lhz,lead,zone_code,n,mae,rmse,r2,mae_baseline,rmse_baseline,r2_baseline,mae_baseline2,rmse_baseline2,r2_baseline2
agropastoral,0,ET0410,9,0.34831540771197955,0.47029983423469723,0.05183267261931235,0.47078595267357115,0.6178881294897649,-0.6366470741235912,0.3838988812546704,0.46247937433031616,0.08310401219606922
agropastoral,0,ET0502,9,0.327758579743324,0.4199841586362817,-1.5760067896380625,0.23186193341477818,0.4058041647488971,-1.4049950340096635,0.281419007249883,0.34298949542952734,-0.718077786947604
agropastoral,0,ET0707,9,0.31717378375925365,0.3699932281283771,-0.0471378189523719,0.28454692502762835,0.32448189997039745,0.19462666429746267,0.6560875104387858,0.7382675958471164,-3.169115316504117
agropastoral,0,ET0712,9,0.6242626632502775,0.7606050936444831,-1.7199883610291913,0.553350763830526,0.7095363986036284,-1.3669982960889788,0.7419042139902897,0.8631931647245066,-2.5031970952440945
agropastoral,0,ET1201,9,0.4590736470330088,0.5841821856065607,-5.8559131943832625,0.15771750826377223,0.2732253817325206,-0.499722042117031,0.14548333434829566,0.23533204620653717,-0.11257893700421295
agropastoral,1,ET0410,9,0.44862271928730757,0.5477988197656932,-0.28640440672446643,0.47078595267357115,0.6178881294897649,-0.6366470741235912,0.3838988812546704,0.46247937433031616,0.08310401219606922
agropastoral,1,ET0502,9,0.4267540929175912,0.4944592797625649,-2.5706086115134044,0.23186193341477818,0.4058041647488971,-1.4049950340096635,0.281419007249883,0.34298949542952734,-0.718077786947604
agropastoral,1,ET0707,9,0.2815144733020951,0.3201177529724938,0.2161448540146199,0.28454692502762835,0.32448189997039745,0.19462666429746267,0.6560875104387858,0.7382675958471164,-3.169115316504117
agropastoral,1,ET0712,9,0.6541613514474134,0.7834433710964526,-1.885783907025572,0.553350763830526,0.7095363986036284,-1.3669982960889788,0.7419042139902897,0.8631931647245066,-2.5031970952440945
agropastoral,1,ET1201,9,0.41361094773218254,0.5192594296703587,-4.416733583003599,0.15771750826377223,0.2732253817325206,-0.499722042117031,0.14548333434829566,0.23533204620653717,-0.11257893700421295
agropastoral,2,ET0410,9,0.4328235270223558,0.5133533390102187,-0.1297129755953248,0.47078595267357115,0.6178881294897649,-0.6366470741235912,0.3838988812546704,0.46247937433031616,0.08310401219606922
agropastoral,2,ET0502,9,0.4688178397308637,0.527517316932325,-3.0640086720279927,0.23186193341477818,0.4058041647488971,-1.4049950340096635,0.281419007249883,0.34298949542952734,-0.718077786947604
agropastoral,2,ET0707,9,0.19501002233735998,0.29478129688931,0.3353145920008367,0.28454692502762835,0.32448189997039745,0.19462666429746267,0.6560875104387858,0.7382675958471164,-3.169115316504117
agropastoral,2,ET0712,9,0.5642076327404479,0.7006324433958505,-1.3079642339775925,0.553350763830526,0.7095363986036284,-1.3669982960889788,0.7419042139902897,0.8631931647245066,-2.5031970952440945
agropastoral,2,ET1201,9,0.5019048620574171,0.6599672465944662,-7.7501088747436775,0.15771750826377223,0.2732253817325206,-0.499722042117031,0.14548333434829566,0.23533204620653717,-0.11257893700421295
agropastoral,3,ET0410,9,0.4350522055175317,0.5218331302459133,-0.1673433970106224,0.47078595267357115,0.6178881294897649,-0.6366470741235912,0.3838988812546704,0.46247937433031616,0.08310401219606922
agropastoral,3,ET0502,9,0.23961334620780572,0.3375158717866276,-0.6636791933369064,0.23186193341477818,0.4058041647488971,-1.4049950340096635,0.281419007249883,0.34298949542952734,-0.718077786947604
agropastoral,3,ET0707,9,0.3319308237098948,0.36509337962042554,-0.01958681318123645,0.28454692502762835,0.32448189997039745,0.19462666429746267,0.6560875104387858,0.7382675958471164,-3.169115316504117
agropastoral,3,ET0712,9,0.5714336641960587,0.6960800180747829,-1.278069243121974,0.553350763830526,0.7095363986036284,-1.3669982960889788,0.7419042139902897,0.8631931647245066,-2.5031970952440945
agropastoral,3,ET1201,9,0.352145533598959,0.49278831555928276,-3.8785357886935508,0.15771750826377223,0.2732253817325206,-0.499722042117031,0.14548333434829566,0.23533204620653717,-0.11257893700421295
agropastoral,4,ET0410,9,0.4042426086578027,0.44379070698462364,0.15570981157281405,0.5438027780105721,0.6679881776311061,-0.9128146400340305,0.3838988812546704,0.46247937433031616,0.08310401219606922
agropastoral,4,ET0502,9,0.22567369039613094,0.3117369582362273,-0.419246301596476,0.17208766580666246,0.29226875783706635,-0.24751556175364375,0.281419007249883,0.34298949542952734,-0.718077786947604
agropastoral,4,ET0707,9,0.4295438371610557,0.5262633008821317,-1.1184707165444139,0.35993684319734626,0.4426034627891626,-0.4984626040792324,0.6560875104387858,0.7382675958471164,-3.169115316504117
agropastoral,4,ET0712,9,0.5948373668027952,0.7029028069063076,-1.3229461483099612,0.486977432787138,0.6593487929927393,-1.043991181237112,0.7419042139902897,0.8631931647245066,-2.5031970952440945
agropastoral,4,ET1201,9,0.529828342423651,0.7666168027475635,-10.806613856488852,0.2614308096838708,0.3507935706857162,-1.472133625581702,0.14548333434829566,0.23533204620653717,-0.11257893700421295
agropastoral,8,ET0410,9,0.2872388523002697,0.34814257492619577,0.480423369803504,0.5131563320000415,0.6026206169901004,-0.5567658861568165,0.38185590095609523,0.4593829761544989,0.0953405404140969
agropastoral,8,ET0502,9,0.379831865165071,0.4487667074487952,-1.941185696823592,0.2914860878864886,0.43383269727134727,-1.7486898971976257,0.2812928107014683,0.34292698669064453,-0.71745161564493
agropastoral,8,ET0707,9,0.3863813028971246,0.4694983227591488,-0.6861041004634294,0.4246623487116286,0.5565204330009416,-1.3690734356486125,0.6855664451245597,0.762373132492805,-3.445815742617544
agropastoral,8,ET0712,9,0.6585578197419021,0.7974714782635898,-1.9900531307957574,0.6528235359623087,0.8979779854588763,-2.791228550656869,0.7957487875022351,0.9068527564335065,-2.866536742587564
agropastoral,8,ET1201,9,0.3712712582157104,0.4447018082326583,-2.9728894680731552,0.2614308096838708,0.3507935706857162,-1.472133625581702,0.15771750826377223,0.2732253817325206,-0.499722042117031
agropastoral,12,ET0410,9,0.4185040551943253,0.5242013121380282,-0.17796270887801513,0.7367069842554301,0.8286254383364767,-1.9434174360643897,0.38185590095609523,0.4593829761544989,0.0953405404140969
agropastoral,12,ET0502,9,0.42225986231165596,0.4740615037662278,-2.2820905888821623,0.3056110799401711,0.44633940195922517,-1.9094549609765132,0.2812928107014683,0.34292698669064453,-0.71745161564493
agropastoral,12,ET0707,9,0.3281701728321673,0.3444000035025731,0.09271738598180446,0.46779406053944267,0.5906269817892351,-1.6683504074062947,0.6855664451245597,0.762373132492805,-3.445815742617544
agropastoral,12,ET0712,9,0.7514774759144337,0.8759622935615254,-2.607608577150582,0.5902134400306696,0.8897148694674853,-2.7217764573308005,0.7957487875022351,0.9068527564335065,-2.866536742587564
agropastoral,12,ET1201,9,0.283983530058402,0.35001593639944006,-1.4611853914311332,0.2614308096838708,0.3507935706857162,-1.472133625581702,0.15771750826377223,0.2732253817325206,-0.499722042117031
crop_farming,0,ET0101,9,0.5162033403474323,0.8079740441367713,0.5996641335266424,0.4225214915966362,0.7902979390161585,0.6169888822374492,1.686951236566287,1.9893291481745046,-1.4268502229125777
crop_farming,0,ET0102,9,0.5440737497552672,0.7579994820947552,0.6334436943028509,0.5292166354902843,0.9185656607706947,0.46170135214316854,1.6122786466978276,1.846034282464246,-1.1741144425948744
crop_farming,0,ET0103,9,0.6297187408490554,0.7787213809161985,0.4978924430462305,0.6204403255058286,0.9139340532475596,0.3083883844104768,1.4509079855522349,1.6464866692322606,-1.2446518844260703
crop_farming,0,ET0104,9,0.5636210590440152,0.7427523642932297,0.4130072528828166,0.583600359492785,0.760148491578458,0.3851891468745011,1.3130454207252698,1.5194418354633314,-1.4564776043796317
crop_farming,0,ET0105,9,0.49165861306305264,0.6959267881724767,0.5603334580096961,0.3323628658814024,0.5742461941027708,0.700640833696573,1.3195428086921845,1.6726593576141606,-1.5398690073841377
crop_farming,0,ET0106,9,0.7276683787567464,0.9034535059085069,0.43967261597157736,0.7375060679223817,1.103513370563227,0.16404012623445452,1.5473477357388743,1.707261508410689,-1.0009227882062048
crop_farming,0,ET0107,9,0.6868775073254143,0.8753858354377995,-0.12162389638708238,0.5964927706682717,0.9446502264089013,-0.3061416829896497,1.0404628628073747,1.1536133990368667,-0.9479096391488848
crop_farming,0,ET0301,9,0.5500590766575207,0.62096858824913,-0.2671465472270049,0.6443601062551703,0.7654896317148029,-0.925600571412005,0.40357119430163885,0.4971651382556202,0.1877515029424578
crop_farming,0,ET0302,9,0.1980411152480273,0.23868014510926472,0.17559123537120214,0.1756684325698628,0.24400093910137213,0.13842515703702385,0.2197487714862469,0.2698065131211377,-0.05345229235431703
crop_farming,0,ET0303,9,0.5442517224176382,0.6948995127210702,0.33065229147796893,0.7433272304525297,0.8322030440483732,0.04001075685541988,0.6795380700839253,0.8958253724698553,-0.11238336151039818
crop_farming,0,ET0304,9,0.4608698771777246,0.5676422815703652,0.16364980660479633,0.5560177647525875,0.6404141109833164,-0.06453629473642719,0.5098726432303168,0.5925589057110673,0.08861527180652995
crop_farming,0,ET0305,9,0.263276090196618,0.37512023651938226,0.19531844624528438,0.3248427432512396,0.43355073034554087,-0.07488722915263124,0.3353282540550806,0.4229224034731326,-0.02283231846305611
crop_farming,0,ET0306,9,0.1245000094237714,0.14131670824916542,-1.5334885904521158,0.11862931697695021,0.14479991654951696,-1.6599198507915567,0.09499726415761864,0.09813605129421389,-0.22176895614667513
crop_farming,0,ET0307,9,0.02180663417659143,0.02278475569783445,-177971.8276552641,1.9227112677963928e-05,4.891085108097435e-05,0.1798838057344626,0.0005614464993271254,0.000691231801710919,-162.7994236091647
crop_farming,0,ET0308,9,0.5399767365967165,0.6762760829039829,0.31733538310099596,0.5675532429475068,0.6918606103971913,0.28550935317327697,0.7135126582683375,0.9830975261901767,-0.4426219741892299
crop_farming,0,ET0309,9,0.03127359777841675,0.04208152340079258,-342.30944727389584,0.0015184397779480897,0.0027320042434063685,-0.4469901904898852,0.001521113616683451,0.0027293527970052816,-0.4441829070104437
crop_farming,0,ET0310,9,0.5789885218227381,0.7205435584685248,0.04771056287227604,0.6783285269594508,0.8163796703832267,-0.22245491136332318,0.6007611519946394,0.7782044679109592,-0.11080014272863603
crop_farming,0,ET0311,9,0.10883737792639152,0.13502539231288602,-0.7998009412353306,0.15170490091364142,0.19726445246643934,-2.8414151230334554,0.09138785400643543,0.11211267734254247,-0.24080354909877721
crop_farming,0,ET0312,9,0.020898435141551343,0.02173824142157077,-440.27459169635966,0.0006254384743958279,0.0010040401730347626,0.05862581151150603,0.00113229941748447,0.0014393687010417272,-0.9346580553816723
crop_farming,0,ET0401,9,0.04906041463452612,0.06454783645579232,0.310578439934001,0.02191605552025671,0.06292117966094996,0.3448885448629688,0.04313782336941638,0.08858020558060706,-0.29835916720069644
crop_farming,0,ET0402,9,0.07206943783830039,0.08521172771228053,-1.4516351735510287,0.015507296840387244,0.0441614665174872,0.34151774530128054,0.07842627154225368,0.10435078003911596,-2.676617934260363
crop_farming,0,ET0403,9,0.021716463178826792,0.02261066457535088,-1397.5764351640453,0.00021377573203677316,0.0005094173591400412,0.2900838895492204,0.0005786705399768196,0.000694903061208957,-0.32101576780079855
crop_farming,0,ET0404,9,0.021093635798123362,0.02176962423832725,-523.9305795433023,0.0007852004808180072,0.0010296501136303857,-0.17430078435313945,0.0008928865053588167,0.0010917916153935128,-0.3203209575524044
crop_farming,0,ET0405,9,0.042554487072056,0.05721284633253468,-322.45005245738656,0.0022689691479202225,0.004034395666163386,-0.608337152903615,0.0019342256028700433,0.0034393258104507443,-0.16887146039257228
crop_farming,0,ET0406,9,0.12849890469793201,0.15546687052639085,0.6273420901546445,0.09745876539934274,0.1868950720939936,0.4614446661168159,0.313227774040634,0.323349925994168,-0.612056141660841
crop_farming,0,ET0407,9,0.2458228109895028,0.2731983034644291,-0.7199095063588317,0.253582385736178,0.30986274222040183,-1.212525683145071,0.1365722754414559,0.20399334689585294,0.04108169809324291
crop_farming,0,ET0408,9,0.22185403262572298,0.2602040718622718,0.04280355687594384,0.3278557092897205,0.36747471733715925,-0.9090962663865689,0.21639640120945736,0.2536339278743519,0.09053164139642556
crop_farming,0,ET0409,9,0.2919203941094102,0.4148318688593738,-0.010916860008391094,0.3213166744030395,0.41586902337116044,-0.015978128208884224,0.3523299288247268,0.4353115267175427,-0.11319577113219936
crop_farming,0,ET0413,9,0.05876953559127355,0.07970052265110887,-1.608023477085616,0.05398056340970303,0.0803803484595931,-1.6527048227828276,0.027494673380741914,0.05365306650613197,-0.18189325851788585
crop_farming,0,ET0416,9,0.04081876064994369,0.05311097680655547,-883.4170307002329,0.0008418786259998997,0.0017858942561416271,5.850875339774575e-14,0.0018742366193367469,0.0018781481207707747,-0.10598235736533623
crop_farming,0,ET0417,9,0.1832649202891567,0.2394510909161436,0.0009932888285991703,0.27402752439668593,0.34182675852729666,-1.0358551699206786,0.2342412913574402,0.28256902753355856,-0.3911817754699365
crop_farming,0,ET0418,9,0.060842525681294925,0.0937693747203877,-0.11576475358527238,0.04462465193911188,0.09485279164655414,-0.14169692853551297,0.08297694914877847,0.0965717949286635,-0.18345351819778855
crop_farming,0,ET0419,9,0.03172485268691015,0.04224153208272842,-2876.8158471352817,0.0002104476806637439,0.0006313430419912317,0.3571428571428571,0.000830130245336279,0.0011400033527189956,-1.096022469304097
crop_farming,0,ET0420,9,0.06589900812286444,0.10291617817945735,-0.37304534386932886,0.04738716224316435,0.09968129332859356,-0.2880861415107827,0.04790437938332778,0.09939403963871184,-0.2806730280672376
crop_farming,0,ET0602,9,0.24979275773866283,0.3885090763841769,-0.0047150365604549105,0.2661852187628876,0.4701915798470439,-0.4716016242006127,0.26674589217030276,0.46951788029246844,-0.4673875670364569
crop_farming,0,ET0603,9,0.05501590182908705,0.06473395946960746,-232.78550945997398,0.001131512508135726,0.0033945375244071783,0.3571428571428572,0.004725009908627638,0.007612127103710265,-2.2326992959711864
crop_farming,0,ET0604,9,0.18989824977255979,0.27172580507032085,0.060853925968872624,0.14376485686555537,0.28798267795722854,-0.05488255631286765,0.2887898603033231,0.29146543510663525,-0.08055156662164542
crop_farming,0,ET0605,9,0.021825861289269395,0.0228017422395046,0.0,0.0,0.0,1.0,0.0,0.0,1.0
crop_farming,0,ET0701,9,0.171993178290633,0.24744657855486862,-0.034460897074935826,0.13091860228633662,0.19936133028684733,0.32852009810043203,0.21601124258844318,0.25184611184830724,-0.07157277996881839
crop_farming,0,ET0702,9,0.37180773386463684,0.4508343739320549,-0.8228550496102982,0.46513320383177426,0.5759476779545638,-1.974980723451989,0.27212846260519274,0.32865320508854384,0.03128988038584313
crop_farming,0,ET0703,9,0.5105674559584636,0.6246518929226562,-1.1744497751263228,0.5790632102274154,0.7271817793770037,-1.9468581899672426,0.539542827432755,0.6152023771415612,-1.109158754601589
crop_farming,0,ET0705,9,0.3557763419374577,0.4586372712839459,-0.3602301751197581,0.5367287764781364,0.6196795787029965,-1.4831793265480933,0.2603490991752394,0.29426520973938897,0.4400470277178514
crop_farming,0,ET0706,9,0.39320819570880644,0.45635418543613837,-0.7916244522610543,0.42362858247069796,0.5479174989143726,-1.5826957427501624,0.24124042168002052,0.2671233400226852,0.3861438972401652
crop_farming,0,ET0710,9,0.5558600214950759,0.7036242583036761,-0.788185106913456,0.6428766570799779,0.7990972923351417,-1.3063763918520914,0.3715725373726235,0.46441985100226163,0.2209731697696723
crop_farming,0,ET0713,9,0.48062451083183405,0.6656202111839686,-1.0854217281420802,0.3976161235432188,0.585889014474505,-0.6157404696998727,0.6627884797918622,0.7907577560397462,-1.9432544793284618
crop_farming,0,ET0714,9,0.2733862080395957,0.31943431655980525,-0.7447778251906889,0.1874970154996306,0.2519723385254834,-0.08563222460650421,0.28657691355831405,0.3737135557823426,-1.3881120248203427
crop_farming,0,ET0715,9,0.476014570550404,0.5453457140060707,-2.036363296735972,0.4459251910498138,0.5361666049495606,-1.9350090559347999,0.32125449931453015,0.3898515962532527,-0.5517028511237874
crop_farming,0,ET0716,9,0.2379281070565453,0.4130436093223225,-0.8527240942146987,0.21967954023592745,0.4561112202307362,-1.2592300040442654,0.3167453884615188,0.35763627830757533,-0.38899943443251717
crop_farming,0,ET0720,9,0.3774027327510379,0.4437446360129135,-0.8205710256522063,0.46356558050649493,0.5194104677244236,-1.4943809983253402,0.21564023360815499,0.254072285753783,0.4031626637173632
crop_farming,0,ET0721,9,0.6255211237640168,0.7349239625009522,-1.502426954087578,0.5507039870881304,0.7362066131959506,-1.5111694656633876,0.5493284954237372,0.6892372096744389,-1.2009695005424645
crop_farming,0,ET0722,9,0.7468561093034567,0.8452175627319874,-2.100913130813242,0.7540591518106283,0.8550555191485218,-2.1735197388447984,0.6304421805509752,0.7722225380247919,-1.5884365297830687
crop_farming,0,ET0723,9,0.6608440211188574,0.7730408479931292,-1.4441999374984973,0.6622589046997889,0.806487782554584,-1.6602804820273036,0.6144522062643077,0.7498349201202202,-1.2996575389623062
crop_farming,0,ET0724,9,0.0332344612986109,0.03887523517178764,-5.571131271507482,0.018251212333075386,0.024564142585574555,-1.6235980770626255,0.04405823582961599,0.063062483832663,-16.291641747498367
crop_farming,0,ET1101,9,0.025338505808677938,0.026756178146900796,0.0,0.0,0.0,1.0,0.0,0.0,1.0
crop_farming,0,ET1102,9,0.022192510856421058,0.02308402082168898,-15168.521061660242,5.0091207956675594e-05,0.0001502736238700268,0.3571428571428571,0.0004355537198740884,0.0004695205069793224,-5.275640909913101
crop_farming,0,ET1103,9,0.05438245512131187,0.06734065237858992,-4018.5017840089104,0.0005677500541993021,0.0012043797400300691,-0.2857142857142858,0.0005677500541993021,0.0012043797400300691,-0.2857142857142858
crop_farming,0,ET1104,9,0.5085401068594364,0.602447611703189,-0.2690788270950357,0.5954776178200668,0.728243142737505,-0.8543974965718781,0.6116535864381474,0.7432462088665004,-0.9315921410982722
crop_farming,0,ET1105,9,0.05011373944259098,0.0649582075914371,-0.003519687083028078,0.017929931118717473,0.05207739276014568,0.3550050744595463,0.036489142374518786,0.07425287192653827,-0.31124650284767563
crop_farming,0,ET1106,9,0.033100639425818375,0.03843700071739457,-2.236804124072914,0.026804214145411183,0.032909655328240084,-1.3728162219253917,0.021209727536286114,0.02503244530009677,-0.37285284098256555
crop_farming,0,ET1202,9,0.1133205923082519,0.15598118115994647,-4.110244881105123,0.04802533162502417,0.08319455055500229,-0.45374107760756277,0.04754271165829733,0.08092077612803945,-0.3753631417614378
crop_farming,0,ET1203,9,0.09755589937170346,0.11396677409905732,-54895.58466892619,0.0002599989357177337,0.0005515410316418843,-0.2857142857142856,0.0002599989357177337,0.0005515410316418843,-0.2857142857142856
crop_farming,0,ET1204,9,0.04503849422951332,0.06275064814358204,-63.01135152944671,0.005832017774349237,0.009421071113674523,-0.44284981824876635,0.005498224264748799,0.007975922240497542,-0.03414726466624285
crop_farming,0,ET1301,9,0.2294831146875065,0.25415926541121525,-94.4186265860043,0.027076568189023337,0.03803100534138808,-1.1364703995977385,0.2286948060382908,0.2583191149499834,-97.56763948318051
crop_farming,0,ET1401,9,0.032922701093057206,0.03929234651937322,-190083.3813339878,4.817267093335273e-05,0.00010218966685452542,-0.2857142857142856,4.817267093335273e-05,0.00010218966685452542,-0.2857142857142856
crop_farming,0,ET1501,9,0.24142998593224574,0.3130860078760517,-0.7015301772868427,0.15025149057266451,0.3193105379228987,-0.7698597011852157,0.7857195197306025,0.8594214612521028,-11.821083452660309
crop_farming,0,ET1502,9,0.21655594600285769,0.3287442211047719,0.23111987944804702,0.12020658207099776,0.21454310064548396,0.6725300272563164,0.3757683432560246,0.42608053541668306,-0.2915932525353018
crop_farming,0,ET1600,9,0.49093000418782523,0.5331452040686786,-1.0139919295966893,0.5233294524142474,0.5948764562159248,-1.5073806736994513,0.2769600701848969,0.3251642003946487,0.25084417221793964
crop_farming,1,ET0101,9,0.49053060604630894,0.778269574305989,0.628559045460221,0.4225214915966362,0.7902979390161585,0.6169888822374492,1.686951236566287,1.9893291481745046,-1.4268502229125777
crop_farming,1,ET0102,9,0.5394076036573554,0.775107890631818,0.6167102608228545,0.5292166354902843,0.9185656607706947,0.46170135214316854,1.6122786466978276,1.846034282464246,-1.1741144425948744
crop_farming,1,ET0103,9,0.6304476241251281,0.8198685894956547,0.4434283819030028,0.6204403255058286,0.9139340532475596,0.3083883844104768,1.4509079855522349,1.6464866692322606,-1.2446518844260703
crop_farming,1,ET0104,9,0.6116915795622536,0.8500873022172398,0.23109673042315215,0.583600359492785,0.760148491578458,0.3851891468745011,1.3130454207252698,1.5194418354633314,-1.4564776043796317
crop_farming,1,ET0105,9,0.4914377878917475,0.6814801195417517,0.5783979718260279,0.3323628658814024,0.5742461941027708,0.700640833696573,1.3195428086921845,1.6726593576141606,-1.5398690073841377
crop_farming,1,ET0106,9,0.7591382847126703,0.980504619476007,0.3400219058861039,0.7375060679223817,1.103513370563227,0.16404012623445452,1.5473477357388743,1.707261508410689,-1.0009227882062048
crop_farming,1,ET0107,9,0.6635971319987412,0.8595032623819333,-0.08129272806732257,0.5964927706682717,0.9446502264089013,-0.3061416829896497,1.0404628628073747,1.1536133990368667,-0.9479096391488848
crop_farming,1,ET0301,9,0.49626545536608646,0.5751039128795202,-0.08687656733818994,0.6443601062551703,0.7654896317148029,-0.925600571412005,0.40357119430163885,0.4971651382556202,0.1877515029424578
crop_farming,1,ET0302,9,0.22274070262295295,0.2455898790347149,0.12716742886138888,0.1756684325698628,0.24400093910137213,0.13842515703702385,0.2197487714862469,0.2698065131211377,-0.05345229235431703
crop_farming,1,ET0303,9,0.5543980575989009,0.6986897790618087,0.32333058530879477,0.7433272304525297,0.8322030440483732,0.04001075685541988,0.6795380700839253,0.8958253724698553,-0.11238336151039818
crop_farming,1,ET0304,9,0.46348772621477585,0.565523928347907,0.169880418231954,0.5560177647525875,0.6404141109833164,-0.06453629473642719,0.5098726432303168,0.5925589057110673,0.08861527180652995
crop_farming,1,ET0305,9,0.2915090689769557,0.39611095521758943,0.10274318353263423,0.3248427432512396,0.43355073034554087,-0.07488722915263124,0.3353282540550806,0.4229224034731326,-0.02283231846305611
crop_farming,1,ET0306,9,0.11072094454857855,0.13279325171579817,-1.2370924839535844,0.11862931697695021,0.14479991654951696,-1.6599198507915567,0.09499726415761864,0.09813605129421389,-0.22176895614667513
crop_farming,1,ET0307,9,0.020710419077495133,0.024906457902478345,-212660.50570514644,1.9227112677963928e-05,4.891085108097435e-05,0.1798838057344626,0.0005614464993271254,0.000691231801710919,-162.7994236091647
crop_farming,1,ET0308,9,0.4990064984641072,0.6509589336037142,0.3674912764816406,0.5675532429475068,0.6918606103971913,0.28550935317327697,0.7135126582683375,0.9830975261901767,-0.4426219741892299
crop_farming,1,ET0309,9,0.020424767634806114,0.024936910165304492,-119.55580554266827,0.0015184397779480897,0.0027320042434063685,-0.4469901904898852,0.001521113616683451,0.0027293527970052816,-0.4441829070104437
crop_farming,1,ET0310,9,0.5077544614489599,0.5991740393107509,0.34150199501767853,0.6783285269594508,0.8163796703832267,-0.22245491136332318,0.6007611519946394,0.7782044679109592,-0.11080014272863603
crop_farming,1,ET0311,9,0.08776051988272086,0.10515765387140269,-0.09162973108114514,0.15170490091364142,0.19726445246643934,-2.8414151230334554,0.09138785400643543,0.11211267734254247,-0.24080354909877721
crop_farming,1,ET0312,9,0.020211303276394324,0.024574989035085266,-562.958013280629,0.0006254384743958279,0.0010040401730347626,0.05862581151150603,0.00113229941748447,0.0014393687010417272,-0.9346580553816723
crop_farming,1,ET0401,9,0.05024747290367585,0.07030357167560158,0.18214510088697,0.02191605552025671,0.06292117966094996,0.3448885448629688,0.04313782336941638,0.08858020558060706,-0.29835916720069644
crop_farming,1,ET0402,9,0.042887421195743146,0.05503641033285175,-0.02272130127635652,0.015507296840387244,0.0441614665174872,0.34151774530128054,0.07842627154225368,0.10435078003911596,-2.676617934260363
crop_farming,1,ET0403,9,0.020620248079730494,0.02469383066047527,-1667.1553128128153,0.00021377573203677316,0.0005094173591400412,0.2900838895492204,0.0005786705399768196,0.000694903061208957,-0.32101576780079855
crop_farming,1,ET0404,9,0.020485550660848832,0.024671182386544394,-673.1863189201398,0.0007852004808180072,0.0010296501136303857,-0.17430078435313945,0.0008928865053588167,0.0010917916153935128,-0.3203209575524044
crop_farming,1,ET0405,9,0.02122125579180863,0.024908456264048556,-60.307519062503594,0.0022689691479202225,0.004034395666163386,-0.608337152903615,0.0019342256028700433,0.0034393258104507443,-0.16887146039257228
crop_farming,1,ET0406,9,0.17160368717402869,0.191913855696918,0.4321321359436475,0.09745876539934274,0.1868950720939936,0.4614446661168159,0.313227774040634,0.323349925994168,-0.612056141660841
crop_farming,1,ET0407,9,0.1880256256852629,0.20606825995842146,0.02147526395947308,0.253582385736178,0.30986274222040183,-1.212525683145071,0.1365722754414559,0.20399334689585294,0.04108169809324291
crop_farming,1,ET0408,9,0.18809607813235027,0.22431307173788392,0.28865208236108786,0.3278557092897205,0.36747471733715925,-0.9090962663865689,0.21639640120945736,0.2536339278743519,0.09053164139642556
crop_farming,1,ET0409,9,0.18644045974051182,0.3084003521474138,0.44127134626359166,0.3213166744030395,0.41586902337116044,-0.015978128208884224,0.3523299288247268,0.4353115267175427,-0.11319577113219936
crop_farming,1,ET0413,9,0.0539541358801843,0.07472576138200286,-1.2926082734158402,0.05398056340970303,0.0803803484595931,-1.6527048227828276,0.027494673380741914,0.05365306650613197,-0.18189325851788585
crop_farming,1,ET0416,9,0.03536476242699657,0.046241569843232855,-669.4303369391272,0.0008418786259998997,0.0017858942561416271,5.850875339774575e-14,0.0018742366193367469,0.0018781481207707747,-0.10598235736533623
crop_farming,1,ET0417,9,0.19897509560949345,0.23282303340905855,0.05553329529065776,0.27402752439668593,0.34182675852729666,-1.0358551699206786,0.2342412913574402,0.28256902753355856,-0.3911817754699365
crop_farming,1,ET0418,9,0.05803115495337837,0.08981416761728306,-0.023623615392716513,0.04462465193911188,0.09485279164655414,-0.14169692853551297,0.08297694914877847,0.0965717949286635,-0.18345351819778855
crop_farming,1,ET0419,9,0.020519198509509354,0.024589538684099892,-974.17922168278,0.0002104476806637439,0.0006313430419912317,0.3571428571428571,0.000830130245336279,0.0011400033527189956,-1.096022469304097
crop_farming,1,ET0420,9,0.06842373100779096,0.10152115918889845,-0.3360746233063334,0.04738716224316435,0.09968129332859356,-0.2880861415107827,0.04790437938332778,0.09939403963871184,-0.2806730280672376
crop_farming,1,ET0602,9,0.2537822876380878,0.39947462806254264,-0.06223098499994428,0.2661852187628876,0.4701915798470439,-0.4716016242006127,0.26674589217030276,0.46951788029246844,-0.4673875670364569
crop_farming,1,ET0603,9,0.03548914666346789,0.04473254167265173,-110.63500505582255,0.001131512508135726,0.0033945375244071783,0.3571428571428572,0.004725009908627638,0.007612127103710265,-2.2326992959711864
crop_farming,1,ET0604,9,0.24376040280763092,0.35391152159807004,-0.5931650909737924,0.14376485686555537,0.28798267795722854,-0.05488255631286765,0.2887898603033231,0.29146543510663525,-0.08055156662164542
crop_farming,1,ET0605,9,0.020546390468047723,0.0247702594832447,0.0,0.0,0.0,1.0,0.0,0.0,1.0
crop_farming,1,ET0701,9,0.15682402319091293,0.2195276181265919,0.18580299009329626,0.13091860228633662,0.19936133028684733,0.32852009810043203,0.21601124258844318,0.25184611184830724,-0.07157277996881839
crop_farming,1,ET0702,9,0.4143952189672657,0.4829025303004984,-1.0913997641889095,0.46513320383177426,0.5759476779545638,-1.974980723451989,0.27212846260519274,0.32865320508854384,0.03128988038584313
crop_farming,1,ET0703,9,0.5020828391992305,0.5947424831719094,-0.9712022386334673,0.5790632102274154,0.7271817793770037,-1.9468581899672426,0.539542827432755,0.6152023771415612,-1.109158754601589
crop_farming,1,ET0705,9,0.341147023497127,0.4756502984559005,-0.4630166286151165,0.5367287764781364,0.6196795787029965,-1.4831793265480933,0.2603490991752394,0.29426520973938897,0.4400470277178514
crop_farming,1,ET0706,9,0.38285048483965145,0.4409258305796104,-0.6725302774269761,0.42362858247069796,0.5479174989143726,-1.5826957427501624,0.24124042168002052,0.2671233400226852,0.3861438972401652
crop_farming,1,ET0710,9,0.5824683976484568,0.7012249441523317,-0.7760107034440646,0.6428766570799779,0.7990972923351417,-1.3063763918520914,0.3715725373726235,0.46441985100226163,0.2209731697696723
crop_farming,1,ET0713,9,0.46646945284856806,0.6670445775675015,-1.094356501312134,0.3976161235432188,0.585889014474505,-0.6157404696998727,0.6627884797918622,0.7907577560397462,-1.9432544793284618
crop_farming,1,ET0714,9,0.289737092444043,0.3364201949197511,-0.9352679702974527,0.1874970154996306,0.2519723385254834,-0.08563222460650421,0.28657691355831405,0.3737135557823426,-1.3881120248203427
crop_farming,1,ET0715,9,0.4710487731517572,0.536126255917743,-1.9345673263802845,0.4459251910498138,0.5361666049495606,-1.9350090559347999,0.32125449931453015,0.3898515962532527,-0.5517028511237874
crop_farming,1,ET0716,9,0.22452716662505642,0.3948903964319356,-0.6934488337371021,0.21967954023592745,0.4561112202307362,-1.2592300040442654,0.3167453884615188,0.35763627830757533,-0.38899943443251717
crop_farming,1,ET0720,9,0.3204040441786411,0.3853883436459679,-0.3732150164680441,0.46356558050649493,0.5194104677244236,-1.4943809983253402,0.21564023360815499,0.254072285753783,0.4031626637173632
crop_farming,1,ET0721,9,0.6864999809434996,0.7965837042910369,-1.9399465107584466,0.5507039870881304,0.7362066131959506,-1.5111694656633876,0.5493284954237372,0.6892372096744389,-1.2009695005424645
crop_farming,1,ET0722,9,0.7665141077527292,0.8733343485003809,-2.3106529560227798,0.7540591518106283,0.8550555191485218,-2.1735197388447984,0.6304421805509752,0.7722225380247919,-1.5884365297830687
crop_farming,1,ET0723,9,0.6740633884176724,0.7875390343103732,-1.536740369687874,0.6622589046997889,0.806487782554584,-1.6602804820273036,0.6144522062643077,0.7498349201202202,-1.2996575389623062
crop_farming,1,ET0724,9,0.025119949322719784,0.03126852118365904,-3.251172904012983,0.018251212333075386,0.024564142585574555,-1.6235980770626255,0.04405823582961599,0.063062483832663,-16.291641747498367
crop_farming,1,ET1101,9,0.020729646190173097,0.024918464969537483,0.0,0.0,0.0,1.0,0.0,0.0,1.0
crop_farming,1,ET1102,9,0.020636697173017193,0.024913828524075254,-17668.729313236196,5.0091207956675594e-05,0.0001502736238700268,0.3571428571428571,0.0004355537198740884,0.0004695205069793224,-5.275640909913101
crop_farming,1,ET1103,9,0.036371971377068095,0.049878522018898384,-2204.1835252978713,0.0005677500541993021,0.0012043797400300691,-0.2857142857142858,0.0005677500541993021,0.0012043797400300691,-0.2857142857142858
crop_farming,1,ET1104,9,0.4706134180909479,0.5682258324142354,-0.1289948777146519,0.5954776178200668,0.728243142737505,-0.8543974965718781,0.6116535864381474,0.7432462088665004,-0.9315921410982722
crop_farming,1,ET1105,9,0.04471832751492406,0.061715760889256045,0.09416310258143323,0.017929931118717473,0.05207739276014568,0.3550050744595463,0.036489142374518786,0.07425287192653827,-0.31124650284767563
crop_farming,1,ET1106,9,0.031484182672968423,0.03663856634940762,-1.9409956237680812,0.026804214145411183,0.032909655328240084,-1.3728162219253917,0.021209727536286114,0.02503244530009677,-0.37285284098256555
crop_farming,1,ET1202,9,0.2157752025110435,0.24595538589652138,-11.706032934981858,0.04802533162502417,0.08319455055500229,-0.45374107760756277,0.04754271165829733,0.08092077612803945,-0.3753631417614378
crop_farming,1,ET1203,9,0.0949238155865007,0.1016306422454421,-43654.418441756294,0.0002599989357177337,0.0005515410316418843,-0.2857142857142856,0.0002599989357177337,0.0005515410316418843,-0.2857142857142856
crop_farming,1,ET1204,9,0.04844965283884149,0.07506583668291333,-90.60205658490787,0.005832017774349237,0.009421071113674523,-0.44284981824876635,0.005498224264748799,0.007975922240497542,-0.03414726466624285
crop_farming,1,ET1301,9,0.19575536815713668,0.2147098593046791,-67.09657086704142,0.027076568189023337,0.03803100534138808,-1.1364703995977385,0.2286948060382908,0.2583191149499834,-97.56763948318051
crop_farming,1,ET1401,9,0.026419230840272374,0.03216731981351889,-127396.3096098089,4.817267093335273e-05,0.00010218966685452542,-0.2857142857142856,4.817267093335273e-05,0.00010218966685452542,-0.2857142857142856
crop_farming,1,ET1501,9,0.26339877650786186,0.3446967307605283,-1.0624653769778174,0.15025149057266451,0.3193105379228987,-0.7698597011852157,0.7857195197306025,0.8594214612521028,-11.821083452660309
crop_farming,1,ET1502,9,0.305484297687174,0.38794757255825446,-0.07075091801055278,0.12020658207099776,0.21454310064548396,0.6725300272563164,0.3757683432560246,0.42608053541668306,-0.2915932525353018
crop_farming,1,ET1600,9,0.5180054902092613,0.5713365963050556,-1.31286774000719,0.5233294524142474,0.5948764562159248,-1.5073806736994513,0.2769600701848969,0.3251642003946487,0.25084417221793964
crop_farming,2,ET0101,9,0.5124927795363696,0.8235261909278905,0.5841042203526037,0.4225214915966362,0.7902979390161585,0.6169888822374492,1.686951236566287,1.9893291481745046,-1.4268502229125777
crop_farming,2,ET0102,9,0.5867940103712451,0.8179410845917303,0.5731778755193051,0.5292166354902843,0.9185656607706947,0.46170135214316854,1.6122786466978276,1.846034282464246,-1.1741144425948744
crop_farming,2,ET0103,9,0.6645611479729655,0.8678606576012258,0.3763620117796478,0.6204403255058286,0.9139340532475596,0.3083883844104768,1.4509079855522349,1.6464866692322606,-1.2446518844260703
crop_farming,2,ET0104,9,0.6301314491203875,0.8427681794567753,0.24428001311811676,0.583600359492785,0.760148491578458,0.3851891468745011,1.3130454207252698,1.5194418354633314,-1.4564776043796317
crop_farming,2,ET0105,9,0.49369379174695777,0.6745101734517016,0.5869778734678641,0.3323628658814024,0.5742461941027708,0.700640833696573,1.3195428086921845,1.6726593576141606,-1.5398690073841377
crop_farming,2,ET0106,9,0.8563222726248748,1.0368374142918262,0.26200817130319043,0.7375060679223817,1.103513370563227,0.16404012623445452,1.5473477357388743,1.707261508410689,-1.0009227882062048
crop_farming,2,ET0107,9,0.726657212424348,0.8963749845591252,-0.1760551266076429,0.5964927706682717,0.9446502264089013,-0.3061416829896497,1.0404628628073747,1.1536133990368667,-0.9479096391488848
crop_farming,2,ET0301,9,0.5435618996725747,0.61236928153715,-0.23229411537173839,0.6443601062551703,0.7654896317148029,-0.925600571412005,0.40357119430163885,0.4971651382556202,0.1877515029424578
crop_farming,2,ET0302,9,0.16676317101765625,0.20851345995792925,0.37081522728757343,0.1756684325698628,0.24400093910137213,0.13842515703702385,0.2197487714862469,0.2698065131211377,-0.05345229235431703
crop_farming,2,ET0303,9,0.5994895574838242,0.738768343142643,0.2434731936030018,0.7433272304525297,0.8322030440483732,0.04001075685541988,0.6795380700839253,0.8958253724698553,-0.11238336151039818
crop_farming,2,ET0304,9,0.4729574130347842,0.5669967020090763,0.1655510869601473,0.5560177647525875,0.6404141109833164,-0.06453629473642719,0.5098726432303168,0.5925589057110673,0.08861527180652995
crop_farming,2,ET0305,9,0.25289255893087087,0.3641788520598345,0.241575238009215,0.3248427432512396,0.43355073034554087,-0.07488722915263124,0.3353282540550806,0.4229224034731326,-0.02283231846305611
crop_farming,2,ET0306,9,0.13086272406826585,0.16360349336648514,-2.3956042851744628,0.11862931697695021,0.14479991654951696,-1.6599198507915567,0.09499726415761864,0.09813605129421389,-0.22176895614667513
crop_farming,2,ET0307,9,0.019825266819516216,0.02231237170287311,-170668.69815610407,1.9227112677963928e-05,4.891085108097435e-05,0.1798838057344626,0.0005614464993271254,0.000691231801710919,-162.7994236091647
crop_farming,2,ET0308,9,0.5588133882149985,0.7078366807465494,0.25213111394988863,0.5675532429475068,0.6918606103971913,0.28550935317327697,0.7135126582683375,0.9830975261901767,-0.4426219741892299
crop_farming,2,ET0309,9,0.019539615376827198,0.022310340115214242,-95.49731509904457,0.0015184397779480897,0.0027320042434063685,-0.4469901904898852,0.001521113616683451,0.0027293527970052816,-0.4441829070104437
crop_farming,2,ET0310,9,0.5891777333103012,0.679927764732655,0.15204259162099065,0.6783285269594508,0.8163796703832267,-0.22245491136332318,0.6007611519946394,0.7782044679109592,-0.11080014272863603
crop_farming,2,ET0311,9,0.11994610905301123,0.16060897226703097,-1.5464384609142945,0.15170490091364142,0.19726445246643934,-2.8414151230334554,0.09138785400643543,0.11211267734254247,-0.24080354909877721
crop_farming,2,ET0312,9,0.020218293059277383,0.02310553944681372,-497.531186351949,0.0006254384743958279,0.0010040401730347626,0.05862581151150603,0.00113229941748447,0.0014393687010417272,-0.9346580553816723
crop_farming,2,ET0401,9,0.05133056515029439,0.07339780378359807,0.1085692498239268,0.02191605552025671,0.06292117966094996,0.3448885448629688,0.04313782336941638,0.08858020558060706,-0.29835916720069644
crop_farming,2,ET0402,9,0.047165935419537286,0.0643285067463137,-0.39721758265663043,0.015507296840387244,0.0441614665174872,0.34151774530128054,0.07842627154225368,0.10435078003911596,-2.676617934260363
crop_farming,2,ET0403,9,0.02254800302495568,0.025492407800948184,-1776.7933045282891,0.00021377573203677316,0.0005094173591400412,0.2900838895492204,0.0005786705399768196,0.000694903061208957,-0.32101576780079855
crop_farming,2,ET0404,9,0.019600398402869916,0.02208097529199096,-539.0531592662992,0.0007852004808180072,0.0010296501136303857,-0.17430078435313945,0.0008928865053588167,0.0010917916153935128,-0.3203209575524044
crop_farming,2,ET0405,9,0.019767313793426222,0.021978031493113385,-46.73068859471189,0.0022689691479202225,0.004034395666163386,-0.608337152903615,0.0019342256028700433,0.0034393258104507443,-0.16887146039257228
crop_farming,2,ET0406,9,0.18522675188348856,0.21984130441517474,0.25483368376311644,0.09745876539934274,0.1868950720939936,0.4614446661168159,0.313227774040634,0.323349925994168,-0.612056141660841
crop_farming,2,ET0407,9,0.2024687342651754,0.2523708923495522,-0.46766902106042285,0.253582385736178,0.30986274222040183,-1.212525683145071,0.1365722754414559,0.20399334689585294,0.04108169809324291
crop_farming,2,ET0408,9,0.24259679150790328,0.2834808240912755,-0.1361097121753767,0.3278557092897205,0.36747471733715925,-0.9090962663865689,0.21639640120945736,0.2536339278743519,0.09053164139642556
crop_farming,2,ET0409,9,0.26492639562909215,0.3618806131247786,0.23068916593961664,0.3213166744030395,0.41586902337116044,-0.015978128208884224,0.3523299288247268,0.4353115267175427,-0.11319577113219936
crop_farming,2,ET0413,9,0.05340120504982732,0.07517405783455985,-1.3201985191843795,0.05398056340970303,0.0803803484595931,-1.6527048227828276,0.027494673380741914,0.05365306650613197,-0.18189325851788585
crop_farming,2,ET0416,9,0.02882609802227982,0.03384624980633448,-358.1779190784789,0.0008418786259998997,0.0017858942561416271,5.850875339774575e-14,0.0018742366193367469,0.0018781481207707747,-0.10598235736533623
crop_farming,2,ET0417,9,0.19050509798575316,0.2662478099427999,-0.23511345835450137,0.27402752439668593,0.34182675852729666,-1.0358551699206786,0.2342412913574402,0.28256902753355856,-0.3911817754699365
crop_farming,2,ET0418,9,0.07414973097917563,0.12481148082654347,-0.9767860604779968,0.04462465193911188,0.09485279164655414,-0.14169692853551297,0.08297694914877847,0.0965717949286635,-0.18345351819778855
crop_farming,2,ET0419,9,0.019634046251530438,0.022057564707571486,-783.6912333648111,0.0002104476806637439,0.0006313430419912317,0.3571428571428571,0.000830130245336279,0.0011400033527189956,-1.096022469304097
crop_farming,2,ET0420,9,0.06403996946856354,0.09888486310022976,-0.26758535401025707,0.04738716224316435,0.09968129332859356,-0.2880861415107827,0.04790437938332778,0.09939403963871184,-0.2806730280672376
crop_farming,2,ET0602,9,0.27712240761836343,0.41499723821462325,-0.14638627117129155,0.2661852187628876,0.4701915798470439,-0.4716016242006127,0.26674589217030276,0.46951788029246844,-0.4673875670364569
crop_farming,2,ET0603,9,0.06763655032763048,0.07709987847059725,-330.63520941296645,0.001131512508135726,0.0033945375244071783,0.3571428571428572,0.004725009908627638,0.007612127103710265,-2.2326992959711864
crop_farming,2,ET0604,9,0.2694961905420343,0.3796526242381508,-0.8333449699469477,0.14376485686555537,0.28798267795722854,-0.05488255631286765,0.2887898603033231,0.29146543510663525,-0.08055156662164542
crop_farming,2,ET0605,9,0.019983186490005918,0.022404889011672237,0.0,0.0,0.0,1.0,0.0,0.0,1.0
crop_farming,2,ET0701,9,0.1477571067421873,0.20595621012818027,0.2833601475055403,0.13091860228633662,0.19936133028684733,0.32852009810043203,0.21601124258844318,0.25184611184830724,-0.07157277996881839
crop_farming,2,ET0702,9,0.39617258190664995,0.4481135522058709,-0.8009192881686875,0.46513320383177426,0.5759476779545638,-1.974980723451989,0.27212846260519274,0.32865320508854384,0.03128988038584313
crop_farming,2,ET0703,9,0.4741311669011211,0.5596671409327875,-0.7455523538489388,0.5790632102274154,0.7271817793770037,-1.9468581899672426,0.539542827432755,0.6152023771415612,-1.109158754601589
crop_farming,2,ET0705,9,0.3472354138033118,0.46164685683410106,-0.37814045366403093,0.5367287764781364,0.6196795787029965,-1.4831793265480933,0.2603490991752394,0.29426520973938897,0.4400470277178514
crop_farming,2,ET0706,9,0.3909970995296523,0.45606357091620736,-0.7893433017422333,0.42362858247069796,0.5479174989143726,-1.5826957427501624,0.24124042168002052,0.2671233400226852,0.3861438972401652
crop_farming,2,ET0710,9,0.5267764189095031,0.6256898919651428,-0.4139991348375742,0.6428766570799779,0.7990972923351417,-1.3063763918520914,0.3715725373726235,0.46441985100226163,0.2209731697696723
crop_farming,2,ET0713,9,0.4122852601030138,0.5856086450942606,-0.6141944575597367,0.3976161235432188,0.585889014474505,-0.6157404696998727,0.6627884797918622,0.7907577560397462,-1.9432544793284618
crop_farming,2,ET0714,9,0.23132429717852737,0.2891662096493013,-0.4297894142945502,0.1874970154996306,0.2519723385254834,-0.08563222460650421,0.28657691355831405,0.3737135557823426,-1.3881120248203427
crop_farming,2,ET0715,9,0.4491354392781823,0.5125631920009505,-1.6822839794566335,0.4459251910498138,0.5361666049495606,-1.9350090559347999,0.32125449931453015,0.3898515962532527,-0.5517028511237874
crop_farming,2,ET0716,9,0.22251641759295637,0.3997592119379637,-0.7354651455212367,0.21967954023592745,0.4561112202307362,-1.2592300040442654,0.3167453884615188,0.35763627830757533,-0.38899943443251717
crop_farming,2,ET0720,9,0.3315017174225341,0.3787979563994262,-0.32665087759883904,0.46356558050649493,0.5194104677244236,-1.4943809983253402,0.21564023360815499,0.254072285753783,0.4031626637173632
crop_farming,2,ET0721,9,0.6126110009558764,0.746269150924069,-1.58028437094704,0.5507039870881304,0.7362066131959506,-1.5111694656633876,0.5493284954237372,0.6892372096744389,-1.2009695005424645
crop_farming,2,ET0722,9,0.6826380054178061,0.8008936466073864,-1.7842118123372068,0.7540591518106283,0.8550555191485218,-2.1735197388447984,0.6304421805509752,0.7722225380247919,-1.5884365297830687
crop_farming,2,ET0723,9,0.5768802167579644,0.6929011499574919,-0.9636966850830484,0.6622589046997889,0.806487782554584,-1.6602804820273036,0.6144522062643077,0.7498349201202202,-1.2996575389623062
crop_farming,2,ET0724,9,0.022236801529136,0.029399933699436425,-2.7582596970554696,0.018251212333075386,0.024564142585574555,-1.6235980770626255,0.04405823582961599,0.063062483832663,-16.291641747498367
crop_farming,2,ET1101,9,0.0203917497355077,0.022665425534773454,0.0,0.0,0.0,1.0,0.0,0.0,1.0
crop_farming,2,ET1102,9,0.02050328904297411,0.023257957884419197,-15397.985642773729,5.0091207956675594e-05,0.0001502736238700268,0.3571428571428571,0.0004355537198740884,0.0004695205069793224,-5.275640909913101
crop_farming,2,ET1103,9,0.03251018033673366,0.04821258194993543,-2059.3374996945963,0.0005677500541993021,0.0012043797400300691,-0.2857142857142858,0.0005677500541993021,0.0012043797400300691,-0.2857142857142858
crop_farming,2,ET1104,9,0.527182207710176,0.6185341170026547,-0.3377573420637039,0.5954776178200668,0.728243142737505,-0.8543974965718781,0.6116535864381474,0.7432462088665004,-0.9315921410982722
crop_farming,2,ET1105,9,0.044709199829330824,0.06317553139026795,0.05080457017039264,0.017929931118717473,0.05207739276014568,0.3550050744595463,0.036489142374518786,0.07425287192653827,-0.31124650284767563
crop_farming,2,ET1106,9,0.028486948623197856,0.03448479114273317,-1.6053893596537638,0.026804214145411183,0.032909655328240084,-1.3728162219253917,0.021209727536286114,0.02503244530009677,-0.37285284098256555
crop_farming,2,ET1202,9,0.1678955432507308,0.1990119189334268,-7.318700280782409,0.04802533162502417,0.08319455055500229,-0.45374107760756277,0.04754271165829733,0.08092077612803945,-0.3753631417614378
crop_farming,2,ET1203,9,0.11469368884960811,0.14242057271841216,-85729.28568100603,0.0002599989357177337,0.0005515410316418843,-0.2857142857142856,0.0002599989357177337,0.0005515410316418843,-0.2857142857142856
crop_farming,2,ET1204,9,0.04132895890852022,0.05636232473513805,-50.64144200024782,0.005832017774349237,0.009421071113674523,-0.44284981824876635,0.005498224264748799,0.007975922240497542,-0.03414726466624285
crop_farming,2,ET1301,9,0.146492544963273,0.17334862030110482,-43.38763915922112,0.027076568189023337,0.03803100534138808,-1.1364703995977385,0.2286948060382908,0.2583191149499834,-97.56763948318051
crop_farming,2,ET1401,9,0.026429600599739287,0.031609727110990166,-123017.94433942855,4.817267093335273e-05,0.00010218966685452542,-0.2857142857142856,4.817267093335273e-05,0.00010218966685452542,-0.2857142857142856
crop_farming,2,ET1501,9,0.26421719097932334,0.3260401301099573,-0.8452467684618641,0.15025149057266451,0.3193105379228987,-0.7698597011852157,0.7857195197306025,0.8594214612521028,-11.821083452660309
crop_farming,2,ET1502,9,0.23546282368943772,0.3349981879291325,0.20158756267044897,0.12020658207099776,0.21454310064548396,0.6725300272563164,0.3757683432560246,0.42608053541668306,-0.2915932525353018
crop_farming,2,ET1600,9,0.5257866228510272,0.5732143748265905,-1.3280958574532193,0.5233294524142474,0.5948764562159248,-1.5073806736994513,0.2769600701848969,0.3251642003946487,0.25084417221793964
crop_farming,3,ET0101,9,0.5147845235330365,0.8261462237798453,0.5814536817664753,0.4225214915966362,0.7902979390161585,0.6169888822374492,1.686951236566287,1.9893291481745046,-1.4268502229125777
crop_farming,3,ET0102,9,0.4992191811272938,0.7607649115218791,0.6307641813312568,0.5292166354902843,0.9185656607706947,0.46170135214316854,1.6122786466978276,1.846034282464246,-1.1741144425948744
crop_farming,3,ET0103,9,0.6269219443203095,0.8487834245694071,0.40347817285861376,0.6204403255058286,0.9139340532475596,0.3083883844104768,1.4509079855522349,1.6464866692322606,-1.2446518844260703
crop_farming,3,ET0104,9,0.5841642013110984,0.8152334120685595,0.29285481124392365,0.583600359492785,0.760148491578458,0.3851891468745011,1.3130454207252698,1.5194418354633314,-1.4564776043796317
crop_farming,3,ET0105,9,0.4825991437440005,0.6551840832087407,0.6103066576638858,0.3323628658814024,0.5742461941027708,0.700640833696573,1.3195428086921845,1.6726593576141606,-1.5398690073841377
crop_farming,3,ET0106,9,0.7229180102609641,0.9322271017306566,0.40341314266564765,0.7375060679223817,1.103513370563227,0.16404012623445452,1.5473477357388743,1.707261508410689,-1.0009227882062048
crop_farming,3,ET0107,9,0.6228591696484919,0.7931305869904498,0.07925870667635193,0.5964927706682717,0.9446502264089013,-0.3061416829896497,1.0404628628073747,1.1536133990368667,-0.9479096391488848
crop_farming,3,ET0301,9,0.4680386735226494,0.5392339760290052,0.04447494883460901,0.6443601062551703,0.7654896317148029,-0.925600571412005,0.40357119430163885,0.4971651382556202,0.1877515029424578
crop_farming,3,ET0302,9,0.16499889487464128,0.20035878435563642,0.4190660067196986,0.1756684325698628,0.24400093910137213,0.13842515703702385,0.2197487714862469,0.2698065131211377,-0.05345229235431703
crop_farming,3,ET0303,9,0.5988055287854858,0.7683840760159227,0.18160215223195908,0.7433272304525297,0.8322030440483732,0.04001075685541988,0.6795380700839253,0.8958253724698553,-0.11238336151039818
crop_farming,3,ET0304,9,0.3656376554834656,0.4985094338827134,0.35496177680400953,0.5560177647525875,0.6404141109833164,-0.06453629473642719,0.5098726432303168,0.5925589057110673,0.08861527180652995
crop_farming,3,ET0305,9,0.280670486693035,0.3294180835952815,0.3794483547727545,0.3248427432512396,0.43355073034554087,-0.07488722915263124,0.3353282540550806,0.4229224034731326,-0.02283231846305611
crop_farming,3,ET0306,9,0.10583604409794181,0.12548074326289166,-0.9974968009120715,0.11862931697695021,0.14479991654951696,-1.6599198507915567,0.09499726415761864,0.09813605129421389,-0.22176895614667513
crop_farming,3,ET0307,9,0.01199097925224509,0.012899609194875367,-57044.06170277502,1.9227112677963928e-05,4.891085108097435e-05,0.1798838057344626,0.0005614464993271254,0.000691231801710919,-162.7994236091647
crop_farming,3,ET0308,9,0.544731351199077,0.6954834484854894,0.27800708748638525,0.5675532429475068,0.6918606103971913,0.28550935317327697,0.7135126582683375,0.9830975261901767,-0.4426219741892299
crop_farming,3,ET0309,9,0.01170532780955607,0.013006993065951196,-31.79870262591397,0.0015184397779480897,0.0027320042434063685,-0.4469901904898852,0.001521113616683451,0.0027293527970052816,-0.4441829070104437
crop_farming,3,ET0310,9,0.48311008535978434,0.5500696866632562,0.4450115922313651,0.6783285269594508,0.8163796703832267,-0.22245491136332318,0.6007611519946394,0.7782044679109592,-0.11080014272863603
crop_farming,3,ET0311,9,0.10467015345684155,0.12561798040754552,-0.5577479656178814,0.15170490091364142,0.19726445246643934,-2.8414151230334554,0.09138785400643543,0.11211267734254247,-0.24080354909877721
crop_farming,3,ET0312,9,0.011675119173269652,0.01268688581326354,-149.30387198440008,0.0006254384743958279,0.0010040401730347626,0.05862581151150603,0.00113229941748447,0.0014393687010417272,-0.9346580553816723
crop_farming,3,ET0401,9,0.06436903959583609,0.08162522519639429,-0.10247884782490657,0.02191605552025671,0.06292117966094996,0.3448885448629688,0.04313782336941638,0.08858020558060706,-0.29835916720069644
crop_farming,3,ET0402,9,0.06280514471153847,0.08090773720797376,-1.2102286901324453,0.015507296840387244,0.0441614665174872,0.34151774530128054,0.07842627154225368,0.10435078003911596,-2.676617934260363
crop_farming,3,ET0403,9,0.011900808254480453,0.012732048388924578,-442.46169513882415,0.00021377573203677316,0.0005094173591400412,0.2900838895492204,0.0005786705399768196,0.000694903061208957,-0.32101576780079855
crop_farming,3,ET0404,9,0.01176611083559879,0.012703326324133042,-177.7454173745107,0.0007852004808180072,0.0010296501136303857,-0.17430078435313945,0.0008928865053588167,0.0010917916153935128,-0.3203209575524044
crop_farming,3,ET0405,9,0.011933026226155096,0.01299170020910437,-15.678312155533465,0.0022689691479202225,0.004034395666163386,-0.608337152903615,0.0019342256028700433,0.0034393258104507443,-0.16887146039257228
crop_farming,3,ET0406,9,0.27280519809423565,0.3183317189609313,-0.5624080200317225,0.09745876539934274,0.1868950720939936,0.4614446661168159,0.313227774040634,0.323349925994168,-0.612056141660841
crop_farming,3,ET0407,9,0.20497013495705985,0.23395801698200658,-0.26132052837337905,0.253582385736178,0.30986274222040183,-1.212525683145071,0.1365722754414559,0.20399334689585294,0.04108169809324291
crop_farming,3,ET0408,9,0.21510627759543163,0.24049434088067134,0.18232141827309511,0.3278557092897205,0.36747471733715925,-0.9090962663865689,0.21639640120945736,0.2536339278743519,0.09053164139642556
crop_farming,3,ET0409,9,0.2355315312139631,0.3349280072245952,0.34101710092396353,0.3213166744030395,0.41586902337116044,-0.015978128208884224,0.3523299288247268,0.4353115267175427,-0.11319577113219936
crop_farming,3,ET0413,9,0.051239835494301014,0.07306237013894946,-1.1916776102029858,0.05398056340970303,0.0803803484595931,-1.6527048227828276,0.027494673380741914,0.05365306650613197,-0.18189325851788585
crop_farming,3,ET0416,9,0.04670703645207916,0.0587634207136019,-1081.68633823608,0.0008418786259998997,0.0017858942561416271,5.850875339774575e-14,0.0018742366193367469,0.0018781481207707747,-0.10598235736533623
crop_farming,3,ET0417,9,0.2553841167892033,0.2947505839421709,-0.5137149985101679,0.27402752439668593,0.34182675852729666,-1.0358551699206786,0.2342412913574402,0.28256902753355856,-0.3911817754699365
crop_farming,3,ET0418,9,0.06084072822872592,0.0953954926261989,-0.15479875830768308,0.04462465193911188,0.09485279164655414,-0.14169692853551297,0.08297694914877847,0.0965717949286635,-0.18345351819778855
crop_farming,3,ET0419,9,0.01179975868425931,0.012628226199905506,-256.19847058134263,0.0002104476806637439,0.0006313430419912317,0.3571428571428571,0.000830130245336279,0.0011400033527189956,-1.096022469304097
crop_farming,3,ET0420,9,0.06263916311763268,0.10007754665860835,-0.29834730274315624,0.04738716224316435,0.09968129332859356,-0.2880861415107827,0.04790437938332778,0.09939403963871184,-0.2806730280672376
crop_farming,3,ET0602,9,0.2984854470158945,0.43547383104818604,-0.26230611909696244,0.2661852187628876,0.4701915798470439,-0.4716016242006127,0.26674589217030276,0.46951788029246844,-0.4673875670364569
crop_farming,3,ET0603,9,0.06445749737950661,0.0994581420122163,-550.8663702529758,0.001131512508135726,0.0033945375244071783,0.3571428571428572,0.004725009908627638,0.007612127103710265,-2.2326992959711864
crop_farming,3,ET0604,9,0.24243616889554628,0.30180075553653857,-0.15854264476483992,0.14376485686555537,0.28798267795722854,-0.05488255631286765,0.2887898603033231,0.29146543510663525,-0.08055156662164542
crop_farming,3,ET0605,9,0.012010206364923053,0.012914409075058841,0.0,0.0,0.0,1.0,0.0,0.0,1.0
crop_farming,3,ET0701,9,0.18974410474332043,0.23892438114875683,0.035566889338297325,0.13091860228633662,0.19936133028684733,0.32852009810043203,0.21601124258844318,0.25184611184830724,-0.07157277996881839
crop_farming,3,ET0702,9,0.4182836401418184,0.4815485248096293,-1.0796880973167284,0.46513320383177426,0.5759476779545638,-1.974980723451989,0.27212846260519274,0.32865320508854384,0.03128988038584313
crop_farming,3,ET0703,9,0.5264768256958909,0.5965706400884466,-0.9833392750750194,0.5790632102274154,0.7271817793770037,-1.9468581899672426,0.539542827432755,0.6152023771415612,-1.109158754601589
crop_farming,3,ET0705,9,0.3522745030112073,0.44752522216299023,-0.29511623883453564,0.5367287764781364,0.6196795787029965,-1.4831793265480933,0.2603490991752394,0.29426520973938897,0.4400470277178514
crop_farming,3,ET0706,9,0.3566237447420244,0.42325341879598033,-0.5411462527651107,0.42362858247069796,0.5479174989143726,-1.5826957427501624,0.24124042168002052,0.2671233400226852,0.3861438972401652
crop_farming,3,ET0710,9,0.5627297600026778,0.6733750028210275,-0.6377395858217991,0.6428766570799779,0.7990972923351417,-1.3063763918520914,0.3715725373726235,0.46441985100226163,0.2209731697696723
crop_farming,3,ET0713,9,0.45093745921306094,0.630572139526762,-0.871588853056332,0.3976161235432188,0.585889014474505,-0.6157404696998727,0.6627884797918622,0.7907577560397462,-1.9432544793284618
crop_farming,3,ET0714,9,0.24432502056698732,0.32131453502220314,-0.7653781060723788,0.1874970154996306,0.2519723385254834,-0.08563222460650421,0.28657691355831405,0.3737135557823426,-1.3881120248203427
crop_farming,3,ET0715,9,0.46767391387501217,0.5348061348364552,-1.9201333581468818,0.4459251910498138,0.5361666049495606,-1.9350090559347999,0.32125449931453015,0.3898515962532527,-0.5517028511237874
crop_farming,3,ET0716,9,0.23916396495158854,0.4212845234697392,-0.9273915258329564,0.21967954023592745,0.4561112202307362,-1.2592300040442654,0.3167453884615188,0.35763627830757533,-0.38899943443251717
crop_farming,3,ET0720,9,0.2629301821006002,0.3483886798587179,-0.12219793234592768,0.46356558050649493,0.5194104677244236,-1.4943809983253402,0.21564023360815499,0.254072285753783,0.4031626637173632
crop_farming,3,ET0721,9,0.559287507855659,0.6909530780673331,-1.2119418475689336,0.5507039870881304,0.7362066131959506,-1.5111694656633876,0.5493284954237372,0.6892372096744389,-1.2009695005424645
crop_farming,3,ET0722,9,0.6883520725722665,0.7950438437643486,-1.7436880573501288,0.7540591518106283,0.8550555191485218,-2.1735197388447984,0.6304421805509752,0.7722225380247919,-1.5884365297830687
crop_farming,3,ET0723,9,0.6163148016504228,0.7193578296397735,-1.1165171536079108,0.6622589046997889,0.806487782554584,-1.6602804820273036,0.6144522062643077,0.7498349201202202,-1.2996575389623062
crop_farming,3,ET0724,9,0.02040909274031604,0.026160269960290784,-1.9756272512294002,0.018251212333075386,0.024564142585574555,-1.6235980770626255,0.04405823582961599,0.063062483832663,-16.291641747498367
crop_farming,3,ET1101,9,0.012010206364923053,0.012914409075058841,0.0,0.0,0.0,1.0,0.0,0.0,1.0
crop_farming,3,ET1102,9,0.011960115156966378,0.012844055435391667,-4695.272590876167,5.0091207956675594e-05,0.0001502736238700268,0.3571428571428571,0.0004355537198740884,0.0004695205069793224,-5.275640909913101
crop_farming,3,ET1103,9,0.04200791774524583,0.05272842466586829,-2463.377186316917,0.0005677500541993021,0.0012043797400300691,-0.2857142857142858,0.0005677500541993021,0.0012043797400300691,-0.2857142857142858
crop_farming,3,ET1104,9,0.47674959973883724,0.571696863504654,-0.1428300295193674,0.5954776178200668,0.728243142737505,-0.8543974965718781,0.6116535864381474,0.7432462088665004,-0.9315921410982722
crop_farming,3,ET1105,9,0.047538323842085846,0.060948622437700314,0.11654258626666891,0.017929931118717473,0.05207739276014568,0.3550050744595463,0.036489142374518786,0.07425287192653827,-0.31124650284767563
crop_farming,3,ET1106,9,0.029102269412515147,0.033098664426923434,-1.400149947139079,0.026804214145411183,0.032909655328240084,-1.3728162219253917,0.021209727536286114,0.02503244530009677,-0.37285284098256555
crop_farming,3,ET1202,9,0.31659130990944306,0.3657199891295334,-27.092778751633034,0.04802533162502417,0.08319455055500229,-0.45374107760756277,0.04754271165829733,0.08092077612803945,-0.3753631417614378
crop_farming,3,ET1203,9,0.11376461728165548,0.12969729306049815,-71095.895778444,0.0002599989357177337,0.0005515410316418843,-0.2857142857142856,0.0002599989357177337,0.0005515410316418843,-0.2857142857142856
crop_farming,3,ET1204,9,0.06578403861387115,0.08004484839932134,-103.15673027201876,0.005832017774349237,0.009421071113674523,-0.44284981824876635,0.005498224264748799,0.007975922240497542,-0.03414726466624285
crop_farming,3,ET1301,9,0.1947106092511696,0.20534849325160826,-61.28798892460861,0.027076568189023337,0.03803100534138808,-1.1364703995977385,0.2286948060382908,0.2583191149499834,-97.56763948318051
crop_farming,3,ET1401,9,0.0326617621920175,0.0484059488899963,-288487.1499432052,4.817267093335273e-05,0.00010218966685452542,-0.2857142857142856,4.817267093335273e-05,0.00010218966685452542,-0.2857142857142856
crop_farming,3,ET1501,9,0.33603112432367427,0.3796691169250935,-1.502204969004303,0.15025149057266451,0.3193105379228987,-0.7698597011852157,0.7857195197306025,0.8594214612521028,-11.821083452660309
crop_farming,3,ET1502,9,0.28276381341718415,0.36251512424938187,0.06503653992676972,0.12020658207099776,0.21454310064548396,0.6725300272563164,0.3757683432560246,0.42608053541668306,-0.2915932525353018
crop_farming,3,ET1600,9,0.46119294975604114,0.5273730103046639,-0.9706183020877,0.5233294524142474,0.5948764562159248,-1.5073806736994513,0.2769600701848969,0.3251642003946487,0.25084417221793964
crop_farming,4,ET0101,9,0.8425149010314186,1.2290547325522998,0.07365635035660523,0.6632959702749764,1.1911825643446583,0.12986560166028904,1.686951236566287,1.9893291481745046,-1.4268502229125777
crop_farming,4,ET0102,9,0.8268910181862288,1.1658607408458104,0.13284599683045994,0.6675120482492041,1.1801852196655358,0.11140632059832345,1.6122786466978276,1.846034282464246,-1.1741144425948744
crop_farming,4,ET0103,9,0.7659072665665697,1.1022024785575573,-0.005901200089972081,0.6330114049751889,1.1015004964183277,-0.004620310547398754,1.4509079855522349,1.6464866692322606,-1.2446518844260703
crop_farming,4,ET0104,9,0.7090393754168525,0.9243289789040426,0.09092903448311107,0.5703470580407137,0.7480739521851318,0.40456588283239825,1.3130454207252698,1.5194418354633314,-1.4564776043796317
crop_farming,4,ET0105,9,0.7486790449127567,0.9770305702201569,0.13341211215277904,0.5870437164600015,0.8839375281938079,0.29068449252144624,1.3195428086921845,1.6726593576141606,-1.5398690073841377
crop_farming,4,ET0106,9,0.9415926943767722,1.106509881195053,0.1594939852655236,0.6564639180059766,1.1179545675257236,0.1420172786356979,1.5473477357388743,1.707261508410689,-1.0009227882062048
crop_farming,4,ET0107,9,0.6911403662033115,0.7485771324570859,0.17979703360519372,0.4863158804907304,0.8148808537092628,0.02806672464954396,1.0404628628073747,1.1536133990368667,-0.9479096391488848
crop_farming,4,ET0301,9,0.4259892940618701,0.4722244438679355,0.26720160686013117,0.5672573619516136,0.663011879670319,-0.44454209100088327,0.40357119430163885,0.4971651382556202,0.1877515029424578
crop_farming,4,ET0302,9,0.22202365901886237,0.2957566463884628,-0.2658406557533073,0.3104268075876457,0.3509605487092685,-0.7824879994933756,0.2197487714862469,0.2698065131211377,-0.05345229235431703
crop_farming,4,ET0303,9,0.6112167280085646,0.7672732399474563,0.18396672156332006,0.7692723419218237,1.0013288594354777,-0.3898285637996115,0.6795380700839253,0.8958253724698553,-0.11238336151039818
crop_farming,4,ET0304,9,0.5207919782561841,0.6102517150068505,0.033377934123939856,0.6438755403289644,0.7099806812146918,-0.30837353504854925,0.5098726432303168,0.5925589057110673,0.08861527180652995
crop_farming,4,ET0305,9,0.4002333737796599,0.48456657192592395,-0.3427339204912643,0.39416062586967937,0.5401344106922866,-0.6683484061753424,0.3353282540550806,0.4229224034731326,-0.02283231846305611
crop_farming,4,ET0306,9,0.17536167173014017,0.22206169957155686,-5.255748007485668,0.12130940230331046,0.1482450025953319,-1.7879953911462048,0.09499726415761864,0.09813605129421389,-0.22176895614667513
crop_farming,4,ET0307,9,0.08193831019901943,0.08868713098223853,-2696410.4298300794,2.2478004590888014e-05,5.850001232004766e-05,-0.17321299020395164,0.0005614464993271254,0.000691231801710919,-162.7994236091647
crop_farming,4,ET0308,9,0.7628721639602642,0.9746639986093303,-0.4179769984262782,0.967267439394086,1.0781720719996577,-0.7351438797289662,0.7135126582683375,0.9830975261901767,-0.4426219741892299
crop_farming,4,ET0309,9,0.056948862172534476,0.05715505381459529,-632.3038435742254,0.0027320010005291964,0.0037538161875985453,-1.7317997024538796,0.001521113616683451,0.0027293527970052816,-0.4441829070104437
crop_farming,4,ET0310,9,0.5788939346803476,0.7561299156156936,-0.04867600001171368,0.7753601442575114,0.9526362714924815,-0.6645724923242149,0.6007611519946394,0.7782044679109592,-0.11080014272863603
crop_farming,4,ET0311,9,0.19002962928033112,0.21274113926463226,-3.4678289748177926,0.11894754429348839,0.15457330051475393,-1.3586447799274222,0.09138785400643543,0.11211267734254247,-0.24080354909877721
crop_farming,4,ET0312,9,0.05627493541730436,0.05638057858266663,-2967.3777194239046,0.0009755691016584874,0.0013150342113509037,-0.6148575162358896,0.00113229941748447,0.0014393687010417272,-0.9346580553816723
crop_farming,4,ET0401,9,0.0825607876088712,0.08662867135789781,-0.24178036377690781,0.04356969984435705,0.08897402862204862,-0.30992970742063997,0.04313782336941638,0.08858020558060706,-0.29835916720069644
crop_farming,4,ET0402,9,0.09608236019565493,0.10638294847274486,-2.8212121279700972,0.0317492586680965,0.0625348036856828,-0.32038530802510157,0.07842627154225368,0.10435078003911596,-2.676617934260363
crop_farming,4,ET0403,9,0.0581853365361398,0.058241453116549394,-9278.48674598237,0.0006250605940186906,0.0010274437202751762,-1.88785667906786,0.0005786705399768196,0.000694903061208957,-0.32101576780079855
crop_farming,4,ET0404,9,0.08353381847963111,0.09109096976482244,-9189.743774689063,0.001083664496674075,0.0012396922343489705,-0.7022673482209001,0.0008928865053588167,0.0010917916153935128,-0.3203209575524044
crop_farming,4,ET0405,9,0.08480412264063558,0.09400618271657336,-872.2386561655794,0.0033734666424806038,0.005114984186471027,-1.5852866756019264,0.0019342256028700433,0.0034393258104507443,-0.16887146039257228
crop_farming,4,ET0406,9,0.2849002685409963,0.31728446403033445,-0.5521448389767798,0.19358442546607382,0.26384597870748583,-0.07333573727726095,0.313227774040634,0.323349925994168,-0.612056141660841
crop_farming,4,ET0407,9,0.2833500025036698,0.3231197591635811,-1.4058948011570371,0.24834839847206572,0.31830993946822284,-1.3348016996222785,0.1365722754414559,0.20399334689585294,0.04108169809324291
crop_farming,4,ET0408,9,0.2681885990374948,0.29901824833603186,-0.2640617366003164,0.33536090339382585,0.41343413122502914,-1.4164930673275498,0.21639640120945736,0.2536339278743519,0.09053164139642556
crop_farming,4,ET0409,9,0.29145650453820243,0.3805932026695256,0.14907110972206106,0.40782508478726437,0.4468145756324327,-0.17280518525920363,0.3523299288247268,0.4353115267175427,-0.11319577113219936
crop_farming,4,ET0413,9,0.11640523937490938,0.13900840235356662,-6.933617563861077,0.05245954939206121,0.07832745087001015,-1.5189360594046608,0.027494673380741914,0.05365306650613197,-0.18189325851788585
crop_farming,4,ET0416,9,0.09226117834101322,0.09613117411847236,-2896.457086276063,0.0016837572519997994,0.002525635877999699,-0.9999999999998828,0.0018742366193367469,0.0018781481207707747,-0.10598235736533623
crop_farming,4,ET0417,9,0.3008908999761237,0.3410890559905336,-1.0270774198173607,0.3205517057282587,0.356892914810485,-1.2192724316249515,0.2342412913574402,0.28256902753355856,-0.3911817754699365
crop_farming,4,ET0418,9,0.16814600198868926,0.20694270548671262,-4.4343905111660495,0.09897319412301663,0.1500103811880705,-1.8555727396955763,0.08297694914877847,0.0965717949286635,-0.18345351819778855
crop_farming,4,ET0419,9,0.08347857323611112,0.09057718993185683,-13230.87418605827,0.0004208953613274878,0.0008928538924938864,-0.2857142857142858,0.000830130245336279,0.0011400033527189956,-1.096022469304097
crop_farming,4,ET0420,9,0.18217889788380107,0.2170137219053942,-5.105088588308274,0.09405404079137886,0.14097038003735057,-1.5761628934723682,0.04790437938332778,0.09939403963871184,-0.2806730280672376
crop_farming,4,ET0602,9,0.4338422754019261,0.5320968452273419,-0.8846119103545733,0.46882272729705715,0.6370364512649963,-1.7012770584329626,0.26674589217030276,0.46951788029246844,-0.4673875670364569
crop_farming,4,ET0603,9,0.12805245139133595,0.1651825271304411,-1521.2341411682614,0.002263025016271452,0.004800601005001022,-0.2857142857142856,0.004725009908627638,0.007612127103710265,-2.2326992959711864
crop_farming,4,ET0604,9,0.41288534311124336,0.5244390775779478,-2.498335592992238,0.28174341208802745,0.4005964474027708,-1.0412000302218996,0.2887898603033231,0.29146543510663525,-0.08055156662164542
crop_farming,4,ET0605,9,0.05931496247649193,0.05938607251665619,0.0,0.0,0.0,1.0,0.0,0.0,1.0
crop_farming,4,ET0701,9,0.16618139700467555,0.18642792408845762,0.4128175053007772,0.18918681972940057,0.2611098040942524,-0.15185425329656144,0.21601124258844318,0.25184611184830724,-0.07157277996881839
crop_farming,4,ET0702,9,0.38110044287156697,0.42055912282481406,-0.586252096393235,0.4838694198898293,0.5462372943854351,-1.6759672210568284,0.27212846260519274,0.32865320508854384,0.03128988038584313
crop_farming,4,ET0703,9,0.4165150427733444,0.4677407444747945,-0.2192244554342715,0.6024255276992488,0.6768602954253844,-1.5531206511192615,0.539542827432755,0.6152023771415612,-1.109158754601589
crop_farming,4,ET0705,9,0.39070961325501535,0.43049177590510623,-0.1984045062917188,0.5876061833129583,0.6752054739645956,-1.9481231710681217,0.2603490991752394,0.29426520973938897,0.4400470277178514
crop_farming,4,ET0706,9,0.27346671203709,0.33481028393774903,0.035637123976370866,0.41814397690661825,0.5057968106183939,-1.2008734841086177,0.24124042168002052,0.2671233400226852,0.3861438972401652
crop_farming,4,ET0710,9,0.6068155576576685,0.6765459946823975,-0.6532004706777004,0.7832987583137118,0.9198435287760702,-2.0560382137295004,0.3715725373726235,0.46441985100226163,0.2209731697696723
crop_farming,4,ET0713,9,0.5549673198175644,0.6779441592986029,-1.1633597237696494,0.656670964337381,0.7733271497817858,-1.8149287590607441,0.6627884797918622,0.7907577560397462,-1.9432544793284618
crop_farming,4,ET0714,9,0.221890798159161,0.24336542871507488,-0.012732533687450198,0.23997323336770002,0.35792743801751936,-1.1906196364570736,0.28657691355831405,0.3737135557823426,-1.3881120248203427
crop_farming,4,ET0715,9,0.30025528047910754,0.3459417769207156,-0.22184452801479138,0.27263012960232014,0.3496013639882105,-0.2478321224740545,0.32125449931453015,0.3898515962532527,-0.5517028511237874
crop_farming,4,ET0716,9,0.3224511632491136,0.47164385669323117,-1.4157239180700159,0.2412230420734229,0.4607644539010898,-1.3055623454394434,0.3167453884615188,0.35763627830757533,-0.38899943443251717
crop_farming,4,ET0720,9,0.19823143588617795,0.24368110987586628,0.4509838473279403,0.40487041695696135,0.5000731989166057,-1.312110323853989,0.21564023360815499,0.254072285753783,0.4031626637173632
crop_farming,4,ET0721,9,0.41858041265506746,0.5057758667836241,-0.18520315642325835,0.22345189052658843,0.4591487699402165,0.02324994646002665,0.5493284954237372,0.6892372096744389,-1.2009695005424645
crop_farming,4,ET0722,9,0.5726618841910217,0.6629500350573109,-0.9077179697712012,0.5335211501915358,0.7098948844320361,-1.1874627588749216,0.6304421805509752,0.7722225380247919,-1.5884365297830687
crop_farming,4,ET0723,9,0.5221690741215895,0.6444850752666479,-0.6988599258387667,0.6722721965763703,0.810956977115478,-1.6898463451206238,0.6144522062643077,0.7498349201202202,-1.2996575389623062
crop_farming,4,ET0724,9,0.06525514385368074,0.0702828740520436,-20.477963990732537,0.021208629049740167,0.026117310805067816,-1.9658624074700293,0.04405823582961599,0.063062483832663,-16.291641747498367
crop_farming,4,ET1101,9,0.05820662362707986,0.058249943055624503,0.0,0.0,0.0,1.0,0.0,0.0,1.0
crop_farming,4,ET1102,9,0.05918443935228801,0.05925254939352542,-99944.45202558814,0.00013052312420391843,0.00023119115743950984,-0.5215680944574634,0.0004355537198740884,0.0004695205069793224,-5.275640909913101
crop_farming,4,ET1103,9,0.06382038154535824,0.06464436293305532,-3703.0676223807536,0.0011355001083986041,0.0017032501625979062,-1.5714285714285716,0.0005677500541993021,0.0012043797400300691,-0.2857142857142858
crop_farming,4,ET1104,9,0.6176836936735436,0.6751043134003392,-0.5936457544164135,0.7303452864979886,0.8560770116657578,-1.562569746327085,0.6116535864381474,0.7432462088665004,-0.9315921410982722
crop_farming,4,ET1105,9,0.06879772115993715,0.0710166429449749,-0.19943884232355735,0.03566343189162686,0.0737375885378153,-0.29311066203801595,0.036489142374518786,0.07425287192653827,-0.31124650284767563
crop_farming,4,ET1106,9,0.06143932111613563,0.07116572135594565,-10.095813458072868,0.0286061041757169,0.03428953190059419,-1.5759684999728432,0.021209727536286114,0.02503244530009677,-0.37285284098256555
crop_farming,4,ET1202,9,0.3455336009378827,0.4147071253257397,-35.122707716706095,0.0848627851128149,0.11353253272565193,-1.707309799218819,0.04754271165829733,0.08092077612803945,-0.3753631417614378
crop_farming,4,ET1203,9,0.13912263264258704,0.1462377024932109,-90386.3233719894,0.0005199978714354674,0.0007799968071532012,-1.5714285714285712,0.0002599989357177337,0.0005515410316418843,-0.2857142857142856
crop_farming,4,ET1204,9,0.08286577981137011,0.10239110592149335,-169.42960313000873,0.009650569221476482,0.01222131682312078,-1.4280441011607854,0.005498224264748799,0.007975922240497542,-0.03414726466624285
crop_farming,4,ET1301,9,0.1722978855414302,0.2286699390545133,-76.23949400669925,0.05724524734853779,0.07739725462960372,-7.84855551776506,0.2286948060382908,0.2583191149499834,-97.56763948318051
crop_farming,4,ET1401,9,0.09012219061454137,0.1097648030755661,-1483393.6486154627,9.634534186670546e-05,0.0001445180128000582,-1.5714285714285712,4.817267093335273e-05,0.00010218966685452542,-0.2857142857142856
crop_farming,4,ET1501,9,0.390430771518023,0.44834239555937405,-2.4892489288884563,0.2588720192155353,0.417746605324876,-2.029271484692985,0.7857195197306025,0.8594214612521028,-11.821083452660309
crop_farming,4,ET1502,9,0.32964799250435495,0.3976893726434123,-0.12520162075863595,0.24506551515804922,0.3570722953667794,0.09290099925993789,0.3757683432560246,0.42608053541668306,-0.2915932525353018
crop_farming,4,ET1600,9,0.35573224270722853,0.4304556208353491,-0.3128753024630353,0.4240812587320335,0.5546531241566268,-1.1797648213788472,0.2769600701848969,0.3251642003946487,0.25084417221793964
crop_farming,8,ET0101,9,1.1937104827254403,1.5496650324880754,-0.47266969124094516,0.9736756714026191,1.5007239141480713,-0.38111959831923925,1.6955112233606922,2.010469836712413,-1.4787047855413218
crop_farming,8,ET0102,9,1.244887585286764,1.553951663038804,-0.5405574134885045,0.9975778909742556,1.4948201054506358,-0.4255443662177447,1.6156718647734536,1.8529527693636207,-1.1904410823821707
crop_farming,8,ET0103,9,1.0634844507244623,1.3523406627960586,-0.514275072762655,1.0625472793104251,1.3830173155302659,-0.5837542553786264,1.4511803734312785,1.6469917164891397,-1.2460291553971996
crop_farming,8,ET0104,9,1.122568803832775,1.323835651630519,-0.8647164185371341,0.9640943271465959,1.1803241815174772,-0.4823380571198632,1.3133497344613947,1.520134138511514,-1.458716603361752
crop_farming,8,ET0105,9,0.968548244590208,1.1879751219397368,-0.28118251059365296,0.8081653624631827,1.1055729161168577,-0.1096118640360273,1.3195730340667549,1.6727492332802878,-1.5401419602130142
crop_farming,8,ET0106,9,1.2282931142902132,1.5088066982871244,-0.5627785418176829,0.9900067570142456,1.4432882975985812,-0.4300012370106856,1.5491167130520285,1.7107316100964567,-1.0090650229259928
crop_farming,8,ET0107,9,0.864054869400683,1.0235904567413534,-0.5335596730848955,0.6389228943698391,1.0075251543161905,-0.4857988532605282,1.0425163432078581,1.1563196860749207,-0.9570596472822321
crop_farming,8,ET0301,9,0.49208221867585855,0.6389842751688438,-0.3417386249843748,0.49180697125910977,0.6080451553202931,-0.21495235106974064,0.40818392698500056,0.49914784029792364,0.1812600663040672
crop_farming,8,ET0302,9,0.31584681993815283,0.3817858814333287,-1.1093553164203591,0.3546117826201632,0.37444604905033696,-1.0290302364175212,0.21999421895813828,0.27194874971041105,-0.0702473146830711
crop_farming,8,ET0303,9,0.8449127946639483,1.1286573180471535,-0.7657612028507366,0.8895686710129669,1.1774134189769903,-0.9216121187581257,0.6862634674051356,0.9065857722825625,-0.13926712332528202
crop_farming,8,ET0304,9,0.578737269277832,0.7485554986999833,-0.45440948301473827,0.6217188168581106,0.7175159833011419,-0.33629347356049655,0.5063439142101627,0.5928990214357779,0.08756874213969057
crop_farming,8,ET0305,9,0.3649334644888628,0.4172365456228773,0.004485154020312687,0.29821784161267195,0.45143225014638266,-0.1653817750969595,0.3361249533434584,0.4222464832359357,-0.019565522508136146
crop_farming,8,ET0306,9,0.13488390376810158,0.19421352281783552,-3.7850982498169445,0.05700890702877978,0.09505220477490296,-0.14618921416966213,0.0938756708373031,0.09714930789274116,-0.19732306671245436
crop_farming,8,ET0307,9,0.059740964882558645,0.06700998893218985,-1539372.6216215086,2.57288965038121e-05,5.9307386770210714e-05,-0.20582011589715,0.000576630590694855,0.0007015515900994058,-167.72684062934877
crop_farming,8,ET0308,9,0.8411523060413738,1.14409888803673,-0.9538286050310769,1.0553600975577242,1.2946399921669376,-1.5018275669171013,0.7109161466638825,0.9779597486191566,-0.42758276802143946
crop_farming,8,ET0309,9,0.04899187347693948,0.05404875172830119,-565.336019841376,0.0027320010005291964,0.0037538161875985453,-1.7317997024538796,0.0015184397779480897,0.0027320042434063685,-0.4469901904898852
crop_farming,8,ET0310,9,0.5280875965991136,0.7461402687927267,-0.021149774136843158,0.4920855928262301,0.7473656362786977,-0.024506545671330038,0.5941554770602413,0.7857131044806169,-0.1323390383093117
crop_farming,8,ET0311,9,0.13645593204322193,0.21371387021871446,-3.5087795056242204,0.08920572862682787,0.12543355009336282,-0.5531772020357435,0.08883760874599624,0.10904282744150622,-0.1737829239863029
crop_farming,8,ET0312,9,0.04080421481258085,0.04174707447347955,-1626.4670322352417,0.0011021768018466055,0.0013687879911606518,-0.7495746567007167,0.0011491417173732366,0.0014814409117749597,-1.049409639310257
crop_farming,8,ET0401,9,0.07630951775162953,0.08777172705216083,-0.27476687194330185,0.04426049280544459,0.08898713644757203,-0.31031569859361063,0.043121765995040126,0.08854593757734823,-0.29735479901723005
crop_farming,8,ET0402,9,0.15793880048861042,0.2272393689717507,-16.435092300563053,0.09741599272658363,0.20555085102322454,-13.265784525646591,0.07839391184789506,0.10431090847665798,-2.6738088609470796
crop_farming,8,ET0403,9,0.05200719280193164,0.0565455638844557,-8745.94972523003,0.0008747585347609209,0.0012715274880359796,-3.4229401048277976,0.0005793953845712155,0.0006935583361322435,-0.31590805034552805
crop_farming,8,ET0404,9,0.05611207961757178,0.06356353447035595,-4474.237457032996,0.0010814480812319073,0.0013261001203785045,-0.9478371131051768,0.0008703218552564223,0.001111552021431183,-0.36854660948900575
crop_farming,8,ET0405,9,0.05566188523015884,0.06329498000627731,-394.8755239092614,0.00323213395068716,0.004979388691293441,-1.4500343561176665,0.0019123367389530799,0.0034343584377531226,-0.1654975274907715
crop_farming,8,ET0406,9,0.3222138466062208,0.3702830386648085,-1.113986788487534,0.23346250895510975,0.30561237317822054,-0.44004643848095837,0.31481783362095495,0.3263124548700341,-0.6417307463536179
crop_farming,8,ET0407,9,0.2482384632039611,0.3662124793588345,-2.090408431121434,0.17285387664620824,0.21798928737348083,-0.09501458566731791,0.12963877649838096,0.20221155022177117,0.05776004103402099
crop_farming,8,ET0408,9,0.2924685353884321,0.37354274384952935,-0.972665768595246,0.25115214332204777,0.2973782744282111,-0.25023419606201003,0.21901838918857436,0.26056126860707396,0.04017375843386328
crop_farming,8,ET0409,9,0.41593704774401774,0.5710291383409166,-0.9155246867737235,0.42649653645279195,0.5188209011500031,-0.5812703986961507,0.3445418955001531,0.4297934294356415,-0.08515245509201885
crop_farming,8,ET0413,9,0.06576918061495933,0.08944261229633042,-2.2845668667666477,0.035681615595508566,0.059227144593090635,-0.4402263368836019,0.027551363904317894,0.05365136498483082,-0.18181829599298593
crop_farming,8,ET0416,9,0.0616084071722047,0.06615787336809086,-1371.3079900362184,0.002539216790902928,0.0031101151386676478,-2.0327838131495417,0.0018976221367256309,0.0018977011067956634,-0.12913050551348237
crop_farming,8,ET0417,9,0.40212234463586594,0.5233426144765175,-3.772071753585485,0.3129451804933412,0.37208684834126327,-1.4122560567445408,0.24001580104509182,0.28907029519128674,-0.4559340320792895
crop_farming,8,ET0418,9,0.20569730743208492,0.27990694286601897,-8.942095716748199,0.12959649255148864,0.17590677111454106,-2.926591407998497,0.08326721870688512,0.09612920670888289,-0.17263084809497276
crop_farming,8,ET0419,9,0.06464752645467058,0.07309805738693533,-8616.778907038299,0.0009665418733392093,0.0018646069607229576,-4.6073579315266135,0.000830130245336279,0.0011400033527189956,-1.096022469304097
crop_farming,8,ET0420,9,0.12913633132507127,0.1571389626151706,-2.200997558036503,0.09453839532577546,0.1409470563255888,-1.5753105057560228,0.04791855988215548,0.09939399690853336,-0.28067192692725973
crop_farming,8,ET0602,9,0.3829024141821033,0.512209124660081,-0.7463656687277109,0.46887044376394155,0.6370364593068245,-1.7012771266337885,0.2662210061130509,0.47017707070299086,-0.4715108044095535
crop_farming,8,ET0603,9,0.0890365860240161,0.11568623580738302,-745.6492385082921,0.002263025016271452,0.004800601005001022,-0.2857142857142856,0.002263025016271452,0.004800601005001022,-0.2857142857142856
crop_farming,8,ET0604,9,0.46927810183773516,0.5431890300011997,-2.752955026806617,0.42107731157718675,0.5015976000223616,-2.200238007348104,0.29243421532427405,0.293737093288281,-0.09746066909826556
crop_farming,8,ET0605,9,0.042855591202775635,0.04367850058847661,0.0,0.0,0.0,1.0,0.0,0.0,1.0
crop_farming,8,ET0701,9,0.2795208345200584,0.338314412452101,-0.9337136877207683,0.22701952290630315,0.2878865541373396,-0.40021245156244545,0.21617922778375662,0.2516241768509618,-0.06968500244319142
crop_farming,8,ET0702,9,0.4250655468559089,0.5152154368735106,-1.380651511446107,0.40625582448919506,0.5517760761559294,-1.73051034085517,0.266068066095609,0.3257228946218435,0.04848713645098357
crop_farming,8,ET0703,9,0.5189504489832131,0.6490039411113931,-1.3472963762181531,0.5742358507011796,0.7168644713193958,-1.8638309193507823,0.5382381295587497,0.6169967657559505,-1.1214804556438889
crop_farming,8,ET0705,9,0.5017003164363852,0.5551715606234432,-0.9930956285184367,0.592591763066578,0.7086675679012527,-2.2475723168037702,0.2570921989638495,0.2935248246925637,0.4428612187369484
crop_farming,8,ET0706,9,0.49854836535964764,0.5964249198594008,-2.0602328083785033,0.4583339220724658,0.5551181102566828,-1.6510242303862719,0.23685244477662395,0.2592680558274603,0.42171633178593526
crop_farming,8,ET0710,9,0.6287268598078473,0.7488137642957639,-1.025249358537995,0.6482836069364134,0.8646525789555128,-1.7003132539133512,0.3558145086806055,0.46083529059229206,0.23295238248430705
crop_farming,8,ET0713,9,0.6417675760400252,0.7598307388223712,-1.7175316494563964,0.7084738729243765,0.8128924698560135,-2.1103344745013337,0.7139322768313787,0.8307351024739418,-2.2483739321992093
crop_farming,8,ET0714,9,0.4790647032752698,0.5508046587451034,-4.187668335480671,0.39523398151991546,0.5209388545443744,-3.640347388347414,0.2957890091857937,0.3831824241962856,-1.510661448329083
crop_farming,8,ET0715,9,0.44937061909473974,0.5671115891614755,-2.2835752179936373,0.5619536151787111,0.6451651174441847,-3.249635493872783,0.32797294056799925,0.40890322972337023,-0.7070687268491578
crop_farming,8,ET0716,9,0.29077699713034455,0.4136920211690571,-0.8585456160592715,0.2452733728916424,0.460677515362548,-1.3046923854888135,0.30602885630300464,0.3733453075465133,-0.5137018080768512
crop_farming,8,ET0720,9,0.31948680071046487,0.3525113037710169,-0.14891391555096778,0.2803815147610646,0.33152791267555326,-0.01620562038575346,0.21765733640987783,0.2534859519287526,0.4059141808649167
crop_farming,8,ET0721,9,0.5957536365116225,0.715127436086034,-1.3694277678840838,0.5486914066076477,0.7297079891180233,-1.4670320724706358,0.6037153524993957,0.7450975819785266,-1.5721891464695816
crop_farming,8,ET0722,9,0.620034289927774,0.7292529642945126,-1.3083889196231313,0.6488081441039774,0.7858669117654586,-1.6807146137746405,0.6770988611301718,0.8033106194842102,-1.801041808558709
crop_farming,8,ET0723,9,0.6238939232875591,0.7803513338325919,-1.49064710110486,0.6595270888942406,0.9248071938941469,-2.4981162791622866,0.6672022918906211,0.7766946230277254,-1.4673595463547349
crop_farming,8,ET0724,9,0.05221682654340712,0.05869640256093517,-13.980180761497456,0.011968596926333008,0.018695146254104126,-0.5196788481403452,0.010995734419555802,0.014293417918012084,0.1116864869099159
crop_farming,8,ET1101,9,0.04823120993872484,0.051903758631419585,0.0,0.0,0.0,1.0,0.0,0.0,1.0
crop_farming,8,ET1102,9,0.04193757619043767,0.04275851640338392,-52045.821300039766,0.00016086383249448567,0.00024846403863412487,-0.7574219032006415,0.00044334183604228313,0.000476831412272402,-5.472598526329224
crop_farming,8,ET1103,9,0.05865729786455631,0.0643508682640562,-3669.5099786207866,0.0011355001083986041,0.0017032501625979062,-1.5714285714285716,0.0005677500541993021,0.0012043797400300691,-0.2857142857142858
crop_farming,8,ET1104,9,0.5940605297048998,0.6984008288251163,-0.7055306035180249,0.6366316161414098,0.7594444068743595,-1.0167032604490944,0.6145455062541882,0.7480146493632093,-0.9564566571612072
crop_farming,8,ET1105,9,0.06187599374915087,0.0704002312664243,-0.17870738064561897,0.035766281448039755,0.07382917362408628,-0.2963248490249881,0.0365919667715585,0.07432737127951128,-0.3138790211370719
crop_farming,8,ET1106,9,0.04340972679497443,0.04724586687621142,-3.890407839194708,0.02819076762491589,0.03585564474730504,-1.8166475565314264,0.021255439695929985,0.025098678192025294,-0.38012726464740765
crop_farming,8,ET1202,9,0.2594514424149351,0.303489741369466,-18.34573941420272,0.08396228817748118,0.11224429393859438,-1.6462193894573565,0.04825655754904669,0.08306685108750493,-0.44928166326620467
crop_farming,8,ET1203,9,0.15166993190844855,0.1938963481947002,-158900.5284610056,0.0005199978714354674,0.0007799968071532012,-1.5714285714285712,0.0002599989357177337,0.0005515410316418843,-0.2857142857142856
crop_farming,8,ET1204,9,0.04717252022420763,0.050156719922140346,-39.895810505301405,0.009233806806842666,0.011721030402055754,-1.2333261437260163,0.005962256028922284,0.009436290479785912,-0.44751531679309964
crop_farming,8,ET1301,9,0.2543056383153317,0.33789882040863534,-167.6532130258378,0.05342584018573667,0.0737803870268804,-7.040871581085213,0.22957062158328462,0.2585450535569429,-97.74013910235969
crop_farming,8,ET1401,9,0.06210882589221001,0.06851634691036747,-577987.1066870815,9.634534186670546e-05,0.0001445180128000582,-1.5714285714285712,4.817267093335273e-05,0.00010218966685452542,-0.2857142857142856
crop_farming,8,ET1501,9,0.45227529503049524,0.5913594557629457,-5.070373717993864,0.291216035722821,0.42589283774408393,-2.1485675201069716,0.7856770769110567,0.8593558957986769,-11.819127280695016
crop_farming,8,ET1502,9,0.5355777899337999,0.6044795122961122,-1.599594141497151,0.377619554989037,0.47884315140806055,-0.631281603711197,0.37672786903112354,0.4256115737562736,-0.2887516564865633
crop_farming,8,ET1600,9,0.5036734475690946,0.5980938442749146,-1.534576345393866,0.5077201238629567,0.554771010242137,-1.1806914951449055,0.2757173285140082,0.32326017155361136,0.2595919867117945
crop_farming,12,ET0101,9,1.3707417913403952,1.686660189362477,-0.7445558216348414,1.2845899409493682,1.744168101981361,-0.8655477138188608,1.6955112233606922,2.010469836712413,-1.4787047855413218
crop_farming,12,ET0102,9,1.4195819000948942,1.66767981279499,-0.7743047713021172,1.3918962700769855,1.7420064973331049,-0.9359869168864823,1.6156718647734536,1.8529527693636207,-1.1904410823821707
crop_farming,12,ET0103,9,1.3474421265478218,1.5503899399159384,-0.9902812107115062,1.2022675441624673,1.5083050040414558,-0.8836963812518199,1.4511803734312785,1.6469917164891397,-1.2460291553971996
crop_farming,12,ET0104,9,1.2762646919699716,1.450751083408404,-1.2393937225316312,1.1370195861709291,1.2981142473101195,-0.7929595109285339,1.3133497344613947,1.520134138511514,-1.458716603361752
crop_farming,12,ET0105,9,1.101095478864429,1.334282186862249,-0.6161872851795416,1.0307429179463283,1.2900985211760316,-0.5109220681140778,1.3195730340667549,1.6727492332802878,-1.5401419602130142
crop_farming,12,ET0106,9,1.472325424215182,1.6271665563950846,-0.8175829977369329,1.420157316106211,1.7029436185456492,-0.9908143910650071,1.5491167130520285,1.7107316100964567,-1.0090650229259928
crop_farming,12,ET0107,9,1.0882779489181462,1.1319833574534675,-0.8755485343837393,1.0468539044067615,1.2567975647729828,-1.3119523792516943,1.0425163432078581,1.1563196860749207,-0.9570596472822321
crop_farming,12,ET0301,9,0.6228017826798035,0.6980378460544311,-0.6011997742432287,0.773342521153611,0.8720291737285195,-1.4989042156894787,0.40818392698500056,0.49914784029792364,0.1812600663040672
crop_farming,12,ET0302,9,0.29094230683344346,0.33824948063109506,-0.6557100721734193,0.33141137544010746,0.3897256591629364,-1.1980016515436565,0.21999421895813828,0.27194874971041105,-0.0702473146830711
crop_farming,12,ET0303,9,0.8364885406950653,0.9793917017938382,-0.3295987760581982,1.0296186607252475,1.1731685705572081,-0.9077813806632018,0.6862634674051356,0.9065857722825625,-0.13926712332528202
crop_farming,12,ET0304,9,0.6332915542381651,0.7404694514622536,-0.4231575462645789,0.8080151451692958,0.9097139205253486,-1.148069696704448,0.5063439142101627,0.5928990214357779,0.08756874213969057
crop_farming,12,ET0305,9,0.3385265525037296,0.3871965499572031,0.1426739567743971,0.3598498400528478,0.4667577559924314,-0.24585111490343814,0.3361249533434584,0.4222464832359357,-0.019565522508136146
crop_farming,12,ET0306,9,0.1299105431072329,0.17210559321055227,-2.757698198553956,0.13217489895074713,0.15573951621397153,-2.0770146926945174,0.0938756708373031,0.09714930789274116,-0.19732306671245436
crop_farming,12,ET0307,9,0.05443187086915632,0.05654966489699922,-1096287.9062309542,0.00046073822539617463,0.0013063749125484475,-584.0602753941264,0.000576630590694855,0.0007015515900994058,-167.72684062934877
crop_farming,12,ET0308,9,0.8861995791661764,1.1426803219272672,-0.9489865117484755,1.0979770129191901,1.3054728255780623,-1.543870556810429,0.7109161466638825,0.9779597486191566,-0.42758276802143946
crop_farming,12,ET0309,9,0.049695236431926894,0.050815275928505925,-499.60066721619853,0.0021222438897952303,0.0032804324164304346,-1.0862436964763376,0.0015184397779480897,0.0027320042434063685,-0.4469901904898852
crop_farming,12,ET0310,9,0.6412178667141922,0.761138472351243,-0.06261473927403127,0.7230750761185019,0.8843185504092258,-0.43438573585501206,0.5941554770602413,0.7857131044806169,-0.1323390383093117
crop_farming,12,ET0311,9,0.22930914797137295,0.27858363841089556,-6.661340972675143,0.19406437920392097,0.21932963635758415,-3.748847422335051,0.08883760874599624,0.10904282744150622,-0.1737829239863029
crop_farming,12,ET0312,9,0.052754795940916574,0.05365386948458214,-2687.203879056689,0.0010213307439298368,0.0012389122482384738,-0.4333135268098878,0.0011491417173732366,0.0014814409117749597,-1.049409639310257
crop_farming,12,ET0401,9,0.1048418289591949,0.10849946144642113,-0.9479448002185917,0.04495128576653213,0.08902312006447162,-0.3113756142841466,0.043121765995040126,0.08854593757734823,-0.29735479901723005
crop_farming,12,ET0402,9,0.18202950308267266,0.2551036655209705,-20.973057869516055,0.09894827421715514,0.2055894197355612,-13.271138573627693,0.07839391184789506,0.10431090847665798,-2.6738088609470796
crop_farming,12,ET0403,9,0.04629238514254405,0.04803991938042398,-6312.411420707144,0.0008747585347609209,0.0012715274880359794,-3.4229401048277968,0.0005793953845712155,0.0006935583361322435,-0.31590805034552805
crop_farming,12,ET0404,9,0.04839663005258502,0.050186355001930597,-2788.788733936652,0.0011552455522758137,0.001380333921222232,-1.1104172544538446,0.0008703218552564223,0.001111552021431183,-0.36854660948900575
crop_farming,12,ET0405,9,0.04937457868299392,0.0503752836009433,-249.75818940687302,0.003103828844636188,0.004919772614225458,-1.3917191368635047,0.0019123367389530799,0.0034343584377531226,-0.1654975274907715
crop_farming,12,ET0406,9,0.24278548554765342,0.26671184458265756,-0.09677927854523105,0.25439449016616933,0.33559794723681063,-0.7364937404930045,0.31481783362095495,0.3263124548700341,-0.6417307463536179
crop_farming,12,ET0407,9,0.15461512199609853,0.18633970050086074,0.19987030784925297,0.27240379516766516,0.30205136433617547,-1.1023799409332837,0.12963877649838096,0.20221155022177117,0.05776004103402099
crop_farming,12,ET0408,9,0.19736312762790198,0.24890557571200156,0.12412496090173308,0.24766112491637043,0.29217999144668433,-0.20690710322201533,0.21901838918857436,0.26056126860707396,0.04017375843386328
crop_farming,12,ET0409,9,0.43653402192663887,0.5324878923008769,-0.6656766133236867,0.59491587416307,0.6597317460493973,-1.55685428905581,0.3445418955001531,0.4297934294356415,-0.08515245509201885
crop_farming,12,ET0413,9,0.07676105152798568,0.09132324375265367,-2.4241423872506433,0.05389566885927345,0.07983045588733674,-1.6165339646682302,0.027551363904317894,0.05365136498483082,-0.18181829599298593
crop_farming,12,ET0416,9,0.09974399913108283,0.10094952432567383,-3194.1928288515974,0.0033810954169028276,0.004006451392942262,-4.0327838131494245,0.0018976221367256309,0.0018977011067956634,-0.12913050551348237
crop_farming,12,ET0417,9,0.32176928649281594,0.3718066989123746,-1.4086249810807536,0.43760410295527974,0.49823639699731664,-3.325194742104058,0.24001580104509182,0.28907029519128674,-0.4559340320792895
crop_farming,12,ET0418,9,0.19545211898226503,0.23087185211580993,-5.7638282625095805,0.12959649255148864,0.17590677111454106,-2.926591407998497,0.08326721870688512,0.09612920670888289,-0.17263084809497276
crop_farming,12,ET0419,9,0.060338516073170645,0.06177865371436251,-6154.460610595838,0.0009665418733392093,0.0018646069607229576,-4.6073579315266135,0.000830130245336279,0.0011400033527189956,-1.096022469304097
crop_farming,12,ET0420,9,0.12109727035319945,0.14900811165578054,-1.878308905777648,0.09488952920679429,0.14098001696798362,-1.5765151256459284,0.04791855988215548,0.09939399690853336,-0.28067192692725973
crop_farming,12,ET0602,9,0.34366349892017395,0.5097368850964772,-0.7295482604433787,0.3417750233065054,0.5384028350193678,-0.9295464574483365,0.2662210061130509,0.47017707070299086,-0.4715108044095535
crop_farming,12,ET0603,9,0.08462538642823692,0.10521088174089392,-616.5534703977848,0.002263025016271452,0.004800601005001022,-0.2857142857142856,0.002263025016271452,0.004800601005001022,-0.2857142857142856
crop_farming,12,ET0604,9,0.5671394713926432,0.6025236190815492,-3.6176342543892686,0.5504606993362611,0.6426176801558636,-4.252628902239041,0.29243421532427405,0.293737093288281,-0.09746066909826556
crop_farming,12,ET0605,9,0.056013160281711154,0.05686708602361609,0.0,0.0,0.0,1.0,0.0,0.0,1.0
crop_farming,12,ET0701,9,0.21066234923428231,0.25159042819011856,-0.06939808235583156,0.22018084322880555,0.2877841643368582,-0.3992166288924941,0.21617922778375662,0.2516241768509618,-0.06968500244319142
crop_farming,12,ET0702,9,0.40874230336590756,0.5239870433702842,-1.462403327287312,0.5768621379785628,0.701385934675016,-3.4119664128178284,0.266068066095609,0.3257228946218435,0.04848713645098357
crop_farming,12,ET0703,9,0.5443801505862098,0.6631648999328572,-1.4508476965541601,0.62962097156489,0.798356562379185,-2.5519517617495238,0.5382381295587497,0.6169967657559505,-1.1214804556438889
crop_farming,12,ET0705,9,0.40628016637627584,0.4432735146737656,-0.270624665457021,0.6864852272076506,0.8109765820871527,-3.2529506410434976,0.2570921989638495,0.2935248246925637,0.4428612187369484
crop_farming,12,ET0706,9,0.4076804125969453,0.45960518199330935,-0.8172418860961319,0.6164211416077126,0.7024538732046668,-3.245008146606226,0.23685244477662395,0.2592680558274603,0.42171633178593526
crop_farming,12,ET0710,9,0.5711885807361062,0.7094507956959655,-0.8179227560602225,0.7002088970171426,0.9407284880039958,-2.1963877501024607,0.3558145086806055,0.46083529059229206,0.23295238248430705
crop_farming,12,ET0713,9,0.6528345094723007,0.8432413625204944,-2.3469150979367064,0.8199061215804002,0.9930923931680422,-3.642161053356502,0.7139322768313787,0.8307351024739418,-2.2483739321992093
crop_farming,12,ET0714,9,0.4736834718033869,0.5370031719214833,-3.9309510874292553,0.5064668228853618,0.6365788610909757,-5.929173222760894,0.2957890091857937,0.3831824241962856,-1.510661448329083
crop_farming,12,ET0715,9,0.40693557381521994,0.4607623879932473,-1.16752425194175,0.4688518198423883,0.5731878620864518,-2.3543153901645923,0.32797294056799925,0.40890322972337023,-0.7070687268491578
crop_farming,12,ET0716,9,0.31130679670544104,0.37516050233351866,-0.5284567446385551,0.2169416676697401,0.42385050856968154,-0.9509419736467737,0.30602885630300464,0.3733453075465133,-0.5137018080768512
crop_farming,12,ET0720,9,0.30957590068711105,0.37693040220469837,-0.31360178458319377,0.45333644850510624,0.5461766895172834,-1.7580854394464467,0.21765733640987783,0.2534859519287526,0.4059141808649167
crop_farming,12,ET0721,9,0.43894028452069817,0.6139741366194681,-0.7465328054431462,0.4338587112299965,0.6441108646834116,-0.9221967689203061,0.6037153524993957,0.7450975819785266,-1.5721891464695816
crop_farming,12,ET0722,9,0.6193647631668853,0.7887143995089666,-1.700176258071953,0.34642200660980804,0.5564999678826389,-0.3442587187388466,0.6770988611301718,0.8033106194842102,-1.801041808558709
crop_farming,12,ET0723,9,0.6272102198486066,0.8725961685860051,-2.11428566186379,0.7696513535220113,1.086492599446172,-3.828201512963182,0.6672022918906211,0.7766946230277254,-1.4673595463547349
crop_farming,12,ET0724,9,0.07388563031805535,0.08139998723862815,-27.80996682988566,0.02249293814302342,0.027409502392531024,-2.2666032289926608,0.010995734419555802,0.014293417918012084,0.1116864869099159
crop_farming,12,ET1101,9,0.05212548354433642,0.05345720774413512,0.0,0.0,0.0,1.0,0.0,0.0,1.0
crop_farming,12,ET1102,9,0.0473851949792545,0.04888128181494636,-68018.60824939267,0.0001912045407850529,0.0002646118019109117,-0.9932757119438196,0.00044334183604228313,0.000476831412272402,-5.472598526329224
crop_farming,12,ET1103,9,0.07212045374843809,0.07695470834288053,-5248.137873244996,0.0011355001083986041,0.0017032501625979062,-1.5714285714285716,0.0005677500541993021,0.0012043797400300691,-0.2857142857142858
crop_farming,12,ET1104,9,0.5259111945387035,0.612601677507211,-0.3122191998915609,0.6559670269048521,0.7964564630453781,-1.2180641683430626,0.6145455062541882,0.7480146493632093,-0.9564566571612072
crop_farming,12,ET1105,9,0.07474209664984806,0.07724138456076118,-0.418920068595233,0.035869131004452645,0.07383151667833221,-0.29640713106851035,0.0365919667715585,0.07432737127951128,-0.3138790211370719
crop_farming,12,ET1106,9,0.05915586318370614,0.06901359628594234,-9.434863037411379,0.02882835465092801,0.035223084255925206,-1.7181423577784032,0.021255439695929985,0.025098678192025294,-0.38012726464740765
crop_farming,12,ET1202,9,0.25868779002667075,0.3267765407232688,-21.42843881198002,0.08386466113445598,0.11217227587134825,-1.6428247497693729,0.04825655754904669,0.08306685108750493,-0.44928166326620467
crop_farming,12,ET1203,9,0.10382108183370696,0.1442184965211534,-87907.47428840431,0.0005199978714354674,0.0007799968071532012,-1.5714285714285712,0.0002599989357177337,0.0005515410316418843,-0.2857142857142856
crop_farming,12,ET1204,9,0.08694804202909667,0.09333174686909984,-140.60524966118504,0.008817044392208798,0.01142855760746706,-1.1232611264197958,0.005962256028922284,0.009436290479785912,-0.44751531679309964
crop_farming,12,ET1301,9,0.1050493343037552,0.12239532740952717,-21.128447465790284,0.06190488753283262,0.08065953668481622,-8.610206377056778,0.22957062158328462,0.2585450535569429,-97.74013910235969
crop_farming,12,ET1401,9,0.08541463439663251,0.09720746211879028,-1163400.748877588,9.634534186670546e-05,0.0001445180128000582,-1.5714285714285712,4.817267093335273e-05,0.00010218966685452542,-0.2857142857142856
crop_farming,12,ET1501,9,0.35124774286418814,0.38311534496185223,-1.5478357799383682,0.3391965234891929,0.4675971840107567,-2.795387404617645,0.7856770769110567,0.8593558957986769,-11.819127280695016
crop_farming,12,ET1502,9,0.2885694786721627,0.38270569554855927,-0.042010821035805,0.442535059466709,0.5317198550749095,-1.0114448673448204,0.37672786903112354,0.4256115737562736,-0.2887516564865633
crop_farming,12,ET1600,9,0.4061094087416568,0.46828410567372436,-0.5537657607645059,0.5679216448826269,0.6610681059418458,-2.0964147059879834,0.2757173285140082,0.32326017155361136,0.2595919867117945
pastoral,0,ET0201,9,0.22965092324549355,0.278924278322772,0.5584050119273285,0.260410606180529,0.3145421759147645,0.43842305091565315,0.4777336811431254,0.595122494361105,-1.010315547712072
pastoral,0,ET0202,9,0.3910530948742678,0.4391391326755557,0.11029235661153369,0.3005374752851057,0.420161103679156,0.1855306747905875,0.7400512415579339,0.8704380455968146,-2.4955761884054786
pastoral,0,ET0203,9,0.39260559741085355,0.46611629385628855,0.38498915727472016,0.40915369112594346,0.5563606674321124,0.12379234703328978,0.50417184246259,0.673110546573692,-0.2825284088591704
pastoral,0,ET0204,9,0.4696806392825839,0.5619810805900408,0.3319205153405388,0.4257905846846547,0.5847980192200324,0.27656997190757204,0.9777081881932881,1.156470226428918,-1.829134912445849
pastoral,0,ET0205,9,0.481093050409225,0.5992302389027966,-1.0575528952217028,0.45742271470233375,0.6605253675138774,-1.5000147415230418,0.35610686877347747,0.5022909935611047,-0.44568724322276787
pastoral,0,ET0411,9,0.38451128306831134,0.43827728359966944,-0.5290360846701454,0.36319371302929254,0.4203831071956298,-0.4067286220808657,0.2994621595432143,0.39244054270500484,-0.2259352914814341
pastoral,0,ET0412,9,0.38762133703378476,0.48217711782656103,0.5306935375569479,0.3059003014955986,0.3743839046671166,0.7170708595284798,0.7648078746051374,0.9974386860642294,-1.0082406711672025
pastoral,0,ET0414,9,0.32229672364755835,0.42304634004598934,0.018598317193811553,0.3647992575730059,0.42684634651814163,0.0008882853346132702,0.5361315660668383,0.64870922087999,-1.3076559300687056
pastoral,0,ET0415,9,0.4403717573193112,0.4489988217442862,-0.23291600332898899,0.35939213127978015,0.481349711035175,-0.4169826022007934,0.5372170210737802,0.6574734046842197,-1.643622667573747
pastoral,0,ET0421,9,0.3331563766350386,0.4223794072659682,0.23930389155371368,0.28941486437572117,0.3757325539389116,0.3980459084747989,0.7270266271711008,0.837174234058473,-1.9883910609450393
pastoral,0,ET0501,9,0.32477099380708435,0.4007515431382272,-0.5372924344355059,0.3375770383046086,0.43803419328192034,-0.8366318424109653,0.3832104215183645,0.4256105704541339,-0.7339273393663053
pastoral,0,ET0503,9,0.33401694169908636,0.44706513348316296,-0.09113189125629728,0.42641509882171424,0.6152281853307086,-1.0663700335095125,0.42209887884724245,0.44625350597865143,-0.08717368154564675
pastoral,0,ET0504,9,0.11883400483367598,0.16649009906628262,-0.5691849771383868,0.13920422560442608,0.21168292999330787,-1.5366993318533253,0.4144783508827026,0.4422831689169043,-10.073837427858253
pastoral,0,ET0505,9,0.40632088903540614,0.5070641640758087,-0.1750225647668926,0.5118612828871035,0.634921029446034,-0.8422976284432697,0.44337422347179495,0.49484663933818207,-0.11908125168035033
pastoral,0,ET0506,9,0.20182938488866098,0.2546427106582989,0.3320010754939482,0.1894150603912507,0.2883152309312585,0.14365564909029427,0.586255253608991,0.6622438713127438,-3.518030533051501
pastoral,0,ET0507,9,0.5886020837918041,0.6825835359509929,-0.6152886580900117,0.6365519688914341,0.7760778349604897,-1.0880893872787643,0.4925118974840953,0.5719793826542149,-0.13422515623350884
pastoral,0,ET0508,9,0.3928154322017441,0.5034123664335093,0.49221191577545176,0.32499518580297126,0.5403083288478997,0.41505090930774213,0.8411827859273726,0.9913363281167008,-0.9691408811890698
pastoral,0,ET0509,9,0.3672948440775589,0.4950069518837343,0.36711945440252236,0.30653516273004733,0.49131818811632866,0.3765166895786697,0.7807403938834607,0.9760038446475016,-1.4603801035459427
pastoral,0,ET0510,9,0.1719872016177652,0.26334522784641207,-0.2472755233749011,0.16900865697278888,0.3486069688386219,-1.1856651294250118,0.5144939151041462,0.5261986736168028,-3.979789581787431
pastoral,0,ET0511,9,0.25958732602986734,0.3884131801369106,0.4209202549875555,0.18819376623954748,0.37012422994585853,0.474169841411862,0.6672122159710222,0.8409180299456431,-1.71429961963368
pastoral,1,ET0201,9,0.21519523244223784,0.2920177378849756,0.5159725807826414,0.260410606180529,0.3145421759147645,0.43842305091565315,0.4777336811431254,0.595122494361105,-1.010315547712072
pastoral,1,ET0202,9,0.34727012855934936,0.4363683605322798,0.12148425406143504,0.3005374752851057,0.420161103679156,0.1855306747905875,0.7400512415579339,0.8704380455968146,-2.4955761884054786
pastoral,1,ET0203,9,0.46578964968614023,0.5226716397166875,0.2266927625275954,0.40915369112594346,0.5563606674321124,0.12379234703328978,0.50417184246259,0.673110546573692,-0.2825284088591704
pastoral,1,ET0204,9,0.47964068625193806,0.5969046164699195,0.24630675819560555,0.4257905846846547,0.5847980192200324,0.27656997190757204,0.9777081881932881,1.156470226428918,-1.829134912445849
pastoral,1,ET0205,9,0.4527468943286611,0.6243282067330571,-1.2335181182029764,0.45742271470233375,0.6605253675138774,-1.5000147415230418,0.35610686877347747,0.5022909935611047,-0.44568724322276787
pastoral,1,ET0411,9,0.37190277276747,0.4066582824270987,-0.31637327363985945,0.36319371302929254,0.4203831071956298,-0.4067286220808657,0.2994621595432143,0.39244054270500484,-0.2259352914814341
pastoral,1,ET0412,9,0.4258001824459861,0.507858526052136,0.47937042271500796,0.3059003014955986,0.3743839046671166,0.7170708595284798,0.7648078746051374,0.9974386860642294,-1.0082406711672025
pastoral,1,ET0414,9,0.40259524921919365,0.4637938630566145,-0.17956237037796963,0.3647992575730059,0.42684634651814163,0.0008882853346132702,0.5361315660668383,0.64870922087999,-1.3076559300687056
pastoral,1,ET0415,9,0.4122749088413913,0.438319395063452,-0.17496373715724656,0.35939213127978015,0.481349711035175,-0.4169826022007934,0.5372170210737802,0.6574734046842197,-1.643622667573747
pastoral,1,ET0421,9,0.37466337214097745,0.4569555371759838,0.10966466384014528,0.28941486437572117,0.3757325539389116,0.3980459084747989,0.7270266271711008,0.837174234058473,-1.9883910609450393
pastoral,1,ET0501,9,0.2919029486302251,0.34880822626059643,-0.16460733396812088,0.3375770383046086,0.43803419328192034,-0.8366318424109653,0.3832104215183645,0.4256105704541339,-0.7339273393663053
pastoral,1,ET0503,9,0.41011883950087635,0.5009843898092279,-0.370200229223673,0.42641509882171424,0.6152281853307086,-1.0663700335095125,0.42209887884724245,0.44625350597865143,-0.08717368154564675
pastoral,1,ET0504,9,0.19416846068683327,0.22373173735645763,-1.833691114887225,0.13920422560442608,0.21168292999330787,-1.5366993318533253,0.4144783508827026,0.4422831689169043,-10.073837427858253
pastoral,1,ET0505,9,0.40831576822735444,0.5110322521611611,-0.19348506792146236,0.5118612828871035,0.634921029446034,-0.8422976284432697,0.44337422347179495,0.49484663933818207,-0.11908125168035033
pastoral,1,ET0506,9,0.240646096804454,0.2995330465011261,0.07572170782833465,0.1894150603912507,0.2883152309312585,0.14365564909029427,0.586255253608991,0.6622438713127438,-3.518030533051501
pastoral,1,ET0507,9,0.5781538053244473,0.6629788822836067,-0.5238349015310579,0.6365519688914341,0.7760778349604897,-1.0880893872787643,0.4925118974840953,0.5719793826542149,-0.13422515623350884
pastoral,1,ET0508,9,0.47752406117080404,0.5866145211957527,0.31049032486038375,0.32499518580297126,0.5403083288478997,0.41505090930774213,0.8411827859273726,0.9913363281167008,-0.9691408811890698
pastoral,1,ET0509,9,0.36255786044633875,0.4673278356349526,0.43591773025550806,0.30653516273004733,0.49131818811632866,0.3765166895786697,0.7807403938834607,0.9760038446475016,-1.4603801035459427
pastoral,1,ET0510,9,0.2130074265234415,0.24510958568258986,-0.08051819876408839,0.16900865697278888,0.3486069688386219,-1.1856651294250118,0.5144939151041462,0.5261986736168028,-3.979789581787431
pastoral,1,ET0511,9,0.3023011076416543,0.42205993377751466,0.31624784146983465,0.18819376623954748,0.37012422994585853,0.474169841411862,0.6672122159710222,0.8409180299456431,-1.71429961963368
pastoral,2,ET0201,9,0.2568466927111255,0.3030494948097766,0.4787109189535661,0.260410606180529,0.3145421759147645,0.43842305091565315,0.4777336811431254,0.595122494361105,-1.010315547712072
pastoral,2,ET0202,9,0.4102547307747388,0.4708245763189505,-0.022730694983250865,0.3005374752851057,0.420161103679156,0.1855306747905875,0.7400512415579339,0.8704380455968146,-2.4955761884054786
pastoral,2,ET0203,9,0.43968987345787136,0.5002513790310764,0.29161265812211457,0.40915369112594346,0.5563606674321124,0.12379234703328978,0.50417184246259,0.673110546573692,-0.2825284088591704
pastoral,2,ET0204,9,0.5227022110692268,0.6455825388610422,0.11836606858207854,0.4257905846846547,0.5847980192200324,0.27656997190757204,0.9777081881932881,1.156470226428918,-1.829134912445849
pastoral,2,ET0205,9,0.4030092479955414,0.5388195750197222,-0.6636053058324769,0.45742271470233375,0.6605253675138774,-1.5000147415230418,0.35610686877347747,0.5022909935611047,-0.44568724322276787
pastoral,2,ET0411,9,0.33398528156367513,0.37921841918005855,-0.14471838812047322,0.36319371302929254,0.4203831071956298,-0.4067286220808657,0.2994621595432143,0.39244054270500484,-0.2259352914814341
pastoral,2,ET0412,9,0.45714762238079604,0.5366385337908175,0.418690995943119,0.3059003014955986,0.3743839046671166,0.7170708595284798,0.7648078746051374,0.9974386860642294,-1.0082406711672025
pastoral,2,ET0414,9,0.36816738577695807,0.40743712331722637,0.08968414315172224,0.3647992575730059,0.42684634651814163,0.0008882853346132702,0.5361315660668383,0.64870922087999,-1.3076559300687056
pastoral,2,ET0415,9,0.40113389341772254,0.41297361653975545,-0.04300814773921213,0.35939213127978015,0.481349711035175,-0.4169826022007934,0.5372170210737802,0.6574734046842197,-1.643622667573747
pastoral,2,ET0421,9,0.4022725876728896,0.4601366416267917,0.09722534382421821,0.28941486437572117,0.3757325539389116,0.3980459084747989,0.7270266271711008,0.837174234058473,-1.9883910609450393
pastoral,2,ET0501,9,0.284078856459757,0.3542329569331957,-0.20111339962314911,0.3375770383046086,0.43803419328192034,-0.8366318424109653,0.3832104215183645,0.4256105704541339,-0.7339273393663053
pastoral,2,ET0503,9,0.4755061791425269,0.5464596448124479,-0.6302411043098497,0.42641509882171424,0.6152281853307086,-1.0663700335095125,0.42209887884724245,0.44625350597865143,-0.08717368154564675
pastoral,2,ET0504,9,0.2430219503606332,0.27636525798751777,-3.3237862067740425,0.13920422560442608,0.21168292999330787,-1.5366993318533253,0.4144783508827026,0.4422831689169043,-10.073837427858253
pastoral,2,ET0505,9,0.45435524977118685,0.5341393010439921,-0.3038554214226141,0.5118612828871035,0.634921029446034,-0.8422976284432697,0.44337422347179495,0.49484663933818207,-0.11908125168035033
pastoral,2,ET0506,9,0.2851642959215129,0.3343835996297924,-0.15186929916750347,0.1894150603912507,0.2883152309312585,0.14365564909029427,0.586255253608991,0.6622438713127438,-3.518030533051501
pastoral,2,ET0507,9,0.5889946985301164,0.664329726642996,-0.5300509694483002,0.6365519688914341,0.7760778349604897,-1.0880893872787643,0.4925118974840953,0.5719793826542149,-0.13422515623350884
pastoral,2,ET0508,9,0.5264687786508807,0.6117146595498396,0.25022229481406744,0.32499518580297126,0.5403083288478997,0.41505090930774213,0.8411827859273726,0.9913363281167008,-0.9691408811890698
pastoral,2,ET0509,9,0.44157144618020944,0.5519136424595269,0.21324156447397624,0.30653516273004733,0.49131818811632866,0.3765166895786697,0.7807403938834607,0.9760038446475016,-1.4603801035459427
pastoral,2,ET0510,9,0.2806617936458268,0.3067259114215125,-0.6920470124239066,0.16900865697278888,0.3486069688386219,-1.1856651294250118,0.5144939151041462,0.5261986736168028,-3.979789581787431
pastoral,2,ET0511,9,0.38177461057563333,0.48949586446459276,0.08029507649100931,0.18819376623954748,0.37012422994585853,0.474169841411862,0.6672122159710222,0.8409180299456431,-1.71429961963368
pastoral,3,ET0201,9,0.21326625764998394,0.255991222567531,0.6280353669636921,0.260410606180529,0.3145421759147645,0.43842305091565315,0.4777336811431254,0.595122494361105,-1.010315547712072
pastoral,3,ET0202,9,0.35124877150483763,0.39649768577511196,0.2746888469083655,0.3005374752851057,0.420161103679156,0.1855306747905875,0.7400512415579339,0.8704380455968146,-2.4955761884054786
pastoral,3,ET0203,9,0.39277722487502553,0.48649339998148067,0.3300411803646016,0.40915369112594346,0.5563606674321124,0.12379234703328978,0.50417184246259,0.673110546573692,-0.2825284088591704
pastoral,3,ET0204,9,0.4643894879665578,0.5633107507586882,0.3287553686878093,0.4257905846846547,0.5847980192200324,0.27656997190757204,0.9777081881932881,1.156470226428918,-1.829134912445849
pastoral,3,ET0205,9,0.4506339924556024,0.5995647751232465,-1.0598509037746244,0.45742271470233375,0.6605253675138774,-1.5000147415230418,0.35610686877347747,0.5022909935611047,-0.44568724322276787
pastoral,3,ET0411,9,0.3754141007245324,0.4123991604618838,-0.3538026416097775,0.36319371302929254,0.4203831071956298,-0.4067286220808657,0.2994621595432143,0.39244054270500484,-0.2259352914814341
pastoral,3,ET0412,9,0.4174994690790538,0.486786230828928,0.5216784894790695,0.3059003014955986,0.3743839046671166,0.7170708595284798,0.7648078746051374,0.9974386860642294,-1.0082406711672025
pastoral,3,ET0414,9,0.4177913918597793,0.45572467114565074,-0.13887482914490334,0.3647992575730059,0.42684634651814163,0.0008882853346132702,0.5361315660668383,0.64870922087999,-1.3076559300687056
pastoral,3,ET0415,9,0.38327070485791226,0.41967053294406087,-0.07710995533608433,0.35939213127978015,0.481349711035175,-0.4169826022007934,0.5372170210737802,0.6574734046842197,-1.643622667573747
pastoral,3,ET0421,9,0.350397812958366,0.4329672681974869,0.20068888421068887,0.28941486437572117,0.3757325539389116,0.3980459084747989,0.7270266271711008,0.837174234058473,-1.9883910609450393
pastoral,3,ET0501,9,0.30056136176035664,0.3622541520488352,-0.2561249069516456,0.3375770383046086,0.43803419328192034,-0.8366318424109653,0.3832104215183645,0.4256105704541339,-0.7339273393663053
pastoral,3,ET0503,9,0.48361341541859715,0.5462890323737853,-0.6292232945099019,0.42641509882171424,0.6152281853307086,-1.0663700335095125,0.42209887884724245,0.44625350597865143,-0.08717368154564675
pastoral,3,ET0504,9,0.18455553368048264,0.2241271494558307,-1.8437162092426949,0.13920422560442608,0.21168292999330787,-1.5366993318533253,0.4144783508827026,0.4422831689169043,-10.073837427858253
pastoral,3,ET0505,9,0.4202575741231863,0.5244548748352167,-0.2570038929016396,0.5118612828871035,0.634921029446034,-0.8422976284432697,0.44337422347179495,0.49484663933818207,-0.11908125168035033
pastoral,3,ET0506,9,0.2617267379725527,0.305828510188919,0.036461207767197745,0.1894150603912507,0.2883152309312585,0.14365564909029427,0.586255253608991,0.6622438713127438,-3.518030533051501
pastoral,3,ET0507,9,0.5657381416748088,0.6624890957525901,-0.5215842171136922,0.6365519688914341,0.7760778349604897,-1.0880893872787643,0.4925118974840953,0.5719793826542149,-0.13422515623350884
pastoral,3,ET0508,9,0.4736938952580964,0.563821196998015,0.36303210350276927,0.32499518580297126,0.5403083288478997,0.41505090930774213,0.8411827859273726,0.9913363281167008,-0.9691408811890698
pastoral,3,ET0509,9,0.3762504649276848,0.49531127433123756,0.3663410452932244,0.30653516273004733,0.49131818811632866,0.3765166895786697,0.7807403938834607,0.9760038446475016,-1.4603801035459427
pastoral,3,ET0510,9,0.18869454539147462,0.2481437815835284,-0.10743510677063939,0.16900865697278888,0.3486069688386219,-1.1856651294250118,0.5144939151041462,0.5261986736168028,-3.979789581787431
pastoral,3,ET0511,9,0.32674209302160184,0.43571237709394656,0.2712975137404141,0.18819376623954748,0.37012422994585853,0.474169841411862,0.6672122159710222,0.8409180299456431,-1.71429961963368
pastoral,4,ET0201,9,0.2905635105740789,0.3374510123379653,0.35364223551457974,0.2779246997284173,0.3972083568908893,0.10445326748550543,0.4777336811431254,0.595122494361105,-1.010315547712072
pastoral,4,ET0202,9,0.4761044126162715,0.5638262614473574,-0.4666741661920226,0.4406134783966463,0.5099076910774665,-0.19957157777684342,0.7400512415579339,0.8704380455968146,-2.4955761884054786
pastoral,4,ET0203,9,0.3971049321692069,0.4994314157097021,0.29393299395440586,0.47380227453617363,0.6085124790979081,-0.048173513215311825,0.50417184246259,0.673110546573692,-0.2825284088591704
pastoral,4,ET0204,9,0.5669353477671878,0.7098509310619875,-0.06590637139640143,0.5124755060130403,0.6361882629739599,0.14383779785183037,0.9777081881932881,1.156470226428918,-1.829134912445849
pastoral,4,ET0205,9,0.4162424073761381,0.4949563701009852,-0.40377467369344844,0.3658127052782008,0.5865244266454361,-0.9712230737562266,0.35610686877347747,0.5022909935611047,-0.44568724322276787
pastoral,4,ET0411,9,0.34229868898340055,0.41609096681459246,-0.37814967562337953,0.38132785960599563,0.4564718433717297,-0.6586234462151235,0.2994621595432143,0.39244054270500484,-0.2259352914814341
pastoral,4,ET0412,9,0.5929989248679877,0.6962201471225569,0.021554782990170773,0.48361043292473016,0.5773952278327196,0.327039270998982,0.7648078746051374,0.9974386860642294,-1.0082406711672025
pastoral,4,ET0414,9,0.382314645069739,0.4316031557684703,-0.021504153862610176,0.3732282030956188,0.44556404762433366,-0.08865731517427933,0.5361315660668383,0.64870922087999,-1.3076559300687056
pastoral,4,ET0415,9,0.37708320047557353,0.4050599920593308,-0.0034177675684423647,0.41741365870104896,0.49801822378719834,-0.5168182912171853,0.5372170210737802,0.6574734046842197,-1.643622667573747
pastoral,4,ET0421,9,0.3286547458828868,0.435134708685843,0.19266612701408625,0.3251965395955469,0.405802649048573,0.2978409832383999,0.7270266271711008,0.837174234058473,-1.9883910609450393
pastoral,4,ET0501,9,0.4007184720711986,0.44579183971469266,-0.902261910491418,0.36484975671056774,0.4791118024501739,-1.1972517651400771,0.3832104215183645,0.4256105704541339,-0.7339273393663053
pastoral,4,ET0503,9,0.4708851560817037,0.5602776625524645,-0.7137294669741354,0.6148863237631859,0.7463971837876419,-2.041414641388145,0.42209887884724245,0.44625350597865143,-0.08717368154564675
pastoral,4,ET0504,9,0.1625133314063033,0.17619386473998083,-0.7574334235031812,0.09632814627676077,0.18174947722760537,-0.8700088373723416,0.4144783508827026,0.4422831689169043,-10.073837427858253
pastoral,4,ET0505,9,0.46246128066320696,0.5846457290553947,-0.5620895692364691,0.6125199386289333,0.7515412391234353,-1.5812258311384557,0.44337422347179495,0.49484663933818207,-0.11908125168035033
pastoral,4,ET0506,9,0.3080353084279919,0.36098505254041136,-0.3424301712975639,0.24761701304326517,0.35148771303759324,-0.2727220309423404,0.586255253608991,0.6622438713127438,-3.518030533051501
pastoral,4,ET0507,9,0.5119542111815738,0.6129468194317041,-0.30251915175419875,0.5490594420470676,0.7266113802960176,-0.8303869770134971,0.4925118974840953,0.5719793826542149,-0.13422515623350884
pastoral,4,ET0508,9,0.631080670113215,0.7242610952486863,-0.051054073800022914,0.6278095738306799,0.7623763653650758,-0.16459144111561308,0.8411827859273726,0.9913363281167008,-0.9691408811890698
pastoral,4,ET0509,9,0.5397524562648937,0.6720807209683964,-0.16665386633478652,0.4853518975779749,0.6412013908390933,-0.06191085663919904,0.7807403938834607,0.9760038446475016,-1.4603801035459427
pastoral,4,ET0510,9,0.226475064054201,0.27730794206727777,-0.3830443601584035,0.17598730578831834,0.3558392760422432,-1.277294819545327,0.5144939151041462,0.5261986736168028,-3.979789581787431
pastoral,4,ET0511,9,0.4159773029849897,0.5792792216524371,-0.28803112952084353,0.3014705652904599,0.4986647619924337,0.04551783574151169,0.6672122159710222,0.8409180299456431,-1.71429961963368
pastoral,8,ET0201,9,0.2866349551899219,0.33361679936114924,0.3682469859530071,0.3622327445397151,0.45054683777012905,-0.1522093397644,0.47701436792758717,0.5939799116049004,-1.0026037003916604
pastoral,8,ET0202,9,0.4624635075113653,0.5619797637207125,-0.4570833539731267,0.5469642033320904,0.6032056696508622,-0.6787030202534561,0.7465180369880807,0.8756335527146905,-2.5374298091145993
pastoral,8,ET0203,9,0.420923663138089,0.549910464405045,0.14399131439908774,0.5462716477924485,0.7825407103887893,-0.7334370854266299,0.49921887989315,0.6717841548338689,-0.2774788400527646
pastoral,8,ET0204,9,0.6303445825421196,0.8049310069819493,-0.3705726469219446,0.75890953427653,0.904076305670788,-0.7289997086782352,0.9786025734537434,1.158562208070993,-1.8393796230477015
pastoral,8,ET0205,9,0.25232400259505433,0.29673407501302773,0.495456740838383,0.13611818317637223,0.31806091717123036,0.42032552054417227,0.3613572002309657,0.5033933501376476,-0.45203978241819454
pastoral,8,ET0411,9,0.34826832935774515,0.3868070964556207,-0.19099154528783036,0.2743947243638656,0.3925900801206556,-0.2268697419393384,0.3016769241787741,0.3963168008677029,-0.25027278907889294
pastoral,8,ET0412,9,0.608334336484951,0.7298209713494224,-0.0751672285710594,0.6239348893708477,0.7196248331333236,-0.0453353201772666,0.7819428239433256,1.0415824943205796,-1.1899322818850337
pastoral,8,ET0414,9,0.31839275176834264,0.40630732368008055,0.09472565024922042,0.35523257746635095,0.4278556900456171,-0.0038424064669768665,0.5458841450152028,0.6697110051375676,-1.4594941011156526
pastoral,8,ET0415,9,0.40071592111905213,0.4681331671292652,-0.34023794902683857,0.42065607621167894,0.5159348038021183,-0.6279187972130711,0.5481241788742804,0.6644400726899548,-1.6999437810623648
pastoral,8,ET0421,9,0.3671274203686572,0.46526400179846084,0.07699378507887233,0.43347507914993677,0.5305064559317776,-0.20001608794876513,0.7729817747062034,0.8838937450790296,-2.331239388215141
pastoral,8,ET0501,9,0.3660968559118829,0.4426547069601263,-0.8755828652167001,0.32192909890767935,0.3898591470368144,-0.45486112635812925,0.40147423571341706,0.43949714502144926,-0.848920337995756
pastoral,8,ET0503,9,0.3889912654165667,0.5205510112881501,-0.47932036890684615,0.44371472855459465,0.6324163031375174,-1.1834425145468899,0.458587884168005,0.48240647738655335,-0.2704626713713778
pastoral,8,ET0504,9,0.15359595425184447,0.19991091694974428,-1.2624049410354448,0.1396851957509043,0.21215534906979794,-1.5480344205313008,0.4592391308741045,0.5033331230005407,-13.341954501786937
pastoral,8,ET0505,9,0.4489887907202142,0.5716231732745932,-0.4932757849922804,0.5202195903297839,0.6955528034315542,-1.210958446294137,0.483575087612502,0.52433689036873,-0.2564383904769727
pastoral,8,ET0506,9,0.27869976647474015,0.3865309872550695,-0.5391533710970182,0.3119007810977861,0.38586065746552584,-0.5338195388460198,0.6348379996692363,0.7099514115948384,-4.19242843978654
pastoral,8,ET0507,9,0.4634793864276422,0.6765080562321996,-0.5866621861222641,0.5405809056180281,0.8435107145090084,-1.4667193068310738,0.5365376911612473,0.6044595903217513,-0.2666979595457648
pastoral,8,ET0508,9,0.6338041329732449,0.7665174343283024,-0.17727743589148726,0.6397036654043712,0.7729061321705843,-0.19698374200902746,0.8757011552878524,1.0237166962609798,-1.0998792332775231
pastoral,8,ET0509,9,0.5433273216120887,0.7006119349180184,-0.2678101137743809,0.5016771179126285,0.6620810595932151,-0.13219563849170402,0.8244181468951949,1.0203010059202797,-1.6887831579572135
pastoral,8,ET0510,9,0.16164059735158787,0.22712834197789883,0.07220045456186086,0.1572144145368892,0.3204483746036866,-0.8468330606249315,0.5688334214003404,0.5853846847548537,-5.163028925896619
pastoral,8,ET0511,9,0.4585983098940317,0.6437817579502433,-0.590844718102125,0.4117778710676442,0.5992367266576762,-0.37831125796917364,0.7318057569303827,0.9133905063403598,-2.2023105344740017
pastoral,12,ET0201,9,0.3464486037935997,0.39535279789291844,0.11280081788214347,0.37887605874986263,0.5166328277597285,-0.5150099901217995,0.47701436792758717,0.5939799116049004,-1.0026037003916604
pastoral,12,ET0202,9,0.5669751484603197,0.6709356702992547,-1.0768484441681059,0.47472115466742715,0.5868010393940077,-0.5886374302900736,0.7465180369880807,0.8756335527146905,-2.5374298091145993
pastoral,12,ET0203,9,0.5278528907443543,0.6419582810466059,-0.1665619695807259,0.6697572030920644,0.8586445858409512,-1.086993396183416,0.49921887989315,0.6717841548338689,-0.2774788400527646
pastoral,12,ET0204,9,0.7573296482329626,0.9264981542327124,-0.815824462256252,0.7218679106978154,0.9098268719763632,-0.7510649896785571,0.9786025734537434,1.158562208070993,-1.8393796230477015
pastoral,12,ET0205,9,0.37915310425099646,0.4558557923355456,-0.19074432906119654,0.34264731252946595,0.5666014059629293,-0.8395807760280487,0.3613572002309657,0.5033933501376476,-0.45203978241819454
pastoral,12,ET0411,9,0.35657781362191,0.4201635624923325,-0.40525968021802794,0.4000460178400348,0.4583648749213294,-0.6724089058696585,0.3016769241787741,0.3963168008677029,-0.25027278907889294
pastoral,12,ET0412,9,0.6925014924469416,0.8539606844535774,-0.47203824826485064,0.7299428303286626,0.8857276135697928,-0.5835934991821967,0.7819428239433256,1.0415824943205796,-1.1899322818850337
pastoral,12,ET0414,9,0.39426933145805987,0.46402755827749465,-0.1807513793734885,0.5094221681318495,0.5857662828492413,-0.8815668526553921,0.5458841450152028,0.6697110051375676,-1.4594941011156526
pastoral,12,ET0415,9,0.5401431476162837,0.5817623519139474,-1.0698282638520644,0.6107428092906342,0.6556947284896695,-1.6293383231017362,0.5481241788742804,0.6644400726899548,-1.6999437810623648
pastoral,12,ET0421,9,0.4622754956139439,0.5728732569599896,-0.39933861723288855,0.537586284803282,0.6329953805141252,-0.7084678197703838,0.7729817747062034,0.8838937450790296,-2.331239388215141
pastoral,12,ET0501,9,0.38782671252253553,0.46053386178928796,-1.0301551052808193,0.4566081900002364,0.5530200649818451,-1.927439045285582,0.40147423571341706,0.43949714502144926,-0.848920337995756
pastoral,12,ET0503,9,0.42840231397590556,0.4888151431247732,-0.3044425333229861,0.42324560618629525,0.6111585633936919,-1.039123129420438,0.458587884168005,0.48240647738655335,-0.2704626713713778
pastoral,12,ET0504,9,0.20663238529324582,0.22472146192704548,-1.8588174297053865,0.11964446967762339,0.18962524633544012,-1.0355868384497526,0.4592391308741045,0.5033331230005407,-13.341954501786937
pastoral,12,ET0505,9,0.4573780779514938,0.5131187238017999,-0.20325062086606982,0.3571534138926697,0.4897312736426843,-0.09606433501603173,0.483575087612502,0.52433689036873,-0.2564383904769727
pastoral,12,ET0506,9,0.35767192197021064,0.45334170118693345,-1.1172132629423892,0.40402709825505795,0.4843349208680391,-1.4166003390603672,0.6348379996692363,0.7099514115948384,-4.19242843978654
pastoral,12,ET0507,9,0.45311599437570194,0.5403356884655057,-0.012198832810301541,0.3267545208747564,0.552789667324957,-0.059396074514898034,0.5365376911612473,0.6044595903217513,-0.2666979595457648
pastoral,12,ET0508,9,0.6622638827269353,0.7782562697868651,-0.21361239108772967,0.564198311300943,0.7267057780020441,-0.058161539159147235,0.8757011552878524,1.0237166962609798,-1.0998792332775231
pastoral,12,ET0509,9,0.5629707268267522,0.6918647550486563,-0.23635037295507977,0.528745966172425,0.6800096002236458,-0.19434346478214004,0.8244181468951949,1.0203010059202797,-1.6887831579572135
pastoral,12,ET0510,9,0.25381352934994594,0.2987046741657,-0.6047062027389265,0.16816329632949628,0.32166559911031695,-0.860890114292042,0.5688334214003404,0.5853846847548537,-5.163028925896619
pastoral,12,ET0511,9,0.46857060496166525,0.6502562292055399,-0.6230036628831213,0.41091138563815194,0.5996924739169678,-0.38040859420805506,0.7318057569303827,0.9133905063403598,-2.2023105344740017
