,0,1,2,3,4,5,6,7,8,9,10,11,12,13,14,15,16,17,18,19,20,21,22,23,24,25,26,27,28,29,30,31,32,33,34,35,36,37,38,39,40,41,42,43,44,45,46,47,48,49,50,51,52,53,54,55,56,57,58,59,60,61,62,63,64,65,66,67,68,69,70,71,72,73,74,75,76,77,78,79,80,81,82,83,84,85,86,87,88,89,90,91,92,93,94,95,96,97,98,99
acled_event_count,0.0002979606349025053,0.00028263075642603956,0.0003089202554196536,0.00030054401499788057,0.00028293678555329084,0.0002868280054299512,0.0003022655022309372,0.0002864028600730989,0.0003025050437960997,0.00027652925218303164,0.00029326465562194216,0.00029001809484527813,0.00029468006291956975,0.0002790369402653852,0.00028865914584540496,0.0002725162729428113,0.000277652068104109,0.00027886453551273044,0.00028648220791286684,0.0002847941310817904,0.00028526089366286313,0.00028709062906830547,0.0002860107501548393,0.00029143089178841614,0.000291459856065102,0.00027622388023593875,0.00029236372298991026,0.00028028213927584,0.00029209315201738083,0.0002817069552212136,0.00027829582256305474,0.00029186489500151655,0.0002881638507848494,0.00029280406360728494,0.00027772231491699075,0.00026767195446328036,0.00030707678380161984,0.00029290242450346487,0.00028861645410535375,0.000294869934453573,0.00028091793929035805,0.00028310712471731606,0.00029258092014045756,0.00028528094659973995,0.00029133364079061193,0.00028934501380009837,0.0002971099138136483,0.0002875542851679768,0.0002908638012778654,0.0002956965439046654,0.00028412855161820573,0.00029517383245735834,0.00026540673941886727,0.00027913604019398706,0.0003012575900401943,0.00027861293616432767,0.00030503325630943474,0.0002892837925972205,0.0002921926720052433,0.00028238530795226803,0.000274769115786205,0.00027422096117980024,0.00028138330030808413,0.0002845502374153854,0.000277830922265593,0.00028990317110982617,0.00028884327856199064,0.00028772913105110977,0.0002873216643611328,0.00027500745280227367,0.0002782967342661528,0.00028205969299558033,0.0002978822813411754,0.0002874086621095953,0.00027978141453718734,0.0002936447716769271,0.0002864362887930179,0.00029695858956193145,0.00028785054280767774,0.0002820859479285993,0.00029914679415967495,0.00029342281292279407,0.0002877505823456939,0.00029126065696433466,0.0002834081123621583,0.0003007948098754352,0.00029129515354778024,0.00029622402864529543,0.00028560263392521265,0.00027418013948438146,0.00028918870111568744,0.00028206316371473403,0.00028872125667344403,0.0002922048850571178,0.0002979127301421888,0.0002935677285230956,0.000297401462393325,0.0003028300214331312,0.00029081779656985746,0.00027159347871846785
acled_event_count_demonstrations,0.00022253080475574078,0.00022160885662735126,0.00023890496067718197,0.00021987630355154505,0.00022479656237268177,0.00022052384018280986,0.00022908467269169,0.00023361783673288782,0.00024043054418256565,0.0002330403899345894,0.00021711812917659865,0.0002181338713220928,0.00023874301332247678,0.0002307744178049436,0.00020575478189002036,0.0002315156498256739,0.00024155431261236007,0.00021995258783655508,0.00025083593258684345,0.00022149593906774036,0.00020643739795262153,0.00023037797113876658,0.00023682119303593109,0.0002269239694180881,0.00023340698096353568,0.0002469918148796504,0.0002257944885872721,0.0002294956233090187,0.00022160211205868123,0.0002391033268901934,0.0002242077263477056,0.00021799828801265537,0.00023520385854208445,0.00021487572220757635,0.0002161134342907872,0.00022385932551407666,0.00022989286439528006,0.0002199443689630392,0.0002144204591464552,0.00021390699526954512,0.00025375668792435843,0.00021859641586031232,0.0002442796854398697,0.0002360300621785239,0.00023198708174576672,0.0002218171268678415,0.0002479829279779154,0.00023403188009316384,0.00021834391203957686,0.0002534934240499392,0.00024203832606412855,0.00023123530013482887,0.0002330107425434002,0.00021365511242693626,0.00023821630692552953,0.00022331654030528867,0.00023999129649537074,0.00024345755918379525,0.000247936514852179,0.00024900080560943727,0.00023025717773314712,0.0002456005264505528,0.00022138184694260913,0.00026568132992563903,0.0002513203651337705,0.00022468109341342133,0.00025777780608993265,0.00023214544717214738,0.00024614444717872835,0.00021647049420692535,0.000225829461678153,0.0002429528657431805,0.0002325898655314253,0.00022226146723126403,0.0002454441738764198,0.00023616837958494822,0.00023554397166531156,0.00024782030825844464,0.00021100924331039252,0.00022476650118889523,0.00024189709668389017,0.0002144302347555417,0.00022733568013346838,0.00022354799237942968,0.0002141341969070042,0.00024013372627906425,0.0002613983886397403,0.00022374302385988072,0.00024116051240629415,0.00022237846564200723,0.0002549967083570935,0.00022938889306709634,0.00022716458798164414,0.0002334560174109341,0.0002268975497441324,0.00024317433666167917,0.00019647130119859185,0.0002508501675535248,0.00022940301513742832,0.0002384323798366832
acled_event_count_demonstrations_lag1,7.981081015004257e-05,7.615115770233282e-05,7.79114495365115e-05,8.320510864651166e-05,8.030004826360855e-05,7.463991574511148e-05,7.80094630426224e-05,7.830737452707244e-05,7.241209785745135e-05,7.509766888899216e-05,7.990851866247183e-05,7.924780781779971e-05,7.792326788500908e-05,7.689137476463619e-05,8.886070911411975e-05,8.068735678497062e-05,7.789958230804027e-05,7.452756160673517e-05,7.770813564821985e-05,7.865103120736269e-05,7.696342784680009e-05,8.259331421853346e-05,8.687264484586676e-05,8.392133682534314e-05,8.034213030552704e-05,7.360686738946424e-05,8.02776249854461e-05,8.334793988229634e-05,7.460574430508026e-05,7.465946860225798e-05,8.181817844070448e-05,7.402206950398706e-05,7.835911180993723e-05,8.275422043944121e-05,8.427107400081542e-05,8.420318468255964e-05,8.475540970369217e-05,7.205211685673483e-05,7.098303721180305e-05,7.789635632619045e-05,7.734124656712664e-05,7.772528634871323e-05,8.443909799429448e-05,8.04217308605433e-05,8.083314795864603e-05,6.838973484331777e-05,7.178827664211362e-05,7.576586993885521e-05,7.676631019414088e-05,8.553071598296765e-05,8.236174351163595e-05,7.103383526645647e-05,7.699443828545928e-05,8.670569240360464e-05,6.980875345027964e-05,6.989060990766894e-05,8.049375015093057e-05,8.609847895469416e-05,7.581183639611455e-05,8.083503089814329e-05,6.58812638136942e-05,7.83844748762577e-05,8.063748499135608e-05,7.907389846339236e-05,7.620577133544114e-05,8.144786033787095e-05,8.421804043454722e-05,7.530773192543853e-05,8.086541843047177e-05,7.798246601615756e-05,8.24642535896806e-05,6.996955390919316e-05,8.946219772509227e-05,7.339850575210021e-05,8.44687829372583e-05,7.635325600256215e-05,7.86956879802002e-05,7.266990284148149e-05,8.306356646336507e-05,7.888312600013139e-05,8.415619902482437e-05,7.82322020927448e-05,6.964632674403812e-05,7.179299515033793e-05,8.094861879790545e-05,7.67233693783266e-05,8.290320442985612e-05,8.315936957271943e-05,8.213283999304347e-05,6.944393897217006e-05,7.708450084201236e-05,7.437886766642024e-05,7.773476978667528e-05,7.179651397818364e-05,7.628818928586091e-05,8.414051457892479e-05,7.502702243171062e-05,7.972236897210219e-05,7.580260078058295e-05,8.337633476031492e-05
acled_event_count_demonstrations_lag12,6.900490541203916e-05,6.360762268613337e-05,6.816326765879587e-05,7.143974203932607e-05,6.65253282796522e-05,6.619427183461733e-05,6.644062651610522e-05,7.321282384404237e-05,7.209986463713597e-05,7.067425427167806e-05,7.525344859369053e-05,6.5470247396401e-05,7.274045491317291e-05,6.522884010096268e-05,7.083873239424905e-05,7.048071001504025e-05,6.690253937466545e-05,6.753222623504467e-05,6.475714912665063e-05,6.719871518620547e-05,7.104973769582823e-05,6.504074147831085e-05,6.657443578137128e-05,6.445217684806011e-05,6.387564131901377e-05,6.372052482011156e-05,6.57858006949257e-05,6.865347961183661e-05,6.567741055851397e-05,6.45898664312333e-05,7.31966545030197e-05,6.980121822152325e-05,6.493114235793582e-05,6.764445446169402e-05,6.147395842564032e-05,6.865060253851656e-05,6.2276005328442e-05,7.762892198735389e-05,6.744772674010654e-05,6.586829505043246e-05,6.72251572273286e-05,6.714515218329973e-05,7.295133372456391e-05,6.112850562324189e-05,6.700569520825925e-05,6.979545559078517e-05,6.587391499406803e-05,6.63511991099788e-05,6.371293425189782e-05,6.58567107859112e-05,7.302049474162098e-05,6.767657409975494e-05,6.641716624978413e-05,6.529761142797351e-05,6.624612355639476e-05,6.987487060436304e-05,6.371065781415125e-05,6.757328039956882e-05,6.60851844596073e-05,6.762034342649314e-05,7.315395712297156e-05,6.984273997553881e-05,6.689874119825244e-05,6.479919168859042e-05,6.533574243509991e-05,6.53842822735354e-05,6.600517247404372e-05,6.909368571287356e-05,6.776702152584403e-05,6.723813924699343e-05,6.754186937651033e-05,6.321291564568477e-05,6.088789506173282e-05,7.310753059621676e-05,6.163036547153879e-05,6.678574766740049e-05,6.282482620166696e-05,6.59317838695232e-05,6.84025136302717e-05,7.34144806337406e-05,6.734406725960489e-05,7.13040419771311e-05,6.565794321721879e-05,7.226629371660344e-05,6.855555056106477e-05,6.635785334228728e-05,6.0729747040363076e-05,6.798723515886697e-05,6.797073725186767e-05,6.829321261024869e-05,6.850709672053161e-05,7.224305075888308e-05,7.384835817613957e-05,6.663569521089519e-05,7.202270099465151e-05,6.251129423948796e-05,6.799270624514693e-05,6.81290449285359e-05,6.795495123781773e-05,6.526423961417769e-05
acled_event_count_demonstrations_lag3,1.656095271710283e-05,1.8033052468768806e-05,1.7535961647643312e-05,1.8489809502417503e-05,1.672512367676257e-05,1.7200332514818287e-05,1.7656010862894926e-05,1.7262888468771124e-05,1.72336187645577e-05,1.8164067284259982e-05,1.672025062298059e-05,1.9236406751023315e-05,1.8993241993968778e-05,1.925540283923934e-05,1.9821746749167116e-05,1.789985034676504e-05,1.9001956897986355e-05,1.915549058235765e-05,1.852895165976777e-05,1.8191754511378197e-05,1.8457992785218834e-05,1.8869872796918047e-05,1.642933181886162e-05,1.6549593859639473e-05,1.7457672416022354e-05,1.8550060481203267e-05,1.7786771974933196e-05,1.548357456382634e-05,1.706485511199041e-05,1.8270755491333226e-05,1.7657566441543106e-05,1.847396197865715e-05,1.7491579065427152e-05,1.668237028238566e-05,1.643169507399726e-05,1.8157585433396987e-05,1.826949068586155e-05,1.787987593599975e-05,1.5950224441370116e-05,1.94611582195475e-05,1.9264438307186583e-05,1.729864580845981e-05,2.0186546380105225e-05,1.7541914688535113e-05,1.6185292669458172e-05,1.8904415223415842e-05,1.559454810807547e-05,1.7916632181816342e-05,1.703638315401339e-05,1.572970383825633e-05,1.8434968100201268e-05,1.627697968975049e-05,1.7890318607290585e-05,1.956255206024548e-05,1.8220439680522275e-05,1.822147488509214e-05,1.6517962973109806e-05,1.9351830397487675e-05,1.6923442070312628e-05,1.7557560907788652e-05,1.961976447861881e-05,1.5490385510922094e-05,1.8799126314049427e-05,1.7299226246095468e-05,1.8505803666098764e-05,1.885707202843751e-05,1.7959584325829647e-05,1.729446902917409e-05,1.839255541948675e-05,1.5852348030569885e-05,1.657414404332144e-05,1.811334365828437e-05,1.7093111303929957e-05,1.72744662256036e-05,1.8343406172149178e-05,1.7833351938528305e-05,1.9944750744363537e-05,1.6482552710157003e-05,1.9423467228594034e-05,1.7986243579143323e-05,1.9008783897381145e-05,1.579236174600033e-05,1.7464354414469707e-05,1.6347678015722005e-05,1.7898826856035007e-05,1.708072403881614e-05,1.617404516578091e-05,1.8023706559963356e-05,1.817888447216579e-05,1.70802554852227e-05,1.902587761944372e-05,1.751768241750219e-05,1.8471270302160185e-05,1.702450156042171e-05,1.726523330955772e-05,1.5195986202013665e-05,1.862623967909048e-05,1.774780137954168e-05,1.7071810047726453e-05,1.8354494261553446e-05
acled_event_count_demonstrations_lag6,0.00020823563867505046,0.0002102949263674533,0.00022769418673292884,0.00020231207881863257,0.00022376910214530262,0.00022392687199764556,0.00020166803749112363,0.00019500087946653367,0.00020845961837988832,0.00022163219695937807,0.00020250369978810258,0.00019764717587310334,0.0001947769436283388,0.0001982081710895057,0.00019620768181154386,0.0001917024373460569,0.0001909509426277848,0.00019273050987464425,0.00023008438263967727,0.00019465814285292665,0.00023440577395406878,0.00022275544458124824,0.00022104151949949762,0.0001940796722746676,0.00021084103526983325,0.00022832568576771527,0.00020376763797768122,0.0002180801878305341,0.00020715321445988018,0.00021527314225527964,0.000208455729963524,0.00022835863925763414,0.0001917029580093658,0.00020815701822617225,0.00020763890055638755,0.00020431100629948805,0.00020332352907105695,0.00021077722046373886,0.00021379794612118116,0.00020880679297212735,0.000207624531314394,0.00019939440243740567,0.0001992665336073972,0.0001903785213801092,0.0002083777572466041,0.00020590659151891128,0.00023645487827042553,0.00020203695591060949,0.00019746266872338626,0.00019910172944961744,0.00020360264745897635,0.00021992126811396013,0.00020981430906154538,0.00022192399945943067,0.00021453481760477612,0.0002098349632124569,0.00020751560340186208,0.00018700726246403425,0.0002071047023152759,0.0001926367014683166,0.00019800054103687528,0.0002077386647030927,0.00020038137785072282,0.0002040891853396397,0.00021213046957181447,0.00019099354926172807,0.0002471330505747572,0.00022244626438287597,0.00021208336636593746,0.00020414291824142816,0.0002126079088840518,0.00022612519665403334,0.00022221406703375234,0.00021848699471317462,0.0001736891786153303,0.00020847423855354142,0.00020441018477830396,0.00020784570316843858,0.00021698347150153377,0.00022813452337338256,0.00021352746459321885,0.00021320799407578125,0.00019868923424440387,0.00021583352733970336,0.0002268313365172803,0.00021355372673290054,0.00019120991668195364,0.0001914464651682177,0.00019710010918354767,0.0002034671004479809,0.0002266750924046273,0.0002074276947697883,0.0001986975085055822,0.00021236172472811294,0.00022156726338516913,0.00020749342355946577,0.00023079855728115478,0.00020692090467235564,0.00019450643180346977,0.00020834025750939367
acled_event_count_lag1,0.000556067587840554,0.0005520099570577498,0.0005233400210634059,0.0005251465035567743,0.0005292978961074698,0.0005331126870838134,0.0005612374456429673,0.0005451895446973558,0.0005162006743950287,0.0005139702744010689,0.0005199695336699918,0.0005053442252094146,0.0005051131888078699,0.0005359766968211649,0.0005548472118064546,0.0005194945766071849,0.0005315541371213384,0.0005247121379859205,0.0005231754537131907,0.0005298736425671981,0.0005548888719091134,0.0005368342240366074,0.0005364766172335848,0.0005451644435775608,0.0005368468153539189,0.0005561987047544517,0.0005433668667357993,0.0005018634750559833,0.0005752656374061113,0.0005210452634980034,0.0005567965949509547,0.0005300931209277971,0.0005429289721176182,0.0005397518910660445,0.0005405658775049707,0.0005260456251713214,0.0005356346124466933,0.0005311554649702079,0.0005016238971441737,0.0005154597022962095,0.0005698287727477079,0.000508359636182031,0.0005375923333866965,0.0005337864106065955,0.000535312477512744,0.0005154534580482953,0.0005269114193207667,0.0005004973492081862,0.0005264258690903399,0.0005423877681325929,0.0005253272770285051,0.0005041535556659596,0.0005156565651366985,0.0005494979805530938,0.0005089425979332524,0.0005338032785359593,0.0005261868899823098,0.0005429704661537,0.00054241794279119,0.0005564718674984037,0.0005448586488717214,0.0005351868327938436,0.0005625992304766956,0.0005407159540640271,0.0005864970776489618,0.0005370999162912554,0.0005546482015250725,0.0005293789231478705,0.000532801619270049,0.000519245946259232,0.0005473057299324043,0.0005285886288900121,0.0005438476119298434,0.0004891652619662863,0.0005348999729557406,0.0005147005351815627,0.0005432553450513331,0.000546495127057807,0.0005557085328116457,0.0005468073021909742,0.0005347677389850096,0.0005327727323625523,0.0005070430547187942,0.0005392253553633642,0.0005735610263695937,0.0005585499999632067,0.0005031479924616421,0.0005349931874029015,0.000563599969169769,0.0005104775701535723,0.0005384604511184783,0.000522126266771376,0.0005436154104591835,0.0005670521518709158,0.0005247441482948096,0.0005142792718056936,0.0005254539972996459,0.0005233715795940772,0.0005405692884015926,0.0005607358799904091
acled_event_count_lag12,0.00038283866799800943,0.00036604867312444014,0.000347353104240691,0.0003612002205512415,0.000352742047170582,0.0003619281084355792,0.0003457834476780524,0.00034964427860033375,0.0003512590975109218,0.0003194956382009631,0.00033543271817147393,0.00037092809716247286,0.00034259815009091024,0.0003844405245084092,0.0003992617166192342,0.00037814451332876986,0.000347556122583501,0.00034518404121416203,0.0003415579668498804,0.0003665118114772112,0.0003695575073052884,0.0003687255954134662,0.00036917299482446957,0.0003435993959980691,0.00036241815772050255,0.000359933386753481,0.0003636386418304412,0.00033501411289724815,0.00036032026858738087,0.0003935117867204513,0.0003506341541290098,0.0003476944948714342,0.0003363011848840932,0.0003481708977498716,0.00035428588623740163,0.000340651508394675,0.0003418178638871412,0.00035182151113835396,0.00035472326535021975,0.00034733167198712224,0.0003778017515038944,0.00034770671929971276,0.0003590343160676244,0.00036369699721589037,0.00038726857345643806,0.000365489375450712,0.0003564830130934098,0.0003504072262724287,0.0003865428829534793,0.0003559262454162658,0.0003402347946163521,0.00034086914814036824,0.0003536334471472425,0.00036850304200119235,0.00034397985028415364,0.00032571255529249246,0.0003635379909267784,0.0003618685024651635,0.0003546191291212573,0.00034657057568018265,0.00034623082243214604,0.00035867099209127497,0.00036022327543866836,0.00036363732243269127,0.0003704912127786187,0.0003893909035645826,0.00036210907144977193,0.0003807361283499601,0.00034571640358805873,0.0003461146633686425,0.0003690909004266958,0.000330921529799962,0.0003624692145883497,0.0003484709721008474,0.00034410633661593337,0.00034835601741771985,0.00037627693132630415,0.0003756832244890833,0.000344148953324743,0.00036079798722408297,0.0003618492411283726,0.00035025326884110646,0.0003421301591715257,0.0003322121376069513,0.0003552024816471397,0.0003582343619652324,0.0003207776987371777,0.00033746580759595545,0.00035204800160594025,0.0003463900277842276,0.0003310128070286805,0.0003709698477461086,0.0003631474387563966,0.00033860675584212503,0.00034551623064781663,0.0003293862952474759,0.00036296893755267094,0.00035520846163468364,0.0003628205398568116,0.0003644645725054894
acled_event_count_lag3,0.000364725747645298,0.0003904701678961367,0.00034246482676018983,0.00037254459648484686,0.0003918731012995626,0.00034312487432977095,0.00037131411900228527,0.00039995425269081196,0.00033509790927859114,0.00038978101295904943,0.0003524845188145437,0.00040622319747232516,0.00037700625593057213,0.0003477401873640336,0.0003441566559547553,0.00035313221002149437,0.00037419211019568556,0.0003580490839044567,0.00034277178496245285,0.0003628639151331608,0.0003854048305173505,0.0003716153626975663,0.00034172959542808204,0.0003825517389855847,0.0003650112826851733,0.00036621610602394314,0.00033644651919089965,0.00033818653731335264,0.00036494238375624406,0.00034704165898549554,0.00035954845545468293,0.00033350667839893475,0.0003778122656904672,0.0003731174434137031,0.000360461751357739,0.00033233966437355456,0.0003450402720276012,0.00036115272604948583,0.0003917891932179593,0.00033364460005352127,0.0003356086660413203,0.00032927961762744824,0.0003848296547789169,0.0003549160834918966,0.0003848042323359618,0.00035870210827083866,0.0003485229709355583,0.00032829493539260584,0.0003484995196489439,0.0003555619037368115,0.00035811225976397265,0.00037344411461950064,0.00034504833374043257,0.00034044480379263523,0.0003597710348886735,0.0003541935939116666,0.00032987471989843575,0.00038938745109407295,0.00035131522575737985,0.0003651332359386928,0.0003546518020830903,0.00034730216130710934,0.0003529524163546197,0.0003776745230816816,0.0003666034243219025,0.0003468717492385464,0.0003437493883488376,0.00036196397887799535,0.00034712326396439864,0.00037090365664238555,0.00034161819391140345,0.0003531101410116665,0.0003659242835323308,0.00037042408026841627,0.0003581363945763402,0.00034817486191151555,0.00034901753491904024,0.00032445096983276667,0.0004078665379800942,0.0003472277620901531,0.00036983634722890287,0.00036552788650083854,0.0003564046968654252,0.0003424023348527409,0.0003698653176201047,0.00032303227791931447,0.00037727383535772783,0.00035690415055755195,0.000353707476469879,0.00036943286493315515,0.0003344533496618745,0.0003703704906246595,0.00034547551938727416,0.00037273104887313016,0.0003739554894258708,0.0003625420988590397,0.0003827514459632576,0.00038148924719453567,0.0004005808034402224,0.00035568014327528273
acled_event_count_lag6,0.0005728258482950853,0.0005460778367464618,0.0005126291951771987,0.0005616086721589006,0.0005748705111017863,0.0005621298314862755,0.0005514011034302367,0.0005638556376554643,0.0005426759727484321,0.0005644205728435877,0.0005446563498574978,0.0005415462904925965,0.0005447566667600587,0.0005593019454955947,0.00055331805755633,0.0005256789011806519,0.0005390761362766658,0.0005454929524070465,0.0005224308405865917,0.0005232761705132282,0.0005626905734812759,0.0005123234612338908,0.0005484307552981875,0.0005842885436339779,0.0005400983226971457,0.0005534757857112596,0.0005255979460502124,0.0005397208894248165,0.0005616963780041606,0.0004895646667867652,0.0005791663062540857,0.000576199575830598,0.00059934333377753,0.0005617518407701444,0.0004946501349657195,0.0005781752381793862,0.0005322032538796997,0.0005403949578068996,0.0005531267058967148,0.0005580267652013102,0.0005423173248839196,0.0005557300692123378,0.0005421566376346887,0.0005693024903507883,0.0005540414913615316,0.0005473747670502974,0.000527347016628392,0.00051429950377632,0.0005627123180315994,0.0005214788119923747,0.0005332514595946077,0.0005384955831415812,0.0005563062659559258,0.0005422065940764627,0.0005365323601676224,0.00055260696687242,0.0005503788299513422,0.0005150395767656242,0.0005376471241132991,0.0005557650145370798,0.0005241448299498461,0.0005872723587892764,0.000506410757311105,0.000580093913131218,0.0005054492556189204,0.000529096055909409,0.0005499268942715034,0.0005766611674503572,0.0005394963758484717,0.000533066726700397,0.0005563673553901569,0.0005292745059554698,0.0005134097923761847,0.0005275541635574368,0.0005204593504737584,0.0005552956907948244,0.0004930849091871014,0.0005476721698142526,0.0005659968297813844,0.0005295611202126797,0.0005447539376040948,0.0004962607947762431,0.000527594588681531,0.0005690198026281274,0.0005875643111348893,0.0005443896654574876,0.0005156966224679141,0.0005561889782904669,0.0005033315546467406,0.0005024063014319286,0.0005377176910683158,0.0005906737310952636,0.0005553587155554474,0.0005431384034985079,0.0005468306833286201,0.0005751006774735439,0.0005219388216893973,0.000532346034234999,0.0005392148842269605,0.0005403170387904636
acled_event_count_political_violence,0.0002284950294240723,0.0002338571561689394,0.000248764357486196,0.0002341040368645026,0.00021355222309525,0.00024002206957210665,0.00026772122967055,0.00022659510543751173,0.00023983025645709928,0.00023248233749506144,0.00021979535359110275,0.00022987870858137653,0.0002393081760145801,0.00023182981134648774,0.00023306177554972176,0.00021179567207341268,0.00021087905974368377,0.00022789645753511638,0.00024664906030964285,0.0002453751408921142,0.00022810174385567752,0.00023523006852384557,0.00023658919373746985,0.00020490007891510583,0.00022432623630173613,0.00022185972648794237,0.00022189119875558322,0.00022010290927753067,0.00023711362709513022,0.00021839967871462737,0.00022738880649455834,0.00025221810868495835,0.0002173667677435214,0.00023586942918413543,0.00020665732312631285,0.00020042425573477617,0.00026271015284660103,0.00024257719017349293,0.00022982086120539695,0.0002409335045533459,0.00023054347381257987,0.00024075206086197657,0.0002234237525982331,0.000218579537325826,0.00022027872073296343,0.00022354047771014937,0.00023569453095026146,0.0002348872350902908,0.00024139824280935661,0.00021750031176021256,0.00023149336142538744,0.00022889798997340272,0.00022847665431398288,0.0002050673120556781,0.00023502875517139802,0.0002194708683932929,0.00023954167538351432,0.00024551920386467046,0.00024159701124574085,0.00023991517352873524,0.00022642575929859195,0.00020556754189664903,0.0002257019900581867,0.00023430294499927301,0.0002429720699087202,0.00022999252673280935,0.0002248122924929157,0.00021839740275893184,0.0002479923361677129,0.00024367971473525802,0.0002208472018643026,0.00020743280573985221,0.00023846654115364295,0.00022196419031877943,0.00023607459793245232,0.00025000448763374373,0.00022724321763769687,0.00021237248140743955,0.00022463437363092728,0.00022838206018859186,0.0002224679450373364,0.00023604232565293526,0.00025235279542769985,0.00021390038994131282,0.00020025601508346527,0.000251473415947633,0.00024314279117048805,0.0002212804060537314,0.00020574098761438336,0.00020759414898821656,0.00022270397052234406,0.00021416090831823846,0.00021038399662197746,0.00023887063459518288,0.00024558276190628795,0.00023555228388800784,0.00024003786966204644,0.0002302584208463228,0.0002170577589624926,0.00022043439583259
acled_event_count_political_violence_lag1,0.00020864186673492626,0.0002312761131774318,0.0002269450999318196,0.00019814247693519414,0.00021963997456721392,0.00021130757456487256,0.00022970860743004343,0.0002183559502997507,0.00022733462800890762,0.0002053408615491652,0.00020171436201588214,0.00021429467198147783,0.00022423891022832251,0.00021421593993778802,0.00023245943235869734,0.0002282868384327701,0.00023449776890855398,0.0002112305219869436,0.00022384634021646487,0.0002202910060683886,0.00022008707881837652,0.00019989352264512892,0.000254140265949271,0.00022199463723979383,0.00021751548007408283,0.0001987804251859894,0.00021805310425180826,0.00021293388513798052,0.0002266960881850981,0.00021542217081131155,0.00022802177168752835,0.00022015561181936205,0.0002405012940397914,0.00021627207188317494,0.00020684822198335182,0.00019050561254130635,0.00022053232967976952,0.00021741243144863634,0.00022437145613426993,0.00019120170038741075,0.00023665323228754613,0.00022384228636018977,0.000229269099146066,0.00022246252290333775,0.00021178835104402794,0.00022995217662790548,0.00023888269589739556,0.0002141428046992847,0.0002220177587206566,0.00020544651903474305,0.00022516956371611936,0.0002576184075318015,0.00020983203605403564,0.0002291674885752285,0.00021538792397850047,0.0002119900265373058,0.00020343289319155872,0.0002532922360066548,0.00022772964452611241,0.00020399799427754144,0.00021460883118844674,0.00020601469020727504,0.0002286445773659779,0.00021169529167268093,0.00021381021687456292,0.00024002652738713823,0.0002112047604090432,0.00022135145044413165,0.0002275717396512782,0.00021314540025672062,0.00022600881415988101,0.00022082061393043762,0.0002166165833363375,0.0002265603306624213,0.0002392666402810849,0.00021340920364264375,0.00019754657934479585,0.00022733685122822137,0.0002265001814928114,0.00021230528482060502,0.00021024907960346274,0.0002258378233351816,0.00022116132682154638,0.00022754190570634344,0.00023493123959989035,0.00022550241686172367,0.00021845528250463754,0.0002208534057404437,0.00022156275924503432,0.0002066350462952509,0.00021705071000270468,0.00022335299223229504,0.0002527215176765223,0.00023712388878036484,0.00022094605864636892,0.00023236707678184253,0.00022784174568411233,0.00023048690888513937,0.00023613378798924617,0.00024250241933587176
acled_event_count_political_violence_lag12,6.816188070159522e-05,7.828934577064238e-05,7.240304214336117e-05,6.57478009984977e-05,6.527686163813925e-05,6.262072117123791e-05,6.950759072450624e-05,6.783612026190905e-05,7.289194715967089e-05,5.9592240638491035e-05,6.767487014580218e-05,7.122129984739897e-05,8.435621954053331e-05,7.095574970139233e-05,7.847064631696074e-05,6.963428703771122e-05,6.229427486935758e-05,7.950753112387213e-05,7.298907369190122e-05,8.651413559512568e-05,7.91920948673356e-05,6.823304936474895e-05,6.834706696479217e-05,7.19294056111241e-05,7.11412115049535e-05,6.540431072222026e-05,7.007390387957881e-05,6.527284326081937e-05,7.159729713793867e-05,7.858594289477568e-05,7.075967891893772e-05,6.726163344970647e-05,6.221954866966105e-05,6.713586036061896e-05,6.705234791335358e-05,7.507716523440975e-05,7.270697087789914e-05,6.915976102492824e-05,6.332997440921594e-05,7.447188384599567e-05,6.782174685017417e-05,6.356130201778303e-05,7.438334341374984e-05,7.333867560385671e-05,6.92781876564396e-05,6.243956736125068e-05,6.77266015476445e-05,6.868421595628464e-05,6.139685610004587e-05,7.46825492051941e-05,6.504174009520814e-05,7.186018250589539e-05,6.227988082583893e-05,6.888680850342688e-05,6.684295844680034e-05,6.59391380399157e-05,6.687033759511036e-05,6.988432960233827e-05,6.598643129440815e-05,8.110055472416414e-05,7.434927397571489e-05,6.645059186047402e-05,6.845063292739554e-05,7.286785579215172e-05,7.36611436350622e-05,6.564945796230811e-05,6.600237850631987e-05,7.35305544706235e-05,7.563786307353657e-05,6.833609278404441e-05,7.507270414143121e-05,6.390180261362167e-05,6.726105961616982e-05,6.497111210048075e-05,7.244422202679188e-05,7.320460873052447e-05,6.0800536040131845e-05,6.972857949557264e-05,6.907097301127748e-05,6.99805234622511e-05,6.516634025774881e-05,6.852901538768416e-05,7.968345120950268e-05,6.911746239748554e-05,7.019138549826653e-05,6.84855613803518e-05,6.11891621033474e-05,6.342823954596036e-05,6.218513909642495e-05,6.735536537863946e-05,6.880027436753484e-05,6.800444245215035e-05,7.464468178356656e-05,7.165702615187775e-05,7.706725734669723e-05,6.813776696690862e-05,7.618070304332066e-05,6.576206161029344e-05,7.451480296951397e-05,6.929098977466301e-05
acled_event_count_political_violence_lag3,7.627196542486764e-05,7.900155976599787e-05,7.417441228130836e-05,7.635700144259332e-05,7.442560453762303e-05,7.283293278637201e-05,7.30874713926767e-05,7.153069263027199e-05,7.343344543684529e-05,7.574321069671747e-05,6.985882596993976e-05,7.054120404395135e-05,7.756302488956207e-05,7.329016700232745e-05,6.874408948912014e-05,7.459808755126121e-05,7.682857127748352e-05,7.191399077636114e-05,7.161512574678438e-05,7.370117454988184e-05,7.855669873926642e-05,7.473488847337524e-05,7.317054372735892e-05,6.792346053172527e-05,7.640173548820967e-05,7.119636440854018e-05,7.29992530669238e-05,6.758987510241336e-05,7.374086793257584e-05,7.332606640245234e-05,7.171277178540117e-05,6.975067541288601e-05,7.593705295729712e-05,7.223069169375405e-05,7.358886013250976e-05,7.159799832935535e-05,7.176636081906209e-05,7.59607403660598e-05,7.121576300935962e-05,6.880867955377075e-05,7.424522764926804e-05,7.543252293197881e-05,7.751976230469056e-05,7.634579607017538e-05,6.956543708817867e-05,7.450457124375039e-05,7.04946015203684e-05,7.6303738130808e-05,7.416349628411897e-05,7.255074696318395e-05,7.239324575787561e-05,7.716240091384321e-05,7.855732164559712e-05,6.96826236916409e-05,7.30536414375895e-05,7.358702086683509e-05,7.487879776806565e-05,7.730362108690707e-05,7.670822743264723e-05,7.51778089073072e-05,7.38791993666849e-05,7.201907544070951e-05,7.474589697615578e-05,7.300609833605233e-05,7.47507775499337e-05,7.183028820817268e-05,6.931789381348568e-05,7.23422511710205e-05,7.393981116066068e-05,6.947884891436707e-05,7.007152100496657e-05,7.592309285610853e-05,7.014842997989608e-05,7.252022908425911e-05,7.288024170752268e-05,7.639861411143164e-05,7.194854139772632e-05,6.973492507061171e-05,7.187658998012296e-05,7.2548363751136e-05,7.048799428803457e-05,7.451338366668972e-05,7.488669318534573e-05,7.564064715921447e-05,7.189084461448602e-05,7.21021141764355e-05,7.423326328751587e-05,7.193781677479267e-05,8.007056801917328e-05,7.245165154175914e-05,6.869334402623322e-05,7.676953868265601e-05,7.631601616316021e-05,7.378985390923223e-05,7.01239952474339e-05,7.654537493073793e-05,7.333703012269291e-05,7.351982088154085e-05,7.204099010683858e-05,6.947964482880959e-05
acled_event_count_political_violence_lag6,0.0001969622827942944,0.00019633600827669012,0.00014173345424342847,0.0001535241436174691,0.00013145231362239422,0.00015859051740595273,0.0001515319663452806,0.00012141322316004129,0.00013528203468299307,0.00014452413572904732,0.00011522678666079019,0.00016671744489552565,0.00014114739917079854,0.0001308537797913665,0.0001300709491776877,0.00013097109597014344,0.00016007281099417195,0.00016408444268486267,0.00016749375239477396,0.0001549864930195221,0.0002017519369289495,0.00014484656866693842,0.00014535935834728906,0.00015669677090323982,0.0001466230915446706,0.0001858268166442959,0.0001293785783306042,0.0001248803267382687,0.0001830458336396,0.00011675694772267934,0.00011463379622369573,0.00016713212832314875,0.00013682382532219955,0.00013183961693760525,0.00016076736919597316,0.00013516441114848446,0.00015211444614189013,0.00015899536332913806,0.00012643477237372664,0.00016421883850981236,0.00014901518451501124,0.00012523530004835277,0.0001461494523129478,0.0001583378463135126,0.0001597746042052658,0.00014519030960974733,0.00019009290205210632,0.00014380870182568488,0.00015548453521654473,0.00018722323091473146,0.0001453271982169423,0.00013634589892150698,0.000138858971079931,0.000155785717224359,0.00016445831644424,0.0002148162106950584,0.00013631483246851904,0.0001364858728480635,0.0001407501673399168,0.00015054664306543135,0.00015157726448700295,0.00015192746491350743,0.00014626277942310703,0.0001389653981117605,0.00013869368099061845,0.00016517443216056805,0.00013982485690564842,0.00013121235710771188,0.00013607520085622557,0.00015211547561005284,0.0001282342000021821,0.00014108449806831392,0.0001447105876654078,0.00016311788545848174,0.00014631475165763997,0.0001525374098563293,0.00014180963025977892,0.00013684584271340144,0.00016020684046034488,0.00014151422534423337,0.00013909848565023632,0.0001419044807399035,0.00015945027950634374,0.00014241625232849555,0.00014714600391084362,0.0001484575374803928,0.00017708899225754273,0.00016682365982490543,0.00013244629492424042,0.00015629875564303705,0.00014578546079234306,0.00017557828349695689,0.0001649218748321691,0.0001522907426129587,0.00013460674290362106,0.00020042443108083546,0.00018751853614212564,0.00012846496226131052,0.0001440396692457283,0.00015678767994138765
acled_event_count_strategic_developments,2.8324104444457384e-05,2.879966185360715e-05,3.138068161025551e-05,3.0346681011019285e-05,3.2180823254597604e-05,3.756621127512391e-05,2.8054132155194787e-05,2.0627834203635684e-05,2.598156998277204e-05,3.320198220742662e-05,2.9932012044926855e-05,2.6203935395147244e-05,3.0241554938488124e-05,2.5371788069605827e-05,3.433290986618023e-05,3.324475922230361e-05,3.3471089889976056e-05,3.1099156293377866e-05,3.0411059889117138e-05,3.3070275552308584e-05,2.6331209880348072e-05,3.116181154984125e-05,3.087580759332787e-05,3.181286001921194e-05,3.818707216693008e-05,3.4093775441310915e-05,3.861874201205823e-05,2.623253625356756e-05,3.284025613380515e-05,2.8651315954130135e-05,2.9610545137283966e-05,2.9052043136972817e-05,2.8972113871364615e-05,2.617392376620577e-05,2.7331623478212217e-05,3.115190328031346e-05,3.848922676088647e-05,2.3010274198669824e-05,3.353176285622653e-05,2.53380425698577e-05,3.7870841875950004e-05,2.589213274280477e-05,3.005636674708708e-05,2.3738778915495358e-05,2.7883055911054277e-05,3.1085718831907394e-05,3.2654009165539255e-05,3.142610412114155e-05,3.054323037372859e-05,2.474839689198488e-05,2.6751056267237812e-05,3.0249376987602645e-05,3.759875318988016e-05,2.9236150666392613e-05,2.8935015031886644e-05,3.752909585309078e-05,3.0520988828801466e-05,3.3406472010981467e-05,3.7287332611177774e-05,3.386543240344179e-05,3.713471352221062e-05,2.9430539765651674e-05,2.488807310383019e-05,2.098452130151338e-05,3.575135695345036e-05,4.00793836037503e-05,2.6065557539524746e-05,3.143568729546006e-05,2.4604611870047962e-05,3.2561741611201074e-05,2.987445110366458e-05,3.425686332873429e-05,2.763235399703925e-05,3.439267715497046e-05,2.4103766257101457e-05,3.1650846623516725e-05,2.4203508687408075e-05,3.061392064944804e-05,2.4584156709798374e-05,2.2315461184698356e-05,2.6620168520396045e-05,3.545300911641516e-05,3.0047251547900787e-05,3.067335715482694e-05,3.090381032284002e-05,2.8169516659116153e-05,3.085046964186566e-05,3.057880294326053e-05,3.2398387053152296e-05,2.9128606915165425e-05,2.687998601923818e-05,3.373529646337403e-05,3.9931074340150966e-05,2.7232027495006102e-05,2.9600924362985736e-05,2.864203618272491e-05,2.869172060310717e-05,3.050261314025083e-05,2.641717162885651e-05,3.712093052656754e-05
acled_event_count_strategic_developments_lag1,5.346573272230215e-06,5.529710625763019e-06,6.0088323201698795e-06,8.353397373580538e-06,3.949614091319327e-06,3.953356735454583e-06,8.557583388581285e-06,7.022284819719461e-06,6.319927610842585e-06,3.310750714863803e-06,5.9720672528195825e-06,5.609385946892804e-06,5.751529681509819e-06,6.349916197745203e-06,7.696814572835808e-06,5.9293968676286705e-06,5.4982812847656736e-06,6.189706733384734e-06,6.93274596339674e-06,7.921861442226308e-06,4.813920775925891e-06,4.717719588837515e-06,6.543247195010847e-06,8.368517578758808e-06,6.068466659288229e-06,7.383027123615115e-06,7.513071377578483e-06,6.823581845864006e-06,7.144613172203364e-06,8.329010990835865e-06,7.512465150213143e-06,5.346101247869416e-06,7.608987961743436e-06,6.0662199158846225e-06,7.630217488754856e-06,5.9719542600600125e-06,4.952663929812903e-06,5.460206966839469e-06,6.944630642114959e-06,6.204782204228158e-06,5.329862298679154e-06,6.850864391149201e-06,6.190167959802639e-06,9.269280432420734e-06,3.2640149041732647e-06,4.8864413029658865e-06,6.188602258082996e-06,5.518684769145697e-06,7.69205653642769e-06,8.951119816327934e-06,6.890583852803485e-06,4.726751682427606e-06,5.6788560550652185e-06,4.840261971975212e-06,4.866384895321745e-06,5.522771019249476e-06,5.350456289623094e-06,6.263682668870527e-06,6.426103012038561e-06,6.413147023128921e-06,7.6974678483809e-06,5.432347888531892e-06,4.8987559711957816e-06,7.190266103477952e-06,4.576249568728927e-06,4.693871946315094e-06,8.293768047792819e-06,4.16721732164762e-06,5.499393472883766e-06,7.5569179672632156e-06,6.1632787681514435e-06,7.121720761986252e-06,9.779563447456677e-06,4.779042649096337e-06,6.117748470656867e-06,6.897930310379644e-06,6.921122749152884e-06,6.217868539734163e-06,4.728024682766655e-06,6.851024817729342e-06,1.1074957948787365e-05,5.343844863445369e-06,7.796891450141528e-06,6.319727463258226e-06,6.181959209358223e-06,9.154197499618767e-06,6.9103332903567804e-06,4.0795191289475245e-06,7.794016112205158e-06,3.955517480955854e-06,6.331443231298316e-06,4.620755218571017e-06,6.343209518285518e-06,8.098772624758213e-06,7.286940857490397e-06,6.103527579865347e-06,1.9237429952522736e-06,7.132129978936158e-06,7.009682077798784e-06,8.991228775208041e-06
acled_event_count_strategic_developments_lag12,2.541988509597245e-05,1.851342672455138e-05,2.1861102547704804e-05,2.249969520430634e-05,1.789844338444696e-05,2.1471933887858814e-05,1.7919053957946058e-05,1.7623547040404248e-05,2.2456068815528484e-05,2.603981852161218e-05,1.794007870968331e-05,2.554115062236292e-05,2.1845755585725757e-05,2.15872859979515e-05,2.9743003888406615e-05,1.8678620596479926e-05,1.764510050570249e-05,2.2156294396698598e-05,2.1567102328837534e-05,1.79851809458703e-05,1.7801546115682733e-05,2.1254511523073997e-05,1.9000899856505188e-05,2.1440038307112936e-05,2.237629669855347e-05,2.927869542908718e-05,2.6549348765772074e-05,1.838699592504936e-05,1.8203416241498715e-05,2.1878755256132556e-05,1.854886595877061e-05,3.463404820017193e-05,2.691188815587796e-05,1.784698810143007e-05,1.7788951857860046e-05,1.8281135978042214e-05,2.6657346705472246e-05,2.1429249619598467e-05,1.7796530856849243e-05,2.1132201681349342e-05,1.8524283284849755e-05,1.770267398029134e-05,1.7142331316357568e-05,2.1823251901452833e-05,2.1970889089517217e-05,1.7791581156954757e-05,1.837151283186168e-05,2.2212978583561955e-05,1.7788630233418126e-05,1.794284452562747e-05,1.805395535800768e-05,2.6169222226177438e-05,2.983583187526304e-05,1.747056911265628e-05,2.9850330813084083e-05,3.0395753033783126e-05,2.230271488798331e-05,2.603225726210059e-05,2.327333811832511e-05,1.8301426855303487e-05,1.786604839884223e-05,1.76284763013354e-05,1.8052265479944756e-05,2.6964485321355902e-05,2.6020471693072505e-05,1.7440725912341914e-05,2.2352182192585236e-05,3.016742050462628e-05,2.5231659983132445e-05,1.9243018273611247e-05,1.8395450328694615e-05,2.1271973339297016e-05,2.5680605669199308e-05,2.1708677243248524e-05,2.541248657688591e-05,2.2623846480935256e-05,1.7649536146387056e-05,1.728327146598271e-05,1.871139042495941e-05,1.8001055850128703e-05,2.935345305851034e-05,2.210495326336373e-05,2.1907063220351872e-05,2.3074110672957655e-05,2.6397974718184697e-05,1.863283269091916e-05,2.1923688581641416e-05,2.7418452050868524e-05,1.7737269432401557e-05,1.846453363912693e-05,1.7752603282592805e-05,2.561510457632211e-05,2.5462955005050444e-05,2.2547473787767793e-05,1.7729467533019758e-05,2.748706449386249e-05,2.241148526624123e-05,1.927497362868386e-05,1.8068853048434168e-05,3.0010298866292705e-05
acled_event_count_strategic_developments_lag3,1.8847024976420476e-05,1.854488113220187e-05,1.9649690977349785e-05,1.5106035770528311e-05,1.528529916922745e-05,1.5408559711977807e-05,1.918217152796732e-05,1.263585728332863e-05,1.397738816490393e-05,1.8242560809104094e-05,1.569353207930398e-05,1.3130706952842373e-05,1.0772290163312887e-05,1.4690205736344151e-05,1.4388473515493282e-05,1.2262279310458441e-05,1.2538353546173553e-05,1.4483775822040827e-05,1.5623900532244277e-05,1.544178888687621e-05,1.469013289843472e-05,1.683652036539886e-05,1.851962214069707e-05,1.664750536375411e-05,1.6486319022997443e-05,1.659677701367848e-05,1.6435389898671127e-05,1.3709022599902952e-05,1.570519752121737e-05,2.4966054063822542e-05,1.4803333373790449e-05,1.3720004107826246e-05,1.4555529791545548e-05,1.5332059564520113e-05,1.615746169472518e-05,1.4412629863490229e-05,1.0874625449656946e-05,1.369401292902404e-05,1.576722736468473e-05,1.3173269840655367e-05,1.8774856780472504e-05,1.561822963581569e-05,1.3393092096453497e-05,1.0106652564374927e-05,1.4602370689358895e-05,1.3671712477462016e-05,2.0275308748641618e-05,1.1232945543576965e-05,1.3221773573469302e-05,1.294351979226306e-05,1.8179806201925067e-05,1.5970958371725757e-05,1.2482096986771863e-05,2.070382906521206e-05,1.4004170919689457e-05,1.4698842162455338e-05,1.659633574417289e-05,1.2932726477058778e-05,1.5702563594432845e-05,1.2600067790836775e-05,1.2825710619905844e-05,1.88253112291574e-05,1.5141419858110618e-05,1.4274471630313382e-05,1.3059979559194228e-05,1.554349851919874e-05,1.8879514395820427e-05,1.6681273760925785e-05,1.3006540105965444e-05,1.3696624970692162e-05,1.4207494738232152e-05,1.9196022926650433e-05,1.4813633406183857e-05,1.3276225285639303e-05,1.0188489787928436e-05,1.6288548673254363e-05,1.2191693157759759e-05,1.998982555184737e-05,1.6394803709279182e-05,1.8104253332930817e-05,1.8553612522364403e-05,1.4442639274997e-05,1.23616729768506e-05,1.6555115368456328e-05,1.941858665481611e-05,1.4412037904835143e-05,1.4417666428978892e-05,1.641910452796744e-05,1.4472114863201945e-05,1.4074640464245902e-05,1.461326836860945e-05,1.622754791230889e-05,1.5517534913714997e-05,1.3777301270769249e-05,1.9114218578976628e-05,1.5452057826978697e-05,1.3426790692637178e-05,1.6543864586832114e-05,1.7570631721251745e-05,1.3424001641833757e-05
acled_event_count_strategic_developments_lag6,3.150397984939579e-06,3.1628516766842356e-06,3.153454574060243e-06,3.178522384129696e-06,3.181317701596404e-06,3.1447944310387714e-06,3.187426444968328e-06,3.1571152695217486e-06,3.1661070636463954e-06,3.159040002842621e-06,3.1680296759427703e-06,3.1578597491202146e-06,3.16707135851092e-06,3.1362945217770327e-06,3.2013453789996313e-06,3.1973233380919904e-06,3.184541851652335e-06,3.174163871608659e-06,3.155440817091529e-06,3.185908562710073e-06,3.162779369030927e-06,3.189578127910385e-06,3.1569214850108815e-06,3.1690975153668325e-06,3.132236423452942e-06,3.159441840574608e-06,3.1754868124335944e-06,3.1490920123106204e-06,3.1972980786184347e-06,3.20005945969319e-06,3.156529866760562e-06,3.1681908738045464e-06,3.1538031933593946e-06,3.1383654129677925e-06,3.1691204609954826e-06,3.1517284457604585e-06,3.147769264306094e-06,3.1296429889542717e-06,3.219911863344797e-06,3.1847016997712494e-06,3.1416686193913408e-06,3.1710611984102867e-06,3.141277965243065e-06,3.173576540643384e-06,3.169217256840712e-06,3.171363155170504e-06,3.1707040950131465e-06,3.187107134371317e-06,3.1136479575811704e-06,3.18374646746594e-06,3.1460489206185746e-06,3.177232029953852e-06,3.163265083640752e-06,3.1805574107244147e-06,3.1810008976647077e-06,3.165853890449611e-06,3.144393750229237e-06,3.1549574163266095e-06,3.174943058880713e-06,3.1568298953166905e-06,3.1623036810823603e-06,3.150750267826499e-06,3.168326619372358e-06,3.16613907183426e-06,3.145439029665467e-06,3.170511660245141e-06,3.1949375711736224e-06,3.1600073828336864e-06,3.165925619641693e-06,3.1642660143829526e-06,3.169960579516725e-06,3.1518306405771346e-06,3.1564322996336975e-06,3.1873444962945786e-06,3.1636933377687482e-06,3.1834801824813553e-06,3.172727359562927e-06,3.164956889907766e-06,3.1559679880892513e-06,3.169021929766574e-06,3.1905530278973945e-06,3.176145101309316e-06,3.1942738833264536e-06,3.1593041668027086e-06,3.1327921318711702e-06,3.1538903481841828e-06,3.1406937194043312e-06,3.172229690087755e-06,3.166641754640062e-06,3.1618150741664024e-06,3.178981489523104e-06,3.1786355697096752e-06,3.203485878357976e-06,3.154289100789629e-06,3.164312676921888e-06,3.169004383109371e-06,3.16110279557621e-06,3.1674585418918363e-06,3.1852269425648834e-06,3.165633496722326e-06
acled_fatalities,0.0007792675000948997,0.0007876824651214276,0.0006687969537201196,0.0007442016443758278,0.0007037231356376015,0.0007457165429310769,0.0007536808050991523,0.0007149316797584418,0.0006884904356584663,0.0006704573392266442,0.0007566589743523679,0.0007437015216465939,0.0007259339369895172,0.0006813945208230744,0.0007204361099896347,0.0007068160197294585,0.0006585018651455826,0.0007865152524217315,0.000745561129006694,0.0007094788205025112,0.0007102737821229805,0.0007135558988143136,0.0007342341101456503,0.0007097309685695924,0.0007781772582172792,0.0006329125477922752,0.0006659501767283456,0.0006688884926061329,0.0007529969911397614,0.0006950831373355218,0.0007438487018502893,0.0006947444999632937,0.0006373191327550767,0.0007312620046122412,0.0006814977429868889,0.0006423864565697145,0.0007134514936972911,0.0007399218079805621,0.0007038703630822971,0.000688193698450306,0.0006987888591583842,0.0007484253590413625,0.0007022958052176866,0.0006730951222265236,0.0006733180361165517,0.0006490540065017855,0.0006544741615845858,0.0006474671455381696,0.0006710443264895406,0.0007363466649098364,0.0006871639481913414,0.0007791909615761807,0.0006564808917843099,0.0007679165655257292,0.0007359755819366462,0.0007520141625703615,0.0006932630868894714,0.0006851308844119743,0.0007892363250648939,0.0007283431313947368,0.0007161124715461988,0.000706786369831604,0.0007115141307360514,0.000740443441658194,0.0007557964751662736,0.0007143884928083321,0.000751609479291191,0.0007562904760403477,0.0007009037884094947,0.0007121349007130348,0.0007470561496095875,0.0006524088930369473,0.00066168281542789,0.0006769474404892936,0.0006523048893720158,0.0006688692982021264,0.0006665923204620062,0.0007995882962384949,0.0006681250009153571,0.0006648019773742921,0.0006331896248387316,0.0007101745392903531,0.0007102252831624716,0.0007716686294200072,0.0008118896200427666,0.0006743358781727081,0.0007583036181935366,0.0006947565647362737,0.000712569617891904,0.0006412359980353411,0.0007985013139898856,0.0008055498409923745,0.0007819035329603383,0.0007414396171598824,0.0006867094308631514,0.0006833385882463391,0.0007649846094434861,0.0006796331919043269,0.0006808401943487163,0.0007178270279219679
acled_fatalities_demonstrations,5.234650473108449e-06,5.118946465769663e-06,7.002502988337483e-06,6.9412738316177585e-06,6.869919868051142e-06,1.0532780124287181e-05,7.010914585851981e-06,6.934511812700741e-06,5.131275402709811e-06,6.952751466452952e-06,6.973480431683069e-06,8.65701084675009e-06,7.047494352789399e-06,6.939935465160117e-06,5.3856323239842804e-06,8.737311484465688e-06,1.0738010840262932e-05,6.863881889769256e-06,6.971582500399023e-06,5.181282604456441e-06,1.047965694473397e-05,5.058805973078153e-06,6.94505658239805e-06,7.082021353654486e-06,5.2436019677676525e-06,5.126556123203866e-06,5.322834958879597e-06,7.021196155691245e-06,5.0717052727876e-06,6.9195736299884e-06,5.173651158316042e-06,5.216691565871485e-06,6.91734057683382e-06,5.068214066465449e-06,5.015677832236695e-06,1.0643052766350239e-05,6.979383628499187e-06,6.9069288532186e-06,6.997738974496692e-06,8.827170615487464e-06,5.2097752906274104e-06,6.981474187371647e-06,6.9969327923674025e-06,6.986027062864777e-06,6.985079929016639e-06,5.149379696535028e-06,6.995097334895815e-06,7.082062038760748e-06,6.996376698308356e-06,7.0370186127984496e-06,5.098672556704369e-06,5.054773327048027e-06,8.868482773718626e-06,8.766094365351935e-06,8.668876629068245e-06,8.735146304095014e-06,6.923476893524206e-06,6.93517395798464e-06,5.183559235023416e-06,6.9325672188777606e-06,6.968417739029009e-06,8.64821785046694e-06,7.023755268157145e-06,8.842203280200128e-06,1.2363565364547892e-05,6.928789481428099e-06,5.266374250870067e-06,1.048856447633996e-05,5.123345084935735e-06,6.773242993014199e-06,6.928929854685722e-06,5.143777492377082e-06,5.044513353094551e-06,7.030471010176044e-06,5.375301970581584e-06,8.993013520912107e-06,7.016811419594609e-06,5.3272985585234425e-06,5.175484109122314e-06,6.960316775193126e-06,5.232718991073269e-06,5.103333797267258e-06,7.141447639551715e-06,8.695240192284989e-06,6.846103848075768e-06,8.631670002981743e-06,5.181732840111043e-06,1.0588271909742375e-05,6.935751647929474e-06,8.826067297108178e-06,7.163653609113417e-06,7.009136010400998e-06,6.918276527098247e-06,5.091144847943916e-06,6.811482750851175e-06,5.014899416246276e-06,7.041319086376431e-06,8.746388312390625e-06,1.0630455230580601e-05,5.274998722115906e-06
acled_fatalities_demonstrations_lag1,1.042334991459027e-05,1.6915303024446003e-05,2.1084985747840833e-05,1.3602139354986187e-05,8.553787140372377e-06,1.2648687938972537e-05,7.391657765114036e-06,7.508452943146352e-06,8.497588475298437e-06,1.0308037139860986e-05,1.586500254477033e-05,1.3690548283713205e-05,9.489927911363527e-06,1.2623163144534172e-05,1.6751141898627115e-05,8.58783151175418e-06,7.555837401692171e-06,1.5884219797995274e-05,9.441251556078593e-06,7.467821826599153e-06,1.3693178354089551e-05,1.4596930695369871e-05,8.51846861172907e-06,7.51936966341228e-06,1.6926424905626916e-05,7.60553030617242e-06,2.517156287503292e-05,8.57773929155638e-06,1.68292634729026e-05,1.1664207862771075e-05,7.65290165293044e-06,2.1107841907821087e-05,2.2023487411917612e-05,8.353980462496818e-06,1.3755764773666981e-05,1.1641226755165906e-05,1.8817204866350067e-05,1.1788310934297787e-05,1.2791733687462027e-05,2.192242483668199e-05,1.2713738603374727e-05,2.0855463131120733e-05,7.4763460312324035e-06,1.583149652796996e-05,1.245418767874779e-05,1.175400818356816e-05,2.0000212064194135e-05,2.1081988547406087e-05,1.2643679236032947e-05,9.43892382810328e-06,8.353994345566254e-06,1.1509670789197365e-05,1.367887416488142e-05,1.360491905399978e-05,2.10691451656152e-05,1.0525823163936843e-05,1.5813013534861816e-05,1.3651890105589082e-05,1.2712451334325424e-05,1.1647248922174269e-05,1.1497037967292911e-05,8.518450100969824e-06,8.406578784897214e-06,8.468502673549928e-06,8.514656937887456e-06,1.2677849326321305e-05,1.1886645486389382e-05,1.586582164586701e-05,1.4444156771614437e-05,1.7821525009522528e-05,7.3492334187647816e-06,8.623494032006827e-06,7.497723644317801e-06,1.1690962080136096e-05,7.491595811725403e-06,9.506837489935676e-06,1.16329832970479e-05,8.560553594158796e-06,1.0343752878546469e-05,7.464155924986608e-06,7.382050681064835e-06,1.1652874650422091e-05,1.166044709351739e-05,9.506117884169948e-06,8.415099904403923e-06,7.573876136578388e-06,1.3670624536510333e-05,1.664728419874519e-05,1.268477852053277e-05,1.2633391110299784e-05,8.44512821231076e-06,7.492229805229613e-06,2.1077997936225085e-05,1.2665993956305225e-05,1.47334691407024e-05,7.41990055603517e-06,2.1137957370552712e-05,1.4625406413344864e-05,7.323103939524348e-06,1.3669410539216382e-05
acled_fatalities_demonstrations_lag12,2.679733509355944e-05,1.8223859446882956e-05,1.7695190620224916e-05,1.760982362626749e-05,2.2056603160210525e-05,1.7734152683313343e-05,2.197609061286563e-05,2.501797910556043e-05,2.2093782020158157e-05,1.935244809766734e-05,1.592299983861777e-05,1.300176447469502e-05,1.7341901982052727e-05,1.3298252848117742e-05,2.740830429839298e-05,2.6726081010964594e-05,2.2529846145993187e-05,1.29445893670708e-05,1.3007785099140112e-05,1.3700875744809768e-05,2.2369504406832267e-05,1.7990232069299828e-05,2.2834119836242548e-05,1.8067750501336518e-05,1.8216703495870712e-05,2.2902427622990578e-05,2.3506199227603573e-05,1.7635056876247713e-05,1.3387092151997253e-05,1.7635112408525454e-05,1.9021674712992602e-05,1.7658611817389543e-05,1.8077783332848402e-05,1.2956281996661832e-05,2.160560393678969e-05,1.3691952016289437e-05,2.234532318500258e-05,2.3610871400892364e-05,2.733373678989292e-05,1.399192966783022e-05,1.3129661480585734e-05,1.29931338331961e-05,1.7560972190051344e-05,1.767670916968004e-05,1.4487308436545773e-05,1.4462067473749196e-05,2.3267666498819987e-05,1.378048280751483e-05,1.3140897511448673e-05,1.3394567413606505e-05,1.75780020885586e-05,1.819674581227589e-05,1.8348541750917772e-05,1.909123660367962e-05,1.755370208935708e-05,1.3602062226822658e-05,2.3865648863478477e-05,1.7724084372846236e-05,1.3789642548215562e-05,1.8248608331996216e-05,1.3619777023422052e-05,2.284038110055785e-05,1.8831314692586104e-05,1.7320494288983554e-05,1.4461905504605785e-05,1.4163291478996197e-05,1.9031215466821168e-05,1.4202275137970413e-05,2.3079117447693156e-05,1.9440597875764898e-05,1.4575809919069025e-05,1.3585504352676203e-05,1.3023537755259322e-05,2.434369693384901e-05,1.2951140633280973e-05,1.4737899382415518e-05,1.9232580133600018e-05,1.836689825383773e-05,1.3732162013063767e-05,2.2256507019572128e-05,1.8283919147823168e-05,1.4478398591094876e-05,1.8434572047081545e-05,1.2941585996382973e-05,1.304941579668665e-05,2.218426415392084e-05,1.386092593951255e-05,1.8491686994738213e-05,2.2319926423315677e-05,2.2220824445996967e-05,1.822329332616265e-05,1.917918739111527e-05,2.4201966220547694e-05,1.7398847247749628e-05,1.3131799473278764e-05,2.28173938226996e-05,1.8916982486381293e-05,1.835991661247506e-05,2.221303295891724e-05,1.4623675657355267e-05
acled_fatalities_demonstrations_lag3,1.7457067056348852e-06,2.1026128474970043e-06,1.7694677717937447e-06,2.091240299784619e-06,2.1016315844365033e-06,2.0712492582590683e-06,2.09871748959796e-06,2.7006285700862204e-06,2.084210067678929e-06,1.7817824400236395e-06,1.8149404159860829e-06,2.070987986605113e-06,2.400826963578692e-06,2.9720446985700856e-06,2.4022652110081035e-06,1.8334104901268369e-06,1.824085502335744e-06,1.8126601218313411e-06,2.6754622287878586e-06,2.1374458543508937e-06,2.6697163734253397e-06,2.3696309352760237e-06,1.7937511884401057e-06,2.0945820702899315e-06,2.3661659525294727e-06,2.7293902407274978e-06,2.0794015123236995e-06,2.727671053962431e-06,2.6916610713330855e-06,2.0711835064996595e-06,2.1153725452304628e-06,2.0835176495908457e-06,2.3969952364145597e-06,2.4139593831624057e-06,2.406645897876155e-06,2.092484569882754e-06,2.6612611984984474e-06,1.7934374696349504e-06,1.808548226613189e-06,2.1337851588893875e-06,2.4098376541034035e-06,2.389638173715915e-06,1.773293907166021e-06,2.1271193573563736e-06,2.143162979472498e-06,2.1107624020759115e-06,2.403787528135762e-06,2.407671509630685e-06,2.680940449422931e-06,1.8043971888520457e-06,2.3793215105622454e-06,2.3944100931934687e-06,2.1332682073733327e-06,2.082432841970807e-06,2.114641755881023e-06,1.7987361744694087e-06,2.3915025542488257e-06,2.645363348611393e-06,2.0985682466015314e-06,1.8169821912951103e-06,1.8376949596108857e-06,2.1172571719062996e-06,2.1169293772113e-06,2.403422326281451e-06,1.813781565329056e-06,1.7888140218721907e-06,1.7958286355247655e-06,2.7137365014780134e-06,2.0948687942378517e-06,1.8237808460898035e-06,2.10534299166553e-06,2.103444481920258e-06,1.7971473343007065e-06,1.7838880388879874e-06,2.070437869978741e-06,2.377290147555294e-06,2.4313513983974298e-06,1.8053533852593993e-06,1.8096594506292363e-06,2.710724646692197e-06,2.1047865119656667e-06,1.7978972128706197e-06,1.7889931520319874e-06,2.12483443551182e-06,1.7845557759637418e-06,2.104112797457239e-06,2.3837837604632287e-06,1.7763572450009932e-06,2.13355705234575e-06,1.7829036907009455e-06,2.1095634447738498e-06,2.122327963017529e-06,2.4120493041926044e-06,2.1087335457342753e-06,2.0631099231618285e-06,1.7648082666145348e-06,2.35071679573375e-06,1.8038058086581851e-06,1.8424770985701068e-06,2.1069331815770942e-06
acled_fatalities_demonstrations_lag6,0.0,0.0,0.0,0.0,0.0,0.0,0.0,0.0,0.0,0.0,0.0,0.0,0.0,0.0,0.0,0.0,0.0,0.0,0.0,0.0,0.0,0.0,0.0,0.0,0.0,0.0,0.0,0.0,0.0,0.0,0.0,0.0,0.0,0.0,0.0,0.0,0.0,0.0,0.0,0.0,0.0,0.0,0.0,0.0,0.0,0.0,0.0,0.0,0.0,0.0,0.0,0.0,0.0,0.0,0.0,0.0,0.0,0.0,0.0,0.0,0.0,0.0,0.0,0.0,0.0,0.0,0.0,0.0,0.0,0.0,0.0,0.0,0.0,0.0,0.0,0.0,0.0,0.0,0.0,0.0,0.0,0.0,0.0,0.0,0.0,0.0,0.0,0.0,0.0,0.0,0.0,0.0,0.0,0.0,0.0,0.0,0.0,0.0,0.0,0.0
acled_fatalities_lag1,0.0008997106302084158,0.0009393007940406415,0.0009123443250349621,0.000841885871002277,0.0010010779227899468,0.0008323147138060065,0.0009103000812631633,0.0009184382018328531,0.0009299591312611063,0.0008502798614344766,0.0009106577798487005,0.0008719020081813183,0.0008647746537372424,0.000931879279553682,0.000905006798008345,0.0008665139711940156,0.0008460744140924226,0.0008924641624511476,0.0008904942272300398,0.000940105741444443,0.0009030300161924684,0.0008545790606141708,0.0009271298830906473,0.0009343422388929804,0.0010051564462184059,0.0009929925489902697,0.0008950501971050911,0.0009112855336121736,0.0009598189574911203,0.0009157338629883577,0.00090834177549886,0.0008453872846102045,0.0009501031185133965,0.0009154039672257737,0.0008763006966663274,0.000926300330790373,0.0008712773105008123,0.0008709531724038408,0.0008632115696269564,0.0008726700157260688,0.000960379994139808,0.0008506047872510232,0.000901659470683978,0.0008872358515756455,0.0008837358284197887,0.0009126642838459824,0.0008857041375622863,0.0008533411812833578,0.0009170520247594602,0.0009388518236253572,0.0009007885035727073,0.0008422455383805986,0.0009296268696885162,0.0008857896131141339,0.0009110434182078865,0.0009181041736878825,0.0009224312419002378,0.0008469444551113723,0.000906900961051346,0.0009481295425055344,0.0009547407046157103,0.0009253838001923948,0.0009419473504173275,0.0009578845310159891,0.0009672955661919546,0.0008850456500333381,0.0009766416284583477,0.0008838727053131438,0.0008929362625903672,0.0008494721429844774,0.0009404035724263723,0.0008881150546009357,0.000870668459837913,0.0008626194545463128,0.0009230477614405393,0.0008791953922291797,0.0008914126353203386,0.0008871939197890306,0.0009707607509419862,0.0008734751231708096,0.0009262022181504694,0.0008858243702461569,0.0008745196844474268,0.0009448944625934474,0.0009376802218029001,0.0009381454839760642,0.0008939273767009393,0.000911354414605792,0.0009043691332517558,0.0008792851610238399,0.000909661484509128,0.0009052354075722242,0.0008641357187521076,0.0009643149794046584,0.000939598212386896,0.000903502295823386,0.0008941710479007976,0.0008762825923966047,0.0009016543039647133,0.0008981624501516298
acled_fatalities_lag12,0.0004188173456073162,0.0005021099945507157,0.0004910810351396831,0.0004523442406159118,0.0004711885549471276,0.00041878447475299376,0.0004507766669475344,0.00046900723343541533,0.0004377359316123198,0.0005148679857994536,0.0004415594981708535,0.00041908327329568334,0.00048454851859324377,0.00045774282709701183,0.00046256622151321275,0.00044071434856745304,0.0005149069926691845,0.00040078172023942226,0.00048188523070763327,0.00045680249850776656,0.0004988185521846687,0.00044407261563002233,0.00044986225716918166,0.0004303452032054225,0.000443916950340134,0.00045929338964276927,0.00048373200310978414,0.0004926984378437494,0.0004872886925081551,0.0005148087552503739,0.0004933906615447584,0.00047530306073669226,0.00039396040431054127,0.0004787634118406129,0.00044777526780018126,0.0004263151437526195,0.000457468323576347,0.0004921920867983876,0.000465247075687554,0.00048237147135563643,0.0004632207535845507,0.000454835160071412,0.0004861192589752978,0.0004464634069661932,0.0004725570527992865,0.00044288701188845045,0.0004532793786002643,0.00047600012991816485,0.00044641163061309307,0.0005087261937566364,0.00043360900101791796,0.00044857990864363516,0.0004059699106832299,0.0004473682272674103,0.0004648540117662192,0.0004717338767324962,0.0004225553532553293,0.00044527063107669475,0.00044728073767023874,0.000449456906309602,0.0004503803489648777,0.00045466133049644887,0.0004487931851045022,0.00048448724284629274,0.0004976576955084675,0.0004305479439953053,0.0004828644383025759,0.0004280375356026241,0.0004803373840373341,0.000407410539565203,0.00046258994904067175,0.00045378040471721605,0.000450983527357503,0.0004378046820424189,0.00047534154740106274,0.00045634664609106585,0.0004089118525970102,0.00044921302652626644,0.00042712504292913474,0.0004419334489740354,0.00045038206892292443,0.00045180898764716386,0.00044147997547912856,0.0004148915411487962,0.00041262068374537503,0.0004930685280569622,0.00040448571545193375,0.00043963346404734974,0.0004261077896380454,0.0004345049005793311,0.00047193802849777183,0.00047632106712404215,0.0004661472597184512,0.0004400638618923947,0.0005071559576722591,0.00043940314971003104,0.0004603132701721852,0.0004384064018932667,0.00047066851656914807,0.0004942560703064629
acled_fatalities_lag3,0.0003653990763276198,0.0003503291487335141,0.0003434380913137865,0.0003580466313403308,0.00033139720314238257,0.0003500278645790882,0.00033959218223268787,0.00040021268583402254,0.00035608504100087605,0.00034405922899928955,0.00033158888620002424,0.00040739215789921965,0.00035620197252703997,0.0003605249165759786,0.00033393009555165504,0.0003412157829800779,0.000364359635927215,0.00034666819937573457,0.0003569342924366796,0.00034425869515632314,0.00036721416111788703,0.0003549121281683568,0.00038245450796879534,0.0003463295496871028,0.00036070999915000076,0.00038447285352533154,0.00033348064173560583,0.00033829067968695926,0.00033077050393782786,0.0003168211521013923,0.00035144703792442815,0.00033817638977629363,0.00036760596261990275,0.0003542604055506318,0.00034808018958238464,0.0003280156211518754,0.00037460485666095594,0.0003640257429011459,0.00036987890542425047,0.0003356596222147346,0.0003414910598069923,0.00034306682414890076,0.00035012382358374307,0.0003554510261900106,0.00035177221942083684,0.0003358393826562425,0.0003791167857761709,0.0003410451446310858,0.0003568506128623249,0.00037759394176674555,0.0003471686819078513,0.00038782538504843016,0.0003276830652871364,0.0003511569312798712,0.0003836355655112807,0.00037101923630767606,0.0003433676460163965,0.0003761098974656244,0.0003225680673494935,0.00035529504708490693,0.00036120442013154057,0.000355612690195125,0.0003560090278454634,0.0003454146623287512,0.0003629489064286029,0.00035125947963276697,0.00036641470610702075,0.0003500223568087255,0.00036894280514554516,0.0003788867672253593,0.00033618928242752454,0.00036866595297589065,0.0003772866940145105,0.00034408728769492536,0.00034909364184090874,0.00033400514057989756,0.00033008958440559373,0.0003524111757849345,0.00038588234608102104,0.00034260032616563403,0.0003808720853694524,0.00040359670271244725,0.0003306867779901648,0.000362959538835176,0.00033173171001222315,0.0003167669931870131,0.0003756376862136443,0.00038722776094409124,0.0003786588666139182,0.00035847699661077794,0.00035781958178996917,0.0003589343731281951,0.00036898277076655384,0.0003841067246387001,0.0003662038348638308,0.0003686279386251116,0.0003688101513083739,0.00034620754091034393,0.0003983217878672092,0.0003493988815132012
acled_fatalities_lag6,0.0003116537278853588,0.00029250332877410126,0.00028560359395392564,0.000305692088649479,0.00030708723271547145,0.00032176516861433073,0.0003238017816389631,0.00032520152784606314,0.00029249770507046774,0.0003314332972911204,0.00031235593739380255,0.0002951084228336626,0.00028037806292205246,0.0003199156685144203,0.0003254421945183112,0.0003113377167347734,0.00031009217353988877,0.0002980128840753504,0.00030999341892853655,0.0003225683487226751,0.00031285339139216806,0.00028866060419436196,0.0003095480240302982,0.00030743722373901194,0.0003279878531330059,0.00034156768567335656,0.0003135214019836723,0.00030330118268157507,0.0002934659461010687,0.00031929288433544633,0.000310673802805675,0.0003023366094807907,0.0003298908626317484,0.0003162359582611184,0.0003035558376067914,0.00032169116423783463,0.0003134961654557451,0.0003030801312438758,0.00034820118699199667,0.00036407446008615243,0.00031722605538864933,0.00030910021984105154,0.0002986268772826555,0.00031633304343337107,0.00029613460446891083,0.0002971972786198615,0.0002970935487599106,0.00031252961468884787,0.0003063291088556466,0.00029581576406446675,0.00030838796940263876,0.0003468101642694224,0.0003045706562389375,0.0003027489552501874,0.00032195597462834284,0.00031989554625860654,0.000299036381746918,0.0003028337672105981,0.0003057087422589584,0.0003153765764025736,0.0003023996623329371,0.0003172023250773457,0.00033844511832571423,0.0002978256057107177,0.0003057948888258287,0.00030649790625178545,0.00031080042478661237,0.00028652306944980263,0.0003212111206690532,0.0003294385678480007,0.00031266591808610204,0.0003119649051247053,0.0003474090363074472,0.00029830393115324634,0.00032343417724235826,0.0002892585837631245,0.0003275545138487781,0.00031684463656667474,0.0003047057034112282,0.0003329493165185856,0.00033678563676126626,0.00033091494994812626,0.00031114535842006005,0.00032647862349777614,0.0003511518529205589,0.0003255852298544986,0.00030143323053623207,0.00029084671734143857,0.0002982433720474473,0.00030265004609327753,0.0002949588669861202,0.00031542832776132825,0.00031218707521000637,0.00031320688924048383,0.00030982356622630025,0.00030676757562018574,0.0003242452057198029,0.00029837216219747164,0.00030813399870064317,0.0003489632407245737
acled_fatalities_political_violence,0.00023727760839181535,0.00025900844715952135,0.000253640973697538,0.00023529838595161403,0.0002572949243011435,0.00024316580445499895,0.0002550740046600192,0.00023442945697616717,0.00024464411581972493,0.00023622637610751403,0.00027205612130586527,0.0002458498591468448,0.00024673017252845915,0.00022753523831404207,0.00024098929848838174,0.00024744017660910915,0.00025676764320296775,0.00024547810949709106,0.0002505766478507909,0.00025270015057214917,0.00027626251057561634,0.00025129489886032623,0.0002470031546478933,0.0002752572277803784,0.0002239905601448339,0.0002653671214530557,0.0002490290309501114,0.00023841966217379886,0.0002510528494729265,0.00024743250129632575,0.00024315617828172926,0.00024144469642737885,0.00025830794372605487,0.00022455714816539923,0.00022153172672843835,0.00024241806339572798,0.0002660985590647096,0.0002508362904615222,0.0002571885404610856,0.0002448967976136978,0.0002675479110214651,0.00022996213744099465,0.00024618713549621725,0.0002448186080702282,0.0002495705823011033,0.0002595256431718544,0.00022999030185041962,0.0002274650589642009,0.00026072652935287596,0.0002491345075701458,0.00023705533958246494,0.00023768493764904591,0.00023947409768714173,0.0002245055496168186,0.00023827483678934614,0.0002595077192615216,0.00024115660518993996,0.000260752982191942,0.00023801530389342743,0.00025061491122912793,0.0002837995253310502,0.0002440217101472135,0.0002475488930940628,0.0002472021188934027,0.00025504006990703984,0.00025792024503259553,0.00023509069667901558,0.00024093842243787293,0.00024590297278178773,0.0002409195919823881,0.00024026873970778339,0.000253753497517874,0.00021530249605329388,0.00024537277267185304,0.00023297648105623806,0.0002388290037048159,0.00022565154445513806,0.00027032219505951767,0.00024363220569062553,0.00022825123896479113,0.00021975222467897964,0.0002571121180202527,0.0002465019418084782,0.00024502995244649625,0.00024564347941405287,0.0002571454993786587,0.0002526538206484192,0.00024386936360989422,0.000233222333922612,0.0002582166255229995,0.00023286287281392277,0.00025784320566286456,0.0002899564206831574,0.00025710239910036635,0.0002478965456880953,0.0002469438168665637,0.0002477058650073489,0.0002468757929114575,0.0002303159993342423,0.0002420914890610962
acled_fatalities_political_violence_lag1,0.0009142930262700865,0.0009267837147558142,0.0009010207769894822,0.0008548401406046396,0.00092462887293341,0.0008783281856943423,0.0009821262671448306,0.0008279068155434006,0.0010430183527725084,0.0009266700000766334,0.0009182345569442272,0.0008940625357331697,0.0008549182997788948,0.0008939440953149991,0.0009036583702540792,0.0008972226648820915,0.0008576374848066649,0.0008936964659941987,0.0009152236450502097,0.0008942854023821976,0.0009000443222915164,0.0009896615302232604,0.0008782793658806732,0.0009708886370294212,0.0009842672075798607,0.0009128650952145982,0.0010271077064554328,0.0008445456051354453,0.0008909037467824993,0.0009732300058917353,0.0009329911901791027,0.0009421861559869895,0.000865522569419496,0.0007882854078875134,0.0008597234518539091,0.0008922182162355932,0.000913555119726537,0.0008073154905344327,0.0008250454209328439,0.0008538686940311521,0.0008632157242801002,0.0008622358681337125,0.0009041420575501263,0.0009570352683966019,0.0009323146829562836,0.0009730003107007492,0.000884852809812218,0.0008365440135146829,0.0008244560636178924,0.0008988714611107641,0.000886532332647908,0.0008674094993351162,0.0009301757914309175,0.0009051898600414056,0.0008600286125180391,0.0009841924724140153,0.0008580867797869025,0.0009217016460609239,0.0009258928500486086,0.0008993144411262024,0.0009577660910075619,0.0009309904453176889,0.0009257454591886166,0.0009877961099062956,0.0008172465231863485,0.0008138811277460854,0.0009236959845606646,0.0009614082943169906,0.0008417471301381324,0.0008502901065130534,0.0009337625207907789,0.0008674042644538371,0.000854396465664448,0.0009814513191642475,0.0009015357333927668,0.0009835284650634287,0.0007774259987640084,0.0008551873056522685,0.0009088167375026899,0.0008859289856338353,0.000888330600268784,0.0008379308511666938,0.0008912426057053772,0.0009465131711014248,0.0009088881117123995,0.0009614386702800945,0.0008420620066370221,0.0008835545780549817,0.0008589784854803211,0.0008131756856034878,0.0008698510906541446,0.0009902373453752596,0.0008482694999926085,0.0008661601965279004,0.0008870770924340926,0.0007970190269575603,0.0008645501568157604,0.0009767798873678807,0.0009182365447298217,0.0008233502884173677
acled_fatalities_political_violence_lag12,0.00013555791807470856,0.00013766171368259327,0.00012702364975868051,0.0001220238813455554,0.00011409001876108394,0.0001338453365655666,0.00012990104855957978,0.00013176117007530008,0.00012139305780886617,0.00011560130347623094,0.0001319486131085619,0.0001309896339170681,0.00012907891015581955,0.00015270817199602383,0.00014618261260275516,0.00012266766704140735,0.00012646860618522202,0.00013408413924292256,0.00012427331035181602,0.00012091997833479019,0.0001464464341137967,0.00013518780007125428,0.0001330705255455112,0.0001376752311645334,0.0001333772087195892,0.00010616663943659939,0.0001219679109798455,0.00012799722622640385,0.00012263351006290682,0.00013061032069395788,0.00012635122020545706,0.0001248679422690508,0.0001316313093863659,0.000125791544314497,0.00010556708519996816,0.00013697882246526872,0.00012372871147426265,0.00011812355022252716,0.00011986572889314181,0.00013034534226046338,0.0001195331090602322,0.00011836289588215435,0.000135528390328583,0.00012494984158077595,0.00013573032265864544,0.00013523537426508237,0.00012889107839661357,0.00014234461491892796,0.00012765548367431198,0.00013046813492449173,0.00012468022620209008,0.00011910881469215172,0.00011341963156163076,0.00012179537373546735,0.0001238903366260647,0.00013018428477194492,0.00010944640815381432,0.0001212978338356097,0.0001345196511311067,0.00014805885236208977,0.00014265647030765226,0.0001359572614818873,0.0001096353474734486,0.00012719902686203981,0.00013891371665040406,0.0001404901253017086,0.00012661614619180036,0.000143524189913495,0.0001353380935532706,0.00012295060553906126,0.00013584904912589252,0.00013346376348726498,0.0001188142144161722,0.00012069978514073058,0.0001235327226404818,0.00013241854729612916,0.00012447877052407827,0.00013703832992855808,0.0001195704668575192,0.00013874773067223606,0.00013185697713747282,0.0001172263506900203,0.00012051019177426956,0.00011746303080031591,0.00013310237022166915,0.00013144360720247463,0.00011628559071331537,0.0001159617989700033,0.00013392073705823277,0.00011947834806412644,0.00011116712668420859,0.00011778754600580188,0.00014556403393330781,0.00012318894236230948,0.00012028047787970391,0.00012905327892451552,0.0001291290773985055,0.00013900801200057163,0.00011925445580334397,0.00012937174573941754
acled_fatalities_political_violence_lag3,0.0002255234390103854,0.00021550996608908749,0.00022311373179928856,0.00024089532485906627,0.00025748682351046346,0.00024415183234882714,0.00021084529052702538,0.00023358490074142104,0.00020556680551550775,0.0002134808203240174,0.00022813783689569798,0.0002332029468910171,0.00024141724930987473,0.00023405921315739614,0.0002442200515828024,0.00024373401544494535,0.00021277094205868416,0.00022552438151654373,0.0002389287935689431,0.000231972249517869,0.00023695522197184787,0.00024173280289763004,0.00022846902836322415,0.00020748075496937547,0.00022823247050106772,0.00022250740031092803,0.00021801641043159902,0.0002480794359422742,0.00023666738058145372,0.00026557734689249137,0.00021986445656921677,0.0002339352340211872,0.00020128802124480283,0.00024423981471060474,0.00022770582397485742,0.0002188625039752596,0.0002371139920318565,0.00023749995866778845,0.00024352579162596855,0.00024584603431301026,0.00023971928927592364,0.00024792225742192,0.00023516147777314758,0.00021104839829029997,0.00021249054127043079,0.00020912985990352266,0.00026811258057537286,0.00020452398887794952,0.00022801639874683651,0.00022488226873055873,0.0001997977948321442,0.00023770047800989502,0.00023140517356525913,0.00021780279781245172,0.00025606771591688286,0.00022586096298936792,0.00020213931664924754,0.00021116701576581097,0.00022552322334075812,0.0002508237763205794,0.00025115977446346177,0.00022028943496769753,0.0002510240967684343,0.00023577542865637296,0.0002527711809830698,0.00023163648651947517,0.00022412975893334696,0.0002273033169632311,0.0002598634618768318,0.0002605263547736604,0.00020713122237635696,0.00023446349970857548,0.0002445085210374732,0.00023009352102551771,0.0002193410454248512,0.0002472217817545924,0.00020290006657842523,0.0002406116239495159,0.0002405728438124832,0.00020225692953042856,0.00020357332390966376,0.0002516069443699736,0.00020660423831802101,0.00023008833531344282,0.0002066067907781828,0.0002153827430869358,0.0002337704213070018,0.00027700759755837004,0.00023176074567912282,0.00022314696994033597,0.00023300682771063987,0.00022396663277107241,0.0002053422889986517,0.00021513012415241628,0.00024181755421602208,0.0002315840503590386,0.0002380966576198058,0.0002277667070189433,0.0002735050046126171,0.00021929584750153634
acled_fatalities_political_violence_lag6,4.142226871126187e-05,4.1505240104460074e-05,3.543738545714945e-05,3.611988062135428e-05,3.5100720252062716e-05,3.793841347437715e-05,3.096319303132485e-05,2.6518182046171546e-05,3.234587308968076e-05,3.418633849292562e-05,3.0005766429762908e-05,3.49627024885537e-05,3.394792569843632e-05,2.9135717553381593e-05,3.082029112686035e-05,3.168162143563632e-05,3.29567439561058e-05,3.3728427429130114e-05,3.300430465250529e-05,3.33202910256682e-05,3.866931735913946e-05,3.830766725675907e-05,3.541546216230708e-05,3.5857453587509335e-05,3.667931355859922e-05,3.695231370674157e-05,3.083595855635886e-05,2.9767945979569517e-05,3.1458125613614395e-05,2.899297723241968e-05,3.240657719642726e-05,3.7577190276381886e-05,3.2511345008638826e-05,3.0104976772151377e-05,3.575411264632306e-05,3.331900799866789e-05,3.5868888223393365e-05,3.47751530184262e-05,3.2283772577533566e-05,3.234903862233241e-05,3.572506097378691e-05,2.8773424973399e-05,3.0282113940202426e-05,3.6013088194850066e-05,3.101063109394433e-05,3.513985469659663e-05,3.984865287075872e-05,2.9855629903559357e-05,2.9932000282881917e-05,3.5781009165149795e-05,3.289129183961244e-05,3.4274683019636086e-05,2.8325665132846398e-05,3.707204129755127e-05,3.782492748020105e-05,4.296525464418265e-05,2.812050614606273e-05,3.368593790948268e-05,3.36908031540381e-05,3.567576084447944e-05,3.479396033546199e-05,3.0123322091487622e-05,3.4222947375744767e-05,3.553412037112945e-05,3.566190361297896e-05,3.757582279404251e-05,3.151137181258843e-05,2.7361700762502894e-05,3.215964251114962e-05,3.175063070303164e-05,3.462251831100594e-05,3.2103391784565294e-05,3.589646578390406e-05,3.9601864728991783e-05,3.650672733783722e-05,3.255558418067592e-05,3.08365320042547e-05,3.3882758956148015e-05,4.212183388061899e-05,3.387579621118541e-05,3.8418611685126464e-05,3.3591701176719386e-05,3.5431720393538226e-05,3.404320790345624e-05,3.851580261937333e-05,3.665090956981631e-05,4.2737695710506004e-05,3.937658686075151e-05,3.165167912563182e-05,3.4793189053826695e-05,3.4611658279940206e-05,3.690315337223049e-05,3.7322978163234445e-05,3.799273715379569e-05,2.953931033673e-05,3.8849914882247245e-05,4.149209476590897e-05,3.368142629755703e-05,3.202468017983881e-05,3.8651084646921965e-05
acled_fatalities_strategic_developments,0.0,0.0,0.0,0.0,0.0,0.0,0.0,0.0,0.0,0.0,0.0,0.0,0.0,0.0,0.0,0.0,0.0,0.0,0.0,0.0,0.0,0.0,0.0,0.0,0.0,0.0,0.0,0.0,0.0,0.0,0.0,0.0,0.0,0.0,0.0,0.0,0.0,0.0,0.0,0.0,0.0,0.0,0.0,0.0,0.0,0.0,0.0,0.0,0.0,0.0,0.0,0.0,0.0,0.0,0.0,0.0,0.0,0.0,0.0,0.0,0.0,0.0,0.0,0.0,0.0,0.0,0.0,0.0,0.0,0.0,0.0,0.0,0.0,0.0,0.0,0.0,0.0,0.0,0.0,0.0,0.0,0.0,0.0,0.0,0.0,0.0,0.0,0.0,0.0,0.0,0.0,0.0,0.0,0.0,0.0,0.0,0.0,0.0,0.0,0.0
acled_fatalities_strategic_developments_lag1,0.0,0.0,0.0,0.0,0.0,0.0,0.0,0.0,0.0,0.0,0.0,0.0,0.0,0.0,0.0,0.0,0.0,0.0,0.0,0.0,0.0,0.0,0.0,0.0,0.0,0.0,0.0,0.0,0.0,0.0,0.0,0.0,0.0,0.0,0.0,0.0,0.0,0.0,0.0,0.0,0.0,0.0,0.0,0.0,0.0,0.0,0.0,0.0,0.0,0.0,0.0,0.0,0.0,0.0,0.0,0.0,0.0,0.0,0.0,0.0,0.0,0.0,0.0,0.0,0.0,0.0,0.0,0.0,0.0,0.0,0.0,0.0,0.0,0.0,0.0,0.0,0.0,0.0,0.0,0.0,0.0,0.0,0.0,0.0,0.0,0.0,0.0,0.0,0.0,0.0,0.0,0.0,0.0,0.0,0.0,0.0,0.0,0.0,0.0,0.0
acled_fatalities_strategic_developments_lag12,0.0,0.0,0.0,0.0,0.0,0.0,0.0,0.0,0.0,0.0,0.0,0.0,0.0,0.0,0.0,0.0,0.0,0.0,0.0,0.0,0.0,0.0,0.0,0.0,0.0,0.0,0.0,0.0,0.0,0.0,0.0,0.0,0.0,0.0,0.0,0.0,0.0,0.0,0.0,0.0,0.0,0.0,0.0,0.0,0.0,0.0,0.0,0.0,0.0,0.0,0.0,0.0,0.0,0.0,0.0,0.0,0.0,0.0,0.0,0.0,0.0,0.0,0.0,0.0,0.0,0.0,0.0,0.0,0.0,0.0,0.0,0.0,0.0,0.0,0.0,0.0,0.0,0.0,0.0,0.0,0.0,0.0,0.0,0.0,0.0,0.0,0.0,0.0,0.0,0.0,0.0,0.0,0.0,0.0,0.0,0.0,0.0,0.0,0.0,0.0
acled_fatalities_strategic_developments_lag3,0.0,0.0,0.0,0.0,0.0,0.0,0.0,0.0,0.0,0.0,0.0,0.0,0.0,0.0,0.0,0.0,0.0,0.0,0.0,0.0,0.0,0.0,0.0,0.0,0.0,0.0,0.0,0.0,0.0,0.0,0.0,0.0,0.0,0.0,0.0,0.0,0.0,0.0,0.0,0.0,0.0,0.0,0.0,0.0,0.0,0.0,0.0,0.0,0.0,0.0,0.0,0.0,0.0,0.0,0.0,0.0,0.0,0.0,0.0,0.0,0.0,0.0,0.0,0.0,0.0,0.0,0.0,0.0,0.0,0.0,0.0,0.0,0.0,0.0,0.0,0.0,0.0,0.0,0.0,0.0,0.0,0.0,0.0,0.0,0.0,0.0,0.0,0.0,0.0,0.0,0.0,0.0,0.0,0.0,0.0,0.0,0.0,0.0,0.0,0.0
acled_fatalities_strategic_developments_lag6,0.0,0.0,0.0,0.0,0.0,0.0,0.0,0.0,0.0,0.0,0.0,0.0,0.0,0.0,0.0,0.0,0.0,0.0,0.0,0.0,0.0,0.0,0.0,0.0,0.0,0.0,0.0,0.0,0.0,0.0,0.0,0.0,0.0,0.0,0.0,0.0,0.0,0.0,0.0,0.0,0.0,0.0,0.0,0.0,0.0,0.0,0.0,0.0,0.0,0.0,0.0,0.0,0.0,0.0,0.0,0.0,0.0,0.0,0.0,0.0,0.0,0.0,0.0,0.0,0.0,0.0,0.0,0.0,0.0,0.0,0.0,0.0,0.0,0.0,0.0,0.0,0.0,0.0,0.0,0.0,0.0,0.0,0.0,0.0,0.0,0.0,0.0,0.0,0.0,0.0,0.0,0.0,0.0,0.0,0.0,0.0,0.0,0.0,0.0,0.0
agss_surveyed_flag,0.0002648270413699882,0.0002336051281325627,0.0002461262585259743,0.00023844951217103264,0.0002273360437927594,0.00023938885631568066,0.0002407226545927086,0.00022033207358572609,0.00022507217268249324,0.00024018924019066136,0.00023157864020400783,0.0002425734528319189,0.00024621212314120176,0.00023190215293618832,0.0002351126252764192,0.00023179368229725593,0.0002327613720543081,0.0002294354268502035,0.00024969980600781695,0.00022451766743951363,0.00025162696997455745,0.0002322759250792102,0.00023723944130316993,0.00023208227927852461,0.0002402586641424484,0.00023289295670231246,0.00023512080900841556,0.00022814111045598367,0.0002470779779326657,0.0002560133234969886,0.00022469993428120825,0.0002248137569157156,0.00023595452483157254,0.00023517582987822732,0.0002496110892895123,0.00023761041617641847,0.00022753390987783546,0.0002273506968422922,0.00023283669508137502,0.0002457950086338642,0.0002286246867115777,0.0002454465614751321,0.00024339394826118066,0.0002432292747633304,0.000221148448298236,0.0002326610027166473,0.00023318122249042642,0.0002409196505515873,0.000255612160540022,0.0002293115242154918,0.00023780125725964243,0.0002256837995013311,0.00022033752717355394,0.00024370504000877834,0.000236951103135095,0.000250365553080542,0.00024533183629649614,0.0002297897547180716,0.0002511206905860801,0.00024227264759518345,0.00024136656448900637,0.0002371827281209376,0.0002457976149873303,0.0002354098456443189,0.00023996811533659142,0.00024029915259599562,0.00023347106412743406,0.0002442979610064231,0.00024402935832052437,0.0002341168764380904,0.00025507638044848144,0.00023094493289348934,0.00023622171139618377,0.0002280447104228487,0.0002686290824824393,0.00022483483548844946,0.0002337538239287741,0.00022818660908272608,0.00022873645715847395,0.00023750656852730034,0.00022403643322881027,0.00023444577715095466,0.00023693601676989847,0.00022414242038908212,0.00024015297327483726,0.0002495976489839408,0.0002280873030773123,0.00023018944816660005,0.00023820591342344294,0.0002343743767176695,0.00023670809208000884,0.0002498557693257496,0.00023089516970597007,0.0002197732189168872,0.00022462327428563164,0.00022882360364377932,0.0002355731016229337,0.00022094976108744894,0.0002333045121490585,0.00025516693561297395
exchange_rate,0.0002749689864322512,0.0002562720583092352,0.00026316060289339495,0.0002643448719079944,0.0002776189373640293,0.0002462311067442963,0.00026265229744447193,0.00028026015121744287,0.0002610876446678525,0.00025936698321229925,0.00026312864098242844,0.00025761171897746023,0.00025575235023261595,0.00026061502796275766,0.00025417950335990323,0.00027476048124009284,0.00024817305815639455,0.0002542549778956064,0.00028701376470719803,0.0002771110761733282,0.00025889932739068264,0.0002573718442186312,0.00026374250712108414,0.00029074195502460867,0.00027233359729774743,0.00026258474551372644,0.0002708283270367924,0.0002663014591604039,0.0002521928299534642,0.0002461828553651924,0.0002736724188115533,0.0002522769428434826,0.0002710208882949861,0.0002602226739097579,0.00025760959641039986,0.0002445316709593463,0.00027484017622890434,0.0002580937144672402,0.00026476205505939745,0.0002767273357936314,0.00026170644700897406,0.00028744763222293576,0.00027728902627222285,0.00025777152853229276,0.0002469723022255592,0.000274984708237105,0.00027798164952122154,0.00026444695257498856,0.00026058639798845566,0.00024804382837583807,0.00025891312407657474,0.00028614884331112814,0.0002629394116608993,0.0002575420938416791,0.00026835990495069676,0.00026896799573246735,0.00025939726681442735,0.00027346566597127023,0.0002546267726653358,0.00026800955798068156,0.0002845409987629324,0.0002634927599573234,0.000261795471420446,0.0002737773624759777,0.000261560014562824,0.0002750693394283824,0.0002647936961172037,0.0002473875355769882,0.0002697928351645144,0.0002706812528843218,0.0002620172303162253,0.0002443129725090959,0.00027932466680712336,0.00028036978427420985,0.0002584330290247441,0.00026197514919020377,0.00027144406893238516,0.0002688807483538831,0.00026781480011239063,0.0002731605346158425,0.00026732201902022275,0.00026774431114117797,0.00026522097380264945,0.00027654783079096004,0.00027223386132692453,0.0002546159623819355,0.00026814574780671495,0.0002619688061700351,0.0002641695379964066,0.0002898997401598818,0.00026960254455945506,0.000264899232125924,0.0002636472877755175,0.00026361288244433037,0.00026419782243653606,0.0002533453098241834,0.00026830508842231324,0.0002512527548748514,0.0002639335381565133,0.00026223025213363994
exchange_rate_lag1,5.579544520526199e-05,4.899935569328798e-05,4.6837169437921815e-05,4.9017635068044405e-05,4.479938474007522e-05,4.9955217364411916e-05,4.844666144369058e-05,4.467703479170553e-05,4.9014226003216415e-05,4.732301516562515e-05,5.450249335287027e-05,4.772251745682079e-05,5.0792826135212835e-05,5.081722948615349e-05,5.008319149846616e-05,5.035143091071466e-05,4.521865343702012e-05,4.995822536278956e-05,5.308153343003235e-05,4.592448719786808e-05,4.48597082193347e-05,5.0661183785701144e-05,4.766192557155222e-05,5.075784697048906e-05,4.397200624888481e-05,5.060296436274274e-05,5.4353031312456784e-05,4.9611904482910596e-05,4.9855055646126314e-05,4.75983318581591e-05,4.811811706294184e-05,4.56155210301496e-05,4.493334093449279e-05,4.7173374187872274e-05,5.013189022091852e-05,4.919294738374635e-05,4.528589685511145e-05,4.841111153055669e-05,4.929329729475096e-05,4.947808403406084e-05,4.8625558676433365e-05,4.42612492026256e-05,4.9939119174120094e-05,4.791832426813572e-05,4.471684217946623e-05,4.995528832232236e-05,5.018036681425991e-05,5.0348200783226064e-05,4.92732470573599e-05,4.909532780973067e-05,4.9916147321894546e-05,4.753302281440909e-05,5.0045457315741116e-05,5.0157296237985044e-05,4.661577458707442e-05,5.268328061508589e-05,4.843343550620859e-05,4.992298396230978e-05,4.7268309701797135e-05,4.859599390878934e-05,4.7961753594455756e-05,4.659817085503051e-05,5.347775006146165e-05,4.768634434812558e-05,4.920138211970991e-05,4.752474850502567e-05,5.0974293278364413e-05,4.997633197045968e-05,4.9236392135699096e-05,4.958058427826465e-05,5.0934714189967756e-05,4.9431187025508526e-05,4.6682036934925656e-05,4.7114053374738673e-05,5.305583432594441e-05,4.647794347372114e-05,4.633249209781117e-05,4.613544506562669e-05,4.038936294630694e-05,4.7842143238454626e-05,4.2901763511247025e-05,5.1174175541840234e-05,4.734554275962877e-05,5.033161514294073e-05,5.0025456440374717e-05,4.617722693437375e-05,4.521096838680607e-05,5.048904606521006e-05,4.8002218114169736e-05,5.043874924720938e-05,5.219907617470246e-05,4.894717386297064e-05,4.81987838666138e-05,4.402316690231702e-05,4.5982709705953024e-05,5.079007111721157e-05,4.982910664678854e-05,4.644442357385134e-05,5.0331840357178236e-05,4.988522509857241e-05
exchange_rate_lag12,0.0005437275884561163,0.000580003641653752,0.0005741381003496316,0.0006001969055112598,0.0005821696472957761,0.0005845784153750718,0.0005737976011035359,0.0005922391547919801,0.0005781430388582913,0.0005799331033205147,0.000551739143782274,0.0006138746782859661,0.0005744125532067341,0.0005736463064979569,0.0005524610633929076,0.0005846802985939673,0.0005920834669662065,0.0005946008314997514,0.0005884096982809821,0.0005972043327663256,0.0005606020953097452,0.0005556537497858083,0.0006054363882566338,0.0005930396587458703,0.0005837017951791578,0.0005568965374806406,0.0005629601192276917,0.0005841466951074068,0.0005738168522931527,0.0005835301140573948,0.0005802635327135801,0.0005942617143903459,0.0005742821880996104,0.0005775462519801675,0.0005593657740401432,0.0005888365810702306,0.0006011446070226823,0.0005621872580076103,0.0005793924904264525,0.0005616963033103548,0.0005870283513829328,0.0006039199374970936,0.000602732583355953,0.0006039507394004806,0.0005952377990659473,0.0005781482712329051,0.0005778113754146095,0.0005818752521807116,0.0005835340630193675,0.0005996729769815322,0.0005631226683748929,0.0006254944001665767,0.0005830394555322872,0.0005804281550658169,0.0005688535994377689,0.0005753154833617911,0.0005748993121318936,0.0005601159287288816,0.0005894577034265111,0.0005872882424427609,0.0005657535655651527,0.0005876487333088434,0.0005507044170213782,0.0005662732983227843,0.0005802039033877924,0.0005848036542935894,0.0006088243508190842,0.0005714823740609684,0.0005698521438345899,0.0005764816118323285,0.0006003033793984486,0.000573670592614089,0.0006053168334329103,0.0005663878182199924,0.000590223851411239,0.0005667157795118249,0.0005915332778393606,0.0005598446844033819,0.0005819574399517683,0.0005803055891585894,0.000588025859177236,0.0005868585953801315,0.0005719874462972763,0.0005682383018003981,0.0005905948070265492,0.00058563520696099,0.0005991243180774507,0.0005862422611402428,0.0005987610135759626,0.0005784525387529014,0.0005808599246955066,0.0005751722347662315,0.00058385768045303,0.0005750085502924633,0.0005743043022866575,0.0005542271379111469,0.0005935147682332104,0.0005758355122915706,0.0005795561749002208,0.0006028404887418569
exchange_rate_lag3,0.0012543034834274348,0.0011676128005018887,0.0011815956922915163,0.001221373106505313,0.0012153013645985606,0.0012390645903459987,0.0011738820892313252,0.0011604319432630796,0.0011213687327584372,0.001179386093040184,0.0011515859938679767,0.0012553333588268445,0.0011309164497176065,0.0012000924774578639,0.0011205025186943466,0.0011994453683094456,0.0011948458588148002,0.0011967954891068595,0.0011977738104992032,0.0011272416521426807,0.0011350057124474527,0.0012204676372911125,0.0011233198901881342,0.0011821926442239102,0.0010995675503096965,0.001155092630450523,0.001182872328452195,0.001125631984284699,0.0011236061961014078,0.0012070335200978115,0.0011601956133146464,0.0012151527926171541,0.0011806188178235205,0.001173403484295614,0.001172905571095445,0.001251251636146265,0.001134302439341634,0.0011940287800185675,0.0011351627068243164,0.0012156555309552337,0.0012057058574867052,0.0011967744377459058,0.0011585916884197212,0.0011919307983316496,0.001176266386858178,0.0012003712541198137,0.0012415520198967146,0.001173632852656007,0.0012012191301917438,0.0011871634371285605,0.0011771307336494296,0.0011946944747405516,0.0011900764182364225,0.0011800721380281153,0.0011139752701942965,0.001172749676566193,0.0011775390138969164,0.0011701868202992354,0.0011977480142136292,0.0011791503161006833,0.0011988553000656468,0.0011467878076230518,0.0011791086329559855,0.0011369105914364691,0.0011662700732178817,0.001183273758947479,0.001137045318912522,0.0012068767185413566,0.0012337243026334553,0.0011577117224040733,0.001188337580757852,0.001203731469054153,0.0012218652952531851,0.0011916682525204328,0.0011377350575682045,0.001168458461452962,0.0012243955741264312,0.0012244367435975598,0.001201379957838335,0.00118243913195148,0.0011750030051724018,0.0011491199473293177,0.0011969502714479932,0.0011992205127179007,0.0012212253551675666,0.001144090446009152,0.0011386814556136634,0.0011583846363221637,0.0011800158776605104,0.0012199281612661809,0.0011785604152249993,0.0011844999239805074,0.0012207615542115633,0.0011982035501156287,0.001156527755731875,0.0011456377194966835,0.0012049972841334886,0.001152643839024609,0.0012250542471004076,0.0011882762468996503
exchange_rate_lag6,0.0,0.0,0.0,0.0,0.0,0.0,0.0,0.0,0.0,0.0,0.0,0.0,0.0,0.0,0.0,0.0,0.0,0.0,0.0,0.0,0.0,0.0,0.0,0.0,0.0,0.0,0.0,0.0,0.0,0.0,0.0,0.0,0.0,0.0,0.0,0.0,0.0,0.0,0.0,0.0,0.0,0.0,0.0,0.0,0.0,0.0,0.0,0.0,0.0,0.0,0.0,0.0,0.0,0.0,0.0,0.0,0.0,0.0,0.0,0.0,0.0,0.0,0.0,0.0,0.0,0.0,0.0,0.0,0.0,0.0,0.0,0.0,0.0,0.0,0.0,0.0,0.0,0.0,0.0,0.0,0.0,0.0,0.0,0.0,0.0,0.0,0.0,0.0,0.0,0.0,0.0,0.0,0.0,0.0,0.0,0.0,0.0,0.0,0.0,0.0
exchange_rate_yoy_change,0.009866746010424619,0.009864368925245158,0.009893858809155213,0.00993946329719439,0.009710079515989152,0.00994566613634736,0.009958043084798023,0.009978260829327455,0.009664471279521228,0.00977309126113821,0.009882964617447391,0.009836068160361446,0.009896416341843503,0.009897759089180834,0.009971617388695201,0.009878038980961464,0.010003948978709508,0.0098412928144461,0.00978138021233937,0.009862651056986048,0.009860196052886561,0.009831623033876868,0.009886390615763687,0.009957322569498425,0.009823582709552893,0.009749243037262257,0.009947575263748443,0.0098544633268585,0.009885453533064999,0.009919590378608208,0.010002187721809183,0.009727763720859406,0.010059855159132994,0.00983673200072956,0.009888271701871176,0.009852656528091456,0.009752597054177374,0.01007547354495334,0.009942850738370456,0.009975127266299589,0.009993416143631405,0.009980704497129466,0.009963682277309352,0.009737699942983393,0.009905866905082765,0.00989414545134728,0.009894253959489781,0.009819446633498553,0.009847462319578074,0.00978349930554721,0.00992572855601554,0.01006729321411616,0.009893993902797223,0.010076173209618029,0.00984583674210816,0.009728788897225452,0.009761345298771842,0.009996290414499632,0.009737045024994059,0.009815951466645205,0.009762430619486987,0.009899247585994425,0.010072703541335543,0.009943385296703681,0.009711778928924884,0.009872873989271298,0.00972582701030602,0.010043216647105929,0.009925854120472944,0.009750225991550563,0.009860143702916848,0.009912458527447583,0.009968067775432243,0.009803334386791748,0.009974788927798994,0.009775694989932866,0.009720723988684994,0.009883617901669403,0.009924309014479629,0.009912219760634822,0.009940180747806409,0.009967302862847876,0.00976582394534911,0.009880597574162002,0.009874233505139069,0.009779978615634807,0.009910708847484604,0.009853903294249783,0.009890244172704763,0.009846399897250576,0.009843674434761576,0.009950990598903309,0.00998147418105485,0.009967782637046545,0.009796259666004413,0.010003207796340034,0.01001465915168171,0.009854272265164625,0.009953968743668332,0.009913148025656215
exchange_rate_yoy_change_lag1,0.00885499732927506,0.009032080610963375,0.008890132824302214,0.008733879701537129,0.008981410164085234,0.009055141831977644,0.009144667775117585,0.009054114235329825,0.00902568441671059,0.008830411047684356,0.009009778776493378,0.008935630723340417,0.008957798736590283,0.008783735432825967,0.009002985779049481,0.008946394385465307,0.008981577227543846,0.00887613654460596,0.009017824793839923,0.008771650439155275,0.00893692712320736,0.008877237774740218,0.008978286564473532,0.008873993709806823,0.009039173959359126,0.009101076498936175,0.008951267225216634,0.008834008314101098,0.008922751743045652,0.00884867902058437,0.008978144396829186,0.008867015305513181,0.009143090543123136,0.009053408319813125,0.00905649768917457,0.008948528635514203,0.008784811527663012,0.008857912968219438,0.008956298623503983,0.009019771575788904,0.008916059540927904,0.009011787185387582,0.009056091743596593,0.008927489291128412,0.00896022260250759,0.008828931342710126,0.008766585700291037,0.00874402892137598,0.008930390100640787,0.008690045621269238,0.00892709809631171,0.009100625877255115,0.008735913980759942,0.009121909002169935,0.008955823766611378,0.00884661045943543,0.008808982980825145,0.009043087902831735,0.008924546503070473,0.008801108721342887,0.00877608655610625,0.008776450915335375,0.009164492144995595,0.009040446597967088,0.00906504057154954,0.008770396264258379,0.008961392971484558,0.009013762234037213,0.008791784402252971,0.008958347494989695,0.008904485573787743,0.008843581947665777,0.008989297932179695,0.00889596099045521,0.00882980629385258,0.008863881799560156,0.008876453318843314,0.009143426292045639,0.009005380544125046,0.009014617308480646,0.009020502286853258,0.009022153504038573,0.008784123943582578,0.00888459019470906,0.008946772610024389,0.008781964037235726,0.008930520233977779,0.00892043506098028,0.009037832989825965,0.008981484758202951,0.008858691328677578,0.009058290362111284,0.008913522625561826,0.008923497233023062,0.008865838874262559,0.009111820221502588,0.008967627447646103,0.00888065433372622,0.009104721140556084,0.008780699989933898
exchange_rate_yoy_change_lag12,0.015098854202553476,0.015211504572852058,0.014574352225315744,0.015100603568412009,0.0148914748093202,0.01508141301772856,0.01529292634670964,0.014781348243756818,0.01468117291620676,0.014546694154764369,0.015114281907307436,0.014986964875897759,0.015112452626644825,0.014960699181764639,0.014724965389301195,0.014840588714796318,0.015149989315765614,0.01504890923224405,0.014737669337641132,0.014938466565965001,0.014855034883456077,0.014749751455202607,0.014664270214574492,0.014801014807869682,0.014629895198226406,0.014726842618229227,0.014960910682229028,0.014793829324483625,0.014934042556785957,0.015037746795725008,0.014850769202585485,0.014542413993466716,0.015308741141519438,0.01490649062847067,0.015000281749027115,0.015085860160536153,0.014508034250319128,0.015613515473184934,0.014796610463865672,0.01494065888677232,0.014550894638427049,0.015085114361660452,0.015132318449439963,0.014875277257900431,0.015021595529301813,0.015338482197343253,0.015088983801797063,0.015091828121871188,0.015167548406414117,0.014609992051763193,0.01495186411014008,0.015070504193844016,0.014894549473233166,0.014961489174885224,0.014952990878759025,0.014485931183225003,0.015014927928561565,0.014853206362505877,0.014689813904063178,0.014724220561854712,0.014528906666220592,0.014844521948215445,0.015154380271091717,0.014977248021118019,0.014799905790104753,0.014710386816072847,0.01477154106032836,0.015196425645895626,0.015094198256453372,0.014701544549354732,0.015000790301671804,0.01496609348155882,0.01515029128563762,0.01479033916749014,0.015004708188707415,0.015046408996911523,0.01461382337034088,0.014749998682782085,0.015152894494395634,0.014908191499996382,0.014934370404892209,0.014765357197788747,0.01475046379607379,0.014900198622026305,0.014952562525521339,0.014689171017296072,0.014854747488107493,0.014899053718069448,0.014967009655005196,0.015066142946743941,0.01505833042064377,0.015287192451804259,0.015116959963356363,0.014935246744341608,0.014930389241139957,0.014760905452550816,0.01499624570203062,0.014884681729349166,0.014636661400382193,0.014836675274970615
exchange_rate_yoy_change_lag3,0.003918592470956438,0.00404470504457266,0.003854436162419571,0.0040326935406889974,0.004018027169290567,0.003976079794543547,0.004038447241962157,0.00407606755792092,0.003952799631257621,0.004033379922100337,0.00400542405416599,0.003941930050905755,0.003916326405646329,0.0038963208243050313,0.004030686683999085,0.0039405234206244194,0.004035808460393585,0.003933426827350419,0.004013418689597683,0.0039207977589844544,0.0038971449294769615,0.004001200578453146,0.003982774518366602,0.003908548930150844,0.003861084780569032,0.003968922633294008,0.003957670670982226,0.003996011916274209,0.0039503269855850846,0.004006659587041145,0.0039633446492112045,0.00391221099073264,0.0039795026933199746,0.003956813013420188,0.004005597158977242,0.0038640719992696746,0.004063529476492548,0.004011067834549717,0.004004160978823638,0.003967814052026279,0.003966023136647592,0.00394810195279541,0.003955993745148213,0.004015568638312983,0.0039163635571257795,0.004000736373875822,0.0039692766401882035,0.004001207451102773,0.003937614814804455,0.004021814434334065,0.0040505827857686616,0.003968140933331002,0.0038948309666131994,0.0038475768762114256,0.004015771241561658,0.003985466746667373,0.004013834893124999,0.0039627565756463305,0.0040185305229185715,0.0039630770649545,0.003985949080219535,0.004006317996527946,0.003964580443068784,0.004042650370397769,0.003984060853056409,0.003952030641871348,0.004111596220317557,0.0039909835102703755,0.004124252268018714,0.003988472531418515,0.004076848245046524,0.004019600112862716,0.004039313909202413,0.0038621017862184603,0.003932599334420316,0.003908187092434206,0.003968859019141652,0.0039656199704793975,0.003977339884833149,0.003967233064563223,0.003873927253982974,0.004038250399898066,0.0039736245861508365,0.003981914461540216,0.003945770705510201,0.004007276298003908,0.003911626654702159,0.004100134709992641,0.004041768534506206,0.003953430013380189,0.004009576114694787,0.003933548068292207,0.004062203169023275,0.004035711507014082,0.0039809689436717186,0.003919299205911672,0.003916980697981643,0.003944461528543483,0.003988438806936191,0.004038392066836018
exchange_rate_yoy_change_lag6,0.005319558178878719,0.005315783341640826,0.005209906725116522,0.0054218959296604245,0.005311516306592503,0.005285249694634237,0.005241012629931388,0.005311508509320811,0.005319532642515056,0.0053277086445340585,0.0053024803189942555,0.005366194157573871,0.005352804419925864,0.005403374625643711,0.005392386347410225,0.005402129730614631,0.005374218042801071,0.005284134442792669,0.005329805982972093,0.005320103109793016,0.0053751564023565065,0.005316646366648176,0.005317678039905077,0.005233363189019155,0.005301385963871674,0.0053785243684784595,0.005231361333897827,0.0054446814442921125,0.005253331944554674,0.005341678668839344,0.0054350319004176076,0.005323788904108678,0.005330283021627622,0.005404631729096976,0.005254301941504328,0.005389036654878415,0.005250132749701694,0.005325153035807807,0.005378013382633034,0.0053018342665016776,0.0052898739221627295,0.0053200372246018845,0.005296816991730815,0.005408162225469731,0.005313474271932374,0.0053370927487486515,0.005393415222842994,0.00547547663752892,0.005378010348989541,0.005347988084074318,0.00538741617519447,0.005308128987471756,0.005379571778001746,0.005266979710617359,0.00539966840412676,0.00537662428917506,0.005209824704713579,0.005232304071633465,0.005287156486208888,0.005290652196430148,0.005315873548234225,0.005367825717682609,0.005304116669726051,0.005347412128549061,0.005300558647468655,0.0053389972569440215,0.005356418612503734,0.0052581182332019135,0.005394444580712427,0.005358590751377322,0.005339822923768443,0.005247270872172423,0.0052996287305548204,0.005226683999001054,0.005366249013630438,0.005368642710288119,0.00531794623400453,0.005364452346611775,0.0053581311461934145,0.005279368221351017,0.005461843442133248,0.005316118793619901,0.0054118023948130775,0.005317680018049651,0.005303363996417132,0.005198834834361977,0.0053497343601786205,0.005336551074185418,0.005231190194408593,0.005275689887449793,0.005238215004211565,0.005309527440046733,0.005307190159941189,0.0054236086422874445,0.0054051992635765185,0.005283934639778382,0.005352477234350537,0.005295210046497006,0.005304481045923372,0.005367121177168243
food_cpi,0.002061181468599887,0.002012162249608594,0.0019837597300207885,0.0019821516831075737,0.001944838296699166,0.00202594733166491,0.0019772153076817963,0.001899543039184488,0.002061069009181567,0.002034739742448889,0.0020725665260183453,0.0019553264411162454,0.0019354795809549822,0.0019275931047572606,0.0020632190321327242,0.001962259848742875,0.0019642046988241793,0.002024302048913317,0.0019442489137391002,0.00196074358906836,0.0020147814734513035,0.0020271947975685012,0.0019840744349095144,0.0019558579015003723,0.001988475228511337,0.001996605124471104,0.0019987972757892825,0.0019710701821838536,0.0020488449667366397,0.0019792590283559284,0.0019899431621852497,0.001921502239790053,0.0019313189172133897,0.0019367020602258959,0.0019870342765828716,0.0020346809980723675,0.0019699387588802395,0.00198423902833869,0.0019958162432494064,0.0019973385676078296,0.0019937585068453977,0.0019368215311727415,0.0019831504622632424,0.0019821181052651713,0.002026580879657566,0.001986554858812727,0.0019656258485787094,0.0020921280488996586,0.0019620102789738906,0.0021023408224416693,0.0020365871994237473,0.0019163817836368923,0.0019740551402580232,0.0020418906441694953,0.0019821932333025996,0.0019168370211493093,0.001938376963277411,0.0019661983937858053,0.001975996645676516,0.001978082523447911,0.001953638156135538,0.0019417124864978882,0.002077195032520941,0.0019728545031045598,0.002057893290502592,0.0019432815669131452,0.0019203027262011114,0.002001667157872185,0.0019606506578261746,0.001971826574323587,0.0019529824097897263,0.001985579100678488,0.001968556321100727,0.001957223433846951,0.002004652890216706,0.002000880724505577,0.0019248686754000112,0.001967991560728407,0.001926282985911051,0.0019644850108186344,0.0019516157035524987,0.0020464921212035923,0.001938721190995342,0.0019740803183613664,0.0019510915281162377,0.0020482116793407662,0.001947980932891369,0.0020583733099688224,0.002029439702140279,0.0019533943138075665,0.001969927636227777,0.001984953747553207,0.0020019192246654638,0.001984754137359328,0.0020010442990717127,0.0020240399759941527,0.001964252148359613,0.002057279425135218,0.001999856601710244,0.0020161330148454285
food_cpi_chainlinked,0.0,0.0,0.0,0.0,0.0,0.0,0.0,0.0,0.0,0.0,0.0,0.0,0.0,0.0,0.0,0.0,0.0,0.0,0.0,0.0,0.0,0.0,0.0,0.0,0.0,0.0,0.0,0.0,0.0,0.0,0.0,0.0,0.0,0.0,0.0,0.0,0.0,0.0,0.0,0.0,0.0,0.0,0.0,0.0,0.0,0.0,0.0,0.0,0.0,0.0,0.0,0.0,0.0,0.0,0.0,0.0,0.0,0.0,0.0,0.0,0.0,0.0,0.0,0.0,0.0,0.0,0.0,0.0,0.0,0.0,0.0,0.0,0.0,0.0,0.0,0.0,0.0,0.0,0.0,0.0,0.0,0.0,0.0,0.0,0.0,0.0,0.0,0.0,0.0,0.0,0.0,0.0,0.0,0.0,0.0,0.0,0.0,0.0,0.0,0.0
food_cpi_chainlinked_lag1,0.0,0.0,0.0,0.0,0.0,0.0,0.0,0.0,0.0,0.0,0.0,0.0,0.0,0.0,0.0,0.0,0.0,0.0,0.0,0.0,0.0,0.0,0.0,0.0,0.0,0.0,0.0,0.0,0.0,0.0,0.0,0.0,0.0,0.0,0.0,0.0,0.0,0.0,0.0,0.0,0.0,0.0,0.0,0.0,0.0,0.0,0.0,0.0,0.0,0.0,0.0,0.0,0.0,0.0,0.0,0.0,0.0,0.0,0.0,0.0,0.0,0.0,0.0,0.0,0.0,0.0,0.0,0.0,0.0,0.0,0.0,0.0,0.0,0.0,0.0,0.0,0.0,0.0,0.0,0.0,0.0,0.0,0.0,0.0,0.0,0.0,0.0,0.0,0.0,0.0,0.0,0.0,0.0,0.0,0.0,0.0,0.0,0.0,0.0,0.0
food_cpi_chainlinked_lag12,0.0,0.0,0.0,0.0,0.0,0.0,0.0,0.0,0.0,0.0,0.0,0.0,0.0,0.0,0.0,0.0,0.0,0.0,0.0,0.0,0.0,0.0,0.0,0.0,0.0,0.0,0.0,0.0,0.0,0.0,0.0,0.0,0.0,0.0,0.0,0.0,0.0,0.0,0.0,0.0,0.0,0.0,0.0,0.0,0.0,0.0,0.0,0.0,0.0,0.0,0.0,0.0,0.0,0.0,0.0,0.0,0.0,0.0,0.0,0.0,0.0,0.0,0.0,0.0,0.0,0.0,0.0,0.0,0.0,0.0,0.0,0.0,0.0,0.0,0.0,0.0,0.0,0.0,0.0,0.0,0.0,0.0,0.0,0.0,0.0,0.0,0.0,0.0,0.0,0.0,0.0,0.0,0.0,0.0,0.0,0.0,0.0,0.0,0.0,0.0
food_cpi_chainlinked_lag3,0.0,0.0,0.0,0.0,0.0,0.0,0.0,0.0,0.0,0.0,0.0,0.0,0.0,0.0,0.0,0.0,0.0,0.0,0.0,0.0,0.0,0.0,0.0,0.0,0.0,0.0,0.0,0.0,0.0,0.0,0.0,0.0,0.0,0.0,0.0,0.0,0.0,0.0,0.0,0.0,0.0,0.0,0.0,0.0,0.0,0.0,0.0,0.0,0.0,0.0,0.0,0.0,0.0,0.0,0.0,0.0,0.0,0.0,0.0,0.0,0.0,0.0,0.0,0.0,0.0,0.0,0.0,0.0,0.0,0.0,0.0,0.0,0.0,0.0,0.0,0.0,0.0,0.0,0.0,0.0,0.0,0.0,0.0,0.0,0.0,0.0,0.0,0.0,0.0,0.0,0.0,0.0,0.0,0.0,0.0,0.0,0.0,0.0,0.0,0.0
food_cpi_chainlinked_lag6,0.0,0.0,0.0,0.0,0.0,0.0,0.0,0.0,0.0,0.0,0.0,0.0,0.0,0.0,0.0,0.0,0.0,0.0,0.0,0.0,0.0,0.0,0.0,0.0,0.0,0.0,0.0,0.0,0.0,0.0,0.0,0.0,0.0,0.0,0.0,0.0,0.0,0.0,0.0,0.0,0.0,0.0,0.0,0.0,0.0,0.0,0.0,0.0,0.0,0.0,0.0,0.0,0.0,0.0,0.0,0.0,0.0,0.0,0.0,0.0,0.0,0.0,0.0,0.0,0.0,0.0,0.0,0.0,0.0,0.0,0.0,0.0,0.0,0.0,0.0,0.0,0.0,0.0,0.0,0.0,0.0,0.0,0.0,0.0,0.0,0.0,0.0,0.0,0.0,0.0,0.0,0.0,0.0,0.0,0.0,0.0,0.0,0.0,0.0,0.0
food_cpi_lag1,0.0008804023728607605,0.0009091854018330821,0.0008907839331937872,0.0008886800527449227,0.0008525397790514905,0.0008716515764810036,0.0008867082342227794,0.0008723425569001191,0.0008887395648359018,0.0008874964331494602,0.00090025876326714,0.0008781146327531116,0.0009080538360351854,0.000907132230837893,0.0009339089488020595,0.0008722441683583132,0.0008435690162344749,0.0008928926326103092,0.0008847547529215151,0.0009156612235875357,0.0009223479615605395,0.0008653085108067431,0.0008941882315012732,0.0009200188144270184,0.0009338846723269479,0.0009208729371089126,0.0008811817251870844,0.0008918418905718974,0.0008947184868542551,0.0008579468397003277,0.0009427370769636972,0.0008673445917434574,0.0009037603039919219,0.0008892060163012449,0.0008493021091997747,0.0008740072769130239,0.0008945514920397081,0.000865268412645806,0.0009114163625005856,0.0008873537445043678,0.0008687198563145308,0.0008737214927717766,0.0008944898041632358,0.0008763716874285514,0.0009036734445680003,0.0009033036443325797,0.0008660016724103233,0.0009073631355913036,0.000862279170294973,0.0008443348807732017,0.0008735095530624963,0.0008887959898721357,0.0009290143384696534,0.0009349095764305775,0.0009218663058203199,0.0008807582800000845,0.0008782970609131807,0.0009009093424116356,0.0009017377898991725,0.0008768538101798012,0.0008948837894768942,0.000910484238564351,0.0009135505720571949,0.0009044508686902361,0.0009144095229621259,0.0009008838746920382,0.0009294482892838078,0.0008734391011128021,0.0008660684060112537,0.0008533231983458774,0.0008868010502547704,0.0008468369642893474,0.000866720180642284,0.0008796976802110919,0.0009221490021355404,0.0009079016745090485,0.0008869479153899179,0.0008544319480904387,0.0008757872402853107,0.0009106579088214515,0.0008876467073494356,0.0008680753209329293,0.0008881068886807247,0.0009046607174550031,0.0008712082141026947,0.0009089109119544611,0.0009370967498970821,0.0008974510219958505,0.0008821696528921956,0.0008687671675013213,0.0008694146368382633,0.0008662332304392789,0.0008487602148212755,0.0008992256230325679,0.0009103032002537887,0.0009400112781959044,0.000884185294094293,0.0008723553802285876,0.0008885272641668162,0.0009086632040593442
food_cpi_lag12,0.00010991582307602061,0.00010454018125946848,0.0001064015777037319,0.0001105526902791938,0.00010963653543998736,0.00010797312419560755,0.00011406312754481845,0.00010807915401739487,0.00011041342332866622,0.00010615394770806003,9.984669601448328e-05,0.00010488269586447726,0.00010927813098713849,0.00011388805008437446,0.00010780864115611614,0.00010878543386825863,0.00011153953645463193,0.00011999230768230761,0.00011327872881916493,0.00010804831461043832,0.0001103230889917469,0.00010557792276745627,0.00011526815213386439,0.00010668510758157966,0.00011053355227515687,0.00010720184718800504,0.00011003084633090605,0.00011209120239298907,0.00010692254460839011,9.968589044582893e-05,0.00011622399943986788,0.00011263725880001272,0.00010376325307132418,0.00011005681037023571,0.00010477320443430055,0.00010504428746552818,0.0001050645727509976,0.00011212620864898029,0.00010289811051024537,0.00011147597474942667,0.00010903089019946184,0.00011393085062334132,0.00010996368061943947,0.00010386419127739611,0.00010676073116745884,0.00011792666718410039,0.0001042653643574342,0.00011033938077372917,0.00010946654381064648,0.00010644549158773931,0.0001092508028398266,0.00010823116495079258,0.00011075002933788743,0.00011577838106277567,0.00010811040133592628,0.0001057273680324942,0.0001121335824870545,0.00010727656712103828,0.00010678873457184242,0.00010482560328398802,0.00010855004363008785,0.00011046070520675453,0.00010892180812701306,0.00010966199882112552,0.00010545744443038482,0.00010350753541642464,0.00011141018924644645,0.00011217027216162493,0.00010236766281890574,0.00010680347762030104,0.00010991834632389046,0.00011118303562126915,0.0001107151299044027,0.00011081603610228677,0.00011389884368880935,0.0001094898536770487,0.00011197716097962536,0.00010753434110918771,0.0001089829832940183,0.00011382112038508828,0.00011335000382277413,0.00010519083116905413,0.00010716533432974948,0.00011157067637219563,0.00010605426032798013,0.00010166069440636205,0.00010681658073118261,0.00010543943934265994,0.00010101204346595467,0.00011251453767235605,0.00012029586118833003,0.00011173910017879237,0.00011690260474155532,0.00011216813233713802,0.00010947764756670896,0.0001108727042850562,0.00010639306815344972,0.00010491706957311734,0.000111788464999347,0.00010871266354237901
food_cpi_lag3,0.00012222161154044835,0.00012335750613242047,0.00012119755225533747,0.00012485433375177517,0.0001223606874903097,0.00012372716300586704,0.0001244272206867534,0.00012620955346032638,0.00012369430249153904,0.00012523182501484242,0.0001227704010562543,0.00012536591982303136,0.00012239472955989788,0.0001240400458622423,0.00012162647293938427,0.0001236154691568782,0.00012242847922938735,0.00012511563550981675,0.00012365679254689818,0.00012347868420270429,0.00012345313404033088,0.00012071698785452924,0.00012324916598469975,0.0001228426164208948,0.00012378212224545564,0.0001213886430650934,0.00012302812071725356,0.000122361752497684,0.0001247815495307748,0.00012127557843171569,0.00012323907289681012,0.00012355683827926993,0.00012148293316090483,0.00012424363460397544,0.0001235486885800757,0.00012354892090456578,0.0001212976063075273,0.00012096916654390161,0.00012384102889240236,0.00012225993662131623,0.00012495427081018193,0.00012334330337879866,0.00012279528577129433,0.00012586786019795152,0.00012133312623708761,0.00012418993924191032,0.00012432928893649583,0.0001224112524973965,0.0001220860847273907,0.00012537151134975918,0.00012278111859303793,0.00012109237555539772,0.00012215599647865825,0.0001221572538605442,0.00012014697791042489,0.00012515418285235963,0.00012386821039979333,0.00012311366356342382,0.00012274378619983977,0.00012161883958914234,0.00012473207450130526,0.00012389748508118356,0.0001222211371781401,0.000122693676345328,0.0001255818590855392,0.0001223020828483283,0.00012422227124754903,0.00012538469095008667,0.0001253258428843904,0.00012170138318616103,0.00012171270502210588,0.0001228534435881321,0.0001222079230147543,0.00012478210682996142,0.00012146017156728384,0.00012231601947363212,0.00012383830189361674,0.000121891209527881,0.0001250847669749272,0.0001221595597516082,0.00012626789262475867,0.00012217575266492586,0.0001223238243858328,0.00012157503112969346,0.00012350719389322504,0.00012423823970585953,0.00012253307253912895,0.00012355869033134795,0.00012087648072594287,0.00012473645983996569,0.0001212596968631019,0.00012045403069712406,0.00012423248141358066,0.00012354273994995076,0.00012380028128822568,0.00012435564447356307,0.0001249115133304226,0.00012322840192615522,0.00012545199369660753,0.0001253556178503826
food_cpi_lag6,0.00040266119641701136,0.00044286676333526895,0.0004196049157707464,0.000398373892087312,0.00040853280770760146,0.00042726762079890225,0.0004336164408126233,0.0004317979212642086,0.00041380531075516596,0.00041690226528585326,0.0004233761299131573,0.00041526181750601123,0.0004200923356842674,0.0004261280388781496,0.00043599497792976244,0.00041869086797655737,0.00042493630790654916,0.0004296057223193887,0.00042104821258820364,0.0004211573057478259,0.0004371869447207229,0.0004054141749568114,0.0004278510213129639,0.0004064398401225946,0.0004099784897135158,0.00043234894029009415,0.000419066788331754,0.00042735626217263207,0.00042041404496716414,0.0004045851972131502,0.00040899282591282457,0.00041344764220140734,0.0004312508398238917,0.00042333995044138863,0.0004188393566595471,0.00042298586931133615,0.000397985737469996,0.00041500641395555765,0.0004167563854629949,0.00043066737471499306,0.00040682036310094976,0.0004075901999329188,0.00042070127950352666,0.000411763469694379,0.0004343226563578807,0.00040777105140050497,0.000408611062327959,0.00041218709844640815,0.00041825389624505804,0.0004161880301469725,0.0004365036291056785,0.00041016162591012617,0.00041126940499674954,0.0004151949155728639,0.00042461631588221335,0.00043161355236672464,0.0004243375020059246,0.00043763740134751327,0.00042281799350034127,0.0004285242053724471,0.00041211347421534806,0.000400667130276098,0.00040458023767941487,0.000420699591168027,0.00044034944141503444,0.0004244507128453773,0.00043648078142979625,0.00041427185612404814,0.00042062297224319746,0.00042423030793450883,0.00044100453525658227,0.00043146840005526876,0.00042757611031457013,0.0004017165543870156,0.0004391890159937289,0.00041190319006209787,0.00041896094863088973,0.00043601541785719973,0.00040629951159930626,0.00042318004235532714,0.0004363779424001341,0.0004212612432753571,0.0003990328866857303,0.00041328342168690254,0.00042196329004337574,0.0004127805772975982,0.0004319570731086267,0.00039435591197748115,0.0004372024700415801,0.00042488584198504994,0.00041960613593829344,0.00043165903465193744,0.0004297844157409594,0.00042776486953994256,0.00042780620888585135,0.0004239770009203604,0.0004306928316366475,0.00041142487744212647,0.0004367730530136984,0.00044386502756403595
food_cpi_yoy_change,0.011248222387908702,0.011154167082663972,0.011170561660725168,0.011193480356798872,0.011270896932274089,0.011414699556641513,0.010893312556448336,0.011277471458602998,0.01108232299533555,0.01125019317930063,0.011058270091342299,0.010925354116391893,0.011060656180704596,0.01127239633300949,0.011141378216240092,0.011009352873118043,0.011282343431216844,0.011667786237873392,0.011303071431043378,0.011155426728647149,0.011390631783302433,0.011428688324102843,0.011664561987647258,0.011255700266862184,0.011026586256328368,0.011223994826658881,0.011232279360657809,0.010936519898417334,0.011424139580172611,0.011029202558773167,0.011083680360050637,0.01144682377944151,0.011084326330257105,0.011294401859152122,0.011301577115729336,0.010968732892793043,0.011227324470929709,0.011143302839870254,0.011091868833910605,0.011237274700227168,0.01118426330582341,0.011083880049228575,0.011136637566809776,0.011194648489613455,0.011379919875741938,0.011083960416606255,0.011043500631862546,0.011196285728018106,0.011078877120537156,0.011166223084267738,0.011386218399034068,0.011062872110997128,0.011294607549094003,0.010862659544088177,0.011203201166975965,0.01102812872263439,0.011107524566248245,0.011284763327733214,0.011022560697074933,0.011124033696696888,0.01118253221213297,0.011354906512082093,0.011046392639364284,0.011422220374988759,0.010909561826833033,0.011128218590733104,0.01101742885656381,0.011156022593795513,0.011234600519169484,0.010914298821858653,0.011006580891789517,0.011203169985650218,0.011152027392114934,0.010898222881282523,0.011127157577368436,0.010957766746052235,0.010981715594728788,0.010594156028280578,0.011239600842471541,0.011382391071911153,0.011351798453674832,0.011061627570685292,0.01130003060002601,0.011222072407134711,0.011268739694585797,0.01114761701548341,0.01101208017906656,0.011258883164100364,0.011135278487921254,0.011010849545396455,0.011038495500776416,0.010934055746797141,0.011446108898812207,0.011071992421683741,0.01113980196406255,0.011042659919068804,0.011407293335536561,0.010915701169912043,0.011429555474623352,0.011146254627483339
food_cpi_yoy_change_lag1,0.005355280057207043,0.0052239352565087134,0.005452788217686402,0.00542414439540823,0.005196484492119888,0.0051668849538223085,0.005092719314941909,0.0053003353223409,0.005286672413946895,0.005137782719388304,0.00524528810552439,0.005190031373450112,0.005282519102736721,0.005301714915199896,0.00532266333837575,0.0052292234309868,0.0052644669941884865,0.0051312114878781295,0.005293935261846097,0.0051122462994700555,0.005144301692325637,0.005253607460358383,0.005359632378216547,0.005336032388587222,0.005223544257645752,0.005390713397050989,0.005244274082445148,0.005131501742946196,0.005017429237460282,0.005167605415180395,0.005070232712653105,0.005319580312878063,0.00535146320290771,0.00536355143482845,0.005271146832396495,0.005316536896621064,0.0052748265794784945,0.005307859843876405,0.005128485190283939,0.005129446941630348,0.005052506769853056,0.0050942235602659805,0.005219673637809776,0.005114896048494763,0.005359921713314341,0.005261437186135431,0.0054361419731270965,0.005273993686709252,0.005221760449145282,0.0052765056083806045,0.005391874470638099,0.005286670390393115,0.005306142782281475,0.005368679441804718,0.005111499300552436,0.005204553001027123,0.005327511915221702,0.005088173451724483,0.0051765007893631995,0.005219463554430776,0.005184629618206618,0.005198540590876061,0.005140904812229022,0.005234828614967241,0.005368692319002388,0.005332631773221852,0.005060089960661533,0.00519756225239501,0.005060814130293518,0.00532349663134375,0.00521625259254363,0.005251244005292083,0.005198985219578303,0.0052257637042594654,0.0052217507605705074,0.005470264922223954,0.005122468070711316,0.0055144485580304915,0.005286432121611368,0.005001034140615776,0.005416389825748083,0.005241567922146763,0.005378207104091627,0.0051263032747648546,0.00526415850250359,0.0050967002208209666,0.0050562457937610335,0.005246517973745678,0.00523730102192811,0.005200389818327914,0.005003627348863799,0.005117139565434469,0.005158937421451876,0.005283081699278414,0.005105118984819292,0.0052747625038104895,0.005188461042281171,0.005301498363997718,0.005379860779616642,0.005417532743895754
food_cpi_yoy_change_lag12,0.0027420370968725865,0.002729542067517405,0.002746910075840249,0.0027212928787768505,0.002798830046787025,0.002725840850461344,0.002692793951394889,0.0027707179973584526,0.0027250559233113598,0.0027194707382539787,0.0027078984039170403,0.0026770741271923294,0.002647842924972499,0.0027118414640426637,0.0026879139969561163,0.0027487393059839127,0.0027227610565614007,0.002769584625218966,0.002796077476833671,0.0027488194390606928,0.0027288667610836817,0.002686349947321736,0.0027227658940398177,0.0027612193909861285,0.0027239698507894395,0.0027180074905016408,0.002704880429782729,0.0027076997310231683,0.0027395026438231302,0.002682561265385669,0.0027223869140103737,0.0026926963534167586,0.0027177643686471273,0.002673935270087319,0.0026835993996688298,0.002673092732826869,0.0027252317739816434,0.0027243521319042824,0.0027451701955889074,0.0027813287440294062,0.0027162842714761846,0.0027951782781391655,0.0027346602970768946,0.002749935534491549,0.002717127507517797,0.0026968659605545535,0.002787183021536525,0.002705826895700972,0.0027619610538640624,0.0027550756653643544,0.0027384798873532137,0.0026963625188076226,0.002737794418512664,0.002719298154732702,0.0027942296418344012,0.0027574152155445722,0.0027799793281910582,0.0027440274292391035,0.002716238232132811,0.0027670620406513133,0.0027636808298882984,0.0027827282854612323,0.002755296582020588,0.00273232565841813,0.0026591009527876758,0.0027223137841708416,0.0027142846096870074,0.002721032427766555,0.0027363589739207157,0.002724912592959947,0.0027168445767329595,0.002718860043625407,0.0027417428467584695,0.002733801778860961,0.002721171966497449,0.002725171982686712,0.002764755512123029,0.0027281461603646446,0.002740874587255482,0.0027482637784619264,0.0027396479532832193,0.002726074848054112,0.0027439473208433355,0.0026573481828776452,0.0027006999861379586,0.002715621263899418,0.002694550699575594,0.002725995622004535,0.0027346968404007746,0.0027969836448290333,0.002787973558989124,0.002718495853692602,0.0027180248196574225,0.0027111533944404395,0.0027208572141749023,0.0026837013245369335,0.0027603709025165804,0.0026607478982296545,0.0027207025583239567,0.002722151287470792
food_cpi_yoy_change_lag3,0.0010275219865027608,0.0010880343337383268,0.0010381853529473856,0.0010325155852653673,0.001050453603110521,0.0010349403215981017,0.0010416855023283025,0.0010425820073457993,0.0010359477869998548,0.001035433817909371,0.001037523963013336,0.0010237072838381643,0.0010625700138058073,0.0010208190963979557,0.001026801213402278,0.0010474096579471406,0.0010779585606152458,0.001021884190493242,0.001039252489034904,0.0010538736821294958,0.001060856482270511,0.001043152069339363,0.0010405057353328135,0.0010523549877598836,0.001029750733326843,0.0010473771868938846,0.001032499514865317,0.0010263550621900884,0.0010469467618250082,0.0010360145557423046,0.001061651119012694,0.0010235169835920844,0.0010439463209950869,0.0010153524951448214,0.0010208421842557596,0.0010217463869291047,0.001056776312252171,0.00103685957614398,0.0010583502255663599,0.001047262258578948,0.001047529121494503,0.0010275741183925922,0.0010681112630217574,0.0010516798891142536,0.0010550398390892484,0.001071437190124846,0.0010363236319622716,0.0010293105318775982,0.0010560615746956126,0.0010503373675214177,0.0010400680812580924,0.0010541991348760145,0.0010406790489926702,0.0010327644949377848,0.001047825016439015,0.0010508817111047498,0.0010475915027290629,0.0010540347399072448,0.0010314184827652931,0.001031904770895322,0.0010402454551614003,0.0010405017375390722,0.0010267291266247477,0.0010477264129988633,0.0010470412613237837,0.0010348378477461914,0.0010402676675422406,0.0010316393511441168,0.0010476573276156115,0.001038570817478973,0.0010456075488857724,0.001027658729096701,0.001015581622817139,0.001059408594013479,0.0010342841228956113,0.0010316312100736359,0.001035702398035282,0.0010262479893786073,0.0010333399586504861,0.0010458988284327737,0.001046222615861729,0.0010410649592768378,0.0010429920279902962,0.0010317789610016388,0.0010446519627068077,0.0010336774431253875,0.001052414277119188,0.0010555535903408752,0.0010462714025584931,0.0010326690483051613,0.0010265572055861909,0.0010678953739166584,0.0010610137083693011,0.0010343665432562862,0.0010361048188561855,0.0010438905000892964,0.0010583818558021207,0.0010485792264301817,0.0010429167721852444,0.0010206586355921922
food_cpi_yoy_change_lag6,0.00535560328297425,0.005130348389671332,0.0051188149391123965,0.005102971999464445,0.00517729765332572,0.005292937102077787,0.005156890117114035,0.005093274517158359,0.005087416269864664,0.005173920028540257,0.005137567791131404,0.0050274996964287935,0.005091240170834043,0.0051383838115364126,0.0052131742094383106,0.005158124127527448,0.00511325431513305,0.0050671469996727645,0.0051649673232581185,0.005201199141911406,0.005098437518074214,0.0052023942751027105,0.005022179054416423,0.005246826235540443,0.005169222267888347,0.005184099459191534,0.005253485191081251,0.005156894112642137,0.005187319973811476,0.005128733285434744,0.0051915206950289,0.005190613309758297,0.005216777022526933,0.005154128331212832,0.005160670567257619,0.005060558820501988,0.005111419480953435,0.005104284352135091,0.005092790002084297,0.005230854071607316,0.005171253422263616,0.0051691288267325915,0.005101644774941307,0.005137437216042855,0.005089016187373032,0.005087725288093892,0.005163529239726054,0.005231921576680789,0.005147794799543685,0.005141583489115286,0.005258493713540937,0.0050470398099780635,0.005145099389850785,0.00505915851395878,0.0051223678869150935,0.005197651385798217,0.005144152654755252,0.005174164238383928,0.005184770247168207,0.0052408506447838826,0.005095087606305599,0.005092386383655834,0.005208584925595586,0.005134703288930728,0.005192183433042735,0.0052027844733271295,0.005063979732697949,0.0051452592325707276,0.005202698001279409,0.005160306778294854,0.005127396337364031,0.005126442338723697,0.005114970056390232,0.0049618874802822965,0.005228184528579438,0.0051703708847949965,0.005117465074966598,0.005215875266840986,0.005109398117130835,0.005161887096283537,0.005140734791146364,0.005128840534074336,0.005231381855195477,0.005180887226979431,0.00516014053480503,0.005045472210037906,0.005072141111409967,0.00519157567950386,0.005256949524023024,0.005211811026994054,0.0050472511084630745,0.0052210218214293015,0.005032205949180738,0.005115537252084315,0.005219703342757857,0.005219698708608562,0.005181647782111791,0.004991512969386905,0.005209829427367443,0.005160313844005914
fuel_diesel_n_markets,0.0,0.0,0.0,0.0,0.0,0.0,0.0,0.0,0.0,0.0,0.0,0.0,0.0,0.0,0.0,0.0,0.0,0.0,0.0,0.0,0.0,0.0,0.0,0.0,0.0,0.0,0.0,0.0,0.0,0.0,0.0,0.0,0.0,0.0,0.0,0.0,0.0,0.0,0.0,0.0,0.0,0.0,0.0,0.0,0.0,0.0,0.0,0.0,0.0,0.0,0.0,0.0,0.0,0.0,0.0,0.0,0.0,0.0,0.0,0.0,0.0,0.0,0.0,0.0,0.0,0.0,0.0,0.0,0.0,0.0,0.0,0.0,0.0,0.0,0.0,0.0,0.0,0.0,0.0,0.0,0.0,0.0,0.0,0.0,0.0,0.0,0.0,0.0,0.0,0.0,0.0,0.0,0.0,0.0,0.0,0.0,0.0,0.0,0.0,0.0
fuel_diesel_price_etb,0.0,0.0,0.0,0.0,0.0,0.0,0.0,0.0,0.0,0.0,0.0,0.0,0.0,0.0,0.0,0.0,0.0,0.0,0.0,0.0,0.0,0.0,0.0,0.0,0.0,0.0,0.0,0.0,0.0,0.0,0.0,0.0,0.0,0.0,0.0,0.0,0.0,0.0,0.0,0.0,0.0,0.0,0.0,0.0,0.0,0.0,0.0,0.0,0.0,0.0,0.0,0.0,0.0,0.0,0.0,0.0,0.0,0.0,0.0,0.0,0.0,0.0,0.0,0.0,0.0,0.0,0.0,0.0,0.0,0.0,0.0,0.0,0.0,0.0,0.0,0.0,0.0,0.0,0.0,0.0,0.0,0.0,0.0,0.0,0.0,0.0,0.0,0.0,0.0,0.0,0.0,0.0,0.0,0.0,0.0,0.0,0.0,0.0,0.0,0.0
fuel_diesel_price_etb_lag1,0.0,0.0,0.0,0.0,0.0,0.0,0.0,0.0,0.0,0.0,0.0,0.0,0.0,0.0,0.0,0.0,0.0,0.0,0.0,0.0,0.0,0.0,0.0,0.0,0.0,0.0,0.0,0.0,0.0,0.0,0.0,0.0,0.0,0.0,0.0,0.0,0.0,0.0,0.0,0.0,0.0,0.0,0.0,0.0,0.0,0.0,0.0,0.0,0.0,0.0,0.0,0.0,0.0,0.0,0.0,0.0,0.0,0.0,0.0,0.0,0.0,0.0,0.0,0.0,0.0,0.0,0.0,0.0,0.0,0.0,0.0,0.0,0.0,0.0,0.0,0.0,0.0,0.0,0.0,0.0,0.0,0.0,0.0,0.0,0.0,0.0,0.0,0.0,0.0,0.0,0.0,0.0,0.0,0.0,0.0,0.0,0.0,0.0,0.0,0.0
fuel_diesel_price_etb_lag12,0.0,0.0,0.0,0.0,0.0,0.0,0.0,0.0,0.0,0.0,0.0,0.0,0.0,0.0,0.0,0.0,0.0,0.0,0.0,0.0,0.0,0.0,0.0,0.0,0.0,0.0,0.0,0.0,0.0,0.0,0.0,0.0,0.0,0.0,0.0,0.0,0.0,0.0,0.0,0.0,0.0,0.0,0.0,0.0,0.0,0.0,0.0,0.0,0.0,0.0,0.0,0.0,0.0,0.0,0.0,0.0,0.0,0.0,0.0,0.0,0.0,0.0,0.0,0.0,0.0,0.0,0.0,0.0,0.0,0.0,0.0,0.0,0.0,0.0,0.0,0.0,0.0,0.0,0.0,0.0,0.0,0.0,0.0,0.0,0.0,0.0,0.0,0.0,0.0,0.0,0.0,0.0,0.0,0.0,0.0,0.0,0.0,0.0,0.0,0.0
fuel_diesel_price_etb_lag3,0.0,0.0,0.0,0.0,0.0,0.0,0.0,0.0,0.0,0.0,0.0,0.0,0.0,0.0,0.0,0.0,0.0,0.0,0.0,0.0,0.0,0.0,0.0,0.0,0.0,0.0,0.0,0.0,0.0,0.0,0.0,0.0,0.0,0.0,0.0,0.0,0.0,0.0,0.0,0.0,0.0,0.0,0.0,0.0,0.0,0.0,0.0,0.0,0.0,0.0,0.0,0.0,0.0,0.0,0.0,0.0,0.0,0.0,0.0,0.0,0.0,0.0,0.0,0.0,0.0,0.0,0.0,0.0,0.0,0.0,0.0,0.0,0.0,0.0,0.0,0.0,0.0,0.0,0.0,0.0,0.0,0.0,0.0,0.0,0.0,0.0,0.0,0.0,0.0,0.0,0.0,0.0,0.0,0.0,0.0,0.0,0.0,0.0,0.0,0.0
fuel_diesel_price_etb_lag6,0.0,0.0,0.0,0.0,0.0,0.0,0.0,0.0,0.0,0.0,0.0,0.0,0.0,0.0,0.0,0.0,0.0,0.0,0.0,0.0,0.0,0.0,0.0,0.0,0.0,0.0,0.0,0.0,0.0,0.0,0.0,0.0,0.0,0.0,0.0,0.0,0.0,0.0,0.0,0.0,0.0,0.0,0.0,0.0,0.0,0.0,0.0,0.0,0.0,0.0,0.0,0.0,0.0,0.0,0.0,0.0,0.0,0.0,0.0,0.0,0.0,0.0,0.0,0.0,0.0,0.0,0.0,0.0,0.0,0.0,0.0,0.0,0.0,0.0,0.0,0.0,0.0,0.0,0.0,0.0,0.0,0.0,0.0,0.0,0.0,0.0,0.0,0.0,0.0,0.0,0.0,0.0,0.0,0.0,0.0,0.0,0.0,0.0,0.0,0.0
fuel_diesel_price_index,0.0,0.0,0.0,0.0,0.0,0.0,0.0,0.0,0.0,0.0,0.0,0.0,0.0,0.0,0.0,0.0,0.0,0.0,0.0,0.0,0.0,0.0,0.0,0.0,0.0,0.0,0.0,0.0,0.0,0.0,0.0,0.0,0.0,0.0,0.0,0.0,0.0,0.0,0.0,0.0,0.0,0.0,0.0,0.0,0.0,0.0,0.0,0.0,0.0,0.0,0.0,0.0,0.0,0.0,0.0,0.0,0.0,0.0,0.0,0.0,0.0,0.0,0.0,0.0,0.0,0.0,0.0,0.0,0.0,0.0,0.0,0.0,0.0,0.0,0.0,0.0,0.0,0.0,0.0,0.0,0.0,0.0,0.0,0.0,0.0,0.0,0.0,0.0,0.0,0.0,0.0,0.0,0.0,0.0,0.0,0.0,0.0,0.0,0.0,0.0
fuel_diesel_price_index_lag1,0.0,0.0,0.0,0.0,0.0,0.0,0.0,0.0,0.0,0.0,0.0,0.0,0.0,0.0,0.0,0.0,0.0,0.0,0.0,0.0,0.0,0.0,0.0,0.0,0.0,0.0,0.0,0.0,0.0,0.0,0.0,0.0,0.0,0.0,0.0,0.0,0.0,0.0,0.0,0.0,0.0,0.0,0.0,0.0,0.0,0.0,0.0,0.0,0.0,0.0,0.0,0.0,0.0,0.0,0.0,0.0,0.0,0.0,0.0,0.0,0.0,0.0,0.0,0.0,0.0,0.0,0.0,0.0,0.0,0.0,0.0,0.0,0.0,0.0,0.0,0.0,0.0,0.0,0.0,0.0,0.0,0.0,0.0,0.0,0.0,0.0,0.0,0.0,0.0,0.0,0.0,0.0,0.0,0.0,0.0,0.0,0.0,0.0,0.0,0.0
fuel_diesel_price_index_lag12,0.0,0.0,0.0,0.0,0.0,0.0,0.0,0.0,0.0,0.0,0.0,0.0,0.0,0.0,0.0,0.0,0.0,0.0,0.0,0.0,0.0,0.0,0.0,0.0,0.0,0.0,0.0,0.0,0.0,0.0,0.0,0.0,0.0,0.0,0.0,0.0,0.0,0.0,0.0,0.0,0.0,0.0,0.0,0.0,0.0,0.0,0.0,0.0,0.0,0.0,0.0,0.0,0.0,0.0,0.0,0.0,0.0,0.0,0.0,0.0,0.0,0.0,0.0,0.0,0.0,0.0,0.0,0.0,0.0,0.0,0.0,0.0,0.0,0.0,0.0,0.0,0.0,0.0,0.0,0.0,0.0,0.0,0.0,0.0,0.0,0.0,0.0,0.0,0.0,0.0,0.0,0.0,0.0,0.0,0.0,0.0,0.0,0.0,0.0,0.0
fuel_diesel_price_index_lag3,0.0,0.0,0.0,0.0,0.0,0.0,0.0,0.0,0.0,0.0,0.0,0.0,0.0,0.0,0.0,0.0,0.0,0.0,0.0,0.0,0.0,0.0,0.0,0.0,0.0,0.0,0.0,0.0,0.0,0.0,0.0,0.0,0.0,0.0,0.0,0.0,0.0,0.0,0.0,0.0,0.0,0.0,0.0,0.0,0.0,0.0,0.0,0.0,0.0,0.0,0.0,0.0,0.0,0.0,0.0,0.0,0.0,0.0,0.0,0.0,0.0,0.0,0.0,0.0,0.0,0.0,0.0,0.0,0.0,0.0,0.0,0.0,0.0,0.0,0.0,0.0,0.0,0.0,0.0,0.0,0.0,0.0,0.0,0.0,0.0,0.0,0.0,0.0,0.0,0.0,0.0,0.0,0.0,0.0,0.0,0.0,0.0,0.0,0.0,0.0
fuel_diesel_price_index_lag6,0.0,0.0,0.0,0.0,0.0,0.0,0.0,0.0,0.0,0.0,0.0,0.0,0.0,0.0,0.0,0.0,0.0,0.0,0.0,0.0,0.0,0.0,0.0,0.0,0.0,0.0,0.0,0.0,0.0,0.0,0.0,0.0,0.0,0.0,0.0,0.0,0.0,0.0,0.0,0.0,0.0,0.0,0.0,0.0,0.0,0.0,0.0,0.0,0.0,0.0,0.0,0.0,0.0,0.0,0.0,0.0,0.0,0.0,0.0,0.0,0.0,0.0,0.0,0.0,0.0,0.0,0.0,0.0,0.0,0.0,0.0,0.0,0.0,0.0,0.0,0.0,0.0,0.0,0.0,0.0,0.0,0.0,0.0,0.0,0.0,0.0,0.0,0.0,0.0,0.0,0.0,0.0,0.0,0.0,0.0,0.0,0.0,0.0,0.0,0.0
fuel_petrol_n_markets,0.0,0.0,0.0,0.0,0.0,0.0,0.0,0.0,0.0,0.0,0.0,0.0,0.0,0.0,0.0,0.0,0.0,0.0,0.0,0.0,0.0,0.0,0.0,0.0,0.0,0.0,0.0,0.0,0.0,0.0,0.0,0.0,0.0,0.0,0.0,0.0,0.0,0.0,0.0,0.0,0.0,0.0,0.0,0.0,0.0,0.0,0.0,0.0,0.0,0.0,0.0,0.0,0.0,0.0,0.0,0.0,0.0,0.0,0.0,0.0,0.0,0.0,0.0,0.0,0.0,0.0,0.0,0.0,0.0,0.0,0.0,0.0,0.0,0.0,0.0,0.0,0.0,0.0,0.0,0.0,0.0,0.0,0.0,0.0,0.0,0.0,0.0,0.0,0.0,0.0,0.0,0.0,0.0,0.0,0.0,0.0,0.0,0.0,0.0,0.0
fuel_petrol_price_etb,0.0,0.0,0.0,0.0,0.0,0.0,0.0,0.0,0.0,0.0,0.0,0.0,0.0,0.0,0.0,0.0,0.0,0.0,0.0,0.0,0.0,0.0,0.0,0.0,0.0,0.0,0.0,0.0,0.0,0.0,0.0,0.0,0.0,0.0,0.0,0.0,0.0,0.0,0.0,0.0,0.0,0.0,0.0,0.0,0.0,0.0,0.0,0.0,0.0,0.0,0.0,0.0,0.0,0.0,0.0,0.0,0.0,0.0,0.0,0.0,0.0,0.0,0.0,0.0,0.0,0.0,0.0,0.0,0.0,0.0,0.0,0.0,0.0,0.0,0.0,0.0,0.0,0.0,0.0,0.0,0.0,0.0,0.0,0.0,0.0,0.0,0.0,0.0,0.0,0.0,0.0,0.0,0.0,0.0,0.0,0.0,0.0,0.0,0.0,0.0
fuel_petrol_price_etb_lag1,0.0,0.0,0.0,0.0,0.0,0.0,0.0,0.0,0.0,0.0,0.0,0.0,0.0,0.0,0.0,0.0,0.0,0.0,0.0,0.0,0.0,0.0,0.0,0.0,0.0,0.0,0.0,0.0,0.0,0.0,0.0,0.0,0.0,0.0,0.0,0.0,0.0,0.0,0.0,0.0,0.0,0.0,0.0,0.0,0.0,0.0,0.0,0.0,0.0,0.0,0.0,0.0,0.0,0.0,0.0,0.0,0.0,0.0,0.0,0.0,0.0,0.0,0.0,0.0,0.0,0.0,0.0,0.0,0.0,0.0,0.0,0.0,0.0,0.0,0.0,0.0,0.0,0.0,0.0,0.0,0.0,0.0,0.0,0.0,0.0,0.0,0.0,0.0,0.0,0.0,0.0,0.0,0.0,0.0,0.0,0.0,0.0,0.0,0.0,0.0
fuel_petrol_price_etb_lag12,0.0,0.0,0.0,0.0,0.0,0.0,0.0,0.0,0.0,0.0,0.0,0.0,0.0,0.0,0.0,0.0,0.0,0.0,0.0,0.0,0.0,0.0,0.0,0.0,0.0,0.0,0.0,0.0,0.0,0.0,0.0,0.0,0.0,0.0,0.0,0.0,0.0,0.0,0.0,0.0,0.0,0.0,0.0,0.0,0.0,0.0,0.0,0.0,0.0,0.0,0.0,0.0,0.0,0.0,0.0,0.0,0.0,0.0,0.0,0.0,0.0,0.0,0.0,0.0,0.0,0.0,0.0,0.0,0.0,0.0,0.0,0.0,0.0,0.0,0.0,0.0,0.0,0.0,0.0,0.0,0.0,0.0,0.0,0.0,0.0,0.0,0.0,0.0,0.0,0.0,0.0,0.0,0.0,0.0,0.0,0.0,0.0,0.0,0.0,0.0
fuel_petrol_price_etb_lag3,0.0,0.0,0.0,0.0,0.0,0.0,0.0,0.0,0.0,0.0,0.0,0.0,0.0,0.0,0.0,0.0,0.0,0.0,0.0,0.0,0.0,0.0,0.0,0.0,0.0,0.0,0.0,0.0,0.0,0.0,0.0,0.0,0.0,0.0,0.0,0.0,0.0,0.0,0.0,0.0,0.0,0.0,0.0,0.0,0.0,0.0,0.0,0.0,0.0,0.0,0.0,0.0,0.0,0.0,0.0,0.0,0.0,0.0,0.0,0.0,0.0,0.0,0.0,0.0,0.0,0.0,0.0,0.0,0.0,0.0,0.0,0.0,0.0,0.0,0.0,0.0,0.0,0.0,0.0,0.0,0.0,0.0,0.0,0.0,0.0,0.0,0.0,0.0,0.0,0.0,0.0,0.0,0.0,0.0,0.0,0.0,0.0,0.0,0.0,0.0
fuel_petrol_price_etb_lag6,0.0,0.0,0.0,0.0,0.0,0.0,0.0,0.0,0.0,0.0,0.0,0.0,0.0,0.0,0.0,0.0,0.0,0.0,0.0,0.0,0.0,0.0,0.0,0.0,0.0,0.0,0.0,0.0,0.0,0.0,0.0,0.0,0.0,0.0,0.0,0.0,0.0,0.0,0.0,0.0,0.0,0.0,0.0,0.0,0.0,0.0,0.0,0.0,0.0,0.0,0.0,0.0,0.0,0.0,0.0,0.0,0.0,0.0,0.0,0.0,0.0,0.0,0.0,0.0,0.0,0.0,0.0,0.0,0.0,0.0,0.0,0.0,0.0,0.0,0.0,0.0,0.0,0.0,0.0,0.0,0.0,0.0,0.0,0.0,0.0,0.0,0.0,0.0,0.0,0.0,0.0,0.0,0.0,0.0,0.0,0.0,0.0,0.0,0.0,0.0
fuel_petrol_price_index,0.0,0.0,0.0,0.0,0.0,0.0,0.0,0.0,0.0,0.0,0.0,0.0,0.0,0.0,0.0,0.0,0.0,0.0,0.0,0.0,0.0,0.0,0.0,0.0,0.0,0.0,0.0,0.0,0.0,0.0,0.0,0.0,0.0,0.0,0.0,0.0,0.0,0.0,0.0,0.0,0.0,0.0,0.0,0.0,0.0,0.0,0.0,0.0,0.0,0.0,0.0,0.0,0.0,0.0,0.0,0.0,0.0,0.0,0.0,0.0,0.0,0.0,0.0,0.0,0.0,0.0,0.0,0.0,0.0,0.0,0.0,0.0,0.0,0.0,0.0,0.0,0.0,0.0,0.0,0.0,0.0,0.0,0.0,0.0,0.0,0.0,0.0,0.0,0.0,0.0,0.0,0.0,0.0,0.0,0.0,0.0,0.0,0.0,0.0,0.0
fuel_petrol_price_index_lag1,0.0,0.0,0.0,0.0,0.0,0.0,0.0,0.0,0.0,0.0,0.0,0.0,0.0,0.0,0.0,0.0,0.0,0.0,0.0,0.0,0.0,0.0,0.0,0.0,0.0,0.0,0.0,0.0,0.0,0.0,0.0,0.0,0.0,0.0,0.0,0.0,0.0,0.0,0.0,0.0,0.0,0.0,0.0,0.0,0.0,0.0,0.0,0.0,0.0,0.0,0.0,0.0,0.0,0.0,0.0,0.0,0.0,0.0,0.0,0.0,0.0,0.0,0.0,0.0,0.0,0.0,0.0,0.0,0.0,0.0,0.0,0.0,0.0,0.0,0.0,0.0,0.0,0.0,0.0,0.0,0.0,0.0,0.0,0.0,0.0,0.0,0.0,0.0,0.0,0.0,0.0,0.0,0.0,0.0,0.0,0.0,0.0,0.0,0.0,0.0
fuel_petrol_price_index_lag12,0.0,0.0,0.0,0.0,0.0,0.0,0.0,0.0,0.0,0.0,0.0,0.0,0.0,0.0,0.0,0.0,0.0,0.0,0.0,0.0,0.0,0.0,0.0,0.0,0.0,0.0,0.0,0.0,0.0,0.0,0.0,0.0,0.0,0.0,0.0,0.0,0.0,0.0,0.0,0.0,0.0,0.0,0.0,0.0,0.0,0.0,0.0,0.0,0.0,0.0,0.0,0.0,0.0,0.0,0.0,0.0,0.0,0.0,0.0,0.0,0.0,0.0,0.0,0.0,0.0,0.0,0.0,0.0,0.0,0.0,0.0,0.0,0.0,0.0,0.0,0.0,0.0,0.0,0.0,0.0,0.0,0.0,0.0,0.0,0.0,0.0,0.0,0.0,0.0,0.0,0.0,0.0,0.0,0.0,0.0,0.0,0.0,0.0,0.0,0.0
fuel_petrol_price_index_lag3,0.0,0.0,0.0,0.0,0.0,0.0,0.0,0.0,0.0,0.0,0.0,0.0,0.0,0.0,0.0,0.0,0.0,0.0,0.0,0.0,0.0,0.0,0.0,0.0,0.0,0.0,0.0,0.0,0.0,0.0,0.0,0.0,0.0,0.0,0.0,0.0,0.0,0.0,0.0,0.0,0.0,0.0,0.0,0.0,0.0,0.0,0.0,0.0,0.0,0.0,0.0,0.0,0.0,0.0,0.0,0.0,0.0,0.0,0.0,0.0,0.0,0.0,0.0,0.0,0.0,0.0,0.0,0.0,0.0,0.0,0.0,0.0,0.0,0.0,0.0,0.0,0.0,0.0,0.0,0.0,0.0,0.0,0.0,0.0,0.0,0.0,0.0,0.0,0.0,0.0,0.0,0.0,0.0,0.0,0.0,0.0,0.0,0.0,0.0,0.0
fuel_petrol_price_index_lag6,0.0,0.0,0.0,0.0,0.0,0.0,0.0,0.0,0.0,0.0,0.0,0.0,0.0,0.0,0.0,0.0,0.0,0.0,0.0,0.0,0.0,0.0,0.0,0.0,0.0,0.0,0.0,0.0,0.0,0.0,0.0,0.0,0.0,0.0,0.0,0.0,0.0,0.0,0.0,0.0,0.0,0.0,0.0,0.0,0.0,0.0,0.0,0.0,0.0,0.0,0.0,0.0,0.0,0.0,0.0,0.0,0.0,0.0,0.0,0.0,0.0,0.0,0.0,0.0,0.0,0.0,0.0,0.0,0.0,0.0,0.0,0.0,0.0,0.0,0.0,0.0,0.0,0.0,0.0,0.0,0.0,0.0,0.0,0.0,0.0,0.0,0.0,0.0,0.0,0.0,0.0,0.0,0.0,0.0,0.0,0.0,0.0,0.0,0.0,0.0
gdp_per_capita,0.0,0.0,0.0,0.0,0.0,0.0,0.0,0.0,0.0,0.0,0.0,0.0,0.0,0.0,0.0,0.0,0.0,0.0,0.0,0.0,0.0,0.0,0.0,0.0,0.0,0.0,0.0,0.0,0.0,0.0,0.0,0.0,0.0,0.0,0.0,0.0,0.0,0.0,0.0,0.0,0.0,0.0,0.0,0.0,0.0,0.0,0.0,0.0,0.0,0.0,0.0,0.0,0.0,0.0,0.0,0.0,0.0,0.0,0.0,0.0,0.0,0.0,0.0,0.0,0.0,0.0,0.0,0.0,0.0,0.0,0.0,0.0,0.0,0.0,0.0,0.0,0.0,0.0,0.0,0.0,0.0,0.0,0.0,0.0,0.0,0.0,0.0,0.0,0.0,0.0,0.0,0.0,0.0,0.0,0.0,0.0,0.0,0.0,0.0,0.0
gdp_per_capita_yoy_change,0.002143297947492011,0.00207422650583073,0.0020476372958320977,0.0020766547560984922,0.0021697451292072454,0.002099010223565203,0.0021328277680560115,0.0021118527631165448,0.002134925945455644,0.0021034067248883147,0.002099957823026424,0.0021283195564218683,0.0020864792465565894,0.0020881518046709075,0.002191590952135499,0.0021125416920229206,0.002108099624923359,0.0021137919626921784,0.0020977050316660795,0.002073766165133373,0.0021106073814087527,0.002137554253742685,0.002153638178361175,0.0021455130397147397,0.0020995856299861402,0.002117796123893565,0.0020589461735706182,0.0021102560152382616,0.0021095531937660454,0.0021166276772396626,0.00208043143525334,0.0021123997696943383,0.00212474717116504,0.002121206556059281,0.002154085929476604,0.0021014109661698526,0.002118472765608619,0.0021728443040167356,0.0021165386281953836,0.002087089388128023,0.002098389365662113,0.0021838291219433703,0.002070445538157169,0.0021634994885512083,0.0020746452250377146,0.002015449287896247,0.0021270644721839245,0.002105147228624448,0.0021088142016435943,0.0021759084578676776,0.002132468271179136,0.002196922713667,0.0021945891479574005,0.002103784574604522,0.002064833596664988,0.0021440455709790377,0.0020634387205229537,0.002160645211906043,0.002006906114699894,0.0020714767445476558,0.0020810726257311047,0.0021760695474607942,0.002185530689839991,0.002109054842863548,0.0020909261803950642,0.002026574563343024,0.0020699919666130845,0.0021666722387599898,0.0021073769965049027,0.002120701049205772,0.002076697528341064,0.002130967705350516,0.0021297114218660393,0.0020574522333404754,0.002140058873907719,0.002072567335574832,0.002115412542931967,0.002109944033696785,0.0020734866829897522,0.0021118695158357146,0.002107761640344625,0.0021152174599684665,0.002041283762853739,0.002121224727454609,0.0021013458717352176,0.00205747365052995,0.0020653536006245247,0.0021736703263537855,0.0021360969946066046,0.0021358907205393965,0.002109601379971851,0.0021199571088777844,0.002143366550004754,0.002064249489415923,0.0020850307891419153,0.0021082526327382703,0.0021145822186269805,0.0020340009638268354,0.0021348781218486173,0.002171658601623422
goat_maize_tot,0.0,0.0,0.0,0.0,0.0,0.0,0.0,0.0,0.0,0.0,0.0,0.0,0.0,0.0,0.0,0.0,0.0,0.0,0.0,0.0,0.0,0.0,0.0,0.0,0.0,0.0,0.0,0.0,0.0,0.0,0.0,0.0,0.0,0.0,0.0,0.0,0.0,0.0,0.0,0.0,0.0,0.0,0.0,0.0,0.0,0.0,0.0,0.0,0.0,0.0,0.0,0.0,0.0,0.0,0.0,0.0,0.0,0.0,0.0,0.0,0.0,0.0,0.0,0.0,0.0,0.0,0.0,0.0,0.0,0.0,0.0,0.0,0.0,0.0,0.0,0.0,0.0,0.0,0.0,0.0,0.0,0.0,0.0,0.0,0.0,0.0,0.0,0.0,0.0,0.0,0.0,0.0,0.0,0.0,0.0,0.0,0.0,0.0,0.0,0.0
goat_maize_tot_lag1,0.0,0.0,0.0,0.0,0.0,0.0,0.0,0.0,0.0,0.0,0.0,0.0,0.0,0.0,0.0,0.0,0.0,0.0,0.0,0.0,0.0,0.0,0.0,0.0,0.0,0.0,0.0,0.0,0.0,0.0,0.0,0.0,0.0,0.0,0.0,0.0,0.0,0.0,0.0,0.0,0.0,0.0,0.0,0.0,0.0,0.0,0.0,0.0,0.0,0.0,0.0,0.0,0.0,0.0,0.0,0.0,0.0,0.0,0.0,0.0,0.0,0.0,0.0,0.0,0.0,0.0,0.0,0.0,0.0,0.0,0.0,0.0,0.0,0.0,0.0,0.0,0.0,0.0,0.0,0.0,0.0,0.0,0.0,0.0,0.0,0.0,0.0,0.0,0.0,0.0,0.0,0.0,0.0,0.0,0.0,0.0,0.0,0.0,0.0,0.0
goat_maize_tot_lag12,0.0,0.0,0.0,0.0,0.0,0.0,0.0,0.0,0.0,0.0,0.0,0.0,0.0,0.0,0.0,0.0,0.0,0.0,0.0,0.0,0.0,0.0,0.0,0.0,0.0,0.0,0.0,0.0,0.0,0.0,0.0,0.0,0.0,0.0,0.0,0.0,0.0,0.0,0.0,0.0,0.0,0.0,0.0,0.0,0.0,0.0,0.0,0.0,0.0,0.0,0.0,0.0,0.0,0.0,0.0,0.0,0.0,0.0,0.0,0.0,0.0,0.0,0.0,0.0,0.0,0.0,0.0,0.0,0.0,0.0,0.0,0.0,0.0,0.0,0.0,0.0,0.0,0.0,0.0,0.0,0.0,0.0,0.0,0.0,0.0,0.0,0.0,0.0,0.0,0.0,0.0,0.0,0.0,0.0,0.0,0.0,0.0,0.0,0.0,0.0
goat_maize_tot_lag3,0.0,0.0,0.0,0.0,0.0,0.0,0.0,0.0,0.0,0.0,0.0,0.0,0.0,0.0,0.0,0.0,0.0,0.0,0.0,0.0,0.0,0.0,0.0,0.0,0.0,0.0,0.0,0.0,0.0,0.0,0.0,0.0,0.0,0.0,0.0,0.0,0.0,0.0,0.0,0.0,0.0,0.0,0.0,0.0,0.0,0.0,0.0,0.0,0.0,0.0,0.0,0.0,0.0,0.0,0.0,0.0,0.0,0.0,0.0,0.0,0.0,0.0,0.0,0.0,0.0,0.0,0.0,0.0,0.0,0.0,0.0,0.0,0.0,0.0,0.0,0.0,0.0,0.0,0.0,0.0,0.0,0.0,0.0,0.0,0.0,0.0,0.0,0.0,0.0,0.0,0.0,0.0,0.0,0.0,0.0,0.0,0.0,0.0,0.0,0.0
goat_maize_tot_lag6,1.9519793074076714e-05,1.7864260182370803e-05,2.5924435560254084e-05,2.2584434375012636e-05,2.7881439304746703e-05,2.3450424767429042e-05,1.4757201476620345e-05,2.2232874950266772e-05,2.2287870415989656e-05,2.375610219025464e-05,2.3406241127669687e-05,2.4317306761415848e-05,1.2676515780373883e-05,1.6932403880863703e-05,2.0770193318649354e-05,1.972238407865568e-05,2.307823047381257e-05,1.7642100220141205e-05,1.6666405813047357e-05,1.7678773119336084e-05,2.37150484113713e-05,1.4748396525471847e-05,1.5437562890181136e-05,2.15187406564598e-05,1.2900456631899373e-05,2.1136732575315865e-05,2.1046546613701135e-05,2.7658835084295173e-05,1.2020722000742057e-05,1.6320364137120376e-05,2.5399576864874386e-05,2.466988890561011e-05,1.6307827725420335e-05,2.217263631198717e-05,1.3706489132551427e-05,2.0902623917992318e-05,1.2855185485034255e-05,1.4897801491044323e-05,2.3427654990991943e-05,2.528613059170251e-05,2.0668581590889403e-05,2.1275911888967635e-05,1.7437704416535657e-05,2.0240008152296332e-05,1.751955745136269e-05,1.477035491362862e-05,1.7795377019522845e-05,2.238705569172498e-05,1.8489911504413772e-05,1.5353371329435896e-05,1.4555508243864861e-05,1.8229147353774518e-05,2.644675982418021e-05,2.3048121181334028e-05,2.456996628463145e-05,2.243953986444335e-05,1.8707244786169713e-05,1.4111654173513376e-05,2.1096957581383842e-05,2.0087536570941934e-05,1.5526007297863377e-05,1.3824216018799176e-05,1.659557285022538e-05,1.3699172754959044e-05,1.7979511254569264e-05,1.9914650707264617e-05,2.2212036463044444e-05,1.5720846922007655e-05,1.6395085901947497e-05,1.56504427917749e-05,2.366561388623887e-05,1.6818699999625637e-05,1.858178348768325e-05,2.4541917856682407e-05,1.3830791966021678e-05,1.8398662716705605e-05,2.8228050186520533e-05,1.9330358591632567e-05,1.3430530733696917e-05,1.8882120556466082e-05,2.5970268200149694e-05,1.9459529754784783e-05,1.4764363597885669e-05,1.8767542041853596e-05,2.2895512311848546e-05,2.37297737203523e-05,1.7364227500267897e-05,2.3067722532813346e-05,2.265475674939205e-05,1.7352325082072066e-05,1.6447847736054572e-05,2.2816540785210967e-05,1.731618745233208e-05,2.6562057173276788e-05,2.029868417398283e-05,2.2694087485102147e-05,1.3714612270734326e-05,2.3069120095136495e-05,1.783015873614799e-05,2.2256780053271022e-05
ha_share_lag1,0.016991323562759297,0.01739735962904018,0.017617705010849496,0.017879986059591638,0.01684715732407619,0.01722783698366789,0.017240846275851346,0.017510696173516367,0.01719745780586209,0.017680604981092685,0.017703200276655687,0.017147908486256195,0.017289757574320334,0.016933660752161194,0.017624146281500535,0.017205208779060076,0.017447061483472522,0.017105955590434204,0.017184353696942083,0.01754080064239956,0.01724136093974607,0.01708855386939108,0.01684083402557896,0.017203867702318767,0.016943188977290878,0.017630655725735314,0.01735910838990478,0.017022672961957707,0.01718010838234153,0.01692779831295181,0.01771180767635381,0.01724893909495316,0.017649770788771273,0.017486177366342604,0.016887539420006932,0.017390465068459263,0.017298556574259733,0.01747109195830659,0.01770193140884364,0.016951181717972826,0.01783877763411273,0.017511423490555882,0.01715994736731176,0.017042274114446365,0.017440854947759498,0.017251553994219744,0.01725925844525205,0.01696546776972202,0.017138232611597942,0.01716142752155754,0.017486842801913958,0.01733366731963049,0.017503440620736305,0.017036946841340134,0.017301663455570708,0.017042751906451232,0.01716239039880642,0.016887012431031675,0.01710274077751375,0.01687230101900318,0.017054234508340156,0.017249963520476537,0.017435829659179624,0.017418235295122455,0.017325285106403732,0.017863552961845577,0.017543720020517305,0.017383403943438954,0.017189725244699305,0.017066587527778083,0.0174206489916914,0.01702505826919222,0.017335901295237908,0.01702831165082213,0.017566120317572147,0.01740886169807758,0.017464080037969485,0.01780376656609539,0.017685666111130153,0.017604593472944775,0.017392083667758584,0.01729576652310403,0.017310927578442832,0.017609211669822163,0.017140567504779648,0.017408947652788144,0.01736921305704561,0.017308458824705632,0.017280381991996527,0.01722479561656158,0.017476240974343835,0.017471873841979242,0.017300535258730994,0.017535420538043876,0.017257295238860645,0.017303196215851708,0.017450697815689736,0.017140839304427922,0.017193251314493934,0.016973736704815
ha_share_lag4,0.0037423992463952514,0.003770676122565694,0.003757177871761855,0.0037882909155595376,0.003741956225309066,0.003750884826015488,0.0038146581338799517,0.003823983918404974,0.003771446670712151,0.0037543422286061274,0.003739294236213524,0.0037111179544503646,0.003777055423822462,0.003687364011077407,0.0036956105959711607,0.003812465946311536,0.003743249307508054,0.0038081520832843664,0.003817717371581751,0.003756350562686012,0.003836236193806982,0.0036767749678860294,0.0037518451811734193,0.003794828440616096,0.003676686250830289,0.003778490715700647,0.0038392744264247256,0.0037890153441493307,0.0037731526677899727,0.00372287944637964,0.003700078313873298,0.0037151373124548366,0.003911621044110314,0.0037489929454358716,0.003644621325946002,0.003834578142295096,0.0036642810919825333,0.003718776070738431,0.0038055618449767924,0.003879621362710838,0.0037663067064361787,0.0036751310231152527,0.0037279223433192474,0.0037134696901091383,0.0038126452168445904,0.0038907097263057287,0.0038841632027063313,0.0037230035278552807,0.0037604874412588943,0.0036950167183673653,0.0038624279023635956,0.0036471261440411858,0.0037373847920085085,0.0036151948907483934,0.0036941241573226133,0.003639359409702984,0.00386420835974177,0.003786565272010261,0.00367446439514249,0.0038179383900471603,0.0037238030939307025,0.0038009549381199832,0.00383772302889429,0.0037807096366618237,0.0037148146394555366,0.003874546838596494,0.0037796710103009798,0.003702589409815352,0.00377113764207062,0.0036069420546169855,0.0038010194720256895,0.0036983807210658154,0.0037602092484571425,0.0037677835164047916,0.0037569141674856222,0.0038802219196135954,0.003753446753659357,0.003896322575692805,0.0038163809294717898,0.003746394439760449,0.0037788085431230732,0.0038197230108036016,0.00384978461339607,0.00380952886188129,0.0036741203464583086,0.0037655282742488456,0.0037884039584524143,0.0036688491270162058,0.0038269377620138737,0.0037190920046644427,0.003786072124173676,0.0038665108799193957,0.0038294159354136845,0.0037844560176566026,0.0037131870261877466,0.003632110606408514,0.0037126924699908952,0.0037000424350085467,0.0036841536808458176,0.0037013747064130647
ha_share_lag8,0.003957485045088497,0.004011176813463246,0.003884611814041809,0.003921434921877725,0.0040313786277489634,0.003940040541053065,0.003934142408472164,0.0038697129466395445,0.003963317678890367,0.0039482493886789675,0.0040189107845288626,0.003932380781163833,0.003984203367006211,0.004010309741733977,0.003921480109726173,0.00401734285689042,0.0038786385200655486,0.003995619367183365,0.0038969695784043575,0.003919839103152786,0.003997318230677342,0.0039319708542300555,0.0040402438931213406,0.003991322109849803,0.004015052759746093,0.004037458292260674,0.003934514524095054,0.0038921736443018073,0.0039759800732752796,0.003937548781527249,0.003966064171144434,0.003953768345324889,0.0039078819640674944,0.004138857319056371,0.004026857703368856,0.003942773318377094,0.003934826317781247,0.003969309653307834,0.0039708967750610525,0.004004229401579555,0.003995116499269971,0.003860550344483946,0.003934331303057463,0.0038678448053373806,0.003970645889485598,0.004009740178012453,0.003963621796781725,0.003920835910623365,0.004020356050621155,0.003982402538537486,0.00402179380443032,0.00403553670422631,0.003898911603859493,0.0038868930923519176,0.004011889240139513,0.003906866579507448,0.0039560323207027915,0.00393243791462225,0.003923289959104905,0.004035073111516348,0.003957955141245208,0.003937213568645482,0.0040041177493074665,0.00393533488700849,0.004017271389934094,0.003946609438761421,0.00406471721781707,0.003926719427417277,0.003920404174930067,0.0039756718953573925,0.0039521193544440145,0.003868680322392387,0.003937369443121411,0.003932276354258105,0.0040012790302805775,0.0038732215978097223,0.003916448067804301,0.003974877435166397,0.0039939417139343595,0.004086983608039516,0.0039409669104570185,0.003944117387691146,0.00392339956285297,0.003984504441420237,0.003960127926452807,0.003947883549746026,0.003971002787721823,0.0039038364114104837,0.003928981360441409,0.0040163353903076415,0.0040009298078391865,0.003985795474323921,0.0039277753921892825,0.003884992625093855,0.0039006067960528855,0.003984058728561145,0.004032976692446024,0.004025279150554606,0.003907829541597307,0.003907533110298725
ha_share_mean12,0.015516469917620684,0.01555334901896076,0.015555560425324964,0.015585459614515799,0.015616128245063943,0.015078859717641065,0.015225141939724454,0.015220911245538581,0.0153610104359455,0.015291465925318853,0.015659651585987637,0.015084745326150771,0.01553083169688596,0.015149328410316945,0.015380017255774196,0.01544383758250971,0.015316194528810232,0.01540540473894303,0.015389467462681342,0.015384573455491175,0.015398605636804988,0.015009181681195154,0.015153959219191632,0.0156525111824706,0.015298739425822569,0.015637199531307377,0.014863954482920175,0.014975203473437153,0.01545809002643293,0.015285891167989183,0.015539399395633188,0.01524257063557149,0.015384473910798196,0.015495329592415511,0.015198447962540277,0.015292855282747968,0.01508588321337295,0.01524231438958867,0.015460184893684604,0.015298477645122733,0.015376361209598387,0.014978818799027745,0.015430446467352704,0.0151897179938498,0.015031189972816293,0.015311832855577055,0.015210829667484785,0.014948958707645567,0.015193645364564398,0.015047968453563765,0.015150907652656977,0.015253888266488878,0.0153365669243701,0.015276870065162394,0.01526316202266863,0.015365139623297915,0.015506445513131949,0.015332377700455193,0.015478334369188017,0.015012829340454462,0.01535693066615002,0.01567607000161649,0.015183705324403494,0.014877753811223166,0.015070791743063285,0.01546305664978906,0.015608489798771422,0.015156103035061009,0.01536372672018304,0.015189905717629577,0.015410332903111697,0.015444780301541769,0.01538786787393177,0.015190381963986047,0.015467541731169012,0.015156517569631276,0.015261121175982691,0.015441704684903163,0.015056416221101833,0.015442039760496799,0.015195760377692387,0.015503363888209405,0.015325578646136614,0.015148536048011998,0.015159454079456704,0.015584598163887088,0.015333420348278485,0.01525785473346957,0.01523414890650143,0.015289237576982249,0.015475643754745862,0.015374536119694542,0.015085067873045524,0.015464225226307507,0.015188080758843609,0.015242926160926405,0.015038564571374199,0.015434153584713275,0.015182730344203194,0.01518034056045007
headline_cpi,0.017636728980896636,0.017529377938242434,0.0172523798579138,0.017552652118985945,0.017372825709374054,0.01759816865835871,0.01775494646705209,0.017574518812554223,0.017900822814515414,0.01764466091064933,0.017494186268459937,0.017496225034228024,0.01798606671038128,0.017577033614890176,0.01732150174476839,0.01770211018267132,0.01741669655740878,0.01785275939983117,0.01746358745586798,0.017697559994323406,0.01738990400426136,0.017684656130169243,0.017290106995752386,0.017191920913833023,0.01775346469774256,0.017857521453074048,0.01762092971314308,0.017368094788143107,0.017516125445533735,0.01767349317978381,0.01762137846793694,0.01776295978861319,0.0177847366386689,0.017548147101518283,0.017518932372331618,0.017598860439368164,0.01746101654742075,0.01772303043963006,0.017627535923914386,0.017526791945068978,0.01730432387896453,0.017860906540298562,0.017584508638944684,0.017697332452357925,0.017295398965755604,0.017482011148216316,0.01764038399664018,0.017475426650565604,0.017804128048829658,0.017430222586691996,0.01756126297248323,0.017475668513688487,0.017352263598585226,0.01766008335333433,0.017620742334897473,0.017509094806191342,0.017534013620074493,0.01756533251816935,0.0173844010841032,0.017758847037272422,0.017263707222405427,0.017515011318413615,0.017635538811577527,0.0175336720286936,0.01755723749320206,0.017313461790852417,0.017690735857926045,0.017712901910577995,0.01745756289788655,0.017984943332509225,0.0175870616444026,0.017463277504002332,0.01752700346905746,0.017754266679472063,0.017183137584793888,0.017729329300839956,0.017939711416113203,0.017530899285097795,0.01737962764365826,0.01766458752547732,0.01750092828804415,0.0175164110758043,0.017603485730494032,0.01773894352232941,0.01744785128357988,0.017500381952240355,0.017581134270992338,0.017395600557759187,0.017689037944651046,0.017757607674068053,0.017444149919980306,0.017875904147175777,0.01751254688848126,0.017186413788647385,0.01748013039954454,0.017545009487719268,0.01743764899995016,0.017538035813695896,0.017387737281327417,0.017354580349680307
headline_cpi_chainlinked,0.0,0.0,0.0,0.0,0.0,0.0,0.0,0.0,0.0,0.0,0.0,0.0,0.0,0.0,0.0,0.0,0.0,0.0,0.0,0.0,0.0,0.0,0.0,0.0,0.0,0.0,0.0,0.0,0.0,0.0,0.0,0.0,0.0,0.0,0.0,0.0,0.0,0.0,0.0,0.0,0.0,0.0,0.0,0.0,0.0,0.0,0.0,0.0,0.0,0.0,0.0,0.0,0.0,0.0,0.0,0.0,0.0,0.0,0.0,0.0,0.0,0.0,0.0,0.0,0.0,0.0,0.0,0.0,0.0,0.0,0.0,0.0,0.0,0.0,0.0,0.0,0.0,0.0,0.0,0.0,0.0,0.0,0.0,0.0,0.0,0.0,0.0,0.0,0.0,0.0,0.0,0.0,0.0,0.0,0.0,0.0,0.0,0.0,0.0,0.0
headline_cpi_chainlinked_lag1,0.0,0.0,0.0,0.0,0.0,0.0,0.0,0.0,0.0,0.0,0.0,0.0,0.0,0.0,0.0,0.0,0.0,0.0,0.0,0.0,0.0,0.0,0.0,0.0,0.0,0.0,0.0,0.0,0.0,0.0,0.0,0.0,0.0,0.0,0.0,0.0,0.0,0.0,0.0,0.0,0.0,0.0,0.0,0.0,0.0,0.0,0.0,0.0,0.0,0.0,0.0,0.0,0.0,0.0,0.0,0.0,0.0,0.0,0.0,0.0,0.0,0.0,0.0,0.0,0.0,0.0,0.0,0.0,0.0,0.0,0.0,0.0,0.0,0.0,0.0,0.0,0.0,0.0,0.0,0.0,0.0,0.0,0.0,0.0,0.0,0.0,0.0,0.0,0.0,0.0,0.0,0.0,0.0,0.0,0.0,0.0,0.0,0.0,0.0,0.0
headline_cpi_chainlinked_lag12,0.0,0.0,0.0,0.0,0.0,0.0,0.0,0.0,0.0,0.0,0.0,0.0,0.0,0.0,0.0,0.0,0.0,0.0,0.0,0.0,0.0,0.0,0.0,0.0,0.0,0.0,0.0,0.0,0.0,0.0,0.0,0.0,0.0,0.0,0.0,0.0,0.0,0.0,0.0,0.0,0.0,0.0,0.0,0.0,0.0,0.0,0.0,0.0,0.0,0.0,0.0,0.0,0.0,0.0,0.0,0.0,0.0,0.0,0.0,0.0,0.0,0.0,0.0,0.0,0.0,0.0,0.0,0.0,0.0,0.0,0.0,0.0,0.0,0.0,0.0,0.0,0.0,0.0,0.0,0.0,0.0,0.0,0.0,0.0,0.0,0.0,0.0,0.0,0.0,0.0,0.0,0.0,0.0,0.0,0.0,0.0,0.0,0.0,0.0,0.0
headline_cpi_chainlinked_lag3,0.0,0.0,0.0,0.0,0.0,0.0,0.0,0.0,0.0,0.0,0.0,0.0,0.0,0.0,0.0,0.0,0.0,0.0,0.0,0.0,0.0,0.0,0.0,0.0,0.0,0.0,0.0,0.0,0.0,0.0,0.0,0.0,0.0,0.0,0.0,0.0,0.0,0.0,0.0,0.0,0.0,0.0,0.0,0.0,0.0,0.0,0.0,0.0,0.0,0.0,0.0,0.0,0.0,0.0,0.0,0.0,0.0,0.0,0.0,0.0,0.0,0.0,0.0,0.0,0.0,0.0,0.0,0.0,0.0,0.0,0.0,0.0,0.0,0.0,0.0,0.0,0.0,0.0,0.0,0.0,0.0,0.0,0.0,0.0,0.0,0.0,0.0,0.0,0.0,0.0,0.0,0.0,0.0,0.0,0.0,0.0,0.0,0.0,0.0,0.0
headline_cpi_chainlinked_lag6,0.0,0.0,0.0,0.0,0.0,0.0,0.0,0.0,0.0,0.0,0.0,0.0,0.0,0.0,0.0,0.0,0.0,0.0,0.0,0.0,0.0,0.0,0.0,0.0,0.0,0.0,0.0,0.0,0.0,0.0,0.0,0.0,0.0,0.0,0.0,0.0,0.0,0.0,0.0,0.0,0.0,0.0,0.0,0.0,0.0,0.0,0.0,0.0,0.0,0.0,0.0,0.0,0.0,0.0,0.0,0.0,0.0,0.0,0.0,0.0,0.0,0.0,0.0,0.0,0.0,0.0,0.0,0.0,0.0,0.0,0.0,0.0,0.0,0.0,0.0,0.0,0.0,0.0,0.0,0.0,0.0,0.0,0.0,0.0,0.0,0.0,0.0,0.0,0.0,0.0,0.0,0.0,0.0,0.0,0.0,0.0,0.0,0.0,0.0,0.0
headline_cpi_lag1,0.0021584245042709583,0.002178771287110281,0.0021316359903254616,0.0021587597279506686,0.0022172742185817247,0.0022184642093491355,0.002175591864062022,0.0021806786534825716,0.002143624564536363,0.002233109187033976,0.0021744471162896965,0.002133359667492209,0.0021973931097558565,0.0022285133812337435,0.002134548802137005,0.002131809195499736,0.0021995008581821222,0.0022460421153940027,0.002192620704370873,0.002229913531978061,0.0022157102148386014,0.0021589752124703447,0.002180792012215278,0.0020705312579160644,0.002192130289185121,0.002126352586561725,0.002225521798814429,0.002162787005860613,0.0021718204202705042,0.0022317512473766354,0.002150812993061345,0.002139456483379284,0.002178159412420808,0.0021413732724993124,0.002191341270000421,0.0021758339585693973,0.0020915595668042175,0.0021948998138370227,0.0021926969752548643,0.0022547474404793102,0.0021600618727088713,0.00216994971792767,0.0021400221235911296,0.0021416355421917037,0.0021909098586310512,0.0021880031545987782,0.002152214818258093,0.0022557464322194797,0.002193171505895337,0.002248935043950629,0.0021774460609778608,0.002207752027959557,0.0021554149833833704,0.002138345385082143,0.0021737648432546028,0.0021306711902714663,0.0021373849605088647,0.0021962712270132503,0.0020910237316142453,0.0021196534321113155,0.002198492742565848,0.002217672537726892,0.002209998404618746,0.002229804728434693,0.002135458634105775,0.002174374478913489,0.0021670542908041866,0.0022203288405485775,0.0021641095506324285,0.002163192811836614,0.002173654789078063,0.0021417375306905426,0.0021783023309078276,0.0022179760601888287,0.002268858715182259,0.0022021331166844683,0.0020936461578183047,0.002152172162912894,0.002144998413805636,0.002222889074457975,0.002168720246795912,0.002230831784414085,0.0021177734161570948,0.0022078397176681593,0.002171098749398198,0.0021921487259013313,0.002153408700141354,0.0021718925998910612,0.0021359556233105453,0.002197277250528089,0.002160741518373075,0.0021907791907958855,0.0022041084109873012,0.0021618383510450894,0.0021916617305783506,0.0021925871181407825,0.002196504144811729,0.002144415855145479,0.0021825958259295724,0.0022196988195304296
headline_cpi_lag12,0.005019236775982824,0.005001377491338283,0.004956117962674078,0.005005792758232812,0.005012090731697547,0.005013413072079729,0.005022465820206372,0.004999280354590396,0.004933978621433363,0.004977665043688586,0.005048288752018295,0.004982025386075302,0.004966876144071667,0.004976391395858603,0.004967060751873638,0.005035717835106095,0.005029501818799208,0.004987579112097343,0.004962882563456368,0.0050209804108331665,0.005059291265796924,0.0049826179910644,0.005007888068971427,0.0049676191212135075,0.005040877100319349,0.005022593822492206,0.004997965267726353,0.004967389023991969,0.005006335207162807,0.005083860486637855,0.005004827814334791,0.004960901661550407,0.005101539673164147,0.0050229539512415605,0.005016477855682126,0.005015532861754884,0.004910147219402697,0.005069460345752244,0.005003865003801775,0.00496305110276239,0.004954133677155582,0.004974959895600937,0.004988078133243582,0.004989284374143766,0.004972611161770287,0.005056776188113427,0.00504219054512479,0.005022364719452695,0.004999475368909831,0.0050474141425536035,0.005009081420984204,0.005026952443378312,0.0050385319089852505,0.004958936700493282,0.004957804871688348,0.004953722213057505,0.004978344737557891,0.005055614637585037,0.004923097914620833,0.004943103789820434,0.004924452568618407,0.004946247693421184,0.0050309341420143785,0.00500347799588743,0.004950787033692897,0.00496811707837673,0.00498616558270178,0.0050306880295153235,0.004976956393592846,0.0049223154004254446,0.0049686724640135935,0.005058532898115692,0.005023283427330524,0.00501980876461381,0.005004246448461684,0.004990569758180753,0.004981436474753956,0.0049175793736957124,0.0050229786538497755,0.00497216801226571,0.004992906601933712,0.0049907040853616365,0.0049823694679245936,0.005019246912551716,0.005007709401966252,0.004942466304724261,0.004982802400646989,0.004970448608384863,0.005099048982249037,0.004973943756727451,0.00497305208227094,0.00501518832137866,0.004986301675346327,0.005052106893827703,0.0049609345570977926,0.005047615964976033,0.004998775944113731,0.005007960313379641,0.0049542603640205865,0.004975976762178645
headline_cpi_lag3,0.0010233732487998641,0.00102348831004037,0.001000993481912413,0.0010215399349127621,0.0010175259325433499,0.001020988010161211,0.0010149837779575347,0.0010242584187491156,0.001031444731744982,0.001030904962295593,0.0010218499287168493,0.0010404235038879342,0.0010077573623176563,0.0010214399689071913,0.00102929485283067,0.001004533995835662,0.0010287652756752713,0.0010143622210322576,0.0010364472920048064,0.001004245530912271,0.001050171232203843,0.0010286192965016973,0.001032368869011678,0.0010382292538642205,0.0010312126370968285,0.0010184955513721822,0.001022099922015862,0.0010118100071503293,0.001026461413081959,0.0010144695858943507,0.0010341557141443556,0.00099964075047893,0.0010363504550888302,0.0010195562199980606,0.001026909999832835,0.0010144583069609467,0.0010040605809022798,0.0010229260846779645,0.0010305841862634749,0.0010090363950431963,0.0009909724693274893,0.0010441933118393086,0.0010019090157734928,0.0010348083920907962,0.0010042465556081284,0.0010271562431605366,0.0010308110879687883,0.001024487247308774,0.0010173937263387577,0.0010410754656029662,0.0010093742574702016,0.0010664950241093712,0.001030768011359201,0.0010213746646839516,0.0010170783214637428,0.0010158039603910677,0.0010127480526495238,0.0010450361361129376,0.0010137940859653472,0.001007087615474781,0.0010174888876453812,0.001024992452639369,0.0010154601886934035,0.0010152194328899215,0.001004280615019502,0.0009973953836684272,0.0010165734500016854,0.0010243528684520202,0.0010135728452262116,0.0010157837788911832,0.00100009132718463,0.0010041803217976978,0.0010292662816183877,0.0010204168240005617,0.0010218887450559138,0.0010168793881177038,0.0010263289881708181,0.0010033872592172298,0.00103346338947776,0.0010208124120374583,0.0010316428797817008,0.0010099963840833762,0.0010047731732594825,0.0010091888357250803,0.0010101701005209645,0.0010121959227852632,0.000994933507787006,0.0010405756745730406,0.0010409472923336347,0.0010337915103766858,0.0010282633677182822,0.0010107528534958883,0.0010107909158589491,0.0009875975926184938,0.0010275462332835293,0.0010255453426016815,0.0010309372372504933,0.00100332758650685,0.001008006346346444,0.0010247205799121572
headline_cpi_lag6,0.006606860259715583,0.006529891024937557,0.0064640914712305615,0.006516864307694268,0.006537516756676423,0.006531954470320025,0.006524627274345784,0.006425329826446347,0.006427575274675267,0.006537725022409736,0.006583413038273606,0.006530012455084371,0.00646530967755301,0.006537162105593345,0.006544251126327839,0.006593657575410793,0.006484804986195165,0.006556628865631409,0.0066073182189603785,0.00665418315981563,0.006614593468562123,0.006486162258211839,0.00657047712703006,0.006551339033042422,0.006521094404450207,0.006479370551989809,0.006496365233874007,0.006577648811802022,0.006483770004429278,0.006662366178304181,0.006606340508206167,0.006459655534614872,0.006536850157024158,0.006642311388784807,0.006528122016994232,0.006566216224683044,0.006498789922507792,0.006457569157438618,0.006533663457849566,0.006523174072729566,0.00640414763380837,0.006529830655422424,0.006557176483690924,0.006442333159941262,0.006516627627029614,0.006588599630236225,0.006515942175301876,0.006624402831198636,0.00644709586067507,0.006497442934471211,0.0065998176431888815,0.006554248978530383,0.006568019024547629,0.00663790212217217,0.006570839144551729,0.006628625664723107,0.006456877673372595,0.0065019580311918975,0.006505305704749411,0.0066439793360811,0.006566733209605234,0.00646977195830526,0.00668687671712189,0.006479739018992616,0.006439400886862267,0.006672145138633501,0.006566546735398117,0.006454330061005108,0.006492239105279941,0.0065326519954012514,0.006515644652784395,0.006649362609657126,0.006502083391163259,0.006529676621320887,0.006566046098802493,0.006542979991622655,0.006446350586174468,0.00653908861599531,0.006610817796942116,0.0065483069261844514,0.006562278754565687,0.006513902066009385,0.0065183980364398745,0.0065795747163622615,0.006568263540734724,0.0065405635410480155,0.00646617959347972,0.0064763184676359465,0.006766019448229183,0.006436990915872851,0.006528879908409054,0.0065522425212197425,0.006579165797638196,0.006648835591156244,0.0065803550457578025,0.006673045695651377,0.006586329512467789,0.0065310322192707725,0.006519251514330322,0.006689866605372887
headline_cpi_yoy_change,0.019754940026110005,0.020040183167279877,0.01986750710609043,0.019491046441884763,0.019817174130406685,0.019831911989682455,0.020077026499662833,0.02012619814733294,0.019844255474536807,0.019473427092930297,0.019755414061973307,0.01975579302349199,0.019760187639706377,0.019968523640440116,0.01954049521104643,0.019883533073569923,0.020009242590539943,0.01977718339049051,0.01990513490285439,0.019659264883948164,0.01984665595750878,0.019630605465198403,0.020090251813949266,0.019711946278008367,0.019853289980695854,0.019679660618490313,0.01954182229519631,0.019858926776835144,0.019868321958967865,0.019545245889427746,0.01990220524509501,0.019799536176596615,0.019967783726828933,0.019955184464930994,0.019588510195414226,0.019799447053461094,0.0198468684918762,0.01985133570728835,0.019625548361251074,0.019890572733822325,0.019683977335259534,0.019998410840829213,0.0198029533599351,0.01975289024335504,0.019706310174479987,0.019708658589771322,0.019757209402001916,0.019433050439162776,0.01995147172955499,0.01963828584453087,0.01992096364436436,0.020178538173683928,0.019662752369607704,0.01964179113754081,0.02000216533339295,0.019567728607180698,0.019705287951736962,0.01997786202230809,0.019863258502744986,0.019867527679256772,0.019698347078778974,0.019497040588231315,0.01966905609297703,0.019766332531505983,0.01988725139456753,0.01958523127510681,0.020046155899763107,0.02002307552512635,0.019790920439344016,0.01970616968090243,0.019916468246321255,0.019572157745961077,0.019884217575223302,0.019625375131395787,0.019819845903981052,0.01984558234735552,0.019649266263404495,0.020146008559327196,0.020097734074168077,0.019889490304834848,0.02014593458416299,0.019929262809069755,0.019706949613232543,0.01969445184737012,0.019793223782479146,0.01982468438352117,0.019761334840925585,0.019449641714431733,0.019810721830428264,0.01982163059415284,0.020019735042661368,0.020123016551969956,0.019861107751511144,0.01979479183352265,0.01984501794659326,0.019842654772056555,0.01982194834676095,0.019403084008096413,0.019848407234217564,0.019861742217039718
headline_cpi_yoy_change_lag1,0.0070416650792687946,0.006920874963454732,0.007058681471381283,0.00690130441339675,0.007065887347260957,0.00712312148781744,0.0069972832558973545,0.006972781829073192,0.0070406547378301316,0.0069733982694607155,0.006992580288901586,0.006959700966678081,0.0069552194266377584,0.006970212210787317,0.006921564994040514,0.007082117504515448,0.007004795005780261,0.006950168889960733,0.0072241077776111304,0.007041839238518452,0.00706203401167771,0.006864334457972344,0.007061784831695181,0.007016124307345714,0.0071412694729155015,0.007032458764340875,0.0069682163280853325,0.0069421365159114444,0.0069761171863717076,0.006949486426708306,0.007015963946035282,0.007065858689616926,0.0071243393375667475,0.007071225435085456,0.00690829117433409,0.007006730168757047,0.006993525423491316,0.007007040085047329,0.006964088054026783,0.007101557235856296,0.006925660256184561,0.007038129067364656,0.006942445133845505,0.00689623169803425,0.007002597593453638,0.007163583975782768,0.007105088583916796,0.007120940008241198,0.006914137023179088,0.006985407745789575,0.006985387736140879,0.007081956082403537,0.007049328163189054,0.006966312294035348,0.006957907141253784,0.006913228246420005,0.00695539175341866,0.007000252962552057,0.006959210869163954,0.007102627948015219,0.006963466916534101,0.00700236202090377,0.007048392995968307,0.007001177980477766,0.007010906405253317,0.007108185142490774,0.006958643579759151,0.006924817249695645,0.006995295149642458,0.006966368597498314,0.00707347592691781,0.006975656434388419,0.00696430865628934,0.006920762616836352,0.007109557830499135,0.00709893186374203,0.006988242528580638,0.007048744302316266,0.00702342951263438,0.006942474853640758,0.0071297603045198795,0.006963338965924137,0.006949905212004486,0.007051717206318988,0.006925264203836119,0.006910420400158003,0.006997923384272102,0.00679613972790385,0.007081476542770893,0.006855984149581712,0.007092294152478994,0.007077895608242779,0.006948793836238777,0.0070559280424130075,0.0070438569431881546,0.007024662730073861,0.007008269768185127,0.006924413923582922,0.007101717406178113,0.006950695908919563
headline_cpi_yoy_change_lag12,0.022456788810020153,0.02252254050001348,0.022303250404248326,0.022438905078061618,0.02249922978674403,0.02247852316708545,0.022580767870257853,0.02273563217549097,0.022552991616799963,0.022374567528318914,0.022738526749191322,0.022526726672738234,0.022391149309110937,0.02266601002148466,0.02252217187983896,0.022589912438306256,0.022483309518784963,0.022463150968771297,0.022461024148864035,0.022254519594937378,0.02232721922437103,0.022261098039569816,0.022509268426006625,0.022787010322631515,0.022502839381712072,0.022478122439999016,0.022413775351045048,0.022501894220802354,0.022588394011523166,0.022560920597171685,0.02273148684675649,0.022230122656432243,0.022715045963693604,0.022336417185161918,0.022598939547874418,0.02259541240291319,0.022727524250067046,0.02238921217358137,0.022625446729901907,0.022603289661138448,0.02246009594843748,0.022371697034031215,0.022744739134304272,0.022572408954364173,0.022645623161309008,0.0224266036697056,0.02230299983027065,0.02239321248594278,0.022414576191277732,0.022469584019102665,0.022763800267785725,0.022510362111078284,0.022466988184375546,0.02240697242643522,0.02232260579864184,0.02239581308873297,0.022253972367532012,0.022689892794343008,0.02260039248667642,0.022461178835566246,0.02245127399824174,0.022375759641267746,0.0224553811516204,0.023164547352008444,0.022696728672731984,0.022293555664041273,0.022399762209589683,0.022639202090524,0.022404841600491148,0.022438109251159567,0.02271911521937783,0.022386129123330364,0.022427178228246993,0.022447624316681986,0.022467696712994426,0.022123960110958567,0.022359267154835768,0.0225022769847395,0.022816071957041266,0.02249792420438358,0.02282199902810912,0.022702043372404994,0.02235281054185044,0.02258685420172802,0.02262739593290394,0.022435129304295,0.022828396928051244,0.022403597657416424,0.02247204125914761,0.022399879521526413,0.022686312747174416,0.02277467476500981,0.022634397524237387,0.02247821464826108,0.022430837606359465,0.022427390844370267,0.02266331178523739,0.0223540986778203,0.022489202983569406,0.02288699529093245
headline_cpi_yoy_change_lag3,0.008653645128721283,0.008622202119070797,0.008629691488192441,0.008596962746656953,0.008620617429939857,0.008746318040149553,0.008616441655634107,0.00847749504999221,0.00865509409465158,0.008511250787732764,0.008649408340639209,0.008583360511663043,0.008494048736850668,0.008580368465703467,0.008739372384474144,0.008531665444898556,0.008585503418962654,0.00863337546479011,0.00865965784213064,0.008459379863356459,0.008663449106317623,0.008577314018431904,0.00872514776993489,0.008606755520616259,0.008483089467290766,0.008625564870750436,0.008501566456742661,0.008571677614874968,0.00850657135340738,0.008561787769722889,0.008537625978791442,0.00858596896147259,0.008466380874686113,0.00858890917422115,0.008622684423073231,0.008657125382844213,0.008628117804479155,0.008688533079365025,0.008633315445967096,0.008647312944288332,0.008495027085237868,0.008776724617735446,0.008656950576489263,0.00866103251975639,0.00864428575796617,0.008601940040694507,0.008658608839717958,0.008452184471315231,0.008568194937385141,0.008654158516916182,0.008676660592295615,0.008638497637141319,0.008606372087206653,0.008436055865532123,0.008648014869965135,0.008449512052949418,0.008558424311549273,0.008558228737665012,0.008579688602537843,0.008579401842339686,0.008633243345788548,0.00874233740935291,0.008731001670285288,0.008644129547211448,0.00862259736542993,0.00857509199460471,0.008392021410923073,0.008592952989951918,0.008674359518271056,0.008588801013541024,0.008493316716535738,0.008590437624580371,0.008521903998856712,0.0084893224571926,0.008489171945437881,0.008591841442768864,0.008546479404219437,0.008498265543339415,0.008717137434776279,0.008685846523406836,0.008719358592454197,0.008554301033756748,0.008664029537397389,0.008658255661373059,0.00854955635903168,0.008465141649541154,0.008447255076952355,0.008763875778355707,0.008722737105274053,0.008681086456985454,0.00854308765157903,0.008549509003881836,0.008729963873052202,0.008643855552495637,0.008573094810943425,0.008514250868904418,0.008624319927323432,0.00850984010205259,0.008717376316124362,0.008621884233030968
headline_cpi_yoy_change_lag6,0.010827150170384726,0.010890916795093821,0.010694404902017635,0.010719782249774499,0.010802354542519241,0.010742073911039726,0.010733400081625636,0.010872882177308973,0.010739665885704644,0.010696700273185783,0.010839195494727071,0.010665888808991598,0.010851070519313062,0.010873575041197842,0.010662743026548785,0.010938525981969715,0.010831296358326947,0.010811855948643902,0.0108544503348276,0.010891400194316177,0.010828608653159122,0.010794373089544028,0.010829229271097213,0.010789907087357888,0.010864981231482133,0.010971787221745181,0.010737886940809757,0.010691093010962873,0.01086116191732464,0.010774904939174405,0.010787575247680179,0.010725414977403161,0.010918030357971694,0.010712437086408923,0.010742446794859124,0.010688954095817008,0.010776678664806466,0.010782379213543166,0.010782599260193714,0.01074618396289477,0.010767757215423366,0.010782860384532878,0.010785766571420814,0.01070908317515939,0.010822300831199186,0.010814080186820672,0.010804019729543176,0.010695361750929252,0.010656418776290017,0.010815077954536886,0.010906798063196999,0.010825618079576186,0.010765074984812589,0.010690547073911682,0.010783527199155795,0.010831182578088827,0.010586265707484931,0.01082201938667406,0.010667982348867578,0.01092462649734741,0.010734005579358549,0.010847138121384764,0.010984904388463276,0.010768084981580946,0.010945715273173206,0.010762330457012846,0.010805231930522198,0.01067182998448672,0.010761306264416525,0.01068299608478635,0.010814203683664833,0.010828879193304488,0.010760202706939932,0.010791924615114865,0.010772441795739822,0.010756968520967363,0.010796535181703034,0.010838129536458917,0.010848620256281787,0.010886190336498415,0.010743214476151742,0.010752947161872688,0.010730075954187731,0.010861089902758352,0.01065999584708278,0.010837194726920029,0.010765225363135584,0.010697809717855097,0.010806720949107815,0.01078935654344149,0.010732214030179177,0.010776143957615886,0.010836478239445953,0.01085769670936385,0.010791022045919614,0.010849386553895153,0.010773844897407675,0.010626496990861113,0.010899408508716903,0.010714516688454473
idps_ethiopia,0.001970695900512902,0.0019604470553821413,0.002028582604143067,0.0019863526327207714,0.0019456464488745724,0.001969571173669265,0.001993735542609578,0.0019217251227324054,0.0019452615207211572,0.001995399033199556,0.0019656058913771657,0.001994001979536645,0.002017153196777246,0.001979268517723118,0.00198867864690829,0.0019932750978856107,0.0019552944621406727,0.0019994476956641206,0.0020435318366217566,0.0019866081105070826,0.0019649112917189764,0.00199088306623216,0.0019490370021720358,0.0019407756626605988,0.0019502371580457588,0.002005559792182954,0.0020043418004214147,0.0019999047243817254,0.0019453758474123157,0.0019681732392027263,0.0019879615177278934,0.001938661547304434,0.001970738676178036,0.0019211923981212681,0.002021637983913254,0.002042007796065284,0.0019938630435623493,0.0019743655860331487,0.0019708871166559234,0.0019959425410992363,0.001918380783859247,0.001948294452705862,0.0020207825496669387,0.0019406167647606591,0.001979162069673864,0.0019972635332811198,0.0020015047473628577,0.002011838308911516,0.0020714237553300817,0.0020087697845931874,0.0019249015373966462,0.0019982050213476887,0.001962787976129825,0.001998072949008665,0.0019686560383679703,0.0019554489587219606,0.001975601813206391,0.0019341551399872663,0.002022377562788209,0.001993877356621296,0.0020212821620005507,0.001969380984487741,0.00194849802902273,0.0019961763875208038,0.0020003235592327504,0.0020522360402635657,0.0019445269775439987,0.0020093499754187238,0.0019822114415266254,0.0020290566693150726,0.00202950625670746,0.00191612954079858,0.00200396383385604,0.0019773071496814922,0.001972541578237438,0.001970301955691529,0.0019561329991489218,0.0019769457498600026,0.0019845398594133604,0.001985076248383547,0.0020523227041675932,0.0019784774565702887,0.002004199652059108,0.002017789499884313,0.001980467156100224,0.0019421495913718799,0.0019509523254713163,0.0020781871953335115,0.0020289606432089156,0.0020572823161880177,0.002041285021103317,0.0020163197976616107,0.0020347391025743625,0.0020117022077828705,0.002034190993208446,0.0020286393743278322,0.002050477518906381,0.0019537776060726333,0.0020793970091958717,0.00196483708902669
idps_ethiopia_yoy_change,0.0,0.0,0.0,0.0,0.0,0.0,0.0,0.0,0.0,0.0,0.0,0.0,0.0,0.0,0.0,0.0,0.0,0.0,0.0,0.0,0.0,0.0,0.0,0.0,0.0,0.0,0.0,0.0,0.0,0.0,0.0,0.0,0.0,0.0,0.0,0.0,0.0,0.0,0.0,0.0,0.0,0.0,0.0,0.0,0.0,0.0,0.0,0.0,0.0,0.0,0.0,0.0,0.0,0.0,0.0,0.0,0.0,0.0,0.0,0.0,0.0,0.0,0.0,0.0,0.0,0.0,0.0,0.0,0.0,0.0,0.0,0.0,0.0,0.0,0.0,0.0,0.0,0.0,0.0,0.0,0.0,0.0,0.0,0.0,0.0,0.0,0.0,0.0,0.0,0.0,0.0,0.0,0.0,0.0,0.0,0.0,0.0,0.0,0.0,0.0
ipc_lag1,0.2241366199825121,0.22571826109481402,0.22390378020071341,0.22375088863491271,0.2222914121165779,0.22735646901416975,0.22612717186195264,0.22552386712336886,0.22361875755199487,0.22130596484703555,0.2220841113578212,0.22062606663437365,0.22360613726187442,0.22352012511859523,0.22138716389673838,0.22458014488220215,0.22569014596642914,0.22510600169006095,0.22614550787963236,0.22121878223142763,0.22231578718307843,0.22398916742076044,0.22623331986105466,0.22503603960909951,0.22265045065317093,0.22561231962642314,0.22456257052056292,0.22270081699758337,0.22349006858178053,0.2222219227263646,0.2216754482893223,0.22631986669378498,0.22685523260207402,0.22136440583144162,0.22249885029921126,0.22344884467667922,0.224001319561439,0.2255986880071415,0.2219014542937032,0.22510580137896488,0.22285344575996477,0.2239242396739699,0.2240622733690724,0.2236786720915611,0.22404788641208942,0.2245633958536152,0.22665963399977912,0.2234478479586773,0.22311330532682114,0.2224818714410375,0.22793181757008807,0.22453064158342886,0.22160821395384353,0.22372727374359194,0.2220268443998096,0.22199755919399222,0.22583523685147303,0.22228855020511223,0.22263923175093056,0.2243394211952731,0.22420703984689022,0.22330399132169798,0.2244256175576283,0.22506127851103155,0.22337804837750105,0.22564770844658957,0.22189432375179313,0.22268739013198,0.22726074647212374,0.22031930465382324,0.22422767524640258,0.22496312686375208,0.22144287999865925,0.2216433069967582,0.2241951002590898,0.22793079607234978,0.22237622288690098,0.22837863975430128,0.22305343985310747,0.22417499056514006,0.228157375268561,0.22331016019264363,0.227058183974114,0.2249465839709801,0.22406351847678238,0.221293908863581,0.22094914878624072,0.222744541780302,0.22559104933254961,0.22298688908294614,0.2225989487847433,0.22335224082504493,0.22447712258522554,0.2225561131108128,0.22348306499899792,0.22202408239708182,0.22460923175140443,0.22172340132434917,0.2252809292534617,0.22462931113707105
ipc_lag4,0.012404646809303489,0.012414928585846231,0.012487886929363938,0.01222867142586481,0.012486937444649375,0.012427741233606517,0.01236569316861052,0.012487341293883866,0.012314749522979215,0.01231074881726417,0.012376378720344717,0.012243161870332486,0.012213782173259411,0.012346416335421813,0.012359785959587335,0.012187287334823214,0.012474235842933813,0.012329502937463006,0.012362434571574193,0.012389428694549308,0.012450940114123975,0.012330910415382859,0.012610582214458143,0.012471148822124948,0.012077455929100638,0.012260734103234411,0.012570515102234439,0.012181311648331321,0.012516496640554866,0.012124440302266344,0.012211021213304429,0.012244695264606989,0.012345974020829606,0.012517429440905095,0.012435074098115135,0.0122406028874419,0.01239255888861899,0.01229218956599818,0.012147577936851707,0.01256551594467637,0.012264102339497757,0.012513428605614735,0.012283402631988684,0.012380410005834038,0.012308161660998011,0.012170462615741706,0.012360852611237679,0.012306300552241797,0.012078041893354855,0.012093504788219064,0.012404678950151795,0.012197168402790283,0.012296600352903331,0.01225966437262778,0.012293513208689403,0.012322122019023381,0.01233917582726133,0.012248895911202914,0.012322643325195549,0.012333991667005093,0.012496527486459562,0.012397196049769226,0.012295957665512527,0.01238676957462145,0.012015251275421917,0.012170472167293478,0.012259285081000555,0.012175941010686428,0.012436456907363166,0.012340764519343959,0.012090022297379393,0.012424336080718978,0.011992757741215313,0.012092381536837197,0.012106953163324675,0.01221968620460226,0.012423174320787623,0.012295510778762786,0.012380852955962314,0.01229076449668679,0.01247748343223864,0.012136328109302876,0.012428866533512408,0.012441242345865222,0.012369417724648864,0.01220673231974892,0.012182141467157605,0.012355230251948039,0.012189198724971794,0.012301894732390378,0.012371423229667711,0.01216817949869618,0.012376538474367272,0.012289097979202034,0.012509577466834405,0.012284656427415015,0.012385429895442465,0.012111247425000367,0.012331204353899195,0.012446509347939344
ipc_lag8,0.021862446512124552,0.02223040372380065,0.02179710877669771,0.021972456691674812,0.022292376511709042,0.021539502759034095,0.021418458278875174,0.022027390007523524,0.021847288770211658,0.021783050049412573,0.021714294200481588,0.02132660200507004,0.02173009356850176,0.022025549220495835,0.02127197126917711,0.021535702441543278,0.021835943565975804,0.021756263762157155,0.021427057078783063,0.021719391804427588,0.02169585062295013,0.021975255139002395,0.021814968386051816,0.021746262281701186,0.021729721502240895,0.02186632827387093,0.021262624289061467,0.021725797116386225,0.022113551433905806,0.021446875388701263,0.021863871016857786,0.02142860693529279,0.021845490409844164,0.02187298998452615,0.02133561280820187,0.021551300739526255,0.02169653830691154,0.021712157790458472,0.021631209323988692,0.021721613323836594,0.021793795205791545,0.021872710931745375,0.021950517860135185,0.02193123107124313,0.021986565820672252,0.021074341120310206,0.02169708155450367,0.021822672181494734,0.021679372107513695,0.021956465703360042,0.021802166199955633,0.021939020380223512,0.021627429470142224,0.021894357938080346,0.021955440204212633,0.021421043818535025,0.021761828457346612,0.021784918099703503,0.02167002973657711,0.021923578593795096,0.021624835079254324,0.02196039352296055,0.02174568759049935,0.021792804189103485,0.021634397493756334,0.02190790354403403,0.021795455784407707,0.021754015905022867,0.021878532303292807,0.021560345633306364,0.02165171607680943,0.02196840191911713,0.021465837733345743,0.021960770149038446,0.02168460451914904,0.02176190068324407,0.02145674595181246,0.022078985725500568,0.021655573105096325,0.02170165690514365,0.021634716443393542,0.021864416430208748,0.021615370065282344,0.02152901920596018,0.021444826306270023,0.02156386402267847,0.021672309244024583,0.021656793923605058,0.02151625016954868,0.021761418274347334,0.021920334407384844,0.021919966651045758,0.021913518054761747,0.021531725324705767,0.021662643613529008,0.0218063098704346,0.021611569898962728,0.021494830981298015,0.02207846011249175,0.022078067628863437
ipc_mean12,0.03632878597602094,0.03657716767511506,0.03617589991408599,0.036343614436207844,0.03652460096909146,0.03638478336126908,0.037002792429973376,0.036575505146698925,0.03615274918005333,0.0366075552213266,0.036793988236606,0.03654274606371518,0.03596857144780781,0.036603968780233254,0.036011605381225206,0.03623469229749024,0.03644080143229068,0.03607079225976028,0.03642464795344611,0.036649994194260786,0.03614086696635122,0.036109873664798696,0.03613849940322201,0.03603676683722569,0.03558612168143748,0.03598205223833799,0.0363522867300002,0.036517475826152855,0.036406810470619555,0.03664203178808556,0.03621329293426273,0.03626928851779697,0.03649797764130507,0.03621425525618883,0.036491335221946114,0.03649853213109832,0.03621276769763935,0.03666257046579574,0.036065425817887485,0.036696752822547224,0.036519348402324424,0.03647562026915836,0.036324777758022765,0.03640370059210815,0.03650185608654042,0.035862770645761585,0.03650204528809581,0.03628833236222929,0.03656157944544255,0.03648387371074586,0.03639219096296816,0.03667294246994931,0.03632880946925955,0.03639095297573022,0.036348386213769575,0.03655336864801668,0.0365963139642593,0.03635587033586225,0.0366378092154953,0.03630505857630546,0.03635846549186154,0.036237497976354435,0.036464969866270854,0.0362623143856323,0.0361881177803004,0.036866502004133744,0.036455970873003424,0.03653788731952138,0.03654212943330314,0.03660289166074855,0.03622940198111485,0.0364932700343754,0.036246541176400075,0.036337187093360576,0.03645682499337147,0.03666517567313729,0.03660621080647838,0.0363973242340621,0.03628132518527424,0.03620106465574624,0.03630485006802817,0.0365241968792171,0.03639297757768236,0.036571157864038494,0.036574830991017396,0.03646816490044505,0.03656162814570757,0.036754180133095934,0.036768723447377145,0.0366882973298523,0.0367285823445636,0.03648558497799109,0.03671585189691488,0.03641476593217494,0.03625221145079002,0.036749187395686195,0.03624765074216061,0.03633495252078118,0.03605028248660066,0.03650201221862442
is_dry_season,0.0004602335684128165,0.0004589442044740906,0.0005213690292542462,0.0004497274691083538,0.0004756427047723038,0.000489119808257284,0.00046708470415877127,0.00047605880903250995,0.00048803768091248246,0.00047933097268985225,0.0004726039156236425,0.0005230679648336807,0.0004381257057256133,0.00048259589833641095,0.0004812615143640018,0.00048439302438250996,0.0004823067109499719,0.00046066640090136406,0.0004932962004112188,0.00046687878850930277,0.00048108698054638956,0.0004638322165418183,0.0004413012648905159,0.0004801688705097441,0.00045477162530457366,0.0004562400451231763,0.0004602442191708461,0.0004485982357342873,0.0004791881228062251,0.0004971991459003049,0.000454091617712697,0.0005007203114626192,0.0004865773053508152,0.0004883306609607461,0.0005004478523033918,0.00045976925516914065,0.00046475333423450985,0.000481189010522706,0.00044244990967025864,0.00046050467523062584,0.0005139170865603968,0.0004580068641940749,0.000441896537775554,0.0004903808793335452,0.00046997432623102663,0.0004978727801551462,0.00048371592104786505,0.0005071636749415583,0.00045678598337422203,0.0004902004874417288,0.00043334146886189057,0.00048314327915526835,0.0004916289096492118,0.00047808009758623285,0.0004648132319776047,0.00045813594712983884,0.0004668577242610163,0.0004798663422147713,0.000491986176994541,0.00046561722759840186,0.0005190044087723575,0.0004958396572171972,0.0004540122708912619,0.0004787143882376146,0.00044651269386809594,0.0004635289894027913,0.000464230286376599,0.00048759838711032844,0.0004737718753973508,0.0004712390096741216,0.0004904557241667515,0.00048321099468471565,0.00047142446893072104,0.00042167566732149346,0.00045967637890186155,0.0004806460185821946,0.000492392860559115,0.0004487090982173704,0.0004994267672565165,0.0004766389054257575,0.00047660162681062326,0.00048334233973227226,0.0005091760137171756,0.00047723912058333836,0.0004520941913379711,0.0004672721738374033,0.0004626182149180708,0.00048641344421513895,0.0004519362190814424,0.00043164982438362776,0.0004841611701343311,0.0004849965631320002,0.0004681473374201206,0.00048619477915370067,0.0004832921408033935,0.0004913417533986886,0.0004797551438091611,0.000449893717449946,0.0004603045738791031,0.00048718308482899265
is_harvest_season,0.0013069352717379851,0.0013387780790805324,0.0012668558521732288,0.0012684021121966912,0.0013040235046274174,0.0012932281601811541,0.0012698151163494612,0.0012742871183354415,0.0012718399720532552,0.0012912661647019178,0.001293542300106082,0.0012731030807053326,0.001267407753545305,0.0012601648466989367,0.0012870055154798935,0.0012944068273772365,0.0013147976349723019,0.0012673644082886832,0.0012859164827790565,0.0012940400629063325,0.0012792959485364997,0.0012902204140126088,0.0012928148403794622,0.0012919845101934536,0.0012895869688896412,0.001309666218039412,0.0012928337899979598,0.0012428169503160146,0.0012832145258691741,0.0012787973820607855,0.0012761347859665967,0.0012729281494027586,0.0012875830318863594,0.001276981195832138,0.0012673520824368696,0.0012778246755987468,0.0012278400862870997,0.0012862110352355749,0.001307065634531264,0.0012710351705180931,0.001281412879841915,0.0012807658771303624,0.0012920097210762664,0.001270907955325168,0.0012910156470278035,0.0012536254104064859,0.0012926913998388603,0.0012872329109018634,0.001279588104620977,0.0013236570632852629,0.0012873454385786075,0.001298452700116126,0.0013049349960086263,0.001298260553807452,0.0012855728814382236,0.001343906846661005,0.001288236851185005,0.0012923648052580855,0.001293192441357342,0.0013121988331247314,0.0012566255787329645,0.0012992301543183456,0.0012837401226810786,0.0012775574658474814,0.0012981719705690755,0.0012862891969164954,0.0012822940459717876,0.0012897186374627285,0.0012867362147841147,0.0012943455104872307,0.0012923273695613533,0.0013193991012084559,0.0012854230345282743,0.0012921727530457712,0.0013013120848631512,0.0012783523425305605,0.0012657122312433725,0.0012678766063960196,0.001256600434951654,0.0012962098262324837,0.0012989220581563117,0.0013017179772226953,0.0013019289312340458,0.0012942870604510633,0.0013012784500423178,0.0012605315024191302,0.00122491119749551,0.001290886799802938,0.0012697732211023136,0.0012901627051780929,0.001284473960135541,0.0012928054762491282,0.0012962558300969023,0.0012774266742216133,0.0013085990203216703,0.0012707377643195244,0.0012928953267032316,0.001284510871360761,0.001272067152287649,0.001321980200599933
is_lean_season,0.002714713517283369,0.0028289551671216453,0.002731472950266755,0.002775155084581726,0.002755655373367587,0.002765419801377053,0.0027158685435404073,0.002673824523878332,0.0027104951890559548,0.002737681182799379,0.0027245655220086776,0.0026686285329330906,0.0027947825040305747,0.00273185085088755,0.0027350365585313945,0.002719784584224193,0.002693297485888436,0.002739281132315935,0.0027321329139805483,0.0027704823486445237,0.002776277228595986,0.0027070502511478234,0.002657381435335608,0.0027325845774702775,0.0027442535848258443,0.0026950933984008388,0.0027659106286200183,0.0027225174081143507,0.002806605171898137,0.002703565591271373,0.002746575208107013,0.0027161511685120762,0.0027505752129198726,0.0028432121461808807,0.002751447352740767,0.002717935934076645,0.002693391437825456,0.0027413629469756756,0.002745082688288412,0.002830745416884282,0.002735064488953253,0.002795366114911702,0.0026999618753975963,0.0027516458390808934,0.002796883598417352,0.002707778267739784,0.00274199444750482,0.002675489049046214,0.002774257460073038,0.002704580384451225,0.0027317699995547473,0.0028096298079775726,0.0026969366855379463,0.0027891969266800715,0.002721466012414753,0.002750036694441091,0.002801012558627326,0.0027464491550426924,0.002737987416701904,0.002772826527671476,0.002725564921178371,0.0026967881492283158,0.0027848448521432547,0.0027077810185157365,0.0027367924864540806,0.0028128326461721773,0.00277007396138171,0.0027236723630278377,0.002739661894680828,0.002697405952566899,0.002770776908235397,0.002702952726063459,0.0027599661324682256,0.0027726887601888573,0.002788966788677017,0.0027635607989909858,0.0028744671264312404,0.002748320297401699,0.002749402638463068,0.002699309235774212,0.0026861033618342184,0.0027915145249316166,0.0027736706102910926,0.002784893401815531,0.0027721191430560795,0.00273623572986411,0.0027614793506900224,0.002682206651300007,0.0028162798900195777,0.0026848774742697585,0.0028501405974553115,0.0027203917995048976,0.0027349442131740214,0.002754280406704045,0.002759117454166985,0.0026992189969798053,0.0027530800223381376,0.00272659642321075,0.0027838237610632094,0.002727245186758276
livestock_goat_n_markets,0.0,0.0,0.0,0.0,0.0,0.0,0.0,0.0,0.0,0.0,0.0,0.0,0.0,0.0,0.0,0.0,0.0,0.0,0.0,0.0,0.0,0.0,0.0,0.0,0.0,0.0,0.0,0.0,0.0,0.0,0.0,0.0,0.0,0.0,0.0,0.0,0.0,0.0,0.0,0.0,0.0,0.0,0.0,0.0,0.0,0.0,0.0,0.0,0.0,0.0,0.0,0.0,0.0,0.0,0.0,0.0,0.0,0.0,0.0,0.0,0.0,0.0,0.0,0.0,0.0,0.0,0.0,0.0,0.0,0.0,0.0,0.0,0.0,0.0,0.0,0.0,0.0,0.0,0.0,0.0,0.0,0.0,0.0,0.0,0.0,0.0,0.0,0.0,0.0,0.0,0.0,0.0,0.0,0.0,0.0,0.0,0.0,0.0,0.0,0.0
livestock_goat_price_etb,1.9808774177702316e-05,1.7434648984337444e-05,2.0508365570635037e-05,1.6778108989723474e-05,1.723048687906739e-05,1.5070856651040585e-05,1.6289024264792723e-05,1.8933796426030668e-05,1.6745471050403625e-05,1.907683523298544e-05,1.8429839077326574e-05,1.8981173943041767e-05,1.5622767278496524e-05,1.9789980743735965e-05,1.5644373576586784e-05,1.768815961683759e-05,1.9162029845497375e-05,1.6789838640833e-05,1.812290176594973e-05,1.7743104177972546e-05,1.778099493086955e-05,1.757602953577634e-05,1.941959202042771e-05,1.7632156086017378e-05,1.7685212549709137e-05,1.5899356200087887e-05,1.606008358006645e-05,1.560681524607459e-05,1.5202541421042219e-05,1.511709498507636e-05,1.614871540918607e-05,1.6574703511737642e-05,1.582483496848594e-05,1.5552721408583363e-05,1.8192400411542652e-05,1.7189399935073734e-05,1.8327840551826526e-05,1.8230709584726802e-05,1.6549620276035484e-05,1.7460425216588915e-05,1.8650897649380977e-05,1.8433292490848596e-05,1.8422240796296494e-05,1.614936251447808e-05,1.994683551862373e-05,1.5040120692233368e-05,1.7087482779786208e-05,1.642080544499877e-05,1.519942351503155e-05,1.6966810754614093e-05,1.9758241347521235e-05,1.8855716115322665e-05,1.712759096738468e-05,1.7596570308287445e-05,1.8624882705463387e-05,1.7523506798976203e-05,1.5827979869353845e-05,2.0445535040420035e-05,1.442038895674127e-05,1.7212965288517637e-05,1.782383461237941e-05,1.730894704598077e-05,1.894390947083262e-05,1.9583809449805976e-05,1.8080078281354214e-05,1.6791299448250243e-05,1.645810925257132e-05,1.7333112456536936e-05,1.5178020449652188e-05,1.5450953110651447e-05,1.72996006551243e-05,1.6328105490893805e-05,1.8696642748810984e-05,2.0601871128408064e-05,1.8597995827657096e-05,1.604941019915646e-05,2.0114927866937703e-05,1.9633628458833595e-05,1.7566435949155757e-05,1.6926048520188894e-05,1.6442764990077997e-05,1.9860500180573198e-05,1.550793963991584e-05,1.721017864796933e-05,1.5027933671114114e-05,1.7186981581506277e-05,1.7621017236640486e-05,1.6842407268890435e-05,1.793921873065996e-05,1.9224129972003755e-05,1.9084840750718955e-05,1.7740619879825268e-05,1.7330604248658964e-05,1.759557149856974e-05,1.7954157684653937e-05,1.8425317053098857e-05,1.444198407124782e-05,1.4027922296622771e-05,1.851368240441348e-05,1.5416282844222605e-05
livestock_goat_price_etb_lag1,7.438642121311547e-07,7.38232265425148e-07,7.4094134396401e-07,7.318855816687363e-07,7.309069216837547e-07,7.588554204559227e-07,7.324761423758592e-07,7.483145553718936e-07,7.501827923129804e-07,7.485318639726372e-07,7.511248646253878e-07,7.440725063777858e-07,7.34183663506192e-07,7.348432057145714e-07,7.480401237250362e-07,7.283381199923115e-07,7.445348415130414e-07,7.444050251728012e-07,7.426332466412282e-07,7.440800745788322e-07,7.275994732112125e-07,7.191878274916121e-07,7.60039916227323e-07,7.250037248676361e-07,7.467372844277209e-07,7.394212442710532e-07,7.408832568158521e-07,7.498142161015151e-07,7.276138383316698e-07,7.468995910068476e-07,7.366707093442942e-07,7.503482804288528e-07,7.255026476754658e-07,7.515645433626066e-07,7.570590573222247e-07,7.469815396805975e-07,7.39829975332656e-07,7.475861280724622e-07,7.257239090945903e-07,7.408791111770624e-07,7.305301023998122e-07,7.585815190651896e-07,7.342455588574241e-07,7.492442389730341e-07,7.549626656323979e-07,7.384912232341973e-07,7.466742321540357e-07,7.537579237180714e-07,7.247803906291168e-07,7.499341986009053e-07,7.347764416480163e-07,7.309136703980636e-07,7.397972440682583e-07,7.372987254158311e-07,7.404873483114361e-07,7.339608595237969e-07,7.447131521861006e-07,7.387105564492336e-07,7.536826755535282e-07,7.595626375103836e-07,7.421507617732506e-07,7.507925868558835e-07,7.509971211045425e-07,7.351649747717948e-07,7.298095807371426e-07,7.362689680225114e-07,7.493003497120016e-07,7.47498684017061e-07,7.56338053608533e-07,7.384811483678364e-07,7.389819993797543e-07,7.288719914992403e-07,7.635691081700117e-07,7.285557660287705e-07,7.522568168353837e-07,7.502215974202561e-07,7.625226236062267e-07,7.420233074830185e-07,7.473092379653923e-07,7.449453561634257e-07,7.503737809279197e-07,7.357521129166611e-07,7.42131624347675e-07,7.214052139879754e-07,7.38772258980057e-07,7.617848445169674e-07,7.38380544319533e-07,7.467707869737538e-07,7.562883541481588e-07,7.510805641364607e-07,7.575171986135884e-07,7.222871745379321e-07,7.187159477461199e-07,7.340691763884532e-07,7.452478913848692e-07,7.387310918227733e-07,7.344855720613066e-07,7.315831910625995e-07,7.472888472071593e-07,7.505140577753385e-07
livestock_goat_price_etb_lag12,0.0,0.0,0.0,0.0,0.0,0.0,0.0,0.0,0.0,0.0,0.0,0.0,0.0,0.0,0.0,0.0,0.0,0.0,0.0,0.0,0.0,0.0,0.0,0.0,0.0,0.0,0.0,0.0,0.0,0.0,0.0,0.0,0.0,0.0,0.0,0.0,0.0,0.0,0.0,0.0,0.0,0.0,0.0,0.0,0.0,0.0,0.0,0.0,0.0,0.0,0.0,0.0,0.0,0.0,0.0,0.0,0.0,0.0,0.0,0.0,0.0,0.0,0.0,0.0,0.0,0.0,0.0,0.0,0.0,0.0,0.0,0.0,0.0,0.0,0.0,0.0,0.0,0.0,0.0,0.0,0.0,0.0,0.0,0.0,0.0,0.0,0.0,0.0,0.0,0.0,0.0,0.0,0.0,0.0,0.0,0.0,0.0,0.0,0.0,0.0
livestock_goat_price_etb_lag3,1.637848367910701e-06,1.5915736872278632e-06,1.5151140320560206e-06,1.5629903754647473e-06,1.4244611558213243e-06,1.5307293036339446e-06,1.836694028868685e-06,1.7966263335560665e-06,1.7528408679409305e-06,1.5950561202214126e-06,1.454607951869382e-06,1.6223215044902224e-06,1.685798561536007e-06,1.7298370075275192e-06,1.3271315837005158e-06,1.5322013910451045e-06,1.728153492538085e-06,1.7165084895880327e-06,1.4504427418081904e-06,1.7402774613836538e-06,1.5119292173634899e-06,1.6855218642493459e-06,1.4433039518123334e-06,1.4181117725791892e-06,1.879461981186462e-06,1.509175934745905e-06,1.6565585034604398e-06,1.4219069602758493e-06,1.4144478955809375e-06,1.6949106755957593e-06,1.374234524449453e-06,1.3137856155140307e-06,1.754570852648891e-06,1.5179115669574303e-06,1.6527454798759633e-06,1.5164523021034572e-06,1.4008476936854192e-06,1.625552403260462e-06,1.4710872516992422e-06,1.3339121133767794e-06,1.526730015534545e-06,1.6970039339539427e-06,1.460859093113222e-06,1.7366127166935622e-06,1.503571513153258e-06,1.2501467821452435e-06,1.5486441514074926e-06,1.589296092558845e-06,1.5485858232338237e-06,1.5446762930347312e-06,1.6386474156848638e-06,1.3477861202528265e-06,1.323327622675254e-06,1.4446912946538155e-06,1.5177868121529218e-06,1.7343937394288262e-06,1.4339916901682227e-06,1.6244893843466204e-06,1.5135308800893787e-06,1.5619454816693351e-06,1.4586875496690564e-06,1.566745552926577e-06,1.5321125972468415e-06,1.4771416197158783e-06,1.595074534570455e-06,1.4835527054888368e-06,1.909776820220809e-06,1.7295579963959521e-06,1.7053308833089675e-06,1.704597972935031e-06,1.492615843164748e-06,1.5396194814031416e-06,1.5444522357196788e-06,1.8999674675627524e-06,1.613217103246823e-06,1.5546165707503787e-06,1.6532782426655415e-06,1.5300447911826225e-06,1.5629521970238004e-06,1.4869741108229935e-06,1.8031475197824633e-06,1.6218570001253676e-06,1.769560132769571e-06,1.4309221820801682e-06,1.5702827469162318e-06,1.5370277822881505e-06,1.6272528864458727e-06,1.8466634224660648e-06,1.529335019257745e-06,1.53559348767712e-06,1.4749861767758495e-06,1.4856699699879187e-06,1.6823468833976651e-06,1.3990682505425952e-06,1.511330027943072e-06,1.7229716368713734e-06,1.4983247734189773e-06,1.5938016306416095e-06,1.5036059315962328e-06,1.712094059148437e-06
livestock_goat_price_etb_lag6,0.00019274864877973284,0.00018240229436823052,0.00016447503127419924,0.00021422205504423344,0.0001723898370320259,0.00018278677517829722,0.00020084308294529254,0.00021024720268960324,0.00018769471788505096,0.00020384906982042774,0.00016730098250489797,0.00020906977031541908,0.00016695315299814037,0.00013809151037385992,0.0001861246969882499,0.00019130833894322871,0.00019012447716533273,0.00019041947696519935,0.0001823634587953303,0.00022144552096570253,0.00018846782591525564,0.00020737877543668568,0.0001830066706576456,0.00019152318715555573,0.00018219705941020578,0.00016803472432043735,0.0001566553214568776,0.00016936271086983058,0.00017339996916413555,0.00020210501076518625,0.00014048224897364898,0.0001525483763242607,0.00017521087674127108,0.00020613904818738224,0.00017970177204218958,0.00018426056480802611,0.00018618599228236986,0.00015774855455750016,0.00016310933213796675,0.00019044847715468633,0.00020192207510180108,0.00017976697927676372,0.00016812436575721755,0.00015671843080540375,0.00022837170409366458,0.00015945303760947155,0.0001952884606939912,0.00015733955316168428,0.00018421510238331545,0.00018861333282344336,0.00022982664977048002,0.00020490593544938304,0.00019108129831081099,0.00019688028726518524,0.00019371491041242706,0.00017709100221748432,0.0001648067934419304,0.000146107138067052,0.00018594654944125664,0.00016195102754833782,0.0002216505708161348,0.000202861409750044,0.00022784905897657817,0.0001939026095111918,0.0001812684116403015,0.00019947303995089007,0.00015324162893907376,0.00014957922586002705,0.00021430700708867107,0.00017863761317409097,0.000213809042983914,0.00017289484756580298,0.00020781106336763432,0.0001927446010937108,0.00020592950639270602,0.00017429755588002334,0.00023640130123983507,0.00019190395347326686,0.00019913297262251007,0.00021458713657860923,0.0001950989722218326,0.00022294020307236822,0.00016135211810315372,0.00019325385676160855,0.00019872568655705106,0.00016127622399024095,0.00016487414792457723,0.00017229150787890574,0.00015008137339637392,0.00016393526987506244,0.0001990468729109991,0.00017903881537001078,0.00016021538471830063,0.00018479953641476837,0.0001736559976455341,0.0001821539787031849,0.00018218039972688348,0.0001571107108153665,0.00020335781895102428,0.00016019941610332354
livestock_goat_price_index,0.0,0.0,0.0,0.0,0.0,0.0,0.0,0.0,0.0,0.0,0.0,0.0,0.0,0.0,0.0,0.0,0.0,0.0,0.0,0.0,0.0,0.0,0.0,0.0,0.0,0.0,0.0,0.0,0.0,0.0,0.0,0.0,0.0,0.0,0.0,0.0,0.0,0.0,0.0,0.0,0.0,0.0,0.0,0.0,0.0,0.0,0.0,0.0,0.0,0.0,0.0,0.0,0.0,0.0,0.0,0.0,0.0,0.0,0.0,0.0,0.0,0.0,0.0,0.0,0.0,0.0,0.0,0.0,0.0,0.0,0.0,0.0,0.0,0.0,0.0,0.0,0.0,0.0,0.0,0.0,0.0,0.0,0.0,0.0,0.0,0.0,0.0,0.0,0.0,0.0,0.0,0.0,0.0,0.0,0.0,0.0,0.0,0.0,0.0,0.0
livestock_goat_price_index_lag1,0.0,0.0,0.0,0.0,0.0,0.0,0.0,0.0,0.0,0.0,0.0,0.0,0.0,0.0,0.0,0.0,0.0,0.0,0.0,0.0,0.0,0.0,0.0,0.0,0.0,0.0,0.0,0.0,0.0,0.0,0.0,0.0,0.0,0.0,0.0,0.0,0.0,0.0,0.0,0.0,0.0,0.0,0.0,0.0,0.0,0.0,0.0,0.0,0.0,0.0,0.0,0.0,0.0,0.0,0.0,0.0,0.0,0.0,0.0,0.0,0.0,0.0,0.0,0.0,0.0,0.0,0.0,0.0,0.0,0.0,0.0,0.0,0.0,0.0,0.0,0.0,0.0,0.0,0.0,0.0,0.0,0.0,0.0,0.0,0.0,0.0,0.0,0.0,0.0,0.0,0.0,0.0,0.0,0.0,0.0,0.0,0.0,0.0,0.0,0.0
livestock_goat_price_index_lag12,0.0,0.0,0.0,0.0,0.0,0.0,0.0,0.0,0.0,0.0,0.0,0.0,0.0,0.0,0.0,0.0,0.0,0.0,0.0,0.0,0.0,0.0,0.0,0.0,0.0,0.0,0.0,0.0,0.0,0.0,0.0,0.0,0.0,0.0,0.0,0.0,0.0,0.0,0.0,0.0,0.0,0.0,0.0,0.0,0.0,0.0,0.0,0.0,0.0,0.0,0.0,0.0,0.0,0.0,0.0,0.0,0.0,0.0,0.0,0.0,0.0,0.0,0.0,0.0,0.0,0.0,0.0,0.0,0.0,0.0,0.0,0.0,0.0,0.0,0.0,0.0,0.0,0.0,0.0,0.0,0.0,0.0,0.0,0.0,0.0,0.0,0.0,0.0,0.0,0.0,0.0,0.0,0.0,0.0,0.0,0.0,0.0,0.0,0.0,0.0
livestock_goat_price_index_lag3,0.0,0.0,0.0,0.0,0.0,0.0,0.0,0.0,0.0,0.0,0.0,0.0,0.0,0.0,0.0,0.0,0.0,0.0,0.0,0.0,0.0,0.0,0.0,0.0,0.0,0.0,0.0,0.0,0.0,0.0,0.0,0.0,0.0,0.0,0.0,0.0,0.0,0.0,0.0,0.0,0.0,0.0,0.0,0.0,0.0,0.0,0.0,0.0,0.0,0.0,0.0,0.0,0.0,0.0,0.0,0.0,0.0,0.0,0.0,0.0,0.0,0.0,0.0,0.0,0.0,0.0,0.0,0.0,0.0,0.0,0.0,0.0,0.0,0.0,0.0,0.0,0.0,0.0,0.0,0.0,0.0,0.0,0.0,0.0,0.0,0.0,0.0,0.0,0.0,0.0,0.0,0.0,0.0,0.0,0.0,0.0,0.0,0.0,0.0,0.0
livestock_goat_price_index_lag6,0.0,0.0,0.0,0.0,0.0,0.0,0.0,0.0,0.0,0.0,0.0,0.0,0.0,0.0,0.0,0.0,0.0,0.0,0.0,0.0,0.0,0.0,0.0,0.0,0.0,0.0,0.0,0.0,0.0,0.0,0.0,0.0,0.0,0.0,0.0,0.0,0.0,0.0,0.0,0.0,0.0,0.0,0.0,0.0,0.0,0.0,0.0,0.0,0.0,0.0,0.0,0.0,0.0,0.0,0.0,0.0,0.0,0.0,0.0,0.0,0.0,0.0,0.0,0.0,0.0,0.0,0.0,0.0,0.0,0.0,0.0,0.0,0.0,0.0,0.0,0.0,0.0,0.0,0.0,0.0,0.0,0.0,0.0,0.0,0.0,0.0,0.0,0.0,0.0,0.0,0.0,0.0,0.0,0.0,0.0,0.0,0.0,0.0,0.0,0.0
livestock_sheep_n_markets,0.0,0.0,0.0,0.0,0.0,0.0,0.0,0.0,0.0,0.0,0.0,0.0,0.0,0.0,0.0,0.0,0.0,0.0,0.0,0.0,0.0,0.0,0.0,0.0,0.0,0.0,0.0,0.0,0.0,0.0,0.0,0.0,0.0,0.0,0.0,0.0,0.0,0.0,0.0,0.0,0.0,0.0,0.0,0.0,0.0,0.0,0.0,0.0,0.0,0.0,0.0,0.0,0.0,0.0,0.0,0.0,0.0,0.0,0.0,0.0,0.0,0.0,0.0,0.0,0.0,0.0,0.0,0.0,0.0,0.0,0.0,0.0,0.0,0.0,0.0,0.0,0.0,0.0,0.0,0.0,0.0,0.0,0.0,0.0,0.0,0.0,0.0,0.0,0.0,0.0,0.0,0.0,0.0,0.0,0.0,0.0,0.0,0.0,0.0,0.0
livestock_sheep_price_etb,0.0004020922919484646,0.00037764113388693356,0.0003537970300046554,0.00035409451024626104,0.0003303312860413861,0.00037624144899672357,0.0003366278565448263,0.0003545861066498371,0.0003276857036487903,0.00036291705895654904,0.000327480949970506,0.0003720023617240953,0.00034154268525402,0.00041145125778071877,0.00033007248094610054,0.00030538527368265155,0.000346570775128793,0.00034819026911480825,0.0003864071137169627,0.0003036412146274101,0.0003866284036735077,0.0003612933445174255,0.00037555358918310447,0.0003985786783522454,0.000429758077822857,0.0003097646971913845,0.00038576259376099393,0.0003067324373786247,0.00031786201903538674,0.0003924134355154097,0.0003424604240164747,0.0003816841551976174,0.00035861212274302604,0.00032937590873512916,0.0003609777977747947,0.00037341147476101515,0.00041012287633512823,0.00035854617507808203,0.00033557266922470947,0.00028610997071670943,0.0003310086070627406,0.00037792632298439926,0.00036425462173872604,0.00031743861626887666,0.0003102243316839941,0.00032827748028141124,0.0003151734423193132,0.0003430677496868631,0.00033911014935985114,0.0003515961007301852,0.0003607444388032206,0.0003532875398671405,0.00030164590286665575,0.0003909486421146748,0.00027804547461910523,0.00034913143015796353,0.0003312234305940553,0.00038560720210736827,0.0003430676756438261,0.00029931416422684,0.00030442582400936024,0.00033575553084505766,0.0003274652775276769,0.0003147005788040951,0.00033791655092259125,0.0003386706052112777,0.0003988515269435464,0.0003455221529579557,0.00033877401865293767,0.0003014011659483979,0.0003792757573335067,0.00035484533132233237,0.0003716039608230749,0.00037820966100594026,0.00039291806349349564,0.00036905710247979646,0.00030957731894578006,0.00035514937671321767,0.0003776418989983158,0.0003298672336475696,0.0003501146229651157,0.0003112247271567398,0.0003251518028369848,0.0003584833372206915,0.00039164822540915036,0.00031004904713443103,0.00038325747100956443,0.0003802010484857342,0.00032857244305975936,0.00038362038061485527,0.00034616326693422307,0.00034551408226692407,0.0003436067583151239,0.0003344039739288899,0.0003762960680770084,0.0003760312901767391,0.00039792374300907365,0.0003307203081577214,0.0003055714672396642,0.00039175852485325024
livestock_sheep_price_etb_lag1,0.00010549674122970296,0.00013213087312923455,0.00014306928800499958,0.00011774723574241496,0.00012552504954130753,0.00010576870130456013,0.00012406841321514753,0.00013416911751093578,0.00012073582250385798,0.00012488297300555939,0.00013398883505637602,0.00010860278492882138,0.000139481458604706,0.00011944163660084979,0.00012008451526949864,0.00011590632839479309,0.00014265569594089041,0.00011901928277736372,0.00013650515064689685,0.00012330057458107517,0.00014048518601411617,9.939268262243172e-05,0.00012465089744662647,0.00011420807729843487,0.00013564227777485027,0.00011804715940424127,0.00013487669745340604,0.0001220054384590923,0.00010734418904559212,0.00012715276230442843,9.527400783870531e-05,0.00011165087761099047,0.00012177210416853057,0.00013351871113352647,0.00013018380040707796,0.00011428199693036129,0.00012921505833264464,0.0001246696796970091,0.00012782293817271357,0.00011023726028932054,0.00011040484436303685,0.00012214040657501537,0.00011776353755105849,0.00012720630776067698,0.00011147630881078496,0.00012200559888567244,0.0001224132798473287,0.00011292459061427146,0.00013329139900997313,0.00011291534757515412,0.00011136175189205825,0.00011665679159618559,0.00012591441719181544,0.00010073813098804797,0.00011383967616790077,0.00012056348733526827,0.00011560117235835295,0.0001321987335726341,0.00011638785494533879,0.00012022201318918548,0.00014421933679600434,0.00012393743108271566,0.0001256613504318964,0.0001281098549410423,0.0001105468095459553,0.00010794369083507214,0.00010913208157873054,0.00012521047769866375,0.00011947141424222515,0.00012404565732177986,0.00013013828862034263,0.00011349874500408923,0.00011283029680666716,0.0001019047530788319,0.00013755350132659848,0.00011674695133422472,0.00013139684748205338,0.00012939585908846332,0.00013769315883486414,0.00011167947056377404,0.00013378305711608002,0.0001267895441864835,0.00013282876577436553,0.0001209173760305527,0.0001143691579254024,0.00012591709508165316,0.00012975405462039923,0.00013536770151268622,0.00013117728519637146,0.0001133052088459086,0.00013650860598862294,0.00011476178346953778,0.0001115990228040865,0.00013645657841463267,0.0001247008147940626,0.00012399839318316916,0.00010245777435184266,0.00011084503021793089,0.0001069579065216254,0.00013475403282212916
livestock_sheep_price_etb_lag12,4.588136175651234e-06,5.282084100858519e-06,4.048703342491055e-06,4.1319901898780965e-06,4.778135236252415e-06,4.207486707107868e-06,4.2949515871132875e-06,5.060463264491988e-06,4.660235968559178e-06,6.1277361821930845e-06,4.714892070362533e-06,5.328480933270346e-06,4.375774960957205e-06,4.597396182964554e-06,6.049778505265095e-06,5.050613226727669e-06,4.857684452834831e-06,4.361060835559916e-06,5.2914667419518495e-06,4.594995183233889e-06,4.7313334809820596e-06,6.166279053712731e-06,4.290896959556556e-06,5.3684232953172295e-06,4.229317448153999e-06,3.7523969915342627e-06,5.1379535447489895e-06,4.5540524689060314e-06,5.3606318082375065e-06,4.5629071677200045e-06,3.9074407971423605e-06,5.447911195009638e-06,5.4327312155046325e-06,4.977113943292488e-06,4.6023836756591716e-06,4.521496671080343e-06,4.717354001342386e-06,5.470149558400021e-06,5.632581085151767e-06,3.6763736889475867e-06,4.0934469327176335e-06,4.047174276649088e-06,3.3165549948101952e-06,6.128605802236877e-06,4.753901181630713e-06,4.972188153128693e-06,5.374412682856092e-06,4.406992199504844e-06,4.982038576533829e-06,4.6750102539240206e-06,4.865476325555371e-06,6.071816721071121e-06,4.85522213621416e-06,4.616768078157374e-06,4.824936991522771e-06,5.315825358557652e-06,5.175433975816019e-06,4.439953305829879e-06,4.1607458830867e-06,4.862610242998625e-06,3.976075221662936e-06,4.475564921494596e-06,4.467773820055691e-06,4.980913662268755e-06,3.908311188467788e-06,6.785196701438777e-06,3.834346436565707e-06,5.556023284391833e-06,3.7688391734354244e-06,4.55059404205338e-06,6.670692229863279e-06,4.7821281612783235e-06,6.0131696224459455e-06,4.2503580111647736e-06,4.621226086009363e-06,4.675477650595007e-06,4.314726862601365e-06,4.558448002945562e-06,5.633046553618666e-06,4.627083970029408e-06,5.516546390811849e-06,3.781556450678942e-06,4.125131182295442e-06,4.787052794519666e-06,5.323618002559828e-06,6.1720744639203165e-06,4.468644597021936e-06,4.5121124874237406e-06,4.906482284977323e-06,4.8857799289636236e-06,5.081830079634491e-06,4.5461973510913966e-06,4.438615132192647e-06,5.78409666291922e-06,5.673991196150612e-06,4.599920973397683e-06,4.014556776292576e-06,5.7934820034982745e-06,5.735299987699181e-06,4.234245166521882e-06
livestock_sheep_price_etb_lag3,0.0,0.0,0.0,0.0,0.0,0.0,0.0,0.0,0.0,0.0,0.0,0.0,0.0,0.0,0.0,0.0,0.0,0.0,0.0,0.0,0.0,0.0,0.0,0.0,0.0,0.0,0.0,0.0,0.0,0.0,0.0,0.0,0.0,0.0,0.0,0.0,0.0,0.0,0.0,0.0,0.0,0.0,0.0,0.0,0.0,0.0,0.0,0.0,0.0,0.0,0.0,0.0,0.0,0.0,0.0,0.0,0.0,0.0,0.0,0.0,0.0,0.0,0.0,0.0,0.0,0.0,0.0,0.0,0.0,0.0,0.0,0.0,0.0,0.0,0.0,0.0,0.0,0.0,0.0,0.0,0.0,0.0,0.0,0.0,0.0,0.0,0.0,0.0,0.0,0.0,0.0,0.0,0.0,0.0,0.0,0.0,0.0,0.0,0.0,0.0
livestock_sheep_price_etb_lag6,0.0,0.0,0.0,0.0,0.0,0.0,0.0,0.0,0.0,0.0,0.0,0.0,0.0,0.0,0.0,0.0,0.0,0.0,0.0,0.0,0.0,0.0,0.0,0.0,0.0,0.0,0.0,0.0,0.0,0.0,0.0,0.0,0.0,0.0,0.0,0.0,0.0,0.0,0.0,0.0,0.0,0.0,0.0,0.0,0.0,0.0,0.0,0.0,0.0,0.0,0.0,0.0,0.0,0.0,0.0,0.0,0.0,0.0,0.0,0.0,0.0,0.0,0.0,0.0,0.0,0.0,0.0,0.0,0.0,0.0,0.0,0.0,0.0,0.0,0.0,0.0,0.0,0.0,0.0,0.0,0.0,0.0,0.0,0.0,0.0,0.0,0.0,0.0,0.0,0.0,0.0,0.0,0.0,0.0,0.0,0.0,0.0,0.0,0.0,0.0
livestock_sheep_price_index,0.0,0.0,0.0,0.0,0.0,0.0,0.0,0.0,0.0,0.0,0.0,0.0,0.0,0.0,0.0,0.0,0.0,0.0,0.0,0.0,0.0,0.0,0.0,0.0,0.0,0.0,0.0,0.0,0.0,0.0,0.0,0.0,0.0,0.0,0.0,0.0,0.0,0.0,0.0,0.0,0.0,0.0,0.0,0.0,0.0,0.0,0.0,0.0,0.0,0.0,0.0,0.0,0.0,0.0,0.0,0.0,0.0,0.0,0.0,0.0,0.0,0.0,0.0,0.0,0.0,0.0,0.0,0.0,0.0,0.0,0.0,0.0,0.0,0.0,0.0,0.0,0.0,0.0,0.0,0.0,0.0,0.0,0.0,0.0,0.0,0.0,0.0,0.0,0.0,0.0,0.0,0.0,0.0,0.0,0.0,0.0,0.0,0.0,0.0,0.0
livestock_sheep_price_index_lag1,0.0,0.0,0.0,0.0,0.0,0.0,0.0,0.0,0.0,0.0,0.0,0.0,0.0,0.0,0.0,0.0,0.0,0.0,0.0,0.0,0.0,0.0,0.0,0.0,0.0,0.0,0.0,0.0,0.0,0.0,0.0,0.0,0.0,0.0,0.0,0.0,0.0,0.0,0.0,0.0,0.0,0.0,0.0,0.0,0.0,0.0,0.0,0.0,0.0,0.0,0.0,0.0,0.0,0.0,0.0,0.0,0.0,0.0,0.0,0.0,0.0,0.0,0.0,0.0,0.0,0.0,0.0,0.0,0.0,0.0,0.0,0.0,0.0,0.0,0.0,0.0,0.0,0.0,0.0,0.0,0.0,0.0,0.0,0.0,0.0,0.0,0.0,0.0,0.0,0.0,0.0,0.0,0.0,0.0,0.0,0.0,0.0,0.0,0.0,0.0
livestock_sheep_price_index_lag12,0.0,0.0,0.0,0.0,0.0,0.0,0.0,0.0,0.0,0.0,0.0,0.0,0.0,0.0,0.0,0.0,0.0,0.0,0.0,0.0,0.0,0.0,0.0,0.0,0.0,0.0,0.0,0.0,0.0,0.0,0.0,0.0,0.0,0.0,0.0,0.0,0.0,0.0,0.0,0.0,0.0,0.0,0.0,0.0,0.0,0.0,0.0,0.0,0.0,0.0,0.0,0.0,0.0,0.0,0.0,0.0,0.0,0.0,0.0,0.0,0.0,0.0,0.0,0.0,0.0,0.0,0.0,0.0,0.0,0.0,0.0,0.0,0.0,0.0,0.0,0.0,0.0,0.0,0.0,0.0,0.0,0.0,0.0,0.0,0.0,0.0,0.0,0.0,0.0,0.0,0.0,0.0,0.0,0.0,0.0,0.0,0.0,0.0,0.0,0.0
livestock_sheep_price_index_lag3,0.0,0.0,0.0,0.0,0.0,0.0,0.0,0.0,0.0,0.0,0.0,0.0,0.0,0.0,0.0,0.0,0.0,0.0,0.0,0.0,0.0,0.0,0.0,0.0,0.0,0.0,0.0,0.0,0.0,0.0,0.0,0.0,0.0,0.0,0.0,0.0,0.0,0.0,0.0,0.0,0.0,0.0,0.0,0.0,0.0,0.0,0.0,0.0,0.0,0.0,0.0,0.0,0.0,0.0,0.0,0.0,0.0,0.0,0.0,0.0,0.0,0.0,0.0,0.0,0.0,0.0,0.0,0.0,0.0,0.0,0.0,0.0,0.0,0.0,0.0,0.0,0.0,0.0,0.0,0.0,0.0,0.0,0.0,0.0,0.0,0.0,0.0,0.0,0.0,0.0,0.0,0.0,0.0,0.0,0.0,0.0,0.0,0.0,0.0,0.0
livestock_sheep_price_index_lag6,0.0,0.0,0.0,0.0,0.0,0.0,0.0,0.0,0.0,0.0,0.0,0.0,0.0,0.0,0.0,0.0,0.0,0.0,0.0,0.0,0.0,0.0,0.0,0.0,0.0,0.0,0.0,0.0,0.0,0.0,0.0,0.0,0.0,0.0,0.0,0.0,0.0,0.0,0.0,0.0,0.0,0.0,0.0,0.0,0.0,0.0,0.0,0.0,0.0,0.0,0.0,0.0,0.0,0.0,0.0,0.0,0.0,0.0,0.0,0.0,0.0,0.0,0.0,0.0,0.0,0.0,0.0,0.0,0.0,0.0,0.0,0.0,0.0,0.0,0.0,0.0,0.0,0.0,0.0,0.0,0.0,0.0,0.0,0.0,0.0,0.0,0.0,0.0,0.0,0.0,0.0,0.0,0.0,0.0,0.0,0.0,0.0,0.0,0.0,0.0
maize_n_markets,2.823499712020961e-06,2.6208398705560474e-06,2.3833233053269592e-06,2.5643033841258498e-06,2.5195486103155597e-06,2.642200708265877e-06,2.4337682094016182e-06,2.343986013722963e-06,2.617993455681001e-06,2.487157481119006e-06,2.6141320341739103e-06,2.640073127874923e-06,2.459581077530764e-06,2.806154166504463e-06,2.3151799943876564e-06,2.3094983482212755e-06,2.49109043899777e-06,2.894863702248836e-06,2.452794570421827e-06,2.4421981248549545e-06,2.7483651186985507e-06,2.682723652563727e-06,2.7562298775336263e-06,2.460959936274258e-06,2.5553725212503913e-06,2.6303283700538224e-06,2.362834979967054e-06,2.3103995908121144e-06,2.6658256432161077e-06,2.4418144122413966e-06,2.369718861382447e-06,2.5443086790125316e-06,2.2473249499595437e-06,2.4838965023649897e-06,2.4942235778207364e-06,2.3531000559868034e-06,2.663391671195534e-06,2.4334359798372163e-06,2.7208043335634237e-06,2.2581225072128183e-06,2.8959782042118332e-06,2.7077469211187424e-06,2.782905038531029e-06,2.539277223264702e-06,2.5020087018269685e-06,2.1777998879706145e-06,2.913919950432412e-06,2.5365193129573056e-06,2.621872616665704e-06,2.544781474654966e-06,2.425879155195031e-06,2.259998842611076e-06,2.566636703893018e-06,2.4646748142706433e-06,2.518400750421836e-06,2.440257965901377e-06,2.7745115661349604e-06,2.505834837199245e-06,2.4500272119143983e-06,2.5686221756426692e-06,2.4736421202033695e-06,2.4400437424271744e-06,2.6512891054153444e-06,2.469907767345693e-06,2.458953447100045e-06,2.330153270414404e-06,2.4060063125800888e-06,2.4709324149981788e-06,2.325691984615464e-06,2.3664116057303135e-06,2.493405826466918e-06,2.6796101814224608e-06,2.6034706081292643e-06,2.4559861338286666e-06,2.54743815424773e-06,2.496452967387549e-06,2.290029464362818e-06,2.482128532036491e-06,2.4824518918620873e-06,2.5069915668317745e-06,2.5399170013811773e-06,2.7030910795273e-06,2.674759012756881e-06,2.4865140394147633e-06,2.6273855449743646e-06,2.4316676238679e-06,2.5925797257981193e-06,2.5609479233715106e-06,2.3610494629813525e-06,2.4523668947550574e-06,2.755229718073061e-06,2.528976564204964e-06,2.9904208691717427e-06,2.482814008589857e-06,2.568858959104704e-06,2.1792527897510965e-06,2.7248633959895584e-06,2.563869538205998e-06,2.774477051281781e-06,2.6082965173212885e-06
maize_price_etb,0.0005358634003694506,0.000523387077871872,0.0005877837910862566,0.0005517390741741065,0.0005191541035846647,0.0005442026399045134,0.0005600257373682955,0.0005397340197956834,0.0005201117712117377,0.0005323589532626465,0.0005367426354029287,0.0005241361899806599,0.0005439214549156573,0.0005087221577362491,0.0005507108026548572,0.0005444340226597174,0.0005478951133263161,0.0005251086318930978,0.0005147190145592882,0.0005199091061641217,0.0005263127128190629,0.0005300952318292227,0.0005373556893820225,0.0005160348194865336,0.0005415023288132302,0.0005022580937846848,0.0005418100160995873,0.0006145636134590051,0.0005023360871333883,0.0005406839086618235,0.000568774219324685,0.0005292048903401964,0.0005625399791753193,0.0005291069950329961,0.0005479600216892565,0.0005349560910700888,0.0005257649312478415,0.0005223762334611722,0.0005666239298957229,0.0005338458388689019,0.0005266660010715943,0.0005409211097728638,0.000550890962475637,0.0005278446881281786,0.0005261341877297091,0.0005150586975965934,0.0005144226588463068,0.0005229753216508753,0.0005473053239008285,0.000531736540937831,0.0005221195304939835,0.00055279606629325,0.0005451995486058063,0.0005727238220396003,0.0005624940969805787,0.0005615877296089139,0.0005365474228641138,0.0005342510461375334,0.0005487903422342448,0.0005348923070429522,0.0005227714643946716,0.0005153583599867658,0.0005443809785365318,0.0005341383908136785,0.0005307024718873496,0.0005701207220322967,0.0005427020920081908,0.0005626718770118727,0.0005314273034717973,0.0005332452432092426,0.0005355458064525394,0.0005490783600071078,0.0005462264829155204,0.0005453737942390066,0.0005298439235914321,0.0005372286880269307,0.0005277177388345973,0.0005203910968333915,0.0005133290229438501,0.0005178753165123256,0.000534958902198829,0.0005287094905540563,0.0005751685015702963,0.0005100100175872846,0.0005333540656490108,0.0005529516008267986,0.0005360256913301244,0.0005335006054961286,0.0005266270636895182,0.0005173196611197099,0.0005486384331100228,0.0005206077970857453,0.0005234536884533815,0.0005361007966147446,0.0005774159225448195,0.0005343996638173766,0.0005179358117945693,0.0005244113057543279,0.0005426193994333039,0.0005110138331156217
maize_price_etb_lag1,0.001399261698003388,0.0013785118301491606,0.0013784090305512722,0.001464110674812819,0.0014598373310904618,0.0014137544985195355,0.0014384968577947769,0.0013839196110063273,0.0013867455828206047,0.0013583494276319307,0.001453264120519817,0.0013802366259876122,0.0013633908195118372,0.0013916099549118838,0.0014247764960532974,0.0013564887982513562,0.0013752939845734192,0.001407518094009286,0.001398845246243898,0.0013955413937514676,0.0013968042045924235,0.0014080037160412126,0.0014044703469335972,0.0014104792358706594,0.0013817287035967083,0.0014228605801927979,0.0013487675807132206,0.0014288548716126052,0.0013906649464990087,0.0013770212287249094,0.0014247939128459548,0.0014538809521158474,0.0013871421510118444,0.001436784247555394,0.001439472564590582,0.0013822093741933566,0.001380234225228907,0.0013852708884293124,0.0013652486707118588,0.0014214183839701318,0.001400129495773804,0.0014418203289202158,0.0013987616812289687,0.0013647168522843355,0.0013757617553159995,0.001424374758780743,0.0014108192174903677,0.00137324211870727,0.0013438622930952912,0.001428045523107075,0.0014470674501496751,0.0014152803588909238,0.0014017192333768938,0.0014286312199193853,0.0014502779115473478,0.0013477181422612851,0.0013717720131765797,0.0014188686693299322,0.00137967097693013,0.0013727115806554662,0.0014256249075875027,0.0014300791111169287,0.0013794646823275488,0.0013932681031714098,0.0013320985036144345,0.0013834074193102696,0.0014145439553101533,0.001466800362680601,0.0014052995946740358,0.0014136931404623726,0.0013980739099681222,0.0013768917385162881,0.0013951114325120844,0.0014098615394509929,0.0013521962265260364,0.0013561021681686026,0.001416926248424241,0.001428062077197121,0.0013656643765455972,0.0014151720740585578,0.001369936130391376,0.0014721146331112794,0.0013596650127439102,0.0014155066239755546,0.0014061637739284547,0.0014536578702310382,0.001382023794287295,0.0013931446840820783,0.001389159432031006,0.0013615565035370704,0.0014571189429171338,0.0013598065329937354,0.0014093226413570315,0.0013997064284183949,0.0013660332020015435,0.0013786741952974866,0.0014252473168050019,0.0013656513719659444,0.001376708806829824,0.001342590977813794
maize_price_etb_lag12,0.0019992275263797914,0.0019459274470204522,0.0020253339790070033,0.002010432964308461,0.0019591463014857523,0.002002239035872461,0.002044992165265925,0.0019105560424415623,0.002004786193135578,0.002015218279742892,0.0019330150872472805,0.0019715335182498516,0.002006052613285357,0.0019770910662616262,0.001980033517847952,0.0018561964633818677,0.0020110649217737696,0.002009948110979197,0.002037274452913591,0.0019144989679785404,0.00201806454913494,0.0019563095145675646,0.0019564060805226614,0.0018796396384875658,0.002035735990933102,0.0019256620740182467,0.001955108393627695,0.0018712744409388113,0.0018863575634263132,0.001989704068541897,0.0019332304955546901,0.001893795468491612,0.0019130788183352654,0.001985705434537529,0.0019773739651828912,0.0019850842682181957,0.0018671586249586712,0.0019269750982823764,0.0019307088623147296,0.0020399561439164555,0.0019215288387387838,0.002035382515596569,0.0019487756748411873,0.0019603543016793474,0.002064016053701826,0.001954674361346918,0.001879598114708936,0.0018771432881006357,0.001924120744557253,0.00195338275292252,0.0020814892556325496,0.001893117876027327,0.002040519889571374,0.0019687603144881395,0.0020331262699550107,0.0018734167897823126,0.0019329248494651808,0.0020225419532739044,0.0019596399977517857,0.001937620621174574,0.0019467728079911747,0.0019851735194346735,0.0019722346906737263,0.0019114331956412913,0.0019611124473760833,0.0019277923026046952,0.0019621586693666765,0.002016127899127162,0.0019026782090330254,0.001954020201286405,0.001992191735454536,0.0019158407420548562,0.0019824864786777713,0.0019442644692363514,0.0018859703498207974,0.0019223908297466906,0.0019066214751390506,0.0019902093151360598,0.001988650806340742,0.0019622184910790272,0.001981055799256586,0.002087028879975017,0.0018413796876778914,0.0019658259530677064,0.0018986426914731661,0.0019576345400703497,0.002008205907675775,0.002004172348110757,0.0019196991202292298,0.0019689134981552637,0.0019417031922167472,0.0019903503276897483,0.002034420541711306,0.001907953294331505,0.001991010251296896,0.0019180754521634143,0.0019306235967443072,0.0019527757292570967,0.001914874077186482,0.001973319919799179
maize_price_etb_lag3,0.0012003729578809461,0.0012001883859435716,0.00123018174592259,0.001236313849872684,0.001147918202615426,0.0011790484039587263,0.00118584186147212,0.0012074331508073995,0.00121522791467715,0.0011985396993333015,0.0011889607165448414,0.0012196888788516477,0.001254075214143372,0.0012382504590025352,0.0012120944989640768,0.001229078083937336,0.0011943488993043732,0.001238442461467184,0.0012247462080132146,0.0012157449089993354,0.0012002539811328083,0.0012403528200265784,0.001259046564299004,0.0011912144088103412,0.001236721471831295,0.0012068833804864815,0.0012232598329954018,0.001175146711523612,0.0011676687118645534,0.001243385818341504,0.001209900211581409,0.0011592619738099985,0.0012465015454815535,0.0012374555537820356,0.0012390456334003257,0.0011612875186539338,0.0012000801010871032,0.0011857611495484724,0.0012109668508912465,0.0012201309126973398,0.001262638317980258,0.0011916096208474405,0.0012105791357116423,0.001203313651523605,0.0012051513792626853,0.0012184783372850645,0.0012340148698777639,0.0012333606525977946,0.0012037257997484928,0.0012367873219291123,0.0012069690077879907,0.0011984789562768325,0.0012338987981619055,0.0012264408819053483,0.0012452395794832188,0.0012005777682484308,0.0011824132380987794,0.0012263832178051675,0.0012319688131843787,0.0011987175915860735,0.0011672835646671538,0.0012692126848466896,0.0012435402308530936,0.0011771629045777192,0.0012739083442381944,0.0012308281805852184,0.0012199516236535263,0.001212079817232508,0.0011494929811629944,0.0012360668465433407,0.001201819181133748,0.0011606758784340775,0.0012097158363208514,0.0012662154878827108,0.0011723060222577852,0.0011862839763023838,0.00121386787173479,0.0011955178896154183,0.0011841592608370644,0.001184329825914301,0.0011751654347709494,0.0011802159712551543,0.0011938484616994117,0.001148944361594276,0.0011928923050130622,0.0012055560452844292,0.0011964644662125757,0.0011951783382744522,0.0012285665005414628,0.0011712166170279184,0.0011891978995307632,0.001178937416145767,0.0011893339725076288,0.001235259051664152,0.0011853519850265905,0.0012058798216021086,0.0012203386577914466,0.0012073272924029556,0.0012363320771859299,0.0011996659537002166
maize_price_etb_lag6,0.002280677818089693,0.0023943650576731435,0.0023297624885226073,0.0023763038451334088,0.002387057003173707,0.002360507019450329,0.0023348732056061488,0.002405652324678704,0.002435378391029579,0.002330683236440362,0.0023977921485098747,0.002342399261220827,0.0024434285385892813,0.0023424000653783418,0.0023354537443761128,0.0023273579369436016,0.0023170931050727457,0.0024166569643023408,0.002471696109536025,0.002407031026369975,0.0023861976448392524,0.002319571809789193,0.002365813900737813,0.0022701619016527205,0.002353060620453201,0.0023562388642118398,0.0023682671378310732,0.002353361149571111,0.0022982687392420526,0.0023084190351151963,0.002294045859392478,0.0023623475310340617,0.0023691113183070475,0.002401059617888082,0.002392781817201934,0.0023133942972112824,0.0023633064796635206,0.002357127489792048,0.0023917527144339023,0.002428498920381038,0.002386647938822028,0.0023777401556818135,0.0023282453104444853,0.002331892663504982,0.0023195608475633104,0.0025046834116705208,0.00240844332547492,0.0023461861635209304,0.002297575292553498,0.0024027693023669916,0.002403464001616922,0.002365612379018811,0.0023125056174485396,0.002299799113948955,0.00233386922878354,0.002287428506493846,0.0023617117825749006,0.002392268280246089,0.0023551159117980156,0.0023309167336641695,0.0023666531666072074,0.0024019161700107173,0.002379504932904342,0.0023818911098553094,0.002272177169072455,0.0022997492337194472,0.002404337436805323,0.0024082776090596837,0.002377633372607099,0.002265021208901244,0.002345927150468834,0.00233370230348075,0.002347570531625555,0.002342521691093256,0.002420436363671106,0.002333747389905664,0.0022842702791326165,0.002360893981859057,0.002223569156571174,0.0022572360218427383,0.002275779853549865,0.002372207882858458,0.0023387918538003236,0.002342619890960292,0.0023056946729558595,0.0024288203090035952,0.002322462615489528,0.00236191809993029,0.002402033626562752,0.0023354596307975533,0.002382853064554942,0.002308426818600229,0.002352439459532839,0.0023814985445675518,0.0023011505042682895,0.002347812461271481,0.002278648028979329,0.00231102423869675,0.0023563367101570158,0.002361305569362196
maize_price_index,0.0009282287282533713,0.0009221833996575009,0.0010286391660663651,0.0009527434372221647,0.0010241255242238688,0.0010523410989299385,0.0009069638898476619,0.0009388171742799428,0.0008988957429848473,0.0009306336879367723,0.000981805221646191,0.0009286249051637963,0.0010155723231611291,0.0009410696907265894,0.0010265830662255764,0.0009586270002929753,0.000990992766953465,0.001023379651401539,0.000916626800900599,0.0009799429185603655,0.0009796242256635342,0.000979054990893627,0.0009424672282723166,0.0009886068433685147,0.001044679127004977,0.0010006680782868934,0.0009521601833480239,0.0009768637033144695,0.0009614610741798058,0.0010305982603697303,0.0009905747579522508,0.0009928970211079463,0.0009461788472181522,0.0009478388471802693,0.0010282994480321557,0.0009780343581476938,0.001004467600586344,0.0009973382083679825,0.0009764677474726431,0.0009293128227271278,0.0009985054821917483,0.0010073398076977356,0.0010429470420007133,0.0009629922015611738,0.0009824925839831554,0.0009971857623353323,0.0009644383621473428,0.0009804020529732447,0.0009737863854213963,0.000997068545459066,0.0009068674039612399,0.0010219264866140195,0.0009898089644678446,0.0009995110777416894,0.0009531256632867807,0.0009540408119890939,0.0009167579883867662,0.0009624873494293625,0.0009503458687306746,0.0009788817839839691,0.0009661216349543437,0.0010080875950339047,0.001046039692972696,0.0009620694638332101,0.0010104862415843004,0.0010166930398223131,0.0010088237697609525,0.0009538021013834832,0.0009692474874797013,0.0009937914950275642,0.0010173642860366876,0.0009807874474628186,0.0010130370451295536,0.0009306690152387441,0.0009786359843360279,0.0009327062446138133,0.0010369074650448179,0.0009420650165651465,0.000950551415768531,0.0009109422025573488,0.000931816076181104,0.0009704963885455954,0.0009604721068834604,0.0009098417260616586,0.00090627092549936,0.0009715176137322348,0.0010335337563454488,0.0009533101539503529,0.0009786737844633328,0.0010002535072735686,0.0009227949215820364,0.0009810003472249145,0.0010235478865333657,0.0009834931568506774,0.0009609196679261716,0.0009968239006125533,0.0009815800017204837,0.0009043021750391517,0.0009940614766686168,0.0010156026770462962
maize_price_index_lag1,0.0010222192765473857,0.0010588754626958945,0.000998870611786611,0.0010164896718961019,0.0009968582665119668,0.0009932529897569808,0.001043051989135905,0.0010166032806204683,0.0009796610709441745,0.001012836768162701,0.0009743694646002466,0.001017347949761396,0.0010341920911124281,0.0010024321790954279,0.0009893383386334709,0.0009739565932506206,0.0009433538517500149,0.0010187728278913514,0.0010330432601269204,0.0010467801760789585,0.0010500221092381184,0.0009869098392417403,0.0010371833933154834,0.0010044217980264322,0.0010054283444220142,0.0010068835389817723,0.0010100794040191123,0.0009552606519342518,0.0009862015865006587,0.0009914827680091835,0.0009734138344100235,0.0009881519245400283,0.0010440990766973136,0.0010230844383423002,0.0010078998683618215,0.0010014086645520745,0.0009438780184129473,0.0010430300566820934,0.0010461705120754722,0.0011102777345618907,0.0010027243607286093,0.0010072003371770614,0.0009326392780858291,0.0009907330895868548,0.0010483097601739794,0.001008277705014446,0.001023323777156803,0.001002099827041861,0.000960839024887615,0.0010474034766791923,0.0009968337184975144,0.0009708459515078283,0.0010508920658017292,0.0009875383078145716,0.0010293722198504809,0.0009294643271213116,0.0009846963435719966,0.001055919322692336,0.0010130332599203131,0.0010209492606826234,0.0009994823969592095,0.0010213934485733076,0.0010562860332699357,0.0010017188510801605,0.0010106902797060477,0.0009561838853070763,0.0010388834155155018,0.0010497452130090006,0.0010130256090475165,0.0009883107062174667,0.0010150601735963306,0.0009914815861164876,0.00105889529803494,0.0010322812537799588,0.0010175261680734793,0.0009606770979718731,0.0009653717652541695,0.0009599691806418926,0.0009669069577718065,0.000987408802975702,0.0010375587271109965,0.0010231214556669505,0.000951604460902111,0.0010261139772180662,0.0009771389048450142,0.0010235266221058604,0.0009893105530679443,0.0010551027867819643,0.001021705930290925,0.0009851492414979831,0.0009995774759315186,0.001011899109702272,0.001019046903061478,0.0010103969215791418,0.00100436088846954,0.0009876391608422278,0.0009864581687140663,0.0009729671510858134,0.0009757996258165834,0.0010742729659892203
maize_price_index_lag12,0.002754053878395454,0.002836669966825294,0.002760276086551309,0.002897143046184603,0.0027914119317479754,0.002647494483839404,0.002875358129294269,0.002869461961167693,0.0028315749358748302,0.0027387256863262836,0.0027787948216217153,0.0028911576978476643,0.0028606415974982776,0.002722648439030346,0.00275540293018887,0.0026624981283092596,0.002734295571103353,0.002849841683979607,0.002874456027495688,0.0028112630658700104,0.00276461081583184,0.0026942920888432804,0.002665230617173957,0.002643822529208586,0.002876862550374144,0.002805049165188649,0.0027099479776546823,0.0026520364545671343,0.0026823895757798082,0.0026483700334964085,0.0027767985754532597,0.0027898476993198475,0.0027762679140204967,0.0027038879522872515,0.0027029259319322698,0.0026412599590871152,0.002663259455783767,0.002769716670948773,0.0028131068076776423,0.0028533344560034775,0.0026514283452746044,0.0027025137628827775,0.0027717989574400533,0.002646286522595532,0.002720050004698475,0.0028035923668933457,0.00282440955748716,0.002684129407440407,0.0027093490921192287,0.002796011639462001,0.0027336932078590058,0.002790767273732594,0.002806341008709331,0.0027083488254505163,0.0028526599864103284,0.0025152135031070275,0.002754194228514628,0.002852206874646509,0.0027255494324933916,0.0027159256447978146,0.002673019905329738,0.002790979925334824,0.002725776373630478,0.0027033445542952042,0.002782757190783078,0.002655262871805432,0.0028009816472019467,0.002889806166383791,0.0028122280425475,0.0026734213281122054,0.0028050629271668677,0.0026537134634103342,0.002811447797848324,0.0028476523910311684,0.0026795515786725297,0.0027261864640759632,0.002617437926971394,0.002760725536269924,0.002726509141702953,0.002738137184555486,0.002752656811235114,0.002852449309289085,0.0027723870924664332,0.0027916938297867034,0.0026656130456035924,0.0028639137806606096,0.0026676216411479514,0.0028776516964346727,0.0028268870166801765,0.0027473322854340695,0.002756668203057216,0.002667032463734441,0.0028481228550892193,0.0027511639586084873,0.002947231920486158,0.002739105847187911,0.0027988482289802953,0.002740772509287973,0.0027323434657685257,0.0029214701574781666
maize_price_index_lag3,0.0007328129052685856,0.0006908700780944965,0.0007147656942382224,0.0007252386889486009,0.0007150336845747078,0.0007254597878442233,0.0007395382368730817,0.0007282171654852404,0.0007266398567482674,0.0007423214947970635,0.0007019533004947238,0.0007060502692922086,0.0007093391335168255,0.000699357459452736,0.0007167135039440841,0.0007151797883102658,0.0007625007210877834,0.0007105861942324302,0.0007417687406526265,0.0006930581924763911,0.0007106484095209257,0.000697858122516786,0.000718039644816524,0.0006610056113280109,0.0007364663642283537,0.0006910412797201077,0.0007070411604300805,0.0006644911504414233,0.0006913748346355899,0.0006897345275664413,0.0006914990660049962,0.0006829168529425194,0.0007262539507302515,0.0007379297835426502,0.0007143898898886043,0.000714722710471662,0.0006742117487570931,0.000689414819012209,0.0007078700214691893,0.000728346289865341,0.0006810450011249207,0.0007402779753551303,0.000685996047484324,0.0007015252865486494,0.0007315471647143379,0.000709774608238876,0.0007136810981903772,0.0007232074032144286,0.0007316317351671865,0.0007070547079196968,0.0007428896355039708,0.0007369579961590901,0.0007060772634504698,0.0007098554022317101,0.0007204125167254367,0.0006962736082257507,0.0007108823890367805,0.0007401259915130001,0.0006944794127790886,0.0007348956816201147,0.0006936870335059445,0.0007021954390615626,0.0007287984912517032,0.0007005539542935618,0.0006935669554399392,0.000728955317344555,0.0007231348781320064,0.0007579626703748622,0.0007321293057495918,0.0007280857787432831,0.0006964148513926482,0.0006983323787256119,0.0007472196742111342,0.0007456403019342486,0.0007005824081505231,0.0007188991294242442,0.000706060919510567,0.0007439529843094294,0.000749766068146458,0.0006936841004665008,0.0006995765951473659,0.0007550988584230452,0.0006893083785552586,0.0007203245250841768,0.0006981753867590033,0.0006939474080870503,0.0006986599025079368,0.0007414503344074354,0.000712224072391094,0.0007321033476876947,0.0007293298274835892,0.0006938219843162359,0.0007594797666007209,0.0007233879543401255,0.0007260478373788544,0.0006813631990276601,0.0007225206691586639,0.0006961749319235869,0.0007183180481299573,0.0007198144368659589
maize_price_index_lag6,0.0014141004852958768,0.0014202182545489583,0.0014690957204055515,0.0014562514240614392,0.001482882225145075,0.0014185067271648888,0.0015120892492583307,0.001468863609554458,0.0015124838891068925,0.0014005640076652196,0.0014356435766874082,0.001435830626915369,0.001401476599315835,0.001468547638823851,0.001474320768898326,0.0014044617812605247,0.001483065160344486,0.0015176041585918203,0.0014615554891044167,0.0014521465524893705,0.0014420614615791355,0.0014343590259117674,0.0013993516644690953,0.0013304532692969178,0.0015303890445034886,0.0014028017978026295,0.0013751180912777742,0.001445935966336606,0.0014149899799779239,0.0014416210485818,0.0014300136994445161,0.0013457411858405026,0.001439312601050576,0.001487766790468155,0.001511004167345235,0.0014533285716091578,0.0013964533437439675,0.0014630576225569353,0.0014528000944761142,0.00149908526329368,0.0014186260548039913,0.0015238549077293332,0.0014445495158740016,0.0014607354308291498,0.001462265512057364,0.0014697883421842947,0.0013615957598923079,0.0014640941346902015,0.001463882765765485,0.0015150937275969717,0.0014250719198592172,0.0013853987304753611,0.0014690862453673285,0.0014536609769293626,0.00137126967953841,0.0014051105022248687,0.0014747044199178146,0.0015081792594597427,0.001473517331121659,0.0014575975764625731,0.0013720954012624172,0.0014739217525989196,0.0014847443151342207,0.001503770828934475,0.0014565612938096959,0.0013998339081187415,0.0014046278660651778,0.0014898387779574262,0.0015043574217410457,0.0013723837285843441,0.0014517641157202527,0.0014869221092134765,0.0014538772219327312,0.0015109990665645244,0.0014259966140274078,0.0014285453943683674,0.001464301321665635,0.0013881229579134884,0.0013920909636070677,0.001468814392211388,0.0014669471626725784,0.001567993934678905,0.0014634599444910972,0.0014071480206136282,0.0014331280984857947,0.0013889415777665823,0.0014108700121405358,0.0014324920380311607,0.0014687884480446118,0.0014943963920844114,0.0014560117638574943,0.001454588090975607,0.0015196628664371,0.0013923786588456177,0.0013983033165370846,0.0013943649084569008,0.0014521305804096518,0.0014141817601165286,0.0014099029549368605,0.0014606780451676647
maize_yield,0.0055560759367039485,0.005646190493064885,0.005693206922237917,0.0056753973551788685,0.005574061561136759,0.005523514961264642,0.005692716750391522,0.005598616795942157,0.005633169189712522,0.005581216085277976,0.005385550244963934,0.005545638615793816,0.005735157170250056,0.005597497644693462,0.005599180776355923,0.005522374140087122,0.00567731607944452,0.00562264826418697,0.005974599066543283,0.005510060863249297,0.005876915457641116,0.00559415356882734,0.005673720514860706,0.0057035874336279204,0.005653546138919165,0.005755546013390796,0.005682525362657464,0.005564376364768662,0.005737610926415856,0.005640896881003064,0.005682159974152998,0.005620000971091707,0.005803385489537355,0.005481859999197858,0.00555284360952012,0.005478333239877446,0.005431867088528647,0.005563500950857225,0.005492269270908758,0.005376148097386765,0.005792492961291201,0.005648833180066221,0.005472219446153374,0.00557528849128117,0.005827932719981942,0.005648240605157108,0.005773418129847904,0.005539562028695831,0.00557252148139304,0.005706821872580866,0.00552514434693763,0.005663116528473285,0.0055415702686793565,0.0057361333343676655,0.006041219185721553,0.005596942391331398,0.005664665491067598,0.005753200519714296,0.0056356405426688325,0.005787725553039932,0.005605768636023282,0.005628868407621887,0.005584230025609334,0.005927819847351029,0.005821740673565717,0.005607616394665671,0.005777332897820581,0.005378339406465398,0.00567017756633877,0.005578289013625919,0.0055427510977778625,0.005666875465161805,0.005516632382543931,0.00577215972524252,0.0057425146586961625,0.005562614751343401,0.005753057190905447,0.00563508135654171,0.005452892262156952,0.0058266024434973735,0.0054223370501158405,0.005649620202788409,0.005603269481449147,0.005446217435857524,0.005654558461491118,0.005584209414650194,0.005374914579725908,0.005460713157434147,0.00537363092644491,0.005524880269361085,0.0056955225387777106,0.005567633683020037,0.0058255657738780385,0.0056288545615739705,0.0059492051632261175,0.005790212513651413,0.005661258492503107,0.005697041099763805,0.005973830711921797,0.005802268311227083
maize_yield_anomaly,0.007630399635493539,0.00763341661448172,0.007853577525487968,0.007731546738472291,0.00771242209447945,0.0077504635259208286,0.007486382751642701,0.007701644943410041,0.00767826872200977,0.007321434763913847,0.0073313375014241,0.007504135687058449,0.0074639151953584965,0.007706794389822438,0.007656332690029658,0.007464318101122728,0.0077088888034641005,0.007483478061233958,0.007789577285838207,0.00741881061630713,0.007556959756362728,0.007556104981080161,0.007701243456418377,0.007568935843909595,0.007412992239453469,0.007709388795750328,0.007519599656028746,0.007467196403094423,0.007624863199966788,0.0074802892915056115,0.007427891806986638,0.007696504760379315,0.007612295347452935,0.007631736280836211,0.0074734083958178385,0.007491197279610094,0.007574922742040569,0.0075948851713312955,0.007408516650525834,0.007391783814321949,0.007575903162379474,0.007533485488387646,0.007589264798477508,0.007395314663266821,0.007680233495452636,0.007474431718504885,0.0076872937700385325,0.007521310909005272,0.007611563680963456,0.007578428221700663,0.007709571142829415,0.0074001240900738886,0.007501022211578723,0.007451124419506416,0.007673791599485013,0.007432074654234215,0.007634998641534097,0.007554455161264347,0.007681970303110763,0.007471904025064091,0.007495573125046911,0.007527537658756626,0.007301246043869273,0.007617072745440354,0.0074454581810404425,0.00768010769941792,0.007229002868162765,0.007573446743074596,0.0076986232599895255,0.0073530052238053355,0.0074637474368787204,0.007490383131684076,0.007629352547209054,0.00736085904422785,0.007601470754753729,0.007859972096192911,0.007389294967444818,0.007682591332527606,0.0075815347758918135,0.007636580254890287,0.007837455496326952,0.007514260535361727,0.007706174950981146,0.007333652548083176,0.00764197938994545,0.007334902567989492,0.0071708613259459444,0.007485926268317623,0.007482308498535529,0.007518964188990972,0.007343414726071291,0.007585298186013818,0.007571525070874124,0.007498251735647334,0.007536575159705851,0.007425995944472759,0.007799263580993404,0.007596934405994248,0.007656925173445487,0.007651944494156425
months_since_assessment,0.0,0.0,0.0,0.0,0.0,0.0,0.0,0.0,0.0,0.0,0.0,0.0,0.0,0.0,0.0,0.0,0.0,0.0,0.0,0.0,0.0,0.0,0.0,0.0,0.0,0.0,0.0,0.0,0.0,0.0,0.0,0.0,0.0,0.0,0.0,0.0,0.0,0.0,0.0,0.0,0.0,0.0,0.0,0.0,0.0,0.0,0.0,0.0,0.0,0.0,0.0,0.0,0.0,0.0,0.0,0.0,0.0,0.0,0.0,0.0,0.0,0.0,0.0,0.0,0.0,0.0,0.0,0.0,0.0,0.0,0.0,0.0,0.0,0.0,0.0,0.0,0.0,0.0,0.0,0.0,0.0,0.0,0.0,0.0,0.0,0.0,0.0,0.0,0.0,0.0,0.0,0.0,0.0,0.0,0.0,0.0,0.0,0.0,0.0,0.0
months_since_harvest_start,0.0020076529368253013,0.0020042082767231743,0.0020123401996110786,0.0020623756111763404,0.001998649067370757,0.0019672372452162715,0.0020433554480307377,0.0020549826693237135,0.002060672301629377,0.0019807490821702185,0.0020232371499763866,0.0019425883371957556,0.0020275619761212335,0.0020138189713345303,0.0020142902263901035,0.0019705468173645915,0.002015587171697777,0.0019917438000992063,0.001964623253073304,0.001912561927316614,0.0019945858445068665,0.001981851162666582,0.0020187752971167275,0.0019707030587295536,0.0019799378372759675,0.0020283472503961585,0.0019651978572649306,0.002034767922814203,0.0019701726145089815,0.0020249217430970343,0.0019866251949737655,0.0019680601393073163,0.002003247242548173,0.0019612400666723802,0.0019849842203603614,0.0019919906991609135,0.0020127814861089686,0.002010064884802369,0.001958816666994822,0.0019591109566371233,0.0020137133860119905,0.001984864226822003,0.001957290643521471,0.00198334552035291,0.0020535458428361,0.002029903779648954,0.0020317292735115558,0.002020189751086151,0.0020107677064192006,0.0020095331586635137,0.0019780590351021177,0.002010707203809781,0.0020190913799000947,0.0020105961281671257,0.002031046740217115,0.002024852572053316,0.0019890406616340636,0.0020191355279644886,0.00202977774393847,0.002008277458460774,0.0019521111311529827,0.001977266238493301,0.0019210645225666478,0.0020408819453678947,0.002041256418557718,0.0020027503648418045,0.0019656303900295936,0.0020382976292981523,0.0019693106921933453,0.001979376899375432,0.002017707949481118,0.001998223320534742,0.0019568930350159206,0.0020145591145466174,0.001957974787300171,0.0019635783631101974,0.00203107272546669,0.002038565904719612,0.002064332349985591,0.0019506312100752788,0.001990450817901703,0.0019872081881547135,0.0020284048924184023,0.0019716253226013626,0.0020046974653301,0.0020085458229170574,0.001960706744896437,0.002007979709716749,0.001981549534568752,0.0020023853645812313,0.002106803034598058,0.002049915749660653,0.0020211136110288943,0.0020229573291196154,0.0020397586608691216,0.0019283201217682219,0.0019696297514489535,0.0019846485914444593,0.0020211838668802327,0.0020397889708394404
months_since_lean_start,0.06129301282313053,0.060962730294428995,0.06035632349427319,0.06052279168003341,0.0613709739446023,0.06040367018932758,0.06043831158899866,0.061132501183737135,0.06114049143240812,0.061124245538598014,0.060725430784048996,0.06031843713691022,0.060486141994101905,0.06104335009465553,0.060444076578315985,0.06057867814341317,0.06127856068128014,0.061024947168293944,0.0603743087153257,0.06107357050259415,0.06116939209262777,0.06089044413365439,0.06089477799138667,0.06061952815971513,0.06057652874500732,0.0611076900693077,0.060762091792394904,0.060771741329327875,0.06117124067114253,0.06090348242602733,0.060606418364906905,0.06077179295506413,0.06133382299270936,0.06140883112823741,0.06056711317404457,0.060473799845878626,0.060938773294197356,0.06077608112901387,0.06106099168814364,0.06118829518047549,0.060398753865103294,0.060634570975265395,0.06137047563110696,0.060914036970176805,0.06118857593855996,0.06081821877609622,0.061016027079451654,0.06109386184879465,0.060752426641636506,0.06148661753436547,0.0614271360308734,0.060957668940719856,0.0609395126717678,0.06037448543523039,0.06148179047442124,0.060642002934038514,0.05993448977453121,0.060873189304741275,0.06049154874392425,0.061013816783733,0.060372450299884965,0.06042409100363467,0.061154159181606695,0.060888410925741765,0.061325410589976835,0.060721338148504556,0.06050630573021329,0.060960017305877884,0.06054374419661782,0.060955738219168366,0.060762128172207074,0.060139534694931274,0.06079509055963091,0.06037010041144571,0.060584599990590515,0.061025225779901625,0.06009552036306009,0.061156817824882505,0.0613993356039065,0.06144484466801766,0.060929463058710095,0.06071295815194122,0.06105778509014388,0.06060900156295571,0.0603673621479954,0.06061570151915338,0.06056249693622254,0.06145718425635719,0.06043461949928947,0.06150254480787563,0.061033581576732374,0.06102597783734216,0.06089919006941728,0.06053164017234406,0.061002345716360935,0.06095314382056766,0.06072839129153122,0.05990996778196429,0.061150445989631964,0.06058687326376853
pct_agropastoral,0.0032221325511193792,0.0031911581966786898,0.0030094638873686083,0.0031964395366855906,0.00306029147805943,0.0031164837125727354,0.0031643200958799376,0.0030110319580797947,0.0031072975815067505,0.003121187702577183,0.003145055411341089,0.00312553595685965,0.0029816021897885988,0.0031332477427803086,0.003154918977770931,0.0032247312206921492,0.0031325216916067754,0.0032891167960212592,0.003135975246273336,0.002956325356804189,0.0031689386552596933,0.0031522931588917787,0.003257851303780671,0.003074042951229258,0.00306772734607352,0.0032907569667181735,0.0030450851567799136,0.002945925644936337,0.0031566506022236485,0.0032641385674214386,0.003019658377968685,0.00285935976906963,0.0030457268580871464,0.0031163486565307062,0.0031102825690824424,0.0031214989255149666,0.0030355936814847693,0.003221606091628966,0.0034139520816474102,0.0032304410992371494,0.002973069469241992,0.0031527789756964205,0.0032143975239763843,0.003150134327711526,0.0030855015157403784,0.003123886733051721,0.0031256791541649813,0.003100550428079152,0.003069900324679988,0.0030262891554098197,0.0031170320830174853,0.0029990049767429413,0.0031410431608897066,0.003154965901967161,0.0030365973335013995,0.003115499524426633,0.003203066021944425,0.003101984196097646,0.003088283041534525,0.003077889216473754,0.0032750358645019448,0.0030863272213217017,0.0030424541246153675,0.003086356847020595,0.003067814961353444,0.0030332479795622284,0.0030974383732037883,0.003076167984269791,0.0031595531883832706,0.003137805008601328,0.0030529578602014737,0.003235203587868507,0.0033001670411423496,0.003243335980274107,0.0031638243465103963,0.0030654099513439167,0.0030656171613613887,0.0032219476276703998,0.0031338839523694776,0.0032101680971990585,0.003368745484306452,0.003164913795510496,0.0031056071566051453,0.003042964859987083,0.003197789857237297,0.0030833314257764544,0.003048782858141461,0.0030260571145585605,0.00304209613115922,0.0032471034724041664,0.0031258149311625192,0.003201457251858267,0.0033384319940508644,0.0030880911998820973,0.0031755964730636795,0.0031177550494501187,0.003168286255312077,0.0032037980116009094,0.0031330228748482577,0.0032297556816868285
pct_crop_farming,0.0038903417929575064,0.004031870716423043,0.004047774376181835,0.004008481150789969,0.004052914053010784,0.004003782252160211,0.004139719777075308,0.00407437407450199,0.004019927124031983,0.003990556246082359,0.004009764609707994,0.004036517129289314,0.003983902600863814,0.0040530194096483185,0.003984488578952896,0.0038800636215779475,0.004146021221982273,0.004021286041288797,0.003967630874566102,0.004095526906665546,0.004046948837968627,0.003978373366167025,0.003995152679175586,0.004080799137151513,0.0039013717746782437,0.0038890735657430616,0.003921583008144522,0.0039545053371284195,0.004007027124047017,0.004026796883328839,0.003993187019289095,0.0040843423946681535,0.003946128163986124,0.004038044253622585,0.003984128309251821,0.003990523718918363,0.003985674239070334,0.0038587548044041633,0.004037321303965327,0.003936982610673638,0.004006968209169049,0.003909423688665711,0.004009313535091793,0.004055450141032691,0.004098329350822769,0.003957022293171929,0.00381867096240692,0.004001956940850332,0.0040567320566161635,0.004118872563668968,0.003995424127167642,0.003866096182512293,0.003993213202083179,0.003963084155105548,0.004030045174258929,0.004082714575082526,0.004020727534371565,0.00396309516221038,0.004100853065028787,0.004152754579977312,0.004073693081023129,0.003997510137117427,0.003914524027094337,0.004018941841630061,0.004048431531948425,0.004038300664466854,0.004053090105515829,0.0039456065046151725,0.003977750410859938,0.0039280448915864925,0.004130394526759228,0.004135823974628811,0.004007413979874265,0.004005160859610508,0.004016970570814289,0.003960974381149093,0.004007324592478372,0.003915150341188331,0.004054447027274232,0.003909914056803283,0.004066884430418443,0.003914720895912259,0.003928271904934822,0.003927559980941362,0.0040095900247108735,0.004000189642018906,0.0039931738141280124,0.004014514066572022,0.003994989076023825,0.003998759104850978,0.0038263443609657184,0.003970747837588561,0.003974052266589911,0.004099227937505297,0.004006504190615215,0.004145453551371522,0.004003228337502041,0.0039884477423303465,0.004124158166163827,0.004135763122821632
pct_pastoral,0.004982631941235337,0.005120489857396724,0.005453679092830012,0.005096086647600614,0.005219298945142122,0.005191488185315152,0.005185450787037056,0.005102932389139142,0.00502794571760772,0.005356084517594697,0.005149452354350199,0.004912536665334465,0.005112771731541023,0.00533074589511746,0.005138415983621625,0.005070141385893644,0.005272680128429,0.0050672640032896595,0.005193749708017454,0.005049078517417977,0.005234547011847328,0.0052976369610977965,0.005262792198369222,0.004932733719269928,0.004714181778593833,0.005112170679475457,0.005092868361598957,0.004932078602675572,0.005096980386392423,0.005094378645190541,0.004894651781852448,0.005009017766725203,0.005151222576049791,0.0053227024742905395,0.005271397464702341,0.00513790230079714,0.00533649386919063,0.004898988067579319,0.004990878729747443,0.005008119997986849,0.005264996543650055,0.005176340170034957,0.005423555328022866,0.004907790606930142,0.005325679462518751,0.004971640885616682,0.004735941590266938,0.005160458112139386,0.005234530927540106,0.005174604912074456,0.005156805183483947,0.00501559180116925,0.00522993004979184,0.0050019990999876345,0.005045699224832389,0.005060486297275462,0.004914417193419692,0.005131872695548687,0.005200404162455049,0.005053912049186402,0.00525611203171575,0.005158188442389171,0.005059336592476067,0.005345699902215112,0.0052459618535594665,0.005067521691569137,0.005090845977081522,0.005111009629894488,0.0049193011245865755,0.00506791498118676,0.005296184148014703,0.0051719940643503055,0.005094259840052567,0.00494178433518849,0.005300058150667828,0.005134582860437733,0.004949433392002469,0.004978848864974196,0.005029246628315305,0.005258196105652221,0.00533225918593614,0.005290497611922754,0.005219057078162829,0.0050891020838518325,0.005197356091368766,0.005243083656482074,0.004993460967550613,0.004913001226002879,0.005266465610722331,0.0050656780924486075,0.005097713527379569,0.005004687429893584,0.005155627485017598,0.005294532739937182,0.005105382582755069,0.005166239566005782,0.004905816762251143,0.005065454930591534,0.005069583836426152,0.005293068305953689
season_benishangul_meher_only,1.2653278135287482e-05,1.200995253771014e-05,1.0232187876399731e-05,1.2901666830343478e-05,1.3212317385060108e-05,1.1591371823983915e-05,1.0611362591142255e-05,1.0034925944430656e-05,1.3228217252366663e-05,1.2962120851897651e-05,1.2722040586803683e-05,1.1592757091847565e-05,1.2511106018657453e-05,1.2773163113597444e-05,9.170745439197293e-06,1.3442199833442238e-05,1.1354177533605884e-05,1.2803434605452721e-05,1.1496113476892186e-05,1.0683504545527651e-05,1.224336381829539e-05,1.287832273687974e-05,1.4057190984212175e-05,1.1466625699271695e-05,1.3445508378400985e-05,1.0952920081688313e-05,1.3943243170767366e-05,9.94127209337366e-06,1.3563709430179446e-05,1.1917622528265958e-05,8.566419156460196e-06,1.3380807472952901e-05,1.0890263187690414e-05,1.2206418046564943e-05,1.2233017731322917e-05,1.132388062399164e-05,8.668666328194299e-06,1.3034281869602272e-05,1.2984489538861067e-05,1.1160010213790927e-05,1.0702436539664197e-05,1.1266342231205531e-05,1.0416611721944368e-05,1.1236046380664578e-05,1.0334467879405832e-05,1.2721307708086829e-05,1.2597398251273908e-05,1.1520354605432767e-05,1.174596792938189e-05,1.2052028460458568e-05,1.2816183729720776e-05,1.0098188628350578e-05,1.2441792849030322e-05,1.601375157560282e-05,1.1676296792982653e-05,1.3602158026908761e-05,1.1140968076032193e-05,1.0499774392988128e-05,9.327347429407007e-06,1.1798389939102791e-05,9.975443093083646e-06,1.3270599247295974e-05,1.0922976902553014e-05,9.241288192914408e-06,1.17696954073767e-05,1.260004911171941e-05,1.0554321962802565e-05,9.445410801657736e-06,1.0959260753477051e-05,9.056348578677419e-06,1.4684630482435735e-05,1.2070294297495546e-05,1.0586319744120952e-05,1.3146373127569268e-05,1.5415942829893934e-05,1.0634016168820748e-05,9.794069378614934e-06,1.0339283485656608e-05,8.70784091966408e-06,1.3561367819134699e-05,8.103122779809589e-06,8.77697722405174e-06,1.299248342405589e-05,1.2138459431676044e-05,1.3237039332874464e-05,1.1400523639860608e-05,1.2942057767487114e-05,1.4245072704049485e-05,1.3067854492903264e-05,1.3786737556227066e-05,1.0030969246618275e-05,1.1599301105708032e-05,8.196950848422833e-06,1.1675871045519973e-05,1.5483489465272926e-05,1.328100358329941e-05,1.1804830163780815e-05,8.857173960346149e-06,1.2364811988781764e-05,1.2436358743978038e-05
season_national_belg_meher,0.003296495110228442,0.0032531181238514544,0.003284776088922414,0.0031706903361200544,0.0031521778939365107,0.0032166628957596873,0.00315482282228228,0.003136234137366524,0.003277354990565999,0.0032527271395946388,0.0031906543689053006,0.0031961348409114665,0.003265986965649123,0.0032530658579514385,0.0032280187729908072,0.0031973863973072105,0.0032012432242896,0.0031784204939692656,0.003187670135257407,0.003212295437914244,0.0031963741634326447,0.0032558525416915216,0.0032265669618025575,0.003194270902322933,0.003190786686126243,0.0032952555896826165,0.003246892727217319,0.003285613523383565,0.0031774513469719737,0.003192249842867348,0.003270008897806053,0.003217206036143668,0.003205030656749417,0.0031343371393332572,0.0032493572057404134,0.003257766484011034,0.003184888895223106,0.0031891969242759865,0.003206074942774901,0.0031747412299023897,0.003277074318865071,0.003243413595309169,0.003285332614899175,0.0032418249896100835,0.003307292679050941,0.0031691955915395765,0.00324701196967198,0.003265458663181242,0.0032874087160973814,0.003283165587308984,0.003242855409534328,0.0031782078963567503,0.0031838625630915287,0.0031812102204153998,0.0032270400289361274,0.003200596655809608,0.003307857777823079,0.003218172808364805,0.003217234588989807,0.0031819702359398455,0.003237074697640865,0.0031159079408053284,0.003262043452009898,0.0031931335380297023,0.0032417556822423362,0.0032062811680585454,0.003178884867987524,0.0032534025678908605,0.003212842421594614,0.0032647341813730156,0.003206065808486494,0.003172261101303634,0.003217885595424328,0.0031843853084752276,0.003264003259363135,0.003228080439271394,0.00325586675178437,0.00320669143281368,0.003221182961703334,0.0032859747932440994,0.003240732079676466,0.003258748880855539,0.0031544524104205225,0.0032657216517081172,0.0032375367454737115,0.003247509434757519,0.0031783235392400196,0.003222884309495458,0.0032266132849775734,0.0032360297513983017,0.00329483742391841,0.0032807887456617,0.003276008342086158,0.0032034117797887104,0.0032715717635231237,0.0031861371358791,0.003258573954951936,0.0032283509385388335,0.0031420668436688668,0.003159378433511371
season_somali_gu_deyr,0.0,0.0,0.0,0.0,0.0,0.0,0.0,0.0,0.0,0.0,0.0,0.0,0.0,0.0,0.0,0.0,0.0,0.0,0.0,0.0,0.0,0.0,0.0,0.0,0.0,0.0,0.0,0.0,0.0,0.0,0.0,0.0,0.0,0.0,0.0,0.0,0.0,0.0,0.0,0.0,0.0,0.0,0.0,0.0,0.0,0.0,0.0,0.0,0.0,0.0,0.0,0.0,0.0,0.0,0.0,0.0,0.0,0.0,0.0,0.0,0.0,0.0,0.0,0.0,0.0,0.0,0.0,0.0,0.0,0.0,0.0,0.0,0.0,0.0,0.0,0.0,0.0,0.0,0.0,0.0,0.0,0.0,0.0,0.0,0.0,0.0,0.0,0.0,0.0,0.0,0.0,0.0,0.0,0.0,0.0,0.0,0.0,0.0,0.0,0.0
sheep_maize_tot,4.460298249933784e-05,3.704340746684104e-05,4.0509420645656546e-05,4.107987288362491e-05,4.7682673047541584e-05,4.700450361638829e-05,4.9086529028835256e-05,4.8340397345106546e-05,4.713040454540687e-05,4.755564604733548e-05,4.7128994642577557e-05,4.800159491860842e-05,3.8020624383882954e-05,5.03152763127787e-05,4.7004500531261755e-05,3.394468477300482e-05,4.54738890408976e-05,3.780659990034242e-05,4.318008820215861e-05,4.1098621197615596e-05,4.2309743153629344e-05,4.581438211674029e-05,5.4903430227907546e-05,4.70226842670954e-05,4.042045176646231e-05,4.768154389122752e-05,4.5793375490121465e-05,4.7624166707814853e-05,4.330543072327324e-05,3.506853466942197e-05,3.5368705141371574e-05,4.615290996697625e-05,4.371247923398857e-05,3.9230901015224414e-05,4.54738890408976e-05,4.4156737455916946e-05,4.734160922328878e-05,4.054776876856328e-05,4.163100914431902e-05,3.670460504034291e-05,4.1864633436775605e-05,4.470844137989463e-05,3.659716550854669e-05,3.649114204983287e-05,4.362519791901235e-05,4.691666080838158e-05,3.922977185891035e-05,5.17376060318009e-05,4.7004500531261755e-05,4.581156231108166e-05,5.031527322765216e-05,4.602671595093626e-05,4.910556734472081e-05,3.8426266076895516e-05,5.6434029377765535e-05,4.874660361627614e-05,4.350013922953951e-05,4.844642388894691e-05,3.988947989284128e-05,4.0760389519527584e-05,5.010265864694094e-05,4.362463025572877e-05,5.3500654040903284e-05,4.0650975506745015e-05,4.734330295775988e-05,4.4051559321875405e-05,4.64715480064013e-05,4.2289301105167554e-05,4.679103445562517e-05,5.074022164255936e-05,6.314224831559397e-05,3.899784438605141e-05,4.679103754075171e-05,3.976385045495833e-05,3.7914881671684374e-05,3.604518700830685e-05,4.678991146956418e-05,3.693681942997018e-05,4.439007791673175e-05,4.6788779228123575e-05,4.065266924121612e-05,4.17580423147782e-05,4.248316737188809e-05,4.504837296270683e-05,5.326679527882957e-05,4.645279660728407e-05,4.2841847268690976e-05,4.800046884742089e-05,4.241520820443922e-05,4.481615548795301e-05,4.381963184901646e-05,4.725517940323792e-05,5.4264994141477975e-05,4.3732350534040245e-05,4.556088343910549e-05,4.712956230586113e-05,4.0440896900050633e-05,4.4816723151236584e-05,4.568848118772171e-05,4.889209818395769e-05
sheep_maize_tot_lag1,0.0,0.0,0.0,0.0,0.0,0.0,0.0,0.0,0.0,0.0,0.0,0.0,0.0,0.0,0.0,0.0,0.0,0.0,0.0,0.0,0.0,0.0,0.0,0.0,0.0,0.0,0.0,0.0,0.0,0.0,0.0,0.0,0.0,0.0,0.0,0.0,0.0,0.0,0.0,0.0,0.0,0.0,0.0,0.0,0.0,0.0,0.0,0.0,0.0,0.0,0.0,0.0,0.0,0.0,0.0,0.0,0.0,0.0,0.0,0.0,0.0,0.0,0.0,0.0,0.0,0.0,0.0,0.0,0.0,0.0,0.0,0.0,0.0,0.0,0.0,0.0,0.0,0.0,0.0,0.0,0.0,0.0,0.0,0.0,0.0,0.0,0.0,0.0,0.0,0.0,0.0,0.0,0.0,0.0,0.0,0.0,0.0,0.0,0.0,0.0
sheep_maize_tot_lag12,0.0002271789694918362,0.00016244648653034345,0.00012419245998311488,0.00017551763704351262,0.00018227152202440346,0.00016210586387918602,0.0002042735585514803,0.00019183578451721316,0.00020682931439970344,0.00014846829647356433,0.00021730619434490953,0.00022636977782160598,0.00018336147255038624,0.00015286192390489282,0.00021556712085415858,0.00017096613751681943,0.00014034807065012046,0.00020493017220349046,0.00018967470273714875,0.00019792484940949433,0.00017636634301448215,0.00014823993540698696,0.00022756991672713317,0.0001664431815808851,0.00016646745535651102,0.0001591898392939913,0.0001735865452768393,0.00013415050802763944,0.00017336936470884715,0.0001470715486238215,6.987060078923006e-05,0.00017474542987025796,0.00018278172791127585,0.00021660656168840935,0.0001732837832985951,0.00018621720142246033,9.876925876175148e-05,0.00019412143136650386,0.00014630559808719232,0.00016025804584811194,0.00013763795975078953,0.00020645517493380277,0.00014711641870423627,0.0002311018683155131,0.00023410507857676125,0.00020856119337536039,0.00014237877498255507,0.00021877244392537183,0.0002090279359995208,0.00018475778848241328,0.00014034091315654493,0.00019356804604856123,0.00013434747484653386,0.00015695665193640667,0.0002134543768367412,0.00020575224736215657,0.0001710412911993623,0.00022079322649085003,0.0001621647774556162,0.0002321974337718008,0.00017861374663516848,0.0001237603201382402,0.00021173223452044816,0.000157803247680822,0.00018133650655331819,0.00025646582893703294,0.0001776648357541418,0.00012840691560543844,0.0001997356459220744,0.00016091652291655293,0.00021127171151139474,0.0001816685772337035,0.00015784036792336538,0.00016957265990121025,0.0002294777096181676,0.00013688531227980588,0.00015578495789758906,0.00020489030002807237,0.00014470598465660838,0.00021770461992694231,0.00015592214730462178,0.000192648394507651,0.00020253264632531082,0.00018197335071445253,0.0001749783322431039,0.00015263061345734212,0.0001477299639897317,0.00016957206755691432,0.00014351937094583768,0.00018212133806437932,0.00017050318342805155,0.00016784935757733775,0.0001976676979420348,0.00014325240877597722,0.0001245721403362835,0.00013635369561473774,0.00019935118979302007,0.00012821188624601186,0.0001686433334034669,0.00013593120604568388
sheep_maize_tot_lag3,4.108899251768061e-05,0.00010120096784200727,6.367859756477625e-05,4.471174246529368e-05,6.05337861655415e-05,5.299682202546493e-05,7.543033201008356e-05,7.133358013555871e-05,5.229146337410431e-05,7.436875847802646e-05,7.122212685413243e-05,4.812499998025519e-05,9.433126721076097e-05,7.543568161950595e-05,7.981177936182753e-05,5.5772806546702886e-05,8.337308284412013e-05,9.701032939658155e-05,7.912907787978526e-05,8.617096559354731e-05,5.313600442424324e-05,7.935224976352037e-05,4.4628437878429025e-05,7.920391687942095e-05,7.623848090754286e-05,6.755162223278859e-05,8.003538933353148e-05,6.386778369453383e-05,0.00011322853728110746,7.109632156403661e-05,6.470854854978637e-05,3.7327526025396944e-05,4.9147605278970786e-05,8.288529348669585e-05,7.49718143332819e-05,9.086770670754568e-05,8.2203073284394e-05,6.795921681090172e-05,7.495733891955073e-05,5.205838823417205e-05,8.776131130400158e-05,3.6453330738944293e-05,4.8698065320403926e-05,7.516358579908098e-05,7.437018380648848e-05,9.410494232770078e-05,7.615360907639529e-05,7.811040611740965e-05,9.462386061192547e-05,9.07516812685854e-05,9.798973983859424e-05,6.807306415052395e-05,6.901056623360138e-05,0.00010873369301821628,5.9999392886586315e-05,6.325607714445695e-05,6.433158310797397e-05,6.132330089869213e-05,8.658096657036254e-05,9.412735268689584e-05,6.815010593051003e-05,7.034556219049616e-05,6.380708691496286e-05,0.00010605108910712643,9.13284086539385e-05,9.027995925018752e-05,7.535839302939658e-05,4.384551297557033e-05,8.282826800770888e-05,4.075174808008577e-05,6.042580056634749e-05,5.970244328674569e-05,4.411286695650152e-05,0.00010455237165494488,5.6472081328524316e-05,4.56012831711621e-05,7.977242548766837e-05,6.409625582566666e-05,5.623253359310869e-05,7.961235061195326e-05,4.8230745777580307e-05,8.753770133229763e-05,9.354909507877831e-05,4.856209762348151e-05,8.6764223086908e-05,3.774404587459367e-05,7.154929835357034e-05,6.004745298784465e-05,9.03059606966765e-05,6.393343518732991e-05,7.884587560381208e-05,8.691421576908656e-05,7.068839996251013e-05,5.7402327193976926e-05,8.302353183675257e-05,5.9482702063724367e-05,8.611359458038773e-05,4.910678905483112e-05,8.219540983006574e-05,5.982723665533599e-05
sheep_maize_tot_lag6,0.00028840273186780404,0.0002707975313036585,0.00024969201403868616,0.00022690219044932175,0.00025115501189577406,0.00022724835090262056,0.000140223715369499,0.00020269818804525687,0.0002641804408336031,0.00023294573429948794,0.0001662387626388305,0.00026565470557281934,0.00022264540689085333,0.00013904155041120068,0.00018680728432061015,0.0002022795672248856,0.00015619965135187344,0.00022269291475446082,0.0003299677594107871,0.00019771172578290382,0.00029446650797782724,0.00022087756459510598,0.00016277113593883395,0.00022853338632030764,0.0001749049941575305,0.00013264086614237563,0.00018132086496175446,0.00016110313913590173,0.00020060759523640509,0.00012970191289672693,0.00021119762219750857,0.0002522840972519316,0.00018642919897786332,0.00020629480080081315,0.00016411868064793495,0.00018199519341036399,0.0002655358263918085,0.00014199919952368885,0.00020570953687032063,0.00018349215234041708,0.00025263811552253074,0.0002617286013026662,0.00016727511063372374,0.00015424021652766636,0.000202013567614506,0.00019953597344720339,0.00015767347491799427,0.00014921150654245854,0.00017478320415962803,0.0002637746294586308,0.0001993676859646357,0.0002693929163812357,0.00025637394769838386,0.00019204478332961815,0.00026096479492898313,0.00029943573055306826,0.0002180855806076255,0.0002086532103595773,0.00023274463341102836,0.00013228294210157533,0.00021037054913384574,0.00022191480727669615,0.0003030848645028614,0.00018794601069720883,0.00021328848958262253,0.00017054792701827815,0.00020837793068856185,0.00011141295727982531,0.0001963224408542641,0.00021084456031613715,0.00024979442172909377,0.00024224312717623344,0.00021061633808025414,0.00021592967566989716,0.00015700096669404404,0.00027528200028599173,0.00017677871028335445,0.00024764502332324075,0.00021301241549152272,0.00023983689198582808,0.00015103845677760818,0.00019520464706124726,0.0001566913541923152,0.00023904264775368984,0.0002689440027033567,0.00017924707375204587,0.0002636477659701314,0.00027725653371949127,0.00017943300198817598,0.00014947374229845793,0.000275113860889498,0.00019770956310919847,0.00018727789877857973,0.0001592009889413111,0.0002161140551725036,0.00017192975519606784,0.0001936952643266129,0.00032560031236328693,0.0001925893667815388,0.00021981573499754595
sorghum_n_markets,5.320248658736054e-07,5.389232088196599e-07,5.406980724777741e-07,5.330133114943346e-07,5.435048145537051e-07,5.326736583441927e-07,5.342461569832472e-07,5.354263625005511e-07,5.372332825516322e-07,5.29813794245631e-07,5.397522883724969e-07,5.415489889419103e-07,5.40263021430367e-07,5.421550716919435e-07,5.405605915262832e-07,5.373608332520686e-07,5.358728381571809e-07,5.460239167847742e-07,5.331731114081468e-07,5.437494554473993e-07,5.417932923998892e-07,5.486811748387651e-07,5.351394939373245e-07,5.375950136385842e-07,5.435048145537051e-07,5.382641968674048e-07,5.495000349099345e-07,5.349475412203412e-07,5.384985700743293e-07,5.426220345170108e-07,5.332580005931312e-07,5.328112839109902e-07,5.419955128036424e-07,5.334277789630999e-07,5.324714379404395e-07,5.4235714748039e-07,5.340018535252684e-07,5.368934847861837e-07,5.360958349599849e-07,5.350118950317859e-07,5.357238361862628e-07,5.32386500550353e-07,5.360006298831284e-07,5.401986194138201e-07,5.446955287832898e-07,5.37647894635704e-07,5.327262983158015e-07,5.377331212564038e-07,5.414959633294841e-07,5.404008398175733e-07,5.329603822921127e-07,5.369360016863291e-07,5.374882393371985e-07,5.458112840789445e-07,5.263697325134377e-07,5.399758636365273e-07,5.468420537794106e-07,5.373607850469665e-07,5.33215339077679e-07,5.337893654347453e-07,5.40230916832298e-07,5.361278431478494e-07,5.376478464306018e-07,5.360534144700437e-07,5.347354387706358e-07,5.383070994083679e-07,5.348201833403135e-07,5.439618953328202e-07,5.338744956452407e-07,5.391253328132086e-07,5.392950629780751e-07,5.437597713392714e-07,5.384663208609535e-07,5.373607368418643e-07,5.353096579481109e-07,5.360850852221929e-07,5.339487315026377e-07,5.334597389458622e-07,5.363297743209894e-07,5.37435647570692e-07,5.370636487969701e-07,5.311958827309727e-07,5.352242385070023e-07,5.428565041341396e-07,5.449929542638994e-07,5.309193300596182e-07,5.373606404316598e-07,5.288151773483363e-07,5.371589020789287e-07,5.318124259881845e-07,5.390828641181654e-07,5.431111234839905e-07,5.342783579915206e-07,5.329707945941891e-07,5.41910382593147e-07,5.391254774285153e-07,5.417508237048459e-07,5.458860019873635e-07,5.245946760349146e-07,5.378926801447049e-07
sorghum_price_etb,0.0016591350375395075,0.0016678283224364368,0.0016278151633395326,0.001615833079367182,0.0015937258117768613,0.0016612285272821815,0.0017437004914225753,0.001676880723534549,0.0016306576254926082,0.0015840058637239178,0.0016274419462782626,0.001635978001798455,0.001613382621298064,0.0016004852231352844,0.0016577303157463731,0.0015703434842362937,0.0015962720657245683,0.0017366683701589302,0.0015602255850359335,0.0017276454764161852,0.0017485502701904431,0.00158826923089422,0.0016677295614620112,0.0016502107419825581,0.0016603931804152889,0.0015776520498062235,0.0015613326603762699,0.0015223513242131096,0.0015975513764007274,0.0016184120823669692,0.001638707587655487,0.0016109645293878997,0.0016503798610031388,0.001620518211632057,0.0016960532037641537,0.0015650083133266317,0.0015914643509217054,0.001629151282137873,0.0016227395044288774,0.0016224340957977017,0.0015780349558520113,0.001702169995941993,0.0015157856302640514,0.0016823920831045688,0.001643549059768348,0.0015970484292381452,0.001639169841806171,0.0014904166531303654,0.0016257116505027775,0.0016805422179474192,0.0016176089877744763,0.0016080944139440978,0.0016126825617853837,0.0016675729919649182,0.0015717181823492112,0.0015740584104859865,0.0016134363280967895,0.0016852126884858432,0.001564366188609884,0.001662558883497989,0.0015496752765241772,0.0016251073330476895,0.0016581547864005124,0.0016221422223397387,0.001599415315519517,0.0015659911142022003,0.001584940067469287,0.0016974535808796313,0.001599220788264435,0.0015967607831748254,0.0016251833286082399,0.0015626871327852241,0.0016101608679034048,0.0017126888488891764,0.0016074919445521157,0.0015672291802072717,0.0016404452082926628,0.0014605484451176926,0.0016409984158301885,0.0016158165171545763,0.0016422581553794675,0.0016929408107299983,0.0016271354324005035,0.001699590828514602,0.0016605850760333287,0.0017192070522802586,0.0015385550824013263,0.0016508925869081392,0.0016431836111039139,0.0016261072549294086,0.0016279054638364701,0.001643874561635866,0.0016870552036423413,0.0016562753828439098,0.0016442903268823928,0.0015673327832395987,0.0015797670395065323,0.0015732668394195862,0.0017286019943033655,0.0015635042699578354
sorghum_price_etb_lag1,0.0018082862412344904,0.001717579354267899,0.0017320709716621208,0.0017519490854085787,0.0016666640785925754,0.0017089227012958277,0.0017558908478528508,0.00183549691425486,0.0017162902408913857,0.0015861885593220684,0.001711503076261029,0.001713317045054975,0.0017146083689728601,0.0017238010972445178,0.0017096987177326688,0.00169493706933537,0.00162826245139675,0.0017824801333406728,0.0016843704521698458,0.001850707936688764,0.0018880010184332513,0.0016587159148558172,0.0017596928066791924,0.001775048758668775,0.0017126435366715642,0.0017579544512034387,0.0016484454666085033,0.0016282684390007,0.0017388996251667878,0.0017514342932882824,0.0017257444157051096,0.0017604065529701317,0.0017765114899516475,0.0016916233352067308,0.0017477178514219713,0.0016974428953992408,0.0017535553353319935,0.0017768507228979136,0.0017117526529715483,0.0017995435013734653,0.0016246872217496606,0.0017830571863514913,0.0016444940594319971,0.0017593692994905988,0.0017955542805240207,0.0016502185885198645,0.0017421686198990445,0.0016628232879051263,0.0016460956000061572,0.0018558068876781387,0.0016912007542890081,0.0016989658012076072,0.0017501169415075123,0.0017888313535346378,0.0017420911772454285,0.001585698580488902,0.0017341528857207817,0.0018108894623812158,0.0016765776303872529,0.0017442413825564872,0.001736197249354567,0.0016890072993120452,0.0016911476237822794,0.0017234934363263518,0.0017009313137311003,0.0017783742836690035,0.001691152337180763,0.001715856299718252,0.0016423710066570628,0.0017208368570002,0.0018004855806756125,0.0016837064255854235,0.001857772957259793,0.001804892084991278,0.0017831630760892516,0.0016231936269572804,0.0016865522712064178,0.001528690079917387,0.0017044327756887453,0.0017439144759922912,0.0017567031823993347,0.0017563402306627846,0.001700105585589789,0.0018355217089830256,0.001826681315708003,0.0017904246647747746,0.0016407245415307227,0.001748138627878103,0.001778030918340351,0.00178660874845032,0.001760975542086838,0.0017669861820019304,0.001820938516163323,0.0017478716068980178,0.0016812328842620889,0.001685700065448618,0.0017008641517796317,0.001632534379503973,0.0018318713870184885,0.0017122110430012394
sorghum_price_etb_lag12,0.0036481011383173753,0.003627252115195089,0.003605281875717529,0.0035409703279997745,0.0035098244233623794,0.0036180685752497574,0.00370650576277179,0.003585875066340463,0.003451540906900081,0.0033280375402027404,0.0036110720606848568,0.003719656005131532,0.0033650552306331957,0.003608567741416071,0.0034281061867764894,0.0036037730166831247,0.0035717909731449054,0.003748034832008013,0.0033469870223762086,0.0035182538864590366,0.003906585849960398,0.0034797634054013907,0.003695829714191441,0.0035617169195219225,0.003522793102940047,0.0035210266302476635,0.003512856606625437,0.0034436824077867575,0.0034897258892794204,0.003564525345498484,0.0036112970105655817,0.004062920374560554,0.0034167724083067836,0.0037476217437836324,0.003539368607427763,0.003322072487949214,0.0036253357529794452,0.0033794746068971497,0.0035640740437398416,0.003691658866639957,0.0034617179966151836,0.003613392946620782,0.0034086739864223493,0.003573378065975063,0.0032402343650813183,0.0035109439349924184,0.003478108461961675,0.003374554566445126,0.003386654899172161,0.0035792435328505052,0.003610679734012355,0.0034834460309064535,0.0036059803506802946,0.0037905885508249266,0.00359444782045317,0.0034447836608666443,0.0034125359923680995,0.0037195503275926317,0.003505994158162587,0.0035785453708352634,0.0036545273946216386,0.003748006245225483,0.0034807795820676764,0.0036242997956387004,0.0033190194972430205,0.003464332180325227,0.0036556777910678405,0.00385351482215752,0.0035961437621394917,0.003605348048982351,0.003554766725046911,0.0034940581057243836,0.003731987193249953,0.0037093593933721753,0.003696983599915761,0.0032698989720479055,0.0036874342561308026,0.003520591165407659,0.0034330340061822662,0.0037381996740018237,0.003550970693568142,0.003623928600733263,0.003522925973169922,0.00363544351604476,0.0038348349362735176,0.0037945365918873506,0.0033281497402776103,0.0037868520310514954,0.003730717447912224,0.0034094047125266948,0.0035423600818676486,0.003362799380900142,0.003524418068397983,0.0035727429670314487,0.003449930341848737,0.0035707735468095505,0.003692937658147165,0.003638536636341618,0.0035959453634362413,0.0034663947960496813
sorghum_price_etb_lag3,0.002677408209953681,0.0027189580681222813,0.0029141995508231485,0.0027489851036072393,0.00266385924188694,0.002680380025485195,0.0026645388406957835,0.00276786965996752,0.0028114659784990313,0.002596040688721197,0.002730787112367943,0.0027478964070887855,0.002724418746052969,0.0026759415496657476,0.002746606178342617,0.0028818905959002226,0.0027106741210927814,0.002670126424439051,0.002782552012321433,0.0027266897140629976,0.0027309529464036287,0.0027097064540885373,0.002749092114402857,0.002756119363094771,0.0026695509428663593,0.0027704554666836377,0.0026093281606910266,0.0026258386010169117,0.0026423225043376223,0.002759230165312348,0.0026236377475208623,0.002830899807703575,0.0028012834609858306,0.002810726322206682,0.0028003751600111063,0.002613596980485055,0.0027015467155069176,0.002665132885667694,0.0027739326366441283,0.002751438816774089,0.002788955182430969,0.002771724380676174,0.002764751307770425,0.0028125998971879665,0.0027980159023317736,0.0028457882727340143,0.0027490575052604976,0.0027108818654638113,0.002763553148262804,0.002755443556292087,0.0026472680802856175,0.0027896415234946377,0.0027169824615467966,0.0028103310590721743,0.0028029424704295075,0.0027267237385738773,0.0027321240231279074,0.0027691026620748098,0.00265376684246257,0.002737457322836015,0.0026626328049771347,0.0027720015846948694,0.002778621072549273,0.0027328669713466867,0.0026510385876448196,0.002698359678077124,0.0027932264310872763,0.0027908670372767353,0.0026120942029099346,0.0026328850226133567,0.002671541336935407,0.0026777299563545062,0.002796685568675954,0.0027133109169485774,0.0028306095979483046,0.0027855671535382976,0.002741786595202566,0.002758099499118069,0.0026162588017304305,0.0025813515393996677,0.00278526080538968,0.002660726781984633,0.0027595797100530527,0.0026017259314220485,0.0027059495262030365,0.0026316150764531723,0.002708445841978703,0.002757486361647738,0.0028685391963484616,0.0025955497360967607,0.002678652603456878,0.002621390513582136,0.002727711602744664,0.0027391343096012776,0.0027197199255636823,0.002731849650002044,0.0027710269605374545,0.002792165802857274,0.0027160946308687236,0.0027168335394035276
sorghum_price_etb_lag6,0.0022435016899252035,0.0021499768957133187,0.0022541120470025216,0.0021889425716777457,0.0021102485807099635,0.0021824496405827764,0.002240020574473508,0.002237557040095545,0.0021252351456300567,0.0021138617320576253,0.002184123428843098,0.0022420235587511496,0.0021760067404064643,0.0021997902758311536,0.0022160205320025145,0.002199563644267233,0.0021615459623227887,0.0021971869703737044,0.002154989526018994,0.002168934407796302,0.0022392495545919206,0.0021507628013304673,0.0021997581523366845,0.002205126272036268,0.0021570672445947892,0.0022094444340908627,0.0020355755574114264,0.0021196566402572775,0.0021145905615804297,0.0021051075887012125,0.0021156128606803363,0.0021686221805534193,0.0022901742025924457,0.0022596388106575663,0.0021737108645308954,0.002108876638048893,0.002093085508666331,0.002199060323033058,0.002168303559867831,0.0022171770674648925,0.0021447070870417367,0.0022388231860547025,0.002129835855720977,0.0021649288784859094,0.0021795950677654633,0.0022274338713544374,0.0022034852551469893,0.002073658183004946,0.002088672058525694,0.0021803431660245417,0.002153060800737198,0.0021955593768700063,0.0021541753093524997,0.0022112674324717336,0.0022156031434009656,0.0020386980140801544,0.002150326558074472,0.0022311261154163635,0.0021078686639627994,0.002124636708112823,0.002137283964745901,0.0021673009848495943,0.00220254539863031,0.0021522403813755875,0.002104459346154431,0.0020984044238755296,0.002101432818217554,0.0022025393029023155,0.00198577381651193,0.002099300696134691,0.00222098249816731,0.002180504054505972,0.00221034906704295,0.0022148462837681513,0.0021689859880269437,0.002088556441383949,0.0021032635609409146,0.002071637256595443,0.00215615997424515,0.0020998107389919073,0.0021901936808265514,0.0021676749207935535,0.002197511793995434,0.0021681496514852003,0.0021987204791835313,0.002206795538465182,0.002036289706938046,0.002176335588093716,0.0021639209841310546,0.002127567953362629,0.002133503106787153,0.0020551654445605185,0.0022074145790359186,0.0022345739596101068,0.0021609529639800575,0.0021891747760407116,0.0021995160553226435,0.0022213072386834437,0.0022645191733935543,0.0020794985552682827
sorghum_price_index,0.0011936415667504875,0.0011674401118934895,0.0012111179767789679,0.0011498565479002383,0.001171977258833052,0.0011571006207316188,0.001119049500064697,0.0011620959216886919,0.0010995630811182608,0.001179756979818608,0.0011670896457604617,0.0011580642384108673,0.0012229293606033852,0.0011250643769190425,0.0011296744475731198,0.0011797358837233197,0.0011900647425750275,0.001149574841139356,0.0011529428313638607,0.001179465317547198,0.0011557196413492688,0.0011679121703835008,0.0011495073821480477,0.0011218921273684526,0.0011170978542209041,0.001170106852276725,0.00116995256451994,0.0011222558300440849,0.0011332915513535217,0.0012279993206586526,0.0011539810516449235,0.0011959265105765675,0.001170090169069313,0.001145444574378292,0.0011787928409457947,0.0011492221702977738,0.0012391524842514138,0.0011805803135160828,0.001199464735384128,0.0011800461065016425,0.0011585486780921494,0.0011528166344555145,0.0011392486058021307,0.0011464266355224648,0.001119124374157647,0.001243208674617559,0.00110458176926272,0.0012075527972208171,0.0011977666491492195,0.001117353698944453,0.0011774568747166027,0.0011119851373969027,0.0012023610566158473,0.0011079707528092353,0.0011270127637122852,0.001138332344622469,0.0011126085865170567,0.0011703236757413201,0.0011501674378371757,0.0011590728092761267,0.0011812461910318144,0.0011928945137708454,0.001184448417021621,0.001136541602589329,0.0011995672820980503,0.0012379115526458368,0.0011416801261112063,0.0011915612628386504,0.0011050363659365083,0.001158317747886445,0.0011841985657348396,0.00116800566938538,0.0011422259819850048,0.001145964911049444,0.0010901518565203463,0.0011021504398458493,0.0011611809329309078,0.0011202943116025402,0.0011521817105928317,0.0011710310244921202,0.0011066903888515927,0.0011270464575361637,0.0011491090593392927,0.0010806063224810252,0.0011133581220594622,0.0011161957767176949,0.001145638639828495,0.0011431165080031623,0.0011375302435371324,0.0011597694750049962,0.001131174972138173,0.0011622782245154953,0.0011656335560801608,0.0011815612545665007,0.0011068776003075435,0.0010711729397330102,0.0011202797690873067,0.0010937353050409512,0.001159177972177356,0.0011254528811197597
sorghum_price_index_lag1,0.0011226841405720506,0.00112556319965308,0.0011029506000973608,0.0011386424119875422,0.001077511587216833,0.001125794689423611,0.0010924705265641336,0.0011709291769450001,0.0011048336958755618,0.0010908822583971741,0.0010832401018543458,0.0011389258157608426,0.0010863030003480166,0.001084902753964776,0.001132598808363049,0.001118332911841957,0.001102220032780622,0.0010891271155427824,0.0010981522500514984,0.0011265953738574038,0.0011229121448244614,0.0010703667072775942,0.0010955286429188452,0.0010787886395803644,0.0011143844865848683,0.0011213982115281789,0.0011125892948351539,0.0010513078797354091,0.0011009639429842464,0.001129936365368265,0.0010904263581610122,0.0011631493419061723,0.0011261843800483037,0.0011475236556159167,0.0011298069073847547,0.0010947215272495464,0.0011094063839549295,0.0011310849225969974,0.001083819278540942,0.001117051360014186,0.0010996233633339529,0.0011283646815882582,0.0011042089155233054,0.0011000584826397846,0.0011010071511455574,0.001144778201988981,0.0011066147297867583,0.0011340425977402408,0.0010815380279969725,0.001158340592670021,0.0011120837450791035,0.0010824027826033887,0.0011177781268406667,0.0010794289216329777,0.001128156763630655,0.0010912954915260923,0.001122018191327127,0.0011475901991923343,0.0011209792472946594,0.0011060056903285764,0.0011202393115091274,0.0011539394843852915,0.0011167471071485407,0.001123560316124102,0.0010995008305918355,0.0011515536372536334,0.0011373714887099359,0.001136453540351697,0.0010746674784738763,0.0011726955214118118,0.0011233375317129782,0.0010921237286465632,0.001091789784715906,0.001138445076881667,0.001071521867351996,0.0011273354250459506,0.001130769247725205,0.0010919429302045894,0.0011286768624578327,0.0011015090286369217,0.001110537815260591,0.0011223798467320685,0.0010589119542474949,0.0011167162308164758,0.0011324727573233423,0.001104696604999758,0.00109105947799595,0.001099700466045188,0.0011572670320716086,0.0011170243987077017,0.001138280830432817,0.0011163319665437282,0.0011126519446926458,0.0011020816577208955,0.0010852422417714173,0.0011162243827822662,0.0010736960934100992,0.0011272684793425705,0.0011204923899346812,0.0010520776454166472
sorghum_price_index_lag12,0.0009388604965186282,0.0009330472403483593,0.0008758347167914991,0.0009256253765913317,0.0009638202872935212,0.0009447551202260374,0.0009006127511444222,0.0009704721864027513,0.0008861092530243007,0.0009113814994137479,0.0009280153628299881,0.0009280815771896601,0.0009496942397031555,0.0009395800547541253,0.0008970344787430767,0.0009006773251326712,0.0009477469187729277,0.0009658241283204445,0.0009295487428839872,0.0009072669132421753,0.0009639909112050852,0.0008790750069520581,0.0009713952554443824,0.0008637617166466456,0.0009342546996807074,0.0009004189566550988,0.0009595118247803617,0.0009215985546293466,0.0008834859805073643,0.0009306556074716166,0.000917280249260983,0.0009067072852429844,0.000928750453376082,0.0008994111673873666,0.0009512845903305302,0.0009140000646301463,0.0008979503139342503,0.0009027500360178342,0.0009629226341992076,0.00100430905675288,0.0009061364694180325,0.0009635619253236376,0.0009005280117085878,0.0009028885414964649,0.0009279899574395878,0.0009375266777062268,0.000944875842432721,0.0009805817721270827,0.000973696038141407,0.0009434859474926154,0.0009125566171717446,0.0009824390314166543,0.000877569115737079,0.0008559749635248821,0.0009766751498766783,0.0008928473516296033,0.0008805434405128809,0.000936567034658168,0.0008666897349987048,0.0008822308524268801,0.000939271527349247,0.0009539968388851184,0.0009272503373251676,0.0009362831791548548,0.0009057315711923113,0.0009110724780029823,0.0009347898234356789,0.0009669880926711234,0.0009557058368992701,0.0009440992948961662,0.0009053553285136988,0.0008767586570921476,0.0009242723771856854,0.0010126965595496043,0.0009732783231190087,0.0009428664428513597,0.0009412222041017675,0.0009305390079098891,0.0008496420876138437,0.0009199319378902854,0.000926158874484616,0.0009353561318666514,0.0008908299714766489,0.0009497460338198358,0.0008999891072515529,0.000949025968394356,0.0008697545319057106,0.0009371050317987692,0.0009460325985298517,0.0009465962879776214,0.0009133972829896146,0.0009149739486223191,0.0009480559196242172,0.00088425762809169,0.0009418774154432519,0.0009227662057062422,0.0008890353711312309,0.0009198294224132693,0.0009270161192904672,0.0009648065910169442
sorghum_price_index_lag3,0.0010328926359820054,0.0011164629225007897,0.001033551100782248,0.001032327794745626,0.0010343209701767634,0.0010621896627750517,0.0010563263016189863,0.0010599182320924526,0.0010600668174025698,0.0009969266511617501,0.0010707174831766089,0.0010375657244190172,0.0010645220514124657,0.0010408081542112428,0.0010593018375720836,0.001087874833732558,0.0010370515286199377,0.001032748721529369,0.001052325103271899,0.001027133757239844,0.0010082638001080995,0.0010495292984998128,0.0010562042128458603,0.0010636229408127844,0.0010119146813000273,0.0010911793195436212,0.0010780128117459855,0.0010362554199108566,0.0010513268700390128,0.001063725164552522,0.0010336682129570324,0.001058001583008246,0.001087325666650289,0.0010967997375655896,0.001067735417119341,0.0009983434545514454,0.0010473500214387926,0.0010588830742333276,0.0010139882252657667,0.0010598909744210002,0.0010819981836590446,0.0010333826148151719,0.0010271441177214355,0.0010671929659719114,0.0010654684327789591,0.0010571427664750374,0.001103831872182048,0.00103672523445336,0.0010849672024510414,0.0010707525093172046,0.0010505919534169277,0.0010712959016210498,0.001053032418953999,0.0010516467860921077,0.0010974304115700518,0.0010458872344308219,0.0010170544034899761,0.001090637883860772,0.001067504660162774,0.0010509752714235189,0.0010117315072624116,0.0010576133320771358,0.0011057056883093564,0.0010555602736167578,0.0010600069695871563,0.001084890019647029,0.0010359157955391607,0.0010439470752844236,0.0010270928782526612,0.0010338525180550635,0.0010610258342422484,0.0010291576420446745,0.001049037587223478,0.0010537257711364508,0.0010613442927899753,0.00109053958331738,0.0010864874298875192,0.001075821140044471,0.0010802062496342397,0.0009886425822456493,0.0010610230462519573,0.0010273104143573846,0.0010462073384838151,0.0010229942806047729,0.001012391810894483,0.0010042207902943327,0.0010449817764484103,0.0010282492009618205,0.0011502596959433139,0.0010221442951980832,0.0010488571350869586,0.001069846235415233,0.0010826155861963058,0.0010199798643203378,0.001044100963758347,0.001108890988017523,0.0010226195237279232,0.0010170919502512639,0.001082810358381512,0.001022445980925113
sorghum_price_index_lag6,0.0016574902456122649,0.0016164160416486594,0.001608942601420988,0.0015134787113708491,0.001583488074981648,0.0015348739802498008,0.0015493961413608822,0.0015607761519943705,0.00156480606884443,0.001556338342465846,0.0015899676355238287,0.001621041217853564,0.0016140809972957548,0.0016012176450951252,0.0015867982989111549,0.0015840479128417515,0.0015867265238278154,0.0015472922778802134,0.0015901323523580659,0.0015911733307422565,0.001611511263896096,0.0015439595722479603,0.0015744067929052664,0.0015597341458774008,0.0015965183402409711,0.0016077626064635705,0.0015804063224119922,0.001551162864141336,0.0015189501308444618,0.0016228591552771643,0.0014779635317484785,0.0015844523648328415,0.0016355555439001531,0.0016035091421156195,0.001629428279742321,0.0015623766065075778,0.0015675744708959114,0.001586187222498174,0.001519746316392476,0.0015766763546760532,0.0015785209001591487,0.0016301581693917329,0.0015270513515171305,0.0015644560751214038,0.0016195104447796972,0.001559883991244787,0.0016018518564863975,0.0015861424665674414,0.0015809991410461026,0.001672506748889544,0.001611287508152163,0.001570107611995306,0.001574785382280562,0.0015800226772855774,0.001622976869822906,0.0015759188265348813,0.001645139835420109,0.0015960292589868078,0.0016142518203666985,0.0015513569868592,0.0016065969164666429,0.0016229440128396016,0.0015777618398670084,0.0015949210765198892,0.0015824273583434877,0.0016551156846447762,0.0016324354613327092,0.0016566532388267803,0.0015696160456717138,0.0015973838921597779,0.0015519275786991444,0.0016017083016920286,0.0015437111200660653,0.0016469999584783925,0.0016668790411474047,0.0015541910172650285,0.001597784067779841,0.0015357158225854978,0.0015237153447994782,0.00160526656709596,0.0016549225642073968,0.001533762773973231,0.0015595557661746353,0.0015314795261954668,0.0015537949506478773,0.0015353606026581109,0.001613310623844588,0.0015600717377773723,0.0015740366043295426,0.0016270826545623025,0.0015962492824989076,0.0015347655048867685,0.001532055443735103,0.0014844907374423977,0.0015802369732602537,0.0016109557706654443,0.001598940052739952,0.001515739623603737,0.0015130576748963963,0.001561013767283649
sorghum_yield,0.003348838151519343,0.003353899325712682,0.0034069398732366153,0.0034456531630971663,0.0033848686432986527,0.0033302948788949916,0.0034624691805792644,0.0034196135231272526,0.0033935349775906305,0.0034062753352442636,0.0033694657861538554,0.0033948715051200324,0.0033662176862605856,0.0033726341914439547,0.003380712479406941,0.0033621181415752596,0.003444689554480477,0.0033707488567315765,0.003426142167839883,0.0033977825568668836,0.0033766417203019866,0.003396065468373506,0.003385186701334288,0.003387216700715308,0.003449695364921113,0.003356710426686775,0.003378004483940315,0.0032933488175828263,0.003388529220368428,0.003345057589250692,0.0033703860738092946,0.0033351933732088924,0.0034196939450490053,0.003337731950879714,0.0034370552856421125,0.00333439967408005,0.0033444767008009163,0.003357820369796847,0.003422599769820214,0.0033902667971871655,0.0034433048561709023,0.003367249115985311,0.0032811492087616435,0.0033807250923683432,0.0034139226936960813,0.0034118504221040146,0.0033776676081753417,0.0033702355261899792,0.003329870669367891,0.003453051318524417,0.0033486831913977924,0.0033472235322260834,0.003305515009084597,0.003417124361663625,0.003357022875383897,0.003388098100157875,0.003360358894634876,0.003357631623490442,0.0034380802074852196,0.0034264365137857433,0.0033686039502699677,0.003481660385309539,0.0034101702502348286,0.0034542611782780344,0.0034040920247418293,0.003410365048016944,0.0033429211312152956,0.003357133118910079,0.003300251659029019,0.0032439970625390917,0.0033507968489983066,0.003414400311198479,0.003327459457868375,0.003364338496734637,0.0033536636353495453,0.003376406454336569,0.0034043712784414706,0.00332225641432386,0.0034405655337509163,0.003414703914644987,0.0034422669345686523,0.003299864735184372,0.0033075212288886987,0.0033215561650276923,0.003345377420077166,0.0034390672158226216,0.003326356745909275,0.0032871644870680807,0.003427134462927254,0.003353332799491058,0.0034051791870847005,0.003348042223579395,0.003379163302203513,0.0033890953083092626,0.0033706603278685554,0.003453000607913819,0.003375698707025984,0.003394802505686478,0.0034286680191709016,0.003314154405787001
sorghum_yield_anomaly,0.001070677906016416,0.001127720415576768,0.0010790828431765577,0.0011523043882394862,0.001118926681177093,0.0011693020066338945,0.0010922283997111346,0.0011471641843359508,0.0011249781822916852,0.001144234273499784,0.0011198652884585486,0.0010520169727878325,0.0011001830240162031,0.001096388266284952,0.0011655368079579826,0.0011194464351449694,0.0011138751988123724,0.0011216617119932397,0.0011306348842940839,0.0011109276979344108,0.00107429342124588,0.0011500966108517864,0.0010965001206810338,0.0010757048839440965,0.0011051798718026984,0.001119789406686142,0.0011043831734006018,0.0010756740361976575,0.001081735457054592,0.0010841648426007163,0.0011020225860799353,0.0011019086171670453,0.0011318244519171075,0.0011291074629209735,0.0011325223537212079,0.0010731810583360878,0.0010868035481016365,0.0011080543340451815,0.001095864932220545,0.001106795167365337,0.0011007456937091383,0.00111076406171395,0.0011366596094026051,0.0010972391949931842,0.0011335752532271742,0.0011709071838973749,0.001138025162959429,0.0010650385734210597,0.0011075210967245771,0.0010797688237142674,0.0011173343819066667,0.001120841273108563,0.0011029550356898403,0.001091284934415889,0.001111297403687831,0.0011014842527569512,0.0011361529407579274,0.0010950349466528119,0.0011376268692183506,0.0011517878887426748,0.0010287236581377176,0.0011005979376472919,0.0011697558099481105,0.001103520402337731,0.001114585498920555,0.0011213044781048878,0.0011235579126177059,0.0010962738452564085,0.001218691391713231,0.0011266988754661958,0.0011489640034862464,0.0011215509736416842,0.0010880199700158174,0.0010881544179022775,0.0011321246945038901,0.0011591480799524527,0.0010689988225220277,0.0011064969713743737,0.001127464960880701,0.0010876508642713044,0.0011452581624521664,0.0011086458912963823,0.0011479515464702624,0.0010982949461201764,0.0011061701128224593,0.0011330023278264371,0.0010899938458835178,0.0010584786110586538,0.0010925008804010957,0.001045441087653502,0.0011116243343545784,0.0010891429285034846,0.0010882479094323659,0.0011044726066877506,0.0010942704275184877,0.0011015351907028112,0.0010899338973435432,0.0011460780194530544,0.0011511319320297976,0.0011242101138156857
teff_n_markets,0.0,0.0,0.0,0.0,0.0,0.0,0.0,0.0,0.0,0.0,0.0,0.0,0.0,0.0,0.0,0.0,0.0,0.0,0.0,0.0,0.0,0.0,0.0,0.0,0.0,0.0,0.0,0.0,0.0,0.0,0.0,0.0,0.0,0.0,0.0,0.0,0.0,0.0,0.0,0.0,0.0,0.0,0.0,0.0,0.0,0.0,0.0,0.0,0.0,0.0,0.0,0.0,0.0,0.0,0.0,0.0,0.0,0.0,0.0,0.0,0.0,0.0,0.0,0.0,0.0,0.0,0.0,0.0,0.0,0.0,0.0,0.0,0.0,0.0,0.0,0.0,0.0,0.0,0.0,0.0,0.0,0.0,0.0,0.0,0.0,0.0,0.0,0.0,0.0,0.0,0.0,0.0,0.0,0.0,0.0,0.0,0.0,0.0,0.0,0.0
teff_price_etb,0.0,0.0,0.0,0.0,0.0,0.0,0.0,0.0,0.0,0.0,0.0,0.0,0.0,0.0,0.0,0.0,0.0,0.0,0.0,0.0,0.0,0.0,0.0,0.0,0.0,0.0,0.0,0.0,0.0,0.0,0.0,0.0,0.0,0.0,0.0,0.0,0.0,0.0,0.0,0.0,0.0,0.0,0.0,0.0,0.0,0.0,0.0,0.0,0.0,0.0,0.0,0.0,0.0,0.0,0.0,0.0,0.0,0.0,0.0,0.0,0.0,0.0,0.0,0.0,0.0,0.0,0.0,0.0,0.0,0.0,0.0,0.0,0.0,0.0,0.0,0.0,0.0,0.0,0.0,0.0,0.0,0.0,0.0,0.0,0.0,0.0,0.0,0.0,0.0,0.0,0.0,0.0,0.0,0.0,0.0,0.0,0.0,0.0,0.0,0.0
teff_price_etb_lag1,0.0,0.0,0.0,0.0,0.0,0.0,0.0,0.0,0.0,0.0,0.0,0.0,0.0,0.0,0.0,0.0,0.0,0.0,0.0,0.0,0.0,0.0,0.0,0.0,0.0,0.0,0.0,0.0,0.0,0.0,0.0,0.0,0.0,0.0,0.0,0.0,0.0,0.0,0.0,0.0,0.0,0.0,0.0,0.0,0.0,0.0,0.0,0.0,0.0,0.0,0.0,0.0,0.0,0.0,0.0,0.0,0.0,0.0,0.0,0.0,0.0,0.0,0.0,0.0,0.0,0.0,0.0,0.0,0.0,0.0,0.0,0.0,0.0,0.0,0.0,0.0,0.0,0.0,0.0,0.0,0.0,0.0,0.0,0.0,0.0,0.0,0.0,0.0,0.0,0.0,0.0,0.0,0.0,0.0,0.0,0.0,0.0,0.0,0.0,0.0
teff_price_etb_lag12,0.0,0.0,0.0,0.0,0.0,0.0,0.0,0.0,0.0,0.0,0.0,0.0,0.0,0.0,0.0,0.0,0.0,0.0,0.0,0.0,0.0,0.0,0.0,0.0,0.0,0.0,0.0,0.0,0.0,0.0,0.0,0.0,0.0,0.0,0.0,0.0,0.0,0.0,0.0,0.0,0.0,0.0,0.0,0.0,0.0,0.0,0.0,0.0,0.0,0.0,0.0,0.0,0.0,0.0,0.0,0.0,0.0,0.0,0.0,0.0,0.0,0.0,0.0,0.0,0.0,0.0,0.0,0.0,0.0,0.0,0.0,0.0,0.0,0.0,0.0,0.0,0.0,0.0,0.0,0.0,0.0,0.0,0.0,0.0,0.0,0.0,0.0,0.0,0.0,0.0,0.0,0.0,0.0,0.0,0.0,0.0,0.0,0.0,0.0,0.0
teff_price_etb_lag3,0.0,0.0,0.0,0.0,0.0,0.0,0.0,0.0,0.0,0.0,0.0,0.0,0.0,0.0,0.0,0.0,0.0,0.0,0.0,0.0,0.0,0.0,0.0,0.0,0.0,0.0,0.0,0.0,0.0,0.0,0.0,0.0,0.0,0.0,0.0,0.0,0.0,0.0,0.0,0.0,0.0,0.0,0.0,0.0,0.0,0.0,0.0,0.0,0.0,0.0,0.0,0.0,0.0,0.0,0.0,0.0,0.0,0.0,0.0,0.0,0.0,0.0,0.0,0.0,0.0,0.0,0.0,0.0,0.0,0.0,0.0,0.0,0.0,0.0,0.0,0.0,0.0,0.0,0.0,0.0,0.0,0.0,0.0,0.0,0.0,0.0,0.0,0.0,0.0,0.0,0.0,0.0,0.0,0.0,0.0,0.0,0.0,0.0,0.0,0.0
teff_price_etb_lag6,0.0,0.0,0.0,0.0,0.0,0.0,0.0,0.0,0.0,0.0,0.0,0.0,0.0,0.0,0.0,0.0,0.0,0.0,0.0,0.0,0.0,0.0,0.0,0.0,0.0,0.0,0.0,0.0,0.0,0.0,0.0,0.0,0.0,0.0,0.0,0.0,0.0,0.0,0.0,0.0,0.0,0.0,0.0,0.0,0.0,0.0,0.0,0.0,0.0,0.0,0.0,0.0,0.0,0.0,0.0,0.0,0.0,0.0,0.0,0.0,0.0,0.0,0.0,0.0,0.0,0.0,0.0,0.0,0.0,0.0,0.0,0.0,0.0,0.0,0.0,0.0,0.0,0.0,0.0,0.0,0.0,0.0,0.0,0.0,0.0,0.0,0.0,0.0,0.0,0.0,0.0,0.0,0.0,0.0,0.0,0.0,0.0,0.0,0.0,0.0
teff_price_index,0.0,0.0,0.0,0.0,0.0,0.0,0.0,0.0,0.0,0.0,0.0,0.0,0.0,0.0,0.0,0.0,0.0,0.0,0.0,0.0,0.0,0.0,0.0,0.0,0.0,0.0,0.0,0.0,0.0,0.0,0.0,0.0,0.0,0.0,0.0,0.0,0.0,0.0,0.0,0.0,0.0,0.0,0.0,0.0,0.0,0.0,0.0,0.0,0.0,0.0,0.0,0.0,0.0,0.0,0.0,0.0,0.0,0.0,0.0,0.0,0.0,0.0,0.0,0.0,0.0,0.0,0.0,0.0,0.0,0.0,0.0,0.0,0.0,0.0,0.0,0.0,0.0,0.0,0.0,0.0,0.0,0.0,0.0,0.0,0.0,0.0,0.0,0.0,0.0,0.0,0.0,0.0,0.0,0.0,0.0,0.0,0.0,0.0,0.0,0.0
teff_price_index_lag1,0.0,0.0,0.0,0.0,0.0,0.0,0.0,0.0,0.0,0.0,0.0,0.0,0.0,0.0,0.0,0.0,0.0,0.0,0.0,0.0,0.0,0.0,0.0,0.0,0.0,0.0,0.0,0.0,0.0,0.0,0.0,0.0,0.0,0.0,0.0,0.0,0.0,0.0,0.0,0.0,0.0,0.0,0.0,0.0,0.0,0.0,0.0,0.0,0.0,0.0,0.0,0.0,0.0,0.0,0.0,0.0,0.0,0.0,0.0,0.0,0.0,0.0,0.0,0.0,0.0,0.0,0.0,0.0,0.0,0.0,0.0,0.0,0.0,0.0,0.0,0.0,0.0,0.0,0.0,0.0,0.0,0.0,0.0,0.0,0.0,0.0,0.0,0.0,0.0,0.0,0.0,0.0,0.0,0.0,0.0,0.0,0.0,0.0,0.0,0.0
teff_price_index_lag12,0.0,0.0,0.0,0.0,0.0,0.0,0.0,0.0,0.0,0.0,0.0,0.0,0.0,0.0,0.0,0.0,0.0,0.0,0.0,0.0,0.0,0.0,0.0,0.0,0.0,0.0,0.0,0.0,0.0,0.0,0.0,0.0,0.0,0.0,0.0,0.0,0.0,0.0,0.0,0.0,0.0,0.0,0.0,0.0,0.0,0.0,0.0,0.0,0.0,0.0,0.0,0.0,0.0,0.0,0.0,0.0,0.0,0.0,0.0,0.0,0.0,0.0,0.0,0.0,0.0,0.0,0.0,0.0,0.0,0.0,0.0,0.0,0.0,0.0,0.0,0.0,0.0,0.0,0.0,0.0,0.0,0.0,0.0,0.0,0.0,0.0,0.0,0.0,0.0,0.0,0.0,0.0,0.0,0.0,0.0,0.0,0.0,0.0,0.0,0.0
teff_price_index_lag3,0.0,0.0,0.0,0.0,0.0,0.0,0.0,0.0,0.0,0.0,0.0,0.0,0.0,0.0,0.0,0.0,0.0,0.0,0.0,0.0,0.0,0.0,0.0,0.0,0.0,0.0,0.0,0.0,0.0,0.0,0.0,0.0,0.0,0.0,0.0,0.0,0.0,0.0,0.0,0.0,0.0,0.0,0.0,0.0,0.0,0.0,0.0,0.0,0.0,0.0,0.0,0.0,0.0,0.0,0.0,0.0,0.0,0.0,0.0,0.0,0.0,0.0,0.0,0.0,0.0,0.0,0.0,0.0,0.0,0.0,0.0,0.0,0.0,0.0,0.0,0.0,0.0,0.0,0.0,0.0,0.0,0.0,0.0,0.0,0.0,0.0,0.0,0.0,0.0,0.0,0.0,0.0,0.0,0.0,0.0,0.0,0.0,0.0,0.0,0.0
teff_price_index_lag6,0.0,0.0,0.0,0.0,0.0,0.0,0.0,0.0,0.0,0.0,0.0,0.0,0.0,0.0,0.0,0.0,0.0,0.0,0.0,0.0,0.0,0.0,0.0,0.0,0.0,0.0,0.0,0.0,0.0,0.0,0.0,0.0,0.0,0.0,0.0,0.0,0.0,0.0,0.0,0.0,0.0,0.0,0.0,0.0,0.0,0.0,0.0,0.0,0.0,0.0,0.0,0.0,0.0,0.0,0.0,0.0,0.0,0.0,0.0,0.0,0.0,0.0,0.0,0.0,0.0,0.0,0.0,0.0,0.0,0.0,0.0,0.0,0.0,0.0,0.0,0.0,0.0,0.0,0.0,0.0,0.0,0.0,0.0,0.0,0.0,0.0,0.0,0.0,0.0,0.0,0.0,0.0,0.0,0.0,0.0,0.0,0.0,0.0,0.0,0.0
teff_yield,0.0026063908382480882,0.0026213199653668524,0.0026943106965670906,0.002766061962705576,0.0028069780841585455,0.0026290333282210196,0.002681199943224512,0.002716832187395026,0.002673518021714413,0.002729823338648779,0.002600554638690707,0.002638597278826818,0.0026685335719186668,0.0027189693008751975,0.002761584292546755,0.002540986370353132,0.0027097747489322156,0.0026209116737911666,0.0027119903490680037,0.0026677091445438334,0.0028266987245140394,0.002677919592213765,0.0026147226074143596,0.002624668509146974,0.0027447876612044578,0.0026645807706023998,0.0027149376789865703,0.0026055071695262324,0.002712254527441417,0.0026850418912682597,0.0026965379447909553,0.002728751712954964,0.002774327517801406,0.0026371175028464715,0.0026974128820985463,0.002654588767124907,0.00254689979450835,0.002674044256159307,0.0026263597926537564,0.0026337565136417807,0.0026995517045701033,0.0027386463006937155,0.0025939245044020454,0.0027303586961261884,0.0026975959933731187,0.0027596578889913996,0.0027263798961593283,0.002713662187263223,0.0026792832981172264,0.002791377830446368,0.002626968745005319,0.0028013426513559575,0.0026682166918229086,0.002770031334911367,0.002695001365460733,0.002601806875887109,0.0027378745392971434,0.002686429138036973,0.002643323396491639,0.0026733582904205637,0.002672104921970925,0.00268975484385454,0.0026550257620430603,0.0026738176943722717,0.002661878045447803,0.0026451055177894285,0.0026657633622963655,0.002620967071673083,0.0027104325159153985,0.002598653702180077,0.0026554099554784104,0.002761236258553954,0.0027445102717889394,0.0026665698994321296,0.002633520108011337,0.0027289088661676393,0.0027390700711928478,0.002643237462726192,0.0026690585354119385,0.0026305373400395764,0.0026587149914784076,0.002600480213869309,0.002632350021082422,0.0025784992349939515,0.0026431892586362936,0.0026242181850360093,0.002482321365388384,0.0026359814279915197,0.0026269009955782697,0.002652143489272482,0.002667642931606212,0.002663621544721295,0.0026634690194153546,0.002599192459394627,0.0027895413738999353,0.0026359960291723627,0.002833862689528113,0.002672912557917892,0.0026585179784067176,0.002691913696341448
teff_yield_anomaly,0.0017890362006344103,0.0018314247921024358,0.001857144196805068,0.0018901633198024014,0.0019364561005370156,0.0018158566604867794,0.0018129784757016886,0.001835563315144175,0.0017423505064265853,0.0018727158354383201,0.0017735336894192588,0.0018447845256897018,0.0018487913969819343,0.0018295596725853088,0.0018652096713216316,0.0018156814306500074,0.0018393078896045438,0.0018689302007877894,0.001868400936146068,0.0019179627556724023,0.0018787241287290372,0.0018612309419752462,0.0018059248260876037,0.0018409000815704124,0.0018079926025538896,0.0018865085686084586,0.0018311144417734126,0.0017436037342378379,0.0018717682203586458,0.0018933069211571607,0.0018253485397406802,0.0018342671391417275,0.0018696148209293097,0.001848411065859886,0.0018691012298391349,0.0017516800842111001,0.0017882395326979381,0.001812210245449366,0.0018390343556330996,0.0018080611497271752,0.001874934596165737,0.001820980177181879,0.0018027660950794661,0.0018001788285200331,0.0018968300708795186,0.0017865164176508878,0.0018362087953457799,0.0018091127304379552,0.0018373817848967191,0.0018925677866850426,0.001814845254100998,0.0018152827757563033,0.0018146630094095478,0.0018735818554286693,0.0019158461369288696,0.0018605294399248826,0.0018246000638428312,0.0017602174565982745,0.001799584889695758,0.001796247332316378,0.001855858125170504,0.001876960533254589,0.001813807826601046,0.001848438801051081,0.0017896246516934402,0.0017645027417126527,0.001836884052754914,0.0018398191207175299,0.0018341128270895708,0.0017688702527765285,0.0018664573810466298,0.0018636533816481938,0.0018505503368076114,0.0017622925536359968,0.0017553616830438962,0.0018056270428769305,0.0018380058736985792,0.0018277792973004235,0.001796519473401394,0.0018632811289299935,0.0017712144646793604,0.00177816072002624,0.001778958157171528,0.0018123533310634749,0.0018310772224693842,0.0017982558285100211,0.001824093949074778,0.0018039990781457405,0.0017420229873201553,0.0017873107050265923,0.0018288261616722088,0.0018305897257651356,0.0017944742946193301,0.0018497839923870922,0.0018417512431092883,0.0018298088119791409,0.0018160260913943713,0.0018386846652647816,0.0018514049133405428,0.0018180124107825399
total_asylum_seekers_hosted,0.0049379885173547345,0.004969816390756618,0.004996470345365458,0.004937919081568595,0.004964203768126342,0.0048740028949381155,0.004906492574259978,0.004814249693606951,0.0048946307582576325,0.004938694825068147,0.004995881712862423,0.005005404636973427,0.004996574960463906,0.005064229084483462,0.004787318142782704,0.005066383595715275,0.005041791572318438,0.00478245431314344,0.005129781861328684,0.004937488731868395,0.005010382663728535,0.005015616252725293,0.0051255133550606406,0.00488964556012588,0.004916189942994843,0.00497668663668398,0.004933790782732623,0.004916201086857551,0.004823870457492877,0.004822749529211294,0.004920095332182836,0.0048035441174732975,0.005078000365129786,0.0048078166691135175,0.004834827397396599,0.004979536317936752,0.004966776446279285,0.005109267508298714,0.004845515427258691,0.004854276544929291,0.004786164331294241,0.004958508036429097,0.005004812966392031,0.004930916382289081,0.004938390365113383,0.005082867326943771,0.004854759790666602,0.004924267575175619,0.004947928335000886,0.004970728467926229,0.005059742873947196,0.004821285742718734,0.0049387756723517215,0.004936170771980261,0.004702747738910511,0.004865281604322958,0.005007361298268873,0.004864045831434598,0.004776333802327606,0.0048786153099027235,0.004752459086662864,0.004966351197450181,0.004899644320271524,0.0050116370900632435,0.005130411280361515,0.0048751528800983854,0.0049657124389680275,0.004895872543286339,0.004899997273787825,0.004929881392135507,0.005040822746174306,0.004874615528183077,0.0051756209934874595,0.004778663047028254,0.004884639737151918,0.004831215790926053,0.004933034322430876,0.004913241879370519,0.0048592730620046825,0.005037306636325074,0.005042272881367562,0.004974390687825887,0.004972478094477955,0.005019452361926036,0.005043577114370792,0.004928607910131075,0.00494671662224314,0.004950819458372844,0.004983496450381372,0.0048446110721608125,0.004875020927693656,0.00492274542271659,0.004935324092166148,0.004975261578556173,0.004912326847806603,0.0049448271056417355,0.004948255062627743,0.004887393719321946,0.00490470853504989,0.004947534159566305
total_asylum_seekers_hosted_yoy_change,0.0009641648146784701,0.0009528741221219363,0.0009598712953613535,0.0009530305704314023,0.0009390993088129021,0.0009893918979727888,0.0009588785018332256,0.0009624404441295327,0.0009537179651621953,0.0009716356842244511,0.0009609037086629842,0.0009725595834061473,0.0009833074028277866,0.0009718166018294374,0.0009540011406361316,0.0009757225446048237,0.0009414976950557459,0.0009708758019389079,0.000966649428087115,0.0009550887374997941,0.0009449855918083996,0.0009580172874095154,0.0009645258116981257,0.0009645930072967557,0.0009509662019694321,0.0009194982496493228,0.0009527422094382115,0.0009275191714196595,0.0009484597317889858,0.000991214558821534,0.0009485663044002239,0.0009630546800977324,0.0009952946976752755,0.0009961074085107872,0.0009467330281131015,0.0009285927804159945,0.0009612079081173763,0.0009492528512996793,0.0009687483025325258,0.0009904602247504345,0.0009690422636088501,0.0009584746946335826,0.0009551193242156049,0.0009705553398184154,0.0009838262299079578,0.0009525879263091162,0.0009802632654706638,0.0009405007844262488,0.0009896185235592767,0.001002055940682967,0.0009693166605480339,0.0009734060800408725,0.0010076958788308174,0.0009784729208403863,0.0009605769575120376,0.0009615006919286945,0.0009453127361201599,0.0009857842683267642,0.0009592671082287595,0.0009812200204787416,0.0009718855342578999,0.0009584766876253282,0.000984995825867907,0.0009642361520594815,0.0009752145754346937,0.0009693075720544743,0.000935668140210165,0.0009520383087019619,0.0009418277126808282,0.0009383561211111753,0.0009704383103635864,0.0009747031056100414,0.0010013150423379541,0.0009347908599899916,0.0010122195482022644,0.0009595553922866072,0.000963906809787881,0.0009822349524892882,0.000989237848542029,0.0009899454411142362,0.0009728653666873772,0.0009570131078362465,0.000966950067112658,0.0009762677748728057,0.0009619534586403928,0.0009207833818628551,0.0009674133472607373,0.0009705833411981847,0.0009466881105988662,0.0009468260336875545,0.0009832583132583655,0.0009657654101433962,0.000948256625375454,0.0009636381964968599,0.0009678316665099892,0.0009979670643652202,0.0009748630144673845,0.0009721109180809548,0.0009709339756634295,0.0010036052578740115
total_refugees_hosted,0.0,0.0,0.0,0.0,0.0,0.0,0.0,0.0,0.0,0.0,0.0,0.0,0.0,0.0,0.0,0.0,0.0,0.0,0.0,0.0,0.0,0.0,0.0,0.0,0.0,0.0,0.0,0.0,0.0,0.0,0.0,0.0,0.0,0.0,0.0,0.0,0.0,0.0,0.0,0.0,0.0,0.0,0.0,0.0,0.0,0.0,0.0,0.0,0.0,0.0,0.0,0.0,0.0,0.0,0.0,0.0,0.0,0.0,0.0,0.0,0.0,0.0,0.0,0.0,0.0,0.0,0.0,0.0,0.0,0.0,0.0,0.0,0.0,0.0,0.0,0.0,0.0,0.0,0.0,0.0,0.0,0.0,0.0,0.0,0.0,0.0,0.0,0.0,0.0,0.0,0.0,0.0,0.0,0.0,0.0,0.0,0.0,0.0,0.0,0.0
total_refugees_hosted_yoy_change,0.0017759039674116218,0.0017533855042256431,0.0017883607543094805,0.0017428528825997318,0.001783483758892702,0.0017798434059843266,0.0017274232002796595,0.0017688682557355543,0.001746776717759314,0.0017695878078972083,0.0017538501107853145,0.0017912321791484736,0.0017571670745593914,0.0017733694530452755,0.0017870634046092044,0.0017669707802789552,0.0017754299489021548,0.0017811830377294903,0.001767173557548049,0.0017779538774280567,0.0017648909642027524,0.0017634537456630427,0.001787358708679676,0.0017898969930706557,0.0017696811545709645,0.0017397182301365564,0.0017744955018656348,0.001740332603778528,0.0017984690653703968,0.001768242194862963,0.0017454739312947906,0.0017577823525290804,0.0017454496714022342,0.0017794995408651744,0.001772239037228297,0.001746229749504577,0.0017497825619473468,0.0017828222942648467,0.0017667538796861967,0.0017708491931204718,0.0017523188055271195,0.0017808683016038583,0.0017643396262519108,0.0017694339167720042,0.0017506663238255626,0.001801135746557767,0.0017834749470000187,0.0017495473156496112,0.00176362761722465,0.0017885615856350085,0.0017550267375558307,0.0017751689055475635,0.0017768818680698334,0.0017717347023372325,0.0017734224397079792,0.0017477600474689564,0.001742324006298314,0.0017886005989883257,0.0017573285034200173,0.0017696619280623599,0.0017814799591775513,0.0017778782659898633,0.0017584888896987798,0.0017828736531376591,0.001775194601566525,0.0018036179259943912,0.0017707034629262505,0.0017909139201939723,0.00177431630190485,0.0017726671004640883,0.0017520014154213802,0.0017701686689664859,0.0018084887712114099,0.0017650732662582744,0.0017975192648160038,0.001737837130531638,0.0017553621609974846,0.0017489993782794993,0.0017671129317263885,0.001784067585925508,0.0017641396946264103,0.0017568547247791388,0.0017739641948701433,0.0017579115236922328,0.0017415676474201013,0.0017593957271666014,0.0017554317147897144,0.0017851127315443743,0.0017438521041818287,0.0017831392131175067,0.001781705900347998,0.001733887547291584,0.0017770343384942652,0.0017851090347914963,0.0017743652547646013,0.001762733994125086,0.0017789498021668036,0.001737460292736936,0.0017497303056883515,0.0017914310926822154
wheat_n_markets,3.1226364737588674e-06,3.478733926826382e-06,3.6982738453408945e-06,2.9595240981435676e-06,3.7544790663087345e-06,3.7917824882404653e-06,3.767887797538291e-06,3.2855436884591793e-06,3.3767851489918077e-06,3.6678710802001244e-06,3.46790320446279e-06,3.338317091790786e-06,3.5196789549991457e-06,3.719730900434727e-06,3.4947299223015273e-06,3.18994429386674e-06,3.78763993457731e-06,3.8021828354515646e-06,3.917619015242496e-06,3.193550613972958e-06,3.844155982044173e-06,3.282516408040657e-06,3.6709909144148818e-06,3.7373087945438567e-06,3.4570825087604564e-06,3.2062327979020695e-06,3.7431508672903783e-06,3.4741509713494755e-06,3.920511321374842e-06,3.109156398978046e-06,3.6295800321344016e-06,3.4772295419967446e-06,3.5677591095799984e-06,3.4963985901194823e-06,3.619606203667619e-06,3.6368428056531317e-06,3.2885860088695897e-06,4.335414949904811e-06,3.608066673481193e-06,3.962241899893151e-06,3.297685975243586e-06,3.6994770446919506e-06,3.970500012362225e-06,3.4618015954459925e-06,3.6570519270610612e-06,3.6050814279117938e-06,4.387189157877897e-06,3.4726357885769436e-06,3.420545740774206e-06,3.3789431950073557e-06,2.951178638029296e-06,3.510652260380502e-06,4.2874601285896936e-06,3.4425318950698487e-06,3.763336850249249e-06,3.3992784209626553e-06,3.231854388185663e-06,3.84114181341345e-06,3.455491354746848e-06,3.4395404792473678e-06,3.2699846240304273e-06,3.1818940417983763e-06,3.669857130411002e-06,3.2557425229939367e-06,3.5552111286554277e-06,3.7852821266182216e-06,3.455111112900649e-06,3.5989697922337378e-06,3.981195760439641e-06,3.911380889376251e-06,3.339613616219712e-06,3.2781081478541434e-06,3.3182699395262675e-06,3.4710087699672945e-06,3.59611373633825e-06,4.290755043735662e-06,3.3113638837638604e-06,3.937303665138426e-06,3.3392491856470363e-06,3.4186140659186164e-06,4.003975563538e-06,3.7047934890040205e-06,3.8145244985386945e-06,3.4838876307134055e-06,3.412849121335624e-06,3.642954826972006e-06,3.6204553847480756e-06,3.84420225894229e-06,3.683978525871569e-06,3.946908435342722e-06,3.5692515395442893e-06,3.4383877988434233e-06,3.873426120103516e-06,3.1534470540642987e-06,3.3458451861920563e-06,3.64603262633764e-06,3.4811083173406296e-06,3.4572186399690854e-06,3.2254126439677016e-06,3.829217799331831e-06
wheat_price_etb,0.00185689077916021,0.001790343049632127,0.0018470899703262632,0.001943944474994581,0.001972557089048559,0.00194818610725558,0.0018180302761718785,0.0017854283960038646,0.0018326813040790968,0.0019388799948953323,0.001875444117009902,0.0018757788866457547,0.0016982192829671638,0.0018646493828402327,0.0019448841207585536,0.0017835043260816092,0.0018498814249253114,0.0018009710145389225,0.0019233337377909548,0.0018453619685351817,0.0018753857211562695,0.0018196890071828851,0.0017849882563776636,0.001885750614719824,0.001792557718855084,0.0017096423350205147,0.0018305112572587394,0.0018649299980929858,0.0018646300295040042,0.001848305780951543,0.0018877971069463076,0.001932822260041538,0.001783127515908431,0.0017652016493644156,0.0019267255237410867,0.001805752156472015,0.0016550399167328208,0.0019089985053164897,0.0017701514716998638,0.0018650247124419018,0.0017640075324330765,0.0020063292000859234,0.0018534184776740168,0.001916121706167934,0.001730602176900467,0.0019883187319485636,0.0019465401155997538,0.001753841151095788,0.0018675753819287655,0.0018256135040982848,0.0018713671937739132,0.001941098335274258,0.0018709889347481832,0.0019823371927788014,0.002070862193028857,0.0017778406456193847,0.001797245898935751,0.0019120799134124849,0.0018214332448862353,0.0017713356020765893,0.0018141341146455758,0.0018087662657622564,0.0018688264247955558,0.001866355196883281,0.0018684414655980549,0.0017677755909248816,0.0018016843970741607,0.0018890623141593044,0.0018349084879250475,0.001804514495823648,0.0018489723457274167,0.0018811868323884734,0.0019155234823439186,0.0017275090246436265,0.0019291198190097268,0.0018715725813010866,0.001961922393359753,0.001913903958036894,0.001849335250367582,0.0018070198722303253,0.0020112215336913525,0.0019065416663379927,0.002006856865041328,0.0017773941099956077,0.0017148515728242525,0.0019703788096162318,0.0016904056204799138,0.0018943543443706958,0.001911752725378697,0.00187289633264661,0.0018375829686979545,0.0017645328955466456,0.0017298305386920338,0.0018587724210243233,0.001940984345633174,0.0017799053762944928,0.0018768259836071581,0.0018659078431707147,0.0018103700495367449,0.0019542838768806022
wheat_price_etb_lag1,0.0031272204845177692,0.0028865404428377183,0.0030594862079224693,0.0033070271166608387,0.0030535204631785473,0.0029012518775105617,0.003213350365529373,0.0029122954588547334,0.0032158601526064918,0.003083151259761319,0.003141820346517199,0.003097347958051015,0.003130686308636174,0.002930733045745317,0.0030684244751257293,0.0028862976027179245,0.003011346690806967,0.0031857306168291246,0.0033635090492925112,0.003097351999132938,0.003173464319093141,0.002987441024984046,0.003323022834968697,0.002934191836787515,0.003139338069561653,0.002933536979536609,0.002973324164635392,0.0027814984006573895,0.003047507856459131,0.0032970993039771863,0.003016921300918257,0.0029651825131986323,0.0032512267719974498,0.0031982147230045564,0.0031953494359284068,0.0032095250719145914,0.00278014439284921,0.003034329684099325,0.003029538243194352,0.0031383859185746816,0.0029977099468891065,0.00319857246690289,0.002940772579116149,0.002850418559667957,0.0035063098256469475,0.0029916577873651254,0.0029100956545065797,0.0032270664269298385,0.002990613123435743,0.0032068900750732094,0.0030489457558838585,0.003016647063827192,0.003158226732900231,0.0032719484739358426,0.00319035782150473,0.002853653520441134,0.0030415201644865336,0.0032773212721334158,0.002781745848690852,0.0029734603104742694,0.003046370706184503,0.003012038723350643,0.00318745071322447,0.0031679088516738344,0.0033112288104403015,0.002951457515897858,0.002844619078539489,0.003247177493411423,0.0030971510905346313,0.003251368750063182,0.003280943323950636,0.003016205810422105,0.0033935506483221784,0.003173133835168054,0.0031409159183524373,0.002869240524920714,0.0030789890037569954,0.0029927179131292456,0.0034001033672051576,0.002920754963371085,0.0030905076469618666,0.0034038617476670548,0.002919522812144106,0.0030717301911430523,0.003117203894714819,0.0031046886327502935,0.002939167203633288,0.003067384013006132,0.002961886986317865,0.003277983005986767,0.0029517222009068952,0.003399976250398846,0.00330201326196967,0.003143677824838704,0.0032052898637547427,0.0028945916218419926,0.003131808782662564,0.003105833881470041,0.0031956973428164046,0.003141865982154893
wheat_price_etb_lag12,0.0009460374695590194,0.0009495395580865828,0.0009170514500582317,0.0009329310824658806,0.0009550782419957113,0.0009034761100405862,0.0009035408566272036,0.0009340136786286505,0.000911436905779762,0.0009134777389682721,0.000981879615905554,0.0009046562677384286,0.0009038389188008033,0.0009501282960623812,0.0009489430754790641,0.000882782130338267,0.0009636723922322626,0.0009323458839015067,0.000979997085187561,0.000942692727884027,0.0009615504283141769,0.0008921546574226941,0.0009442412921113751,0.0008749267296560926,0.0008937114730137969,0.0008802051524830284,0.0009258287846964956,0.0009254723031451737,0.0008696565799816178,0.0009044733928134723,0.0009160151585597183,0.0009310342502581654,0.0008880714550382972,0.000927402463396452,0.0008995741680958626,0.0008970818112124197,0.0008761571243976091,0.0009411430362357486,0.0009138911850673318,0.000922236431729411,0.0008817067194352115,0.0009255584475910194,0.0009237596115355783,0.0009187060657032529,0.0008882987210777729,0.0009458594911155246,0.0009154209003284357,0.0009237537523018154,0.0009706719271360471,0.0009322286610478076,0.0008753919894913092,0.0009139718559202323,0.0009041702241769858,0.0008908764806269489,0.0009755443806680956,0.0009037837299362102,0.0009300379256098907,0.0009464541764440127,0.0008890984491223381,0.0009068803360404188,0.0009496365909080945,0.0009316429948939423,0.0008813538571229633,0.000950370564879406,0.0009316691675649543,0.0009081962697716974,0.0008949241008972035,0.0009154970875283699,0.0009080280933536851,0.0008810000364932832,0.000917795918087473,0.00093089514942242,0.000925118104009031,0.0008992831990138221,0.0009621811662386046,0.0008772180053187576,0.0009204875145639692,0.000885573475511733,0.000918160350202712,0.00090319047263567,0.0010191920599042135,0.0009184934021461578,0.0009708354735504026,0.0009185533957096978,0.0009012831155187595,0.0008967825093964118,0.0008636677088158101,0.0009430256228716601,0.0009529811663718944,0.0009145035339021905,0.0009181701094220637,0.0008682870321500252,0.0009565239689287809,0.0008788951512572682,0.0009293765134291866,0.0008798280752053789,0.0009431425474321867,0.0009397000625852966,0.0008818422671692835,0.0009555776183171425
wheat_price_etb_lag3,0.0032496493038582553,0.00295583954607339,0.003082533514726807,0.0030666841502064225,0.0030005071337255757,0.0031572021577241163,0.002919222104245523,0.003136387736561629,0.00304493069292989,0.00300615800180189,0.0030318806727858373,0.0031077118078053894,0.0030738397431993706,0.0031178362779878464,0.0031772770366957316,0.003101972772886371,0.003044828424118382,0.0030995790508246013,0.0031033586671163267,0.003073701780871729,0.0030772426411004323,0.0030084767718230594,0.0032028991409421247,0.003060265962279346,0.002975335090824135,0.0030500656841264935,0.0030859070582754957,0.0030295423781075063,0.0029323127388271577,0.0031261899282935984,0.0030101503746865575,0.003117772449660221,0.0031474767383438676,0.0029971067721841715,0.003184905648568942,0.00302000199208387,0.002988192800665756,0.0030302229138789217,0.0029947961830026925,0.0030544920653822073,0.003046246087631716,0.003180854979566998,0.0031675710229542467,0.0032398412083169564,0.0030537549919674393,0.003173078603388869,0.003200951790558579,0.0029615115476521524,0.003276442139367062,0.0030428847891430895,0.0030535506608068757,0.0030650747364375347,0.0031557819066091015,0.0031465830213889697,0.00315413398819534,0.0030533120569273616,0.0031411130638796967,0.0031060053942836897,0.0030483605225877083,0.003099901636476256,0.002953480290900723,0.0030477337515575514,0.003088009608070719,0.00309330554328103,0.00312637977194095,0.002993144515485312,0.0029409642055568982,0.0032503508667675604,0.0029152817565727958,0.0029827988773534235,0.0031320897213956552,0.0030158392479546817,0.003070715219833296,0.003038065088478999,0.003117173691097007,0.0029977280273937135,0.0030787999002266806,0.0031987727490999963,0.0030600160369977326,0.003066444719199662,0.003229426867646738,0.003035422566049881,0.003124288233396198,0.0029409323633874055,0.003040391425110446,0.003082051423116053,0.0030664781422313787,0.003015049106121356,0.003179891299172912,0.003037386549555737,0.0029545568270072744,0.0030494335709587046,0.003059661090971736,0.0030902701248771533,0.003102865021513856,0.002971841649424215,0.0030742048280116936,0.0030604688681596525,0.0032051311286193304,0.0031403993153231178
wheat_price_etb_lag6,0.008103464719358307,0.0076099645507890215,0.007561402123008795,0.007993976502148068,0.0075936089164488725,0.00773848244098717,0.007451969787418673,0.007640370227156427,0.007418543366063579,0.007915480970875043,0.007763020288790663,0.007828490293486425,0.007979043798692772,0.008012027734809595,0.0074528807473265785,0.0077656921258993546,0.007825909740138243,0.008120391575964727,0.007896430495505532,0.007910248449295913,0.007988505227783865,0.007895459646482491,0.007751656884838987,0.007408037477492993,0.007760454666852376,0.007805788109604921,0.007906130022503335,0.007593718205128389,0.007486045159971704,0.007551378118610357,0.007815846808709776,0.0075667048991979804,0.008064685995000228,0.008172978100551998,0.008000477634690408,0.007475898992154539,0.00744091354002723,0.007483386307823189,0.007982509356550293,0.007701614387376778,0.007995640429681143,0.007814672844789105,0.007820241926365684,0.00764292126529181,0.007747331862487323,0.008294632750229262,0.008011629293223469,0.007631788142741317,0.007927977401347673,0.007790574537518803,0.008043221524382959,0.007741153472697065,0.0079469187140217,0.007867647994692412,0.00829416667877679,0.007862796412680131,0.007654874736703951,0.00743615597288373,0.007581885541703911,0.007808507723139896,0.007285036579438236,0.007874555151748584,0.007932552590910307,0.007882972980736645,0.007935745264167317,0.007792057300805486,0.007649113430762586,0.007722472419345744,0.007160340218434079,0.007716916594124066,0.007541250824765832,0.007481205722017746,0.007698463186728681,0.00791953429714709,0.007831676384939293,0.007626402119124466,0.00776571379488818,0.007767120938782829,0.007649998567402112,0.007974604685710334,0.007884157527665709,0.007402656633357708,0.007337569243705583,0.007579065334388319,0.007624076150767949,0.007711365650211293,0.00762131324080812,0.007616052439464758,0.007695671415156984,0.00750135986003533,0.007784943731032181,0.007790788939761627,0.007635388640948623,0.007492025060336709,0.007975217844740397,0.007597379685682293,0.00809750871649195,0.007693803000194455,0.0074460252631512545,0.007727565960650088
wheat_price_index,0.0004052442153838635,0.00039660268102620203,0.0004052207991288007,0.000412867367884634,0.00040074556258046234,0.0004048001159013367,0.00041560215598809115,0.0004087958181195933,0.00040983106539918275,0.00039267728585310233,0.0004041910998226292,0.00040190025087152886,0.0004102839757138805,0.00039067518305395946,0.0004036928569477661,0.0003871952896980148,0.0004137774651260819,0.0003984947263708581,0.00041164022771059296,0.00040858686172767826,0.0004242520346489444,0.00039829772310890645,0.0004135407029707023,0.0003995271686437553,0.0004079503221745848,0.00038417539753089227,0.0003929248916498129,0.0003949998417583836,0.0003941317903086173,0.0004248231598783446,0.00039452305468528167,0.00039602998083970253,0.00040528539411037174,0.0004175732494090871,0.000408335791815913,0.00041403111145594477,0.0003802763556533225,0.00039176282359144454,0.00040565147074267236,0.0004119176017004788,0.00038873785320962497,0.0004204642299493277,0.0004136659309564941,0.00041426461350026216,0.0004220274320416014,0.0003989247857317267,0.00039215216077632785,0.0003979437796044208,0.0004079468140964768,0.0004135039108602897,0.0003914968467820783,0.0004087001337394057,0.0004234191288643249,0.0003962471224579721,0.00041154044170287394,0.00039267381604984555,0.00039415511511860116,0.0004144995991530101,0.0003856299299935716,0.0003982367644310152,0.0004108291358434389,0.0003997946032236174,0.00042254549131090475,0.0004115416721863128,0.00040847896337971925,0.0004121926608813568,0.00039349281485529913,0.00041408710953958844,0.000390311818488914,0.0004001736511740502,0.0004089016277886788,0.00039638802341684915,0.0004112181787361732,0.0003983817818645951,0.0004105179530605057,0.000402708465231517,0.00040447620764629254,0.0003942715473122139,0.00040362945952554914,0.0003820450146881166,0.00039392318480164124,0.00039966268273066596,0.00040840847893978624,0.0003929177326618792,0.0003880394428416963,0.0003943211829490327,0.000394765172764952,0.0004036842953841786,0.0004142011247293765,0.000407164600845542,0.0003878599614113199,0.0004340924980122727,0.00040891701374858556,0.0004094377079569806,0.0004036350105358885,0.00039159940540266084,0.00040862163611712785,0.00040584861770403375,0.00041915108300321285,0.00039257467656895735
wheat_price_index_lag1,0.000805256794366839,0.000745777701997578,0.000767931295944451,0.000773553631035129,0.00075667988350827,0.0007726403511482181,0.0007616313205218217,0.0007747003559879264,0.0007690878154991453,0.0007717781188255697,0.0007792731882005498,0.0007875340330312279,0.0007657779757643029,0.0007683833670565246,0.000767146107426403,0.0007520966334981886,0.0007629780176888157,0.0008047841108494725,0.0007852237978198144,0.0007771510424528186,0.0007717390636302237,0.0007764321980384751,0.0007894631357589741,0.0007514996434837642,0.0007578689218392716,0.0007554136331368615,0.0007585112811461492,0.0007645744921959644,0.0007398805841340782,0.0007849214655418512,0.000775232317126655,0.000771110077864851,0.0008067977844157081,0.0007912393765404481,0.0007891867038896057,0.0007624702210929515,0.0007425395974322505,0.0007694674310646565,0.0007818702329721449,0.0007895844792812199,0.0007503724380301825,0.0007950180759711295,0.0007857592515146078,0.0007803036938334659,0.0007903116906551532,0.0007820998634718837,0.0008008308502349918,0.0007596740995651385,0.0007818844983080406,0.0007742330348061294,0.0007952471812280748,0.0007756181782416181,0.0007881254694322375,0.0007984436946722446,0.0008095469072222031,0.0007652432341552792,0.0007645272388552965,0.0007745630576373628,0.000769294824790572,0.0007889091662916028,0.0007517030615914867,0.0007820065958544951,0.0007970858222610215,0.000791811107177727,0.0007812277546950749,0.0007878246523370469,0.0007546905252704586,0.0007833239632055132,0.0007282365573373455,0.0007572840302449885,0.0007817198548419691,0.0007605387362618748,0.0007741247698101629,0.0007707190217824333,0.0007857875212521811,0.000757475699612381,0.0007786716592901119,0.0007838824685801816,0.0007821992167906052,0.0007551931669091031,0.000799735955890137,0.0007637929936820799,0.0007602640758336023,0.0007802001022257481,0.0007591016258462091,0.000757785105121401,0.0007635580138621493,0.0007681428697770056,0.0007908032432884965,0.0007370502532770236,0.0007742758648466187,0.0007814182636692472,0.0007609113671008968,0.0007836465494356294,0.0008162153407537974,0.000753205400210946,0.0007991710167732977,0.0007714222098544518,0.0008006345625777824,0.0007791600353036299
wheat_price_index_lag12,0.000920068834836963,0.0009117321909538338,0.0008977532758923174,0.0008963246780638554,0.000877955322699548,0.0008939465659228973,0.0008237622765049061,0.0009301249497988518,0.0009162013087321389,0.0008594309847501124,0.0009077404310452457,0.0008477765037128643,0.0008675182938159252,0.000861253191603205,0.0009100247394316685,0.0009006464855810994,0.0009006055203067837,0.000904667716160972,0.000891777379418999,0.0008783837475700161,0.0009076769151348875,0.0009081260808290408,0.0009082948630887776,0.0008878774362506333,0.0008962742726879645,0.0008613620957988266,0.0008875304433916296,0.0008313285655440381,0.00083755790352374,0.0008436511278414701,0.0008813230816359722,0.0008488242208811129,0.0008864157293261826,0.0008758200965937436,0.0009172349252331208,0.0008690138128595754,0.0008723504701532871,0.0008774021154512529,0.0008622170225418256,0.0009072702670157511,0.0008646810337646592,0.0008916182675848158,0.0009340917051424645,0.0009187620402146016,0.0009012787496790629,0.0008883710441567143,0.0008657243450829763,0.0008562045368533698,0.0009034158465284738,0.0009011845830365182,0.0008914576795175826,0.0009056252252896688,0.0009139110677437876,0.000882749834269532,0.0009020759893762523,0.0008686737273096668,0.0008674469217272402,0.0008953284580206526,0.0009113170825500296,0.0008999271649967563,0.0009272308759854077,0.000836289563943202,0.0009182770616966868,0.0009050103329607974,0.000890353177317397,0.0008707799244957434,0.0008979450983591146,0.0008712859707643465,0.0008597611246233339,0.0008152438461680281,0.000818862768148475,0.000864865673285587,0.000874260975738243,0.0008943087639244694,0.0009187317376196632,0.0008765588524147838,0.0008731265321921549,0.0008975887831153954,0.0008886722981829513,0.0008695879282996706,0.0009103229890267055,0.0008265414749567182,0.0008651056296074489,0.0008803705992389231,0.0008914663697405878,0.0008575606714224532,0.0008923829249713732,0.0009125403552769257,0.000891056511836516,0.0008775332804738426,0.0009343145984007088,0.0009105828904024254,0.0008720647489679033,0.0008884724834066185,0.0009134281444022004,0.0008726852927665471,0.0008896561207415586,0.0009139857191291655,0.0008613926557126005,0.0008748169197830108
wheat_price_index_lag3,0.0020539924833059744,0.0019572490030864936,0.0018841057232008402,0.0020250595509273234,0.002075827805716814,0.0020243803289859683,0.0019285817002958577,0.0020686098566282674,0.0018853549780439795,0.0020020455809398774,0.002057223755376525,0.00208398851625791,0.002026045048854258,0.0020940004412169657,0.0019386173994328604,0.00201019085991904,0.0020794129702426476,0.002087267269872083,0.002029393058015693,0.00197756093739692,0.0020396967637343003,0.00202258132204344,0.0020174244160842975,0.0019123556062494314,0.0019458762455855036,0.002023381887362425,0.002027965480303604,0.0020814241430727964,0.002031142621418735,0.001974732228448734,0.0020157179956692686,0.0019428621941895898,0.0020528381142773,0.002068344618851323,0.0021314456053348123,0.0020071341982979027,0.002105146855420547,0.002023417389456098,0.0020606934510877138,0.002050984867869666,0.001974841888982409,0.0019663922736463646,0.002023032570342624,0.0019646457186755463,0.002061729707155477,0.002036691419722408,0.002019307346229767,0.002000395676957956,0.001943292229303292,0.002015662433359749,0.002168027194858939,0.002060611802008674,0.002004992686536001,0.0019938815748569696,0.0021494842072713573,0.0019764954863428514,0.0019985350672209606,0.0019553570633110114,0.001979516571730869,0.001986211725447026,0.0020285862627175038,0.0020566182424108003,0.0019370829068533074,0.0020606598221479025,0.0019924527869075847,0.0020442368606332973,0.001992797282356653,0.0021135281409883164,0.0019028536162645736,0.00206265407643333,0.0020478421397985384,0.0019511865986044485,0.0019991691495671745,0.0020848699680512182,0.002090726340841309,0.001994586938184225,0.002048246869788453,0.0020198219943614233,0.0019684140406564404,0.0021245643802133714,0.0019894673577731566,0.0020440285060338782,0.0019191106681096875,0.002052370246738874,0.0019926717823012647,0.001969226635510476,0.0019677591553501645,0.0019328416810095248,0.0020098061564014008,0.0019597507810787014,0.0021026374172519575,0.0020033539397696005,0.0020648308393331418,0.0019220356009977699,0.0020730068482936784,0.001984060337616605,0.0020626849370505313,0.001966220584136914,0.0019528792742986856,0.0020846123260968435
wheat_price_index_lag6,0.0009627841294436537,0.0008945303828326318,0.0009807031313400893,0.0009426096005955283,0.0009358602576921877,0.0009820490773751807,0.0008995165552859104,0.0009295997585846771,0.0008736580301762615,0.0009101724512412311,0.000990386256527765,0.0009537819776815164,0.000971960811152684,0.000993861890577289,0.000894563110047801,0.0009272207727744466,0.0008635415980017766,0.0009870040152360749,0.0009563741851675153,0.0009364538542602373,0.0009997839547740007,0.001013936414952172,0.0009205497379027168,0.000901528162106594,0.0009582944638548924,0.0009377956109827164,0.0009255920810621101,0.0008994535412870764,0.0009075669904372521,0.000909555052729096,0.0008943711884713136,0.0008902196355904481,0.0009848776926126477,0.0009478607414556401,0.0009695569255753704,0.0009208847123620488,0.0008851201502957206,0.000981106775220846,0.0010063233371731472,0.0009206696087590903,0.0009342980732096216,0.0008986124157612491,0.0008616790738473521,0.0010067524725868218,0.0009845112873661653,0.0010017577420889283,0.0010286933891899405,0.0009139889259253847,0.0009604897337539535,0.0009181410508079928,0.0009788648558946376,0.0009107544349109287,0.0009450659076789275,0.001003776575625714,0.0009327600526914587,0.0009276796966274394,0.0009123645520404629,0.0010164203701683516,0.0009521655243769381,0.0009728014670644056,0.0009238495009394042,0.001036370704702524,0.0009930907625234522,0.00097303751935145,0.0009670794417013417,0.0009597123806860383,0.0008923369422207893,0.0009036028878204139,0.0008599810201026823,0.0009621113213839677,0.0009242823070752016,0.0008880805837349122,0.0009793012143608267,0.0008668975573896929,0.0009411826001877432,0.0009587335856303603,0.0009121954601111496,0.000942156217919034,0.0009133921909159509,0.0009951437491823303,0.0010107603846754162,0.000914535876440644,0.0008736589635234504,0.0009211812502903166,0.0009548230191179808,0.0009189865995375883,0.0009116304860938163,0.0009218567346972771,0.0008763616488124273,0.0009065855488250529,0.0009394639954510806,0.0009417093260595517,0.0008908818860578796,0.0009599940101259367,0.0009892751307537158,0.0009440267762250227,0.0010096685004499634,0.0009948496445512118,0.0009457587351247391,0.0009282066131022221
wheat_yield,0.0018116458336481396,0.0018456566450234279,0.0017656047788003216,0.001793605571238644,0.0017664405118141856,0.001741872329311156,0.001869159527354359,0.001738551446076629,0.0018151094539256816,0.001966980600625462,0.001746976319469095,0.0017276743546467638,0.0018418025005585658,0.0018608406756852232,0.0018356635499413956,0.0018162478116296587,0.00191970883635322,0.0018358950786616492,0.0018417502874913422,0.0018322980062222382,0.0017454163963842835,0.0018243249231953305,0.0017130553055222978,0.0016939441968472847,0.0017043105521341536,0.0018858486063408186,0.001803165857774624,0.0017905465124741845,0.0018124773061022502,0.0018455775435358348,0.0017580530343974477,0.001800456377976491,0.001733910775980594,0.0018622362419315006,0.0017776855913532693,0.001714122212466863,0.0016935205287598922,0.0017251440927417135,0.0016803301901674172,0.0017375360753996525,0.001761561220291979,0.0018338178174558634,0.0016940533382120092,0.0017796106092770648,0.0018565340557638902,0.0017506123040311086,0.0017297837335624063,0.001863293393898763,0.001768917165403534,0.0017200771904324892,0.0016352397067699866,0.001676847340296144,0.001848058896158546,0.0018079064956116133,0.0019228583745519567,0.0018841728483236107,0.001841036661086492,0.0018570763670201133,0.001964401865790658,0.0017831623087604348,0.0018187245485174236,0.0017446711065544599,0.0018068917681835206,0.0018133935678603733,0.001735158026310968,0.0016963228186125834,0.0018678532323296766,0.00179290978072161,0.0018742913403403685,0.0016467599217504202,0.001747249175580392,0.0018290399533251057,0.0017870523374890195,0.0018505081495821599,0.0017070354805106209,0.0018065981163911322,0.0018044595122645854,0.0018406785924303852,0.0017863151889224971,0.0018090575104328663,0.0017954702001242411,0.0017477687830047578,0.001694836959196544,0.0017523277566361378,0.0017433553625584635,0.0018206631741631105,0.0018154002475411501,0.0017320730212466563,0.0017377677950121107,0.0017454388468501236,0.0018007291820262776,0.0017596710056806944,0.0017534938928194916,0.0017849417866109322,0.001827725001435349,0.0018946132098187694,0.0017529888707164898,0.0017550635936344138,0.001700334886077398,0.0016868093365313597
wheat_yield_anomaly,0.0008791954040635323,0.0009027396903352091,0.0009167934123881731,0.0009197627867169014,0.0008901600720164198,0.0008863092924605121,0.0009007496101777869,0.0009192199143532887,0.0009044928156132531,0.0009018821531895154,0.0008566820363496772,0.0008801362496524988,0.000877429830878356,0.0008998884316186727,0.0008824910420932138,0.0008821908679576765,0.000913616732981511,0.0008891669828946053,0.0008884759804939632,0.0009189910706572281,0.0008777941424808394,0.0009229614906491206,0.0009037721682316768,0.0008588688565691929,0.0009159744391314238,0.00090311820682439,0.0009058691657632281,0.0008559905744580009,0.0008801745673097809,0.000993906421775835,0.0008531424785746304,0.0008874876557716302,0.0009232424752975719,0.0009342399562707105,0.0008970930065581764,0.0009167823664782334,0.0008585831005797253,0.0008875867966986714,0.0008915955368545115,0.0008978633518575634,0.0008898264757409599,0.0009111507371546196,0.0009104848285948021,0.0008967417872686317,0.0009143782457564311,0.0008924229558379877,0.0008661228455757379,0.0009257351624823752,0.0009079939454377438,0.0009136006650640234,0.0008581635104511589,0.0008921128103806489,0.0009141868815273355,0.0009200706133160038,0.0008855010321128566,0.0008850171824620254,0.0009059161921542747,0.000916599020878659,0.0008633158732722388,0.00088611928819376,0.0008891922863312143,0.0008926411878556692,0.0009141901907111917,0.0008872785973777188,0.0008951075828208069,0.0008336248285065773,0.0008441962679659111,0.0009137172865108673,0.0009034086714882412,0.0009191876664896559,0.0009254920188391554,0.0009138174588342754,0.0009120028589391314,0.000901585999359502,0.0008930831486224265,0.0008490669747378762,0.0008819599340883841,0.0008711086256394846,0.0009379197862654863,0.0008792899905725172,0.0008970377530987465,0.0009107559738106115,0.0008586286977859017,0.0008820494972400784,0.0008977460713505621,0.0008981878024682125,0.000852172144189261,0.0008637160758871592,0.0008930810680902152,0.0009060979757157171,0.0008904814403928338,0.0009037924311499788,0.0009193537762585263,0.0008920746057161263,0.0009279394028689057,0.0009109296726051325,0.0009107067631499737,0.0008842995812572678,0.0009041820915018673,0.0008946363897087905
