feature,importance,lhz,lead
months_since_assessment,0.0,pastoral,0
pct_pastoral,0.001759373701904997,pastoral,0
pct_agropastoral,0.0024637784902088967,pastoral,0
pct_crop_farming,0.002466613978055868,pastoral,0
is_harvest_season,0.000942524241313285,pastoral,0
is_lean_season,0.00028682855648743235,pastoral,0
is_dry_season,0.00011575848287693451,pastoral,0
months_since_harvest_start,0.0019779017442350015,pastoral,0
months_since_lean_start,0.006447512675344047,pastoral,0
glofas_reach_count,0.0037151182517195565,pastoral,0
agss_surveyed_flag,0.0005140289016112641,pastoral,0
ipc_lag1,0.1534979401431525,pastoral,0
ipc_lag4,0.01404427650333035,pastoral,0
ipc_lag8,0.013074076950499723,pastoral,0
ipc_mean12,0.011432650005167952,pastoral,0
ha_share_lag1,0.04745773201650412,pastoral,0
ha_share_lag4,0.008659278088783673,pastoral,0
ha_share_lag8,0.002190193980734396,pastoral,0
ha_share_mean12,0.011231913827095256,pastoral,0
total_rainfall_mm,0.0018528665114830906,pastoral,0
wet_days,0.0012683062192049082,pastoral,0
max_dry_spell_length,0.010925233792516753,pastoral,0
rainfall_sum_1m,0.001733723344732381,pastoral,0
rainfall_sum_3m,0.013880080522627578,pastoral,0
rainfall_sum_6m,0.0034708796480330288,pastoral,0
rainfall_sum_12m,0.008240059500164085,pastoral,0
rainfall_sum_24m,0.004254762503858887,pastoral,0
spi_1,0.010576182735382456,pastoral,0
spi_3,0.007299147038626575,pastoral,0
spi_6,0.10886346439188652,pastoral,0
spi_12,0.02609575650976984,pastoral,0
spi_24,0.009151214120244248,pastoral,0
pet_mm,0.007718077797995399,pastoral,0
sm_root,0.0016093237775341245,pastoral,0
precip_mm,0.0020450863487497294,pastoral,0
spei_balance_mm,0.0013248608485316054,pastoral,0
sm_mean_1m,0.0016672207960550039,pastoral,0
spei_balance_sum_1m,0.001567137802747442,pastoral,0
sm_mean_3m,0.004552705751456263,pastoral,0
spei_balance_sum_3m,0.006653384341593238,pastoral,0
sm_mean_6m,0.0032726735955303623,pastoral,0
spei_balance_sum_6m,0.008322127567694928,pastoral,0
sm_mean_12m,0.0037315065896277298,pastoral,0
spei_balance_sum_12m,0.010708962557993664,pastoral,0
sm_mean_24m,0.0027167577152295425,pastoral,0
spei_balance_sum_24m,0.00906220652899943,pastoral,0
ssmi_1,0.0037045393499354016,pastoral,0
ssmi_3,0.004009546818807516,pastoral,0
ssmi_6,0.0071499392379938635,pastoral,0
ssmi_12,0.004307839758250958,pastoral,0
ssmi_24,0.007054660943362359,pastoral,0
spei_1,0.009340825912234224,pastoral,0
spei_3,0.006340421970083738,pastoral,0
spei_6,0.009180669115554702,pastoral,0
spei_12,0.025980798975355542,pastoral,0
spei_24,0.005625261532417828,pastoral,0
ndvi,0.001698615596344439,pastoral,0
ndvi_anomaly,0.005892336005116402,pastoral,0
ndvi_lag1,0.0020934919848341256,pastoral,0
ndvi_lag3,0.003372859693160363,pastoral,0
ndvi_lag6,0.0035021825064224694,pastoral,0
ndvi_lag12,0.0023092127617496587,pastoral,0
ndvi_anomaly_lag1,0.025592583137861155,pastoral,0
ndvi_anomaly_lag3,0.010630592840230024,pastoral,0
ndvi_anomaly_lag6,0.007531442117137684,pastoral,0
ndvi_anomaly_lag12,0.007222761690945068,pastoral,0
ndvi_cropland,0.004587994908484532,pastoral,0
ndvi_cropland_anomaly,0.002927925829310869,pastoral,0
ndvi_cropland_lag1,0.003129936557447205,pastoral,0
ndvi_cropland_lag3,0.0052467231187117965,pastoral,0
ndvi_cropland_lag6,0.007186430066372093,pastoral,0
ndvi_cropland_lag12,0.008011295223399825,pastoral,0
ndvi_cropland_anomaly_lag1,0.006065143924978495,pastoral,0
ndvi_cropland_anomaly_lag3,0.00836533503547198,pastoral,0
ndvi_cropland_anomaly_lag6,0.006157027831799468,pastoral,0
ndvi_cropland_anomaly_lag12,0.007013469023110527,pastoral,0
ndvi_rangeland,0.0016774037442650266,pastoral,0
ndvi_rangeland_anomaly,0.0037521761752866956,pastoral,0
ndvi_rangeland_lag1,0.0031374976676190845,pastoral,0
ndvi_rangeland_lag3,0.002049921398211254,pastoral,0
ndvi_rangeland_lag6,0.0037423358501563653,pastoral,0
ndvi_rangeland_lag12,0.0026292564383519172,pastoral,0
ndvi_rangeland_anomaly_lag1,0.013854100457065836,pastoral,0
ndvi_rangeland_anomaly_lag3,0.006680906244910096,pastoral,0
ndvi_rangeland_anomaly_lag6,0.006966682727879996,pastoral,0
ndvi_rangeland_anomaly_lag12,0.015555264821402992,pastoral,0
acled_event_count,0.0008415774054294041,pastoral,0
acled_fatalities,0.00023776642475206556,pastoral,0
acled_event_count_political_violence,0.0,pastoral,0
acled_fatalities_political_violence,0.0,pastoral,0
acled_event_count_demonstrations,0.0003220818734855139,pastoral,0
acled_fatalities_demonstrations,0.0,pastoral,0
acled_event_count_strategic_developments,0.0,pastoral,0
acled_fatalities_strategic_developments,0.0,pastoral,0
acled_event_count_lag1,0.000287108197506447,pastoral,0
acled_fatalities_lag1,0.00022870131551850023,pastoral,0
acled_event_count_political_violence_lag1,0.00015321881161704464,pastoral,0
acled_fatalities_political_violence_lag1,0.00023967020318808443,pastoral,0
acled_event_count_demonstrations_lag1,0.00016441038751991498,pastoral,0
acled_fatalities_demonstrations_lag1,4.458451746514459e-05,pastoral,0
acled_event_count_strategic_developments_lag1,5.629753060883051e-05,pastoral,0
acled_fatalities_strategic_developments_lag1,0.0,pastoral,0
acled_event_count_lag3,0.0001714873271273694,pastoral,0
acled_fatalities_lag3,0.0,pastoral,0
acled_event_count_political_violence_lag3,7.158064885481495e-06,pastoral,0
acled_fatalities_political_violence_lag3,7.309812514029626e-06,pastoral,0
acled_event_count_demonstrations_lag3,6.705544825173565e-06,pastoral,0
acled_fatalities_demonstrations_lag3,0.0,pastoral,0
acled_event_count_strategic_developments_lag3,0.0,pastoral,0
acled_fatalities_strategic_developments_lag3,0.0,pastoral,0
acled_event_count_lag6,0.00011852315550585886,pastoral,0
acled_fatalities_lag6,0.00022933692524570678,pastoral,0
acled_event_count_political_violence_lag6,1.1521816147469831e-05,pastoral,0
acled_fatalities_political_violence_lag6,2.000214408361035e-05,pastoral,0
acled_event_count_demonstrations_lag6,0.00013069549725185808,pastoral,0
acled_fatalities_demonstrations_lag6,9.0970309702011e-06,pastoral,0
acled_event_count_strategic_developments_lag6,0.0,pastoral,0
acled_fatalities_strategic_developments_lag6,0.0,pastoral,0
acled_event_count_lag12,0.00014742247310066013,pastoral,0
acled_fatalities_lag12,0.00024341515993276622,pastoral,0
acled_event_count_political_violence_lag12,0.00042196835609223507,pastoral,0
acled_fatalities_political_violence_lag12,0.00024900046027771577,pastoral,0
acled_event_count_demonstrations_lag12,3.58794399612045e-05,pastoral,0
acled_fatalities_demonstrations_lag12,0.0,pastoral,0
acled_event_count_strategic_developments_lag12,0.0,pastoral,0
acled_fatalities_strategic_developments_lag12,0.0,pastoral,0
maize_price_etb,0.003332311190677979,pastoral,0
maize_price_etb_lag1,0.0011356353169062461,pastoral,0
maize_price_etb_lag3,0.0007462658743037415,pastoral,0
maize_price_etb_lag6,0.0021750393318069427,pastoral,0
maize_price_etb_lag12,0.0002152164467181129,pastoral,0
maize_price_index,0.00017076466331659938,pastoral,0
maize_price_index_lag1,0.0001274053456917244,pastoral,0
maize_price_index_lag3,0.00038213268738292053,pastoral,0
maize_price_index_lag6,0.0008879364656229281,pastoral,0
maize_price_index_lag12,0.0005189263232912868,pastoral,0
maize_n_markets,0.00011035464823407935,pastoral,0
wheat_price_etb,0.00011722343677457697,pastoral,0
wheat_price_etb_lag1,0.000964015588150634,pastoral,0
wheat_price_etb_lag3,0.00040993246835510205,pastoral,0
wheat_price_etb_lag6,0.0006176177822710223,pastoral,0
wheat_price_etb_lag12,0.0005090678057482378,pastoral,0
wheat_price_index,0.0006824674844174508,pastoral,0
wheat_price_index_lag1,9.422268539004514e-05,pastoral,0
wheat_price_index_lag3,0.00042610861031947375,pastoral,0
wheat_price_index_lag6,0.00023824330612264992,pastoral,0
wheat_price_index_lag12,0.000654138519276209,pastoral,0
wheat_n_markets,1.9444948076232412e-05,pastoral,0
sorghum_price_etb,0.0005315710378881957,pastoral,0
sorghum_price_etb_lag1,0.0008650035496884535,pastoral,0
sorghum_price_etb_lag3,1.8149542770404514e-05,pastoral,0
sorghum_price_etb_lag6,0.000510899433733247,pastoral,0
sorghum_price_etb_lag12,0.0025657307333161027,pastoral,0
sorghum_price_index,0.0004097298889806243,pastoral,0
sorghum_price_index_lag1,0.001614488135279931,pastoral,0
sorghum_price_index_lag3,0.00030875954566493384,pastoral,0
sorghum_price_index_lag6,0.0003398609588619202,pastoral,0
sorghum_price_index_lag12,0.00034431306986488483,pastoral,0
sorghum_n_markets,3.2837728847750883e-07,pastoral,0
teff_price_etb,0.0,pastoral,0
teff_price_etb_lag1,0.0,pastoral,0
teff_price_etb_lag3,0.0,pastoral,0
teff_price_etb_lag6,0.0,pastoral,0
teff_price_etb_lag12,0.0,pastoral,0
teff_price_index,0.0,pastoral,0
teff_price_index_lag1,0.0,pastoral,0
teff_price_index_lag3,0.0,pastoral,0
teff_price_index_lag6,0.0,pastoral,0
teff_price_index_lag12,0.0,pastoral,0
teff_n_markets,0.0,pastoral,0
fuel_diesel_price_etb,0.0,pastoral,0
fuel_diesel_price_etb_lag1,0.0,pastoral,0
fuel_diesel_price_etb_lag3,0.0,pastoral,0
fuel_diesel_price_etb_lag6,0.0,pastoral,0
fuel_diesel_price_etb_lag12,0.0,pastoral,0
fuel_diesel_price_index,0.0,pastoral,0
fuel_diesel_price_index_lag1,0.0,pastoral,0
fuel_diesel_price_index_lag3,0.0,pastoral,0
fuel_diesel_price_index_lag6,0.0,pastoral,0
fuel_diesel_price_index_lag12,0.0,pastoral,0
fuel_diesel_n_markets,0.0,pastoral,0
fuel_petrol_n_markets,0.0,pastoral,0
livestock_goat_price_etb,0.0,pastoral,0
livestock_goat_price_etb_lag1,0.0,pastoral,0
livestock_goat_price_etb_lag3,0.0,pastoral,0
livestock_goat_price_etb_lag6,0.0,pastoral,0
livestock_goat_price_etb_lag12,0.0,pastoral,0
livestock_goat_price_index,0.0,pastoral,0
livestock_goat_price_index_lag1,0.0,pastoral,0
livestock_goat_price_index_lag3,0.0,pastoral,0
livestock_goat_price_index_lag6,0.0,pastoral,0
livestock_goat_price_index_lag12,0.0,pastoral,0
livestock_goat_n_markets,0.0,pastoral,0
livestock_sheep_price_etb,0.0,pastoral,0
livestock_sheep_price_etb_lag1,0.0,pastoral,0
livestock_sheep_price_etb_lag3,0.0,pastoral,0
livestock_sheep_price_etb_lag6,0.0,pastoral,0
livestock_sheep_price_etb_lag12,0.0,pastoral,0
livestock_sheep_price_index,0.0,pastoral,0
livestock_sheep_price_index_lag1,0.0,pastoral,0
livestock_sheep_price_index_lag3,0.0,pastoral,0
livestock_sheep_price_index_lag6,0.0,pastoral,0
livestock_sheep_price_index_lag12,0.0,pastoral,0
livestock_sheep_n_markets,0.0,pastoral,0
goat_maize_tot,0.0,pastoral,0
goat_maize_tot_lag1,0.0,pastoral,0
goat_maize_tot_lag3,0.0,pastoral,0
goat_maize_tot_lag6,0.0,pastoral,0
goat_maize_tot_lag12,0.0,pastoral,0
sheep_maize_tot,0.0,pastoral,0
sheep_maize_tot_lag1,0.0,pastoral,0
sheep_maize_tot_lag3,0.0,pastoral,0
sheep_maize_tot_lag6,0.0,pastoral,0
sheep_maize_tot_lag12,0.0,pastoral,0
maize_yield,0.00044455767172777013,pastoral,0
maize_yield_anomaly,0.00054592965375614,pastoral,0
wheat_yield,0.00023554132021807067,pastoral,0
wheat_yield_anomaly,0.0010586684509526873,pastoral,0
sorghum_yield,0.00014789658276502982,pastoral,0
sorghum_yield_anomaly,0.00010452306247812936,pastoral,0
teff_yield,0.0002367454559073305,pastoral,0
teff_yield_anomaly,0.00018678168952266787,pastoral,0
headline_cpi,0.0011902392566536838,pastoral,0
headline_cpi_lag1,0.0006934643733637212,pastoral,0
headline_cpi_lag3,0.0008579682028179004,pastoral,0
headline_cpi_lag6,0.0012506679262048624,pastoral,0
headline_cpi_lag12,0.0011258731381094968,pastoral,0
headline_cpi_yoy_change,0.0022668522204173226,pastoral,0
headline_cpi_yoy_change_lag1,0.0012893319151640274,pastoral,0
headline_cpi_yoy_change_lag3,0.005041854658284022,pastoral,0
headline_cpi_yoy_change_lag6,0.00028541208330920255,pastoral,0
headline_cpi_yoy_change_lag12,0.002089250771375325,pastoral,0
food_cpi,0.0005279946319899811,pastoral,0
food_cpi_lag1,0.0006035106370661798,pastoral,0
food_cpi_lag3,0.0006387637796502466,pastoral,0
food_cpi_lag6,0.00019849695499885646,pastoral,0
food_cpi_lag12,0.00012245167879582468,pastoral,0
food_cpi_yoy_change,0.0014360090234223047,pastoral,0
food_cpi_yoy_change_lag1,0.0026798222309039527,pastoral,0
food_cpi_yoy_change_lag3,0.0006767225894689778,pastoral,0
food_cpi_yoy_change_lag6,0.0006015377806873749,pastoral,0
food_cpi_yoy_change_lag12,0.0020847283219055644,pastoral,0
headline_cpi_chainlinked,0.0007237386241535414,pastoral,0
headline_cpi_chainlinked_lag1,0.0005316944533507731,pastoral,0
headline_cpi_chainlinked_lag3,0.00034205852718177714,pastoral,0
headline_cpi_chainlinked_lag6,0.0014969299588759204,pastoral,0
headline_cpi_chainlinked_lag12,0.0009994118531186738,pastoral,0
food_cpi_chainlinked,0.0009519538269528108,pastoral,0
food_cpi_chainlinked_lag1,0.00015679233568380521,pastoral,0
food_cpi_chainlinked_lag3,0.00047518584191617126,pastoral,0
food_cpi_chainlinked_lag6,0.0008212817383353364,pastoral,0
food_cpi_chainlinked_lag12,9.934357797345745e-05,pastoral,0
exchange_rate,0.00021166491274311104,pastoral,0
exchange_rate_lag1,0.00012421996350565543,pastoral,0
exchange_rate_lag3,0.00453626535831211,pastoral,0
exchange_rate_lag6,4.343107533892922e-05,pastoral,0
exchange_rate_lag12,0.0001992642029140889,pastoral,0
exchange_rate_yoy_change,0.028071397789521613,pastoral,0
exchange_rate_yoy_change_lag1,0.0014811962122650531,pastoral,0
exchange_rate_yoy_change_lag3,0.0019615207979239518,pastoral,0
exchange_rate_yoy_change_lag6,0.001119184771799068,pastoral,0
exchange_rate_yoy_change_lag12,0.0008748428854330796,pastoral,0
gdp_per_capita,3.83872691227574e-05,pastoral,0
gdp_per_capita_yoy_change,0.0022617784185185127,pastoral,0
iod,0.009859041157730735,pastoral,0
mei,0.001513125037269952,pastoral,0
nino34,0.0017972817450760362,pastoral,0
iod_lag1,0.002524489352763767,pastoral,0
iod_lag3,0.002495885893679469,pastoral,0
iod_lag6,0.009841084027541705,pastoral,0
mei_lag1,0.0033727107311762455,pastoral,0
mei_lag3,0.006121028471039074,pastoral,0
mei_lag6,0.007038595954229625,pastoral,0
nino34_lag1,0.007804827033490389,pastoral,0
nino34_lag3,0.006989508089422411,pastoral,0
nino34_lag6,0.002219536150876926,pastoral,0
wvg,0.0017855728970346462,pastoral,0
wvg_lag1yr,0.0018535543017772743,pastoral,0
wvg_lag2yr,0.001257264924535385,pastoral,0
wvg_lag3yr,0.0007774814763390679,pastoral,0
total_refugees_hosted,8.423915775352562e-05,pastoral,0
total_refugees_hosted_yoy_change,0.0009510874308482686,pastoral,0
total_asylum_seekers_hosted,0.001885362723205529,pastoral,0
total_asylum_seekers_hosted_yoy_change,0.0007863346889612088,pastoral,0
idps_ethiopia,0.00017702001706324595,pastoral,0
idps_ethiopia_yoy_change,0.0,pastoral,0
season_national_belg_meher,5.809453710394873e-05,pastoral,0
season_somali_gu_deyr,0.00011687027769352402,pastoral,0
months_since_assessment,0.0,agropastoral,0
pct_pastoral,0.0008152390196049519,agropastoral,0
pct_agropastoral,0.0032517212720893683,agropastoral,0
pct_crop_farming,0.0021444588526965637,agropastoral,0
is_harvest_season,0.00019795302815380482,agropastoral,0
is_lean_season,0.000196750225686451,agropastoral,0
is_dry_season,0.0003965565491707207,agropastoral,0
months_since_harvest_start,0.001465097052278294,agropastoral,0
months_since_lean_start,0.010179637654676315,agropastoral,0
glofas_reach_count,0.002273924812437579,agropastoral,0
agss_surveyed_flag,3.019722074370617e-05,agropastoral,0
ipc_lag1,0.16363596963276816,agropastoral,0
ipc_lag4,0.02952768142926492,agropastoral,0
ipc_lag8,0.005671139007330838,agropastoral,0
ipc_mean12,0.013974499493294146,agropastoral,0
ha_share_lag1,0.012081576555724123,agropastoral,0
ha_share_lag4,0.00915039164610275,agropastoral,0
ha_share_lag8,0.0015102854169549112,agropastoral,0
ha_share_mean12,0.022729113288001486,agropastoral,0
total_rainfall_mm,0.0009539719814700057,agropastoral,0
wet_days,0.0027204174516356123,agropastoral,0
max_dry_spell_length,0.00727289819368798,agropastoral,0
rainfall_sum_1m,0.0020344070037205163,agropastoral,0
rainfall_sum_3m,0.004211188384947786,agropastoral,0
rainfall_sum_6m,0.002838623453952507,agropastoral,0
rainfall_sum_12m,0.010315289283628687,agropastoral,0
rainfall_sum_24m,0.001550207068511521,agropastoral,0
spi_1,0.0053622128089498055,agropastoral,0
spi_3,0.003627330348129256,agropastoral,0
spi_6,0.017083790260894873,agropastoral,0
spi_12,0.011604652385595002,agropastoral,0
spi_24,0.002325395959323739,agropastoral,0
pet_mm,0.00792417454000053,agropastoral,0
sm_root,0.002473659092463486,agropastoral,0
precip_mm,0.0012515647615113576,agropastoral,0
spei_balance_mm,0.0013477709715401618,agropastoral,0
sm_mean_1m,0.003233857309076136,agropastoral,0
spei_balance_sum_1m,0.0014197069555368575,agropastoral,0
sm_mean_3m,0.0032534800131131126,agropastoral,0
spei_balance_sum_3m,0.0051652785094075514,agropastoral,0
sm_mean_6m,0.010379570816713202,agropastoral,0
spei_balance_sum_6m,0.0028356633415049753,agropastoral,0
sm_mean_12m,0.006939119526376792,agropastoral,0
spei_balance_sum_12m,0.005287655848113922,agropastoral,0
sm_mean_24m,0.0012732429518451673,agropastoral,0
spei_balance_sum_24m,0.0037313126353502707,agropastoral,0
ssmi_1,0.0029575430484648406,agropastoral,0
ssmi_3,0.0073215913664134834,agropastoral,0
ssmi_6,0.007163108604168058,agropastoral,0
ssmi_12,0.005726600639670819,agropastoral,0
ssmi_24,0.0035900846117270656,agropastoral,0
spei_1,0.009126002480845226,agropastoral,0
spei_3,0.007691584960265473,agropastoral,0
spei_6,0.0231511444195664,agropastoral,0
spei_12,0.02841701348741189,agropastoral,0
spei_24,0.00540962237640579,agropastoral,0
ndvi,0.00528610006434169,agropastoral,0
ndvi_anomaly,0.003474204134642722,agropastoral,0
ndvi_lag1,0.005831160270689183,agropastoral,0
ndvi_lag3,0.004737064387716088,agropastoral,0
ndvi_lag6,0.0030817936290760983,agropastoral,0
ndvi_lag12,0.0041864839794512184,agropastoral,0
ndvi_anomaly_lag1,0.011413990000138798,agropastoral,0
ndvi_anomaly_lag3,0.012980439329074936,agropastoral,0
ndvi_anomaly_lag6,0.0038584613951333675,agropastoral,0
ndvi_anomaly_lag12,0.007111567349469735,agropastoral,0
ndvi_cropland,0.007464761891349529,agropastoral,0
ndvi_cropland_anomaly,0.014130473808558936,agropastoral,0
ndvi_cropland_lag1,0.006771926469865064,agropastoral,0
ndvi_cropland_lag3,0.009864470610083198,agropastoral,0
ndvi_cropland_lag6,0.00207396000066066,agropastoral,0
ndvi_cropland_lag12,0.0012772088156956438,agropastoral,0
ndvi_cropland_anomaly_lag1,0.030110461794660405,agropastoral,0
ndvi_cropland_anomaly_lag3,0.03703198180478558,agropastoral,0
ndvi_cropland_anomaly_lag6,0.0060718876021663955,agropastoral,0
ndvi_cropland_anomaly_lag12,0.0110596654948439,agropastoral,0
ndvi_rangeland,0.012308824878817317,agropastoral,0
ndvi_rangeland_anomaly,0.0040823207069306915,agropastoral,0
ndvi_rangeland_lag1,0.0035752915627849306,agropastoral,0
ndvi_rangeland_lag3,0.004677783742526455,agropastoral,0
ndvi_rangeland_lag6,0.002875154392722952,agropastoral,0
ndvi_rangeland_lag12,0.009184118899799948,agropastoral,0
ndvi_rangeland_anomaly_lag1,0.012363991082319165,agropastoral,0
ndvi_rangeland_anomaly_lag3,0.00837190454769975,agropastoral,0
ndvi_rangeland_anomaly_lag6,0.007331429533145687,agropastoral,0
ndvi_rangeland_anomaly_lag12,0.006423011248216418,agropastoral,0
acled_event_count,0.00016953157072204143,agropastoral,0
acled_fatalities,0.0011139463759951773,agropastoral,0
acled_event_count_political_violence,0.0001744423208366292,agropastoral,0
acled_fatalities_political_violence,0.0008208444876856152,agropastoral,0
acled_event_count_demonstrations,5.176801071726711e-05,agropastoral,0
acled_fatalities_demonstrations,0.0,agropastoral,0
acled_event_count_strategic_developments,0.0,agropastoral,0
acled_fatalities_strategic_developments,0.0,agropastoral,0
acled_event_count_lag1,0.0017832791406481132,agropastoral,0
acled_fatalities_lag1,0.0012905751535456248,agropastoral,0
acled_event_count_political_violence_lag1,0.001240079909545449,agropastoral,0
acled_fatalities_political_violence_lag1,0.0014051738549997613,agropastoral,0
acled_event_count_demonstrations_lag1,7.844788750546844e-05,agropastoral,0
acled_fatalities_demonstrations_lag1,0.0,agropastoral,0
acled_event_count_strategic_developments_lag1,0.0,agropastoral,0
acled_fatalities_strategic_developments_lag1,0.0,agropastoral,0
acled_event_count_lag3,0.0002448062648363362,agropastoral,0
acled_fatalities_lag3,0.0008884533486204522,agropastoral,0
acled_event_count_political_violence_lag3,0.000461761230390066,agropastoral,0
acled_fatalities_political_violence_lag3,0.0009079840237084401,agropastoral,0
acled_event_count_demonstrations_lag3,0.0003351932253583719,agropastoral,0
acled_fatalities_demonstrations_lag3,0.00026568233651317203,agropastoral,0
acled_event_count_strategic_developments_lag3,0.0,agropastoral,0
acled_fatalities_strategic_developments_lag3,0.0,agropastoral,0
acled_event_count_lag6,0.002878107162766275,agropastoral,0
acled_fatalities_lag6,0.002463091409293455,agropastoral,0
acled_event_count_political_violence_lag6,0.007166408726934521,agropastoral,0
acled_fatalities_political_violence_lag6,0.0022075392244174058,agropastoral,0
acled_event_count_demonstrations_lag6,0.0003889133526270077,agropastoral,0
acled_fatalities_demonstrations_lag6,0.0002166070491885152,agropastoral,0
acled_event_count_strategic_developments_lag6,0.0,agropastoral,0
acled_fatalities_strategic_developments_lag6,0.0,agropastoral,0
acled_event_count_lag12,0.0018434851714007057,agropastoral,0
acled_fatalities_lag12,0.0014246000437131323,agropastoral,0
acled_event_count_political_violence_lag12,0.0036227334329607696,agropastoral,0
acled_fatalities_political_violence_lag12,0.0007273066501547157,agropastoral,0
acled_event_count_demonstrations_lag12,7.563005929078198e-05,agropastoral,0
acled_fatalities_demonstrations_lag12,0.0,agropastoral,0
acled_event_count_strategic_developments_lag12,0.0,agropastoral,0
acled_fatalities_strategic_developments_lag12,0.0,agropastoral,0
maize_price_etb,0.0009989948715922112,agropastoral,0
maize_price_etb_lag1,0.0007627532884607692,agropastoral,0
maize_price_etb_lag3,0.00010838816850180457,agropastoral,0
maize_price_etb_lag6,0.002368131406577705,agropastoral,0
maize_price_etb_lag12,0.000581932216255887,agropastoral,0
maize_price_index,0.0004138418078243288,agropastoral,0
maize_price_index_lag1,0.002468050322757825,agropastoral,0
maize_price_index_lag3,0.0013797266290426552,agropastoral,0
maize_price_index_lag6,0.0038962266997646343,agropastoral,0
maize_price_index_lag12,0.004925247670378229,agropastoral,0
maize_n_markets,0.00039567424555007744,agropastoral,0
wheat_price_etb,0.0,agropastoral,0
wheat_price_etb_lag1,4.840339624747548e-06,agropastoral,0
wheat_price_etb_lag3,2.374749831422814e-05,agropastoral,0
wheat_price_etb_lag6,0.00010614848397860253,agropastoral,0
wheat_price_etb_lag12,9.206078069365525e-05,agropastoral,0
wheat_price_index,1.56714207801526e-05,agropastoral,0
wheat_price_index_lag1,5.139776046487005e-05,agropastoral,0
wheat_price_index_lag3,0.0,agropastoral,0
wheat_price_index_lag6,0.00016872265473658437,agropastoral,0
wheat_price_index_lag12,3.8121645611227324e-05,agropastoral,0
wheat_n_markets,0.00018855973429617961,agropastoral,0
sorghum_price_etb,0.00039234589171917175,agropastoral,0
sorghum_price_etb_lag1,0.000460663305070175,agropastoral,0
sorghum_price_etb_lag3,0.00017896501423330519,agropastoral,0
sorghum_price_etb_lag6,0.0005497913185215604,agropastoral,0
sorghum_price_etb_lag12,0.000523536002542246,agropastoral,0
sorghum_price_index,0.00859998681750099,agropastoral,0
sorghum_price_index_lag1,0.0028999162494928875,agropastoral,0
sorghum_price_index_lag3,0.003259321543491005,agropastoral,0
sorghum_price_index_lag6,0.0022530709685671933,agropastoral,0
sorghum_price_index_lag12,0.0014006419785737715,agropastoral,0
sorghum_n_markets,0.00045169629577351036,agropastoral,0
teff_price_etb_lag3,0.0,agropastoral,0
teff_n_markets,0.0,agropastoral,0
fuel_diesel_price_etb,0.0,agropastoral,0
fuel_diesel_price_etb_lag1,0.0,agropastoral,0
fuel_diesel_price_etb_lag3,0.0,agropastoral,0
fuel_diesel_price_etb_lag6,0.0,agropastoral,0
fuel_diesel_price_etb_lag12,0.0,agropastoral,0
fuel_diesel_n_markets,0.0,agropastoral,0
fuel_petrol_n_markets,0.0,agropastoral,0
livestock_goat_price_etb,0.0,agropastoral,0
livestock_goat_price_etb_lag1,0.0,agropastoral,0
livestock_goat_price_etb_lag3,0.0,agropastoral,0
livestock_goat_price_etb_lag6,0.0,agropastoral,0
livestock_goat_price_etb_lag12,0.0,agropastoral,0
livestock_goat_price_index,0.0,agropastoral,0
livestock_goat_price_index_lag1,0.0,agropastoral,0
livestock_goat_price_index_lag3,0.0,agropastoral,0
livestock_goat_price_index_lag6,0.0,agropastoral,0
livestock_goat_price_index_lag12,0.0,agropastoral,0
livestock_goat_n_markets,0.0,agropastoral,0
livestock_sheep_price_etb,0.0,agropastoral,0
livestock_sheep_price_etb_lag1,0.0,agropastoral,0
livestock_sheep_price_etb_lag3,0.0,agropastoral,0
livestock_sheep_price_etb_lag6,0.0,agropastoral,0
livestock_sheep_price_etb_lag12,0.0,agropastoral,0
livestock_sheep_price_index,0.0,agropastoral,0
livestock_sheep_price_index_lag1,0.0,agropastoral,0
livestock_sheep_price_index_lag3,0.0,agropastoral,0
livestock_sheep_price_index_lag6,0.0,agropastoral,0
livestock_sheep_price_index_lag12,0.0,agropastoral,0
livestock_sheep_n_markets,1.8630546508234948e-06,agropastoral,0
goat_maize_tot,0.0,agropastoral,0
goat_maize_tot_lag1,0.0,agropastoral,0
goat_maize_tot_lag3,5.978378796272473e-07,agropastoral,0
goat_maize_tot_lag6,0.0,agropastoral,0
goat_maize_tot_lag12,5.3112972491063897e-05,agropastoral,0
sheep_maize_tot,0.0,agropastoral,0
sheep_maize_tot_lag1,1.3043215682635645e-05,agropastoral,0
sheep_maize_tot_lag3,6.666458585540659e-07,agropastoral,0
sheep_maize_tot_lag6,0.0,agropastoral,0
sheep_maize_tot_lag12,0.0007731849748905724,agropastoral,0
maize_yield,0.0036398056690424997,agropastoral,0
maize_yield_anomaly,0.0026327399364677517,agropastoral,0
wheat_yield,0.0005087405955843453,agropastoral,0
wheat_yield_anomaly,0.0018341324900559494,agropastoral,0
sorghum_yield,0.0025792691230191057,agropastoral,0
sorghum_yield_anomaly,0.01087725921860058,agropastoral,0
teff_yield,0.001473200391079423,agropastoral,0
teff_yield_anomaly,0.0030675044865318257,agropastoral,0
headline_cpi,0.0010253384383381394,agropastoral,0
headline_cpi_lag1,0.002144332770816545,agropastoral,0
headline_cpi_lag3,0.00024671640774716087,agropastoral,0
headline_cpi_lag6,0.0006087765022641212,agropastoral,0
headline_cpi_lag12,0.0007090594171055985,agropastoral,0
headline_cpi_yoy_change,0.0021399476333017137,agropastoral,0
headline_cpi_yoy_change_lag1,0.0019522189513529159,agropastoral,0
headline_cpi_yoy_change_lag3,0.0006577440561672216,agropastoral,0
headline_cpi_yoy_change_lag6,0.0016018219667019982,agropastoral,0
headline_cpi_yoy_change_lag12,0.007508430616623183,agropastoral,0
food_cpi,0.00029275561094709387,agropastoral,0
food_cpi_lag1,0.00018390864891073698,agropastoral,0
food_cpi_lag3,0.00018214503777916067,agropastoral,0
food_cpi_lag6,0.0010554455233233615,agropastoral,0
food_cpi_lag12,0.000412982671841155,agropastoral,0
food_cpi_yoy_change,0.002315870366076753,agropastoral,0
food_cpi_yoy_change_lag1,0.0028548570432033217,agropastoral,0
food_cpi_yoy_change_lag3,0.001033922532394198,agropastoral,0
food_cpi_yoy_change_lag6,0.0026713872412775343,agropastoral,0
food_cpi_yoy_change_lag12,0.006762417228749243,agropastoral,0
headline_cpi_chainlinked,0.00018912628086327374,agropastoral,0
headline_cpi_chainlinked_lag1,0.0011521695546791565,agropastoral,0
headline_cpi_chainlinked_lag3,0.00028414304980803486,agropastoral,0
headline_cpi_chainlinked_lag6,0.0003510429849495669,agropastoral,0
headline_cpi_chainlinked_lag12,0.0007835635375359378,agropastoral,0
food_cpi_chainlinked,0.00015792773805824444,agropastoral,0
food_cpi_chainlinked_lag1,9.488602483570302e-05,agropastoral,0
food_cpi_chainlinked_lag3,0.00030168226699694,agropastoral,0
food_cpi_chainlinked_lag6,0.0015899870766527414,agropastoral,0
food_cpi_chainlinked_lag12,0.00013311579538153448,agropastoral,0
exchange_rate,3.7604100386327575e-05,agropastoral,0
exchange_rate_lag1,0.00022542680719727477,agropastoral,0
exchange_rate_lag3,0.0015501903163737244,agropastoral,0
exchange_rate_lag6,0.00041303280558029667,agropastoral,0
exchange_rate_lag12,0.00016169132662890583,agropastoral,0
exchange_rate_yoy_change,0.0051539417907679914,agropastoral,0
exchange_rate_yoy_change_lag1,0.0037581975102921384,agropastoral,0
exchange_rate_yoy_change_lag3,0.005299807476453224,agropastoral,0
exchange_rate_yoy_change_lag6,0.006991583485784225,agropastoral,0
exchange_rate_yoy_change_lag12,0.0023932928617680783,agropastoral,0
gdp_per_capita,0.00023486140717874813,agropastoral,0
gdp_per_capita_yoy_change,0.0023955598145450254,agropastoral,0
iod,0.004471326354106671,agropastoral,0
mei,0.003354000358576596,agropastoral,0
nino34,0.00436476766194029,agropastoral,0
iod_lag1,0.00178955688517652,agropastoral,0
iod_lag3,0.0034289609402332706,agropastoral,0
iod_lag6,0.015067630721647313,agropastoral,0
mei_lag1,0.0013856021228133438,agropastoral,0
mei_lag3,0.005322342572816834,agropastoral,0
mei_lag6,0.003887707970739868,agropastoral,0
nino34_lag1,0.0020914992051370984,agropastoral,0
nino34_lag3,0.0059358360785110986,agropastoral,0
nino34_lag6,0.003215185323756686,agropastoral,0
wvg,0.001630109735929616,agropastoral,0
wvg_lag1yr,0.001421848803724642,agropastoral,0
wvg_lag2yr,0.0006447372096343014,agropastoral,0
wvg_lag3yr,0.0005954999637229431,agropastoral,0
total_refugees_hosted,8.231198915936158e-05,agropastoral,0
total_refugees_hosted_yoy_change,0.0012984071656845736,agropastoral,0
total_asylum_seekers_hosted,0.0002890571227264151,agropastoral,0
total_asylum_seekers_hosted_yoy_change,0.0008334710376331271,agropastoral,0
idps_ethiopia,0.0,agropastoral,0
idps_ethiopia_yoy_change,0.0,agropastoral,0
season_national_belg_meher,2.7195955035204103e-06,agropastoral,0
season_somali_gu_deyr,0.0,agropastoral,0
months_since_assessment,0.0,crop_farming,0
pct_pastoral,0.0008808527445454446,crop_farming,0
pct_agropastoral,0.0005243939729102677,crop_farming,0
pct_crop_farming,0.0006819974121357595,crop_farming,0
is_harvest_season,0.0003140395841680973,crop_farming,0
is_lean_season,0.001464997927744538,crop_farming,0
is_dry_season,0.00011212430347286062,crop_farming,0
months_since_harvest_start,0.0007782032659180304,crop_farming,0
months_since_lean_start,0.06492241731797828,crop_farming,0
glofas_reach_count,0.006912148545389129,crop_farming,0
agss_surveyed_flag,0.0,crop_farming,0
ipc_lag1,0.2072021654400139,crop_farming,0
ipc_lag4,0.012093917654114507,crop_farming,0
ipc_lag8,0.03208272223802882,crop_farming,0
ipc_mean12,0.02224615845350252,crop_farming,0
ha_share_lag1,0.03577166418937278,crop_farming,0
ha_share_lag4,0.01113231638829048,crop_farming,0
ha_share_lag8,0.004965522565351682,crop_farming,0
ha_share_mean12,0.03992867229444676,crop_farming,0
total_rainfall_mm,0.0017257960332427622,crop_farming,0
wet_days,0.0023165553832284734,crop_farming,0
max_dry_spell_length,0.004859206663297229,crop_farming,0
rainfall_sum_1m,0.001779478420860582,crop_farming,0
rainfall_sum_3m,0.0027792067017201496,crop_farming,0
rainfall_sum_6m,0.007501791954835561,crop_farming,0
rainfall_sum_12m,0.011433958106480555,crop_farming,0
rainfall_sum_24m,0.008527347445196815,crop_farming,0
spi_1,0.008295338376981218,crop_farming,0
spi_3,0.005297595932752483,crop_farming,0
spi_6,0.024261456894908304,crop_farming,0
spi_12,0.011196638236671176,crop_farming,0
spi_24,0.00662298893314288,crop_farming,0
pet_mm,0.0038637875595817174,crop_farming,0
sm_root,0.001632450800164552,crop_farming,0
precip_mm,0.0020532298218457956,crop_farming,0
spei_balance_mm,0.0013887784024159647,crop_farming,0
sm_mean_1m,0.001522398249424208,crop_farming,0
spei_balance_sum_1m,0.0014959196258453077,crop_farming,0
sm_mean_3m,0.0022208570974364852,crop_farming,0
spei_balance_sum_3m,0.0020026950875288766,crop_farming,0
sm_mean_6m,0.004689606272033897,crop_farming,0
spei_balance_sum_6m,0.01428738901239777,crop_farming,0
sm_mean_12m,0.002387086880541489,crop_farming,0
spei_balance_sum_12m,0.0019139289425812273,crop_farming,0
sm_mean_24m,0.002227141108585363,crop_farming,0
spei_balance_sum_24m,0.0017671906349427178,crop_farming,0
ssmi_1,0.00348051133424237,crop_farming,0
ssmi_3,0.005051412730017612,crop_farming,0
ssmi_6,0.004533301317265816,crop_farming,0
ssmi_12,0.003425420418170262,crop_farming,0
ssmi_24,0.003163182350514385,crop_farming,0
spei_1,0.00530738780245265,crop_farming,0
spei_3,0.004356104835249624,crop_farming,0
spei_6,0.005096829553663436,crop_farming,0
spei_12,0.004329860822135668,crop_farming,0
spei_24,0.003288900916156954,crop_farming,0
ndvi,0.008444232449757734,crop_farming,0
ndvi_anomaly,0.006299058363779139,crop_farming,0
ndvi_lag1,0.008376221142994293,crop_farming,0
ndvi_lag3,0.0033149525323210314,crop_farming,0
ndvi_lag6,0.0050537355901896066,crop_farming,0
ndvi_lag12,0.0027013629551622402,crop_farming,0
ndvi_anomaly_lag1,0.004721715013990367,crop_farming,0
ndvi_anomaly_lag3,0.006990279129076928,crop_farming,0
ndvi_anomaly_lag6,0.004569816716745412,crop_farming,0
ndvi_anomaly_lag12,0.0033235847387651216,crop_farming,0
ndvi_cropland,0.004041895362324212,crop_farming,0
ndvi_cropland_anomaly,0.005046902177652635,crop_farming,0
ndvi_cropland_lag1,0.006009202142588569,crop_farming,0
ndvi_cropland_lag3,0.003195059195216961,crop_farming,0
ndvi_cropland_lag6,0.0035163469111882655,crop_farming,0
ndvi_cropland_lag12,0.002467395699414304,crop_farming,0
ndvi_cropland_anomaly_lag1,0.00501606500197087,crop_farming,0
ndvi_cropland_anomaly_lag3,0.005392961337216063,crop_farming,0
ndvi_cropland_anomaly_lag6,0.0038646640581727694,crop_farming,0
ndvi_cropland_anomaly_lag12,0.0038867582025233997,crop_farming,0
ndvi_rangeland,0.0022487929173685226,crop_farming,0
ndvi_rangeland_anomaly,0.004442112449088328,crop_farming,0
ndvi_rangeland_lag1,0.003336823144997341,crop_farming,0
ndvi_rangeland_lag3,0.005102119110664427,crop_farming,0
ndvi_rangeland_lag6,0.004089301263160242,crop_farming,0
ndvi_rangeland_lag12,0.0014477825441505607,crop_farming,0
ndvi_rangeland_anomaly_lag1,0.002871373189016753,crop_farming,0
ndvi_rangeland_anomaly_lag3,0.00614258525492225,crop_farming,0
ndvi_rangeland_anomaly_lag6,0.004070209078312724,crop_farming,0
ndvi_rangeland_anomaly_lag12,0.004250432241560246,crop_farming,0
acled_event_count,7.176546526776456e-05,crop_farming,0
acled_fatalities,0.000755104009478738,crop_farming,0
acled_event_count_political_violence,0.00027589864832686003,crop_farming,0
acled_fatalities_political_violence,0.0005502832506261151,crop_farming,0
acled_event_count_demonstrations,6.151571676148279e-05,crop_farming,0
acled_fatalities_demonstrations,0.0,crop_farming,0
acled_event_count_strategic_developments,3.957526511648141e-06,crop_farming,0
acled_fatalities_strategic_developments,0.0,crop_farming,0
acled_event_count_lag1,4.841049699616671e-05,crop_farming,0
acled_fatalities_lag1,0.0001960292251642583,crop_farming,0
acled_event_count_political_violence_lag1,8.110464756371111e-05,crop_farming,0
acled_fatalities_political_violence_lag1,0.0001982184038165837,crop_farming,0
acled_event_count_demonstrations_lag1,2.1232883463511006e-05,crop_farming,0
acled_fatalities_demonstrations_lag1,4.8414931650307825e-05,crop_farming,0
acled_event_count_strategic_developments_lag1,0.0,crop_farming,0
acled_fatalities_strategic_developments_lag1,0.0,crop_farming,0
acled_event_count_lag3,0.00014310214114285122,crop_farming,0
acled_fatalities_lag3,4.087836701962861e-05,crop_farming,0
acled_event_count_political_violence_lag3,9.323483381806153e-05,crop_farming,0
acled_fatalities_political_violence_lag3,0.00011214917399337327,crop_farming,0
acled_event_count_demonstrations_lag3,5.202944660306131e-05,crop_farming,0
acled_fatalities_demonstrations_lag3,1.9628605034879794e-05,crop_farming,0
acled_event_count_strategic_developments_lag3,0.0,crop_farming,0
acled_fatalities_strategic_developments_lag3,0.0,crop_farming,0
acled_event_count_lag6,0.00014303315593980096,crop_farming,0
acled_fatalities_lag6,0.00016943639823802743,crop_farming,0
acled_event_count_political_violence_lag6,0.00014913484188154566,crop_farming,0
acled_fatalities_political_violence_lag6,8.225410248090293e-05,crop_farming,0
acled_event_count_demonstrations_lag6,0.00016795793948653232,crop_farming,0
acled_fatalities_demonstrations_lag6,7.703741357481349e-05,crop_farming,0
acled_event_count_strategic_developments_lag6,0.0,crop_farming,0
acled_fatalities_strategic_developments_lag6,0.0,crop_farming,0
acled_event_count_lag12,0.00013804055665557095,crop_farming,0
acled_fatalities_lag12,5.41469966708621e-05,crop_farming,0
acled_event_count_political_violence_lag12,5.8146223072312916e-05,crop_farming,0
acled_fatalities_political_violence_lag12,0.00024325617356418065,crop_farming,0
acled_event_count_demonstrations_lag12,8.197734611450457e-05,crop_farming,0
acled_fatalities_demonstrations_lag12,2.189409553098814e-05,crop_farming,0
acled_event_count_strategic_developments_lag12,4.469913577740137e-05,crop_farming,0
acled_fatalities_strategic_developments_lag12,0.0,crop_farming,0
maize_price_etb,9.989583052985694e-05,crop_farming,0
maize_price_etb_lag1,0.0004392333049720391,crop_farming,0
maize_price_etb_lag3,0.00043321155441079643,crop_farming,0
maize_price_etb_lag6,0.000462177891848675,crop_farming,0
maize_price_etb_lag12,0.0010624300578005656,crop_farming,0
maize_price_index,0.0002470899751383757,crop_farming,0
maize_price_index_lag1,0.000308982080958296,crop_farming,0
maize_price_index_lag3,0.0004370878241677015,crop_farming,0
maize_price_index_lag6,0.0004047750033126599,crop_farming,0
maize_price_index_lag12,0.0011194042319127718,crop_farming,0
maize_n_markets,0.00013150117417436475,crop_farming,0
wheat_price_etb,0.00015148701568451183,crop_farming,0
wheat_price_etb_lag1,0.0001012665514412247,crop_farming,0
wheat_price_etb_lag3,0.0004160260844855565,crop_farming,0
wheat_price_etb_lag6,0.0009586659320183459,crop_farming,0
wheat_price_etb_lag12,0.0004197000584999096,crop_farming,0
wheat_price_index,0.00023017049679869512,crop_farming,0
wheat_price_index_lag1,0.00021701056229258398,crop_farming,0
wheat_price_index_lag3,0.0003547882629606936,crop_farming,0
wheat_price_index_lag6,0.00015710998973742467,crop_farming,0
wheat_price_index_lag12,0.00020671837191446875,crop_farming,0
wheat_n_markets,8.87195356627449e-05,crop_farming,0
sorghum_price_etb,0.00040155552081209153,crop_farming,0
sorghum_price_etb_lag1,0.0002806612517265676,crop_farming,0
sorghum_price_etb_lag3,0.0005927229438306462,crop_farming,0
sorghum_price_etb_lag6,0.00041980065448500326,crop_farming,0
sorghum_price_etb_lag12,0.0011120923191461226,crop_farming,0
sorghum_price_index,0.0003410165985837773,crop_farming,0
sorghum_price_index_lag1,0.0002653075866492091,crop_farming,0
sorghum_price_index_lag3,0.0005670270835147667,crop_farming,0
sorghum_price_index_lag6,0.000812145396223209,crop_farming,0
sorghum_price_index_lag12,0.000568308823634349,crop_farming,0
sorghum_n_markets,0.00010340050537391429,crop_farming,0
teff_price_etb,0.0,crop_farming,0
teff_price_etb_lag1,0.0,crop_farming,0
teff_price_etb_lag3,0.0,crop_farming,0
teff_price_etb_lag6,0.0,crop_farming,0
teff_price_etb_lag12,0.0,crop_farming,0
teff_price_index,0.0,crop_farming,0
teff_price_index_lag1,0.0,crop_farming,0
teff_price_index_lag3,0.0,crop_farming,0
teff_price_index_lag6,0.0,crop_farming,0
teff_price_index_lag12,0.0,crop_farming,0
teff_n_markets,0.0,crop_farming,0
fuel_diesel_price_etb,0.0,crop_farming,0
fuel_diesel_price_etb_lag1,0.0,crop_farming,0
fuel_diesel_price_etb_lag3,0.0,crop_farming,0
fuel_diesel_price_etb_lag6,0.0,crop_farming,0
fuel_diesel_price_etb_lag12,0.0,crop_farming,0
fuel_diesel_price_index,0.0,crop_farming,0
fuel_diesel_price_index_lag1,0.0,crop_farming,0
fuel_diesel_price_index_lag3,0.0,crop_farming,0
fuel_diesel_price_index_lag6,0.0,crop_farming,0
fuel_diesel_price_index_lag12,0.0,crop_farming,0
fuel_diesel_n_markets,0.0,crop_farming,0
fuel_petrol_price_etb,0.0,crop_farming,0
fuel_petrol_price_etb_lag1,0.0,crop_farming,0
fuel_petrol_price_etb_lag3,0.0,crop_farming,0
fuel_petrol_price_etb_lag6,0.0,crop_farming,0
fuel_petrol_price_etb_lag12,0.0,crop_farming,0
fuel_petrol_price_index,0.0,crop_farming,0
fuel_petrol_price_index_lag1,0.0,crop_farming,0
fuel_petrol_price_index_lag3,0.0,crop_farming,0
fuel_petrol_price_index_lag6,0.0,crop_farming,0
fuel_petrol_price_index_lag12,0.0,crop_farming,0
fuel_petrol_n_markets,0.0,crop_farming,0
livestock_goat_price_etb,0.0,crop_farming,0
livestock_goat_price_etb_lag1,0.0,crop_farming,0
livestock_goat_price_etb_lag3,0.0,crop_farming,0
livestock_goat_price_etb_lag6,0.0,crop_farming,0
livestock_goat_price_etb_lag12,0.0,crop_farming,0
livestock_goat_price_index,0.0,crop_farming,0
livestock_goat_price_index_lag1,0.0,crop_farming,0
livestock_goat_price_index_lag3,0.0,crop_farming,0
livestock_goat_price_index_lag6,0.0,crop_farming,0
livestock_goat_price_index_lag12,0.0,crop_farming,0
livestock_goat_n_markets,0.0,crop_farming,0
livestock_sheep_price_etb,0.0,crop_farming,0
livestock_sheep_price_etb_lag1,0.0,crop_farming,0
livestock_sheep_price_etb_lag3,0.0,crop_farming,0
livestock_sheep_price_etb_lag6,0.0,crop_farming,0
livestock_sheep_price_etb_lag12,0.0,crop_farming,0
livestock_sheep_price_index,0.0,crop_farming,0
livestock_sheep_price_index_lag1,0.0,crop_farming,0
livestock_sheep_price_index_lag3,0.0,crop_farming,0
livestock_sheep_price_index_lag6,0.0,crop_farming,0
livestock_sheep_price_index_lag12,0.0,crop_farming,0
livestock_sheep_n_markets,0.0,crop_farming,0
goat_maize_tot,0.0,crop_farming,0
goat_maize_tot_lag1,0.0,crop_farming,0
goat_maize_tot_lag3,0.0,crop_farming,0
goat_maize_tot_lag6,0.0,crop_farming,0
goat_maize_tot_lag12,0.0,crop_farming,0
sheep_maize_tot,0.0,crop_farming,0
sheep_maize_tot_lag1,0.0,crop_farming,0
sheep_maize_tot_lag3,0.0,crop_farming,0
sheep_maize_tot_lag6,0.0,crop_farming,0
sheep_maize_tot_lag12,0.0,crop_farming,0
maize_yield,0.0029668463410359794,crop_farming,0
maize_yield_anomaly,0.0027757228448905963,crop_farming,0
wheat_yield,0.0021235497683680777,crop_farming,0
wheat_yield_anomaly,0.0019206449102452834,crop_farming,0
sorghum_yield,0.003145106733269232,crop_farming,0
sorghum_yield_anomaly,0.0022861795703900717,crop_farming,0
teff_yield,0.0025012187441617005,crop_farming,0
teff_yield_anomaly,0.002411856765956782,crop_farming,0
headline_cpi,0.0003172908603902803,crop_farming,0
headline_cpi_lag1,0.0020988635362055594,crop_farming,0
headline_cpi_lag3,0.0002109689968282024,crop_farming,0
headline_cpi_lag6,0.000328640383793394,crop_farming,0
headline_cpi_lag12,0.000944185046826072,crop_farming,0
headline_cpi_yoy_change,0.011161354957915055,crop_farming,0
headline_cpi_yoy_change_lag1,0.026796983119521955,crop_farming,0
headline_cpi_yoy_change_lag3,0.004022020014766353,crop_farming,0
headline_cpi_yoy_change_lag6,0.0031730698504664917,crop_farming,0
headline_cpi_yoy_change_lag12,0.006055322245173785,crop_farming,0
food_cpi,0.0004153007115189581,crop_farming,0
food_cpi_lag1,0.00030278444708553895,crop_farming,0
food_cpi_lag3,0.00011588578723802299,crop_farming,0
food_cpi_lag6,0.00013255977120892553,crop_farming,0
food_cpi_lag12,0.0001709229165159456,crop_farming,0
food_cpi_yoy_change,0.01445768336645326,crop_farming,0
food_cpi_yoy_change_lag1,0.0024281538713990525,crop_farming,0
food_cpi_yoy_change_lag3,0.005497967116435383,crop_farming,0
food_cpi_yoy_change_lag6,0.001627767553030135,crop_farming,0
food_cpi_yoy_change_lag12,0.002581993694379391,crop_farming,0
headline_cpi_chainlinked,6.06750224994241e-05,crop_farming,0
headline_cpi_chainlinked_lag1,0.001103387676727944,crop_farming,0
headline_cpi_chainlinked_lag3,0.00019063918577914377,crop_farming,0
headline_cpi_chainlinked_lag6,0.00022328191496899774,crop_farming,0
headline_cpi_chainlinked_lag12,0.0007201156170218121,crop_farming,0
food_cpi_chainlinked,6.619215838730244e-05,crop_farming,0
food_cpi_chainlinked_lag1,0.00020622885391608447,crop_farming,0
food_cpi_chainlinked_lag3,7.920563132777563e-05,crop_farming,0
food_cpi_chainlinked_lag6,0.0001241325460177766,crop_farming,0
food_cpi_chainlinked_lag12,7.236017955803953e-05,crop_farming,0
exchange_rate,6.330574196987869e-05,crop_farming,0
exchange_rate_lag1,5.405501305901304e-05,crop_farming,0
exchange_rate_lag3,0.0002008442067329027,crop_farming,0
exchange_rate_lag6,6.570201000639459e-05,crop_farming,0
exchange_rate_lag12,0.00010576620043037652,crop_farming,0
exchange_rate_yoy_change,0.006180852226570955,crop_farming,0
exchange_rate_yoy_change_lag1,0.00168278907806883,crop_farming,0
exchange_rate_yoy_change_lag3,0.010813473475775433,crop_farming,0
exchange_rate_yoy_change_lag6,0.004573337134003591,crop_farming,0
exchange_rate_yoy_change_lag12,0.003882962980901594,crop_farming,0
gdp_per_capita,4.3879520163085095e-06,crop_farming,0
gdp_per_capita_yoy_change,0.0007092514535334764,crop_farming,0
iod,0.004251192248551221,crop_farming,0
mei,0.0014317346052838155,crop_farming,0
nino34,0.004413885800536031,crop_farming,0
iod_lag1,0.0037102448744921993,crop_farming,0
iod_lag3,0.004648182897997947,crop_farming,0
iod_lag6,0.02060786518954015,crop_farming,0
mei_lag1,0.008644529783551945,crop_farming,0
mei_lag3,0.0025010263888914286,crop_farming,0
mei_lag6,0.002736707455393242,crop_farming,0
nino34_lag1,0.0016971841805499025,crop_farming,0
nino34_lag3,0.02032074385736801,crop_farming,0
nino34_lag6,0.0031110198604160323,crop_farming,0
wvg,0.003775513506842131,crop_farming,0
wvg_lag1yr,0.0025598870733600765,crop_farming,0
wvg_lag2yr,0.0011705629597578073,crop_farming,0
wvg_lag3yr,0.0014390198070166023,crop_farming,0
total_refugees_hosted,8.920369572522448e-05,crop_farming,0
total_refugees_hosted_yoy_change,0.0004852648643795037,crop_farming,0
total_asylum_seekers_hosted,0.0010012340736183219,crop_farming,0
total_asylum_seekers_hosted_yoy_change,0.0007921036266977593,crop_farming,0
idps_ethiopia,1.2855568172218051e-05,crop_farming,0
idps_ethiopia_yoy_change,0.0,crop_farming,0
season_benishangul_meher_only,0.0,crop_farming,0
season_national_belg_meher,0.0,crop_farming,0
months_since_assessment,0.0,pastoral,1
pct_pastoral,0.003309497025826719,pastoral,1
pct_agropastoral,0.0022064655859646474,pastoral,1
pct_crop_farming,0.0025121453349717677,pastoral,1
is_harvest_season,0.00040230735149299885,pastoral,1
is_lean_season,0.0002902446747509444,pastoral,1
is_dry_season,0.000349997270118367,pastoral,1
months_since_harvest_start,0.001630976463941375,pastoral,1
months_since_lean_start,0.011713724155656552,pastoral,1
glofas_reach_count,0.003445391908206377,pastoral,1
agss_surveyed_flag,0.00042051343600944363,pastoral,1
ipc_lag1,0.1792049995516097,pastoral,1
ipc_lag4,0.024013301230643776,pastoral,1
ipc_lag8,0.006261931883948666,pastoral,1
ipc_mean12,0.010872589216887612,pastoral,1
ha_share_lag1,0.023313989433086522,pastoral,1
ha_share_lag4,0.003930590644098097,pastoral,1
ha_share_lag8,0.003236591446875249,pastoral,1
ha_share_mean12,0.0049810128397435515,pastoral,1
total_rainfall_mm,0.0015810202318699588,pastoral,1
wet_days,0.003603256455412277,pastoral,1
max_dry_spell_length,0.00562030307564413,pastoral,1
rainfall_sum_1m,0.0017193801191161835,pastoral,1
rainfall_sum_3m,0.006138965871318515,pastoral,1
rainfall_sum_6m,0.01292110296855662,pastoral,1
rainfall_sum_12m,0.008168256257224733,pastoral,1
rainfall_sum_24m,0.003819337239973044,pastoral,1
spi_1,0.013002086495182013,pastoral,1
spi_3,0.0499075178350215,pastoral,1
spi_6,0.039985024927089524,pastoral,1
spi_12,0.01507265141141793,pastoral,1
spi_24,0.008042250135583085,pastoral,1
pet_mm,0.004330036754928729,pastoral,1
sm_root,0.0019047074207292933,pastoral,1
precip_mm,0.0013118828619626613,pastoral,1
spei_balance_mm,0.0025363251899762746,pastoral,1
sm_mean_1m,0.001813566528051416,pastoral,1
spei_balance_sum_1m,0.002417245758978427,pastoral,1
sm_mean_3m,0.005039925279850949,pastoral,1
spei_balance_sum_3m,0.006247046719791202,pastoral,1
sm_mean_6m,0.003953091656984118,pastoral,1
spei_balance_sum_6m,0.008072786758148416,pastoral,1
sm_mean_12m,0.0027681245043394685,pastoral,1
spei_balance_sum_12m,0.008375895671149783,pastoral,1
sm_mean_24m,0.003263699027292642,pastoral,1
spei_balance_sum_24m,0.005873981042020641,pastoral,1
ssmi_1,0.0026899447861789445,pastoral,1
ssmi_3,0.005722173037385044,pastoral,1
ssmi_6,0.005488393334015929,pastoral,1
ssmi_12,0.005370617456671728,pastoral,1
ssmi_24,0.005375778642566268,pastoral,1
spei_1,0.0074224705894457834,pastoral,1
spei_3,0.015720656729725623,pastoral,1
spei_6,0.058556079904938774,pastoral,1
spei_12,0.014050135577252638,pastoral,1
spei_24,0.005320533390538593,pastoral,1
ndvi,0.0026368886615570847,pastoral,1
ndvi_anomaly,0.02597686379613987,pastoral,1
ndvi_lag1,0.0040185098112741156,pastoral,1
ndvi_lag3,0.005015019999621032,pastoral,1
ndvi_lag6,0.0037300001398786397,pastoral,1
ndvi_lag12,0.002401870479443649,pastoral,1
ndvi_anomaly_lag1,0.012418815194292842,pastoral,1
ndvi_anomaly_lag3,0.008332324854713786,pastoral,1
ndvi_anomaly_lag6,0.002918833309934985,pastoral,1
ndvi_anomaly_lag12,0.003207742588767022,pastoral,1
ndvi_cropland,0.0032302920489355245,pastoral,1
ndvi_cropland_anomaly,0.004069120752492309,pastoral,1
ndvi_cropland_lag1,0.004980568631293157,pastoral,1
ndvi_cropland_lag3,0.003783160876834162,pastoral,1
ndvi_cropland_lag6,0.004760885514806617,pastoral,1
ndvi_cropland_lag12,0.0021785616625892125,pastoral,1
ndvi_cropland_anomaly_lag1,0.005821966666764447,pastoral,1
ndvi_cropland_anomaly_lag3,0.004545054165800878,pastoral,1
ndvi_cropland_anomaly_lag6,0.004378758466826406,pastoral,1
ndvi_cropland_anomaly_lag12,0.005010441052050368,pastoral,1
ndvi_rangeland,0.0016698735000443394,pastoral,1
ndvi_rangeland_anomaly,0.014130835327214186,pastoral,1
ndvi_rangeland_lag1,0.0027047376099823303,pastoral,1
ndvi_rangeland_lag3,0.003251301183456715,pastoral,1
ndvi_rangeland_lag6,0.0041600057468035205,pastoral,1
ndvi_rangeland_lag12,0.001951639897491003,pastoral,1
ndvi_rangeland_anomaly_lag1,0.007185723161845992,pastoral,1
ndvi_rangeland_anomaly_lag3,0.004145547422239558,pastoral,1
ndvi_rangeland_anomaly_lag6,0.003922518642188354,pastoral,1
ndvi_rangeland_anomaly_lag12,0.004300087132990808,pastoral,1
acled_event_count,0.00019728539699115447,pastoral,1
acled_fatalities,0.00029993050283764604,pastoral,1
acled_event_count_political_violence,0.00012624608155660766,pastoral,1
acled_fatalities_political_violence,0.00022503146794923597,pastoral,1
acled_event_count_demonstrations,0.0001888934221610217,pastoral,1
acled_fatalities_demonstrations,3.728695596042537e-05,pastoral,1
acled_event_count_strategic_developments,3.09849321384284e-05,pastoral,1
acled_fatalities_strategic_developments,0.0,pastoral,1
acled_event_count_lag1,0.0001873521198002282,pastoral,1
acled_fatalities_lag1,1.9101458070226196e-05,pastoral,1
acled_event_count_political_violence_lag1,9.189563673478438e-05,pastoral,1
acled_fatalities_political_violence_lag1,2.0884568755200314e-05,pastoral,1
acled_event_count_demonstrations_lag1,1.00904515954087e-07,pastoral,1
acled_fatalities_demonstrations_lag1,0.0,pastoral,1
acled_event_count_strategic_developments_lag1,0.0,pastoral,1
acled_fatalities_strategic_developments_lag1,0.0,pastoral,1
acled_event_count_lag3,0.00012626114893923867,pastoral,1
acled_fatalities_lag3,6.562763145932812e-05,pastoral,1
acled_event_count_political_violence_lag3,0.0002201240812239027,pastoral,1
acled_fatalities_political_violence_lag3,2.220477480824665e-05,pastoral,1
acled_event_count_demonstrations_lag3,0.00041962577990960713,pastoral,1
acled_fatalities_demonstrations_lag3,0.0,pastoral,1
acled_event_count_strategic_developments_lag3,0.0,pastoral,1
acled_fatalities_strategic_developments_lag3,0.0,pastoral,1
acled_event_count_lag6,0.00010889045195621594,pastoral,1
acled_fatalities_lag6,0.00041159644891324595,pastoral,1
acled_event_count_political_violence_lag6,0.0003242008369748009,pastoral,1
acled_fatalities_political_violence_lag6,0.0005026365799656227,pastoral,1
acled_event_count_demonstrations_lag6,0.0,pastoral,1
acled_fatalities_demonstrations_lag6,0.0,pastoral,1
acled_event_count_strategic_developments_lag6,0.0,pastoral,1
acled_fatalities_strategic_developments_lag6,0.0,pastoral,1
acled_event_count_lag12,0.0002944830134659899,pastoral,1
acled_fatalities_lag12,0.0008098187451819289,pastoral,1
acled_event_count_political_violence_lag12,0.00016167233704304838,pastoral,1
acled_fatalities_political_violence_lag12,0.00034899344851201325,pastoral,1
acled_event_count_demonstrations_lag12,0.0002301919949836927,pastoral,1
acled_fatalities_demonstrations_lag12,1.7678210909174707e-05,pastoral,1
acled_event_count_strategic_developments_lag12,0.0,pastoral,1
acled_fatalities_strategic_developments_lag12,0.0,pastoral,1
maize_price_etb,0.001122432664755996,pastoral,1
maize_price_etb_lag1,0.0010366524168792437,pastoral,1
maize_price_etb_lag3,0.0021561066483928824,pastoral,1
maize_price_etb_lag6,0.0007947915833596893,pastoral,1
maize_price_etb_lag12,0.001390314415371383,pastoral,1
maize_price_index,0.00035137923463534547,pastoral,1
maize_price_index_lag1,0.0002977412896084848,pastoral,1
maize_price_index_lag3,0.0008959052271536287,pastoral,1
maize_price_index_lag6,0.001026950341515514,pastoral,1
maize_price_index_lag12,0.001212202452737873,pastoral,1
maize_n_markets,4.7767205953489796e-05,pastoral,1
wheat_price_etb,0.000545287291543857,pastoral,1
wheat_price_etb_lag1,0.0002676137381909266,pastoral,1
wheat_price_etb_lag3,0.0003755810355659241,pastoral,1
wheat_price_etb_lag6,0.0036390275865239487,pastoral,1
wheat_price_etb_lag12,0.0005675826643734704,pastoral,1
wheat_price_index,3.262299928489043e-05,pastoral,1
wheat_price_index_lag1,0.00024663602404576717,pastoral,1
wheat_price_index_lag3,0.00045097334068739276,pastoral,1
wheat_price_index_lag6,0.00013012222657107558,pastoral,1
wheat_price_index_lag12,0.00015249675181500008,pastoral,1
wheat_n_markets,4.68831366887666e-06,pastoral,1
sorghum_price_etb,0.0006538826688258532,pastoral,1
sorghum_price_etb_lag1,0.0001917337769029459,pastoral,1
sorghum_price_etb_lag3,0.00013060294133071065,pastoral,1
sorghum_price_etb_lag6,0.0035986005922959323,pastoral,1
sorghum_price_etb_lag12,0.00033637437876379687,pastoral,1
sorghum_price_index,0.0003983708402158622,pastoral,1
sorghum_price_index_lag1,0.001090593018106532,pastoral,1
sorghum_price_index_lag3,3.3713512446106085e-05,pastoral,1
sorghum_price_index_lag6,0.0005675151863644208,pastoral,1
sorghum_price_index_lag12,8.316501346720159e-05,pastoral,1
sorghum_n_markets,3.115586696754501e-05,pastoral,1
teff_price_etb,0.0,pastoral,1
teff_price_etb_lag1,0.0,pastoral,1
teff_price_etb_lag3,0.0,pastoral,1
teff_price_etb_lag6,0.0,pastoral,1
teff_price_etb_lag12,0.0,pastoral,1
teff_price_index,0.0,pastoral,1
teff_price_index_lag1,0.0,pastoral,1
teff_price_index_lag3,0.0,pastoral,1
teff_price_index_lag6,0.0,pastoral,1
teff_price_index_lag12,0.0,pastoral,1
teff_n_markets,0.0,pastoral,1
fuel_diesel_price_etb,0.0,pastoral,1
fuel_diesel_price_etb_lag1,0.0,pastoral,1
fuel_diesel_price_etb_lag3,0.0,pastoral,1
fuel_diesel_price_etb_lag6,0.0,pastoral,1
fuel_diesel_price_etb_lag12,0.0,pastoral,1
fuel_diesel_price_index,0.0,pastoral,1
fuel_diesel_price_index_lag1,0.0,pastoral,1
fuel_diesel_price_index_lag3,0.0,pastoral,1
fuel_diesel_price_index_lag6,0.0,pastoral,1
fuel_diesel_price_index_lag12,0.0,pastoral,1
fuel_diesel_n_markets,0.0,pastoral,1
fuel_petrol_n_markets,0.0,pastoral,1
livestock_goat_price_etb,0.0,pastoral,1
livestock_goat_price_etb_lag1,0.0,pastoral,1
livestock_goat_price_etb_lag3,0.0,pastoral,1
livestock_goat_price_etb_lag6,0.0,pastoral,1
livestock_goat_price_etb_lag12,0.0,pastoral,1
livestock_goat_price_index,0.0,pastoral,1
livestock_goat_price_index_lag1,0.0,pastoral,1
livestock_goat_price_index_lag3,0.0,pastoral,1
livestock_goat_price_index_lag6,0.0,pastoral,1
livestock_goat_price_index_lag12,0.0,pastoral,1
livestock_goat_n_markets,2.272877523723508e-06,pastoral,1
livestock_sheep_price_etb,0.0,pastoral,1
livestock_sheep_price_etb_lag1,0.0,pastoral,1
livestock_sheep_price_etb_lag3,0.0,pastoral,1
livestock_sheep_price_etb_lag6,0.0,pastoral,1
livestock_sheep_price_etb_lag12,0.0,pastoral,1
livestock_sheep_price_index,0.0,pastoral,1
livestock_sheep_price_index_lag1,0.0,pastoral,1
livestock_sheep_price_index_lag3,0.0,pastoral,1
livestock_sheep_price_index_lag6,0.0,pastoral,1
livestock_sheep_price_index_lag12,0.0,pastoral,1
livestock_sheep_n_markets,0.0,pastoral,1
goat_maize_tot,0.0,pastoral,1
goat_maize_tot_lag1,0.0,pastoral,1
goat_maize_tot_lag3,0.0,pastoral,1
goat_maize_tot_lag6,0.0,pastoral,1
goat_maize_tot_lag12,0.0,pastoral,1
sheep_maize_tot,0.0,pastoral,1
sheep_maize_tot_lag1,0.0,pastoral,1
sheep_maize_tot_lag3,0.0,pastoral,1
sheep_maize_tot_lag6,0.0,pastoral,1
sheep_maize_tot_lag12,0.0,pastoral,1
maize_yield,0.0010080557267813188,pastoral,1
maize_yield_anomaly,0.0005555204623151451,pastoral,1
wheat_yield,0.00022729685145103157,pastoral,1
wheat_yield_anomaly,0.0004754596661231467,pastoral,1
sorghum_yield,6.543040120759627e-06,pastoral,1
sorghum_yield_anomaly,2.0130593059995768e-05,pastoral,1
teff_yield,0.000281696508453034,pastoral,1
teff_yield_anomaly,0.0003040077025270702,pastoral,1
headline_cpi,0.0007058069186068738,pastoral,1
headline_cpi_lag1,0.00045648974077039134,pastoral,1
headline_cpi_lag3,0.00027942226668212905,pastoral,1
headline_cpi_lag6,0.0003997857199231409,pastoral,1
headline_cpi_lag12,0.001137633153619618,pastoral,1
headline_cpi_yoy_change,0.0006571307225089063,pastoral,1
headline_cpi_yoy_change_lag1,0.002552811499566909,pastoral,1
headline_cpi_yoy_change_lag3,0.00919526147182312,pastoral,1
headline_cpi_yoy_change_lag6,0.0005907139184788772,pastoral,1
headline_cpi_yoy_change_lag12,0.0015011170480030837,pastoral,1
food_cpi,0.000514396107765243,pastoral,1
food_cpi_lag1,0.0017702523725136932,pastoral,1
food_cpi_lag3,0.0002508192365144122,pastoral,1
food_cpi_lag6,0.0006087196732493318,pastoral,1
food_cpi_lag12,0.00043291837272909473,pastoral,1
food_cpi_yoy_change,0.0013022463277846822,pastoral,1
food_cpi_yoy_change_lag1,0.0012763895504740875,pastoral,1
food_cpi_yoy_change_lag3,0.0024985550645491594,pastoral,1
food_cpi_yoy_change_lag6,0.002890405011985497,pastoral,1
food_cpi_yoy_change_lag12,0.0020439074304632278,pastoral,1
headline_cpi_chainlinked,0.000707264928774565,pastoral,1
headline_cpi_chainlinked_lag1,0.0008087699016197682,pastoral,1
headline_cpi_chainlinked_lag3,0.0008321924709432232,pastoral,1
headline_cpi_chainlinked_lag6,0.0010306565969624294,pastoral,1
headline_cpi_chainlinked_lag12,0.0005019871183234448,pastoral,1
food_cpi_chainlinked,0.0007263648540242998,pastoral,1
food_cpi_chainlinked_lag1,0.0005910349318960837,pastoral,1
food_cpi_chainlinked_lag3,0.00029113059694691764,pastoral,1
food_cpi_chainlinked_lag6,0.00027455561242073446,pastoral,1
food_cpi_chainlinked_lag12,0.0004498582366960829,pastoral,1
exchange_rate,0.00014933698490763206,pastoral,1
exchange_rate_lag1,0.00023040990744177414,pastoral,1
exchange_rate_lag3,0.0009385907275571176,pastoral,1
exchange_rate_lag6,0.000301085474372347,pastoral,1
exchange_rate_lag12,0.00018972934773891196,pastoral,1
exchange_rate_yoy_change,0.002125712158579936,pastoral,1
exchange_rate_yoy_change_lag1,0.0034516696575661323,pastoral,1
exchange_rate_yoy_change_lag3,0.0024386529624175197,pastoral,1
exchange_rate_yoy_change_lag6,0.0013235355134823244,pastoral,1
exchange_rate_yoy_change_lag12,0.00824459545652609,pastoral,1
gdp_per_capita,0.00025187739546358887,pastoral,1
gdp_per_capita_yoy_change,0.001188219431799646,pastoral,1
iod,0.002635409841344449,pastoral,1
mei,0.006577260819080185,pastoral,1
nino34,0.013715040485824377,pastoral,1
iod_lag1,0.002955124255041681,pastoral,1
iod_lag3,0.004518913936666779,pastoral,1
iod_lag6,0.008830377845542067,pastoral,1
mei_lag1,0.0008147628324117893,pastoral,1
mei_lag3,0.00889539053159343,pastoral,1
mei_lag6,0.00211929080305867,pastoral,1
nino34_lag1,0.012628685105750357,pastoral,1
nino34_lag3,0.012342229474411211,pastoral,1
nino34_lag6,0.003915025357204066,pastoral,1
wvg,0.0009594012156433318,pastoral,1
wvg_lag1yr,0.0010016445752264462,pastoral,1
wvg_lag2yr,0.0026842849717587337,pastoral,1
wvg_lag3yr,0.0010095977253810708,pastoral,1
total_refugees_hosted,9.206356585037311e-05,pastoral,1
total_refugees_hosted_yoy_change,0.0003705140620943639,pastoral,1
total_asylum_seekers_hosted,0.003847337615310423,pastoral,1
total_asylum_seekers_hosted_yoy_change,0.0008985797542929146,pastoral,1
idps_ethiopia,0.0,pastoral,1
idps_ethiopia_yoy_change,0.0,pastoral,1
glofas_exceed_20yr,7.665951519762897e-05,pastoral,1
glofas_exceed_2yr,0.0012557442852685527,pastoral,1
seasonal_overlaps_belg,0.00022967133142895912,pastoral,1
seasonal_overlaps_deyr,0.00010531787380749199,pastoral,1
seasonal_overlaps_gu,0.00028918507536344624,pastoral,1
seasonal_overlaps_kiremt,0.00015680375555571216,pastoral,1
seasonal_precip_prob_above,0.004206098430648704,pastoral,1
seasonal_precip_prob_below,0.003733468579869379,pastoral,1
seasonal_precip_prob_near,0.0014635389440263392,pastoral,1
usgs_gefs_coverage_days,0.0,pastoral,1
usgs_gefs_precip_anom,0.005200405876692768,pastoral,1
usgs_gefs_precip_mm,0.005843164610912888,pastoral,1
season_national_belg_meher,8.635189879661465e-05,pastoral,1
season_somali_gu_deyr,5.960816764098652e-05,pastoral,1
months_since_assessment,0.0,agropastoral,1
pct_pastoral,0.000537180124194246,agropastoral,1
pct_agropastoral,0.00213224305574515,agropastoral,1
pct_crop_farming,0.0018747004507920556,agropastoral,1
is_harvest_season,0.00016471785027236487,agropastoral,1
is_lean_season,0.0012380087006514382,agropastoral,1
is_dry_season,0.0003485617821967802,agropastoral,1
months_since_harvest_start,0.001734347235294993,agropastoral,1
months_since_lean_start,0.007805008404901082,agropastoral,1
glofas_reach_count,0.0015485001152207457,agropastoral,1
agss_surveyed_flag,1.1396769756298091e-06,agropastoral,1
ipc_lag1,0.1539609971112443,agropastoral,1
ipc_lag4,0.020521338580548415,agropastoral,1
ipc_lag8,0.006761726985171506,agropastoral,1
ipc_mean12,0.013332082881036154,agropastoral,1
ha_share_lag1,0.011143966882932952,agropastoral,1
ha_share_lag4,0.0012331388456911759,agropastoral,1
ha_share_lag8,0.0032737331271378554,agropastoral,1
ha_share_mean12,0.01597043241616659,agropastoral,1
total_rainfall_mm,0.0037898826673178304,agropastoral,1
wet_days,0.007619472166162327,agropastoral,1
max_dry_spell_length,0.005305325083048381,agropastoral,1
rainfall_sum_1m,0.003919589918490448,agropastoral,1
rainfall_sum_3m,0.003340121040057716,agropastoral,1
rainfall_sum_6m,0.010075898256243311,agropastoral,1
rainfall_sum_12m,0.016416272973068878,agropastoral,1
rainfall_sum_24m,0.002402767072619628,agropastoral,1
spi_1,0.006231319423010488,agropastoral,1
spi_3,0.0017694464888769633,agropastoral,1
spi_6,0.015904626995193193,agropastoral,1
spi_12,0.014271654447539384,agropastoral,1
spi_24,0.008372589687391378,agropastoral,1
pet_mm,0.005068318042842964,agropastoral,1
sm_root,0.004517281237148015,agropastoral,1
precip_mm,0.002972197397548626,agropastoral,1
spei_balance_mm,0.0033008082973125454,agropastoral,1
sm_mean_1m,0.005047017776833125,agropastoral,1
spei_balance_sum_1m,0.002929168207968295,agropastoral,1
sm_mean_3m,0.009775331828965374,agropastoral,1
spei_balance_sum_3m,0.0009256300190117259,agropastoral,1
sm_mean_6m,0.00376966491518033,agropastoral,1
spei_balance_sum_6m,0.003412735916098273,agropastoral,1
sm_mean_12m,0.005748553815447148,agropastoral,1
spei_balance_sum_12m,0.0075706832046989955,agropastoral,1
sm_mean_24m,0.002516798409727852,agropastoral,1
spei_balance_sum_24m,0.0015097173908636984,agropastoral,1
ssmi_1,0.010431475835223344,agropastoral,1
ssmi_3,0.007124012552416016,agropastoral,1
ssmi_6,0.0067894908607162895,agropastoral,1
ssmi_12,0.002795084034392722,agropastoral,1
ssmi_24,0.0026162696709132625,agropastoral,1
spei_1,0.005447384465081403,agropastoral,1
spei_3,0.0052537032752748725,agropastoral,1
spei_6,0.018440329814351456,agropastoral,1
spei_12,0.017286343333439088,agropastoral,1
spei_24,0.0035915998720111838,agropastoral,1
ndvi,0.0023469320347640444,agropastoral,1
ndvi_anomaly,0.007109687134064917,agropastoral,1
ndvi_lag1,0.006526588816009902,agropastoral,1
ndvi_lag3,0.002386632256896256,agropastoral,1
ndvi_lag6,0.0024756911610028594,agropastoral,1
ndvi_lag12,0.004067122036831006,agropastoral,1
ndvi_anomaly_lag1,0.009945101922406323,agropastoral,1
ndvi_anomaly_lag3,0.007122974753518482,agropastoral,1
ndvi_anomaly_lag6,0.007285626229088983,agropastoral,1
ndvi_anomaly_lag12,0.007123942983881945,agropastoral,1
ndvi_cropland,0.005138233953074726,agropastoral,1
ndvi_cropland_anomaly,0.02371762639960348,agropastoral,1
ndvi_cropland_lag1,0.011626408319211164,agropastoral,1
ndvi_cropland_lag3,0.004806636670551983,agropastoral,1
ndvi_cropland_lag6,0.004279778313933148,agropastoral,1
ndvi_cropland_lag12,0.0019362964128979761,agropastoral,1
ndvi_cropland_anomaly_lag1,0.01642718658974604,agropastoral,1
ndvi_cropland_anomaly_lag3,0.0235551345640167,agropastoral,1
ndvi_cropland_anomaly_lag6,0.0030707557933545115,agropastoral,1
ndvi_cropland_anomaly_lag12,0.009069142278898086,agropastoral,1
ndvi_rangeland,0.0016565138107570434,agropastoral,1
ndvi_rangeland_anomaly,0.005370612992075747,agropastoral,1
ndvi_rangeland_lag1,0.002546982341358018,agropastoral,1
ndvi_rangeland_lag3,0.012267284643035623,agropastoral,1
ndvi_rangeland_lag6,0.0033495074201722683,agropastoral,1
ndvi_rangeland_lag12,0.0034351398810025103,agropastoral,1
ndvi_rangeland_anomaly_lag1,0.003624426752858438,agropastoral,1
ndvi_rangeland_anomaly_lag3,0.0037778251304857137,agropastoral,1
ndvi_rangeland_anomaly_lag6,0.007099971384790487,agropastoral,1
ndvi_rangeland_anomaly_lag12,0.009700109729746654,agropastoral,1
acled_event_count,0.0017060556929096957,agropastoral,1
acled_fatalities,0.0017969861036495067,agropastoral,1
acled_event_count_political_violence,0.00216921789792233,agropastoral,1
acled_fatalities_political_violence,0.0033960662600398678,agropastoral,1
acled_event_count_demonstrations,3.426823812390111e-05,agropastoral,1
acled_fatalities_demonstrations,0.0,agropastoral,1
acled_event_count_strategic_developments,0.001418974760419119,agropastoral,1
acled_fatalities_strategic_developments,0.0,agropastoral,1
acled_event_count_lag1,0.0005557950552172431,agropastoral,1
acled_fatalities_lag1,0.0003398623636424952,agropastoral,1
acled_event_count_political_violence_lag1,0.0026107839274999585,agropastoral,1
acled_fatalities_political_violence_lag1,0.0004525816374473737,agropastoral,1
acled_event_count_demonstrations_lag1,0.0002114593562433946,agropastoral,1
acled_fatalities_demonstrations_lag1,0.001980749966546653,agropastoral,1
acled_event_count_strategic_developments_lag1,0.0,agropastoral,1
acled_fatalities_strategic_developments_lag1,0.0,agropastoral,1
acled_event_count_lag3,0.00024010265406940095,agropastoral,1
acled_fatalities_lag3,0.0009371329789438368,agropastoral,1
acled_event_count_political_violence_lag3,0.00014340973981888275,agropastoral,1
acled_fatalities_political_violence_lag3,0.000296631977975851,agropastoral,1
acled_event_count_demonstrations_lag3,0.0008818718997596426,agropastoral,1
acled_fatalities_demonstrations_lag3,0.0,agropastoral,1
acled_event_count_strategic_developments_lag3,0.0,agropastoral,1
acled_fatalities_strategic_developments_lag3,0.0,agropastoral,1
acled_event_count_lag6,0.0010790002078037697,agropastoral,1
acled_fatalities_lag6,0.00020113351643883255,agropastoral,1
acled_event_count_political_violence_lag6,2.7541757061403028e-05,agropastoral,1
acled_fatalities_political_violence_lag6,3.777988490206451e-05,agropastoral,1
acled_event_count_demonstrations_lag6,0.0004522192123337626,agropastoral,1
acled_fatalities_demonstrations_lag6,0.0,agropastoral,1
acled_event_count_strategic_developments_lag6,1.1920931982577114e-05,agropastoral,1
acled_fatalities_strategic_developments_lag6,0.0,agropastoral,1
acled_event_count_lag12,0.0016962640913696467,agropastoral,1
acled_fatalities_lag12,0.0016117029650456012,agropastoral,1
acled_event_count_political_violence_lag12,0.001609972337354449,agropastoral,1
acled_fatalities_political_violence_lag12,0.0014410891439267876,agropastoral,1
acled_event_count_demonstrations_lag12,0.00026693876695472655,agropastoral,1
acled_fatalities_demonstrations_lag12,0.0,agropastoral,1
acled_event_count_strategic_developments_lag12,0.009155121186066671,agropastoral,1
acled_fatalities_strategic_developments_lag12,0.0,agropastoral,1
maize_price_etb,0.0013501669488981522,agropastoral,1
maize_price_etb_lag1,0.000451806654958538,agropastoral,1
maize_price_etb_lag3,0.001263243946306644,agropastoral,1
maize_price_etb_lag6,0.0011374135759997443,agropastoral,1
maize_price_etb_lag12,0.001764749554012667,agropastoral,1
maize_price_index,0.0034024606780922715,agropastoral,1
maize_price_index_lag1,0.0006467834170658626,agropastoral,1
maize_price_index_lag3,0.0008454844952090841,agropastoral,1
maize_price_index_lag6,0.003265774266901831,agropastoral,1
maize_price_index_lag12,0.006819282083849214,agropastoral,1
maize_n_markets,0.00038299371530490405,agropastoral,1
wheat_price_etb,0.0001584066721246939,agropastoral,1
wheat_price_etb_lag1,2.560429632154802e-05,agropastoral,1
wheat_price_etb_lag3,0.00013980717035808093,agropastoral,1
wheat_price_etb_lag6,2.443159158159971e-05,agropastoral,1
wheat_price_etb_lag12,7.46872586486136e-05,agropastoral,1
wheat_price_index,9.989400412358634e-08,agropastoral,1
wheat_price_index_lag1,1.0408881294357776e-06,agropastoral,1
wheat_price_index_lag3,0.0,agropastoral,1
wheat_price_index_lag6,0.0,agropastoral,1
wheat_price_index_lag12,3.178258945345763e-05,agropastoral,1
wheat_n_markets,0.00016434628776433702,agropastoral,1
sorghum_price_etb,0.0005546732540755906,agropastoral,1
sorghum_price_etb_lag1,0.0006176512107198804,agropastoral,1
sorghum_price_etb_lag3,0.0006836741929045869,agropastoral,1
sorghum_price_etb_lag6,0.003119738534321653,agropastoral,1
sorghum_price_etb_lag12,0.004569425289456114,agropastoral,1
sorghum_price_index,0.00570270357170031,agropastoral,1
sorghum_price_index_lag1,0.00046839998690735324,agropastoral,1
sorghum_price_index_lag3,0.003835635091614152,agropastoral,1
sorghum_price_index_lag6,0.0033732313251763567,agropastoral,1
sorghum_price_index_lag12,0.0014618365797283903,agropastoral,1
sorghum_n_markets,0.00012169674372955773,agropastoral,1
teff_price_etb_lag6,0.0,agropastoral,1
teff_n_markets,0.0,agropastoral,1
fuel_diesel_price_etb,0.0,agropastoral,1
fuel_diesel_price_etb_lag1,0.0,agropastoral,1
fuel_diesel_price_etb_lag3,0.0,agropastoral,1
fuel_diesel_price_etb_lag6,0.0,agropastoral,1
fuel_diesel_price_etb_lag12,0.0,agropastoral,1
fuel_diesel_n_markets,0.0,agropastoral,1
fuel_petrol_n_markets,0.0,agropastoral,1
livestock_goat_price_etb,0.0,agropastoral,1
livestock_goat_price_etb_lag1,0.0,agropastoral,1
livestock_goat_price_etb_lag3,0.0,agropastoral,1
livestock_goat_price_etb_lag6,0.0,agropastoral,1
livestock_goat_price_etb_lag12,0.0,agropastoral,1
livestock_goat_price_index,0.0,agropastoral,1
livestock_goat_price_index_lag1,0.0,agropastoral,1
livestock_goat_price_index_lag3,0.0,agropastoral,1
livestock_goat_price_index_lag6,0.0,agropastoral,1
livestock_goat_price_index_lag12,0.0,agropastoral,1
livestock_goat_n_markets,0.0,agropastoral,1
livestock_sheep_price_etb,0.0,agropastoral,1
livestock_sheep_price_etb_lag1,0.0,agropastoral,1
livestock_sheep_price_etb_lag3,0.0,agropastoral,1
livestock_sheep_price_etb_lag6,0.00038481235679342385,agropastoral,1
livestock_sheep_price_etb_lag12,0.0,agropastoral,1
livestock_sheep_price_index,0.0,agropastoral,1
livestock_sheep_price_index_lag1,0.0,agropastoral,1
livestock_sheep_price_index_lag3,0.0,agropastoral,1
livestock_sheep_price_index_lag6,0.0,agropastoral,1
livestock_sheep_price_index_lag12,0.0,agropastoral,1
livestock_sheep_n_markets,0.0,agropastoral,1
goat_maize_tot,0.0,agropastoral,1
goat_maize_tot_lag1,0.0,agropastoral,1
goat_maize_tot_lag3,0.0,agropastoral,1
goat_maize_tot_lag6,0.00012064809723913363,agropastoral,1
goat_maize_tot_lag12,0.0004956578963749425,agropastoral,1
sheep_maize_tot,1.3455979735577977e-05,agropastoral,1
sheep_maize_tot_lag1,0.0,agropastoral,1
sheep_maize_tot_lag3,0.0,agropastoral,1
sheep_maize_tot_lag6,0.00016011406586096015,agropastoral,1
sheep_maize_tot_lag12,0.0,agropastoral,1
maize_yield,0.003671535754345949,agropastoral,1
maize_yield_anomaly,0.0014557402840738927,agropastoral,1
wheat_yield,0.0004936877568477866,agropastoral,1
wheat_yield_anomaly,0.0022947554769480395,agropastoral,1
sorghum_yield,0.0009876134351744646,agropastoral,1
sorghum_yield_anomaly,0.01013112228950196,agropastoral,1
teff_yield,0.0013812460592554756,agropastoral,1
teff_yield_anomaly,0.001357073573617862,agropastoral,1
headline_cpi,0.002025133687306023,agropastoral,1
headline_cpi_lag1,4.021296869665343e-05,agropastoral,1
headline_cpi_lag3,0.0004090669431086034,agropastoral,1
headline_cpi_lag6,0.00018329915949989977,agropastoral,1
headline_cpi_lag12,0.0011520629972078332,agropastoral,1
headline_cpi_yoy_change,0.004501051342145032,agropastoral,1
headline_cpi_yoy_change_lag1,0.0006492955956992932,agropastoral,1
headline_cpi_yoy_change_lag3,0.0029178753300673323,agropastoral,1
headline_cpi_yoy_change_lag6,0.01807896906219088,agropastoral,1
headline_cpi_yoy_change_lag12,0.012413477105160301,agropastoral,1
food_cpi,0.0009540884345432289,agropastoral,1
food_cpi_lag1,0.0006638579424611153,agropastoral,1
food_cpi_lag3,0.0004611686146555045,agropastoral,1
food_cpi_lag6,0.00011202865044305129,agropastoral,1
food_cpi_lag12,0.00027300462796244526,agropastoral,1
food_cpi_yoy_change,0.0035572167880692706,agropastoral,1
food_cpi_yoy_change_lag1,0.00031226488590533594,agropastoral,1
food_cpi_yoy_change_lag3,0.003126126410811598,agropastoral,1
food_cpi_yoy_change_lag6,0.0033294581755486568,agropastoral,1
food_cpi_yoy_change_lag12,0.007648058185980509,agropastoral,1
headline_cpi_chainlinked,0.0019076668604984526,agropastoral,1
headline_cpi_chainlinked_lag1,0.00015920438936791375,agropastoral,1
headline_cpi_chainlinked_lag3,0.00010154414161992185,agropastoral,1
headline_cpi_chainlinked_lag6,0.0006653971015032717,agropastoral,1
headline_cpi_chainlinked_lag12,0.0009516968173483975,agropastoral,1
food_cpi_chainlinked,0.0006788840209799481,agropastoral,1
food_cpi_chainlinked_lag1,0.0008883320571795709,agropastoral,1
food_cpi_chainlinked_lag3,0.00044420877986421837,agropastoral,1
food_cpi_chainlinked_lag6,0.0002129886690609728,agropastoral,1
food_cpi_chainlinked_lag12,5.53794269254111e-05,agropastoral,1
exchange_rate,0.0002270032812804625,agropastoral,1
exchange_rate_lag1,0.0004021386409082102,agropastoral,1
exchange_rate_lag3,0.0005030963219859407,agropastoral,1
exchange_rate_lag6,0.0006908552441735261,agropastoral,1
exchange_rate_lag12,5.0415720506160096e-05,agropastoral,1
exchange_rate_yoy_change,0.003673580994986281,agropastoral,1
exchange_rate_yoy_change_lag1,0.005142027365678854,agropastoral,1
exchange_rate_yoy_change_lag3,0.0036046653111335976,agropastoral,1
exchange_rate_yoy_change_lag6,0.006620059615192293,agropastoral,1
exchange_rate_yoy_change_lag12,0.004246519500866413,agropastoral,1
gdp_per_capita,0.00014699378054784177,agropastoral,1
gdp_per_capita_yoy_change,0.0008021721942381998,agropastoral,1
iod,0.002896891578285609,agropastoral,1
mei,0.0015284811254234166,agropastoral,1
nino34,0.002796188253990508,agropastoral,1
iod_lag1,0.0063619133306010035,agropastoral,1
iod_lag3,0.0054485097516713465,agropastoral,1
iod_lag6,0.009188539091279414,agropastoral,1
mei_lag1,0.0009138819516957556,agropastoral,1
mei_lag3,0.0006034182304823308,agropastoral,1
mei_lag6,0.0026794143240041566,agropastoral,1
nino34_lag1,0.0015614025177774936,agropastoral,1
nino34_lag3,0.003913525617841426,agropastoral,1
nino34_lag6,0.0027289238859382614,agropastoral,1
wvg,0.0004445939592836902,agropastoral,1
wvg_lag1yr,0.00027199953110173224,agropastoral,1
wvg_lag2yr,0.001679369939421848,agropastoral,1
wvg_lag3yr,0.0016602930648893875,agropastoral,1
total_refugees_hosted,0.00036717071107889433,agropastoral,1
total_refugees_hosted_yoy_change,0.00043465279721487837,agropastoral,1
total_asylum_seekers_hosted,0.00024210121048814803,agropastoral,1
total_asylum_seekers_hosted_yoy_change,0.0002990961275308995,agropastoral,1
idps_ethiopia,2.7647906066416676e-05,agropastoral,1
idps_ethiopia_yoy_change,0.0,agropastoral,1
glofas_exceed_20yr,0.00011706812140642814,agropastoral,1
glofas_exceed_2yr,0.0011438268065419174,agropastoral,1
seasonal_overlaps_belg,0.00011996242758226448,agropastoral,1
seasonal_overlaps_deyr,0.0025472331459280473,agropastoral,1
seasonal_overlaps_gu,0.00020144090494498594,agropastoral,1
seasonal_overlaps_kiremt,0.0014777035017072438,agropastoral,1
seasonal_precip_prob_above,0.0042190374837643195,agropastoral,1
seasonal_precip_prob_below,0.0035664023028698817,agropastoral,1
seasonal_precip_prob_near,0.0023032705933609993,agropastoral,1
usgs_gefs_coverage_days,0.0,agropastoral,1
usgs_gefs_precip_anom,0.034105393158460215,agropastoral,1
usgs_gefs_precip_mm,0.008302314321198512,agropastoral,1
season_national_belg_meher,6.7062739452321754e-06,agropastoral,1
season_somali_gu_deyr,3.6862776622711702e-06,agropastoral,1
months_since_assessment,0.0,crop_farming,1
pct_pastoral,0.0010454962719022634,crop_farming,1
pct_agropastoral,0.0006123355544880837,crop_farming,1
pct_crop_farming,0.0005607601498076523,crop_farming,1
is_harvest_season,0.0003153318830430532,crop_farming,1
is_lean_season,0.0006137120192328602,crop_farming,1
is_dry_season,0.00011521894544473711,crop_farming,1
months_since_harvest_start,0.0007258229799331291,crop_farming,1
months_since_lean_start,0.02384871737284509,crop_farming,1
glofas_reach_count,0.00463023127984138,crop_farming,1
agss_surveyed_flag,5.7807541509088835e-05,crop_farming,1
ipc_lag1,0.2083730495987935,crop_farming,1
ipc_lag4,0.008126946720398228,crop_farming,1
ipc_lag8,0.05850234088539297,crop_farming,1
ipc_mean12,0.01594312615315616,crop_farming,1
ha_share_lag1,0.04400536447352204,crop_farming,1
ha_share_lag4,0.005418305257407937,crop_farming,1
ha_share_lag8,0.010297917708859997,crop_farming,1
ha_share_mean12,0.014129752730208996,crop_farming,1
total_rainfall_mm,0.0017581842959906867,crop_farming,1
wet_days,0.0023556863467549894,crop_farming,1
max_dry_spell_length,0.0030237154054426145,crop_farming,1
rainfall_sum_1m,0.0017065809139001236,crop_farming,1
rainfall_sum_3m,0.002778719953150932,crop_farming,1
rainfall_sum_6m,0.07158802455847917,crop_farming,1
rainfall_sum_12m,0.005470590343008932,crop_farming,1
rainfall_sum_24m,0.0037249232886178035,crop_farming,1
spi_1,0.010179243327592446,crop_farming,1
spi_3,0.010405496940678107,crop_farming,1
spi_6,0.009411085680439342,crop_farming,1
spi_12,0.0049997745536826494,crop_farming,1
spi_24,0.0052408898927025155,crop_farming,1
pet_mm,0.010926595101430703,crop_farming,1
sm_root,0.0012850322907101547,crop_farming,1
precip_mm,0.0020459236186374896,crop_farming,1
spei_balance_mm,0.0016693337699648719,crop_farming,1
sm_mean_1m,0.0011186177909668473,crop_farming,1
spei_balance_sum_1m,0.0016684902659543984,crop_farming,1
sm_mean_3m,0.0031614368206918275,crop_farming,1
spei_balance_sum_3m,0.0020857720213123226,crop_farming,1
sm_mean_6m,0.0027378888978139915,crop_farming,1
spei_balance_sum_6m,0.026295953037800603,crop_farming,1
sm_mean_12m,0.0015849343980825614,crop_farming,1
spei_balance_sum_12m,0.0016807255058999093,crop_farming,1
sm_mean_24m,0.0018743472956466107,crop_farming,1
spei_balance_sum_24m,0.002106803600291639,crop_farming,1
ssmi_1,0.005327304473479393,crop_farming,1
ssmi_3,0.006816275252593643,crop_farming,1
ssmi_6,0.003854585968151497,crop_farming,1
ssmi_12,0.0039252066560490385,crop_farming,1
ssmi_24,0.003050656738068826,crop_farming,1
spei_1,0.004058187718327368,crop_farming,1
spei_3,0.0040898477300173475,crop_farming,1
spei_6,0.005828128228487968,crop_farming,1
spei_12,0.003628648053045477,crop_farming,1
spei_24,0.0038618622969930944,crop_farming,1
ndvi,0.0059531704841981024,crop_farming,1
ndvi_anomaly,0.0061256523516332,crop_farming,1
ndvi_lag1,0.0030062515586558834,crop_farming,1
ndvi_lag3,0.003222220460898707,crop_farming,1
ndvi_lag6,0.0034052290758227535,crop_farming,1
ndvi_lag12,0.0025876701686139312,crop_farming,1
ndvi_anomaly_lag1,0.004358205917744721,crop_farming,1
ndvi_anomaly_lag3,0.004420288028060118,crop_farming,1
ndvi_anomaly_lag6,0.0029645508095645645,crop_farming,1
ndvi_anomaly_lag12,0.003503776415169078,crop_farming,1
ndvi_cropland,0.0027239678311108653,crop_farming,1
ndvi_cropland_anomaly,0.004878376049195462,crop_farming,1
ndvi_cropland_lag1,0.00335473859175379,crop_farming,1
ndvi_cropland_lag3,0.00270215878532651,crop_farming,1
ndvi_cropland_lag6,0.002989525635919439,crop_farming,1
ndvi_cropland_lag12,0.0018131633903961618,crop_farming,1
ndvi_cropland_anomaly_lag1,0.0036417348219130695,crop_farming,1
ndvi_cropland_anomaly_lag3,0.0048641501674174525,crop_farming,1
ndvi_cropland_anomaly_lag6,0.0027776550080610735,crop_farming,1
ndvi_cropland_anomaly_lag12,0.003301784684706268,crop_farming,1
ndvi_rangeland,0.0014770341608428288,crop_farming,1
ndvi_rangeland_anomaly,0.003086543040633681,crop_farming,1
ndvi_rangeland_lag1,0.0029919339506133307,crop_farming,1
ndvi_rangeland_lag3,0.0031651892963839596,crop_farming,1
ndvi_rangeland_lag6,0.0029352515025863274,crop_farming,1
ndvi_rangeland_lag12,0.0016822724753734856,crop_farming,1
ndvi_rangeland_anomaly_lag1,0.004011045074827797,crop_farming,1
ndvi_rangeland_anomaly_lag3,0.003390414072243311,crop_farming,1
ndvi_rangeland_anomaly_lag6,0.003925162215403205,crop_farming,1
ndvi_rangeland_anomaly_lag12,0.003598337442146073,crop_farming,1
acled_event_count,8.728279158571555e-05,crop_farming,1
acled_fatalities,9.064430962522473e-05,crop_farming,1
acled_event_count_political_violence,6.899279075740199e-05,crop_farming,1
acled_fatalities_political_violence,0.000520233644661718,crop_farming,1
acled_event_count_demonstrations,4.591429076158494e-05,crop_farming,1
acled_fatalities_demonstrations,4.562487194843741e-06,crop_farming,1
acled_event_count_strategic_developments,2.568861834529416e-06,crop_farming,1
acled_fatalities_strategic_developments,0.0,crop_farming,1
acled_event_count_lag1,0.00010942418299884404,crop_farming,1
acled_fatalities_lag1,9.584280711438417e-05,crop_farming,1
acled_event_count_political_violence_lag1,2.0646860380293806e-05,crop_farming,1
acled_fatalities_political_violence_lag1,3.3482867895248435e-05,crop_farming,1
acled_event_count_demonstrations_lag1,5.92543850520634e-05,crop_farming,1
acled_fatalities_demonstrations_lag1,2.5485753620439983e-05,crop_farming,1
acled_event_count_strategic_developments_lag1,0.0,crop_farming,1
acled_fatalities_strategic_developments_lag1,0.0,crop_farming,1
acled_event_count_lag3,0.0001852335953239962,crop_farming,1
acled_fatalities_lag3,0.00011643961317611077,crop_farming,1
acled_event_count_political_violence_lag3,0.00019305218492121116,crop_farming,1
acled_fatalities_political_violence_lag3,2.0745163282241767e-05,crop_farming,1
acled_event_count_demonstrations_lag3,0.0001798885751725898,crop_farming,1
acled_fatalities_demonstrations_lag3,2.4830200193362502e-05,crop_farming,1
acled_event_count_strategic_developments_lag3,0.0,crop_farming,1
acled_fatalities_strategic_developments_lag3,0.0,crop_farming,1
acled_event_count_lag6,9.409218363204373e-05,crop_farming,1
acled_fatalities_lag6,0.00018499380108966143,crop_farming,1
acled_event_count_political_violence_lag6,3.78164379896187e-05,crop_farming,1
acled_fatalities_political_violence_lag6,7.205612733755393e-05,crop_farming,1
acled_event_count_demonstrations_lag6,4.9621103634008105e-05,crop_farming,1
acled_fatalities_demonstrations_lag6,0.0,crop_farming,1
acled_event_count_strategic_developments_lag6,3.1655413783469735e-06,crop_farming,1
acled_fatalities_strategic_developments_lag6,0.0,crop_farming,1
acled_event_count_lag12,0.0001729650307689322,crop_farming,1
acled_fatalities_lag12,8.480868336978213e-05,crop_farming,1
acled_event_count_political_violence_lag12,2.8321060539269533e-05,crop_farming,1
acled_fatalities_political_violence_lag12,8.550811943561279e-05,crop_farming,1
acled_event_count_demonstrations_lag12,5.8929748631393494e-05,crop_farming,1
acled_fatalities_demonstrations_lag12,2.681335128207166e-07,crop_farming,1
acled_event_count_strategic_developments_lag12,0.0,crop_farming,1
acled_fatalities_strategic_developments_lag12,0.0,crop_farming,1
maize_price_etb,0.000543340642817176,crop_farming,1
maize_price_etb_lag1,0.0005965754180674747,crop_farming,1
maize_price_etb_lag3,0.00037684481306234416,crop_farming,1
maize_price_etb_lag6,0.0006480280897859023,crop_farming,1
maize_price_etb_lag12,0.0008366772737370377,crop_farming,1
maize_price_index,0.0002494456708990382,crop_farming,1
maize_price_index_lag1,0.000886073695861108,crop_farming,1
maize_price_index_lag3,0.00040437980868078023,crop_farming,1
maize_price_index_lag6,0.0003741139231869771,crop_farming,1
maize_price_index_lag12,0.0007410445140493332,crop_farming,1
maize_n_markets,0.00021685046040015063,crop_farming,1
wheat_price_etb,6.810896564136088e-05,crop_farming,1
wheat_price_etb_lag1,0.0005126084598454492,crop_farming,1
wheat_price_etb_lag3,0.0002951160270717508,crop_farming,1
wheat_price_etb_lag6,0.00018214909750037387,crop_farming,1
wheat_price_etb_lag12,0.000291799448507525,crop_farming,1
wheat_price_index,8.133024725096758e-05,crop_farming,1
wheat_price_index_lag1,0.0002587867142127543,crop_farming,1
wheat_price_index_lag3,0.00021987437796506515,crop_farming,1
wheat_price_index_lag6,0.0002965593244707173,crop_farming,1
wheat_price_index_lag12,0.00014262879130951417,crop_farming,1
wheat_n_markets,8.199671868745569e-05,crop_farming,1
sorghum_price_etb,0.0003547378962987596,crop_farming,1
sorghum_price_etb_lag1,0.0004537569508628951,crop_farming,1
sorghum_price_etb_lag3,0.0005435623486431065,crop_farming,1
sorghum_price_etb_lag6,0.0008606877247952993,crop_farming,1
sorghum_price_etb_lag12,0.000746209197417989,crop_farming,1
sorghum_price_index,0.00039670390004266045,crop_farming,1
sorghum_price_index_lag1,0.0006166041893330652,crop_farming,1
sorghum_price_index_lag3,0.0003279687706584532,crop_farming,1
sorghum_price_index_lag6,0.0008749405527442609,crop_farming,1
sorghum_price_index_lag12,0.00033113331011699497,crop_farming,1
sorghum_n_markets,0.00012025484127277896,crop_farming,1
teff_price_etb,0.0,crop_farming,1
teff_price_etb_lag1,0.0,crop_farming,1
teff_price_etb_lag3,0.0,crop_farming,1
teff_price_etb_lag6,0.0,crop_farming,1
teff_price_etb_lag12,0.0,crop_farming,1
teff_price_index,0.0,crop_farming,1
teff_price_index_lag1,0.0,crop_farming,1
teff_price_index_lag3,0.0,crop_farming,1
teff_price_index_lag6,0.0,crop_farming,1
teff_price_index_lag12,0.0,crop_farming,1
teff_n_markets,0.0,crop_farming,1
fuel_diesel_price_etb,0.0,crop_farming,1
fuel_diesel_price_etb_lag1,0.0,crop_farming,1
fuel_diesel_price_etb_lag3,0.0,crop_farming,1
fuel_diesel_price_etb_lag6,0.0,crop_farming,1
fuel_diesel_price_etb_lag12,0.0,crop_farming,1
fuel_diesel_price_index,0.0,crop_farming,1
fuel_diesel_price_index_lag1,0.0,crop_farming,1
fuel_diesel_price_index_lag3,0.0,crop_farming,1
fuel_diesel_price_index_lag6,0.0,crop_farming,1
fuel_diesel_price_index_lag12,0.0,crop_farming,1
fuel_diesel_n_markets,0.0,crop_farming,1
fuel_petrol_price_etb,0.0,crop_farming,1
fuel_petrol_price_etb_lag1,0.0,crop_farming,1
fuel_petrol_price_etb_lag3,0.0,crop_farming,1
fuel_petrol_price_etb_lag6,0.0,crop_farming,1
fuel_petrol_price_etb_lag12,0.0,crop_farming,1
fuel_petrol_price_index,0.0,crop_farming,1
fuel_petrol_price_index_lag1,0.0,crop_farming,1
fuel_petrol_price_index_lag3,0.0,crop_farming,1
fuel_petrol_price_index_lag6,0.0,crop_farming,1
fuel_petrol_price_index_lag12,0.0,crop_farming,1
fuel_petrol_n_markets,0.0,crop_farming,1
livestock_goat_price_etb,0.0,crop_farming,1
livestock_goat_price_etb_lag1,0.0,crop_farming,1
livestock_goat_price_etb_lag3,0.0,crop_farming,1
livestock_goat_price_etb_lag6,0.0,crop_farming,1
livestock_goat_price_etb_lag12,0.0,crop_farming,1
livestock_goat_price_index,0.0,crop_farming,1
livestock_goat_price_index_lag1,0.0,crop_farming,1
livestock_goat_price_index_lag3,0.0,crop_farming,1
livestock_goat_price_index_lag6,0.0,crop_farming,1
livestock_goat_price_index_lag12,0.0,crop_farming,1
livestock_goat_n_markets,0.0,crop_farming,1
livestock_sheep_price_etb,0.0,crop_farming,1
livestock_sheep_price_etb_lag1,0.0,crop_farming,1
livestock_sheep_price_etb_lag3,0.0,crop_farming,1
livestock_sheep_price_etb_lag6,0.0,crop_farming,1
livestock_sheep_price_etb_lag12,0.0,crop_farming,1
livestock_sheep_price_index,0.0,crop_farming,1
livestock_sheep_price_index_lag1,0.0,crop_farming,1
livestock_sheep_price_index_lag3,0.0,crop_farming,1
livestock_sheep_price_index_lag6,0.0,crop_farming,1
livestock_sheep_price_index_lag12,0.0,crop_farming,1
livestock_sheep_n_markets,0.0,crop_farming,1
goat_maize_tot,0.0,crop_farming,1
goat_maize_tot_lag1,0.0,crop_farming,1
goat_maize_tot_lag3,0.0,crop_farming,1
goat_maize_tot_lag6,0.0,crop_farming,1
goat_maize_tot_lag12,0.0,crop_farming,1
sheep_maize_tot,0.0,crop_farming,1
sheep_maize_tot_lag1,0.0,crop_farming,1
sheep_maize_tot_lag3,0.0,crop_farming,1
sheep_maize_tot_lag6,0.0,crop_farming,1
sheep_maize_tot_lag12,0.0,crop_farming,1
maize_yield,0.0033504478377987656,crop_farming,1
maize_yield_anomaly,0.0033314858179798366,crop_farming,1
wheat_yield,0.0025023254818003515,crop_farming,1
wheat_yield_anomaly,0.0017394789282945719,crop_farming,1
sorghum_yield,0.003511522678567237,crop_farming,1
sorghum_yield_anomaly,0.0026572645601835696,crop_farming,1
teff_yield,0.002888579507581707,crop_farming,1
teff_yield_anomaly,0.002731448947933947,crop_farming,1
headline_cpi,0.001676055900673645,crop_farming,1
headline_cpi_lag1,0.00029588282450697205,crop_farming,1
headline_cpi_lag3,0.0003651619091545759,crop_farming,1
headline_cpi_lag6,0.00017630218116042516,crop_farming,1
headline_cpi_lag12,0.0013950310412268994,crop_farming,1
headline_cpi_yoy_change,0.022682224692929805,crop_farming,1
headline_cpi_yoy_change_lag1,0.0017033004861856352,crop_farming,1
headline_cpi_yoy_change_lag3,0.0006704233108197852,crop_farming,1
headline_cpi_yoy_change_lag6,0.005964113782193107,crop_farming,1
headline_cpi_yoy_change_lag12,0.007554188006788208,crop_farming,1
food_cpi,0.0005480996947594356,crop_farming,1
food_cpi_lag1,0.0006076370619499638,crop_farming,1
food_cpi_lag3,0.00017854521343386702,crop_farming,1
food_cpi_lag6,6.455925290933574e-05,crop_farming,1
food_cpi_lag12,0.0002559171290086072,crop_farming,1
food_cpi_yoy_change,0.0024069759404556587,crop_farming,1
food_cpi_yoy_change_lag1,0.0034392283980193275,crop_farming,1
food_cpi_yoy_change_lag3,0.00441154815102425,crop_farming,1
food_cpi_yoy_change_lag6,0.004784509395435868,crop_farming,1
food_cpi_yoy_change_lag12,0.002456002256427033,crop_farming,1
headline_cpi_chainlinked,0.000991207578519247,crop_farming,1
headline_cpi_chainlinked_lag1,0.00020622377585383756,crop_farming,1
headline_cpi_chainlinked_lag3,0.00025662527372744085,crop_farming,1
headline_cpi_chainlinked_lag6,0.00017766419194628426,crop_farming,1
headline_cpi_chainlinked_lag12,0.0015431234564836176,crop_farming,1
food_cpi_chainlinked,0.0006917800607158015,crop_farming,1
food_cpi_chainlinked_lag1,0.0008220171916886221,crop_farming,1
food_cpi_chainlinked_lag3,0.00014472727886538346,crop_farming,1
food_cpi_chainlinked_lag6,0.00015617350129395671,crop_farming,1
food_cpi_chainlinked_lag12,8.139746180641955e-05,crop_farming,1
exchange_rate,0.00018317031119968256,crop_farming,1
exchange_rate_lag1,0.00011085870436615826,crop_farming,1
exchange_rate_lag3,0.00017948563782363482,crop_farming,1
exchange_rate_lag6,0.00026631449770826856,crop_farming,1
exchange_rate_lag12,0.0001804932576673751,crop_farming,1
exchange_rate_yoy_change,0.0011342253299009097,crop_farming,1
exchange_rate_yoy_change_lag1,0.002928078176761335,crop_farming,1
exchange_rate_yoy_change_lag3,0.0033780971609219863,crop_farming,1
exchange_rate_yoy_change_lag6,0.0034272395687550417,crop_farming,1
exchange_rate_yoy_change_lag12,0.0041085297742447634,crop_farming,1
gdp_per_capita,4.597613839014818e-05,crop_farming,1
gdp_per_capita_yoy_change,0.0007303038714568585,crop_farming,1
iod,0.0023027853423785083,crop_farming,1
mei,0.0023332154538155186,crop_farming,1
nino34,0.002695676593494021,crop_farming,1
iod_lag1,0.006196397876101462,crop_farming,1
iod_lag3,0.04423758531836025,crop_farming,1
iod_lag6,0.004615971544918015,crop_farming,1
mei_lag1,0.002877385164859045,crop_farming,1
mei_lag3,0.0013317431255382949,crop_farming,1
mei_lag6,0.0016692235466167463,crop_farming,1
nino34_lag1,0.0008102954463478007,crop_farming,1
nino34_lag3,0.00735733987950188,crop_farming,1
nino34_lag6,0.0017010288036138532,crop_farming,1
wvg,0.001223382547390154,crop_farming,1
wvg_lag1yr,0.0005729285817697162,crop_farming,1
wvg_lag2yr,0.0018957440000900508,crop_farming,1
wvg_lag3yr,0.005653637161920026,crop_farming,1
total_refugees_hosted,5.6468032128255624e-05,crop_farming,1
total_refugees_hosted_yoy_change,0.0019925489816225743,crop_farming,1
total_asylum_seekers_hosted,0.0017888736244293046,crop_farming,1
total_asylum_seekers_hosted_yoy_change,0.0005663925066388352,crop_farming,1
idps_ethiopia,2.3021042410765538e-05,crop_farming,1
idps_ethiopia_yoy_change,0.0,crop_farming,1
glofas_exceed_20yr,4.015310937279305e-06,crop_farming,1
glofas_exceed_2yr,0.00019883440279425439,crop_farming,1
seasonal_overlaps_belg,0.00017003410947996045,crop_farming,1
seasonal_overlaps_deyr,0.0004955240583468398,crop_farming,1
seasonal_overlaps_gu,2.280309618757049e-05,crop_farming,1
seasonal_overlaps_kiremt,0.008490726951060353,crop_farming,1
seasonal_precip_prob_above,0.0036375523422419336,crop_farming,1
seasonal_precip_prob_below,0.005066199039652458,crop_farming,1
seasonal_precip_prob_near,0.003864111937751248,crop_farming,1
usgs_gefs_coverage_days,0.0,crop_farming,1
usgs_gefs_precip_anom,0.007930602744978596,crop_farming,1
usgs_gefs_precip_mm,0.017932851317397806,crop_farming,1
season_benishangul_meher_only,0.0,crop_farming,1
season_national_belg_meher,0.0,crop_farming,1
months_since_assessment,0.0,pastoral,2
pct_pastoral,0.0022983459445800646,pastoral,2
pct_agropastoral,0.0019717074104459442,pastoral,2
pct_crop_farming,0.002127301334726205,pastoral,2
is_harvest_season,0.0006495199863933187,pastoral,2
is_lean_season,0.00030856535380209007,pastoral,2
is_dry_season,0.0003460332574029695,pastoral,2
months_since_harvest_start,0.0021124883862410704,pastoral,2
months_since_lean_start,0.0072948622180749705,pastoral,2
glofas_reach_count,0.003740038811984066,pastoral,2
agss_surveyed_flag,0.0006251564215553544,pastoral,2
ipc_lag1,0.17483690254676124,pastoral,2
ipc_lag4,0.02538972595941214,pastoral,2
ipc_lag8,0.006995029810970486,pastoral,2
ipc_mean12,0.016662219365273356,pastoral,2
ha_share_lag1,0.027768383809828746,pastoral,2
ha_share_lag4,0.0017750722402119206,pastoral,2
ha_share_lag8,0.0024842650736863073,pastoral,2
ha_share_mean12,0.0029648162745914072,pastoral,2
total_rainfall_mm,0.006238520412615795,pastoral,2
wet_days,0.0059563367989408,pastoral,2
max_dry_spell_length,0.0031968052656663228,pastoral,2
rainfall_sum_1m,0.006385753546425241,pastoral,2
rainfall_sum_3m,0.006113477513203161,pastoral,2
rainfall_sum_6m,0.011284643844121077,pastoral,2
rainfall_sum_12m,0.00556846976541734,pastoral,2
rainfall_sum_24m,0.0035333827886463894,pastoral,2
spi_1,0.033282770674662523,pastoral,2
spi_3,0.054478553282146534,pastoral,2
spi_6,0.06608653716286882,pastoral,2
spi_12,0.005993667484629552,pastoral,2
spi_24,0.004558872791980518,pastoral,2
pet_mm,0.006610040189635527,pastoral,2
sm_root,0.003390297165733537,pastoral,2
precip_mm,0.005230120397685523,pastoral,2
spei_balance_mm,0.0027783469087659988,pastoral,2
sm_mean_1m,0.0033342178375364876,pastoral,2
spei_balance_sum_1m,0.0033687701943740265,pastoral,2
sm_mean_3m,0.002829854381612448,pastoral,2
spei_balance_sum_3m,0.008755892279828101,pastoral,2
sm_mean_6m,0.004192293831857747,pastoral,2
spei_balance_sum_6m,0.010988232100913832,pastoral,2
sm_mean_12m,0.002960500070935057,pastoral,2
spei_balance_sum_12m,0.004813717425774335,pastoral,2
sm_mean_24m,0.0032939165503123027,pastoral,2
spei_balance_sum_24m,0.005592091623161026,pastoral,2
ssmi_1,0.007194999990218036,pastoral,2
ssmi_3,0.003966727541204781,pastoral,2
ssmi_6,0.004174585596834241,pastoral,2
ssmi_12,0.0036045673435010474,pastoral,2
ssmi_24,0.0051079374087897545,pastoral,2
spei_1,0.007505059804751014,pastoral,2
spei_3,0.03950756352747823,pastoral,2
spei_6,0.03527249437571366,pastoral,2
spei_12,0.014652453011810493,pastoral,2
spei_24,0.004585737362042315,pastoral,2
ndvi,0.0023302939532725787,pastoral,2
ndvi_anomaly,0.008554634971098601,pastoral,2
ndvi_lag1,0.002308719582488089,pastoral,2
ndvi_lag3,0.004439587304520501,pastoral,2
ndvi_lag6,0.003285485889951036,pastoral,2
ndvi_lag12,0.0026736927395716753,pastoral,2
ndvi_anomaly_lag1,0.010182448447409103,pastoral,2
ndvi_anomaly_lag3,0.004864671424522386,pastoral,2
ndvi_anomaly_lag6,0.004050144171693262,pastoral,2
ndvi_anomaly_lag12,0.0030574293959282103,pastoral,2
ndvi_cropland,0.004734036605425354,pastoral,2
ndvi_cropland_anomaly,0.004207149509328869,pastoral,2
ndvi_cropland_lag1,0.002766822717054656,pastoral,2
ndvi_cropland_lag3,0.004976636495508273,pastoral,2
ndvi_cropland_lag6,0.003975510199948448,pastoral,2
ndvi_cropland_lag12,0.0028713376776743696,pastoral,2
ndvi_cropland_anomaly_lag1,0.007413185838213483,pastoral,2
ndvi_cropland_anomaly_lag3,0.0030694369255202577,pastoral,2
ndvi_cropland_anomaly_lag6,0.004634409849083163,pastoral,2
ndvi_cropland_anomaly_lag12,0.004779365034797939,pastoral,2
ndvi_rangeland,0.002450202103518629,pastoral,2
ndvi_rangeland_anomaly,0.006088421033155365,pastoral,2
ndvi_rangeland_lag1,0.002623065085167315,pastoral,2
ndvi_rangeland_lag3,0.009401933786921295,pastoral,2
ndvi_rangeland_lag6,0.002651262962963196,pastoral,2
ndvi_rangeland_lag12,0.001396982415601551,pastoral,2
ndvi_rangeland_anomaly_lag1,0.005636489269806443,pastoral,2
ndvi_rangeland_anomaly_lag3,0.0043222176014423115,pastoral,2
ndvi_rangeland_anomaly_lag6,0.00485726154913966,pastoral,2
ndvi_rangeland_anomaly_lag12,0.0026913376155698904,pastoral,2
acled_event_count,0.00026721760929773936,pastoral,2
acled_fatalities,1.8368340826352656e-05,pastoral,2
acled_event_count_political_violence,0.0001072573869763503,pastoral,2
acled_fatalities_political_violence,4.755433053715069e-05,pastoral,2
acled_event_count_demonstrations,5.977865457466901e-05,pastoral,2
acled_fatalities_demonstrations,0.0,pastoral,2
acled_event_count_strategic_developments,0.0,pastoral,2
acled_fatalities_strategic_developments,0.0,pastoral,2
acled_event_count_lag1,0.00011260720495575858,pastoral,2
acled_fatalities_lag1,5.480828886245602e-05,pastoral,2
acled_event_count_political_violence_lag1,4.8253775555083235e-06,pastoral,2
acled_fatalities_political_violence_lag1,2.876920070075584e-05,pastoral,2
acled_event_count_demonstrations_lag1,0.0,pastoral,2
acled_fatalities_demonstrations_lag1,0.0,pastoral,2
acled_event_count_strategic_developments_lag1,0.0,pastoral,2
acled_fatalities_strategic_developments_lag1,0.0,pastoral,2
acled_event_count_lag3,0.0007672782579141003,pastoral,2
acled_fatalities_lag3,0.0015828239963802438,pastoral,2
acled_event_count_political_violence_lag3,0.00018492050487298943,pastoral,2
acled_fatalities_political_violence_lag3,0.0038580747046882214,pastoral,2
acled_event_count_demonstrations_lag3,9.94008510158282e-06,pastoral,2
acled_fatalities_demonstrations_lag3,1.2971986387647724e-05,pastoral,2
acled_event_count_strategic_developments_lag3,0.0,pastoral,2
acled_fatalities_strategic_developments_lag3,0.0,pastoral,2
acled_event_count_lag6,0.00020852181416414992,pastoral,2
acled_fatalities_lag6,0.000151056508770541,pastoral,2
acled_event_count_political_violence_lag6,3.6695928860291065e-05,pastoral,2
acled_fatalities_political_violence_lag6,0.00012619960518355248,pastoral,2
acled_event_count_demonstrations_lag6,2.8529778629121954e-05,pastoral,2
acled_fatalities_demonstrations_lag6,3.4918495971092516e-06,pastoral,2
acled_event_count_strategic_developments_lag6,0.0,pastoral,2
acled_fatalities_strategic_developments_lag6,0.0,pastoral,2
acled_event_count_lag12,0.0006934749596461668,pastoral,2
acled_fatalities_lag12,0.00010624459562218194,pastoral,2
acled_event_count_political_violence_lag12,3.647877222964937e-05,pastoral,2
acled_fatalities_political_violence_lag12,0.00010708551304663657,pastoral,2
acled_event_count_demonstrations_lag12,0.0008237405328488921,pastoral,2
acled_fatalities_demonstrations_lag12,5.4786550532467724e-05,pastoral,2
acled_event_count_strategic_developments_lag12,0.0,pastoral,2
acled_fatalities_strategic_developments_lag12,0.0,pastoral,2
maize_price_etb,0.0013014992245503577,pastoral,2
maize_price_etb_lag1,0.0004122849553066758,pastoral,2
maize_price_etb_lag3,0.0019638002250389375,pastoral,2
maize_price_etb_lag6,0.0002643106912483539,pastoral,2
maize_price_etb_lag12,0.003251497503482697,pastoral,2
maize_price_index,0.0008208540956609969,pastoral,2
maize_price_index_lag1,0.00032579421404653345,pastoral,2
maize_price_index_lag3,0.0016607736441727606,pastoral,2
maize_price_index_lag6,0.00024872568773845303,pastoral,2
maize_price_index_lag12,0.00041434501916021686,pastoral,2
maize_n_markets,6.790378027472395e-05,pastoral,2
wheat_price_etb,0.000392764626978274,pastoral,2
wheat_price_etb_lag1,0.0003228933766587712,pastoral,2
wheat_price_etb_lag3,0.0015169639728426882,pastoral,2
wheat_price_etb_lag6,0.003021837001068687,pastoral,2
wheat_price_etb_lag12,0.0007781168289237299,pastoral,2
wheat_price_index,0.00023841452333299984,pastoral,2
wheat_price_index_lag1,0.00029063365182975683,pastoral,2
wheat_price_index_lag3,0.0014134116874736208,pastoral,2
wheat_price_index_lag6,0.00033254219048423214,pastoral,2
wheat_price_index_lag12,0.0011433614410848677,pastoral,2
wheat_n_markets,2.7391225761581483e-05,pastoral,2
sorghum_price_etb,0.0003010814900271673,pastoral,2
sorghum_price_etb_lag1,0.00017124455872313316,pastoral,2
sorghum_price_etb_lag3,6.440811636074134e-05,pastoral,2
sorghum_price_etb_lag6,0.0013714999107303672,pastoral,2
sorghum_price_etb_lag12,0.0002804146609199703,pastoral,2
sorghum_price_index,0.0014577497729100983,pastoral,2
sorghum_price_index_lag1,0.00011673677674906322,pastoral,2
sorghum_price_index_lag3,0.00026588365159952446,pastoral,2
sorghum_price_index_lag6,0.0015040570460445688,pastoral,2
sorghum_price_index_lag12,0.00011420683700923635,pastoral,2
sorghum_n_markets,6.730129393369982e-05,pastoral,2
teff_price_etb,0.0,pastoral,2
teff_price_etb_lag1,0.0,pastoral,2
teff_price_etb_lag3,0.0,pastoral,2
teff_price_etb_lag6,0.0,pastoral,2
teff_price_etb_lag12,0.0,pastoral,2
teff_price_index,0.0,pastoral,2
teff_price_index_lag1,0.0,pastoral,2
teff_price_index_lag3,0.0,pastoral,2
teff_price_index_lag6,0.0,pastoral,2
teff_price_index_lag12,0.0,pastoral,2
teff_n_markets,0.0,pastoral,2
fuel_diesel_price_etb,0.0,pastoral,2
fuel_diesel_price_etb_lag1,0.0,pastoral,2
fuel_diesel_price_etb_lag3,0.0,pastoral,2
fuel_diesel_price_etb_lag6,0.0,pastoral,2
fuel_diesel_price_etb_lag12,0.0,pastoral,2
fuel_diesel_price_index,0.0,pastoral,2
fuel_diesel_price_index_lag1,0.0,pastoral,2
fuel_diesel_price_index_lag3,0.0,pastoral,2
fuel_diesel_price_index_lag6,0.0,pastoral,2
fuel_diesel_price_index_lag12,0.0,pastoral,2
fuel_diesel_n_markets,0.0,pastoral,2
fuel_petrol_n_markets,0.0,pastoral,2
livestock_goat_price_etb,0.0,pastoral,2
livestock_goat_price_etb_lag1,0.0,pastoral,2
livestock_goat_price_etb_lag3,6.05388001606178e-06,pastoral,2
livestock_goat_price_etb_lag6,0.0,pastoral,2
livestock_goat_price_etb_lag12,0.0,pastoral,2
livestock_goat_price_index,0.0,pastoral,2
livestock_goat_price_index_lag1,0.0,pastoral,2
livestock_goat_price_index_lag3,0.0,pastoral,2
livestock_goat_price_index_lag6,0.0,pastoral,2
livestock_goat_price_index_lag12,0.0,pastoral,2
livestock_goat_n_markets,3.2692944122473816e-05,pastoral,2
livestock_sheep_price_etb,1.1289058152062894e-05,pastoral,2
livestock_sheep_price_etb_lag1,0.0,pastoral,2
livestock_sheep_price_etb_lag3,0.0,pastoral,2
livestock_sheep_price_etb_lag6,0.0,pastoral,2
livestock_sheep_price_etb_lag12,0.0,pastoral,2
livestock_sheep_price_index,0.0,pastoral,2
livestock_sheep_price_index_lag1,0.0,pastoral,2
livestock_sheep_price_index_lag3,0.0,pastoral,2
livestock_sheep_price_index_lag6,0.0,pastoral,2
livestock_sheep_price_index_lag12,0.0,pastoral,2
livestock_sheep_n_markets,0.0,pastoral,2
goat_maize_tot,0.0,pastoral,2
goat_maize_tot_lag1,0.0,pastoral,2
goat_maize_tot_lag3,0.0,pastoral,2
goat_maize_tot_lag6,0.0,pastoral,2
goat_maize_tot_lag12,1.212869872671105e-05,pastoral,2
sheep_maize_tot,0.0,pastoral,2
sheep_maize_tot_lag1,0.0,pastoral,2
sheep_maize_tot_lag3,0.0,pastoral,2
sheep_maize_tot_lag6,0.0,pastoral,2
sheep_maize_tot_lag12,0.0,pastoral,2
maize_yield,0.001322194722333389,pastoral,2
maize_yield_anomaly,0.00046578258394938546,pastoral,2
wheat_yield,5.993626943762152e-05,pastoral,2
wheat_yield_anomaly,0.0004042079149938046,pastoral,2
sorghum_yield,8.364816118047982e-05,pastoral,2
sorghum_yield_anomaly,0.00043786638127937984,pastoral,2
teff_yield,8.579517633320092e-05,pastoral,2
teff_yield_anomaly,0.00023527997230402527,pastoral,2
headline_cpi,0.0005228159569009461,pastoral,2
headline_cpi_lag1,0.0007614375849409944,pastoral,2
headline_cpi_lag3,0.0001691241074127382,pastoral,2
headline_cpi_lag6,0.0007197812062397496,pastoral,2
headline_cpi_lag12,0.0005219509244896141,pastoral,2
headline_cpi_yoy_change,0.0007890600580678997,pastoral,2
headline_cpi_yoy_change_lag1,0.0020636337584898864,pastoral,2
headline_cpi_yoy_change_lag3,0.001579654581770157,pastoral,2
headline_cpi_yoy_change_lag6,0.0008431950721686246,pastoral,2
headline_cpi_yoy_change_lag12,0.00406851407262009,pastoral,2
food_cpi,0.0018333167792929307,pastoral,2
food_cpi_lag1,0.0005731648095723454,pastoral,2
food_cpi_lag3,0.0005124263156519444,pastoral,2
food_cpi_lag6,0.0006044238640209572,pastoral,2
food_cpi_lag12,0.0005991112688826135,pastoral,2
food_cpi_yoy_change,0.0019825776322115888,pastoral,2
food_cpi_yoy_change_lag1,0.0007777249757058125,pastoral,2
food_cpi_yoy_change_lag3,0.0013509579407393157,pastoral,2
food_cpi_yoy_change_lag6,0.004996933109376466,pastoral,2
food_cpi_yoy_change_lag12,0.0007417499341697129,pastoral,2
headline_cpi_chainlinked,0.0006075305592396479,pastoral,2
headline_cpi_chainlinked_lag1,0.0005455165917095859,pastoral,2
headline_cpi_chainlinked_lag3,0.0004092894799263845,pastoral,2
headline_cpi_chainlinked_lag6,0.0010415841798059363,pastoral,2
headline_cpi_chainlinked_lag12,0.00017634629621182804,pastoral,2
food_cpi_chainlinked,0.0011592455300431436,pastoral,2
food_cpi_chainlinked_lag1,0.00037318048956340796,pastoral,2
food_cpi_chainlinked_lag3,0.0007042134093561365,pastoral,2
food_cpi_chainlinked_lag6,0.0003399002240613278,pastoral,2
food_cpi_chainlinked_lag12,0.00032893799542258156,pastoral,2
exchange_rate,0.0005391362370380427,pastoral,2
exchange_rate_lag1,0.0015465991614345047,pastoral,2
exchange_rate_lag3,0.0002975058633321658,pastoral,2
exchange_rate_lag6,6.394158851888544e-05,pastoral,2
exchange_rate_lag12,0.0004248727601737401,pastoral,2
exchange_rate_yoy_change,0.002570467885798567,pastoral,2
exchange_rate_yoy_change_lag1,0.0030697677064534332,pastoral,2
exchange_rate_yoy_change_lag3,0.002149596408645394,pastoral,2
exchange_rate_yoy_change_lag6,0.0016886283633190983,pastoral,2
exchange_rate_yoy_change_lag12,0.006644382713061133,pastoral,2
gdp_per_capita,2.7404886560700813e-05,pastoral,2
gdp_per_capita_yoy_change,0.0013478635763055917,pastoral,2
iod,0.0047810219649559805,pastoral,2
mei,0.0014317821614640703,pastoral,2
nino34,0.009582127213297808,pastoral,2
iod_lag1,0.002487631014639715,pastoral,2
iod_lag3,0.002393933204476059,pastoral,2
iod_lag6,0.009735646385543494,pastoral,2
mei_lag1,0.01067343264168367,pastoral,2
mei_lag3,0.0085192378657612,pastoral,2
mei_lag6,0.003159935841231446,pastoral,2
nino34_lag1,0.010461393114386156,pastoral,2
nino34_lag3,0.001442213117252186,pastoral,2
nino34_lag6,0.0038341335634604905,pastoral,2
wvg,0.0032283581943597377,pastoral,2
wvg_lag1yr,0.001681015628579539,pastoral,2
wvg_lag2yr,0.0023456624608035287,pastoral,2
wvg_lag3yr,0.0020456312733058493,pastoral,2
total_refugees_hosted,1.767679189591852e-05,pastoral,2
total_refugees_hosted_yoy_change,0.003658335836463264,pastoral,2
total_asylum_seekers_hosted,0.008529870311563912,pastoral,2
total_asylum_seekers_hosted_yoy_change,0.0008452264382194795,pastoral,2
idps_ethiopia,6.108731739671783e-05,pastoral,2
idps_ethiopia_yoy_change,0.0,pastoral,2
season_national_belg_meher,0.000263634187632496,pastoral,2
season_somali_gu_deyr,0.00014565121517202362,pastoral,2
months_since_assessment,0.0,agropastoral,2
pct_pastoral,0.0010156915736923872,agropastoral,2
pct_agropastoral,0.004764959251000803,agropastoral,2
pct_crop_farming,0.003866105576636324,agropastoral,2
is_harvest_season,0.00024731518097603625,agropastoral,2
is_lean_season,0.0004941474007387061,agropastoral,2
is_dry_season,0.0005169675351727542,agropastoral,2
months_since_harvest_start,0.002093426100094892,agropastoral,2
months_since_lean_start,0.008733375104297971,agropastoral,2
glofas_reach_count,0.001359643491019239,agropastoral,2
agss_surveyed_flag,1.4958913701174502e-06,agropastoral,2
ipc_lag1,0.17185900385505615,agropastoral,2
ipc_lag4,0.0183031713391586,agropastoral,2
ipc_lag8,0.005767374524912822,agropastoral,2
ipc_mean12,0.005714335828705979,agropastoral,2
ha_share_lag1,0.010543326276017723,agropastoral,2
ha_share_lag4,0.0019480082702375851,agropastoral,2
ha_share_lag8,0.01129308735829014,agropastoral,2
ha_share_mean12,0.0132310066245152,agropastoral,2
total_rainfall_mm,0.0005245731633963064,agropastoral,2
wet_days,0.001574192961970165,agropastoral,2
max_dry_spell_length,0.003329330124326063,agropastoral,2
rainfall_sum_1m,0.0011693843550731743,agropastoral,2
rainfall_sum_3m,0.0025378494536522182,agropastoral,2
rainfall_sum_6m,0.011633835167733425,agropastoral,2
rainfall_sum_12m,0.01609439646029559,agropastoral,2
rainfall_sum_24m,0.0019275719914831418,agropastoral,2
spi_1,0.007235128080607705,agropastoral,2
spi_3,0.027569765220288565,agropastoral,2
spi_6,0.010511241664463924,agropastoral,2
spi_12,0.019852196661152597,agropastoral,2
spi_24,0.008472721414423958,agropastoral,2
pet_mm,0.006661014271066563,agropastoral,2
sm_root,0.002486704491573423,agropastoral,2
precip_mm,0.0008611300687918255,agropastoral,2
spei_balance_mm,0.0003633225068764096,agropastoral,2
sm_mean_1m,0.0018501574653606609,agropastoral,2
spei_balance_sum_1m,0.0017496738045575844,agropastoral,2
sm_mean_3m,0.0018141489587986171,agropastoral,2
spei_balance_sum_3m,0.002227792151309184,agropastoral,2
sm_mean_6m,0.0030712966927542162,agropastoral,2
spei_balance_sum_6m,0.008806359132389703,agropastoral,2
sm_mean_12m,0.0032583512115876515,agropastoral,2
spei_balance_sum_12m,0.004107112931141469,agropastoral,2
sm_mean_24m,0.002426546968170797,agropastoral,2
spei_balance_sum_24m,0.0030953610510664714,agropastoral,2
ssmi_1,0.012933777661668797,agropastoral,2
ssmi_3,0.0081596618159896,agropastoral,2
ssmi_6,0.004695053154020064,agropastoral,2
ssmi_12,0.0049411337378279805,agropastoral,2
ssmi_24,0.00190301785189166,agropastoral,2
spei_1,0.00681448308820702,agropastoral,2
spei_3,0.0039324220221665755,agropastoral,2
spei_6,0.015641265728048956,agropastoral,2
spei_12,0.01282851982547039,agropastoral,2
spei_24,0.0024299937843758387,agropastoral,2
ndvi,0.002762459783755043,agropastoral,2
ndvi_anomaly,0.013533558128708816,agropastoral,2
ndvi_lag1,0.0020670916732406313,agropastoral,2
ndvi_lag3,0.0023369825819632116,agropastoral,2
ndvi_lag6,0.0043037761939666444,agropastoral,2
ndvi_lag12,0.006217110647845641,agropastoral,2
ndvi_anomaly_lag1,0.007883765272959668,agropastoral,2
ndvi_anomaly_lag3,0.0051014777163896205,agropastoral,2
ndvi_anomaly_lag6,0.010776639383782175,agropastoral,2
ndvi_anomaly_lag12,0.004626929984982381,agropastoral,2
ndvi_cropland,0.012177086960050683,agropastoral,2
ndvi_cropland_anomaly,0.016555844838134316,agropastoral,2
ndvi_cropland_lag1,0.006038128901324577,agropastoral,2
ndvi_cropland_lag3,0.0026430658500530956,agropastoral,2
ndvi_cropland_lag6,0.005952999675038713,agropastoral,2
ndvi_cropland_lag12,0.017295358633826925,agropastoral,2
ndvi_cropland_anomaly_lag1,0.03510139218080909,agropastoral,2
ndvi_cropland_anomaly_lag3,0.012108812335731236,agropastoral,2
ndvi_cropland_anomaly_lag6,0.005574857990817326,agropastoral,2
ndvi_cropland_anomaly_lag12,0.029072770734768816,agropastoral,2
ndvi_rangeland,0.0037196486722087642,agropastoral,2
ndvi_rangeland_anomaly,0.00466239532513781,agropastoral,2
ndvi_rangeland_lag1,0.004003709458741078,agropastoral,2
ndvi_rangeland_lag3,0.0029151564736698055,agropastoral,2
ndvi_rangeland_lag6,0.003252129739542517,agropastoral,2
ndvi_rangeland_lag12,0.00729478620163165,agropastoral,2
ndvi_rangeland_anomaly_lag1,0.007070021409796252,agropastoral,2
ndvi_rangeland_anomaly_lag3,0.011925263752237188,agropastoral,2
ndvi_rangeland_anomaly_lag6,0.012868089459977946,agropastoral,2
ndvi_rangeland_anomaly_lag12,0.009833144788263469,agropastoral,2
acled_event_count,0.0007249486049777555,agropastoral,2
acled_fatalities,0.0003869434049175593,agropastoral,2
acled_event_count_political_violence,0.0013754861371702092,agropastoral,2
acled_fatalities_political_violence,0.0008060688555446998,agropastoral,2
acled_event_count_demonstrations,0.0006108853741805019,agropastoral,2
acled_fatalities_demonstrations,0.0017616080645257166,agropastoral,2
acled_event_count_strategic_developments,6.827385086887806e-05,agropastoral,2
acled_fatalities_strategic_developments,0.0,agropastoral,2
acled_event_count_lag1,0.00048088073132386875,agropastoral,2
acled_fatalities_lag1,0.0010590332525940438,agropastoral,2
acled_event_count_political_violence_lag1,0.00017083703321423574,agropastoral,2
acled_fatalities_political_violence_lag1,0.0009076202908855299,agropastoral,2
acled_event_count_demonstrations_lag1,0.000173306573914524,agropastoral,2
acled_fatalities_demonstrations_lag1,0.0,agropastoral,2
acled_event_count_strategic_developments_lag1,0.0,agropastoral,2
acled_fatalities_strategic_developments_lag1,0.0,agropastoral,2
acled_event_count_lag3,0.0008030270239684658,agropastoral,2
acled_fatalities_lag3,0.004151501801149492,agropastoral,2
acled_event_count_political_violence_lag3,0.0002885637794762755,agropastoral,2
acled_fatalities_political_violence_lag3,0.004853539669733291,agropastoral,2
acled_event_count_demonstrations_lag3,0.00040596418822268866,agropastoral,2
acled_fatalities_demonstrations_lag3,0.0,agropastoral,2
acled_event_count_strategic_developments_lag3,1.6146128948058392e-05,agropastoral,2
acled_fatalities_strategic_developments_lag3,0.0,agropastoral,2
acled_event_count_lag6,0.003310449404109762,agropastoral,2
acled_fatalities_lag6,0.0006518197791027471,agropastoral,2
acled_event_count_political_violence_lag6,0.0018107727790279181,agropastoral,2
acled_fatalities_political_violence_lag6,0.0013676733089086942,agropastoral,2
acled_event_count_demonstrations_lag6,0.000907893088221767,agropastoral,2
acled_fatalities_demonstrations_lag6,0.0,agropastoral,2
acled_event_count_strategic_developments_lag6,6.973532955523683e-05,agropastoral,2
acled_fatalities_strategic_developments_lag6,0.0,agropastoral,2
acled_event_count_lag12,0.005471944299177283,agropastoral,2
acled_fatalities_lag12,0.000978154396944882,agropastoral,2
acled_event_count_political_violence_lag12,0.002209213133650446,agropastoral,2
acled_fatalities_political_violence_lag12,1.6678748241004924e-05,agropastoral,2
acled_event_count_demonstrations_lag12,0.0001545345902768726,agropastoral,2
acled_fatalities_demonstrations_lag12,0.00014222611901010558,agropastoral,2
acled_event_count_strategic_developments_lag12,0.0,agropastoral,2
acled_fatalities_strategic_developments_lag12,0.0,agropastoral,2
maize_price_etb,0.0011137700520294242,agropastoral,2
maize_price_etb_lag1,0.0002391057081033672,agropastoral,2
maize_price_etb_lag3,0.000749875941301567,agropastoral,2
maize_price_etb_lag6,0.004522381441253787,agropastoral,2
maize_price_etb_lag12,0.0017452352184158335,agropastoral,2
maize_price_index,0.0012431238960380333,agropastoral,2
maize_price_index_lag1,0.0015703896344840711,agropastoral,2
maize_price_index_lag3,0.002715570657785116,agropastoral,2
maize_price_index_lag6,0.008194325024533216,agropastoral,2
maize_price_index_lag12,0.007715339608483137,agropastoral,2
maize_n_markets,0.0001486026781095424,agropastoral,2
wheat_price_etb,3.783781696807816e-05,agropastoral,2
wheat_price_etb_lag1,2.9299143677513017e-07,agropastoral,2
wheat_price_etb_lag3,0.0006979775688865804,agropastoral,2
wheat_price_etb_lag6,0.0006020270343047945,agropastoral,2
wheat_price_etb_lag12,0.0003396551663435143,agropastoral,2
wheat_price_index,0.00012862922097051747,agropastoral,2
wheat_price_index_lag1,1.3013622326556646e-05,agropastoral,2
wheat_price_index_lag3,4.856286333092583e-06,agropastoral,2
wheat_price_index_lag6,0.00023794001935213672,agropastoral,2
wheat_price_index_lag12,3.728053619236423e-05,agropastoral,2
wheat_n_markets,0.00011161536777056531,agropastoral,2
sorghum_price_etb,0.0003973389408304668,agropastoral,2
sorghum_price_etb_lag1,0.00016905104678189417,agropastoral,2
sorghum_price_etb_lag3,0.0003694620926873562,agropastoral,2
sorghum_price_etb_lag6,0.0007227109325604552,agropastoral,2
sorghum_price_etb_lag12,0.0016733236417197208,agropastoral,2
sorghum_price_index,0.0005530711956606602,agropastoral,2
sorghum_price_index_lag1,0.003275477142204981,agropastoral,2
sorghum_price_index_lag3,0.001448391284883925,agropastoral,2
sorghum_price_index_lag6,0.0037137288405360114,agropastoral,2
sorghum_price_index_lag12,0.003588333879164823,agropastoral,2
sorghum_n_markets,0.0001766864027763442,agropastoral,2
teff_price_etb_lag1,0.0,agropastoral,2
teff_n_markets,0.0,agropastoral,2
fuel_diesel_price_etb,0.0,agropastoral,2
fuel_diesel_price_etb_lag1,0.0,agropastoral,2
fuel_diesel_price_etb_lag3,0.0,agropastoral,2
fuel_diesel_price_etb_lag6,0.0,agropastoral,2
fuel_diesel_price_etb_lag12,0.0,agropastoral,2
fuel_diesel_n_markets,0.0,agropastoral,2
fuel_petrol_n_markets,0.0,agropastoral,2
livestock_goat_price_etb,0.0,agropastoral,2
livestock_goat_price_etb_lag1,0.0,agropastoral,2
livestock_goat_price_etb_lag3,0.0,agropastoral,2
livestock_goat_price_etb_lag6,0.0,agropastoral,2
livestock_goat_price_etb_lag12,0.0,agropastoral,2
livestock_goat_price_index,0.0,agropastoral,2
livestock_goat_price_index_lag1,0.0,agropastoral,2
livestock_goat_price_index_lag3,0.0,agropastoral,2
livestock_goat_price_index_lag6,0.0,agropastoral,2
livestock_goat_price_index_lag12,0.0,agropastoral,2
livestock_goat_n_markets,0.0,agropastoral,2
livestock_sheep_price_etb,0.0,agropastoral,2
livestock_sheep_price_etb_lag1,0.0,agropastoral,2
livestock_sheep_price_etb_lag3,0.0,agropastoral,2
livestock_sheep_price_etb_lag6,0.0,agropastoral,2
livestock_sheep_price_etb_lag12,0.0,agropastoral,2
livestock_sheep_price_index,0.0,agropastoral,2
livestock_sheep_price_index_lag1,0.0,agropastoral,2
livestock_sheep_price_index_lag3,0.0,agropastoral,2
livestock_sheep_price_index_lag6,0.0,agropastoral,2
livestock_sheep_price_index_lag12,0.0,agropastoral,2
livestock_sheep_n_markets,0.0,agropastoral,2
goat_maize_tot,0.0,agropastoral,2
goat_maize_tot_lag1,0.0,agropastoral,2
goat_maize_tot_lag3,2.9038212257495945e-05,agropastoral,2
goat_maize_tot_lag6,0.0008258324544641336,agropastoral,2
goat_maize_tot_lag12,0.0,agropastoral,2
sheep_maize_tot,0.0,agropastoral,2
sheep_maize_tot_lag1,0.0,agropastoral,2
sheep_maize_tot_lag3,0.0,agropastoral,2
sheep_maize_tot_lag6,0.0014793964186192651,agropastoral,2
sheep_maize_tot_lag12,0.0003148169176970324,agropastoral,2
maize_yield,0.0028790130180353472,agropastoral,2
maize_yield_anomaly,0.001519714938357799,agropastoral,2
wheat_yield,0.0006123018478252789,agropastoral,2
wheat_yield_anomaly,0.00199009132057264,agropastoral,2
sorghum_yield,0.002257606718506195,agropastoral,2
sorghum_yield_anomaly,0.013001677403121087,agropastoral,2
teff_yield,0.0017387078325937749,agropastoral,2
teff_yield_anomaly,0.0021950592219992095,agropastoral,2
headline_cpi,0.0002610069661491812,agropastoral,2
headline_cpi_lag1,0.00010088245661969246,agropastoral,2
headline_cpi_lag3,0.0013567282156669433,agropastoral,2
headline_cpi_lag6,0.0005782443294864457,agropastoral,2
headline_cpi_lag12,5.175798242812756e-05,agropastoral,2
headline_cpi_yoy_change,0.0016243792273964123,agropastoral,2
headline_cpi_yoy_change_lag1,0.00077701766484006,agropastoral,2
headline_cpi_yoy_change_lag3,0.0004037085427991522,agropastoral,2
headline_cpi_yoy_change_lag6,0.002622362172292775,agropastoral,2
headline_cpi_yoy_change_lag12,0.009855287862892548,agropastoral,2
food_cpi,0.0005177334295567677,agropastoral,2
food_cpi_lag1,6.841261080687819e-05,agropastoral,2
food_cpi_lag3,0.00023287954199332098,agropastoral,2
food_cpi_lag6,9.699544746711301e-05,agropastoral,2
food_cpi_lag12,0.00033983346193440885,agropastoral,2
food_cpi_yoy_change,0.0010717099311167975,agropastoral,2
food_cpi_yoy_change_lag1,0.00039674731135223525,agropastoral,2
food_cpi_yoy_change_lag3,0.00138573401976298,agropastoral,2
food_cpi_yoy_change_lag6,0.004194516160482394,agropastoral,2
food_cpi_yoy_change_lag12,0.006255745868857654,agropastoral,2
headline_cpi_chainlinked,0.0004501042697183606,agropastoral,2
headline_cpi_chainlinked_lag1,0.00011352706534007493,agropastoral,2
headline_cpi_chainlinked_lag3,0.0005541664195919524,agropastoral,2
headline_cpi_chainlinked_lag6,0.00011303569008485449,agropastoral,2
headline_cpi_chainlinked_lag12,1.4425364898426879e-05,agropastoral,2
food_cpi_chainlinked,0.000253762310706847,agropastoral,2
food_cpi_chainlinked_lag1,0.0004154076662260156,agropastoral,2
food_cpi_chainlinked_lag3,0.00013170869808828812,agropastoral,2
food_cpi_chainlinked_lag6,3.619473780892329e-05,agropastoral,2
food_cpi_chainlinked_lag12,0.0004660578480028794,agropastoral,2
exchange_rate,0.0002278129164046424,agropastoral,2
exchange_rate_lag1,0.0015831461309441927,agropastoral,2
exchange_rate_lag3,0.00044072269675681034,agropastoral,2
exchange_rate_lag6,0.00010574132804493768,agropastoral,2
exchange_rate_lag12,0.0009753218701672403,agropastoral,2
exchange_rate_yoy_change,0.004868667939475513,agropastoral,2
exchange_rate_yoy_change_lag1,0.0037712602781865027,agropastoral,2
exchange_rate_yoy_change_lag3,0.0017965078017646151,agropastoral,2
exchange_rate_yoy_change_lag6,0.006049420751982182,agropastoral,2
exchange_rate_yoy_change_lag12,0.004479525758264869,agropastoral,2
gdp_per_capita,0.00016222372917859519,agropastoral,2
gdp_per_capita_yoy_change,0.0009748031379227494,agropastoral,2
iod,0.008779810043038605,agropastoral,2
mei,0.0012027323531760639,agropastoral,2
nino34,0.0006571573063107551,agropastoral,2
iod_lag1,0.0029727195329216903,agropastoral,2
iod_lag3,0.009923234519185736,agropastoral,2
iod_lag6,0.0120370379645906,agropastoral,2
mei_lag1,0.004321555697147834,agropastoral,2
mei_lag3,0.001955819439212629,agropastoral,2
mei_lag6,0.003195819310830766,agropastoral,2
nino34_lag1,0.005443568424638219,agropastoral,2
nino34_lag3,0.0024370536551386337,agropastoral,2
nino34_lag6,0.002827256639671944,agropastoral,2
wvg,0.002085539403118038,agropastoral,2
wvg_lag1yr,0.00018446893038753882,agropastoral,2
wvg_lag2yr,0.0019257624882655388,agropastoral,2
wvg_lag3yr,0.002427732187052051,agropastoral,2
total_refugees_hosted,0.00020981311321596643,agropastoral,2
total_refugees_hosted_yoy_change,0.0007701545148368881,agropastoral,2
total_asylum_seekers_hosted,0.0007859428079402369,agropastoral,2
total_asylum_seekers_hosted_yoy_change,0.001528711136335689,agropastoral,2
idps_ethiopia,0.0,agropastoral,2
idps_ethiopia_yoy_change,0.0,agropastoral,2
season_national_belg_meher,9.295717591048477e-08,agropastoral,2
season_somali_gu_deyr,0.0,agropastoral,2
months_since_assessment,0.0,crop_farming,2
pct_pastoral,0.0006200332156180423,crop_farming,2
pct_agropastoral,0.0005753098070275953,crop_farming,2
pct_crop_farming,0.0007396410050879601,crop_farming,2
is_harvest_season,7.28278606857277e-05,crop_farming,2
is_lean_season,0.00027246235262389895,crop_farming,2
is_dry_season,2.495224198448176e-05,crop_farming,2
months_since_harvest_start,0.0013815357129077742,crop_farming,2
months_since_lean_start,0.02087535844125063,crop_farming,2
glofas_reach_count,0.006851160466747328,crop_farming,2
agss_surveyed_flag,4.219716156754912e-05,crop_farming,2
ipc_lag1,0.21979116439025206,crop_farming,2
ipc_lag4,0.008434131347612483,crop_farming,2
ipc_lag8,0.045350943388436704,crop_farming,2
ipc_mean12,0.025590726515460772,crop_farming,2
ha_share_lag1,0.040810743426903044,crop_farming,2
ha_share_lag4,0.00339866865893152,crop_farming,2
ha_share_lag8,0.010888755419812355,crop_farming,2
ha_share_mean12,0.02076133917778167,crop_farming,2
total_rainfall_mm,0.001085657363421164,crop_farming,2
wet_days,0.0018643268661185247,crop_farming,2
max_dry_spell_length,0.0029403837948496726,crop_farming,2
rainfall_sum_1m,0.0011560184892111143,crop_farming,2
rainfall_sum_3m,0.006304296254896873,crop_farming,2
rainfall_sum_6m,0.10463906050161273,crop_farming,2
rainfall_sum_12m,0.004135764388540755,crop_farming,2
rainfall_sum_24m,0.0053206505373962825,crop_farming,2
spi_1,0.006187250971829173,crop_farming,2
spi_3,0.013314298874842957,crop_farming,2
spi_6,0.005363314417484017,crop_farming,2
spi_12,0.004385673347618438,crop_farming,2
spi_24,0.0046833021682070345,crop_farming,2
pet_mm,0.005134385756317866,crop_farming,2
sm_root,0.0028273030214246197,crop_farming,2
precip_mm,0.001160284637503225,crop_farming,2
spei_balance_mm,0.001018444508174464,crop_farming,2
sm_mean_1m,0.0022713936011899546,crop_farming,2
spei_balance_sum_1m,0.0011072049698493487,crop_farming,2
sm_mean_3m,0.0020511576042813594,crop_farming,2
spei_balance_sum_3m,0.006477177520836655,crop_farming,2
sm_mean_6m,0.002482026363887345,crop_farming,2
spei_balance_sum_6m,0.011309434698284233,crop_farming,2
sm_mean_12m,0.0015605955475197129,crop_farming,2
spei_balance_sum_12m,0.0019233288526115384,crop_farming,2
sm_mean_24m,0.001739468046187641,crop_farming,2
spei_balance_sum_24m,0.0015237955250692724,crop_farming,2
ssmi_1,0.0071087654044138795,crop_farming,2
ssmi_3,0.005222597235817029,crop_farming,2
ssmi_6,0.0038587254274376763,crop_farming,2
ssmi_12,0.00359844631464395,crop_farming,2
ssmi_24,0.00364438081561791,crop_farming,2
spei_1,0.006053270763130698,crop_farming,2
spei_3,0.007174494674060682,crop_farming,2
spei_6,0.003900860821463244,crop_farming,2
spei_12,0.004448155880759907,crop_farming,2
spei_24,0.0038027619251275254,crop_farming,2
ndvi,0.0032636274114014293,crop_farming,2
ndvi_anomaly,0.00373146574708787,crop_farming,2
ndvi_lag1,0.0013391504819533593,crop_farming,2
ndvi_lag3,0.0033701505761640246,crop_farming,2
ndvi_lag6,0.003011248339068357,crop_farming,2
ndvi_lag12,0.002458810230974858,crop_farming,2
ndvi_anomaly_lag1,0.004380788950729846,crop_farming,2
ndvi_anomaly_lag3,0.005301160888042854,crop_farming,2
ndvi_anomaly_lag6,0.004012454853149107,crop_farming,2
ndvi_anomaly_lag12,0.00520875110465927,crop_farming,2
ndvi_cropland,0.002824465970229376,crop_farming,2
ndvi_cropland_anomaly,0.004376667699485316,crop_farming,2
ndvi_cropland_lag1,0.0019374275233904142,crop_farming,2
ndvi_cropland_lag3,0.004231479639573944,crop_farming,2
ndvi_cropland_lag6,0.0028746457019008685,crop_farming,2
ndvi_cropland_lag12,0.001968269846948661,crop_farming,2
ndvi_cropland_anomaly_lag1,0.003403767990043135,crop_farming,2
ndvi_cropland_anomaly_lag3,0.00394951633845009,crop_farming,2
ndvi_cropland_anomaly_lag6,0.004208487905600452,crop_farming,2
ndvi_cropland_anomaly_lag12,0.004727963839497819,crop_farming,2
ndvi_rangeland,0.0028994455672973563,crop_farming,2
ndvi_rangeland_anomaly,0.003277539019589943,crop_farming,2
ndvi_rangeland_lag1,0.0018104410323053505,crop_farming,2
ndvi_rangeland_lag3,0.002954919820848139,crop_farming,2
ndvi_rangeland_lag6,0.0027400116704562813,crop_farming,2
ndvi_rangeland_lag12,0.0019306372073554995,crop_farming,2
ndvi_rangeland_anomaly_lag1,0.003382754362306743,crop_farming,2
ndvi_rangeland_anomaly_lag3,0.00495394532290144,crop_farming,2
ndvi_rangeland_anomaly_lag6,0.0037874165704907667,crop_farming,2
ndvi_rangeland_anomaly_lag12,0.0038991242130420344,crop_farming,2
acled_event_count,7.058655813823079e-05,crop_farming,2
acled_fatalities,9.877457146564791e-05,crop_farming,2
acled_event_count_political_violence,8.184033547838876e-05,crop_farming,2
acled_fatalities_political_violence,5.8218389260437364e-05,crop_farming,2
acled_event_count_demonstrations,0.00011050429997645151,crop_farming,2
acled_fatalities_demonstrations,3.54631247220658e-05,crop_farming,2
acled_event_count_strategic_developments,0.0,crop_farming,2
acled_fatalities_strategic_developments,0.0,crop_farming,2
acled_event_count_lag1,0.0001970716995052688,crop_farming,2
acled_fatalities_lag1,6.582095906030122e-05,crop_farming,2
acled_event_count_political_violence_lag1,8.105398641274207e-05,crop_farming,2
acled_fatalities_political_violence_lag1,7.194092427083212e-05,crop_farming,2
acled_event_count_demonstrations_lag1,8.648821075391335e-05,crop_farming,2
acled_fatalities_demonstrations_lag1,4.6360274558383275e-06,crop_farming,2
acled_event_count_strategic_developments_lag1,6.442414546837334e-07,crop_farming,2
acled_fatalities_strategic_developments_lag1,0.0,crop_farming,2
acled_event_count_lag3,0.0001181951130355292,crop_farming,2
acled_fatalities_lag3,0.0001004111800080652,crop_farming,2
acled_event_count_political_violence_lag3,4.782111739694453e-05,crop_farming,2
acled_fatalities_political_violence_lag3,2.963863038616589e-05,crop_farming,2
acled_event_count_demonstrations_lag3,0.00013163122803931248,crop_farming,2
acled_fatalities_demonstrations_lag3,0.0,crop_farming,2
acled_event_count_strategic_developments_lag3,0.0,crop_farming,2
acled_fatalities_strategic_developments_lag3,0.0,crop_farming,2
acled_event_count_lag6,0.0002946000308150775,crop_farming,2
acled_fatalities_lag6,0.00019198960149423018,crop_farming,2
acled_event_count_political_violence_lag6,9.426417899786001e-05,crop_farming,2
acled_fatalities_political_violence_lag6,0.00011239220896067796,crop_farming,2
acled_event_count_demonstrations_lag6,0.0001341617513405751,crop_farming,2
acled_fatalities_demonstrations_lag6,3.98031721496488e-06,crop_farming,2
acled_event_count_strategic_developments_lag6,9.671275375989104e-06,crop_farming,2
acled_fatalities_strategic_developments_lag6,0.0,crop_farming,2
acled_event_count_lag12,0.00021989900458063225,crop_farming,2
acled_fatalities_lag12,6.498607247428813e-05,crop_farming,2
acled_event_count_political_violence_lag12,3.983181123538893e-05,crop_farming,2
acled_fatalities_political_violence_lag12,1.1120411144447108e-05,crop_farming,2
acled_event_count_demonstrations_lag12,0.0005140394588454647,crop_farming,2
acled_fatalities_demonstrations_lag12,0.0,crop_farming,2
acled_event_count_strategic_developments_lag12,0.0,crop_farming,2
acled_fatalities_strategic_developments_lag12,0.0,crop_farming,2
maize_price_etb,0.0010576803166951368,crop_farming,2
maize_price_etb_lag1,0.0006386811303210035,crop_farming,2
maize_price_etb_lag3,0.000489105373627991,crop_farming,2
maize_price_etb_lag6,0.00032041096057348027,crop_farming,2
maize_price_etb_lag12,0.0007794995922481417,crop_farming,2
maize_price_index,0.0006010244016991827,crop_farming,2
maize_price_index_lag1,0.0004696684310779203,crop_farming,2
maize_price_index_lag3,0.0003037650370448358,crop_farming,2
maize_price_index_lag6,0.0003720329153107433,crop_farming,2
maize_price_index_lag12,0.0005709321699054952,crop_farming,2
maize_n_markets,0.00011702815241243085,crop_farming,2
wheat_price_etb,0.0005459577259206001,crop_farming,2
wheat_price_etb_lag1,0.0007205466583428819,crop_farming,2
wheat_price_etb_lag3,0.0006847620776229601,crop_farming,2
wheat_price_etb_lag6,0.0007082706622445906,crop_farming,2
wheat_price_etb_lag12,0.0003721527609251229,crop_farming,2
wheat_price_index,0.0002397128319275847,crop_farming,2
wheat_price_index_lag1,0.00017468388062888296,crop_farming,2
wheat_price_index_lag3,0.00015112384553923202,crop_farming,2
wheat_price_index_lag6,0.00018206361199588522,crop_farming,2
wheat_price_index_lag12,0.00014707138805242247,crop_farming,2
wheat_n_markets,0.00013368347451629068,crop_farming,2
sorghum_price_etb,0.0002581650144698813,crop_farming,2
sorghum_price_etb_lag1,0.00045029683202940397,crop_farming,2
sorghum_price_etb_lag3,0.001214323995261532,crop_farming,2
sorghum_price_etb_lag6,0.00034590561223807835,crop_farming,2
sorghum_price_etb_lag12,0.0008290828187262153,crop_farming,2
sorghum_price_index,0.0018124592629224319,crop_farming,2
sorghum_price_index_lag1,0.0005856483410120607,crop_farming,2
sorghum_price_index_lag3,0.0005980522032866025,crop_farming,2
sorghum_price_index_lag6,0.0006876339193682603,crop_farming,2
sorghum_price_index_lag12,0.0002890911955353571,crop_farming,2
sorghum_n_markets,0.00023746040711349338,crop_farming,2
teff_price_etb,0.0,crop_farming,2
teff_price_etb_lag1,0.0,crop_farming,2
teff_price_etb_lag3,0.0,crop_farming,2
teff_price_etb_lag6,0.0,crop_farming,2
teff_price_etb_lag12,0.0,crop_farming,2
teff_price_index,0.0,crop_farming,2
teff_price_index_lag1,0.0,crop_farming,2
teff_price_index_lag3,0.0,crop_farming,2
teff_price_index_lag6,0.0,crop_farming,2
teff_price_index_lag12,0.0,crop_farming,2
teff_n_markets,0.0,crop_farming,2
fuel_diesel_price_etb,0.0,crop_farming,2
fuel_diesel_price_etb_lag1,0.0,crop_farming,2
fuel_diesel_price_etb_lag3,0.0,crop_farming,2
fuel_diesel_price_etb_lag6,0.0,crop_farming,2
fuel_diesel_price_etb_lag12,0.0,crop_farming,2
fuel_diesel_price_index,0.0,crop_farming,2
fuel_diesel_price_index_lag1,0.0,crop_farming,2
fuel_diesel_price_index_lag3,0.0,crop_farming,2
fuel_diesel_price_index_lag6,0.0,crop_farming,2
fuel_diesel_price_index_lag12,0.0,crop_farming,2
fuel_diesel_n_markets,0.0,crop_farming,2
fuel_petrol_price_etb,0.0,crop_farming,2
fuel_petrol_price_etb_lag1,0.0,crop_farming,2
fuel_petrol_price_etb_lag3,0.0,crop_farming,2
fuel_petrol_price_etb_lag6,0.0,crop_farming,2
fuel_petrol_price_etb_lag12,0.0,crop_farming,2
fuel_petrol_price_index,0.0,crop_farming,2
fuel_petrol_price_index_lag1,0.0,crop_farming,2
fuel_petrol_price_index_lag3,0.0,crop_farming,2
fuel_petrol_price_index_lag6,0.0,crop_farming,2
fuel_petrol_price_index_lag12,0.0,crop_farming,2
fuel_petrol_n_markets,0.0,crop_farming,2
livestock_goat_price_etb,0.0,crop_farming,2
livestock_goat_price_etb_lag1,0.0,crop_farming,2
livestock_goat_price_etb_lag3,0.0,crop_farming,2
livestock_goat_price_etb_lag6,0.0,crop_farming,2
livestock_goat_price_etb_lag12,0.0,crop_farming,2
livestock_goat_price_index,0.0,crop_farming,2
livestock_goat_price_index_lag1,0.0,crop_farming,2
livestock_goat_price_index_lag3,0.0,crop_farming,2
livestock_goat_price_index_lag6,0.0,crop_farming,2
livestock_goat_price_index_lag12,0.0,crop_farming,2
livestock_goat_n_markets,0.0,crop_farming,2
livestock_sheep_price_etb,0.0,crop_farming,2
livestock_sheep_price_etb_lag1,0.0,crop_farming,2
livestock_sheep_price_etb_lag3,0.0,crop_farming,2
livestock_sheep_price_etb_lag6,0.0,crop_farming,2
livestock_sheep_price_etb_lag12,0.0,crop_farming,2
livestock_sheep_price_index,0.0,crop_farming,2
livestock_sheep_price_index_lag1,0.0,crop_farming,2
livestock_sheep_price_index_lag3,0.0,crop_farming,2
livestock_sheep_price_index_lag6,0.0,crop_farming,2
livestock_sheep_price_index_lag12,0.0,crop_farming,2
livestock_sheep_n_markets,0.0,crop_farming,2
goat_maize_tot,0.0,crop_farming,2
goat_maize_tot_lag1,0.0,crop_farming,2
goat_maize_tot_lag3,0.0,crop_farming,2
goat_maize_tot_lag6,0.0,crop_farming,2
goat_maize_tot_lag12,0.0,crop_farming,2
sheep_maize_tot,0.0,crop_farming,2
sheep_maize_tot_lag1,0.0,crop_farming,2
sheep_maize_tot_lag3,0.0,crop_farming,2
sheep_maize_tot_lag6,0.0,crop_farming,2
sheep_maize_tot_lag12,0.0,crop_farming,2
maize_yield,0.003569405493690157,crop_farming,2
maize_yield_anomaly,0.00357042819896649,crop_farming,2
wheat_yield,0.002456162389263008,crop_farming,2
wheat_yield_anomaly,0.0016139650186777865,crop_farming,2
sorghum_yield,0.002921625606338977,crop_farming,2
sorghum_yield_anomaly,0.0020595616337339127,crop_farming,2
teff_yield,0.0023165986470277526,crop_farming,2
teff_yield_anomaly,0.002922194124717442,crop_farming,2
headline_cpi,0.000495405044987413,crop_farming,2
headline_cpi_lag1,0.0003601058479456324,crop_farming,2
headline_cpi_lag3,0.0003832241992200519,crop_farming,2
headline_cpi_lag6,0.00039825066419568343,crop_farming,2
headline_cpi_lag12,0.00042158002175643954,crop_farming,2
headline_cpi_yoy_change,0.0010958173067534443,crop_farming,2
headline_cpi_yoy_change_lag1,0.0031858529227791785,crop_farming,2
headline_cpi_yoy_change_lag3,0.0008038023617046548,crop_farming,2
headline_cpi_yoy_change_lag6,0.0030876359242769857,crop_farming,2
headline_cpi_yoy_change_lag12,0.008315435871645923,crop_farming,2
food_cpi,0.0004047378787344677,crop_farming,2
food_cpi_lag1,0.00024935323515546184,crop_farming,2
food_cpi_lag3,0.00035451969034770996,crop_farming,2
food_cpi_lag6,0.0001942736099827677,crop_farming,2
food_cpi_lag12,0.0008765579016780607,crop_farming,2
food_cpi_yoy_change,0.0040276593279146965,crop_farming,2
food_cpi_yoy_change_lag1,0.009420163725049191,crop_farming,2
food_cpi_yoy_change_lag3,0.008454431537460871,crop_farming,2
food_cpi_yoy_change_lag6,0.0033758335469323687,crop_farming,2
food_cpi_yoy_change_lag12,0.003222871684903009,crop_farming,2
headline_cpi_chainlinked,0.00023228670001831784,crop_farming,2
headline_cpi_chainlinked_lag1,0.00046474815966076434,crop_farming,2
headline_cpi_chainlinked_lag3,0.00023541127241263115,crop_farming,2
headline_cpi_chainlinked_lag6,0.00026056109635344,crop_farming,2
headline_cpi_chainlinked_lag12,0.0001801948544090512,crop_farming,2
food_cpi_chainlinked,0.0005016619726918225,crop_farming,2
food_cpi_chainlinked_lag1,0.00019340797485996607,crop_farming,2
food_cpi_chainlinked_lag3,0.00012277618665385172,crop_farming,2
food_cpi_chainlinked_lag6,0.0003146570596882373,crop_farming,2
food_cpi_chainlinked_lag12,0.000690459617665376,crop_farming,2
exchange_rate,0.00017712069370015413,crop_farming,2
exchange_rate_lag1,0.00030152300417528294,crop_farming,2
exchange_rate_lag3,0.0002534232737404916,crop_farming,2
exchange_rate_lag6,0.0002010747685938319,crop_farming,2
exchange_rate_lag12,0.0001922881290510014,crop_farming,2
exchange_rate_yoy_change,0.004313369855483816,crop_farming,2
exchange_rate_yoy_change_lag1,0.0032183057478584716,crop_farming,2
exchange_rate_yoy_change_lag3,0.003820036440078812,crop_farming,2
exchange_rate_yoy_change_lag6,0.02785104576257538,crop_farming,2
exchange_rate_yoy_change_lag12,0.0037276113048849546,crop_farming,2
gdp_per_capita,0.00017713580384058934,crop_farming,2
gdp_per_capita_yoy_change,0.0004232043981208266,crop_farming,2
iod,0.00539312302751427,crop_farming,2
mei,0.004448324983810135,crop_farming,2
nino34,0.0012203336695318808,crop_farming,2
iod_lag1,0.008732608094639747,crop_farming,2
iod_lag3,0.034264292763975225,crop_farming,2
iod_lag6,0.003456281903805137,crop_farming,2
mei_lag1,0.0024349497976719737,crop_farming,2
mei_lag3,0.0007353566442729778,crop_farming,2
mei_lag6,0.0054574522560061406,crop_farming,2
nino34_lag1,0.01592035640069871,crop_farming,2
nino34_lag3,0.0038720733150031466,crop_farming,2
nino34_lag6,0.0035734837358091147,crop_farming,2
wvg,0.0010473838939501219,crop_farming,2
wvg_lag1yr,0.00043896692780123026,crop_farming,2
wvg_lag2yr,0.0012676825280149397,crop_farming,2
wvg_lag3yr,0.005734695050699182,crop_farming,2
total_refugees_hosted,7.242916940251394e-05,crop_farming,2
total_refugees_hosted_yoy_change,0.0009570684884500127,crop_farming,2
total_asylum_seekers_hosted,0.0002354163486298608,crop_farming,2
total_asylum_seekers_hosted_yoy_change,0.0006774877786174482,crop_farming,2
idps_ethiopia,3.87770216843559e-06,crop_farming,2
idps_ethiopia_yoy_change,0.0,crop_farming,2
season_benishangul_meher_only,0.0,crop_farming,2
season_national_belg_meher,0.0,crop_farming,2
months_since_assessment,0.0,pastoral,3
pct_pastoral,0.0018139555609679565,pastoral,3
pct_agropastoral,0.0020883687434747927,pastoral,3
pct_crop_farming,0.0020606871645152936,pastoral,3
is_harvest_season,7.43531778285632e-05,pastoral,3
is_lean_season,0.0007077172286445205,pastoral,3
is_dry_season,0.00013927687372023237,pastoral,3
months_since_harvest_start,0.0017740732489333604,pastoral,3
months_since_lean_start,0.010796371481725105,pastoral,3
glofas_reach_count,0.0026759152569922674,pastoral,3
agss_surveyed_flag,0.0005798554035053821,pastoral,3
ipc_lag1,0.25997733465178197,pastoral,3
ipc_lag4,0.020075519802520703,pastoral,3
ipc_lag8,0.006111465739763149,pastoral,3
ipc_mean12,0.013865750223038906,pastoral,3
ha_share_lag1,0.006518229598287305,pastoral,3
ha_share_lag4,0.001935895392328472,pastoral,3
ha_share_lag8,0.004715731914320966,pastoral,3
ha_share_mean12,0.002843126106986542,pastoral,3
total_rainfall_mm,0.0008580514133225061,pastoral,3
wet_days,0.001607347062893328,pastoral,3
max_dry_spell_length,0.004601162367693249,pastoral,3
rainfall_sum_1m,0.001003744927232951,pastoral,3
rainfall_sum_3m,0.0048715268111886355,pastoral,3
rainfall_sum_6m,0.00812793201230563,pastoral,3
rainfall_sum_12m,0.003366531506716372,pastoral,3
rainfall_sum_24m,0.005971838127912428,pastoral,3
spi_1,0.015520902095973163,pastoral,3
spi_3,0.04349822638177257,pastoral,3
spi_6,0.03703020543938846,pastoral,3
spi_12,0.008575595842736077,pastoral,3
spi_24,0.0068042266109149775,pastoral,3
pet_mm,0.0054601728524449255,pastoral,3
sm_root,0.0029515179350332646,pastoral,3
precip_mm,0.0014542178986875695,pastoral,3
spei_balance_mm,0.0013576968364008434,pastoral,3
sm_mean_1m,0.0025859027458432246,pastoral,3
spei_balance_sum_1m,0.001822507652889881,pastoral,3
sm_mean_3m,0.0036557859158417,pastoral,3
spei_balance_sum_3m,0.0036143307708559323,pastoral,3
sm_mean_6m,0.003326625831596964,pastoral,3
spei_balance_sum_6m,0.00984321946231233,pastoral,3
sm_mean_12m,0.002500169843326873,pastoral,3
spei_balance_sum_12m,0.003870200670345479,pastoral,3
sm_mean_24m,0.0031628565626762523,pastoral,3
spei_balance_sum_24m,0.005410919367431852,pastoral,3
ssmi_1,0.010045763086984117,pastoral,3
ssmi_3,0.008934911761959255,pastoral,3
ssmi_6,0.007161513990315008,pastoral,3
ssmi_12,0.0065546689608098115,pastoral,3
ssmi_24,0.007772174215186481,pastoral,3
spei_1,0.006441928322893807,pastoral,3
spei_3,0.008098700132863408,pastoral,3
spei_6,0.04556733899919513,pastoral,3
spei_12,0.005310636226830841,pastoral,3
spei_24,0.00936270534878475,pastoral,3
ndvi,0.0025198112976042315,pastoral,3
ndvi_anomaly,0.005593916388328361,pastoral,3
ndvi_lag1,0.0017162828378224561,pastoral,3
ndvi_lag3,0.00579915073631866,pastoral,3
ndvi_lag6,0.001909314872503247,pastoral,3
ndvi_lag12,0.00515440140745006,pastoral,3
ndvi_anomaly_lag1,0.0034309830673816344,pastoral,3
ndvi_anomaly_lag3,0.007847310628598779,pastoral,3
ndvi_anomaly_lag6,0.0022177392316615275,pastoral,3
ndvi_anomaly_lag12,0.005253872786446741,pastoral,3
ndvi_cropland,0.004766410906667597,pastoral,3
ndvi_cropland_anomaly,0.004845313470795903,pastoral,3
ndvi_cropland_lag1,0.0021589832855679306,pastoral,3
ndvi_cropland_lag3,0.003396373596960235,pastoral,3
ndvi_cropland_lag6,0.0038472267836770677,pastoral,3
ndvi_cropland_lag12,0.008622999142083301,pastoral,3
ndvi_cropland_anomaly_lag1,0.0037492335759952726,pastoral,3
ndvi_cropland_anomaly_lag3,0.004424876001291714,pastoral,3
ndvi_cropland_anomaly_lag6,0.0028568819763224395,pastoral,3
ndvi_cropland_anomaly_lag12,0.0027668839388190294,pastoral,3
ndvi_rangeland,0.0019896795707929358,pastoral,3
ndvi_rangeland_anomaly,0.005316085962219832,pastoral,3
ndvi_rangeland_lag1,0.0020778853961788022,pastoral,3
ndvi_rangeland_lag3,0.006560062495047272,pastoral,3
ndvi_rangeland_lag6,0.0034668461356065967,pastoral,3
ndvi_rangeland_lag12,0.002292746864789809,pastoral,3
ndvi_rangeland_anomaly_lag1,0.0031958096375297065,pastoral,3
ndvi_rangeland_anomaly_lag3,0.004220843004908346,pastoral,3
ndvi_rangeland_anomaly_lag6,0.0033004011081563065,pastoral,3
ndvi_rangeland_anomaly_lag12,0.0051334424210825146,pastoral,3
acled_event_count,5.6860509255022606e-05,pastoral,3
acled_fatalities,4.2181365370230735e-05,pastoral,3
acled_event_count_political_violence,9.98441925020515e-06,pastoral,3
acled_fatalities_political_violence,2.4495155187321772e-05,pastoral,3
acled_event_count_demonstrations,0.0,pastoral,3
acled_fatalities_demonstrations,0.0,pastoral,3
acled_event_count_strategic_developments,0.0,pastoral,3
acled_fatalities_strategic_developments,0.0,pastoral,3
acled_event_count_lag1,0.00036829478337521763,pastoral,3
acled_fatalities_lag1,0.00017179693599060134,pastoral,3
acled_event_count_political_violence_lag1,3.443033100592123e-05,pastoral,3
acled_fatalities_political_violence_lag1,9.167809949785344e-05,pastoral,3
acled_event_count_demonstrations_lag1,0.0,pastoral,3
acled_fatalities_demonstrations_lag1,0.0,pastoral,3
acled_event_count_strategic_developments_lag1,0.0,pastoral,3
acled_fatalities_strategic_developments_lag1,0.0,pastoral,3
acled_event_count_lag3,0.0004892305170437807,pastoral,3
acled_fatalities_lag3,6.120864583163477e-05,pastoral,3
acled_event_count_political_violence_lag3,5.393615343852446e-05,pastoral,3
acled_fatalities_political_violence_lag3,4.7180125401188544e-05,pastoral,3
acled_event_count_demonstrations_lag3,0.0001527165014303334,pastoral,3
acled_fatalities_demonstrations_lag3,7.343555268913041e-06,pastoral,3
acled_event_count_strategic_developments_lag3,0.0,pastoral,3
acled_fatalities_strategic_developments_lag3,0.0,pastoral,3
acled_event_count_lag6,0.0003168637463450087,pastoral,3
acled_fatalities_lag6,0.00030204740704126604,pastoral,3
acled_event_count_political_violence_lag6,3.8776686690106595e-05,pastoral,3
acled_fatalities_political_violence_lag6,0.00036055157264305144,pastoral,3
acled_event_count_demonstrations_lag6,1.7884008049207036e-05,pastoral,3
acled_fatalities_demonstrations_lag6,0.0,pastoral,3
acled_event_count_strategic_developments_lag6,0.0,pastoral,3
acled_fatalities_strategic_developments_lag6,0.0,pastoral,3
acled_event_count_lag12,0.00014297796690862792,pastoral,3
acled_fatalities_lag12,5.084189361755718e-05,pastoral,3
acled_event_count_political_violence_lag12,0.0001506513726772942,pastoral,3
acled_fatalities_political_violence_lag12,0.00029277348309622245,pastoral,3
acled_event_count_demonstrations_lag12,0.0,pastoral,3
acled_fatalities_demonstrations_lag12,0.0,pastoral,3
acled_event_count_strategic_developments_lag12,0.0,pastoral,3
acled_fatalities_strategic_developments_lag12,0.0,pastoral,3
maize_price_etb,0.0008010839703473553,pastoral,3
maize_price_etb_lag1,0.0003777162730350405,pastoral,3
maize_price_etb_lag3,0.0004928074288710975,pastoral,3
maize_price_etb_lag6,0.00032285989221367197,pastoral,3
maize_price_etb_lag12,0.001281237811335965,pastoral,3
maize_price_index,0.000843301193040637,pastoral,3
maize_price_index_lag1,0.0005468969669527343,pastoral,3
maize_price_index_lag3,0.0006007389584372888,pastoral,3
maize_price_index_lag6,0.0006745310304900182,pastoral,3
maize_price_index_lag12,0.0013365439454499479,pastoral,3
maize_n_markets,0.00016573442806361608,pastoral,3
wheat_price_etb,0.00024060464408557616,pastoral,3
wheat_price_etb_lag1,0.00010692160352195804,pastoral,3
wheat_price_etb_lag3,0.0005442302074445429,pastoral,3
wheat_price_etb_lag6,0.0002381082727381749,pastoral,3
wheat_price_etb_lag12,0.002191837265305306,pastoral,3
wheat_price_index,0.0012807851757732458,pastoral,3
wheat_price_index_lag1,0.00032115384722791035,pastoral,3
wheat_price_index_lag3,7.848922569270832e-05,pastoral,3
wheat_price_index_lag6,0.0004946575833835828,pastoral,3
wheat_price_index_lag12,0.0006994225137063247,pastoral,3
wheat_n_markets,0.00010135868604376299,pastoral,3
sorghum_price_etb,0.00013869154388678124,pastoral,3
sorghum_price_etb_lag1,0.00015864825739000913,pastoral,3
sorghum_price_etb_lag3,0.0007769314857515791,pastoral,3
sorghum_price_etb_lag6,0.0009518430207739812,pastoral,3
sorghum_price_etb_lag12,0.000304771218582454,pastoral,3
sorghum_price_index,0.0003357973989326119,pastoral,3
sorghum_price_index_lag1,0.0007034608639653392,pastoral,3
sorghum_price_index_lag3,0.0015196993730408688,pastoral,3
sorghum_price_index_lag6,0.0009963674703223453,pastoral,3
sorghum_price_index_lag12,3.982583712703701e-05,pastoral,3
sorghum_n_markets,0.0001632232425487271,pastoral,3
teff_price_etb,0.0,pastoral,3
teff_price_etb_lag1,0.0,pastoral,3
teff_price_etb_lag3,0.0,pastoral,3
teff_price_etb_lag6,0.0,pastoral,3
teff_price_etb_lag12,0.0,pastoral,3
teff_price_index,0.0,pastoral,3
teff_price_index_lag1,0.0,pastoral,3
teff_price_index_lag3,0.0,pastoral,3
teff_price_index_lag6,0.0,pastoral,3
teff_price_index_lag12,0.0,pastoral,3
teff_n_markets,0.0,pastoral,3
fuel_diesel_price_etb,0.0,pastoral,3
fuel_diesel_price_etb_lag1,0.0,pastoral,3
fuel_diesel_price_etb_lag3,0.0,pastoral,3
fuel_diesel_price_etb_lag6,0.0,pastoral,3
fuel_diesel_price_etb_lag12,0.0,pastoral,3
fuel_diesel_price_index,0.0,pastoral,3
fuel_diesel_price_index_lag1,0.0,pastoral,3
fuel_diesel_price_index_lag3,0.0,pastoral,3
fuel_diesel_price_index_lag6,0.0,pastoral,3
fuel_diesel_price_index_lag12,0.0,pastoral,3
fuel_diesel_n_markets,0.0,pastoral,3
fuel_petrol_n_markets,0.0,pastoral,3
livestock_goat_price_etb,0.0,pastoral,3
livestock_goat_price_etb_lag1,0.0,pastoral,3
livestock_goat_price_etb_lag3,0.0,pastoral,3
livestock_goat_price_etb_lag6,0.0,pastoral,3
livestock_goat_price_etb_lag12,0.0,pastoral,3
livestock_goat_price_index,0.0,pastoral,3
livestock_goat_price_index_lag1,0.0,pastoral,3
livestock_goat_price_index_lag3,0.0,pastoral,3
livestock_goat_price_index_lag6,0.0,pastoral,3
livestock_goat_price_index_lag12,0.0,pastoral,3
livestock_goat_n_markets,7.170882385328881e-06,pastoral,3
livestock_sheep_price_etb,0.0,pastoral,3
livestock_sheep_price_etb_lag1,0.0,pastoral,3
livestock_sheep_price_etb_lag3,0.0,pastoral,3
livestock_sheep_price_etb_lag6,0.0,pastoral,3
livestock_sheep_price_etb_lag12,0.0,pastoral,3
livestock_sheep_price_index,0.0,pastoral,3
livestock_sheep_price_index_lag1,0.0,pastoral,3
livestock_sheep_price_index_lag3,0.0,pastoral,3
livestock_sheep_price_index_lag6,0.0,pastoral,3
livestock_sheep_price_index_lag12,0.0,pastoral,3
livestock_sheep_n_markets,2.057091525566729e-06,pastoral,3
goat_maize_tot,0.0,pastoral,3
goat_maize_tot_lag1,0.0,pastoral,3
goat_maize_tot_lag3,0.0,pastoral,3
goat_maize_tot_lag6,0.0,pastoral,3
goat_maize_tot_lag12,0.0,pastoral,3
sheep_maize_tot,0.0,pastoral,3
sheep_maize_tot_lag1,0.0,pastoral,3
sheep_maize_tot_lag3,0.0,pastoral,3
sheep_maize_tot_lag6,0.0,pastoral,3
sheep_maize_tot_lag12,0.0,pastoral,3
maize_yield,0.001959643266246297,pastoral,3
maize_yield_anomaly,0.0009224686274646263,pastoral,3
wheat_yield,0.0002992976609802364,pastoral,3
wheat_yield_anomaly,0.00015291818511964988,pastoral,3
sorghum_yield,4.623688044390788e-06,pastoral,3
sorghum_yield_anomaly,0.00011538716268479697,pastoral,3
teff_yield,0.0001817057542253926,pastoral,3
teff_yield_anomaly,0.0003287165904781822,pastoral,3
headline_cpi,0.00010920270187152356,pastoral,3
headline_cpi_lag1,0.003128183016019436,pastoral,3
headline_cpi_lag3,0.0034842443919797226,pastoral,3
headline_cpi_lag6,0.0010072070140214743,pastoral,3
headline_cpi_lag12,0.00038442549037305106,pastoral,3
headline_cpi_yoy_change,0.003025485723663989,pastoral,3
headline_cpi_yoy_change_lag1,0.004578186840918578,pastoral,3
headline_cpi_yoy_change_lag3,0.0015239498311324549,pastoral,3
headline_cpi_yoy_change_lag6,0.0009360512288441107,pastoral,3
headline_cpi_yoy_change_lag12,0.004202250322690047,pastoral,3
food_cpi,0.0017475651577839335,pastoral,3
food_cpi_lag1,0.00206227444166341,pastoral,3
food_cpi_lag3,0.0017928715681092924,pastoral,3
food_cpi_lag6,0.0010733731871870168,pastoral,3
food_cpi_lag12,8.370247676000332e-05,pastoral,3
food_cpi_yoy_change,0.0004226212162039587,pastoral,3
food_cpi_yoy_change_lag1,0.004660834833876691,pastoral,3
food_cpi_yoy_change_lag3,0.0004471384268145976,pastoral,3
food_cpi_yoy_change_lag6,0.01405003781270586,pastoral,3
food_cpi_yoy_change_lag12,0.0012709744286359909,pastoral,3
headline_cpi_chainlinked,0.00039503827127589883,pastoral,3
headline_cpi_chainlinked_lag1,0.001314207075707657,pastoral,3
headline_cpi_chainlinked_lag3,0.0035029872054857126,pastoral,3
headline_cpi_chainlinked_lag6,0.0012245767098137432,pastoral,3
headline_cpi_chainlinked_lag12,0.00018551238783277616,pastoral,3
food_cpi_chainlinked,0.0016387636067506518,pastoral,3
food_cpi_chainlinked_lag1,0.0008569616562071474,pastoral,3
food_cpi_chainlinked_lag3,0.0026689033434106157,pastoral,3
food_cpi_chainlinked_lag6,0.0021481019067169406,pastoral,3
food_cpi_chainlinked_lag12,0.00015567475009394276,pastoral,3
exchange_rate,0.001222818332251031,pastoral,3
exchange_rate_lag1,0.00036756828399304574,pastoral,3
exchange_rate_lag3,0.0001381021200076486,pastoral,3
exchange_rate_lag6,5.482458372894138e-05,pastoral,3
exchange_rate_lag12,9.726095437917046e-05,pastoral,3
exchange_rate_yoy_change,0.0038632372857545353,pastoral,3
exchange_rate_yoy_change_lag1,0.0018220103155843703,pastoral,3
exchange_rate_yoy_change_lag3,0.001604099743430228,pastoral,3
exchange_rate_yoy_change_lag6,0.001175147950523784,pastoral,3
exchange_rate_yoy_change_lag12,0.00475878530296089,pastoral,3
gdp_per_capita,2.6002276789424893e-05,pastoral,3
gdp_per_capita_yoy_change,0.0002976015937439956,pastoral,3
iod,0.0027894694360050716,pastoral,3
mei,0.010933725436866956,pastoral,3
nino34,0.008214756408005513,pastoral,3
iod_lag1,0.004914736295331275,pastoral,3
iod_lag3,0.009329813347546592,pastoral,3
iod_lag6,0.021840232921753466,pastoral,3
mei_lag1,0.006501809890793323,pastoral,3
mei_lag3,0.004185880173597189,pastoral,3
mei_lag6,0.006770539174857763,pastoral,3
nino34_lag1,0.004291622125611284,pastoral,3
nino34_lag3,0.0013184334698318032,pastoral,3
nino34_lag6,0.007644259330070439,pastoral,3
wvg,0.000544461860800361,pastoral,3
wvg_lag1yr,0.00045927380096841047,pastoral,3
wvg_lag2yr,0.0024575487691297793,pastoral,3
wvg_lag3yr,0.0003458062440629522,pastoral,3
total_refugees_hosted,2.1149715438515824e-05,pastoral,3
total_refugees_hosted_yoy_change,0.0006898462460693517,pastoral,3
total_asylum_seekers_hosted,0.002522033601809658,pastoral,3
total_asylum_seekers_hosted_yoy_change,0.0003908521760539895,pastoral,3
idps_ethiopia,0.0,pastoral,3
idps_ethiopia_yoy_change,0.0,pastoral,3
glofas_exceed_20yr,0.0014306814871820385,pastoral,3
glofas_exceed_2yr,0.0008785667521957598,pastoral,3
seasonal_overlaps_belg,0.0005894138976706097,pastoral,3
seasonal_overlaps_deyr,0.0008029173367767449,pastoral,3
seasonal_overlaps_gu,0.00020262609718566367,pastoral,3
seasonal_overlaps_kiremt,0.0002180634835545576,pastoral,3
seasonal_precip_prob_above,0.001065946713310523,pastoral,3
seasonal_precip_prob_below,0.015566041461893687,pastoral,3
seasonal_precip_prob_near,0.008779980566707377,pastoral,3
season_national_belg_meher,4.281187114804291e-05,pastoral,3
season_somali_gu_deyr,0.0003698072715182088,pastoral,3
months_since_assessment,0.0,agropastoral,3
pct_pastoral,0.0014183538667429517,agropastoral,3
pct_agropastoral,0.006230272276075928,agropastoral,3
pct_crop_farming,0.0024852298844440564,agropastoral,3
is_harvest_season,0.0019456779927669045,agropastoral,3
is_lean_season,0.0003251491384878645,agropastoral,3
is_dry_season,0.0006649349132037268,agropastoral,3
months_since_harvest_start,0.0015989087058211815,agropastoral,3
months_since_lean_start,0.027997016929896514,agropastoral,3
glofas_reach_count,0.002117139031993763,agropastoral,3
agss_surveyed_flag,0.0004779204818414383,agropastoral,3
ipc_lag1,0.24489897439847294,agropastoral,3
ipc_lag4,0.01086043424714945,agropastoral,3
ipc_lag8,0.007765914404263418,agropastoral,3
ipc_mean12,0.015142529959083429,agropastoral,3
ha_share_lag1,0.010670374738868352,agropastoral,3
ha_share_lag4,0.0013905539442721194,agropastoral,3
ha_share_lag8,0.007480915412573563,agropastoral,3
ha_share_mean12,0.008965169594369347,agropastoral,3
total_rainfall_mm,0.0010507958296314126,agropastoral,3
wet_days,0.002638917154693307,agropastoral,3
max_dry_spell_length,0.0030460921923508703,agropastoral,3
rainfall_sum_1m,0.0011778754971827282,agropastoral,3
rainfall_sum_3m,0.005434823060402227,agropastoral,3
rainfall_sum_6m,0.0035428423460184062,agropastoral,3
rainfall_sum_12m,0.0027685483708432346,agropastoral,3
rainfall_sum_24m,0.004366072229120929,agropastoral,3
spi_1,0.0040020590916112295,agropastoral,3
spi_3,0.008838636930869611,agropastoral,3
spi_6,0.01351067478376477,agropastoral,3
spi_12,0.0038084176837500532,agropastoral,3
spi_24,0.01639521423137603,agropastoral,3
pet_mm,0.004692669669204557,agropastoral,3
sm_root,0.0016123690137065819,agropastoral,3
precip_mm,0.001331890374456271,agropastoral,3
spei_balance_mm,0.0007786478256459077,agropastoral,3
sm_mean_1m,0.0034285996054173092,agropastoral,3
spei_balance_sum_1m,0.0015421708576843429,agropastoral,3
sm_mean_3m,0.006050275447550542,agropastoral,3
spei_balance_sum_3m,0.0034707696367093687,agropastoral,3
sm_mean_6m,0.0035762575662317197,agropastoral,3
spei_balance_sum_6m,0.0039181251732831705,agropastoral,3
sm_mean_12m,0.0020996047029194923,agropastoral,3
spei_balance_sum_12m,0.005281025230321593,agropastoral,3
sm_mean_24m,0.0008856694216645225,agropastoral,3
spei_balance_sum_24m,0.004804524712617379,agropastoral,3
ssmi_1,0.002796977077809126,agropastoral,3
ssmi_3,0.0037196186504111343,agropastoral,3
ssmi_6,0.003673257755216539,agropastoral,3
ssmi_12,0.0038884586069002436,agropastoral,3
ssmi_24,0.001470890308183982,agropastoral,3
spei_1,0.004303728659613992,agropastoral,3
spei_3,0.010324265905597756,agropastoral,3
spei_6,0.050254959215619274,agropastoral,3
spei_12,0.0490826625721028,agropastoral,3
spei_24,0.003149882069541377,agropastoral,3
ndvi,0.0020704886272202064,agropastoral,3
ndvi_anomaly,0.004491568520650167,agropastoral,3
ndvi_lag1,0.0025069889990748783,agropastoral,3
ndvi_lag3,0.0026697660292391285,agropastoral,3
ndvi_lag6,0.002533604580680219,agropastoral,3
ndvi_lag12,0.003901682746951006,agropastoral,3
ndvi_anomaly_lag1,0.008546480251165523,agropastoral,3
ndvi_anomaly_lag3,0.002551595691830426,agropastoral,3
ndvi_anomaly_lag6,0.005534065099623557,agropastoral,3
ndvi_anomaly_lag12,0.00912940940461837,agropastoral,3
ndvi_cropland,0.008078441302600067,agropastoral,3
ndvi_cropland_anomaly,0.012693177508162082,agropastoral,3
ndvi_cropland_lag1,0.002654166765128157,agropastoral,3
ndvi_cropland_lag3,0.0014587061721988465,agropastoral,3
ndvi_cropland_lag6,0.0034776285623637163,agropastoral,3
ndvi_cropland_lag12,0.004911059920367077,agropastoral,3
ndvi_cropland_anomaly_lag1,0.02261604413421761,agropastoral,3
ndvi_cropland_anomaly_lag3,0.007216813326955864,agropastoral,3
ndvi_cropland_anomaly_lag6,0.006053230433754653,agropastoral,3
ndvi_cropland_anomaly_lag12,0.0059431267654772415,agropastoral,3
ndvi_rangeland,0.0008977954442269622,agropastoral,3
ndvi_rangeland_anomaly,0.004972259798789053,agropastoral,3
ndvi_rangeland_lag1,0.002193476070778138,agropastoral,3
ndvi_rangeland_lag3,0.005353993587377593,agropastoral,3
ndvi_rangeland_lag6,0.003461976854326888,agropastoral,3
ndvi_rangeland_lag12,0.001443660307031919,agropastoral,3
ndvi_rangeland_anomaly_lag1,0.004054623213123152,agropastoral,3
ndvi_rangeland_anomaly_lag3,0.0038128547023782073,agropastoral,3
ndvi_rangeland_anomaly_lag6,0.004265806732609041,agropastoral,3
ndvi_rangeland_anomaly_lag12,0.004615119550356041,agropastoral,3
acled_event_count,0.000583519063972362,agropastoral,3
acled_fatalities,0.00039984945164944037,agropastoral,3
acled_event_count_political_violence,0.0005564558070832025,agropastoral,3
acled_fatalities_political_violence,0.0003585039520259531,agropastoral,3
acled_event_count_demonstrations,0.0016988759069281162,agropastoral,3
acled_fatalities_demonstrations,0.0,agropastoral,3
acled_event_count_strategic_developments,0.0,agropastoral,3
acled_fatalities_strategic_developments,0.0,agropastoral,3
acled_event_count_lag1,0.0008913473059167019,agropastoral,3
acled_fatalities_lag1,0.001420085098513535,agropastoral,3
acled_event_count_political_violence_lag1,0.0003802064488378419,agropastoral,3
acled_fatalities_political_violence_lag1,0.0007513748418576994,agropastoral,3
acled_event_count_demonstrations_lag1,0.0,agropastoral,3
acled_fatalities_demonstrations_lag1,0.0,agropastoral,3
acled_event_count_strategic_developments_lag1,0.0,agropastoral,3
acled_fatalities_strategic_developments_lag1,0.0,agropastoral,3
acled_event_count_lag3,0.0019615944899792344,agropastoral,3
acled_fatalities_lag3,0.002169583823503219,agropastoral,3
acled_event_count_political_violence_lag3,0.0026561747123404374,agropastoral,3
acled_fatalities_political_violence_lag3,0.002486084563486829,agropastoral,3
acled_event_count_demonstrations_lag3,0.0008903152362662306,agropastoral,3
acled_fatalities_demonstrations_lag3,4.083998519514695e-05,agropastoral,3
acled_event_count_strategic_developments_lag3,0.0,agropastoral,3
acled_fatalities_strategic_developments_lag3,0.0,agropastoral,3
acled_event_count_lag6,0.0022473931047082936,agropastoral,3
acled_fatalities_lag6,0.0035464853707176617,agropastoral,3
acled_event_count_political_violence_lag6,0.001123853182478311,agropastoral,3
acled_fatalities_political_violence_lag6,0.0006384916921546664,agropastoral,3
acled_event_count_demonstrations_lag6,0.0006126749465044502,agropastoral,3
acled_fatalities_demonstrations_lag6,9.934905006979979e-05,agropastoral,3
acled_event_count_strategic_developments_lag6,8.867069814438112e-05,agropastoral,3
acled_fatalities_strategic_developments_lag6,0.0,agropastoral,3
acled_event_count_lag12,0.000848235780211037,agropastoral,3
acled_fatalities_lag12,0.0009976675887983402,agropastoral,3
acled_event_count_political_violence_lag12,0.0014456178918585017,agropastoral,3
acled_fatalities_political_violence_lag12,0.0007131839678378726,agropastoral,3
acled_event_count_demonstrations_lag12,0.0,agropastoral,3
acled_fatalities_demonstrations_lag12,0.0,agropastoral,3
acled_event_count_strategic_developments_lag12,0.0,agropastoral,3
acled_fatalities_strategic_developments_lag12,0.0,agropastoral,3
maize_price_etb,0.0007793320604757863,agropastoral,3
maize_price_etb_lag1,0.0019524977318844993,agropastoral,3
maize_price_etb_lag3,0.00023939113854247004,agropastoral,3
maize_price_etb_lag6,0.003631164476950586,agropastoral,3
maize_price_etb_lag12,0.003972331007362662,agropastoral,3
maize_price_index,0.0006606640779626663,agropastoral,3
maize_price_index_lag1,0.002967707191912327,agropastoral,3
maize_price_index_lag3,0.0021784964574347275,agropastoral,3
maize_price_index_lag6,0.0044033410801322635,agropastoral,3
maize_price_index_lag12,0.002910227232842893,agropastoral,3
maize_n_markets,0.0007362638791596585,agropastoral,3
wheat_price_etb,0.00012116995928547363,agropastoral,3
wheat_price_etb_lag1,0.00031768174205256913,agropastoral,3
wheat_price_etb_lag3,0.0006585361369253772,agropastoral,3
wheat_price_etb_lag6,9.16050977236096e-05,agropastoral,3
wheat_price_etb_lag12,0.0,agropastoral,3
wheat_price_index,0.0,agropastoral,3
wheat_price_index_lag1,3.818524507097442e-06,agropastoral,3
wheat_price_index_lag3,2.819672337468961e-05,agropastoral,3
wheat_price_index_lag6,2.0945131414874464e-06,agropastoral,3
wheat_price_index_lag12,0.0,agropastoral,3
wheat_n_markets,0.00033274898835352007,agropastoral,3
sorghum_price_etb,0.001387209257838861,agropastoral,3
sorghum_price_etb_lag1,0.0017359787778185455,agropastoral,3
sorghum_price_etb_lag3,0.0009119961971026478,agropastoral,3
sorghum_price_etb_lag6,0.0010534196794170217,agropastoral,3
sorghum_price_etb_lag12,0.0012987025090594878,agropastoral,3
sorghum_price_index,0.015241796141018902,agropastoral,3
sorghum_price_index_lag1,0.003529511889162026,agropastoral,3
sorghum_price_index_lag3,0.008299797638525858,agropastoral,3
sorghum_price_index_lag6,0.004223504462324345,agropastoral,3
sorghum_price_index_lag12,0.00627652050607998,agropastoral,3
sorghum_n_markets,0.000895557866791163,agropastoral,3
teff_price_etb,0.0,agropastoral,3
teff_price_etb_lag12,0.0,agropastoral,3
teff_n_markets,0.0,agropastoral,3
fuel_diesel_price_etb,0.0,agropastoral,3
fuel_diesel_price_etb_lag1,0.0,agropastoral,3
fuel_diesel_price_etb_lag3,0.0,agropastoral,3
fuel_diesel_price_etb_lag6,0.0,agropastoral,3
fuel_diesel_price_etb_lag12,0.0,agropastoral,3
fuel_diesel_n_markets,0.0,agropastoral,3
fuel_petrol_n_markets,0.0,agropastoral,3
livestock_goat_price_etb,0.0,agropastoral,3
livestock_goat_price_etb_lag1,0.0,agropastoral,3
livestock_goat_price_etb_lag3,0.0,agropastoral,3
livestock_goat_price_etb_lag6,0.00021825346707036504,agropastoral,3
livestock_goat_price_etb_lag12,0.0,agropastoral,3
livestock_goat_price_index,0.0,agropastoral,3
livestock_goat_price_index_lag1,0.0,agropastoral,3
livestock_goat_price_index_lag3,0.0,agropastoral,3
livestock_goat_price_index_lag6,0.0,agropastoral,3
livestock_goat_price_index_lag12,0.0,agropastoral,3
livestock_goat_n_markets,0.0,agropastoral,3
livestock_sheep_price_etb,0.0,agropastoral,3
livestock_sheep_price_etb_lag1,0.0,agropastoral,3
livestock_sheep_price_etb_lag3,0.0,agropastoral,3
livestock_sheep_price_etb_lag6,0.0,agropastoral,3
livestock_sheep_price_etb_lag12,0.0,agropastoral,3
livestock_sheep_price_index,0.0,agropastoral,3
livestock_sheep_price_index_lag1,0.0,agropastoral,3
livestock_sheep_price_index_lag3,0.0,agropastoral,3
livestock_sheep_price_index_lag6,0.0,agropastoral,3
livestock_sheep_price_index_lag12,0.0,agropastoral,3
livestock_sheep_n_markets,1.7697947389384246e-07,agropastoral,3
goat_maize_tot,0.0,agropastoral,3
goat_maize_tot_lag1,0.0,agropastoral,3
goat_maize_tot_lag3,0.0,agropastoral,3
goat_maize_tot_lag6,0.00022320479213633413,agropastoral,3
goat_maize_tot_lag12,0.0,agropastoral,3
sheep_maize_tot,0.0,agropastoral,3
sheep_maize_tot_lag1,0.0,agropastoral,3
sheep_maize_tot_lag3,0.0,agropastoral,3
sheep_maize_tot_lag6,0.0,agropastoral,3
sheep_maize_tot_lag12,0.0,agropastoral,3
maize_yield,0.004219399736936666,agropastoral,3
maize_yield_anomaly,0.0014231391675714625,agropastoral,3
wheat_yield,7.273439435828847e-05,agropastoral,3
wheat_yield_anomaly,0.0011712229200437152,agropastoral,3
sorghum_yield,0.0012019856713127088,agropastoral,3
sorghum_yield_anomaly,0.01684454962823437,agropastoral,3
teff_yield,0.0027173147279498174,agropastoral,3
teff_yield_anomaly,0.001371997729384622,agropastoral,3
headline_cpi,0.00028816120719006154,agropastoral,3
headline_cpi_lag1,0.0004117905957274018,agropastoral,3
headline_cpi_lag3,0.00022091666233317264,agropastoral,3
headline_cpi_lag6,0.0001327424211361573,agropastoral,3
headline_cpi_lag12,0.0001438611200589161,agropastoral,3
headline_cpi_yoy_change,0.0012952672414628013,agropastoral,3
headline_cpi_yoy_change_lag1,0.0011711856635766753,agropastoral,3
headline_cpi_yoy_change_lag3,0.002202204140026889,agropastoral,3
headline_cpi_yoy_change_lag6,0.0005124054087188004,agropastoral,3
headline_cpi_yoy_change_lag12,0.0018832640813349496,agropastoral,3
food_cpi,0.00022725097260838865,agropastoral,3
food_cpi_lag1,1.3117034286218077e-05,agropastoral,3
food_cpi_lag3,0.00017439691987821183,agropastoral,3
food_cpi_lag6,0.00082544147566583,agropastoral,3
food_cpi_lag12,2.1200927928418613e-07,agropastoral,3
food_cpi_yoy_change,0.001444931967719224,agropastoral,3
food_cpi_yoy_change_lag1,0.004842324522760949,agropastoral,3
food_cpi_yoy_change_lag3,0.0028496183938113307,agropastoral,3
food_cpi_yoy_change_lag6,0.0035567946382340982,agropastoral,3
food_cpi_yoy_change_lag12,0.003320920489176611,agropastoral,3
headline_cpi_chainlinked,6.631110502260373e-05,agropastoral,3
headline_cpi_chainlinked_lag1,0.00023209366789904215,agropastoral,3
headline_cpi_chainlinked_lag3,0.000560419874857968,agropastoral,3
headline_cpi_chainlinked_lag6,0.0003874916454393157,agropastoral,3
headline_cpi_chainlinked_lag12,0.00022699364903990986,agropastoral,3
food_cpi_chainlinked,8.983027044644382e-05,agropastoral,3
food_cpi_chainlinked_lag1,0.00011035407252592484,agropastoral,3
food_cpi_chainlinked_lag3,0.00016175138306538499,agropastoral,3
food_cpi_chainlinked_lag6,0.0010497645422521923,agropastoral,3
food_cpi_chainlinked_lag12,0.0003947932424914207,agropastoral,3
exchange_rate,0.0006193561365225911,agropastoral,3
exchange_rate_lag1,0.00011845426469162989,agropastoral,3
exchange_rate_lag3,2.1223605121676115e-05,agropastoral,3
exchange_rate_lag6,0.00019734155520284121,agropastoral,3
exchange_rate_lag12,5.027615666711931e-05,agropastoral,3
exchange_rate_yoy_change,0.0018219603214887936,agropastoral,3
exchange_rate_yoy_change_lag1,0.0038548906366477204,agropastoral,3
exchange_rate_yoy_change_lag3,0.006351959859215221,agropastoral,3
exchange_rate_yoy_change_lag6,0.009845439674945649,agropastoral,3
exchange_rate_yoy_change_lag12,0.007604972398887879,agropastoral,3
gdp_per_capita,0.0001107344627146277,agropastoral,3
gdp_per_capita_yoy_change,0.0009498093094968206,agropastoral,3
iod,0.0015805398587535118,agropastoral,3
mei,0.0009032109695344271,agropastoral,3
nino34,0.0011798760186108375,agropastoral,3
iod_lag1,0.003848488082348968,agropastoral,3
iod_lag3,0.0005130365689679925,agropastoral,3
iod_lag6,0.0077907400327912,agropastoral,3
mei_lag1,0.0008502241644869494,agropastoral,3
mei_lag3,0.0021970770383989368,agropastoral,3
mei_lag6,0.007275853075614374,agropastoral,3
nino34_lag1,0.002261757933713282,agropastoral,3
nino34_lag3,0.0023149027139787223,agropastoral,3
nino34_lag6,0.002604850763641366,agropastoral,3
wvg,0.0008964416150984946,agropastoral,3
wvg_lag1yr,0.001135503003627033,agropastoral,3
wvg_lag2yr,0.000752729747035407,agropastoral,3
wvg_lag3yr,0.002863963043584012,agropastoral,3
total_refugees_hosted,4.347376442620732e-07,agropastoral,3
total_refugees_hosted_yoy_change,0.00036588499144493187,agropastoral,3
total_asylum_seekers_hosted,0.0017477206455170518,agropastoral,3
total_asylum_seekers_hosted_yoy_change,0.0005360009077937565,agropastoral,3
idps_ethiopia,0.0,agropastoral,3
idps_ethiopia_yoy_change,0.0,agropastoral,3
glofas_exceed_20yr,0.00443583635497308,agropastoral,3
glofas_exceed_2yr,0.0017534267676531006,agropastoral,3
seasonal_overlaps_belg,0.0009346226632427226,agropastoral,3
seasonal_overlaps_deyr,7.803508918719186e-07,agropastoral,3
seasonal_overlaps_gu,0.00030976030290985276,agropastoral,3
seasonal_overlaps_kiremt,1.741909056777378e-05,agropastoral,3
seasonal_precip_prob_above,0.002784240954272146,agropastoral,3
seasonal_precip_prob_below,0.003564082744584679,agropastoral,3
seasonal_precip_prob_near,0.0009112884392971513,agropastoral,3
season_national_belg_meher,0.0,agropastoral,3
season_somali_gu_deyr,0.00015125101509227992,agropastoral,3
months_since_assessment,0.0,crop_farming,3
pct_pastoral,0.00047408730230363237,crop_farming,3
pct_agropastoral,0.0005854777577184627,crop_farming,3
pct_crop_farming,0.0006301630774526491,crop_farming,3
is_harvest_season,0.00021399423799339497,crop_farming,3
is_lean_season,5.9647748841114565e-05,crop_farming,3
is_dry_season,0.00024922287368856904,crop_farming,3
months_since_harvest_start,0.0009229841252634518,crop_farming,3
months_since_lean_start,0.07144612547448809,crop_farming,3
glofas_reach_count,0.0037565218546466365,crop_farming,3
agss_surveyed_flag,2.875053918693859e-05,crop_farming,3
ipc_lag1,0.29756242696962304,crop_farming,3
ipc_lag4,0.006654797050235385,crop_farming,3
ipc_lag8,0.02351009048208917,crop_farming,3
ipc_mean12,0.04392538175036565,crop_farming,3
ha_share_lag1,0.025738432967929804,crop_farming,3
ha_share_lag4,0.002619130789801681,crop_farming,3
ha_share_lag8,0.005749472772391539,crop_farming,3
ha_share_mean12,0.006054748592362548,crop_farming,3
total_rainfall_mm,0.0009317855846393481,crop_farming,3
wet_days,0.0028032955371418335,crop_farming,3
max_dry_spell_length,0.003911130468477324,crop_farming,3
rainfall_sum_1m,0.0012980080919654938,crop_farming,3
rainfall_sum_3m,0.0119104369783225,crop_farming,3
rainfall_sum_6m,0.05600306919239217,crop_farming,3
rainfall_sum_12m,0.0038700939333314458,crop_farming,3
rainfall_sum_24m,0.0035724312327442024,crop_farming,3
spi_1,0.008229287155850596,crop_farming,3
spi_3,0.0034869504879807963,crop_farming,3
spi_6,0.005824215824035091,crop_farming,3
spi_12,0.00367872143405749,crop_farming,3
spi_24,0.0030030105887383592,crop_farming,3
pet_mm,0.003773637838096204,crop_farming,3
sm_root,0.003375204587092418,crop_farming,3
precip_mm,0.0011670275100454089,crop_farming,3
spei_balance_mm,0.0015944981969949277,crop_farming,3
sm_mean_1m,0.0023745996557979054,crop_farming,3
spei_balance_sum_1m,0.0017451789018703317,crop_farming,3
sm_mean_3m,0.0035172239071522633,crop_farming,3
spei_balance_sum_3m,0.015830134228091246,crop_farming,3
sm_mean_6m,0.0016586160585668878,crop_farming,3
spei_balance_sum_6m,0.0040827217494146,crop_farming,3
sm_mean_12m,0.001940081496734337,crop_farming,3
spei_balance_sum_12m,0.002066930383032587,crop_farming,3
sm_mean_24m,0.002027508637955674,crop_farming,3
spei_balance_sum_24m,0.0016182065206167655,crop_farming,3
ssmi_1,0.0036632049918595656,crop_farming,3
ssmi_3,0.0055839531366340765,crop_farming,3
ssmi_6,0.002990068125694337,crop_farming,3
ssmi_12,0.004008061894813034,crop_farming,3
ssmi_24,0.0030840467469998366,crop_farming,3
spei_1,0.004959398844316732,crop_farming,3
spei_3,0.0033574867383698295,crop_farming,3
spei_6,0.003530547177689663,crop_farming,3
spei_12,0.004413982051638154,crop_farming,3
spei_24,0.003678266607787817,crop_farming,3
ndvi,0.0014058666087296628,crop_farming,3
ndvi_anomaly,0.003884289041857041,crop_farming,3
ndvi_lag1,0.0017971802532583498,crop_farming,3
ndvi_lag3,0.002005403257936341,crop_farming,3
ndvi_lag6,0.001829553562115619,crop_farming,3
ndvi_lag12,0.005039631324202751,crop_farming,3
ndvi_anomaly_lag1,0.003111537742196574,crop_farming,3
ndvi_anomaly_lag3,0.004007108528156434,crop_farming,3
ndvi_anomaly_lag6,0.004602516143522704,crop_farming,3
ndvi_anomaly_lag12,0.0032093883823450945,crop_farming,3
ndvi_cropland,0.002317633003673738,crop_farming,3
ndvi_cropland_anomaly,0.003933810138233087,crop_farming,3
ndvi_cropland_lag1,0.003008793310150488,crop_farming,3
ndvi_cropland_lag3,0.0031614487080041886,crop_farming,3
ndvi_cropland_lag6,0.0018523002726026942,crop_farming,3
ndvi_cropland_lag12,0.0021346155369145166,crop_farming,3
ndvi_cropland_anomaly_lag1,0.002375950991724604,crop_farming,3
ndvi_cropland_anomaly_lag3,0.004284119387277718,crop_farming,3
ndvi_cropland_anomaly_lag6,0.0032004734353417116,crop_farming,3
ndvi_cropland_anomaly_lag12,0.0024082434087533645,crop_farming,3
ndvi_rangeland,0.001794100799999161,crop_farming,3
ndvi_rangeland_anomaly,0.003307409701912666,crop_farming,3
ndvi_rangeland_lag1,0.0017041468175320665,crop_farming,3
ndvi_rangeland_lag3,0.0028571213143420713,crop_farming,3
ndvi_rangeland_lag6,0.003331829259730586,crop_farming,3
ndvi_rangeland_lag12,0.003594905207898105,crop_farming,3
ndvi_rangeland_anomaly_lag1,0.0033157015930229956,crop_farming,3
ndvi_rangeland_anomaly_lag3,0.005134913799885496,crop_farming,3
ndvi_rangeland_anomaly_lag6,0.003363064287001135,crop_farming,3
ndvi_rangeland_anomaly_lag12,0.004788778947247518,crop_farming,3
acled_event_count,0.00019650722817122205,crop_farming,3
acled_fatalities,9.628849815741172e-05,crop_farming,3
acled_event_count_political_violence,7.921884285218216e-05,crop_farming,3
acled_fatalities_political_violence,4.6775274448859606e-05,crop_farming,3
acled_event_count_demonstrations,4.582627948344161e-05,crop_farming,3
acled_fatalities_demonstrations,1.831732519657364e-05,crop_farming,3
acled_event_count_strategic_developments,0.0,crop_farming,3
acled_fatalities_strategic_developments,0.0,crop_farming,3
acled_event_count_lag1,0.00012648358083109426,crop_farming,3
acled_fatalities_lag1,1.2359902831235041e-05,crop_farming,3
acled_event_count_political_violence_lag1,0.00012538441226872397,crop_farming,3
acled_fatalities_political_violence_lag1,1.57024337872209e-05,crop_farming,3
acled_event_count_demonstrations_lag1,6.927461509000471e-05,crop_farming,3
acled_fatalities_demonstrations_lag1,2.6141480033599757e-06,crop_farming,3
acled_event_count_strategic_developments_lag1,1.1556390321188103e-11,crop_farming,3
acled_fatalities_strategic_developments_lag1,0.0,crop_farming,3
acled_event_count_lag3,9.183194519749263e-05,crop_farming,3
acled_fatalities_lag3,8.2504167508826e-05,crop_farming,3
acled_event_count_political_violence_lag3,3.6233128549034234e-05,crop_farming,3
acled_fatalities_political_violence_lag3,3.859791942325872e-05,crop_farming,3
acled_event_count_demonstrations_lag3,0.00012038344662790456,crop_farming,3
acled_fatalities_demonstrations_lag3,5.129402164071564e-05,crop_farming,3
acled_event_count_strategic_developments_lag3,0.0,crop_farming,3
acled_fatalities_strategic_developments_lag3,0.0,crop_farming,3
acled_event_count_lag6,0.00019080200150402743,crop_farming,3
acled_fatalities_lag6,3.5745683533916714e-05,crop_farming,3
acled_event_count_political_violence_lag6,4.621391171159196e-06,crop_farming,3
acled_fatalities_political_violence_lag6,2.10702649549372e-07,crop_farming,3
acled_event_count_demonstrations_lag6,3.4550615623258486e-05,crop_farming,3
acled_fatalities_demonstrations_lag6,5.726355107768312e-06,crop_farming,3
acled_event_count_strategic_developments_lag6,5.778161319547538e-06,crop_farming,3
acled_fatalities_strategic_developments_lag6,0.0,crop_farming,3
acled_event_count_lag12,0.00011597799937783113,crop_farming,3
acled_fatalities_lag12,3.5760391642750657e-05,crop_farming,3
acled_event_count_political_violence_lag12,2.0061469565564363e-05,crop_farming,3
acled_fatalities_political_violence_lag12,7.037539154726556e-06,crop_farming,3
acled_event_count_demonstrations_lag12,1.3274687241261963e-05,crop_farming,3
acled_fatalities_demonstrations_lag12,1.2535681441242106e-10,crop_farming,3
acled_event_count_strategic_developments_lag12,0.0,crop_farming,3
acled_fatalities_strategic_developments_lag12,0.0,crop_farming,3
maize_price_etb,0.00046231791878040187,crop_farming,3
maize_price_etb_lag1,0.00017661895866516298,crop_farming,3
maize_price_etb_lag3,0.0003570044180663478,crop_farming,3
maize_price_etb_lag6,0.0005476805772015727,crop_farming,3
maize_price_etb_lag12,0.0008356170464717274,crop_farming,3
maize_price_index,0.0004359402773687015,crop_farming,3
maize_price_index_lag1,0.00036057190048789824,crop_farming,3
maize_price_index_lag3,0.0001738744944717629,crop_farming,3
maize_price_index_lag6,0.0004240415480391511,crop_farming,3
maize_price_index_lag12,0.0008514867807102424,crop_farming,3
maize_n_markets,0.00011458003076431715,crop_farming,3
wheat_price_etb,0.00041532582578697225,crop_farming,3
wheat_price_etb_lag1,0.0002654160917281644,crop_farming,3
wheat_price_etb_lag3,0.0014942777064728939,crop_farming,3
wheat_price_etb_lag6,0.0008354665084513325,crop_farming,3
wheat_price_etb_lag12,0.0004947612867018936,crop_farming,3
wheat_price_index,0.0002020821587160824,crop_farming,3
wheat_price_index_lag1,0.0002383879385345825,crop_farming,3
wheat_price_index_lag3,0.000498654197418228,crop_farming,3
wheat_price_index_lag6,0.0010065518641628089,crop_farming,3
wheat_price_index_lag12,0.0005318394964519258,crop_farming,3
wheat_n_markets,0.00020410483828995165,crop_farming,3
sorghum_price_etb,0.0004860480457450062,crop_farming,3
sorghum_price_etb_lag1,0.0005616814152455787,crop_farming,3
sorghum_price_etb_lag3,0.0004923356206273338,crop_farming,3
sorghum_price_etb_lag6,0.0010337336288156048,crop_farming,3
sorghum_price_etb_lag12,0.0006410887593637596,crop_farming,3
sorghum_price_index,0.0006351634432896797,crop_farming,3
sorghum_price_index_lag1,0.0003004440005863958,crop_farming,3
sorghum_price_index_lag3,0.00037828011112796956,crop_farming,3
sorghum_price_index_lag6,0.0005078000691861008,crop_farming,3
sorghum_price_index_lag12,0.00027163173452572674,crop_farming,3
sorghum_n_markets,9.218773887394224e-05,crop_farming,3
teff_price_etb,0.0,crop_farming,3
teff_price_etb_lag1,0.0,crop_farming,3
teff_price_etb_lag3,0.0,crop_farming,3
teff_price_etb_lag6,0.0,crop_farming,3
teff_price_etb_lag12,0.0,crop_farming,3
teff_price_index,0.0,crop_farming,3
teff_price_index_lag1,0.0,crop_farming,3
teff_price_index_lag3,0.0,crop_farming,3
teff_price_index_lag6,0.0,crop_farming,3
teff_price_index_lag12,0.0,crop_farming,3
teff_n_markets,0.0,crop_farming,3
fuel_diesel_price_etb,0.0,crop_farming,3
fuel_diesel_price_etb_lag1,0.0,crop_farming,3
fuel_diesel_price_etb_lag3,0.0,crop_farming,3
fuel_diesel_price_etb_lag6,0.0,crop_farming,3
fuel_diesel_price_etb_lag12,0.0,crop_farming,3
fuel_diesel_price_index,0.0,crop_farming,3
fuel_diesel_price_index_lag1,0.0,crop_farming,3
fuel_diesel_price_index_lag3,0.0,crop_farming,3
fuel_diesel_price_index_lag6,0.0,crop_farming,3
fuel_diesel_price_index_lag12,0.0,crop_farming,3
fuel_diesel_n_markets,0.0,crop_farming,3
fuel_petrol_price_etb,0.0,crop_farming,3
fuel_petrol_price_etb_lag1,0.0,crop_farming,3
fuel_petrol_price_etb_lag3,0.0,crop_farming,3
fuel_petrol_price_etb_lag6,0.0,crop_farming,3
fuel_petrol_price_etb_lag12,0.0,crop_farming,3
fuel_petrol_price_index,0.0,crop_farming,3
fuel_petrol_price_index_lag1,0.0,crop_farming,3
fuel_petrol_price_index_lag3,0.0,crop_farming,3
fuel_petrol_price_index_lag6,0.0,crop_farming,3
fuel_petrol_price_index_lag12,0.0,crop_farming,3
fuel_petrol_n_markets,0.0,crop_farming,3
livestock_goat_price_etb,0.0,crop_farming,3
livestock_goat_price_etb_lag1,0.0,crop_farming,3
livestock_goat_price_etb_lag3,0.0,crop_farming,3
livestock_goat_price_etb_lag6,0.0,crop_farming,3
livestock_goat_price_etb_lag12,0.0,crop_farming,3
livestock_goat_price_index,0.0,crop_farming,3
livestock_goat_price_index_lag1,0.0,crop_farming,3
livestock_goat_price_index_lag3,0.0,crop_farming,3
livestock_goat_price_index_lag6,0.0,crop_farming,3
livestock_goat_price_index_lag12,0.0,crop_farming,3
livestock_goat_n_markets,0.0,crop_farming,3
livestock_sheep_price_etb,0.0,crop_farming,3
livestock_sheep_price_etb_lag1,0.0,crop_farming,3
livestock_sheep_price_etb_lag3,0.0,crop_farming,3
livestock_sheep_price_etb_lag6,0.0,crop_farming,3
livestock_sheep_price_etb_lag12,0.0,crop_farming,3
livestock_sheep_price_index,0.0,crop_farming,3
livestock_sheep_price_index_lag1,0.0,crop_farming,3
livestock_sheep_price_index_lag3,0.0,crop_farming,3
livestock_sheep_price_index_lag6,0.0,crop_farming,3
livestock_sheep_price_index_lag12,0.0,crop_farming,3
livestock_sheep_n_markets,0.0,crop_farming,3
goat_maize_tot,0.0,crop_farming,3
goat_maize_tot_lag1,0.0,crop_farming,3
goat_maize_tot_lag3,0.0,crop_farming,3
goat_maize_tot_lag6,0.0,crop_farming,3
goat_maize_tot_lag12,0.0,crop_farming,3
sheep_maize_tot,0.0,crop_farming,3
sheep_maize_tot_lag1,0.0,crop_farming,3
sheep_maize_tot_lag3,0.0,crop_farming,3
sheep_maize_tot_lag6,0.0,crop_farming,3
sheep_maize_tot_lag12,0.0,crop_farming,3
maize_yield,0.0034652795403229265,crop_farming,3
maize_yield_anomaly,0.002399358115314736,crop_farming,3
wheat_yield,0.0023215568431696576,crop_farming,3
wheat_yield_anomaly,0.0014357573981703122,crop_farming,3
sorghum_yield,0.00200821673212908,crop_farming,3
sorghum_yield_anomaly,0.001894256914363377,crop_farming,3
teff_yield,0.0021689947789182017,crop_farming,3
teff_yield_anomaly,0.0023264545551696437,crop_farming,3
headline_cpi,0.00023422872198624982,crop_farming,3
headline_cpi_lag1,0.0005012710978483463,crop_farming,3
headline_cpi_lag3,0.000828203499589472,crop_farming,3
headline_cpi_lag6,0.00016067861465403447,crop_farming,3
headline_cpi_lag12,0.0016744574417378439,crop_farming,3
headline_cpi_yoy_change,0.015336032895126384,crop_farming,3
headline_cpi_yoy_change_lag1,0.000645548250144638,crop_farming,3
headline_cpi_yoy_change_lag3,0.007424592868639784,crop_farming,3
headline_cpi_yoy_change_lag6,0.0013099367142784322,crop_farming,3
headline_cpi_yoy_change_lag12,0.002692881203326247,crop_farming,3
food_cpi,0.00042354826015224517,crop_farming,3
food_cpi_lag1,0.00030337744035418234,crop_farming,3
food_cpi_lag3,0.00022605138932913285,crop_farming,3
food_cpi_lag6,0.00030980492742625553,crop_farming,3
food_cpi_lag12,0.0001625651512246205,crop_farming,3
food_cpi_yoy_change,0.004078340937635254,crop_farming,3
food_cpi_yoy_change_lag1,0.0040912919400994405,crop_farming,3
food_cpi_yoy_change_lag3,0.006967701332019396,crop_farming,3
food_cpi_yoy_change_lag6,0.012277295933994637,crop_farming,3
food_cpi_yoy_change_lag12,0.001796765931848576,crop_farming,3
headline_cpi_chainlinked,0.0002653779369785979,crop_farming,3
headline_cpi_chainlinked_lag1,0.00019596624092805659,crop_farming,3
headline_cpi_chainlinked_lag3,0.0004818411668068867,crop_farming,3
headline_cpi_chainlinked_lag6,0.0006086847913174994,crop_farming,3
headline_cpi_chainlinked_lag12,0.0013551256072025985,crop_farming,3
food_cpi_chainlinked,0.00020070080496121633,crop_farming,3
food_cpi_chainlinked_lag1,0.00018719470802039018,crop_farming,3
food_cpi_chainlinked_lag3,0.00017789319382163012,crop_farming,3
food_cpi_chainlinked_lag6,0.00013552473945104216,crop_farming,3
food_cpi_chainlinked_lag12,0.0001038456681701497,crop_farming,3
exchange_rate,0.00020468821038379653,crop_farming,3
exchange_rate_lag1,0.0002476190358575524,crop_farming,3
exchange_rate_lag3,0.00034500104487537295,crop_farming,3
exchange_rate_lag6,0.00018015981715094784,crop_farming,3
exchange_rate_lag12,0.00031084482466228335,crop_farming,3
exchange_rate_yoy_change,0.0009786257358329442,crop_farming,3
exchange_rate_yoy_change_lag1,0.0027536192554753224,crop_farming,3
exchange_rate_yoy_change_lag3,0.001952167738137574,crop_farming,3
exchange_rate_yoy_change_lag6,0.0030938151361459727,crop_farming,3
exchange_rate_yoy_change_lag12,0.002698194987025458,crop_farming,3
gdp_per_capita,0.00020921880518830904,crop_farming,3
gdp_per_capita_yoy_change,0.0010447115054018547,crop_farming,3
iod,0.01144617869064226,crop_farming,3
mei,0.003606864402681081,crop_farming,3
nino34,0.0020915504377909764,crop_farming,3
iod_lag1,0.00835375882510621,crop_farming,3
iod_lag3,0.003333764234359288,crop_farming,3
iod_lag6,0.00903090462703978,crop_farming,3
mei_lag1,0.004474489436384635,crop_farming,3
mei_lag3,0.001158629078838245,crop_farming,3
mei_lag6,0.009706219115420496,crop_farming,3
nino34_lag1,0.002864228975939232,crop_farming,3
nino34_lag3,0.00345253980602713,crop_farming,3
nino34_lag6,0.003576541213926839,crop_farming,3
wvg,0.0029344529880637625,crop_farming,3
wvg_lag1yr,0.0011514305385160238,crop_farming,3
wvg_lag2yr,0.0005560609898063929,crop_farming,3
wvg_lag3yr,0.0009189395307083432,crop_farming,3
total_refugees_hosted,2.768148145514429e-05,crop_farming,3
total_refugees_hosted_yoy_change,0.002433043120773973,crop_farming,3
total_asylum_seekers_hosted,0.002497439835388167,crop_farming,3
total_asylum_seekers_hosted_yoy_change,0.0031424552149176468,crop_farming,3
idps_ethiopia,2.7340831714384686e-06,crop_farming,3
idps_ethiopia_yoy_change,0.0,crop_farming,3
glofas_exceed_20yr,0.0009162237595760357,crop_farming,3
glofas_exceed_2yr,0.001176492324090238,crop_farming,3
seasonal_overlaps_belg,0.01714746792165962,crop_farming,3
seasonal_overlaps_deyr,0.00044808381645472213,crop_farming,3
seasonal_overlaps_gu,2.3055637963629812e-05,crop_farming,3
seasonal_overlaps_kiremt,2.1230186677028797e-05,crop_farming,3
seasonal_precip_prob_above,0.002295635711206132,crop_farming,3
seasonal_precip_prob_below,0.004161033252755211,crop_farming,3
seasonal_precip_prob_near,0.004297134719810191,crop_farming,3
season_benishangul_meher_only,1.1295187798343031e-08,crop_farming,3
season_national_belg_meher,0.0,crop_farming,3
months_since_assessment,0.0,pastoral,4
pct_pastoral,0.0019328086760593479,pastoral,4
pct_agropastoral,0.0024186480161157153,pastoral,4
pct_crop_farming,0.0029312201694974872,pastoral,4
is_harvest_season,0.000535377090999043,pastoral,4
is_lean_season,0.0002694114276608647,pastoral,4
is_dry_season,0.00013047451322367444,pastoral,4
months_since_harvest_start,0.0014219915371884578,pastoral,4
months_since_lean_start,0.009487283588357319,pastoral,4
glofas_reach_count,0.0029358371225994863,pastoral,4
agss_surveyed_flag,0.0004547397291159129,pastoral,4
ipc_lag1,0.2746376270708397,pastoral,4
ipc_lag4,0.01036999955180894,pastoral,4
ipc_lag8,0.06153407510413308,pastoral,4
ipc_mean12,0.015422860893253254,pastoral,4
ha_share_lag1,0.00596685209746952,pastoral,4
ha_share_lag4,0.004709769561890898,pastoral,4
ha_share_lag8,0.0016565873690801741,pastoral,4
ha_share_mean12,0.004502389583262715,pastoral,4
total_rainfall_mm,0.001425881807226205,pastoral,4
wet_days,0.0046744698857603415,pastoral,4
max_dry_spell_length,0.00376825128212571,pastoral,4
rainfall_sum_1m,0.0019934704108043725,pastoral,4
rainfall_sum_3m,0.008000519450256722,pastoral,4
rainfall_sum_6m,0.006130996850280939,pastoral,4
rainfall_sum_12m,0.009677658932100942,pastoral,4
rainfall_sum_24m,0.005138977560306215,pastoral,4
spi_1,0.0044596874842774935,pastoral,4
spi_3,0.031008932453680364,pastoral,4
spi_6,0.028736712120393415,pastoral,4
spi_12,0.013361078349853403,pastoral,4
spi_24,0.0067653445628975606,pastoral,4
pet_mm,0.0038019469193668804,pastoral,4
sm_root,0.0021648758976172467,pastoral,4
precip_mm,0.0014431466592196179,pastoral,4
spei_balance_mm,0.0017649163933097683,pastoral,4
sm_mean_1m,0.0025804138697413975,pastoral,4
spei_balance_sum_1m,0.0019229391119909398,pastoral,4
sm_mean_3m,0.005489683326578026,pastoral,4
spei_balance_sum_3m,0.012732727865712943,pastoral,4
sm_mean_6m,0.004527382579198467,pastoral,4
spei_balance_sum_6m,0.030679152265264773,pastoral,4
sm_mean_12m,0.003709431384307517,pastoral,4
spei_balance_sum_12m,0.017579021625366887,pastoral,4
sm_mean_24m,0.003942322940439348,pastoral,4
spei_balance_sum_24m,0.009541976056757188,pastoral,4
ssmi_1,0.0036746374528630822,pastoral,4
ssmi_3,0.011804973370163103,pastoral,4
ssmi_6,0.007842813060792464,pastoral,4
ssmi_12,0.006583050279390644,pastoral,4
ssmi_24,0.006502620368189064,pastoral,4
spei_1,0.004888692675901727,pastoral,4
spei_3,0.010724928827387238,pastoral,4
spei_6,0.008835288101417564,pastoral,4
spei_12,0.013431007092046721,pastoral,4
spei_24,0.003223870054770018,pastoral,4
ndvi,0.0013590214590440907,pastoral,4
ndvi_anomaly,0.0018923873052516223,pastoral,4
ndvi_lag1,0.0037305872934794765,pastoral,4
ndvi_lag3,0.0035586237988703296,pastoral,4
ndvi_lag6,0.0026007724896744255,pastoral,4
ndvi_lag12,0.0016265011008990756,pastoral,4
ndvi_anomaly_lag1,0.005880307161692251,pastoral,4
ndvi_anomaly_lag3,0.004171997523740165,pastoral,4
ndvi_anomaly_lag6,0.0023386085004607556,pastoral,4
ndvi_anomaly_lag12,0.0037099103132428152,pastoral,4
ndvi_cropland,0.00225399737676575,pastoral,4
ndvi_cropland_anomaly,0.0024494731101814583,pastoral,4
ndvi_cropland_lag1,0.0032240444813164647,pastoral,4
ndvi_cropland_lag3,0.003253204248648267,pastoral,4
ndvi_cropland_lag6,0.002036745502196528,pastoral,4
ndvi_cropland_lag12,0.002671536353329863,pastoral,4
ndvi_cropland_anomaly_lag1,0.003738009753158859,pastoral,4
ndvi_cropland_anomaly_lag3,0.003592944510312687,pastoral,4
ndvi_cropland_anomaly_lag6,0.003185659228672953,pastoral,4
ndvi_cropland_anomaly_lag12,0.0029098951890472063,pastoral,4
ndvi_rangeland,0.0010864227432536733,pastoral,4
ndvi_rangeland_anomaly,0.002753670227732486,pastoral,4
ndvi_rangeland_lag1,0.006539944370667287,pastoral,4
ndvi_rangeland_lag3,0.003350997269329191,pastoral,4
ndvi_rangeland_lag6,0.0034141228617711613,pastoral,4
ndvi_rangeland_lag12,0.001124092265965928,pastoral,4
ndvi_rangeland_anomaly_lag1,0.005664466859313961,pastoral,4
ndvi_rangeland_anomaly_lag3,0.0029938773321226283,pastoral,4
ndvi_rangeland_anomaly_lag6,0.0031039173634562754,pastoral,4
ndvi_rangeland_anomaly_lag12,0.003774218755482424,pastoral,4
acled_event_count,0.00028626491399428764,pastoral,4
acled_fatalities,6.521567683319678e-05,pastoral,4
acled_event_count_political_violence,3.7092314653830335e-06,pastoral,4
acled_fatalities_political_violence,1.4587682184710742e-05,pastoral,4
acled_event_count_demonstrations,8.349565064970581e-05,pastoral,4
acled_fatalities_demonstrations,0.0,pastoral,4
acled_event_count_strategic_developments,0.0,pastoral,4
acled_fatalities_strategic_developments,0.0,pastoral,4
acled_event_count_lag1,0.00029696629496642576,pastoral,4
acled_fatalities_lag1,0.0025216611268853743,pastoral,4
acled_event_count_political_violence_lag1,9.552819391827458e-05,pastoral,4
acled_fatalities_political_violence_lag1,0.00467965162119291,pastoral,4
acled_event_count_demonstrations_lag1,0.00013442946509551536,pastoral,4
acled_fatalities_demonstrations_lag1,1.9865137316823718e-05,pastoral,4
acled_event_count_strategic_developments_lag1,0.0,pastoral,4
acled_fatalities_strategic_developments_lag1,0.0,pastoral,4
acled_event_count_lag3,0.00010866080546982321,pastoral,4
acled_fatalities_lag3,8.833535291284208e-10,pastoral,4
acled_event_count_political_violence_lag3,0.00013189545858325675,pastoral,4
acled_fatalities_political_violence_lag3,1.995178446729895e-06,pastoral,4
acled_event_count_demonstrations_lag3,0.0,pastoral,4
acled_fatalities_demonstrations_lag3,0.0,pastoral,4
acled_event_count_strategic_developments_lag3,0.0,pastoral,4
acled_fatalities_strategic_developments_lag3,0.0,pastoral,4
acled_event_count_lag6,0.00026971675497375954,pastoral,4
acled_fatalities_lag6,0.0001319168720792403,pastoral,4
acled_event_count_political_violence_lag6,9.040599346828409e-05,pastoral,4
acled_fatalities_political_violence_lag6,3.96920235158047e-05,pastoral,4
acled_event_count_demonstrations_lag6,2.8602716656476023e-05,pastoral,4
acled_fatalities_demonstrations_lag6,0.0,pastoral,4
acled_event_count_strategic_developments_lag6,0.0,pastoral,4
acled_fatalities_strategic_developments_lag6,0.0,pastoral,4
acled_event_count_lag12,0.00033522695863937463,pastoral,4
acled_fatalities_lag12,7.294982003221703e-05,pastoral,4
acled_event_count_political_violence_lag12,0.00014688660802740923,pastoral,4
acled_fatalities_political_violence_lag12,0.0001543186360490695,pastoral,4
acled_event_count_demonstrations_lag12,0.0,pastoral,4
acled_fatalities_demonstrations_lag12,0.0,pastoral,4
acled_event_count_strategic_developments_lag12,0.0,pastoral,4
acled_fatalities_strategic_developments_lag12,0.0,pastoral,4
maize_price_etb,0.0002733661271534178,pastoral,4
maize_price_etb_lag1,0.000497166850285825,pastoral,4
maize_price_etb_lag3,0.0005422371060234618,pastoral,4
maize_price_etb_lag6,0.00024052523954670304,pastoral,4
maize_price_etb_lag12,0.0004146915894158576,pastoral,4
maize_price_index,0.0005109980358507048,pastoral,4
maize_price_index_lag1,0.0002700832398164777,pastoral,4
maize_price_index_lag3,0.0003224776580516859,pastoral,4
maize_price_index_lag6,0.0003744366177846699,pastoral,4
maize_price_index_lag12,0.0003675352578217517,pastoral,4
maize_n_markets,0.00010049976302870766,pastoral,4
wheat_price_etb,3.709173058340827e-05,pastoral,4
wheat_price_etb_lag1,0.00015653545636208394,pastoral,4
wheat_price_etb_lag3,0.0004799682574476614,pastoral,4
wheat_price_etb_lag6,0.00031029129984895526,pastoral,4
wheat_price_etb_lag12,0.0009662700517736372,pastoral,4
wheat_price_index,5.9921801112071474e-05,pastoral,4
wheat_price_index_lag1,0.00011198281105339626,pastoral,4
wheat_price_index_lag3,5.362453886202703e-05,pastoral,4
wheat_price_index_lag6,7.36681684530026e-05,pastoral,4
wheat_price_index_lag12,0.0001279399353350217,pastoral,4
wheat_n_markets,4.216121709851479e-05,pastoral,4
sorghum_price_etb,0.00016876839113924062,pastoral,4
sorghum_price_etb_lag1,0.00015168202902715407,pastoral,4
sorghum_price_etb_lag3,0.001040667346952681,pastoral,4
sorghum_price_etb_lag6,0.00010135759831580369,pastoral,4
sorghum_price_etb_lag12,0.0002878442272392736,pastoral,4
sorghum_price_index,0.00039073657137581584,pastoral,4
sorghum_price_index_lag1,0.00012599055441153857,pastoral,4
sorghum_price_index_lag3,0.0019061678750985067,pastoral,4
sorghum_price_index_lag6,0.0005327596235207334,pastoral,4
sorghum_price_index_lag12,0.00013666227146777332,pastoral,4
sorghum_n_markets,5.769832375950074e-05,pastoral,4
teff_price_etb,0.0,pastoral,4
teff_price_etb_lag1,0.0,pastoral,4
teff_price_etb_lag3,0.0,pastoral,4
teff_price_etb_lag6,0.0,pastoral,4
teff_price_etb_lag12,0.0,pastoral,4
teff_price_index,0.0,pastoral,4
teff_price_index_lag1,0.0,pastoral,4
teff_price_index_lag3,0.0,pastoral,4
teff_price_index_lag6,0.0,pastoral,4
teff_price_index_lag12,0.0,pastoral,4
teff_n_markets,0.0,pastoral,4
fuel_diesel_price_etb,0.0,pastoral,4
fuel_diesel_price_etb_lag1,0.0,pastoral,4
fuel_diesel_price_etb_lag3,0.0,pastoral,4
fuel_diesel_price_etb_lag6,0.0,pastoral,4
fuel_diesel_price_etb_lag12,0.0,pastoral,4
fuel_diesel_price_index,0.0,pastoral,4
fuel_diesel_price_index_lag1,0.0,pastoral,4
fuel_diesel_price_index_lag3,0.0,pastoral,4
fuel_diesel_price_index_lag6,0.0,pastoral,4
fuel_diesel_price_index_lag12,0.0,pastoral,4
fuel_diesel_n_markets,0.0,pastoral,4
fuel_petrol_n_markets,0.0,pastoral,4
livestock_goat_price_etb,0.0,pastoral,4
livestock_goat_price_etb_lag1,0.0,pastoral,4
livestock_goat_price_etb_lag3,0.0,pastoral,4
livestock_goat_price_etb_lag6,0.0,pastoral,4
livestock_goat_price_etb_lag12,0.0,pastoral,4
livestock_goat_price_index,0.0,pastoral,4
livestock_goat_price_index_lag1,0.0,pastoral,4
livestock_goat_price_index_lag3,0.0,pastoral,4
livestock_goat_price_index_lag6,0.0,pastoral,4
livestock_goat_price_index_lag12,0.0,pastoral,4
livestock_goat_n_markets,0.0,pastoral,4
livestock_sheep_price_etb,0.0,pastoral,4
livestock_sheep_price_etb_lag1,0.0,pastoral,4
livestock_sheep_price_etb_lag3,0.0,pastoral,4
livestock_sheep_price_etb_lag6,0.0,pastoral,4
livestock_sheep_price_etb_lag12,0.0,pastoral,4
livestock_sheep_price_index,0.0,pastoral,4
livestock_sheep_price_index_lag1,0.0,pastoral,4
livestock_sheep_price_index_lag3,0.0,pastoral,4
livestock_sheep_price_index_lag6,0.0,pastoral,4
livestock_sheep_price_index_lag12,0.0,pastoral,4
livestock_sheep_n_markets,0.0,pastoral,4
goat_maize_tot,0.0,pastoral,4
goat_maize_tot_lag1,0.0,pastoral,4
goat_maize_tot_lag3,0.0,pastoral,4
goat_maize_tot_lag6,0.0,pastoral,4
goat_maize_tot_lag12,0.0,pastoral,4
sheep_maize_tot,0.0,pastoral,4
sheep_maize_tot_lag1,0.0,pastoral,4
sheep_maize_tot_lag3,0.0,pastoral,4
sheep_maize_tot_lag6,0.0,pastoral,4
sheep_maize_tot_lag12,0.0,pastoral,4
maize_yield,0.0011524540034047435,pastoral,4
maize_yield_anomaly,0.00045630075781974823,pastoral,4
wheat_yield,0.00010567660891158208,pastoral,4
wheat_yield_anomaly,0.00031475503932600014,pastoral,4
sorghum_yield,0.00016554102905857342,pastoral,4
sorghum_yield_anomaly,8.01063489563316e-05,pastoral,4
teff_yield,0.0003439694224419207,pastoral,4
teff_yield_anomaly,0.0005744046878603357,pastoral,4
headline_cpi,0.00012912106976710737,pastoral,4
headline_cpi_lag1,0.0005999890609393943,pastoral,4
headline_cpi_lag3,0.0003035309450848485,pastoral,4
headline_cpi_lag6,0.00031017791491997547,pastoral,4
headline_cpi_lag12,0.0009157270016576736,pastoral,4
headline_cpi_yoy_change,0.012219458862027934,pastoral,4
headline_cpi_yoy_change_lag1,0.0015924704932250766,pastoral,4
headline_cpi_yoy_change_lag3,0.000371683350494942,pastoral,4
headline_cpi_yoy_change_lag6,0.000758119545063384,pastoral,4
headline_cpi_yoy_change_lag12,0.01838532943797842,pastoral,4
food_cpi,0.0004694110155771855,pastoral,4
food_cpi_lag1,0.00158625642853813,pastoral,4
food_cpi_lag3,0.000530750283844399,pastoral,4
food_cpi_lag6,0.0006437249325325345,pastoral,4
food_cpi_lag12,0.0012768633072279029,pastoral,4
food_cpi_yoy_change,0.001097736631991311,pastoral,4
food_cpi_yoy_change_lag1,0.0006407619659562908,pastoral,4
food_cpi_yoy_change_lag3,0.0005127718418814106,pastoral,4
food_cpi_yoy_change_lag6,0.0024293939897044427,pastoral,4
food_cpi_yoy_change_lag12,0.0014960315089126027,pastoral,4
headline_cpi_chainlinked,0.0003755650450237338,pastoral,4
headline_cpi_chainlinked_lag1,0.0004119089962370267,pastoral,4
headline_cpi_chainlinked_lag3,0.00028497981204818893,pastoral,4
headline_cpi_chainlinked_lag6,0.00044142993468722813,pastoral,4
headline_cpi_chainlinked_lag12,0.00086822670003239,pastoral,4
food_cpi_chainlinked,0.00039667784118045364,pastoral,4
food_cpi_chainlinked_lag1,0.0013736708949080932,pastoral,4
food_cpi_chainlinked_lag3,0.0006460954958679372,pastoral,4
food_cpi_chainlinked_lag6,0.00023011901543535423,pastoral,4
food_cpi_chainlinked_lag12,0.0007155953363388025,pastoral,4
exchange_rate,0.0008151102706828098,pastoral,4
exchange_rate_lag1,0.0003640705872854713,pastoral,4
exchange_rate_lag3,0.0004314945952440507,pastoral,4
exchange_rate_lag6,0.0001421704822993099,pastoral,4
exchange_rate_lag12,0.000140879764181539,pastoral,4
exchange_rate_yoy_change,0.0008966770138899154,pastoral,4
exchange_rate_yoy_change_lag1,0.003243000505757779,pastoral,4
exchange_rate_yoy_change_lag3,0.0025070600495848607,pastoral,4
exchange_rate_yoy_change_lag6,0.0011488849471788106,pastoral,4
exchange_rate_yoy_change_lag12,0.002304972035110359,pastoral,4
gdp_per_capita,0.00012882482904805144,pastoral,4
gdp_per_capita_yoy_change,0.0005694658421764682,pastoral,4
iod,0.015620723850735787,pastoral,4
mei,0.003037041438200363,pastoral,4
nino34,0.006141018339530008,pastoral,4
iod_lag1,0.0018708220098617872,pastoral,4
iod_lag3,0.009817885941128002,pastoral,4
iod_lag6,0.001216823022486261,pastoral,4
mei_lag1,0.0069104023123205535,pastoral,4
mei_lag3,0.008941304587120016,pastoral,4
mei_lag6,0.0028819277138588694,pastoral,4
nino34_lag1,0.005550894260667912,pastoral,4
nino34_lag3,0.008990320991005406,pastoral,4
nino34_lag6,0.00367487382831349,pastoral,4
wvg,0.00463718555982173,pastoral,4
wvg_lag1yr,0.020342725945065823,pastoral,4
wvg_lag2yr,0.004418845075061103,pastoral,4
wvg_lag3yr,0.0006242604021038333,pastoral,4
total_refugees_hosted,0.00043153713052340693,pastoral,4
total_refugees_hosted_yoy_change,0.0014881396979854287,pastoral,4
total_asylum_seekers_hosted,0.003118094109936828,pastoral,4
total_asylum_seekers_hosted_yoy_change,0.0008390319322512797,pastoral,4
idps_ethiopia,4.863999058931019e-05,pastoral,4
idps_ethiopia_yoy_change,0.0,pastoral,4
season_national_belg_meher,0.00010307642533486806,pastoral,4
season_somali_gu_deyr,0.0006058675085885054,pastoral,4
months_since_assessment,0.0,agropastoral,4
pct_pastoral,0.0013094712259561902,agropastoral,4
pct_agropastoral,0.005659511549363225,agropastoral,4
pct_crop_farming,0.0018898509098360051,agropastoral,4
is_harvest_season,2.6663341797608932e-05,agropastoral,4
is_lean_season,0.0007163914070041357,agropastoral,4
is_dry_season,0.0005270337473844127,agropastoral,4
months_since_harvest_start,0.0008110910335469351,agropastoral,4
months_since_lean_start,0.04424060369723296,agropastoral,4
glofas_reach_count,0.0010723171914094561,agropastoral,4
agss_surveyed_flag,2.9921819621230285e-05,agropastoral,4
ipc_lag1,0.2762547441828539,agropastoral,4
ipc_lag4,0.010830537380768671,agropastoral,4
ipc_lag8,0.006641052802658268,agropastoral,4
ipc_mean12,0.008054451884569162,agropastoral,4
ha_share_lag1,0.0036976208316548244,agropastoral,4
ha_share_lag4,0.001162306204067428,agropastoral,4
ha_share_lag8,0.002143339646336292,agropastoral,4
ha_share_mean12,0.03971413872373551,agropastoral,4
total_rainfall_mm,0.0016601807041788051,agropastoral,4
wet_days,0.0016390955740000779,agropastoral,4
max_dry_spell_length,0.01502909529638474,agropastoral,4
rainfall_sum_1m,0.002745827637315645,agropastoral,4
rainfall_sum_3m,0.023382757915220136,agropastoral,4
rainfall_sum_6m,0.004073446096844359,agropastoral,4
rainfall_sum_12m,0.010703971734583486,agropastoral,4
rainfall_sum_24m,0.002520944643391282,agropastoral,4
spi_1,0.003100359619814267,agropastoral,4
spi_3,0.01077977843380499,agropastoral,4
spi_6,0.01811274676192641,agropastoral,4
spi_12,0.02405438386939184,agropastoral,4
spi_24,0.020944675295794624,agropastoral,4
pet_mm,0.007401101017247694,agropastoral,4
sm_root,0.0032256682124760347,agropastoral,4
precip_mm,0.0031973959031824616,agropastoral,4
spei_balance_mm,0.0054691426595644774,agropastoral,4
sm_mean_1m,0.003845187181626166,agropastoral,4
spei_balance_sum_1m,0.005612700212845681,agropastoral,4
sm_mean_3m,0.00871343355638991,agropastoral,4
spei_balance_sum_3m,0.004415643782434024,agropastoral,4
sm_mean_6m,0.004391013353754921,agropastoral,4
spei_balance_sum_6m,0.0037647959377565296,agropastoral,4
sm_mean_12m,0.005424723340612965,agropastoral,4
spei_balance_sum_12m,0.0042649315080422546,agropastoral,4
sm_mean_24m,0.0013072904266952072,agropastoral,4
spei_balance_sum_24m,0.00555822111340777,agropastoral,4
ssmi_1,0.00411756921643544,agropastoral,4
ssmi_3,0.006651236379276624,agropastoral,4
ssmi_6,0.0077159919462098095,agropastoral,4
ssmi_12,0.00490269736641505,agropastoral,4
ssmi_24,0.0018151604875180512,agropastoral,4
spei_1,0.004212993162998041,agropastoral,4
spei_3,0.001996293188414026,agropastoral,4
spei_6,0.021744846663268355,agropastoral,4
spei_12,0.007570394451275304,agropastoral,4
spei_24,0.0023048483280380997,agropastoral,4
ndvi,0.0024605824989048708,agropastoral,4
ndvi_anomaly,0.0030524039066461154,agropastoral,4
ndvi_lag1,0.0019407710246371,agropastoral,4
ndvi_lag3,0.003814323444511631,agropastoral,4
ndvi_lag6,0.003307117151441321,agropastoral,4
ndvi_lag12,0.0015013716660808689,agropastoral,4
ndvi_anomaly_lag1,0.004306129016510383,agropastoral,4
ndvi_anomaly_lag3,0.003502108556296979,agropastoral,4
ndvi_anomaly_lag6,0.007073039246248637,agropastoral,4
ndvi_anomaly_lag12,0.0032520101888384757,agropastoral,4
ndvi_cropland,0.004571273033071086,agropastoral,4
ndvi_cropland_anomaly,0.034596641922717865,agropastoral,4
ndvi_cropland_lag1,0.005485270479609922,agropastoral,4
ndvi_cropland_lag3,0.0019503893591687736,agropastoral,4
ndvi_cropland_lag6,0.0023982686926411726,agropastoral,4
ndvi_cropland_lag12,0.004984837024575926,agropastoral,4
ndvi_cropland_anomaly_lag1,0.01790517584817288,agropastoral,4
ndvi_cropland_anomaly_lag3,0.005225630294872866,agropastoral,4
ndvi_cropland_anomaly_lag6,0.006905671268107739,agropastoral,4
ndvi_cropland_anomaly_lag12,0.0056464414983176045,agropastoral,4
ndvi_rangeland,0.0009762453897134175,agropastoral,4
ndvi_rangeland_anomaly,0.002307338677716124,agropastoral,4
ndvi_rangeland_lag1,0.0021585005711680532,agropastoral,4
ndvi_rangeland_lag3,0.007533226991097004,agropastoral,4
ndvi_rangeland_lag6,0.004451108663278774,agropastoral,4
ndvi_rangeland_lag12,0.0015294606239447772,agropastoral,4
ndvi_rangeland_anomaly_lag1,0.0029796008660588295,agropastoral,4
ndvi_rangeland_anomaly_lag3,0.0026375387663921885,agropastoral,4
ndvi_rangeland_anomaly_lag6,0.006680527187269853,agropastoral,4
ndvi_rangeland_anomaly_lag12,0.006562910506806177,agropastoral,4
acled_event_count,0.0012444571663279352,agropastoral,4
acled_fatalities,0.001137650665318372,agropastoral,4
acled_event_count_political_violence,0.0003823048854235292,agropastoral,4
acled_fatalities_political_violence,0.0008577409998678354,agropastoral,4
acled_event_count_demonstrations,0.0,agropastoral,4
acled_fatalities_demonstrations,0.0,agropastoral,4
acled_event_count_strategic_developments,0.0,agropastoral,4
acled_fatalities_strategic_developments,0.0,agropastoral,4
acled_event_count_lag1,0.00029695965965509944,agropastoral,4
acled_fatalities_lag1,0.0006688753037620398,agropastoral,4
acled_event_count_political_violence_lag1,0.0001511145052490664,agropastoral,4
acled_fatalities_political_violence_lag1,0.000885508607278566,agropastoral,4
acled_event_count_demonstrations_lag1,0.0003110580514040852,agropastoral,4
acled_fatalities_demonstrations_lag1,0.0,agropastoral,4
acled_event_count_strategic_developments_lag1,0.0008989871609050435,agropastoral,4
acled_fatalities_strategic_developments_lag1,0.0,agropastoral,4
acled_event_count_lag3,0.0007464669651824648,agropastoral,4
acled_fatalities_lag3,0.0003206959939435638,agropastoral,4
acled_event_count_political_violence_lag3,0.00046102453910849833,agropastoral,4
acled_fatalities_political_violence_lag3,0.00044784243752943087,agropastoral,4
acled_event_count_demonstrations_lag3,0.0,agropastoral,4
acled_fatalities_demonstrations_lag3,0.0,agropastoral,4
acled_event_count_strategic_developments_lag3,0.0,agropastoral,4
acled_fatalities_strategic_developments_lag3,0.0,agropastoral,4
acled_event_count_lag6,0.0032565785001573435,agropastoral,4
acled_fatalities_lag6,0.0011784599316713772,agropastoral,4
acled_event_count_political_violence_lag6,0.00014711747871145068,agropastoral,4
acled_fatalities_political_violence_lag6,0.00016988418376335284,agropastoral,4
acled_event_count_demonstrations_lag6,0.0005004323746738932,agropastoral,4
acled_fatalities_demonstrations_lag6,0.0,agropastoral,4
acled_event_count_strategic_developments_lag6,0.0,agropastoral,4
acled_fatalities_strategic_developments_lag6,0.0,agropastoral,4
acled_event_count_lag12,0.0009911212412295933,agropastoral,4
acled_fatalities_lag12,0.00020440563118093966,agropastoral,4
acled_event_count_political_violence_lag12,0.00019892051642932595,agropastoral,4
acled_fatalities_political_violence_lag12,0.0002212406099511077,agropastoral,4
acled_event_count_demonstrations_lag12,0.0005584622346544634,agropastoral,4
acled_fatalities_demonstrations_lag12,0.0,agropastoral,4
acled_event_count_strategic_developments_lag12,0.00046442795275504874,agropastoral,4
acled_fatalities_strategic_developments_lag12,0.0,agropastoral,4
maize_price_etb,0.0015248386740148103,agropastoral,4
maize_price_etb_lag1,0.0015961534653754419,agropastoral,4
maize_price_etb_lag3,0.0023331020843899482,agropastoral,4
maize_price_etb_lag6,0.000914323435628311,agropastoral,4
maize_price_etb_lag12,0.001546304476622862,agropastoral,4
maize_price_index,0.0008834766540326358,agropastoral,4
maize_price_index_lag1,0.0009793054939423113,agropastoral,4
maize_price_index_lag3,0.002638941608369641,agropastoral,4
maize_price_index_lag6,0.001142960879489602,agropastoral,4
maize_price_index_lag12,0.0008093125749720151,agropastoral,4
maize_n_markets,1.1310061898303054e-05,agropastoral,4
wheat_price_etb,0.00013322634235290377,agropastoral,4
wheat_price_etb_lag1,0.00025564375090572606,agropastoral,4
wheat_price_etb_lag3,0.0005164368424521954,agropastoral,4
wheat_price_etb_lag6,0.0013564050039128715,agropastoral,4
wheat_price_etb_lag12,0.0,agropastoral,4
wheat_price_index,0.0,agropastoral,4
wheat_price_index_lag1,9.336614119744162e-05,agropastoral,4
wheat_price_index_lag3,1.4274177029710741e-05,agropastoral,4
wheat_price_index_lag6,0.00022113913299267327,agropastoral,4
wheat_price_index_lag12,5.2191676497672295e-05,agropastoral,4
wheat_n_markets,0.00013704459395469826,agropastoral,4
sorghum_price_etb,0.0005342381623155909,agropastoral,4
sorghum_price_etb_lag1,0.002215717384134373,agropastoral,4
sorghum_price_etb_lag3,0.0006519461529476467,agropastoral,4
sorghum_price_etb_lag6,0.00046898518051475695,agropastoral,4
sorghum_price_etb_lag12,0.000466859089232874,agropastoral,4
sorghum_price_index,0.002658874667844373,agropastoral,4
sorghum_price_index_lag1,0.003846444867000425,agropastoral,4
sorghum_price_index_lag3,0.0023527262368112653,agropastoral,4
sorghum_price_index_lag6,0.003271443868088581,agropastoral,4
sorghum_price_index_lag12,0.0016194242144608952,agropastoral,4
sorghum_n_markets,0.0003979105258750205,agropastoral,4
teff_price_etb_lag3,0.0,agropastoral,4
teff_n_markets,0.0,agropastoral,4
fuel_diesel_price_etb,0.0,agropastoral,4
fuel_diesel_price_etb_lag1,0.0,agropastoral,4
fuel_diesel_price_etb_lag3,0.0,agropastoral,4
fuel_diesel_price_etb_lag6,0.0,agropastoral,4
fuel_diesel_price_etb_lag12,0.0,agropastoral,4
fuel_diesel_n_markets,0.0,agropastoral,4
fuel_petrol_n_markets,0.0,agropastoral,4
livestock_goat_price_etb,0.0,agropastoral,4
livestock_goat_price_etb_lag1,0.0,agropastoral,4
livestock_goat_price_etb_lag3,0.0,agropastoral,4
livestock_goat_price_etb_lag6,0.0,agropastoral,4
livestock_goat_price_etb_lag12,0.0,agropastoral,4
livestock_goat_price_index,0.0,agropastoral,4
livestock_goat_price_index_lag1,0.0,agropastoral,4
livestock_goat_price_index_lag3,0.0,agropastoral,4
livestock_goat_price_index_lag6,0.0,agropastoral,4
livestock_goat_price_index_lag12,0.0,agropastoral,4
livestock_goat_n_markets,1.8403140610315624e-06,agropastoral,4
livestock_sheep_price_etb,0.0,agropastoral,4
livestock_sheep_price_etb_lag1,0.0,agropastoral,4
livestock_sheep_price_etb_lag3,8.41041435310178e-05,agropastoral,4
livestock_sheep_price_etb_lag6,0.0,agropastoral,4
livestock_sheep_price_etb_lag12,0.0,agropastoral,4
livestock_sheep_price_index,0.0,agropastoral,4
livestock_sheep_price_index_lag1,0.0,agropastoral,4
livestock_sheep_price_index_lag3,0.0,agropastoral,4
livestock_sheep_price_index_lag6,0.0,agropastoral,4
livestock_sheep_price_index_lag12,0.0,agropastoral,4
livestock_sheep_n_markets,0.0,agropastoral,4
goat_maize_tot,0.0,agropastoral,4
goat_maize_tot_lag1,2.791918740478365e-06,agropastoral,4
goat_maize_tot_lag3,0.0,agropastoral,4
goat_maize_tot_lag6,0.0,agropastoral,4
goat_maize_tot_lag12,5.227694039522812e-05,agropastoral,4
sheep_maize_tot,0.0,agropastoral,4
sheep_maize_tot_lag1,0.0,agropastoral,4
sheep_maize_tot_lag3,0.0,agropastoral,4
sheep_maize_tot_lag6,0.0,agropastoral,4
sheep_maize_tot_lag12,0.0,agropastoral,4
maize_yield,0.003571407022219785,agropastoral,4
maize_yield_anomaly,0.0022773538969917606,agropastoral,4
wheat_yield,0.00028530611226541987,agropastoral,4
wheat_yield_anomaly,0.0009241091873388309,agropastoral,4
sorghum_yield,0.0012859894051738463,agropastoral,4
sorghum_yield_anomaly,0.016111336485393417,agropastoral,4
teff_yield,0.0016219312700731599,agropastoral,4
teff_yield_anomaly,0.0004040635881111013,agropastoral,4
headline_cpi,0.00026804492672210026,agropastoral,4
headline_cpi_lag1,0.00013804756990409568,agropastoral,4
headline_cpi_lag3,0.0006914817822285753,agropastoral,4
headline_cpi_lag6,0.0006315375056625381,agropastoral,4
headline_cpi_lag12,0.0005268650469497655,agropastoral,4
headline_cpi_yoy_change,0.0007503995954360194,agropastoral,4
headline_cpi_yoy_change_lag1,0.001221042500991312,agropastoral,4
headline_cpi_yoy_change_lag3,0.002593674115640853,agropastoral,4
headline_cpi_yoy_change_lag6,0.005839211235996416,agropastoral,4
headline_cpi_yoy_change_lag12,0.008481000749599267,agropastoral,4
food_cpi,0.0004813126869527189,agropastoral,4
food_cpi_lag1,0.0011156393750274497,agropastoral,4
food_cpi_lag3,0.00025833228167976757,agropastoral,4
food_cpi_lag6,0.00011803554783839088,agropastoral,4
food_cpi_lag12,0.0008012934946857377,agropastoral,4
food_cpi_yoy_change,0.0009845774793561185,agropastoral,4
food_cpi_yoy_change_lag1,0.002377600847773049,agropastoral,4
food_cpi_yoy_change_lag3,0.0005281411256163349,agropastoral,4
food_cpi_yoy_change_lag6,0.0016016533302138014,agropastoral,4
food_cpi_yoy_change_lag12,0.007869447680838236,agropastoral,4
headline_cpi_chainlinked,0.0002766428077238679,agropastoral,4
headline_cpi_chainlinked_lag1,0.0004415576892593627,agropastoral,4
headline_cpi_chainlinked_lag3,0.0005633949945624893,agropastoral,4
headline_cpi_chainlinked_lag6,0.00038940909349555734,agropastoral,4
headline_cpi_chainlinked_lag12,0.00026136106145323567,agropastoral,4
food_cpi_chainlinked,0.0005788334598504837,agropastoral,4
food_cpi_chainlinked_lag1,0.0011586882880783458,agropastoral,4
food_cpi_chainlinked_lag3,0.0004521212634481784,agropastoral,4
food_cpi_chainlinked_lag6,0.0005444849010202657,agropastoral,4
food_cpi_chainlinked_lag12,0.0004119329628391467,agropastoral,4
exchange_rate,0.000339986512183462,agropastoral,4
exchange_rate_lag1,0.000679952528750843,agropastoral,4
exchange_rate_lag3,0.00023491391320398553,agropastoral,4
exchange_rate_lag6,1.0395900492255186e-05,agropastoral,4
exchange_rate_lag12,5.87094003098144e-05,agropastoral,4
exchange_rate_yoy_change,0.0030069242590194463,agropastoral,4
exchange_rate_yoy_change_lag1,0.0008962676294049706,agropastoral,4
exchange_rate_yoy_change_lag3,0.001760778718627122,agropastoral,4
exchange_rate_yoy_change_lag6,0.0036785973546765945,agropastoral,4
exchange_rate_yoy_change_lag12,0.004699184386376784,agropastoral,4
gdp_per_capita,3.1795666014457103e-07,agropastoral,4
gdp_per_capita_yoy_change,0.0012314362113671812,agropastoral,4
iod,0.0028477465037911993,agropastoral,4
mei,0.0021504974284506403,agropastoral,4
nino34,0.0006976503463594558,agropastoral,4
iod_lag1,0.0031305718217825443,agropastoral,4
iod_lag3,0.0014493588163673149,agropastoral,4
iod_lag6,0.001591716764823636,agropastoral,4
mei_lag1,0.0006519356887482455,agropastoral,4
mei_lag3,0.0008092742731008771,agropastoral,4
mei_lag6,0.0033870357227282293,agropastoral,4
nino34_lag1,0.0003586656662974342,agropastoral,4
nino34_lag3,0.001629160624788213,agropastoral,4
nino34_lag6,0.0029179201631244316,agropastoral,4
wvg,0.0015688025721594936,agropastoral,4
wvg_lag1yr,0.001108521421515807,agropastoral,4
wvg_lag2yr,0.00036450093382439614,agropastoral,4
wvg_lag3yr,0.0009980342626400732,agropastoral,4
total_refugees_hosted,8.27254983440217e-05,agropastoral,4
total_refugees_hosted_yoy_change,0.00048058690090521715,agropastoral,4
total_asylum_seekers_hosted,0.00031006043912881515,agropastoral,4
total_asylum_seekers_hosted_yoy_change,0.0006566973256396982,agropastoral,4
idps_ethiopia,3.9226430728918306e-05,agropastoral,4
idps_ethiopia_yoy_change,0.0,agropastoral,4
season_national_belg_meher,0.0,agropastoral,4
season_somali_gu_deyr,0.0,agropastoral,4
months_since_assessment,0.0,crop_farming,4
pct_pastoral,0.001141690550515645,crop_farming,4
pct_agropastoral,0.0004897780715057484,crop_farming,4
pct_crop_farming,0.0007208383044954692,crop_farming,4
is_harvest_season,0.00011062136891848351,crop_farming,4
is_lean_season,0.0010455701074249914,crop_farming,4
is_dry_season,0.00017313977982530044,crop_farming,4
months_since_harvest_start,0.001506020025202702,crop_farming,4
months_since_lean_start,0.022149086226414722,crop_farming,4
glofas_reach_count,0.006092145955388386,crop_farming,4
agss_surveyed_flag,0.0,crop_farming,4
ipc_lag1,0.34116707831588566,crop_farming,4
ipc_lag4,0.006497671670932669,crop_farming,4
ipc_lag8,0.024102250682518166,crop_farming,4
ipc_mean12,0.0455098513162677,crop_farming,4
ha_share_lag1,0.013680187106834711,crop_farming,4
ha_share_lag4,0.0048741166627340755,crop_farming,4
ha_share_lag8,0.0031902779574229626,crop_farming,4
ha_share_mean12,0.020791287138576944,crop_farming,4
total_rainfall_mm,0.003705243706795862,crop_farming,4
wet_days,0.002420174410714088,crop_farming,4
max_dry_spell_length,0.00431284048439396,crop_farming,4
rainfall_sum_1m,0.0032569265953736335,crop_farming,4
rainfall_sum_3m,0.08789906686429395,crop_farming,4
rainfall_sum_6m,0.002995440948374024,crop_farming,4
rainfall_sum_12m,0.005492380606721678,crop_farming,4
rainfall_sum_24m,0.006252367945067609,crop_farming,4
spi_1,0.003868331272879511,crop_farming,4
spi_3,0.007037241348631033,crop_farming,4
spi_6,0.009965036332944228,crop_farming,4
spi_12,0.00913583479603228,crop_farming,4
spi_24,0.004295637084007283,crop_farming,4
pet_mm,0.004134788980028989,crop_farming,4
sm_root,0.0014632929430471496,crop_farming,4
precip_mm,0.002681810049443754,crop_farming,4
spei_balance_mm,0.007570747753449409,crop_farming,4
sm_mean_1m,0.0014624496346574741,crop_farming,4
spei_balance_sum_1m,0.0076780553870005415,crop_farming,4
sm_mean_3m,0.002552144791860254,crop_farming,4
spei_balance_sum_3m,0.010480031308580466,crop_farming,4
sm_mean_6m,0.0019486312301663679,crop_farming,4
spei_balance_sum_6m,0.002781552210845172,crop_farming,4
sm_mean_12m,0.0018140811788480897,crop_farming,4
spei_balance_sum_12m,0.0013432751791228386,crop_farming,4
sm_mean_24m,0.0018896481473871787,crop_farming,4
spei_balance_sum_24m,0.0016984965911298272,crop_farming,4
ssmi_1,0.004125897867815182,crop_farming,4
ssmi_3,0.0037337809549337193,crop_farming,4
ssmi_6,0.005203302534371339,crop_farming,4
ssmi_12,0.0045514198321157445,crop_farming,4
ssmi_24,0.0034289694014325404,crop_farming,4
spei_1,0.00383130388342931,crop_farming,4
spei_3,0.0035692530414243883,crop_farming,4
spei_6,0.004179175043030451,crop_farming,4
spei_12,0.004334490981255473,crop_farming,4
spei_24,0.0032234020161131054,crop_farming,4
ndvi,0.0010247599774610547,crop_farming,4
ndvi_anomaly,0.006723228986387432,crop_farming,4
ndvi_lag1,0.0019821638056778017,crop_farming,4
ndvi_lag3,0.0018667434184755879,crop_farming,4
ndvi_lag6,0.0019893236542993095,crop_farming,4
ndvi_lag12,0.0034319992676467557,crop_farming,4
ndvi_anomaly_lag1,0.0028558158395714695,crop_farming,4
ndvi_anomaly_lag3,0.002285611470986213,crop_farming,4
ndvi_anomaly_lag6,0.0030552958619142327,crop_farming,4
ndvi_anomaly_lag12,0.00500993070929161,crop_farming,4
ndvi_cropland,0.0022877832692699044,crop_farming,4
ndvi_cropland_anomaly,0.0029403190770992014,crop_farming,4
ndvi_cropland_lag1,0.0019021283599891564,crop_farming,4
ndvi_cropland_lag3,0.0016682003937390727,crop_farming,4
ndvi_cropland_lag6,0.0017126620692710195,crop_farming,4
ndvi_cropland_lag12,0.001711983469055972,crop_farming,4
ndvi_cropland_anomaly_lag1,0.0031565641077996123,crop_farming,4
ndvi_cropland_anomaly_lag3,0.003054989935539874,crop_farming,4
ndvi_cropland_anomaly_lag6,0.004298985721942365,crop_farming,4
ndvi_cropland_anomaly_lag12,0.0034319080070581987,crop_farming,4
ndvi_rangeland,0.001523466191059952,crop_farming,4
ndvi_rangeland_anomaly,0.003176729870960731,crop_farming,4
ndvi_rangeland_lag1,0.0016116101216910727,crop_farming,4
ndvi_rangeland_lag3,0.002204456284320667,crop_farming,4
ndvi_rangeland_lag6,0.0014683059293710509,crop_farming,4
ndvi_rangeland_lag12,0.0026644920249433417,crop_farming,4
ndvi_rangeland_anomaly_lag1,0.003662045370924485,crop_farming,4
ndvi_rangeland_anomaly_lag3,0.002683751581311794,crop_farming,4
ndvi_rangeland_anomaly_lag6,0.00366574594505472,crop_farming,4
ndvi_rangeland_anomaly_lag12,0.006658810441848217,crop_farming,4
acled_event_count,7.362822445981919e-05,crop_farming,4
acled_fatalities,0.00012348681529723518,crop_farming,4
acled_event_count_political_violence,0.0013944834882059264,crop_farming,4
acled_fatalities_political_violence,7.219342006394664e-05,crop_farming,4
acled_event_count_demonstrations,2.5800350567311922e-05,crop_farming,4
acled_fatalities_demonstrations,1.6345398540565917e-06,crop_farming,4
acled_event_count_strategic_developments,0.0,crop_farming,4
acled_fatalities_strategic_developments,0.0,crop_farming,4
acled_event_count_lag1,1.5579394715576072e-05,crop_farming,4
acled_fatalities_lag1,1.0786810603664551e-05,crop_farming,4
acled_event_count_political_violence_lag1,5.3661200307064265e-06,crop_farming,4
acled_fatalities_political_violence_lag1,0.0001771942524809018,crop_farming,4
acled_event_count_demonstrations_lag1,2.932940861223343e-05,crop_farming,4
acled_fatalities_demonstrations_lag1,0.0,crop_farming,4
acled_event_count_strategic_developments_lag1,0.0,crop_farming,4
acled_fatalities_strategic_developments_lag1,0.0,crop_farming,4
acled_event_count_lag3,2.7557566078547095e-05,crop_farming,4
acled_fatalities_lag3,1.090676314773425e-05,crop_farming,4
acled_event_count_political_violence_lag3,5.979663049833303e-06,crop_farming,4
acled_fatalities_political_violence_lag3,2.0310463551089322e-05,crop_farming,4
acled_event_count_demonstrations_lag3,7.676239359421899e-05,crop_farming,4
acled_fatalities_demonstrations_lag3,1.5206062053441548e-05,crop_farming,4
acled_event_count_strategic_developments_lag3,7.339676728188619e-07,crop_farming,4
acled_fatalities_strategic_developments_lag3,0.0,crop_farming,4
acled_event_count_lag6,0.0005539238144325715,crop_farming,4
acled_fatalities_lag6,0.00042410724935186306,crop_farming,4
acled_event_count_political_violence_lag6,0.00018407671479135428,crop_farming,4
acled_fatalities_political_violence_lag6,0.0002238608579110412,crop_farming,4
acled_event_count_demonstrations_lag6,0.00016539087214867526,crop_farming,4
acled_fatalities_demonstrations_lag6,5.904314167092488e-06,crop_farming,4
acled_event_count_strategic_developments_lag6,0.0,crop_farming,4
acled_fatalities_strategic_developments_lag6,0.0,crop_farming,4
acled_event_count_lag12,0.00012129414199507944,crop_farming,4
acled_fatalities_lag12,0.00024437940340105754,crop_farming,4
acled_event_count_political_violence_lag12,1.3645051115817065e-05,crop_farming,4
acled_fatalities_political_violence_lag12,0.0001676430749831787,crop_farming,4
acled_event_count_demonstrations_lag12,3.520281835267974e-05,crop_farming,4
acled_fatalities_demonstrations_lag12,6.329237156441456e-05,crop_farming,4
acled_event_count_strategic_developments_lag12,2.9134284981951384e-06,crop_farming,4
acled_fatalities_strategic_developments_lag12,0.0,crop_farming,4
maize_price_etb,0.00011600128981770688,crop_farming,4
maize_price_etb_lag1,0.00011865066859760478,crop_farming,4
maize_price_etb_lag3,0.0003021251988719483,crop_farming,4
maize_price_etb_lag6,0.00018866175422096592,crop_farming,4
maize_price_etb_lag12,0.00032660887808552794,crop_farming,4
maize_price_index,0.0002920851612011221,crop_farming,4
maize_price_index_lag1,0.00017716120988467966,crop_farming,4
maize_price_index_lag3,0.0002722124924391514,crop_farming,4
maize_price_index_lag6,0.0002733316663605638,crop_farming,4
maize_price_index_lag12,0.0008008143472927452,crop_farming,4
maize_n_markets,3.944295604029564e-05,crop_farming,4
wheat_price_etb,0.00013705301068143793,crop_farming,4
wheat_price_etb_lag1,0.0004900793523704751,crop_farming,4
wheat_price_etb_lag3,0.0007860909415126297,crop_farming,4
wheat_price_etb_lag6,0.0004367672722357556,crop_farming,4
wheat_price_etb_lag12,0.00019505592286458618,crop_farming,4
wheat_price_index,0.0006477536612922478,crop_farming,4
wheat_price_index_lag1,0.0006333644086667189,crop_farming,4
wheat_price_index_lag3,0.00030912297010721044,crop_farming,4
wheat_price_index_lag6,0.00063644390434044,crop_farming,4
wheat_price_index_lag12,0.00015872040697944984,crop_farming,4
wheat_n_markets,0.00010748524100087712,crop_farming,4
sorghum_price_etb,0.0002092285660758066,crop_farming,4
sorghum_price_etb_lag1,0.00036438803101118575,crop_farming,4
sorghum_price_etb_lag3,0.0006458349311062491,crop_farming,4
sorghum_price_etb_lag6,0.0022370660548132046,crop_farming,4
sorghum_price_etb_lag12,0.0005957903246400149,crop_farming,4
sorghum_price_index,0.00018176228853060975,crop_farming,4
sorghum_price_index_lag1,0.00022494105955717008,crop_farming,4
sorghum_price_index_lag3,0.0003268775036792288,crop_farming,4
sorghum_price_index_lag6,0.0002810886750299481,crop_farming,4
sorghum_price_index_lag12,0.00022274785030524806,crop_farming,4
sorghum_n_markets,0.00010697520758563256,crop_farming,4
teff_price_etb,0.0,crop_farming,4
teff_price_etb_lag1,0.0,crop_farming,4
teff_price_etb_lag3,0.0,crop_farming,4
teff_price_etb_lag6,0.0,crop_farming,4
teff_price_etb_lag12,0.0,crop_farming,4
teff_price_index,0.0,crop_farming,4
teff_price_index_lag1,0.0,crop_farming,4
teff_price_index_lag3,0.0,crop_farming,4
teff_price_index_lag6,0.0,crop_farming,4
teff_price_index_lag12,0.0,crop_farming,4
teff_n_markets,0.0,crop_farming,4
fuel_diesel_price_etb,0.0,crop_farming,4
fuel_diesel_price_etb_lag1,0.0,crop_farming,4
fuel_diesel_price_etb_lag3,0.0,crop_farming,4
fuel_diesel_price_etb_lag6,0.0,crop_farming,4
fuel_diesel_price_etb_lag12,0.0,crop_farming,4
fuel_diesel_price_index,0.0,crop_farming,4
fuel_diesel_price_index_lag1,0.0,crop_farming,4
fuel_diesel_price_index_lag3,0.0,crop_farming,4
fuel_diesel_price_index_lag6,0.0,crop_farming,4
fuel_diesel_price_index_lag12,0.0,crop_farming,4
fuel_diesel_n_markets,0.0,crop_farming,4
fuel_petrol_price_etb,0.0,crop_farming,4
fuel_petrol_price_etb_lag1,0.0,crop_farming,4
fuel_petrol_price_etb_lag3,0.0,crop_farming,4
fuel_petrol_price_etb_lag6,0.0,crop_farming,4
fuel_petrol_price_etb_lag12,0.0,crop_farming,4
fuel_petrol_price_index,0.0,crop_farming,4
fuel_petrol_price_index_lag1,0.0,crop_farming,4
fuel_petrol_price_index_lag3,0.0,crop_farming,4
fuel_petrol_price_index_lag6,0.0,crop_farming,4
fuel_petrol_price_index_lag12,0.0,crop_farming,4
fuel_petrol_n_markets,0.0,crop_farming,4
livestock_goat_price_etb,0.0,crop_farming,4
livestock_goat_price_etb_lag1,0.0,crop_farming,4
livestock_goat_price_etb_lag3,0.0,crop_farming,4
livestock_goat_price_etb_lag6,0.0,crop_farming,4
livestock_goat_price_etb_lag12,0.0,crop_farming,4
livestock_goat_price_index,0.0,crop_farming,4
livestock_goat_price_index_lag1,0.0,crop_farming,4
livestock_goat_price_index_lag3,0.0,crop_farming,4
livestock_goat_price_index_lag6,0.0,crop_farming,4
livestock_goat_price_index_lag12,0.0,crop_farming,4
livestock_goat_n_markets,0.0,crop_farming,4
livestock_sheep_price_etb,0.0,crop_farming,4
livestock_sheep_price_etb_lag1,0.0,crop_farming,4
livestock_sheep_price_etb_lag3,0.0,crop_farming,4
livestock_sheep_price_etb_lag6,0.0,crop_farming,4
livestock_sheep_price_etb_lag12,0.0,crop_farming,4
livestock_sheep_price_index,0.0,crop_farming,4
livestock_sheep_price_index_lag1,0.0,crop_farming,4
livestock_sheep_price_index_lag3,0.0,crop_farming,4
livestock_sheep_price_index_lag6,0.0,crop_farming,4
livestock_sheep_price_index_lag12,0.0,crop_farming,4
livestock_sheep_n_markets,0.0,crop_farming,4
goat_maize_tot,0.0,crop_farming,4
goat_maize_tot_lag1,0.0,crop_farming,4
goat_maize_tot_lag3,0.0,crop_farming,4
goat_maize_tot_lag6,0.0,crop_farming,4
goat_maize_tot_lag12,0.0,crop_farming,4
sheep_maize_tot,0.0,crop_farming,4
sheep_maize_tot_lag1,0.0,crop_farming,4
sheep_maize_tot_lag3,0.0,crop_farming,4
sheep_maize_tot_lag6,0.0,crop_farming,4
sheep_maize_tot_lag12,0.0,crop_farming,4
maize_yield,0.002848559107821041,crop_farming,4
maize_yield_anomaly,0.003615901038813517,crop_farming,4
wheat_yield,0.002713049990856466,crop_farming,4
wheat_yield_anomaly,0.0015078576344918053,crop_farming,4
sorghum_yield,0.002705009079440945,crop_farming,4
sorghum_yield_anomaly,0.0022038960905923677,crop_farming,4
teff_yield,0.0018935655445632435,crop_farming,4
teff_yield_anomaly,0.0027490350404637235,crop_farming,4
headline_cpi,0.00026890299001787774,crop_farming,4
headline_cpi_lag1,0.0006560308461687859,crop_farming,4
headline_cpi_lag3,0.0008101427635935429,crop_farming,4
headline_cpi_lag6,0.00041800157051519356,crop_farming,4
headline_cpi_lag12,0.0012050520260657321,crop_farming,4
headline_cpi_yoy_change,0.0014151991815268931,crop_farming,4
headline_cpi_yoy_change_lag1,0.0007520735287585332,crop_farming,4
headline_cpi_yoy_change_lag3,0.0008010573803182012,crop_farming,4
headline_cpi_yoy_change_lag6,0.0050283836375046775,crop_farming,4
headline_cpi_yoy_change_lag12,0.002778558078773895,crop_farming,4
food_cpi,0.00015728014002084736,crop_farming,4
food_cpi_lag1,0.00019769383472908864,crop_farming,4
food_cpi_lag3,0.00016021870394440703,crop_farming,4
food_cpi_lag6,0.00017141760568754367,crop_farming,4
food_cpi_lag12,0.00018350696288818344,crop_farming,4
food_cpi_yoy_change,0.0038218562668349723,crop_farming,4
food_cpi_yoy_change_lag1,0.031218029541393983,crop_farming,4
food_cpi_yoy_change_lag3,0.009352872670034859,crop_farming,4
food_cpi_yoy_change_lag6,0.0016299237025171212,crop_farming,4
food_cpi_yoy_change_lag12,0.0009189960284626571,crop_farming,4
headline_cpi_chainlinked,0.00036171419442887644,crop_farming,4
headline_cpi_chainlinked_lag1,0.0009567191717956818,crop_farming,4
headline_cpi_chainlinked_lag3,0.0004304014300963395,crop_farming,4
headline_cpi_chainlinked_lag6,0.00016862782431170507,crop_farming,4
headline_cpi_chainlinked_lag12,0.0010071593772927596,crop_farming,4
food_cpi_chainlinked,0.00022232114641671002,crop_farming,4
food_cpi_chainlinked_lag1,0.00035551694793310826,crop_farming,4
food_cpi_chainlinked_lag3,0.00018918660110860854,crop_farming,4
food_cpi_chainlinked_lag6,0.00011037963725913974,crop_farming,4
food_cpi_chainlinked_lag12,0.00019668061019279285,crop_farming,4
exchange_rate,0.00019802216848134192,crop_farming,4
exchange_rate_lag1,0.00010481637761495376,crop_farming,4
exchange_rate_lag3,0.00015159708156195907,crop_farming,4
exchange_rate_lag6,0.00012114223450672473,crop_farming,4
exchange_rate_lag12,8.15774370827795e-05,crop_farming,4
exchange_rate_yoy_change,0.0023467943664604593,crop_farming,4
exchange_rate_yoy_change_lag1,0.0036026010856887968,crop_farming,4
exchange_rate_yoy_change_lag3,0.0009971212332161494,crop_farming,4
exchange_rate_yoy_change_lag6,0.00207314435094569,crop_farming,4
exchange_rate_yoy_change_lag12,0.011351933278976246,crop_farming,4
gdp_per_capita,8.824165011362409e-05,crop_farming,4
gdp_per_capita_yoy_change,0.0007188400495837177,crop_farming,4
iod,0.006392044899324054,crop_farming,4
mei,0.0066342727159617925,crop_farming,4
nino34,0.0018800669881609618,crop_farming,4
iod_lag1,0.005652220283842816,crop_farming,4
iod_lag3,0.0045490588096063446,crop_farming,4
iod_lag6,0.0030748440159697986,crop_farming,4
mei_lag1,0.000683346042622306,crop_farming,4
mei_lag3,0.0011993175694536649,crop_farming,4
mei_lag6,0.006201950297711583,crop_farming,4
nino34_lag1,0.0048286080216492005,crop_farming,4
nino34_lag3,0.0034192396421006497,crop_farming,4
nino34_lag6,0.003792873670641042,crop_farming,4
wvg,0.001513809125797018,crop_farming,4
wvg_lag1yr,0.0007075180989842967,crop_farming,4
wvg_lag2yr,0.00041970218145525294,crop_farming,4
wvg_lag3yr,0.0006382318313868959,crop_farming,4
total_refugees_hosted,3.646103768551694e-05,crop_farming,4
total_refugees_hosted_yoy_change,0.002600649046514398,crop_farming,4
total_asylum_seekers_hosted,0.0007294995168623806,crop_farming,4
total_asylum_seekers_hosted_yoy_change,0.0005824358550168333,crop_farming,4
idps_ethiopia,2.4137707097322446e-05,crop_farming,4
idps_ethiopia_yoy_change,0.0,crop_farming,4
season_benishangul_meher_only,2.2078754630450546e-08,crop_farming,4
season_national_belg_meher,2.0828555038428617e-05,crop_farming,4
months_since_assessment,0.0,pastoral,8
pct_pastoral,0.0021406592605469825,pastoral,8
pct_agropastoral,0.0031358064790585356,pastoral,8
pct_crop_farming,0.002250851972272874,pastoral,8
is_harvest_season,0.0002885557961509017,pastoral,8
is_lean_season,0.00012700073342759497,pastoral,8
is_dry_season,0.00015357389948863156,pastoral,8
months_since_harvest_start,0.0006076656211637755,pastoral,8
months_since_lean_start,0.012609765525138606,pastoral,8
glofas_reach_count,0.00233918935423376,pastoral,8
agss_surveyed_flag,0.00010661873389710325,pastoral,8
ipc_lag1,0.3734605587039431,pastoral,8
ipc_lag4,0.05560347062644616,pastoral,8
ipc_lag8,0.03864098529139406,pastoral,8
ipc_mean12,0.029065144393496813,pastoral,8
ha_share_lag1,0.002127683556007499,pastoral,8
ha_share_lag4,0.002794918000067519,pastoral,8
ha_share_lag8,0.0023354838752829192,pastoral,8
ha_share_mean12,0.002790058365573767,pastoral,8
total_rainfall_mm,0.0011468595210943054,pastoral,8
wet_days,0.0019329482009710311,pastoral,8
max_dry_spell_length,0.002981371233332813,pastoral,8
rainfall_sum_1m,0.0010242935059388625,pastoral,8
rainfall_sum_3m,0.004732656220028221,pastoral,8
rainfall_sum_6m,0.007181578871975014,pastoral,8
rainfall_sum_12m,0.0036964077309536076,pastoral,8
rainfall_sum_24m,0.007041962870875641,pastoral,8
spi_1,0.002909860046074124,pastoral,8
spi_3,0.00664267759178457,pastoral,8
spi_6,0.006313540094319684,pastoral,8
spi_12,0.004239541378788703,pastoral,8
spi_24,0.005308212069138624,pastoral,8
pet_mm,0.006034246273638782,pastoral,8
sm_root,0.006623932897150077,pastoral,8
precip_mm,0.0011533198790601015,pastoral,8
spei_balance_mm,0.0026541963838526547,pastoral,8
sm_mean_1m,0.007584794020474854,pastoral,8
spei_balance_sum_1m,0.0029070630093480545,pastoral,8
sm_mean_3m,0.008677844889932349,pastoral,8
spei_balance_sum_3m,0.004285210168288368,pastoral,8
sm_mean_6m,0.006146728907639242,pastoral,8
spei_balance_sum_6m,0.008183805455035987,pastoral,8
sm_mean_12m,0.004749670335130918,pastoral,8
spei_balance_sum_12m,0.010173345157396213,pastoral,8
sm_mean_24m,0.005073334807748085,pastoral,8
spei_balance_sum_24m,0.021394852123241465,pastoral,8
ssmi_1,0.005203188662472473,pastoral,8
ssmi_3,0.004330270074454591,pastoral,8
ssmi_6,0.005124555857927973,pastoral,8
ssmi_12,0.005859995170214486,pastoral,8
ssmi_24,0.0025237002975034353,pastoral,8
spei_1,0.011910978681351813,pastoral,8
spei_3,0.005553103552264713,pastoral,8
spei_6,0.0030539947022315034,pastoral,8
spei_12,0.0029192091587298477,pastoral,8
spei_24,0.0026974927974867226,pastoral,8
ndvi,0.002059876804388699,pastoral,8
ndvi_anomaly,0.0021905675906118537,pastoral,8
ndvi_lag1,0.0023586052807682396,pastoral,8
ndvi_lag3,0.008470976807018811,pastoral,8
ndvi_lag6,0.0034412268421588196,pastoral,8
ndvi_lag12,0.002775016598070681,pastoral,8
ndvi_anomaly_lag1,0.00203006511887193,pastoral,8
ndvi_anomaly_lag3,0.0027633473447062013,pastoral,8
ndvi_anomaly_lag6,0.002694531928430883,pastoral,8
ndvi_anomaly_lag12,0.003267435442740719,pastoral,8
ndvi_cropland,0.0022743528636901262,pastoral,8
ndvi_cropland_anomaly,0.002414128135899162,pastoral,8
ndvi_cropland_lag1,0.002839371226212601,pastoral,8
ndvi_cropland_lag3,0.0016617814161402843,pastoral,8
ndvi_cropland_lag6,0.003207451556621403,pastoral,8
ndvi_cropland_lag12,0.001681859713074819,pastoral,8
ndvi_cropland_anomaly_lag1,0.002483325835428826,pastoral,8
ndvi_cropland_anomaly_lag3,0.0031408656974990057,pastoral,8
ndvi_cropland_anomaly_lag6,0.002562767102503754,pastoral,8
ndvi_cropland_anomaly_lag12,0.0036460514387392333,pastoral,8
ndvi_rangeland,0.002777205194954093,pastoral,8
ndvi_rangeland_anomaly,0.0018921367558299082,pastoral,8
ndvi_rangeland_lag1,0.0037525289866940565,pastoral,8
ndvi_rangeland_lag3,0.012397475339192835,pastoral,8
ndvi_rangeland_lag6,0.0025511889677701464,pastoral,8
ndvi_rangeland_lag12,0.0029108907912001798,pastoral,8
ndvi_rangeland_anomaly_lag1,0.0018539041361002023,pastoral,8
ndvi_rangeland_anomaly_lag3,0.0014870633476531886,pastoral,8
ndvi_rangeland_anomaly_lag6,0.00279831871522135,pastoral,8
ndvi_rangeland_anomaly_lag12,0.003863359605757824,pastoral,8
acled_event_count,0.00010658493072686599,pastoral,8
acled_fatalities,0.00040025448161796535,pastoral,8
acled_event_count_political_violence,4.730464484374745e-05,pastoral,8
acled_fatalities_political_violence,0.0005171471890048617,pastoral,8
acled_event_count_demonstrations,3.2202608360148764e-05,pastoral,8
acled_fatalities_demonstrations,0.0,pastoral,8
acled_event_count_strategic_developments,0.0,pastoral,8
acled_fatalities_strategic_developments,0.0,pastoral,8
acled_event_count_lag1,0.0002096381508989305,pastoral,8
acled_fatalities_lag1,0.000354702670266631,pastoral,8
acled_event_count_political_violence_lag1,1.4424782252469597e-05,pastoral,8
acled_fatalities_political_violence_lag1,8.53982977674281e-05,pastoral,8
acled_event_count_demonstrations_lag1,6.34810056076107e-05,pastoral,8
acled_fatalities_demonstrations_lag1,0.0,pastoral,8
acled_event_count_strategic_developments_lag1,2.088006849552327e-05,pastoral,8
acled_fatalities_strategic_developments_lag1,0.0,pastoral,8
acled_event_count_lag3,4.7533632091437826e-05,pastoral,8
acled_fatalities_lag3,1.7998260305107763e-05,pastoral,8
acled_event_count_political_violence_lag3,6.913900117220924e-06,pastoral,8
acled_fatalities_political_violence_lag3,3.118273218045235e-07,pastoral,8
acled_event_count_demonstrations_lag3,4.162796870794503e-05,pastoral,8
acled_fatalities_demonstrations_lag3,0.0,pastoral,8
acled_event_count_strategic_developments_lag3,0.0,pastoral,8
acled_fatalities_strategic_developments_lag3,0.0,pastoral,8
acled_event_count_lag6,0.00018962810852918448,pastoral,8
acled_fatalities_lag6,6.128489025330947e-05,pastoral,8
acled_event_count_political_violence_lag6,0.0,pastoral,8
acled_fatalities_political_violence_lag6,3.239850734980654e-05,pastoral,8
acled_event_count_demonstrations_lag6,0.001023960061397248,pastoral,8
acled_fatalities_demonstrations_lag6,4.3471132725478826e-05,pastoral,8
acled_event_count_strategic_developments_lag6,0.0,pastoral,8
acled_fatalities_strategic_developments_lag6,0.0,pastoral,8
acled_event_count_lag12,0.0001667173866938912,pastoral,8
acled_fatalities_lag12,0.0003867607461209295,pastoral,8
acled_event_count_political_violence_lag12,7.470118299799543e-05,pastoral,8
acled_fatalities_political_violence_lag12,0.0001402763359081252,pastoral,8
acled_event_count_demonstrations_lag12,3.7908688686627945e-05,pastoral,8
acled_fatalities_demonstrations_lag12,1.7577710626078443e-05,pastoral,8
acled_event_count_strategic_developments_lag12,0.0,pastoral,8
acled_fatalities_strategic_developments_lag12,0.0,pastoral,8
maize_price_etb,7.987705968502096e-05,pastoral,8
maize_price_etb_lag1,0.00011780025652071883,pastoral,8
maize_price_etb_lag3,7.215532146081626e-05,pastoral,8
maize_price_etb_lag6,0.00023205999622291846,pastoral,8
maize_price_etb_lag12,0.0003548887330968853,pastoral,8
maize_price_index,7.827151126896461e-05,pastoral,8
maize_price_index_lag1,7.910892466510364e-05,pastoral,8
maize_price_index_lag3,0.00012393164141614356,pastoral,8
maize_price_index_lag6,0.0004402662136558129,pastoral,8
maize_price_index_lag12,2.9569758170064756e-05,pastoral,8
maize_n_markets,1.1363714682507894e-05,pastoral,8
wheat_price_etb,3.550722293692496e-05,pastoral,8
wheat_price_etb_lag1,3.1226137029315374e-05,pastoral,8
wheat_price_etb_lag3,0.00012791051522517867,pastoral,8
wheat_price_etb_lag6,6.0455233521973897e-05,pastoral,8
wheat_price_etb_lag12,0.0002907715445563784,pastoral,8
wheat_price_index,2.3339121807148282e-05,pastoral,8
wheat_price_index_lag1,5.48489374610404e-05,pastoral,8
wheat_price_index_lag3,0.00024055245185665317,pastoral,8
wheat_price_index_lag6,0.00020546998007014048,pastoral,8
wheat_price_index_lag12,0.00013643718981691522,pastoral,8
wheat_n_markets,2.5915065255809482e-05,pastoral,8
sorghum_price_etb,2.8467991802364683e-05,pastoral,8
sorghum_price_etb_lag1,0.0,pastoral,8
sorghum_price_etb_lag3,3.0394757883641953e-05,pastoral,8
sorghum_price_etb_lag6,0.00023129050782386005,pastoral,8
sorghum_price_etb_lag12,5.3362978019827066e-05,pastoral,8
sorghum_price_index,0.00010947336674688297,pastoral,8
sorghum_price_index_lag1,0.00012209915381622776,pastoral,8
sorghum_price_index_lag3,0.0004889389181955765,pastoral,8
sorghum_price_index_lag6,2.30491870657135e-05,pastoral,8
sorghum_price_index_lag12,5.468335808532698e-05,pastoral,8
sorghum_n_markets,7.474078224492223e-05,pastoral,8
teff_price_etb,0.0,pastoral,8
teff_price_etb_lag1,0.0,pastoral,8
teff_price_etb_lag3,0.0,pastoral,8
teff_price_etb_lag6,0.0,pastoral,8
teff_price_etb_lag12,0.0,pastoral,8
teff_price_index,0.0,pastoral,8
teff_price_index_lag1,0.0,pastoral,8
teff_price_index_lag3,0.0,pastoral,8
teff_price_index_lag6,0.0,pastoral,8
teff_price_index_lag12,0.0,pastoral,8
teff_n_markets,0.0,pastoral,8
fuel_diesel_price_etb,0.0,pastoral,8
fuel_diesel_price_etb_lag1,0.0,pastoral,8
fuel_diesel_price_etb_lag3,0.0,pastoral,8
fuel_diesel_price_etb_lag6,0.0,pastoral,8
fuel_diesel_price_etb_lag12,0.0,pastoral,8
fuel_diesel_price_index,0.0,pastoral,8
fuel_diesel_price_index_lag1,0.0,pastoral,8
fuel_diesel_price_index_lag3,0.0,pastoral,8
fuel_diesel_price_index_lag6,0.0,pastoral,8
fuel_diesel_price_index_lag12,0.0,pastoral,8
fuel_diesel_n_markets,0.0,pastoral,8
fuel_petrol_n_markets,0.0,pastoral,8
livestock_goat_price_etb,0.0,pastoral,8
livestock_goat_price_etb_lag1,0.0,pastoral,8
livestock_goat_price_etb_lag3,0.0,pastoral,8
livestock_goat_price_etb_lag6,0.0,pastoral,8
livestock_goat_price_etb_lag12,0.0,pastoral,8
livestock_goat_price_index,0.0,pastoral,8
livestock_goat_price_index_lag1,0.0,pastoral,8
livestock_goat_price_index_lag3,0.0,pastoral,8
livestock_goat_price_index_lag6,0.0,pastoral,8
livestock_goat_price_index_lag12,0.0,pastoral,8
livestock_goat_n_markets,9.317000436945212e-07,pastoral,8
livestock_sheep_price_etb,0.0,pastoral,8
livestock_sheep_price_etb_lag1,0.0,pastoral,8
livestock_sheep_price_etb_lag3,0.0,pastoral,8
livestock_sheep_price_etb_lag6,0.0,pastoral,8
livestock_sheep_price_etb_lag12,0.0,pastoral,8
livestock_sheep_price_index,0.0,pastoral,8
livestock_sheep_price_index_lag1,0.0,pastoral,8
livestock_sheep_price_index_lag3,0.0,pastoral,8
livestock_sheep_price_index_lag6,0.0,pastoral,8
livestock_sheep_price_index_lag12,0.0,pastoral,8
livestock_sheep_n_markets,2.1373761867403007e-06,pastoral,8
goat_maize_tot,0.0,pastoral,8
goat_maize_tot_lag1,0.0,pastoral,8
goat_maize_tot_lag3,1.2191694554403815e-06,pastoral,8
goat_maize_tot_lag6,0.0,pastoral,8
goat_maize_tot_lag12,0.0,pastoral,8
sheep_maize_tot,0.0,pastoral,8
sheep_maize_tot_lag1,0.0,pastoral,8
sheep_maize_tot_lag3,0.0,pastoral,8
sheep_maize_tot_lag6,0.0,pastoral,8
sheep_maize_tot_lag12,0.0,pastoral,8
maize_yield,0.003687883982344869,pastoral,8
maize_yield_anomaly,0.0004953103094452855,pastoral,8
wheat_yield,0.000429956790733268,pastoral,8
wheat_yield_anomaly,0.00020077354217234043,pastoral,8
sorghum_yield,8.645228186128138e-05,pastoral,8
sorghum_yield_anomaly,0.000322253255640299,pastoral,8
teff_yield,8.467294923762945e-05,pastoral,8
teff_yield_anomaly,0.0002601726754734188,pastoral,8
headline_cpi,0.00043406431221448263,pastoral,8
headline_cpi_lag1,0.00046202067517925365,pastoral,8
headline_cpi_lag3,0.0006104574471951675,pastoral,8
headline_cpi_lag6,0.0006674031155968029,pastoral,8
headline_cpi_lag12,0.00038435659882755805,pastoral,8
headline_cpi_yoy_change,0.0004347936178312361,pastoral,8
headline_cpi_yoy_change_lag1,0.0006175429818651362,pastoral,8
headline_cpi_yoy_change_lag3,0.0042132725008080674,pastoral,8
headline_cpi_yoy_change_lag6,0.0010511460757330303,pastoral,8
headline_cpi_yoy_change_lag12,0.005587520760078518,pastoral,8
food_cpi,0.0005471344173225829,pastoral,8
food_cpi_lag1,0.00047431105468975597,pastoral,8
food_cpi_lag3,0.0004909033856023864,pastoral,8
food_cpi_lag6,0.0004234431467173184,pastoral,8
food_cpi_lag12,0.00046078699416297355,pastoral,8
food_cpi_yoy_change,0.0010819779478351346,pastoral,8
food_cpi_yoy_change_lag1,0.00037654903512128533,pastoral,8
food_cpi_yoy_change_lag3,0.0003889632542795298,pastoral,8
food_cpi_yoy_change_lag6,0.0005146499725565419,pastoral,8
food_cpi_yoy_change_lag12,0.0020660113592636904,pastoral,8
headline_cpi_chainlinked,0.0004747645849983771,pastoral,8
headline_cpi_chainlinked_lag1,0.00035635600093113223,pastoral,8
headline_cpi_chainlinked_lag3,0.00022015288526667416,pastoral,8
headline_cpi_chainlinked_lag6,0.0004879930305513988,pastoral,8
headline_cpi_chainlinked_lag12,0.0005129195013606899,pastoral,8
food_cpi_chainlinked,0.0003280833261839941,pastoral,8
food_cpi_chainlinked_lag1,0.0003465453235411461,pastoral,8
food_cpi_chainlinked_lag3,0.0005572017040641972,pastoral,8
food_cpi_chainlinked_lag6,0.0003115860869217335,pastoral,8
food_cpi_chainlinked_lag12,0.00019718492461712284,pastoral,8
exchange_rate,0.0005801495592300191,pastoral,8
exchange_rate_lag1,0.00010457797837038048,pastoral,8
exchange_rate_lag3,0.0010473325781734713,pastoral,8
exchange_rate_lag6,0.00011091655690970172,pastoral,8
exchange_rate_lag12,0.0005011303019493197,pastoral,8
exchange_rate_yoy_change,0.0024701689939917375,pastoral,8
exchange_rate_yoy_change_lag1,0.0012396986722228384,pastoral,8
exchange_rate_yoy_change_lag3,0.004643590599234398,pastoral,8
exchange_rate_yoy_change_lag6,0.002199342766708519,pastoral,8
exchange_rate_yoy_change_lag12,0.0015637032483512767,pastoral,8
gdp_per_capita,0.0003010345982483397,pastoral,8
gdp_per_capita_yoy_change,0.0003246149012755668,pastoral,8
iod,0.036696725208202274,pastoral,8
mei,0.016642382797653992,pastoral,8
nino34,0.003544285177336756,pastoral,8
iod_lag1,0.007978060822584083,pastoral,8
iod_lag3,0.002677476261318068,pastoral,8
iod_lag6,0.00045996944716411754,pastoral,8
mei_lag1,0.0018220573757875163,pastoral,8
mei_lag3,0.0008767434814513674,pastoral,8
mei_lag6,0.00219199775259391,pastoral,8
nino34_lag1,0.008041371457562696,pastoral,8
nino34_lag3,0.0011142597373633234,pastoral,8
nino34_lag6,0.0037965576993440487,pastoral,8
wvg,0.0018523825781796425,pastoral,8
wvg_lag1yr,0.020158102682879358,pastoral,8
wvg_lag2yr,0.001415622960093045,pastoral,8
wvg_lag3yr,0.0025419097163926936,pastoral,8
total_refugees_hosted,0.0002930468300807595,pastoral,8
total_refugees_hosted_yoy_change,0.003731391500459532,pastoral,8
total_asylum_seekers_hosted,0.00038834538153306134,pastoral,8
total_asylum_seekers_hosted_yoy_change,0.00047405150979420616,pastoral,8
idps_ethiopia,7.602520284941444e-05,pastoral,8
idps_ethiopia_yoy_change,0.0,pastoral,8
season_national_belg_meher,0.00244678947495512,pastoral,8
season_somali_gu_deyr,0.0020365980647127396,pastoral,8
months_since_assessment,0.0,agropastoral,8
pct_pastoral,0.0018175424841459689,agropastoral,8
pct_agropastoral,0.00774678020517855,agropastoral,8
pct_crop_farming,0.004349859225995263,agropastoral,8
is_harvest_season,0.00036381579228841215,agropastoral,8
is_lean_season,4.663691047158284e-06,agropastoral,8
is_dry_season,1.5744607701913876e-05,agropastoral,8
months_since_harvest_start,0.00133680860625527,agropastoral,8
months_since_lean_start,0.00217238981589025,agropastoral,8
glofas_reach_count,0.0030488797395582714,agropastoral,8
agss_surveyed_flag,5.8231611812915426e-05,agropastoral,8
ipc_lag1,0.29273836782789003,agropastoral,8
ipc_lag4,0.010392769791939522,agropastoral,8
ipc_lag8,0.006470636286774561,agropastoral,8
ipc_mean12,0.044000088085677354,agropastoral,8
ha_share_lag1,0.0036660285812115446,agropastoral,8
ha_share_lag4,0.0036210056270683144,agropastoral,8
ha_share_lag8,0.0012340346783336002,agropastoral,8
ha_share_mean12,0.0031620352602722184,agropastoral,8
total_rainfall_mm,0.005565089419103456,agropastoral,8
wet_days,0.0022079587593076913,agropastoral,8
max_dry_spell_length,0.00321045963049193,agropastoral,8
rainfall_sum_1m,0.004127883905219524,agropastoral,8
rainfall_sum_3m,0.002197004573413537,agropastoral,8
rainfall_sum_6m,0.0017611613640134594,agropastoral,8
rainfall_sum_12m,0.00431034531873619,agropastoral,8
rainfall_sum_24m,0.005766789098448517,agropastoral,8
spi_1,0.008231155786317994,agropastoral,8
spi_3,0.0055842763034901766,agropastoral,8
spi_6,0.010939344519288156,agropastoral,8
spi_12,0.01255805917462186,agropastoral,8
spi_24,0.021179386705182227,agropastoral,8
pet_mm,0.005069491824167709,agropastoral,8
sm_root,0.0024760325929391197,agropastoral,8
precip_mm,0.0024449352113321697,agropastoral,8
spei_balance_mm,0.005853271711228387,agropastoral,8
sm_mean_1m,0.003133842800484088,agropastoral,8
spei_balance_sum_1m,0.006485963619586067,agropastoral,8
sm_mean_3m,0.005250082098375784,agropastoral,8
spei_balance_sum_3m,0.002180528834727744,agropastoral,8
sm_mean_6m,0.012268019252561976,agropastoral,8
spei_balance_sum_6m,0.0025428019263350117,agropastoral,8
sm_mean_12m,0.008450115963392717,agropastoral,8
spei_balance_sum_12m,0.009357505128142601,agropastoral,8
sm_mean_24m,0.0030845750359876373,agropastoral,8
spei_balance_sum_24m,0.015064004286611128,agropastoral,8
ssmi_1,0.004660685168750624,agropastoral,8
ssmi_3,0.004199704002602222,agropastoral,8
ssmi_6,0.0034961481252236896,agropastoral,8
ssmi_12,0.0017950406572985933,agropastoral,8
ssmi_24,0.001689335448508268,agropastoral,8
spei_1,0.009764463329113043,agropastoral,8
spei_3,0.010618299493245189,agropastoral,8
spei_6,0.020414626133290273,agropastoral,8
spei_12,0.013611076668444562,agropastoral,8
spei_24,0.006620676480331493,agropastoral,8
ndvi,0.0036717466971934887,agropastoral,8
ndvi_anomaly,0.008356824897215622,agropastoral,8
ndvi_lag1,0.001239945660300737,agropastoral,8
ndvi_lag3,0.002752374927028529,agropastoral,8
ndvi_lag6,0.0028669024525009314,agropastoral,8
ndvi_lag12,0.002524015528847129,agropastoral,8
ndvi_anomaly_lag1,0.00966385961224096,agropastoral,8
ndvi_anomaly_lag3,0.0041843488140539285,agropastoral,8
ndvi_anomaly_lag6,0.004236545334242789,agropastoral,8
ndvi_anomaly_lag12,0.003321217064802599,agropastoral,8
ndvi_cropland,0.0029317941904553006,agropastoral,8
ndvi_cropland_anomaly,0.005352784960049057,agropastoral,8
ndvi_cropland_lag1,0.0028984961687023325,agropastoral,8
ndvi_cropland_lag3,0.0019006512975069134,agropastoral,8
ndvi_cropland_lag6,0.006833376301161779,agropastoral,8
ndvi_cropland_lag12,0.011765154198689327,agropastoral,8
ndvi_cropland_anomaly_lag1,0.016781615007905138,agropastoral,8
ndvi_cropland_anomaly_lag3,0.004517609361595602,agropastoral,8
ndvi_cropland_anomaly_lag6,0.005619756564449951,agropastoral,8
ndvi_cropland_anomaly_lag12,0.004828909144677426,agropastoral,8
ndvi_rangeland,0.0018154744569089608,agropastoral,8
ndvi_rangeland_anomaly,0.0068334141647641514,agropastoral,8
ndvi_rangeland_lag1,0.0010938803380492726,agropastoral,8
ndvi_rangeland_lag3,0.00233774157523046,agropastoral,8
ndvi_rangeland_lag6,0.0054280081360607154,agropastoral,8
ndvi_rangeland_lag12,0.0030014875111778155,agropastoral,8
ndvi_rangeland_anomaly_lag1,0.009307661349344,agropastoral,8
ndvi_rangeland_anomaly_lag3,0.004123581986931347,agropastoral,8
ndvi_rangeland_anomaly_lag6,0.005805035308836148,agropastoral,8
ndvi_rangeland_anomaly_lag12,0.0030396069569239128,agropastoral,8
acled_event_count,0.0009258740582282895,agropastoral,8
acled_fatalities,0.00014763580179227522,agropastoral,8
acled_event_count_political_violence,0.0007056962229291321,agropastoral,8
acled_fatalities_political_violence,7.412259721164684e-07,agropastoral,8
acled_event_count_demonstrations,0.0005168740225221609,agropastoral,8
acled_fatalities_demonstrations,0.0,agropastoral,8
acled_event_count_strategic_developments,0.0006250348861888952,agropastoral,8
acled_fatalities_strategic_developments,0.0,agropastoral,8
acled_event_count_lag1,0.00044279867866709377,agropastoral,8
acled_fatalities_lag1,0.01281545833806232,agropastoral,8
acled_event_count_political_violence_lag1,0.0002819191469268675,agropastoral,8
acled_fatalities_political_violence_lag1,0.0015733438544080528,agropastoral,8
acled_event_count_demonstrations_lag1,0.000272976922834081,agropastoral,8
acled_fatalities_demonstrations_lag1,0.0,agropastoral,8
acled_event_count_strategic_developments_lag1,0.0,agropastoral,8
acled_fatalities_strategic_developments_lag1,0.0,agropastoral,8
acled_event_count_lag3,0.000110314624192106,agropastoral,8
acled_fatalities_lag3,0.0002672373227542845,agropastoral,8
acled_event_count_political_violence_lag3,7.972037881755723e-06,agropastoral,8
acled_fatalities_political_violence_lag3,0.00025368353298564134,agropastoral,8
acled_event_count_demonstrations_lag3,0.0,agropastoral,8
acled_fatalities_demonstrations_lag3,0.0,agropastoral,8
acled_event_count_strategic_developments_lag3,0.0,agropastoral,8
acled_fatalities_strategic_developments_lag3,0.0,agropastoral,8
acled_event_count_lag6,0.0002813390849016365,agropastoral,8
acled_fatalities_lag6,0.00013930013227047503,agropastoral,8
acled_event_count_political_violence_lag6,0.00010692042910477066,agropastoral,8
acled_fatalities_political_violence_lag6,0.00013504417901595347,agropastoral,8
acled_event_count_demonstrations_lag6,0.00020374272411036138,agropastoral,8
acled_fatalities_demonstrations_lag6,0.0,agropastoral,8
acled_event_count_strategic_developments_lag6,0.0,agropastoral,8
acled_fatalities_strategic_developments_lag6,0.0,agropastoral,8
acled_event_count_lag12,0.00014296705553426523,agropastoral,8
acled_fatalities_lag12,0.00028258146784782944,agropastoral,8
acled_event_count_political_violence_lag12,0.00019159212611210855,agropastoral,8
acled_fatalities_political_violence_lag12,0.0005206694759825711,agropastoral,8
acled_event_count_demonstrations_lag12,4.555008912038825e-05,agropastoral,8
acled_fatalities_demonstrations_lag12,0.0,agropastoral,8
acled_event_count_strategic_developments_lag12,0.0,agropastoral,8
acled_fatalities_strategic_developments_lag12,0.0,agropastoral,8
maize_price_etb,0.0018270400581605387,agropastoral,8
maize_price_etb_lag1,0.005827170545010499,agropastoral,8
maize_price_etb_lag3,0.003211611512234202,agropastoral,8
maize_price_etb_lag6,0.007783340310179005,agropastoral,8
maize_price_etb_lag12,0.0026893374683392107,agropastoral,8
maize_price_index,0.001050490758695378,agropastoral,8
maize_price_index_lag1,0.0015270207637664793,agropastoral,8
maize_price_index_lag3,0.003622925284663931,agropastoral,8
maize_price_index_lag6,0.022170340250151712,agropastoral,8
maize_price_index_lag12,0.0024235718689172093,agropastoral,8
maize_n_markets,0.00023731967237430337,agropastoral,8
wheat_price_etb,0.0001318423757502131,agropastoral,8
wheat_price_etb_lag1,0.0,agropastoral,8
wheat_price_etb_lag3,4.262844573486098e-05,agropastoral,8
wheat_price_etb_lag6,0.0020893893878485515,agropastoral,8
wheat_price_etb_lag12,5.512265783606781e-05,agropastoral,8
wheat_price_index,0.0,agropastoral,8
wheat_price_index_lag1,1.0206946922214594e-07,agropastoral,8
wheat_price_index_lag3,0.0,agropastoral,8
wheat_price_index_lag6,3.2114702303105505e-06,agropastoral,8
wheat_price_index_lag12,6.34296243391396e-06,agropastoral,8
wheat_n_markets,6.710831850525229e-05,agropastoral,8
sorghum_price_etb,0.002361078601061742,agropastoral,8
sorghum_price_etb_lag1,0.0011384451121052449,agropastoral,8
sorghum_price_etb_lag3,0.00023485272522938048,agropastoral,8
sorghum_price_etb_lag6,0.0008198699663022614,agropastoral,8
sorghum_price_etb_lag12,0.0004326346918878453,agropastoral,8
sorghum_price_index,0.0012683312495049828,agropastoral,8
sorghum_price_index_lag1,0.004124383772202053,agropastoral,8
sorghum_price_index_lag3,0.000267630592054271,agropastoral,8
sorghum_price_index_lag6,0.004464822470237287,agropastoral,8
sorghum_price_index_lag12,0.001917726388800844,agropastoral,8
sorghum_n_markets,0.0005051290008818067,agropastoral,8
teff_price_etb_lag3,0.0,agropastoral,8
teff_n_markets,0.0,agropastoral,8
fuel_diesel_price_etb,0.0,agropastoral,8
fuel_diesel_price_etb_lag1,0.0,agropastoral,8
fuel_diesel_price_etb_lag3,0.0,agropastoral,8
fuel_diesel_price_etb_lag6,0.0,agropastoral,8
fuel_diesel_price_etb_lag12,0.0,agropastoral,8
fuel_diesel_n_markets,0.0,agropastoral,8
fuel_petrol_n_markets,0.0,agropastoral,8
livestock_goat_price_etb,0.0,agropastoral,8
livestock_goat_price_etb_lag1,3.217441753456139e-05,agropastoral,8
livestock_goat_price_etb_lag3,0.0,agropastoral,8
livestock_goat_price_etb_lag6,5.397446533878008e-05,agropastoral,8
livestock_goat_price_etb_lag12,0.0,agropastoral,8
livestock_goat_price_index,0.0,agropastoral,8
livestock_goat_price_index_lag1,0.0,agropastoral,8
livestock_goat_price_index_lag3,0.0,agropastoral,8
livestock_goat_price_index_lag6,0.0,agropastoral,8
livestock_goat_price_index_lag12,0.0,agropastoral,8
livestock_goat_n_markets,0.0,agropastoral,8
livestock_sheep_price_etb,0.0,agropastoral,8
livestock_sheep_price_etb_lag1,0.0,agropastoral,8
livestock_sheep_price_etb_lag3,0.0,agropastoral,8
livestock_sheep_price_etb_lag6,0.0,agropastoral,8
livestock_sheep_price_etb_lag12,6.147717469942482e-05,agropastoral,8
livestock_sheep_price_index,0.0,agropastoral,8
livestock_sheep_price_index_lag1,0.0,agropastoral,8
livestock_sheep_price_index_lag3,0.0,agropastoral,8
livestock_sheep_price_index_lag6,0.0,agropastoral,8
livestock_sheep_price_index_lag12,0.0,agropastoral,8
livestock_sheep_n_markets,0.0,agropastoral,8
goat_maize_tot,0.0,agropastoral,8
goat_maize_tot_lag1,0.00012153374958803927,agropastoral,8
goat_maize_tot_lag3,0.0,agropastoral,8
goat_maize_tot_lag6,0.0,agropastoral,8
goat_maize_tot_lag12,0.0,agropastoral,8
sheep_maize_tot,0.0,agropastoral,8
sheep_maize_tot_lag1,0.0,agropastoral,8
sheep_maize_tot_lag3,0.0,agropastoral,8
sheep_maize_tot_lag6,0.0,agropastoral,8
sheep_maize_tot_lag12,3.096420798133574e-06,agropastoral,8
maize_yield,0.0028461216023939373,agropastoral,8
maize_yield_anomaly,0.0026760645253761208,agropastoral,8
wheat_yield,0.0004343154990300985,agropastoral,8
wheat_yield_anomaly,0.0020037559417586865,agropastoral,8
sorghum_yield,0.0013620482085436492,agropastoral,8
sorghum_yield_anomaly,0.006913809064422287,agropastoral,8
teff_yield,0.00041543864688388594,agropastoral,8
teff_yield_anomaly,0.0006259087886133528,agropastoral,8
headline_cpi,1.3414322630283517e-06,agropastoral,8
headline_cpi_lag1,0.000504415252250527,agropastoral,8
headline_cpi_lag3,0.00025119241172519047,agropastoral,8
headline_cpi_lag6,0.00022878227702249017,agropastoral,8
headline_cpi_lag12,0.000842723352759408,agropastoral,8
headline_cpi_yoy_change,0.0054550948474423756,agropastoral,8
headline_cpi_yoy_change_lag1,0.002221757839350009,agropastoral,8
headline_cpi_yoy_change_lag3,0.004684119067749559,agropastoral,8
headline_cpi_yoy_change_lag6,0.0007003785396800576,agropastoral,8
headline_cpi_yoy_change_lag12,0.008759047102238394,agropastoral,8
food_cpi,0.0004789955846590705,agropastoral,8
food_cpi_lag1,0.00020046472360101022,agropastoral,8
food_cpi_lag3,0.0001763589655936387,agropastoral,8
food_cpi_lag6,0.0004663740628635006,agropastoral,8
food_cpi_lag12,0.00031299548655909693,agropastoral,8
food_cpi_yoy_change,0.0009329836831608215,agropastoral,8
food_cpi_yoy_change_lag1,0.0010422148942468993,agropastoral,8
food_cpi_yoy_change_lag3,0.0012241650334474997,agropastoral,8
food_cpi_yoy_change_lag6,0.0010619926182030906,agropastoral,8
food_cpi_yoy_change_lag12,0.002911145675832364,agropastoral,8
headline_cpi_chainlinked,0.00020963911439427478,agropastoral,8
headline_cpi_chainlinked_lag1,0.0003940522686505456,agropastoral,8
headline_cpi_chainlinked_lag3,0.00041539728711834117,agropastoral,8
headline_cpi_chainlinked_lag6,0.00010592564633564078,agropastoral,8
headline_cpi_chainlinked_lag12,0.0005437722627728062,agropastoral,8
food_cpi_chainlinked,0.000503376225820881,agropastoral,8
food_cpi_chainlinked_lag1,3.786200230745792e-05,agropastoral,8
food_cpi_chainlinked_lag3,0.00035717902383039567,agropastoral,8
food_cpi_chainlinked_lag6,0.00023469625210501853,agropastoral,8
food_cpi_chainlinked_lag12,7.827053179807713e-06,agropastoral,8
exchange_rate,0.00024014661425760976,agropastoral,8
exchange_rate_lag1,0.00023473956569218128,agropastoral,8
exchange_rate_lag3,0.0003117911147046666,agropastoral,8
exchange_rate_lag6,5.081670225037671e-05,agropastoral,8
exchange_rate_lag12,0.00011940974266251563,agropastoral,8
exchange_rate_yoy_change,0.0017139842186030064,agropastoral,8
exchange_rate_yoy_change_lag1,0.0011451344007313048,agropastoral,8
exchange_rate_yoy_change_lag3,0.0012701009385535497,agropastoral,8
exchange_rate_yoy_change_lag6,0.008448770703870146,agropastoral,8
exchange_rate_yoy_change_lag12,0.0037037758422437312,agropastoral,8
gdp_per_capita,9.991860903711371e-05,agropastoral,8
gdp_per_capita_yoy_change,0.00035695978264044725,agropastoral,8
iod,0.003099615764219224,agropastoral,8
mei,0.005103974690743801,agropastoral,8
nino34,0.0006577013935728581,agropastoral,8
iod_lag1,0.002423621311446571,agropastoral,8
iod_lag3,0.00458769613510472,agropastoral,8
iod_lag6,0.0020571616144817156,agropastoral,8
mei_lag1,0.0015362370528627567,agropastoral,8
mei_lag3,0.003904915254483607,agropastoral,8
mei_lag6,0.003906395121609425,agropastoral,8
nino34_lag1,0.0008232603744959692,agropastoral,8
nino34_lag3,0.0020182882499705855,agropastoral,8
nino34_lag6,0.0036364497079253476,agropastoral,8
wvg,0.001466948523313063,agropastoral,8
wvg_lag1yr,0.010220718696623578,agropastoral,8
wvg_lag2yr,0.0009067627502376498,agropastoral,8
wvg_lag3yr,0.0010437791290365068,agropastoral,8
total_refugees_hosted,0.00011117932262311032,agropastoral,8
total_refugees_hosted_yoy_change,0.0014126624622256328,agropastoral,8
total_asylum_seekers_hosted,0.0008434715227168921,agropastoral,8
total_asylum_seekers_hosted_yoy_change,0.0030073298288417565,agropastoral,8
idps_ethiopia,0.0,agropastoral,8
idps_ethiopia_yoy_change,0.0,agropastoral,8
season_national_belg_meher,0.0,agropastoral,8
season_somali_gu_deyr,1.856393795819739e-05,agropastoral,8
months_since_assessment,0.0,crop_farming,8
pct_pastoral,0.005886393442933464,crop_farming,8
pct_agropastoral,0.000528646209309542,crop_farming,8
pct_crop_farming,0.00119558191078432,crop_farming,8
is_harvest_season,0.0005750349702146313,crop_farming,8
is_lean_season,0.00026028956814330164,crop_farming,8
is_dry_season,0.00031052026205987527,crop_farming,8
months_since_harvest_start,0.0004738794880406837,crop_farming,8
months_since_lean_start,0.005585034207511175,crop_farming,8
glofas_reach_count,0.0054825101817824904,crop_farming,8
agss_surveyed_flag,0.0,crop_farming,8
ipc_lag1,0.2808882966635795,crop_farming,8
ipc_lag4,0.02104217822293265,crop_farming,8
ipc_lag8,0.005430793628866559,crop_farming,8
ipc_mean12,0.05550790383778666,crop_farming,8
ha_share_lag1,0.0055862970458625885,crop_farming,8
ha_share_lag4,0.004327510207251366,crop_farming,8
ha_share_lag8,0.0034800092280170424,crop_farming,8
ha_share_mean12,0.006716841264420587,crop_farming,8
total_rainfall_mm,0.0017915183638913983,crop_farming,8
wet_days,0.0024174378358707616,crop_farming,8
max_dry_spell_length,0.0032161580725304038,crop_farming,8
rainfall_sum_1m,0.0018800593773956376,crop_farming,8
rainfall_sum_3m,0.0027943803353374665,crop_farming,8
rainfall_sum_6m,0.0027185124935479974,crop_farming,8
rainfall_sum_12m,0.02178437518876104,crop_farming,8
rainfall_sum_24m,0.009653682992563948,crop_farming,8
spi_1,0.0038528736804863423,crop_farming,8
spi_3,0.004909726750263527,crop_farming,8
spi_6,0.007124117575134403,crop_farming,8
spi_12,0.004061527507225712,crop_farming,8
spi_24,0.006985548965387492,crop_farming,8
pet_mm,0.005624721763377692,crop_farming,8
sm_root,0.0015632688578042348,crop_farming,8
precip_mm,0.0016060207144721562,crop_farming,8
spei_balance_mm,0.0014696322977144584,crop_farming,8
sm_mean_1m,0.0015736083724273678,crop_farming,8
spei_balance_sum_1m,0.0017437503837088415,crop_farming,8
sm_mean_3m,0.0023358291410670146,crop_farming,8
spei_balance_sum_3m,0.002043524237733942,crop_farming,8
sm_mean_6m,0.002391481376296114,crop_farming,8
spei_balance_sum_6m,0.0020094341486725487,crop_farming,8
sm_mean_12m,0.0038004596167416516,crop_farming,8
spei_balance_sum_12m,0.0036668911266116576,crop_farming,8
sm_mean_24m,0.004490994123823295,crop_farming,8
spei_balance_sum_24m,0.0030356806950444216,crop_farming,8
ssmi_1,0.003939708318165627,crop_farming,8
ssmi_3,0.0033515969309800523,crop_farming,8
ssmi_6,0.004416061416668354,crop_farming,8
ssmi_12,0.003808256401748395,crop_farming,8
ssmi_24,0.004313812520538804,crop_farming,8
spei_1,0.0040978320432904025,crop_farming,8
spei_3,0.004531994247110567,crop_farming,8
spei_6,0.005140022279833769,crop_farming,8
spei_12,0.0041928678657897605,crop_farming,8
spei_24,0.0043918983581617155,crop_farming,8
ndvi,0.0017224159611518943,crop_farming,8
ndvi_anomaly,0.003611486204499995,crop_farming,8
ndvi_lag1,0.0025772897084948877,crop_farming,8
ndvi_lag3,0.0027575086275768187,crop_farming,8
ndvi_lag6,0.019630942143768197,crop_farming,8
ndvi_lag12,0.0021876115645207603,crop_farming,8
ndvi_anomaly_lag1,0.0067362326368402385,crop_farming,8
ndvi_anomaly_lag3,0.004535566463596385,crop_farming,8
ndvi_anomaly_lag6,0.004526938560755589,crop_farming,8
ndvi_anomaly_lag12,0.0030908248912583872,crop_farming,8
ndvi_cropland,0.0016612252858005075,crop_farming,8
ndvi_cropland_anomaly,0.0032586632308771145,crop_farming,8
ndvi_cropland_lag1,0.0019738836874176077,crop_farming,8
ndvi_cropland_lag3,0.002267179553988402,crop_farming,8
ndvi_cropland_lag6,0.015199685833858641,crop_farming,8
ndvi_cropland_lag12,0.0022128613643531397,crop_farming,8
ndvi_cropland_anomaly_lag1,0.003441041953500109,crop_farming,8
ndvi_cropland_anomaly_lag3,0.003139893752718169,crop_farming,8
ndvi_cropland_anomaly_lag6,0.004488399196124876,crop_farming,8
ndvi_cropland_anomaly_lag12,0.005202591441058235,crop_farming,8
ndvi_rangeland,0.0018401444489347372,crop_farming,8
ndvi_rangeland_anomaly,0.004408526680838122,crop_farming,8
ndvi_rangeland_lag1,0.002536237064755475,crop_farming,8
ndvi_rangeland_lag3,0.0031651536953911878,crop_farming,8
ndvi_rangeland_lag6,0.010681411213908603,crop_farming,8
ndvi_rangeland_lag12,0.001654971260133508,crop_farming,8
ndvi_rangeland_anomaly_lag1,0.0040985949545118625,crop_farming,8
ndvi_rangeland_anomaly_lag3,0.004072548791840914,crop_farming,8
ndvi_rangeland_anomaly_lag6,0.00600807955746445,crop_farming,8
ndvi_rangeland_anomaly_lag12,0.003880198304050721,crop_farming,8
acled_event_count,0.00016213695078094503,crop_farming,8
acled_fatalities,0.00029631933906169264,crop_farming,8
acled_event_count_political_violence,0.00010146756692088106,crop_farming,8
acled_fatalities_political_violence,0.0002526476646834957,crop_farming,8
acled_event_count_demonstrations,0.00022477397719965678,crop_farming,8
acled_fatalities_demonstrations,0.0,crop_farming,8
acled_event_count_strategic_developments,0.0,crop_farming,8
acled_fatalities_strategic_developments,0.0,crop_farming,8
acled_event_count_lag1,0.00019725200443059034,crop_farming,8
acled_fatalities_lag1,0.00012447985572410072,crop_farming,8
acled_event_count_political_violence_lag1,1.2321359538565262e-05,crop_farming,8
acled_fatalities_political_violence_lag1,6.51332916637671e-05,crop_farming,8
acled_event_count_demonstrations_lag1,0.00010554463320991196,crop_farming,8
acled_fatalities_demonstrations_lag1,1.4357732391824532e-05,crop_farming,8
acled_event_count_strategic_developments_lag1,0.0,crop_farming,8
acled_fatalities_strategic_developments_lag1,0.0,crop_farming,8
acled_event_count_lag3,0.00013979505256461402,crop_farming,8
acled_fatalities_lag3,1.7848329493395952e-05,crop_farming,8
acled_event_count_political_violence_lag3,2.1295440896065617e-05,crop_farming,8
acled_fatalities_political_violence_lag3,6.151017230167477e-05,crop_farming,8
acled_event_count_demonstrations_lag3,2.9139993992916933e-05,crop_farming,8
acled_fatalities_demonstrations_lag3,0.00010828548198366877,crop_farming,8
acled_event_count_strategic_developments_lag3,0.0,crop_farming,8
acled_fatalities_strategic_developments_lag3,0.0,crop_farming,8
acled_event_count_lag6,0.0011400894032212053,crop_farming,8
acled_fatalities_lag6,0.0002087499414525794,crop_farming,8
acled_event_count_political_violence_lag6,4.8014795099552575e-05,crop_farming,8
acled_fatalities_political_violence_lag6,5.2771735854663044e-05,crop_farming,8
acled_event_count_demonstrations_lag6,0.0011747482159776702,crop_farming,8
acled_fatalities_demonstrations_lag6,0.00027345073819775196,crop_farming,8
acled_event_count_strategic_developments_lag6,0.0,crop_farming,8
acled_fatalities_strategic_developments_lag6,0.0,crop_farming,8
acled_event_count_lag12,0.0001477551640964529,crop_farming,8
acled_fatalities_lag12,4.722496854927964e-05,crop_farming,8
acled_event_count_political_violence_lag12,3.7870271740528105e-05,crop_farming,8
acled_fatalities_political_violence_lag12,3.818880739776188e-05,crop_farming,8
acled_event_count_demonstrations_lag12,0.00020146207161681598,crop_farming,8
acled_fatalities_demonstrations_lag12,1.857350034164293e-06,crop_farming,8
acled_event_count_strategic_developments_lag12,0.0,crop_farming,8
acled_fatalities_strategic_developments_lag12,0.0,crop_farming,8
maize_price_etb,0.00013095156990945258,crop_farming,8
maize_price_etb_lag1,0.0006144758986721156,crop_farming,8
maize_price_etb_lag3,0.0002154111600520823,crop_farming,8
maize_price_etb_lag6,0.00043125188035654803,crop_farming,8
maize_price_etb_lag12,0.0002467820339939282,crop_farming,8
maize_price_index,0.00037656137754333126,crop_farming,8
maize_price_index_lag1,0.0004102973418733097,crop_farming,8
maize_price_index_lag3,0.0002536623075196841,crop_farming,8
maize_price_index_lag6,0.00014811967604548342,crop_farming,8
maize_price_index_lag12,0.0003031972764709879,crop_farming,8
maize_n_markets,0.0004022043008523492,crop_farming,8
wheat_price_etb,0.00019220401703627782,crop_farming,8
wheat_price_etb_lag1,0.0014986063462827316,crop_farming,8
wheat_price_etb_lag3,0.000619658719162562,crop_farming,8
wheat_price_etb_lag6,0.00029930246546891817,crop_farming,8
wheat_price_etb_lag12,0.0008799512339475276,crop_farming,8
wheat_price_index,0.0003543136769139414,crop_farming,8
wheat_price_index_lag1,0.00033238053597210173,crop_farming,8
wheat_price_index_lag3,0.00015855383974576403,crop_farming,8
wheat_price_index_lag6,0.0007784162391204142,crop_farming,8
wheat_price_index_lag12,0.0004997257932656959,crop_farming,8
wheat_n_markets,0.00046729728987472707,crop_farming,8
sorghum_price_etb,0.0002739900126059423,crop_farming,8
sorghum_price_etb_lag1,0.000278797720599911,crop_farming,8
sorghum_price_etb_lag3,0.0009636483742563195,crop_farming,8
sorghum_price_etb_lag6,0.0026257150076093127,crop_farming,8
sorghum_price_etb_lag12,0.0006338202983013331,crop_farming,8
sorghum_price_index,0.0005834749511623393,crop_farming,8
sorghum_price_index_lag1,0.00046115871379569804,crop_farming,8
sorghum_price_index_lag3,7.657429145734185e-05,crop_farming,8
sorghum_price_index_lag6,0.00010798221853322358,crop_farming,8
sorghum_price_index_lag12,0.00018778838480234324,crop_farming,8
sorghum_n_markets,0.0002754208724858304,crop_farming,8
teff_price_etb,0.0,crop_farming,8
teff_price_etb_lag1,0.0,crop_farming,8
teff_price_etb_lag3,0.0,crop_farming,8
teff_price_etb_lag6,0.0,crop_farming,8
teff_price_etb_lag12,0.0,crop_farming,8
teff_price_index,0.0,crop_farming,8
teff_price_index_lag1,0.0,crop_farming,8
teff_price_index_lag3,0.0,crop_farming,8
teff_price_index_lag6,0.0,crop_farming,8
teff_price_index_lag12,0.0,crop_farming,8
teff_n_markets,0.0,crop_farming,8
fuel_diesel_price_etb,0.0,crop_farming,8
fuel_diesel_price_etb_lag1,0.0,crop_farming,8
fuel_diesel_price_etb_lag3,0.0,crop_farming,8
fuel_diesel_price_etb_lag6,0.0,crop_farming,8
fuel_diesel_price_etb_lag12,0.0,crop_farming,8
fuel_diesel_price_index,0.0,crop_farming,8
fuel_diesel_price_index_lag1,0.0,crop_farming,8
fuel_diesel_price_index_lag3,0.0,crop_farming,8
fuel_diesel_price_index_lag6,0.0,crop_farming,8
fuel_diesel_price_index_lag12,0.0,crop_farming,8
fuel_diesel_n_markets,0.0,crop_farming,8
fuel_petrol_price_etb,0.0,crop_farming,8
fuel_petrol_price_etb_lag1,0.0,crop_farming,8
fuel_petrol_price_etb_lag3,0.0,crop_farming,8
fuel_petrol_price_etb_lag6,0.0,crop_farming,8
fuel_petrol_price_etb_lag12,0.0,crop_farming,8
fuel_petrol_price_index,0.0,crop_farming,8
fuel_petrol_price_index_lag1,0.0,crop_farming,8
fuel_petrol_price_index_lag3,0.0,crop_farming,8
fuel_petrol_price_index_lag6,0.0,crop_farming,8
fuel_petrol_price_index_lag12,0.0,crop_farming,8
fuel_petrol_n_markets,0.0,crop_farming,8
livestock_goat_price_etb,0.0,crop_farming,8
livestock_goat_price_etb_lag1,0.0,crop_farming,8
livestock_goat_price_etb_lag3,0.0,crop_farming,8
livestock_goat_price_etb_lag6,0.0,crop_farming,8
livestock_goat_price_etb_lag12,0.0,crop_farming,8
livestock_goat_price_index,0.0,crop_farming,8
livestock_goat_price_index_lag1,0.0,crop_farming,8
livestock_goat_price_index_lag3,0.0,crop_farming,8
livestock_goat_price_index_lag6,0.0,crop_farming,8
livestock_goat_price_index_lag12,0.0,crop_farming,8
livestock_goat_n_markets,0.0,crop_farming,8
livestock_sheep_price_etb,0.0,crop_farming,8
livestock_sheep_price_etb_lag1,0.0,crop_farming,8
livestock_sheep_price_etb_lag3,0.0,crop_farming,8
livestock_sheep_price_etb_lag6,0.0,crop_farming,8
livestock_sheep_price_etb_lag12,0.0,crop_farming,8
livestock_sheep_price_index,0.0,crop_farming,8
livestock_sheep_price_index_lag1,0.0,crop_farming,8
livestock_sheep_price_index_lag3,0.0,crop_farming,8
livestock_sheep_price_index_lag6,0.0,crop_farming,8
livestock_sheep_price_index_lag12,0.0,crop_farming,8
livestock_sheep_n_markets,0.0,crop_farming,8
goat_maize_tot,0.0,crop_farming,8
goat_maize_tot_lag1,0.0,crop_farming,8
goat_maize_tot_lag3,0.0,crop_farming,8
goat_maize_tot_lag6,0.0,crop_farming,8
goat_maize_tot_lag12,0.0,crop_farming,8
sheep_maize_tot,0.0,crop_farming,8
sheep_maize_tot_lag1,0.0,crop_farming,8
sheep_maize_tot_lag3,0.0,crop_farming,8
sheep_maize_tot_lag6,0.0,crop_farming,8
sheep_maize_tot_lag12,0.0,crop_farming,8
maize_yield,0.003271897798198953,crop_farming,8
maize_yield_anomaly,0.0046440331408275195,crop_farming,8
wheat_yield,0.004747112755845577,crop_farming,8
wheat_yield_anomaly,0.00247940040644524,crop_farming,8
sorghum_yield,0.00537975899737954,crop_farming,8
sorghum_yield_anomaly,0.0034853178661882135,crop_farming,8
teff_yield,0.003584399923534001,crop_farming,8
teff_yield_anomaly,0.0033602475755553493,crop_farming,8
headline_cpi,0.00045059500937214,crop_farming,8
headline_cpi_lag1,0.0005147350915503064,crop_farming,8
headline_cpi_lag3,0.0003528946736616998,crop_farming,8
headline_cpi_lag6,0.0003169576578201234,crop_farming,8
headline_cpi_lag12,0.004756376895663618,crop_farming,8
headline_cpi_yoy_change,0.0003429553193339594,crop_farming,8
headline_cpi_yoy_change_lag1,0.0017984213800173725,crop_farming,8
headline_cpi_yoy_change_lag3,0.008689662795289581,crop_farming,8
headline_cpi_yoy_change_lag6,0.0004166386849121849,crop_farming,8
headline_cpi_yoy_change_lag12,0.0015720419892678496,crop_farming,8
food_cpi,0.00023052575473720408,crop_farming,8
food_cpi_lag1,0.0003133723468784262,crop_farming,8
food_cpi_lag3,0.00014971009477784698,crop_farming,8
food_cpi_lag6,0.0003572682880003818,crop_farming,8
food_cpi_lag12,0.00016502057502283137,crop_farming,8
food_cpi_yoy_change,0.04525910060025647,crop_farming,8
food_cpi_yoy_change_lag1,0.002888360251094007,crop_farming,8
food_cpi_yoy_change_lag3,0.002263838801703574,crop_farming,8
food_cpi_yoy_change_lag6,0.0018488905477386994,crop_farming,8
food_cpi_yoy_change_lag12,0.0007283749915373077,crop_farming,8
headline_cpi_chainlinked,0.00034329026136822974,crop_farming,8
headline_cpi_chainlinked_lag1,0.00022370711639940885,crop_farming,8
headline_cpi_chainlinked_lag3,0.0001949472060034998,crop_farming,8
headline_cpi_chainlinked_lag6,0.0005295044204506302,crop_farming,8
headline_cpi_chainlinked_lag12,0.005220539373570749,crop_farming,8
food_cpi_chainlinked,0.0002351109947222664,crop_farming,8
food_cpi_chainlinked_lag1,0.0002595611225597751,crop_farming,8
food_cpi_chainlinked_lag3,0.00011003332717746903,crop_farming,8
food_cpi_chainlinked_lag6,0.0004557433321873574,crop_farming,8
food_cpi_chainlinked_lag12,0.00019363901567327182,crop_farming,8
exchange_rate,0.0001292458418506097,crop_farming,8
exchange_rate_lag1,0.00015360335008009906,crop_farming,8
exchange_rate_lag3,0.00010277571879746643,crop_farming,8
exchange_rate_lag6,5.330233402967173e-05,crop_farming,8
exchange_rate_lag12,8.166001674888791e-05,crop_farming,8
exchange_rate_yoy_change,0.01791874561677219,crop_farming,8
exchange_rate_yoy_change_lag1,0.0034061967608385547,crop_farming,8
exchange_rate_yoy_change_lag3,0.0017770965639575269,crop_farming,8
exchange_rate_yoy_change_lag6,0.00555791623183201,crop_farming,8
exchange_rate_yoy_change_lag12,0.07256373410358526,crop_farming,8
gdp_per_capita,5.839485638230029e-05,crop_farming,8
gdp_per_capita_yoy_change,0.0005609883649635898,crop_farming,8
iod,0.009004882176522512,crop_farming,8
mei,0.0015890135622520219,crop_farming,8
nino34,0.006393785947283738,crop_farming,8
iod_lag1,0.009887311688929916,crop_farming,8
iod_lag3,0.00965885101105776,crop_farming,8
iod_lag6,0.0038302317366804574,crop_farming,8
mei_lag1,0.0006425067078041734,crop_farming,8
mei_lag3,0.012450991105580447,crop_farming,8
mei_lag6,0.0014034043217006577,crop_farming,8
nino34_lag1,0.004139422038700667,crop_farming,8
nino34_lag3,0.001717150723780611,crop_farming,8
nino34_lag6,0.0013230266682243792,crop_farming,8
wvg,0.00028041708342500885,crop_farming,8
wvg_lag1yr,0.0020237601417230377,crop_farming,8
wvg_lag2yr,0.00016039673063321415,crop_farming,8
wvg_lag3yr,0.0008880855106658354,crop_farming,8
total_refugees_hosted,1.6088900898692292e-05,crop_farming,8
total_refugees_hosted_yoy_change,0.002695453117128307,crop_farming,8
total_asylum_seekers_hosted,0.0001587164497012094,crop_farming,8
total_asylum_seekers_hosted_yoy_change,0.003023440248671924,crop_farming,8
idps_ethiopia,2.8534585423639544e-06,crop_farming,8
idps_ethiopia_yoy_change,0.0,crop_farming,8
season_benishangul_meher_only,0.00019497576438981293,crop_farming,8
season_national_belg_meher,5.430587771163834e-05,crop_farming,8
months_since_assessment,0.0,pastoral,12
pct_pastoral,0.008416694872175088,pastoral,12
pct_agropastoral,0.0041491330719217925,pastoral,12
pct_crop_farming,0.0045672884290331546,pastoral,12
is_harvest_season,0.00024790610666266475,pastoral,12
is_lean_season,8.398119667337991e-05,pastoral,12
is_dry_season,1.2922012039822064e-05,pastoral,12
months_since_harvest_start,0.0010536809488794873,pastoral,12
months_since_lean_start,0.012405321995660006,pastoral,12
glofas_reach_count,0.0016425455085841475,pastoral,12
agss_surveyed_flag,0.0003076173212967795,pastoral,12
ipc_lag1,0.5059474929540692,pastoral,12
ipc_lag4,0.05637352135664281,pastoral,12
ipc_lag8,0.011508585076972442,pastoral,12
ipc_mean12,0.013703956830217811,pastoral,12
ha_share_lag1,0.0024538540707034354,pastoral,12
ha_share_lag4,0.001529640493847644,pastoral,12
ha_share_lag8,0.001345727370066617,pastoral,12
ha_share_mean12,0.002854120143981649,pastoral,12
total_rainfall_mm,0.001543722699515879,pastoral,12
wet_days,0.0008032423721697352,pastoral,12
max_dry_spell_length,0.0028961708629705748,pastoral,12
rainfall_sum_1m,0.001320093373041844,pastoral,12
rainfall_sum_3m,0.013845937033317879,pastoral,12
rainfall_sum_6m,0.006758014283187842,pastoral,12
rainfall_sum_12m,0.0038576636432785995,pastoral,12
rainfall_sum_24m,0.004157117121376638,pastoral,12
spi_1,0.0027573116929094786,pastoral,12
spi_3,0.0024513334296168577,pastoral,12
spi_6,0.002651015518206925,pastoral,12
spi_12,0.0031199519889767323,pastoral,12
spi_24,0.006514293198966212,pastoral,12
pet_mm,0.008027238975349028,pastoral,12
sm_root,0.002766860104398403,pastoral,12
precip_mm,0.001243447180269804,pastoral,12
spei_balance_mm,0.0031155898855004453,pastoral,12
sm_mean_1m,0.0034388106273111458,pastoral,12
spei_balance_sum_1m,0.002941312529921156,pastoral,12
sm_mean_3m,0.0050752492271030495,pastoral,12
spei_balance_sum_3m,0.004066039764531465,pastoral,12
sm_mean_6m,0.007956158716883786,pastoral,12
spei_balance_sum_6m,0.0035549149868201934,pastoral,12
sm_mean_12m,0.004752109444542695,pastoral,12
spei_balance_sum_12m,0.00803985306326712,pastoral,12
sm_mean_24m,0.003301728346332167,pastoral,12
spei_balance_sum_24m,0.008852480904124806,pastoral,12
ssmi_1,0.003074711566160878,pastoral,12
ssmi_3,0.003791721149797044,pastoral,12
ssmi_6,0.008659531207783134,pastoral,12
ssmi_12,0.004911384696917372,pastoral,12
ssmi_24,0.0021055645371096336,pastoral,12
spei_1,0.0028041115609074093,pastoral,12
spei_3,0.003890643394321081,pastoral,12
spei_6,0.002864394334826814,pastoral,12
spei_12,0.0014004123874513125,pastoral,12
spei_24,0.00338093176658247,pastoral,12
ndvi,0.0009849852596740274,pastoral,12
ndvi_anomaly,0.0020800235965759838,pastoral,12
ndvi_lag1,0.0015313077278486754,pastoral,12
ndvi_lag3,0.0044478344351956975,pastoral,12
ndvi_lag6,0.0009881468682870346,pastoral,12
ndvi_lag12,0.002736062321109119,pastoral,12
ndvi_anomaly_lag1,0.0024934694201559247,pastoral,12
ndvi_anomaly_lag3,0.001948242020447931,pastoral,12
ndvi_anomaly_lag6,0.0018578690167640893,pastoral,12
ndvi_anomaly_lag12,0.0027870781440340726,pastoral,12
ndvi_cropland,0.000850263845980882,pastoral,12
ndvi_cropland_anomaly,0.0022164405214285835,pastoral,12
ndvi_cropland_lag1,0.001328859319061674,pastoral,12
ndvi_cropland_lag3,0.001800949160195591,pastoral,12
ndvi_cropland_lag6,0.0021987632722384946,pastoral,12
ndvi_cropland_lag12,0.0012111497821196402,pastoral,12
ndvi_cropland_anomaly_lag1,0.001761062119476045,pastoral,12
ndvi_cropland_anomaly_lag3,0.0036145582818509995,pastoral,12
ndvi_cropland_anomaly_lag6,0.001595094001881902,pastoral,12
ndvi_cropland_anomaly_lag12,0.0028155733870794336,pastoral,12
ndvi_rangeland,0.001853383156626996,pastoral,12
ndvi_rangeland_anomaly,0.0010157893985948505,pastoral,12
ndvi_rangeland_lag1,0.0017017092232676507,pastoral,12
ndvi_rangeland_lag3,0.003886627820914196,pastoral,12
ndvi_rangeland_lag6,0.001911068187792002,pastoral,12
ndvi_rangeland_lag12,0.0021956339028286302,pastoral,12
ndvi_rangeland_anomaly_lag1,0.0019150216847497882,pastoral,12
ndvi_rangeland_anomaly_lag3,0.0021220887195282797,pastoral,12
ndvi_rangeland_anomaly_lag6,0.001974369457675686,pastoral,12
ndvi_rangeland_anomaly_lag12,0.0029800695353047204,pastoral,12
acled_event_count,0.0002882048341808641,pastoral,12
acled_fatalities,1.9684653334825662e-05,pastoral,12
acled_event_count_political_violence,6.540409335380765e-05,pastoral,12
acled_fatalities_political_violence,8.311624556157353e-06,pastoral,12
acled_event_count_demonstrations,0.00011299261214743072,pastoral,12
acled_fatalities_demonstrations,0.0,pastoral,12
acled_event_count_strategic_developments,0.0,pastoral,12
acled_fatalities_strategic_developments,0.0,pastoral,12
acled_event_count_lag1,0.00013936273837077001,pastoral,12
acled_fatalities_lag1,0.00010699167182402965,pastoral,12
acled_event_count_political_violence_lag1,0.000165922926938164,pastoral,12
acled_fatalities_political_violence_lag1,0.00024133646866619478,pastoral,12
acled_event_count_demonstrations_lag1,4.6519957795847706e-05,pastoral,12
acled_fatalities_demonstrations_lag1,0.0,pastoral,12
acled_event_count_strategic_developments_lag1,0.0,pastoral,12
acled_fatalities_strategic_developments_lag1,0.0,pastoral,12
acled_event_count_lag3,0.00011259576379928717,pastoral,12
acled_fatalities_lag3,3.8165604116933004e-05,pastoral,12
acled_event_count_political_violence_lag3,3.1307958144558604e-06,pastoral,12
acled_fatalities_political_violence_lag3,3.061285438330771e-05,pastoral,12
acled_event_count_demonstrations_lag3,5.662787101236262e-06,pastoral,12
acled_fatalities_demonstrations_lag3,0.0,pastoral,12
acled_event_count_strategic_developments_lag3,0.0,pastoral,12
acled_fatalities_strategic_developments_lag3,0.0,pastoral,12
acled_event_count_lag6,0.00015018485826817364,pastoral,12
acled_fatalities_lag6,4.749234629648421e-05,pastoral,12
acled_event_count_political_violence_lag6,9.633085540087812e-05,pastoral,12
acled_fatalities_political_violence_lag6,6.501253051085694e-05,pastoral,12
acled_event_count_demonstrations_lag6,0.00010660601681670183,pastoral,12
acled_fatalities_demonstrations_lag6,0.0,pastoral,12
acled_event_count_strategic_developments_lag6,0.0,pastoral,12
acled_fatalities_strategic_developments_lag6,0.0,pastoral,12
acled_event_count_lag12,4.549518435708325e-05,pastoral,12
acled_fatalities_lag12,0.00011974639270071063,pastoral,12
acled_event_count_political_violence_lag12,0.00025406773152886387,pastoral,12
acled_fatalities_political_violence_lag12,0.00038676770858508074,pastoral,12
acled_event_count_demonstrations_lag12,1.467207608395333e-05,pastoral,12
acled_fatalities_demonstrations_lag12,0.0,pastoral,12
acled_event_count_strategic_developments_lag12,0.0,pastoral,12
acled_fatalities_strategic_developments_lag12,0.0,pastoral,12
maize_price_etb,3.591773853584041e-05,pastoral,12
maize_price_etb_lag1,5.836973552032704e-05,pastoral,12
maize_price_etb_lag3,8.185896283240846e-06,pastoral,12
maize_price_etb_lag6,1.546850984970485e-05,pastoral,12
maize_price_etb_lag12,0.000644078587017444,pastoral,12
maize_price_index,2.817418842348412e-05,pastoral,12
maize_price_index_lag1,0.0002783909051379492,pastoral,12
maize_price_index_lag3,5.910008202121219e-05,pastoral,12
maize_price_index_lag6,0.00018284580816025207,pastoral,12
maize_price_index_lag12,0.00015652934668188486,pastoral,12
maize_n_markets,3.3047201453663545e-06,pastoral,12
wheat_price_etb,9.768019154232553e-05,pastoral,12
wheat_price_etb_lag1,2.208667813719471e-05,pastoral,12
wheat_price_etb_lag3,0.0003112083653455811,pastoral,12
wheat_price_etb_lag6,9.116747376456068e-05,pastoral,12
wheat_price_etb_lag12,8.583577931022103e-05,pastoral,12
wheat_price_index,5.074080714003677e-05,pastoral,12
wheat_price_index_lag1,0.0002418684991762198,pastoral,12
wheat_price_index_lag3,0.0012719490821700135,pastoral,12
wheat_price_index_lag6,0.00012968108283142353,pastoral,12
wheat_price_index_lag12,6.813604022920999e-05,pastoral,12
wheat_n_markets,4.330741694841652e-05,pastoral,12
sorghum_price_etb,0.0,pastoral,12
sorghum_price_etb_lag1,5.348983840484924e-05,pastoral,12
sorghum_price_etb_lag3,0.00010650453160007354,pastoral,12
sorghum_price_etb_lag6,0.0001641009579849178,pastoral,12
sorghum_price_etb_lag12,2.8156653811885365e-05,pastoral,12
sorghum_price_index,7.4928385082962184e-06,pastoral,12
sorghum_price_index_lag1,0.0,pastoral,12
sorghum_price_index_lag3,0.0,pastoral,12
sorghum_price_index_lag6,2.712438932827464e-05,pastoral,12
sorghum_price_index_lag12,9.071543989359707e-06,pastoral,12
sorghum_n_markets,6.427482398485575e-06,pastoral,12
teff_price_etb,0.0,pastoral,12
teff_price_etb_lag1,0.0,pastoral,12
teff_price_etb_lag3,0.0,pastoral,12
teff_price_etb_lag6,0.0,pastoral,12
teff_price_etb_lag12,0.0,pastoral,12
teff_price_index,0.0,pastoral,12
teff_price_index_lag1,0.0,pastoral,12
teff_price_index_lag3,0.0,pastoral,12
teff_price_index_lag6,0.0,pastoral,12
teff_price_index_lag12,0.0,pastoral,12
teff_n_markets,0.0,pastoral,12
fuel_diesel_price_etb,0.0,pastoral,12
fuel_diesel_price_etb_lag1,0.0,pastoral,12
fuel_diesel_price_etb_lag3,0.0,pastoral,12
fuel_diesel_price_etb_lag6,0.0,pastoral,12
fuel_diesel_price_etb_lag12,0.0,pastoral,12
fuel_diesel_price_index,0.0,pastoral,12
fuel_diesel_price_index_lag1,0.0,pastoral,12
fuel_diesel_price_index_lag3,0.0,pastoral,12
fuel_diesel_price_index_lag6,0.0,pastoral,12
fuel_diesel_price_index_lag12,0.0,pastoral,12
fuel_diesel_n_markets,0.0,pastoral,12
fuel_petrol_n_markets,0.0,pastoral,12
livestock_goat_price_etb,0.0,pastoral,12
livestock_goat_price_etb_lag1,0.0,pastoral,12
livestock_goat_price_etb_lag3,0.0,pastoral,12
livestock_goat_price_etb_lag6,0.0,pastoral,12
livestock_goat_price_etb_lag12,0.0,pastoral,12
livestock_goat_price_index,0.0,pastoral,12
livestock_goat_price_index_lag1,0.0,pastoral,12
livestock_goat_price_index_lag3,0.0,pastoral,12
livestock_goat_price_index_lag6,0.0,pastoral,12
livestock_goat_price_index_lag12,0.0,pastoral,12
livestock_goat_n_markets,0.0,pastoral,12
livestock_sheep_price_etb,0.0,pastoral,12
livestock_sheep_price_etb_lag1,0.0,pastoral,12
livestock_sheep_price_etb_lag3,0.0,pastoral,12
livestock_sheep_price_etb_lag6,0.0,pastoral,12
livestock_sheep_price_etb_lag12,0.0,pastoral,12
livestock_sheep_price_index,0.0,pastoral,12
livestock_sheep_price_index_lag1,0.0,pastoral,12
livestock_sheep_price_index_lag3,0.0,pastoral,12
livestock_sheep_price_index_lag6,0.0,pastoral,12
livestock_sheep_price_index_lag12,0.0,pastoral,12
livestock_sheep_n_markets,0.0,pastoral,12
goat_maize_tot,0.0,pastoral,12
goat_maize_tot_lag1,0.0,pastoral,12
goat_maize_tot_lag3,0.0,pastoral,12
goat_maize_tot_lag6,0.0,pastoral,12
goat_maize_tot_lag12,0.0,pastoral,12
sheep_maize_tot,0.0,pastoral,12
sheep_maize_tot_lag1,0.0,pastoral,12
sheep_maize_tot_lag3,0.0,pastoral,12
sheep_maize_tot_lag6,0.0,pastoral,12
sheep_maize_tot_lag12,0.0,pastoral,12
maize_yield,0.0054812748422720485,pastoral,12
maize_yield_anomaly,0.0005428320901576402,pastoral,12
wheat_yield,0.00025122296644604635,pastoral,12
wheat_yield_anomaly,0.0001440298651622534,pastoral,12
sorghum_yield,0.0015325658187412474,pastoral,12
sorghum_yield_anomaly,0.0018977941349270987,pastoral,12
teff_yield,4.068976190599408e-05,pastoral,12
teff_yield_anomaly,0.00018380918531286344,pastoral,12
headline_cpi,0.0007718009650588702,pastoral,12
headline_cpi_lag1,0.0007957208398261593,pastoral,12
headline_cpi_lag3,0.0009619203349115212,pastoral,12
headline_cpi_lag6,0.0040903069230057145,pastoral,12
headline_cpi_lag12,0.0024604966001478237,pastoral,12
headline_cpi_yoy_change,0.003343903525254591,pastoral,12
headline_cpi_yoy_change_lag1,0.0031832648946318823,pastoral,12
headline_cpi_yoy_change_lag3,0.004274164137987524,pastoral,12
headline_cpi_yoy_change_lag6,0.004211941849525517,pastoral,12
headline_cpi_yoy_change_lag12,0.0009035154542725121,pastoral,12
food_cpi,0.0004926556444162566,pastoral,12
food_cpi_lag1,0.0012130491607012142,pastoral,12
food_cpi_lag3,0.0004261388286952499,pastoral,12
food_cpi_lag6,0.0031707046347763477,pastoral,12
food_cpi_lag12,0.0030425805467337707,pastoral,12
food_cpi_yoy_change,0.0006215984138216331,pastoral,12
food_cpi_yoy_change_lag1,0.0006482266548611294,pastoral,12
food_cpi_yoy_change_lag3,0.0007047759688301161,pastoral,12
food_cpi_yoy_change_lag6,0.0013482699819598442,pastoral,12
food_cpi_yoy_change_lag12,0.001100221455967563,pastoral,12
headline_cpi_chainlinked,0.0010924320516347112,pastoral,12
headline_cpi_chainlinked_lag1,0.0011721901802382864,pastoral,12
headline_cpi_chainlinked_lag3,0.0014447656371854105,pastoral,12
headline_cpi_chainlinked_lag6,0.003307677246128902,pastoral,12
headline_cpi_chainlinked_lag12,0.0029970656429660412,pastoral,12
food_cpi_chainlinked,0.00021888176844681763,pastoral,12
food_cpi_chainlinked_lag1,0.000934904006684801,pastoral,12
food_cpi_chainlinked_lag3,0.0008027992995123006,pastoral,12
food_cpi_chainlinked_lag6,0.004139399111133025,pastoral,12
food_cpi_chainlinked_lag12,0.001308364576665911,pastoral,12
exchange_rate,0.0014615404886766145,pastoral,12
exchange_rate_lag1,0.001502716016373464,pastoral,12
exchange_rate_lag3,0.000321042431397209,pastoral,12
exchange_rate_lag6,0.0015985596866165258,pastoral,12
exchange_rate_lag12,0.0009765433102736691,pastoral,12
exchange_rate_yoy_change,0.001919259125345222,pastoral,12
exchange_rate_yoy_change_lag1,0.005099249261392312,pastoral,12
exchange_rate_yoy_change_lag3,0.005638914116083238,pastoral,12
exchange_rate_yoy_change_lag6,0.0008259059927888347,pastoral,12
exchange_rate_yoy_change_lag12,0.0009221616257324178,pastoral,12
gdp_per_capita,0.00047079780660967663,pastoral,12
gdp_per_capita_yoy_change,0.0003534387692614651,pastoral,12
iod,0.00439104381273365,pastoral,12
mei,0.000344242881823459,pastoral,12
nino34,0.0006299926376164041,pastoral,12
iod_lag1,0.0009264455669388269,pastoral,12
iod_lag3,0.0006233851762564908,pastoral,12
iod_lag6,0.001907357880348563,pastoral,12
mei_lag1,0.00023214051162794483,pastoral,12
mei_lag3,0.0018491338138946815,pastoral,12
mei_lag6,0.0046368618968122164,pastoral,12
nino34_lag1,0.0009837619718665298,pastoral,12
nino34_lag3,0.0029149574465850677,pastoral,12
nino34_lag6,0.0037736886789006135,pastoral,12
wvg,0.0002552348592811606,pastoral,12
wvg_lag1yr,0.021265022835205483,pastoral,12
wvg_lag2yr,0.0010668298506864267,pastoral,12
wvg_lag3yr,0.0014089577785381647,pastoral,12
total_refugees_hosted,0.0003314873698093636,pastoral,12
total_refugees_hosted_yoy_change,0.0027955036633207074,pastoral,12
total_asylum_seekers_hosted,0.00027076553497646717,pastoral,12
total_asylum_seekers_hosted_yoy_change,0.0014757643608252836,pastoral,12
idps_ethiopia,1.2211777998767527e-05,pastoral,12
idps_ethiopia_yoy_change,0.0,pastoral,12
season_national_belg_meher,0.0030427550390851915,pastoral,12
season_somali_gu_deyr,0.003458149842217113,pastoral,12
months_since_assessment,0.0,agropastoral,12
pct_pastoral,0.0003925658349300636,agropastoral,12
pct_agropastoral,0.016874156389180852,agropastoral,12
pct_crop_farming,0.010820547259539444,agropastoral,12
is_harvest_season,6.736619664250682e-05,agropastoral,12
is_lean_season,8.292568313797739e-07,agropastoral,12
is_dry_season,3.334553305249603e-05,agropastoral,12
months_since_harvest_start,0.0013956847160608234,agropastoral,12
months_since_lean_start,0.0013368341038581344,agropastoral,12
glofas_reach_count,0.003987436059944056,agropastoral,12
agss_surveyed_flag,0.00017089352168118624,agropastoral,12
ipc_lag1,0.32671773938095683,agropastoral,12
ipc_lag4,0.06415757197852316,agropastoral,12
ipc_lag8,0.0051436386016924535,agropastoral,12
ipc_mean12,0.037521535839553505,agropastoral,12
ha_share_lag1,0.003544603127286843,agropastoral,12
ha_share_lag4,0.0004472419386323287,agropastoral,12
ha_share_lag8,0.00623824874603012,agropastoral,12
ha_share_mean12,0.006054072713543628,agropastoral,12
total_rainfall_mm,0.003160410242276063,agropastoral,12
wet_days,0.0022113763895780522,agropastoral,12
max_dry_spell_length,0.004713436801049251,agropastoral,12
rainfall_sum_1m,0.0035891807622883474,agropastoral,12
rainfall_sum_3m,0.00465002376427924,agropastoral,12
rainfall_sum_6m,0.00611679360916019,agropastoral,12
rainfall_sum_12m,0.004725738664482414,agropastoral,12
rainfall_sum_24m,0.0037041254304371494,agropastoral,12
spi_1,0.002918292167730045,agropastoral,12
spi_3,0.004311251101024437,agropastoral,12
spi_6,0.0062564875122819615,agropastoral,12
spi_12,0.005134142042044479,agropastoral,12
spi_24,0.019097704783805666,agropastoral,12
pet_mm,0.007474730999981267,agropastoral,12
sm_root,0.003294136586940351,agropastoral,12
precip_mm,0.0030249008967603323,agropastoral,12
spei_balance_mm,0.0030468464883324393,agropastoral,12
sm_mean_1m,0.0034120174044038783,agropastoral,12
spei_balance_sum_1m,0.004159534102492674,agropastoral,12
sm_mean_3m,0.004401098574155959,agropastoral,12
spei_balance_sum_3m,0.0023718403711502595,agropastoral,12
sm_mean_6m,0.00574220327529996,agropastoral,12
spei_balance_sum_6m,0.003908409609853908,agropastoral,12
sm_mean_12m,0.005323607527795852,agropastoral,12
spei_balance_sum_12m,0.010584801984912776,agropastoral,12
sm_mean_24m,0.008777509656284635,agropastoral,12
spei_balance_sum_24m,0.003272123906434058,agropastoral,12
ssmi_1,0.003401269534810465,agropastoral,12
ssmi_3,0.003961141623806327,agropastoral,12
ssmi_6,0.0026159636014958065,agropastoral,12
ssmi_12,0.0038188248937928984,agropastoral,12
ssmi_24,0.003319545746566987,agropastoral,12
spei_1,0.0047899313601082625,agropastoral,12
spei_3,0.0034004663253091876,agropastoral,12
spei_6,0.004938542510794035,agropastoral,12
spei_12,0.005753218182672398,agropastoral,12
spei_24,0.003472084522417601,agropastoral,12
ndvi,0.0020008062827605445,agropastoral,12
ndvi_anomaly,0.0019206952435533288,agropastoral,12
ndvi_lag1,0.0014120280581459506,agropastoral,12
ndvi_lag3,0.0044088937406615986,agropastoral,12
ndvi_lag6,0.0040169246448003805,agropastoral,12
ndvi_lag12,0.0034551168570152273,agropastoral,12
ndvi_anomaly_lag1,0.0018077164446918912,agropastoral,12
ndvi_anomaly_lag3,0.003919431586511293,agropastoral,12
ndvi_anomaly_lag6,0.003115959504131337,agropastoral,12
ndvi_anomaly_lag12,0.0028021410562592847,agropastoral,12
ndvi_cropland,0.0017871746648399191,agropastoral,12
ndvi_cropland_anomaly,0.003691941658923137,agropastoral,12
ndvi_cropland_lag1,0.0027500235660367685,agropastoral,12
ndvi_cropland_lag3,0.0048038989609708645,agropastoral,12
ndvi_cropland_lag6,0.01457380726801664,agropastoral,12
ndvi_cropland_lag12,0.0035594227423184225,agropastoral,12
ndvi_cropland_anomaly_lag1,0.008206646710609061,agropastoral,12
ndvi_cropland_anomaly_lag3,0.0027718829300516995,agropastoral,12
ndvi_cropland_anomaly_lag6,0.0033431216787084502,agropastoral,12
ndvi_cropland_anomaly_lag12,0.007920063156859591,agropastoral,12
ndvi_rangeland,0.002686368737608976,agropastoral,12
ndvi_rangeland_anomaly,0.00231991314185811,agropastoral,12
ndvi_rangeland_lag1,0.0022805248090301176,agropastoral,12
ndvi_rangeland_lag3,0.0017399095459062369,agropastoral,12
ndvi_rangeland_lag6,0.003028824708677572,agropastoral,12
ndvi_rangeland_lag12,0.006093334545789093,agropastoral,12
ndvi_rangeland_anomaly_lag1,0.005209322498443493,agropastoral,12
ndvi_rangeland_anomaly_lag3,0.003721783795615949,agropastoral,12
ndvi_rangeland_anomaly_lag6,0.003298771995482141,agropastoral,12
ndvi_rangeland_anomaly_lag12,0.00411313093200426,agropastoral,12
acled_event_count,0.0001272103898713214,agropastoral,12
acled_fatalities,0.0006662432546803197,agropastoral,12
acled_event_count_political_violence,0.00041517350311730445,agropastoral,12
acled_fatalities_political_violence,0.0005602249033253154,agropastoral,12
acled_event_count_demonstrations,0.0,agropastoral,12
acled_fatalities_demonstrations,0.0,agropastoral,12
acled_event_count_strategic_developments,0.0,agropastoral,12
acled_fatalities_strategic_developments,0.0,agropastoral,12
acled_event_count_lag1,2.4296060030930316e-05,agropastoral,12
acled_fatalities_lag1,8.927721741087368e-07,agropastoral,12
acled_event_count_political_violence_lag1,9.296052097140309e-05,agropastoral,12
acled_fatalities_political_violence_lag1,5.095487746528073e-05,agropastoral,12
acled_event_count_demonstrations_lag1,0.00015988305764805214,agropastoral,12
acled_fatalities_demonstrations_lag1,0.0,agropastoral,12
acled_event_count_strategic_developments_lag1,0.0,agropastoral,12
acled_fatalities_strategic_developments_lag1,0.0,agropastoral,12
acled_event_count_lag3,0.001200075181163273,agropastoral,12
acled_fatalities_lag3,0.001694363177238663,agropastoral,12
acled_event_count_political_violence_lag3,0.0028134228434657477,agropastoral,12
acled_fatalities_political_violence_lag3,0.0018727977150647616,agropastoral,12
acled_event_count_demonstrations_lag3,4.016035942411676e-06,agropastoral,12
acled_fatalities_demonstrations_lag3,0.0,agropastoral,12
acled_event_count_strategic_developments_lag3,0.0,agropastoral,12
acled_fatalities_strategic_developments_lag3,0.0,agropastoral,12
acled_event_count_lag6,0.001330417181992087,agropastoral,12
acled_fatalities_lag6,0.0004978084295471373,agropastoral,12
acled_event_count_political_violence_lag6,0.003175915853282648,agropastoral,12
acled_fatalities_political_violence_lag6,0.0010613193810693332,agropastoral,12
acled_event_count_demonstrations_lag6,0.0006804873746174778,agropastoral,12
acled_fatalities_demonstrations_lag6,0.0,agropastoral,12
acled_event_count_strategic_developments_lag6,0.0,agropastoral,12
acled_fatalities_strategic_developments_lag6,0.0,agropastoral,12
acled_event_count_lag12,0.0005798904912341968,agropastoral,12
acled_fatalities_lag12,0.00012460060449812128,agropastoral,12
acled_event_count_political_violence_lag12,0.0003983112932214279,agropastoral,12
acled_fatalities_political_violence_lag12,0.0007502145023771001,agropastoral,12
acled_event_count_demonstrations_lag12,0.00017825765719496232,agropastoral,12
acled_fatalities_demonstrations_lag12,0.0,agropastoral,12
acled_event_count_strategic_developments_lag12,0.0,agropastoral,12
acled_fatalities_strategic_developments_lag12,0.0,agropastoral,12
maize_price_etb,0.0009990699121292528,agropastoral,12
maize_price_etb_lag1,0.002683913512870256,agropastoral,12
maize_price_etb_lag3,0.007015158664323063,agropastoral,12
maize_price_etb_lag6,0.0003306479258783267,agropastoral,12
maize_price_etb_lag12,0.0017939813467308865,agropastoral,12
maize_price_index,0.0018774568521985671,agropastoral,12
maize_price_index_lag1,0.015302787462636483,agropastoral,12
maize_price_index_lag3,0.004427714348323488,agropastoral,12
maize_price_index_lag6,0.0036921830583898354,agropastoral,12
maize_price_index_lag12,0.0030267914425558574,agropastoral,12
maize_n_markets,8.314767471300028e-05,agropastoral,12
wheat_price_etb,7.433001058615737e-05,agropastoral,12
wheat_price_etb_lag1,5.710314658492176e-06,agropastoral,12
wheat_price_etb_lag3,2.273944975610229e-05,agropastoral,12
wheat_price_etb_lag6,0.0,agropastoral,12
wheat_price_etb_lag12,2.6985309356291567e-05,agropastoral,12
wheat_price_index,4.553330409544049e-05,agropastoral,12
wheat_price_index_lag1,0.0,agropastoral,12
wheat_price_index_lag3,1.8632842153261586e-05,agropastoral,12
wheat_price_index_lag6,1.0754201365665978e-06,agropastoral,12
wheat_price_index_lag12,2.602843745481246e-06,agropastoral,12
wheat_n_markets,0.00035171966422492426,agropastoral,12
sorghum_price_etb,0.0005592393092453243,agropastoral,12
sorghum_price_etb_lag1,0.0014868614369470195,agropastoral,12
sorghum_price_etb_lag3,0.0008697301214209372,agropastoral,12
sorghum_price_etb_lag6,0.00167556935020618,agropastoral,12
sorghum_price_etb_lag12,0.0005902878595706767,agropastoral,12
sorghum_price_index,0.0017334803503808933,agropastoral,12
sorghum_price_index_lag1,0.006079944122565555,agropastoral,12
sorghum_price_index_lag3,0.0009142785511265178,agropastoral,12
sorghum_price_index_lag6,0.00381026508005029,agropastoral,12
sorghum_price_index_lag12,0.0002894469648743995,agropastoral,12
sorghum_n_markets,0.00013255059722967348,agropastoral,12
teff_price_etb_lag3,0.0,agropastoral,12
teff_n_markets,0.0,agropastoral,12
fuel_diesel_price_etb,0.0,agropastoral,12
fuel_diesel_price_etb_lag1,0.0,agropastoral,12
fuel_diesel_price_etb_lag3,0.0,agropastoral,12
fuel_diesel_price_etb_lag6,0.0,agropastoral,12
fuel_diesel_price_etb_lag12,0.0,agropastoral,12
fuel_diesel_n_markets,0.0,agropastoral,12
fuel_petrol_n_markets,0.0,agropastoral,12
livestock_goat_price_etb,1.3584334994788637e-05,agropastoral,12
livestock_goat_price_etb_lag1,2.6413355502492996e-05,agropastoral,12
livestock_goat_price_etb_lag3,0.0,agropastoral,12
livestock_goat_price_etb_lag6,0.0,agropastoral,12
livestock_goat_price_etb_lag12,0.0,agropastoral,12
livestock_goat_price_index,0.0,agropastoral,12
livestock_goat_price_index_lag1,0.0,agropastoral,12
livestock_goat_price_index_lag3,0.0,agropastoral,12
livestock_goat_price_index_lag6,0.0,agropastoral,12
livestock_goat_price_index_lag12,0.0,agropastoral,12
livestock_goat_n_markets,6.79662389780905e-06,agropastoral,12
livestock_sheep_price_etb,0.0,agropastoral,12
livestock_sheep_price_etb_lag1,0.0,agropastoral,12
livestock_sheep_price_etb_lag3,0.0,agropastoral,12
livestock_sheep_price_etb_lag6,0.0,agropastoral,12
livestock_sheep_price_etb_lag12,0.0,agropastoral,12
livestock_sheep_price_index,0.0,agropastoral,12
livestock_sheep_price_index_lag1,0.0,agropastoral,12
livestock_sheep_price_index_lag3,0.0,agropastoral,12
livestock_sheep_price_index_lag6,0.0,agropastoral,12
livestock_sheep_price_index_lag12,0.0,agropastoral,12
livestock_sheep_n_markets,0.0,agropastoral,12
goat_maize_tot,3.4323902667534994e-05,agropastoral,12
goat_maize_tot_lag1,0.0,agropastoral,12
goat_maize_tot_lag3,0.0,agropastoral,12
goat_maize_tot_lag6,0.0,agropastoral,12
goat_maize_tot_lag12,0.0,agropastoral,12
sheep_maize_tot,0.0,agropastoral,12
sheep_maize_tot_lag1,9.05330616325647e-05,agropastoral,12
sheep_maize_tot_lag3,1.5728682040409e-05,agropastoral,12
sheep_maize_tot_lag6,0.0,agropastoral,12
sheep_maize_tot_lag12,0.0,agropastoral,12
maize_yield,0.002669994105500728,agropastoral,12
maize_yield_anomaly,0.0011898035700252476,agropastoral,12
wheat_yield,0.00019702543311660164,agropastoral,12
wheat_yield_anomaly,3.2625332105510485e-05,agropastoral,12
sorghum_yield,0.0015036876006945252,agropastoral,12
sorghum_yield_anomaly,0.01143795949111049,agropastoral,12
teff_yield,0.0005488368839784474,agropastoral,12
teff_yield_anomaly,0.0006021932114728629,agropastoral,12
headline_cpi,0.0005707440911708402,agropastoral,12
headline_cpi_lag1,0.00039966050548732407,agropastoral,12
headline_cpi_lag3,0.0005290032710664795,agropastoral,12
headline_cpi_lag6,0.0021314630044829835,agropastoral,12
headline_cpi_lag12,0.004781498969106417,agropastoral,12
headline_cpi_yoy_change,0.00042977131007691875,agropastoral,12
headline_cpi_yoy_change_lag1,0.00037343100285546567,agropastoral,12
headline_cpi_yoy_change_lag3,0.0002788202908875203,agropastoral,12
headline_cpi_yoy_change_lag6,0.002087665046493349,agropastoral,12
headline_cpi_yoy_change_lag12,0.001667179012973585,agropastoral,12
food_cpi,0.0004479033540764314,agropastoral,12
food_cpi_lag1,0.00013661746095867703,agropastoral,12
food_cpi_lag3,0.0007024603963302136,agropastoral,12
food_cpi_lag6,0.0011398929795845508,agropastoral,12
food_cpi_lag12,0.00014070277798417237,agropastoral,12
food_cpi_yoy_change,0.0011952329709153918,agropastoral,12
food_cpi_yoy_change_lag1,0.0010366141608696402,agropastoral,12
food_cpi_yoy_change_lag3,0.0006176675483290342,agropastoral,12
food_cpi_yoy_change_lag6,0.00217220434724853,agropastoral,12
food_cpi_yoy_change_lag12,0.003966598860028524,agropastoral,12
headline_cpi_chainlinked,0.00031476007189403465,agropastoral,12
headline_cpi_chainlinked_lag1,0.00080462302515361,agropastoral,12
headline_cpi_chainlinked_lag3,0.0005473566691521488,agropastoral,12
headline_cpi_chainlinked_lag6,0.0032067728909109298,agropastoral,12
headline_cpi_chainlinked_lag12,0.0025532561995088633,agropastoral,12
food_cpi_chainlinked,9.525499886019874e-05,agropastoral,12
food_cpi_chainlinked_lag1,0.00010766904322773685,agropastoral,12
food_cpi_chainlinked_lag3,0.0003471104088843823,agropastoral,12
food_cpi_chainlinked_lag6,0.001094442483548248,agropastoral,12
food_cpi_chainlinked_lag12,0.00017262704201706353,agropastoral,12
exchange_rate,0.00028397738701023265,agropastoral,12
exchange_rate_lag1,0.0006149239885578171,agropastoral,12
exchange_rate_lag3,0.00024192774069856644,agropastoral,12
exchange_rate_lag6,0.00020511738021252365,agropastoral,12
exchange_rate_lag12,0.0011191884031697978,agropastoral,12
exchange_rate_yoy_change,0.002672076595513729,agropastoral,12
exchange_rate_yoy_change_lag1,0.0018968086027923742,agropastoral,12
exchange_rate_yoy_change_lag3,0.006758926597732657,agropastoral,12
exchange_rate_yoy_change_lag6,0.001562963604368754,agropastoral,12
exchange_rate_yoy_change_lag12,0.0017828116834035072,agropastoral,12
gdp_per_capita,0.0003162250773597614,agropastoral,12
gdp_per_capita_yoy_change,0.0032918100583299308,agropastoral,12
iod,0.003320883332299717,agropastoral,12
mei,0.0007934270691821998,agropastoral,12
nino34,0.0022908102508272772,agropastoral,12
iod_lag1,0.002075528251795422,agropastoral,12
iod_lag3,0.0015215693694658045,agropastoral,12
iod_lag6,0.0011177522594250523,agropastoral,12
mei_lag1,0.0010505491693360116,agropastoral,12
mei_lag3,0.0015555184340123917,agropastoral,12
mei_lag6,0.017925855790080554,agropastoral,12
nino34_lag1,0.0008290890336013945,agropastoral,12
nino34_lag3,0.011910369613161878,agropastoral,12
nino34_lag6,0.013983579603545022,agropastoral,12
wvg,0.0006473762495871974,agropastoral,12
wvg_lag1yr,0.0015918765076786208,agropastoral,12
wvg_lag2yr,9.358562309807568e-05,agropastoral,12
wvg_lag3yr,0.0014657162298721458,agropastoral,12
total_refugees_hosted,1.1373905448527832e-05,agropastoral,12
total_refugees_hosted_yoy_change,0.002327960861243713,agropastoral,12
total_asylum_seekers_hosted,0.0022445978146134553,agropastoral,12
total_asylum_seekers_hosted_yoy_change,0.000959595511339461,agropastoral,12
idps_ethiopia,4.112603107262504e-05,agropastoral,12
idps_ethiopia_yoy_change,0.0,agropastoral,12
season_national_belg_meher,0.0,agropastoral,12
season_somali_gu_deyr,0.0001754144018372731,agropastoral,12
months_since_assessment,0.0,crop_farming,12
pct_pastoral,0.0017935656543783586,crop_farming,12
pct_agropastoral,0.0005385476671145706,crop_farming,12
pct_crop_farming,0.0016594313402074194,crop_farming,12
is_harvest_season,0.0008485561574408051,crop_farming,12
is_lean_season,0.0008754555696795812,crop_farming,12
is_dry_season,5.951209976665217e-05,crop_farming,12
months_since_harvest_start,0.0013862169893681376,crop_farming,12
months_since_lean_start,0.01852073905965641,crop_farming,12
glofas_reach_count,0.007311068208769552,crop_farming,12
agss_surveyed_flag,1.2588207780508503e-05,crop_farming,12
ipc_lag1,0.35783636269746066,crop_farming,12
ipc_lag4,0.013192938246376972,crop_farming,12
ipc_lag8,0.006109752954230021,crop_farming,12
ipc_mean12,0.029728180227255877,crop_farming,12
ha_share_lag1,0.0037990661705458715,crop_farming,12
ha_share_lag4,0.00588824277284441,crop_farming,12
ha_share_lag8,0.0023978902441693984,crop_farming,12
ha_share_mean12,0.021204811305101216,crop_farming,12
total_rainfall_mm,0.0013062486384532034,crop_farming,12
wet_days,0.0020316492912652306,crop_farming,12
max_dry_spell_length,0.0035069669593911852,crop_farming,12
rainfall_sum_1m,0.001366233492164158,crop_farming,12
rainfall_sum_3m,0.0024042639555401477,crop_farming,12
rainfall_sum_6m,0.005146060820987779,crop_farming,12
rainfall_sum_12m,0.00939282517698297,crop_farming,12
rainfall_sum_24m,0.013285556586507182,crop_farming,12
spi_1,0.005649971980135256,crop_farming,12
spi_3,0.0031773686989857376,crop_farming,12
spi_6,0.004710904639183155,crop_farming,12
spi_12,0.004895710966657337,crop_farming,12
spi_24,0.009272202131512445,crop_farming,12
pet_mm,0.004694422016745054,crop_farming,12
sm_root,0.001206337219055728,crop_farming,12
precip_mm,0.0013352858994890309,crop_farming,12
spei_balance_mm,0.0012909669773389378,crop_farming,12
sm_mean_1m,0.0012362608344633438,crop_farming,12
spei_balance_sum_1m,0.0012604577161908462,crop_farming,12
sm_mean_3m,0.0025829554480396467,crop_farming,12
spei_balance_sum_3m,0.0016948606849135908,crop_farming,12
sm_mean_6m,0.002835429654224967,crop_farming,12
spei_balance_sum_6m,0.0031209744960016285,crop_farming,12
sm_mean_12m,0.0028250396205041096,crop_farming,12
spei_balance_sum_12m,0.0026557067538507464,crop_farming,12
sm_mean_24m,0.0018707082899105866,crop_farming,12
spei_balance_sum_24m,0.0029202915737417015,crop_farming,12
ssmi_1,0.003872913619027556,crop_farming,12
ssmi_3,0.004353117944892416,crop_farming,12
ssmi_6,0.0032822954611072637,crop_farming,12
ssmi_12,0.003991660090748165,crop_farming,12
ssmi_24,0.004004653813571125,crop_farming,12
spei_1,0.005046939040102146,crop_farming,12
spei_3,0.0034335047010999368,crop_farming,12
spei_6,0.003533337731245649,crop_farming,12
spei_12,0.0038889698506928676,crop_farming,12
spei_24,0.005720932919539313,crop_farming,12
ndvi,0.002273301063730797,crop_farming,12
ndvi_anomaly,0.0032590979890906825,crop_farming,12
ndvi_lag1,0.011110421943465077,crop_farming,12
ndvi_lag3,0.006570197291662371,crop_farming,12
ndvi_lag6,0.003610452726577331,crop_farming,12
ndvi_lag12,0.0035400244577705737,crop_farming,12
ndvi_anomaly_lag1,0.002592929286001736,crop_farming,12
ndvi_anomaly_lag3,0.0040039645054947256,crop_farming,12
ndvi_anomaly_lag6,0.004594401371280748,crop_farming,12
ndvi_anomaly_lag12,0.0045601951407475754,crop_farming,12
ndvi_cropland,0.002323655244783049,crop_farming,12
ndvi_cropland_anomaly,0.0029095772965113315,crop_farming,12
ndvi_cropland_lag1,0.004549349415188471,crop_farming,12
ndvi_cropland_lag3,0.0054983294838422386,crop_farming,12
ndvi_cropland_lag6,0.003429195845251245,crop_farming,12
ndvi_cropland_lag12,0.0042608798815372655,crop_farming,12
ndvi_cropland_anomaly_lag1,0.0025993580496393334,crop_farming,12
ndvi_cropland_anomaly_lag3,0.004395916236846054,crop_farming,12
ndvi_cropland_anomaly_lag6,0.005054481716953563,crop_farming,12
ndvi_cropland_anomaly_lag12,0.004957423634709636,crop_farming,12
ndvi_rangeland,0.0021054684898790294,crop_farming,12
ndvi_rangeland_anomaly,0.002797491950371607,crop_farming,12
ndvi_rangeland_lag1,0.009028073231367763,crop_farming,12
ndvi_rangeland_lag3,0.008690355932659169,crop_farming,12
ndvi_rangeland_lag6,0.0032023608899352882,crop_farming,12
ndvi_rangeland_lag12,0.0034337133083379204,crop_farming,12
ndvi_rangeland_anomaly_lag1,0.0038185971678868576,crop_farming,12
ndvi_rangeland_anomaly_lag3,0.005423132217470751,crop_farming,12
ndvi_rangeland_anomaly_lag6,0.004476533537791181,crop_farming,12
ndvi_rangeland_anomaly_lag12,0.004776833924763433,crop_farming,12
acled_event_count,0.00019456079735078735,crop_farming,12
acled_fatalities,0.00020508341144472717,crop_farming,12
acled_event_count_political_violence,0.00020748714708544895,crop_farming,12
acled_fatalities_political_violence,0.0005660750209079945,crop_farming,12
acled_event_count_demonstrations,3.9541918507475515e-05,crop_farming,12
acled_fatalities_demonstrations,1.716321241411927e-05,crop_farming,12
acled_event_count_strategic_developments,1.9739485771412606e-05,crop_farming,12
acled_fatalities_strategic_developments,0.0,crop_farming,12
acled_event_count_lag1,9.875718867293821e-05,crop_farming,12
acled_fatalities_lag1,5.808925891405338e-05,crop_farming,12
acled_event_count_political_violence_lag1,1.3512486323257292e-05,crop_farming,12
acled_fatalities_political_violence_lag1,0.00011840556806228642,crop_farming,12
acled_event_count_demonstrations_lag1,5.699859107808645e-06,crop_farming,12
acled_fatalities_demonstrations_lag1,0.0,crop_farming,12
acled_event_count_strategic_developments_lag1,0.0,crop_farming,12
acled_fatalities_strategic_developments_lag1,0.0,crop_farming,12
acled_event_count_lag3,4.737244097631693e-05,crop_farming,12
acled_fatalities_lag3,5.071863160173129e-05,crop_farming,12
acled_event_count_political_violence_lag3,6.245045804895024e-05,crop_farming,12
acled_fatalities_political_violence_lag3,3.2954246302324026e-05,crop_farming,12
acled_event_count_demonstrations_lag3,1.387294035604051e-05,crop_farming,12
acled_fatalities_demonstrations_lag3,4.283901623436425e-05,crop_farming,12
acled_event_count_strategic_developments_lag3,0.0,crop_farming,12
acled_fatalities_strategic_developments_lag3,0.0,crop_farming,12
acled_event_count_lag6,0.0002635791018135333,crop_farming,12
acled_fatalities_lag6,0.00012318327075888178,crop_farming,12
acled_event_count_political_violence_lag6,5.5141087915937774e-05,crop_farming,12
acled_fatalities_political_violence_lag6,5.1686039729873186e-05,crop_farming,12
acled_event_count_demonstrations_lag6,7.19915031107368e-05,crop_farming,12
acled_fatalities_demonstrations_lag6,7.068120409289908e-05,crop_farming,12
acled_event_count_strategic_developments_lag6,0.0,crop_farming,12
acled_fatalities_strategic_developments_lag6,0.0,crop_farming,12
acled_event_count_lag12,8.423985531111382e-05,crop_farming,12
acled_fatalities_lag12,5.560452918727012e-05,crop_farming,12
acled_event_count_political_violence_lag12,3.2389292376367414e-06,crop_farming,12
acled_fatalities_political_violence_lag12,5.15179418226696e-05,crop_farming,12
acled_event_count_demonstrations_lag12,9.741556318028671e-05,crop_farming,12
acled_fatalities_demonstrations_lag12,0.0,crop_farming,12
acled_event_count_strategic_developments_lag12,0.0,crop_farming,12
acled_fatalities_strategic_developments_lag12,0.0,crop_farming,12
maize_price_etb,0.00043764908710327595,crop_farming,12
maize_price_etb_lag1,0.00028637990737506535,crop_farming,12
maize_price_etb_lag3,0.00019096248873984748,crop_farming,12
maize_price_etb_lag6,0.0004182474674204678,crop_farming,12
maize_price_etb_lag12,0.0007336738422011232,crop_farming,12
maize_price_index,0.0002722187321407466,crop_farming,12
maize_price_index_lag1,0.0003569471357305086,crop_farming,12
maize_price_index_lag3,0.0004912782400835786,crop_farming,12
maize_price_index_lag6,0.00045411900439252303,crop_farming,12
maize_price_index_lag12,0.000649494367313565,crop_farming,12
maize_n_markets,0.00016554008213186692,crop_farming,12
wheat_price_etb,0.0009955314735244887,crop_farming,12
wheat_price_etb_lag1,0.00023037077296206692,crop_farming,12
wheat_price_etb_lag3,0.0006669990433770357,crop_farming,12
wheat_price_etb_lag6,0.00039037406463273664,crop_farming,12
wheat_price_etb_lag12,0.0009624763501653854,crop_farming,12
wheat_price_index,0.0005392186347264572,crop_farming,12
wheat_price_index_lag1,0.0013047889200302617,crop_farming,12
wheat_price_index_lag3,0.0008978216160531808,crop_farming,12
wheat_price_index_lag6,0.0005045609915694984,crop_farming,12
wheat_price_index_lag12,0.00022212732693892718,crop_farming,12
wheat_n_markets,0.000350271672599941,crop_farming,12
sorghum_price_etb,0.0006172501046008977,crop_farming,12
sorghum_price_etb_lag1,0.0002932046051013359,crop_farming,12
sorghum_price_etb_lag3,0.0010893616627764742,crop_farming,12
sorghum_price_etb_lag6,0.0010248916745772888,crop_farming,12
sorghum_price_etb_lag12,0.0013557340074956158,crop_farming,12
sorghum_price_index,0.0006897610055013861,crop_farming,12
sorghum_price_index_lag1,0.00021684059258737036,crop_farming,12
sorghum_price_index_lag3,0.000182029221414171,crop_farming,12
sorghum_price_index_lag6,0.0002911082351596096,crop_farming,12
sorghum_price_index_lag12,0.00047407404679282927,crop_farming,12
sorghum_n_markets,0.00044760070235572445,crop_farming,12
teff_price_etb,0.0,crop_farming,12
teff_price_etb_lag1,0.0,crop_farming,12
teff_price_etb_lag3,0.0,crop_farming,12
teff_price_etb_lag6,0.0,crop_farming,12
teff_price_etb_lag12,0.0,crop_farming,12
teff_price_index,0.0,crop_farming,12
teff_price_index_lag1,0.0,crop_farming,12
teff_price_index_lag3,0.0,crop_farming,12
teff_price_index_lag6,0.0,crop_farming,12
teff_price_index_lag12,0.0,crop_farming,12
teff_n_markets,0.0,crop_farming,12
fuel_diesel_price_etb,0.0,crop_farming,12
fuel_diesel_price_etb_lag1,0.0,crop_farming,12
fuel_diesel_price_etb_lag3,0.0,crop_farming,12
fuel_diesel_price_etb_lag6,0.0,crop_farming,12
fuel_diesel_price_etb_lag12,0.0,crop_farming,12
fuel_diesel_price_index,0.0,crop_farming,12
fuel_diesel_price_index_lag1,0.0,crop_farming,12
fuel_diesel_price_index_lag3,0.0,crop_farming,12
fuel_diesel_price_index_lag6,0.0,crop_farming,12
fuel_diesel_price_index_lag12,0.0,crop_farming,12
fuel_diesel_n_markets,0.0,crop_farming,12
fuel_petrol_price_etb,0.0,crop_farming,12
fuel_petrol_price_etb_lag1,0.0,crop_farming,12
fuel_petrol_price_etb_lag3,0.0,crop_farming,12
fuel_petrol_price_etb_lag6,0.0,crop_farming,12
fuel_petrol_price_etb_lag12,0.0,crop_farming,12
fuel_petrol_price_index,0.0,crop_farming,12
fuel_petrol_price_index_lag1,0.0,crop_farming,12
fuel_petrol_price_index_lag3,0.0,crop_farming,12
fuel_petrol_price_index_lag6,0.0,crop_farming,12
fuel_petrol_price_index_lag12,0.0,crop_farming,12
fuel_petrol_n_markets,0.0,crop_farming,12
livestock_goat_price_etb,0.0,crop_farming,12
livestock_goat_price_etb_lag1,0.0,crop_farming,12
livestock_goat_price_etb_lag3,0.0,crop_farming,12
livestock_goat_price_etb_lag6,0.0,crop_farming,12
livestock_goat_price_etb_lag12,0.0,crop_farming,12
livestock_goat_price_index,0.0,crop_farming,12
livestock_goat_price_index_lag1,0.0,crop_farming,12
livestock_goat_price_index_lag3,0.0,crop_farming,12
livestock_goat_price_index_lag6,0.0,crop_farming,12
livestock_goat_price_index_lag12,0.0,crop_farming,12
livestock_goat_n_markets,0.0,crop_farming,12
livestock_sheep_price_etb,0.0,crop_farming,12
livestock_sheep_price_etb_lag1,0.0,crop_farming,12
livestock_sheep_price_etb_lag3,0.0,crop_farming,12
livestock_sheep_price_etb_lag6,0.0,crop_farming,12
livestock_sheep_price_etb_lag12,0.0,crop_farming,12
livestock_sheep_price_index,0.0,crop_farming,12
livestock_sheep_price_index_lag1,0.0,crop_farming,12
livestock_sheep_price_index_lag3,0.0,crop_farming,12
livestock_sheep_price_index_lag6,0.0,crop_farming,12
livestock_sheep_price_index_lag12,0.0,crop_farming,12
livestock_sheep_n_markets,0.0,crop_farming,12
goat_maize_tot,0.0,crop_farming,12
goat_maize_tot_lag1,0.0,crop_farming,12
goat_maize_tot_lag3,0.0,crop_farming,12
goat_maize_tot_lag6,0.0,crop_farming,12
goat_maize_tot_lag12,0.0,crop_farming,12
sheep_maize_tot,0.0,crop_farming,12
sheep_maize_tot_lag1,0.0,crop_farming,12
sheep_maize_tot_lag3,0.0,crop_farming,12
sheep_maize_tot_lag6,0.0,crop_farming,12
sheep_maize_tot_lag12,0.0,crop_farming,12
maize_yield,0.004603589015665351,crop_farming,12
maize_yield_anomaly,0.0027206129289335324,crop_farming,12
wheat_yield,0.002497160042355181,crop_farming,12
wheat_yield_anomaly,0.002189994408569563,crop_farming,12
sorghum_yield,0.006369236298036336,crop_farming,12
sorghum_yield_anomaly,0.006013421457704396,crop_farming,12
teff_yield,0.002753797412183183,crop_farming,12
teff_yield_anomaly,0.002658588972060607,crop_farming,12
headline_cpi,0.0006726587910276786,crop_farming,12
headline_cpi_lag1,0.0005669468412645931,crop_farming,12
headline_cpi_lag3,0.0014279826811699767,crop_farming,12
headline_cpi_lag6,0.0016779460152187681,crop_farming,12
headline_cpi_lag12,0.0031724315246069892,crop_farming,12
headline_cpi_yoy_change,0.004399764342986316,crop_farming,12
headline_cpi_yoy_change_lag1,0.004095975043803176,crop_farming,12
headline_cpi_yoy_change_lag3,0.004989930796075822,crop_farming,12
headline_cpi_yoy_change_lag6,0.005274696331880619,crop_farming,12
headline_cpi_yoy_change_lag12,0.0018452204015532072,crop_farming,12
food_cpi,0.00016397101588564228,crop_farming,12
food_cpi_lag1,8.821009112303789e-05,crop_farming,12
food_cpi_lag3,0.0010917807351998668,crop_farming,12
food_cpi_lag6,0.00024472443671843554,crop_farming,12
food_cpi_lag12,0.00020813119430867878,crop_farming,12
food_cpi_yoy_change,0.002050223493814763,crop_farming,12
food_cpi_yoy_change_lag1,0.0016963588718710162,crop_farming,12
food_cpi_yoy_change_lag3,0.0011883166825373407,crop_farming,12
food_cpi_yoy_change_lag6,0.006971861550569115,crop_farming,12
food_cpi_yoy_change_lag12,0.0007838831853308994,crop_farming,12
headline_cpi_chainlinked,0.0005976816648738539,crop_farming,12
headline_cpi_chainlinked_lag1,0.00031995367294781075,crop_farming,12
headline_cpi_chainlinked_lag3,0.0009874928059634097,crop_farming,12
headline_cpi_chainlinked_lag6,0.0024899423430188297,crop_farming,12
headline_cpi_chainlinked_lag12,0.0027306430647662874,crop_farming,12
food_cpi_chainlinked,0.00026129297482142263,crop_farming,12
food_cpi_chainlinked_lag1,0.0004962934187041959,crop_farming,12
food_cpi_chainlinked_lag3,0.0005111492884426598,crop_farming,12
food_cpi_chainlinked_lag6,0.00022803060116511248,crop_farming,12
food_cpi_chainlinked_lag12,0.00016140087270123657,crop_farming,12
exchange_rate,0.00020089275597305216,crop_farming,12
exchange_rate_lag1,0.00026572137963903,crop_farming,12
exchange_rate_lag3,0.00017500104042972498,crop_farming,12
exchange_rate_lag6,0.00013137604114312967,crop_farming,12
exchange_rate_lag12,4.656441429362385e-05,crop_farming,12
exchange_rate_yoy_change,0.009990172308520565,crop_farming,12
exchange_rate_yoy_change_lag1,0.014937405298362339,crop_farming,12
exchange_rate_yoy_change_lag3,0.004680047636782284,crop_farming,12
exchange_rate_yoy_change_lag6,0.005094462255635356,crop_farming,12
exchange_rate_yoy_change_lag12,0.0022358252877560806,crop_farming,12
gdp_per_capita,2.5607512226940518e-05,crop_farming,12
gdp_per_capita_yoy_change,0.012976010911004567,crop_farming,12
iod,0.0057377698031137025,crop_farming,12
mei,0.0012786191104430555,crop_farming,12
nino34,0.014701321216255777,crop_farming,12
iod_lag1,0.0071098657086202605,crop_farming,12
iod_lag3,0.012113626624303767,crop_farming,12
iod_lag6,0.0019151031395449618,crop_farming,12
mei_lag1,0.0016139045129601175,crop_farming,12
mei_lag3,0.009054767285791606,crop_farming,12
mei_lag6,0.002835959320757573,crop_farming,12
nino34_lag1,0.0014372762029462656,crop_farming,12
nino34_lag3,0.007238592655047584,crop_farming,12
nino34_lag6,0.01122524089316735,crop_farming,12
wvg,0.0038052943190411796,crop_farming,12
wvg_lag1yr,0.0006711764307976703,crop_farming,12
wvg_lag2yr,0.0031510165062786826,crop_farming,12
wvg_lag3yr,0.012903831272867386,crop_farming,12
total_refugees_hosted,7.38215611490368e-05,crop_farming,12
total_refugees_hosted_yoy_change,0.0014656917800941172,crop_farming,12
total_asylum_seekers_hosted,0.002058309640190227,crop_farming,12
total_asylum_seekers_hosted_yoy_change,0.0003162551121476669,crop_farming,12
idps_ethiopia,9.48627723476045e-06,crop_farming,12
idps_ethiopia_yoy_change,0.0,crop_farming,12
season_benishangul_meher_only,0.0002787730924895418,crop_farming,12
season_national_belg_meher,0.0003057817313585805,crop_farming,12
