feature,importance,lhz,lead
months_since_assessment,0.0,pastoral,0
pct_pastoral,0.0036244995,pastoral,0
pct_agropastoral,0.0017357824,pastoral,0
pct_crop_farming,0.004691324,pastoral,0
is_harvest_season,0.0,pastoral,0
is_lean_season,0.0032520995,pastoral,0
is_dry_season,0.0009066444,pastoral,0
months_since_harvest_start,0.010599685,pastoral,0
months_since_lean_start,0.012851604,pastoral,0
glofas_reach_count,0.00020541354,pastoral,0
agss_surveyed_flag,0.005597735,pastoral,0
ipc_lag1,0.11537219,pastoral,0
ipc_lag4,0.01999754,pastoral,0
ipc_lag8,0.0048213773,pastoral,0
ipc_mean12,0.009329706,pastoral,0
ha_share_lag1,0.009297404,pastoral,0
ha_share_lag4,0.0049076364,pastoral,0
ha_share_lag8,0.004806998,pastoral,0
ha_share_mean12,0.0042657563,pastoral,0
total_rainfall_mm,0.0026402394,pastoral,0
wet_days,0.0021334277,pastoral,0
max_dry_spell_length,0.002125052,pastoral,0
rainfall_sum_1m,0.0,pastoral,0
rainfall_sum_3m,0.0034854298,pastoral,0
rainfall_sum_6m,0.0010230767,pastoral,0
rainfall_sum_12m,0.046347946,pastoral,0
rainfall_sum_24m,0.012184634,pastoral,0
spi_1,0.0046607465,pastoral,0
spi_3,0.0038993517,pastoral,0
spi_6,0.013374359,pastoral,0
spi_12,0.016963419,pastoral,0
spi_24,0.00816029,pastoral,0
pet_mm,0.002482174,pastoral,0
sm_root,0.014414936,pastoral,0
precip_mm,0.0,pastoral,0
spei_balance_mm,0.004920161,pastoral,0
sm_mean_1m,0.0,pastoral,0
spei_balance_sum_1m,0.0,pastoral,0
sm_mean_3m,0.0065496424,pastoral,0
spei_balance_sum_3m,0.00057916093,pastoral,0
sm_mean_6m,0.005788667,pastoral,0
spei_balance_sum_6m,0.0027069708,pastoral,0
sm_mean_12m,0.021170355,pastoral,0
spei_balance_sum_12m,0.010673575,pastoral,0
sm_mean_24m,0.00761577,pastoral,0
spei_balance_sum_24m,0.010052621,pastoral,0
ssmi_1,0.0049552945,pastoral,0
ssmi_3,0.0037000224,pastoral,0
ssmi_6,0.0031809264,pastoral,0
ssmi_12,0.005952588,pastoral,0
ssmi_24,0.006805975,pastoral,0
spei_1,0.0029250532,pastoral,0
spei_3,0.0054623676,pastoral,0
spei_6,0.0021246236,pastoral,0
spei_12,0.020547401,pastoral,0
spei_24,0.0033845524,pastoral,0
ndvi,0.0063369432,pastoral,0
ndvi_anomaly,0.0009943778,pastoral,0
ndvi_lag1,0.003970918,pastoral,0
ndvi_lag3,0.0024783218,pastoral,0
ndvi_lag6,0.0033607543,pastoral,0
ndvi_lag12,0.0063148057,pastoral,0
ndvi_anomaly_lag1,0.008449403,pastoral,0
ndvi_anomaly_lag3,0.005712098,pastoral,0
ndvi_anomaly_lag6,0.0075168097,pastoral,0
ndvi_anomaly_lag12,0.00594962,pastoral,0
ndvi_cropland,0.00276644,pastoral,0
ndvi_cropland_anomaly,0.0016083142,pastoral,0
ndvi_cropland_lag1,0.0071017426,pastoral,0
ndvi_cropland_lag3,0.0052251928,pastoral,0
ndvi_cropland_lag6,0.007140219,pastoral,0
ndvi_cropland_lag12,0.0012255165,pastoral,0
ndvi_cropland_anomaly_lag1,0.0016238673,pastoral,0
ndvi_cropland_anomaly_lag3,0.0026915714,pastoral,0
ndvi_cropland_anomaly_lag6,0.0041521084,pastoral,0
ndvi_cropland_anomaly_lag12,0.0033369774,pastoral,0
ndvi_rangeland,0.0,pastoral,0
ndvi_rangeland_anomaly,0.0052842447,pastoral,0
ndvi_rangeland_lag1,0.0070401346,pastoral,0
ndvi_rangeland_lag3,0.0,pastoral,0
ndvi_rangeland_lag6,0.0037042177,pastoral,0
ndvi_rangeland_lag12,0.0022876943,pastoral,0
ndvi_rangeland_anomaly_lag1,0.0069255554,pastoral,0
ndvi_rangeland_anomaly_lag3,0.00317287,pastoral,0
ndvi_rangeland_anomaly_lag6,0.0050741006,pastoral,0
ndvi_rangeland_anomaly_lag12,0.0075746574,pastoral,0
maize_price_etb,0.0033347467,pastoral,0
maize_price_etb_lag1,0.003567329,pastoral,0
maize_price_etb_lag3,0.0,pastoral,0
maize_price_etb_lag6,0.0028259957,pastoral,0
maize_price_etb_lag12,0.0070969956,pastoral,0
maize_price_index,0.0,pastoral,0
maize_price_index_lag1,0.0,pastoral,0
maize_price_index_lag3,0.0017594672,pastoral,0
maize_price_index_lag6,0.0036811135,pastoral,0
maize_price_index_lag12,0.0,pastoral,0
maize_n_markets,0.0,pastoral,0
wheat_price_etb,0.0012750993,pastoral,0
wheat_price_etb_lag1,0.0,pastoral,0
wheat_price_etb_lag3,0.0006240627,pastoral,0
wheat_price_etb_lag6,0.0,pastoral,0
wheat_price_etb_lag12,0.0014127699,pastoral,0
wheat_price_index,0.0,pastoral,0
wheat_price_index_lag1,0.0,pastoral,0
wheat_price_index_lag3,0.0016775888,pastoral,0
wheat_price_index_lag6,0.0019880445,pastoral,0
wheat_price_index_lag12,0.004195832,pastoral,0
wheat_n_markets,0.0,pastoral,0
sorghum_price_etb,0.0027906448,pastoral,0
sorghum_price_etb_lag1,0.0,pastoral,0
sorghum_price_etb_lag3,0.0,pastoral,0
sorghum_price_etb_lag6,0.0,pastoral,0
sorghum_price_etb_lag12,0.0029931006,pastoral,0
sorghum_price_index,0.0020369266,pastoral,0
sorghum_price_index_lag1,0.0017203175,pastoral,0
sorghum_price_index_lag3,0.0,pastoral,0
sorghum_price_index_lag6,0.0,pastoral,0
sorghum_price_index_lag12,0.0,pastoral,0
sorghum_n_markets,0.0,pastoral,0
teff_price_etb,0.0,pastoral,0
teff_price_etb_lag1,0.0,pastoral,0
teff_price_etb_lag3,0.0,pastoral,0
teff_price_etb_lag6,0.0,pastoral,0
teff_price_etb_lag12,0.0,pastoral,0
teff_price_index,0.0,pastoral,0
teff_price_index_lag1,0.0,pastoral,0
teff_price_index_lag3,0.0,pastoral,0
teff_price_index_lag6,0.0,pastoral,0
teff_price_index_lag12,0.0,pastoral,0
teff_n_markets,0.0,pastoral,0
fuel_diesel_price_etb,0.0,pastoral,0
fuel_diesel_price_etb_lag1,0.0,pastoral,0
fuel_diesel_price_etb_lag3,0.0,pastoral,0
fuel_diesel_price_etb_lag6,0.0,pastoral,0
fuel_diesel_price_etb_lag12,0.0,pastoral,0
fuel_diesel_price_index,0.0,pastoral,0
fuel_diesel_price_index_lag1,0.0,pastoral,0
fuel_diesel_price_index_lag3,0.0,pastoral,0
fuel_diesel_price_index_lag6,0.0,pastoral,0
fuel_diesel_price_index_lag12,0.0,pastoral,0
fuel_diesel_n_markets,0.0,pastoral,0
fuel_petrol_n_markets,0.0,pastoral,0
livestock_goat_price_etb,0.0,pastoral,0
livestock_goat_price_etb_lag1,0.0,pastoral,0
livestock_goat_price_etb_lag3,0.0,pastoral,0
livestock_goat_price_etb_lag6,0.0,pastoral,0
livestock_goat_price_etb_lag12,0.0,pastoral,0
livestock_goat_price_index,0.0,pastoral,0
livestock_goat_price_index_lag1,0.0,pastoral,0
livestock_goat_price_index_lag3,0.0,pastoral,0
livestock_goat_price_index_lag6,0.0,pastoral,0
livestock_goat_price_index_lag12,0.0,pastoral,0
livestock_goat_n_markets,0.0,pastoral,0
livestock_sheep_price_etb,0.0,pastoral,0
livestock_sheep_price_etb_lag1,0.0,pastoral,0
livestock_sheep_price_etb_lag3,0.0,pastoral,0
livestock_sheep_price_etb_lag6,0.0,pastoral,0
livestock_sheep_price_etb_lag12,0.0,pastoral,0
livestock_sheep_price_index,0.0,pastoral,0
livestock_sheep_price_index_lag1,0.0,pastoral,0
livestock_sheep_price_index_lag3,0.0,pastoral,0
livestock_sheep_price_index_lag6,0.0,pastoral,0
livestock_sheep_price_index_lag12,0.0,pastoral,0
livestock_sheep_n_markets,0.0,pastoral,0
goat_maize_tot,0.0,pastoral,0
goat_maize_tot_lag1,0.0,pastoral,0
goat_maize_tot_lag3,0.0,pastoral,0
goat_maize_tot_lag6,0.0,pastoral,0
goat_maize_tot_lag12,0.0,pastoral,0
sheep_maize_tot,0.0,pastoral,0
sheep_maize_tot_lag1,0.0,pastoral,0
sheep_maize_tot_lag3,0.0,pastoral,0
sheep_maize_tot_lag6,0.0,pastoral,0
sheep_maize_tot_lag12,0.0,pastoral,0
maize_yield,0.0,pastoral,0
maize_yield_anomaly,0.0,pastoral,0
wheat_yield,0.0,pastoral,0
wheat_yield_anomaly,0.0,pastoral,0
sorghum_yield,0.0,pastoral,0
sorghum_yield_anomaly,0.0,pastoral,0
teff_yield,0.0,pastoral,0
teff_yield_anomaly,0.008369802,pastoral,0
headline_cpi,0.010540772,pastoral,0
headline_cpi_lag1,0.0,pastoral,0
headline_cpi_lag3,0.0058171744,pastoral,0
headline_cpi_lag6,0.010438798,pastoral,0
headline_cpi_lag12,0.0044648494,pastoral,0
headline_cpi_yoy_change,0.0011505388,pastoral,0
headline_cpi_yoy_change_lag1,0.025613483,pastoral,0
headline_cpi_yoy_change_lag3,0.00961779,pastoral,0
headline_cpi_yoy_change_lag6,0.017598232,pastoral,0
headline_cpi_yoy_change_lag12,0.007945529,pastoral,0
food_cpi,0.0,pastoral,0
food_cpi_lag1,0.013501151,pastoral,0
food_cpi_lag3,0.0048873276,pastoral,0
food_cpi_lag6,0.0062943962,pastoral,0
food_cpi_lag12,0.0,pastoral,0
food_cpi_yoy_change,0.0068504484,pastoral,0
food_cpi_yoy_change_lag1,0.015945109,pastoral,0
food_cpi_yoy_change_lag3,0.0,pastoral,0
food_cpi_yoy_change_lag6,0.0019466145,pastoral,0
food_cpi_yoy_change_lag12,0.0103891,pastoral,0
headline_cpi_chainlinked,0.0,pastoral,0
headline_cpi_chainlinked_lag1,0.0,pastoral,0
headline_cpi_chainlinked_lag3,0.0,pastoral,0
headline_cpi_chainlinked_lag6,0.0,pastoral,0
headline_cpi_chainlinked_lag12,0.0,pastoral,0
food_cpi_chainlinked,0.0,pastoral,0
food_cpi_chainlinked_lag1,0.0,pastoral,0
food_cpi_chainlinked_lag3,0.0,pastoral,0
food_cpi_chainlinked_lag6,0.0,pastoral,0
food_cpi_chainlinked_lag12,0.0,pastoral,0
exchange_rate,0.0,pastoral,0
exchange_rate_lag1,0.0,pastoral,0
exchange_rate_lag3,0.008976123,pastoral,0
exchange_rate_lag6,0.0030708571,pastoral,0
exchange_rate_lag12,0.0,pastoral,0
exchange_rate_yoy_change,0.013290323,pastoral,0
exchange_rate_yoy_change_lag1,0.002292832,pastoral,0
exchange_rate_yoy_change_lag3,0.004505606,pastoral,0
exchange_rate_yoy_change_lag6,0.004657053,pastoral,0
exchange_rate_yoy_change_lag12,0.008790997,pastoral,0
gdp_per_capita,0.0,pastoral,0
gdp_per_capita_yoy_change,0.0,pastoral,0
iod,0.008468498,pastoral,0
mei,0.019049877,pastoral,0
nino34,0.0012103617,pastoral,0
iod_lag1,0.0,pastoral,0
iod_lag3,0.027593102,pastoral,0
iod_lag6,0.02417462,pastoral,0
mei_lag1,0.006053516,pastoral,0
mei_lag3,0.002369693,pastoral,0
mei_lag6,0.011961521,pastoral,0
nino34_lag1,0.013540279,pastoral,0
nino34_lag3,0.00812334,pastoral,0
nino34_lag6,0.012275377,pastoral,0
wvg,0.0017318712,pastoral,0
wvg_lag1yr,0.005239339,pastoral,0
wvg_lag2yr,0.0,pastoral,0
wvg_lag3yr,0.0,pastoral,0
season_national_belg_meher,0.0,pastoral,0
season_somali_gu_deyr,0.0,pastoral,0
months_since_assessment,0.0,agropastoral,0
pct_pastoral,0.0007899557,agropastoral,0
pct_agropastoral,0.0016178743,agropastoral,0
pct_crop_farming,0.0021401644,agropastoral,0
is_harvest_season,0.00014954717,agropastoral,0
is_lean_season,0.0,agropastoral,0
is_dry_season,2.1163158e-05,agropastoral,0
months_since_harvest_start,3.3571006e-05,agropastoral,0
months_since_lean_start,0.0054315617,agropastoral,0
glofas_reach_count,0.011464007,agropastoral,0
agss_surveyed_flag,0.0,agropastoral,0
ipc_lag1,0.10885523,agropastoral,0
ipc_lag4,0.0033017464,agropastoral,0
ipc_lag8,0.00607571,agropastoral,0
ipc_mean12,0.020921843,agropastoral,0
ha_share_lag1,0.0026296861,agropastoral,0
ha_share_lag4,0.009709398,agropastoral,0
ha_share_lag8,0.0020985268,agropastoral,0
ha_share_mean12,0.009128692,agropastoral,0
total_rainfall_mm,0.0013795472,agropastoral,0
wet_days,0.0024984805,agropastoral,0
max_dry_spell_length,0.005769452,agropastoral,0
rainfall_sum_1m,0.0,agropastoral,0
rainfall_sum_3m,0.0007906352,agropastoral,0
rainfall_sum_6m,0.003813956,agropastoral,0
rainfall_sum_12m,0.019582177,agropastoral,0
rainfall_sum_24m,0.0016485039,agropastoral,0
spi_1,0.0012795982,agropastoral,0
spi_3,0.0009910321,agropastoral,0
spi_6,0.009141468,agropastoral,0
spi_12,0.013872868,agropastoral,0
spi_24,0.0058379853,agropastoral,0
pet_mm,0.002556848,agropastoral,0
sm_root,0.0038150644,agropastoral,0
precip_mm,0.0,agropastoral,0
spei_balance_mm,0.0019522806,agropastoral,0
sm_mean_1m,0.0,agropastoral,0
spei_balance_sum_1m,0.0,agropastoral,0
sm_mean_3m,0.006350142,agropastoral,0
spei_balance_sum_3m,0.0047831577,agropastoral,0
sm_mean_6m,0.003999792,agropastoral,0
spei_balance_sum_6m,0.00799113,agropastoral,0
sm_mean_12m,0.063556895,agropastoral,0
spei_balance_sum_12m,0.025770415,agropastoral,0
sm_mean_24m,0.00047529498,agropastoral,0
spei_balance_sum_24m,0.0027264964,agropastoral,0
ssmi_1,0.011484289,agropastoral,0
ssmi_3,0.024467548,agropastoral,0
ssmi_6,0.011965771,agropastoral,0
ssmi_12,0.008749395,agropastoral,0
ssmi_24,0.0052917646,agropastoral,0
spei_1,0.00168726,agropastoral,0
spei_3,0.0015827289,agropastoral,0
spei_6,0.0021175705,agropastoral,0
spei_12,0.011072044,agropastoral,0
spei_24,0.0045288336,agropastoral,0
ndvi,0.012100767,agropastoral,0
ndvi_anomaly,0.0040409565,agropastoral,0
ndvi_lag1,0.0,agropastoral,0
ndvi_lag3,0.0024552902,agropastoral,0
ndvi_lag6,0.006195522,agropastoral,0
ndvi_lag12,0.0,agropastoral,0
ndvi_anomaly_lag1,0.004845975,agropastoral,0
ndvi_anomaly_lag3,0.008425197,agropastoral,0
ndvi_anomaly_lag6,0.0027588508,agropastoral,0
ndvi_anomaly_lag12,0.0064584985,agropastoral,0
ndvi_cropland,0.004724573,agropastoral,0
ndvi_cropland_anomaly,0.009528392,agropastoral,0
ndvi_cropland_lag1,0.011244923,agropastoral,0
ndvi_cropland_lag3,0.01742144,agropastoral,0
ndvi_cropland_lag6,0.008178693,agropastoral,0
ndvi_cropland_lag12,0.003962385,agropastoral,0
ndvi_cropland_anomaly_lag1,0.0062869657,agropastoral,0
ndvi_cropland_anomaly_lag3,0.024808135,agropastoral,0
ndvi_cropland_anomaly_lag6,0.0025648144,agropastoral,0
ndvi_cropland_anomaly_lag12,0.0017433101,agropastoral,0
ndvi_rangeland,0.0404594,agropastoral,0
ndvi_rangeland_anomaly,0.000933867,agropastoral,0
ndvi_rangeland_lag1,0.0006432733,agropastoral,0
ndvi_rangeland_lag3,0.0033083311,agropastoral,0
ndvi_rangeland_lag6,0.0,agropastoral,0
ndvi_rangeland_lag12,0.0027005912,agropastoral,0
ndvi_rangeland_anomaly_lag1,0.0022156162,agropastoral,0
ndvi_rangeland_anomaly_lag3,0.013791992,agropastoral,0
ndvi_rangeland_anomaly_lag6,0.0012212928,agropastoral,0
ndvi_rangeland_anomaly_lag12,0.008087366,agropastoral,0
maize_price_etb,0.0,agropastoral,0
maize_price_etb_lag1,0.004576286,agropastoral,0
maize_price_etb_lag3,0.0,agropastoral,0
maize_price_etb_lag6,0.0016677466,agropastoral,0
maize_price_etb_lag12,0.0016117193,agropastoral,0
maize_price_index,0.001820971,agropastoral,0
maize_price_index_lag1,0.011755369,agropastoral,0
maize_price_index_lag3,0.027786396,agropastoral,0
maize_price_index_lag6,0.004662851,agropastoral,0
maize_price_index_lag12,6.667882e-05,agropastoral,0
maize_n_markets,0.0,agropastoral,0
wheat_price_etb,0.0,agropastoral,0
wheat_price_etb_lag1,0.0033495845,agropastoral,0
wheat_price_etb_lag3,0.0,agropastoral,0
wheat_price_etb_lag6,0.0,agropastoral,0
wheat_price_etb_lag12,0.0,agropastoral,0
wheat_price_index,0.0,agropastoral,0
wheat_price_index_lag1,0.0,agropastoral,0
wheat_price_index_lag3,0.0,agropastoral,0
wheat_price_index_lag6,0.0,agropastoral,0
wheat_price_index_lag12,0.0017806969,agropastoral,0
wheat_n_markets,0.0,agropastoral,0
sorghum_price_etb,0.0048133465,agropastoral,0
sorghum_price_etb_lag1,0.0068747476,agropastoral,0
sorghum_price_etb_lag3,0.001428534,agropastoral,0
sorghum_price_etb_lag6,0.0012955774,agropastoral,0
sorghum_price_etb_lag12,0.003054071,agropastoral,0
sorghum_price_index,0.0017559887,agropastoral,0
sorghum_price_index_lag1,0.0,agropastoral,0
sorghum_price_index_lag3,0.0,agropastoral,0
sorghum_price_index_lag6,0.036776967,agropastoral,0
sorghum_price_index_lag12,0.0011384188,agropastoral,0
sorghum_n_markets,0.0,agropastoral,0
teff_price_etb_lag3,0.0,agropastoral,0
teff_n_markets,0.0,agropastoral,0
fuel_diesel_price_etb,0.0,agropastoral,0
fuel_diesel_price_etb_lag1,0.0,agropastoral,0
fuel_diesel_price_etb_lag3,0.0,agropastoral,0
fuel_diesel_price_etb_lag6,0.0,agropastoral,0
fuel_diesel_price_etb_lag12,0.0,agropastoral,0
fuel_diesel_n_markets,0.0,agropastoral,0
fuel_petrol_n_markets,0.0,agropastoral,0
livestock_goat_price_etb,0.0,agropastoral,0
livestock_goat_price_etb_lag1,0.0,agropastoral,0
livestock_goat_price_etb_lag3,0.0,agropastoral,0
livestock_goat_price_etb_lag6,0.0,agropastoral,0
livestock_goat_price_etb_lag12,0.0,agropastoral,0
livestock_goat_price_index,0.0,agropastoral,0
livestock_goat_price_index_lag1,0.0,agropastoral,0
livestock_goat_price_index_lag3,0.0,agropastoral,0
livestock_goat_price_index_lag6,0.0,agropastoral,0
livestock_goat_price_index_lag12,0.0,agropastoral,0
livestock_goat_n_markets,0.0,agropastoral,0
livestock_sheep_price_etb,0.0,agropastoral,0
livestock_sheep_price_etb_lag1,0.0,agropastoral,0
livestock_sheep_price_etb_lag3,0.0,agropastoral,0
livestock_sheep_price_etb_lag6,0.0,agropastoral,0
livestock_sheep_price_etb_lag12,0.0010714649,agropastoral,0
livestock_sheep_price_index,0.0,agropastoral,0
livestock_sheep_price_index_lag1,0.0,agropastoral,0
livestock_sheep_price_index_lag3,0.0,agropastoral,0
livestock_sheep_price_index_lag6,0.0,agropastoral,0
livestock_sheep_price_index_lag12,0.0,agropastoral,0
livestock_sheep_n_markets,0.0,agropastoral,0
goat_maize_tot,0.0,agropastoral,0
goat_maize_tot_lag1,0.0,agropastoral,0
goat_maize_tot_lag3,0.0,agropastoral,0
goat_maize_tot_lag6,0.0,agropastoral,0
goat_maize_tot_lag12,0.0,agropastoral,0
sheep_maize_tot,0.0,agropastoral,0
sheep_maize_tot_lag1,0.0,agropastoral,0
sheep_maize_tot_lag3,0.0,agropastoral,0
sheep_maize_tot_lag6,0.0,agropastoral,0
sheep_maize_tot_lag12,0.0015345471,agropastoral,0
maize_yield,0.031087358,agropastoral,0
maize_yield_anomaly,0.0028271175,agropastoral,0
wheat_yield,0.0013969112,agropastoral,0
wheat_yield_anomaly,0.0013396986,agropastoral,0
sorghum_yield,0.0032861955,agropastoral,0
sorghum_yield_anomaly,0.0059096124,agropastoral,0
teff_yield,0.0,agropastoral,0
teff_yield_anomaly,0.00280161,agropastoral,0
headline_cpi,0.0004842011,agropastoral,0
headline_cpi_lag1,0.0,agropastoral,0
headline_cpi_lag3,0.006208006,agropastoral,0
headline_cpi_lag6,0.0,agropastoral,0
headline_cpi_lag12,0.0021008162,agropastoral,0
headline_cpi_yoy_change,0.00049817987,agropastoral,0
headline_cpi_yoy_change_lag1,0.006572957,agropastoral,0
headline_cpi_yoy_change_lag3,0.0,agropastoral,0
headline_cpi_yoy_change_lag6,0.017431183,agropastoral,0
headline_cpi_yoy_change_lag12,0.0013922876,agropastoral,0
food_cpi,0.008697952,agropastoral,0
food_cpi_lag1,0.0016417394,agropastoral,0
food_cpi_lag3,0.0,agropastoral,0
food_cpi_lag6,0.0,agropastoral,0
food_cpi_lag12,0.0,agropastoral,0
food_cpi_yoy_change,0.0021788098,agropastoral,0
food_cpi_yoy_change_lag1,0.0,agropastoral,0
food_cpi_yoy_change_lag3,0.0,agropastoral,0
food_cpi_yoy_change_lag6,0.0,agropastoral,0
food_cpi_yoy_change_lag12,0.0014714297,agropastoral,0
headline_cpi_chainlinked,0.0,agropastoral,0
headline_cpi_chainlinked_lag1,0.0,agropastoral,0
headline_cpi_chainlinked_lag3,0.0,agropastoral,0
headline_cpi_chainlinked_lag6,0.0,agropastoral,0
headline_cpi_chainlinked_lag12,0.0,agropastoral,0
food_cpi_chainlinked,0.0,agropastoral,0
food_cpi_chainlinked_lag1,0.0,agropastoral,0
food_cpi_chainlinked_lag3,0.0,agropastoral,0
food_cpi_chainlinked_lag6,0.0,agropastoral,0
food_cpi_chainlinked_lag12,0.0,agropastoral,0
exchange_rate,0.0,agropastoral,0
exchange_rate_lag1,0.0,agropastoral,0
exchange_rate_lag3,0.0,agropastoral,0
exchange_rate_lag6,0.013894083,agropastoral,0
exchange_rate_lag12,0.0,agropastoral,0
exchange_rate_yoy_change,0.008998775,agropastoral,0
exchange_rate_yoy_change_lag1,0.002274537,agropastoral,0
exchange_rate_yoy_change_lag3,6.5247485e-05,agropastoral,0
exchange_rate_yoy_change_lag6,0.004605943,agropastoral,0
exchange_rate_yoy_change_lag12,0.0028686852,agropastoral,0
gdp_per_capita,0.0,agropastoral,0
gdp_per_capita_yoy_change,0.0,agropastoral,0
iod,0.0007301818,agropastoral,0
mei,0.0013784427,agropastoral,0
nino34,0.002064286,agropastoral,0
iod_lag1,0.010616811,agropastoral,0
iod_lag3,0.017662814,agropastoral,0
iod_lag6,0.0009968028,agropastoral,0
mei_lag1,0.003524328,agropastoral,0
mei_lag3,0.000993141,agropastoral,0
mei_lag6,0.00041783258,agropastoral,0
nino34_lag1,0.02542099,agropastoral,0
nino34_lag3,0.014584897,agropastoral,0
nino34_lag6,0.0013522882,agropastoral,0
wvg,0.0,agropastoral,0
wvg_lag1yr,0.0,agropastoral,0
wvg_lag2yr,0.0,agropastoral,0
wvg_lag3yr,0.0023964113,agropastoral,0
season_national_belg_meher,0.0,agropastoral,0
season_somali_gu_deyr,0.0,agropastoral,0
months_since_assessment,0.0,crop_farming,0
pct_pastoral,1.5635847e-05,crop_farming,0
pct_agropastoral,0.00036558154,crop_farming,0
pct_crop_farming,0.0011817284,crop_farming,0
is_harvest_season,0.00012615453,crop_farming,0
is_lean_season,0.02089174,crop_farming,0
is_dry_season,0.004148147,crop_farming,0
months_since_harvest_start,0.002829775,crop_farming,0
months_since_lean_start,0.01807823,crop_farming,0
glofas_reach_count,0.004498247,crop_farming,0
agss_surveyed_flag,0.00088314625,crop_farming,0
ipc_lag1,0.09561468,crop_farming,0
ipc_lag4,0.0045830174,crop_farming,0
ipc_lag8,0.0034080148,crop_farming,0
ipc_mean12,0.03857476,crop_farming,0
ha_share_lag1,0.0069889287,crop_farming,0
ha_share_lag4,0.004565494,crop_farming,0
ha_share_lag8,0.0036163265,crop_farming,0
ha_share_mean12,0.019848822,crop_farming,0
total_rainfall_mm,0.0025635452,crop_farming,0
wet_days,0.004516551,crop_farming,0
max_dry_spell_length,0.0016882299,crop_farming,0
rainfall_sum_1m,0.0,crop_farming,0
rainfall_sum_3m,0.0035368425,crop_farming,0
rainfall_sum_6m,0.0029143495,crop_farming,0
rainfall_sum_12m,0.012008906,crop_farming,0
rainfall_sum_24m,0.007080994,crop_farming,0
spi_1,0.004782723,crop_farming,0
spi_3,0.0017503187,crop_farming,0
spi_6,0.008185591,crop_farming,0
spi_12,0.018575303,crop_farming,0
spi_24,0.0052393423,crop_farming,0
pet_mm,0.0017129264,crop_farming,0
sm_root,0.0018437273,crop_farming,0
precip_mm,0.0,crop_farming,0
spei_balance_mm,0.0022033167,crop_farming,0
sm_mean_1m,0.0,crop_farming,0
spei_balance_sum_1m,0.0,crop_farming,0
sm_mean_3m,0.00487999,crop_farming,0
spei_balance_sum_3m,0.003005813,crop_farming,0
sm_mean_6m,0.009810966,crop_farming,0
spei_balance_sum_6m,0.012294613,crop_farming,0
sm_mean_12m,0.0009426107,crop_farming,0
spei_balance_sum_12m,0.0023788782,crop_farming,0
sm_mean_24m,4.6788973e-05,crop_farming,0
spei_balance_sum_24m,0.0026414117,crop_farming,0
ssmi_1,0.013344562,crop_farming,0
ssmi_3,0.0057163187,crop_farming,0
ssmi_6,0.0092829475,crop_farming,0
ssmi_12,0.003109694,crop_farming,0
ssmi_24,0.0010915811,crop_farming,0
spei_1,0.0032352922,crop_farming,0
spei_3,0.0027477364,crop_farming,0
spei_6,0.0,crop_farming,0
spei_12,0.004878845,crop_farming,0
spei_24,0.002508238,crop_farming,0
ndvi,0.0040808157,crop_farming,0
ndvi_anomaly,0.0030595586,crop_farming,0
ndvi_lag1,0.0047138785,crop_farming,0
ndvi_lag3,0.005157263,crop_farming,0
ndvi_lag6,0.0037650983,crop_farming,0
ndvi_lag12,0.0025134564,crop_farming,0
ndvi_anomaly_lag1,0.011809691,crop_farming,0
ndvi_anomaly_lag3,0.0036166275,crop_farming,0
ndvi_anomaly_lag6,0.003513092,crop_farming,0
ndvi_anomaly_lag12,0.0028503002,crop_farming,0
ndvi_cropland,0.0035635163,crop_farming,0
ndvi_cropland_anomaly,0.0054497086,crop_farming,0
ndvi_cropland_lag1,0.014838626,crop_farming,0
ndvi_cropland_lag3,0.011804643,crop_farming,0
ndvi_cropland_lag6,0.0055146297,crop_farming,0
ndvi_cropland_lag12,0.004137847,crop_farming,0
ndvi_cropland_anomaly_lag1,0.006512599,crop_farming,0
ndvi_cropland_anomaly_lag3,0.0047245394,crop_farming,0
ndvi_cropland_anomaly_lag6,0.004002873,crop_farming,0
ndvi_cropland_anomaly_lag12,0.0049984385,crop_farming,0
ndvi_rangeland,0.010035242,crop_farming,0
ndvi_rangeland_anomaly,0.0058447164,crop_farming,0
ndvi_rangeland_lag1,0.009933227,crop_farming,0
ndvi_rangeland_lag3,0.020773454,crop_farming,0
ndvi_rangeland_lag6,0.004661555,crop_farming,0
ndvi_rangeland_lag12,0.011945459,crop_farming,0
ndvi_rangeland_anomaly_lag1,0.00399069,crop_farming,0
ndvi_rangeland_anomaly_lag3,0.0052688965,crop_farming,0
ndvi_rangeland_anomaly_lag6,0.0023996641,crop_farming,0
ndvi_rangeland_anomaly_lag12,0.002526918,crop_farming,0
maize_price_etb,0.0,crop_farming,0
maize_price_etb_lag1,0.0039542443,crop_farming,0
maize_price_etb_lag3,0.004459336,crop_farming,0
maize_price_etb_lag6,0.0032866786,crop_farming,0
maize_price_etb_lag12,0.0029000363,crop_farming,0
maize_price_index,0.0021457607,crop_farming,0
maize_price_index_lag1,0.0030960485,crop_farming,0
maize_price_index_lag3,0.0007287159,crop_farming,0
maize_price_index_lag6,0.0018591094,crop_farming,0
maize_price_index_lag12,0.0023152733,crop_farming,0
maize_n_markets,0.0,crop_farming,0
wheat_price_etb,0.002469545,crop_farming,0
wheat_price_etb_lag1,0.0,crop_farming,0
wheat_price_etb_lag3,0.0013711443,crop_farming,0
wheat_price_etb_lag6,0.0018329716,crop_farming,0
wheat_price_etb_lag12,0.00051248743,crop_farming,0
wheat_price_index,0.0,crop_farming,0
wheat_price_index_lag1,0.0020078537,crop_farming,0
wheat_price_index_lag3,0.0013492159,crop_farming,0
wheat_price_index_lag6,0.0014158377,crop_farming,0
wheat_price_index_lag12,0.0030122972,crop_farming,0
wheat_n_markets,0.0,crop_farming,0
sorghum_price_etb,0.0,crop_farming,0
sorghum_price_etb_lag1,0.0032481765,crop_farming,0
sorghum_price_etb_lag3,0.0032025662,crop_farming,0
sorghum_price_etb_lag6,0.0016495846,crop_farming,0
sorghum_price_etb_lag12,0.0032429546,crop_farming,0
sorghum_price_index,0.0009399206,crop_farming,0
sorghum_price_index_lag1,0.003636347,crop_farming,0
sorghum_price_index_lag3,0.0038898382,crop_farming,0
sorghum_price_index_lag6,0.0011140287,crop_farming,0
sorghum_price_index_lag12,0.0018542857,crop_farming,0
sorghum_n_markets,0.0,crop_farming,0
teff_price_etb,0.0,crop_farming,0
teff_price_etb_lag1,0.0,crop_farming,0
teff_price_etb_lag3,0.0,crop_farming,0
teff_price_etb_lag6,0.0,crop_farming,0
teff_price_etb_lag12,0.0,crop_farming,0
teff_price_index,0.0,crop_farming,0
teff_price_index_lag1,0.0,crop_farming,0
teff_price_index_lag3,0.0,crop_farming,0
teff_price_index_lag6,0.0,crop_farming,0
teff_price_index_lag12,0.0,crop_farming,0
teff_n_markets,0.0,crop_farming,0
fuel_diesel_price_etb,0.0,crop_farming,0
fuel_diesel_price_etb_lag1,0.0,crop_farming,0
fuel_diesel_price_etb_lag3,0.0,crop_farming,0
fuel_diesel_price_etb_lag6,0.0,crop_farming,0
fuel_diesel_price_etb_lag12,0.0,crop_farming,0
fuel_diesel_price_index,0.0,crop_farming,0
fuel_diesel_price_index_lag1,0.0,crop_farming,0
fuel_diesel_price_index_lag3,0.0,crop_farming,0
fuel_diesel_price_index_lag6,0.0,crop_farming,0
fuel_diesel_price_index_lag12,0.0,crop_farming,0
fuel_diesel_n_markets,0.0,crop_farming,0
fuel_petrol_price_etb,0.0,crop_farming,0
fuel_petrol_price_etb_lag1,0.0,crop_farming,0
fuel_petrol_price_etb_lag3,0.0,crop_farming,0
fuel_petrol_price_etb_lag6,0.0,crop_farming,0
fuel_petrol_price_etb_lag12,0.0,crop_farming,0
fuel_petrol_price_index,0.0,crop_farming,0
fuel_petrol_price_index_lag1,0.0,crop_farming,0
fuel_petrol_price_index_lag3,0.0,crop_farming,0
fuel_petrol_price_index_lag6,0.0,crop_farming,0
fuel_petrol_price_index_lag12,0.0,crop_farming,0
fuel_petrol_n_markets,0.0,crop_farming,0
livestock_goat_price_etb,0.0,crop_farming,0
livestock_goat_price_etb_lag1,0.0,crop_farming,0
livestock_goat_price_etb_lag3,0.0,crop_farming,0
livestock_goat_price_etb_lag6,0.0,crop_farming,0
livestock_goat_price_etb_lag12,0.0,crop_farming,0
livestock_goat_price_index,0.0,crop_farming,0
livestock_goat_price_index_lag1,0.0,crop_farming,0
livestock_goat_price_index_lag3,0.0,crop_farming,0
livestock_goat_price_index_lag6,0.0,crop_farming,0
livestock_goat_price_index_lag12,0.0,crop_farming,0
livestock_goat_n_markets,0.0,crop_farming,0
livestock_sheep_price_etb,0.0,crop_farming,0
livestock_sheep_price_etb_lag1,0.0,crop_farming,0
livestock_sheep_price_etb_lag3,0.0,crop_farming,0
livestock_sheep_price_etb_lag6,0.0,crop_farming,0
livestock_sheep_price_etb_lag12,0.0,crop_farming,0
livestock_sheep_price_index,0.0,crop_farming,0
livestock_sheep_price_index_lag1,0.0,crop_farming,0
livestock_sheep_price_index_lag3,0.0,crop_farming,0
livestock_sheep_price_index_lag6,0.0,crop_farming,0
livestock_sheep_price_index_lag12,0.0,crop_farming,0
livestock_sheep_n_markets,0.0,crop_farming,0
goat_maize_tot,0.0,crop_farming,0
goat_maize_tot_lag1,0.0,crop_farming,0
goat_maize_tot_lag3,0.0,crop_farming,0
goat_maize_tot_lag6,0.0,crop_farming,0
goat_maize_tot_lag12,0.0,crop_farming,0
sheep_maize_tot,0.0,crop_farming,0
sheep_maize_tot_lag1,0.0,crop_farming,0
sheep_maize_tot_lag3,0.0,crop_farming,0
sheep_maize_tot_lag6,0.0,crop_farming,0
sheep_maize_tot_lag12,0.0,crop_farming,0
maize_yield,0.0016869403,crop_farming,0
maize_yield_anomaly,0.0025793044,crop_farming,0
wheat_yield,0.0033919974,crop_farming,0
wheat_yield_anomaly,0.0019711235,crop_farming,0
sorghum_yield,0.002135673,crop_farming,0
sorghum_yield_anomaly,0.0031979114,crop_farming,0
teff_yield,0.003721474,crop_farming,0
teff_yield_anomaly,0.0030656476,crop_farming,0
headline_cpi,0.0053519737,crop_farming,0
headline_cpi_lag1,0.032138724,crop_farming,0
headline_cpi_lag3,0.0049017216,crop_farming,0
headline_cpi_lag6,0.0043010986,crop_farming,0
headline_cpi_lag12,0.0093536675,crop_farming,0
headline_cpi_yoy_change,0.0137536805,crop_farming,0
headline_cpi_yoy_change_lag1,0.02395831,crop_farming,0
headline_cpi_yoy_change_lag3,0.0067670527,crop_farming,0
headline_cpi_yoy_change_lag6,0.0044934386,crop_farming,0
headline_cpi_yoy_change_lag12,0.022603963,crop_farming,0
food_cpi,0.0,crop_farming,0
food_cpi_lag1,0.0,crop_farming,0
food_cpi_lag3,0.002926373,crop_farming,0
food_cpi_lag6,0.0,crop_farming,0
food_cpi_lag12,0.0,crop_farming,0
food_cpi_yoy_change,0.0137102,crop_farming,0
food_cpi_yoy_change_lag1,0.0,crop_farming,0
food_cpi_yoy_change_lag3,0.0,crop_farming,0
food_cpi_yoy_change_lag6,0.045668114,crop_farming,0
food_cpi_yoy_change_lag12,0.0034274259,crop_farming,0
headline_cpi_chainlinked,0.0,crop_farming,0
headline_cpi_chainlinked_lag1,0.0,crop_farming,0
headline_cpi_chainlinked_lag3,0.0,crop_farming,0
headline_cpi_chainlinked_lag6,0.0,crop_farming,0
headline_cpi_chainlinked_lag12,0.0,crop_farming,0
food_cpi_chainlinked,0.0,crop_farming,0
food_cpi_chainlinked_lag1,0.0,crop_farming,0
food_cpi_chainlinked_lag3,0.0,crop_farming,0
food_cpi_chainlinked_lag6,0.0,crop_farming,0
food_cpi_chainlinked_lag12,0.0,crop_farming,0
exchange_rate,0.0,crop_farming,0
exchange_rate_lag1,0.0,crop_farming,0
exchange_rate_lag3,0.0,crop_farming,0
exchange_rate_lag6,0.0,crop_farming,0
exchange_rate_lag12,0.0,crop_farming,0
exchange_rate_yoy_change,0.0050898422,crop_farming,0
exchange_rate_yoy_change_lag1,0.004111002,crop_farming,0
exchange_rate_yoy_change_lag3,0.0024841644,crop_farming,0
exchange_rate_yoy_change_lag6,0.0030278838,crop_farming,0
exchange_rate_yoy_change_lag12,0.011154808,crop_farming,0
gdp_per_capita,0.0,crop_farming,0
gdp_per_capita_yoy_change,0.0,crop_farming,0
iod,0.0044893245,crop_farming,0
mei,0.005202291,crop_farming,0
nino34,0.0039027175,crop_farming,0
iod_lag1,0.003961307,crop_farming,0
iod_lag3,0.0014307846,crop_farming,0
iod_lag6,0.013353287,crop_farming,0
mei_lag1,0.014019897,crop_farming,0
mei_lag3,0.0041626394,crop_farming,0
mei_lag6,0.0065902406,crop_farming,0
nino34_lag1,0.0045574345,crop_farming,0
nino34_lag3,0.022378696,crop_farming,0
nino34_lag6,0.0065454016,crop_farming,0
wvg,0.011594965,crop_farming,0
wvg_lag1yr,0.003679672,crop_farming,0
wvg_lag2yr,0.01031618,crop_farming,0
wvg_lag3yr,0.002602995,crop_farming,0
season_benishangul_meher_only,0.0,crop_farming,0
season_national_belg_meher,0.0,crop_farming,0
months_since_assessment,0.0,pastoral,1
pct_pastoral,0.0074697267,pastoral,1
pct_agropastoral,0.0015916212,pastoral,1
pct_crop_farming,0.0037900223,pastoral,1
is_harvest_season,2.8466626e-05,pastoral,1
is_lean_season,0.0007407319,pastoral,1
is_dry_season,0.0018972369,pastoral,1
months_since_harvest_start,0.008312053,pastoral,1
months_since_lean_start,0.014787336,pastoral,1
glofas_reach_count,0.0012574286,pastoral,1
agss_surveyed_flag,0.0028763067,pastoral,1
ipc_lag1,0.10670956,pastoral,1
ipc_lag4,0.0056380862,pastoral,1
ipc_lag8,0.004717201,pastoral,1
ipc_mean12,0.0076806615,pastoral,1
ha_share_lag1,0.004271785,pastoral,1
ha_share_lag4,0.00796495,pastoral,1
ha_share_lag8,0.005186529,pastoral,1
ha_share_mean12,0.0054410077,pastoral,1
total_rainfall_mm,0.0018447153,pastoral,1
wet_days,0.0064010066,pastoral,1
max_dry_spell_length,0.005357702,pastoral,1
rainfall_sum_1m,0.0,pastoral,1
rainfall_sum_3m,0.003694684,pastoral,1
rainfall_sum_6m,0.0066126497,pastoral,1
rainfall_sum_12m,0.033334073,pastoral,1
rainfall_sum_24m,0.0037804663,pastoral,1
spi_1,0.001309194,pastoral,1
spi_3,0.012585633,pastoral,1
spi_6,0.015007858,pastoral,1
spi_12,0.040458538,pastoral,1
spi_24,0.006917382,pastoral,1
pet_mm,0.0022407083,pastoral,1
sm_root,0.0035769658,pastoral,1
precip_mm,0.0,pastoral,1
spei_balance_mm,0.004340078,pastoral,1
sm_mean_1m,0.0,pastoral,1
spei_balance_sum_1m,0.0,pastoral,1
sm_mean_3m,0.011207023,pastoral,1
spei_balance_sum_3m,0.01968872,pastoral,1
sm_mean_6m,0.0133158555,pastoral,1
spei_balance_sum_6m,0.0045964774,pastoral,1
sm_mean_12m,0.021288965,pastoral,1
spei_balance_sum_12m,0.00903392,pastoral,1
sm_mean_24m,0.007400194,pastoral,1
spei_balance_sum_24m,0.010699467,pastoral,1
ssmi_1,0.011428733,pastoral,1
ssmi_3,0.0016359839,pastoral,1
ssmi_6,0.0038514694,pastoral,1
ssmi_12,0.0031147979,pastoral,1
ssmi_24,0.0059409216,pastoral,1
spei_1,0.0056529394,pastoral,1
spei_3,0.005736847,pastoral,1
spei_6,0.02656658,pastoral,1
spei_12,0.011731256,pastoral,1
spei_24,0.0028821419,pastoral,1
ndvi,0.001461055,pastoral,1
ndvi_anomaly,0.023849495,pastoral,1
ndvi_lag1,0.0044290745,pastoral,1
ndvi_lag3,0.0015814028,pastoral,1
ndvi_lag6,0.0019643614,pastoral,1
ndvi_lag12,0.003491549,pastoral,1
ndvi_anomaly_lag1,0.0060222596,pastoral,1
ndvi_anomaly_lag3,0.0038715485,pastoral,1
ndvi_anomaly_lag6,0.0062116385,pastoral,1
ndvi_anomaly_lag12,0.005659264,pastoral,1
ndvi_cropland,0.013700344,pastoral,1
ndvi_cropland_anomaly,0.0027785958,pastoral,1
ndvi_cropland_lag1,0.0038585432,pastoral,1
ndvi_cropland_lag3,0.0014722795,pastoral,1
ndvi_cropland_lag6,0.0020978185,pastoral,1
ndvi_cropland_lag12,0.0024422705,pastoral,1
ndvi_cropland_anomaly_lag1,0.008043004,pastoral,1
ndvi_cropland_anomaly_lag3,0.0025343278,pastoral,1
ndvi_cropland_anomaly_lag6,0.0022816104,pastoral,1
ndvi_cropland_anomaly_lag12,0.0028232164,pastoral,1
ndvi_rangeland,0.007777507,pastoral,1
ndvi_rangeland_anomaly,0.0036132645,pastoral,1
ndvi_rangeland_lag1,0.0016397778,pastoral,1
ndvi_rangeland_lag3,0.007856959,pastoral,1
ndvi_rangeland_lag6,0.004359918,pastoral,1
ndvi_rangeland_lag12,0.003399797,pastoral,1
ndvi_rangeland_anomaly_lag1,0.0,pastoral,1
ndvi_rangeland_anomaly_lag3,0.0026369905,pastoral,1
ndvi_rangeland_anomaly_lag6,0.0,pastoral,1
ndvi_rangeland_anomaly_lag12,0.009972616,pastoral,1
maize_price_etb,0.0031283712,pastoral,1
maize_price_etb_lag1,0.0027894464,pastoral,1
maize_price_etb_lag3,0.0023294708,pastoral,1
maize_price_etb_lag6,0.0073025236,pastoral,1
maize_price_etb_lag12,0.003991245,pastoral,1
maize_price_index,0.0,pastoral,1
maize_price_index_lag1,0.002889143,pastoral,1
maize_price_index_lag3,0.0,pastoral,1
maize_price_index_lag6,0.0,pastoral,1
maize_price_index_lag12,0.0,pastoral,1
maize_n_markets,0.0,pastoral,1
wheat_price_etb,0.0,pastoral,1
wheat_price_etb_lag1,0.0,pastoral,1
wheat_price_etb_lag3,0.0,pastoral,1
wheat_price_etb_lag6,0.003066301,pastoral,1
wheat_price_etb_lag12,0.0,pastoral,1
wheat_price_index,0.014316789,pastoral,1
wheat_price_index_lag1,0.0,pastoral,1
wheat_price_index_lag3,0.0,pastoral,1
wheat_price_index_lag6,0.0,pastoral,1
wheat_price_index_lag12,0.0,pastoral,1
wheat_n_markets,0.0,pastoral,1
sorghum_price_etb,0.0,pastoral,1
sorghum_price_etb_lag1,0.0017278009,pastoral,1
sorghum_price_etb_lag3,0.0,pastoral,1
sorghum_price_etb_lag6,0.002493541,pastoral,1
sorghum_price_etb_lag12,0.0,pastoral,1
sorghum_price_index,0.0,pastoral,1
sorghum_price_index_lag1,0.0,pastoral,1
sorghum_price_index_lag3,0.0,pastoral,1
sorghum_price_index_lag6,0.0021465486,pastoral,1
sorghum_price_index_lag12,0.0,pastoral,1
sorghum_n_markets,0.0,pastoral,1
teff_price_etb,0.0,pastoral,1
teff_price_etb_lag1,0.0,pastoral,1
teff_price_etb_lag3,0.0,pastoral,1
teff_price_etb_lag6,0.0,pastoral,1
teff_price_etb_lag12,0.0,pastoral,1
teff_price_index,0.0,pastoral,1
teff_price_index_lag1,0.0,pastoral,1
teff_price_index_lag3,0.0,pastoral,1
teff_price_index_lag6,0.0,pastoral,1
teff_price_index_lag12,0.0,pastoral,1
teff_n_markets,0.0,pastoral,1
fuel_diesel_price_etb,0.0,pastoral,1
fuel_diesel_price_etb_lag1,0.0,pastoral,1
fuel_diesel_price_etb_lag3,0.0,pastoral,1
fuel_diesel_price_etb_lag6,0.0,pastoral,1
fuel_diesel_price_etb_lag12,0.0,pastoral,1
fuel_diesel_price_index,0.0,pastoral,1
fuel_diesel_price_index_lag1,0.0,pastoral,1
fuel_diesel_price_index_lag3,0.0,pastoral,1
fuel_diesel_price_index_lag6,0.0,pastoral,1
fuel_diesel_price_index_lag12,0.0,pastoral,1
fuel_diesel_n_markets,0.0,pastoral,1
fuel_petrol_n_markets,0.0,pastoral,1
livestock_goat_price_etb,0.0,pastoral,1
livestock_goat_price_etb_lag1,0.0,pastoral,1
livestock_goat_price_etb_lag3,0.0,pastoral,1
livestock_goat_price_etb_lag6,0.0,pastoral,1
livestock_goat_price_etb_lag12,0.0,pastoral,1
livestock_goat_price_index,0.0,pastoral,1
livestock_goat_price_index_lag1,0.0,pastoral,1
livestock_goat_price_index_lag3,0.0,pastoral,1
livestock_goat_price_index_lag6,0.0,pastoral,1
livestock_goat_price_index_lag12,0.0,pastoral,1
livestock_goat_n_markets,0.0,pastoral,1
livestock_sheep_price_etb,0.0,pastoral,1
livestock_sheep_price_etb_lag1,0.0,pastoral,1
livestock_sheep_price_etb_lag3,0.0,pastoral,1
livestock_sheep_price_etb_lag6,0.0,pastoral,1
livestock_sheep_price_etb_lag12,0.0,pastoral,1
livestock_sheep_price_index,0.0,pastoral,1
livestock_sheep_price_index_lag1,0.0,pastoral,1
livestock_sheep_price_index_lag3,0.0,pastoral,1
livestock_sheep_price_index_lag6,0.0,pastoral,1
livestock_sheep_price_index_lag12,0.0,pastoral,1
livestock_sheep_n_markets,0.0,pastoral,1
goat_maize_tot,0.0,pastoral,1
goat_maize_tot_lag1,0.0,pastoral,1
goat_maize_tot_lag3,0.0,pastoral,1
goat_maize_tot_lag6,0.0,pastoral,1
goat_maize_tot_lag12,0.0,pastoral,1
sheep_maize_tot,0.0,pastoral,1
sheep_maize_tot_lag1,0.0,pastoral,1
sheep_maize_tot_lag3,0.0,pastoral,1
sheep_maize_tot_lag6,0.0,pastoral,1
sheep_maize_tot_lag12,0.0,pastoral,1
maize_yield,0.0013416448,pastoral,1
maize_yield_anomaly,0.0,pastoral,1
wheat_yield,0.0,pastoral,1
wheat_yield_anomaly,0.00205849,pastoral,1
sorghum_yield,0.0,pastoral,1
sorghum_yield_anomaly,0.0,pastoral,1
teff_yield,0.0,pastoral,1
teff_yield_anomaly,0.0008274918,pastoral,1
headline_cpi,0.013402072,pastoral,1
headline_cpi_lag1,0.0030367584,pastoral,1
headline_cpi_lag3,0.00073768606,pastoral,1
headline_cpi_lag6,0.0036605177,pastoral,1
headline_cpi_lag12,0.0046741245,pastoral,1
headline_cpi_yoy_change,0.0,pastoral,1
headline_cpi_yoy_change_lag1,0.0046628644,pastoral,1
headline_cpi_yoy_change_lag3,0.01336563,pastoral,1
headline_cpi_yoy_change_lag6,0.0022086008,pastoral,1
headline_cpi_yoy_change_lag12,0.0045870943,pastoral,1
food_cpi,0.0,pastoral,1
food_cpi_lag1,0.0,pastoral,1
food_cpi_lag3,0.0047511016,pastoral,1
food_cpi_lag6,0.0,pastoral,1
food_cpi_lag12,0.0,pastoral,1
food_cpi_yoy_change,0.013042854,pastoral,1
food_cpi_yoy_change_lag1,0.0043982244,pastoral,1
food_cpi_yoy_change_lag3,0.0,pastoral,1
food_cpi_yoy_change_lag6,0.0032467695,pastoral,1
food_cpi_yoy_change_lag12,0.014028053,pastoral,1
headline_cpi_chainlinked,0.0,pastoral,1
headline_cpi_chainlinked_lag1,0.0,pastoral,1
headline_cpi_chainlinked_lag3,0.0,pastoral,1
headline_cpi_chainlinked_lag6,0.0,pastoral,1
headline_cpi_chainlinked_lag12,0.0,pastoral,1
food_cpi_chainlinked,0.0,pastoral,1
food_cpi_chainlinked_lag1,0.0,pastoral,1
food_cpi_chainlinked_lag3,0.0,pastoral,1
food_cpi_chainlinked_lag6,0.0,pastoral,1
food_cpi_chainlinked_lag12,0.0,pastoral,1
exchange_rate,0.0,pastoral,1
exchange_rate_lag1,0.0,pastoral,1
exchange_rate_lag3,0.0047582984,pastoral,1
exchange_rate_lag6,0.0,pastoral,1
exchange_rate_lag12,0.0,pastoral,1
exchange_rate_yoy_change,0.003601549,pastoral,1
exchange_rate_yoy_change_lag1,0.0031278636,pastoral,1
exchange_rate_yoy_change_lag3,0.01075205,pastoral,1
exchange_rate_yoy_change_lag6,0.0060736514,pastoral,1
exchange_rate_yoy_change_lag12,0.023139494,pastoral,1
gdp_per_capita,0.0,pastoral,1
gdp_per_capita_yoy_change,0.0,pastoral,1
iod,0.0019823725,pastoral,1
mei,0.0,pastoral,1
nino34,0.02156911,pastoral,1
iod_lag1,0.0062997593,pastoral,1
iod_lag3,0.011987776,pastoral,1
iod_lag6,0.005509652,pastoral,1
mei_lag1,0.0,pastoral,1
mei_lag3,0.0067889006,pastoral,1
mei_lag6,0.012602943,pastoral,1
nino34_lag1,0.013773224,pastoral,1
nino34_lag3,0.0025861994,pastoral,1
nino34_lag6,0.008189385,pastoral,1
wvg,0.0027527467,pastoral,1
wvg_lag1yr,0.0,pastoral,1
wvg_lag2yr,0.0112706,pastoral,1
wvg_lag3yr,0.0107991425,pastoral,1
glofas_exceed_20yr,0.0049800035,pastoral,1
glofas_exceed_2yr,0.0,pastoral,1
seasonal_overlaps_belg,0.0,pastoral,1
seasonal_overlaps_deyr,0.0,pastoral,1
seasonal_overlaps_gu,0.0,pastoral,1
seasonal_overlaps_kiremt,0.0,pastoral,1
seasonal_precip_prob_above,0.0032471004,pastoral,1
seasonal_precip_prob_below,0.0029559622,pastoral,1
seasonal_precip_prob_near,0.00404635,pastoral,1
usgs_gefs_coverage_days,0.0,pastoral,1
usgs_gefs_precip_anom,0.0036000651,pastoral,1
usgs_gefs_precip_mm,0.0038002697,pastoral,1
season_national_belg_meher,0.014169187,pastoral,1
season_somali_gu_deyr,0.0,pastoral,1
months_since_assessment,0.0,agropastoral,1
pct_pastoral,0.00084630767,agropastoral,1
pct_agropastoral,0.0015651862,agropastoral,1
pct_crop_farming,0.0,agropastoral,1
is_harvest_season,0.0028745579,agropastoral,1
is_lean_season,0.0036271412,agropastoral,1
is_dry_season,0.0014196904,agropastoral,1
months_since_harvest_start,0.0010529441,agropastoral,1
months_since_lean_start,0.008391901,agropastoral,1
glofas_reach_count,0.0022082925,agropastoral,1
agss_surveyed_flag,0.0,agropastoral,1
ipc_lag1,0.100386776,agropastoral,1
ipc_lag4,0.0031237965,agropastoral,1
ipc_lag8,0.011235405,agropastoral,1
ipc_mean12,0.037439004,agropastoral,1
ha_share_lag1,0.0023591027,agropastoral,1
ha_share_lag4,0.005944035,agropastoral,1
ha_share_lag8,0.005626316,agropastoral,1
ha_share_mean12,0.011460113,agropastoral,1
total_rainfall_mm,0.0016589272,agropastoral,1
wet_days,0.01113121,agropastoral,1
max_dry_spell_length,0.0016654277,agropastoral,1
rainfall_sum_1m,0.0,agropastoral,1
rainfall_sum_3m,0.0018933937,agropastoral,1
rainfall_sum_6m,0.0017820543,agropastoral,1
rainfall_sum_12m,0.016857198,agropastoral,1
rainfall_sum_24m,0.004008934,agropastoral,1
spi_1,0.0018535242,agropastoral,1
spi_3,0.00067059626,agropastoral,1
spi_6,0.0034791438,agropastoral,1
spi_12,0.018828152,agropastoral,1
spi_24,0.010574688,agropastoral,1
pet_mm,0.0064748027,agropastoral,1
sm_root,0.004560744,agropastoral,1
precip_mm,0.0,agropastoral,1
spei_balance_mm,0.0011353734,agropastoral,1
sm_mean_1m,0.0,agropastoral,1
spei_balance_sum_1m,0.0,agropastoral,1
sm_mean_3m,1.4165371e-05,agropastoral,1
spei_balance_sum_3m,0.009822058,agropastoral,1
sm_mean_6m,0.0063314037,agropastoral,1
spei_balance_sum_6m,0.007132527,agropastoral,1
sm_mean_12m,0.042496305,agropastoral,1
spei_balance_sum_12m,0.00040972352,agropastoral,1
sm_mean_24m,0.0,agropastoral,1
spei_balance_sum_24m,0.0054864744,agropastoral,1
ssmi_1,0.008990182,agropastoral,1
ssmi_3,0.011268074,agropastoral,1
ssmi_6,0.0039002358,agropastoral,1
ssmi_12,0.014996435,agropastoral,1
ssmi_24,0.00026291344,agropastoral,1
spei_1,0.011677312,agropastoral,1
spei_3,0.0031167134,agropastoral,1
spei_6,0.0075217234,agropastoral,1
spei_12,0.009414592,agropastoral,1
spei_24,0.0022888416,agropastoral,1
ndvi,0.0022461924,agropastoral,1
ndvi_anomaly,0.0077589643,agropastoral,1
ndvi_lag1,0.0051142434,agropastoral,1
ndvi_lag3,0.008390028,agropastoral,1
ndvi_lag6,0.0004864303,agropastoral,1
ndvi_lag12,0.0075828824,agropastoral,1
ndvi_anomaly_lag1,0.0,agropastoral,1
ndvi_anomaly_lag3,0.0025491996,agropastoral,1
ndvi_anomaly_lag6,0.0010645943,agropastoral,1
ndvi_anomaly_lag12,0.004913916,agropastoral,1
ndvi_cropland,0.026135202,agropastoral,1
ndvi_cropland_anomaly,0.001071363,agropastoral,1
ndvi_cropland_lag1,0.0007068163,agropastoral,1
ndvi_cropland_lag3,0.008759683,agropastoral,1
ndvi_cropland_lag6,0.002340042,agropastoral,1
ndvi_cropland_lag12,0.0013536357,agropastoral,1
ndvi_cropland_anomaly_lag1,0.0076105623,agropastoral,1
ndvi_cropland_anomaly_lag3,0.00322407,agropastoral,1
ndvi_cropland_anomaly_lag6,0.017062256,agropastoral,1
ndvi_cropland_anomaly_lag12,0.005733965,agropastoral,1
ndvi_rangeland,0.0009816716,agropastoral,1
ndvi_rangeland_anomaly,0.0077631716,agropastoral,1
ndvi_rangeland_lag1,0.0,agropastoral,1
ndvi_rangeland_lag3,0.0025164469,agropastoral,1
ndvi_rangeland_lag6,0.02190248,agropastoral,1
ndvi_rangeland_lag12,0.0,agropastoral,1
ndvi_rangeland_anomaly_lag1,0.0011555158,agropastoral,1
ndvi_rangeland_anomaly_lag3,0.0,agropastoral,1
ndvi_rangeland_anomaly_lag6,0.00094172877,agropastoral,1
ndvi_rangeland_anomaly_lag12,0.012871311,agropastoral,1
maize_price_etb,0.013923422,agropastoral,1
maize_price_etb_lag1,0.0,agropastoral,1
maize_price_etb_lag3,0.016373888,agropastoral,1
maize_price_etb_lag6,0.0094996635,agropastoral,1
maize_price_etb_lag12,0.0008083228,agropastoral,1
maize_price_index,0.0012008975,agropastoral,1
maize_price_index_lag1,0.0013654782,agropastoral,1
maize_price_index_lag3,0.0,agropastoral,1
maize_price_index_lag6,0.0016119583,agropastoral,1
maize_price_index_lag12,0.0060222284,agropastoral,1
maize_n_markets,0.0,agropastoral,1
wheat_price_etb,0.0026893923,agropastoral,1
wheat_price_etb_lag1,0.0,agropastoral,1
wheat_price_etb_lag3,0.0,agropastoral,1
wheat_price_etb_lag6,0.0,agropastoral,1
wheat_price_etb_lag12,0.001447018,agropastoral,1
wheat_price_index,0.0,agropastoral,1
wheat_price_index_lag1,0.0,agropastoral,1
wheat_price_index_lag3,0.0,agropastoral,1
wheat_price_index_lag6,0.0,agropastoral,1
wheat_price_index_lag12,0.0,agropastoral,1
wheat_n_markets,0.0,agropastoral,1
sorghum_price_etb,0.00049607543,agropastoral,1
sorghum_price_etb_lag1,0.0,agropastoral,1
sorghum_price_etb_lag3,0.0,agropastoral,1
sorghum_price_etb_lag6,0.0,agropastoral,1
sorghum_price_etb_lag12,0.0,agropastoral,1
sorghum_price_index,0.001404051,agropastoral,1
sorghum_price_index_lag1,0.0,agropastoral,1
sorghum_price_index_lag3,0.00074335205,agropastoral,1
sorghum_price_index_lag6,0.030301357,agropastoral,1
sorghum_price_index_lag12,0.001247215,agropastoral,1
sorghum_n_markets,0.0,agropastoral,1
teff_price_etb_lag6,0.0,agropastoral,1
teff_n_markets,0.0,agropastoral,1
fuel_diesel_price_etb,0.0,agropastoral,1
fuel_diesel_price_etb_lag1,0.0,agropastoral,1
fuel_diesel_price_etb_lag3,0.0,agropastoral,1
fuel_diesel_price_etb_lag6,0.0,agropastoral,1
fuel_diesel_price_etb_lag12,0.0,agropastoral,1
fuel_diesel_n_markets,0.0,agropastoral,1
fuel_petrol_n_markets,0.0,agropastoral,1
livestock_goat_price_etb,0.0,agropastoral,1
livestock_goat_price_etb_lag1,0.0,agropastoral,1
livestock_goat_price_etb_lag3,0.0,agropastoral,1
livestock_goat_price_etb_lag6,0.0,agropastoral,1
livestock_goat_price_etb_lag12,0.0,agropastoral,1
livestock_goat_price_index,0.0,agropastoral,1
livestock_goat_price_index_lag1,0.0,agropastoral,1
livestock_goat_price_index_lag3,0.0,agropastoral,1
livestock_goat_price_index_lag6,0.0,agropastoral,1
livestock_goat_price_index_lag12,0.0,agropastoral,1
livestock_goat_n_markets,0.0,agropastoral,1
livestock_sheep_price_etb,0.0,agropastoral,1
livestock_sheep_price_etb_lag1,0.0,agropastoral,1
livestock_sheep_price_etb_lag3,0.0,agropastoral,1
livestock_sheep_price_etb_lag6,0.0,agropastoral,1
livestock_sheep_price_etb_lag12,0.0,agropastoral,1
livestock_sheep_price_index,0.0,agropastoral,1
livestock_sheep_price_index_lag1,0.0,agropastoral,1
livestock_sheep_price_index_lag3,0.0,agropastoral,1
livestock_sheep_price_index_lag6,0.0,agropastoral,1
livestock_sheep_price_index_lag12,0.0,agropastoral,1
livestock_sheep_n_markets,0.0,agropastoral,1
goat_maize_tot,0.0,agropastoral,1
goat_maize_tot_lag1,0.0,agropastoral,1
goat_maize_tot_lag3,0.0,agropastoral,1
goat_maize_tot_lag6,0.0,agropastoral,1
goat_maize_tot_lag12,0.0,agropastoral,1
sheep_maize_tot,0.0,agropastoral,1
sheep_maize_tot_lag1,0.0,agropastoral,1
sheep_maize_tot_lag3,0.0,agropastoral,1
sheep_maize_tot_lag6,0.001113069,agropastoral,1
sheep_maize_tot_lag12,0.0,agropastoral,1
maize_yield,0.024441909,agropastoral,1
maize_yield_anomaly,0.0032715623,agropastoral,1
wheat_yield,0.0,agropastoral,1
wheat_yield_anomaly,0.0033564828,agropastoral,1
sorghum_yield,0.008620255,agropastoral,1
sorghum_yield_anomaly,0.008131413,agropastoral,1
teff_yield,0.0,agropastoral,1
teff_yield_anomaly,0.0,agropastoral,1
headline_cpi,0.0029805475,agropastoral,1
headline_cpi_lag1,0.0010622739,agropastoral,1
headline_cpi_lag3,0.0,agropastoral,1
headline_cpi_lag6,0.004706509,agropastoral,1
headline_cpi_lag12,0.0010024369,agropastoral,1
headline_cpi_yoy_change,0.00052162196,agropastoral,1
headline_cpi_yoy_change_lag1,0.0097830305,agropastoral,1
headline_cpi_yoy_change_lag3,0.007487872,agropastoral,1
headline_cpi_yoy_change_lag6,0.008923683,agropastoral,1
headline_cpi_yoy_change_lag12,0.0067416853,agropastoral,1
food_cpi,0.054135323,agropastoral,1
food_cpi_lag1,0.0,agropastoral,1
food_cpi_lag3,0.0,agropastoral,1
food_cpi_lag6,0.0,agropastoral,1
food_cpi_lag12,0.00803904,agropastoral,1
food_cpi_yoy_change,0.0030775324,agropastoral,1
food_cpi_yoy_change_lag1,0.0,agropastoral,1
food_cpi_yoy_change_lag3,0.0013422535,agropastoral,1
food_cpi_yoy_change_lag6,0.0035628483,agropastoral,1
food_cpi_yoy_change_lag12,0.001385402,agropastoral,1
headline_cpi_chainlinked,0.0,agropastoral,1
headline_cpi_chainlinked_lag1,0.0,agropastoral,1
headline_cpi_chainlinked_lag3,0.0,agropastoral,1
headline_cpi_chainlinked_lag6,0.0,agropastoral,1
headline_cpi_chainlinked_lag12,0.0,agropastoral,1
food_cpi_chainlinked,0.0,agropastoral,1
food_cpi_chainlinked_lag1,0.0,agropastoral,1
food_cpi_chainlinked_lag3,0.0,agropastoral,1
food_cpi_chainlinked_lag6,0.0,agropastoral,1
food_cpi_chainlinked_lag12,0.0,agropastoral,1
exchange_rate,0.0,agropastoral,1
exchange_rate_lag1,0.0,agropastoral,1
exchange_rate_lag3,0.0,agropastoral,1
exchange_rate_lag6,0.010492956,agropastoral,1
exchange_rate_lag12,0.0,agropastoral,1
exchange_rate_yoy_change,0.0,agropastoral,1
exchange_rate_yoy_change_lag1,0.0020849754,agropastoral,1
exchange_rate_yoy_change_lag3,0.0024963792,agropastoral,1
exchange_rate_yoy_change_lag6,0.00020416536,agropastoral,1
exchange_rate_yoy_change_lag12,0.0019004467,agropastoral,1
gdp_per_capita,0.0,agropastoral,1
gdp_per_capita_yoy_change,0.0,agropastoral,1
iod,0.008462088,agropastoral,1
mei,0.0,agropastoral,1
nino34,0.025490457,agropastoral,1
iod_lag1,0.0071745566,agropastoral,1
iod_lag3,0.0036443477,agropastoral,1
iod_lag6,0.009063662,agropastoral,1
mei_lag1,0.0032190166,agropastoral,1
mei_lag3,0.004462904,agropastoral,1
mei_lag6,0.0,agropastoral,1
nino34_lag1,0.0,agropastoral,1
nino34_lag3,0.03501058,agropastoral,1
nino34_lag6,0.0017583532,agropastoral,1
wvg,0.0,agropastoral,1
wvg_lag1yr,0.00450343,agropastoral,1
wvg_lag2yr,0.019657789,agropastoral,1
wvg_lag3yr,0.00229971,agropastoral,1
glofas_exceed_20yr,0.0,agropastoral,1
glofas_exceed_2yr,0.0,agropastoral,1
seasonal_overlaps_belg,0.0,agropastoral,1
seasonal_overlaps_deyr,0.0,agropastoral,1
seasonal_overlaps_gu,0.0,agropastoral,1
seasonal_overlaps_kiremt,0.0,agropastoral,1
seasonal_precip_prob_above,0.0015340985,agropastoral,1
seasonal_precip_prob_below,0.0,agropastoral,1
seasonal_precip_prob_near,0.007544587,agropastoral,1
usgs_gefs_coverage_days,0.0,agropastoral,1
usgs_gefs_precip_anom,0.0014959306,agropastoral,1
usgs_gefs_precip_mm,0.0011776949,agropastoral,1
season_national_belg_meher,0.0,agropastoral,1
season_somali_gu_deyr,0.0,agropastoral,1
months_since_assessment,0.0,crop_farming,1
pct_pastoral,0.004509733,crop_farming,1
pct_agropastoral,0.0026589239,crop_farming,1
pct_crop_farming,0.0017481475,crop_farming,1
is_harvest_season,0.00039278594,crop_farming,1
is_lean_season,0.010257292,crop_farming,1
is_dry_season,0.00018026853,crop_farming,1
months_since_harvest_start,0.0065106764,crop_farming,1
months_since_lean_start,0.01497807,crop_farming,1
glofas_reach_count,0.0045555416,crop_farming,1
agss_surveyed_flag,0.0,crop_farming,1
ipc_lag1,0.11688504,crop_farming,1
ipc_lag4,0.002603112,crop_farming,1
ipc_lag8,0.0068659727,crop_farming,1
ipc_mean12,0.041096196,crop_farming,1
ha_share_lag1,0.009200003,crop_farming,1
ha_share_lag4,0.0015920206,crop_farming,1
ha_share_lag8,0.00375462,crop_farming,1
ha_share_mean12,0.02289529,crop_farming,1
total_rainfall_mm,0.004899945,crop_farming,1
wet_days,0.0033578414,crop_farming,1
max_dry_spell_length,0.005502845,crop_farming,1
rainfall_sum_1m,0.0,crop_farming,1
rainfall_sum_3m,0.006342376,crop_farming,1
rainfall_sum_6m,0.034348257,crop_farming,1
rainfall_sum_12m,0.005732446,crop_farming,1
rainfall_sum_24m,0.00646985,crop_farming,1
spi_1,0.006850355,crop_farming,1
spi_3,0.0042045647,crop_farming,1
spi_6,0.019801127,crop_farming,1
spi_12,0.004121128,crop_farming,1
spi_24,0.004643879,crop_farming,1
pet_mm,0.0028688975,crop_farming,1
sm_root,0.0016632885,crop_farming,1
precip_mm,0.0,crop_farming,1
spei_balance_mm,0.0007629346,crop_farming,1
sm_mean_1m,0.0,crop_farming,1
spei_balance_sum_1m,0.0,crop_farming,1
sm_mean_3m,0.0022050776,crop_farming,1
spei_balance_sum_3m,0.0026416793,crop_farming,1
sm_mean_6m,0.004440377,crop_farming,1
spei_balance_sum_6m,0.030529508,crop_farming,1
sm_mean_12m,0.003706791,crop_farming,1
spei_balance_sum_12m,0.0055602514,crop_farming,1
sm_mean_24m,0.003971573,crop_farming,1
spei_balance_sum_24m,0.0,crop_farming,1
ssmi_1,0.007303076,crop_farming,1
ssmi_3,0.0055803354,crop_farming,1
ssmi_6,0.0029131407,crop_farming,1
ssmi_12,0.0049732905,crop_farming,1
ssmi_24,0.005134271,crop_farming,1
spei_1,0.0036203545,crop_farming,1
spei_3,0.0023822128,crop_farming,1
spei_6,0.0050734268,crop_farming,1
spei_12,0.0031404526,crop_farming,1
spei_24,0.0048834556,crop_farming,1
ndvi,0.0062242714,crop_farming,1
ndvi_anomaly,0.0049376767,crop_farming,1
ndvi_lag1,0.009469635,crop_farming,1
ndvi_lag3,0.0048980988,crop_farming,1
ndvi_lag6,0.0036948773,crop_farming,1
ndvi_lag12,0.007663617,crop_farming,1
ndvi_anomaly_lag1,0.004183304,crop_farming,1
ndvi_anomaly_lag3,0.003938421,crop_farming,1
ndvi_anomaly_lag6,0.0021585023,crop_farming,1
ndvi_anomaly_lag12,0.0028283873,crop_farming,1
ndvi_cropland,0.008149915,crop_farming,1
ndvi_cropland_anomaly,0.0028217472,crop_farming,1
ndvi_cropland_lag1,0.003049426,crop_farming,1
ndvi_cropland_lag3,0.0043438156,crop_farming,1
ndvi_cropland_lag6,0.00026983288,crop_farming,1
ndvi_cropland_lag12,0.0022341514,crop_farming,1
ndvi_cropland_anomaly_lag1,0.0034164793,crop_farming,1
ndvi_cropland_anomaly_lag3,0.001813451,crop_farming,1
ndvi_cropland_anomaly_lag6,0.00249024,crop_farming,1
ndvi_cropland_anomaly_lag12,0.0015849511,crop_farming,1
ndvi_rangeland,0.0035965692,crop_farming,1
ndvi_rangeland_anomaly,0.0026933597,crop_farming,1
ndvi_rangeland_lag1,0.010249573,crop_farming,1
ndvi_rangeland_lag3,0.0019598843,crop_farming,1
ndvi_rangeland_lag6,0.002571559,crop_farming,1
ndvi_rangeland_lag12,0.0043505975,crop_farming,1
ndvi_rangeland_anomaly_lag1,0.0039592846,crop_farming,1
ndvi_rangeland_anomaly_lag3,0.0037571972,crop_farming,1
ndvi_rangeland_anomaly_lag6,0.0021154738,crop_farming,1
ndvi_rangeland_anomaly_lag12,0.0027296836,crop_farming,1
maize_price_etb,0.0,crop_farming,1
maize_price_etb_lag1,0.0,crop_farming,1
maize_price_etb_lag3,0.0,crop_farming,1
maize_price_etb_lag6,0.001151679,crop_farming,1
maize_price_etb_lag12,0.0028830997,crop_farming,1
maize_price_index,0.0036466469,crop_farming,1
maize_price_index_lag1,0.0,crop_farming,1
maize_price_index_lag3,0.0018514819,crop_farming,1
maize_price_index_lag6,0.0,crop_farming,1
maize_price_index_lag12,0.0015774244,crop_farming,1
maize_n_markets,0.0,crop_farming,1
wheat_price_etb,0.0,crop_farming,1
wheat_price_etb_lag1,0.0022843515,crop_farming,1
wheat_price_etb_lag3,0.0,crop_farming,1
wheat_price_etb_lag6,0.0016322008,crop_farming,1
wheat_price_etb_lag12,0.0,crop_farming,1
wheat_price_index,0.0,crop_farming,1
wheat_price_index_lag1,0.0,crop_farming,1
wheat_price_index_lag3,0.0025261438,crop_farming,1
wheat_price_index_lag6,0.0,crop_farming,1
wheat_price_index_lag12,0.0,crop_farming,1
wheat_n_markets,0.0,crop_farming,1
sorghum_price_etb,0.0012454467,crop_farming,1
sorghum_price_etb_lag1,0.002126179,crop_farming,1
sorghum_price_etb_lag3,0.0,crop_farming,1
sorghum_price_etb_lag6,0.0,crop_farming,1
sorghum_price_etb_lag12,0.0,crop_farming,1
sorghum_price_index,0.0036447854,crop_farming,1
sorghum_price_index_lag1,0.0032835484,crop_farming,1
sorghum_price_index_lag3,0.0,crop_farming,1
sorghum_price_index_lag6,0.00676405,crop_farming,1
sorghum_price_index_lag12,0.0014566288,crop_farming,1
sorghum_n_markets,0.0,crop_farming,1
teff_price_etb,0.0,crop_farming,1
teff_price_etb_lag1,0.0,crop_farming,1
teff_price_etb_lag3,0.0,crop_farming,1
teff_price_etb_lag6,0.0,crop_farming,1
teff_price_etb_lag12,0.0,crop_farming,1
teff_price_index,0.0,crop_farming,1
teff_price_index_lag1,0.0,crop_farming,1
teff_price_index_lag3,0.0,crop_farming,1
teff_price_index_lag6,0.0,crop_farming,1
teff_price_index_lag12,0.0,crop_farming,1
teff_n_markets,0.0,crop_farming,1
fuel_diesel_price_etb,0.0,crop_farming,1
fuel_diesel_price_etb_lag1,0.0,crop_farming,1
fuel_diesel_price_etb_lag3,0.0,crop_farming,1
fuel_diesel_price_etb_lag6,0.0,crop_farming,1
fuel_diesel_price_etb_lag12,0.0,crop_farming,1
fuel_diesel_price_index,0.0,crop_farming,1
fuel_diesel_price_index_lag1,0.0,crop_farming,1
fuel_diesel_price_index_lag3,0.0,crop_farming,1
fuel_diesel_price_index_lag6,0.0,crop_farming,1
fuel_diesel_price_index_lag12,0.0,crop_farming,1
fuel_diesel_n_markets,0.0,crop_farming,1
fuel_petrol_price_etb,0.0,crop_farming,1
fuel_petrol_price_etb_lag1,0.0,crop_farming,1
fuel_petrol_price_etb_lag3,0.0,crop_farming,1
fuel_petrol_price_etb_lag6,0.0,crop_farming,1
fuel_petrol_price_etb_lag12,0.0,crop_farming,1
fuel_petrol_price_index,0.0,crop_farming,1
fuel_petrol_price_index_lag1,0.0,crop_farming,1
fuel_petrol_price_index_lag3,0.0,crop_farming,1
fuel_petrol_price_index_lag6,0.0,crop_farming,1
fuel_petrol_price_index_lag12,0.0,crop_farming,1
fuel_petrol_n_markets,0.0,crop_farming,1
livestock_goat_price_etb,0.0,crop_farming,1
livestock_goat_price_etb_lag1,0.0,crop_farming,1
livestock_goat_price_etb_lag3,0.0,crop_farming,1
livestock_goat_price_etb_lag6,0.0,crop_farming,1
livestock_goat_price_etb_lag12,0.0,crop_farming,1
livestock_goat_price_index,0.0,crop_farming,1
livestock_goat_price_index_lag1,0.0,crop_farming,1
livestock_goat_price_index_lag3,0.0,crop_farming,1
livestock_goat_price_index_lag6,0.0,crop_farming,1
livestock_goat_price_index_lag12,0.0,crop_farming,1
livestock_goat_n_markets,0.0,crop_farming,1
livestock_sheep_price_etb,0.0,crop_farming,1
livestock_sheep_price_etb_lag1,0.0,crop_farming,1
livestock_sheep_price_etb_lag3,0.0,crop_farming,1
livestock_sheep_price_etb_lag6,0.0,crop_farming,1
livestock_sheep_price_etb_lag12,0.0,crop_farming,1
livestock_sheep_price_index,0.0,crop_farming,1
livestock_sheep_price_index_lag1,0.0,crop_farming,1
livestock_sheep_price_index_lag3,0.0,crop_farming,1
livestock_sheep_price_index_lag6,0.0,crop_farming,1
livestock_sheep_price_index_lag12,0.0,crop_farming,1
livestock_sheep_n_markets,0.0,crop_farming,1
goat_maize_tot,0.0,crop_farming,1
goat_maize_tot_lag1,0.0,crop_farming,1
goat_maize_tot_lag3,0.0,crop_farming,1
goat_maize_tot_lag6,0.0,crop_farming,1
goat_maize_tot_lag12,0.0,crop_farming,1
sheep_maize_tot,0.0,crop_farming,1
sheep_maize_tot_lag1,0.0,crop_farming,1
sheep_maize_tot_lag3,0.0,crop_farming,1
sheep_maize_tot_lag6,0.0,crop_farming,1
sheep_maize_tot_lag12,0.0,crop_farming,1
maize_yield,0.0031292588,crop_farming,1
maize_yield_anomaly,0.0025866155,crop_farming,1
wheat_yield,0.003324242,crop_farming,1
wheat_yield_anomaly,0.00428562,crop_farming,1
sorghum_yield,0.0023256605,crop_farming,1
sorghum_yield_anomaly,0.0025926041,crop_farming,1
teff_yield,0.0016748817,crop_farming,1
teff_yield_anomaly,0.0018911705,crop_farming,1
headline_cpi,0.014851501,crop_farming,1
headline_cpi_lag1,0.013008891,crop_farming,1
headline_cpi_lag3,0.0,crop_farming,1
headline_cpi_lag6,0.0,crop_farming,1
headline_cpi_lag12,0.0059454353,crop_farming,1
headline_cpi_yoy_change,0.016000561,crop_farming,1
headline_cpi_yoy_change_lag1,0.015555825,crop_farming,1
headline_cpi_yoy_change_lag3,0.0020217828,crop_farming,1
headline_cpi_yoy_change_lag6,0.01624008,crop_farming,1
headline_cpi_yoy_change_lag12,0.015371348,crop_farming,1
food_cpi,0.018081069,crop_farming,1
food_cpi_lag1,0.0,crop_farming,1
food_cpi_lag3,0.0,crop_farming,1
food_cpi_lag6,0.0,crop_farming,1
food_cpi_lag12,0.0018461391,crop_farming,1
food_cpi_yoy_change,0.00889006,crop_farming,1
food_cpi_yoy_change_lag1,0.009892293,crop_farming,1
food_cpi_yoy_change_lag3,0.009822544,crop_farming,1
food_cpi_yoy_change_lag6,0.0,crop_farming,1
food_cpi_yoy_change_lag12,0.0053976094,crop_farming,1
headline_cpi_chainlinked,0.0,crop_farming,1
headline_cpi_chainlinked_lag1,0.0,crop_farming,1
headline_cpi_chainlinked_lag3,0.0,crop_farming,1
headline_cpi_chainlinked_lag6,0.0,crop_farming,1
headline_cpi_chainlinked_lag12,0.0,crop_farming,1
food_cpi_chainlinked,0.0,crop_farming,1
food_cpi_chainlinked_lag1,0.0,crop_farming,1
food_cpi_chainlinked_lag3,0.0,crop_farming,1
food_cpi_chainlinked_lag6,0.0,crop_farming,1
food_cpi_chainlinked_lag12,0.0,crop_farming,1
exchange_rate,0.0,crop_farming,1
exchange_rate_lag1,0.0,crop_farming,1
exchange_rate_lag3,0.0,crop_farming,1
exchange_rate_lag6,0.0016310521,crop_farming,1
exchange_rate_lag12,0.0,crop_farming,1
exchange_rate_yoy_change,0.007949928,crop_farming,1
exchange_rate_yoy_change_lag1,0.0,crop_farming,1
exchange_rate_yoy_change_lag3,0.005490749,crop_farming,1
exchange_rate_yoy_change_lag6,0.00952491,crop_farming,1
exchange_rate_yoy_change_lag12,0.009997252,crop_farming,1
gdp_per_capita,0.0,crop_farming,1
gdp_per_capita_yoy_change,0.0039863633,crop_farming,1
iod,0.0053528193,crop_farming,1
mei,0.007393181,crop_farming,1
nino34,0.003967904,crop_farming,1
iod_lag1,0.007859916,crop_farming,1
iod_lag3,0.01617333,crop_farming,1
iod_lag6,0.010003993,crop_farming,1
mei_lag1,0.005726237,crop_farming,1
mei_lag3,0.008041137,crop_farming,1
mei_lag6,0.009403475,crop_farming,1
nino34_lag1,0.0037352182,crop_farming,1
nino34_lag3,0.009703405,crop_farming,1
nino34_lag6,0.019308124,crop_farming,1
wvg,0.012478219,crop_farming,1
wvg_lag1yr,0.0,crop_farming,1
wvg_lag2yr,0.0032750627,crop_farming,1
wvg_lag3yr,0.004241816,crop_farming,1
glofas_exceed_20yr,0.0,crop_farming,1
glofas_exceed_2yr,0.0,crop_farming,1
seasonal_overlaps_belg,0.0,crop_farming,1
seasonal_overlaps_deyr,0.0,crop_farming,1
seasonal_overlaps_gu,0.0,crop_farming,1
seasonal_overlaps_kiremt,0.0,crop_farming,1
seasonal_precip_prob_above,0.0037571783,crop_farming,1
seasonal_precip_prob_below,0.011910921,crop_farming,1
seasonal_precip_prob_near,0.00879982,crop_farming,1
usgs_gefs_coverage_days,0.0,crop_farming,1
usgs_gefs_precip_anom,0.008856781,crop_farming,1
usgs_gefs_precip_mm,0.012155676,crop_farming,1
season_benishangul_meher_only,0.0,crop_farming,1
season_national_belg_meher,0.0,crop_farming,1
months_since_assessment,0.0,pastoral,2
pct_pastoral,0.01121503,pastoral,2
pct_agropastoral,0.0014123482,pastoral,2
pct_crop_farming,0.0041171876,pastoral,2
is_harvest_season,0.00046656237,pastoral,2
is_lean_season,5.2463653e-05,pastoral,2
is_dry_season,0.0,pastoral,2
months_since_harvest_start,0.008910562,pastoral,2
months_since_lean_start,0.0126041975,pastoral,2
glofas_reach_count,0.0015403142,pastoral,2
agss_surveyed_flag,0.008982023,pastoral,2
ipc_lag1,0.10696794,pastoral,2
ipc_lag4,0.0108411005,pastoral,2
ipc_lag8,0.004597275,pastoral,2
ipc_mean12,0.0053904373,pastoral,2
ha_share_lag1,0.004316435,pastoral,2
ha_share_lag4,0.009481836,pastoral,2
ha_share_lag8,0.005022827,pastoral,2
ha_share_mean12,0.0030584475,pastoral,2
total_rainfall_mm,0.013399446,pastoral,2
wet_days,0.001631039,pastoral,2
max_dry_spell_length,0.004776256,pastoral,2
rainfall_sum_1m,0.0,pastoral,2
rainfall_sum_3m,0.004067433,pastoral,2
rainfall_sum_6m,0.011600158,pastoral,2
rainfall_sum_12m,0.025289182,pastoral,2
rainfall_sum_24m,0.002995493,pastoral,2
spi_1,0.0056776456,pastoral,2
spi_3,0.01239783,pastoral,2
spi_6,0.017795581,pastoral,2
spi_12,0.03606314,pastoral,2
spi_24,0.0071263043,pastoral,2
pet_mm,0.0026790553,pastoral,2
sm_root,0.0042144204,pastoral,2
precip_mm,0.0,pastoral,2
spei_balance_mm,0.011075011,pastoral,2
sm_mean_1m,0.0,pastoral,2
spei_balance_sum_1m,0.0,pastoral,2
sm_mean_3m,0.012738058,pastoral,2
spei_balance_sum_3m,0.00743131,pastoral,2
sm_mean_6m,0.009496446,pastoral,2
spei_balance_sum_6m,0.015514886,pastoral,2
sm_mean_12m,0.024215864,pastoral,2
spei_balance_sum_12m,0.0065220827,pastoral,2
sm_mean_24m,0.0054051625,pastoral,2
spei_balance_sum_24m,0.01230122,pastoral,2
ssmi_1,0.0016737594,pastoral,2
ssmi_3,0.0025672088,pastoral,2
ssmi_6,0.0044564777,pastoral,2
ssmi_12,0.003764169,pastoral,2
ssmi_24,0.0052759717,pastoral,2
spei_1,0.0017989045,pastoral,2
spei_3,0.011263833,pastoral,2
spei_6,0.021418419,pastoral,2
spei_12,0.005827371,pastoral,2
spei_24,0.002701936,pastoral,2
ndvi,0.0046313372,pastoral,2
ndvi_anomaly,0.0034225306,pastoral,2
ndvi_lag1,0.0009198097,pastoral,2
ndvi_lag3,0.0064892233,pastoral,2
ndvi_lag6,0.00688894,pastoral,2
ndvi_lag12,0.0048918356,pastoral,2
ndvi_anomaly_lag1,0.0017333511,pastoral,2
ndvi_anomaly_lag3,0.003947244,pastoral,2
ndvi_anomaly_lag6,0.003217962,pastoral,2
ndvi_anomaly_lag12,0.0033953153,pastoral,2
ndvi_cropland,0.002727456,pastoral,2
ndvi_cropland_anomaly,0.0027243502,pastoral,2
ndvi_cropland_lag1,0.00032509334,pastoral,2
ndvi_cropland_lag3,0.004992689,pastoral,2
ndvi_cropland_lag6,0.0028989257,pastoral,2
ndvi_cropland_lag12,0.0027348646,pastoral,2
ndvi_cropland_anomaly_lag1,0.0030754483,pastoral,2
ndvi_cropland_anomaly_lag3,0.0027987943,pastoral,2
ndvi_cropland_anomaly_lag6,0.0017646287,pastoral,2
ndvi_cropland_anomaly_lag12,0.0075862673,pastoral,2
ndvi_rangeland,0.0023489143,pastoral,2
ndvi_rangeland_anomaly,0.0022583324,pastoral,2
ndvi_rangeland_lag1,0.0015109512,pastoral,2
ndvi_rangeland_lag3,0.0030958718,pastoral,2
ndvi_rangeland_lag6,0.0034993805,pastoral,2
ndvi_rangeland_lag12,0.0048771305,pastoral,2
ndvi_rangeland_anomaly_lag1,0.0009959447,pastoral,2
ndvi_rangeland_anomaly_lag3,0.0029899182,pastoral,2
ndvi_rangeland_anomaly_lag6,0.0027470046,pastoral,2
ndvi_rangeland_anomaly_lag12,0.0013098284,pastoral,2
maize_price_etb,0.0029535529,pastoral,2
maize_price_etb_lag1,0.0,pastoral,2
maize_price_etb_lag3,0.006684436,pastoral,2
maize_price_etb_lag6,0.004461576,pastoral,2
maize_price_etb_lag12,0.003984597,pastoral,2
maize_price_index,0.0031260753,pastoral,2
maize_price_index_lag1,0.0,pastoral,2
maize_price_index_lag3,0.0,pastoral,2
maize_price_index_lag6,0.0018235752,pastoral,2
maize_price_index_lag12,0.006853491,pastoral,2
maize_n_markets,0.0,pastoral,2
wheat_price_etb,0.0,pastoral,2
wheat_price_etb_lag1,0.0,pastoral,2
wheat_price_etb_lag3,0.0,pastoral,2
wheat_price_etb_lag6,0.0,pastoral,2
wheat_price_etb_lag12,0.0014773437,pastoral,2
wheat_price_index,0.0,pastoral,2
wheat_price_index_lag1,0.0018587034,pastoral,2
wheat_price_index_lag3,0.0013448254,pastoral,2
wheat_price_index_lag6,0.0,pastoral,2
wheat_price_index_lag12,0.0073679658,pastoral,2
wheat_n_markets,0.0,pastoral,2
sorghum_price_etb,0.0,pastoral,2
sorghum_price_etb_lag1,0.0,pastoral,2
sorghum_price_etb_lag3,0.0034113931,pastoral,2
sorghum_price_etb_lag6,0.0034040154,pastoral,2
sorghum_price_etb_lag12,0.005706132,pastoral,2
sorghum_price_index,0.0,pastoral,2
sorghum_price_index_lag1,0.0,pastoral,2
sorghum_price_index_lag3,0.0017134899,pastoral,2
sorghum_price_index_lag6,0.00275284,pastoral,2
sorghum_price_index_lag12,0.0019979933,pastoral,2
sorghum_n_markets,0.0,pastoral,2
teff_price_etb,0.0,pastoral,2
teff_price_etb_lag1,0.0,pastoral,2
teff_price_etb_lag3,0.0,pastoral,2
teff_price_etb_lag6,0.0,pastoral,2
teff_price_etb_lag12,0.0,pastoral,2
teff_price_index,0.0,pastoral,2
teff_price_index_lag1,0.0,pastoral,2
teff_price_index_lag3,0.0,pastoral,2
teff_price_index_lag6,0.0,pastoral,2
teff_price_index_lag12,0.0,pastoral,2
teff_n_markets,0.0,pastoral,2
fuel_diesel_price_etb,0.0,pastoral,2
fuel_diesel_price_etb_lag1,0.0,pastoral,2
fuel_diesel_price_etb_lag3,0.0,pastoral,2
fuel_diesel_price_etb_lag6,0.0,pastoral,2
fuel_diesel_price_etb_lag12,0.0,pastoral,2
fuel_diesel_price_index,0.0,pastoral,2
fuel_diesel_price_index_lag1,0.0,pastoral,2
fuel_diesel_price_index_lag3,0.0,pastoral,2
fuel_diesel_price_index_lag6,0.0,pastoral,2
fuel_diesel_price_index_lag12,0.0,pastoral,2
fuel_diesel_n_markets,0.0,pastoral,2
fuel_petrol_n_markets,0.0,pastoral,2
livestock_goat_price_etb,0.0,pastoral,2
livestock_goat_price_etb_lag1,0.0,pastoral,2
livestock_goat_price_etb_lag3,0.0,pastoral,2
livestock_goat_price_etb_lag6,0.0,pastoral,2
livestock_goat_price_etb_lag12,0.0,pastoral,2
livestock_goat_price_index,0.0,pastoral,2
livestock_goat_price_index_lag1,0.0,pastoral,2
livestock_goat_price_index_lag3,0.0,pastoral,2
livestock_goat_price_index_lag6,0.0,pastoral,2
livestock_goat_price_index_lag12,0.0,pastoral,2
livestock_goat_n_markets,0.0,pastoral,2
livestock_sheep_price_etb,0.0,pastoral,2
livestock_sheep_price_etb_lag1,0.0,pastoral,2
livestock_sheep_price_etb_lag3,0.0,pastoral,2
livestock_sheep_price_etb_lag6,0.0,pastoral,2
livestock_sheep_price_etb_lag12,0.0,pastoral,2
livestock_sheep_price_index,0.0,pastoral,2
livestock_sheep_price_index_lag1,0.0,pastoral,2
livestock_sheep_price_index_lag3,0.0,pastoral,2
livestock_sheep_price_index_lag6,0.0,pastoral,2
livestock_sheep_price_index_lag12,0.0,pastoral,2
livestock_sheep_n_markets,0.0,pastoral,2
goat_maize_tot,0.0,pastoral,2
goat_maize_tot_lag1,0.0,pastoral,2
goat_maize_tot_lag3,0.0,pastoral,2
goat_maize_tot_lag6,0.0,pastoral,2
goat_maize_tot_lag12,0.0,pastoral,2
sheep_maize_tot,0.0,pastoral,2
sheep_maize_tot_lag1,0.0,pastoral,2
sheep_maize_tot_lag3,0.0,pastoral,2
sheep_maize_tot_lag6,0.0,pastoral,2
sheep_maize_tot_lag12,0.0,pastoral,2
maize_yield,0.0028366721,pastoral,2
maize_yield_anomaly,0.0032162888,pastoral,2
wheat_yield,0.0,pastoral,2
wheat_yield_anomaly,0.002068837,pastoral,2
sorghum_yield,0.0017027041,pastoral,2
sorghum_yield_anomaly,0.0,pastoral,2
teff_yield,0.0,pastoral,2
teff_yield_anomaly,0.0,pastoral,2
headline_cpi,0.008017851,pastoral,2
headline_cpi_lag1,0.0,pastoral,2
headline_cpi_lag3,0.0,pastoral,2
headline_cpi_lag6,0.020221641,pastoral,2
headline_cpi_lag12,0.0007464752,pastoral,2
headline_cpi_yoy_change,0.012903082,pastoral,2
headline_cpi_yoy_change_lag1,0.008314113,pastoral,2
headline_cpi_yoy_change_lag3,0.0,pastoral,2
headline_cpi_yoy_change_lag6,0.0035069904,pastoral,2
headline_cpi_yoy_change_lag12,0.012068062,pastoral,2
food_cpi,0.016406314,pastoral,2
food_cpi_lag1,0.007550422,pastoral,2
food_cpi_lag3,0.0048077097,pastoral,2
food_cpi_lag6,0.019239565,pastoral,2
food_cpi_lag12,0.0,pastoral,2
food_cpi_yoy_change,0.00503643,pastoral,2
food_cpi_yoy_change_lag1,0.0,pastoral,2
food_cpi_yoy_change_lag3,0.0022485163,pastoral,2
food_cpi_yoy_change_lag6,0.0029079134,pastoral,2
food_cpi_yoy_change_lag12,0.014353105,pastoral,2
headline_cpi_chainlinked,0.0,pastoral,2
headline_cpi_chainlinked_lag1,0.0,pastoral,2
headline_cpi_chainlinked_lag3,0.0,pastoral,2
headline_cpi_chainlinked_lag6,0.0,pastoral,2
headline_cpi_chainlinked_lag12,0.0,pastoral,2
food_cpi_chainlinked,0.0,pastoral,2
food_cpi_chainlinked_lag1,0.0,pastoral,2
food_cpi_chainlinked_lag3,0.0,pastoral,2
food_cpi_chainlinked_lag6,0.0,pastoral,2
food_cpi_chainlinked_lag12,0.0,pastoral,2
exchange_rate,0.003471387,pastoral,2
exchange_rate_lag1,0.011313376,pastoral,2
exchange_rate_lag3,0.0,pastoral,2
exchange_rate_lag6,0.0,pastoral,2
exchange_rate_lag12,0.0,pastoral,2
exchange_rate_yoy_change,0.005087752,pastoral,2
exchange_rate_yoy_change_lag1,0.00637853,pastoral,2
exchange_rate_yoy_change_lag3,0.01306982,pastoral,2
exchange_rate_yoy_change_lag6,0.0,pastoral,2
exchange_rate_yoy_change_lag12,0.0049732286,pastoral,2
gdp_per_capita,0.0,pastoral,2
gdp_per_capita_yoy_change,0.0,pastoral,2
iod,0.0053231367,pastoral,2
mei,0.0019607954,pastoral,2
nino34,0.02052916,pastoral,2
iod_lag1,0.0048635397,pastoral,2
iod_lag3,0.007226362,pastoral,2
iod_lag6,0.003043981,pastoral,2
mei_lag1,0.0035617712,pastoral,2
mei_lag3,0.011413415,pastoral,2
mei_lag6,0.009535774,pastoral,2
nino34_lag1,0.0131699,pastoral,2
nino34_lag3,0.006217027,pastoral,2
nino34_lag6,0.009860244,pastoral,2
wvg,0.0011771825,pastoral,2
wvg_lag1yr,0.0023582904,pastoral,2
wvg_lag2yr,0.002569527,pastoral,2
wvg_lag3yr,0.011232352,pastoral,2
season_national_belg_meher,0.021651302,pastoral,2
season_somali_gu_deyr,0.0,pastoral,2
months_since_assessment,0.0,agropastoral,2
pct_pastoral,0.0011039311,agropastoral,2
pct_agropastoral,0.003741132,agropastoral,2
pct_crop_farming,0.0020180608,agropastoral,2
is_harvest_season,0.00084583554,agropastoral,2
is_lean_season,0.00015670546,agropastoral,2
is_dry_season,0.0006442758,agropastoral,2
months_since_harvest_start,0.0021079606,agropastoral,2
months_since_lean_start,0.009973483,agropastoral,2
glofas_reach_count,0.0030705736,agropastoral,2
agss_surveyed_flag,0.0,agropastoral,2
ipc_lag1,0.105227396,agropastoral,2
ipc_lag4,0.001906365,agropastoral,2
ipc_lag8,0.010599029,agropastoral,2
ipc_mean12,0.014631572,agropastoral,2
ha_share_lag1,0.0035685382,agropastoral,2
ha_share_lag4,0.00036665113,agropastoral,2
ha_share_lag8,0.011230665,agropastoral,2
ha_share_mean12,0.009003793,agropastoral,2
total_rainfall_mm,0.00057031796,agropastoral,2
wet_days,0.00046097985,agropastoral,2
max_dry_spell_length,0.0012396162,agropastoral,2
rainfall_sum_1m,0.0,agropastoral,2
rainfall_sum_3m,0.004613945,agropastoral,2
rainfall_sum_6m,0.0038346183,agropastoral,2
rainfall_sum_12m,0.012632457,agropastoral,2
rainfall_sum_24m,0.0035074954,agropastoral,2
spi_1,0.0044171168,agropastoral,2
spi_3,0.0028012095,agropastoral,2
spi_6,0.0034500307,agropastoral,2
spi_12,0.025209667,agropastoral,2
spi_24,0.02494788,agropastoral,2
pet_mm,0.005346756,agropastoral,2
sm_root,0.0013250567,agropastoral,2
precip_mm,0.0,agropastoral,2
spei_balance_mm,0.006982445,agropastoral,2
sm_mean_1m,0.0,agropastoral,2
spei_balance_sum_1m,0.0,agropastoral,2
sm_mean_3m,0.005885658,agropastoral,2
spei_balance_sum_3m,0.001810931,agropastoral,2
sm_mean_6m,0.0,agropastoral,2
spei_balance_sum_6m,0.0011022071,agropastoral,2
sm_mean_12m,0.049375113,agropastoral,2
spei_balance_sum_12m,0.0006559702,agropastoral,2
sm_mean_24m,0.0072670924,agropastoral,2
spei_balance_sum_24m,0.005884485,agropastoral,2
ssmi_1,0.0014987604,agropastoral,2
ssmi_3,0.0048850384,agropastoral,2
ssmi_6,0.019997917,agropastoral,2
ssmi_12,0.011338469,agropastoral,2
ssmi_24,0.012049495,agropastoral,2
spei_1,0.003031746,agropastoral,2
spei_3,0.00882702,agropastoral,2
spei_6,0.008412027,agropastoral,2
spei_12,0.009739207,agropastoral,2
spei_24,0.016318126,agropastoral,2
ndvi,0.002251956,agropastoral,2
ndvi_anomaly,0.001755555,agropastoral,2
ndvi_lag1,0.0,agropastoral,2
ndvi_lag3,0.0017069691,agropastoral,2
ndvi_lag6,0.011212798,agropastoral,2
ndvi_lag12,0.00045717842,agropastoral,2
ndvi_anomaly_lag1,0.0050726756,agropastoral,2
ndvi_anomaly_lag3,0.0035043117,agropastoral,2
ndvi_anomaly_lag6,0.008707877,agropastoral,2
ndvi_anomaly_lag12,0.0029048044,agropastoral,2
ndvi_cropland,0.0148344375,agropastoral,2
ndvi_cropland_anomaly,0.007530359,agropastoral,2
ndvi_cropland_lag1,0.032060873,agropastoral,2
ndvi_cropland_lag3,0.006596922,agropastoral,2
ndvi_cropland_lag6,0.0043674395,agropastoral,2
ndvi_cropland_lag12,0.014578756,agropastoral,2
ndvi_cropland_anomaly_lag1,0.018948134,agropastoral,2
ndvi_cropland_anomaly_lag3,0.004385394,agropastoral,2
ndvi_cropland_anomaly_lag6,0.0016319237,agropastoral,2
ndvi_cropland_anomaly_lag12,0.0057173055,agropastoral,2
ndvi_rangeland,0.0010908496,agropastoral,2
ndvi_rangeland_anomaly,0.0027813902,agropastoral,2
ndvi_rangeland_lag1,0.0,agropastoral,2
ndvi_rangeland_lag3,0.0068269093,agropastoral,2
ndvi_rangeland_lag6,0.015536459,agropastoral,2
ndvi_rangeland_lag12,0.005132869,agropastoral,2
ndvi_rangeland_anomaly_lag1,0.005814539,agropastoral,2
ndvi_rangeland_anomaly_lag3,0.011025852,agropastoral,2
ndvi_rangeland_anomaly_lag6,0.0052215145,agropastoral,2
ndvi_rangeland_anomaly_lag12,0.0058363676,agropastoral,2
maize_price_etb,0.0065964945,agropastoral,2
maize_price_etb_lag1,0.0020058106,agropastoral,2
maize_price_etb_lag3,0.0,agropastoral,2
maize_price_etb_lag6,8.2654995e-05,agropastoral,2
maize_price_etb_lag12,0.00096500356,agropastoral,2
maize_price_index,0.0011424582,agropastoral,2
maize_price_index_lag1,0.0,agropastoral,2
maize_price_index_lag3,0.0,agropastoral,2
maize_price_index_lag6,0.0073452797,agropastoral,2
maize_price_index_lag12,0.0010123658,agropastoral,2
maize_n_markets,0.0,agropastoral,2
wheat_price_etb,0.0,agropastoral,2
wheat_price_etb_lag1,0.0,agropastoral,2
wheat_price_etb_lag3,0.0066488325,agropastoral,2
wheat_price_etb_lag6,0.0,agropastoral,2
wheat_price_etb_lag12,0.0,agropastoral,2
wheat_price_index,0.0,agropastoral,2
wheat_price_index_lag1,0.0,agropastoral,2
wheat_price_index_lag3,0.0,agropastoral,2
wheat_price_index_lag6,0.0,agropastoral,2
wheat_price_index_lag12,0.0,agropastoral,2
wheat_n_markets,0.0,agropastoral,2
sorghum_price_etb,0.00042066755,agropastoral,2
sorghum_price_etb_lag1,0.00025838305,agropastoral,2
sorghum_price_etb_lag3,0.0,agropastoral,2
sorghum_price_etb_lag6,0.0015298778,agropastoral,2
sorghum_price_etb_lag12,0.0051218495,agropastoral,2
sorghum_price_index,0.004073013,agropastoral,2
sorghum_price_index_lag1,0.0,agropastoral,2
sorghum_price_index_lag3,0.03057791,agropastoral,2
sorghum_price_index_lag6,0.0,agropastoral,2
sorghum_price_index_lag12,0.034585483,agropastoral,2
sorghum_n_markets,0.0,agropastoral,2
teff_price_etb_lag1,0.0,agropastoral,2
teff_n_markets,0.0,agropastoral,2
fuel_diesel_price_etb,0.0,agropastoral,2
fuel_diesel_price_etb_lag1,0.0,agropastoral,2
fuel_diesel_price_etb_lag3,0.0,agropastoral,2
fuel_diesel_price_etb_lag6,0.0,agropastoral,2
fuel_diesel_price_etb_lag12,0.0,agropastoral,2
fuel_diesel_n_markets,0.0,agropastoral,2
fuel_petrol_n_markets,0.0,agropastoral,2
livestock_goat_price_etb,0.0,agropastoral,2
livestock_goat_price_etb_lag1,0.0,agropastoral,2
livestock_goat_price_etb_lag3,0.0,agropastoral,2
livestock_goat_price_etb_lag6,0.0,agropastoral,2
livestock_goat_price_etb_lag12,0.0,agropastoral,2
livestock_goat_price_index,0.0,agropastoral,2
livestock_goat_price_index_lag1,0.0,agropastoral,2
livestock_goat_price_index_lag3,0.0,agropastoral,2
livestock_goat_price_index_lag6,0.0,agropastoral,2
livestock_goat_price_index_lag12,0.0,agropastoral,2
livestock_goat_n_markets,0.0,agropastoral,2
livestock_sheep_price_etb,0.0,agropastoral,2
livestock_sheep_price_etb_lag1,0.0,agropastoral,2
livestock_sheep_price_etb_lag3,0.0,agropastoral,2
livestock_sheep_price_etb_lag6,0.0,agropastoral,2
livestock_sheep_price_etb_lag12,0.0,agropastoral,2
livestock_sheep_price_index,0.0,agropastoral,2
livestock_sheep_price_index_lag1,0.0,agropastoral,2
livestock_sheep_price_index_lag3,0.0,agropastoral,2
livestock_sheep_price_index_lag6,0.0,agropastoral,2
livestock_sheep_price_index_lag12,0.0,agropastoral,2
livestock_sheep_n_markets,0.0,agropastoral,2
goat_maize_tot,9.8851255e-05,agropastoral,2
goat_maize_tot_lag1,0.0,agropastoral,2
goat_maize_tot_lag3,0.0,agropastoral,2
goat_maize_tot_lag6,0.0,agropastoral,2
goat_maize_tot_lag12,0.0,agropastoral,2
sheep_maize_tot,0.0,agropastoral,2
sheep_maize_tot_lag1,0.0,agropastoral,2
sheep_maize_tot_lag3,0.0,agropastoral,2
sheep_maize_tot_lag6,0.0,agropastoral,2
sheep_maize_tot_lag12,0.0,agropastoral,2
maize_yield,0.0019964327,agropastoral,2
maize_yield_anomaly,0.0054351687,agropastoral,2
wheat_yield,0.00554572,agropastoral,2
wheat_yield_anomaly,0.0022973153,agropastoral,2
sorghum_yield,0.0028529475,agropastoral,2
sorghum_yield_anomaly,0.023436647,agropastoral,2
teff_yield,0.0,agropastoral,2
teff_yield_anomaly,0.0019269334,agropastoral,2
headline_cpi,0.028385282,agropastoral,2
headline_cpi_lag1,0.0,agropastoral,2
headline_cpi_lag3,0.0,agropastoral,2
headline_cpi_lag6,0.0,agropastoral,2
headline_cpi_lag12,0.0011012831,agropastoral,2
headline_cpi_yoy_change,0.0011161866,agropastoral,2
headline_cpi_yoy_change_lag1,0.0,agropastoral,2
headline_cpi_yoy_change_lag3,0.0057358034,agropastoral,2
headline_cpi_yoy_change_lag6,0.00497546,agropastoral,2
headline_cpi_yoy_change_lag12,0.012811119,agropastoral,2
food_cpi,0.0,agropastoral,2
food_cpi_lag1,0.0,agropastoral,2
food_cpi_lag3,0.0,agropastoral,2
food_cpi_lag6,0.0,agropastoral,2
food_cpi_lag12,0.006433207,agropastoral,2
food_cpi_yoy_change,0.0007400348,agropastoral,2
food_cpi_yoy_change_lag1,0.0,agropastoral,2
food_cpi_yoy_change_lag3,0.005007116,agropastoral,2
food_cpi_yoy_change_lag6,0.0,agropastoral,2
food_cpi_yoy_change_lag12,0.0013138275,agropastoral,2
headline_cpi_chainlinked,0.0,agropastoral,2
headline_cpi_chainlinked_lag1,0.0,agropastoral,2
headline_cpi_chainlinked_lag3,0.0,agropastoral,2
headline_cpi_chainlinked_lag6,0.0,agropastoral,2
headline_cpi_chainlinked_lag12,0.0,agropastoral,2
food_cpi_chainlinked,0.0,agropastoral,2
food_cpi_chainlinked_lag1,0.0,agropastoral,2
food_cpi_chainlinked_lag3,0.0,agropastoral,2
food_cpi_chainlinked_lag6,0.0,agropastoral,2
food_cpi_chainlinked_lag12,0.0,agropastoral,2
exchange_rate,0.0,agropastoral,2
exchange_rate_lag1,0.0,agropastoral,2
exchange_rate_lag3,0.0,agropastoral,2
exchange_rate_lag6,0.0,agropastoral,2
exchange_rate_lag12,0.0,agropastoral,2
exchange_rate_yoy_change,0.0032961974,agropastoral,2
exchange_rate_yoy_change_lag1,0.0062853284,agropastoral,2
exchange_rate_yoy_change_lag3,0.0013435289,agropastoral,2
exchange_rate_yoy_change_lag6,0.0058347257,agropastoral,2
exchange_rate_yoy_change_lag12,0.0011561924,agropastoral,2
gdp_per_capita,0.0,agropastoral,2
gdp_per_capita_yoy_change,0.0,agropastoral,2
iod,0.0,agropastoral,2
mei,0.0002698614,agropastoral,2
nino34,0.0080426885,agropastoral,2
iod_lag1,0.0,agropastoral,2
iod_lag3,0.021434553,agropastoral,2
iod_lag6,0.0014653149,agropastoral,2
mei_lag1,0.005868292,agropastoral,2
mei_lag3,0.017731586,agropastoral,2
mei_lag6,0.0,agropastoral,2
nino34_lag1,0.005471897,agropastoral,2
nino34_lag3,0.0,agropastoral,2
nino34_lag6,0.0011806646,agropastoral,2
wvg,0.009386596,agropastoral,2
wvg_lag1yr,0.0064274594,agropastoral,2
wvg_lag2yr,0.0052864873,agropastoral,2
wvg_lag3yr,0.028835936,agropastoral,2
season_national_belg_meher,0.0,agropastoral,2
season_somali_gu_deyr,0.0,agropastoral,2
months_since_assessment,0.0,crop_farming,2
pct_pastoral,0.0028306209,crop_farming,2
pct_agropastoral,0.0017883227,crop_farming,2
pct_crop_farming,0.0045380616,crop_farming,2
is_harvest_season,0.0025942891,crop_farming,2
is_lean_season,0.0052436413,crop_farming,2
is_dry_season,0.005917976,crop_farming,2
months_since_harvest_start,0.0,crop_farming,2
months_since_lean_start,0.011065087,crop_farming,2
glofas_reach_count,0.0056043803,crop_farming,2
agss_surveyed_flag,0.0,crop_farming,2
ipc_lag1,0.10331465,crop_farming,2
ipc_lag4,0.0024710898,crop_farming,2
ipc_lag8,0.008040493,crop_farming,2
ipc_mean12,0.026590643,crop_farming,2
ha_share_lag1,0.008484307,crop_farming,2
ha_share_lag4,0.0033699519,crop_farming,2
ha_share_lag8,0.003444602,crop_farming,2
ha_share_mean12,0.02912398,crop_farming,2
total_rainfall_mm,0.001989926,crop_farming,2
wet_days,0.0023847315,crop_farming,2
max_dry_spell_length,0.0056752823,crop_farming,2
rainfall_sum_1m,0.0,crop_farming,2
rainfall_sum_3m,0.0056021474,crop_farming,2
rainfall_sum_6m,0.033005077,crop_farming,2
rainfall_sum_12m,0.0033930035,crop_farming,2
rainfall_sum_24m,0.003819907,crop_farming,2
spi_1,0.0082557155,crop_farming,2
spi_3,0.016608369,crop_farming,2
spi_6,0.0054084975,crop_farming,2
spi_12,0.0035792168,crop_farming,2
spi_24,0.0020850492,crop_farming,2
pet_mm,0.003088871,crop_farming,2
sm_root,0.0026274766,crop_farming,2
precip_mm,0.0,crop_farming,2
spei_balance_mm,0.0019255201,crop_farming,2
sm_mean_1m,0.0,crop_farming,2
spei_balance_sum_1m,0.0,crop_farming,2
sm_mean_3m,0.008784951,crop_farming,2
spei_balance_sum_3m,0.0070886025,crop_farming,2
sm_mean_6m,0.005909595,crop_farming,2
spei_balance_sum_6m,0.062861025,crop_farming,2
sm_mean_12m,0.0024448535,crop_farming,2
spei_balance_sum_12m,0.0052084634,crop_farming,2
sm_mean_24m,0.001897798,crop_farming,2
spei_balance_sum_24m,0.0013311217,crop_farming,2
ssmi_1,0.008353053,crop_farming,2
ssmi_3,0.008682876,crop_farming,2
ssmi_6,0.0016247343,crop_farming,2
ssmi_12,0.0036892141,crop_farming,2
ssmi_24,0.0023424227,crop_farming,2
spei_1,0.0031434456,crop_farming,2
spei_3,0.0064538354,crop_farming,2
spei_6,0.0015699443,crop_farming,2
spei_12,0.029110456,crop_farming,2
spei_24,0.001402007,crop_farming,2
ndvi,0.007721508,crop_farming,2
ndvi_anomaly,0.0034737308,crop_farming,2
ndvi_lag1,0.0,crop_farming,2
ndvi_lag3,0.0064919777,crop_farming,2
ndvi_lag6,0.002512915,crop_farming,2
ndvi_lag12,0.0042902143,crop_farming,2
ndvi_anomaly_lag1,0.0027703077,crop_farming,2
ndvi_anomaly_lag3,0.003828841,crop_farming,2
ndvi_anomaly_lag6,0.0012621111,crop_farming,2
ndvi_anomaly_lag12,0.0023497199,crop_farming,2
ndvi_cropland,0.0027029458,crop_farming,2
ndvi_cropland_anomaly,0.003953017,crop_farming,2
ndvi_cropland_lag1,0.0,crop_farming,2
ndvi_cropland_lag3,0.002975939,crop_farming,2
ndvi_cropland_lag6,0.0044820476,crop_farming,2
ndvi_cropland_lag12,0.0011433299,crop_farming,2
ndvi_cropland_anomaly_lag1,0.0028741234,crop_farming,2
ndvi_cropland_anomaly_lag3,0.0014875262,crop_farming,2
ndvi_cropland_anomaly_lag6,0.0010836534,crop_farming,2
ndvi_cropland_anomaly_lag12,0.0032895387,crop_farming,2
ndvi_rangeland,0.0049181897,crop_farming,2
ndvi_rangeland_anomaly,0.004642041,crop_farming,2
ndvi_rangeland_lag1,0.0015728456,crop_farming,2
ndvi_rangeland_lag3,0.0017359919,crop_farming,2
ndvi_rangeland_lag6,0.0037042573,crop_farming,2
ndvi_rangeland_lag12,0.0030576899,crop_farming,2
ndvi_rangeland_anomaly_lag1,0.0024686218,crop_farming,2
ndvi_rangeland_anomaly_lag3,0.0037939367,crop_farming,2
ndvi_rangeland_anomaly_lag6,0.0010963826,crop_farming,2
ndvi_rangeland_anomaly_lag12,0.0012861082,crop_farming,2
maize_price_etb,0.002115526,crop_farming,2
maize_price_etb_lag1,0.0017571285,crop_farming,2
maize_price_etb_lag3,0.00069902284,crop_farming,2
maize_price_etb_lag6,0.0,crop_farming,2
maize_price_etb_lag12,0.0021522318,crop_farming,2
maize_price_index,0.00085228315,crop_farming,2
maize_price_index_lag1,0.00204001,crop_farming,2
maize_price_index_lag3,0.0017516928,crop_farming,2
maize_price_index_lag6,0.0006353913,crop_farming,2
maize_price_index_lag12,0.0,crop_farming,2
maize_n_markets,0.0,crop_farming,2
wheat_price_etb,0.0005365631,crop_farming,2
wheat_price_etb_lag1,0.0,crop_farming,2
wheat_price_etb_lag3,0.0032952882,crop_farming,2
wheat_price_etb_lag6,0.0035436726,crop_farming,2
wheat_price_etb_lag12,0.0,crop_farming,2
wheat_price_index,0.0044881515,crop_farming,2
wheat_price_index_lag1,0.002043294,crop_farming,2
wheat_price_index_lag3,7.65769e-05,crop_farming,2
wheat_price_index_lag6,0.001178261,crop_farming,2
wheat_price_index_lag12,0.0016551021,crop_farming,2
wheat_n_markets,0.0,crop_farming,2
sorghum_price_etb,0.0022376108,crop_farming,2
sorghum_price_etb_lag1,0.001401827,crop_farming,2
sorghum_price_etb_lag3,0.0034677894,crop_farming,2
sorghum_price_etb_lag6,0.0,crop_farming,2
sorghum_price_etb_lag12,0.0,crop_farming,2
sorghum_price_index,0.003166127,crop_farming,2
sorghum_price_index_lag1,0.004033909,crop_farming,2
sorghum_price_index_lag3,0.0,crop_farming,2
sorghum_price_index_lag6,0.0026620089,crop_farming,2
sorghum_price_index_lag12,0.0025739572,crop_farming,2
sorghum_n_markets,0.0,crop_farming,2
teff_price_etb,0.0,crop_farming,2
teff_price_etb_lag1,0.0,crop_farming,2
teff_price_etb_lag3,0.0,crop_farming,2
teff_price_etb_lag6,0.0,crop_farming,2
teff_price_etb_lag12,0.0,crop_farming,2
teff_price_index,0.0,crop_farming,2
teff_price_index_lag1,0.0,crop_farming,2
teff_price_index_lag3,0.0,crop_farming,2
teff_price_index_lag6,0.0,crop_farming,2
teff_price_index_lag12,0.0,crop_farming,2
teff_n_markets,0.0,crop_farming,2
fuel_diesel_price_etb,0.0,crop_farming,2
fuel_diesel_price_etb_lag1,0.0,crop_farming,2
fuel_diesel_price_etb_lag3,0.0,crop_farming,2
fuel_diesel_price_etb_lag6,0.0,crop_farming,2
fuel_diesel_price_etb_lag12,0.0,crop_farming,2
fuel_diesel_price_index,0.0,crop_farming,2
fuel_diesel_price_index_lag1,0.0,crop_farming,2
fuel_diesel_price_index_lag3,0.0,crop_farming,2
fuel_diesel_price_index_lag6,0.0,crop_farming,2
fuel_diesel_price_index_lag12,0.0,crop_farming,2
fuel_diesel_n_markets,0.0,crop_farming,2
fuel_petrol_price_etb,0.0,crop_farming,2
fuel_petrol_price_etb_lag1,0.0,crop_farming,2
fuel_petrol_price_etb_lag3,0.0,crop_farming,2
fuel_petrol_price_etb_lag6,0.0,crop_farming,2
fuel_petrol_price_etb_lag12,0.0,crop_farming,2
fuel_petrol_price_index,0.0,crop_farming,2
fuel_petrol_price_index_lag1,0.0,crop_farming,2
fuel_petrol_price_index_lag3,0.0,crop_farming,2
fuel_petrol_price_index_lag6,0.0,crop_farming,2
fuel_petrol_price_index_lag12,0.0,crop_farming,2
fuel_petrol_n_markets,0.0,crop_farming,2
livestock_goat_price_etb,0.0,crop_farming,2
livestock_goat_price_etb_lag1,0.0,crop_farming,2
livestock_goat_price_etb_lag3,0.0,crop_farming,2
livestock_goat_price_etb_lag6,0.0,crop_farming,2
livestock_goat_price_etb_lag12,0.0,crop_farming,2
livestock_goat_price_index,0.0,crop_farming,2
livestock_goat_price_index_lag1,0.0,crop_farming,2
livestock_goat_price_index_lag3,0.0,crop_farming,2
livestock_goat_price_index_lag6,0.0,crop_farming,2
livestock_goat_price_index_lag12,0.0,crop_farming,2
livestock_goat_n_markets,0.0,crop_farming,2
livestock_sheep_price_etb,0.0,crop_farming,2
livestock_sheep_price_etb_lag1,0.0,crop_farming,2
livestock_sheep_price_etb_lag3,0.0,crop_farming,2
livestock_sheep_price_etb_lag6,0.0,crop_farming,2
livestock_sheep_price_etb_lag12,0.0,crop_farming,2
livestock_sheep_price_index,0.0,crop_farming,2
livestock_sheep_price_index_lag1,0.0,crop_farming,2
livestock_sheep_price_index_lag3,0.0,crop_farming,2
livestock_sheep_price_index_lag6,0.0,crop_farming,2
livestock_sheep_price_index_lag12,0.0,crop_farming,2
livestock_sheep_n_markets,0.0,crop_farming,2
goat_maize_tot,0.0,crop_farming,2
goat_maize_tot_lag1,0.0,crop_farming,2
goat_maize_tot_lag3,0.0,crop_farming,2
goat_maize_tot_lag6,0.0,crop_farming,2
goat_maize_tot_lag12,0.0,crop_farming,2
sheep_maize_tot,0.0,crop_farming,2
sheep_maize_tot_lag1,0.0,crop_farming,2
sheep_maize_tot_lag3,0.0,crop_farming,2
sheep_maize_tot_lag6,0.0,crop_farming,2
sheep_maize_tot_lag12,0.0,crop_farming,2
maize_yield,0.0015021841,crop_farming,2
maize_yield_anomaly,0.0028237745,crop_farming,2
wheat_yield,0.002132554,crop_farming,2
wheat_yield_anomaly,0.0026522672,crop_farming,2
sorghum_yield,0.0028413585,crop_farming,2
sorghum_yield_anomaly,0.00088839413,crop_farming,2
teff_yield,0.00578926,crop_farming,2
teff_yield_anomaly,0.003200318,crop_farming,2
headline_cpi,0.021653796,crop_farming,2
headline_cpi_lag1,0.0,crop_farming,2
headline_cpi_lag3,0.001877471,crop_farming,2
headline_cpi_lag6,0.0021199542,crop_farming,2
headline_cpi_lag12,0.008311401,crop_farming,2
headline_cpi_yoy_change,0.0045795236,crop_farming,2
headline_cpi_yoy_change_lag1,0.014048382,crop_farming,2
headline_cpi_yoy_change_lag3,0.003469797,crop_farming,2
headline_cpi_yoy_change_lag6,0.006125034,crop_farming,2
headline_cpi_yoy_change_lag12,0.017854253,crop_farming,2
food_cpi,0.015496584,crop_farming,2
food_cpi_lag1,0.0,crop_farming,2
food_cpi_lag3,0.0,crop_farming,2
food_cpi_lag6,0.0,crop_farming,2
food_cpi_lag12,0.0019062463,crop_farming,2
food_cpi_yoy_change,0.001434555,crop_farming,2
food_cpi_yoy_change_lag1,0.015305863,crop_farming,2
food_cpi_yoy_change_lag3,0.04440527,crop_farming,2
food_cpi_yoy_change_lag6,0.012617576,crop_farming,2
food_cpi_yoy_change_lag12,0.0037667472,crop_farming,2
headline_cpi_chainlinked,0.0,crop_farming,2
headline_cpi_chainlinked_lag1,0.0,crop_farming,2
headline_cpi_chainlinked_lag3,0.0,crop_farming,2
headline_cpi_chainlinked_lag6,0.0,crop_farming,2
headline_cpi_chainlinked_lag12,0.0,crop_farming,2
food_cpi_chainlinked,0.0,crop_farming,2
food_cpi_chainlinked_lag1,0.0,crop_farming,2
food_cpi_chainlinked_lag3,0.0,crop_farming,2
food_cpi_chainlinked_lag6,0.0,crop_farming,2
food_cpi_chainlinked_lag12,0.0,crop_farming,2
exchange_rate,0.0,crop_farming,2
exchange_rate_lag1,0.0,crop_farming,2
exchange_rate_lag3,0.0,crop_farming,2
exchange_rate_lag6,0.0,crop_farming,2
exchange_rate_lag12,0.0,crop_farming,2
exchange_rate_yoy_change,0.009034056,crop_farming,2
exchange_rate_yoy_change_lag1,0.0023648394,crop_farming,2
exchange_rate_yoy_change_lag3,0.008575635,crop_farming,2
exchange_rate_yoy_change_lag6,0.01891492,crop_farming,2
exchange_rate_yoy_change_lag12,0.007297411,crop_farming,2
gdp_per_capita,0.0,crop_farming,2
gdp_per_capita_yoy_change,0.0,crop_farming,2
iod,0.004173,crop_farming,2
mei,0.006032509,crop_farming,2
nino34,0.00897815,crop_farming,2
iod_lag1,0.012769362,crop_farming,2
iod_lag3,0.009163382,crop_farming,2
iod_lag6,0.0034318557,crop_farming,2
mei_lag1,0.008478964,crop_farming,2
mei_lag3,0.006400463,crop_farming,2
mei_lag6,0.010595167,crop_farming,2
nino34_lag1,0.015037346,crop_farming,2
nino34_lag3,0.018713327,crop_farming,2
nino34_lag6,0.009062815,crop_farming,2
wvg,0.002239488,crop_farming,2
wvg_lag1yr,0.004598102,crop_farming,2
wvg_lag2yr,0.0019989135,crop_farming,2
wvg_lag3yr,0.014235417,crop_farming,2
season_benishangul_meher_only,0.0,crop_farming,2
season_national_belg_meher,0.0,crop_farming,2
months_since_assessment,0.0,pastoral,3
pct_pastoral,0.0070147393,pastoral,3
pct_agropastoral,0.0018229136,pastoral,3
pct_crop_farming,0.0027036122,pastoral,3
is_harvest_season,0.001532586,pastoral,3
is_lean_season,0.0,pastoral,3
is_dry_season,0.0038716523,pastoral,3
months_since_harvest_start,0.008167486,pastoral,3
months_since_lean_start,0.011536865,pastoral,3
glofas_reach_count,0.0021410352,pastoral,3
agss_surveyed_flag,0.0034019009,pastoral,3
ipc_lag1,0.08123466,pastoral,3
ipc_lag4,0.0022506271,pastoral,3
ipc_lag8,0.004846629,pastoral,3
ipc_mean12,0.0062061027,pastoral,3
ha_share_lag1,0.0025990198,pastoral,3
ha_share_lag4,0.0017970324,pastoral,3
ha_share_lag8,0.0036289135,pastoral,3
ha_share_mean12,0.00262567,pastoral,3
total_rainfall_mm,0.0005489826,pastoral,3
wet_days,0.0014633762,pastoral,3
max_dry_spell_length,0.0027031533,pastoral,3
rainfall_sum_1m,0.0,pastoral,3
rainfall_sum_3m,0.007342846,pastoral,3
rainfall_sum_6m,0.0029128527,pastoral,3
rainfall_sum_12m,0.005566645,pastoral,3
rainfall_sum_24m,0.0045106076,pastoral,3
spi_1,0.0040283897,pastoral,3
spi_3,0.021346673,pastoral,3
spi_6,0.014825777,pastoral,3
spi_12,0.0049103047,pastoral,3
spi_24,0.004990838,pastoral,3
pet_mm,0.0016353569,pastoral,3
sm_root,0.018076325,pastoral,3
precip_mm,0.0,pastoral,3
spei_balance_mm,0.003670678,pastoral,3
sm_mean_1m,0.0,pastoral,3
spei_balance_sum_1m,0.0,pastoral,3
sm_mean_3m,0.0057164426,pastoral,3
spei_balance_sum_3m,0.0023985156,pastoral,3
sm_mean_6m,0.007662786,pastoral,3
spei_balance_sum_6m,0.018109674,pastoral,3
sm_mean_12m,0.04348817,pastoral,3
spei_balance_sum_12m,0.011922327,pastoral,3
sm_mean_24m,0.004585739,pastoral,3
spei_balance_sum_24m,0.012781381,pastoral,3
ssmi_1,0.017217772,pastoral,3
ssmi_3,0.0024672893,pastoral,3
ssmi_6,0.006281665,pastoral,3
ssmi_12,0.00503088,pastoral,3
ssmi_24,0.00430275,pastoral,3
spei_1,0.0030072208,pastoral,3
spei_3,0.004641264,pastoral,3
spei_6,0.020702152,pastoral,3
spei_12,0.009611638,pastoral,3
spei_24,0.001263385,pastoral,3
ndvi,0.0016085792,pastoral,3
ndvi_anomaly,0.004050451,pastoral,3
ndvi_lag1,0.0020965294,pastoral,3
ndvi_lag3,0.0017542423,pastoral,3
ndvi_lag6,0.0008634737,pastoral,3
ndvi_lag12,0.0010776557,pastoral,3
ndvi_anomaly_lag1,0.0011475205,pastoral,3
ndvi_anomaly_lag3,0.0042058397,pastoral,3
ndvi_anomaly_lag6,0.0047831153,pastoral,3
ndvi_anomaly_lag12,0.0040348778,pastoral,3
ndvi_cropland,0.0056846486,pastoral,3
ndvi_cropland_anomaly,0.002748494,pastoral,3
ndvi_cropland_lag1,0.0037036233,pastoral,3
ndvi_cropland_lag3,0.0033112036,pastoral,3
ndvi_cropland_lag6,0.0031399007,pastoral,3
ndvi_cropland_lag12,0.0058741667,pastoral,3
ndvi_cropland_anomaly_lag1,0.0028836578,pastoral,3
ndvi_cropland_anomaly_lag3,0.005415669,pastoral,3
ndvi_cropland_anomaly_lag6,0.002733151,pastoral,3
ndvi_cropland_anomaly_lag12,0.0045372713,pastoral,3
ndvi_rangeland,0.0048966384,pastoral,3
ndvi_rangeland_anomaly,0.0011288289,pastoral,3
ndvi_rangeland_lag1,0.0048712776,pastoral,3
ndvi_rangeland_lag3,0.0036414957,pastoral,3
ndvi_rangeland_lag6,0.004572478,pastoral,3
ndvi_rangeland_lag12,0.00021216084,pastoral,3
ndvi_rangeland_anomaly_lag1,0.00043466262,pastoral,3
ndvi_rangeland_anomaly_lag3,0.0049031563,pastoral,3
ndvi_rangeland_anomaly_lag6,0.015474666,pastoral,3
ndvi_rangeland_anomaly_lag12,0.002804123,pastoral,3
maize_price_etb,0.0014817861,pastoral,3
maize_price_etb_lag1,0.0022436918,pastoral,3
maize_price_etb_lag3,0.0039482885,pastoral,3
maize_price_etb_lag6,0.00677119,pastoral,3
maize_price_etb_lag12,0.0027309563,pastoral,3
maize_price_index,0.0016558112,pastoral,3
maize_price_index_lag1,0.0020302888,pastoral,3
maize_price_index_lag3,0.0,pastoral,3
maize_price_index_lag6,0.0030749403,pastoral,3
maize_price_index_lag12,0.0,pastoral,3
maize_n_markets,0.0,pastoral,3
wheat_price_etb,0.0022699041,pastoral,3
wheat_price_etb_lag1,0.00261711,pastoral,3
wheat_price_etb_lag3,0.0006254443,pastoral,3
wheat_price_etb_lag6,0.0022643956,pastoral,3
wheat_price_etb_lag12,0.0072516236,pastoral,3
wheat_price_index,0.0020964143,pastoral,3
wheat_price_index_lag1,0.0,pastoral,3
wheat_price_index_lag3,0.0,pastoral,3
wheat_price_index_lag6,0.0,pastoral,3
wheat_price_index_lag12,0.007063107,pastoral,3
wheat_n_markets,0.0,pastoral,3
sorghum_price_etb,0.0,pastoral,3
sorghum_price_etb_lag1,0.0,pastoral,3
sorghum_price_etb_lag3,0.0031255158,pastoral,3
sorghum_price_etb_lag6,0.0032299382,pastoral,3
sorghum_price_etb_lag12,0.008816601,pastoral,3
sorghum_price_index,0.0,pastoral,3
sorghum_price_index_lag1,0.0,pastoral,3
sorghum_price_index_lag3,0.0,pastoral,3
sorghum_price_index_lag6,0.0,pastoral,3
sorghum_price_index_lag12,0.0051746517,pastoral,3
sorghum_n_markets,0.0,pastoral,3
teff_price_etb,0.0,pastoral,3
teff_price_etb_lag1,0.0,pastoral,3
teff_price_etb_lag3,0.0,pastoral,3
teff_price_etb_lag6,0.0,pastoral,3
teff_price_etb_lag12,0.0,pastoral,3
teff_price_index,0.0,pastoral,3
teff_price_index_lag1,0.0,pastoral,3
teff_price_index_lag3,0.0,pastoral,3
teff_price_index_lag6,0.0,pastoral,3
teff_price_index_lag12,0.0,pastoral,3
teff_n_markets,0.0,pastoral,3
fuel_diesel_price_etb,0.0,pastoral,3
fuel_diesel_price_etb_lag1,0.0,pastoral,3
fuel_diesel_price_etb_lag3,0.0,pastoral,3
fuel_diesel_price_etb_lag6,0.0,pastoral,3
fuel_diesel_price_etb_lag12,0.0,pastoral,3
fuel_diesel_price_index,0.0,pastoral,3
fuel_diesel_price_index_lag1,0.0,pastoral,3
fuel_diesel_price_index_lag3,0.0,pastoral,3
fuel_diesel_price_index_lag6,0.0,pastoral,3
fuel_diesel_price_index_lag12,0.0,pastoral,3
fuel_diesel_n_markets,0.0,pastoral,3
fuel_petrol_n_markets,0.0,pastoral,3
livestock_goat_price_etb,0.0,pastoral,3
livestock_goat_price_etb_lag1,0.0,pastoral,3
livestock_goat_price_etb_lag3,0.0,pastoral,3
livestock_goat_price_etb_lag6,0.0,pastoral,3
livestock_goat_price_etb_lag12,0.0,pastoral,3
livestock_goat_price_index,0.0,pastoral,3
livestock_goat_price_index_lag1,0.0,pastoral,3
livestock_goat_price_index_lag3,0.0,pastoral,3
livestock_goat_price_index_lag6,0.0,pastoral,3
livestock_goat_price_index_lag12,0.0,pastoral,3
livestock_goat_n_markets,0.0,pastoral,3
livestock_sheep_price_etb,0.0,pastoral,3
livestock_sheep_price_etb_lag1,0.0,pastoral,3
livestock_sheep_price_etb_lag3,0.0,pastoral,3
livestock_sheep_price_etb_lag6,0.0,pastoral,3
livestock_sheep_price_etb_lag12,0.0,pastoral,3
livestock_sheep_price_index,0.0,pastoral,3
livestock_sheep_price_index_lag1,0.0,pastoral,3
livestock_sheep_price_index_lag3,0.0,pastoral,3
livestock_sheep_price_index_lag6,0.0,pastoral,3
livestock_sheep_price_index_lag12,0.0,pastoral,3
livestock_sheep_n_markets,0.0,pastoral,3
goat_maize_tot,0.0,pastoral,3
goat_maize_tot_lag1,0.0,pastoral,3
goat_maize_tot_lag3,0.0,pastoral,3
goat_maize_tot_lag6,0.0,pastoral,3
goat_maize_tot_lag12,0.0,pastoral,3
sheep_maize_tot,0.0,pastoral,3
sheep_maize_tot_lag1,0.0,pastoral,3
sheep_maize_tot_lag3,0.0,pastoral,3
sheep_maize_tot_lag6,0.0,pastoral,3
sheep_maize_tot_lag12,0.0,pastoral,3
maize_yield,0.0053385124,pastoral,3
maize_yield_anomaly,0.0022946978,pastoral,3
wheat_yield,0.00058933947,pastoral,3
wheat_yield_anomaly,0.0,pastoral,3
sorghum_yield,0.0,pastoral,3
sorghum_yield_anomaly,0.0008084283,pastoral,3
teff_yield,0.0,pastoral,3
teff_yield_anomaly,0.0,pastoral,3
headline_cpi,0.0,pastoral,3
headline_cpi_lag1,0.022795664,pastoral,3
headline_cpi_lag3,0.0051048743,pastoral,3
headline_cpi_lag6,0.024877245,pastoral,3
headline_cpi_lag12,0.002659495,pastoral,3
headline_cpi_yoy_change,0.013660933,pastoral,3
headline_cpi_yoy_change_lag1,0.0066077416,pastoral,3
headline_cpi_yoy_change_lag3,0.012724888,pastoral,3
headline_cpi_yoy_change_lag6,0.002800178,pastoral,3
headline_cpi_yoy_change_lag12,0.0047691464,pastoral,3
food_cpi,0.016456077,pastoral,3
food_cpi_lag1,0.0,pastoral,3
food_cpi_lag3,0.0,pastoral,3
food_cpi_lag6,0.0,pastoral,3
food_cpi_lag12,0.0,pastoral,3
food_cpi_yoy_change,0.0,pastoral,3
food_cpi_yoy_change_lag1,0.03506937,pastoral,3
food_cpi_yoy_change_lag3,0.0,pastoral,3
food_cpi_yoy_change_lag6,0.008192506,pastoral,3
food_cpi_yoy_change_lag12,0.01688483,pastoral,3
headline_cpi_chainlinked,0.0,pastoral,3
headline_cpi_chainlinked_lag1,0.0,pastoral,3
headline_cpi_chainlinked_lag3,0.0,pastoral,3
headline_cpi_chainlinked_lag6,0.0,pastoral,3
headline_cpi_chainlinked_lag12,0.0,pastoral,3
food_cpi_chainlinked,0.0,pastoral,3
food_cpi_chainlinked_lag1,0.0,pastoral,3
food_cpi_chainlinked_lag3,0.0,pastoral,3
food_cpi_chainlinked_lag6,0.0,pastoral,3
food_cpi_chainlinked_lag12,0.0,pastoral,3
exchange_rate,0.0,pastoral,3
exchange_rate_lag1,0.0,pastoral,3
exchange_rate_lag3,0.0,pastoral,3
exchange_rate_lag6,0.0,pastoral,3
exchange_rate_lag12,0.0,pastoral,3
exchange_rate_yoy_change,0.00045633427,pastoral,3
exchange_rate_yoy_change_lag1,0.0061495504,pastoral,3
exchange_rate_yoy_change_lag3,0.0,pastoral,3
exchange_rate_yoy_change_lag6,0.0040432177,pastoral,3
exchange_rate_yoy_change_lag12,0.0072821407,pastoral,3
gdp_per_capita,0.0,pastoral,3
gdp_per_capita_yoy_change,0.0024075855,pastoral,3
iod,0.021889076,pastoral,3
mei,0.010984909,pastoral,3
nino34,0.016118472,pastoral,3
iod_lag1,0.015222767,pastoral,3
iod_lag3,0.0027981056,pastoral,3
iod_lag6,0.009468483,pastoral,3
mei_lag1,0.0,pastoral,3
mei_lag3,0.0014946691,pastoral,3
mei_lag6,0.014073302,pastoral,3
nino34_lag1,0.0065476336,pastoral,3
nino34_lag3,0.0,pastoral,3
nino34_lag6,0.0,pastoral,3
wvg,0.0014790458,pastoral,3
wvg_lag1yr,0.023800697,pastoral,3
wvg_lag2yr,0.01776738,pastoral,3
wvg_lag3yr,0.00817742,pastoral,3
glofas_exceed_20yr,0.0039999946,pastoral,3
glofas_exceed_2yr,0.0037866507,pastoral,3
seasonal_overlaps_belg,0.0033977884,pastoral,3
seasonal_overlaps_deyr,0.011117162,pastoral,3
seasonal_overlaps_gu,0.0,pastoral,3
seasonal_overlaps_kiremt,0.0,pastoral,3
seasonal_precip_prob_above,0.0,pastoral,3
seasonal_precip_prob_below,0.006663374,pastoral,3
seasonal_precip_prob_near,0.0067985607,pastoral,3
season_national_belg_meher,0.008271211,pastoral,3
season_somali_gu_deyr,0.0,pastoral,3
months_since_assessment,0.0,agropastoral,3
pct_pastoral,0.0011683068,agropastoral,3
pct_agropastoral,0.0015105737,agropastoral,3
pct_crop_farming,0.0005942339,agropastoral,3
is_harvest_season,0.0004250693,agropastoral,3
is_lean_season,0.0012564125,agropastoral,3
is_dry_season,0.001420633,agropastoral,3
months_since_harvest_start,0.0006126177,agropastoral,3
months_since_lean_start,0.008682958,agropastoral,3
glofas_reach_count,0.0035962074,agropastoral,3
agss_surveyed_flag,0.0,agropastoral,3
ipc_lag1,0.08176941,agropastoral,3
ipc_lag4,0.00060402026,agropastoral,3
ipc_lag8,0.0060267695,agropastoral,3
ipc_mean12,0.004258959,agropastoral,3
ha_share_lag1,0.0035841363,agropastoral,3
ha_share_lag4,0.00031854105,agropastoral,3
ha_share_lag8,0.011858994,agropastoral,3
ha_share_mean12,0.02307434,agropastoral,3
total_rainfall_mm,0.0022868882,agropastoral,3
wet_days,0.0014127842,agropastoral,3
max_dry_spell_length,0.0017347183,agropastoral,3
rainfall_sum_1m,0.0,agropastoral,3
rainfall_sum_3m,0.0036638675,agropastoral,3
rainfall_sum_6m,0.0041271616,agropastoral,3
rainfall_sum_12m,0.0123807145,agropastoral,3
rainfall_sum_24m,0.0020383366,agropastoral,3
spi_1,0.012240926,agropastoral,3
spi_3,0.004945982,agropastoral,3
spi_6,0.0062537007,agropastoral,3
spi_12,0.005086277,agropastoral,3
spi_24,0.01026016,agropastoral,3
pet_mm,0.0016945626,agropastoral,3
sm_root,0.0,agropastoral,3
precip_mm,0.0,agropastoral,3
spei_balance_mm,0.0011015488,agropastoral,3
sm_mean_1m,0.0,agropastoral,3
spei_balance_sum_1m,0.0,agropastoral,3
sm_mean_3m,0.0,agropastoral,3
spei_balance_sum_3m,0.0005153446,agropastoral,3
sm_mean_6m,0.0114173,agropastoral,3
spei_balance_sum_6m,0.01155042,agropastoral,3
sm_mean_12m,0.039664336,agropastoral,3
spei_balance_sum_12m,0.00808834,agropastoral,3
sm_mean_24m,0.0016117304,agropastoral,3
spei_balance_sum_24m,0.0041804123,agropastoral,3
ssmi_1,0.004397547,agropastoral,3
ssmi_3,0.0018599,agropastoral,3
ssmi_6,0.019318404,agropastoral,3
ssmi_12,0.0023929344,agropastoral,3
ssmi_24,0.0022514074,agropastoral,3
spei_1,0.00067697547,agropastoral,3
spei_3,0.0054713576,agropastoral,3
spei_6,0.019207144,agropastoral,3
spei_12,0.011981973,agropastoral,3
spei_24,0.0008045613,agropastoral,3
ndvi,0.007113288,agropastoral,3
ndvi_anomaly,0.0041187797,agropastoral,3
ndvi_lag1,0.0018985429,agropastoral,3
ndvi_lag3,0.0065223696,agropastoral,3
ndvi_lag6,0.0022146944,agropastoral,3
ndvi_lag12,0.0036128343,agropastoral,3
ndvi_anomaly_lag1,0.00087059673,agropastoral,3
ndvi_anomaly_lag3,0.014870113,agropastoral,3
ndvi_anomaly_lag6,0.0011459562,agropastoral,3
ndvi_anomaly_lag12,0.0025376794,agropastoral,3
ndvi_cropland,0.011637347,agropastoral,3
ndvi_cropland_anomaly,0.0050104028,agropastoral,3
ndvi_cropland_lag1,0.0033956708,agropastoral,3
ndvi_cropland_lag3,0.0029233112,agropastoral,3
ndvi_cropland_lag6,0.0086285835,agropastoral,3
ndvi_cropland_lag12,0.0051084226,agropastoral,3
ndvi_cropland_anomaly_lag1,0.0043797093,agropastoral,3
ndvi_cropland_anomaly_lag3,0.0,agropastoral,3
ndvi_cropland_anomaly_lag6,0.0046079983,agropastoral,3
ndvi_cropland_anomaly_lag12,0.00236172,agropastoral,3
ndvi_rangeland,0.0,agropastoral,3
ndvi_rangeland_anomaly,0.0058529605,agropastoral,3
ndvi_rangeland_lag1,0.011055697,agropastoral,3
ndvi_rangeland_lag3,0.024775991,agropastoral,3
ndvi_rangeland_lag6,0.013334769,agropastoral,3
ndvi_rangeland_lag12,0.0,agropastoral,3
ndvi_rangeland_anomaly_lag1,0.0016275184,agropastoral,3
ndvi_rangeland_anomaly_lag3,0.006521528,agropastoral,3
ndvi_rangeland_anomaly_lag6,0.009139898,agropastoral,3
ndvi_rangeland_anomaly_lag12,0.0048489887,agropastoral,3
maize_price_etb,0.013546602,agropastoral,3
maize_price_etb_lag1,0.012481646,agropastoral,3
maize_price_etb_lag3,0.028083663,agropastoral,3
maize_price_etb_lag6,0.0050639883,agropastoral,3
maize_price_etb_lag12,0.0,agropastoral,3
maize_price_index,0.017006002,agropastoral,3
maize_price_index_lag1,0.0,agropastoral,3
maize_price_index_lag3,0.0024924646,agropastoral,3
maize_price_index_lag6,0.0,agropastoral,3
maize_price_index_lag12,0.0008303813,agropastoral,3
maize_n_markets,0.0,agropastoral,3
wheat_price_etb,0.0,agropastoral,3
wheat_price_etb_lag1,0.0,agropastoral,3
wheat_price_etb_lag3,0.0,agropastoral,3
wheat_price_etb_lag6,0.0,agropastoral,3
wheat_price_etb_lag12,0.0,agropastoral,3
wheat_price_index,0.0,agropastoral,3
wheat_price_index_lag1,0.0,agropastoral,3
wheat_price_index_lag3,0.0,agropastoral,3
wheat_price_index_lag6,0.0,agropastoral,3
wheat_price_index_lag12,0.0,agropastoral,3
wheat_n_markets,0.0,agropastoral,3
sorghum_price_etb,0.0,agropastoral,3
sorghum_price_etb_lag1,0.0,agropastoral,3
sorghum_price_etb_lag3,0.005700474,agropastoral,3
sorghum_price_etb_lag6,0.0017238958,agropastoral,3
sorghum_price_etb_lag12,0.00047470332,agropastoral,3
sorghum_price_index,0.0,agropastoral,3
sorghum_price_index_lag1,0.0,agropastoral,3
sorghum_price_index_lag3,0.011225656,agropastoral,3
sorghum_price_index_lag6,0.004806352,agropastoral,3
sorghum_price_index_lag12,0.005159922,agropastoral,3
sorghum_n_markets,0.0,agropastoral,3
teff_price_etb,0.0,agropastoral,3
teff_price_etb_lag12,0.0,agropastoral,3
teff_n_markets,0.0,agropastoral,3
fuel_diesel_price_etb,0.0,agropastoral,3
fuel_diesel_price_etb_lag1,0.0,agropastoral,3
fuel_diesel_price_etb_lag3,0.0,agropastoral,3
fuel_diesel_price_etb_lag6,0.0,agropastoral,3
fuel_diesel_price_etb_lag12,0.0,agropastoral,3
fuel_diesel_n_markets,0.0,agropastoral,3
fuel_petrol_n_markets,0.0,agropastoral,3
livestock_goat_price_etb,0.0,agropastoral,3
livestock_goat_price_etb_lag1,0.0,agropastoral,3
livestock_goat_price_etb_lag3,0.0,agropastoral,3
livestock_goat_price_etb_lag6,0.0,agropastoral,3
livestock_goat_price_etb_lag12,0.0,agropastoral,3
livestock_goat_price_index,0.0,agropastoral,3
livestock_goat_price_index_lag1,0.0,agropastoral,3
livestock_goat_price_index_lag3,0.0,agropastoral,3
livestock_goat_price_index_lag6,0.0,agropastoral,3
livestock_goat_price_index_lag12,0.0,agropastoral,3
livestock_goat_n_markets,0.0,agropastoral,3
livestock_sheep_price_etb,0.0,agropastoral,3
livestock_sheep_price_etb_lag1,0.0,agropastoral,3
livestock_sheep_price_etb_lag3,0.0,agropastoral,3
livestock_sheep_price_etb_lag6,0.0,agropastoral,3
livestock_sheep_price_etb_lag12,0.0,agropastoral,3
livestock_sheep_price_index,0.0,agropastoral,3
livestock_sheep_price_index_lag1,0.0,agropastoral,3
livestock_sheep_price_index_lag3,0.0,agropastoral,3
livestock_sheep_price_index_lag6,0.0,agropastoral,3
livestock_sheep_price_index_lag12,0.0,agropastoral,3
livestock_sheep_n_markets,0.0,agropastoral,3
goat_maize_tot,0.0,agropastoral,3
goat_maize_tot_lag1,0.0,agropastoral,3
goat_maize_tot_lag3,0.0,agropastoral,3
goat_maize_tot_lag6,0.0007681447,agropastoral,3
goat_maize_tot_lag12,0.0,agropastoral,3
sheep_maize_tot,0.0,agropastoral,3
sheep_maize_tot_lag1,0.0,agropastoral,3
sheep_maize_tot_lag3,0.0,agropastoral,3
sheep_maize_tot_lag6,0.0,agropastoral,3
sheep_maize_tot_lag12,0.0,agropastoral,3
maize_yield,0.0041092085,agropastoral,3
maize_yield_anomaly,0.0044418247,agropastoral,3
wheat_yield,0.01014682,agropastoral,3
wheat_yield_anomaly,0.016074963,agropastoral,3
sorghum_yield,0.0034803103,agropastoral,3
sorghum_yield_anomaly,0.0051072217,agropastoral,3
teff_yield,0.015277032,agropastoral,3
teff_yield_anomaly,0.019924076,agropastoral,3
headline_cpi,0.02128493,agropastoral,3
headline_cpi_lag1,0.0,agropastoral,3
headline_cpi_lag3,0.0040740767,agropastoral,3
headline_cpi_lag6,0.007993825,agropastoral,3
headline_cpi_lag12,0.001961656,agropastoral,3
headline_cpi_yoy_change,0.030655948,agropastoral,3
headline_cpi_yoy_change_lag1,0.0,agropastoral,3
headline_cpi_yoy_change_lag3,0.0066449656,agropastoral,3
headline_cpi_yoy_change_lag6,0.014870773,agropastoral,3
headline_cpi_yoy_change_lag12,0.0036280276,agropastoral,3
food_cpi,0.0,agropastoral,3
food_cpi_lag1,0.0,agropastoral,3
food_cpi_lag3,0.01356562,agropastoral,3
food_cpi_lag6,0.0,agropastoral,3
food_cpi_lag12,0.0,agropastoral,3
food_cpi_yoy_change,0.0,agropastoral,3
food_cpi_yoy_change_lag1,0.024401078,agropastoral,3
food_cpi_yoy_change_lag3,0.032169912,agropastoral,3
food_cpi_yoy_change_lag6,0.01759791,agropastoral,3
food_cpi_yoy_change_lag12,0.0,agropastoral,3
headline_cpi_chainlinked,0.0,agropastoral,3
headline_cpi_chainlinked_lag1,0.0,agropastoral,3
headline_cpi_chainlinked_lag3,0.0,agropastoral,3
headline_cpi_chainlinked_lag6,0.0,agropastoral,3
headline_cpi_chainlinked_lag12,0.0,agropastoral,3
food_cpi_chainlinked,0.0,agropastoral,3
food_cpi_chainlinked_lag1,0.0,agropastoral,3
food_cpi_chainlinked_lag3,0.0,agropastoral,3
food_cpi_chainlinked_lag6,0.0,agropastoral,3
food_cpi_chainlinked_lag12,0.0,agropastoral,3
exchange_rate,0.0,agropastoral,3
exchange_rate_lag1,0.0,agropastoral,3
exchange_rate_lag3,0.0,agropastoral,3
exchange_rate_lag6,0.0,agropastoral,3
exchange_rate_lag12,0.0,agropastoral,3
exchange_rate_yoy_change,0.000500447,agropastoral,3
exchange_rate_yoy_change_lag1,0.0009836722,agropastoral,3
exchange_rate_yoy_change_lag3,0.0,agropastoral,3
exchange_rate_yoy_change_lag6,0.0,agropastoral,3
exchange_rate_yoy_change_lag12,0.0021829177,agropastoral,3
gdp_per_capita,0.0,agropastoral,3
gdp_per_capita_yoy_change,0.002824374,agropastoral,3
iod,0.0010437676,agropastoral,3
mei,0.001672118,agropastoral,3
nino34,0.0022286256,agropastoral,3
iod_lag1,0.0059695765,agropastoral,3
iod_lag3,0.004488955,agropastoral,3
iod_lag6,0.00085922197,agropastoral,3
mei_lag1,0.003998297,agropastoral,3
mei_lag3,0.012151093,agropastoral,3
mei_lag6,0.0,agropastoral,3
nino34_lag1,0.0,agropastoral,3
nino34_lag3,0.010559422,agropastoral,3
nino34_lag6,0.0007851682,agropastoral,3
wvg,0.0014316702,agropastoral,3
wvg_lag1yr,0.00035355173,agropastoral,3
wvg_lag2yr,0.014136725,agropastoral,3
wvg_lag3yr,0.0,agropastoral,3
glofas_exceed_20yr,0.008985097,agropastoral,3
glofas_exceed_2yr,0.0010863622,agropastoral,3
seasonal_overlaps_belg,0.0,agropastoral,3
seasonal_overlaps_deyr,0.0,agropastoral,3
seasonal_overlaps_gu,0.0,agropastoral,3
seasonal_overlaps_kiremt,0.0,agropastoral,3
seasonal_precip_prob_above,0.0,agropastoral,3
seasonal_precip_prob_below,0.00893615,agropastoral,3
seasonal_precip_prob_near,0.012553476,agropastoral,3
season_national_belg_meher,0.0,agropastoral,3
season_somali_gu_deyr,0.0,agropastoral,3
months_since_assessment,0.0,crop_farming,3
pct_pastoral,0.0048861345,crop_farming,3
pct_agropastoral,0.0014560339,crop_farming,3
pct_crop_farming,0.0007803067,crop_farming,3
is_harvest_season,0.0019636424,crop_farming,3
is_lean_season,0.013179912,crop_farming,3
is_dry_season,8.479081e-05,crop_farming,3
months_since_harvest_start,4.5392728e-05,crop_farming,3
months_since_lean_start,0.016462313,crop_farming,3
glofas_reach_count,0.004740574,crop_farming,3
agss_surveyed_flag,0.0,crop_farming,3
ipc_lag1,0.077832796,crop_farming,3
ipc_lag4,0.004381286,crop_farming,3
ipc_lag8,0.009149473,crop_farming,3
ipc_mean12,0.024554832,crop_farming,3
ha_share_lag1,0.0052855248,crop_farming,3
ha_share_lag4,0.001492845,crop_farming,3
ha_share_lag8,0.0039316444,crop_farming,3
ha_share_mean12,0.008610789,crop_farming,3
total_rainfall_mm,0.002217507,crop_farming,3
wet_days,0.0019363298,crop_farming,3
max_dry_spell_length,0.0017349123,crop_farming,3
rainfall_sum_1m,0.0,crop_farming,3
rainfall_sum_3m,0.015961975,crop_farming,3
rainfall_sum_6m,0.017615143,crop_farming,3
rainfall_sum_12m,0.00850151,crop_farming,3
rainfall_sum_24m,0.005109603,crop_farming,3
spi_1,0.0030590906,crop_farming,3
spi_3,0.009711578,crop_farming,3
spi_6,0.015574645,crop_farming,3
spi_12,0.0015015056,crop_farming,3
spi_24,0.0015945836,crop_farming,3
pet_mm,0.0040386165,crop_farming,3
sm_root,0.018196428,crop_farming,3
precip_mm,0.0,crop_farming,3
spei_balance_mm,0.0017654386,crop_farming,3
sm_mean_1m,0.0,crop_farming,3
spei_balance_sum_1m,0.0,crop_farming,3
sm_mean_3m,0.02037084,crop_farming,3
spei_balance_sum_3m,0.030331532,crop_farming,3
sm_mean_6m,0.0019302292,crop_farming,3
spei_balance_sum_6m,0.0015809828,crop_farming,3
sm_mean_12m,0.0027822426,crop_farming,3
spei_balance_sum_12m,0.003653987,crop_farming,3
sm_mean_24m,0.0013518892,crop_farming,3
spei_balance_sum_24m,0.0,crop_farming,3
ssmi_1,0.0044317883,crop_farming,3
ssmi_3,0.007988104,crop_farming,3
ssmi_6,0.012039083,crop_farming,3
ssmi_12,0.0026779769,crop_farming,3
ssmi_24,0.0,crop_farming,3
spei_1,0.0023541166,crop_farming,3
spei_3,0.00334378,crop_farming,3
spei_6,0.0043208096,crop_farming,3
spei_12,0.005007441,crop_farming,3
spei_24,0.00089349406,crop_farming,3
ndvi,0.0015980277,crop_farming,3
ndvi_anomaly,0.0028831488,crop_farming,3
ndvi_lag1,0.0015131583,crop_farming,3
ndvi_lag3,0.0013931716,crop_farming,3
ndvi_lag6,0.0041237604,crop_farming,3
ndvi_lag12,0.0023371156,crop_farming,3
ndvi_anomaly_lag1,0.0050639696,crop_farming,3
ndvi_anomaly_lag3,0.0026070804,crop_farming,3
ndvi_anomaly_lag6,0.0023028534,crop_farming,3
ndvi_anomaly_lag12,0.006389333,crop_farming,3
ndvi_cropland,0.0034208468,crop_farming,3
ndvi_cropland_anomaly,0.0017468457,crop_farming,3
ndvi_cropland_lag1,0.007004989,crop_farming,3
ndvi_cropland_lag3,0.0022245725,crop_farming,3
ndvi_cropland_lag6,0.002139856,crop_farming,3
ndvi_cropland_lag12,0.003228396,crop_farming,3
ndvi_cropland_anomaly_lag1,0.0021229505,crop_farming,3
ndvi_cropland_anomaly_lag3,0.0038100919,crop_farming,3
ndvi_cropland_anomaly_lag6,0.0013202089,crop_farming,3
ndvi_cropland_anomaly_lag12,0.012695518,crop_farming,3
ndvi_rangeland,0.008516857,crop_farming,3
ndvi_rangeland_anomaly,0.009515637,crop_farming,3
ndvi_rangeland_lag1,0.0047663315,crop_farming,3
ndvi_rangeland_lag3,0.0028604458,crop_farming,3
ndvi_rangeland_lag6,0.008048554,crop_farming,3
ndvi_rangeland_lag12,0.0038447464,crop_farming,3
ndvi_rangeland_anomaly_lag1,0.005449343,crop_farming,3
ndvi_rangeland_anomaly_lag3,0.0033656103,crop_farming,3
ndvi_rangeland_anomaly_lag6,0.0017288801,crop_farming,3
ndvi_rangeland_anomaly_lag12,0.004618381,crop_farming,3
maize_price_etb,0.0012273985,crop_farming,3
maize_price_etb_lag1,0.008229281,crop_farming,3
maize_price_etb_lag3,0.0014896059,crop_farming,3
maize_price_etb_lag6,0.002539815,crop_farming,3
maize_price_etb_lag12,0.001521764,crop_farming,3
maize_price_index,0.0,crop_farming,3
maize_price_index_lag1,0.0,crop_farming,3
maize_price_index_lag3,0.00020736303,crop_farming,3
maize_price_index_lag6,0.00085610105,crop_farming,3
maize_price_index_lag12,0.0018488338,crop_farming,3
maize_n_markets,0.0009988054,crop_farming,3
wheat_price_etb,0.0026895746,crop_farming,3
wheat_price_etb_lag1,0.0,crop_farming,3
wheat_price_etb_lag3,0.002950848,crop_farming,3
wheat_price_etb_lag6,0.0031167143,crop_farming,3
wheat_price_etb_lag12,0.00080507237,crop_farming,3
wheat_price_index,0.0,crop_farming,3
wheat_price_index_lag1,0.0025059558,crop_farming,3
wheat_price_index_lag3,0.0022048026,crop_farming,3
wheat_price_index_lag6,0.0014423598,crop_farming,3
wheat_price_index_lag12,0.0016158669,crop_farming,3
wheat_n_markets,0.0,crop_farming,3
sorghum_price_etb,0.0,crop_farming,3
sorghum_price_etb_lag1,0.0,crop_farming,3
sorghum_price_etb_lag3,0.00090592535,crop_farming,3
sorghum_price_etb_lag6,0.0022733219,crop_farming,3
sorghum_price_etb_lag12,0.00063229643,crop_farming,3
sorghum_price_index,0.0017203155,crop_farming,3
sorghum_price_index_lag1,0.0025887256,crop_farming,3
sorghum_price_index_lag3,0.0027567535,crop_farming,3
sorghum_price_index_lag6,0.0034441026,crop_farming,3
sorghum_price_index_lag12,0.002320521,crop_farming,3
sorghum_n_markets,0.0,crop_farming,3
teff_price_etb,0.0,crop_farming,3
teff_price_etb_lag1,0.0,crop_farming,3
teff_price_etb_lag3,0.0,crop_farming,3
teff_price_etb_lag6,0.0,crop_farming,3
teff_price_etb_lag12,0.0,crop_farming,3
teff_price_index,0.0,crop_farming,3
teff_price_index_lag1,0.0,crop_farming,3
teff_price_index_lag3,0.0,crop_farming,3
teff_price_index_lag6,0.0,crop_farming,3
teff_price_index_lag12,0.0,crop_farming,3
teff_n_markets,0.0,crop_farming,3
fuel_diesel_price_etb,0.0,crop_farming,3
fuel_diesel_price_etb_lag1,0.0,crop_farming,3
fuel_diesel_price_etb_lag3,0.0,crop_farming,3
fuel_diesel_price_etb_lag6,0.0,crop_farming,3
fuel_diesel_price_etb_lag12,0.0,crop_farming,3
fuel_diesel_price_index,0.0,crop_farming,3
fuel_diesel_price_index_lag1,0.0,crop_farming,3
fuel_diesel_price_index_lag3,0.0,crop_farming,3
fuel_diesel_price_index_lag6,0.0,crop_farming,3
fuel_diesel_price_index_lag12,0.0,crop_farming,3
fuel_diesel_n_markets,0.0,crop_farming,3
fuel_petrol_price_etb,0.0,crop_farming,3
fuel_petrol_price_etb_lag1,0.0,crop_farming,3
fuel_petrol_price_etb_lag3,0.0,crop_farming,3
fuel_petrol_price_etb_lag6,0.0,crop_farming,3
fuel_petrol_price_etb_lag12,0.0,crop_farming,3
fuel_petrol_price_index,0.0,crop_farming,3
fuel_petrol_price_index_lag1,0.0,crop_farming,3
fuel_petrol_price_index_lag3,0.0,crop_farming,3
fuel_petrol_price_index_lag6,0.0,crop_farming,3
fuel_petrol_price_index_lag12,0.0,crop_farming,3
fuel_petrol_n_markets,0.0,crop_farming,3
livestock_goat_price_etb,0.0,crop_farming,3
livestock_goat_price_etb_lag1,0.0,crop_farming,3
livestock_goat_price_etb_lag3,0.0,crop_farming,3
livestock_goat_price_etb_lag6,0.0,crop_farming,3
livestock_goat_price_etb_lag12,0.0,crop_farming,3
livestock_goat_price_index,0.0,crop_farming,3
livestock_goat_price_index_lag1,0.0,crop_farming,3
livestock_goat_price_index_lag3,0.0,crop_farming,3
livestock_goat_price_index_lag6,0.0,crop_farming,3
livestock_goat_price_index_lag12,0.0,crop_farming,3
livestock_goat_n_markets,0.0,crop_farming,3
livestock_sheep_price_etb,0.0,crop_farming,3
livestock_sheep_price_etb_lag1,0.0,crop_farming,3
livestock_sheep_price_etb_lag3,0.0,crop_farming,3
livestock_sheep_price_etb_lag6,0.0,crop_farming,3
livestock_sheep_price_etb_lag12,0.0,crop_farming,3
livestock_sheep_price_index,0.0,crop_farming,3
livestock_sheep_price_index_lag1,0.0,crop_farming,3
livestock_sheep_price_index_lag3,0.0,crop_farming,3
livestock_sheep_price_index_lag6,0.0,crop_farming,3
livestock_sheep_price_index_lag12,0.0,crop_farming,3
livestock_sheep_n_markets,0.0,crop_farming,3
goat_maize_tot,0.0,crop_farming,3
goat_maize_tot_lag1,0.0,crop_farming,3
goat_maize_tot_lag3,0.0,crop_farming,3
goat_maize_tot_lag6,0.0,crop_farming,3
goat_maize_tot_lag12,0.0,crop_farming,3
sheep_maize_tot,0.0,crop_farming,3
sheep_maize_tot_lag1,0.0,crop_farming,3
sheep_maize_tot_lag3,0.0,crop_farming,3
sheep_maize_tot_lag6,0.0,crop_farming,3
sheep_maize_tot_lag12,0.0,crop_farming,3
maize_yield,0.0013876706,crop_farming,3
maize_yield_anomaly,0.0020510172,crop_farming,3
wheat_yield,0.0022986655,crop_farming,3
wheat_yield_anomaly,0.0014066949,crop_farming,3
sorghum_yield,0.0034173646,crop_farming,3
sorghum_yield_anomaly,0.0028045462,crop_farming,3
teff_yield,0.0056592734,crop_farming,3
teff_yield_anomaly,0.0023875136,crop_farming,3
headline_cpi,0.0048981644,crop_farming,3
headline_cpi_lag1,0.0,crop_farming,3
headline_cpi_lag3,0.0017661363,crop_farming,3
headline_cpi_lag6,0.0046300576,crop_farming,3
headline_cpi_lag12,0.0080535095,crop_farming,3
headline_cpi_yoy_change,0.009980854,crop_farming,3
headline_cpi_yoy_change_lag1,0.006639272,crop_farming,3
headline_cpi_yoy_change_lag3,0.00313641,crop_farming,3
headline_cpi_yoy_change_lag6,0.009322484,crop_farming,3
headline_cpi_yoy_change_lag12,0.004613567,crop_farming,3
food_cpi,0.0,crop_farming,3
food_cpi_lag1,0.0,crop_farming,3
food_cpi_lag3,0.0,crop_farming,3
food_cpi_lag6,0.0,crop_farming,3
food_cpi_lag12,0.031026023,crop_farming,3
food_cpi_yoy_change,0.00993052,crop_farming,3
food_cpi_yoy_change_lag1,0.020537788,crop_farming,3
food_cpi_yoy_change_lag3,0.012111718,crop_farming,3
food_cpi_yoy_change_lag6,0.019869512,crop_farming,3
food_cpi_yoy_change_lag12,0.005521937,crop_farming,3
headline_cpi_chainlinked,0.0,crop_farming,3
headline_cpi_chainlinked_lag1,0.0,crop_farming,3
headline_cpi_chainlinked_lag3,0.0,crop_farming,3
headline_cpi_chainlinked_lag6,0.0,crop_farming,3
headline_cpi_chainlinked_lag12,0.0,crop_farming,3
food_cpi_chainlinked,0.0,crop_farming,3
food_cpi_chainlinked_lag1,0.0,crop_farming,3
food_cpi_chainlinked_lag3,0.0,crop_farming,3
food_cpi_chainlinked_lag6,0.0,crop_farming,3
food_cpi_chainlinked_lag12,0.0,crop_farming,3
exchange_rate,0.0,crop_farming,3
exchange_rate_lag1,0.0,crop_farming,3
exchange_rate_lag3,0.0,crop_farming,3
exchange_rate_lag6,0.0,crop_farming,3
exchange_rate_lag12,0.0,crop_farming,3
exchange_rate_yoy_change,0.01829258,crop_farming,3
exchange_rate_yoy_change_lag1,0.0023102758,crop_farming,3
exchange_rate_yoy_change_lag3,0.013184937,crop_farming,3
exchange_rate_yoy_change_lag6,0.003709813,crop_farming,3
exchange_rate_yoy_change_lag12,0.003783101,crop_farming,3
gdp_per_capita,0.0,crop_farming,3
gdp_per_capita_yoy_change,0.009365901,crop_farming,3
iod,0.017677346,crop_farming,3
mei,0.017863125,crop_farming,3
nino34,0.0075055747,crop_farming,3
iod_lag1,0.0090304725,crop_farming,3
iod_lag3,0.00517201,crop_farming,3
iod_lag6,0.008345341,crop_farming,3
mei_lag1,0.005649297,crop_farming,3
mei_lag3,0.0018702141,crop_farming,3
mei_lag6,0.0071579823,crop_farming,3
nino34_lag1,0.0069706943,crop_farming,3
nino34_lag3,0.0037522742,crop_farming,3
nino34_lag6,0.0076917754,crop_farming,3
wvg,0.01061909,crop_farming,3
wvg_lag1yr,0.0,crop_farming,3
wvg_lag2yr,0.031786446,crop_farming,3
wvg_lag3yr,0.031659126,crop_farming,3
glofas_exceed_20yr,0.005095668,crop_farming,3
glofas_exceed_2yr,0.0030417475,crop_farming,3
seasonal_overlaps_belg,0.0,crop_farming,3
seasonal_overlaps_deyr,0.0,crop_farming,3
seasonal_overlaps_gu,0.0,crop_farming,3
seasonal_overlaps_kiremt,0.0,crop_farming,3
seasonal_precip_prob_above,0.013562242,crop_farming,3
seasonal_precip_prob_below,0.009053296,crop_farming,3
seasonal_precip_prob_near,0.004450778,crop_farming,3
season_benishangul_meher_only,0.0,crop_farming,3
season_national_belg_meher,0.0,crop_farming,3
months_since_assessment,0.0,pastoral,4
pct_pastoral,0.006757692,pastoral,4
pct_agropastoral,0.0071219592,pastoral,4
pct_crop_farming,0.0064165215,pastoral,4
is_harvest_season,0.0014239599,pastoral,4
is_lean_season,0.0063008633,pastoral,4
is_dry_season,0.00088987645,pastoral,4
months_since_harvest_start,0.004410102,pastoral,4
months_since_lean_start,0.009084182,pastoral,4
glofas_reach_count,0.0027235702,pastoral,4
agss_surveyed_flag,0.0029627471,pastoral,4
ipc_lag1,0.05964502,pastoral,4
ipc_lag4,0.0075974185,pastoral,4
ipc_lag8,0.0053749806,pastoral,4
ipc_mean12,0.010595986,pastoral,4
ha_share_lag1,0.0028047964,pastoral,4
ha_share_lag4,0.0024654814,pastoral,4
ha_share_lag8,0.00505314,pastoral,4
ha_share_mean12,0.0025337029,pastoral,4
total_rainfall_mm,0.0029598242,pastoral,4
wet_days,0.0026132094,pastoral,4
max_dry_spell_length,0.0017183283,pastoral,4
rainfall_sum_1m,0.0,pastoral,4
rainfall_sum_3m,0.007072545,pastoral,4
rainfall_sum_6m,0.013323351,pastoral,4
rainfall_sum_12m,0.065219,pastoral,4
rainfall_sum_24m,0.007469414,pastoral,4
spi_1,0.0016935964,pastoral,4
spi_3,0.010634682,pastoral,4
spi_6,0.0187442,pastoral,4
spi_12,0.024449881,pastoral,4
spi_24,0.0056053256,pastoral,4
pet_mm,0.00095200114,pastoral,4
sm_root,0.0023209217,pastoral,4
precip_mm,0.0,pastoral,4
spei_balance_mm,0.0032047809,pastoral,4
sm_mean_1m,0.0,pastoral,4
spei_balance_sum_1m,0.0,pastoral,4
sm_mean_3m,0.00329411,pastoral,4
spei_balance_sum_3m,0.0035688363,pastoral,4
sm_mean_6m,0.012369328,pastoral,4
spei_balance_sum_6m,0.01006106,pastoral,4
sm_mean_12m,0.04229432,pastoral,4
spei_balance_sum_12m,0.041846253,pastoral,4
sm_mean_24m,0.019922173,pastoral,4
spei_balance_sum_24m,0.023282837,pastoral,4
ssmi_1,0.0,pastoral,4
ssmi_3,0.006501787,pastoral,4
ssmi_6,0.0045513394,pastoral,4
ssmi_12,0.0047340156,pastoral,4
ssmi_24,0.004677049,pastoral,4
spei_1,0.0034092767,pastoral,4
spei_3,0.0063881036,pastoral,4
spei_6,0.006022993,pastoral,4
spei_12,0.046700943,pastoral,4
spei_24,0.0025406631,pastoral,4
ndvi,0.0007478364,pastoral,4
ndvi_anomaly,0.0016016465,pastoral,4
ndvi_lag1,0.0018309436,pastoral,4
ndvi_lag3,0.0029356068,pastoral,4
ndvi_lag6,0.004392987,pastoral,4
ndvi_lag12,0.003016634,pastoral,4
ndvi_anomaly_lag1,0.0028214362,pastoral,4
ndvi_anomaly_lag3,0.0037816179,pastoral,4
ndvi_anomaly_lag6,0.0017473208,pastoral,4
ndvi_anomaly_lag12,0.0043468224,pastoral,4
ndvi_cropland,0.002917906,pastoral,4
ndvi_cropland_anomaly,0.0013521869,pastoral,4
ndvi_cropland_lag1,0.0026576966,pastoral,4
ndvi_cropland_lag3,0.0034716532,pastoral,4
ndvi_cropland_lag6,0.0020140246,pastoral,4
ndvi_cropland_lag12,0.0021654698,pastoral,4
ndvi_cropland_anomaly_lag1,0.0046123513,pastoral,4
ndvi_cropland_anomaly_lag3,0.0043431628,pastoral,4
ndvi_cropland_anomaly_lag6,0.0024909156,pastoral,4
ndvi_cropland_anomaly_lag12,0.0044019925,pastoral,4
ndvi_rangeland,0.0010639564,pastoral,4
ndvi_rangeland_anomaly,0.0030275811,pastoral,4
ndvi_rangeland_lag1,0.0038120353,pastoral,4
ndvi_rangeland_lag3,0.00183615,pastoral,4
ndvi_rangeland_lag6,0.001702274,pastoral,4
ndvi_rangeland_lag12,0.0013180019,pastoral,4
ndvi_rangeland_anomaly_lag1,0.0037984909,pastoral,4
ndvi_rangeland_anomaly_lag3,0.0031114859,pastoral,4
ndvi_rangeland_anomaly_lag6,0.0026263767,pastoral,4
ndvi_rangeland_anomaly_lag12,0.002741179,pastoral,4
maize_price_etb,0.0,pastoral,4
maize_price_etb_lag1,0.0,pastoral,4
maize_price_etb_lag3,0.0045139957,pastoral,4
maize_price_etb_lag6,0.0020733736,pastoral,4
maize_price_etb_lag12,0.0090621505,pastoral,4
maize_price_index,0.0,pastoral,4
maize_price_index_lag1,0.0,pastoral,4
maize_price_index_lag3,0.0020044474,pastoral,4
maize_price_index_lag6,0.0018908762,pastoral,4
maize_price_index_lag12,0.0,pastoral,4
maize_n_markets,0.0,pastoral,4
wheat_price_etb,0.0,pastoral,4
wheat_price_etb_lag1,0.0012186525,pastoral,4
wheat_price_etb_lag3,0.0,pastoral,4
wheat_price_etb_lag6,0.0,pastoral,4
wheat_price_etb_lag12,0.003480281,pastoral,4
wheat_price_index,0.0,pastoral,4
wheat_price_index_lag1,0.0,pastoral,4
wheat_price_index_lag3,0.0,pastoral,4
wheat_price_index_lag6,0.004014204,pastoral,4
wheat_price_index_lag12,0.0042694137,pastoral,4
wheat_n_markets,0.0,pastoral,4
sorghum_price_etb,0.0,pastoral,4
sorghum_price_etb_lag1,0.0,pastoral,4
sorghum_price_etb_lag3,0.0017483938,pastoral,4
sorghum_price_etb_lag6,0.0,pastoral,4
sorghum_price_etb_lag12,0.0064293905,pastoral,4
sorghum_price_index,0.0024586578,pastoral,4
sorghum_price_index_lag1,0.0011654426,pastoral,4
sorghum_price_index_lag3,0.0,pastoral,4
sorghum_price_index_lag6,0.0,pastoral,4
sorghum_price_index_lag12,0.0,pastoral,4
sorghum_n_markets,0.0,pastoral,4
teff_price_etb,0.0,pastoral,4
teff_price_etb_lag1,0.0,pastoral,4
teff_price_etb_lag3,0.0,pastoral,4
teff_price_etb_lag6,0.0,pastoral,4
teff_price_etb_lag12,0.0,pastoral,4
teff_price_index,0.0,pastoral,4
teff_price_index_lag1,0.0,pastoral,4
teff_price_index_lag3,0.0,pastoral,4
teff_price_index_lag6,0.0,pastoral,4
teff_price_index_lag12,0.0,pastoral,4
teff_n_markets,0.0,pastoral,4
fuel_diesel_price_etb,0.0,pastoral,4
fuel_diesel_price_etb_lag1,0.0,pastoral,4
fuel_diesel_price_etb_lag3,0.0,pastoral,4
fuel_diesel_price_etb_lag6,0.0,pastoral,4
fuel_diesel_price_etb_lag12,0.0,pastoral,4
fuel_diesel_price_index,0.0,pastoral,4
fuel_diesel_price_index_lag1,0.0,pastoral,4
fuel_diesel_price_index_lag3,0.0,pastoral,4
fuel_diesel_price_index_lag6,0.0,pastoral,4
fuel_diesel_price_index_lag12,0.0,pastoral,4
fuel_diesel_n_markets,0.0,pastoral,4
fuel_petrol_n_markets,0.0,pastoral,4
livestock_goat_price_etb,0.0,pastoral,4
livestock_goat_price_etb_lag1,0.0,pastoral,4
livestock_goat_price_etb_lag3,0.0,pastoral,4
livestock_goat_price_etb_lag6,0.0,pastoral,4
livestock_goat_price_etb_lag12,0.0,pastoral,4
livestock_goat_price_index,0.0,pastoral,4
livestock_goat_price_index_lag1,0.0,pastoral,4
livestock_goat_price_index_lag3,0.0,pastoral,4
livestock_goat_price_index_lag6,0.0,pastoral,4
livestock_goat_price_index_lag12,0.0,pastoral,4
livestock_goat_n_markets,0.0,pastoral,4
livestock_sheep_price_etb,0.0,pastoral,4
livestock_sheep_price_etb_lag1,0.0,pastoral,4
livestock_sheep_price_etb_lag3,0.0,pastoral,4
livestock_sheep_price_etb_lag6,0.0,pastoral,4
livestock_sheep_price_etb_lag12,0.0,pastoral,4
livestock_sheep_price_index,0.0,pastoral,4
livestock_sheep_price_index_lag1,0.0,pastoral,4
livestock_sheep_price_index_lag3,0.0,pastoral,4
livestock_sheep_price_index_lag6,0.0,pastoral,4
livestock_sheep_price_index_lag12,0.0,pastoral,4
livestock_sheep_n_markets,0.0,pastoral,4
goat_maize_tot,0.0,pastoral,4
goat_maize_tot_lag1,0.0,pastoral,4
goat_maize_tot_lag3,0.0,pastoral,4
goat_maize_tot_lag6,0.0,pastoral,4
goat_maize_tot_lag12,0.0,pastoral,4
sheep_maize_tot,0.0,pastoral,4
sheep_maize_tot_lag1,0.0,pastoral,4
sheep_maize_tot_lag3,0.0,pastoral,4
sheep_maize_tot_lag6,0.0,pastoral,4
sheep_maize_tot_lag12,0.0,pastoral,4
maize_yield,0.0022564672,pastoral,4
maize_yield_anomaly,0.00203606,pastoral,4
wheat_yield,0.0,pastoral,4
wheat_yield_anomaly,0.0019337834,pastoral,4
sorghum_yield,0.0031038767,pastoral,4
sorghum_yield_anomaly,0.007193893,pastoral,4
teff_yield,0.0,pastoral,4
teff_yield_anomaly,0.0,pastoral,4
headline_cpi,0.024485994,pastoral,4
headline_cpi_lag1,0.007982796,pastoral,4
headline_cpi_lag3,0.0,pastoral,4
headline_cpi_lag6,0.010468208,pastoral,4
headline_cpi_lag12,0.00294826,pastoral,4
headline_cpi_yoy_change,0.011997623,pastoral,4
headline_cpi_yoy_change_lag1,0.017216997,pastoral,4
headline_cpi_yoy_change_lag3,0.0026605153,pastoral,4
headline_cpi_yoy_change_lag6,0.019725071,pastoral,4
headline_cpi_yoy_change_lag12,0.0140595315,pastoral,4
food_cpi,0.0,pastoral,4
food_cpi_lag1,0.0023287213,pastoral,4
food_cpi_lag3,0.0,pastoral,4
food_cpi_lag6,0.022190338,pastoral,4
food_cpi_lag12,0.0,pastoral,4
food_cpi_yoy_change,0.003318928,pastoral,4
food_cpi_yoy_change_lag1,0.0020674008,pastoral,4
food_cpi_yoy_change_lag3,0.0042219437,pastoral,4
food_cpi_yoy_change_lag6,0.0060592317,pastoral,4
food_cpi_yoy_change_lag12,0.0,pastoral,4
headline_cpi_chainlinked,0.0,pastoral,4
headline_cpi_chainlinked_lag1,0.0,pastoral,4
headline_cpi_chainlinked_lag3,0.0,pastoral,4
headline_cpi_chainlinked_lag6,0.0,pastoral,4
headline_cpi_chainlinked_lag12,0.0,pastoral,4
food_cpi_chainlinked,0.0,pastoral,4
food_cpi_chainlinked_lag1,0.0,pastoral,4
food_cpi_chainlinked_lag3,0.0,pastoral,4
food_cpi_chainlinked_lag6,0.0,pastoral,4
food_cpi_chainlinked_lag12,0.0,pastoral,4
exchange_rate,0.0,pastoral,4
exchange_rate_lag1,0.0,pastoral,4
exchange_rate_lag3,0.0,pastoral,4
exchange_rate_lag6,0.0,pastoral,4
exchange_rate_lag12,0.0,pastoral,4
exchange_rate_yoy_change,0.0050315596,pastoral,4
exchange_rate_yoy_change_lag1,0.008738272,pastoral,4
exchange_rate_yoy_change_lag3,0.00010164445,pastoral,4
exchange_rate_yoy_change_lag6,0.0050638206,pastoral,4
exchange_rate_yoy_change_lag12,0.010098798,pastoral,4
gdp_per_capita,0.0,pastoral,4
gdp_per_capita_yoy_change,0.0,pastoral,4
iod,0.007046074,pastoral,4
mei,0.0056036264,pastoral,4
nino34,0.015695695,pastoral,4
iod_lag1,0.006180049,pastoral,4
iod_lag3,0.0075358874,pastoral,4
iod_lag6,0.0037309,pastoral,4
mei_lag1,0.0031727036,pastoral,4
mei_lag3,0.003164233,pastoral,4
mei_lag6,0.0034746453,pastoral,4
nino34_lag1,0.00951864,pastoral,4
nino34_lag3,0.0,pastoral,4
nino34_lag6,0.0037184323,pastoral,4
wvg,0.010316227,pastoral,4
wvg_lag1yr,0.0,pastoral,4
wvg_lag2yr,0.030371606,pastoral,4
wvg_lag3yr,0.0,pastoral,4
season_national_belg_meher,0.011856356,pastoral,4
season_somali_gu_deyr,0.0,pastoral,4
months_since_assessment,0.0,agropastoral,4
pct_pastoral,0.0012681218,agropastoral,4
pct_agropastoral,0.019435382,agropastoral,4
pct_crop_farming,0.0047775907,agropastoral,4
is_harvest_season,0.00028020458,agropastoral,4
is_lean_season,0.0012517066,agropastoral,4
is_dry_season,0.0024517057,agropastoral,4
months_since_harvest_start,0.0025816082,agropastoral,4
months_since_lean_start,0.0049809096,agropastoral,4
glofas_reach_count,0.0027220966,agropastoral,4
agss_surveyed_flag,0.0,agropastoral,4
ipc_lag1,0.03901825,agropastoral,4
ipc_lag4,0.0077936845,agropastoral,4
ipc_lag8,0.027645161,agropastoral,4
ipc_mean12,0.009157261,agropastoral,4
ha_share_lag1,0.00078597694,agropastoral,4
ha_share_lag4,0.001349535,agropastoral,4
ha_share_lag8,0.006697362,agropastoral,4
ha_share_mean12,0.007212764,agropastoral,4
total_rainfall_mm,0.0009828861,agropastoral,4
wet_days,0.0,agropastoral,4
max_dry_spell_length,0.008622234,agropastoral,4
rainfall_sum_1m,0.0,agropastoral,4
rainfall_sum_3m,0.0017646471,agropastoral,4
rainfall_sum_6m,0.000690479,agropastoral,4
rainfall_sum_12m,0.17761008,agropastoral,4
rainfall_sum_24m,0.0013186472,agropastoral,4
spi_1,0.008088997,agropastoral,4
spi_3,0.0041904505,agropastoral,4
spi_6,0.00806507,agropastoral,4
spi_12,0.015165128,agropastoral,4
spi_24,0.007504793,agropastoral,4
pet_mm,0.0016274407,agropastoral,4
sm_root,0.0,agropastoral,4
precip_mm,0.0,agropastoral,4
spei_balance_mm,0.001428791,agropastoral,4
sm_mean_1m,0.0,agropastoral,4
spei_balance_sum_1m,0.0,agropastoral,4
sm_mean_3m,0.019230096,agropastoral,4
spei_balance_sum_3m,0.0,agropastoral,4
sm_mean_6m,0.0008586951,agropastoral,4
spei_balance_sum_6m,0.01135773,agropastoral,4
sm_mean_12m,0.0014630536,agropastoral,4
spei_balance_sum_12m,0.010709269,agropastoral,4
sm_mean_24m,0.0016585498,agropastoral,4
spei_balance_sum_24m,0.0018378091,agropastoral,4
ssmi_1,0.00754689,agropastoral,4
ssmi_3,0.005195209,agropastoral,4
ssmi_6,0.03642386,agropastoral,4
ssmi_12,0.0021995925,agropastoral,4
ssmi_24,0.0011697036,agropastoral,4
spei_1,0.0017199719,agropastoral,4
spei_3,0.0022658638,agropastoral,4
spei_6,0.078858696,agropastoral,4
spei_12,0.0018692617,agropastoral,4
spei_24,0.004158853,agropastoral,4
ndvi,0.0012953322,agropastoral,4
ndvi_anomaly,0.00033888177,agropastoral,4
ndvi_lag1,0.0009315619,agropastoral,4
ndvi_lag3,0.008571502,agropastoral,4
ndvi_lag6,0.0,agropastoral,4
ndvi_lag12,0.030464498,agropastoral,4
ndvi_anomaly_lag1,0.005759508,agropastoral,4
ndvi_anomaly_lag3,0.0056566144,agropastoral,4
ndvi_anomaly_lag6,0.013010998,agropastoral,4
ndvi_anomaly_lag12,0.0,agropastoral,4
ndvi_cropland,0.0016802206,agropastoral,4
ndvi_cropland_anomaly,0.001683198,agropastoral,4
ndvi_cropland_lag1,0.0005055239,agropastoral,4
ndvi_cropland_lag3,0.0014078679,agropastoral,4
ndvi_cropland_lag6,0.006624244,agropastoral,4
ndvi_cropland_lag12,0.0013511627,agropastoral,4
ndvi_cropland_anomaly_lag1,0.0048466986,agropastoral,4
ndvi_cropland_anomaly_lag3,0.026294282,agropastoral,4
ndvi_cropland_anomaly_lag6,0.0008736322,agropastoral,4
ndvi_cropland_anomaly_lag12,0.008305742,agropastoral,4
ndvi_rangeland,0.028457042,agropastoral,4
ndvi_rangeland_anomaly,0.016170273,agropastoral,4
ndvi_rangeland_lag1,0.0,agropastoral,4
ndvi_rangeland_lag3,0.0,agropastoral,4
ndvi_rangeland_lag6,0.0015219466,agropastoral,4
ndvi_rangeland_lag12,0.0002866967,agropastoral,4
ndvi_rangeland_anomaly_lag1,0.0025426098,agropastoral,4
ndvi_rangeland_anomaly_lag3,0.003662493,agropastoral,4
ndvi_rangeland_anomaly_lag6,0.005431924,agropastoral,4
ndvi_rangeland_anomaly_lag12,0.0,agropastoral,4
maize_price_etb,0.009367202,agropastoral,4
maize_price_etb_lag1,0.0007993139,agropastoral,4
maize_price_etb_lag3,0.0,agropastoral,4
maize_price_etb_lag6,0.0040898146,agropastoral,4
maize_price_etb_lag12,0.0,agropastoral,4
maize_price_index,0.0007424108,agropastoral,4
maize_price_index_lag1,0.0,agropastoral,4
maize_price_index_lag3,0.0038222186,agropastoral,4
maize_price_index_lag6,0.0,agropastoral,4
maize_price_index_lag12,0.0,agropastoral,4
maize_n_markets,0.0,agropastoral,4
wheat_price_etb,0.0,agropastoral,4
wheat_price_etb_lag1,0.0,agropastoral,4
wheat_price_etb_lag3,0.0,agropastoral,4
wheat_price_etb_lag6,0.001723368,agropastoral,4
wheat_price_etb_lag12,0.00029783798,agropastoral,4
wheat_price_index,0.0,agropastoral,4
wheat_price_index_lag1,0.0,agropastoral,4
wheat_price_index_lag3,0.0,agropastoral,4
wheat_price_index_lag6,0.0,agropastoral,4
wheat_price_index_lag12,0.0,agropastoral,4
wheat_n_markets,0.0,agropastoral,4
sorghum_price_etb,0.0001326916,agropastoral,4
sorghum_price_etb_lag1,0.010268352,agropastoral,4
sorghum_price_etb_lag3,0.00028869256,agropastoral,4
sorghum_price_etb_lag6,0.0038400926,agropastoral,4
sorghum_price_etb_lag12,0.0,agropastoral,4
sorghum_price_index,0.0013262498,agropastoral,4
sorghum_price_index_lag1,0.0009086167,agropastoral,4
sorghum_price_index_lag3,0.010178816,agropastoral,4
sorghum_price_index_lag6,0.0011100968,agropastoral,4
sorghum_price_index_lag12,0.0005596866,agropastoral,4
sorghum_n_markets,0.0,agropastoral,4
teff_price_etb_lag3,0.0,agropastoral,4
teff_n_markets,0.0,agropastoral,4
fuel_diesel_price_etb,0.0,agropastoral,4
fuel_diesel_price_etb_lag1,0.0,agropastoral,4
fuel_diesel_price_etb_lag3,0.0,agropastoral,4
fuel_diesel_price_etb_lag6,0.0,agropastoral,4
fuel_diesel_price_etb_lag12,0.0,agropastoral,4
fuel_diesel_n_markets,0.0,agropastoral,4
fuel_petrol_n_markets,0.0,agropastoral,4
livestock_goat_price_etb,0.0,agropastoral,4
livestock_goat_price_etb_lag1,0.0,agropastoral,4
livestock_goat_price_etb_lag3,0.0,agropastoral,4
livestock_goat_price_etb_lag6,0.0,agropastoral,4
livestock_goat_price_etb_lag12,0.0,agropastoral,4
livestock_goat_price_index,0.0,agropastoral,4
livestock_goat_price_index_lag1,0.0,agropastoral,4
livestock_goat_price_index_lag3,0.0,agropastoral,4
livestock_goat_price_index_lag6,0.0,agropastoral,4
livestock_goat_price_index_lag12,0.0,agropastoral,4
livestock_goat_n_markets,0.0,agropastoral,4
livestock_sheep_price_etb,0.0,agropastoral,4
livestock_sheep_price_etb_lag1,0.0,agropastoral,4
livestock_sheep_price_etb_lag3,0.0,agropastoral,4
livestock_sheep_price_etb_lag6,0.0,agropastoral,4
livestock_sheep_price_etb_lag12,0.0,agropastoral,4
livestock_sheep_price_index,0.0,agropastoral,4
livestock_sheep_price_index_lag1,0.0,agropastoral,4
livestock_sheep_price_index_lag3,0.0,agropastoral,4
livestock_sheep_price_index_lag6,0.0,agropastoral,4
livestock_sheep_price_index_lag12,0.0,agropastoral,4
livestock_sheep_n_markets,0.0,agropastoral,4
goat_maize_tot,0.0,agropastoral,4
goat_maize_tot_lag1,0.0,agropastoral,4
goat_maize_tot_lag3,0.0,agropastoral,4
goat_maize_tot_lag6,0.0,agropastoral,4
goat_maize_tot_lag12,0.0,agropastoral,4
sheep_maize_tot,0.0,agropastoral,4
sheep_maize_tot_lag1,0.0,agropastoral,4
sheep_maize_tot_lag3,0.0008841875,agropastoral,4
sheep_maize_tot_lag6,0.0,agropastoral,4
sheep_maize_tot_lag12,0.0,agropastoral,4
maize_yield,0.0008869723,agropastoral,4
maize_yield_anomaly,0.00969654,agropastoral,4
wheat_yield,0.0,agropastoral,4
wheat_yield_anomaly,0.003546905,agropastoral,4
sorghum_yield,0.011006783,agropastoral,4
sorghum_yield_anomaly,0.023378383,agropastoral,4
teff_yield,0.0072994893,agropastoral,4
teff_yield_anomaly,0.0,agropastoral,4
headline_cpi,0.0041474616,agropastoral,4
headline_cpi_lag1,0.0007729816,agropastoral,4
headline_cpi_lag3,0.000416205,agropastoral,4
headline_cpi_lag6,0.0,agropastoral,4
headline_cpi_lag12,0.0,agropastoral,4
headline_cpi_yoy_change,0.00020450492,agropastoral,4
headline_cpi_yoy_change_lag1,0.006574762,agropastoral,4
headline_cpi_yoy_change_lag3,0.006367974,agropastoral,4
headline_cpi_yoy_change_lag6,0.02531923,agropastoral,4
headline_cpi_yoy_change_lag12,0.0019421803,agropastoral,4
food_cpi,0.0008904717,agropastoral,4
food_cpi_lag1,0.0,agropastoral,4
food_cpi_lag3,0.0,agropastoral,4
food_cpi_lag6,0.0,agropastoral,4
food_cpi_lag12,0.007565609,agropastoral,4
food_cpi_yoy_change,0.0,agropastoral,4
food_cpi_yoy_change_lag1,0.0,agropastoral,4
food_cpi_yoy_change_lag3,0.0,agropastoral,4
food_cpi_yoy_change_lag6,0.0,agropastoral,4
food_cpi_yoy_change_lag12,0.021298943,agropastoral,4
headline_cpi_chainlinked,0.0,agropastoral,4
headline_cpi_chainlinked_lag1,0.0,agropastoral,4
headline_cpi_chainlinked_lag3,0.0,agropastoral,4
headline_cpi_chainlinked_lag6,0.0,agropastoral,4
headline_cpi_chainlinked_lag12,0.0,agropastoral,4
food_cpi_chainlinked,0.0,agropastoral,4
food_cpi_chainlinked_lag1,0.0,agropastoral,4
food_cpi_chainlinked_lag3,0.0,agropastoral,4
food_cpi_chainlinked_lag6,0.0,agropastoral,4
food_cpi_chainlinked_lag12,0.0,agropastoral,4
exchange_rate,0.0,agropastoral,4
exchange_rate_lag1,0.0,agropastoral,4
exchange_rate_lag3,0.0,agropastoral,4
exchange_rate_lag6,0.0,agropastoral,4
exchange_rate_lag12,0.0,agropastoral,4
exchange_rate_yoy_change,0.004195057,agropastoral,4
exchange_rate_yoy_change_lag1,0.0,agropastoral,4
exchange_rate_yoy_change_lag3,0.0,agropastoral,4
exchange_rate_yoy_change_lag6,0.00043392734,agropastoral,4
exchange_rate_yoy_change_lag12,0.0020210824,agropastoral,4
gdp_per_capita,0.0,agropastoral,4
gdp_per_capita_yoy_change,0.001123791,agropastoral,4
iod,0.018964995,agropastoral,4
mei,0.0,agropastoral,4
nino34,0.0,agropastoral,4
iod_lag1,0.0,agropastoral,4
iod_lag3,0.0041967053,agropastoral,4
iod_lag6,0.0017855217,agropastoral,4
mei_lag1,0.0,agropastoral,4
mei_lag3,0.000942906,agropastoral,4
mei_lag6,0.0,agropastoral,4
nino34_lag1,0.0,agropastoral,4
nino34_lag3,0.0006561423,agropastoral,4
nino34_lag6,0.007323267,agropastoral,4
wvg,0.021678329,agropastoral,4
wvg_lag1yr,0.0,agropastoral,4
wvg_lag2yr,0.012356762,agropastoral,4
wvg_lag3yr,0.0,agropastoral,4
season_national_belg_meher,0.0,agropastoral,4
season_somali_gu_deyr,0.0,agropastoral,4
months_since_assessment,0.0,crop_farming,4
pct_pastoral,0.0056607705,crop_farming,4
pct_agropastoral,0.0026611588,crop_farming,4
pct_crop_farming,0.0064556506,crop_farming,4
is_harvest_season,0.00057957985,crop_farming,4
is_lean_season,0.00048112252,crop_farming,4
is_dry_season,0.00029972784,crop_farming,4
months_since_harvest_start,0.00038911137,crop_farming,4
months_since_lean_start,0.0021270001,crop_farming,4
glofas_reach_count,0.007491565,crop_farming,4
agss_surveyed_flag,0.0,crop_farming,4
ipc_lag1,0.031377375,crop_farming,4
ipc_lag4,0.005688995,crop_farming,4
ipc_lag8,0.009498382,crop_farming,4
ipc_mean12,0.08940558,crop_farming,4
ha_share_lag1,0.00949419,crop_farming,4
ha_share_lag4,0.007353292,crop_farming,4
ha_share_lag8,0.005464548,crop_farming,4
ha_share_mean12,0.017262481,crop_farming,4
total_rainfall_mm,0.015260615,crop_farming,4
wet_days,0.006760775,crop_farming,4
max_dry_spell_length,0.0006466405,crop_farming,4
rainfall_sum_1m,0.0,crop_farming,4
rainfall_sum_3m,0.03215863,crop_farming,4
rainfall_sum_6m,0.0054354966,crop_farming,4
rainfall_sum_12m,0.018996332,crop_farming,4
rainfall_sum_24m,0.0067808228,crop_farming,4
spi_1,0.002077629,crop_farming,4
spi_3,0.0036951688,crop_farming,4
spi_6,0.0048226435,crop_farming,4
spi_12,0.0033328147,crop_farming,4
spi_24,0.0020707368,crop_farming,4
pet_mm,0.0036281506,crop_farming,4
sm_root,0.0021181772,crop_farming,4
precip_mm,0.0,crop_farming,4
spei_balance_mm,0.022184137,crop_farming,4
sm_mean_1m,0.0,crop_farming,4
spei_balance_sum_1m,0.0,crop_farming,4
sm_mean_3m,0.004143184,crop_farming,4
spei_balance_sum_3m,0.050723385,crop_farming,4
sm_mean_6m,0.0030827133,crop_farming,4
spei_balance_sum_6m,0.027074412,crop_farming,4
sm_mean_12m,0.0023492263,crop_farming,4
spei_balance_sum_12m,0.005967026,crop_farming,4
sm_mean_24m,0.0036996328,crop_farming,4
spei_balance_sum_24m,0.0047144457,crop_farming,4
ssmi_1,0.006349545,crop_farming,4
ssmi_3,0.004821514,crop_farming,4
ssmi_6,0.0077071856,crop_farming,4
ssmi_12,0.0014536111,crop_farming,4
ssmi_24,0.0021156897,crop_farming,4
spei_1,0.0016145473,crop_farming,4
spei_3,0.0022205089,crop_farming,4
spei_6,0.002241271,crop_farming,4
spei_12,0.008528786,crop_farming,4
spei_24,0.0021662335,crop_farming,4
ndvi,0.0029029753,crop_farming,4
ndvi_anomaly,0.004780798,crop_farming,4
ndvi_lag1,0.0012257132,crop_farming,4
ndvi_lag3,0.0033261152,crop_farming,4
ndvi_lag6,0.0030010883,crop_farming,4
ndvi_lag12,0.0022226477,crop_farming,4
ndvi_anomaly_lag1,0.0034634653,crop_farming,4
ndvi_anomaly_lag3,0.004466906,crop_farming,4
ndvi_anomaly_lag6,0.0034143622,crop_farming,4
ndvi_anomaly_lag12,0.0033943525,crop_farming,4
ndvi_cropland,0.003917171,crop_farming,4
ndvi_cropland_anomaly,0.003534146,crop_farming,4
ndvi_cropland_lag1,0.0022574584,crop_farming,4
ndvi_cropland_lag3,0.0025255838,crop_farming,4
ndvi_cropland_lag6,0.0019570242,crop_farming,4
ndvi_cropland_lag12,0.0017444979,crop_farming,4
ndvi_cropland_anomaly_lag1,0.0017130565,crop_farming,4
ndvi_cropland_anomaly_lag3,0.0015321092,crop_farming,4
ndvi_cropland_anomaly_lag6,0.0024270506,crop_farming,4
ndvi_cropland_anomaly_lag12,0.0044612507,crop_farming,4
ndvi_rangeland,0.007343838,crop_farming,4
ndvi_rangeland_anomaly,0.0044197217,crop_farming,4
ndvi_rangeland_lag1,0.003473592,crop_farming,4
ndvi_rangeland_lag3,0.0017538443,crop_farming,4
ndvi_rangeland_lag6,0.009346204,crop_farming,4
ndvi_rangeland_lag12,0.0015771362,crop_farming,4
ndvi_rangeland_anomaly_lag1,0.005498089,crop_farming,4
ndvi_rangeland_anomaly_lag3,0.0029851433,crop_farming,4
ndvi_rangeland_anomaly_lag6,0.0016817536,crop_farming,4
ndvi_rangeland_anomaly_lag12,0.005923368,crop_farming,4
maize_price_etb,0.0010793647,crop_farming,4
maize_price_etb_lag1,0.0016666099,crop_farming,4
maize_price_etb_lag3,0.0017758695,crop_farming,4
maize_price_etb_lag6,0.0,crop_farming,4
maize_price_etb_lag12,0.0033961118,crop_farming,4
maize_price_index,0.0,crop_farming,4
maize_price_index_lag1,0.0012806772,crop_farming,4
maize_price_index_lag3,0.00015682598,crop_farming,4
maize_price_index_lag6,0.0011568547,crop_farming,4
maize_price_index_lag12,0.0013157205,crop_farming,4
maize_n_markets,0.0,crop_farming,4
wheat_price_etb,0.0011519706,crop_farming,4
wheat_price_etb_lag1,0.0032229307,crop_farming,4
wheat_price_etb_lag3,0.0023426677,crop_farming,4
wheat_price_etb_lag6,0.005398382,crop_farming,4
wheat_price_etb_lag12,0.0015752137,crop_farming,4
wheat_price_index,0.001537197,crop_farming,4
wheat_price_index_lag1,0.0007030101,crop_farming,4
wheat_price_index_lag3,0.007059177,crop_farming,4
wheat_price_index_lag6,0.0015074624,crop_farming,4
wheat_price_index_lag12,0.0069627697,crop_farming,4
wheat_n_markets,0.0,crop_farming,4
sorghum_price_etb,0.0015680841,crop_farming,4
sorghum_price_etb_lag1,0.002002742,crop_farming,4
sorghum_price_etb_lag3,0.0053380197,crop_farming,4
sorghum_price_etb_lag6,0.0016276005,crop_farming,4
sorghum_price_etb_lag12,0.0,crop_farming,4
sorghum_price_index,0.002162986,crop_farming,4
sorghum_price_index_lag1,0.0,crop_farming,4
sorghum_price_index_lag3,0.0068293316,crop_farming,4
sorghum_price_index_lag6,0.006047468,crop_farming,4
sorghum_price_index_lag12,0.005885381,crop_farming,4
sorghum_n_markets,0.0,crop_farming,4
teff_price_etb,0.0,crop_farming,4
teff_price_etb_lag1,0.0,crop_farming,4
teff_price_etb_lag3,0.0,crop_farming,4
teff_price_etb_lag6,0.0,crop_farming,4
teff_price_etb_lag12,0.0,crop_farming,4
teff_price_index,0.0,crop_farming,4
teff_price_index_lag1,0.0,crop_farming,4
teff_price_index_lag3,0.0,crop_farming,4
teff_price_index_lag6,0.0,crop_farming,4
teff_price_index_lag12,0.0,crop_farming,4
teff_n_markets,0.0,crop_farming,4
fuel_diesel_price_etb,0.0,crop_farming,4
fuel_diesel_price_etb_lag1,0.0,crop_farming,4
fuel_diesel_price_etb_lag3,0.0,crop_farming,4
fuel_diesel_price_etb_lag6,0.0,crop_farming,4
fuel_diesel_price_etb_lag12,0.0,crop_farming,4
fuel_diesel_price_index,0.0,crop_farming,4
fuel_diesel_price_index_lag1,0.0,crop_farming,4
fuel_diesel_price_index_lag3,0.0,crop_farming,4
fuel_diesel_price_index_lag6,0.0,crop_farming,4
fuel_diesel_price_index_lag12,0.0,crop_farming,4
fuel_diesel_n_markets,0.0,crop_farming,4
fuel_petrol_price_etb,0.0,crop_farming,4
fuel_petrol_price_etb_lag1,0.0,crop_farming,4
fuel_petrol_price_etb_lag3,0.0,crop_farming,4
fuel_petrol_price_etb_lag6,0.0,crop_farming,4
fuel_petrol_price_etb_lag12,0.0,crop_farming,4
fuel_petrol_price_index,0.0,crop_farming,4
fuel_petrol_price_index_lag1,0.0,crop_farming,4
fuel_petrol_price_index_lag3,0.0,crop_farming,4
fuel_petrol_price_index_lag6,0.0,crop_farming,4
fuel_petrol_price_index_lag12,0.0,crop_farming,4
fuel_petrol_n_markets,0.0,crop_farming,4
livestock_goat_price_etb,0.0,crop_farming,4
livestock_goat_price_etb_lag1,0.0,crop_farming,4
livestock_goat_price_etb_lag3,0.0,crop_farming,4
livestock_goat_price_etb_lag6,0.0,crop_farming,4
livestock_goat_price_etb_lag12,0.0,crop_farming,4
livestock_goat_price_index,0.0,crop_farming,4
livestock_goat_price_index_lag1,0.0,crop_farming,4
livestock_goat_price_index_lag3,0.0,crop_farming,4
livestock_goat_price_index_lag6,0.0,crop_farming,4
livestock_goat_price_index_lag12,0.0,crop_farming,4
livestock_goat_n_markets,0.0,crop_farming,4
livestock_sheep_price_etb,0.0,crop_farming,4
livestock_sheep_price_etb_lag1,0.0,crop_farming,4
livestock_sheep_price_etb_lag3,0.0,crop_farming,4
livestock_sheep_price_etb_lag6,0.0,crop_farming,4
livestock_sheep_price_etb_lag12,0.0,crop_farming,4
livestock_sheep_price_index,0.0,crop_farming,4
livestock_sheep_price_index_lag1,0.0,crop_farming,4
livestock_sheep_price_index_lag3,0.0,crop_farming,4
livestock_sheep_price_index_lag6,0.0,crop_farming,4
livestock_sheep_price_index_lag12,0.0,crop_farming,4
livestock_sheep_n_markets,0.0,crop_farming,4
goat_maize_tot,0.0,crop_farming,4
goat_maize_tot_lag1,0.0,crop_farming,4
goat_maize_tot_lag3,0.0,crop_farming,4
goat_maize_tot_lag6,0.0,crop_farming,4
goat_maize_tot_lag12,0.0,crop_farming,4
sheep_maize_tot,0.0,crop_farming,4
sheep_maize_tot_lag1,0.0,crop_farming,4
sheep_maize_tot_lag3,0.0,crop_farming,4
sheep_maize_tot_lag6,0.0,crop_farming,4
sheep_maize_tot_lag12,0.0,crop_farming,4
maize_yield,0.0019505813,crop_farming,4
maize_yield_anomaly,0.0037336661,crop_farming,4
wheat_yield,0.0037730848,crop_farming,4
wheat_yield_anomaly,0.0028528725,crop_farming,4
sorghum_yield,0.0027435066,crop_farming,4
sorghum_yield_anomaly,0.0020280848,crop_farming,4
teff_yield,0.0032873643,crop_farming,4
teff_yield_anomaly,0.003336638,crop_farming,4
headline_cpi,0.02078077,crop_farming,4
headline_cpi_lag1,0.015709395,crop_farming,4
headline_cpi_lag3,0.0,crop_farming,4
headline_cpi_lag6,0.011740321,crop_farming,4
headline_cpi_lag12,0.0038615086,crop_farming,4
headline_cpi_yoy_change,0.0087935105,crop_farming,4
headline_cpi_yoy_change_lag1,0.007133581,crop_farming,4
headline_cpi_yoy_change_lag3,0.00086966413,crop_farming,4
headline_cpi_yoy_change_lag6,0.018720435,crop_farming,4
headline_cpi_yoy_change_lag12,0.003189485,crop_farming,4
food_cpi,0.011111679,crop_farming,4
food_cpi_lag1,0.0,crop_farming,4
food_cpi_lag3,0.0,crop_farming,4
food_cpi_lag6,0.0,crop_farming,4
food_cpi_lag12,0.0,crop_farming,4
food_cpi_yoy_change,0.029453758,crop_farming,4
food_cpi_yoy_change_lag1,0.01927678,crop_farming,4
food_cpi_yoy_change_lag3,0.002598087,crop_farming,4
food_cpi_yoy_change_lag6,0.0021572318,crop_farming,4
food_cpi_yoy_change_lag12,0.0,crop_farming,4
headline_cpi_chainlinked,0.0,crop_farming,4
headline_cpi_chainlinked_lag1,0.0,crop_farming,4
headline_cpi_chainlinked_lag3,0.0,crop_farming,4
headline_cpi_chainlinked_lag6,0.0,crop_farming,4
headline_cpi_chainlinked_lag12,0.0,crop_farming,4
food_cpi_chainlinked,0.0,crop_farming,4
food_cpi_chainlinked_lag1,0.0,crop_farming,4
food_cpi_chainlinked_lag3,0.0,crop_farming,4
food_cpi_chainlinked_lag6,0.0,crop_farming,4
food_cpi_chainlinked_lag12,0.0,crop_farming,4
exchange_rate,0.0,crop_farming,4
exchange_rate_lag1,0.0,crop_farming,4
exchange_rate_lag3,0.0,crop_farming,4
exchange_rate_lag6,0.0,crop_farming,4
exchange_rate_lag12,0.0,crop_farming,4
exchange_rate_yoy_change,0.003858563,crop_farming,4
exchange_rate_yoy_change_lag1,0.0058416016,crop_farming,4
exchange_rate_yoy_change_lag3,0.0030438656,crop_farming,4
exchange_rate_yoy_change_lag6,0.007895659,crop_farming,4
exchange_rate_yoy_change_lag12,0.011620119,crop_farming,4
gdp_per_capita,0.0,crop_farming,4
gdp_per_capita_yoy_change,0.0015620808,crop_farming,4
iod,0.009243916,crop_farming,4
mei,0.015383784,crop_farming,4
nino34,0.0026832973,crop_farming,4
iod_lag1,0.007680645,crop_farming,4
iod_lag3,0.0113723865,crop_farming,4
iod_lag6,0.00811903,crop_farming,4
mei_lag1,0.0,crop_farming,4
mei_lag3,0.019492786,crop_farming,4
mei_lag6,0.0036572658,crop_farming,4
nino34_lag1,0.020440899,crop_farming,4
nino34_lag3,0.00854881,crop_farming,4
nino34_lag6,0.011240908,crop_farming,4
wvg,0.0,crop_farming,4
wvg_lag1yr,0.0048115193,crop_farming,4
wvg_lag2yr,0.0023898655,crop_farming,4
wvg_lag3yr,0.010139369,crop_farming,4
season_benishangul_meher_only,0.0022184928,crop_farming,4
season_national_belg_meher,0.0,crop_farming,4
months_since_assessment,0.0,pastoral,8
pct_pastoral,0.0072810613,pastoral,8
pct_agropastoral,0.0063808914,pastoral,8
pct_crop_farming,0.0054505025,pastoral,8
is_harvest_season,5.5350705e-05,pastoral,8
is_lean_season,0.0012175923,pastoral,8
is_dry_season,0.00011420809,pastoral,8
months_since_harvest_start,0.00066657923,pastoral,8
months_since_lean_start,0.0054379073,pastoral,8
glofas_reach_count,0.0057918034,pastoral,8
agss_surveyed_flag,0.0068742814,pastoral,8
ipc_lag1,0.016784227,pastoral,8
ipc_lag4,0.010012027,pastoral,8
ipc_lag8,0.0024411697,pastoral,8
ipc_mean12,0.021314275,pastoral,8
ha_share_lag1,0.002139999,pastoral,8
ha_share_lag4,0.0028464652,pastoral,8
ha_share_lag8,0.0059004994,pastoral,8
ha_share_mean12,0.0034848377,pastoral,8
total_rainfall_mm,0.00109237,pastoral,8
wet_days,0.0017710899,pastoral,8
max_dry_spell_length,0.0028693483,pastoral,8
rainfall_sum_1m,0.0,pastoral,8
rainfall_sum_3m,0.002809228,pastoral,8
rainfall_sum_6m,0.0018127969,pastoral,8
rainfall_sum_12m,0.00506758,pastoral,8
rainfall_sum_24m,0.018703673,pastoral,8
spi_1,0.0017302593,pastoral,8
spi_3,0.0022168627,pastoral,8
spi_6,0.030979758,pastoral,8
spi_12,0.0064505683,pastoral,8
spi_24,0.009166337,pastoral,8
pet_mm,0.013143062,pastoral,8
sm_root,0.022902919,pastoral,8
precip_mm,0.0,pastoral,8
spei_balance_mm,0.006061464,pastoral,8
sm_mean_1m,0.0,pastoral,8
spei_balance_sum_1m,0.0,pastoral,8
sm_mean_3m,0.020954905,pastoral,8
spei_balance_sum_3m,0.002071705,pastoral,8
sm_mean_6m,0.008469151,pastoral,8
spei_balance_sum_6m,0.010451647,pastoral,8
sm_mean_12m,0.0065208487,pastoral,8
spei_balance_sum_12m,0.09489043,pastoral,8
sm_mean_24m,0.0532175,pastoral,8
spei_balance_sum_24m,0.018703898,pastoral,8
ssmi_1,0.0042528957,pastoral,8
ssmi_3,0.010332333,pastoral,8
ssmi_6,0.0069556814,pastoral,8
ssmi_12,0.0076152217,pastoral,8
ssmi_24,0.0072778254,pastoral,8
spei_1,0.00434305,pastoral,8
spei_3,0.0021569224,pastoral,8
spei_6,0.013855691,pastoral,8
spei_12,0.0052402755,pastoral,8
spei_24,0.0023165012,pastoral,8
ndvi,0.0036293522,pastoral,8
ndvi_anomaly,0.0017531433,pastoral,8
ndvi_lag1,0.0055642393,pastoral,8
ndvi_lag3,0.0027716644,pastoral,8
ndvi_lag6,0.004725289,pastoral,8
ndvi_lag12,0.0018771231,pastoral,8
ndvi_anomaly_lag1,0.0010702069,pastoral,8
ndvi_anomaly_lag3,0.002008364,pastoral,8
ndvi_anomaly_lag6,0.0016671676,pastoral,8
ndvi_anomaly_lag12,0.001949942,pastoral,8
ndvi_cropland,0.003970038,pastoral,8
ndvi_cropland_anomaly,0.0033821966,pastoral,8
ndvi_cropland_lag1,0.0031918474,pastoral,8
ndvi_cropland_lag3,0.004678682,pastoral,8
ndvi_cropland_lag6,0.0029996654,pastoral,8
ndvi_cropland_lag12,0.002698771,pastoral,8
ndvi_cropland_anomaly_lag1,0.0026296386,pastoral,8
ndvi_cropland_anomaly_lag3,0.0020325715,pastoral,8
ndvi_cropland_anomaly_lag6,0.0023924557,pastoral,8
ndvi_cropland_anomaly_lag12,0.0024491807,pastoral,8
ndvi_rangeland,0.002237498,pastoral,8
ndvi_rangeland_anomaly,0.0040847454,pastoral,8
ndvi_rangeland_lag1,0.0031206252,pastoral,8
ndvi_rangeland_lag3,0.0019763268,pastoral,8
ndvi_rangeland_lag6,0.0022894172,pastoral,8
ndvi_rangeland_lag12,0.0032239994,pastoral,8
ndvi_rangeland_anomaly_lag1,0.0027730323,pastoral,8
ndvi_rangeland_anomaly_lag3,0.0014175449,pastoral,8
ndvi_rangeland_anomaly_lag6,0.0038237027,pastoral,8
ndvi_rangeland_anomaly_lag12,0.0067127226,pastoral,8
maize_price_etb,0.006986743,pastoral,8
maize_price_etb_lag1,0.0,pastoral,8
maize_price_etb_lag3,0.0,pastoral,8
maize_price_etb_lag6,0.0,pastoral,8
maize_price_etb_lag12,0.0,pastoral,8
maize_price_index,0.0,pastoral,8
maize_price_index_lag1,0.0,pastoral,8
maize_price_index_lag3,0.0057889456,pastoral,8
maize_price_index_lag6,0.0019798076,pastoral,8
maize_price_index_lag12,0.0037923113,pastoral,8
maize_n_markets,0.011022784,pastoral,8
wheat_price_etb,0.0,pastoral,8
wheat_price_etb_lag1,0.0,pastoral,8
wheat_price_etb_lag3,0.0030567707,pastoral,8
wheat_price_etb_lag6,0.0029065313,pastoral,8
wheat_price_etb_lag12,0.0027062371,pastoral,8
wheat_price_index,0.0,pastoral,8
wheat_price_index_lag1,0.0022990094,pastoral,8
wheat_price_index_lag3,0.004330429,pastoral,8
wheat_price_index_lag6,0.009177443,pastoral,8
wheat_price_index_lag12,0.00407566,pastoral,8
wheat_n_markets,0.0,pastoral,8
sorghum_price_etb,0.0025343879,pastoral,8
sorghum_price_etb_lag1,0.0,pastoral,8
sorghum_price_etb_lag3,0.0,pastoral,8
sorghum_price_etb_lag6,0.0029760816,pastoral,8
sorghum_price_etb_lag12,0.0,pastoral,8
sorghum_price_index,0.0041247844,pastoral,8
sorghum_price_index_lag1,0.0,pastoral,8
sorghum_price_index_lag3,0.0,pastoral,8
sorghum_price_index_lag6,0.0,pastoral,8
sorghum_price_index_lag12,0.0,pastoral,8
sorghum_n_markets,0.0,pastoral,8
teff_price_etb,0.0,pastoral,8
teff_price_etb_lag1,0.0,pastoral,8
teff_price_etb_lag3,0.0,pastoral,8
teff_price_etb_lag6,0.0,pastoral,8
teff_price_etb_lag12,0.0,pastoral,8
teff_price_index,0.0,pastoral,8
teff_price_index_lag1,0.0,pastoral,8
teff_price_index_lag3,0.0,pastoral,8
teff_price_index_lag6,0.0,pastoral,8
teff_price_index_lag12,0.0,pastoral,8
teff_n_markets,0.0,pastoral,8
fuel_diesel_price_etb,0.0,pastoral,8
fuel_diesel_price_etb_lag1,0.0,pastoral,8
fuel_diesel_price_etb_lag3,0.0,pastoral,8
fuel_diesel_price_etb_lag6,0.0,pastoral,8
fuel_diesel_price_etb_lag12,0.0,pastoral,8
fuel_diesel_price_index,0.0,pastoral,8
fuel_diesel_price_index_lag1,0.0,pastoral,8
fuel_diesel_price_index_lag3,0.0,pastoral,8
fuel_diesel_price_index_lag6,0.0,pastoral,8
fuel_diesel_price_index_lag12,0.0,pastoral,8
fuel_diesel_n_markets,0.0,pastoral,8
fuel_petrol_n_markets,0.0,pastoral,8
livestock_goat_price_etb,0.0,pastoral,8
livestock_goat_price_etb_lag1,0.0,pastoral,8
livestock_goat_price_etb_lag3,0.0,pastoral,8
livestock_goat_price_etb_lag6,0.0,pastoral,8
livestock_goat_price_etb_lag12,0.0,pastoral,8
livestock_goat_price_index,0.0,pastoral,8
livestock_goat_price_index_lag1,0.0,pastoral,8
livestock_goat_price_index_lag3,0.0,pastoral,8
livestock_goat_price_index_lag6,0.0,pastoral,8
livestock_goat_price_index_lag12,0.0,pastoral,8
livestock_goat_n_markets,0.0,pastoral,8
livestock_sheep_price_etb,0.0,pastoral,8
livestock_sheep_price_etb_lag1,0.0,pastoral,8
livestock_sheep_price_etb_lag3,0.0,pastoral,8
livestock_sheep_price_etb_lag6,0.0,pastoral,8
livestock_sheep_price_etb_lag12,0.0,pastoral,8
livestock_sheep_price_index,0.0,pastoral,8
livestock_sheep_price_index_lag1,0.0,pastoral,8
livestock_sheep_price_index_lag3,0.0,pastoral,8
livestock_sheep_price_index_lag6,0.0,pastoral,8
livestock_sheep_price_index_lag12,0.0,pastoral,8
livestock_sheep_n_markets,0.0,pastoral,8
goat_maize_tot,0.0,pastoral,8
goat_maize_tot_lag1,0.0019458439,pastoral,8
goat_maize_tot_lag3,0.0,pastoral,8
goat_maize_tot_lag6,0.0,pastoral,8
goat_maize_tot_lag12,0.0,pastoral,8
sheep_maize_tot,0.0,pastoral,8
sheep_maize_tot_lag1,0.0,pastoral,8
sheep_maize_tot_lag3,0.0,pastoral,8
sheep_maize_tot_lag6,0.0,pastoral,8
sheep_maize_tot_lag12,0.0,pastoral,8
maize_yield,0.004917845,pastoral,8
maize_yield_anomaly,0.0038368688,pastoral,8
wheat_yield,0.0055771517,pastoral,8
wheat_yield_anomaly,0.0059931464,pastoral,8
sorghum_yield,0.015612853,pastoral,8
sorghum_yield_anomaly,0.0,pastoral,8
teff_yield,0.0,pastoral,8
teff_yield_anomaly,0.0038366644,pastoral,8
headline_cpi,0.022602055,pastoral,8
headline_cpi_lag1,0.0073422203,pastoral,8
headline_cpi_lag3,0.0135245295,pastoral,8
headline_cpi_lag6,0.00508464,pastoral,8
headline_cpi_lag12,0.034257624,pastoral,8
headline_cpi_yoy_change,0.0,pastoral,8
headline_cpi_yoy_change_lag1,0.0061065853,pastoral,8
headline_cpi_yoy_change_lag3,0.0038257972,pastoral,8
headline_cpi_yoy_change_lag6,0.0056353244,pastoral,8
headline_cpi_yoy_change_lag12,0.0076398924,pastoral,8
food_cpi,0.0080017205,pastoral,8
food_cpi_lag1,0.0050301393,pastoral,8
food_cpi_lag3,0.0,pastoral,8
food_cpi_lag6,0.0,pastoral,8
food_cpi_lag12,0.0,pastoral,8
food_cpi_yoy_change,0.008287117,pastoral,8
food_cpi_yoy_change_lag1,0.0,pastoral,8
food_cpi_yoy_change_lag3,0.0,pastoral,8
food_cpi_yoy_change_lag6,0.011513495,pastoral,8
food_cpi_yoy_change_lag12,0.0026822162,pastoral,8
headline_cpi_chainlinked,0.0,pastoral,8
headline_cpi_chainlinked_lag1,0.0,pastoral,8
headline_cpi_chainlinked_lag3,0.0,pastoral,8
headline_cpi_chainlinked_lag6,0.0,pastoral,8
headline_cpi_chainlinked_lag12,0.0,pastoral,8
food_cpi_chainlinked,0.0,pastoral,8
food_cpi_chainlinked_lag1,0.0,pastoral,8
food_cpi_chainlinked_lag3,0.0,pastoral,8
food_cpi_chainlinked_lag6,0.0,pastoral,8
food_cpi_chainlinked_lag12,0.0,pastoral,8
exchange_rate,0.0,pastoral,8
exchange_rate_lag1,0.0,pastoral,8
exchange_rate_lag3,0.0,pastoral,8
exchange_rate_lag6,0.0,pastoral,8
exchange_rate_lag12,0.0,pastoral,8
exchange_rate_yoy_change,0.005534138,pastoral,8
exchange_rate_yoy_change_lag1,0.0037697202,pastoral,8
exchange_rate_yoy_change_lag3,0.013920205,pastoral,8
exchange_rate_yoy_change_lag6,0.0,pastoral,8
exchange_rate_yoy_change_lag12,0.004133947,pastoral,8
gdp_per_capita,0.0,pastoral,8
gdp_per_capita_yoy_change,0.0,pastoral,8
iod,0.005109885,pastoral,8
mei,0.012008957,pastoral,8
nino34,0.009020281,pastoral,8
iod_lag1,0.010693318,pastoral,8
iod_lag3,0.007232925,pastoral,8
iod_lag6,0.0,pastoral,8
mei_lag1,0.0007691354,pastoral,8
mei_lag3,0.0,pastoral,8
mei_lag6,0.010240196,pastoral,8
nino34_lag1,0.036593117,pastoral,8
nino34_lag3,0.0019185581,pastoral,8
nino34_lag6,0.00023603192,pastoral,8
wvg,0.0,pastoral,8
wvg_lag1yr,0.0,pastoral,8
wvg_lag2yr,0.0,pastoral,8
wvg_lag3yr,0.0,pastoral,8
season_national_belg_meher,0.028109252,pastoral,8
season_somali_gu_deyr,0.0,pastoral,8
months_since_assessment,0.0,agropastoral,8
pct_pastoral,0.00016436137,agropastoral,8
pct_agropastoral,0.036110707,agropastoral,8
pct_crop_farming,0.005415281,agropastoral,8
is_harvest_season,5.4365115e-05,agropastoral,8
is_lean_season,8.6324646e-05,agropastoral,8
is_dry_season,0.003153507,agropastoral,8
months_since_harvest_start,0.0011936544,agropastoral,8
months_since_lean_start,0.00418443,agropastoral,8
glofas_reach_count,0.0004567334,agropastoral,8
agss_surveyed_flag,0.0,agropastoral,8
ipc_lag1,0.060197055,agropastoral,8
ipc_lag4,0.0048102266,agropastoral,8
ipc_lag8,0.011677508,agropastoral,8
ipc_mean12,0.0067984518,agropastoral,8
ha_share_lag1,0.0016830849,agropastoral,8
ha_share_lag4,0.0044511743,agropastoral,8
ha_share_lag8,0.0009761877,agropastoral,8
ha_share_mean12,0.00412041,agropastoral,8
total_rainfall_mm,0.0026442176,agropastoral,8
wet_days,0.0012636294,agropastoral,8
max_dry_spell_length,0.0010041,agropastoral,8
rainfall_sum_1m,0.0,agropastoral,8
rainfall_sum_3m,0.0018258615,agropastoral,8
rainfall_sum_6m,0.0013621897,agropastoral,8
rainfall_sum_12m,0.016726593,agropastoral,8
rainfall_sum_24m,0.006046199,agropastoral,8
spi_1,0.00046446308,agropastoral,8
spi_3,0.004687378,agropastoral,8
spi_6,0.008291716,agropastoral,8
spi_12,0.01095819,agropastoral,8
spi_24,0.008665386,agropastoral,8
pet_mm,0.019057285,agropastoral,8
sm_root,0.0053771497,agropastoral,8
precip_mm,0.0,agropastoral,8
spei_balance_mm,0.01562521,agropastoral,8
sm_mean_1m,0.0,agropastoral,8
spei_balance_sum_1m,0.0,agropastoral,8
sm_mean_3m,0.07545726,agropastoral,8
spei_balance_sum_3m,0.0057801707,agropastoral,8
sm_mean_6m,0.021807391,agropastoral,8
spei_balance_sum_6m,0.005858646,agropastoral,8
sm_mean_12m,0.02138187,agropastoral,8
spei_balance_sum_12m,0.004277355,agropastoral,8
sm_mean_24m,0.0070343576,agropastoral,8
spei_balance_sum_24m,0.015119468,agropastoral,8
ssmi_1,0.00044351743,agropastoral,8
ssmi_3,0.0016070501,agropastoral,8
ssmi_6,0.0038220398,agropastoral,8
ssmi_12,0.017341021,agropastoral,8
ssmi_24,0.009692598,agropastoral,8
spei_1,0.0011551143,agropastoral,8
spei_3,0.0026116823,agropastoral,8
spei_6,0.0046356698,agropastoral,8
spei_12,0.002593502,agropastoral,8
spei_24,0.0017537796,agropastoral,8
ndvi,0.0015995102,agropastoral,8
ndvi_anomaly,0.005125615,agropastoral,8
ndvi_lag1,0.002647191,agropastoral,8
ndvi_lag3,0.0012420788,agropastoral,8
ndvi_lag6,0.0024395266,agropastoral,8
ndvi_lag12,0.0,agropastoral,8
ndvi_anomaly_lag1,0.0015416518,agropastoral,8
ndvi_anomaly_lag3,0.0070014093,agropastoral,8
ndvi_anomaly_lag6,0.003413182,agropastoral,8
ndvi_anomaly_lag12,0.0049520475,agropastoral,8
ndvi_cropland,0.0,agropastoral,8
ndvi_cropland_anomaly,0.0003694266,agropastoral,8
ndvi_cropland_lag1,0.0016758643,agropastoral,8
ndvi_cropland_lag3,0.0052803936,agropastoral,8
ndvi_cropland_lag6,0.0012534544,agropastoral,8
ndvi_cropland_lag12,0.0014521568,agropastoral,8
ndvi_cropland_anomaly_lag1,0.0040467093,agropastoral,8
ndvi_cropland_anomaly_lag3,0.0004148801,agropastoral,8
ndvi_cropland_anomaly_lag6,0.0031367517,agropastoral,8
ndvi_cropland_anomaly_lag12,0.007153561,agropastoral,8
ndvi_rangeland,0.010012859,agropastoral,8
ndvi_rangeland_anomaly,0.0,agropastoral,8
ndvi_rangeland_lag1,0.02485402,agropastoral,8
ndvi_rangeland_lag3,0.0044244677,agropastoral,8
ndvi_rangeland_lag6,0.0023872808,agropastoral,8
ndvi_rangeland_lag12,0.0022697863,agropastoral,8
ndvi_rangeland_anomaly_lag1,0.0015821952,agropastoral,8
ndvi_rangeland_anomaly_lag3,0.004254228,agropastoral,8
ndvi_rangeland_anomaly_lag6,0.0010135594,agropastoral,8
ndvi_rangeland_anomaly_lag12,0.0007714569,agropastoral,8
maize_price_etb,0.009260959,agropastoral,8
maize_price_etb_lag1,0.0011560947,agropastoral,8
maize_price_etb_lag3,0.009681902,agropastoral,8
maize_price_etb_lag6,0.0049861483,agropastoral,8
maize_price_etb_lag12,0.0020886613,agropastoral,8
maize_price_index,0.003545232,agropastoral,8
maize_price_index_lag1,0.026594428,agropastoral,8
maize_price_index_lag3,0.0035083396,agropastoral,8
maize_price_index_lag6,0.0054622632,agropastoral,8
maize_price_index_lag12,0.0,agropastoral,8
maize_n_markets,0.0,agropastoral,8
wheat_price_etb,0.0,agropastoral,8
wheat_price_etb_lag1,0.0,agropastoral,8
wheat_price_etb_lag3,0.0003112651,agropastoral,8
wheat_price_etb_lag6,0.0010109135,agropastoral,8
wheat_price_etb_lag12,0.0035354139,agropastoral,8
wheat_price_index,0.0,agropastoral,8
wheat_price_index_lag1,0.0,agropastoral,8
wheat_price_index_lag3,0.0,agropastoral,8
wheat_price_index_lag6,0.009138828,agropastoral,8
wheat_price_index_lag12,0.0,agropastoral,8
wheat_n_markets,0.0,agropastoral,8
sorghum_price_etb,0.00076930714,agropastoral,8
sorghum_price_etb_lag1,0.019635415,agropastoral,8
sorghum_price_etb_lag3,0.0021247861,agropastoral,8
sorghum_price_etb_lag6,0.0048144627,agropastoral,8
sorghum_price_etb_lag12,5.7943722e-05,agropastoral,8
sorghum_price_index,0.0009998542,agropastoral,8
sorghum_price_index_lag1,0.0017990014,agropastoral,8
sorghum_price_index_lag3,0.0046841353,agropastoral,8
sorghum_price_index_lag6,0.0022060634,agropastoral,8
sorghum_price_index_lag12,0.005495053,agropastoral,8
sorghum_n_markets,0.0,agropastoral,8
teff_price_etb_lag3,0.0,agropastoral,8
teff_n_markets,0.0,agropastoral,8
fuel_diesel_price_etb,0.0,agropastoral,8
fuel_diesel_price_etb_lag1,0.0,agropastoral,8
fuel_diesel_price_etb_lag3,0.0,agropastoral,8
fuel_diesel_price_etb_lag6,0.0,agropastoral,8
fuel_diesel_price_etb_lag12,0.0,agropastoral,8
fuel_diesel_n_markets,0.0,agropastoral,8
fuel_petrol_n_markets,0.0,agropastoral,8
livestock_goat_price_etb,0.00088782527,agropastoral,8
livestock_goat_price_etb_lag1,0.0,agropastoral,8
livestock_goat_price_etb_lag3,0.0,agropastoral,8
livestock_goat_price_etb_lag6,0.0,agropastoral,8
livestock_goat_price_etb_lag12,0.0,agropastoral,8
livestock_goat_price_index,0.0,agropastoral,8
livestock_goat_price_index_lag1,0.0,agropastoral,8
livestock_goat_price_index_lag3,0.0,agropastoral,8
livestock_goat_price_index_lag6,0.0,agropastoral,8
livestock_goat_price_index_lag12,0.0,agropastoral,8
livestock_goat_n_markets,0.0,agropastoral,8
livestock_sheep_price_etb,0.0,agropastoral,8
livestock_sheep_price_etb_lag1,0.0,agropastoral,8
livestock_sheep_price_etb_lag3,0.0,agropastoral,8
livestock_sheep_price_etb_lag6,0.0,agropastoral,8
livestock_sheep_price_etb_lag12,0.0,agropastoral,8
livestock_sheep_price_index,0.0,agropastoral,8
livestock_sheep_price_index_lag1,0.0,agropastoral,8
livestock_sheep_price_index_lag3,0.0,agropastoral,8
livestock_sheep_price_index_lag6,0.0,agropastoral,8
livestock_sheep_price_index_lag12,0.0,agropastoral,8
livestock_sheep_n_markets,0.0,agropastoral,8
goat_maize_tot,0.0,agropastoral,8
goat_maize_tot_lag1,0.0,agropastoral,8
goat_maize_tot_lag3,0.0,agropastoral,8
goat_maize_tot_lag6,0.0,agropastoral,8
goat_maize_tot_lag12,0.0,agropastoral,8
sheep_maize_tot,0.0,agropastoral,8
sheep_maize_tot_lag1,0.0,agropastoral,8
sheep_maize_tot_lag3,0.0,agropastoral,8
sheep_maize_tot_lag6,0.0,agropastoral,8
sheep_maize_tot_lag12,0.0,agropastoral,8
maize_yield,0.0074367896,agropastoral,8
maize_yield_anomaly,0.0,agropastoral,8
wheat_yield,0.0,agropastoral,8
wheat_yield_anomaly,0.0,agropastoral,8
sorghum_yield,0.017815651,agropastoral,8
sorghum_yield_anomaly,0.010766229,agropastoral,8
teff_yield,0.004949256,agropastoral,8
teff_yield_anomaly,0.0025487386,agropastoral,8
headline_cpi,0.0,agropastoral,8
headline_cpi_lag1,0.0,agropastoral,8
headline_cpi_lag3,0.002939203,agropastoral,8
headline_cpi_lag6,0.0,agropastoral,8
headline_cpi_lag12,0.038240932,agropastoral,8
headline_cpi_yoy_change,0.012461442,agropastoral,8
headline_cpi_yoy_change_lag1,0.0078591695,agropastoral,8
headline_cpi_yoy_change_lag3,0.03792752,agropastoral,8
headline_cpi_yoy_change_lag6,0.014945079,agropastoral,8
headline_cpi_yoy_change_lag12,0.015290229,agropastoral,8
food_cpi,0.0,agropastoral,8
food_cpi_lag1,0.0,agropastoral,8
food_cpi_lag3,0.0,agropastoral,8
food_cpi_lag6,0.0034133126,agropastoral,8
food_cpi_lag12,0.0,agropastoral,8
food_cpi_yoy_change,0.0054295086,agropastoral,8
food_cpi_yoy_change_lag1,0.0,agropastoral,8
food_cpi_yoy_change_lag3,0.0,agropastoral,8
food_cpi_yoy_change_lag6,0.0,agropastoral,8
food_cpi_yoy_change_lag12,0.012000031,agropastoral,8
headline_cpi_chainlinked,0.0,agropastoral,8
headline_cpi_chainlinked_lag1,0.0,agropastoral,8
headline_cpi_chainlinked_lag3,0.0,agropastoral,8
headline_cpi_chainlinked_lag6,0.0,agropastoral,8
headline_cpi_chainlinked_lag12,0.0,agropastoral,8
food_cpi_chainlinked,0.0,agropastoral,8
food_cpi_chainlinked_lag1,0.0,agropastoral,8
food_cpi_chainlinked_lag3,0.0,agropastoral,8
food_cpi_chainlinked_lag6,0.0,agropastoral,8
food_cpi_chainlinked_lag12,0.0,agropastoral,8
exchange_rate,0.0,agropastoral,8
exchange_rate_lag1,0.0,agropastoral,8
exchange_rate_lag3,0.0,agropastoral,8
exchange_rate_lag6,0.0,agropastoral,8
exchange_rate_lag12,0.0,agropastoral,8
exchange_rate_yoy_change,0.0028960751,agropastoral,8
exchange_rate_yoy_change_lag1,0.0027250824,agropastoral,8
exchange_rate_yoy_change_lag3,0.011088549,agropastoral,8
exchange_rate_yoy_change_lag6,0.00228272,agropastoral,8
exchange_rate_yoy_change_lag12,0.0021453097,agropastoral,8
gdp_per_capita,0.0,agropastoral,8
gdp_per_capita_yoy_change,0.0,agropastoral,8
iod,0.008767575,agropastoral,8
mei,0.0050010635,agropastoral,8
nino34,0.0045816065,agropastoral,8
iod_lag1,0.0553215,agropastoral,8
iod_lag3,0.006517059,agropastoral,8
iod_lag6,0.011086181,agropastoral,8
mei_lag1,0.00014147557,agropastoral,8
mei_lag3,0.0,agropastoral,8
mei_lag6,0.0010306305,agropastoral,8
nino34_lag1,0.0,agropastoral,8
nino34_lag3,0.0016100167,agropastoral,8
nino34_lag6,0.008807012,agropastoral,8
wvg,0.0,agropastoral,8
wvg_lag1yr,0.0,agropastoral,8
wvg_lag2yr,0.0,agropastoral,8
wvg_lag3yr,0.0,agropastoral,8
season_national_belg_meher,0.0,agropastoral,8
season_somali_gu_deyr,0.0,agropastoral,8
months_since_assessment,0.0,crop_farming,8
pct_pastoral,0.005052301,crop_farming,8
pct_agropastoral,0.003407153,crop_farming,8
pct_crop_farming,0.009585331,crop_farming,8
is_harvest_season,0.0017959216,crop_farming,8
is_lean_season,0.023933562,crop_farming,8
is_dry_season,1.8999419e-05,crop_farming,8
months_since_harvest_start,0.0019574806,crop_farming,8
months_since_lean_start,0.012371304,crop_farming,8
glofas_reach_count,0.0075541907,crop_farming,8
agss_surveyed_flag,0.0003502025,crop_farming,8
ipc_lag1,0.05101477,crop_farming,8
ipc_lag4,0.021944111,crop_farming,8
ipc_lag8,0.002895111,crop_farming,8
ipc_mean12,0.066011086,crop_farming,8
ha_share_lag1,0.0063812514,crop_farming,8
ha_share_lag4,0.002573727,crop_farming,8
ha_share_lag8,0.0027921952,crop_farming,8
ha_share_mean12,0.0056300717,crop_farming,8
total_rainfall_mm,0.0049838074,crop_farming,8
wet_days,0.0021717793,crop_farming,8
max_dry_spell_length,0.0020287267,crop_farming,8
rainfall_sum_1m,0.0,crop_farming,8
rainfall_sum_3m,0.0045068003,crop_farming,8
rainfall_sum_6m,0.0015984899,crop_farming,8
rainfall_sum_12m,0.013545051,crop_farming,8
rainfall_sum_24m,0.009601662,crop_farming,8
spi_1,0.002055118,crop_farming,8
spi_3,0.006747385,crop_farming,8
spi_6,0.006106346,crop_farming,8
spi_12,0.0024205537,crop_farming,8
spi_24,0.0038648343,crop_farming,8
pet_mm,0.0034762516,crop_farming,8
sm_root,0.0019200855,crop_farming,8
precip_mm,0.0,crop_farming,8
spei_balance_mm,0.0020207274,crop_farming,8
sm_mean_1m,0.0,crop_farming,8
spei_balance_sum_1m,0.0,crop_farming,8
sm_mean_3m,0.003422767,crop_farming,8
spei_balance_sum_3m,0.0074366545,crop_farming,8
sm_mean_6m,0.0045401626,crop_farming,8
spei_balance_sum_6m,0.0,crop_farming,8
sm_mean_12m,0.004301659,crop_farming,8
spei_balance_sum_12m,0.003600248,crop_farming,8
sm_mean_24m,0.0015407484,crop_farming,8
spei_balance_sum_24m,0.0,crop_farming,8
ssmi_1,0.0035548944,crop_farming,8
ssmi_3,0.0029808865,crop_farming,8
ssmi_6,0.0029287974,crop_farming,8
ssmi_12,0.0021064875,crop_farming,8
ssmi_24,0.0020732763,crop_farming,8
spei_1,0.0013310638,crop_farming,8
spei_3,0.0055660917,crop_farming,8
spei_6,0.003843116,crop_farming,8
spei_12,0.0022797182,crop_farming,8
spei_24,0.0016776231,crop_farming,8
ndvi,0.0016534281,crop_farming,8
ndvi_anomaly,0.0017924764,crop_farming,8
ndvi_lag1,0.01582506,crop_farming,8
ndvi_lag3,0.0069587696,crop_farming,8
ndvi_lag6,0.020221945,crop_farming,8
ndvi_lag12,0.0010011765,crop_farming,8
ndvi_anomaly_lag1,0.002372168,crop_farming,8
ndvi_anomaly_lag3,0.001952324,crop_farming,8
ndvi_anomaly_lag6,0.0015523925,crop_farming,8
ndvi_anomaly_lag12,0.0020133737,crop_farming,8
ndvi_cropland,0.0020465031,crop_farming,8
ndvi_cropland_anomaly,0.0027976255,crop_farming,8
ndvi_cropland_lag1,0.0008990729,crop_farming,8
ndvi_cropland_lag3,0.0017967183,crop_farming,8
ndvi_cropland_lag6,0.0046823723,crop_farming,8
ndvi_cropland_lag12,0.0032662174,crop_farming,8
ndvi_cropland_anomaly_lag1,0.00441393,crop_farming,8
ndvi_cropland_anomaly_lag3,0.004336599,crop_farming,8
ndvi_cropland_anomaly_lag6,0.0012897056,crop_farming,8
ndvi_cropland_anomaly_lag12,0.00449989,crop_farming,8
ndvi_rangeland,0.005975056,crop_farming,8
ndvi_rangeland_anomaly,0.0023108404,crop_farming,8
ndvi_rangeland_lag1,0.015902076,crop_farming,8
ndvi_rangeland_lag3,0.0027516973,crop_farming,8
ndvi_rangeland_lag6,0.007894479,crop_farming,8
ndvi_rangeland_lag12,0.0,crop_farming,8
ndvi_rangeland_anomaly_lag1,0.0014889515,crop_farming,8
ndvi_rangeland_anomaly_lag3,0.004972921,crop_farming,8
ndvi_rangeland_anomaly_lag6,0.0029109637,crop_farming,8
ndvi_rangeland_anomaly_lag12,0.0034992776,crop_farming,8
maize_price_etb,0.0,crop_farming,8
maize_price_etb_lag1,0.0022498749,crop_farming,8
maize_price_etb_lag3,0.0022898137,crop_farming,8
maize_price_etb_lag6,0.0010329953,crop_farming,8
maize_price_etb_lag12,0.004928659,crop_farming,8
maize_price_index,0.0,crop_farming,8
maize_price_index_lag1,0.0012677052,crop_farming,8
maize_price_index_lag3,0.0,crop_farming,8
maize_price_index_lag6,0.0,crop_farming,8
maize_price_index_lag12,0.0003879754,crop_farming,8
maize_n_markets,0.0,crop_farming,8
wheat_price_etb,0.005288342,crop_farming,8
wheat_price_etb_lag1,0.0044472236,crop_farming,8
wheat_price_etb_lag3,0.0,crop_farming,8
wheat_price_etb_lag6,0.004908752,crop_farming,8
wheat_price_etb_lag12,0.0017934325,crop_farming,8
wheat_price_index,0.00063892687,crop_farming,8
wheat_price_index_lag1,0.0018479204,crop_farming,8
wheat_price_index_lag3,0.0005866492,crop_farming,8
wheat_price_index_lag6,0.010057535,crop_farming,8
wheat_price_index_lag12,0.0025540942,crop_farming,8
wheat_n_markets,0.0,crop_farming,8
sorghum_price_etb,0.00061162736,crop_farming,8
sorghum_price_etb_lag1,0.012281517,crop_farming,8
sorghum_price_etb_lag3,0.0026314359,crop_farming,8
sorghum_price_etb_lag6,0.0024525444,crop_farming,8
sorghum_price_etb_lag12,0.012859348,crop_farming,8
sorghum_price_index,0.00454638,crop_farming,8
sorghum_price_index_lag1,0.0042300415,crop_farming,8
sorghum_price_index_lag3,0.00460641,crop_farming,8
sorghum_price_index_lag6,0.000560108,crop_farming,8
sorghum_price_index_lag12,0.0,crop_farming,8
sorghum_n_markets,0.0,crop_farming,8
teff_price_etb,0.0,crop_farming,8
teff_price_etb_lag1,0.0,crop_farming,8
teff_price_etb_lag3,0.0,crop_farming,8
teff_price_etb_lag6,0.0,crop_farming,8
teff_price_etb_lag12,0.0,crop_farming,8
teff_price_index,0.0,crop_farming,8
teff_price_index_lag1,0.0,crop_farming,8
teff_price_index_lag3,0.0,crop_farming,8
teff_price_index_lag6,0.0,crop_farming,8
teff_price_index_lag12,0.0,crop_farming,8
teff_n_markets,0.0,crop_farming,8
fuel_diesel_price_etb,0.0,crop_farming,8
fuel_diesel_price_etb_lag1,0.0,crop_farming,8
fuel_diesel_price_etb_lag3,0.0,crop_farming,8
fuel_diesel_price_etb_lag6,0.0,crop_farming,8
fuel_diesel_price_etb_lag12,0.0,crop_farming,8
fuel_diesel_price_index,0.0,crop_farming,8
fuel_diesel_price_index_lag1,0.0,crop_farming,8
fuel_diesel_price_index_lag3,0.0,crop_farming,8
fuel_diesel_price_index_lag6,0.0,crop_farming,8
fuel_diesel_price_index_lag12,0.0,crop_farming,8
fuel_diesel_n_markets,0.0,crop_farming,8
fuel_petrol_price_etb,0.0,crop_farming,8
fuel_petrol_price_etb_lag1,0.0,crop_farming,8
fuel_petrol_price_etb_lag3,0.0,crop_farming,8
fuel_petrol_price_etb_lag6,0.0,crop_farming,8
fuel_petrol_price_etb_lag12,0.0,crop_farming,8
fuel_petrol_price_index,0.0,crop_farming,8
fuel_petrol_price_index_lag1,0.0,crop_farming,8
fuel_petrol_price_index_lag3,0.0,crop_farming,8
fuel_petrol_price_index_lag6,0.0,crop_farming,8
fuel_petrol_price_index_lag12,0.0,crop_farming,8
fuel_petrol_n_markets,0.0,crop_farming,8
livestock_goat_price_etb,0.0,crop_farming,8
livestock_goat_price_etb_lag1,0.0,crop_farming,8
livestock_goat_price_etb_lag3,0.0,crop_farming,8
livestock_goat_price_etb_lag6,0.0,crop_farming,8
livestock_goat_price_etb_lag12,0.0,crop_farming,8
livestock_goat_price_index,0.0,crop_farming,8
livestock_goat_price_index_lag1,0.0,crop_farming,8
livestock_goat_price_index_lag3,0.0,crop_farming,8
livestock_goat_price_index_lag6,0.0,crop_farming,8
livestock_goat_price_index_lag12,0.0,crop_farming,8
livestock_goat_n_markets,0.0,crop_farming,8
livestock_sheep_price_etb,0.0,crop_farming,8
livestock_sheep_price_etb_lag1,0.0,crop_farming,8
livestock_sheep_price_etb_lag3,0.0,crop_farming,8
livestock_sheep_price_etb_lag6,0.0,crop_farming,8
livestock_sheep_price_etb_lag12,0.0,crop_farming,8
livestock_sheep_price_index,0.0,crop_farming,8
livestock_sheep_price_index_lag1,0.0,crop_farming,8
livestock_sheep_price_index_lag3,0.0,crop_farming,8
livestock_sheep_price_index_lag6,0.0,crop_farming,8
livestock_sheep_price_index_lag12,0.0,crop_farming,8
livestock_sheep_n_markets,0.0,crop_farming,8
goat_maize_tot,0.0,crop_farming,8
goat_maize_tot_lag1,0.0,crop_farming,8
goat_maize_tot_lag3,0.0,crop_farming,8
goat_maize_tot_lag6,0.0,crop_farming,8
goat_maize_tot_lag12,0.0,crop_farming,8
sheep_maize_tot,0.0,crop_farming,8
sheep_maize_tot_lag1,0.0,crop_farming,8
sheep_maize_tot_lag3,0.0,crop_farming,8
sheep_maize_tot_lag6,0.0,crop_farming,8
sheep_maize_tot_lag12,0.0,crop_farming,8
maize_yield,0.0024692116,crop_farming,8
maize_yield_anomaly,0.002260278,crop_farming,8
wheat_yield,0.0027034723,crop_farming,8
wheat_yield_anomaly,0.007444015,crop_farming,8
sorghum_yield,0.002518449,crop_farming,8
sorghum_yield_anomaly,0.007832741,crop_farming,8
teff_yield,0.0026431144,crop_farming,8
teff_yield_anomaly,0.0041702464,crop_farming,8
headline_cpi,0.008916151,crop_farming,8
headline_cpi_lag1,0.0020094633,crop_farming,8
headline_cpi_lag3,0.013908483,crop_farming,8
headline_cpi_lag6,0.012695399,crop_farming,8
headline_cpi_lag12,0.0081801,crop_farming,8
headline_cpi_yoy_change,0.009395439,crop_farming,8
headline_cpi_yoy_change_lag1,0.0015926175,crop_farming,8
headline_cpi_yoy_change_lag3,0.011307674,crop_farming,8
headline_cpi_yoy_change_lag6,0.011969237,crop_farming,8
headline_cpi_yoy_change_lag12,0.005071812,crop_farming,8
food_cpi,0.0,crop_farming,8
food_cpi_lag1,0.0,crop_farming,8
food_cpi_lag3,0.0,crop_farming,8
food_cpi_lag6,0.009192903,crop_farming,8
food_cpi_lag12,0.0,crop_farming,8
food_cpi_yoy_change,0.02381816,crop_farming,8
food_cpi_yoy_change_lag1,0.026414167,crop_farming,8
food_cpi_yoy_change_lag3,0.0021492227,crop_farming,8
food_cpi_yoy_change_lag6,0.0074821836,crop_farming,8
food_cpi_yoy_change_lag12,0.022307426,crop_farming,8
headline_cpi_chainlinked,0.0,crop_farming,8
headline_cpi_chainlinked_lag1,0.0,crop_farming,8
headline_cpi_chainlinked_lag3,0.0,crop_farming,8
headline_cpi_chainlinked_lag6,0.0,crop_farming,8
headline_cpi_chainlinked_lag12,0.0,crop_farming,8
food_cpi_chainlinked,0.0,crop_farming,8
food_cpi_chainlinked_lag1,0.0,crop_farming,8
food_cpi_chainlinked_lag3,0.0,crop_farming,8
food_cpi_chainlinked_lag6,0.0,crop_farming,8
food_cpi_chainlinked_lag12,0.0,crop_farming,8
exchange_rate,0.0,crop_farming,8
exchange_rate_lag1,0.0,crop_farming,8
exchange_rate_lag3,0.0,crop_farming,8
exchange_rate_lag6,0.0,crop_farming,8
exchange_rate_lag12,0.0,crop_farming,8
exchange_rate_yoy_change,0.006950061,crop_farming,8
exchange_rate_yoy_change_lag1,0.010611604,crop_farming,8
exchange_rate_yoy_change_lag3,0.0061890474,crop_farming,8
exchange_rate_yoy_change_lag6,0.005082005,crop_farming,8
exchange_rate_yoy_change_lag12,0.013793347,crop_farming,8
gdp_per_capita,0.0,crop_farming,8
gdp_per_capita_yoy_change,0.035028752,crop_farming,8
iod,0.0075369347,crop_farming,8
mei,0.005060584,crop_farming,8
nino34,0.035749257,crop_farming,8
iod_lag1,0.01507606,crop_farming,8
iod_lag3,0.0069907093,crop_farming,8
iod_lag6,0.007579579,crop_farming,8
mei_lag1,0.0020507574,crop_farming,8
mei_lag3,0.02240575,crop_farming,8
mei_lag6,0.0112765245,crop_farming,8
nino34_lag1,0.0027660672,crop_farming,8
nino34_lag3,0.00744095,crop_farming,8
nino34_lag6,0.005400152,crop_farming,8
wvg,0.010162098,crop_farming,8
wvg_lag1yr,0.0067598815,crop_farming,8
wvg_lag2yr,0.0,crop_farming,8
wvg_lag3yr,0.0,crop_farming,8
season_benishangul_meher_only,0.0,crop_farming,8
season_national_belg_meher,0.0,crop_farming,8
months_since_assessment,0.0,pastoral,12
pct_pastoral,0.0047680605,pastoral,12
pct_agropastoral,0.0058852,pastoral,12
pct_crop_farming,0.005678622,pastoral,12
is_harvest_season,0.00067985157,pastoral,12
is_lean_season,0.0,pastoral,12
is_dry_season,2.1216885e-05,pastoral,12
months_since_harvest_start,0.000611171,pastoral,12
months_since_lean_start,0.011421912,pastoral,12
glofas_reach_count,0.0038079943,pastoral,12
agss_surveyed_flag,0.0061123325,pastoral,12
ipc_lag1,0.0035146105,pastoral,12
ipc_lag4,0.0032857463,pastoral,12
ipc_lag8,0.0031536107,pastoral,12
ipc_mean12,0.030505922,pastoral,12
ha_share_lag1,0.0028026628,pastoral,12
ha_share_lag4,0.0035686481,pastoral,12
ha_share_lag8,0.0023958457,pastoral,12
ha_share_mean12,0.0038642492,pastoral,12
total_rainfall_mm,0.0,pastoral,12
wet_days,0.00084556115,pastoral,12
max_dry_spell_length,0.004323119,pastoral,12
rainfall_sum_1m,0.0,pastoral,12
rainfall_sum_3m,0.0070534074,pastoral,12
rainfall_sum_6m,0.038816318,pastoral,12
rainfall_sum_12m,0.008884544,pastoral,12
rainfall_sum_24m,0.012627495,pastoral,12
spi_1,0.0016797562,pastoral,12
spi_3,0.0013175162,pastoral,12
spi_6,0.00633712,pastoral,12
spi_12,0.0028643124,pastoral,12
spi_24,0.009414406,pastoral,12
pet_mm,0.002852766,pastoral,12
sm_root,0.001814426,pastoral,12
precip_mm,0.0,pastoral,12
spei_balance_mm,0.0070958277,pastoral,12
sm_mean_1m,0.0,pastoral,12
spei_balance_sum_1m,0.0,pastoral,12
sm_mean_3m,0.0074036303,pastoral,12
spei_balance_sum_3m,0.0059826514,pastoral,12
sm_mean_6m,0.014426441,pastoral,12
spei_balance_sum_6m,0.0278556,pastoral,12
sm_mean_12m,0.013058172,pastoral,12
spei_balance_sum_12m,0.009476348,pastoral,12
sm_mean_24m,0.05831907,pastoral,12
spei_balance_sum_24m,0.010697939,pastoral,12
ssmi_1,0.0029128504,pastoral,12
ssmi_3,0.004253772,pastoral,12
ssmi_6,0.015230129,pastoral,12
ssmi_12,0.0049165473,pastoral,12
ssmi_24,0.0036489759,pastoral,12
spei_1,0.006380986,pastoral,12
spei_3,0.0038361137,pastoral,12
spei_6,0.0037279788,pastoral,12
spei_12,0.0035973282,pastoral,12
spei_24,0.0012211318,pastoral,12
ndvi,0.0022124625,pastoral,12
ndvi_anomaly,0.0050784093,pastoral,12
ndvi_lag1,0.0020892846,pastoral,12
ndvi_lag3,0.0056494935,pastoral,12
ndvi_lag6,0.0013509094,pastoral,12
ndvi_lag12,0.007562576,pastoral,12
ndvi_anomaly_lag1,0.0036644412,pastoral,12
ndvi_anomaly_lag3,0.0062723383,pastoral,12
ndvi_anomaly_lag6,0.004619816,pastoral,12
ndvi_anomaly_lag12,0.003176424,pastoral,12
ndvi_cropland,0.0011902789,pastoral,12
ndvi_cropland_anomaly,0.0019716881,pastoral,12
ndvi_cropland_lag1,0.0045000324,pastoral,12
ndvi_cropland_lag3,0.0034168484,pastoral,12
ndvi_cropland_lag6,0.0033569243,pastoral,12
ndvi_cropland_lag12,0.0037782572,pastoral,12
ndvi_cropland_anomaly_lag1,0.005379384,pastoral,12
ndvi_cropland_anomaly_lag3,0.003829026,pastoral,12
ndvi_cropland_anomaly_lag6,0.0040214933,pastoral,12
ndvi_cropland_anomaly_lag12,0.0027816342,pastoral,12
ndvi_rangeland,0.0029337679,pastoral,12
ndvi_rangeland_anomaly,0.0047046556,pastoral,12
ndvi_rangeland_lag1,0.0066538933,pastoral,12
ndvi_rangeland_lag3,0.0026771424,pastoral,12
ndvi_rangeland_lag6,0.0009403091,pastoral,12
ndvi_rangeland_lag12,0.0025578912,pastoral,12
ndvi_rangeland_anomaly_lag1,0.002748409,pastoral,12
ndvi_rangeland_anomaly_lag3,0.014759917,pastoral,12
ndvi_rangeland_anomaly_lag6,0.0019428729,pastoral,12
ndvi_rangeland_anomaly_lag12,0.009129155,pastoral,12
maize_price_etb,0.0,pastoral,12
maize_price_etb_lag1,0.0,pastoral,12
maize_price_etb_lag3,0.0034434793,pastoral,12
maize_price_etb_lag6,0.004892539,pastoral,12
maize_price_etb_lag12,0.0076049934,pastoral,12
maize_price_index,0.0,pastoral,12
maize_price_index_lag1,0.0021645976,pastoral,12
maize_price_index_lag3,0.0026766553,pastoral,12
maize_price_index_lag6,0.003345944,pastoral,12
maize_price_index_lag12,0.0,pastoral,12
maize_n_markets,0.0,pastoral,12
wheat_price_etb,0.0,pastoral,12
wheat_price_etb_lag1,0.0,pastoral,12
wheat_price_etb_lag3,0.0,pastoral,12
wheat_price_etb_lag6,0.0,pastoral,12
wheat_price_etb_lag12,0.006757319,pastoral,12
wheat_price_index,0.0,pastoral,12
wheat_price_index_lag1,0.0,pastoral,12
wheat_price_index_lag3,0.0027521346,pastoral,12
wheat_price_index_lag6,0.0,pastoral,12
wheat_price_index_lag12,0.00046436887,pastoral,12
wheat_n_markets,0.0,pastoral,12
sorghum_price_etb,0.0,pastoral,12
sorghum_price_etb_lag1,0.0,pastoral,12
sorghum_price_etb_lag3,0.00088142266,pastoral,12
sorghum_price_etb_lag6,0.0,pastoral,12
sorghum_price_etb_lag12,0.0,pastoral,12
sorghum_price_index,0.0,pastoral,12
sorghum_price_index_lag1,0.0,pastoral,12
sorghum_price_index_lag3,0.0,pastoral,12
sorghum_price_index_lag6,0.0,pastoral,12
sorghum_price_index_lag12,0.0,pastoral,12
sorghum_n_markets,0.0,pastoral,12
teff_price_etb,0.0,pastoral,12
teff_price_etb_lag1,0.0,pastoral,12
teff_price_etb_lag3,0.0,pastoral,12
teff_price_etb_lag6,0.0,pastoral,12
teff_price_etb_lag12,0.0,pastoral,12
teff_price_index,0.0,pastoral,12
teff_price_index_lag1,0.0,pastoral,12
teff_price_index_lag3,0.0,pastoral,12
teff_price_index_lag6,0.0,pastoral,12
teff_price_index_lag12,0.0,pastoral,12
teff_n_markets,0.0,pastoral,12
fuel_diesel_price_etb,0.0,pastoral,12
fuel_diesel_price_etb_lag1,0.0,pastoral,12
fuel_diesel_price_etb_lag3,0.0,pastoral,12
fuel_diesel_price_etb_lag6,0.0,pastoral,12
fuel_diesel_price_etb_lag12,0.0,pastoral,12
fuel_diesel_price_index,0.0,pastoral,12
fuel_diesel_price_index_lag1,0.0,pastoral,12
fuel_diesel_price_index_lag3,0.0,pastoral,12
fuel_diesel_price_index_lag6,0.0,pastoral,12
fuel_diesel_price_index_lag12,0.0,pastoral,12
fuel_diesel_n_markets,0.0,pastoral,12
fuel_petrol_n_markets,0.0,pastoral,12
livestock_goat_price_etb,0.0,pastoral,12
livestock_goat_price_etb_lag1,0.0,pastoral,12
livestock_goat_price_etb_lag3,0.0,pastoral,12
livestock_goat_price_etb_lag6,0.0,pastoral,12
livestock_goat_price_etb_lag12,0.0,pastoral,12
livestock_goat_price_index,0.0,pastoral,12
livestock_goat_price_index_lag1,0.0,pastoral,12
livestock_goat_price_index_lag3,0.0,pastoral,12
livestock_goat_price_index_lag6,0.0,pastoral,12
livestock_goat_price_index_lag12,0.0,pastoral,12
livestock_goat_n_markets,0.0,pastoral,12
livestock_sheep_price_etb,0.0,pastoral,12
livestock_sheep_price_etb_lag1,0.0,pastoral,12
livestock_sheep_price_etb_lag3,0.0,pastoral,12
livestock_sheep_price_etb_lag6,0.0,pastoral,12
livestock_sheep_price_etb_lag12,0.0,pastoral,12
livestock_sheep_price_index,0.0,pastoral,12
livestock_sheep_price_index_lag1,0.0,pastoral,12
livestock_sheep_price_index_lag3,0.0,pastoral,12
livestock_sheep_price_index_lag6,0.0,pastoral,12
livestock_sheep_price_index_lag12,0.0,pastoral,12
livestock_sheep_n_markets,0.0,pastoral,12
goat_maize_tot,0.0,pastoral,12
goat_maize_tot_lag1,0.0,pastoral,12
goat_maize_tot_lag3,0.0,pastoral,12
goat_maize_tot_lag6,0.0,pastoral,12
goat_maize_tot_lag12,0.0,pastoral,12
sheep_maize_tot,0.0,pastoral,12
sheep_maize_tot_lag1,0.0,pastoral,12
sheep_maize_tot_lag3,0.0,pastoral,12
sheep_maize_tot_lag6,0.0,pastoral,12
sheep_maize_tot_lag12,0.0,pastoral,12
maize_yield,0.0044192662,pastoral,12
maize_yield_anomaly,0.002095689,pastoral,12
wheat_yield,0.0066300062,pastoral,12
wheat_yield_anomaly,0.0025400051,pastoral,12
sorghum_yield,0.0093887085,pastoral,12
sorghum_yield_anomaly,0.0,pastoral,12
teff_yield,0.0,pastoral,12
teff_yield_anomaly,0.0,pastoral,12
headline_cpi,0.005030401,pastoral,12
headline_cpi_lag1,0.0,pastoral,12
headline_cpi_lag3,0.005747466,pastoral,12
headline_cpi_lag6,0.026999135,pastoral,12
headline_cpi_lag12,0.012180427,pastoral,12
headline_cpi_yoy_change,0.018295942,pastoral,12
headline_cpi_yoy_change_lag1,0.004462875,pastoral,12
headline_cpi_yoy_change_lag3,0.0034561623,pastoral,12
headline_cpi_yoy_change_lag6,0.010801359,pastoral,12
headline_cpi_yoy_change_lag12,0.004329753,pastoral,12
food_cpi,0.027297214,pastoral,12
food_cpi_lag1,0.0029379642,pastoral,12
food_cpi_lag3,0.001591561,pastoral,12
food_cpi_lag6,0.12862456,pastoral,12
food_cpi_lag12,0.0,pastoral,12
food_cpi_yoy_change,0.0,pastoral,12
food_cpi_yoy_change_lag1,0.0,pastoral,12
food_cpi_yoy_change_lag3,0.0028345222,pastoral,12
food_cpi_yoy_change_lag6,0.0,pastoral,12
food_cpi_yoy_change_lag12,0.002920148,pastoral,12
headline_cpi_chainlinked,0.0,pastoral,12
headline_cpi_chainlinked_lag1,0.0,pastoral,12
headline_cpi_chainlinked_lag3,0.0,pastoral,12
headline_cpi_chainlinked_lag6,0.0,pastoral,12
headline_cpi_chainlinked_lag12,0.0,pastoral,12
food_cpi_chainlinked,0.0,pastoral,12
food_cpi_chainlinked_lag1,0.0,pastoral,12
food_cpi_chainlinked_lag3,0.0,pastoral,12
food_cpi_chainlinked_lag6,0.0,pastoral,12
food_cpi_chainlinked_lag12,0.0,pastoral,12
exchange_rate,0.0,pastoral,12
exchange_rate_lag1,0.0,pastoral,12
exchange_rate_lag3,0.0,pastoral,12
exchange_rate_lag6,0.0,pastoral,12
exchange_rate_lag12,0.0,pastoral,12
exchange_rate_yoy_change,0.023460126,pastoral,12
exchange_rate_yoy_change_lag1,0.0067655058,pastoral,12
exchange_rate_yoy_change_lag3,0.002573957,pastoral,12
exchange_rate_yoy_change_lag6,0.0,pastoral,12
exchange_rate_yoy_change_lag12,0.0039633764,pastoral,12
gdp_per_capita,0.0,pastoral,12
gdp_per_capita_yoy_change,0.006779774,pastoral,12
iod,0.0,pastoral,12
mei,0.0035922723,pastoral,12
nino34,0.018955465,pastoral,12
iod_lag1,0.002997526,pastoral,12
iod_lag3,0.0,pastoral,12
iod_lag6,0.0027624466,pastoral,12
mei_lag1,0.0,pastoral,12
mei_lag3,0.018291358,pastoral,12
mei_lag6,0.009235214,pastoral,12
nino34_lag1,0.0064750803,pastoral,12
nino34_lag3,0.0025121367,pastoral,12
nino34_lag6,0.003333322,pastoral,12
wvg,0.0,pastoral,12
wvg_lag1yr,0.0,pastoral,12
wvg_lag2yr,0.0065074977,pastoral,12
wvg_lag3yr,0.009528777,pastoral,12
season_national_belg_meher,0.034799926,pastoral,12
season_somali_gu_deyr,0.0,pastoral,12
months_since_assessment,0.0,agropastoral,12
pct_pastoral,0.001912961,agropastoral,12
pct_agropastoral,0.009258154,agropastoral,12
pct_crop_farming,0.0024354986,agropastoral,12
is_harvest_season,5.980429e-05,agropastoral,12
is_lean_season,0.0004641561,agropastoral,12
is_dry_season,0.00012942012,agropastoral,12
months_since_harvest_start,0.0024136289,agropastoral,12
months_since_lean_start,0.0046874383,agropastoral,12
glofas_reach_count,0.0018503226,agropastoral,12
agss_surveyed_flag,0.0,agropastoral,12
ipc_lag1,0.007053529,agropastoral,12
ipc_lag4,0.007126217,agropastoral,12
ipc_lag8,0.0064075813,agropastoral,12
ipc_mean12,0.0043371855,agropastoral,12
ha_share_lag1,6.3711945e-05,agropastoral,12
ha_share_lag4,0.0016849273,agropastoral,12
ha_share_lag8,0.0,agropastoral,12
ha_share_mean12,0.0010361254,agropastoral,12
total_rainfall_mm,0.0023261448,agropastoral,12
wet_days,0.000116363335,agropastoral,12
max_dry_spell_length,0.0024911035,agropastoral,12
rainfall_sum_1m,0.0,agropastoral,12
rainfall_sum_3m,0.008788986,agropastoral,12
rainfall_sum_6m,0.0012730489,agropastoral,12
rainfall_sum_12m,0.12310456,agropastoral,12
rainfall_sum_24m,0.014035558,agropastoral,12
spi_1,0.0020776174,agropastoral,12
spi_3,0.008509482,agropastoral,12
spi_6,0.007572418,agropastoral,12
spi_12,0.019494195,agropastoral,12
spi_24,0.015358986,agropastoral,12
pet_mm,0.0008236455,agropastoral,12
sm_root,0.0,agropastoral,12
precip_mm,0.0,agropastoral,12
spei_balance_mm,0.0041501434,agropastoral,12
sm_mean_1m,0.0,agropastoral,12
spei_balance_sum_1m,0.0,agropastoral,12
sm_mean_3m,0.0010335264,agropastoral,12
spei_balance_sum_3m,0.0036182797,agropastoral,12
sm_mean_6m,0.08884242,agropastoral,12
spei_balance_sum_6m,0.003224234,agropastoral,12
sm_mean_12m,0.02405567,agropastoral,12
spei_balance_sum_12m,0.0036962675,agropastoral,12
sm_mean_24m,0.0062153824,agropastoral,12
spei_balance_sum_24m,0.08796239,agropastoral,12
ssmi_1,0.005404459,agropastoral,12
ssmi_3,0.009832776,agropastoral,12
ssmi_6,0.0010921111,agropastoral,12
ssmi_12,0.009249501,agropastoral,12
ssmi_24,0.0025416664,agropastoral,12
spei_1,0.009811908,agropastoral,12
spei_3,0.0015671023,agropastoral,12
spei_6,0.004114197,agropastoral,12
spei_12,0.00057918276,agropastoral,12
spei_24,0.0,agropastoral,12
ndvi,0.004377554,agropastoral,12
ndvi_anomaly,0.0020561155,agropastoral,12
ndvi_lag1,0.0030334818,agropastoral,12
ndvi_lag3,0.021809706,agropastoral,12
ndvi_lag6,0.005052106,agropastoral,12
ndvi_lag12,0.0010299732,agropastoral,12
ndvi_anomaly_lag1,0.0051739844,agropastoral,12
ndvi_anomaly_lag3,0.013901795,agropastoral,12
ndvi_anomaly_lag6,0.0020813863,agropastoral,12
ndvi_anomaly_lag12,0.0012482577,agropastoral,12
ndvi_cropland,0.0046551693,agropastoral,12
ndvi_cropland_anomaly,0.003255643,agropastoral,12
ndvi_cropland_lag1,0.00459027,agropastoral,12
ndvi_cropland_lag3,0.009626365,agropastoral,12
ndvi_cropland_lag6,0.006381677,agropastoral,12
ndvi_cropland_lag12,0.0031202987,agropastoral,12
ndvi_cropland_anomaly_lag1,0.014435437,agropastoral,12
ndvi_cropland_anomaly_lag3,0.0,agropastoral,12
ndvi_cropland_anomaly_lag6,0.0019930818,agropastoral,12
ndvi_cropland_anomaly_lag12,0.0010216609,agropastoral,12
ndvi_rangeland,0.001930525,agropastoral,12
ndvi_rangeland_anomaly,0.0021101108,agropastoral,12
ndvi_rangeland_lag1,0.0011369124,agropastoral,12
ndvi_rangeland_lag3,0.0025497382,agropastoral,12
ndvi_rangeland_lag6,0.002869255,agropastoral,12
ndvi_rangeland_lag12,0.004283678,agropastoral,12
ndvi_rangeland_anomaly_lag1,0.0013103621,agropastoral,12
ndvi_rangeland_anomaly_lag3,4.199094e-05,agropastoral,12
ndvi_rangeland_anomaly_lag6,0.01684474,agropastoral,12
ndvi_rangeland_anomaly_lag12,0.0020296993,agropastoral,12
maize_price_etb,0.0,agropastoral,12
maize_price_etb_lag1,0.0,agropastoral,12
maize_price_etb_lag3,0.007331515,agropastoral,12
maize_price_etb_lag6,0.0,agropastoral,12
maize_price_etb_lag12,0.0,agropastoral,12
maize_price_index,0.0,agropastoral,12
maize_price_index_lag1,0.019351538,agropastoral,12
maize_price_index_lag3,0.0007925435,agropastoral,12
maize_price_index_lag6,0.0,agropastoral,12
maize_price_index_lag12,0.003002921,agropastoral,12
maize_n_markets,0.0,agropastoral,12
wheat_price_etb,0.0,agropastoral,12
wheat_price_etb_lag1,0.0,agropastoral,12
wheat_price_etb_lag3,0.0,agropastoral,12
wheat_price_etb_lag6,0.0,agropastoral,12
wheat_price_etb_lag12,0.0018823287,agropastoral,12
wheat_price_index,0.0,agropastoral,12
wheat_price_index_lag1,0.0,agropastoral,12
wheat_price_index_lag3,0.0,agropastoral,12
wheat_price_index_lag6,0.0,agropastoral,12
wheat_price_index_lag12,0.010368424,agropastoral,12
wheat_n_markets,0.0,agropastoral,12
sorghum_price_etb,0.0,agropastoral,12
sorghum_price_etb_lag1,0.0038509779,agropastoral,12
sorghum_price_etb_lag3,0.0,agropastoral,12
sorghum_price_etb_lag6,0.0053157844,agropastoral,12
sorghum_price_etb_lag12,0.0012548344,agropastoral,12
sorghum_price_index,0.0010964382,agropastoral,12
sorghum_price_index_lag1,0.010991601,agropastoral,12
sorghum_price_index_lag3,0.036250975,agropastoral,12
sorghum_price_index_lag6,0.0058729895,agropastoral,12
sorghum_price_index_lag12,0.0,agropastoral,12
sorghum_n_markets,0.0,agropastoral,12
teff_price_etb_lag3,0.0,agropastoral,12
teff_n_markets,0.0,agropastoral,12
fuel_diesel_price_etb,0.0,agropastoral,12
fuel_diesel_price_etb_lag1,0.0,agropastoral,12
fuel_diesel_price_etb_lag3,0.0,agropastoral,12
fuel_diesel_price_etb_lag6,0.0,agropastoral,12
fuel_diesel_price_etb_lag12,0.0,agropastoral,12
fuel_diesel_n_markets,0.0,agropastoral,12
fuel_petrol_n_markets,0.0,agropastoral,12
livestock_goat_price_etb,0.0,agropastoral,12
livestock_goat_price_etb_lag1,0.0,agropastoral,12
livestock_goat_price_etb_lag3,0.0,agropastoral,12
livestock_goat_price_etb_lag6,0.0,agropastoral,12
livestock_goat_price_etb_lag12,0.0,agropastoral,12
livestock_goat_price_index,0.0,agropastoral,12
livestock_goat_price_index_lag1,0.0,agropastoral,12
livestock_goat_price_index_lag3,0.0,agropastoral,12
livestock_goat_price_index_lag6,0.0,agropastoral,12
livestock_goat_price_index_lag12,0.0,agropastoral,12
livestock_goat_n_markets,0.0,agropastoral,12
livestock_sheep_price_etb,0.0,agropastoral,12
livestock_sheep_price_etb_lag1,0.0,agropastoral,12
livestock_sheep_price_etb_lag3,0.0,agropastoral,12
livestock_sheep_price_etb_lag6,0.0,agropastoral,12
livestock_sheep_price_etb_lag12,0.0,agropastoral,12
livestock_sheep_price_index,0.0,agropastoral,12
livestock_sheep_price_index_lag1,0.0,agropastoral,12
livestock_sheep_price_index_lag3,0.0,agropastoral,12
livestock_sheep_price_index_lag6,0.0,agropastoral,12
livestock_sheep_price_index_lag12,0.0,agropastoral,12
livestock_sheep_n_markets,0.0,agropastoral,12
goat_maize_tot,0.0,agropastoral,12
goat_maize_tot_lag1,0.0,agropastoral,12
goat_maize_tot_lag3,0.0,agropastoral,12
goat_maize_tot_lag6,0.0,agropastoral,12
goat_maize_tot_lag12,0.0,agropastoral,12
sheep_maize_tot,0.0,agropastoral,12
sheep_maize_tot_lag1,0.0,agropastoral,12
sheep_maize_tot_lag3,0.0,agropastoral,12
sheep_maize_tot_lag6,0.0,agropastoral,12
sheep_maize_tot_lag12,0.0,agropastoral,12
maize_yield,0.00015185194,agropastoral,12
maize_yield_anomaly,0.00024061213,agropastoral,12
wheat_yield,0.024004782,agropastoral,12
wheat_yield_anomaly,0.0019240384,agropastoral,12
sorghum_yield,0.0017769209,agropastoral,12
sorghum_yield_anomaly,0.008054073,agropastoral,12
teff_yield,0.008519656,agropastoral,12
teff_yield_anomaly,0.0053493185,agropastoral,12
headline_cpi,0.00791254,agropastoral,12
headline_cpi_lag1,0.0,agropastoral,12
headline_cpi_lag3,0.0,agropastoral,12
headline_cpi_lag6,0.04658394,agropastoral,12
headline_cpi_lag12,0.019683152,agropastoral,12
headline_cpi_yoy_change,0.035018038,agropastoral,12
headline_cpi_yoy_change_lag1,0.0,agropastoral,12
headline_cpi_yoy_change_lag3,0.0010185286,agropastoral,12
headline_cpi_yoy_change_lag6,0.00088426936,agropastoral,12
headline_cpi_yoy_change_lag12,0.0,agropastoral,12
food_cpi,0.0,agropastoral,12
food_cpi_lag1,0.0,agropastoral,12
food_cpi_lag3,0.0,agropastoral,12
food_cpi_lag6,0.0,agropastoral,12
food_cpi_lag12,0.0,agropastoral,12
food_cpi_yoy_change,0.0,agropastoral,12
food_cpi_yoy_change_lag1,0.0,agropastoral,12
food_cpi_yoy_change_lag3,0.0067852964,agropastoral,12
food_cpi_yoy_change_lag6,0.00902435,agropastoral,12
food_cpi_yoy_change_lag12,0.0,agropastoral,12
headline_cpi_chainlinked,0.0,agropastoral,12
headline_cpi_chainlinked_lag1,0.0,agropastoral,12
headline_cpi_chainlinked_lag3,0.0,agropastoral,12
headline_cpi_chainlinked_lag6,0.0,agropastoral,12
headline_cpi_chainlinked_lag12,0.0,agropastoral,12
food_cpi_chainlinked,0.0,agropastoral,12
food_cpi_chainlinked_lag1,0.0,agropastoral,12
food_cpi_chainlinked_lag3,0.0,agropastoral,12
food_cpi_chainlinked_lag6,0.0,agropastoral,12
food_cpi_chainlinked_lag12,0.0,agropastoral,12
exchange_rate,0.0,agropastoral,12
exchange_rate_lag1,0.0,agropastoral,12
exchange_rate_lag3,0.0,agropastoral,12
exchange_rate_lag6,0.0,agropastoral,12
exchange_rate_lag12,0.0,agropastoral,12
exchange_rate_yoy_change,0.0044900794,agropastoral,12
exchange_rate_yoy_change_lag1,0.00037827858,agropastoral,12
exchange_rate_yoy_change_lag3,0.0,agropastoral,12
exchange_rate_yoy_change_lag6,0.002581858,agropastoral,12
exchange_rate_yoy_change_lag12,0.015516259,agropastoral,12
gdp_per_capita,0.0,agropastoral,12
gdp_per_capita_yoy_change,0.0010167636,agropastoral,12
iod,0.003928018,agropastoral,12
mei,0.0,agropastoral,12
nino34,0.0,agropastoral,12
iod_lag1,0.0,agropastoral,12
iod_lag3,0.0,agropastoral,12
iod_lag6,0.0011760171,agropastoral,12
mei_lag1,0.0023405761,agropastoral,12
mei_lag3,0.0,agropastoral,12
mei_lag6,0.0017381954,agropastoral,12
nino34_lag1,9.208572e-05,agropastoral,12
nino34_lag3,0.0,agropastoral,12
nino34_lag6,0.006907194,agropastoral,12
wvg,0.0,agropastoral,12
wvg_lag1yr,0.0064256806,agropastoral,12
wvg_lag2yr,0.0012797499,agropastoral,12
wvg_lag3yr,0.0,agropastoral,12
season_national_belg_meher,0.0,agropastoral,12
season_somali_gu_deyr,0.0,agropastoral,12
months_since_assessment,0.0,crop_farming,12
pct_pastoral,0.006406625,crop_farming,12
pct_agropastoral,0.0032476578,crop_farming,12
pct_crop_farming,0.008075987,crop_farming,12
is_harvest_season,0.0016624951,crop_farming,12
is_lean_season,0.0033295806,crop_farming,12
is_dry_season,0.00019931271,crop_farming,12
months_since_harvest_start,0.011841656,crop_farming,12
months_since_lean_start,0.021441337,crop_farming,12
glofas_reach_count,0.011199217,crop_farming,12
agss_surveyed_flag,0.0,crop_farming,12
ipc_lag1,0.035069447,crop_farming,12
ipc_lag4,0.004026278,crop_farming,12
ipc_lag8,0.0017747396,crop_farming,12
ipc_mean12,0.05590811,crop_farming,12
ha_share_lag1,0.0040408047,crop_farming,12
ha_share_lag4,0.0026164488,crop_farming,12
ha_share_lag8,0.0020091708,crop_farming,12
ha_share_mean12,0.006396442,crop_farming,12
total_rainfall_mm,0.00071748847,crop_farming,12
wet_days,0.003260277,crop_farming,12
max_dry_spell_length,0.0028656016,crop_farming,12
rainfall_sum_1m,0.0,crop_farming,12
rainfall_sum_3m,0.0006723023,crop_farming,12
rainfall_sum_6m,0.0073680216,crop_farming,12
rainfall_sum_12m,0.017886572,crop_farming,12
rainfall_sum_24m,0.018477207,crop_farming,12
spi_1,0.001757922,crop_farming,12
spi_3,0.0021509598,crop_farming,12
spi_6,0.0016906211,crop_farming,12
spi_12,0.0031469485,crop_farming,12
spi_24,0.0048055644,crop_farming,12
pet_mm,0.0013387324,crop_farming,12
sm_root,0.0025259235,crop_farming,12
precip_mm,0.0,crop_farming,12
spei_balance_mm,0.002316018,crop_farming,12
sm_mean_1m,0.0,crop_farming,12
spei_balance_sum_1m,0.0,crop_farming,12
sm_mean_3m,0.0028198229,crop_farming,12
spei_balance_sum_3m,0.0,crop_farming,12
sm_mean_6m,0.0030793387,crop_farming,12
spei_balance_sum_6m,0.0,crop_farming,12
sm_mean_12m,0.00823544,crop_farming,12
spei_balance_sum_12m,0.0064812046,crop_farming,12
sm_mean_24m,0.0060408246,crop_farming,12
spei_balance_sum_24m,0.0014830517,crop_farming,12
ssmi_1,0.002207269,crop_farming,12
ssmi_3,0.0056891036,crop_farming,12
ssmi_6,0.0147663085,crop_farming,12
ssmi_12,0.0046514985,crop_farming,12
ssmi_24,0.0021636046,crop_farming,12
spei_1,0.0070673535,crop_farming,12
spei_3,0.0020642353,crop_farming,12
spei_6,0.0017036016,crop_farming,12
spei_12,0.00077489915,crop_farming,12
spei_24,0.0040809,crop_farming,12
ndvi,0.0019988767,crop_farming,12
ndvi_anomaly,0.0018948478,crop_farming,12
ndvi_lag1,0.0061978158,crop_farming,12
ndvi_lag3,0.008697247,crop_farming,12
ndvi_lag6,0.00090191065,crop_farming,12
ndvi_lag12,0.007676479,crop_farming,12
ndvi_anomaly_lag1,0.003018906,crop_farming,12
ndvi_anomaly_lag3,0.0009083033,crop_farming,12
ndvi_anomaly_lag6,0.0026124297,crop_farming,12
ndvi_anomaly_lag12,0.011040008,crop_farming,12
ndvi_cropland,0.00019408757,crop_farming,12
ndvi_cropland_anomaly,0.0023669084,crop_farming,12
ndvi_cropland_lag1,0.0069816965,crop_farming,12
ndvi_cropland_lag3,0.007044405,crop_farming,12
ndvi_cropland_lag6,0.0032462203,crop_farming,12
ndvi_cropland_lag12,0.0011551477,crop_farming,12
ndvi_cropland_anomaly_lag1,0.00094865996,crop_farming,12
ndvi_cropland_anomaly_lag3,0.0039999145,crop_farming,12
ndvi_cropland_anomaly_lag6,0.004179599,crop_farming,12
ndvi_cropland_anomaly_lag12,0.022240909,crop_farming,12
ndvi_rangeland,0.01535351,crop_farming,12
ndvi_rangeland_anomaly,0.0,crop_farming,12
ndvi_rangeland_lag1,0.011755394,crop_farming,12
ndvi_rangeland_lag3,0.008346575,crop_farming,12
ndvi_rangeland_lag6,0.004566052,crop_farming,12
ndvi_rangeland_lag12,0.0046652504,crop_farming,12
ndvi_rangeland_anomaly_lag1,0.0017938379,crop_farming,12
ndvi_rangeland_anomaly_lag3,0.005773812,crop_farming,12
ndvi_rangeland_anomaly_lag6,0.0047402796,crop_farming,12
ndvi_rangeland_anomaly_lag12,0.019374082,crop_farming,12
maize_price_etb,0.0019650308,crop_farming,12
maize_price_etb_lag1,0.0038325486,crop_farming,12
maize_price_etb_lag3,0.0013797784,crop_farming,12
maize_price_etb_lag6,0.0018596362,crop_farming,12
maize_price_etb_lag12,0.0041866144,crop_farming,12
maize_price_index,0.0010835979,crop_farming,12
maize_price_index_lag1,0.0015808844,crop_farming,12
maize_price_index_lag3,0.0,crop_farming,12
maize_price_index_lag6,0.0045095338,crop_farming,12
maize_price_index_lag12,0.0041321544,crop_farming,12
maize_n_markets,0.0,crop_farming,12
wheat_price_etb,0.0037431265,crop_farming,12
wheat_price_etb_lag1,0.0,crop_farming,12
wheat_price_etb_lag3,0.004607548,crop_farming,12
wheat_price_etb_lag6,0.0028092558,crop_farming,12
wheat_price_etb_lag12,0.0031097692,crop_farming,12
wheat_price_index,0.0063368194,crop_farming,12
wheat_price_index_lag1,0.0,crop_farming,12
wheat_price_index_lag3,0.0034097608,crop_farming,12
wheat_price_index_lag6,0.004474422,crop_farming,12
wheat_price_index_lag12,0.0031810503,crop_farming,12
wheat_n_markets,0.0,crop_farming,12
sorghum_price_etb,0.0,crop_farming,12
sorghum_price_etb_lag1,0.00023209702,crop_farming,12
sorghum_price_etb_lag3,0.00968043,crop_farming,12
sorghum_price_etb_lag6,0.0071422514,crop_farming,12
sorghum_price_etb_lag12,0.0,crop_farming,12
sorghum_price_index,0.0015796693,crop_farming,12
sorghum_price_index_lag1,0.0,crop_farming,12
sorghum_price_index_lag3,0.0026636028,crop_farming,12
sorghum_price_index_lag6,0.00073426665,crop_farming,12
sorghum_price_index_lag12,0.0,crop_farming,12
sorghum_n_markets,0.0,crop_farming,12
teff_price_etb,0.0,crop_farming,12
teff_price_etb_lag1,0.0,crop_farming,12
teff_price_etb_lag3,0.0,crop_farming,12
teff_price_etb_lag6,0.0,crop_farming,12
teff_price_etb_lag12,0.0,crop_farming,12
teff_price_index,0.0,crop_farming,12
teff_price_index_lag1,0.0,crop_farming,12
teff_price_index_lag3,0.0,crop_farming,12
teff_price_index_lag6,0.0,crop_farming,12
teff_price_index_lag12,0.0,crop_farming,12
teff_n_markets,0.0,crop_farming,12
fuel_diesel_price_etb,0.0,crop_farming,12
fuel_diesel_price_etb_lag1,0.0,crop_farming,12
fuel_diesel_price_etb_lag3,0.0,crop_farming,12
fuel_diesel_price_etb_lag6,0.0,crop_farming,12
fuel_diesel_price_etb_lag12,0.0,crop_farming,12
fuel_diesel_price_index,0.0,crop_farming,12
fuel_diesel_price_index_lag1,0.0,crop_farming,12
fuel_diesel_price_index_lag3,0.0,crop_farming,12
fuel_diesel_price_index_lag6,0.0,crop_farming,12
fuel_diesel_price_index_lag12,0.0,crop_farming,12
fuel_diesel_n_markets,0.0,crop_farming,12
fuel_petrol_price_etb,0.0,crop_farming,12
fuel_petrol_price_etb_lag1,0.0,crop_farming,12
fuel_petrol_price_etb_lag3,0.0,crop_farming,12
fuel_petrol_price_etb_lag6,0.0,crop_farming,12
fuel_petrol_price_etb_lag12,0.0,crop_farming,12
fuel_petrol_price_index,0.0,crop_farming,12
fuel_petrol_price_index_lag1,0.0,crop_farming,12
fuel_petrol_price_index_lag3,0.0,crop_farming,12
fuel_petrol_price_index_lag6,0.0,crop_farming,12
fuel_petrol_price_index_lag12,0.0,crop_farming,12
fuel_petrol_n_markets,0.0,crop_farming,12
livestock_goat_price_etb,0.0,crop_farming,12
livestock_goat_price_etb_lag1,0.0,crop_farming,12
livestock_goat_price_etb_lag3,0.0,crop_farming,12
livestock_goat_price_etb_lag6,0.0,crop_farming,12
livestock_goat_price_etb_lag12,0.0,crop_farming,12
livestock_goat_price_index,0.0,crop_farming,12
livestock_goat_price_index_lag1,0.0,crop_farming,12
livestock_goat_price_index_lag3,0.0,crop_farming,12
livestock_goat_price_index_lag6,0.0,crop_farming,12
livestock_goat_price_index_lag12,0.0,crop_farming,12
livestock_goat_n_markets,0.0,crop_farming,12
livestock_sheep_price_etb,0.0,crop_farming,12
livestock_sheep_price_etb_lag1,0.0,crop_farming,12
livestock_sheep_price_etb_lag3,0.0,crop_farming,12
livestock_sheep_price_etb_lag6,0.0,crop_farming,12
livestock_sheep_price_etb_lag12,0.0,crop_farming,12
livestock_sheep_price_index,0.0,crop_farming,12
livestock_sheep_price_index_lag1,0.0,crop_farming,12
livestock_sheep_price_index_lag3,0.0,crop_farming,12
livestock_sheep_price_index_lag6,0.0,crop_farming,12
livestock_sheep_price_index_lag12,0.0,crop_farming,12
livestock_sheep_n_markets,0.0,crop_farming,12
goat_maize_tot,0.0,crop_farming,12
goat_maize_tot_lag1,0.0,crop_farming,12
goat_maize_tot_lag3,0.0,crop_farming,12
goat_maize_tot_lag6,0.0,crop_farming,12
goat_maize_tot_lag12,0.0,crop_farming,12
sheep_maize_tot,0.0,crop_farming,12
sheep_maize_tot_lag1,0.0,crop_farming,12
sheep_maize_tot_lag3,0.0,crop_farming,12
sheep_maize_tot_lag6,0.0,crop_farming,12
sheep_maize_tot_lag12,0.0,crop_farming,12
maize_yield,0.004558215,crop_farming,12
maize_yield_anomaly,0.003486244,crop_farming,12
wheat_yield,0.00395065,crop_farming,12
wheat_yield_anomaly,0.0032095835,crop_farming,12
sorghum_yield,0.004347343,crop_farming,12
sorghum_yield_anomaly,0.0069282413,crop_farming,12
teff_yield,0.0055432543,crop_farming,12
teff_yield_anomaly,0.008864538,crop_farming,12
headline_cpi,0.0055204323,crop_farming,12
headline_cpi_lag1,0.0,crop_farming,12
headline_cpi_lag3,0.007919707,crop_farming,12
headline_cpi_lag6,0.002150635,crop_farming,12
headline_cpi_lag12,0.014313529,crop_farming,12
headline_cpi_yoy_change,0.03295081,crop_farming,12
headline_cpi_yoy_change_lag1,0.008092997,crop_farming,12
headline_cpi_yoy_change_lag3,0.015810726,crop_farming,12
headline_cpi_yoy_change_lag6,0.0074276645,crop_farming,12
headline_cpi_yoy_change_lag12,0.012340012,crop_farming,12
food_cpi,0.0,crop_farming,12
food_cpi_lag1,0.0,crop_farming,12
food_cpi_lag3,0.0,crop_farming,12
food_cpi_lag6,0.0046327445,crop_farming,12
food_cpi_lag12,0.0,crop_farming,12
food_cpi_yoy_change,0.0,crop_farming,12
food_cpi_yoy_change_lag1,0.023580363,crop_farming,12
food_cpi_yoy_change_lag3,0.0072691515,crop_farming,12
food_cpi_yoy_change_lag6,0.0071452353,crop_farming,12
food_cpi_yoy_change_lag12,0.0,crop_farming,12
headline_cpi_chainlinked,0.0,crop_farming,12
headline_cpi_chainlinked_lag1,0.0,crop_farming,12
headline_cpi_chainlinked_lag3,0.0,crop_farming,12
headline_cpi_chainlinked_lag6,0.0,crop_farming,12
headline_cpi_chainlinked_lag12,0.0,crop_farming,12
food_cpi_chainlinked,0.0,crop_farming,12
food_cpi_chainlinked_lag1,0.0,crop_farming,12
food_cpi_chainlinked_lag3,0.0,crop_farming,12
food_cpi_chainlinked_lag6,0.0,crop_farming,12
food_cpi_chainlinked_lag12,0.0,crop_farming,12
exchange_rate,0.0,crop_farming,12
exchange_rate_lag1,0.0,crop_farming,12
exchange_rate_lag3,0.0,crop_farming,12
exchange_rate_lag6,0.0,crop_farming,12
exchange_rate_lag12,0.0,crop_farming,12
exchange_rate_yoy_change,0.0036145067,crop_farming,12
exchange_rate_yoy_change_lag1,0.0051916623,crop_farming,12
exchange_rate_yoy_change_lag3,0.012476168,crop_farming,12
exchange_rate_yoy_change_lag6,0.0019292746,crop_farming,12
exchange_rate_yoy_change_lag12,0.0075937686,crop_farming,12
gdp_per_capita,0.0,crop_farming,12
gdp_per_capita_yoy_change,0.020315584,crop_farming,12
iod,0.014699418,crop_farming,12
mei,0.017091176,crop_farming,12
nino34,0.006230446,crop_farming,12
iod_lag1,0.015749017,crop_farming,12
iod_lag3,0.01807925,crop_farming,12
iod_lag6,0.003985428,crop_farming,12
mei_lag1,0.001521365,crop_farming,12
mei_lag3,0.008098437,crop_farming,12
mei_lag6,0.0048834365,crop_farming,12
nino34_lag1,0.0070867613,crop_farming,12
nino34_lag3,0.022730095,crop_farming,12
nino34_lag6,0.013962076,crop_farming,12
wvg,0.0,crop_farming,12
wvg_lag1yr,0.0028628528,crop_farming,12
wvg_lag2yr,0.00800857,crop_farming,12
wvg_lag3yr,0.038407758,crop_farming,12
season_benishangul_meher_only,0.0,crop_farming,12
season_national_belg_meher,0.0,crop_farming,12
