lhz,lead,county,n,mae,rmse,r2,mae_baseline,rmse_baseline,r2_baseline,mae_baseline2,rmse_baseline2,r2_baseline2
ap,0,Adan Yabaal,9,0.5226399273647332,0.5884794248589847,0.48660651019480794,0.7252201624143968,0.9042161153888061,-0.212082767935446,0.6816725319183979,0.9051037603137317,-0.21446367486689843
ap,0,Afgooye,9,0.35216891208499895,0.5116785002733216,-0.5915674083677367,0.48948114317989994,0.75317986939076,-2.44848313749665,0.676693462242642,0.7907566846641392,-2.8011625578622077
ap,0,Alle,9,0.6271307998233371,0.7543092876329213,-1.3043791307076051,0.5623112917863323,0.7456314876021091,-1.2516635769801234,0.5899157555576439,0.7646506455992288,-1.3679969697520358
ap,0,Balcad,9,0.4004676541118544,0.4993184979013386,0.2449830394328204,0.5737228299228728,0.7617652690767848,-0.7572911958496258,0.6696462976774336,0.9085542478844356,-1.4997876804318429
ap,0,Baraawe,9,0.6111686152967546,0.7421933881674848,-0.04582360251008333,0.7743559343755047,0.9899473951369826,-0.8605806976393919,0.7142683567280446,0.835225260501807,-0.32443764979309986
ap,0,Baringo,9,0.19663774117350183,0.26958368175931874,0.6532347974940267,0.21036677830714318,0.27398244791637766,0.6418262180232294,0.37371547912231023,0.5050048297383154,-0.2168565180870854
ap,0,Baydhaba,9,0.4957739628606384,0.5371959168741731,0.4788203893528056,0.7139953888707703,0.8527290784266965,-0.3132401643462328,0.6020523736583611,0.7608959951010774,-0.04561693260913846
ap,0,Buur Hakaba,9,0.44754481111474337,0.5113266499841794,0.4654084340865309,0.6817498186678439,0.804794948808828,-0.3243285134351275,0.5785465078653191,0.7142625710675252,-0.04313623441771064
ap,0,Cadale,9,0.5257168830453445,0.6406332290979699,0.3835082698344483,0.7326924446574997,0.9085185855248813,-0.23986946515178853,0.7012191839173482,0.9249042374584517,-0.2849962810209501
ap,0,Ceel Dheer,9,0.48192951414320206,0.6090594110438635,0.28806550213851656,0.5707378760714035,0.7668081391674613,-0.12848073511438263,0.5774099913864196,0.7499094854723433,-0.07929065148913117
ap,0,Diinsoor,9,0.48956042117113757,0.6080818268335992,0.3588641720116974,0.7005256836901262,0.8352367081128139,-0.20960937569744775,0.6288546205875486,0.7824365345040175,-0.061510367243679864
ap,0,Doolow,9,0.43728018186055034,0.5110917390659473,0.1951132561733553,0.4955708768512359,0.5623339821666217,0.02562594804631524,0.6564896216907277,0.8741858601022459,-1.3547489238389332
ap,0,East Hararge,9,0.34369807109162326,0.4186782249815368,0.25604166059501,0.47659702797487047,0.6261062746760984,-0.6637343381691363,0.3749294914475656,0.4516473910729575,0.13426120445615475
ap,0,Fafan,9,0.18272353824870824,0.20241145117594078,0.46787059075480275,0.1507852564263329,0.3079194959173742,-0.2314633153401735,0.2780836365249264,0.3567040357370536,-0.6525825043547784
ap,0,Jilib,9,0.38876005641133804,0.49163742118988607,0.43075649243224967,0.5111475287185452,0.5959927839226796,0.1634532331978108,0.5419067057526996,0.7759918851821501,-0.4181513459750723
ap,0,Jowhar,9,0.4118462943809816,0.5343985456629262,-0.27592972004541627,0.5075884243672688,0.7298786027315007,-1.3801124843130572,0.7391639042261655,0.944132704627349,-2.982559766274531
ap,0,Laikipia,9,0.3467489733958231,0.3999371912360779,-1.165167026118735,0.25406867793808235,0.3755363284060898,-0.9090255099021831,0.36439456204646603,0.39869326457117543,-1.1517193120756408
ap,0,Luuq,9,0.3300103078370245,0.4478159902517631,0.31231145579958053,0.41303799349649845,0.4646023007850986,0.2597893861011128,0.6448572965019103,0.8178302315095249,-1.293606531576239
ap,0,Nuwer,9,0.31766500077669896,0.36620809433217016,-2.1416632804229323,0.11459992364270155,0.23557977140712769,-0.3001089544047246,0.17012014974039288,0.2877115025328937,-0.9391803759292552
ap,0,Qansax Dheere,9,0.4304995593160965,0.552061956789984,0.5377722722795168,0.668889660642933,0.8165782832200269,-0.011290679461508413,0.7005538191089562,0.8632778191088081,-0.13026822323741194
ap,0,Rab Dhuure,9,0.5187701714657955,0.5784862877643733,0.5989063084323827,0.6235857306852757,0.7655538490785497,0.29755684942259786,0.9328016105365778,1.057202134292308,-0.33960190284793934
ap,0,South Omo,9,0.3679436497487637,0.39110337384185634,-1.205760021407305,0.3019486184195832,0.34211187907289564,-0.6877629343899434,0.538756362056508,0.618996741075506,-4.525249084636835
ap,0,Tayeeglow,9,0.34565319754130186,0.442860290989096,0.667279455358017,0.6040406497187134,0.7448603361575725,0.05876984301405286,0.6338558472101488,0.7663123931257648,0.0037740858803437805
ap,0,Waajid,10,0.4230982780160196,0.48910992960267946,0.551887264138585,0.6534731666345831,0.7846439701410395,-0.15323977069590078,0.569088370537099,0.7215375401462019,0.024803372233666354
ap,0,Xudur,10,0.5410239423844307,0.5961630518996983,0.44849691285267845,0.6774366821381539,0.7813062082135573,0.05275922320155235,0.7160617218358247,0.8490786595796405,-0.11870012376198513
ap,1,Adan Yabaal,9,0.4583809942974114,0.5043811584406327,0.622857478309647,0.7252201624143968,0.9042161153888061,-0.212082767935446,0.6816725319183979,0.9051037603137317,-0.21446367486689843
ap,1,Afgooye,9,0.3620961848816298,0.49696465025484843,-0.5013491233035687,0.48948114317989994,0.75317986939076,-2.44848313749665,0.676693462242642,0.7907566846641392,-2.8011625578622077
ap,1,Alle,9,0.5834723578559028,0.7218519731630989,-1.1103345981958102,0.5623112917863323,0.7456314876021091,-1.2516635769801234,0.5899157555576439,0.7646506455992288,-1.3679969697520358
ap,1,Balcad,9,0.34161161718388944,0.44900601131274454,0.38947182932458313,0.5737228299228728,0.7617652690767848,-0.7572911958496258,0.6696462976774336,0.9085542478844356,-1.4997876804318429
ap,1,Baraawe,9,0.6571328165881568,0.7465660437647974,-0.05818290822924643,0.7743559343755047,0.9899473951369826,-0.8605806976393919,0.7142683567280446,0.835225260501807,-0.32443764979309986
ap,1,Baringo,9,0.2506053762789868,0.33589925372978313,0.46164792981121605,0.21036677830714318,0.27398244791637766,0.6418262180232294,0.37371547912231023,0.5050048297383154,-0.2168565180870854
ap,1,Baydhaba,9,0.4769370672358419,0.5513470895180415,0.4510002031549095,0.7139953888707703,0.8527290784266965,-0.3132401643462328,0.6020523736583611,0.7608959951010774,-0.04561693260913846
ap,1,Buur Hakaba,9,0.49967859646850993,0.5596232394796165,0.35965101103866737,0.6817498186678439,0.804794948808828,-0.3243285134351275,0.5785465078653191,0.7142625710675252,-0.04313623441771064
ap,1,Cadale,9,0.4916825249147835,0.602766731901914,0.454233491094435,0.7326924446574997,0.9085185855248813,-0.23986946515178853,0.7012191839173482,0.9249042374584517,-0.2849962810209501
ap,1,Ceel Dheer,9,0.4548720783657498,0.5343119289963292,0.45208844169847784,0.5707378760714035,0.7668081391674613,-0.12848073511438263,0.5774099913864196,0.7499094854723433,-0.07929065148913117
ap,1,Diinsoor,9,0.4731515406194815,0.5540617847366032,0.4677172504757747,0.7005256836901262,0.8352367081128139,-0.20960937569744775,0.6288546205875486,0.7824365345040175,-0.061510367243679864
ap,1,Doolow,9,0.5682670321266383,0.6220654354342163,-0.19236492888981394,0.4955708768512359,0.5623339821666217,0.02562594804631524,0.6564896216907277,0.8741858601022459,-1.3547489238389332
ap,1,East Hararge,9,0.38459559790720843,0.4740067061099033,0.04642064549752756,0.47659702797487047,0.6261062746760984,-0.6637343381691363,0.3749294914475656,0.4516473910729575,0.13426120445615475
ap,1,Fafan,9,0.08470867651956741,0.09242168196201574,0.8890582938588728,0.1507852564263329,0.3079194959173742,-0.2314633153401735,0.2780836365249264,0.3567040357370536,-0.6525825043547784
ap,1,Jilib,9,0.3206691181799,0.41539857361153093,0.5936144811216736,0.5111475287185452,0.5959927839226796,0.1634532331978108,0.5419067057526996,0.7759918851821501,-0.4181513459750723
ap,1,Jowhar,9,0.35179502616535513,0.4738759533825583,-0.003287868173842634,0.5075884243672688,0.7298786027315007,-1.3801124843130572,0.7391639042261655,0.944132704627349,-2.982559766274531
ap,1,Laikipia,9,0.28759382772007996,0.3114158080525256,-0.3127714671410955,0.25406867793808235,0.3755363284060898,-0.9090255099021831,0.36439456204646603,0.39869326457117543,-1.1517193120756408
ap,1,Luuq,9,0.39609574219140353,0.5357719851596177,0.015643081296878747,0.41303799349649845,0.4646023007850986,0.2597893861011128,0.6448572965019103,0.8178302315095249,-1.293606531576239
ap,1,Nuwer,9,0.23553223785378194,0.24884617657540709,-0.4506602204924768,0.11459992364270155,0.23557977140712769,-0.3001089544047246,0.17012014974039288,0.2877115025328937,-0.9391803759292552
ap,1,Qansax Dheere,9,0.3893718775839188,0.503151337081434,0.6160473977628107,0.668889660642933,0.8165782832200269,-0.011290679461508413,0.7005538191089562,0.8632778191088081,-0.13026822323741194
ap,1,Rab Dhuure,9,0.4646841750499154,0.5360409042983166,0.6556060166037792,0.6235857306852757,0.7655538490785497,0.29755684942259786,0.9328016105365778,1.057202134292308,-0.33960190284793934
ap,1,South Omo,9,0.3330442162948859,0.36314048577672997,-0.9016232413539234,0.3019486184195832,0.34211187907289564,-0.6877629343899434,0.538756362056508,0.618996741075506,-4.525249084636835
ap,1,Tayeeglow,9,0.35777360509715667,0.42938323859049493,0.6872219190258704,0.6040406497187134,0.7448603361575725,0.05876984301405286,0.6338558472101488,0.7663123931257648,0.0037740858803437805
ap,1,Waajid,10,0.4439814965028999,0.4939711828687116,0.542935432037494,0.6534731666345831,0.7846439701410395,-0.15323977069590078,0.569088370537099,0.7215375401462019,0.024803372233666354
ap,1,Xudur,10,0.547728201303193,0.606760656641921,0.4287152116788123,0.6774366821381539,0.7813062082135573,0.05275922320155235,0.7160617218358247,0.8490786595796405,-0.11870012376198513
ap,2,Adan Yabaal,9,0.4264168601309327,0.47931440233604644,0.6594124656581889,0.7252201624143968,0.9042161153888061,-0.212082767935446,0.6816725319183979,0.9051037603137317,-0.21446367486689843
ap,2,Afgooye,9,0.4377902754398153,0.5881451938870095,-1.102808887298246,0.48948114317989994,0.75317986939076,-2.44848313749665,0.676693462242642,0.7907566846641392,-2.8011625578622077
ap,2,Alle,9,0.6302408907148573,0.774972912185907,-1.4323612092187181,0.5623112917863323,0.7456314876021091,-1.2516635769801234,0.5899157555576439,0.7646506455992288,-1.3679969697520358
ap,2,Balcad,9,0.25516984675068605,0.37178024561615236,0.5814242954297109,0.5737228299228728,0.7617652690767848,-0.7572911958496258,0.6696462976774336,0.9085542478844356,-1.4997876804318429
ap,2,Baraawe,9,0.6552034804641605,0.7512997255313378,-0.07164449424912323,0.7743559343755047,0.9899473951369826,-0.8605806976393919,0.7142683567280446,0.835225260501807,-0.32443764979309986
ap,2,Baringo,9,0.1774068193789624,0.23469646163957844,0.7371781949628626,0.21036677830714318,0.27398244791637766,0.6418262180232294,0.37371547912231023,0.5050048297383154,-0.2168565180870854
ap,2,Baydhaba,9,0.5060735527594896,0.5656323523940223,0.42218276115975184,0.7139953888707703,0.8527290784266965,-0.3132401643462328,0.6020523736583611,0.7608959951010774,-0.04561693260913846
ap,2,Buur Hakaba,9,0.41297716379418864,0.4623241891190148,0.5629627255164052,0.6817498186678439,0.804794948808828,-0.3243285134351275,0.5785465078653191,0.7142625710675252,-0.04313623441771064
ap,2,Cadale,9,0.4281850522113537,0.5570250940550752,0.533922804881288,0.7326924446574997,0.9085185855248813,-0.23986946515178853,0.7012191839173482,0.9249042374584517,-0.2849962810209501
ap,2,Ceel Dheer,9,0.49875419669681126,0.5619324257557151,0.39397727745107647,0.5707378760714035,0.7668081391674613,-0.12848073511438263,0.5774099913864196,0.7499094854723433,-0.07929065148913117
ap,2,Diinsoor,9,0.48206303105985016,0.5986126999917245,0.37867639810082987,0.7005256836901262,0.8352367081128139,-0.20960937569744775,0.6288546205875486,0.7824365345040175,-0.061510367243679864
ap,2,Doolow,9,0.5967871129049721,0.691963017662714,-0.47537635836914793,0.4955708768512359,0.5623339821666217,0.02562594804631524,0.6564896216907277,0.8741858601022459,-1.3547489238389332
ap,2,East Hararge,9,0.31487240978755265,0.3785642174564347,0.39177118596943283,0.47659702797487047,0.6261062746760984,-0.6637343381691363,0.3749294914475656,0.4516473910729575,0.13426120445615475
ap,2,Fafan,9,0.18258122001274832,0.2861526186397804,-0.06351239009914877,0.1507852564263329,0.3079194959173742,-0.2314633153401735,0.2780836365249264,0.3567040357370536,-0.6525825043547784
ap,2,Jilib,9,0.3956334521192102,0.4861241681880344,0.44345197217972454,0.5111475287185452,0.5959927839226796,0.1634532331978108,0.5419067057526996,0.7759918851821501,-0.4181513459750723
ap,2,Jowhar,9,0.34738182575441984,0.4719218889625724,0.004969343433525841,0.5075884243672688,0.7298786027315007,-1.3801124843130572,0.7391639042261655,0.944132704627349,-2.982559766274531
ap,2,Laikipia,9,0.2905210642017246,0.3318055377106793,-0.4903047304227748,0.25406867793808235,0.3755363284060898,-0.9090255099021831,0.36439456204646603,0.39869326457117543,-1.1517193120756408
ap,2,Luuq,9,0.4269530769935865,0.5484252913342796,-0.03140099273195274,0.41303799349649845,0.4646023007850986,0.2597893861011128,0.6448572965019103,0.8178302315095249,-1.293606531576239
ap,2,Nuwer,9,0.3129170358919035,0.3416160907705745,-1.7338859596495113,0.11459992364270155,0.23557977140712769,-0.3001089544047246,0.17012014974039288,0.2877115025328937,-0.9391803759292552
ap,2,Qansax Dheere,9,0.4295404543542774,0.5577396229558502,0.5282158453118673,0.668889660642933,0.8165782832200269,-0.011290679461508413,0.7005538191089562,0.8632778191088081,-0.13026822323741194
ap,2,Rab Dhuure,9,0.5250488187826221,0.6011996928515381,0.5667912765046419,0.6235857306852757,0.7655538490785497,0.29755684942259786,0.9328016105365778,1.057202134292308,-0.33960190284793934
ap,2,South Omo,9,0.32455937301532245,0.3841689036619952,-1.1282348606056947,0.3019486184195832,0.34211187907289564,-0.6877629343899434,0.538756362056508,0.618996741075506,-4.525249084636835
ap,2,Tayeeglow,9,0.36432068352017016,0.3973195394094559,0.7321904974397919,0.6040406497187134,0.7448603361575725,0.05876984301405286,0.6338558472101488,0.7663123931257648,0.0037740858803437805
ap,2,Waajid,10,0.4490842342080362,0.4839192586242559,0.5613479734160335,0.6534731666345831,0.7846439701410395,-0.15323977069590078,0.569088370537099,0.7215375401462019,0.024803372233666354
ap,2,Xudur,10,0.48845681801767055,0.5232506845195924,0.5751482170296595,0.6774366821381539,0.7813062082135573,0.05275922320155235,0.7160617218358247,0.8490786595796405,-0.11870012376198513
ap,3,Adan Yabaal,9,0.5387245543541247,0.5883845305154248,0.48677206979863086,0.7252201624143968,0.9042161153888061,-0.212082767935446,0.6816725319183979,0.9051037603137317,-0.21446367486689843
ap,3,Afgooye,9,0.33741064628824535,0.4763736778257955,-0.37951431583288264,0.48948114317989994,0.75317986939076,-2.44848313749665,0.676693462242642,0.7907566846641392,-2.8011625578622077
ap,3,Alle,9,0.6128468248579237,0.7526073274561982,-1.2939920468300832,0.5623112917863323,0.7456314876021091,-1.2516635769801234,0.5899157555576439,0.7646506455992288,-1.3679969697520358
ap,3,Balcad,9,0.37712077424159923,0.4500146718563281,0.3867257308120563,0.5737228299228728,0.7617652690767848,-0.7572911958496258,0.6696462976774336,0.9085542478844356,-1.4997876804318429
ap,3,Baraawe,9,0.8372370192825199,0.9526976831447665,-0.7231952737541016,0.7743559343755047,0.9899473951369826,-0.8605806976393919,0.7142683567280446,0.835225260501807,-0.32443764979309986
ap,3,Baringo,9,0.23404631851344998,0.3139145500289895,0.5298123678973581,0.21036677830714318,0.27398244791637766,0.6418262180232294,0.37371547912231023,0.5050048297383154,-0.2168565180870854
ap,3,Baydhaba,9,0.47809609942171427,0.5205840652065691,0.5105551626014724,0.7139953888707703,0.8527290784266965,-0.3132401643462328,0.6020523736583611,0.7608959951010774,-0.04561693260913846
ap,3,Buur Hakaba,9,0.4547771724844062,0.527033841463392,0.432060269270645,0.6817498186678439,0.804794948808828,-0.3243285134351275,0.5785465078653191,0.7142625710675252,-0.04313623441771064
ap,3,Cadale,9,0.5614820276054167,0.6480759346091488,0.369100588824842,0.7326924446574997,0.9085185855248813,-0.23986946515178853,0.7012191839173482,0.9249042374584517,-0.2849962810209501
ap,3,Ceel Dheer,9,0.5243761936823527,0.6266854115948601,0.24626290156822783,0.5707378760714035,0.7668081391674613,-0.12848073511438263,0.5774099913864196,0.7499094854723433,-0.07929065148913117
ap,3,Diinsoor,9,0.4450836206764137,0.5602511481172563,0.45575868321850066,0.7005256836901262,0.8352367081128139,-0.20960937569744775,0.6288546205875486,0.7824365345040175,-0.061510367243679864
ap,3,Doolow,9,0.5153205432649693,0.6094318162433254,-0.14442490114653284,0.4955708768512359,0.5623339821666217,0.02562594804631524,0.6564896216907277,0.8741858601022459,-1.3547489238389332
ap,3,East Hararge,9,0.43193830306673425,0.5340860246483234,-0.21062683350322464,0.47659702797487047,0.6261062746760984,-0.6637343381691363,0.3749294914475656,0.4516473910729575,0.13426120445615475
ap,3,Fafan,9,0.1911728410280119,0.21205690661099444,0.41594741778873157,0.1507852564263329,0.3079194959173742,-0.2314633153401735,0.2780836365249264,0.3567040357370536,-0.6525825043547784
ap,3,Jilib,9,0.3442999758624286,0.4142775381894925,0.5958049452403299,0.5111475287185452,0.5959927839226796,0.1634532331978108,0.5419067057526996,0.7759918851821501,-0.4181513459750723
ap,3,Jowhar,9,0.3216640036421956,0.4532796433580461,0.08202965970413978,0.5075884243672688,0.7298786027315007,-1.3801124843130572,0.7391639042261655,0.944132704627349,-2.982559766274531
ap,3,Laikipia,9,0.3000544013645178,0.33920628510726597,-0.5575270622519362,0.25406867793808235,0.3755363284060898,-0.9090255099021831,0.36439456204646603,0.39869326457117543,-1.1517193120756408
ap,3,Luuq,9,0.4349697193227173,0.5232155766945761,0.061241406339658355,0.41303799349649845,0.4646023007850986,0.2597893861011128,0.6448572965019103,0.8178302315095249,-1.293606531576239
ap,3,Nuwer,9,0.37965813653287944,0.45282348702141695,-3.803542603092078,0.11459992364270155,0.23557977140712769,-0.3001089544047246,0.17012014974039288,0.2877115025328937,-0.9391803759292552
ap,3,Qansax Dheere,9,0.413535918467301,0.5301368550690619,0.5737578950340465,0.668889660642933,0.8165782832200269,-0.011290679461508413,0.7005538191089562,0.8632778191088081,-0.13026822323741194
ap,3,Rab Dhuure,9,0.5312286615371704,0.6163465489109192,0.5446874401751886,0.6235857306852757,0.7655538490785497,0.29755684942259786,0.9328016105365778,1.057202134292308,-0.33960190284793934
ap,3,South Omo,9,0.33198621163624,0.42287202189558404,-1.5786538082195385,0.3019486184195832,0.34211187907289564,-0.6877629343899434,0.538756362056508,0.618996741075506,-4.525249084636835
ap,3,Tayeeglow,9,0.38935356144222827,0.4716474307505059,0.6226180865694223,0.6040406497187134,0.7448603361575725,0.05876984301405286,0.6338558472101488,0.7663123931257648,0.0037740858803437805
ap,3,Waajid,10,0.4326505779923685,0.5294473005198481,0.4749268577356732,0.6534731666345831,0.7846439701410395,-0.15323977069590078,0.569088370537099,0.7215375401462019,0.024803372233666354
ap,3,Xudur,10,0.4597120012375802,0.5165812749238536,0.5859096074147568,0.6774366821381539,0.7813062082135573,0.05275922320155235,0.7160617218358247,0.8490786595796405,-0.11870012376198513
ap,4,Adan Yabaal,9,0.4569783337654407,0.5127411364982122,0.6102518034085438,0.6076222148955408,0.8001762577124091,0.05079697569050279,0.6816725319183979,0.9051037603137317,-0.21446367486689843
ap,4,Afgooye,9,0.30070681124117304,0.49429534642715706,-0.4852643002277903,0.5942251096073192,0.8199797153233214,-3.087303778687729,0.676693462242642,0.7907566846641392,-2.8011625578622077
ap,4,Alle,9,0.6035172012117174,0.7762963638224301,-1.4406759801599032,0.5623112917863323,0.7546375207775502,-1.306385040449415,0.5899157555576439,0.7646506455992288,-1.3679969697520358
ap,4,Balcad,9,0.28101041776752983,0.41110326679658504,0.4881964986020165,0.6170512609812268,0.7800981938915775,-0.8428922418426779,0.6696462976774336,0.9085542478844356,-1.4997876804318429
ap,4,Baraawe,9,0.5775925367109314,0.7136438807043562,0.033087067308251394,0.8752015152797965,1.0381405135971706,-1.0461457044403257,0.7142683567280446,0.835225260501807,-0.32443764979309986
ap,4,Baringo,9,0.310227415898627,0.36087985245746784,0.3785966609466487,0.4006211638112444,0.45470561557027084,0.013473070135114784,0.37371547912231023,0.5050048297383154,-0.2168565180870854
ap,4,Baydhaba,9,0.5663611576053865,0.6713925956408655,0.1859049654632623,0.8251064999818813,0.9756052540594468,-0.7189778163455931,0.6020523736583611,0.7608959951010774,-0.04561693260913846
ap,4,Buur Hakaba,9,0.4539156699256568,0.5461385424851868,0.3901389462967194,0.7735010760568258,0.8986843018520214,-0.651351620410729,0.5785465078653191,0.7142625710675252,-0.04313623441771064
ap,4,Cadale,9,0.5224732512585741,0.5987050798605763,0.4615638397815157,0.5938695313405913,0.7774819360421241,0.09199352120742377,0.7012191839173482,0.9249042374584517,-0.2849962810209501
ap,4,Ceel Dheer,9,0.5890857113732232,0.651487948535351,0.1854204663645398,0.6818489871825145,0.7568437102715572,-0.0993427929409576,0.5774099913864196,0.7499094854723433,-0.07929065148913117
ap,4,Diinsoor,9,0.44744810222292625,0.6027877680298774,0.3699792402516372,0.8116367948012374,0.967878718143571,-0.6243061160766445,0.6288546205875486,0.7824365345040175,-0.061510367243679864
ap,4,Doolow,9,0.3327655735591202,0.44194920058966813,0.39815901807325504,0.4979050201354808,0.6642032459894056,-0.35937425118658384,0.6564896216907277,0.8741858601022459,-1.3547489238389332
ap,4,East Hararge,9,0.4198400618482499,0.523139630742507,-0.1615104215264851,0.6837172835654374,0.8164570059336579,-1.8291404482496771,0.3749294914475656,0.4516473910729575,0.13426120445615475
ap,4,Fafan,9,0.20283077885975692,0.2382340701497081,0.2628517380768992,0.2514990979986626,0.40176432566623144,-1.09647576954545,0.2780836365249264,0.3567040357370536,-0.6525825043547784
ap,4,Jilib,9,0.3347744008150353,0.40622244925094453,0.6113702325250037,0.8193855131441753,0.9138383694410691,-0.9667402226597981,0.5419067057526996,0.7759918851821501,-0.4181513459750723
ap,4,Jowhar,9,0.3495998739302932,0.4674177631155054,0.023872284930707477,0.6159567398241238,0.8046621794539128,-1.8928332247835051,0.7391639042261655,0.944132704627349,-2.982559766274531
ap,4,Laikipia,9,0.26455424832860047,0.29606668594459357,-0.18655235282935023,0.34378317787847174,0.4227088347047741,-1.418747144126277,0.36439456204646603,0.39869326457117543,-1.1517193120756408
ap,4,Luuq,9,0.29763530632409396,0.4214758663364253,0.39083068376909524,0.45754879328954284,0.6416392573226465,-0.41180413892701284,0.6448572965019103,0.8178302315095249,-1.293606531576239
ap,4,Nuwer,9,0.48821529457917795,0.6735853295153978,-9.628916541863168,0.22588352134333123,0.3323224887433707,-1.5871595986245373,0.17012014974039288,0.2877115025328937,-0.9391803759292552
ap,4,Qansax Dheere,9,0.4168054961686402,0.6245935348506786,0.40833575896996654,0.7800007717540441,0.9957004325271235,-0.5036187914929688,0.7005538191089562,0.8632778191088081,-0.13026822323741194
ap,4,Rab Dhuure,9,0.5117597712410821,0.6315527476492735,0.52194380420796,0.8745285768950919,1.0151439012688928,-0.2351363779342206,0.9328016105365778,1.057202134292308,-0.33960190284793934
ap,4,South Omo,9,0.48205325989324727,0.5521421104921065,-3.3961942930486,0.3792547315389821,0.47676844575822797,-2.277858073163903,0.538756362056508,0.618996741075506,-4.525249084636835
ap,4,Tayeeglow,9,0.5055789188306166,0.5946420071681301,0.4001297727495192,0.8841475054621519,0.9618042107257245,-0.5693488166086844,0.6338558472101488,0.7663123931257648,0.0037740858803437805
ap,4,Waajid,10,0.5402742067478907,0.5992512926631078,0.3273451360356143,0.9,0.9717303923300905,-0.7687477489943559,0.569088370537099,0.7215375401462019,0.024803372233666354
ap,4,Xudur,10,0.502863577451995,0.5632035879519064,0.5077920085378782,0.9,0.9850907513517226,-0.5058104897778668,0.7160617218358247,0.8490786595796405,-0.11870012376198513
ap,8,Adan Yabaal,9,0.508125191568266,0.6495807799819541,0.3744613856790462,0.7188686290555792,0.8916640256300764,-0.17866471249381943,0.6816725319183979,0.9051037603137317,-0.21446367486689843
ap,8,Afgooye,9,0.33726084314306237,0.4765747522358486,-0.3806791306889099,0.7335236311538256,0.8815155083806557,-3.7237903353349218,0.676693462242642,0.7907566846641392,-2.8011625578622077
ap,8,Alle,9,0.7159657743242052,0.8531982211699726,-1.9481861786608028,0.6718003218626234,0.9413177820955997,-2.588620625901985,0.5899157555576439,0.7646506455992288,-1.3679969697520358
ap,8,Balcad,9,0.35699749659452723,0.4312311212784282,0.4368532419696083,0.7281623720923379,0.8698237188646415,-1.2912046873990777,0.6696462976774336,0.9085542478844356,-1.4997876804318429
ap,8,Baraawe,9,0.6186303346387878,0.7828275065710311,-0.16347332647378843,0.6735103534712129,0.9323094321944122,-0.650229827817493,0.7142683567280446,0.835225260501807,-0.32443764979309986
ap,8,Baringo,9,0.31720154573886156,0.37589322509016,0.32581776255142225,0.47562970117884085,0.5821439266047664,-0.6169963936840961,0.37371547912231023,0.5050048297383154,-0.2168565180870854
ap,8,Baydhaba,9,0.5562095393154345,0.6098346816184659,0.3283450038305332,0.7777777777777778,0.9821165275286567,-0.7419995974202644,0.6020523736583611,0.7608959951010774,-0.04561693260913846
ap,8,Buur Hakaba,9,0.4848815844572998,0.5774965889484994,0.31809465816194016,0.7390580703335193,0.9070371832747318,-0.6821914754174017,0.5785465078653191,0.7142625710675252,-0.04313623441771064
ap,8,Cadale,9,0.4906629849862474,0.6467892706687239,0.3716032267586894,0.7049806424517023,0.880958354415512,-0.16578668130066987,0.7012191839173482,0.9249042374584517,-0.2849962810209501
ap,8,Ceel Dheer,9,0.4437407652537028,0.5274616244886288,0.46604770510390225,0.7929600982936257,0.8593263673315145,-0.4172191008150232,0.5774099913864196,0.7499094854723433,-0.07929065148913117
ap,8,Diinsoor,9,0.5171422006067148,0.6209745880084078,0.3313887890771454,0.7777777777777778,1.006606909304457,-0.7568950224357129,0.6288546205875486,0.7824365345040175,-0.061510367243679864
ap,8,Doolow,9,0.34505306728908497,0.46196814185245966,0.3424010580516834,0.5751681365724645,0.677965512330989,-0.4162902204365899,0.6564896216907277,0.8741858601022459,-1.3547489238389332
ap,8,East Hararge,9,0.43770158213387966,0.538510112852719,-0.23076629591172426,0.5340362006709617,0.6229371674373657,-0.6469346064345014,0.3749294914475656,0.4516473910729575,0.13426120445615475
ap,8,Fafan,9,0.2215819866305325,0.32092225782647,-0.33766320982976117,0.2953538929862416,0.4422728167428273,-1.5405491385360262,0.2780836365249264,0.3567040357370536,-0.6525825043547784
ap,8,Jilib,9,0.3105973404935252,0.35840758127586647,0.6974740752054378,0.9497346693348209,1.0495900624596082,-1.5944639606684574,0.5419067057526996,0.7759918851821501,-0.4181513459750723
ap,8,Jowhar,9,0.39540080333195676,0.45241402345769083,0.08553237453700935,0.703289830917665,0.8475845354392193,-2.2096839223448517,0.7391639042261655,0.944132704627349,-2.982559766274531
ap,8,Laikipia,9,0.3394685971734246,0.4318913356303111,-1.5249733759265403,0.3028759812135071,0.3913879612656082,-1.07358931392438,0.36439456204646603,0.39869326457117543,-1.1517193120756408
ap,8,Luuq,9,0.31242628626920177,0.39723794231819354,0.4588794304690078,0.5677313621276313,0.6776091914454729,-0.5745308438551651,0.6448572965019103,0.8178302315095249,-1.293606531576239
ap,8,Nuwer,9,0.6464780109784767,0.8157986691941852,-14.59084817789614,0.22588352134333128,0.33152630386638254,-1.574777711194601,0.17012014974039288,0.2877115025328937,-0.9391803759292552
ap,8,Qansax Dheere,9,0.5393889556264964,0.6585890018906152,0.34217662590964837,0.7777777777777778,1.0975905986896437,-0.8270949197304265,0.7005538191089562,0.8632778191088081,-0.13026822323741194
ap,8,Rab Dhuure,9,0.639704253938463,0.7776151678396179,0.275248471983345,0.7921380897715748,1.0818266383215625,-0.40273306901164463,0.9328016105365778,1.057202134292308,-0.33960190284793934
ap,8,South Omo,9,0.43876123922903076,0.5251319419496806,-2.9766009109250247,0.34941448707300515,0.449304846049754,-1.9111014580019972,0.538756362056508,0.618996741075506,-4.525249084636835
ap,8,Tayeeglow,9,0.5448460217115003,0.5846738051158877,0.4200728921839897,0.7810055529988525,0.975100964926452,-0.6130406366677807,0.6338558472101488,0.7663123931257648,0.0037740858803437805
ap,8,Waajid,10,0.5390355984468697,0.5774105670519775,0.3754836929646941,0.8,0.9786062060182641,-0.793867075934352,0.569088370537099,0.7215375401462019,0.024803372233666354
ap,8,Xudur,10,0.5447285021874398,0.62577231177588,0.39235417075880263,0.8,1.0247144265019954,-0.6293843319778809,0.7160617218358247,0.8490786595796405,-0.11870012376198513
ap,12,Adan Yabaal,9,0.8880132486173093,1.0313234438135233,-0.5768034855446109,0.7229767477590147,1.069029388078253,-0.6942093711726987,0.6816725319183979,0.9051037603137317,-0.21446367486689843
ap,12,Afgooye,9,0.5510115703171125,0.673365299517927,-1.7563360372021353,0.7953083523345766,0.8999177096466565,-3.9230732293506465,0.676693462242642,0.7907566846641392,-2.8011625578622077
ap,12,Alle,9,0.49296209547254777,0.5946471639556845,-0.4321012608821819,0.5606892107515122,0.8784781691702006,-2.125481769519942,0.5899157555576439,0.7646506455992288,-1.3679969697520358
ap,12,Balcad,9,0.5685648110982648,0.651321750381972,-0.2846728905048035,0.7748709725300889,0.9000834681508586,-1.4533921260060825,0.6696462976774336,0.9085542478844356,-1.4997876804318429
ap,12,Baraawe,9,0.9135774952536492,1.1350494293264792,-1.445985206276882,1.0974237375020186,1.228292945118551,-1.8643638994108698,0.7142683567280446,0.835225260501807,-0.32443764979309986
ap,12,Baringo,9,0.25183000805199773,0.31742153425312725,0.5192480190406914,0.5236682606328491,0.6632822189611932,-1.0991574739783494,0.37371547912231023,0.5050048297383154,-0.2168565180870854
ap,12,Baydhaba,9,0.680841579975021,0.8288389251890887,-0.2406871632083294,0.8251064999818813,1.2179879683265922,-1.6792177236600634,0.6020523736583611,0.7608959951010774,-0.04561693260913846
ap,12,Buur Hakaba,9,0.6399142493870296,0.7359902069599126,-0.10756523976216203,0.8025408566400196,1.1485365401418515,-1.6972107324918402,0.5785465078653191,0.7142625710675252,-0.04313623441771064
ap,12,Cadale,9,0.8896701684983535,1.0288114050743313,-0.589936840494488,0.7074625754394853,1.044621334622697,-0.6391779940965292,0.7012191839173482,0.9249042374584517,-0.2849962810209501
ap,12,Ceel Dheer,9,0.6900121214395133,0.7815576260893543,-0.17231070729238773,0.7601780235118419,0.9361993137199138,-0.6821214865542866,0.5774099913864196,0.7499094854723433,-0.07929065148913117
ap,12,Diinsoor,9,0.734496577717514,0.8730771109457366,-0.32169486793644,0.8116367948012374,1.2308948172149725,-1.6270472522005965,0.6288546205875486,0.7824365345040175,-0.061510367243679864
ap,12,Doolow,9,0.4641020070999438,0.5299998141056536,0.1344573225106821,0.6209174016195654,0.8509395577035969,-1.2311793328696612,0.6564896216907277,0.8741858601022459,-1.3547489238389332
ap,12,East Hararge,9,0.44203696742038234,0.5484962972263212,-0.27683643814447856,0.8075356946026414,0.8580142929748121,-2.124473983305781,0.3749294914475656,0.4516473910729575,0.13426120445615475
ap,12,Fafan,9,0.4317456368515597,0.5045744606948581,-2.306721613947448,0.31438809412154733,0.44717011381566646,-1.5971237580325774,0.2780836365249264,0.3567040357370536,-0.6525825043547784
ap,12,Jilib,9,0.4899441134232814,0.6040334632185886,0.14072887074165819,0.8427953530724462,1.0619109317409412,-1.6557329705698351,0.5419067057526996,0.7759918851821501,-0.4181513459750723
ap,12,Jowhar,9,0.5028353854361681,0.5816752494691537,-0.5116713700752638,0.7918610440732478,0.8935711694442756,-2.5674222323937177,0.7391639042261655,0.944132704627349,-2.982559766274531
ap,12,Laikipia,9,0.27300183225336533,0.29908742682725037,-0.21088843888842868,0.3617231329679689,0.437195014900791,-1.5873681192217495,0.36439456204646603,0.39869326457117543,-1.1517193120756408
ap,12,Luuq,9,0.5114755086287857,0.5653342992503957,-0.09598160826438895,0.5979181014435687,0.8150827141829029,-1.278221582331248,0.6448572965019103,0.8178302315095249,-1.293606531576239
ap,12,Nuwer,9,1.0388031736498151,1.1410555372382243,-29.5012278863015,0.22477870897244495,0.3298990484889957,-1.5495637947021081,0.17012014974039288,0.2877115025328937,-0.9391803759292552
ap,12,Qansax Dheere,9,0.7802882820177339,0.8882544671468624,-0.19661695933151635,0.780000771754044,1.2859047707388371,-1.5078292776366577,0.7005538191089562,0.8632778191088081,-0.13026822323741194
ap,12,Rab Dhuure,9,0.991169704331292,1.1997126498562543,-0.7250995804338487,1.096750799117314,1.3750219653462712,-1.266099448409638,0.9328016105365778,1.057202134292308,-0.33960190284793934
ap,12,South Omo,9,0.24791863510287537,0.31455255554970996,-0.42679497805797784,0.41613831654143985,0.543011945795864,-3.2520063441315052,0.538756362056508,0.618996741075506,-4.525249084636835
ap,12,Tayeeglow,9,0.7978008712031084,0.9111358457199769,-0.40835584948300463,1.006538777937565,1.225775054266795,-1.5489874293353374,0.6338558472101488,0.7663123931257648,0.0037740858803437805
ap,12,Waajid,10,0.7685481429396382,0.8954963678134233,-0.5021108571490154,0.9604194999037496,1.180547648629563,-1.6106062229195,0.569088370537099,0.7215375401462019,0.024803372233666354
ap,12,Xudur,10,0.8378953592577846,0.9905638404732825,-0.522589308159287,1.032310046414462,1.2629284534894605,-1.4750007262460825,0.7160617218358247,0.8490786595796405,-0.11870012376198513
other,0,Agnewak,9,0.2638084397873701,0.3180081845478708,-13.60595341149211,0.04447739261772021,0.09435079778845935,-0.2857142857142858,0.10821627903452691,0.17203147501783578,-3.2743407594933505
other,0,Amaro,9,0.5613353517320421,0.6656097616870622,-1.5632817673644097,0.549968001176388,0.7380118113368388,-2.1512554376776585,0.42830453439208244,0.5393954727104344,-0.683338968172968
other,0,Arsi,9,0.18324679845045158,0.21705374849946302,0.2877356252180857,0.2856970587237865,0.34285494379097153,-0.7771638651718844,0.2361148730556768,0.2828995505451884,-0.20996040014520378
other,0,Asosa,9,0.07129299040874004,0.08193184436114229,-25594.831366550174,0.0006990177944704455,0.0008366923546814787,-1.6692876603308955,0.03507345564552554,0.06017795355924882,-13807.248913199863
other,0,Awi,9,0.06915185186598036,0.07149600949110184,0.0,0.0,0.0,1.0,1.3412953278280071e-05,2.3231916557528616e-05,0.0
other,0,Banadir,9,0.14626864592234293,0.2583029252209165,0.32445593807596573,0.1111111111111111,0.3333333333333333,-0.125,0.5111111111111112,0.5981452814975454,-2.6225000000000005
other,0,Basketo,9,0.27389800548553467,0.36920089799964495,-0.38013169372291067,0.242737369875525,0.47540515749343054,-1.2883518956849542,0.3552186785657121,0.3785045467004688,-0.4505651302133893
other,0,Bench Sheko,9,0.07539325290256077,0.0774056076852037,0.0,0.0,0.0,1.0,0.0038007368907631753,0.006583069401003181,0.0
other,0,Bomet,9,0.024337940745883517,0.026496190481313915,0.0,0.0,0.0,1.0,0.0,0.0,1.0
other,0,Bossaso,9,0.4321373114561645,0.5498850246571583,-0.45260370103816605,0.5329253881748127,0.6840548783940469,-1.2479427697612975,0.376682682693506,0.44614041751362216,0.043804930016113075
other,0,Bungoma,9,0.02522738774617513,0.026999233792134047,0.0,0.0,0.0,1.0,0.007923229191443726,0.013723435519593409,0.0
other,0,Buno Bedele,9,0.07265124056074354,0.07429125071046616,0.0,0.0,0.0,1.0,0.005238114329571664,0.009072680154672708,0.0
other,0,Burji,9,0.696316295199924,0.8077771199907495,-1.6426406961012265,0.6666666666666666,0.816496580927726,-1.7000000000000006,0.497371927045609,0.6905687632063545,-0.9313851277012348
other,0,Busia,9,0.02670158280266656,0.028268131234063704,0.0,0.0,0.0,1.0,0.0015041532913551887,0.0026052699229991397,0.0
other,0,Caluula,9,0.37033241324954563,0.5188256033551949,-0.5573986101748181,0.4444444444444444,0.6666666666666666,-1.5714285714285716,0.4079166675666866,0.4252260433872325,-0.04615658756825769
other,0,Central Gondar,9,0.16707326090093455,0.20980526442879263,-2.0948127216370653,0.1582932659446925,0.20364055867710829,-1.9156149636870436,0.10678465315653368,0.13915331759640795,-0.3614093867670647
other,0,Central Tigray,9,0.8224330244014938,1.0035506721216623,0.39542667519343,0.5133107231147181,0.8976179656017456,0.5163252214492726,1.4159798705729303,1.6864633509726463,-0.7073563911528984
other,0,Dawuro,9,0.5462877247212017,0.6245535402683909,-0.28418215597294916,0.6106110104340361,0.7444767599081752,-0.8246920175386412,0.536214226557127,0.6274237492064138,-0.2960124964964954
other,0,Derashe,9,0.7642552322811551,0.8805702625905591,-2.1403861488031657,0.6666666666666666,0.816496580927726,-1.7000000000000006,0.5654289311572815,0.7340805528375002,-1.1824407451195502
other,0,Dire Dawa rural,9,0.37245751751793754,0.48177814442435224,-0.34292318686019563,0.11735971137114884,0.33386002479781673,0.35510972794300677,0.3452019607456137,0.45698462559091013,-0.20825934215311515
other,0,Dire Dawa urban,9,0.4085637860827976,0.5166951334469025,-1.7031103418930886,0.3333333333333333,0.5773502691896257,-2.3749999999999996,1.083085469915987,1.1493731501806397,-12.375718713356191
other,0,East Gojam,9,0.13300443997243713,0.15622674656004693,-2.6629562242914506,0.11142253344624106,0.1342505565979692,-1.7049120032317027,0.09631953909158297,0.09946644953807944,-0.48482128075980424
other,0,East Shewa,9,0.1802665238203142,0.19635041608182727,-0.06371942159633481,0.19917439565979078,0.2473393181742931,-0.6879118238977664,0.13971760192472157,0.19243963843067657,-0.021768480446626715
other,0,East Wellega,9,0.11949955726622094,0.13664776929138164,-11.331502248315044,0.014913349892300741,0.04141877942580265,-0.1329362854660634,0.06768317885410578,0.09711426454753928,-5.22840643475856
other,0,Eastern Tigray,9,0.8968970909707872,0.984029327493154,0.2114682308036273,0.6658935631867947,0.9160275857071871,0.3166861618189244,1.2408095800308683,1.5031406000102372,-0.8399343259988648
other,0,Elgeyo Marakwet,9,0.04382827546861437,0.058921715238886965,0.0,0.0,0.0,1.0,0.03822869292343226,0.06568889103924046,0.0
other,0,Embu,9,0.17432671940322095,0.208702249975368,-0.6141599205208672,0.09769322507683682,0.18861016966750835,-0.31832506362628754,0.14258958919493528,0.1840929067456097,-0.25593281415796776
other,0,Finfine Special,9,0.1294075242561952,0.15033638800896001,-0.8841984990531471,0.058541893152679575,0.12418610889527412,-0.2857142857142856,0.06195231461409451,0.12225269659524156,-0.2459922038211806
other,0,Gamo,9,0.6185142694711234,0.7520500078056263,-0.9678211511257226,0.642310806954262,0.8097945781663873,-1.2816126364718965,0.4661709678165447,0.5177016048501771,0.0674949195020681
other,0,Gedeo,9,0.4189057002326701,0.5094471747118938,0.00012761786892356852,0.5141574889945415,0.6216656646254473,-0.48888110823093633,0.3834140668686139,0.511426099457329,-0.007655388218765102
other,0,Gofa,9,0.43163335062904334,0.4601885546052256,-1.296191980445327,0.40181732686122573,0.5226272989878405,-1.9615614723801404,0.2407405049660395,0.28899460563125284,0.09444247829819596
other,0,Guraghe,9,0.15289380357192084,0.1817773921327646,0.15664012487552692,0.11856684467979621,0.18544424218611383,0.12227209734772415,0.23601818974968905,0.24565926419635448,-0.5402793425391184
other,0,Hadiya,9,0.43663149786199745,0.5058591067068539,-0.9751936063354405,0.5348498781684847,0.6159243744803568,-1.9282308234080197,0.33573115525957253,0.38052214390270916,-0.11766176865785627
other,0,Halaba,9,0.27095475398926055,0.3070924103983178,-0.8479666072763234,0.2546857551698925,0.3818105406344787,-1.856615447186496,0.1622397462286052,0.27621169531736667,-0.49499616876920505
other,0,Harari,9,0.25653531816270614,0.2619216021478178,-6.927353251187164,0.0318920091459467,0.07751123612670546,0.305751580198276,0.1544929437850429,0.18480164900508336,-2.946365068957868
other,0,Homa Bay,9,0.02527210447523329,0.02709538606309814,0.0,0.0,0.0,1.0,0.0,0.0,1.0
other,0,Horo Gudru Wellega,9,0.08138816886478001,0.08349220361638968,0.0,0.0,0.0,1.0,0.0010103749593422713,0.001455749306701479,0.0
other,0,Ilu Aba Bora,9,0.0701457526948717,0.07157668542468865,0.0,0.00019192194817590428,0.0005757658445277128,0.0,0.00043646799523688884,0.00043651739613441464,0.0
other,0,Itang Special woreda,9,0.0600762234793769,0.060820643459760564,0.0,0.0,0.0,1.0,0.12917641821300418,0.22374011948468892,0.0
other,0,Jamaame,9,0.4852189602362146,0.5900820299723789,-1.2828157949930148,0.34596041998294363,0.5062800502868421,-0.6804582214940256,0.7276850306735798,0.8684110737035541,-3.9442087202964116
other,0,Jimma,9,0.1356213092803955,0.14917045192505385,0.0,0.0,0.0,1.0,0.00019851320002365705,0.0003438349484140573,0.0
other,0,Kakamega,9,0.026225354936387803,0.02805234669984486,0.0,0.0,0.0,1.0,0.0,0.0,1.0
other,0,Kamashi,9,0.35101717442368996,0.4277078923363445,0.20922855518386163,0.1749506134569035,0.33585094406925403,0.5124158305943836,0.4365768480540782,0.5203108962403766,-0.17025981348229813
other,0,Kefa,9,0.08209772904713948,0.08319445196444075,0.0,0.0,0.0,1.0,0.00021449582030993083,0.0003715176587879645,0.0
other,0,Kellem Wollega,9,0.12200615303560491,0.13985366830353338,-2.086335841933311,0.05038955449724855,0.09329273638537361,-0.37338127299745816,0.07299326041157965,0.08991407762047039,-0.27570672464319657
other,0,Kembata Tembaro,9,0.45455440832057215,0.5831350937062356,-0.9294487764346193,0.6042806828465133,0.705064565062564,-1.820672558209889,0.5257901862917185,0.6146330741938275,-1.143516096876735
other,0,Kericho,9,0.02542677190568712,0.027484429376960353,0.0,0.0,0.0,1.0,0.0,0.0,1.0
other,0,Kiambu,9,0.0863822028477752,0.10510741063714829,-3.0377037977112433,0.036987170664422475,0.07846163758115182,-1.2500000000000004,0.07170825893132575,0.10758028975950425,-3.2299302034456305
other,0,Kilifi,9,0.2911679829211165,0.3081962907457022,-0.8034717304772361,0.12267258981795212,0.2602221701242131,-0.285710269389263,0.2895770591703543,0.3472724874831434,-1.289788025169193
other,0,Kirinyaga,9,0.04591809378729926,0.06433265929868785,0.0,0.0,0.0,1.0,0.03787846745036368,0.06560743013687384,0.0
other,0,Kisii,9,0.024786167674594455,0.026905598966342262,0.0,0.0,0.0,1.0,0.0,0.0,1.0
other,0,Kisumu,9,0.02558184994591607,0.02739969638299171,0.0,0.0,0.0,1.0,0.0,0.0,1.0
other,0,Kitui,9,0.6200398244907858,0.7719895855287966,-0.5753151742753082,0.49438727272725225,0.8290140792976222,-0.8166379643855821,0.5457156113500948,0.5948192854865041,0.06477812780666237
other,0,Konso,9,0.5949791121880426,0.7159119796026351,-1.25836048163317,0.39689544193903425,0.5923875344844434,-0.5462717751640562,0.5143722723131788,0.6800070782067928,-1.0375152731398645
other,0,Konta Special,9,0.08283420403798421,0.08421535892316732,0.0,0.0007099746971127462,0.0021299240913382387,0.0,0.0371279327488887,0.05553638718796964,0.0
other,0,Kwale,9,0.29952133130352654,0.31570478812330394,-325143071.3626791,1.650698113062374e-05,2.4760471695935614e-05,-1.0000000000000004,0.4069036790520604,0.4628325293789377,-698811297.0662334
other,0,Machakos,9,0.10870499628999489,0.14853923958723242,-2851.132076704678,0.0024395723929447025,0.003759580384940956,-0.8271154520611945,0.4154542545358665,0.47943043425965004,-29711.44833386396
other,0,Majang,9,0.0725485881169637,0.07519771238301799,0.0,0.0,0.0,1.0,0.0224453088870414,0.03887641538393296,0.0
other,0,Makueni,9,0.555658493935288,0.6610580236769212,-0.4365417801851237,0.4452729647012073,0.6947705700708928,-0.586799033427013,0.5125532061137604,0.5868203508616977,-0.13200783588271015
other,0,Mao Komo Special,9,0.08998983452206745,0.09772785811875992,-464.6548570464562,0.0024207630944621528,0.004528833057012029,0.0,0.003792528847990701,0.004621692599298859,-0.04142857142857026
other,0,Marka,9,0.5758533866572721,0.6428915954984171,-0.32440371472919316,0.7005851652247822,0.8631382311388723,-1.3872923165928976,0.5037589040638619,0.5690331679035481,-0.037576331548057285
other,0,Mekelle Tigray,9,0.6791847179323887,0.8262827017257364,0.03929479690003834,0.5850888477393474,0.8866763884968858,-0.10627502622402996,0.9351611008237258,1.0806293465733596,-0.6431845241612397
other,0,Meru,9,0.4300329807346258,0.5459493893727394,-0.5678373476539027,0.40280782094509016,0.636625316544368,-1.1318863391827327,0.3853692674928828,0.4827199381487165,-0.22570712549880456
other,0,Metekel,9,0.29641250773291716,0.3991609020085432,0.024653394841583798,0.21614930393873652,0.458305827676447,-0.2858009587005572,0.21773797142489432,0.4584211662639279,-0.28644821700938894
other,0,Migori,9,0.02519314818912082,0.027056001137794276,0.0,0.0,0.0,1.0,0.0029463931277963575,0.0051033025964150715,0.0
other,0,Mirab Omo,9,0.08429412188750006,0.09956084623715697,-3.0752810738091423,0.01756740153594362,0.05219533718494124,-0.12006654071399803,0.02800856926500608,0.05524977734210544,-0.2549934905776514
other,0,Mombasa,9,0.2762259712230576,0.4003533334887826,-0.6427857957256538,0.2222222222222222,0.4675618289525798,-1.2406402786308166,0.22154010919744038,0.38138753653617,-0.4908262608103504
other,0,Muranga,9,0.05142666233910455,0.06593115226294526,0.0,0.0,0.0,1.0,0.04094244310749636,0.07091439164818188,0.0
other,0,Nairobi,9,0.24355343150293957,0.3855127113398614,-0.5196686901597298,0.22113080489362869,0.4690892750085727,-1.25,0.22169796532858146,0.38350190815958657,-0.5038570955702788
other,0,Nakuru,9,0.04844640360938178,0.05757013766134466,0.0,0.0,0.0,1.0,0.000641992721377734,0.0007223262554970991,0.0
other,0,Nandi,9,0.025140298737419978,0.02725605039012656,0.0,0.0,0.0,1.0,0.0,0.0,1.0
other,0,North Gondar,9,0.5264387682153683,0.5966078313011619,-0.18218962537828598,0.5991870983345409,0.7366525752567773,-0.8023314750444259,0.35501374054331564,0.49396843727464745,0.18958467631519083
other,0,North Shewa (AM),9,0.23577909126412727,0.26898712292730836,0.3307565075344998,0.3437349178482627,0.4357671595933077,-0.7564272763810618,0.32519104938150584,0.38541207998648214,-0.37395282916073946
other,0,North Shewa (OR),9,0.10990319601038823,0.12924847654022975,0.5993515387760617,0.09928494013489196,0.1867528410753343,0.16353639649237794,0.35872590456362397,0.3696969762886609,-2.2779657437384393
other,0,North Wello,9,0.5282063394714468,0.8359031452940642,0.08581099072817056,0.6374333313173509,0.7804700042859433,0.20304002633246454,0.6971333576871283,0.8882596728457491,-0.03229534272226231
other,0,North Western Tigray,9,0.7974740509073016,1.0390230195697223,0.367733403622854,0.42824669713201985,0.8021106118463425,0.6231934676552287,1.4130569921873566,1.771550434745172,-0.8380483901002211
other,0,Nyamira,9,0.02453800042470296,0.026560463811473322,0.0,0.0,0.0,1.0,0.0,0.0,1.0
other,0,Nyandarua,9,0.06535824862950333,0.09382170929717254,-36.67805523000789,0.0036026564455699083,0.010807969336709725,0.5,0.04166170159295193,0.058630627679418415,-13.714004475823877
other,0,Nyeri,9,0.1260456582938695,0.15544111985485481,-0.7486211218086818,0.05256940411893475,0.11151654640630435,0.10000000000000009,0.1385763321898436,0.15001547193504478,-0.6286808587506421
other,0,Oromia,9,0.49103351411927076,0.606713029303723,0.014903768057115463,0.6968193379956535,0.8251378824289465,-0.822070039634615,0.5029072056425209,0.6342896614467468,-0.0766815722916796
other,0,Qandala,9,0.3764660927812697,0.5172169805730362,-0.5056801332814935,0.46306035391344064,0.6674459533928706,-1.5073755094062369,0.40958900260717146,0.4280870272527265,-0.03145742203720436
other,0,Region 14,9,0.24876117706298828,0.2651778713334011,0.0,0.0,0.0,1.0,0.11111111111111109,0.1924500897298752,0.0
other,0,Sheka,9,0.07436712582906087,0.07693055613102776,0.0,0.0,0.0,1.0,0.007960634939486363,0.013788224175698374,0.0
other,0,Siaya,9,0.025379790200127497,0.027141267887499102,0.0,0.0,0.0,1.0,0.0,0.0,1.0
other,0,Sidama,9,0.45880345450513005,0.5260386293613503,-0.9973461476830094,0.5186954634512728,0.588396484738995,-1.498953645220384,0.29684375299192145,0.3510921708970086,0.11026566271157967
other,0,Siltie,9,0.27157079179979904,0.3565298857770495,-0.08588778585779044,0.4584807753106832,0.5164340077684497,-1.27836203245734,0.290665916603352,0.3549835769326089,-0.07648898538780857
other,0,South Eastern Tigray,9,0.9094964822570435,1.0481613097767626,0.2682022487357133,0.738525910711171,1.1047626988056605,0.1870331710678812,1.3360062518529077,1.5594809550382005,-0.6199252384231644
other,0,South Gondar,9,0.18943996535923613,0.2287828814390793,-0.12574465628832132,0.1750123609869506,0.24318190231388342,-0.27190696654523006,0.18652145210027882,0.23251845168269372,-0.1628071349050808
other,0,South Wello,9,0.379197614544639,0.4609885020365496,0.1606796301347625,0.4682960111187113,0.5521804226511587,-0.2042303994068897,0.4965617763776024,0.55531764640242,-0.21795298816876407
other,0,South West Shewa,9,0.10641792402464853,0.1225893724384079,-4.130577374967309,0.053313791469707224,0.08531969506416964,-1.4851876528256849,0.03036874206950367,0.05666938740747,-0.09637123843778617
other,0,Southern Tigray,10,0.8096998986052875,0.9353544751143879,0.15552581570063895,0.6181749690888166,0.7753662493532357,0.41970649931481974,1.044912710544158,1.2676886187034442,-0.5511689518100402
other,0,Taita Taveta,10,0.4309037862238142,0.5191499690039548,-0.33503419313268856,0.46563375701781223,0.6432355810960023,-1.0494949084601797,0.38742004593854,0.4466839530610232,0.011657602314031235
other,0,Tharaka-Nithi,10,0.3555278538048051,0.45850254558266057,-0.6137804808121283,0.3146407788134156,0.4953665055399752,-0.8837108194721215,0.4029438794157897,0.49619470558372464,-0.8900148126460259
other,0,Trans Nzoia,10,0.026454736484711684,0.028401047849931367,-8671.03891570638,0.00022873626109165546,0.0004176133663976365,-0.875,0.0007827436046194735,0.0012316542330009928,-15.309103866847003
other,0,Uasin Gishu,10,0.02189531922340393,0.024645705134081347,0.0,0.0,0.0,1.0,0.0,0.0,1.0
other,0,Vihiga,10,0.02506134510040283,0.026978540944234235,0.0,0.0,0.0,1.0,0.0,0.0,1.0
other,0,Wag Hamra,10,0.6838149007307507,0.8127031708244135,-0.04092487847845794,0.7201212608039412,0.9156680643695152,-0.32139182399195,0.6512984001811745,0.9130157624891347,-0.3137478877278461
other,0,Welayta,10,0.45096795330885825,0.49935258843842995,-1.3394092333492664,0.47351357809649075,0.5903041240838381,-2.269213047916307,0.24992772437216287,0.2934690057514214,0.19199123803520735
other,0,West Arsi,10,0.23213199023772657,0.30458417433991214,-0.5574101110690826,0.27205364788940256,0.3518996600858907,-1.0788636993828442,0.2526967497487278,0.2989465842020937,-0.5002910278331949
other,0,West Gojam,10,0.07927174568176269,0.08314503981920618,0.0,0.0,0.0,1.0,0.0,0.0,1.0
other,0,West Gondar,10,0.05706021433382689,0.06785751544960336,-698.6005151133888,0.002433851904576456,0.0031420892978532727,-0.4999999999999456,0.003511268483695207,0.004267749106595998,-1.7672727868400187
other,0,West Hararge,10,0.31253109297279724,0.36974683159742633,-0.04245377828942787,0.3611720360940471,0.4690734445629956,-0.6777590096323249,0.28753266400894667,0.35714871691514066,0.02737355427937993
other,0,West Shewa,10,0.08608500957489014,0.08729336866654794,0.0,0.0,0.0,1.0,0.04009496331873674,0.07276646987709441,0.0
other,0,West Wellega,10,0.0749934625454631,0.0774483134942401,-1.0579799065490905,0.017995758039542696,0.05690758362624138,-0.11111111111111116,0.017995758039542696,0.05690758362624138,-0.11111111111111116
other,0,Western Tigray,10,0.4955783961049843,0.6667691395882873,0.472544997857691,0.26195065932117456,0.46817669842874615,0.7399516977522884,0.9309616778574176,1.3070446469568964,-1.02682045671235
other,0,Yem Special,10,0.07863237857818603,0.07991772837964768,0.0,0.0,0.0,1.0,0.029268375090882114,0.053436497529328164,0.0
other,1,Agnewak,9,0.2615298336904666,0.3094513212618997,-12.830503747077122,0.04447739261772021,0.09435079778845935,-0.2857142857142858,0.10821627903452691,0.17203147501783578,-3.2743407594933505
other,1,Amaro,9,0.4660365846421983,0.5926156517389292,-1.0319041546830294,0.549968001176388,0.7380118113368388,-2.1512554376776585,0.42830453439208244,0.5393954727104344,-0.683338968172968
other,1,Arsi,9,0.21618402114485233,0.2795973730830032,-0.18187845398005553,0.2856970587237865,0.34285494379097153,-0.7771638651718844,0.2361148730556768,0.2828995505451884,-0.20996040014520378
other,1,Asosa,9,0.051526090134251384,0.05759188984665664,-12645.968514844144,0.0006990177944704455,0.0008366923546814787,-1.6692876603308955,0.03507345564552554,0.06017795355924882,-13807.248913199863
other,1,Awi,9,0.04150584008958605,0.04311129296767375,0.0,0.0,0.0,1.0,1.3412953278280071e-05,2.3231916557528616e-05,0.0
other,1,Banadir,9,0.14369996388753256,0.2025161016238373,0.5847456894037215,0.1111111111111111,0.3333333333333333,-0.125,0.5111111111111112,0.5981452814975454,-2.6225000000000005
other,1,Basketo,9,0.32799646589491105,0.4299596803996316,-0.8717614335397028,0.242737369875525,0.47540515749343054,-1.2883518956849542,0.3552186785657121,0.3785045467004688,-0.4505651302133893
other,1,Bench Sheko,9,0.043218652407328285,0.045119928017346864,0.0,0.0,0.0,1.0,0.0038007368907631753,0.006583069401003181,0.0
other,1,Bomet,9,0.022791345914204914,0.025505138563904864,0.0,0.0,0.0,1.0,0.0,0.0,1.0
other,1,Bossaso,9,0.38211601121256555,0.4859017928642055,-0.1342280006132881,0.5329253881748127,0.6840548783940469,-1.2479427697612975,0.376682682693506,0.44614041751362216,0.043804930016113075
other,1,Bungoma,9,0.025324304898579914,0.028385048215434555,0.0,0.0,0.0,1.0,0.007923229191443726,0.013723435519593409,0.0
other,1,Buno Bedele,9,0.049555553330315485,0.05305207659531338,0.0,0.0,0.0,1.0,0.005238114329571664,0.009072680154672708,0.0
other,1,Burji,9,0.6365207433700562,0.724302385981366,-1.1246864826701137,0.6666666666666666,0.816496580927726,-1.7000000000000006,0.497371927045609,0.6905687632063545,-0.9313851277012348
other,1,Busia,9,0.030391322241889104,0.03821444048871781,0.0,0.0,0.0,1.0,0.0015041532913551887,0.0026052699229991397,0.0
other,1,Caluula,9,0.377676526705424,0.4756333928434631,-0.30888550538646564,0.4444444444444444,0.6666666666666666,-1.5714285714285716,0.4079166675666866,0.4252260433872325,-0.04615658756825769
other,1,Central Gondar,9,0.16869775238059628,0.1998144730980404,-1.8070845578960646,0.1582932659446925,0.20364055867710829,-1.9156149636870436,0.10678465315653368,0.13915331759640795,-0.3614093867670647
other,1,Central Tigray,9,0.8280716105517691,1.041543940020097,0.3487832512156267,0.5133107231147181,0.8976179656017456,0.5163252214492726,1.4159798705729303,1.6864633509726463,-0.7073563911528984
other,1,Dawuro,9,0.5492936929210376,0.6275796881330079,-0.29665679442902637,0.6106110104340361,0.7444767599081752,-0.8246920175386412,0.536214226557127,0.6274237492064138,-0.2960124964964954
other,1,Derashe,9,0.6900899145338271,0.809680838269951,-1.6551113924391987,0.6666666666666666,0.816496580927726,-1.7000000000000006,0.5654289311572815,0.7340805528375002,-1.1824407451195502
other,1,Dire Dawa rural,9,0.35607851876152885,0.4285387180737502,-0.06252000456798212,0.11735971137114884,0.33386002479781673,0.35510972794300677,0.3452019607456137,0.45698462559091013,-0.20825934215311515
other,1,Dire Dawa urban,9,0.45263732804192436,0.5489927758778999,-2.0516048131569846,0.3333333333333333,0.5773502691896257,-2.3749999999999996,1.083085469915987,1.1493731501806397,-12.375718713356191
other,1,East Gojam,9,0.11724793888058599,0.13957631130636453,-1.9237779373567183,0.11142253344624106,0.1342505565979692,-1.7049120032317027,0.09631953909158297,0.09946644953807944,-0.48482128075980424
other,1,East Shewa,9,0.18606000257414584,0.2049047972790436,-0.158424381431437,0.19917439565979078,0.2473393181742931,-0.6879118238977664,0.13971760192472157,0.19243963843067657,-0.021768480446626715
other,1,East Wellega,9,0.08115635287389374,0.09402593921243736,-4.838566808158444,0.014913349892300741,0.04141877942580265,-0.1329362854660634,0.06768317885410578,0.09711426454753928,-5.22840643475856
other,1,Eastern Tigray,9,0.9145473243454888,1.016482657514937,0.15859893389951552,0.6658935631867947,0.9160275857071871,0.3166861618189244,1.2408095800308683,1.5031406000102372,-0.8399343259988648
other,1,Elgeyo Marakwet,9,0.08495844735039605,0.14087834771621788,0.0,0.0,0.0,1.0,0.03822869292343226,0.06568889103924046,0.0
other,1,Embu,9,0.17049825463911572,0.21484861556174492,-0.7106352475670157,0.09769322507683682,0.18861016966750835,-0.31832506362628754,0.14258958919493528,0.1840929067456097,-0.25593281415796776
other,1,Finfine Special,9,0.16479278854689886,0.21871122302535734,-2.9878661078938737,0.058541893152679575,0.12418610889527412,-0.2857142857142856,0.06195231461409451,0.12225269659524156,-0.2459922038211806
other,1,Gamo,9,0.6004852021892639,0.732268716705213,-0.8656627742320713,0.642310806954262,0.8097945781663873,-1.2816126364718965,0.4661709678165447,0.5177016048501771,0.0674949195020681
other,1,Gedeo,9,0.4661282747845703,0.5732505482941397,-0.26600439731327885,0.5141574889945415,0.6216656646254473,-0.48888110823093633,0.3834140668686139,0.511426099457329,-0.007655388218765102
other,1,Gofa,9,0.4102212694404176,0.4413887382342554,-1.1124141408191055,0.40181732686122573,0.5226272989878405,-1.9615614723801404,0.2407405049660395,0.28899460563125284,0.09444247829819596
other,1,Guraghe,9,0.16401674023788262,0.19746444943935865,0.00479847033406422,0.11856684467979621,0.18544424218611383,0.12227209734772415,0.23601818974968905,0.24565926419635448,-0.5402793425391184
other,1,Hadiya,9,0.4108557383960151,0.4923470352490966,-0.8710835463647151,0.5348498781684847,0.6159243744803568,-1.9282308234080197,0.33573115525957253,0.38052214390270916,-0.11766176865785627
other,1,Halaba,9,0.2583268201423406,0.28232930310757787,-0.5619526527618832,0.2546857551698925,0.3818105406344787,-1.856615447186496,0.1622397462286052,0.27621169531736667,-0.49499616876920505
other,1,Harari,9,0.2782678074306912,0.29600277977041284,-9.124583188839663,0.0318920091459467,0.07751123612670546,0.305751580198276,0.1544929437850429,0.18480164900508336,-2.946365068957868
other,1,Homa Bay,9,0.023618790838453505,0.027244695599864182,0.0,0.0,0.0,1.0,0.0,0.0,1.0
other,1,Horo Gudru Wellega,9,0.04361512925889757,0.04565465718705769,0.0,0.0,0.0,1.0,0.0010103749593422713,0.001455749306701479,0.0
other,1,Ilu Aba Bora,9,0.045811971028645836,0.047496869785518,0.0,0.00019192194817590428,0.0005757658445277128,0.0,0.00043646799523688884,0.00043651739613441464,0.0
other,1,Itang Special woreda,9,0.04245950116051568,0.04471334619552752,0.0,0.0,0.0,1.0,0.12917641821300418,0.22374011948468892,0.0
other,1,Jamaame,9,0.4919615568624963,0.6040119265596754,-1.3918675058255459,0.34596041998294363,0.5062800502868421,-0.6804582214940256,0.7276850306735798,0.8684110737035541,-3.9442087202964116
other,1,Jimma,9,0.06823670864105225,0.07391477265354505,0.0,0.0,0.0,1.0,0.00019851320002365705,0.0003438349484140573,0.0
other,1,Kakamega,9,0.02462633450826009,0.02784750500993678,0.0,0.0,0.0,1.0,0.0,0.0,1.0
other,1,Kamashi,9,0.30778832299936676,0.38758109638541605,0.3506458450780424,0.1749506134569035,0.33585094406925403,0.5124158305943836,0.4365768480540782,0.5203108962403766,-0.17025981348229813
other,1,Kefa,9,0.04348399904039171,0.0450889114682031,0.0,0.0,0.0,1.0,0.00021449582030993083,0.0003715176587879645,0.0
other,1,Kellem Wollega,9,0.1055418269188311,0.12216551269981993,-1.3550097085861368,0.05038955449724855,0.09329273638537361,-0.37338127299745816,0.07299326041157965,0.08991407762047039,-0.27570672464319657
other,1,Kembata Tembaro,9,0.4419724892782727,0.5671851424811425,-0.8253434343810948,0.6042806828465133,0.705064565062564,-1.820672558209889,0.5257901862917185,0.6146330741938275,-1.143516096876735
other,1,Kericho,9,0.023553888003031414,0.026265304234720625,0.0,0.0,0.0,1.0,0.0,0.0,1.0
other,1,Kiambu,9,0.1440728365156151,0.18673216027453918,-11.744007693231852,0.036987170664422475,0.07846163758115182,-1.2500000000000004,0.07170825893132575,0.10758028975950425,-3.2299302034456305
other,1,Kilifi,9,0.3047262779591279,0.32212931573944553,-0.9702213649562554,0.12267258981795212,0.2602221701242131,-0.285710269389263,0.2895770591703543,0.3472724874831434,-1.289788025169193
other,1,Kirinyaga,9,0.0861537324057685,0.14744050063826525,0.0,0.0,0.0,1.0,0.03787846745036368,0.06560743013687384,0.0
other,1,Kisii,9,0.02346491813659668,0.026365121300033035,0.0,0.0,0.0,1.0,0.0,0.0,1.0
other,1,Kisumu,9,0.026156147321065266,0.03190020672215651,0.0,0.0,0.0,1.0,0.0,0.0,1.0
other,1,Kitui,9,0.5343550879210633,0.7053028049069364,-0.3149092945834049,0.49438727272725225,0.8290140792976222,-0.8166379643855821,0.5457156113500948,0.5948192854865041,0.06477812780666237
other,1,Konso,9,0.5424017225769043,0.658898248562114,-0.9129812465005802,0.39689544193903425,0.5923875344844434,-0.5462717751640562,0.5143722723131788,0.6800070782067928,-1.0375152731398645
other,1,Konta Special,9,0.04209536976284451,0.04409054863438497,0.0,0.0007099746971127462,0.0021299240913382387,0.0,0.0371279327488887,0.05553638718796964,0.0
other,1,Kwale,9,0.33399557171252986,0.3607159049121886,-424465845.57476723,1.650698113062374e-05,2.4760471695935614e-05,-1.0000000000000004,0.4069036790520604,0.4628325293789377,-698811297.0662334
other,1,Machakos,9,0.11584834805679312,0.17897127279934452,-4139.51053279219,0.0024395723929447025,0.003759580384940956,-0.8271154520611945,0.4154542545358665,0.47943043425965004,-29711.44833386396
other,1,Majang,9,0.042196843359205455,0.043433385502910066,0.0,0.0,0.0,1.0,0.0224453088870414,0.03887641538393296,0.0
other,1,Makueni,9,0.47838844971446964,0.6016642219492583,-0.19000140298686108,0.4452729647012073,0.6947705700708928,-0.586799033427013,0.5125532061137604,0.5868203508616977,-0.13200783588271015
other,1,Mao Komo Special,9,0.06322550789666732,0.07483023928345496,-272.01194192979716,0.0024207630944621528,0.004528833057012029,0.0,0.003792528847990701,0.004621692599298859,-0.04142857142857026
other,1,Marka,9,0.5666173290578865,0.6593866363135701,-0.39323756603298476,0.7005851652247822,0.8631382311388723,-1.3872923165928976,0.5037589040638619,0.5690331679035481,-0.037576331548057285
other,1,Mekelle Tigray,9,0.6379809939189541,0.8147859949023094,0.06584287209410133,0.5850888477393474,0.8866763884968858,-0.10627502622402996,0.9351611008237258,1.0806293465733596,-0.6431845241612397
other,1,Meru,9,0.4040869464091321,0.5278296205354015,-0.46549301476009974,0.40280782094509016,0.636625316544368,-1.1318863391827327,0.3853692674928828,0.4827199381487165,-0.22570712549880456
other,1,Metekel,9,0.2278906902076893,0.357186204979272,0.21899764945946965,0.21614930393873652,0.458305827676447,-0.2858009587005572,0.21773797142489432,0.4584211662639279,-0.28644821700938894
other,1,Migori,9,0.022362907727559406,0.025240637182368218,0.0,0.0,0.0,1.0,0.0029463931277963575,0.0051033025964150715,0.0
other,1,Mirab Omo,9,0.08390160543343919,0.12609045534027802,-5.536493521131529,0.01756740153594362,0.05219533718494124,-0.12006654071399803,0.02800856926500608,0.05524977734210544,-0.2549934905776514
other,1,Mombasa,9,0.31472884983599975,0.4256916124924135,-0.8573092757321552,0.2222222222222222,0.4675618289525798,-1.2406402786308166,0.22154010919744038,0.38138753653617,-0.4908262608103504
other,1,Muranga,9,0.08682068188985188,0.14778410787682586,0.0,0.0,0.0,1.0,0.04094244310749636,0.07091439164818188,0.0
other,1,Nairobi,9,0.29516939819385074,0.4223220636540794,-0.8237237472785501,0.22113080489362869,0.4690892750085727,-1.25,0.22169796532858146,0.38350190815958657,-0.5038570955702788
other,1,Nakuru,9,0.08619647555881077,0.1410826593823426,0.0,0.0,0.0,1.0,0.000641992721377734,0.0007223262554970991,0.0
other,1,Nandi,9,0.024636149406433105,0.02774611434380894,0.0,0.0,0.0,1.0,0.0,0.0,1.0
other,1,North Gondar,9,0.5091424407303896,0.5661459674888534,-0.0645500404706505,0.5991870983345409,0.7366525752567773,-0.8023314750444259,0.35501374054331564,0.49396843727464745,0.18958467631519083
other,1,North Shewa (AM),9,0.2430501161800344,0.2799731919066936,0.27497317590190695,0.3437349178482627,0.4357671595933077,-0.7564272763810618,0.32519104938150584,0.38541207998648214,-0.37395282916073946
other,1,North Shewa (OR),9,0.10436869378216006,0.13562860239730684,0.5588206396741506,0.09928494013489196,0.1867528410753343,0.16353639649237794,0.35872590456362397,0.3696969762886609,-2.2779657437384393
other,1,North Wello,9,0.550723464283255,0.7621693288209086,0.23997651412691234,0.6374333313173509,0.7804700042859433,0.20304002633246454,0.6971333576871283,0.8882596728457491,-0.03229534272226231
other,1,North Western Tigray,9,0.8613679916209721,1.1107866925695553,0.2773779068036225,0.42824669713201985,0.8021106118463425,0.6231934676552287,1.4130569921873566,1.771550434745172,-0.8380483901002211
other,1,Nyamira,9,0.022566927803887263,0.025429452638736565,0.0,0.0,0.0,1.0,0.0,0.0,1.0
other,1,Nyandarua,9,0.09766889341506649,0.17320876684126577,-127.4167090713635,0.0036026564455699083,0.010807969336709725,0.5,0.04166170159295193,0.058630627679418415,-13.714004475823877
other,1,Nyeri,9,0.18943840188764227,0.2576786168980535,-3.805301574125181,0.05256940411893475,0.11151654640630435,0.10000000000000009,0.1385763321898436,0.15001547193504478,-0.6286808587506421
other,1,Oromia,9,0.44523023786249755,0.543514281070666,0.20944164234502904,0.6968193379956535,0.8251378824289465,-0.822070039634615,0.5029072056425209,0.6342896614467468,-0.0766815722916796
other,1,Qandala,9,0.36486101546159466,0.4710226015183572,-0.2487360926983504,0.46306035391344064,0.6674459533928706,-1.5073755094062369,0.40958900260717146,0.4280870272527265,-0.03145742203720436
other,1,Region 14,9,0.1537874142328898,0.18721924728706935,0.0,0.0,0.0,1.0,0.11111111111111109,0.1924500897298752,0.0
other,1,Sheka,9,0.044102734989590116,0.04598962378091433,0.0,0.0,0.0,1.0,0.007960634939486363,0.013788224175698374,0.0
other,1,Siaya,9,0.024107946289910212,0.027162899460593547,0.0,0.0,0.0,1.0,0.0,0.0,1.0
other,1,Sidama,9,0.36014637629196816,0.4294218467786216,-0.3310253654647666,0.5186954634512728,0.588396484738995,-1.498953645220384,0.29684375299192145,0.3510921708970086,0.11026566271157967
other,1,Siltie,9,0.2889345409210028,0.39602961664128056,-0.33982599267888003,0.4584807753106832,0.5164340077684497,-1.27836203245734,0.290665916603352,0.3549835769326089,-0.07648898538780857
other,1,South Eastern Tigray,9,0.9888707028931994,1.1504832604315411,0.1183515889225325,0.738525910711171,1.1047626988056605,0.1870331710678812,1.3360062518529077,1.5594809550382005,-0.6199252384231644
other,1,South Gondar,9,0.13331311580626568,0.16523365340201046,0.4127948524174214,0.1750123609869506,0.24318190231388342,-0.27190696654523006,0.18652145210027882,0.23251845168269372,-0.1628071349050808
other,1,South Wello,9,0.335077600300876,0.4165592974788672,0.31466763639412276,0.4682960111187113,0.5521804226511587,-0.2042303994068897,0.4965617763776024,0.55531764640242,-0.21795298816876407
other,1,South West Shewa,9,0.12042910839913991,0.1506212155837458,-6.745204596553148,0.053313791469707224,0.08531969506416964,-1.4851876528256849,0.03036874206950367,0.05666938740747,-0.09637123843778617
other,1,Southern Tigray,10,0.8289526491155843,0.9804526219867,0.07212997420522982,0.6181749690888166,0.7753662493532357,0.41970649931481974,1.044912710544158,1.2676886187034442,-0.5511689518100402
other,1,Taita Taveta,10,0.4524380503114912,0.5271465693138166,-0.37647869290209557,0.46563375701781223,0.6432355810960023,-1.0494949084601797,0.38742004593854,0.4466839530610232,0.011657602314031235
other,1,Tharaka-Nithi,10,0.3349025161901418,0.4400359520698255,-0.4864054111545544,0.3146407788134156,0.4953665055399752,-0.8837108194721215,0.4029438794157897,0.49619470558372464,-0.8900148126460259
other,1,Trans Nzoia,10,0.02955026794833473,0.03508439908752512,-13232.678389086142,0.00022873626109165546,0.0004176133663976365,-0.875,0.0007827436046194735,0.0012316542330009928,-15.309103866847003
other,1,Uasin Gishu,10,0.027217841148376463,0.030711910735182292,0.0,0.0,0.0,1.0,0.0,0.0,1.0
other,1,Vihiga,10,0.02493354082107544,0.027503935100463468,0.0,0.0,0.0,1.0,0.0,0.0,1.0
other,1,Wag Hamra,10,0.668156927441261,0.8602546651424183,-0.1662980594206025,0.7201212608039412,0.9156680643695152,-0.32139182399195,0.6512984001811745,0.9130157624891347,-0.3137478877278461
other,1,Welayta,10,0.3740385390365499,0.4278026585274202,-0.717032624525181,0.47351357809649075,0.5903041240838381,-2.269213047916307,0.24992772437216287,0.2934690057514214,0.19199123803520735
other,1,West Arsi,10,0.24147452436907538,0.32234940838215215,-0.7443839257025588,0.27205364788940256,0.3518996600858907,-1.0788636993828442,0.2526967497487278,0.2989465842020937,-0.5002910278331949
other,1,West Gojam,10,0.04456295967102051,0.04759643273595058,0.0,0.0,0.0,1.0,0.0,0.0,1.0
other,1,West Gondar,10,0.05362206507572624,0.060854874135953134,-561.658584287202,0.002433851904576456,0.0031420892978532727,-0.4999999999999456,0.003511268483695207,0.004267749106595998,-1.7672727868400187
other,1,West Hararge,10,0.3261872681093634,0.39481244231031415,-0.18858308923823808,0.3611720360940471,0.4690734445629956,-0.6777590096323249,0.28753266400894667,0.35714871691514066,0.02737355427937993
other,1,West Shewa,10,0.047938060760498044,0.052643043729780147,0.0,0.0,0.0,1.0,0.04009496331873674,0.07276646987709441,0.0
other,1,West Wellega,10,0.05189151285369065,0.057654823697596454,-0.1404821618990273,0.017995758039542696,0.05690758362624138,-0.11111111111111116,0.017995758039542696,0.05690758362624138,-0.11111111111111116
other,1,Western Tigray,10,0.49885751583498,0.6701017544265738,0.46725921856618347,0.26195065932117456,0.46817669842874615,0.7399516977522884,0.9309616778574176,1.3070446469568964,-1.02682045671235
other,1,Yem Special,10,0.052837920188903806,0.06228494978926374,0.0,0.0,0.0,1.0,0.029268375090882114,0.053436497529328164,0.0
other,2,Agnewak,9,0.27354077890463224,0.3270871680645463,-14.451844513822488,0.04447739261772021,0.09435079778845935,-0.2857142857142858,0.10821627903452691,0.17203147501783578,-3.2743407594933505
other,2,Amaro,9,0.49270134501987034,0.6067172582659269,-1.1297551678354005,0.549968001176388,0.7380118113368388,-2.1512554376776585,0.42830453439208244,0.5393954727104344,-0.683338968172968
other,2,Arsi,9,0.2434221283063494,0.3252190693370538,-0.599037494499175,0.2856970587237865,0.34285494379097153,-0.7771638651718844,0.2361148730556768,0.2828995505451884,-0.20996040014520378
other,2,Asosa,9,0.05872288739919821,0.07479636072284458,-21330.662920979776,0.0006990177944704455,0.0008366923546814787,-1.6692876603308955,0.03507345564552554,0.06017795355924882,-13807.248913199863
other,2,Awi,9,0.02895045280456543,0.029204712179440113,0.0,0.0,0.0,1.0,1.3412953278280071e-05,2.3231916557528616e-05,0.0
other,2,Banadir,9,0.16948631074693468,0.2518178897966663,0.3579509725808343,0.1111111111111111,0.3333333333333333,-0.125,0.5111111111111112,0.5981452814975454,-2.6225000000000005
other,2,Basketo,9,0.2499593628777398,0.37343784540912967,-0.4119902218861071,0.242737369875525,0.47540515749343054,-1.2883518956849542,0.3552186785657121,0.3785045467004688,-0.4505651302133893
other,2,Bench Sheko,9,0.02689092689090305,0.02739790266212799,0.0,0.0,0.0,1.0,0.0038007368907631753,0.006583069401003181,0.0
other,2,Bomet,9,0.013756944073571099,0.015003481250775958,0.0,0.0,0.0,1.0,0.0,0.0,1.0
other,2,Bossaso,9,0.420790855848423,0.520425140130161,-0.3011276231268618,0.5329253881748127,0.6840548783940469,-1.2479427697612975,0.376682682693506,0.44614041751362216,0.043804930016113075
other,2,Bungoma,9,0.014536791377597384,0.01614090111765839,0.0,0.0,0.0,1.0,0.007923229191443726,0.013723435519593409,0.0
other,2,Buno Bedele,9,0.02990824646419949,0.03007547356324765,0.0,0.0,0.0,1.0,0.005238114329571664,0.009072680154672708,0.0
other,2,Burji,9,0.6800794733895196,0.8036420627605538,-1.6156542884040546,0.6666666666666666,0.816496580927726,-1.7000000000000006,0.497371927045609,0.6905687632063545,-0.9313851277012348
other,2,Busia,9,0.040959437688191734,0.06132402910307663,0.0,0.0,0.0,1.0,0.0015041532913551887,0.0026052699229991397,0.0
other,2,Caluula,9,0.3876596424314711,0.5089443375605505,-0.49864081696648266,0.4444444444444444,0.6666666666666666,-1.5714285714285716,0.4079166675666866,0.4252260433872325,-0.04615658756825769
other,2,Central Gondar,9,0.13917577050549457,0.17146415259428505,-1.06703716725682,0.1582932659446925,0.20364055867710829,-1.9156149636870436,0.10678465315653368,0.13915331759640795,-0.3614093867670647
other,2,Central Tigray,9,0.8299127318014978,1.0601756695202502,0.3252761912279646,0.5133107231147181,0.8976179656017456,0.5163252214492726,1.4159798705729303,1.6864633509726463,-0.7073563911528984
other,2,Dawuro,9,0.563238689648875,0.6438165938571403,-0.3646196296502189,0.6106110104340361,0.7444767599081752,-0.8246920175386412,0.536214226557127,0.6274237492064138,-0.2960124964964954
other,2,Derashe,9,0.707727763387892,0.830679035052644,-1.7946120200677664,0.6666666666666666,0.816496580927726,-1.7000000000000006,0.5654289311572815,0.7340805528375002,-1.1824407451195502
other,2,Dire Dawa rural,9,0.5205455223719279,0.6437559249265777,-1.3977254972231403,0.11735971137114884,0.33386002479781673,0.35510972794300677,0.3452019607456137,0.45698462559091013,-0.20825934215311515
other,2,Dire Dawa urban,9,0.32884947458902997,0.43837471405152384,-0.945745447937522,0.3333333333333333,0.5773502691896257,-2.3749999999999996,1.083085469915987,1.1493731501806397,-12.375718713356191
other,2,East Gojam,9,0.10948499020860927,0.1267147174450651,-1.4097670971127219,0.11142253344624106,0.1342505565979692,-1.7049120032317027,0.09631953909158297,0.09946644953807944,-0.48482128075980424
other,2,East Shewa,9,0.20995372253776648,0.2425672029330357,-0.6234076852724557,0.19917439565979078,0.2473393181742931,-0.6879118238977664,0.13971760192472157,0.19243963843067657,-0.021768480446626715
other,2,East Wellega,9,0.0629051457341368,0.07587954255484713,-2.8024218917311434,0.014913349892300741,0.04141877942580265,-0.1329362854660634,0.06768317885410578,0.09711426454753928,-5.22840643475856
other,2,Eastern Tigray,9,0.9200484621849121,1.0258274064790658,0.1430574519765062,0.6658935631867947,0.9160275857071871,0.3166861618189244,1.2408095800308683,1.5031406000102372,-0.8399343259988648
other,2,Elgeyo Marakwet,9,0.02426168653700087,0.027267073137879745,0.0,0.0,0.0,1.0,0.03822869292343226,0.06568889103924046,0.0
other,2,Embu,9,0.11699593884410502,0.14947448185907494,0.17200748531050347,0.09769322507683682,0.18861016966750835,-0.31832506362628754,0.14258958919493528,0.1840929067456097,-0.25593281415796776
other,2,Finfine Special,9,0.09499600117897217,0.13064844605491788,-0.42300664237393626,0.058541893152679575,0.12418610889527412,-0.2857142857142856,0.06195231461409451,0.12225269659524156,-0.2459922038211806
other,2,Gamo,9,0.6050495934618394,0.7242876241481484,-0.8252161928999213,0.642310806954262,0.8097945781663873,-1.2816126364718965,0.4661709678165447,0.5177016048501771,0.0674949195020681
other,2,Gedeo,9,0.4082630374239955,0.5164611576293615,-0.027594060312623014,0.5141574889945415,0.6216656646254473,-0.48888110823093633,0.3834140668686139,0.511426099457329,-0.007655388218765102
other,2,Gofa,9,0.48552706187464995,0.5301672229526412,-2.0476305507297097,0.40181732686122573,0.5226272989878405,-1.9615614723801404,0.2407405049660395,0.28899460563125284,0.09444247829819596
other,2,Guraghe,9,0.18597073891619303,0.22805379647311216,-0.32741832999144527,0.11856684467979621,0.18544424218611383,0.12227209734772415,0.23601818974968905,0.24565926419635448,-0.5402793425391184
other,2,Hadiya,9,0.4208891826756029,0.5269139525425408,-1.1430382521279725,0.5348498781684847,0.6159243744803568,-1.9282308234080197,0.33573115525957253,0.38052214390270916,-0.11766176865785627
other,2,Halaba,9,0.3513634585081921,0.3971506280970137,-2.0907683774973016,0.2546857551698925,0.3818105406344787,-1.856615447186496,0.1622397462286052,0.27621169531736667,-0.49499616876920505
other,2,Harari,9,0.39963727527194554,0.44173257372719216,-21.547813053156275,0.0318920091459467,0.07751123612670546,0.305751580198276,0.1544929437850429,0.18480164900508336,-2.946365068957868
other,2,Homa Bay,9,0.01578060785929362,0.016582061666054016,0.0,0.0,0.0,1.0,0.0,0.0,1.0
other,2,Horo Gudru Wellega,9,0.02958589129977756,0.02993444979800702,0.0,0.0,0.0,1.0,0.0010103749593422713,0.001455749306701479,0.0
other,2,Ilu Aba Bora,9,0.030054344071282282,0.03054573656561712,0.0,0.00019192194817590428,0.0005757658445277128,0.0,0.00043646799523688884,0.00043651739613441464,0.0
other,2,Itang Special woreda,9,0.041897071732415095,0.054890013780290126,0.0,0.0,0.0,1.0,0.12917641821300418,0.22374011948468892,0.0
other,2,Jamaame,9,0.502074292822715,0.6042490789392034,-1.393746105907213,0.34596041998294363,0.5062800502868421,-0.6804582214940256,0.7276850306735798,0.8684110737035541,-3.9442087202964116
other,2,Jimma,9,0.02913245889875624,0.029777324117384603,0.0,0.0,0.0,1.0,0.00019851320002365705,0.0003438349484140573,0.0
other,2,Kakamega,9,0.014172077178955078,0.015743611379396852,0.0,0.0,0.0,1.0,0.0,0.0,1.0
other,2,Kamashi,9,0.27587371008168793,0.32702347585760266,0.5377102009013923,0.1749506134569035,0.33585094406925403,0.5124158305943836,0.4365768480540782,0.5203108962403766,-0.17025981348229813
other,2,Kefa,9,0.02783964739905463,0.028574690143952013,0.0,0.0,0.0,1.0,0.00021449582030993083,0.0003715176587879645,0.0
other,2,Kellem Wollega,9,0.1067528078639944,0.13181697734258724,-1.7418150464419777,0.05038955449724855,0.09329273638537361,-0.37338127299745816,0.07299326041157965,0.08991407762047039,-0.27570672464319657
other,2,Kembata Tembaro,9,0.46709350366935415,0.6045616762283549,-1.073844183519011,0.6042806828465133,0.705064565062564,-1.820672558209889,0.5257901862917185,0.6146330741938275,-1.143516096876735
other,2,Kericho,9,0.011638840039571127,0.013800794011768328,0.0,0.0,0.0,1.0,0.0,0.0,1.0
other,2,Kiambu,9,0.05868069252435669,0.07904955132480682,-1.2838448664185922,0.036987170664422475,0.07846163758115182,-1.2500000000000004,0.07170825893132575,0.10758028975950425,-3.2299302034456305
other,2,Kilifi,9,0.27854083164378635,0.3102222949689204,-0.8272607971562549,0.12267258981795212,0.2602221701242131,-0.285710269389263,0.2895770591703543,0.3472724874831434,-1.289788025169193
other,2,Kirinyaga,9,0.01860221227010091,0.020198018396318566,0.0,0.0,0.0,1.0,0.03787846745036368,0.06560743013687384,0.0
other,2,Kisii,9,0.01440119743347168,0.015698293020164955,0.0,0.0,0.0,1.0,0.0,0.0,1.0
other,2,Kisumu,9,0.01357722282409668,0.015351965223832541,0.0,0.0,0.0,1.0,0.0,0.0,1.0
other,2,Kitui,9,0.5205411551843486,0.6617463642821284,-0.15751786100099952,0.49438727272725225,0.8290140792976222,-0.8166379643855821,0.5457156113500948,0.5948192854865041,0.06477812780666237
other,2,Konso,9,0.5894190982050578,0.7246295421472321,-1.3136948375207012,0.39689544193903425,0.5923875344844434,-0.5462717751640562,0.5143722723131788,0.6800070782067928,-1.0375152731398645
other,2,Konta Special,9,0.027206023534138996,0.02829474786030585,0.0,0.0007099746971127462,0.0021299240913382387,0.0,0.0371279327488887,0.05553638718796964,0.0
other,2,Kwale,9,0.3381291140912734,0.37536232970898586,-459635473.1961018,1.650698113062374e-05,2.4760471695935614e-05,-1.0000000000000004,0.4069036790520604,0.4628325293789377,-698811297.0662334
other,2,Machakos,9,0.0614230025299919,0.07719210532831307,-769.2523151096008,0.0024395723929447025,0.003759580384940956,-0.8271154520611945,0.4154542545358665,0.47943043425965004,-29711.44833386396
other,2,Majang,9,0.0235545900132921,0.023923262017572573,0.0,0.0,0.0,1.0,0.0224453088870414,0.03887641538393296,0.0
other,2,Makueni,9,0.4585734286234323,0.5714097186592535,-0.07333266124507087,0.4452729647012073,0.6947705700708928,-0.586799033427013,0.5125532061137604,0.5868203508616977,-0.13200783588271015
other,2,Mao Komo Special,9,0.07266720152052801,0.09743533070667329,-461.87135303946826,0.0024207630944621528,0.004528833057012029,0.0,0.003792528847990701,0.004621692599298859,-0.04142857142857026
other,2,Marka,9,0.5635937178831971,0.6679436278412745,-0.42963283995761836,0.7005851652247822,0.8631382311388723,-1.3872923165928976,0.5037589040638619,0.5690331679035481,-0.037576331548057285
other,2,Mekelle Tigray,9,0.6304094556295661,0.8142398413216965,0.06709478921439804,0.5850888477393474,0.8866763884968858,-0.10627502622402996,0.9351611008237258,1.0806293465733596,-0.6431845241612397
other,2,Meru,9,0.3598667589668428,0.49610306792865544,-0.29461329280467385,0.40280782094509016,0.636625316544368,-1.1318863391827327,0.3853692674928828,0.4827199381487165,-0.22570712549880456
other,2,Metekel,9,0.21977384889146614,0.36136828137805993,0.20060201997869398,0.21614930393873652,0.458305827676447,-0.2858009587005572,0.21773797142489432,0.4584211662639279,-0.28644821700938894
other,2,Migori,9,0.015592469109429253,0.01612314114437688,0.0,0.0,0.0,1.0,0.0029463931277963575,0.0051033025964150715,0.0
other,2,Mirab Omo,9,0.03631208821483215,0.039184127017271704,0.36875091724643816,0.01756740153594362,0.05219533718494124,-0.12006654071399803,0.02800856926500608,0.05524977734210544,-0.2549934905776514
other,2,Mombasa,9,0.2137074143103176,0.37459428322121874,-0.4381902215656637,0.2222222222222222,0.4675618289525798,-1.2406402786308166,0.22154010919744038,0.38138753653617,-0.4908262608103504
other,2,Muranga,9,0.01998644404941135,0.020600901686932644,0.0,0.0,0.0,1.0,0.04094244310749636,0.07091439164818188,0.0
other,2,Nairobi,9,0.2263572133302304,0.37720614631818467,-0.45488622591500216,0.22113080489362869,0.4690892750085727,-1.25,0.22169796532858146,0.38350190815958657,-0.5038570955702788
other,2,Nakuru,9,0.01956429084142049,0.023153351294315217,0.0,0.0,0.0,1.0,0.000641992721377734,0.0007223262554970991,0.0
other,2,Nandi,9,0.013136055734422471,0.014675903377849605,0.0,0.0,0.0,1.0,0.0,0.0,1.0
other,2,North Gondar,9,0.5408735429320635,0.6127626494319823,-0.24707856558611474,0.5991870983345409,0.7366525752567773,-0.8023314750444259,0.35501374054331564,0.49396843727464745,0.18958467631519083
other,2,North Shewa (AM),9,0.18892425534028862,0.2752044082547613,0.2994615940657075,0.3437349178482627,0.4357671595933077,-0.7564272763810618,0.32519104938150584,0.38541207998648214,-0.37395282916073946
other,2,North Shewa (OR),9,0.10327790929752016,0.13188718503544317,0.5828254449744974,0.09928494013489196,0.1867528410753343,0.16353639649237794,0.35872590456362397,0.3696969762886609,-2.2779657437384393
other,2,North Wello,9,0.5335064140030157,0.7861513926961372,0.19139494270154322,0.6374333313173509,0.7804700042859433,0.20304002633246454,0.6971333576871283,0.8882596728457491,-0.03229534272226231
other,2,North Western Tigray,9,0.9053627229942293,1.1768723904421463,0.18883603801535032,0.42824669713201985,0.8021106118463425,0.6231934676552287,1.4130569921873566,1.771550434745172,-0.8380483901002211
other,2,Nyamira,9,0.013891643948025174,0.014811829362406213,0.0,0.0,0.0,1.0,0.0,0.0,1.0
other,2,Nyandarua,9,0.02794783043695776,0.03634735538494403,-4.654932575950696,0.0036026564455699083,0.010807969336709725,0.5,0.04166170159295193,0.058630627679418415,-13.714004475823877
other,2,Nyeri,9,0.11933504796342081,0.14239869598903607,-0.4674925721605716,0.05256940411893475,0.11151654640630435,0.10000000000000009,0.1385763321898436,0.15001547193504478,-0.6286808587506421
other,2,Oromia,9,0.4713236886035237,0.5640438882555733,0.148591836193548,0.6968193379956535,0.8251378824289465,-0.822070039634615,0.5029072056425209,0.6342896614467468,-0.0766815722916796
other,2,Qandala,9,0.3918752842307529,0.48856637960835037,-0.3434896554734501,0.46306035391344064,0.6674459533928706,-1.5073755094062369,0.40958900260717146,0.4280870272527265,-0.03145742203720436
other,2,Region 14,9,0.03540751669141981,0.03620173769075355,0.0,0.0,0.0,1.0,0.11111111111111109,0.1924500897298752,0.0
other,2,Sheka,9,0.026379638248019747,0.026529929968227173,0.0,0.0,0.0,1.0,0.007960634939486363,0.013788224175698374,0.0
other,2,Siaya,9,0.01628047890133328,0.016990687248638704,0.0,0.0,0.0,1.0,0.0,0.0,1.0
other,2,Sidama,9,0.4431374597550012,0.5058542443420047,-0.8470083457223601,0.5186954634512728,0.588396484738995,-1.498953645220384,0.29684375299192145,0.3510921708970086,0.11026566271157967
other,2,Siltie,9,0.32691173089773334,0.4102584704485858,-0.4378321200018527,0.4584807753106832,0.5164340077684497,-1.27836203245734,0.290665916603352,0.3549835769326089,-0.07648898538780857
other,2,South Eastern Tigray,9,1.07470453054772,1.235215944732748,-0.016296896243623626,0.738525910711171,1.1047626988056605,0.1870331710678812,1.3360062518529077,1.5594809550382005,-0.6199252384231644
other,2,South Gondar,9,0.15974526458456062,0.1866920540081823,0.2503742248162303,0.1750123609869506,0.24318190231388342,-0.27190696654523006,0.18652145210027882,0.23251845168269372,-0.1628071349050808
other,2,South Wello,9,0.34602264227526164,0.4531017643058307,0.18915268466422985,0.4682960111187113,0.5521804226511587,-0.2042303994068897,0.4965617763776024,0.55531764640242,-0.21795298816876407
other,2,South West Shewa,9,0.06766628211536713,0.0853205964212217,-1.4852401624659795,0.053313791469707224,0.08531969506416964,-1.4851876528256849,0.03036874206950367,0.05666938740747,-0.09637123843778617
other,2,Southern Tigray,10,0.8537966876020651,1.02170014517767,-0.007582998958832077,0.6181749690888166,0.7753662493532357,0.41970649931481974,1.044912710544158,1.2676886187034442,-0.5511689518100402
other,2,Taita Taveta,10,0.401675158542082,0.49784473062761053,-0.22770649590905778,0.46563375701781223,0.6432355810960023,-1.0494949084601797,0.38742004593854,0.4466839530610232,0.011657602314031235
other,2,Tharaka-Nithi,10,0.3467394827186845,0.4372340204440666,-0.4675362865034911,0.3146407788134156,0.4953665055399752,-0.8837108194721215,0.4029438794157897,0.49619470558372464,-0.8900148126460259
other,2,Trans Nzoia,10,0.01966679264468483,0.021352672217188767,-4900.815464506998,0.00022873626109165546,0.0004176133663976365,-0.875,0.0007827436046194735,0.0012316542330009928,-15.309103866847003
other,2,Uasin Gishu,10,0.01918177604675293,0.02182519258035217,0.0,0.0,0.0,1.0,0.0,0.0,1.0
other,2,Vihiga,10,0.03624540567398071,0.056996748467947285,0.0,0.0,0.0,1.0,0.0,0.0,1.0
other,2,Wag Hamra,10,0.6470392613282584,0.883876640847554,-0.23122887770143197,0.7201212608039412,0.9156680643695152,-0.32139182399195,0.6512984001811745,0.9130157624891347,-0.3137478877278461
other,2,Welayta,10,0.43985756407622273,0.4914553736010836,-1.265999266235331,0.47351357809649075,0.5903041240838381,-2.269213047916307,0.24992772437216287,0.2934690057514214,0.19199123803520735
other,2,West Arsi,10,0.23231738452483594,0.2730777240705674,-0.25187472244775577,0.27205364788940256,0.3518996600858907,-1.0788636993828442,0.2526967497487278,0.2989465842020937,-0.5002910278331949
other,2,West Gojam,10,0.028018033504486083,0.028644797200318834,0.0,0.0,0.0,1.0,0.0,0.0,1.0
other,2,West Gondar,10,0.06662065792927238,0.08279983904250796,-1040.6293228092923,0.002433851904576456,0.0031420892978532727,-0.4999999999999456,0.003511268483695207,0.004267749106595998,-1.7672727868400187
other,2,West Hararge,10,0.28533665601905134,0.36653743947512873,-0.02443537966744791,0.3611720360940471,0.4690734445629956,-0.6777590096323249,0.28753266400894667,0.35714871691514066,0.02737355427937993
other,2,West Shewa,10,0.02940866947174072,0.029936495212757683,0.0,0.0,0.0,1.0,0.04009496331873674,0.07276646987709441,0.0
other,2,West Wellega,10,0.04159297464568283,0.05475351338028327,-0.028587361600660666,0.017995758039542696,0.05690758362624138,-0.11111111111111116,0.017995758039542696,0.05690758362624138,-0.11111111111111116
other,2,Western Tigray,10,0.49027510859888074,0.6440025515420129,0.5079495769751405,0.26195065932117456,0.46817669842874615,0.7399516977522884,0.9309616778574176,1.3070446469568964,-1.02682045671235
other,2,Yem Special,10,0.030860495567321778,0.031138183069827137,0.0,0.0,0.0,1.0,0.029268375090882114,0.053436497529328164,0.0
other,3,Agnewak,9,0.4447955329710995,0.4890298437661357,-33.540135962420244,0.04447739261772021,0.09435079778845935,-0.2857142857142858,0.10821627903452691,0.17203147501783578,-3.2743407594933505
other,3,Amaro,9,0.38305405775705975,0.4951855849079334,-0.4187078459678275,0.549968001176388,0.7380118113368388,-2.1512554376776585,0.42830453439208244,0.5393954727104344,-0.683338968172968
other,3,Arsi,9,0.25811556371736105,0.33300486837754845,-0.6765164048298196,0.2856970587237865,0.34285494379097153,-0.7771638651718844,0.2361148730556768,0.2828995505451884,-0.20996040014520378
other,3,Asosa,9,0.16253582036733785,0.1765454462085656,-118842.87869140449,0.0006990177944704455,0.0008366923546814787,-1.6692876603308955,0.03507345564552554,0.06017795355924882,-13807.248913199863
other,3,Awi,9,0.1235781643125746,0.13834515231219918,0.0,0.0,0.0,1.0,1.3412953278280071e-05,2.3231916557528616e-05,0.0
other,3,Banadir,9,0.20173346996307373,0.3208136575754497,-0.04207920423024625,0.1111111111111111,0.3333333333333333,-0.125,0.5111111111111112,0.5981452814975454,-2.6225000000000005
other,3,Basketo,9,0.37155433495839435,0.4417333595453923,-0.975674654469495,0.242737369875525,0.47540515749343054,-1.2883518956849542,0.3552186785657121,0.3785045467004688,-0.4505651302133893
other,3,Bench Sheko,9,0.12854349613189697,0.15054003322948184,0.0,0.0,0.0,1.0,0.0038007368907631753,0.006583069401003181,0.0
other,3,Bomet,9,0.011376698811848959,0.012026732369063788,0.0,0.0,0.0,1.0,0.0,0.0,1.0
other,3,Bossaso,9,0.4256967987315873,0.4608114996831078,-0.020116984521372228,0.5329253881748127,0.6840548783940469,-1.2479427697612975,0.376682682693506,0.44614041751362216,0.043804930016113075
other,3,Bungoma,9,0.019001669353908963,0.020088102197712114,0.0,0.0,0.0,1.0,0.007923229191443726,0.013723435519593409,0.0
other,3,Buno Bedele,9,0.1206899881362915,0.138946647179187,0.0,0.0,0.0,1.0,0.005238114329571664,0.009072680154672708,0.0
other,3,Burji,9,0.6003366576300727,0.7821565204157446,-1.4776637308369036,0.6666666666666666,0.816496580927726,-1.7000000000000006,0.497371927045609,0.6905687632063545,-0.9313851277012348
other,3,Busia,9,0.016250716315375432,0.01719797817311144,0.0,0.0,0.0,1.0,0.0015041532913551887,0.0026052699229991397,0.0
other,3,Caluula,9,0.3414297103881836,0.3941649126442772,0.10109683948931947,0.4444444444444444,0.6666666666666666,-1.5714285714285716,0.4079166675666866,0.4252260433872325,-0.04615658756825769
other,3,Central Gondar,9,0.2940153660583045,0.32181874310376507,-6.281557434932447,0.1582932659446925,0.20364055867710829,-1.9156149636870436,0.10678465315653368,0.13915331759640795,-0.3614093867670647
other,3,Central Tigray,9,0.9925721252180085,1.224212072555481,0.10032907624822751,0.5133107231147181,0.8976179656017456,0.5163252214492726,1.4159798705729303,1.6864633509726463,-0.7073563911528984
other,3,Dawuro,9,0.45379611122717634,0.5103775700860191,0.14242829801924373,0.6106110104340361,0.7444767599081752,-0.8246920175386412,0.536214226557127,0.6274237492064138,-0.2960124964964954
other,3,Derashe,9,0.69658539030287,0.8556498168571107,-1.9651532668048097,0.6666666666666666,0.816496580927726,-1.7000000000000006,0.5654289311572815,0.7340805528375002,-1.1824407451195502
other,3,Dire Dawa rural,9,0.4333094225989448,0.5237374251083408,-0.5870265805134505,0.11735971137114884,0.33386002479781673,0.35510972794300677,0.3452019607456137,0.45698462559091013,-0.20825934215311515
other,3,Dire Dawa urban,9,0.5165912840101454,0.5775385000264669,-2.3772010300048154,0.3333333333333333,0.5773502691896257,-2.3749999999999996,1.083085469915987,1.1493731501806397,-12.375718713356191
other,3,East Gojam,9,0.12356707784864637,0.16146628060194243,-2.9127728284063465,0.11142253344624106,0.1342505565979692,-1.7049120032317027,0.09631953909158297,0.09946644953807944,-0.48482128075980424
other,3,East Shewa,9,0.12999708504929536,0.1509629972020571,0.37121169394806197,0.19917439565979078,0.2473393181742931,-0.6879118238977664,0.13971760192472157,0.19243963843067657,-0.021768480446626715
other,3,East Wellega,9,0.1987917889658754,0.2106691746534617,-28.309801768683418,0.014913349892300741,0.04141877942580265,-0.1329362854660634,0.06768317885410578,0.09711426454753928,-5.22840643475856
other,3,Eastern Tigray,9,0.9982979829105862,1.1544727166591222,-0.08535161978946659,0.6658935631867947,0.9160275857071871,0.3166861618189244,1.2408095800308683,1.5031406000102372,-0.8399343259988648
other,3,Elgeyo Marakwet,9,0.05742500887976752,0.08209767801147277,0.0,0.0,0.0,1.0,0.03822869292343226,0.06568889103924046,0.0
other,3,Embu,9,0.1908483002671336,0.24927997170515004,-1.302857531463757,0.09769322507683682,0.18861016966750835,-0.31832506362628754,0.14258958919493528,0.1840929067456097,-0.25593281415796776
other,3,Finfine Special,9,0.20068175262875027,0.26364647932148233,-4.794852454502716,0.058541893152679575,0.12418610889527412,-0.2857142857142856,0.06195231461409451,0.12225269659524156,-0.2459922038211806
other,3,Gamo,9,0.5567620295776035,0.7067350479788072,-0.7378226059220954,0.642310806954262,0.8097945781663873,-1.2816126364718965,0.4661709678165447,0.5177016048501771,0.0674949195020681
other,3,Gedeo,9,0.4812627125546424,0.6038066319898452,-0.40456555666291716,0.5141574889945415,0.6216656646254473,-0.48888110823093633,0.3834140668686139,0.511426099457329,-0.007655388218765102
other,3,Gofa,9,0.4320429001798054,0.4757671588196153,-1.454287809831453,0.40181732686122573,0.5226272989878405,-1.9615614723801404,0.2407405049660395,0.28899460563125284,0.09444247829819596
other,3,Guraghe,9,0.15597247185721336,0.1863797076427281,0.1133944413447423,0.11856684467979621,0.18544424218611383,0.12227209734772415,0.23601818974968905,0.24565926419635448,-0.5402793425391184
other,3,Hadiya,9,0.3860142954626625,0.4901026638744992,-0.8540637025455036,0.5348498781684847,0.6159243744803568,-1.9282308234080197,0.33573115525957253,0.38052214390270916,-0.11766176865785627
other,3,Halaba,9,0.27754974302412516,0.2998022996542179,-0.7612697348812447,0.2546857551698925,0.3818105406344787,-1.856615447186496,0.1622397462286052,0.27621169531736667,-0.49499616876920505
other,3,Harari,9,0.31924418608347577,0.3504969617092599,-13.195610978344476,0.0318920091459467,0.07751123612670546,0.305751580198276,0.1544929437850429,0.18480164900508336,-2.946365068957868
other,3,Homa Bay,9,0.014890260166592069,0.01579181937352973,0.0,0.0,0.0,1.0,0.0,0.0,1.0
other,3,Horo Gudru Wellega,9,0.12065003977881537,0.13830015779023364,0.0,0.0,0.0,1.0,0.0010103749593422713,0.001455749306701479,0.0
other,3,Ilu Aba Bora,9,0.1252830425898234,0.14432912298174333,0.0,0.00019192194817590428,0.0005757658445277128,0.0,0.00043646799523688884,0.00043651739613441464,0.0
other,3,Itang Special woreda,9,0.140643040339152,0.1616104046988359,0.0,0.0,0.0,1.0,0.12917641821300418,0.22374011948468892,0.0
other,3,Jamaame,9,0.5097123027366725,0.5381951234646697,-0.8990028098381224,0.34596041998294363,0.5062800502868421,-0.6804582214940256,0.7276850306735798,0.8684110737035541,-3.9442087202964116
other,3,Jimma,9,0.18664775954352486,0.2414585680216493,0.0,0.0,0.0,1.0,0.00019851320002365705,0.0003438349484140573,0.0
other,3,Kakamega,9,0.01460809177822537,0.015270096908075258,0.0,0.0,0.0,1.0,0.0,0.0,1.0
other,3,Kamashi,9,0.4376472857585,0.5099280080051891,-0.12402037251018805,0.1749506134569035,0.33585094406925403,0.5124158305943836,0.4365768480540782,0.5203108962403766,-0.17025981348229813
other,3,Kefa,9,0.11993718147277832,0.14174654909667814,0.0,0.0,0.0,1.0,0.00021449582030993083,0.0003715176587879645,0.0
other,3,Kellem Wollega,9,0.18382105724855657,0.2051943275721363,-5.643947005750602,0.05038955449724855,0.09329273638537361,-0.37338127299745816,0.07299326041157965,0.08991407762047039,-0.27570672464319657
other,3,Kembata Tembaro,9,0.360968566660788,0.5236797345990187,-0.5560603334313123,0.6042806828465133,0.705064565062564,-1.820672558209889,0.5257901862917185,0.6146330741938275,-1.143516096876735
other,3,Kericho,9,0.011408872074551053,0.012133909638736048,0.0,0.0,0.0,1.0,0.0,0.0,1.0
other,3,Kiambu,9,0.09282721335090834,0.12116747946472477,-4.365867315310962,0.036987170664422475,0.07846163758115182,-1.2500000000000004,0.07170825893132575,0.10758028975950425,-3.2299302034456305
other,3,Kilifi,9,0.2932500859886634,0.34594649398142907,-1.2723351747843172,0.12267258981795212,0.2602221701242131,-0.285710269389263,0.2895770591703543,0.3472724874831434,-1.289788025169193
other,3,Kirinyaga,9,0.048720730675591364,0.07429806596790371,0.0,0.0,0.0,1.0,0.03787846745036368,0.06560743013687384,0.0
other,3,Kisii,9,0.014781369103325738,0.016156388940423892,0.0,0.0,0.0,1.0,0.0,0.0,1.0
other,3,Kisumu,9,0.013767335149976943,0.0141448753292554,0.0,0.0,0.0,1.0,0.0,0.0,1.0
other,3,Kitui,9,0.45580391471091924,0.6217148105257166,-0.02170848438931361,0.49438727272725225,0.8290140792976222,-0.8166379643855821,0.5457156113500948,0.5948192854865041,0.06477812780666237
other,3,Konso,9,0.5354348571697659,0.7224301769431165,-1.2996712925796134,0.39689544193903425,0.5923875344844434,-0.5462717751640562,0.5143722723131788,0.6800070782067928,-1.0375152731398645
other,3,Konta Special,9,0.13735426796807182,0.16379821844257972,0.0,0.0007099746971127462,0.0021299240913382387,0.0,0.0371279327488887,0.05553638718796964,0.0
other,3,Kwale,9,0.35978843534642746,0.40026973436794644,-522658085.18646616,1.650698113062374e-05,2.4760471695935614e-05,-1.0000000000000004,0.4069036790520604,0.4628325293789377,-698811297.0662334
other,3,Machakos,9,0.06753208125517093,0.08435020024016802,-918.728143813844,0.0024395723929447025,0.003759580384940956,-0.8271154520611945,0.4154542545358665,0.47943043425965004,-29711.44833386396
other,3,Majang,9,0.13067560725741917,0.1522247333567206,0.0,0.0,0.0,1.0,0.0224453088870414,0.03887641538393296,0.0
other,3,Makueni,9,0.43177566023642394,0.5529079146133371,-0.004950598263579131,0.4452729647012073,0.6947705700708928,-0.586799033427013,0.5125532061137604,0.5868203508616977,-0.13200783588271015
other,3,Mao Komo Special,9,0.17995557536170775,0.1900651721707423,-1760.296462962451,0.0024207630944621528,0.004528833057012029,0.0,0.003792528847990701,0.004621692599298859,-0.04142857142857026
other,3,Marka,9,0.5203269446593202,0.5897766962358221,-0.11460275021976307,0.7005851652247822,0.8631382311388723,-1.3872923165928976,0.5037589040638619,0.5690331679035481,-0.037576331548057285
other,3,Mekelle Tigray,9,0.7571700708724182,0.8867379671119003,-0.10642869051542259,0.5850888477393474,0.8866763884968858,-0.10627502622402996,0.9351611008237258,1.0806293465733596,-0.6431845241612397
other,3,Meru,9,0.34458426516361995,0.5064692494676817,-0.34928098689738185,0.40280782094509016,0.636625316544368,-1.1318863391827327,0.3853692674928828,0.4827199381487165,-0.22570712549880456
other,3,Metekel,9,0.2900534919217581,0.4022300150597245,0.009597024524983233,0.21614930393873652,0.458305827676447,-0.2858009587005572,0.21773797142489432,0.4584211662639279,-0.28644821700938894
other,3,Migori,9,0.016064471668667264,0.017065284980274646,0.0,0.0,0.0,1.0,0.0029463931277963575,0.0051033025964150715,0.0
other,3,Mirab Omo,9,0.11843981826650858,0.14280418603152145,-7.384212656819006,0.01756740153594362,0.05219533718494124,-0.12006654071399803,0.02800856926500608,0.05524977734210544,-0.2549934905776514
other,3,Mombasa,9,0.2614871200996716,0.376847100022339,-0.45554084268497563,0.2222222222222222,0.4675618289525798,-1.2406402786308166,0.22154010919744038,0.38138753653617,-0.4908262608103504
other,3,Muranga,9,0.05106752448611789,0.07571123473266916,0.0,0.0,0.0,1.0,0.04094244310749636,0.07091439164818188,0.0
other,3,Nairobi,9,0.2513925416654626,0.38072499377977254,-0.48215726605745535,0.22113080489362869,0.4690892750085727,-1.25,0.22169796532858146,0.38350190815958657,-0.5038570955702788
other,3,Nakuru,9,0.05370204978519016,0.08476313912641566,0.0,0.0,0.0,1.0,0.000641992721377734,0.0007223262554970991,0.0
other,3,Nandi,9,0.011972308158874512,0.012583246721566053,0.0,0.0,0.0,1.0,0.0,0.0,1.0
other,3,North Gondar,9,0.41949898159604193,0.4797099456158013,0.2356950198916825,0.5991870983345409,0.7366525752567773,-0.8023314750444259,0.35501374054331564,0.49396843727464745,0.18958467631519083
other,3,North Shewa (AM),9,0.28318311560020043,0.33958253234228997,-0.06662525551451215,0.3437349178482627,0.4357671595933077,-0.7564272763810618,0.32519104938150584,0.38541207998648214,-0.37395282916073946
other,3,North Shewa (OR),9,0.1303684962877364,0.15552609134564532,0.4198782763857316,0.09928494013489196,0.1867528410753343,0.16353639649237794,0.35872590456362397,0.3696969762886609,-2.2779657437384393
other,3,North Wello,9,0.5281057572203971,0.7555298982605866,0.25316031464156097,0.6374333313173509,0.7804700042859433,0.20304002633246454,0.6971333576871283,0.8882596728457491,-0.03229534272226231
other,3,North Western Tigray,9,1.0469066279345165,1.3141524250512855,-0.011442924507329533,0.42824669713201985,0.8021106118463425,0.6231934676552287,1.4130569921873566,1.771550434745172,-0.8380483901002211
other,3,Nyamira,9,0.012900047832065158,0.01386505669669381,0.0,0.0,0.0,1.0,0.0,0.0,1.0
other,3,Nyandarua,9,0.04794646694759483,0.06877009151252768,-19.243285541815776,0.0036026564455699083,0.010807969336709725,0.5,0.04166170159295193,0.058630627679418415,-13.714004475823877
other,3,Nyeri,9,0.16977036585062105,0.19937983168606938,-1.8769104066717421,0.05256940411893475,0.11151654640630435,0.10000000000000009,0.1385763321898436,0.15001547193504478,-0.6286808587506421
other,3,Oromia,9,0.4113925353232655,0.4847580601821906,0.3711282404939026,0.6968193379956535,0.8251378824289465,-0.822070039634615,0.5029072056425209,0.6342896614467468,-0.0766815722916796
other,3,Qandala,9,0.3977094398432746,0.42624804306976805,-0.0226145488037115,0.46306035391344064,0.6674459533928706,-1.5073755094062369,0.40958900260717146,0.4280870272527265,-0.03145742203720436
other,3,Region 14,9,0.23678835233052573,0.2901686311893471,0.0,0.0,0.0,1.0,0.11111111111111109,0.1924500897298752,0.0
other,3,Sheka,9,0.13003407584296334,0.15119727860679852,0.0,0.0,0.0,1.0,0.007960634939486363,0.013788224175698374,0.0
other,3,Siaya,9,0.012229323387145996,0.012868893350028079,0.0,0.0,0.0,1.0,0.0,0.0,1.0
other,3,Sidama,9,0.4027266605557565,0.4623186521229293,-0.5427689579479502,0.5186954634512728,0.588396484738995,-1.498953645220384,0.29684375299192145,0.3510921708970086,0.11026566271157967
other,3,Siltie,9,0.3056332682429067,0.402221729388773,-0.3820511798294801,0.4584807753106832,0.5164340077684497,-1.27836203245734,0.290665916603352,0.3549835769326089,-0.07648898538780857
other,3,South Eastern Tigray,9,1.1577744643330528,1.3137638378596255,-0.14966001786622196,0.738525910711171,1.1047626988056605,0.1870331710678812,1.3360062518529077,1.5594809550382005,-0.6199252384231644
other,3,South Gondar,9,0.20370649044647376,0.2724497098028255,-0.5964875734511452,0.1750123609869506,0.24318190231388342,-0.27190696654523006,0.18652145210027882,0.23251845168269372,-0.1628071349050808
other,3,South Wello,9,0.29394324295031216,0.37885750276515606,0.4331092623168912,0.4682960111187113,0.5521804226511587,-0.2042303994068897,0.4965617763776024,0.55531764640242,-0.21795298816876407
other,3,South West Shewa,9,0.12938017583587216,0.1593194385907263,-7.665589912906567,0.053313791469707224,0.08531969506416964,-1.4851876528256849,0.03036874206950367,0.05666938740747,-0.09637123843778617
other,3,Southern Tigray,10,0.8745048936652544,1.0868036922044675,-0.1400821108687702,0.6181749690888166,0.7753662493532357,0.41970649931481974,1.044912710544158,1.2676886187034442,-0.5511689518100402
other,3,Taita Taveta,10,0.4149543700632307,0.4895002004095718,-0.18689546956855607,0.46563375701781223,0.6432355810960023,-1.0494949084601797,0.38742004593854,0.4466839530610232,0.011657602314031235
other,3,Tharaka-Nithi,10,0.3582935025349652,0.4703097643501052,-0.697965832116721,0.3146407788134156,0.4953665055399752,-0.8837108194721215,0.4029438794157897,0.49619470558372464,-0.8900148126460259
other,3,Trans Nzoia,10,0.019702805771058117,0.021141254465118754,-4804.227991010998,0.00022873626109165546,0.0004176133663976365,-0.875,0.0007827436046194735,0.0012316542330009928,-15.309103866847003
other,3,Uasin Gishu,10,0.023917341232299806,0.026621406047865476,0.0,0.0,0.0,1.0,0.0,0.0,1.0
other,3,Vihiga,10,0.015264153480529785,0.01611963199238703,0.0,0.0,0.0,1.0,0.0,0.0,1.0
other,3,Wag Hamra,10,0.7620993814037853,1.043242730111458,-0.7152452055392999,0.7201212608039412,0.9156680643695152,-0.32139182399195,0.6512984001811745,0.9130157624891347,-0.3137478877278461
other,3,Welayta,10,0.39124937813743693,0.4408758960346372,-0.8235778125476441,0.47351357809649075,0.5903041240838381,-2.269213047916307,0.24992772437216287,0.2934690057514214,0.19199123803520735
other,3,West Arsi,10,0.2810295381875279,0.35599256771873206,-1.127503009782291,0.27205364788940256,0.3518996600858907,-1.0788636993828442,0.2526967497487278,0.2989465842020937,-0.5002910278331949
other,3,West Gojam,10,0.14166270494461058,0.18294703097191412,0.0,0.0,0.0,1.0,0.0,0.0,1.0
other,3,West Gondar,10,0.15930130291828606,0.17068838955624135,-4425.517380441061,0.002433851904576456,0.0031420892978532727,-0.4999999999999456,0.003511268483695207,0.004267749106595998,-1.7672727868400187
other,3,West Hararge,10,0.31965264482126804,0.4037404672014485,-0.24294653475035055,0.3611720360940471,0.4690734445629956,-0.6777590096323249,0.28753266400894667,0.35714871691514066,0.02737355427937993
other,3,West Shewa,10,0.11767847537994384,0.13911408508943435,0.0,0.0,0.0,1.0,0.04009496331873674,0.07276646987709441,0.0
other,3,West Wellega,10,0.09808507679183151,0.12118098378565316,-4.038324644876606,0.017995758039542696,0.05690758362624138,-0.11111111111111116,0.017995758039542696,0.05690758362624138,-0.11111111111111116
other,3,Western Tigray,10,0.5615105626813698,0.6955984761704855,0.4259474145277802,0.26195065932117456,0.46817669842874615,0.7399516977522884,0.9309616778574176,1.3070446469568964,-1.02682045671235
other,3,Yem Special,10,0.11403088569641114,0.13285945739159435,0.0,0.0,0.0,1.0,0.029268375090882114,0.053436497529328164,0.0
other,4,Agnewak,9,0.257230298998762,0.34105141105469516,-15.799370851959253,0.08895478523544043,0.13343217785316064,-1.5714285714285716,0.10821627903452691,0.17203147501783578,-3.2743407594933505
other,4,Amaro,9,0.4811675018734402,0.6111069514005001,-1.160684870717934,0.21663466784305457,0.45970436188853847,-0.22268400910622987,0.42830453439208244,0.5393954727104344,-0.683338968172968
other,4,Arsi,9,0.21581942071927446,0.2623945753319544,-0.04091758761936459,0.35853979113330453,0.41902163464249154,-1.6544804759846032,0.2361148730556768,0.2828995505451884,-0.20996040014520378
other,4,Asosa,9,0.1033708062063339,0.1568478504737435,-93802.90541763078,0.0005602167699901726,0.0007257152174313818,-1.0081504053837547,0.03507345564552554,0.06017795355924882,-13807.248913199863
other,4,Awi,9,0.0375571780734592,0.03825511932982763,0.0,0.0,0.0,1.0,1.3412953278280071e-05,2.3231916557528616e-05,0.0
other,4,Banadir,9,0.16105890274047852,0.20085921423518055,0.5915127075753617,0.2222222222222222,0.4714045207910317,-1.25,0.5111111111111112,0.5981452814975454,-2.6225000000000005
other,4,Basketo,9,0.3016047345267402,0.38786382565429867,-0.5231882659182805,0.242737369875525,0.47540515749343054,-1.2883518956849542,0.3552186785657121,0.3785045467004688,-0.4505651302133893
other,4,Bench Sheko,9,0.03479442331526014,0.036389848785626976,0.0,0.0,0.0,1.0,0.0038007368907631753,0.006583069401003181,0.0
other,4,Bomet,9,0.03287520673539904,0.035366007771789144,0.0,0.0,0.0,1.0,0.0,0.0,1.0
other,4,Bossaso,9,0.3351566810439381,0.41446735110801436,0.1747528893563638,0.4444444444444444,0.6783083364158793,-1.2103328113029397,0.376682682693506,0.44614041751362216,0.043804930016113075
other,4,Bungoma,9,0.03693935606214735,0.04015818861566295,0.0,0.0,0.0,1.0,0.007923229191443726,0.013723435519593409,0.0
other,4,Buno Bedele,9,0.04085071881612142,0.042869776791223335,0.0,0.0,0.0,1.0,0.005238114329571664,0.009072680154672708,0.0
other,4,Burji,9,0.7286776039335463,0.8603053977503623,-1.9975077784635569,0.5555555555555556,0.7453559924999299,-1.2500000000000004,0.497371927045609,0.6905687632063545,-0.9313851277012348
other,4,Busia,9,0.03981276353200277,0.047677917155457314,0.0,0.0,0.0,1.0,0.0015041532913551887,0.0026052699229991397,0.0
other,4,Caluula,9,0.3155900107489692,0.3806603461344904,0.16163669795302626,0.4444444444444444,0.6666666666666666,-1.5714285714285716,0.4079166675666866,0.4252260433872325,-0.04615658756825769
other,4,Central Gondar,9,0.20312772640674648,0.2496911095067902,-3.383366347750008,0.146764839361211,0.1754936924354818,-1.165332699060305,0.10678465315653368,0.13915331759640795,-0.3614093867670647
other,4,Central Tigray,9,1.171689702031489,1.4756124655239296,-0.3071186150517804,0.7292122323439221,1.2009017830380042,0.13426425720474333,1.4159798705729303,1.6864633509726463,-0.7073563911528984
other,4,Dawuro,9,0.5720597599688195,0.680930398262747,-0.5264856535415219,0.7052363657772697,0.8630519858950223,-1.4522299618942673,0.536214226557127,0.6274237492064138,-0.2960124964964954
other,4,Derashe,9,0.7988327874077691,0.9264337441243706,-2.476031903121815,0.6517785907383975,0.799303076469584,-1.5874859026176535,0.5654289311572815,0.7340805528375002,-1.1824407451195502
other,4,Dire Dawa rural,9,0.43649469481574166,0.5988584513572878,-1.0749390732661412,0.33800166142733434,0.5749318823906153,-0.9124485871804664,0.3452019607456137,0.45698462559091013,-0.20825934215311515
other,4,Dire Dawa urban,9,0.4711318479643928,0.6529307198598471,-3.3164750649840684,0.3710313394832936,0.5883226923572431,-2.5045013522175625,1.083085469915987,1.1493731501806397,-12.375718713356191
other,4,East Gojam,9,0.11949707402123345,0.13182451294350392,-1.6080343194401978,0.09779001647883177,0.1258707190987946,-1.3777729267152123,0.09631953909158297,0.09946644953807944,-0.48482128075980424
other,4,East Shewa,9,0.2781085940448535,0.2947294859165333,-1.3966830811559796,0.2666066167949246,0.3416344257222797,-2.2202285131431982,0.13971760192472157,0.19243963843067657,-0.021768480446626715
other,4,East Wellega,9,0.13534444598729198,0.17507190817433396,-19.2415527297855,0.08278958156954107,0.2077983655600903,-27.516429560733016,0.06768317885410578,0.09711426454753928,-5.22840643475856
other,4,Eastern Tigray,9,1.215928064617163,1.4586857162003324,-0.732712752039578,0.7891906733218321,1.191974722259017,-0.15701023904791955,1.2408095800308683,1.5031406000102372,-0.8399343259988648
other,4,Elgeyo Marakwet,9,0.03834324412875705,0.04412808644665308,0.0,0.0,0.0,1.0,0.03822869292343226,0.06568889103924046,0.0
other,4,Embu,9,0.1937345799913347,0.2172450232328477,-0.7490086997440377,0.22940090155369328,0.30891515041104484,-2.5364759908840586,0.14258958919493528,0.1840929067456097,-0.25593281415796776
other,4,Finfine Special,9,0.15880857492978595,0.21029684201156554,-2.68692185059873,0.11763388321305442,0.1756334328781638,-1.5716556202996594,0.06195231461409451,0.12225269659524156,-0.2459922038211806
other,4,Gamo,9,0.5372112229758501,0.7474350564503066,-0.9437442019506803,0.8164930699604143,0.9432675176483537,-2.095721923065422,0.4661709678165447,0.5177016048501771,0.0674949195020681
other,4,Gedeo,9,0.45661279116178005,0.5934039059658485,-0.3565851473979591,0.7220267730878877,0.8149677560392192,-1.558745602379925,0.3834140668686139,0.511426099457329,-0.007655388218765102
other,4,Gofa,9,0.3931155305322495,0.48238510813346996,-1.5230412664943187,0.33772465960073206,0.40187413936704464,-0.7511231523382593,0.2407405049660395,0.28899460563125284,0.09444247829819596
other,4,Guraghe,9,0.18559746341360644,0.24044652809042388,-0.4756053409601091,0.18652860326231602,0.24550142622502613,-0.5383006956844305,0.23601818974968905,0.24565926419635448,-0.5402793425391184
other,4,Hadiya,9,0.3132829744398108,0.44561637696037004,-0.5327552496068193,0.5178645613811047,0.5675294537490977,-1.486150050088022,0.33573115525957253,0.38052214390270916,-0.11766176865785627
other,4,Halaba,9,0.4282043625321043,0.47417648192325185,-3.4059135664101197,0.3187447532912541,0.5004405927914644,-3.9075079574507647,0.1622397462286052,0.27621169531736667,-0.49499616876920505
other,4,Harari,9,0.29109473965008104,0.3445574035785494,-12.718566925030379,0.056754417493071765,0.10756972559815628,-0.3371055626588668,0.1544929437850429,0.18480164900508336,-2.946365068957868
other,4,Homa Bay,9,0.030892292658487957,0.03426656573142294,0.0,0.0,0.0,1.0,0.0,0.0,1.0
other,4,Horo Gudru Wellega,9,0.04188072681427002,0.04627159513669998,0.0,0.00025621245017163713,0.0007686373505149113,0.0,0.0010103749593422713,0.001455749306701479,0.0
other,4,Ilu Aba Bora,9,0.037710573938157826,0.03951292455058828,0.0,0.00038384389635180856,0.0008142558660822904,0.0,0.00043646799523688884,0.00043651739613441464,0.0
other,4,Itang Special woreda,9,0.041346973843044706,0.04252243411966453,0.0,0.0,0.0,1.0,0.12917641821300418,0.22374011948468892,0.0
other,4,Jamaame,9,0.6712353137323254,0.7561697057198172,-2.748734121976584,0.5076078157359315,0.8371209422166703,-3.594333362906905,0.7276850306735798,0.8684110737035541,-3.9442087202964116
other,4,Jimma,9,0.08147968186272515,0.16303845289784674,0.0,0.0,0.0,1.0,0.00019851320002365705,0.0003438349484140573,0.0
other,4,Kakamega,9,0.034525407685173884,0.038004442460553976,0.0,0.0,0.0,1.0,0.0,0.0,1.0
other,4,Kamashi,9,0.39151465498643917,0.45580758059986665,0.10191066860854647,0.312097268763031,0.4461446638345212,0.13958523235838038,0.4365768480540782,0.5203108962403766,-0.17025981348229813
other,4,Kefa,9,0.03405055734846327,0.03640268133640592,0.0,0.0,0.0,1.0,0.00021449582030993083,0.0003715176587879645,0.0
other,4,Kellem Wollega,9,0.16692969696565862,0.2037749054074948,-5.55234654092808,0.07863724953930046,0.12603541224183656,-1.5065745763498284,0.07299326041157965,0.08991407762047039,-0.27570672464319657
other,4,Kembata Tembaro,9,0.48112589358451213,0.5853980160192573,-0.9444527248845387,0.6364582380863764,0.6844628040637555,-1.6582425200937077,0.5257901862917185,0.6146330741938275,-1.143516096876735
other,4,Kericho,9,0.03338864114549425,0.03621898550123648,0.0,0.0,0.0,1.0,0.0,0.0,1.0
other,4,Kiambu,9,0.08235789591469007,0.10194901207855661,-2.7986897530442802,0.036987170664422475,0.07846163758115182,-1.2500000000000004,0.07170825893132575,0.10758028975950425,-3.2299302034456305
other,4,Kilifi,9,0.3067658036810814,0.38727158224642744,-1.8476445841655327,0.33170632727337246,0.4500684847193574,-2.8460217029246815,0.2895770591703543,0.3472724874831434,-1.289788025169193
other,4,Kirinyaga,9,0.031210475497775607,0.04089637245143422,0.0,0.0,0.0,1.0,0.03787846745036368,0.06560743013687384,0.0
other,4,Kisii,9,0.032944056722852916,0.035533770846584274,0.0,0.0,0.0,1.0,0.0,0.0,1.0
other,4,Kisumu,9,0.037901600201924644,0.040167805905511,0.0,0.0,0.0,1.0,0.0,0.0,1.0
other,4,Kitui,9,0.6352512874653341,0.7397756407517692,-0.4465872297783424,0.8117384995377882,1.0195736221620806,-1.7477787178828041,0.5457156113500948,0.5948192854865041,0.06477812780666237
other,4,Konso,9,0.7270865157313029,0.8406660056483506,-2.114016994181875,0.671301351131163,0.7873540927372144,-1.7315816395347814,0.5143722723131788,0.6800070782067928,-1.0375152731398645
other,4,Konta Special,9,0.03565214739905463,0.04065364455311966,0.0,0.0007099746971127462,0.0021299240913382387,0.0,0.0371279327488887,0.05553638718796964,0.0
other,4,Kwale,9,0.3728346205220052,0.42877169377647234,-599741885.6252067,0.05844299229447277,0.17527945768889355,-100224570.83340947,0.4069036790520604,0.4628325293789377,-698811297.0662334
other,4,Machakos,9,0.09100154259024716,0.12010665571661648,-1863.7533215229785,0.0035002763767762396,0.004417053884616155,-1.5220438604306286,0.4154542545358665,0.47943043425965004,-29711.44833386396
other,4,Majang,9,0.034545805719163686,0.035194601702299634,0.0,0.0,0.0,1.0,0.0224453088870414,0.03887641538393296,0.0
other,4,Makueni,9,0.5735698649483381,0.6305302051063147,-0.3069256801640359,0.7521454953044242,0.8939056047228247,-1.6267722536590759,0.5125532061137604,0.5868203508616977,-0.13200783588271015
other,4,Mao Komo Special,9,0.0658277804601778,0.0772611379809374,-290.03791964302025,0.004438065673180613,0.006289327009044159,-0.9285714285714288,0.003792528847990701,0.004621692599298859,-0.04142857142857026
other,4,Marka,9,0.4283959989450055,0.5087067637645034,0.17076062097932865,0.6480197543713113,0.8230156962849609,-1.1705066944844371,0.5037589040638619,0.5690331679035481,-0.037576331548057285
other,4,Mekelle Tigray,9,0.722768852776003,0.9051917504918041,-0.15295935036826536,0.5555555555555556,0.8428518867079617,0.00037905409701155524,0.9351611008237258,1.0806293465733596,-0.6431845241612397
other,4,Meru,9,0.46808072203700807,0.6106027863473947,-0.9611634917662335,0.5872570672996029,0.7791581849245734,-2.193357278440244,0.3853692674928828,0.4827199381487165,-0.22570712549880456
other,4,Metekel,9,0.39540353090254066,0.5269022567846554,-0.6995075700721405,0.4320948180719701,0.6480658374719579,-1.5709950634924774,0.21773797142489432,0.4584211662639279,-0.28644821700938894
other,4,Migori,9,0.027919782532585993,0.03223803905510503,0.0,0.0,0.0,1.0,0.0029463931277963575,0.0051033025964150715,0.0
other,4,Mirab Omo,9,0.044905160625326936,0.049517786322894636,-0.008098229087496689,0.01769817782585872,0.0523112411340549,-0.12504645962554028,0.02800856926500608,0.05524977734210544,-0.2549934905776514
other,4,Mombasa,9,0.306551582655451,0.4162214561225503,-0.7755911415376351,0.22495067432134944,0.46951089061961443,-1.2593597213691838,0.22154010919744038,0.38138753653617,-0.4908262608103504
other,4,Muranga,9,0.06144032213422987,0.07857680697465688,0.0,0.0,0.0,1.0,0.04094244310749636,0.07091439164818188,0.0
other,4,Nairobi,9,0.25307016075183414,0.372442810004226,-0.41837379927229623,0.22113080489362869,0.4690892750085727,-1.25,0.22169796532858146,0.38350190815958657,-0.5038570955702788
other,4,Nakuru,9,0.04047071933746338,0.04803797148496433,0.0,0.0,0.0,1.0,0.000641992721377734,0.0007223262554970991,0.0
other,4,Nandi,9,0.03302767541673449,0.03617181780025491,0.0,0.0,0.0,1.0,0.0,0.0,1.0
other,4,North Gondar,9,0.4899813488199215,0.5613132684708396,-0.046453321555658844,0.6312262919933095,0.7056060359559011,-0.6536127744898312,0.35501374054331564,0.49396843727464745,0.18958467631519083
other,4,North Shewa (AM),9,0.1488700334063313,0.2208984611302599,0.5486571590457399,0.3092990207018953,0.43362127885397717,-0.7391712570129878,0.32519104938150584,0.38541207998648214,-0.37395282916073946
other,4,North Shewa (OR),9,0.14258073522525452,0.16643154283018705,0.33566995870838545,0.14365136044427607,0.2074926266640876,-0.032566308939223854,0.35872590456362397,0.3696969762886609,-2.2779657437384393
other,4,North Wello,9,0.6899137570197461,1.003883891331934,-0.31853313410200546,0.7946710198291906,1.0324619847988654,-0.39467243322186896,0.6971333576871283,0.8882596728457491,-0.03229534272226231
other,4,North Western Tigray,9,1.2398244914624503,1.6093309078580924,-0.5168429010642035,0.6903011482148284,1.1994233957021492,0.15745145931251447,1.4130569921873566,1.771550434745172,-0.8380483901002211
other,4,Nyamira,9,0.03527470429738363,0.03708681366852981,0.0,0.0,0.0,1.0,0.0,0.0,1.0
other,4,Nyandarua,9,0.034707685919271127,0.04247570600059999,-6.722590542656404,0.007205312891139817,0.015284776817687439,0.0,0.04166170159295193,0.058630627679418415,-13.714004475823877
other,4,Nyeri,9,0.17746787015283083,0.19157046263839364,-1.6559566558602183,0.1051388082378695,0.15770821235680424,-0.7999999999999998,0.1385763321898436,0.15001547193504478,-0.6286808587506421
other,4,Oromia,9,0.4269032417245504,0.5954252617069039,0.05121780278014254,0.6869744546091594,0.852816629663773,-0.9463607378161378,0.5029072056425209,0.6342896614467468,-0.0766815722916796
other,4,Qandala,9,0.33522461915947743,0.3804363070674231,0.1853874708448281,0.4444444444444444,0.6671862922866147,-1.5054249656939174,0.40958900260717146,0.4280870272527265,-0.03145742203720436
other,4,Region 14,9,0.1846167908774482,0.2881265960140264,0.0,0.0,0.0,1.0,0.11111111111111109,0.1924500897298752,0.0
other,4,Sheka,9,0.03501488102806939,0.037119449317767596,0.0,0.0,0.0,1.0,0.007960634939486363,0.013788224175698374,0.0
other,4,Siaya,9,0.032387362586127386,0.03527399749107373,0.0,0.0,0.0,1.0,0.0,0.0,1.0
other,4,Sidama,9,0.3907821835412493,0.4655468972963749,-0.5643896515305331,0.4298042025903573,0.5571951290052145,-1.2409526673509101,0.29684375299192145,0.3510921708970086,0.11026566271157967
other,4,Siltie,9,0.37350366609823205,0.4284409609318724,-0.5681046314155658,0.506309856434813,0.5739566041289766,-1.8141755329855465,0.290665916603352,0.3549835769326089,-0.07648898538780857
other,4,South Eastern Tigray,9,1.303791697863733,1.5060642976226486,-0.5108517355232365,0.7777684130822872,1.1881101865731778,0.059739352817909874,1.3360062518529077,1.5594809550382005,-0.6199252384231644
other,4,South Gondar,9,0.1993909000380709,0.23679886864300084,-0.20601327820044113,0.3058360505972908,0.34528022479681697,-1.5641076516405787,0.18652145210027882,0.23251845168269372,-0.1628071349050808
other,4,South Wello,9,0.42243976798993865,0.5098498761583312,-0.026673170329913676,0.6048883405454438,0.6436240470155984,-0.6361084973210718,0.4965617763776024,0.55531764640242,-0.21795298816876407
other,4,South West Shewa,9,0.06331397744482133,0.07607017561920944,-0.9755564136163641,0.053313791469707224,0.08531969506416964,-1.4851876528256849,0.03036874206950367,0.05666938740747,-0.09637123843778617
other,4,Southern Tigray,10,1.1225907143401508,1.297631367317206,-0.625311435391614,0.6916907345045663,0.830815865881298,0.333740393585253,1.044912710544158,1.2676886187034442,-0.5511689518100402
other,4,Taita Taveta,10,0.4830419974587798,0.5356884376777682,-0.4214489581413827,0.6010436934245702,0.7410359644148385,-1.7201026660086294,0.38742004593854,0.4466839530610232,0.011657602314031235
other,4,Tharaka-Nithi,10,0.4212953334145467,0.5173554941506141,-1.0546558399459993,0.48661993329821324,0.5756318465080285,-1.543610340815691,0.4029438794157897,0.49619470558372464,-0.8900148126460259
other,4,Trans Nzoia,10,0.02744634915751747,0.03299453685604881,-11703.060663741719,7.624542036388515e-05,0.00024110918950686125,0.375,0.0007827436046194735,0.0012316542330009928,-15.309103866847003
other,4,Uasin Gishu,10,0.03562244772911072,0.04239749335344368,0.0,0.0,0.0,1.0,0.0,0.0,1.0
other,4,Vihiga,10,0.03556867837905884,0.037423855031231155,0.0,0.0,0.0,1.0,0.0,0.0,1.0
other,4,Wag Hamra,10,0.9162223181294017,1.1470435526850513,-1.0735537448162829,1.080555445526728,1.2029127741862167,-1.280466798889138,0.6512984001811745,0.9130157624891347,-0.3137478877278461
other,4,Welayta,10,0.37127705584410603,0.43730819623449335,-0.7941833544085455,0.5422149130461742,0.629221713171038,-2.7144882638464276,0.24992772437216287,0.2934690057514214,0.19199123803520735
other,4,West Arsi,10,0.19738050393138282,0.2482224662806005,-0.03435708554700834,0.39482759598114264,0.4496562281497902,-2.3942947111610917,0.2526967497487278,0.2989465842020937,-0.5002910278331949
other,4,West Gojam,10,0.07138158082962036,0.1390582878863827,0.0,0.0,0.0,1.0,0.0,0.0,1.0
other,4,West Gondar,10,0.13250061083683465,0.2072871594063481,-6527.283596046383,0.10162256793638433,0.3149580746019437,-15070.612020898987,0.003511268483695207,0.004267749106595998,-1.7672727868400187
other,4,West Hararge,10,0.48275340173389425,0.5320894963156547,-1.1588240971911392,0.43817404181096203,0.49204886027733025,-0.8461387826290554,0.28753266400894667,0.35714871691514066,0.02737355427937993
other,4,West Shewa,10,0.0504226803779602,0.05450169122979378,0.0,0.0,0.0,1.0,0.04009496331873674,0.07276646987709441,0.0
other,4,West Wellega,10,0.04793191669661667,0.05618356713715698,-0.08301835942544455,0.017995758039542696,0.05690758362624138,-0.11111111111111116,0.017995758039542696,0.05690758362624138,-0.11111111111111116
other,4,Western Tigray,10,0.7548700568906593,0.9916279439451154,-0.16662679403116942,0.46171880348248245,0.7867949684016772,0.26555787031851086,0.9309616778574176,1.3070446469568964,-1.02682045671235
other,4,Yem Special,10,0.04403731822967529,0.04897300777241507,0.0,0.0,0.0,1.0,0.029268375090882114,0.053436497529328164,0.0
other,8,Agnewak,9,0.31001750628153485,0.4187180080387784,-24.32191778934551,0.08895478523544043,0.13343217785316064,-1.5714285714285716,0.10821627903452691,0.17203147501783578,-3.2743407594933505
other,8,Amaro,9,0.602240178320143,0.7597515797814388,-2.33964425010084,0.5387928924180527,0.7234881917888203,-2.028446304020458,0.42830453439208244,0.5393954727104344,-0.683338968172968
other,8,Arsi,9,0.2177630727908398,0.24747684990151222,0.07407502065604976,0.22820034728097344,0.2677798404259466,-0.08408266214168503,0.2361148730556768,0.2828995505451884,-0.20996040014520378
other,8,Asosa,9,0.21352293156491545,0.3098686877474987,-366115.3832907662,0.22249982427118276,0.6660500017899386,-1691520.1998342704,0.03507345564552554,0.06017795355924882,-13807.248913199863
other,8,Awi,9,0.055462943183051214,0.05674532372078902,0.0,0.0,0.0,1.0,1.3412953278280071e-05,2.3231916557528616e-05,0.0
other,8,Banadir,9,0.19547239939371744,0.23782830087742862,0.42730670543027216,0.2222222222222222,0.4714045207910317,-1.25,0.5111111111111112,0.5981452814975454,-2.6225000000000005
other,8,Basketo,9,0.3736534383561876,0.4246023655521389,-0.8254075844287809,0.242737369875525,0.47540515749343054,-1.2883518956849542,0.3552186785657121,0.3785045467004688,-0.4505651302133893
other,8,Bench Sheko,9,0.05195758077833387,0.053976384771567375,0.0,0.0,0.0,1.0,0.0038007368907631753,0.006583069401003181,0.0
other,8,Bomet,9,0.03946077823638916,0.04436500921638556,0.0,0.0,0.0,1.0,0.0,0.0,1.0
other,8,Bossaso,9,0.365111137195062,0.4300044319652977,0.1117213476046075,0.50343174026469,0.6783083364158793,-1.2103328113029397,0.376682682693506,0.44614041751362216,0.043804930016113075
other,8,Bungoma,9,0.03770801756117079,0.038961661221049104,0.0,0.0,0.0,1.0,0.007923229191443726,0.013723435519593409,0.0
other,8,Buno Bedele,9,0.05899022685156928,0.06437109946956723,0.0,0.0,0.0,1.0,0.005238114329571664,0.009072680154672708,0.0
other,8,Burji,9,0.7699012756347656,0.9382222998132557,-2.5650573896608426,0.6403859371227568,0.7876047855917891,-1.5123012580627075,0.497371927045609,0.6905687632063545,-0.9313851277012348
other,8,Busia,9,0.028821269671122234,0.030260571193360942,0.0,0.0,0.0,1.0,0.0015041532913551887,0.0026052699229991397,0.0
other,8,Caluula,9,0.4039693938361274,0.42684601726944615,-0.05414280851156117,0.4444444444444444,0.6666666666666666,-1.5714285714285716,0.4079166675666866,0.4252260433872325,-0.04615658756825769
other,8,Central Gondar,9,0.17813432222146383,0.21113062951600983,-2.1340368315679683,0.08910843197230268,0.12825356870402294,-0.15648639359060001,0.10678465315653368,0.13915331759640795,-0.3614093867670647
other,8,Central Tigray,9,1.3149815558619307,1.6022813217478409,-0.5411606399697935,1.0306177222619772,1.5072962814027167,-0.3638531915520855,1.4159798705729303,1.6864633509726463,-0.7073563911528984
other,8,Dawuro,9,0.5313075967818576,0.6205676842232758,-0.26784334201442395,0.49285657210326367,0.632514099811497,-0.31712715688366755,0.536214226557127,0.6274237492064138,-0.2960124964964954
other,8,Derashe,9,0.8800108300315009,1.0410452383486577,-3.389289512568075,0.7628897018495087,0.9707948236010207,-2.8168924875986745,0.5654289311572815,0.7340805528375002,-1.1824407451195502
other,8,Dire Dawa rural,9,0.5230157905154758,0.6164383900692568,-1.1985499563460973,0.33800166142733434,0.5749318823906153,-0.9124485871804664,0.3452019607456137,0.45698462559091013,-0.20825934215311515
other,8,Dire Dawa urban,9,0.4884313080045912,0.5608315420892934,-2.1846366883478314,0.3710313394832936,0.5883226923572431,-2.5045013522175625,1.083085469915987,1.1493731501806397,-12.375718713356191
other,8,East Gojam,9,0.1770903934015863,0.21778095269446054,-6.118045140845665,0.041841475671952656,0.0727109732914965,0.2065476197369166,0.09631953909158297,0.09946644953807944,-0.48482128075980424
other,8,East Shewa,9,0.1392082235283935,0.19084570437864515,-0.0049124232039943205,0.23317441102554082,0.3048293652108292,-1.5637580693600137,0.13971760192472157,0.19243963843067657,-0.021768480446626715
other,8,East Wellega,9,0.18317006003484346,0.25985587353817435,-43.593952700552336,0.08394511346869216,0.20782727928540692,-27.524365846199082,0.06768317885410578,0.09711426454753928,-5.22840643475856
other,8,Eastern Tigray,9,1.2024394805225858,1.4233989397356077,-0.6498953065237678,1.0891315003888056,1.4011376372531972,-0.5986916606861323,1.2408095800308683,1.5031406000102372,-0.8399343259988648
other,8,Elgeyo Marakwet,9,0.050974753167894155,0.053238061141770356,0.0,0.0,0.0,1.0,0.03822869292343226,0.06568889103924046,0.0
other,8,Embu,9,0.09226096493663431,0.1453789114550176,0.2167595239024004,0.18549834272807447,0.2794309541023438,-1.8936188480269163,0.14258958919493528,0.1840929067456097,-0.25593281415796776
other,8,Finfine Special,9,0.15970133329923175,0.20028459636121082,-2.3442099081527457,0.11763388321305442,0.1756334328781638,-1.5716556202996594,0.06195231461409451,0.12225269659524156,-0.2459922038211806
other,8,Gamo,9,0.5555758077891243,0.7229165266229077,-0.8183123590571921,0.7073896046858401,0.8881012730582606,-1.744208904927072,0.4661709678165447,0.5177016048501771,0.0674949195020681
other,8,Gedeo,9,0.5481154703293432,0.7019345872086978,-0.898189389329799,0.6491497992155075,0.788459574764036,-1.3949978036773776,0.3834140668686139,0.511426099457329,-0.007655388218765102
other,8,Gofa,9,0.4031588740267009,0.48800298390344055,-1.5821503409929254,0.512928437972337,0.5906507112726562,-2.7826663166311523,0.2407405049660395,0.28899460563125284,0.09444247829819596
other,8,Guraghe,9,0.19755568446929098,0.20919653393875887,-0.1169716923667754,0.19166149531422064,0.23261676941074974,-0.3810685558781297,0.23601818974968905,0.24565926419635448,-0.5402793425391184
other,8,Hadiya,9,0.3349531174446805,0.4164950577813537,-0.33896809971251063,0.40124886045399616,0.5508944723369076,-1.342541831572269,0.33573115525957253,0.38052214390270916,-0.11766176865785627
other,8,Halaba,9,0.5990189826560735,0.6331321230633304,-6.854972162985455,0.4282270768724344,0.5865002922183947,-5.740504739899515,0.1622397462286052,0.27621169531736667,-0.49499616876920505
other,8,Harari,9,0.35637937593565094,0.36708247234665414,-14.5708696893044,0.056754417493071765,0.10756972559815628,-0.3371055626588668,0.1544929437850429,0.18480164900508336,-2.946365068957868
other,8,Homa Bay,9,0.026842395464579265,0.027817671212579328,0.0,0.0,0.0,1.0,0.0,0.0,1.0
other,8,Horo Gudru Wellega,9,0.06893698374430339,0.0737281396318726,0.0,0.00025621245017163713,0.0007686373505149113,0.0,0.0010103749593422713,0.001455749306701479,0.0
other,8,Ilu Aba Bora,9,0.054881268077426486,0.05567108695166099,0.0,0.00038384389635180856,0.0008142558660822904,0.0,0.00043646799523688884,0.00043651739613441464,0.0
other,8,Itang Special woreda,9,0.0709621508916219,0.07583151236269442,0.0,0.0,0.0,1.0,0.12917641821300418,0.22374011948468892,0.0
other,8,Jamaame,9,0.724569271722336,0.7742494976275958,-2.9301394024734884,0.5877843774068623,0.79783608311827,-3.173240740857362,0.7276850306735798,0.8684110737035541,-3.9442087202964116
other,8,Jimma,9,0.07594484753078884,0.07820937289525387,0.0,0.0,0.0,1.0,0.00019851320002365705,0.0003438349484140573,0.0
other,8,Kakamega,9,0.03784024715423584,0.039360091640834254,0.0,0.0,0.0,1.0,0.0,0.0,1.0
other,8,Kamashi,9,0.3961751661319436,0.4589269132054339,0.0895764059939248,0.44924392406915853,0.5341294463927511,-0.233245365877623,0.4365768480540782,0.5203108962403766,-0.17025981348229813
other,8,Kefa,9,0.063204911020067,0.06810608213168472,0.0,0.0,0.0,1.0,0.00021449582030993083,0.0003715176587879645,0.0
other,8,Kellem Wollega,9,0.20788632109244654,0.2404064204969439,-8.119847625164493,0.11936142879694096,0.1619821067511435,-3.1402783936198526,0.07299326041157965,0.08991407762047039,-0.27570672464319657
other,8,Kembata Tembaro,9,0.43400255521104003,0.5619256364616005,-0.7916475851648037,0.5369773846783037,0.6917255527843456,-1.7149543673928451,0.5257901862917185,0.6146330741938275,-1.143516096876735
other,8,Kericho,9,0.03669346703423394,0.03794959980210565,0.0,0.0,0.0,1.0,0.0,0.0,1.0
other,8,Kiambu,9,0.07520513985949395,0.07930422255119286,-1.2985841399820566,0.036987170664422475,0.07846163758115182,-1.2500000000000004,0.07170825893132575,0.10758028975950425,-3.2299302034456305
other,8,Kilifi,9,0.38420235678844905,0.4502296296983649,-2.848776297214319,0.44281743838448356,0.560063092026546,-4.9556399102148445,0.2895770591703543,0.3472724874831434,-1.289788025169193
other,8,Kirinyaga,9,0.0490727424621582,0.059532916355320854,0.0,0.0,0.0,1.0,0.03787846745036368,0.06560743013687384,0.0
other,8,Kisii,9,0.028993076748318143,0.030142352293723407,0.0,0.0,0.0,1.0,0.0,0.0,1.0
other,8,Kisumu,9,0.02465775277879503,0.025818097762957886,0.0,0.0,0.0,1.0,0.0,0.0,1.0
other,8,Kitui,9,0.6292210723079312,0.7077169491498335,-0.32392616901671567,0.8329276483889593,0.9854599685108487,-1.5669803682006487,0.5457156113500948,0.5948192854865041,0.06477812780666237
other,8,Konso,9,0.7837337767150879,0.8870038899945432,-2.4667702032779806,0.7188503536365732,0.8232949119653403,-1.9866536979615184,0.5143722723131788,0.6800070782067928,-1.0375152731398645
other,8,Konta Special,9,0.06895930237240261,0.07359313117690314,0.0,0.0007099746971127462,0.0021299240913382387,0.0,0.0371279327488887,0.05553638718796964,0.0
other,8,Kwale,9,0.5196073760389052,0.5707455874469617,-1062667240.6356444,0.16954584991501856,0.37660278729294616,-462678401.9289749,0.4069036790520604,0.4628325293789377,-698811297.0662334
other,8,Machakos,9,0.06586984016715146,0.06884568772326739,-611.6899061885505,0.003616296684760551,0.004480760245367078,-1.5953184452337377,0.4154542545358665,0.47943043425965004,-29711.44833386396
other,8,Majang,9,0.05257606506347656,0.05279218492974093,0.0,0.0,0.0,1.0,0.0224453088870414,0.03887641538393296,0.0
other,8,Makueni,9,0.5660537457331145,0.6132485082388746,-0.23626649863720495,0.7228878376946969,0.7989679542260875,-1.0984461108672932,0.5125532061137604,0.5868203508616977,-0.13200783588271015
other,8,Mao Komo Special,9,0.06265489276401759,0.06635495327998514,-213.67134219110656,0.005244986704667998,0.00673911924410025,-1.2142857142857144,0.003792528847990701,0.004621692599298859,-0.04142857142857026
other,8,Marka,9,0.5156269589420605,0.5611623903662493,-0.009071654342049928,0.7154276229146946,0.8083507898730892,-1.09384547463302,0.5037589040638619,0.5690331679035481,-0.037576331548057285
other,8,Mekelle Tigray,9,0.9529864288029195,1.052878351511284,-0.5598729010934584,0.6666666666666666,1.0153464801238237,-0.4506457041715688,0.9351611008237258,1.0806293465733596,-0.6431845241612397
other,8,Meru,9,0.3679291800699893,0.4884506248349092,-0.2549822271321216,0.531533716454761,0.6945436166097774,-1.537437096318231,0.3853692674928828,0.4827199381487165,-0.22570712549880456
other,8,Metekel,9,0.3669671085545182,0.506008446966441,-0.5673952251289951,0.43214576552334577,0.6480658554954237,-1.570995206497214,0.21773797142489432,0.4584211662639279,-0.28644821700938894
other,8,Migori,9,0.028347836600409612,0.029862672760941986,0.0,0.0,0.0,1.0,0.0029463931277963575,0.0051033025964150715,0.0
other,8,Mirab Omo,9,0.06451048934805155,0.06877087879547433,-0.9444176607732526,0.017720944355764434,0.05231128572133544,-0.12504837748420328,0.02800856926500608,0.05524977734210544,-0.2549934905776514
other,8,Mombasa,9,0.2680019210190985,0.4005170754839661,-0.6441298486387843,0.22586015835439188,0.46951881843146687,-1.2594360217505312,0.22154010919744038,0.38138753653617,-0.4908262608103504
other,8,Muranga,9,0.06057503488328722,0.06442285749976069,0.0,0.0,0.0,1.0,0.04094244310749636,0.07091439164818188,0.0
other,8,Nairobi,9,0.268883869057193,0.39076270020840864,-0.5613408225002707,0.22113080489362869,0.4690892750085727,-1.25,0.22169796532858146,0.38350190815958657,-0.5038570955702788
other,8,Nakuru,9,0.04176706075668335,0.046295847858840125,0.0,0.0,0.0,1.0,0.000641992721377734,0.0007223262554970991,0.0
other,8,Nandi,9,0.037979337904188365,0.039535597480199705,0.0,0.0,0.0,1.0,0.0,0.0,1.0
other,8,North Gondar,9,0.5236279986044335,0.6299514046432828,-0.3180240699996413,0.485232300523388,0.6057935248986269,-0.21887311617800176,0.35501374054331564,0.49396843727464745,0.18958467631519083
other,8,North Shewa (AM),9,0.278252650527855,0.3244797108022747,0.026140579071422976,0.19801040356869903,0.2690997480613733,0.33019596458550404,0.32519104938150584,0.38541207998648214,-0.37395282916073946
other,8,North Shewa (OR),9,0.2931560154147687,0.32543253547730966,-1.5400048932845536,0.20473646283454172,0.2736390725410299,-0.7958449309980886,0.35872590456362397,0.3696969762886609,-2.2779657437384393
other,8,North Wello,9,0.7330369462499094,0.9909521800357618,-0.2847820839744488,0.7153201889414071,1.0613989473109269,-0.4739453526362498,0.6971333576871283,0.8882596728457491,-0.03229534272226231
other,8,North Western Tigray,9,1.3328086777408994,1.7139507494222357,-0.7204679058540449,1.00018771880302,1.5080903501433447,-0.33200121533999827,1.4130569921873566,1.771550434745172,-0.8380483901002211
other,8,Nyamira,9,0.028466145197550457,0.02965110995652233,0.0,0.0,0.0,1.0,0.0,0.0,1.0
other,8,Nyandarua,9,0.03761029966506649,0.043675307574461544,-7.164953970566984,0.010807969336709725,0.018719952017827744,-0.5,0.04166170159295193,0.058630627679418415,-13.714004475823877
other,8,Nyeri,9,0.18010426306410604,0.22323209044659723,-2.606426948284845,0.13142351029733687,0.1763231417198933,-1.2499999999999996,0.1385763321898436,0.15001547193504478,-0.6286808587506421
other,8,Oromia,9,0.43489042145116125,0.5267903427392044,0.257344119639523,0.322459361678616,0.3855556741360065,0.6021803669381904,0.5029072056425209,0.6342896614467468,-0.0766815722916796
other,8,Qandala,9,0.3630081719650601,0.397171047960335,0.11214440361869016,0.4568550507571085,0.6671862922866147,-1.5054249656939174,0.40958900260717146,0.4280870272527265,-0.03145742203720436
other,8,Region 14,9,0.07922621568044026,0.08723999513834074,0.0,0.0,0.0,1.0,0.11111111111111109,0.1924500897298752,0.0
other,8,Sheka,9,0.04368872112698025,0.04444363249419824,0.0,0.0,0.0,1.0,0.007960634939486363,0.013788224175698374,0.0
other,8,Siaya,9,0.028625872400071885,0.029779742989450537,0.0,0.0,0.0,1.0,0.0,0.0,1.0
other,8,Sidama,9,0.3931529918039789,0.47150273002237464,-0.6046727757267942,0.5265551009047932,0.5698698493092403,-1.3440637627761887,0.29684375299192145,0.3510921708970086,0.11026566271157967
other,8,Siltie,9,0.2705376578691689,0.3098354101804798,0.1799219853463465,0.2685914244548678,0.3382499671447867,0.022608417927929225,0.290665916603352,0.3549835769326089,-0.07648898538780857
other,8,South Eastern Tigray,9,1.3708360751906983,1.5913181864344594,-0.6867428324467519,1.0000093646954904,1.4657948963966285,-0.43113707115079114,1.3360062518529077,1.5594809550382005,-0.6199252384231644
other,8,South Gondar,9,0.1753496838456817,0.237489766911248,-0.21306101482316575,0.3020177266595126,0.3346230529781807,-1.4082665729067307,0.18652145210027882,0.23251845168269372,-0.1628071349050808
other,8,South Wello,9,0.4599080159333929,0.5729386740429959,-0.296474125984163,0.4878060806505975,0.5839121308601373,-0.3466122856064511,0.4965617763776024,0.55531764640242,-0.21795298816876407
other,8,South West Shewa,9,0.0725231467266749,0.08471925726981265,-1.4503316935534238,0.036568390486309194,0.0672596813610846,-0.5444370415229469,0.03036874206950367,0.05666938740747,-0.09637123843778617
other,8,Southern Tigray,10,1.0684995707320575,1.3187109000046113,-0.6785454791094363,0.9584273464612437,1.1623610513340994,-0.3041153867095896,1.044912710544158,1.2676886187034442,-0.5511689518100402
other,8,Taita Taveta,10,0.4642484979890229,0.48808722417883377,-0.18005324716439697,0.5337441651351977,0.6942371702980877,-1.3873849373028575,0.38742004593854,0.4466839530610232,0.011657602314031235
other,8,Tharaka-Nithi,10,0.46129791041765567,0.5361047259921491,-1.2062779638787764,0.5394483443908047,0.6281584192547228,-2.0290003666680154,0.4029438794157897,0.49619470558372464,-0.8900148126460259
other,8,Trans Nzoia,10,0.035265876545136486,0.03678575351536971,-14547.285126475652,0.0001524908407277703,0.0003409798858133879,-0.25,0.0007827436046194735,0.0012316542330009928,-15.309103866847003
other,8,Uasin Gishu,10,0.03413126468658447,0.035532546592640366,0.0,0.0,0.0,1.0,0.0,0.0,1.0
other,8,Vihiga,10,0.02694648504257202,0.028038732755508885,0.0,0.0,0.0,1.0,0.0,0.0,1.0
other,8,Wag Hamra,10,0.9052061784906039,1.1414110232163475,-1.053239473475902,1.0584412068890021,1.278935101813841,-1.5778194402701118,0.6512984001811745,0.9130157624891347,-0.3137478877278461
other,8,Welayta,10,0.4031109667861837,0.4730461506286413,-1.0994165400951652,0.4553239660881919,0.5772726747697778,-2.1264651359158386,0.24992772437216287,0.2934690057514214,0.19199123803520735
other,8,West Arsi,10,0.2373161132920613,0.26663518903342825,-0.19350227279366017,0.3610821417448298,0.43380307204626595,-2.1591741529731032,0.2526967497487278,0.2989465842020937,-0.5002910278331949
other,8,West Gojam,10,0.06473524570465088,0.06577728205499626,0.0,0.0,0.0,1.0,0.0,0.0,1.0
other,8,West Gondar,10,0.13653917122730705,0.19152070228291976,-5571.956629177011,0.10162256793638433,0.3149580746019437,-15070.612020898989,0.003511268483695207,0.004267749106595998,-1.7672727868400187
other,8,West Hararge,10,0.6355498251691054,0.6810413930601219,-2.536672967158814,0.3669965717989001,0.4711388720348411,-0.6925665788242119,0.28753266400894667,0.35714871691514066,0.02737355427937993
other,8,West Shewa,10,0.06253377199172974,0.06673062999919051,0.0,0.0,0.0,1.0,0.04009496331873674,0.07276646987709441,0.0
other,8,West Wellega,10,0.06186511038024094,0.06553193873775312,-0.473408711233152,0.017995758039542696,0.05690758362624138,-0.11111111111111116,0.017995758039542696,0.05690758362624138,-0.11111111111111116
other,8,Western Tigray,10,0.7731210110418129,1.0506681658077606,-0.30968116246400457,0.6619506593211746,1.009478508871534,-0.20900636842062847,0.9309616778574176,1.3070446469568964,-1.02682045671235
other,8,Yem Special,10,0.06380705833435059,0.06631736888702144,0.0,0.0,0.0,1.0,0.029268375090882114,0.053436497529328164,0.0
other,12,Agnewak,9,0.328809813708588,0.40865778479264586,-23.119753717249417,0.08895478523544043,0.13343217785316064,-1.5714285714285716,0.10821627903452691,0.17203147501783578,-3.2743407594933505
other,12,Amaro,9,0.3189019097222222,0.46633796859559173,-0.2582256555187794,0.4332693356861092,0.6423433968075075,-1.3872148709427696,0.42830453439208244,0.5393954727104344,-0.683338968172968
other,12,Arsi,9,0.18139756919723488,0.2565596440106954,0.004861953790814777,0.2607470577488027,0.3008839919202854,-0.36868909378853276,0.2361148730556768,0.2828995505451884,-0.20996040014520378
other,12,Asosa,9,0.20725307924456227,0.27183486750387037,-281755.6019715933,0.22264363796773212,0.6658343862168556,-1690425.209133611,0.03507345564552554,0.06017795355924882,-13807.248913199863
other,12,Awi,9,0.06781477398342556,0.06812586279732961,0.0,0.0,0.0,1.0,1.3412953278280071e-05,2.3231916557528616e-05,0.0
other,12,Banadir,9,0.27667579385969376,0.327166034504984,-0.08375584310387829,0.3333333333333333,0.5773502691896257,-2.3749999999999996,0.5111111111111112,0.5981452814975454,-2.6225000000000005
other,12,Basketo,9,0.43882747491200763,0.4815710414803828,-1.3480955134240684,0.31281818568003056,0.5441423339309845,-1.997920155705573,0.3552186785657121,0.3785045467004688,-0.4505651302133893
other,12,Bench Sheko,9,0.06717593140072292,0.06856458941447546,0.0,0.0,0.0,1.0,0.0038007368907631753,0.006583069401003181,0.0
other,12,Bomet,9,0.049719519085354276,0.06618082819086789,0.0,0.0,0.0,1.0,0.0,0.0,1.0
other,12,Bossaso,9,0.37921272572845416,0.4205467377387043,0.1503659707508994,0.251715870132345,0.49569028075247956,-0.18038632256818632,0.376682682693506,0.44614041751362216,0.043804930016113075
other,12,Bungoma,9,0.034918904304504395,0.04851228985310687,0.0,0.0,0.0,1.0,0.007923229191443726,0.013723435519593409,0.0
other,12,Buno Bedele,9,0.07297506597306994,0.07406629123284386,0.0,0.0,0.0,1.0,0.005238114329571664,0.009072680154672708,0.0
other,12,Burji,9,0.4829194015926785,0.659897821396626,-0.7636337954702543,0.45758480921639944,0.6526360611288929,-0.7250320045576366,0.497371927045609,0.6905687632063545,-0.9313851277012348
other,12,Busia,9,0.04713262452019586,0.06719917621649954,0.0,0.0,0.0,1.0,0.0015041532913551887,0.0026052699229991397,0.0
other,12,Caluula,9,0.36207207043965656,0.4057121340698451,0.04765791469627534,0.2222222222222222,0.4714045207910317,-0.2857142857142858,0.4079166675666866,0.4252260433872325,-0.04615658756825769
other,12,Central Gondar,9,0.2448529914558807,0.27708377199795264,-4.397887054148706,0.18985703823849176,0.22240800032361047,-2.4777825299271137,0.10678465315653368,0.13915331759640795,-0.3614093867670647
other,12,Central Tigray,9,1.3199657492399552,1.6042581623060566,-0.5449658497445256,1.4290583335604319,1.7588190757435362,-0.8570034190894722,1.4159798705729303,1.6864633509726463,-0.7073563911528984
other,12,Dawuro,9,0.47951356836269476,0.5770639799002877,-0.09631464431676617,0.7407039005383412,0.8580671894348326,-1.423984696805706,0.536214226557127,0.6274237492064138,-0.2960124964964954
other,12,Derashe,9,0.7031747765011258,0.8738880268010231,-2.092905147714052,0.6517785907383975,1.0264276402365866,-3.2668924875986747,0.5654289311572815,0.7340805528375002,-1.1824407451195502
other,12,Dire Dawa rural,9,0.38018880950080025,0.4752867987686226,-0.3069786305558386,0.33800166142733434,0.5749318823906153,-0.9124485871804664,0.3452019607456137,0.45698462559091013,-0.20825934215311515
other,12,Dire Dawa urban,9,0.5990727212693956,0.6879156499207392,-3.791432906734464,0.4821424505944047,0.676191320155462,-3.629501352217563,1.083085469915987,1.1493731501806397,-12.375718713356191
other,12,East Gojam,9,0.22863875517984558,0.27332934308518403,-10.212267909685721,0.13214136994744435,0.15050818745378478,-2.3997047536317853,0.09631953909158297,0.09946644953807944,-0.48482128075980424
other,12,East Shewa,9,0.13949725250977552,0.16832631623622898,0.21825074649368825,0.31571811037122266,0.3435271497386087,-2.256008792667334,0.13971760192472157,0.19243963843067657,-0.021768480446626715
other,12,East Wellega,9,0.21665144600760822,0.291339494738253,-55.05438847207442,0.08394511346869216,0.20782727928540692,-27.524365846199082,0.06768317885410578,0.09711426454753928,-5.22840643475856
other,12,Eastern Tigray,9,1.2486237024260687,1.520759962777916,-0.8833214451358324,1.290184328237638,1.5581583300705366,-0.9770892863635741,1.2408095800308683,1.5031406000102372,-0.8399343259988648
other,12,Elgeyo Marakwet,9,0.03434430228339301,0.04050207729963015,0.0,0.0,0.0,1.0,0.03822869292343226,0.06568889103924046,0.0
other,12,Embu,9,0.16260569587909446,0.18687107757772212,-0.29412574549989245,0.14159578390245564,0.23004501330161142,-0.9611822064834303,0.14258958919493528,0.1840929067456097,-0.25593281415796776
other,12,Finfine Special,9,0.1118498767630447,0.14357568462536513,-0.7185422826352792,0.08891303354440991,0.1521142050656832,-0.9290255263136045,0.06195231461409451,0.12225269659524156,-0.2459922038211806
other,12,Gamo,9,0.48703058268419297,0.637481167054239,-0.41392672136759834,0.6372726541898341,0.8846755082396883,-1.723078696348559,0.4661709678165447,0.5177016048501771,0.0674949195020681
other,12,Gedeo,9,0.4791655722453384,0.5589149163790638,-0.20347661854411547,0.7258439550545399,0.8734711909806586,-1.9392967042585854,0.3834140668686139,0.511426099457329,-0.007655388218765102
other,12,Gofa,9,0.2967066485666466,0.33875427611356596,-0.24424568048500217,0.4999138592231791,0.5904291928560449,-2.7798295364231205,0.2407405049660395,0.28899460563125284,0.09444247829819596
other,12,Guraghe,9,0.26797638676777324,0.2721000005265256,-0.8896887725318188,0.175099513959584,0.24362579276721302,-0.5148852191959967,0.23601818974968905,0.24565926419635448,-0.5402793425391184
other,12,Hadiya,9,0.2622446589568418,0.35280795206983745,0.03921269471151967,0.5590387879269849,0.701027413654871,-2.7933291494255994,0.33573115525957253,0.38052214390270916,-0.11766176865785627
other,12,Halaba,9,0.46779670808772766,0.5151747668263337,-4.200739718310095,0.4766357500624782,0.615902385160878,-6.43326686131473,0.1622397462286052,0.27621169531736667,-0.49499616876920505
other,12,Harari,9,0.12840206093258327,0.14973473231092477,-1.5907808308749734,0.056754417493071765,0.10756972559815628,-0.3371055626588668,0.1544929437850429,0.18480164900508336,-2.946365068957868
other,12,Homa Bay,9,0.050676425298055015,0.06694451026539704,0.0,0.0,0.0,1.0,0.0,0.0,1.0
other,12,Horo Gudru Wellega,9,0.06264419025844997,0.06293401819359576,0.0,0.00025621245017163713,0.0007686373505149113,0.0,0.0010103749593422713,0.001455749306701479,0.0
other,12,Ilu Aba Bora,9,0.07701073752509223,0.07840304468749629,0.0,0.00038384389635180856,0.0008142558660822904,0.0,0.00043646799523688884,0.00043651739613441464,0.0
other,12,Itang Special woreda,9,0.1225291755464342,0.13272829890494833,0.0,0.0,0.0,1.0,0.12917641821300418,0.22374011948468892,0.0
other,12,Jamaame,9,0.6777193851460014,0.7284037422588187,-2.4784873424500526,0.6180717906414794,0.8140863206613372,-3.344972230037502,0.7276850306735798,0.8684110737035541,-3.9442087202964116
other,12,Jimma,9,0.08861762947506374,0.09241375023798232,0.0,0.0,0.0,1.0,0.00019851320002365705,0.0003438349484140573,0.0
other,12,Kakamega,9,0.03376966052585178,0.04687543610505988,0.0,0.0,0.0,1.0,0.0,0.0,1.0
other,12,Kamashi,9,0.5916836805778749,0.707256618681454,-1.1622728271983287,0.7235372346814136,0.8349064537835795,-2.013228636813273,0.4365768480540782,0.5203108962403766,-0.17025981348229813
other,12,Kefa,9,0.07187108198801677,0.07332693137383146,0.0,0.0,0.0,1.0,0.00021449582030993083,0.0003715176587879645,0.0
other,12,Kellem Wollega,9,0.22870667385869548,0.26821315847536603,-10.351561823929178,0.11069441114524553,0.15407025357940132,-2.745700531858488,0.07299326041157965,0.08991407762047039,-0.27570672464319657
other,12,Kembata Tembaro,9,0.4196888971325285,0.5159912932770574,-0.5107049187268586,0.5975305279757662,0.7865557310317397,-2.510378094342663,0.5257901862917185,0.6146330741938275,-1.143516096876735
other,12,Kericho,9,0.03534400463104248,0.049200015751083785,0.0,0.0,0.0,1.0,0.0,0.0,1.0
other,12,Kiambu,9,0.08006240183510023,0.09213138557322864,-2.1022942446161537,0.036987170664422475,0.07846163758115182,-1.2500000000000004,0.07170825893132575,0.10758028975950425,-3.2299302034456305
other,12,Kilifi,9,0.3875834099171357,0.4327801794613912,-2.556225153184918,0.4925942664226233,0.6252397377591636,-6.422456628874821,0.2895770591703543,0.3472724874831434,-1.289788025169193
other,12,Kirinyaga,9,0.042665839195251465,0.05268165335942447,0.0,0.0,0.0,1.0,0.03787846745036368,0.06560743013687384,0.0
other,12,Kisii,9,0.026160836219787598,0.026299176479025722,0.0,0.0,0.0,1.0,0.0,0.0,1.0
other,12,Kisumu,9,0.0549268192715115,0.06908108561885049,0.0,0.0,0.0,1.0,0.0,0.0,1.0
other,12,Kitui,9,0.49174049547484205,0.6018174742221866,0.04264246329341126,0.7220371302820037,0.9276264793855981,-1.2745256967796625,0.5457156113500948,0.5948192854865041,0.06477812780666237
other,12,Konso,9,0.5398184307813856,0.6681987493472358,-0.9673667316138221,0.7522207615945367,0.9766009917274311,-3.2025058648885585,0.5143722723131788,0.6800070782067928,-1.0375152731398645
other,12,Konta Special,9,0.07197100586361355,0.07387062541087211,0.0,0.0025919216830202364,0.006034243677111457,0.0,0.0371279327488887,0.05553638718796964,0.0
other,12,Kwale,9,0.4019220183093113,0.48128851544228807,-755654311.3558236,0.28065696102612964,0.5029239677365778,-825119467.3955897,0.4069036790520604,0.4628325293789377,-698811297.0662334
other,12,Machakos,9,0.0969239660589429,0.10455548016723405,-1412.1258536632706,0.002968998990198177,0.004183361606627319,-1.262236748546599,0.4154542545358665,0.47943043425965004,-29711.44833386396
other,12,Majang,9,0.07417828506893581,0.07508872305610453,0.0,0.0,0.0,1.0,0.0224453088870414,0.03887641538393296,0.0
other,12,Makueni,9,0.4486594043702673,0.5318370065732279,0.07018573147267615,0.6634916640176178,0.7943773302601401,-1.0744013358000313,0.5125532061137604,0.5868203508616977,-0.13200783588271015
other,12,Mao Komo Special,9,0.07805271959456365,0.08065724777380244,-316.1861194130341,0.006455368251899074,0.007655125054177742,-1.8571428571428577,0.003792528847990701,0.004621692599298859,-0.04142857142857026
other,12,Marka,9,0.41977902061520866,0.5022026705765101,0.19182961977431656,0.8551527953281102,0.9671604689489458,-1.9973811236850394,0.5037589040638619,0.5690331679035481,-0.037576331548057285
other,12,Mekelle Tigray,9,1.054169843262148,1.1333786213923298,-0.807518928154094,1.0963444650192151,1.2595570770137388,-1.2323820708287836,0.9351611008237258,1.0806293465733596,-0.6431845241612397
other,12,Meru,9,0.2660690944532754,0.39313734771233705,0.18701067477643174,0.4873503667823446,0.677051392464556,-1.4112348263989785,0.3853692674928828,0.4827199381487165,-0.22570712549880456
other,12,Metekel,9,0.30850283308844695,0.4690375491491163,-0.3467227904843573,0.3241984821824169,0.5613518112150389,-0.9290045074933126,0.21773797142489432,0.4584211662639279,-0.28644821700938894
other,12,Migori,9,0.049763626522488065,0.06727328911443081,0.0,0.0,0.0,1.0,0.0029463931277963575,0.0051033025964150715,0.0
other,12,Mirab Omo,9,0.07875027740347147,0.0810102732080436,-1.6981159084270732,0.017774939904453953,0.05231214672164547,-0.12508541251250294,0.02800856926500608,0.05524977734210544,-0.2549934905776514
other,12,Mombasa,9,0.25997455289742155,0.4019282861719352,-0.6557363511371599,0.22586015835439188,0.4695188184314669,-1.2594360217505316,0.22154010919744038,0.38138753653617,-0.4908262608103504
other,12,Muranga,9,0.062009334564208984,0.07909586196350506,0.0,0.0,0.0,1.0,0.04094244310749636,0.07091439164818188,0.0
other,12,Nairobi,9,0.29308616287704436,0.4336890829560953,-0.9232178931976274,0.22113080489362869,0.4690892750085727,-1.25,0.22169796532858146,0.38350190815958657,-0.5038570955702788
other,12,Nakuru,9,0.04252599345313178,0.053130859758975364,0.0,0.0,0.0,1.0,0.000641992721377734,0.0007223262554970991,0.0
other,12,Nandi,9,0.048013514942593045,0.06468763618265554,0.0,0.0,0.0,1.0,0.0,0.0,1.0
other,12,North Gondar,9,0.5644598098692466,0.6675205062734983,-0.4799207783597117,0.7795665342458344,0.8799954528135314,-1.571994883301008,0.35501374054331564,0.49396843727464745,0.18958467631519083
other,12,North Shewa (AM),9,0.30118432831021186,0.36467890809685344,-0.23010580781349987,0.2854536322530442,0.41395674763148915,-0.5850067266263443,0.32519104938150584,0.38541207998648214,-0.37395282916073946
other,12,North Shewa (OR),9,0.3444473407467841,0.38818738287195353,-2.6140607184230804,0.1985211736045692,0.2698131371639067,-0.7459781192020678,0.35872590456362397,0.3696969762886609,-2.2779657437384393
other,12,North Wello,9,0.7004582402793991,0.9453691993733896,-0.169302758669452,1.0212119816111993,1.18686702836251,-0.8430121879809518,0.6971333576871283,0.8882596728457491,-0.03229534272226231
other,12,North Western Tigray,9,1.3313571986768058,1.7171233045768028,-0.726843037711012,1.3095737059164918,1.747125567623224,-0.7877143966983349,1.4130569921873566,1.771550434745172,-0.8380483901002211
other,12,Nyamira,9,0.037811742888556585,0.050572382003249323,0.0,0.0,0.0,1.0,0.0,0.0,1.0
other,12,Nyandarua,9,0.03455626241531681,0.042084849997042394,-6.581119871608969,0.010807969336709725,0.018719952017827744,-0.5,0.04166170159295193,0.058630627679418415,-13.714004475823877
other,12,Nyeri,9,0.17576055317768813,0.21970226982022478,-2.4932765999355757,0.15770821235680424,0.19315232426033166,-1.7000000000000002,0.1385763321898436,0.15001547193504478,-0.6286808587506421
other,12,Oromia,9,0.47906729299238626,0.6087568045901302,0.008255793590982607,0.6846307320793587,0.8563589310230229,-0.9625633185703568,0.5029072056425209,0.6342896614467468,-0.0766815722916796
other,12,Qandala,9,0.4486061903993728,0.4823904010842487,-0.309738173478471,0.22842752537855426,0.4725059560241498,-0.25661357027159837,0.40958900260717146,0.4280870272527265,-0.03145742203720436
other,12,Region 14,9,0.06187536981370714,0.06673737922514836,0.0,0.0,0.0,1.0,0.11111111111111109,0.1924500897298752,0.0
other,12,Sheka,9,0.07523802916208903,0.08657071262720509,0.0,0.0,0.0,1.0,0.007960634939486363,0.013788224175698374,0.0
other,12,Siaya,9,0.03566361798180474,0.04923968341915397,0.0,0.0,0.0,1.0,0.0,0.0,1.0
other,12,Sidama,9,0.3031159647535213,0.3487331454961438,0.12218193251078413,0.5800697278585945,0.6668140500048544,-2.209427320405225,0.29684375299192145,0.3510921708970086,0.11026566271157967
other,12,Siltie,9,0.2455440694462543,0.30114808852716396,0.22526479745022077,0.4582939887246024,0.560811850975653,-1.686751085982022,0.290665916603352,0.3549835769326089,-0.07648898538780857
other,12,South Eastern Tigray,9,1.3669868734584867,1.5985481615288977,-0.702104703284921,1.4428079437287424,1.7316465993185617,-0.9973462095611807,1.3360062518529077,1.5594809550382005,-0.6199252384231644
other,12,South Gondar,9,0.19552786807722217,0.2655693301039305,-0.5168711078584725,0.2860153492205304,0.3605890087370086,-1.796519245868141,0.18652145210027882,0.23251845168269372,-0.1628071349050808
other,12,South Wello,9,0.50371668094395,0.5807582251864716,-0.3321045611433777,0.6870744292179252,0.82265217609137,-1.6728837969372026,0.4965617763776024,0.55531764640242,-0.21795298816876407
other,12,South West Shewa,9,0.0678389369030665,0.07251456861083111,-0.795192947541133,0.03584677464535709,0.06539613314063882,-0.4600399416205374,0.03036874206950367,0.05666938740747,-0.09637123843778617
other,12,Southern Tigray,10,1.0162640004148702,1.231737535413077,-0.46443558362259596,0.9324604041126745,1.2083500075298381,-0.4093518148092774,1.044912710544158,1.2676886187034442,-0.5511689518100402
other,12,Taita Taveta,10,0.4181048639158057,0.4793797512823493,-0.13832453277623746,0.5542953030833636,0.7023605171054705,-1.4435819250938748,0.38742004593854,0.4466839530610232,0.011657602314031235
other,12,Tharaka-Nithi,10,0.5058410694256817,0.5744047732931169,-1.5327774815371416,0.5483145622811252,0.6508597277849097,-2.2518893244134874,0.4029438794157897,0.49619470558372464,-0.8900148126460259
other,12,Trans Nzoia,10,0.023838056816285168,0.024787069908082413,-6604.45706907352,0.0001524908407277703,0.0003409798858133879,-0.25,0.0007827436046194735,0.0012316542330009928,-15.309103866847003
other,12,Uasin Gishu,10,0.03020492196083069,0.03468220973944369,0.0,0.0,0.0,1.0,0.0,0.0,1.0
other,12,Vihiga,10,0.04844424724578857,0.06397141813277515,0.0,0.0,0.0,1.0,0.0,0.0,1.0
other,12,Wag Hamra,10,0.8064546019966989,1.0538306125294603,-0.750237966447036,1.1633011882985704,1.3224825470380035,-1.7563564447917233,0.6512984001811745,0.9130157624891347,-0.3137478877278461
other,12,Welayta,10,0.2910664040701122,0.34717872090045404,-0.13083121057002534,0.5357664461262589,0.6664719373520887,-3.1673053546143395,0.24992772437216287,0.2934690057514214,0.19199123803520735
other,12,West Arsi,10,0.24537000756883956,0.2746217441974829,-0.26607129798677764,0.4744541641837988,0.5071237679968631,-3.3173400073064077,0.2526967497487278,0.2989465842020937,-0.5002910278331949
other,12,West Gojam,10,0.08887698650360107,0.09013641140473669,0.0,0.0,0.0,1.0,0.0,0.0,1.0
other,12,West Gondar,10,0.15810105610737296,0.212189875257722,-6839.746974906487,0.10283949388867256,0.3162511803736604,-15194.623423713138,0.003511268483695207,0.004267749106595998,-1.7672727868400187
other,12,West Hararge,10,0.48206966583426747,0.5587712434815906,-1.3807619917089604,0.6180805940254682,0.6811446535433657,-2.5377455194275993,0.28753266400894667,0.35714871691514066,0.02737355427937993
other,12,West Shewa,10,0.06093933582305908,0.06125365043682775,0.0,0.0,0.0,1.0,0.04009496331873674,0.07276646987709441,0.0
other,12,West Wellega,10,0.07872354505736497,0.08062241300831847,-1.2301228354643015,0.017995758039542696,0.05690758362624138,-0.11111111111111116,0.017995758039542696,0.05690758362624138,-0.11111111111111116
other,12,Western Tigray,10,0.8510153410665321,1.1492051264896903,-0.566857651571282,0.8624143709985589,1.191297820066099,-0.6837403806857008,0.9309616778574176,1.3070446469568964,-1.02682045671235
other,12,Yem Special,10,0.07264389991760253,0.07363031987315777,0.0,0.0,0.0,1.0,0.029268375090882114,0.053436497529328164,0.0
p,0,Afder,9,0.3217077083618108,0.3779080437600367,0.6527801689347539,0.32864619393028893,0.5439432162491634,0.2806514388969005,0.7157560336124198,0.8577736428643915,-0.7888653184607874
p,0,Afmadow,9,0.21118421369703644,0.24406364903356648,0.8704561527460541,0.22153987217668167,0.3645595879075686,0.7109668608530906,0.6741891008326293,0.8343198140825473,-0.513825113846903
p,0,Awsi-Zone 1,9,0.27529772134934405,0.31487480630337217,0.4316635640251456,0.2586988017622003,0.30916477434407386,0.45208942389600915,0.40659359584072896,0.5215395606345236,-0.5592084739031242
p,0,Baardheere,9,0.3693472358155764,0.4425829296146251,0.33283292348528215,0.5474772661452838,0.6090533231970502,-0.2634437822460671,0.6798400158869664,0.8572118209250094,-1.5027737467307625
p,0,Badhaadhe,9,0.29035953406990067,0.3322677875001501,0.7423030623812175,0.2894165815928717,0.42320129819657504,0.5819514120060295,0.6268632792149182,0.7573908286413191,-0.3389762140256076
p,0,Baki,9,0.28946104547565477,0.33531833746789097,-1.7221298617272285,0.3063006285840022,0.35197244717043163,-1.9992423979899439,0.20579914203216962,0.24807983778264342,-0.4899687844034739
p,0,Bale,9,0.2841518347162802,0.3620031299732217,-0.39678699495195047,0.3760690302281756,0.43553804391799195,-1.0218909308287967,0.24917837477673663,0.3151056808929575,-0.058322422450798106
p,0,Bandarbeyla,9,0.46897490432196126,0.5180338602206055,0.3273597353425649,0.5602932674272175,0.6541772535888256,-0.07264853608368815,0.5132645188339879,0.6594438225795903,-0.08998914930558288
p,0,Belet Weyne,9,0.40661197605659993,0.45041781943062315,0.5528474707047408,0.4781336479412512,0.5574061341932678,0.3151932196203514,0.6614526225228864,0.8152269015652043,-0.4648109205922084
p,0,Belet Xaawo,9,0.4261044560936329,0.5163705717106024,-0.19184709008062373,0.32421512897149907,0.5469052390105336,-0.33697024111273044,0.7835872321486984,0.9109336758102766,-2.709121744872418
p,0,Berbera,9,0.31523812834391035,0.35793588468881676,-1.0978113813393189,0.3868165650890379,0.43860875752535294,-2.149999999999999,0.22655307019729268,0.3239167739843293,-0.7179987088614861
p,0,Borama,9,0.2986031537288452,0.32979971439917793,-0.3770221279155239,0.2855260240171869,0.40723541814003,-1.0995752940016588,0.28217277460034507,0.2947765166932257,-0.10008472371781396
p,0,Borena,9,0.29370461671461295,0.35832357922642133,0.6803703206204053,0.3526218947156657,0.39950598335379606,0.6026777371546463,0.5808378865422744,0.8027972299592562,-0.6043830114040987
p,0,Bu'aale,9,0.3383342471875864,0.44842021579506103,0.44645174312112434,0.45353314266201195,0.6096191458311901,-0.023062855651822423,0.7097963326986085,0.9146319087486889,-1.3029145192606282
p,0,Bulo Burto,9,0.31106619173385114,0.37689831007075614,0.6714877428984376,0.36763698773826564,0.4534937891445901,0.5243955769469035,0.6745054761173545,0.7910105738239077,-0.446997483110565
p,0,Burco,9,0.3062933474684276,0.34512685428194617,0.6140096579701273,0.29896571538845534,0.4832196043321944,0.243327373794325,0.3606900423725515,0.5920378740278204,-0.13584197255328045
p,0,Burtinle,9,0.4827120569017198,0.6132251606146092,0.4560776266700738,0.3333333333333333,0.7453559924999299,0.19642857142857129,0.7555555555555556,1.0249661241014532,-0.5195535714285717
p,0,Buuhoodle,9,0.44231422742207843,0.46561886331060764,0.5121979167910098,0.3333333333333333,0.5773502691896257,0.25,0.4670939504026361,0.695901248077922,-0.0896267309219212
p,0,Cabudwaaq,9,0.6438535584343804,0.7817681325436109,0.08325788040891291,0.7777777777777778,1.0,-0.5,0.7833333333333334,1.0147522959925848,-0.5445833333333334
p,0,Cadaado,9,0.5598477160018648,0.6773088949259255,0.17395409426225095,0.6473168843430896,0.8438855769734295,-0.2823239491715046,0.7198922194886914,0.9328054827611534,-0.5667972654366231
p,0,Caynabo,9,0.4881736934671566,0.5175150074625415,0.3671461007109217,0.5005250413625557,0.6744163407672937,-0.07476553774767081,0.4930520108210066,0.6760512386309723,-0.0799826760815745
p,0,Ceel Afweyn,9,0.4183373962214787,0.45936529686210376,-0.03187633161005188,0.5426705585755537,0.6351939840202774,-0.9729861542599454,0.42971882376371434,0.46531622935113465,-0.05878476969790358
p,0,Ceel Barde,9,0.4764125479592217,0.5398334477730335,0.5278993548380768,0.3333333333333333,0.5773502691896257,0.45999999999999996,0.8055555555555556,0.924211375534118,-0.38375000000000004
p,0,Ceel Buur,9,0.3383648106599694,0.40735927448517417,0.6414405666193859,0.5028460855640162,0.5997345200959995,0.22281567972228444,0.5072315629160984,0.6896117978580325,-0.027579192113798667
p,0,Ceel Waaq,9,0.37425701255424454,0.46541598594673367,0.029793664031433353,0.3257260741533023,0.5517851005631428,-0.3637082028001615,0.692682339336456,0.8847480411668509,-2.506071218523211
p,0,Ceerigaabo,9,0.4437628322177463,0.4827176065791938,0.24924965248587228,0.6072882747500008,0.7241198253869665,-0.6893908549562426,0.5111254839274288,0.5744991854398922,-0.06337904392781302
p,0,Daawa,9,0.3393600292926224,0.3939585495057725,0.20093978275070523,0.19136331489972078,0.35549331388802324,0.34935915495776604,0.5612477940993982,0.6918174760108261,-1.4641180303653947
p,0,Dhuusamarreeb,9,0.46272769901502403,0.5462044151980695,0.38244567864966406,0.5205956508638886,0.7092399212934797,-0.041240610469412076,0.6567038896965091,0.8712638628537106,-0.5713182508488122
p,0,Doolo,9,0.42959785919015,0.46901173050507067,0.22761532548785524,0.5386734330728495,0.7183719607324558,-0.8120283303976188,0.5059960646079296,0.5669800513638636,-0.12876048066617485
p,0,East Bale,9,0.20639804349931967,0.25549621772317405,0.6480382879834787,0.31790934158704254,0.38834167133113834,0.18688034041639123,0.5747520172081155,0.6800457154721572,-1.4934616225937387
p,0,Erer,9,0.34094183181263976,0.3685044492993989,-7.006037495374029,0.13971652530316822,0.20844297990116117,-1.5615727491263685,0.3720051094095038,0.39148545763831294,-8.03573356016992
p,0,Eyl,9,0.43334298820104106,0.48574317580430165,0.43164645132317225,0.44441231802699765,0.5356628563750214,0.3088246744133166,0.5322195304359326,0.7135196117327297,-0.22635721168094025
p,0,Fanti-Zone 4,9,0.496549216735319,0.6336969384741573,0.2511043187566081,0.36751146199789475,0.5594452149101307,0.4163221194747624,0.8617230668421557,1.084456353377386,-1.1932203307789422
p,0,Gaalkacyo,9,0.5309025630082695,0.6302112802025764,0.2517776168126221,0.6103528693961057,0.8028191115040656,-0.21420986309085466,0.7064377333018338,0.9458442927659221,-0.6853792651366049
p,0,Gabi-Zone 3,9,0.40537939894387054,0.5490374237313675,0.25268887472326795,0.3546899024152332,0.5469882034913987,0.2582569730679479,0.5531158046382973,0.7063313211109038,-0.23684273128231803
p,0,Galdogob,9,0.6622274186876085,0.7929137419395133,0.056931696765218476,0.7777777777777778,1.0,-0.5,0.8666666666666667,1.0778064142816495,-0.7424999999999999
p,0,Garbahaarey,9,0.3184595711407815,0.43640877773591713,0.31314882534975164,0.4488013433507534,0.5349362554015641,-0.03200014293922138,0.6985148919783973,0.839121606717048,-1.5393671599660355
p,0,Garissa,9,0.2179315268299307,0.3026250112187517,0.5648069151936278,0.2706801706677454,0.42021528651749857,0.16089551417542958,0.4482372384951664,0.5127229422425237,-0.24921689805555847
p,0,Garoowe,9,0.6116887268624964,0.6465393097705135,0.09430896599865923,0.7105175934376702,0.8114959525093195,-0.4267993867580331,0.5451368173303356,0.6340457521755145,0.12897345101621305
p,0,Gebiley,9,0.322274121482961,0.3683120329831497,-0.3610091731637666,0.29765221611576326,0.44647832417364486,-0.9999999999999998,0.30351334308080224,0.3229827603245245,-0.046617327522098906
p,0,Guji,9,0.3259426253425042,0.38642172727465246,-0.22683448387424554,0.37133096701086815,0.4078078724443055,-0.36638822349751954,0.29914987467186577,0.3743489476489342,-0.15137324400221552
p,0,Hargeysa,9,0.3225069278801174,0.3840187294946221,-0.023482161782200972,0.3368048335848918,0.4863361700650926,-0.6415291739539151,0.3335111276226649,0.36775928976848377,0.061351978854167655
p,0,Hari-Zone 5,9,0.4176220628950331,0.5104203156856677,-0.5073457708455142,0.3333333333333333,0.5773502691896257,-0.9285714285714288,0.3919991660515769,0.5047780029555043,-0.4742048152633942
p,0,Hobyo,9,0.2649028038711675,0.31631268497182835,0.7277483561190843,0.3227967701983622,0.4261268377429061,0.5058997564870154,0.5476058762585386,0.7425327706513224,-0.5002669575361565
p,0,Isiolo,9,0.32260582226267775,0.4536334925631189,0.07265241903631636,0.3200390568325166,0.5548512148824204,-0.3873479679871683,0.5759595195913568,0.6738809417063489,-1.0464383602433114
p,0,Iskushuban,9,0.44081577165902375,0.4958824220268806,-0.07714263210957562,0.5178114580009147,0.6500892766866639,-0.8512360219023911,0.38136641917558434,0.47461305492973427,0.01327723622334065
p,0,Jalalaqsi,9,0.27953063105980885,0.31058084031441147,0.7423261397569749,0.3465152322544744,0.4508813043337169,0.45694289764407003,0.632106998796854,0.7404521087449795,-0.4645863797574392
p,0,Jarar,9,0.452647231309865,0.4867015577536765,-0.2564455251743081,0.43113010746254715,0.6217643756842441,-1.0505476322746357,0.41812012212799327,0.4468178082892771,-0.05895898432855917
p,0,Jariiban,9,0.48775717931630563,0.5726389166977536,0.4091403337703504,0.45690096990542134,0.6421054000960478,0.25709159715353014,0.6941040818784053,0.8826903081933477,-0.4039102412395261
p,0,Kajiado,9,0.12302140075028836,0.15662546677474626,-206.00640584103613,0.03857899167585691,0.09905257462573924,-81.79241774267983,0.3114329014182877,0.364574881935794,-1120.5858357178554
p,0,Kilbati-Zone 2,9,0.4048877443784937,0.4861671910611965,-0.15269593904121015,0.19863224936891172,0.31433699977468704,0.5181249104169922,0.7273465530748275,0.8606512307504949,-2.6124168308184665
p,0,Kismaayo,9,0.4005354557797387,0.4584617658535791,0.32502632228700323,0.3737452027866751,0.4848137741100853,0.2452024334317784,0.49893965416321134,0.7581871743569525,-0.8460074873035797
p,0,Korahe,9,0.35281632790831063,0.3968334460865711,0.23760337500227846,0.4670408418996167,0.6024153364267165,-0.7569381276705593,0.4135227504305643,0.47479548557807816,-0.09138401903499105
p,0,Kurtunwaarey,9,0.4749794701401979,0.5206931420921581,-0.5011305634621948,0.5821078276252296,0.6850758867493142,-1.5985562063433805,0.5050563417727846,0.5981090684680407,-0.9806855185131884
p,0,Laas Caanood,9,0.49896934297349715,0.5361778325419156,0.4135744322626188,0.48708048286808975,0.6788261415094498,0.06003365407806338,0.5632107366310891,0.7213001420919036,-0.06127326268776545
p,0,Laasqoray,9,0.5356939286993769,0.5849693615033142,-0.09408994684398952,0.7114741985341073,0.8274878252126324,-1.1893238744581347,0.5692049521454514,0.5995645418611454,-0.14936685573800923
p,0,Lamu,9,0.26428370086422626,0.37934220681226344,-0.4584180063396004,0.22236758114649943,0.4714047224892577,-1.2522030528547434,0.3288991174439508,0.45297432699501355,-1.0795380048957983
p,0,Liban,9,0.2992585123252566,0.3516432329571373,0.6102134743088375,0.3093402617602046,0.49572682597818124,0.22534712690218073,0.6702732889559821,0.8394553083410933,-1.2213523578287302
p,0,Lughaye,9,0.4716358011332748,0.5403333508448765,-0.23666616442190858,0.7605339001522976,0.8623643843301461,-2.149999999999999,0.5458482141962663,0.6718152273170969,-0.9117390737282707
p,0,Mandera,9,0.24062989063166831,0.35870756727205855,0.4041699018788957,0.4136967337188194,0.5881800670553065,-0.6019979849232082,0.4699508202532636,0.5534198325265501,-0.4182434862394848
p,0,Marsabit,9,0.23552732470934284,0.3262580395199806,0.4422893899811947,0.2751157932734267,0.43812404336376704,-0.0057282202373518665,0.48124761363957524,0.5565844266819667,-0.6231122795776882
p,0,Narok,9,0.3730463178068443,0.46056131819079094,-0.8935115701488323,0.3687703597980067,0.5009689368039968,-1.2403436456244559,0.24594385001993352,0.271354744271289,0.3426935675576209
p,0,Nogob,9,0.3116048744426515,0.35828086472211806,-1.2403556775561464,0.16996645883638173,0.3536474163066949,-1.1827838093583423,0.4979058625746029,0.5104247931869919,-3.547087041544353
p,0,Owdweyne,9,0.23667965199746208,0.28394946067435545,0.6622940599250605,0.26566425825805673,0.42587560858220136,0.2403349646827636,0.31781173555220765,0.5268085900185424,-0.16241792715038006
p,0,Qardho,9,0.6508229308658176,0.710972382131329,-0.07747421001140053,0.7777777777777778,0.8819171036881969,-0.6578947368421055,0.5611111111111111,0.6331139971074193,0.1455921052631578
p,0,Qoryooley,9,0.4131627125928181,0.44270301120365213,-0.32713613991380663,0.5334316521003042,0.6665899903974496,-2.00890239310792,0.5508075432266806,0.6852553709331727,-2.1797678953194772
p,0,Saakow,9,0.360570239720459,0.4639218709500686,0.18951373955644524,0.4374675365763085,0.6162910157008933,-0.430301637394102,0.651821107633016,0.8588767610579894,-1.7779067728907987
p,0,Sablaale,9,0.3909350830419649,0.48648733176378883,0.03096162764518451,0.4650338788929243,0.6017925641167947,-0.4828305940201594,0.6206200558168905,0.7167842526126005,-1.103656441747784
p,0,Samburu,9,0.24096726500417967,0.2572352456092673,0.5587353926975765,0.23061591488371663,0.3213295702860074,0.3114435774343183,0.48204751647520144,0.6188036510411373,-1.5535471538079992
p,0,Shabelle,9,0.22209816753071154,0.2785688103213723,0.06537774415548003,0.18791058989365889,0.28543052230214777,0.018767410226614212,0.5629245991675838,0.6398414236871396,-3.9307824988377904
p,0,Sheikh,9,0.1710033594582138,0.20515076906462634,-19.627949469647778,0.023954735809266953,0.04149081950353993,0.15625,0.1561724550616525,0.18689305332249576,-16.119697189251237
p,0,Siti,9,0.2243490742724867,0.2631939355799357,0.3235501169222561,0.3324890301432031,0.421488051187196,-0.7348199356532579,0.39528720791126176,0.4344082449549389,-0.8428075740443624
p,0,Taleex,9,0.539934237798055,0.558311584146093,0.3355616362018601,0.5555555555555556,0.7453559924999299,-0.1842105263157896,0.6297572124172665,0.7169052376511383,-0.09553165003953823
p,0,Tana River,9,0.30248177418635275,0.42504186183460674,-0.065840516866569,0.25919660790925253,0.38962153769187696,0.10439867591709928,0.44074295821754966,0.5595457541864571,-0.8471408982841144
p,0,Turkana,10,0.5075352915703151,0.6460486408047312,-0.29500402848741003,0.36902948427912846,0.5403949165005557,0.09392698749382167,0.7335853182766928,0.9047593842533479,-1.5398430366259173
p,0,Wajir,10,0.2593790662318578,0.36304520427977516,0.3039028716651413,0.2985997454910304,0.46434719886944215,-0.1387649558514661,0.3941541762937754,0.48703684433543715,-0.2527720842080097
p,0,Wanla Weyn,10,0.4010089530160334,0.49759497778181405,0.0023308585227289624,0.360090894688047,0.5331415072747142,-0.1453007723862756,0.546952828238614,0.7001940093992157,-0.9754741187482605
p,0,West Guji,10,0.33661487741109053,0.3894343507150774,0.01063909024149401,0.2452226419124016,0.3894686901044224,0.010464603592867605,0.6264413860690906,0.7503034095154771,-2.6724853665092207
p,0,West Pokot,10,0.3471703033613741,0.40346219083703655,-0.3444939540039469,0.38413491940503386,0.452614298971098,-0.6920364281012472,0.37571252886774453,0.4249486700000099,-0.49150982096404827
p,0,Xarardheere,10,0.38794134855270385,0.4247951455279783,0.6130301670729394,0.259879010664693,0.4194948730522593,0.6226265566665159,0.6779837839879603,0.7911436286967801,-0.34223540315133416
p,0,Xudun,10,0.5030755519866943,0.5321151092684917,0.37078557886262486,0.6,0.7745966692414834,-0.33333333333333326,0.6085979528160109,0.7279170363545763,-0.17747380403384327
p,0,Zeylac,10,0.5001537306415527,0.5470924102714633,-0.0058490312145080825,0.681541565605664,0.7619866350929486,-0.9512195121951215,0.4575340422497535,0.5702045523317547,-0.09262914965148439
p,1,Afder,9,0.2762134168443412,0.3607799303764375,0.6835413359367142,0.32864619393028893,0.5439432162491634,0.2806514388969005,0.7157560336124198,0.8577736428643915,-0.7888653184607874
p,1,Afmadow,9,0.21949305008915285,0.25130163019949636,0.8626586847272586,0.22153987217668167,0.3645595879075686,0.7109668608530906,0.6741891008326293,0.8343198140825473,-0.513825113846903
p,1,Awsi-Zone 1,9,0.2604363478744454,0.2991003628918956,0.4871816550653475,0.2586988017622003,0.30916477434407386,0.45208942389600915,0.40659359584072896,0.5215395606345236,-0.5592084739031242
p,1,Baardheere,9,0.3726170671550946,0.44646341141130824,0.32108245079426045,0.5474772661452838,0.6090533231970502,-0.2634437822460671,0.6798400158869664,0.8572118209250094,-1.5027737467307625
p,1,Badhaadhe,9,0.29657346398797796,0.35338130864142847,0.70851250515023,0.2894165815928717,0.42320129819657504,0.5819514120060295,0.6268632792149182,0.7573908286413191,-0.3389762140256076
p,1,Baki,9,0.22350737977700577,0.27870732909214324,-0.8805765230064799,0.3063006285840022,0.35197244717043163,-1.9992423979899439,0.20579914203216962,0.24807983778264342,-0.4899687844034739
p,1,Bale,9,0.34760082663840375,0.4224393830358304,-0.9021043159352822,0.3760690302281756,0.43553804391799195,-1.0218909308287967,0.24917837477673663,0.3151056808929575,-0.058322422450798106
p,1,Bandarbeyla,9,0.37439184331562714,0.47108824657548937,0.4437486168608573,0.5602932674272175,0.6541772535888256,-0.07264853608368815,0.5132645188339879,0.6594438225795903,-0.08998914930558288
p,1,Belet Weyne,9,0.336646918153734,0.35825004442385533,0.7171233696439978,0.4781336479412512,0.5574061341932678,0.3151932196203514,0.6614526225228864,0.8152269015652043,-0.4648109205922084
p,1,Belet Xaawo,9,0.37246093806961217,0.44460168568513075,0.11643239767867997,0.32421512897149907,0.5469052390105336,-0.33697024111273044,0.7835872321486984,0.9109336758102766,-2.709121744872418
p,1,Berbera,9,0.28984429793856914,0.31190320155032836,-0.592926075053984,0.3868165650890379,0.43860875752535294,-2.149999999999999,0.22655307019729268,0.3239167739843293,-0.7179987088614861
p,1,Borama,9,0.22045788827602714,0.2832264077968452,-0.015565308532237587,0.2855260240171869,0.40723541814003,-1.0995752940016588,0.28217277460034507,0.2947765166932257,-0.10008472371781396
p,1,Borena,9,0.3002456820901142,0.36672506009155326,0.6652061274351719,0.3526218947156657,0.39950598335379606,0.6026777371546463,0.5808378865422744,0.8027972299592562,-0.6043830114040987
p,1,Bu'aale,9,0.40849241089404803,0.4716304956079832,0.38766528937435707,0.45353314266201195,0.6096191458311901,-0.023062855651822423,0.7097963326986085,0.9146319087486889,-1.3029145192606282
p,1,Bulo Burto,9,0.23750405974617342,0.27447004039705825,0.8257819733353831,0.36763698773826564,0.4534937891445901,0.5243955769469035,0.6745054761173545,0.7910105738239077,-0.446997483110565
p,1,Burco,9,0.22368623912853508,0.2687732878327422,0.7659055377700889,0.29896571538845534,0.4832196043321944,0.243327373794325,0.3606900423725515,0.5920378740278204,-0.13584197255328045
p,1,Burtinle,9,0.4251904222700331,0.5859958443784975,0.5033092589296726,0.3333333333333333,0.7453559924999299,0.19642857142857129,0.7555555555555556,1.0249661241014532,-0.5195535714285717
p,1,Buuhoodle,9,0.4027954737345378,0.4670268769928038,0.5092432663742841,0.3333333333333333,0.5773502691896257,0.25,0.4670939504026361,0.695901248077922,-0.0896267309219212
p,1,Cabudwaaq,9,0.6010702715979682,0.7372506901802202,0.1846921297431834,0.7777777777777778,1.0,-0.5,0.7833333333333334,1.0147522959925848,-0.5445833333333334
p,1,Cadaado,9,0.49871454090151407,0.5954174875738552,0.3616280492377447,0.6473168843430896,0.8438855769734295,-0.2823239491715046,0.7198922194886914,0.9328054827611534,-0.5667972654366231
p,1,Caynabo,9,0.4427304500165679,0.48617013975153545,0.4414859201770327,0.5005250413625557,0.6744163407672937,-0.07476553774767081,0.4930520108210066,0.6760512386309723,-0.0799826760815745
p,1,Ceel Afweyn,9,0.3716005465425914,0.42808024184532284,0.10388932322884159,0.5426705585755537,0.6351939840202774,-0.9729861542599454,0.42971882376371434,0.46531622935113465,-0.05878476969790358
p,1,Ceel Barde,9,0.4221559895409478,0.47642459050426983,0.6322917674917988,0.3333333333333333,0.5773502691896257,0.45999999999999996,0.8055555555555556,0.924211375534118,-0.38375000000000004
p,1,Ceel Buur,9,0.29244303914241443,0.35485732978559004,0.727909426242191,0.5028460855640162,0.5997345200959995,0.22281567972228444,0.5072315629160984,0.6896117978580325,-0.027579192113798667
p,1,Ceel Waaq,9,0.3240728818856044,0.4421096284283857,0.12452961301838028,0.3257260741533023,0.5517851005631428,-0.3637082028001615,0.692682339336456,0.8847480411668509,-2.506071218523211
p,1,Ceerigaabo,9,0.4362940788269043,0.48104611483081017,0.2544398522563478,0.6072882747500008,0.7241198253869665,-0.6893908549562426,0.5111254839274288,0.5744991854398922,-0.06337904392781302
p,1,Daawa,9,0.3477412105856861,0.3902845213247296,0.2157742386842374,0.19136331489972078,0.35549331388802324,0.34935915495776604,0.5612477940993982,0.6918174760108261,-1.4641180303653947
p,1,Dhuusamarreeb,9,0.4125631054243936,0.4823073568007507,0.5184820015365087,0.5205956508638886,0.7092399212934797,-0.041240610469412076,0.6567038896965091,0.8712638628537106,-0.5713182508488122
p,1,Doolo,9,0.4872585713263126,0.5340881478923946,-0.0015949333944467181,0.5386734330728495,0.7183719607324558,-0.8120283303976188,0.5059960646079296,0.5669800513638636,-0.12876048066617485
p,1,East Bale,9,0.1994186442420836,0.2498296982756581,0.6634771194470475,0.31790934158704254,0.38834167133113834,0.18688034041639123,0.5747520172081155,0.6800457154721572,-1.4934616225937387
p,1,Erer,9,0.3301908758071195,0.3558924642951346,-6.46740545346505,0.13971652530316822,0.20844297990116117,-1.5615727491263685,0.3720051094095038,0.39148545763831294,-8.03573356016992
p,1,Eyl,9,0.34811732660537864,0.3797553631337445,0.652613456024951,0.44441231802699765,0.5356628563750214,0.3088246744133166,0.5322195304359326,0.7135196117327297,-0.22635721168094025
p,1,Fanti-Zone 4,9,0.5249924269094257,0.6658535494849612,0.17317129320340552,0.36751146199789475,0.5594452149101307,0.4163221194747624,0.8617230668421557,1.084456353377386,-1.1932203307789422
p,1,Gaalkacyo,9,0.47898368414119985,0.5582083804403993,0.412982490000653,0.6103528693961057,0.8028191115040656,-0.21420986309085466,0.7064377333018338,0.9458442927659221,-0.6853792651366049
p,1,Gabi-Zone 3,9,0.4430967810570094,0.5482431685980828,0.2548494792410203,0.3546899024152332,0.5469882034913987,0.2582569730679479,0.5531158046382973,0.7063313211109038,-0.23684273128231803
p,1,Galdogob,9,0.5964669386545817,0.7173506981705525,0.22811196375133136,0.7777777777777778,1.0,-0.5,0.8666666666666667,1.0778064142816495,-0.7424999999999999
p,1,Garbahaarey,9,0.2510750118301266,0.3369794110665832,0.5904731086110666,0.4488013433507534,0.5349362554015641,-0.03200014293922138,0.6985148919783973,0.839121606717048,-1.5393671599660355
p,1,Garissa,9,0.2869951586046062,0.39407508813065417,0.26204426629747146,0.2706801706677454,0.42021528651749857,0.16089551417542958,0.4482372384951664,0.5127229422425237,-0.24921689805555847
p,1,Garoowe,9,0.5147085524799687,0.5569779488696315,0.3278500031522572,0.7105175934376702,0.8114959525093195,-0.4267993867580331,0.5451368173303356,0.6340457521755145,0.12897345101621305
p,1,Gebiley,9,0.27753633211698064,0.35472809316144566,-0.26246807779521286,0.29765221611576326,0.44647832417364486,-0.9999999999999998,0.30351334308080224,0.3229827603245245,-0.046617327522098906
p,1,Guji,9,0.3992584400073898,0.4771786576673351,-0.8707894927625024,0.37133096701086815,0.4078078724443055,-0.36638822349751954,0.29914987467186577,0.3743489476489342,-0.15137324400221552
p,1,Hargeysa,9,0.23332705441362572,0.30506413464367194,0.3541111771617558,0.3368048335848918,0.4863361700650926,-0.6415291739539151,0.3335111276226649,0.36775928976848377,0.061351978854167655
p,1,Hari-Zone 5,9,0.3003700441784329,0.44601531201979006,-0.15095016736035483,0.3333333333333333,0.5773502691896257,-0.9285714285714288,0.3919991660515769,0.5047780029555043,-0.4742048152633942
p,1,Hobyo,9,0.21580613115516767,0.2764368782651828,0.7920642068054691,0.3227967701983622,0.4261268377429061,0.5058997564870154,0.5476058762585386,0.7425327706513224,-0.5002669575361565
p,1,Isiolo,9,0.3564017220777073,0.47931195680670113,-0.03530627361986394,0.3200390568325166,0.5548512148824204,-0.3873479679871683,0.5759595195913568,0.6738809417063489,-1.0464383602433114
p,1,Iskushuban,9,0.3846086711086901,0.4697433512759053,0.0334216322768599,0.5178114580009147,0.6500892766866639,-0.8512360219023911,0.38136641917558434,0.47461305492973427,0.01327723622334065
p,1,Jalalaqsi,9,0.28534791193512077,0.32425344055845645,0.7191397821857881,0.3465152322544744,0.4508813043337169,0.45694289764407003,0.632106998796854,0.7404521087449795,-0.4645863797574392
p,1,Jarar,9,0.4390966848756744,0.4689195311436593,-0.16631224580542336,0.43113010746254715,0.6217643756842441,-1.0505476322746357,0.41812012212799327,0.4468178082892771,-0.05895898432855917
p,1,Jariiban,9,0.4070662390951549,0.4857948468441826,0.5747655579367745,0.45690096990542134,0.6421054000960478,0.25709159715353014,0.6941040818784053,0.8826903081933477,-0.4039102412395261
p,1,Kajiado,9,0.1216363509496053,0.147568161293713,-182.7571981726342,0.03857899167585691,0.09905257462573924,-81.79241774267983,0.3114329014182877,0.364574881935794,-1120.5858357178554
p,1,Kilbati-Zone 2,9,0.41284928248138536,0.4855115019063686,-0.14958877523900194,0.19863224936891172,0.31433699977468704,0.5181249104169922,0.7273465530748275,0.8606512307504949,-2.6124168308184665
p,1,Kismaayo,9,0.3703323914970035,0.43752728662527074,0.385260842603685,0.3737452027866751,0.4848137741100853,0.2452024334317784,0.49893965416321134,0.7581871743569525,-0.8460074873035797
p,1,Korahe,9,0.37304315086736284,0.4355654276808432,0.08151677197846696,0.4670408418996167,0.6024153364267165,-0.7569381276705593,0.4135227504305643,0.47479548557807816,-0.09138401903499105
p,1,Kurtunwaarey,9,0.3792785703802697,0.430107752930731,-0.024257833187294464,0.5821078276252296,0.6850758867493142,-1.5985562063433805,0.5050563417727846,0.5981090684680407,-0.9806855185131884
p,1,Laas Caanood,9,0.44349002838134766,0.4897622029774191,0.5107106995577111,0.48708048286808975,0.6788261415094498,0.06003365407806338,0.5632107366310891,0.7213001420919036,-0.06127326268776545
p,1,Laasqoray,9,0.47902095824547886,0.5412729891933737,0.06325906687491467,0.7114741985341073,0.8274878252126324,-1.1893238744581347,0.5692049521454514,0.5995645418611454,-0.14936685573800923
p,1,Lamu,9,0.3180569053498016,0.4521137043974231,-1.0716435299243834,0.22236758114649943,0.4714047224892577,-1.2522030528547434,0.3288991174439508,0.45297432699501355,-1.0795380048957983
p,1,Liban,9,0.3399824189482492,0.3767304527492402,0.5526125999540821,0.3093402617602046,0.49572682597818124,0.22534712690218073,0.6702732889559821,0.8394553083410933,-1.2213523578287302
p,1,Lughaye,9,0.5084048651426494,0.5740628063555109,-0.39587892273531433,0.7605339001522976,0.8623643843301461,-2.149999999999999,0.5458482141962663,0.6718152273170969,-0.9117390737282707
p,1,Mandera,9,0.25449211759080426,0.3551892207526221,0.4158008575086004,0.4136967337188194,0.5881800670553065,-0.6019979849232082,0.4699508202532636,0.5534198325265501,-0.4182434862394848
p,1,Marsabit,9,0.29533864397199533,0.36197296682304164,0.3135028523803619,0.2751157932734267,0.43812404336376704,-0.0057282202373518665,0.48124761363957524,0.5565844266819667,-0.6231122795776882
p,1,Narok,9,0.32769691455118,0.4204382013020618,-0.5779650618548364,0.3687703597980067,0.5009689368039968,-1.2403436456244559,0.24594385001993352,0.271354744271289,0.3426935675576209
p,1,Nogob,9,0.30682757497147034,0.34196212585266306,-1.0409189645068566,0.16996645883638173,0.3536474163066949,-1.1827838093583423,0.4979058625746029,0.5104247931869919,-3.547087041544353
p,1,Owdweyne,9,0.21839472849155012,0.2663882515969602,0.7027740400961545,0.26566425825805673,0.42587560858220136,0.2403349646827636,0.31781173555220765,0.5268085900185424,-0.16241792715038006
p,1,Qardho,9,0.5646746423509386,0.616092087054301,0.19091773057355577,0.7777777777777778,0.8819171036881969,-0.6578947368421055,0.5611111111111111,0.6331139971074193,0.1455921052631578
p,1,Qoryooley,9,0.33281890982283924,0.38909266050411284,-0.0251716820226775,0.5334316521003042,0.6665899903974496,-2.00890239310792,0.5508075432266806,0.6852553709331727,-2.1797678953194772
p,1,Saakow,9,0.3583139037406146,0.46537063524239664,0.1844437609009163,0.4374675365763085,0.6162910157008933,-0.430301637394102,0.651821107633016,0.8588767610579894,-1.7779067728907987
p,1,Sablaale,9,0.3129008807841727,0.4230638137913658,0.2671591602141069,0.4650338788929243,0.6017925641167947,-0.4828305940201594,0.6206200558168905,0.7167842526126005,-1.103656441747784
p,1,Samburu,9,0.33270305081573437,0.3879073462303044,-0.0034463460269815727,0.23061591488371663,0.3213295702860074,0.3114435774343183,0.48204751647520144,0.6188036510411373,-1.5535471538079992
p,1,Shabelle,9,0.1809178520886838,0.22995886480289704,0.36309970250335155,0.18791058989365889,0.28543052230214777,0.018767410226614212,0.5629245991675838,0.6398414236871396,-3.9307824988377904
p,1,Sheikh,9,0.08821328486300138,0.10611126576058598,-4.518648715397322,0.023954735809266953,0.04149081950353993,0.15625,0.1561724550616525,0.18689305332249576,-16.119697189251237
p,1,Siti,9,0.19820939285931846,0.24913992692783188,0.3938633629274697,0.3324890301432031,0.421488051187196,-0.7348199356532579,0.39528720791126176,0.4344082449549389,-0.8428075740443624
p,1,Taleex,9,0.4619566599527995,0.5181848502079107,0.4276379300583003,0.5555555555555556,0.7453559924999299,-0.1842105263157896,0.6297572124172665,0.7169052376511383,-0.09553165003953823
p,1,Tana River,9,0.3383672565124354,0.4168846721877173,-0.02532293006419195,0.25919660790925253,0.38962153769187696,0.10439867591709928,0.44074295821754966,0.5595457541864571,-0.8471408982841144
p,1,Turkana,10,0.5770632298290803,0.7453752398489749,-0.7238148170660998,0.36902948427912846,0.5403949165005557,0.09392698749382167,0.7335853182766928,0.9047593842533479,-1.5398430366259173
p,1,Wajir,10,0.20375650746262391,0.30894087996984765,0.4959203185677219,0.2985997454910304,0.46434719886944215,-0.1387649558514661,0.3941541762937754,0.48703684433543715,-0.2527720842080097
p,1,Wanla Weyn,10,0.29895812910579683,0.38725446342689884,0.3957350182885456,0.360090894688047,0.5331415072747142,-0.1453007723862756,0.546952828238614,0.7001940093992157,-0.9754741187482605
p,1,West Guji,10,0.2663271729433171,0.3509559997502988,0.19648946258796474,0.2452226419124016,0.3894686901044224,0.010464603592867605,0.6264413860690906,0.7503034095154771,-2.6724853665092207
p,1,West Pokot,10,0.3427502851652681,0.4046165030382394,-0.35219819946291864,0.38413491940503386,0.452614298971098,-0.6920364281012472,0.37571252886774453,0.4249486700000099,-0.49150982096404827
p,1,Xarardheere,10,0.3056656837463379,0.37471684737142613,0.6988904991874022,0.259879010664693,0.4194948730522593,0.6226265566665159,0.6779837839879603,0.7911436286967801,-0.34223540315133416
p,1,Xudun,10,0.4450546741485596,0.4955376577081058,0.4543165106514758,0.6,0.7745966692414834,-0.33333333333333326,0.6085979528160109,0.7279170363545763,-0.17747380403384327
p,1,Zeylac,10,0.46842279952557375,0.5198256292965163,0.09191438072541125,0.681541565605664,0.7619866350929486,-0.9512195121951215,0.4575340422497535,0.5702045523317547,-0.09262914965148439
p,2,Afder,9,0.3489900258709314,0.43487426150838177,0.5402098554985618,0.32864619393028893,0.5439432162491634,0.2806514388969005,0.7157560336124198,0.8577736428643915,-0.7888653184607874
p,2,Afmadow,9,0.18078680042823703,0.20176847420898872,0.9114645477444797,0.22153987217668167,0.3645595879075686,0.7109668608530906,0.6741891008326293,0.8343198140825473,-0.513825113846903
p,2,Awsi-Zone 1,9,0.23598565010559153,0.28359652963062026,0.5389675473761958,0.2586988017622003,0.30916477434407386,0.45208942389600915,0.40659359584072896,0.5215395606345236,-0.5592084739031242
p,2,Baardheere,9,0.3703262619742272,0.44793672012258773,0.3165942642515722,0.5474772661452838,0.6090533231970502,-0.2634437822460671,0.6798400158869664,0.8572118209250094,-1.5027737467307625
p,2,Badhaadhe,9,0.24957834424239167,0.30259166347890576,0.786279246775444,0.2894165815928717,0.42320129819657504,0.5819514120060295,0.6268632792149182,0.7573908286413191,-0.3389762140256076
p,2,Baki,9,0.21233893959400202,0.26089006038092305,-0.6478182098552019,0.3063006285840022,0.35197244717043163,-1.9992423979899439,0.20579914203216962,0.24807983778264342,-0.4899687844034739
p,2,Bale,9,0.24976363195708876,0.333692894259356,-0.18685987941710125,0.3760690302281756,0.43553804391799195,-1.0218909308287967,0.24917837477673663,0.3151056808929575,-0.058322422450798106
p,2,Bandarbeyla,9,0.4135578169789572,0.5456769765986977,0.25365809533177486,0.5602932674272175,0.6541772535888256,-0.07264853608368815,0.5132645188339879,0.6594438225795903,-0.08998914930558288
p,2,Belet Weyne,9,0.3618856175369398,0.38479048277176314,0.673657821835751,0.4781336479412512,0.5574061341932678,0.3151932196203514,0.6614526225228864,0.8152269015652043,-0.4648109205922084
p,2,Belet Xaawo,9,0.3049463728137053,0.47528979947854416,-0.009751624922374358,0.32421512897149907,0.5469052390105336,-0.33697024111273044,0.7835872321486984,0.9109336758102766,-2.709121744872418
p,2,Berbera,9,0.3301521043776441,0.3740586569506185,-1.2910542688604134,0.3868165650890379,0.43860875752535294,-2.149999999999999,0.22655307019729268,0.3239167739843293,-0.7179987088614861
p,2,Borama,9,0.2358497943785255,0.318587921460063,-0.2849877328770709,0.2855260240171869,0.40723541814003,-1.0995752940016588,0.28217277460034507,0.2947765166932257,-0.10008472371781396
p,2,Borena,9,0.28469602671719396,0.3622657313879021,0.6732987232948398,0.3526218947156657,0.39950598335379606,0.6026777371546463,0.5808378865422744,0.8027972299592562,-0.6043830114040987
p,2,Bu'aale,9,0.4168022652955305,0.4640530428467975,0.4071833807746845,0.45353314266201195,0.6096191458311901,-0.023062855651822423,0.7097963326986085,0.9146319087486889,-1.3029145192606282
p,2,Bulo Burto,9,0.2552377932731628,0.2961238159316738,0.7972084418413576,0.36763698773826564,0.4534937891445901,0.5243955769469035,0.6745054761173545,0.7910105738239077,-0.446997483110565
p,2,Burco,9,0.20453233951186978,0.2561136280590609,0.7874386455143242,0.29896571538845534,0.4832196043321944,0.243327373794325,0.3606900423725515,0.5920378740278204,-0.13584197255328045
p,2,Burtinle,9,0.3194333447350396,0.5138014714109449,0.6181544979652104,0.3333333333333333,0.7453559924999299,0.19642857142857129,0.7555555555555556,1.0249661241014532,-0.5195535714285717
p,2,Buuhoodle,9,0.3011815415488349,0.37451634007129647,0.6844093997941023,0.3333333333333333,0.5773502691896257,0.25,0.4670939504026361,0.695901248077922,-0.0896267309219212
p,2,Cabudwaaq,9,0.6473398473527696,0.8290797823170922,-0.03105992817043557,0.7777777777777778,1.0,-0.5,0.7833333333333334,1.0147522959925848,-0.5445833333333334
p,2,Cadaado,9,0.5666369741188806,0.6789265171055989,0.17000367857123255,0.6473168843430896,0.8438855769734295,-0.2823239491715046,0.7198922194886914,0.9328054827611534,-0.5667972654366231
p,2,Caynabo,9,0.4259388149271175,0.49201822049336397,0.42796851243232137,0.5005250413625557,0.6744163407672937,-0.07476553774767081,0.4930520108210066,0.6760512386309723,-0.0799826760815745
p,2,Ceel Afweyn,9,0.3928588673872516,0.49457666521671423,-0.19613040202763776,0.5426705585755537,0.6351939840202774,-0.9729861542599454,0.42971882376371434,0.46531622935113465,-0.05878476969790358
p,2,Ceel Barde,9,0.4225998587078518,0.4974059990026886,0.5991913808929425,0.3333333333333333,0.5773502691896257,0.45999999999999996,0.8055555555555556,0.924211375534118,-0.38375000000000004
p,2,Ceel Buur,9,0.37566558956660834,0.40721876228830467,0.6416878828712138,0.5028460855640162,0.5997345200959995,0.22281567972228444,0.5072315629160984,0.6896117978580325,-0.027579192113798667
p,2,Ceel Waaq,9,0.30468930138481987,0.4721522090152441,0.0015057553888674358,0.3257260741533023,0.5517851005631428,-0.3637082028001615,0.692682339336456,0.8847480411668509,-2.506071218523211
p,2,Ceerigaabo,9,0.4523898892932468,0.549239093050441,0.028076360011425994,0.6072882747500008,0.7241198253869665,-0.6893908549562426,0.5111254839274288,0.5744991854398922,-0.06337904392781302
p,2,Daawa,9,0.42498498902637344,0.49043386193714084,-0.23833841672080802,0.19136331489972078,0.35549331388802324,0.34935915495776604,0.5612477940993982,0.6918174760108261,-1.4641180303653947
p,2,Dhuusamarreeb,9,0.46403068304076733,0.5583404732909786,0.35469805667805865,0.5205956508638886,0.7092399212934797,-0.041240610469412076,0.6567038896965091,0.8712638628537106,-0.5713182508488122
p,2,Doolo,9,0.5371067304805687,0.5906145048226193,-0.22482616425967317,0.5386734330728495,0.7183719607324558,-0.8120283303976188,0.5059960646079296,0.5669800513638636,-0.12876048066617485
p,2,East Bale,9,0.2499772538955236,0.31854101382999933,0.4529120027804858,0.31790934158704254,0.38834167133113834,0.18688034041639123,0.5747520172081155,0.6800457154721572,-1.4934616225937387
p,2,Erer,9,0.34650869370703535,0.3738914503878168,-7.241821736848824,0.13971652530316822,0.20844297990116117,-1.5615727491263685,0.3720051094095038,0.39148545763831294,-8.03573356016992
p,2,Eyl,9,0.27144935552417476,0.341626843178136,0.7188687420819093,0.44441231802699765,0.5356628563750214,0.3088246744133166,0.5322195304359326,0.7135196117327297,-0.22635721168094025
p,2,Fanti-Zone 4,9,0.5127590106700052,0.634372975946541,0.24950559997772936,0.36751146199789475,0.5594452149101307,0.4163221194747624,0.8617230668421557,1.084456353377386,-1.1932203307789422
p,2,Gaalkacyo,9,0.5186632908967744,0.6063253528775355,0.3074202206558303,0.6103528693961057,0.8028191115040656,-0.21420986309085466,0.7064377333018338,0.9458442927659221,-0.6853792651366049
p,2,Gabi-Zone 3,9,0.30436525000970316,0.46180714975754594,0.4712883786925869,0.3546899024152332,0.5469882034913987,0.2582569730679479,0.5531158046382973,0.7063313211109038,-0.23684273128231803
p,2,Galdogob,9,0.6342438591851128,0.7877767510975744,0.0691116856452254,0.7777777777777778,1.0,-0.5,0.8666666666666667,1.0778064142816495,-0.7424999999999999
p,2,Garbahaarey,9,0.35090442215351225,0.45482369150069235,0.2539604552721364,0.4488013433507534,0.5349362554015641,-0.03200014293922138,0.6985148919783973,0.839121606717048,-1.5393671599660355
p,2,Garissa,9,0.17927050525462385,0.26067401192593037,0.6771001666974106,0.2706801706677454,0.42021528651749857,0.16089551417542958,0.4482372384951664,0.5127229422425237,-0.24921689805555847
p,2,Garoowe,9,0.4323282046982576,0.5102157581670652,0.43597554634652624,0.7105175934376702,0.8114959525093195,-0.4267993867580331,0.5451368173303356,0.6340457521755145,0.12897345101621305
p,2,Gebiley,9,0.24920203239367333,0.3527977179882465,-0.24876515382204922,0.29765221611576326,0.44647832417364486,-0.9999999999999998,0.30351334308080224,0.3229827603245245,-0.046617327522098906
p,2,Guji,9,0.2982179884169128,0.3236599879272737,0.13932155420943526,0.37133096701086815,0.4078078724443055,-0.36638822349751954,0.29914987467186577,0.3743489476489342,-0.15137324400221552
p,2,Hargeysa,9,0.2597917425933993,0.3797576586540225,-0.0008950631919206753,0.3368048335848918,0.4863361700650926,-0.6415291739539151,0.3335111276226649,0.36775928976848377,0.061351978854167655
p,2,Hari-Zone 5,9,0.28099111715952557,0.46586796990160506,-0.2556907282714047,0.3333333333333333,0.5773502691896257,-0.9285714285714288,0.3919991660515769,0.5047780029555043,-0.4742048152633942
p,2,Hobyo,9,0.2826813612475819,0.32928128344028507,0.7049664634390385,0.3227967701983622,0.4261268377429061,0.5058997564870154,0.5476058762585386,0.7425327706513224,-0.5002669575361565
p,2,Isiolo,9,0.2896905210283067,0.4965506873123314,-0.11111623820787697,0.3200390568325166,0.5548512148824204,-0.3873479679871683,0.5759595195913568,0.6738809417063489,-1.0464383602433114
p,2,Iskushuban,9,0.3308531284987004,0.43183384245700385,0.18313716582077044,0.5178114580009147,0.6500892766866639,-0.8512360219023911,0.38136641917558434,0.47461305492973427,0.01327723622334065
p,2,Jalalaqsi,9,0.2353372175373004,0.27760647431775165,0.7941360870359953,0.3465152322544744,0.4508813043337169,0.45694289764407003,0.632106998796854,0.7404521087449795,-0.4645863797574392
p,2,Jarar,9,0.4461811654475998,0.5032627264747536,-0.34340736102431,0.43113010746254715,0.6217643756842441,-1.0505476322746357,0.41812012212799327,0.4468178082892771,-0.05895898432855917
p,2,Jariiban,9,0.3552322051091681,0.4858084042443645,0.574741823004284,0.45690096990542134,0.6421054000960478,0.25709159715353014,0.6941040818784053,0.8826903081933477,-0.4039102412395261
p,2,Kajiado,9,0.1165430577788661,0.16271292314342228,-222.41026459544986,0.03857899167585691,0.09905257462573924,-81.79241774267983,0.3114329014182877,0.364574881935794,-1120.5858357178554
p,2,Kilbati-Zone 2,9,0.40287881503753215,0.4647171119375157,-0.05322412330877979,0.19863224936891172,0.31433699977468704,0.5181249104169922,0.7273465530748275,0.8606512307504949,-2.6124168308184665
p,2,Kismaayo,9,0.3466331940181282,0.4306613953526447,0.4044030330495566,0.3737452027866751,0.4848137741100853,0.2452024334317784,0.49893965416321134,0.7581871743569525,-0.8460074873035797
p,2,Korahe,9,0.4090256958827814,0.45893381010118034,-0.01968149010801823,0.4670408418996167,0.6024153364267165,-0.7569381276705593,0.4135227504305643,0.47479548557807816,-0.09138401903499105
p,2,Kurtunwaarey,9,0.41651023353346023,0.4521954920778792,-0.13215844150954714,0.5821078276252296,0.6850758867493142,-1.5985562063433805,0.5050563417727846,0.5981090684680407,-0.9806855185131884
p,2,Laas Caanood,9,0.44550878471798366,0.5082073098376403,0.47316210922218105,0.48708048286808975,0.6788261415094498,0.06003365407806338,0.5632107366310891,0.7213001420919036,-0.06127326268776545
p,2,Laasqoray,9,0.5588246899518862,0.6915793693408184,-0.5292230871766492,0.7114741985341073,0.8274878252126324,-1.1893238744581347,0.5692049521454514,0.5995645418611454,-0.14936685573800923
p,2,Lamu,9,0.39728256472022394,0.5695759973963481,-2.287933639882256,0.22236758114649943,0.4714047224892577,-1.2522030528547434,0.3288991174439508,0.45297432699501355,-1.0795380048957983
p,2,Liban,9,0.4159628968111371,0.479691219846435,0.274652978048041,0.3093402617602046,0.49572682597818124,0.22534712690218073,0.6702732889559821,0.8394553083410933,-1.2213523578287302
p,2,Lughaye,9,0.5174283278022472,0.6361289890148476,-0.7140334954534646,0.7605339001522976,0.8623643843301461,-2.149999999999999,0.5458482141962663,0.6718152273170969,-0.9117390737282707
p,2,Mandera,9,0.2877117172326678,0.4300324516917932,0.14366475181455718,0.4136967337188194,0.5881800670553065,-0.6019979849232082,0.4699508202532636,0.5534198325265501,-0.4182434862394848
p,2,Marsabit,9,0.21010449197557238,0.3413627683736061,0.3894534716874425,0.2751157932734267,0.43812404336376704,-0.0057282202373518665,0.48124761363957524,0.5565844266819667,-0.6231122795776882
p,2,Narok,9,0.3128038330980686,0.39835589935879556,-0.4165618795845383,0.3687703597980067,0.5009689368039968,-1.2403436456244559,0.24594385001993352,0.271354744271289,0.3426935675576209
p,2,Nogob,9,0.3304902215830019,0.36782000808576126,-1.3612416975682438,0.16996645883638173,0.3536474163066949,-1.1827838093583423,0.4979058625746029,0.5104247931869919,-3.547087041544353
p,2,Owdweyne,9,0.18080350954318586,0.23052125065458098,0.7774238952458827,0.26566425825805673,0.42587560858220136,0.2403349646827636,0.31781173555220765,0.5268085900185424,-0.16241792715038006
p,2,Qardho,9,0.527013275358412,0.6432502510287811,0.11801469154379518,0.7777777777777778,0.8819171036881969,-0.6578947368421055,0.5611111111111111,0.6331139971074193,0.1455921052631578
p,2,Qoryooley,9,0.34876060534977293,0.4053858081572933,-0.11282687472720898,0.5334316521003042,0.6665899903974496,-2.00890239310792,0.5508075432266806,0.6852553709331727,-2.1797678953194772
p,2,Saakow,9,0.371708444951213,0.4483276609161677,0.24308513893446415,0.4374675365763085,0.6162910157008933,-0.430301637394102,0.651821107633016,0.8588767610579894,-1.7779067728907987
p,2,Sablaale,9,0.34784349876551834,0.4632964754377848,0.12114769507027612,0.4650338788929243,0.6017925641167947,-0.4828305940201594,0.6206200558168905,0.7167842526126005,-1.103656441747784
p,2,Samburu,9,0.29564452472475466,0.3654536930686524,0.10935864452398181,0.23061591488371663,0.3213295702860074,0.3114435774343183,0.48204751647520144,0.6188036510411373,-1.5535471538079992
p,2,Shabelle,9,0.2670475474560112,0.323664254242198,-0.26171311089811544,0.18791058989365889,0.28543052230214777,0.018767410226614212,0.5629245991675838,0.6398414236871396,-3.9307824988377904
p,2,Sheikh,9,0.0746691933560039,0.11048355542326133,-4.982807692717999,0.023954735809266953,0.04149081950353993,0.15625,0.1561724550616525,0.18689305332249576,-16.119697189251237
p,2,Siti,9,0.17188602405068382,0.22204371845307774,0.518539288932718,0.3324890301432031,0.421488051187196,-0.7348199356532579,0.39528720791126176,0.4344082449549389,-0.8428075740443624
p,2,Taleex,9,0.4926674895816379,0.5674402022568449,0.3136563412073574,0.5555555555555556,0.7453559924999299,-0.1842105263157896,0.6297572124172665,0.7169052376511383,-0.09553165003953823
p,2,Tana River,9,0.33637256459586473,0.4186187416189531,-0.033870516989739974,0.25919660790925253,0.38962153769187696,0.10439867591709928,0.44074295821754966,0.5595457541864571,-0.8471408982841144
p,2,Turkana,10,0.5066497714817597,0.6643212875842889,-0.36929500419712813,0.36902948427912846,0.5403949165005557,0.09392698749382167,0.7335853182766928,0.9047593842533479,-1.5398430366259173
p,2,Wajir,10,0.2580696261836898,0.3671387039206651,0.2881167499125622,0.2985997454910304,0.46434719886944215,-0.1387649558514661,0.3941541762937754,0.48703684433543715,-0.2527720842080097
p,2,Wanla Weyn,10,0.3169578327348139,0.3909925874536814,0.38401290935431975,0.360090894688047,0.5331415072747142,-0.1453007723862756,0.546952828238614,0.7001940093992157,-0.9754741187482605
p,2,West Guji,10,0.25118837995167886,0.34955518092111265,0.20289098508484738,0.2452226419124016,0.3894686901044224,0.010464603592867605,0.6264413860690906,0.7503034095154771,-2.6724853665092207
p,2,West Pokot,10,0.30516648103471394,0.3623660549035688,-0.08454651798229418,0.38413491940503386,0.452614298971098,-0.6920364281012472,0.37571252886774453,0.4249486700000099,-0.49150982096404827
p,2,Xarardheere,10,0.26275172233581545,0.356761549280508,0.7270556540640505,0.259879010664693,0.4194948730522593,0.6226265566665159,0.6779837839879603,0.7911436286967801,-0.34223540315133416
p,2,Xudun,10,0.4231592655181885,0.5033827953085347,0.4369016919719242,0.6,0.7745966692414834,-0.33333333333333326,0.6085979528160109,0.7279170363545763,-0.17747380403384327
p,2,Zeylac,10,0.48104617429847407,0.5553622265489859,-0.03648756737741721,0.681541565605664,0.7619866350929486,-0.9512195121951215,0.4575340422497535,0.5702045523317547,-0.09262914965148439
p,3,Afder,9,0.39640348095668654,0.4283497286737555,0.553903062455539,0.32864619393028893,0.5439432162491634,0.2806514388969005,0.7157560336124198,0.8577736428643915,-0.7888653184607874
p,3,Afmadow,9,0.1618294919451215,0.2092403454152148,0.9047858604605685,0.22153987217668167,0.3645595879075686,0.7109668608530906,0.6741891008326293,0.8343198140825473,-0.513825113846903
p,3,Awsi-Zone 1,9,0.1565005085309009,0.2071326290704014,0.7540613935107989,0.2586988017622003,0.30916477434407386,0.45208942389600915,0.40659359584072896,0.5215395606345236,-0.5592084739031242
p,3,Baardheere,9,0.3418551849686081,0.3900564872227424,0.4817965516837014,0.5474772661452838,0.6090533231970502,-0.2634437822460671,0.6798400158869664,0.8572118209250094,-1.5027737467307625
p,3,Badhaadhe,9,0.21673799817426354,0.28704732753583884,0.8076732051450679,0.2894165815928717,0.42320129819657504,0.5819514120060295,0.6268632792149182,0.7573908286413191,-0.3389762140256076
p,3,Baki,9,0.23949943842500923,0.2916539838775896,-1.0593494947051538,0.3063006285840022,0.35197244717043163,-1.9992423979899439,0.20579914203216962,0.24807983778264342,-0.4899687844034739
p,3,Bale,9,0.29857543675515047,0.3799769065106785,-0.5389337958324485,0.3760690302281756,0.43553804391799195,-1.0218909308287967,0.24917837477673663,0.3151056808929575,-0.058322422450798106
p,3,Bandarbeyla,9,0.32751604858703015,0.41912947721883015,0.5596855102297664,0.5602932674272175,0.6541772535888256,-0.07264853608368815,0.5132645188339879,0.6594438225795903,-0.08998914930558288
p,3,Belet Weyne,9,0.34474435484671356,0.3787237709140071,0.6838671010524164,0.4781336479412512,0.5574061341932678,0.3151932196203514,0.6614526225228864,0.8152269015652043,-0.4648109205922084
p,3,Belet Xaawo,9,0.2269860538244814,0.334898315064445,0.49867022573805186,0.32421512897149907,0.5469052390105336,-0.33697024111273044,0.7835872321486984,0.9109336758102766,-2.709121744872418
p,3,Berbera,9,0.30578298377980473,0.3570059408586145,-1.086925004127822,0.3868165650890379,0.43860875752535294,-2.149999999999999,0.22655307019729268,0.3239167739843293,-0.7179987088614861
p,3,Borama,9,0.23742078737813216,0.30558130709248726,-0.18220811776863255,0.2855260240171869,0.40723541814003,-1.0995752940016588,0.28217277460034507,0.2947765166932257,-0.10008472371781396
p,3,Borena,9,0.42933350108357665,0.5180177022531123,0.3319860583707812,0.3526218947156657,0.39950598335379606,0.6026777371546463,0.5808378865422744,0.8027972299592562,-0.6043830114040987
p,3,Bu'aale,9,0.39142054125581693,0.4556174648426511,0.4285399863105068,0.45353314266201195,0.6096191458311901,-0.023062855651822423,0.7097963326986085,0.9146319087486889,-1.3029145192606282
p,3,Bulo Burto,9,0.2453173476062778,0.30746225419691503,0.7813815495825134,0.36763698773826564,0.4534937891445901,0.5243955769469035,0.6745054761173545,0.7910105738239077,-0.446997483110565
p,3,Burco,9,0.2389970676685964,0.3125480720438796,0.6834425194403744,0.29896571538845534,0.4832196043321944,0.243327373794325,0.3606900423725515,0.5920378740278204,-0.13584197255328045
p,3,Burtinle,9,0.46600455707973903,0.586404315238091,0.5026165768693177,0.3333333333333333,0.7453559924999299,0.19642857142857129,0.7555555555555556,1.0249661241014532,-0.5195535714285717
p,3,Buuhoodle,9,0.2813193268246121,0.3497416099331215,0.7247818141331237,0.3333333333333333,0.5773502691896257,0.25,0.4670939504026361,0.695901248077922,-0.0896267309219212
p,3,Cabudwaaq,9,0.48785630861918133,0.6081041936230541,0.44531393454708257,0.7777777777777778,1.0,-0.5,0.7833333333333334,1.0147522959925848,-0.5445833333333334
p,3,Cadaado,9,0.38296815108080356,0.4866145918457831,0.5736160189174329,0.6473168843430896,0.8438855769734295,-0.2823239491715046,0.7198922194886914,0.9328054827611534,-0.5667972654366231
p,3,Caynabo,9,0.3883668284108008,0.4475545624346213,0.5266857924994865,0.5005250413625557,0.6744163407672937,-0.07476553774767081,0.4930520108210066,0.6760512386309723,-0.0799826760815745
p,3,Ceel Afweyn,9,0.3042293169832328,0.3823888771971387,0.2849740766509088,0.5426705585755537,0.6351939840202774,-0.9729861542599454,0.42971882376371434,0.46531622935113465,-0.05878476969790358
p,3,Ceel Barde,9,0.40067874060736763,0.49033803270136633,0.6105011541722172,0.3333333333333333,0.5773502691896257,0.45999999999999996,0.8055555555555556,0.924211375534118,-0.38375000000000004
p,3,Ceel Buur,9,0.40879604762460575,0.49373503275855224,0.4732630036577259,0.5028460855640162,0.5997345200959995,0.22281567972228444,0.5072315629160984,0.6896117978580325,-0.027579192113798667
p,3,Ceel Waaq,9,0.22282534607407417,0.34911839013942614,0.4540825624542587,0.3257260741533023,0.5517851005631428,-0.3637082028001615,0.692682339336456,0.8847480411668509,-2.506071218523211
p,3,Ceerigaabo,9,0.3595229912104477,0.4713847801319179,0.2840867916247163,0.6072882747500008,0.7241198253869665,-0.6893908549562426,0.5111254839274288,0.5744991854398922,-0.06337904392781302
p,3,Daawa,9,0.42887084099238365,0.455604667089803,-0.06869746177880898,0.19136331489972078,0.35549331388802324,0.34935915495776604,0.5612477940993982,0.6918174760108261,-1.4641180303653947
p,3,Dhuusamarreeb,9,0.344882424639123,0.4260892083436356,0.6241921721245389,0.5205956508638886,0.7092399212934797,-0.041240610469412076,0.6567038896965091,0.8712638628537106,-0.5713182508488122
p,3,Doolo,9,0.5901499105224117,0.6128471137041698,-0.31877446079462435,0.5386734330728495,0.7183719607324558,-0.8120283303976188,0.5059960646079296,0.5669800513638636,-0.12876048066617485
p,3,East Bale,9,0.24921226139352295,0.31116108237863194,0.47796812955200696,0.31790934158704254,0.38834167133113834,0.18688034041639123,0.5747520172081155,0.6800457154721572,-1.4934616225937387
p,3,Erer,9,0.45067332057030307,0.45618509461971996,-11.26914587559827,0.13971652530316822,0.20844297990116117,-1.5615727491263685,0.3720051094095038,0.39148545763831294,-8.03573356016992
p,3,Eyl,9,0.2921603271445225,0.36458812575723976,0.6798082039561297,0.44441231802699765,0.5356628563750214,0.3088246744133166,0.5322195304359326,0.7135196117327297,-0.22635721168094025
p,3,Fanti-Zone 4,9,0.595391195659994,0.7960557709150514,-0.18180302775306556,0.36751146199789475,0.5594452149101307,0.4163221194747624,0.8617230668421557,1.084456353377386,-1.1932203307789422
p,3,Gaalkacyo,9,0.39840238997548266,0.5150967710695573,0.5001542472193858,0.6103528693961057,0.8028191115040656,-0.21420986309085466,0.7064377333018338,0.9458442927659221,-0.6853792651366049
p,3,Gabi-Zone 3,9,0.35041187632271575,0.49940443322236966,0.38169559842051404,0.3546899024152332,0.5469882034913987,0.2582569730679479,0.5531158046382973,0.7063313211109038,-0.23684273128231803
p,3,Galdogob,9,0.5205545690324571,0.6149952157895281,0.4326713268339878,0.7777777777777778,1.0,-0.5,0.8666666666666667,1.0778064142816495,-0.7424999999999999
p,3,Garbahaarey,9,0.2530392777417894,0.3205521948942142,0.6294274885920059,0.4488013433507534,0.5349362554015641,-0.03200014293922138,0.6985148919783973,0.839121606717048,-1.5393671599660355
p,3,Garissa,9,0.25474830403442933,0.36809885693645605,0.3561254099388338,0.2706801706677454,0.42021528651749857,0.16089551417542958,0.4482372384951664,0.5127229422425237,-0.24921689805555847
p,3,Garoowe,9,0.3822744757469094,0.4293133896452464,0.6006634465985627,0.7105175934376702,0.8114959525093195,-0.4267993867580331,0.5451368173303356,0.6340457521755145,0.12897345101621305
p,3,Gebiley,9,0.19395226191129217,0.2516489414495143,0.36464061020052163,0.29765221611576326,0.44647832417364486,-0.9999999999999998,0.30351334308080224,0.3229827603245245,-0.046617327522098906
p,3,Guji,9,0.2704681674006461,0.334154440736491,0.08260287697186364,0.37133096701086815,0.4078078724443055,-0.36638822349751954,0.29914987467186577,0.3743489476489342,-0.15137324400221552
p,3,Hargeysa,9,0.19892868409468312,0.2544008992310931,0.5508279243062568,0.3368048335848918,0.4863361700650926,-0.6415291739539151,0.3335111276226649,0.36775928976848377,0.061351978854167655
p,3,Hari-Zone 5,9,0.23206631342569986,0.34898805416465634,0.2953424558628369,0.3333333333333333,0.5773502691896257,-0.9285714285714288,0.3919991660515769,0.5047780029555043,-0.4742048152633942
p,3,Hobyo,9,0.2863067541614003,0.325518074406458,0.7116715421585609,0.3227967701983622,0.4261268377429061,0.5058997564870154,0.5476058762585386,0.7425327706513224,-0.5002669575361565
p,3,Isiolo,9,0.38200106929823413,0.5192568788814034,-0.21505751822417407,0.3200390568325166,0.5548512148824204,-0.3873479679871683,0.5759595195913568,0.6738809417063489,-1.0464383602433114
p,3,Iskushuban,9,0.307884798460908,0.40163218322145533,0.29340135601457573,0.5178114580009147,0.6500892766866639,-0.8512360219023911,0.38136641917558434,0.47461305492973427,0.01327723622334065
p,3,Jalalaqsi,9,0.2069311128059379,0.25345669695153816,0.8283955348134168,0.3465152322544744,0.4508813043337169,0.45694289764407003,0.632106998796854,0.7404521087449795,-0.4645863797574392
p,3,Jarar,9,0.5590702914091489,0.5925164282039026,-0.8621685334003493,0.43113010746254715,0.6217643756842441,-1.0505476322746357,0.41812012212799327,0.4468178082892771,-0.05895898432855917
p,3,Jariiban,9,0.292204319884084,0.3717929832421812,0.7509279448418508,0.45690096990542134,0.6421054000960478,0.25709159715353014,0.6941040818784053,0.8826903081933477,-0.4039102412395261
p,3,Kajiado,9,0.11846806263200874,0.15490347141386532,-201.479625716812,0.03857899167585691,0.09905257462573924,-81.79241774267983,0.3114329014182877,0.364574881935794,-1120.5858357178554
p,3,Kilbati-Zone 2,9,0.4973769339502982,0.6185551093213865,-0.865951132942482,0.19863224936891172,0.31433699977468704,0.5181249104169922,0.7273465530748275,0.8606512307504949,-2.6124168308184665
p,3,Kismaayo,9,0.2851845169234787,0.39164445708283974,0.5074338536412589,0.3737452027866751,0.4848137741100853,0.2452024334317784,0.49893965416321134,0.7581871743569525,-0.8460074873035797
p,3,Korahe,9,0.45741562913007466,0.5094336928358177,-0.25643422503192004,0.4670408418996167,0.6024153364267165,-0.7569381276705593,0.4135227504305643,0.47479548557807816,-0.09138401903499105
p,3,Kurtunwaarey,9,0.32811986994618675,0.40559742145990785,0.08915364935303383,0.5821078276252296,0.6850758867493142,-1.5985562063433805,0.5050563417727846,0.5981090684680407,-0.9806855185131884
p,3,Laas Caanood,9,0.3901374604966905,0.4411640079076728,0.6029955867541918,0.48708048286808975,0.6788261415094498,0.06003365407806338,0.5632107366310891,0.7213001420919036,-0.06127326268776545
p,3,Laasqoray,9,0.38463842362097617,0.4577515620261968,0.33004372765493306,0.7114741985341073,0.8274878252126324,-1.1893238744581347,0.5692049521454514,0.5995645418611454,-0.14936685573800923
p,3,Lamu,9,0.4842281647000484,0.7630453099998112,-4.900928325980188,0.22236758114649943,0.4714047224892577,-1.2522030528547434,0.3288991174439508,0.45297432699501355,-1.0795380048957983
p,3,Liban,9,0.431730603576206,0.4522560213947638,0.3552505069660502,0.3093402617602046,0.49572682597818124,0.22534712690218073,0.6702732889559821,0.8394553083410933,-1.2213523578287302
p,3,Lughaye,9,0.41316692948681755,0.4850571075696508,0.0034142441529081413,0.7605339001522976,0.8623643843301461,-2.149999999999999,0.5458482141962663,0.6718152273170969,-0.9117390737282707
p,3,Mandera,9,0.39823440406047966,0.49868324397184133,-0.15157151111759037,0.4136967337188194,0.5881800670553065,-0.6019979849232082,0.4699508202532636,0.5534198325265501,-0.4182434862394848
p,3,Marsabit,9,0.338306678716258,0.4252485643154515,0.052515368205556245,0.2751157932734267,0.43812404336376704,-0.0057282202373518665,0.48124761363957524,0.5565844266819667,-0.6231122795776882
p,3,Narok,9,0.3887855335517105,0.5069465831167249,-1.2941269389289554,0.3687703597980067,0.5009689368039968,-1.2403436456244559,0.24594385001993352,0.271354744271289,0.3426935675576209
p,3,Nogob,9,0.4049946235317188,0.41886735203944503,-2.062123956789848,0.16996645883638173,0.3536474163066949,-1.1827838093583423,0.4979058625746029,0.5104247931869919,-3.547087041544353
p,3,Owdweyne,9,0.2283461553099756,0.3221162140021371,0.5654079521213402,0.26566425825805673,0.42587560858220136,0.2403349646827636,0.31781173555220765,0.5268085900185424,-0.16241792715038006
p,3,Qardho,9,0.4152551492055257,0.46628012769953575,0.5365581643029704,0.7777777777777778,0.8819171036881969,-0.6578947368421055,0.5611111111111111,0.6331139971074193,0.1455921052631578
p,3,Qoryooley,9,0.33110695285354624,0.36128399192262256,0.11613087887367957,0.5334316521003042,0.6665899903974496,-2.00890239310792,0.5508075432266806,0.6852553709331727,-2.1797678953194772
p,3,Saakow,9,0.30487613081007536,0.36228183639358413,0.5057472623186454,0.4374675365763085,0.6162910157008933,-0.430301637394102,0.651821107633016,0.8588767610579894,-1.7779067728907987
p,3,Sablaale,9,0.3822212041958857,0.46811415688993807,0.10277481773452934,0.4650338788929243,0.6017925641167947,-0.4828305940201594,0.6206200558168905,0.7167842526126005,-1.103656441747784
p,3,Samburu,9,0.24036091357561792,0.32379646016951036,0.30083071641860637,0.23061591488371663,0.3213295702860074,0.3114435774343183,0.48204751647520144,0.6188036510411373,-1.5535471538079992
p,3,Shabelle,9,0.25945176994441455,0.32050552625913914,-0.23720647408448436,0.18791058989365889,0.28543052230214777,0.018767410226614212,0.5629245991675838,0.6398414236871396,-3.9307824988377904
p,3,Sheikh,9,0.16556578655583978,0.2556655405410165,-31.037170515271036,0.023954735809266953,0.04149081950353993,0.15625,0.1561724550616525,0.18689305332249576,-16.119697189251237
p,3,Siti,9,0.13753107505880807,0.18063720852994744,0.6813614653274881,0.3324890301432031,0.421488051187196,-0.7348199356532579,0.39528720791126176,0.4344082449549389,-0.8428075740443624
p,3,Taleex,9,0.48429401715596515,0.539403236291377,0.3798046327091974,0.5555555555555556,0.7453559924999299,-0.1842105263157896,0.6297572124172665,0.7169052376511383,-0.09553165003953823
p,3,Tana River,9,0.24596528579320495,0.3236794728528432,0.3818994483251038,0.25919660790925253,0.38962153769187696,0.10439867591709928,0.44074295821754966,0.5595457541864571,-0.8471408982841144
p,3,Turkana,10,0.44968799713531443,0.5791504301896241,-0.04069496095223735,0.36902948427912846,0.5403949165005557,0.09392698749382167,0.7335853182766928,0.9047593842533479,-1.5398430366259173
p,3,Wajir,10,0.3020178506862584,0.3803765460626604,0.23585479045604962,0.2985997454910304,0.46434719886944215,-0.1387649558514661,0.3941541762937754,0.48703684433543715,-0.2527720842080097
p,3,Wanla Weyn,10,0.31655793923391756,0.4116956439680356,0.3170528351978559,0.360090894688047,0.5331415072747142,-0.1453007723862756,0.546952828238614,0.7001940093992157,-0.9754741187482605
p,3,West Guji,10,0.23595016641255534,0.3131425299933377,0.3603088444003619,0.2452226419124016,0.3894686901044224,0.010464603592867605,0.6264413860690906,0.7503034095154771,-2.6724853665092207
p,3,West Pokot,10,0.31068182072729983,0.4041358689618928,-0.3489876209514875,0.38413491940503386,0.452614298971098,-0.6920364281012472,0.37571252886774453,0.4249486700000099,-0.49150982096404827
p,3,Xarardheere,10,0.3729414939880371,0.43535565468233106,0.5935506818887086,0.259879010664693,0.4194948730522593,0.6226265566665159,0.6779837839879603,0.7911436286967801,-0.34223540315133416
p,3,Xudun,10,0.385104775428772,0.4454237609315462,0.559105940439104,0.6,0.7745966692414834,-0.33333333333333326,0.6085979528160109,0.7279170363545763,-0.17747380403384327
p,3,Zeylac,10,0.4721662147151916,0.531619819401408,0.05024027480029547,0.681541565605664,0.7619866350929486,-0.9512195121951215,0.4575340422497535,0.5702045523317547,-0.09262914965148439
p,4,Afder,9,0.5755640229149657,0.5974506762484475,0.13216659409880238,0.7423696626811374,0.8360614742842339,-0.6994511000952606,0.7157560336124198,0.8577736428643915,-0.7888653184607874
p,4,Afmadow,9,0.279509014980901,0.33198268975755796,0.7603146615623919,0.4316873041773573,0.6183492364962554,0.16846937614147595,0.6741891008326293,0.8343198140825473,-0.513825113846903
p,4,Awsi-Zone 1,9,0.2976517248259312,0.3658974937214065,0.23255273581593572,0.28098885881417934,0.39142701997132756,0.12172347335009115,0.40659359584072896,0.5215395606345236,-0.5592084739031242
p,4,Baardheere,9,0.34297136354685825,0.48187885253717816,0.20910100601978687,0.461616378975989,0.7079445731499159,-0.7070404096449483,0.6798400158869664,0.8572118209250094,-1.5027737467307625
p,4,Badhaadhe,9,0.24169360552516206,0.3266779536585397,0.7509007434803854,0.48869153218025807,0.630722425052441,0.0714413859577151,0.6268632792149182,0.7573908286413191,-0.3389762140256076
p,4,Baki,9,0.18482967411819906,0.2473020970070968,-0.480641198333436,0.22086235508527607,0.33572201329196205,-1.7286879250782166,0.20579914203216962,0.24807983778264342,-0.4899687844034739
p,4,Bale,9,0.2793290042388405,0.3481643689505358,-0.2920347029674428,0.37983307769333835,0.45351085910213773,-1.1922037314483531,0.24917837477673663,0.3151056808929575,-0.058322422450798106
p,4,Bandarbeyla,9,0.38385574022928876,0.48870295900665056,0.40137272128220836,0.4009475423743324,0.675846674525969,-0.14488780237128607,0.5132645188339879,0.6594438225795903,-0.08998914930558288
p,4,Belet Weyne,9,0.335605382974411,0.4167836504945164,0.6171347832111472,0.598323611957217,0.7173261813760523,-0.13411717827686997,0.6614526225228864,0.8152269015652043,-0.4648109205922084
p,4,Belet Xaawo,9,0.1866764227549235,0.27476933652593655,0.662530829927908,0.3424515376951676,0.5792910821896933,-0.5,0.7835872321486984,0.9109336758102766,-2.709121744872418
p,4,Berbera,9,0.2530869877070424,0.29169602173986436,-0.39321123612441533,0.2762975464921699,0.4386087575253529,-2.149999999999998,0.22655307019729268,0.3239167739843293,-0.7179987088614861
p,4,Borama,9,0.16453801588612776,0.20384390835491764,0.4739393177121787,0.21293147075757396,0.35320154051045505,-0.5793760462239199,0.28217277460034507,0.2947765166932257,-0.10008472371781396
p,4,Borena,9,0.45666358307576477,0.552400457135598,0.2403660212510852,0.46112797417302787,0.5686931012795333,0.19489551879666667,0.5808378865422744,0.8027972299592562,-0.6043830114040987
p,4,Bu'aale,9,0.4852291922262759,0.5065012526362807,0.2937699897501652,0.8100795065173728,0.8880509642088658,-1.1710053872134925,0.7097963326986085,0.9146319087486889,-1.3029145192606282
p,4,Bulo Burto,9,0.32004352246301676,0.39493477546218136,0.6392935144274636,0.5753468697479586,0.6548842456200337,0.00818132021484963,0.6745054761173545,0.7910105738239077,-0.446997483110565
p,4,Burco,9,0.280447744349637,0.3071101711741027,0.6943620118301613,0.4248195671711211,0.6528282737755382,-0.38107366114348484,0.3606900423725515,0.5920378740278204,-0.13584197255328045
p,4,Burtinle,9,0.5362574259440104,0.6386111131478062,0.4101114917731019,0.5555555555555556,1.0,-0.4464285714285716,0.7555555555555556,1.0249661241014532,-0.5195535714285717
p,4,Buuhoodle,9,0.39164776272243923,0.47081734376610085,0.5012448148203248,0.4444444444444444,0.816496580927726,-0.5,0.4670939504026361,0.695901248077922,-0.0896267309219212
p,4,Cabudwaaq,9,0.47328803274366593,0.6013438830509433,0.4575783014758201,0.7777777777777778,1.0,-0.5,0.7833333333333334,1.0147522959925848,-0.5445833333333334
p,4,Cadaado,9,0.36164436191591837,0.4532569427206,0.6300699979323097,0.7777777777777778,0.8924801757161731,-0.43425965108675024,0.7198922194886914,0.9328054827611534,-0.5667972654366231
p,4,Caynabo,9,0.5017708639790381,0.5852745626763756,0.1905745382794255,0.6082232532610861,0.8763605602374781,-0.8147767725342734,0.4930520108210066,0.6760512386309723,-0.0799826760815745
p,4,Ceel Afweyn,9,0.23290759798929417,0.3387418977860525,0.4388885670641892,0.41262491484504593,0.6017338747969602,-0.770598968957168,0.42971882376371434,0.46531622935113465,-0.05878476969790358
p,4,Ceel Barde,9,0.40170449680752224,0.5136357459019343,0.572608879261457,0.7777777777777778,0.8819171036881969,-0.26,0.8055555555555556,0.924211375534118,-0.38375000000000004
p,4,Ceel Buur,9,0.4362995380726038,0.5129544276064447,0.4314567581353036,0.6761373318233733,0.7550625098127647,-0.2318894915300047,0.5072315629160984,0.6896117978580325,-0.027579192113798667
p,4,Ceel Waaq,9,0.21571726269192165,0.3389509402703242,0.48541727782580146,0.3409405925133644,0.5787018523588825,-0.5000000000000002,0.692682339336456,0.8847480411668509,-2.506071218523211
p,4,Ceerigaabo,9,0.37210977027505,0.46530942068854014,0.3024217138488753,0.5114685090833311,0.7397881721716784,-0.7632911583617079,0.5111254839274288,0.5744991854398922,-0.06337904392781302
p,4,Daawa,9,0.5472030415725567,0.5885120086665373,-0.7831550492723971,0.30274679722948994,0.48386296293510905,-0.20537786075306408,0.5612477940993982,0.6918174760108261,-1.4641180303653947
p,4,Dhuusamarreeb,9,0.4707268767553475,0.5074041994274852,0.46706668890337466,0.7757639826623234,0.8399390081810288,-0.4603610946689427,0.6567038896965091,0.8712638628537106,-0.5713182508488122
p,4,Doolo,9,0.5381739450225338,0.5473838928998164,-0.05208363606817823,0.5473069429496584,0.7243561167294729,-0.8423430550648527,0.5059960646079296,0.5669800513638636,-0.12876048066617485
p,4,East Bale,9,0.21361101148226985,0.2680711259219592,0.6125402912923406,0.36934036075854054,0.45843230945440294,-0.1331226151449989,0.5747520172081155,0.6800457154721572,-1.4934616225937387
p,4,Erer,9,0.3371216509196954,0.3689748002505544,-7.026487997682537,0.0946358366263223,0.17594672224177732,-0.8251329652316233,0.3720051094095038,0.39148545763831294,-8.03573356016992
p,4,Eyl,9,0.26311637979804053,0.3389969111485083,0.723180523998012,0.4396898786349512,0.6531840510550053,-0.027723539615096326,0.5322195304359326,0.7135196117327297,-0.22635721168094025
p,4,Fanti-Zone 4,9,0.6885384857761385,0.8770389637631688,-0.4344845798720156,0.5117904533647059,0.635474106921842,0.2468979546986958,0.8617230668421557,1.084456353377386,-1.1932203307789422
p,4,Gaalkacyo,9,0.373600815068763,0.43764311663002464,0.6391733920904337,0.7776902842558248,0.8716015545760931,-0.43118028035782596,0.7064377333018338,0.9458442927659221,-0.6853792651366049
p,4,Gabi-Zone 3,9,0.4293520576488524,0.5625473732470562,0.21545880272349394,0.43396861273665377,0.6074717377816631,0.0851503914756373,0.5531158046382973,0.7063313211109038,-0.23684273128231803
p,4,Galdogob,9,0.4645233154296875,0.5337328929528966,0.5726937984701976,0.7777777777777778,1.0,-0.5,0.8666666666666667,1.0778064142816495,-0.7424999999999999
p,4,Garbahaarey,9,0.2918493984303338,0.3995650302473705,0.42422787585115906,0.4282403955799899,0.6771302564301835,-0.6535606576484767,0.6985148919783973,0.839121606717048,-1.5393671599660355
p,4,Garissa,9,0.33383276381271504,0.495470016075656,-0.16656006295139103,0.5070976071100324,0.6374979228073783,-0.9312117573618075,0.4482372384951664,0.5127229422425237,-0.24921689805555847
p,4,Garoowe,9,0.38388582848245456,0.4653495592522452,0.5308099303491841,0.46125949052947135,0.8035920198486816,-0.39914082377201554,0.5451368173303356,0.6340457521755145,0.12897345101621305
p,4,Gebiley,9,0.14718730435044686,0.19717943567441912,0.6099210854108765,0.22323916208682246,0.3866615709734803,-0.4999999999999998,0.30351334308080224,0.3229827603245245,-0.046617327522098906
p,4,Guji,9,0.2994896239598883,0.3302780820633698,0.10376395247672343,0.3541919303310378,0.42816307512584306,-0.5061954162982336,0.29914987467186577,0.3743489476489342,-0.15137324400221552
p,4,Hargeysa,9,0.16848795695141122,0.2000784778141767,0.722171871035463,0.2798953816043648,0.46489823469439834,-0.5000000000000002,0.3335111276226649,0.36775928976848377,0.061351978854167655
p,4,Hari-Zone 5,9,0.252040876282586,0.3608513380739214,0.24662080404507836,0.3333333333333333,0.5773502691896257,-0.9285714285714288,0.3919991660515769,0.5047780029555043,-0.4742048152633942
p,4,Hobyo,9,0.33281651264184847,0.3808226819192842,0.6053765328936123,0.5676842724489752,0.6554151407227241,-0.1688808217887119,0.5476058762585386,0.7425327706513224,-0.5002669575361565
p,4,Isiolo,9,0.4790002376942302,0.6634158384911525,-0.983371147924627,0.4577387209452612,0.6671461496590676,-1.0057383928065797,0.5759595195913568,0.6738809417063489,-1.0464383602433114
p,4,Iskushuban,9,0.2878375633290813,0.40269794739816667,0.28964634475295703,0.43036443766293786,0.6501304154768228,-0.8514703282435794,0.38136641917558434,0.47461305492973427,0.01327723622334065
p,4,Jalalaqsi,9,0.3509299131984654,0.4476259999459485,0.4647561932930503,0.5947317474920731,0.6931485635036811,-0.283434464831672,0.632106998796854,0.7404521087449795,-0.4645863797574392
p,4,Jarar,9,0.5289289297051751,0.545896821138289,-0.5806631258790218,0.6181708075149565,0.7527898031005578,-2.0058385283926663,0.41812012212799327,0.4468178082892771,-0.05895898432855917
p,4,Jariiban,9,0.3478388184802754,0.3853300031316914,0.7324602740331678,0.4929964612524256,0.7493415563258622,-0.011771080668667722,0.6941040818784053,0.8826903081933477,-0.4039102412395261
p,4,Kajiado,9,0.14127493224480847,0.18252862418875263,-280.13893091844704,0.07801778241395763,0.1491539696692354,-186.72783050760754,0.3114329014182877,0.364574881935794,-1120.5858357178554
p,4,Kilbati-Zone 2,9,0.62981389819726,0.7400736367104543,-1.6711196142904918,0.3375645108274104,0.42973994112234387,0.09935237368028749,0.7273465530748275,0.8606512307504949,-2.6124168308184665
p,4,Kismaayo,9,0.28789543993255706,0.39946479910039745,0.487566372747004,0.5131720802871622,0.6610164199661313,-0.4031531852899277,0.49893965416321134,0.7581871743569525,-0.8460074873035797
p,4,Korahe,9,0.4214378730746217,0.48358065490818536,-0.13214555663901284,0.5618879510822664,0.7284449222127671,-1.5689631156644883,0.4135227504305643,0.47479548557807816,-0.09138401903499105
p,4,Kurtunwaarey,9,0.31382286143178245,0.35350485126882203,0.30809653069403165,0.5321329288064489,0.6609171028127329,-1.4185147075796496,0.5050563417727846,0.5981090684680407,-0.9806855185131884
p,4,Laas Caanood,9,0.4499828550550673,0.5068569495505941,0.4759581170382442,0.6324291303229338,0.9230728337262509,-0.7380694535585792,0.5632107366310891,0.7213001420919036,-0.06127326268776545
p,4,Laasqoray,9,0.393062477410518,0.4708250746921474,0.2912289741926116,0.37814086520077406,0.6640917340824837,-0.4100773507367017,0.5692049521454514,0.5995645418611454,-0.14936685573800923
p,4,Lamu,9,0.3892973569506181,0.5773928830532109,-2.3788004074460787,0.25274214361595504,0.539356331529783,-1.9482971156118745,0.3288991174439508,0.45297432699501355,-1.0795380048957983
p,4,Liban,9,0.5932335741657379,0.6366504418924256,-0.2776867274474828,0.5959411935451482,0.7155477053801109,-0.6139849488220586,0.6702732889559821,0.8394553083410933,-1.2213523578287302
p,4,Lughaye,9,0.4496311936283763,0.581037455465601,-0.4300037903971987,0.5432385001087839,0.8623643843301461,-2.149999999999999,0.5458482141962663,0.6718152273170969,-0.9117390737282707
p,4,Mandera,9,0.31311054118269355,0.4564313891644382,0.03529980228621732,0.410385118719534,0.6077890478328719,-0.7105946142486941,0.4699508202532636,0.5534198325265501,-0.4182434862394848
p,4,Marsabit,9,0.43978724219790677,0.5585111104470558,-0.6343689247817588,0.502685341595237,0.6034040679431708,-0.9076685930318749,0.48124761363957524,0.5565844266819667,-0.6231122795776882
p,4,Narok,9,0.35661188380104375,0.4758848511032998,-1.0216073338169274,0.4671650735236794,0.5438998245308168,-1.64077184882518,0.24594385001993352,0.271354744271289,0.3426935675576209
p,4,Nogob,9,0.43820574879959534,0.46335353249337397,-2.747094977996777,0.19428008023777052,0.3646769988096752,-1.3210606493752888,0.4979058625746029,0.5104247931869919,-3.547087041544353
p,4,Owdweyne,9,0.2104832185538399,0.246887129647744,0.7446984188510224,0.38195302904243394,0.5704866569892156,-0.3631623606063621,0.31781173555220765,0.5268085900185424,-0.16241792715038006
p,4,Qardho,9,0.4866190486484104,0.549297568680857,0.35684333327224294,0.4444444444444444,0.816496580927726,-0.42105263157894757,0.5611111111111111,0.6331139971074193,0.1455921052631578
p,4,Qoryooley,9,0.3274322185089156,0.38103534258305716,0.016847146411802627,0.5336538344403691,0.6566191135889247,-1.9195610752016656,0.5508075432266806,0.6852553709331727,-2.1797678953194772
p,4,Saakow,9,0.3180947595285632,0.33290123317077047,0.5826631147516284,0.7542143652756184,0.8347734692266958,-1.6241776861751402,0.651821107633016,0.8588767610579894,-1.7779067728907987
p,4,Sablaale,9,0.3283612948203771,0.42900545862262446,0.2464301056265955,0.46794548650913803,0.61794466381414,-0.5634970857291739,0.6206200558168905,0.7167842526126005,-1.103656441747784
p,4,Samburu,9,0.3690247305668126,0.4678235692156474,-0.4594940980566491,0.3419629185344336,0.4171668791140095,-0.16053378464725254,0.48204751647520144,0.6188036510411373,-1.5535471538079992
p,4,Shabelle,9,0.34632975355605145,0.39039549947975216,-0.8356113926299262,0.34896904724350747,0.4694095953640899,-1.6538420148445616,0.5629245991675838,0.6398414236871396,-3.9307824988377904
p,4,Sheikh,9,0.10864170387092603,0.19182336669355476,-17.034860117638353,0.03992455968211159,0.05356441765256935,-0.40625,0.1561724550616525,0.18689305332249576,-16.119697189251237
p,4,Siti,9,0.14741073121314738,0.2172381140161173,0.5391538993587733,0.3324548794910508,0.4663305836630227,-1.123594870612132,0.39528720791126176,0.4344082449549389,-0.8428075740443624
p,4,Taleex,9,0.5632105933295356,0.6238835214089128,0.17032414444388377,0.6666666666666666,0.9428090415820634,-0.8947368421052635,0.6297572124172665,0.7169052376511383,-0.09553165003953823
p,4,Tana River,9,0.27925958201970535,0.4085057774047329,0.015478462997976172,0.4193992881311917,0.5463108033339346,-0.7607933630190951,0.44074295821754966,0.5595457541864571,-0.8471408982841144
p,4,Turkana,10,0.5905389707441915,0.6969538467936823,-0.507123092174232,0.5654797251119941,0.6893681071856431,-0.47449417084378775,0.7335853182766928,0.9047593842533479,-1.5398430366259173
p,4,Wajir,10,0.3366007603122603,0.4339002394887642,0.005675333200440891,0.4654230557006633,0.5873713879826272,-0.8221075531545949,0.3941541762937754,0.48703684433543715,-0.2527720842080097
p,4,Wanla Weyn,10,0.2505370204685746,0.3560977393151623,0.489056362128201,0.4245123113263567,0.562880257578138,-0.2766345558439407,0.546952828238614,0.7001940093992157,-0.9754741187482605
p,4,West Guji,10,0.2438820930679424,0.3303889755417368,0.28790599648203175,0.3025947526536616,0.41191352864233177,-0.10687440690529892,0.6264413860690906,0.7503034095154771,-2.6724853665092207
p,4,West Pokot,10,0.32841228327841676,0.3695590272530196,-0.1280303880794036,0.31734627087738787,0.40175171502541646,-0.3331181690870022,0.37571252886774453,0.4249486700000099,-0.49150982096404827
p,4,Xarardheere,10,0.4071974515914917,0.5400818248192132,0.3744858412464488,0.35987901066469297,0.525334130356225,0.40818052212972955,0.6779837839879603,0.7911436286967801,-0.34223540315133416
p,4,Xudun,10,0.4602216720581055,0.5329246863949663,0.36886950806850416,0.7,0.9486832980505138,-1.0,0.6085979528160109,0.7279170363545763,-0.17747380403384327
p,4,Zeylac,10,0.43595768223710946,0.5752976077763452,-0.11223500249806695,0.5111561742042481,0.7619866350929485,-0.9512195121951212,0.4575340422497535,0.5702045523317547,-0.09262914965148439
p,8,Afder,9,0.6171552963287298,0.7042987515703037,-0.20599660900957018,0.6428669784398793,0.7781134639881989,-0.4720349106394097,0.7157560336124198,0.8577736428643915,-0.7888653184607874
p,8,Afmadow,9,0.30964325943646265,0.34316746362180806,0.7438922032181399,0.6016155517589981,0.7972408693485664,-0.382259866243126,0.6741891008326293,0.8343198140825473,-0.513825113846903
p,8,Awsi-Zone 1,9,0.2904319499764004,0.35810490711767984,0.26489357737267005,0.30585236983901987,0.4080331586322463,0.04562163130176233,0.40659359584072896,0.5215395606345236,-0.5592084739031242
p,8,Baardheere,9,0.46244720506907505,0.6051243885068512,-0.2471956908182058,0.5002181356529649,0.6079922112819748,-0.25904519402919335,0.6798400158869664,0.8572118209250094,-1.5027737467307625
p,8,Badhaadhe,9,0.33138184038420476,0.4102567147079312,0.6071342450124874,0.5766212404150964,0.7422137492016455,-0.2858513607956028,0.6268632792149182,0.7573908286413191,-0.3389762140256076
p,8,Baki,9,0.24971856205341364,0.32287903256081857,-1.523910311133693,0.2708481631731,0.3676907658624883,-2.2731030417532336,0.20579914203216962,0.24807983778264342,-0.4899687844034739
p,8,Bale,9,0.3168789715934231,0.3978365594098992,-0.6869993387559763,0.23010428113630343,0.28099844562597953,0.15838519470580525,0.24917837477673663,0.3151056808929575,-0.058322422450798106
p,8,Bandarbeyla,9,0.4631996154785156,0.5950865578487061,0.1123804755639003,0.5796728625264426,0.688328810870999,-0.18756793192586452,0.5132645188339879,0.6594438225795903,-0.08998914930558288
p,8,Belet Weyne,9,0.361441801213874,0.5108749575793139,0.42475375359785805,0.49958611819824256,0.7236971225359075,-0.1543519897500636,0.6614526225228864,0.8152269015652043,-0.4648109205922084
p,8,Belet Xaawo,9,0.28651148743099636,0.3994997354959378,0.2866041714785518,0.4444444444444444,0.6422314817411653,-0.8436596650764068,0.7835872321486984,0.9109336758102766,-2.709121744872418
p,8,Berbera,9,0.2267297675869372,0.272558856865582,-0.21640040020638418,0.3315570557906039,0.46889248499956493,-2.5999999999999983,0.22655307019729268,0.3239167739843293,-0.7179987088614861
p,8,Borama,9,0.21764391325975108,0.3087911302574495,-0.20717436112116872,0.2806738349959221,0.40749549621114567,-1.1022579087003304,0.28217277460034507,0.2947765166932257,-0.10008472371781396
p,8,Borena,9,0.5199714776765271,0.64010685763177,-0.020002612077202775,0.5570549025952649,0.6534912188301197,-0.06310420624786128,0.5808378865422744,0.8027972299592562,-0.6043830114040987
p,8,Bu'aale,9,0.443950642367551,0.555932080499678,0.1491978220548602,0.9382934413229638,1.0258980571148495,-1.8973004608962398,0.7097963326986085,0.9146319087486889,-1.3029145192606282
p,8,Bulo Burto,9,0.34531161254737786,0.4613177665330773,0.5078431215486414,0.553610853106549,0.735518336266725,-0.2510947621296491,0.6745054761173545,0.7910105738239077,-0.446997483110565
p,8,Burco,9,0.3606118854747862,0.5306931557812052,0.08734653805360515,0.4510181804909684,0.6575424405311758,-0.4010915397605097,0.3606900423725515,0.5920378740278204,-0.13584197255328045
p,8,Burtinle,9,0.6371613873375787,0.7938229628892934,0.08852595340647729,0.5555555555555556,1.0,-0.4464285714285716,0.7555555555555556,1.0249661241014532,-0.5195535714285717
p,8,Buuhoodle,9,0.5380705727471246,0.6877386733880995,-0.06421508646565144,0.4444444444444444,0.816496580927726,-0.5,0.4670939504026361,0.695901248077922,-0.0896267309219212
p,8,Cabudwaaq,9,0.601775222354465,0.7466484175486561,0.1637742108581316,0.3333333333333333,0.7453559924999299,0.16666666666666663,0.7833333333333334,1.0147522959925848,-0.5445833333333334
p,8,Cadaado,9,0.5634464302023903,0.7196241989785896,0.06751438083207473,0.4964094501266935,0.7768039851331084,-0.08655950319207628,0.7198922194886914,0.9328054827611534,-0.5667972654366231
p,8,Caynabo,9,0.6281168958037857,0.7582070621371625,-0.3584173314108374,0.6082232532610861,0.8763605602374781,-0.8147767725342734,0.4930520108210066,0.6760512386309723,-0.0799826760815745
p,8,Ceel Afweyn,9,0.3848140220878388,0.45513065424057086,-0.01293939015618828,0.5224480933022099,0.642161518557372,-1.0165074882322225,0.42971882376371434,0.46531622935113465,-0.05878476969790358
p,8,Ceel Barde,9,0.6135993401209513,0.703380803543981,0.1985138212334342,0.8888888888888888,1.0540925533894598,-0.8,0.8055555555555556,0.924211375534118,-0.38375000000000004
p,8,Ceel Buur,9,0.5203081258038592,0.6397938268922987,0.11552405326885284,0.6808693173900069,0.8472614944632985,-0.5511038464629747,0.5072315629160984,0.6896117978580325,-0.027579192113798667
p,8,Ceel Waaq,9,0.3213333818647597,0.40538996838182073,0.26391577700797586,0.4444444444444444,0.645864079280507,-0.8683738344145127,0.692682339336456,0.8847480411668509,-2.506071218523211
p,8,Ceerigaabo,9,0.45853201548258465,0.5628704369976666,-0.02076587189586543,0.6149339474722215,0.7716602075522856,-0.9184985431140005,0.5111254839274288,0.5744991854398922,-0.06337904392781302
p,8,Daawa,9,0.703404960492438,0.7927193557773036,-2.235320982874425,0.41331316590328493,0.5961247494845169,-0.8295856922483236,0.5612477940993982,0.6918174760108261,-1.4641180303653947
p,8,Dhuusamarreeb,9,0.5955644362336763,0.7373851581383647,-0.12552082838752576,0.6541967673890183,0.8593123757371364,-0.5285050758235861,0.6567038896965091,0.8712638628537106,-0.5713182508488122
p,8,Doolo,9,0.5735521097377709,0.6475166115952727,-0.4722042488319529,0.5386734330728495,0.8393546635501606,-1.4737582378632181,0.5059960646079296,0.5669800513638636,-0.12876048066617485
p,8,East Bale,9,0.3444081194966945,0.43224483384270734,-0.007363227455700949,0.42530045683161705,0.5161055330669375,-0.43616223009620025,0.5747520172081155,0.6800457154721572,-1.4934616225937387
p,8,Erer,9,0.415298533202342,0.4971083960675999,-13.569154361270789,0.14066156872672153,0.2090246143594733,-1.575888200468078,0.3720051094095038,0.39148545763831294,-8.03573356016992
p,8,Eyl,9,0.496952209426879,0.5811912177587018,0.1863394752269132,0.5410332229589769,0.6660708953095615,-0.06867604453365783,0.5322195304359326,0.7135196117327297,-0.22635721168094025
p,8,Fanti-Zone 4,9,0.7654712604258646,0.9565066981633231,-0.7062165075498117,0.7315330331534047,0.8964200778453366,-0.4985845768291399,0.8617230668421557,1.084456353377386,-1.1932203307789422
p,8,Gaalkacyo,9,0.5968183316377412,0.7488031357021852,-0.05631551836495263,0.5425925954299351,0.7964362383688621,-0.19497928339362813,0.7064377333018338,0.9458442927659221,-0.6853792651366049
p,8,Gabi-Zone 3,9,0.4431133776392102,0.6061448669347806,0.08914254940521482,0.5177380584810991,0.8021054915196482,-0.5949994256543176,0.5531158046382973,0.7063313211109038,-0.23684273128231803
p,8,Galdogob,9,0.6443870067596436,0.7689705080172943,0.11302653669943652,0.3333333333333333,0.7453559924999299,0.16666666666666663,0.8666666666666667,1.0778064142816495,-0.7424999999999999
p,8,Garbahaarey,9,0.37983944397781916,0.5098734647151104,0.06243688749540177,0.47530850510243794,0.5895869705137692,-0.2536359725980488,0.6985148919783973,0.839121606717048,-1.5393671599660355
p,8,Garissa,9,0.39478346971520867,0.5724195643834795,-0.557045437907218,0.6182087182211435,0.7245329940550042,-1.4945297249099383,0.4482372384951664,0.5127229422425237,-0.24921689805555847
p,8,Garoowe,9,0.5687311030628545,0.6682512606210494,0.032458122634211106,0.6498516205816398,0.8035920198486816,-0.3991408237720153,0.5451368173303356,0.6340457521755145,0.12897345101621305
p,8,Gebiley,9,0.2513443945375196,0.34363782938380605,-0.18476214967704485,0.29765221611576326,0.44647832417364486,-0.9999999999999998,0.30351334308080224,0.3229827603245245,-0.046617327522098906
p,8,Guji,9,0.26154475249007675,0.3158170713902346,0.18052802899958154,0.28359446283865847,0.3328709737902392,0.08963667623257077,0.29914987467186577,0.3743489476489342,-0.15137324400221552
p,8,Hargeysa,9,0.3215531085898661,0.4180913463406627,-0.21315927279999758,0.3524001229652895,0.49304119775811633,-0.6871041138504539,0.3335111276226649,0.36775928976848377,0.061351978854167655
p,8,Hari-Zone 5,9,0.3709300094180637,0.4920886701081935,-0.40101799993977827,0.1111111111111111,0.3333333333333333,0.3571428571428571,0.3919991660515769,0.5047780029555043,-0.4742048152633942
p,8,Hobyo,9,0.43752682665077314,0.5782302064656492,0.09021484944016334,0.6494205582562912,0.7664513289864823,-0.5984772391975044,0.5476058762585386,0.7425327706513224,-0.5002669575361565
p,8,Isiolo,9,0.5171413161133858,0.6557745738550621,-0.9379450903778517,0.5688498320563724,0.7457848859530677,-1.506452480329838,0.5759595195913568,0.6738809417063489,-1.0464383602433114
p,8,Iskushuban,9,0.40569287376914476,0.5048959322102813,-0.1166563272497354,0.5121291291907667,0.651501171485341,-0.8592859588513482,0.38136641917558434,0.47461305492973427,0.01327723622334065
p,8,Jalalaqsi,9,0.3515063365532584,0.49913778702580064,0.33447872882309315,0.5618704976258344,0.7227934094020526,-0.3955628829589861,0.632106998796854,0.7404521087449795,-0.4645863797574392
p,8,Jarar,9,0.39491545565948305,0.4632392126524637,-0.13822683659325774,0.4420680270335725,0.6343268318240145,-1.134245409689096,0.41812012212799327,0.4468178082892771,-0.05895898432855917
p,8,Jariiban,9,0.5439095425437248,0.6670142346966726,0.19833517108825927,0.5242760084039906,0.7257592649121253,0.05090911340155557,0.6941040818784053,0.8826903081933477,-0.4039102412395261
p,8,Kajiado,9,0.3062044943896178,0.35684749148478984,-1073.5442998958895,0.14439788354116506,0.25902837500352555,-565.1789393139251,0.3114329014182877,0.364574881935794,-1120.5858357178554
p,8,Kilbati-Zone 2,9,0.6805474765789411,0.758269799363239,-1.8040837909516534,0.43913792128236806,0.5208844698804557,-0.3232024219615537,0.7273465530748275,0.8606512307504949,-2.6124168308184665
p,8,Kismaayo,9,0.30171294010072036,0.42503632670475977,0.41986016071271015,0.5948542544130144,0.6682782803179642,-0.43415233327626557,0.49893965416321134,0.7581871743569525,-0.8460074873035797
p,8,Korahe,9,0.45807173410132784,0.482525381256946,-0.12720979340850835,0.5207507948163846,0.6878238363467152,-1.290439751612174,0.4135227504305643,0.47479548557807816,-0.09138401903499105
p,8,Kurtunwaarey,9,0.3400155324449448,0.38932465913175296,0.16077468454487465,0.5657663632715033,0.6728035992775462,-1.5062902475565223,0.5050563417727846,0.5981090684680407,-0.9806855185131884
p,8,Laas Caanood,9,0.5683094925350614,0.6948746037809256,0.015063875738854371,0.6324291303229338,0.9230728337262509,-0.7380694535585792,0.5632107366310891,0.7213001420919036,-0.06127326268776545
p,8,Laasqoray,9,0.5346006205684769,0.5985193498030558,-0.14536307655020764,0.6003630874229962,0.7573803468297953,-0.8340655377613719,0.5692049521454514,0.5995645418611454,-0.14936685573800923
p,8,Lamu,9,0.5349861688885861,0.7001763174081896,-3.968605541227511,0.2921846836814356,0.5682779370405538,-2.272964353855466,0.3288991174439508,0.45297432699501355,-1.0795380048957983
p,8,Liban,9,0.671746693121562,0.7746106775583365,-0.891425553149124,0.49841024069457607,0.6508592766797715,-0.33535424734646524,0.6702732889559821,0.8394553083410933,-1.2213523578287302
p,8,Lughaye,9,0.5675624403858835,0.609153300733345,-0.5717451674083598,0.6518862001305408,0.9219063053484723,-2.5999999999999988,0.5458482141962663,0.6718152273170969,-0.9117390737282707
p,8,Mandera,9,0.37115923380451415,0.4904692930722637,-0.11394822441179553,0.6014486822756325,0.7307155114865425,-1.4725097538401588,0.4699508202532636,0.5534198325265501,-0.4182434862394848
p,8,Marsabit,9,0.46251461777566344,0.5984874668769753,-0.876707469679266,0.6137730956154621,0.6893360742269273,-1.4897083471509736,0.48124761363957524,0.5565844266819667,-0.6231122795776882
p,8,Narok,9,0.35904597701742247,0.4698974833873975,-0.9710574486364452,0.3824906206282793,0.4383412772622123,-0.715211902676478,0.24594385001993352,0.271354744271289,0.3426935675576209
p,8,Nogob,9,0.42144381006871967,0.4843946837265906,-3.0951374288825724,0.17668023948410885,0.32993129516758957,-0.8998388679769858,0.4979058625746029,0.5104247931869919,-3.547087041544353
p,8,Owdweyne,9,0.382811843898602,0.5027887709675672,-0.058833670067293786,0.4096870470741256,0.5765219923024365,-0.3921574665580716,0.31781173555220765,0.5268085900185424,-0.16241792715038006
p,8,Qardho,9,0.5456477006276449,0.6524046541778291,0.0927321458888336,0.6666666666666666,0.816496580927726,-0.42105263157894757,0.5611111111111111,0.6331139971074193,0.1455921052631578
p,8,Qoryooley,9,0.3171901934514408,0.3938105374971044,-0.05018349683159973,0.5836447376952631,0.709022525832545,-2.40416490391432,0.5508075432266806,0.6852553709331727,-2.1797678953194772
p,8,Saakow,9,0.41974377072292746,0.5017859736004467,0.05181518207488378,0.8397168126521762,0.8915956022019965,-1.9935864050515435,0.651821107633016,0.8588767610579894,-1.7779067728907987
p,8,Sablaale,9,0.3555809039398276,0.4298060407683135,0.24361495488459373,0.515572214046474,0.6107499494479449,-0.5273015161887549,0.6206200558168905,0.7167842526126005,-1.103656441747784
p,8,Samburu,9,0.45911548221476184,0.5344249783482687,-0.9046344866162899,0.45872847015983265,0.5625007406990745,-1.1100091780729113,0.48204751647520144,0.6188036510411373,-1.5535471538079992
p,8,Shabelle,9,0.4509611272091269,0.4908875993415439,-1.9022529548508857,0.3544213251263846,0.46675186338315844,-1.623875717850857,0.5629245991675838,0.6398414236871396,-3.9307824988377904
p,8,Sheikh,9,0.16598945199082257,0.23723954867741298,-26.585695528028314,0.04790947161853391,0.0586768796558803,-0.6875,0.1561724550616525,0.18689305332249576,-16.119697189251237
p,8,Siti,9,0.22469154316030954,0.2722268656605517,0.2763212248330512,0.2882155694149906,0.3714186892669116,-0.34713579414411266,0.39528720791126176,0.4344082449549389,-0.8428075740443624
p,8,Taleex,9,0.6045481363932291,0.7121195114972756,-0.08095394976485792,0.6666666666666666,0.9428090415820634,-0.8947368421052635,0.6297572124172665,0.7169052376511383,-0.09553165003953823
p,8,Tana River,9,0.3743214643947878,0.49826695141042865,-0.46471449777910956,0.5744820374687853,0.6878463318023454,-1.791333103767824,0.44074295821754966,0.5595457541864571,-0.8471408982841144
p,8,Turkana,10,0.7345491679012849,0.8507139620344236,-1.2454728392409327,0.7498168669933557,0.8432048331241325,-1.2060068646456306,0.7335853182766928,0.9047593842533479,-1.5398430366259173
p,8,Wajir,10,0.31832542456548996,0.4355397223021809,-0.0018529318261315542,0.5647229284461786,0.6675238979526097,-1.353325878426117,0.3941541762937754,0.48703684433543715,-0.2527720842080097
p,8,Wanla Weyn,10,0.30536122370000085,0.36442463124512253,0.4648814468861586,0.5223988090029126,0.6446946294928233,-0.6747217764923514,0.546952828238614,0.7001940093992157,-0.9754741187482605
p,8,West Guji,10,0.3272783524902231,0.39093151018935696,0.0030173778091752146,0.3839210338281108,0.49947774873347667,-0.627490736114624,0.6264413860690906,0.7503034095154771,-2.6724853665092207
p,8,West Pokot,10,0.29780767966981525,0.38027182011492533,-0.19437706559294843,0.4212127896955473,0.4733602902821134,-0.8507033619173425,0.37571252886774453,0.4249486700000099,-0.49150982096404827
p,8,Xarardheere,10,0.4299635648727417,0.6128579347617364,0.19455174210973603,0.45987901066469294,0.6464731081730407,0.10377109277775276,0.6779837839879603,0.7911436286967801,-0.34223540315133416
p,8,Xudun,10,0.5640829086303711,0.6917315247539367,-0.06331667186312484,0.7,0.9486832980505138,-1.0,0.6085979528160109,0.7279170363545763,-0.17747380403384327
p,8,Zeylac,10,0.5065129638762086,0.5749316299606808,-0.11082034734589574,0.596348869904956,0.8082088752716149,-1.1951219512195115,0.4575340422497535,0.5702045523317547,-0.09262914965148439
p,12,Afder,9,0.4192817265584642,0.4444350666920924,0.5197704434549737,0.4583458701902876,0.6539540792280779,-0.0397447971533067,0.7157560336124198,0.8577736428643915,-0.7888653184607874
p,12,Afmadow,9,0.5990431229710634,0.6364304648745487,0.11912859661481168,0.6821163931987503,0.9148743646027251,-0.8202603431525877,0.6741891008326293,0.8343198140825473,-0.513825113846903
p,12,Awsi-Zone 1,9,0.2531762729800479,0.278193912357925,0.5563659037207755,0.3741711910756932,0.5018639907417394,-0.44378240292190907,0.40659359584072896,0.5215395606345236,-0.5592084739031242
p,12,Baardheere,9,0.3491629793276034,0.4393286080239141,0.3426082389109524,0.6549396069583193,0.7983466474901225,-1.1708424220778206,0.6798400158869664,0.8572118209250094,-1.5027737467307625
p,12,Badhaadhe,9,0.5791841641494296,0.6227027429673891,0.0949046453353719,0.7778739825316928,0.9438077208648011,-1.0792170602956466,0.6268632792149182,0.7573908286413191,-0.3389762140256076
p,12,Baki,9,0.42911678593814784,0.5006307173799429,-5.0677715008307604,0.29991484852694344,0.34113726375508785,-1.8174262374911399,0.20579914203216962,0.24807983778264342,-0.4899687844034739
p,12,Bale,9,0.4820982779004044,0.5651978042843616,-2.404916481555695,0.40718714157893005,0.467925380298571,-1.3337736693286435,0.24917837477673663,0.3151056808929575,-0.058322422450798106
p,12,Bandarbeyla,9,0.37158695856730145,0.47112739014623883,0.4436561731621014,0.42032713747355743,0.6705812738991422,-0.1271180610906104,0.5132645188339879,0.6594438225795903,-0.08998914930558288
p,12,Belet Weyne,9,0.38096496597238755,0.5175776372952484,0.40956027180308074,0.6894531703340832,0.9303468624578213,-0.9077187968268221,0.6614526225228864,0.8152269015652043,-0.4648109205922084
p,12,Belet Xaawo,9,0.2365234692891439,0.30979980537733937,0.5709974689153541,0.5464373511937213,0.7345501830392935,-1.411795696592689,0.7835872321486984,0.9109336758102766,-2.709121744872418
p,12,Berbera,9,0.4397863312830292,0.5170201718976212,-3.3769434100387175,0.3315570557906039,0.4060728036532371,-1.6999999999999993,0.22655307019729268,0.3239167739843293,-0.7179987088614861
p,12,Borama,9,0.4331792558982401,0.4558819013552976,-1.6311467464297684,0.40645418543008854,0.4866435313882638,-1.9982115902008855,0.28217277460034507,0.2947765166932257,-0.10008472371781396
p,12,Borena,9,0.3578261257639913,0.4200950901454334,0.5606693170126382,0.663360280327693,0.8316351935765512,-0.7217180938417493,0.5808378865422744,0.8027972299592562,-0.6043830114040987
p,12,Bu'aale,9,0.5426727580187836,0.6078188793282462,-0.017029363059282376,0.8341330620557559,1.0059870533079942,-1.7859281005012533,0.7097963326986085,0.9146319087486889,-1.3029145192606282
p,12,Bulo Burto,9,0.48051209225399405,0.5850499696518768,0.20843037594890512,0.6962312041333705,0.9023933008130972,-0.883193397501671,0.6745054761173545,0.7910105738239077,-0.446997483110565
p,12,Burco,9,0.31051225494390017,0.3501996552223179,0.602579412947972,0.4248195671711211,0.6257351229701901,-0.26881994849264434,0.3606900423725515,0.5920378740278204,-0.13584197255328045
p,12,Burtinle,9,0.43082650502522785,0.4664434319784574,0.6853012947481574,0.5555555555555556,1.0,-0.4464285714285716,0.7555555555555556,1.0249661241014532,-0.5195535714285717
p,12,Buuhoodle,9,0.47772283024258083,0.5595904400304207,0.2954317137097604,0.4444444444444444,0.816496580927726,-0.5,0.4670939504026361,0.695901248077922,-0.0896267309219212
p,12,Cabudwaaq,9,0.5311237441168891,0.5826362923722386,0.49080242621609693,0.8888888888888888,1.1547005383792515,-1.0,0.7833333333333334,1.0147522959925848,-0.5445833333333334
p,12,Cadaado,9,0.40015303972423194,0.45734773571577364,0.6233623848110025,0.9215041122475609,1.1183654660538156,-1.2521541920292942,0.7198922194886914,0.9328054827611534,-0.5667972654366231
p,12,Caynabo,9,0.49542050565180834,0.5615738061199855,0.25480274168086925,0.2533624419271568,0.6511888803242983,-0.0020087530119361485,0.4930520108210066,0.6760512386309723,-0.0799826760815745
p,12,Ceel Afweyn,9,0.33443204551072125,0.37636778882706623,0.3073143666303424,0.21589872183952138,0.4380698620993912,0.06157830993669,0.42971882376371434,0.46531622935113465,-0.05878476969790358
p,12,Ceel Barde,9,0.5906503200531006,0.766324993760643,0.04864852637915584,1.0,1.2018504251546631,-1.3400000000000003,0.8055555555555556,0.924211375534118,-0.38375000000000004
p,12,Ceel Buur,9,0.5443113136192075,0.602614622387807,0.2153332189849495,0.8442253677661882,1.0298084821279236,-1.2914947424857464,0.5072315629160984,0.6896117978580325,-0.027579192113798667
p,12,Ceel Waaq,9,0.23903020222981772,0.3413785565217459,0.47801984804867814,0.5479482963755244,0.7361409768419103,-1.4271884697857296,0.692682339336456,0.8847480411668509,-2.506071218523211
p,12,Ceerigaabo,9,0.4148299429151747,0.4666583552929357,0.2983712845579384,0.2222222222222222,0.5344964956865361,0.0795525746310729,0.5111254839274288,0.5744991854398922,-0.06337904392781302
p,12,Daawa,9,0.47813349709827285,0.5313324030558618,-0.4534866706791332,0.34960536982888174,0.5290974292286066,-0.4412846198979312,0.5612477940993982,0.6918174760108261,-1.4641180303653947
p,12,Dhuusamarreeb,9,0.463749691496263,0.5074665362213012,0.4669357345491838,0.951569805603306,1.1217289279621536,-1.6045973363869726,0.6567038896965091,0.8712638628537106,-0.5713182508488122
p,12,Doolo,9,0.367235150394779,0.4171550673307277,0.38897175672193496,0.21448687960779994,0.43744807866171476,0.328077375320614,0.5059960646079296,0.5669800513638636,-0.12876048066617485
p,12,East Bale,9,0.19276230118886148,0.23785006783267812,0.6949766896892662,0.531385395103934,0.6234912342487327,-1.0959801960615079,0.5747520172081155,0.6800457154721572,-1.4934616225937387
p,12,Erer,9,0.28981105183884015,0.3435127245801916,-5.95693276443224,0.07318085079253638,0.12187319668690116,0.12431370395734676,0.3720051094095038,0.39148545763831294,-8.03573356016992
p,12,Eyl,9,0.35879604178143115,0.4104744547460211,0.594138898766448,0.4396488257928532,0.6719922607002258,-0.08776154855564622,0.5322195304359326,0.7135196117327297,-0.22635721168094025
p,12,Fanti-Zone 4,9,0.6259460588403069,0.750432307556652,-0.05022210281779871,0.7278420029486199,0.9192115373142328,-0.5757562614917253,0.8617230668421557,1.084456353377386,-1.1932203307789422
p,12,Gaalkacyo,9,0.4738317221849375,0.5307544347314382,0.46930424407715565,0.9306357490818657,1.1156204550723343,-1.3447216220086275,0.7064377333018338,0.9458442927659221,-0.6853792651366049
p,12,Gabi-Zone 3,9,0.49020116951366915,0.6379802467015215,-0.009048441623127124,0.6315937932886271,0.870227612414654,-0.8774279123825073,0.5531158046382973,0.7063313211109038,-0.23684273128231803
p,12,Galdogob,9,0.49203769365946454,0.5339512599189398,0.5723440780464653,0.8888888888888888,1.1547005383792515,-1.0,0.8666666666666667,1.0778064142816495,-0.7424999999999999
p,12,Garbahaarey,9,0.26692076240924956,0.3190806987619536,0.6328219088090616,0.581268059769934,0.764550294873184,-1.1080835103465576,0.6985148919783973,0.839121606717048,-1.5393671599660355
p,12,Garissa,9,0.3479404881446485,0.4875979359385162,-0.12978568005893742,0.7454268442899376,0.8998783888448625,-2.8480436775740183,0.4482372384951664,0.5127229422425237,-0.24921689805555847
p,12,Garoowe,9,0.43573426653346636,0.4889534271390146,0.4820054541491918,0.3669634255033871,0.7329350143272915,-0.16391465690319085,0.5451368173303356,0.6340457521755145,0.12897345101621305
p,12,Gebiley,9,0.45236026627508213,0.4974651164911237,-1.4828729754372407,0.4464783241736449,0.5468220377191829,-1.9999999999999996,0.30351334308080224,0.3229827603245245,-0.046617327522098906
p,12,Guji,9,0.31364370294082217,0.35599653651805885,-0.04124863542156354,0.44281203039065037,0.5176983299851354,-1.2019955034486816,0.29914987467186577,0.3743489476489342,-0.15137324400221552
p,12,Hargeysa,9,0.4103505154351517,0.48025062338167507,-0.6007051396504546,0.4974096056871389,0.6151592194468866,-1.6263375273217355,0.3335111276226649,0.36775928976848377,0.061351978854167655
p,12,Hari-Zone 5,9,0.3667374716864692,0.4944874730763364,-0.41471048167021873,0.2222222222222222,0.4714045207910317,-0.2857142857142858,0.3919991660515769,0.5047780029555043,-0.4742048152633942
p,12,Hobyo,9,0.42247162056387266,0.4456708213402185,0.45953733813398234,0.7899064946711976,0.9349951781116675,-1.3787896259430727,0.5476058762585386,0.7425327706513224,-0.5002669575361565
p,12,Isiolo,9,0.3727281495374241,0.49576188945312166,-0.10758890457940584,0.555820295803959,0.8528812381818072,-2.278003715544001,0.5759595195913568,0.6738809417063489,-1.0464383602433114
p,12,Iskushuban,9,0.3686779598531199,0.4078812792955428,0.2712420035776384,0.2983045849399031,0.5010594093758538,-0.09975066157733292,0.38136641917558434,0.47461305492973427,0.01327723622334065
p,12,Jalalaqsi,9,0.31468805599652405,0.37898910045954126,0.6163152990166297,0.6601692146427101,0.8443973600942905,-0.9046482242939309,0.632106998796854,0.7404521087449795,-0.4645863797574392
p,12,Jarar,9,0.48068593468047205,0.5199578552218732,-0.4340175906854453,0.39442894705837195,0.572462196678596,-0.7382483142129554,0.41812012212799327,0.4468178082892771,-0.05895898432855917
p,12,Jariiban,9,0.42003996450010506,0.47657588988789146,0.5907518160895948,0.632979147417382,0.9151941507226466,-0.5092079956650724,0.6941040818784053,0.8826903081933477,-0.4039102412395261
p,12,Kajiado,9,0.36702653092085424,0.49652557082050736,-2079.3780701501264,0.25550899465227617,0.41969205117779673,-1485.3480448566406,0.3114329014182877,0.364574881935794,-1120.5858357178554
p,12,Kilbati-Zone 2,9,0.4689478881847761,0.5448445579593445,-0.4477337656215361,0.5378408593287953,0.6445484366836143,-1.0260706603116656,0.7273465530748275,0.8606512307504949,-2.6124168308184665
p,12,Kismaayo,9,0.5353343662040468,0.615478318401367,-0.21648317927394034,0.6916052289987219,0.818195028675071,-1.1497812162355232,0.49893965416321134,0.7581871743569525,-0.8460074873035797
p,12,Korahe,9,0.3879894986806382,0.46564150998967196,-0.0497063056667717,0.3094063157241148,0.40839606928236294,0.19252788186828285,0.4135227504305643,0.47479548557807816,-0.09138401903499105
p,12,Kurtunwaarey,9,0.3315947492391783,0.4094212985382515,0.07189820056617835,0.7207217165636168,0.8084921459218987,-2.6191481602817817,0.5050563417727846,0.5981090684680407,-0.9806855185131884
p,12,Laas Caanood,9,0.4557858721028445,0.5161757928410328,0.45651138054034834,0.32493483125342093,0.7051197378562196,-0.014193752286588923,0.5632107366310891,0.7213001420919036,-0.06127326268776545
p,12,Laasqoray,9,0.38715525974897824,0.4569170485290014,0.3324842564048105,0.2670297540896629,0.5743750692409699,-0.05481901403993916,0.5692049521454514,0.5995645418611454,-0.14936685573800923
p,12,Lamu,9,0.5036253236225503,0.6768881311882752,-3.6435858925723936,0.40318348988813096,0.7597563284842418,-4.850167994080552,0.3288991174439508,0.45297432699501355,-1.0795380048957983
p,12,Liban,9,0.4564347685050662,0.4897628147314978,0.24387445578527966,0.42059988341340815,0.5959759832249585,-0.11964362397940631,0.6702732889559821,0.8394553083410933,-1.2213523578287302
p,12,Lughaye,9,0.46490307238707257,0.5207802910847359,-0.1487830264178709,0.6518862001305408,0.7983942803408307,-1.6999999999999993,0.5458482141962663,0.6718152273170969,-0.9117390737282707
p,12,Mandera,9,0.3711430288729064,0.4819260303576602,-0.07547948248135805,0.6077236135340626,0.8330053696197111,-2.2131941102119517,0.4699508202532636,0.5534198325265501,-0.4182434862394848
p,12,Marsabit,9,0.3328896840239211,0.49252101050580493,-0.2709720088198886,0.6386916195098388,0.8205032399047563,-2.52733788491253,0.48124761363957524,0.5565844266819667,-0.6231122795776882
p,12,Narok,9,0.5430947135994875,0.7326084250769411,-3.791117941086516,0.3985314538291783,0.48643635769806387,-1.1122489365975405,0.24594385001993352,0.271354744271289,0.3426935675576209
p,12,Nogob,9,0.38411821590842776,0.4342150722324238,-2.290633641998649,0.20658409312331147,0.34620639301666567,-1.091895141229498,0.4979058625746029,0.5104247931869919,-3.547087041544353
p,12,Owdweyne,9,0.2646190188624099,0.3132131493601148,0.589099588472401,0.38195302904243394,0.5432242312715633,-0.23598975652996113,0.31781173555220765,0.5268085900185424,-0.16241792715038006
p,12,Qardho,9,0.4583764341142442,0.49053238103254015,0.4870951746274287,0.3333333333333333,0.7453559924999299,-0.1842105263157896,0.5611111111111111,0.6331139971074193,0.1455921052631578
p,12,Qoryooley,9,0.2995301054421363,0.37865666432733547,0.02908383149456939,0.7226228486060169,0.7968834115858844,-3.3001152605031967,0.5508075432266806,0.6852553709331727,-2.1797678953194772
p,12,Saakow,9,0.4045069199577348,0.4741610634576067,0.15334254045430107,0.7869151711875182,0.916142986732396,-2.1606942417885344,0.651821107633016,0.8588767610579894,-1.7779067728907987
p,12,Sablaale,9,0.4648378415483262,0.5646827238946193,-0.30559027192431154,0.6190399391293305,0.749019851995344,-1.2971246398470329,0.6206200558168905,0.7167842526126005,-1.103656441747784
p,12,Samburu,9,0.2846914555158279,0.4002086154685211,-0.06809778482803508,0.5428965192512919,0.7213711892413283,-2.4702098106470425,0.48204751647520144,0.6188036510411373,-1.5535471538079992
p,12,Shabelle,9,0.2732033144395517,0.31201379054018363,-0.1725158408542069,0.3481634489513481,0.4498725114179061,-1.4375304749035585,0.5629245991675838,0.6398414236871396,-3.9307824988377904
p,12,Sheikh,9,0.33966625190579136,0.46858340515922214,-106.61766582854615,0.03992455968211159,0.05356441765256935,-0.40625,0.1561724550616525,0.18689305332249576,-16.119697189251237
p,12,Siti,9,0.3413567129641109,0.41332709503698867,-0.6682902863816282,0.39245475461419604,0.5068367558794602,-1.5085344785334014,0.39528720791126176,0.4344082449549389,-0.8428075740443624
p,12,Taleex,9,0.40626205338372123,0.4273913092063255,0.6106386887896618,0.2222222222222222,0.6666666666666666,0.05263157894736825,0.6297572124172665,0.7169052376511383,-0.09553165003953823
p,12,Tana River,9,0.3669929832122645,0.47110848291805046,-0.30939495605935874,0.6307368545858902,0.7357168361123385,-2.193377080993115,0.44074295821754966,0.5595457541864571,-0.8471408982841144
p,12,Turkana,10,0.4679473880679444,0.5749654445378424,-0.025709018060533717,0.6102189481014768,0.8228281076038123,-1.1006752686743684,0.7335853182766928,0.9047593842533479,-1.5398430366259173
p,12,Wajir,10,0.31473461344254855,0.41904739547156816,0.07258369908816764,0.5128080057105471,0.6542295529126991,-1.260522062747655,0.3941541762937754,0.48703684433543715,-0.2527720842080097
p,12,Wanla Weyn,10,0.37887368158565127,0.4606572408511305,0.14495225353338548,0.6675916701234759,0.7399920058346748,-1.2064222013166375,0.546952828238614,0.7001940093992157,-0.9754741187482605
p,12,West Guji,10,0.3547188850601299,0.4023586971373836,-0.05611940031685214,0.5596472387781973,0.6285279681859066,-1.5771247946658389,0.6264413860690906,0.7503034095154771,-2.6724853665092207
p,12,West Pokot,10,0.38500281989324237,0.5042962880695925,-1.100509798051958,0.5033541073227289,0.5901524362873883,-1.8766139178912074,0.37571252886774453,0.4249486700000099,-0.49150982096404827
p,12,Xarardheere,10,0.5134060025215149,0.603372522440409,0.21929119600894154,0.6299395053323465,0.8030060391910389,-0.38278812990847366,0.6779837839879603,0.7911436286967801,-0.34223540315133416
p,12,Xudun,10,0.5150185585021972,0.5802627614894622,0.25176695028582996,0.2,0.6324555320336759,0.11111111111111116,0.6085979528160109,0.7279170363545763,-0.17747380403384327
p,12,Zeylac,10,0.4356753332721679,0.5398695625944562,0.02053457940674297,0.596348869904956,0.7127732304546378,-0.7073170731707312,0.4575340422497535,0.5702045523317547,-0.09262914965148439
