lhz,lead,zone_code,n,mae,rmse,r2,mae_baseline,rmse_baseline,r2_baseline,mae_baseline2,rmse_baseline2,r2_baseline2
agropastoral,0,ET0410,9,0.5094905143120152,0.6005507979321404,-0.5460902141712634,0.47078595267357115,0.6178881294897649,-0.6366470741235912,0.3838988812546704,0.46247937433031616,0.08310401219606922
agropastoral,0,ET0502,9,0.2631309787971689,0.3875983555572274,-1.1940424999604304,0.23186193341477818,0.4058041647488971,-1.4049950340096635,0.281419007249883,0.34298949542952734,-0.718077786947604
agropastoral,0,ET0707,9,0.3379433429105377,0.3578415748961882,0.02051477927326506,0.28454692502762835,0.32448189997039745,0.19462666429746267,0.6560875104387858,0.7382675958471164,-3.169115316504117
agropastoral,0,ET0712,9,0.640337223832915,0.7731931515233091,-1.810765304234177,0.553350763830526,0.7095363986036284,-1.3669982960889788,0.7419042139902897,0.8631931647245066,-2.5031970952440945
agropastoral,0,ET1201,9,0.328372951601114,0.39016058846165336,-2.0581267875984732,0.15771750826377223,0.2732253817325206,-0.499722042117031,0.14548333434829566,0.23533204620653717,-0.11257893700421295
agropastoral,1,ET0410,9,0.5607397891641638,0.697486056873645,-1.0854817570680066,0.47078595267357115,0.6178881294897649,-0.6366470741235912,0.3838988812546704,0.46247937433031616,0.08310401219606922
agropastoral,1,ET0502,9,0.3096892440986445,0.4347836920576032,-1.7607537863948801,0.23186193341477818,0.4058041647488971,-1.4049950340096635,0.281419007249883,0.34298949542952734,-0.718077786947604
agropastoral,1,ET0707,9,0.2743649943037128,0.33931677737154997,0.11930209820785487,0.28454692502762835,0.32448189997039745,0.19462666429746267,0.6560875104387858,0.7382675958471164,-3.169115316504117
agropastoral,1,ET0712,9,0.5204282740026555,0.6529328886779739,-1.0044059185224148,0.553350763830526,0.7095363986036284,-1.3669982960889788,0.7419042139902897,0.8631931647245066,-2.5031970952440945
agropastoral,1,ET1201,9,0.27443189432626186,0.34823572498456,-1.4362134532642066,0.15771750826377223,0.2732253817325206,-0.499722042117031,0.14548333434829566,0.23533204620653717,-0.11257893700421295
agropastoral,2,ET0410,9,0.4011238012331361,0.5077854317402103,-0.10533980129398679,0.47078595267357115,0.6178881294897649,-0.6366470741235912,0.3838988812546704,0.46247937433031616,0.08310401219606922
agropastoral,2,ET0502,9,0.34197824295270934,0.44325450080112433,-1.8693762047599218,0.23186193341477818,0.4058041647488971,-1.4049950340096635,0.281419007249883,0.34298949542952734,-0.718077786947604
agropastoral,2,ET0707,9,0.2836743399530612,0.31720839337170603,0.2303280934346511,0.28454692502762835,0.32448189997039745,0.19462666429746267,0.6560875104387858,0.7382675958471164,-3.169115316504117
agropastoral,2,ET0712,9,0.5894241507104137,0.6902154351135805,-1.2398447689539096,0.553350763830526,0.7095363986036284,-1.3669982960889788,0.7419042139902897,0.8631931647245066,-2.5031970952440945
agropastoral,2,ET1201,9,0.2871534595161367,0.32068834341222957,-1.0660224678959702,0.15771750826377223,0.2732253817325206,-0.499722042117031,0.14548333434829566,0.23533204620653717,-0.11257893700421295
agropastoral,3,ET0410,9,0.48880982689337416,0.6035256497130712,-0.5614453876882088,0.47078595267357115,0.6178881294897649,-0.6366470741235912,0.3838988812546704,0.46247937433031616,0.08310401219606922
agropastoral,3,ET0502,9,0.24737188175024777,0.3847483233739395,-1.161895294059946,0.23186193341477818,0.4058041647488971,-1.4049950340096635,0.281419007249883,0.34298949542952734,-0.718077786947604
agropastoral,3,ET0707,9,0.38541648193663647,0.4316640014184891,-0.4253054925561499,0.28454692502762835,0.32448189997039745,0.19462666429746267,0.6560875104387858,0.7382675958471164,-3.169115316504117
agropastoral,3,ET0712,9,0.5277997601672849,0.6372776482456753,-0.9094397507607743,0.553350763830526,0.7095363986036284,-1.3669982960889788,0.7419042139902897,0.8631931647245066,-2.5031970952440945
agropastoral,3,ET1201,9,0.24172561791610603,0.3017878116155296,-0.8296671188759266,0.15771750826377223,0.2732253817325206,-0.499722042117031,0.14548333434829566,0.23533204620653717,-0.11257893700421295
agropastoral,4,ET0410,9,0.45575993421474315,0.4979684335883856,-0.06301394488681922,0.5438027780105721,0.6679881776311061,-0.9128146400340305,0.3838988812546704,0.46247937433031616,0.08310401219606922
agropastoral,4,ET0502,9,0.1969241863042236,0.25228920100495167,0.07043768908024695,0.17208766580666246,0.29226875783706635,-0.24751556175364375,0.281419007249883,0.34298949542952734,-0.718077786947604
agropastoral,4,ET0707,9,0.4824739049718032,0.5523394070605947,-1.333610407960406,0.35993684319734626,0.4426034627891626,-0.4984626040792324,0.6560875104387858,0.7382675958471164,-3.169115316504117
agropastoral,4,ET0712,9,0.6014857255882391,0.7286232277549074,-1.4960576436835287,0.486977432787138,0.6593487929927393,-1.043991181237112,0.7419042139902897,0.8631931647245066,-2.5031970952440945
agropastoral,4,ET1201,9,0.40562772667633645,0.5108093297056494,-4.241871054399762,0.2614308096838708,0.3507935706857162,-1.472133625581702,0.14548333434829566,0.23533204620653717,-0.11257893700421295
agropastoral,8,ET0410,9,0.4018793895018032,0.47571393960504854,0.029876355324216508,0.5131563320000415,0.6026206169901004,-0.5567658861568165,0.38185590095609523,0.4593829761544989,0.0953405404140969
agropastoral,8,ET0502,9,0.448059908780889,0.4731741578448918,-2.269815286991253,0.2914860878864886,0.43383269727134727,-1.7486898971976257,0.2812928107014683,0.34292698669064453,-0.71745161564493
agropastoral,8,ET0707,9,0.1886463434010185,0.2971874135546121,0.32441947929124126,0.4246623487116286,0.5565204330009416,-1.3690734356486125,0.6855664451245597,0.762373132492805,-3.445815742617544
agropastoral,8,ET0712,9,0.5470608449501915,0.6373073202293046,-0.9096175639452424,0.6528235359623087,0.8979779854588763,-2.791228550656869,0.7957487875022351,0.9068527564335065,-2.866536742587564
agropastoral,8,ET1201,9,0.4047555710248863,0.49005194867704766,-3.824506909627422,0.2614308096838708,0.3507935706857162,-1.472133625581702,0.15771750826377223,0.2732253817325206,-0.499722042117031
agropastoral,12,ET0410,9,0.3968416410486111,0.473584777377308,0.03854092466368819,0.7367069842554301,0.8286254383364767,-1.9434174360643897,0.38185590095609523,0.4593829761544989,0.0953405404140969
agropastoral,12,ET0502,9,0.3869608443733431,0.4544379892733812,-2.015993792743046,0.3056110799401711,0.44633940195922517,-1.9094549609765132,0.2812928107014683,0.34292698669064453,-0.71745161564493
agropastoral,12,ET0707,9,0.3596641044269895,0.4374664169705676,-0.4638808601011257,0.46779406053944267,0.5906269817892351,-1.6683504074062947,0.6855664451245597,0.762373132492805,-3.445815742617544
agropastoral,12,ET0712,9,0.6946288866084751,0.8567248136331654,-2.4508912881743896,0.5902134400306696,0.8897148694674853,-2.7217764573308005,0.7957487875022351,0.9068527564335065,-2.866536742587564
agropastoral,12,ET1201,9,0.2998087801409478,0.38639505009288794,-1.9993821341147222,0.2614308096838708,0.3507935706857162,-1.472133625581702,0.15771750826377223,0.2732253817325206,-0.499722042117031
crop_farming,0,ET0101,9,0.5879203840651345,0.8589678676117323,0.5475365342359968,0.4225214915966362,0.7902979390161585,0.6169888822374492,1.686951236566287,1.9893291481745046,-1.4268502229125777
crop_farming,0,ET0102,9,0.6376631310700813,0.853977774308539,0.5347396824321754,0.5292166354902843,0.9185656607706947,0.46170135214316854,1.6122786466978276,1.846034282464246,-1.1741144425948744
crop_farming,0,ET0103,9,0.7131549880173712,0.831924183419347,0.42694004957454856,0.6204403255058286,0.9139340532475596,0.3083883844104768,1.4509079855522349,1.6464866692322606,-1.2446518844260703
crop_farming,0,ET0104,9,0.6333694232259973,0.8189208433587962,0.28644328188652757,0.583600359492785,0.760148491578458,0.3851891468745011,1.3130454207252698,1.5194418354633314,-1.4564776043796317
crop_farming,0,ET0105,9,0.5498554622527513,0.7510583143969446,0.487913147120137,0.3323628658814024,0.5742461941027708,0.700640833696573,1.3195428086921845,1.6726593576141606,-1.5398690073841377
crop_farming,0,ET0106,9,0.8029345338605888,0.960212408977176,0.3670566216459331,0.7375060679223817,1.103513370563227,0.16404012623445452,1.5473477357388743,1.707261508410689,-1.0009227882062048
crop_farming,0,ET0107,9,0.7066927395162352,0.8568485193161791,-0.07462347766544974,0.5964927706682717,0.9446502264089013,-0.3061416829896497,1.0404628628073747,1.1536133990368667,-0.9479096391488848
crop_farming,0,ET0301,9,0.46361583621365526,0.5447576121753781,0.02479886991799707,0.6443601062551703,0.7654896317148029,-0.925600571412005,0.40357119430163885,0.4971651382556202,0.1877515029424578
crop_farming,0,ET0302,9,0.16867107140735407,0.20133722465425366,0.4133782388670596,0.1756684325698628,0.24400093910137213,0.13842515703702385,0.2197487714862469,0.2698065131211377,-0.05345229235431703
crop_farming,0,ET0303,9,0.5242517837110812,0.685915016170412,0.34784866464857633,0.7433272304525297,0.8322030440483732,0.04001075685541988,0.6795380700839253,0.8958253724698553,-0.11238336151039818
crop_farming,0,ET0304,9,0.5242607438436622,0.6182232554612751,0.007959590031678454,0.5560177647525875,0.6404141109833164,-0.06453629473642719,0.5098726432303168,0.5925589057110673,0.08861527180652995
crop_farming,0,ET0305,9,0.2662940643647217,0.36711555394736517,0.2292941972596806,0.3248427432512396,0.43355073034554087,-0.07488722915263124,0.3353282540550806,0.4229224034731326,-0.02283231846305611
crop_farming,0,ET0306,9,0.10890888835202876,0.12744213873413232,-1.0604307837696925,0.11862931697695021,0.14479991654951696,-1.6599198507915567,0.09499726415761864,0.09813605129421389,-0.22176895614667513
crop_farming,0,ET0307,9,0.015558791634488664,0.017800976636964467,-108629.70755875764,1.9227112677963928e-05,4.891085108097435e-05,0.1798838057344626,0.0005614464993271254,0.000691231801710919,-162.7994236091647
crop_farming,0,ET0308,9,0.5804255596324087,0.7220169458359398,0.2218664910070285,0.5675532429475068,0.6918606103971913,0.28550935317327697,0.7135126582683375,0.9830975261901767,-0.4426219741892299
crop_farming,0,ET0309,9,0.03547773590878024,0.05089470159013644,-501.1667951917973,0.0015184397779480897,0.0027320042434063685,-0.4469901904898852,0.001521113616683451,0.0027293527970052816,-0.4441829070104437
crop_farming,0,ET0310,9,0.5797150333953291,0.6971813856277703,0.10846160053763121,0.6783285269594508,0.8163796703832267,-0.22245491136332318,0.6007611519946394,0.7782044679109592,-0.11080014272863603
crop_farming,0,ET0311,9,0.1080930913826586,0.13461847865984228,-0.7889694963534284,0.15170490091364142,0.19726445246643934,-2.8414151230334554,0.09138785400643543,0.11211267734254247,-0.24080354909877721
crop_farming,0,ET0312,9,0.016891104563316883,0.0194440332961765,-352.0472383531255,0.0006254384743958279,0.0010040401730347626,0.05862581151150603,0.00113229941748447,0.0014393687010417272,-0.9346580553816723
crop_farming,0,ET0401,9,0.04787346977976993,0.05993064761444865,0.4056812630364367,0.02191605552025671,0.06292117966094996,0.3448885448629688,0.04313782336941638,0.08858020558060706,-0.29835916720069644
crop_farming,0,ET0402,9,0.06691701097127895,0.07664924831322474,-0.9836858798288233,0.015507296840387244,0.0441614665174872,0.34151774530128054,0.07842627154225368,0.10435078003911596,-2.676617934260363
crop_farming,0,ET0403,9,0.014022974226019539,0.01805164668159089,-890.4422240223374,0.00021377573203677316,0.0005094173591400412,0.2900838895492204,0.0005786705399768196,0.000694903061208957,-0.32101576780079855
crop_farming,0,ET0404,9,0.013083393275739633,0.017136616729211816,-324.274617322578,0.0007852004808180072,0.0010296501136303857,-0.17430078435313945,0.0008928865053588167,0.0010917916153935128,-0.3203209575524044
crop_farming,0,ET0405,9,0.05064959618296107,0.06605906311949838,-430.2061409619463,0.0022689691479202225,0.004034395666163386,-0.608337152903615,0.0019342256028700433,0.0034393258104507443,-0.16887146039257228
crop_farming,0,ET0406,9,0.1475853538263336,0.19872905000365687,0.3910840590805582,0.09745876539934274,0.1868950720939936,0.4614446661168159,0.313227774040634,0.323349925994168,-0.612056141660841
crop_farming,0,ET0407,9,0.2420158077547828,0.27731806501366013,-0.7721722153247275,0.253582385736178,0.30986274222040183,-1.212525683145071,0.1365722754414559,0.20399334689585294,0.04108169809324291
crop_farming,0,ET0408,9,0.23218792789509043,0.27569313988560007,-0.07454552167049933,0.3278557092897205,0.36747471733715925,-0.9090962663865689,0.21639640120945736,0.2536339278743519,0.09053164139642556
crop_farming,0,ET0409,9,0.3052196426667578,0.38442099385322664,0.13186871352149654,0.3213166744030395,0.41586902337116044,-0.015978128208884224,0.3523299288247268,0.4353115267175427,-0.11319577113219936
crop_farming,0,ET0413,9,0.07321254679546824,0.1002713048731199,-3.128026637557671,0.05398056340970303,0.0803803484595931,-1.6527048227828276,0.027494673380741914,0.05365306650613197,-0.18189325851788585
crop_farming,0,ET0416,9,0.03516633577057157,0.044814595595152544,-628.6909947684655,0.0008418786259998997,0.0017858942561416271,5.850875339774575e-14,0.0018742366193367469,0.0018781481207707747,-0.10598235736533623
crop_farming,0,ET0417,9,0.18587272060094204,0.2619648363167963,-0.19569596885853136,0.27402752439668593,0.34182675852729666,-1.0358551699206786,0.2342412913574402,0.28256902753355856,-0.3911817754699365
crop_farming,0,ET0418,9,0.060867691052063896,0.10009734005961424,-0.271439418904855,0.04462465193911188,0.09485279164655414,-0.14169692853551297,0.08297694914877847,0.0965717949286635,-0.18345351819778855
crop_farming,0,ET0419,9,0.03177682835107544,0.044433192281811154,-3183.188055378955,0.0002104476806637439,0.0006313430419912317,0.3571428571428571,0.000830130245336279,0.0011400033527189956,-1.096022469304097
crop_farming,0,ET0420,9,0.08136236006753286,0.10943190499934308,-0.5524066641431493,0.04738716224316435,0.09968129332859356,-0.2880861415107827,0.04790437938332778,0.09939403963871184,-0.2806730280672376
crop_farming,0,ET0602,9,0.2504428686001563,0.4012285146902234,-0.07157887543317631,0.2661852187628876,0.4701915798470439,-0.4716016242006127,0.26674589217030276,0.46951788029246844,-0.4673875670364569
crop_farming,0,ET0603,9,0.013891292142031898,0.016494745852256375,-14.179046899126893,0.001131512508135726,0.0033945375244071783,0.3571428571428572,0.004725009908627638,0.007612127103710265,-2.2326992959711864
crop_farming,0,ET0604,9,0.21639905153533273,0.3134711367894309,-0.24987475633798595,0.14376485686555537,0.28798267795722854,-0.05488255631286765,0.2887898603033231,0.29146543510663525,-0.08055156662164542
crop_farming,0,ET0605,9,0.017703395129905805,0.019230727223833517,0.0,0.0,0.0,1.0,0.0,0.0,1.0
crop_farming,0,ET0701,9,0.1493121550530578,0.20913379861836348,0.2610762523644229,0.13091860228633662,0.19936133028684733,0.32852009810043203,0.21601124258844318,0.25184611184830724,-0.07157277996881839
crop_farming,0,ET0702,9,0.35642744406975,0.42159047092897733,-0.5940416507237056,0.46513320383177426,0.5759476779545638,-1.974980723451989,0.27212846260519274,0.32865320508854384,0.03128988038584313
crop_farming,0,ET0703,9,0.4519212488113254,0.5715988931060032,-0.8207738958889057,0.5790632102274154,0.7271817793770037,-1.9468581899672426,0.539542827432755,0.6152023771415612,-1.109158754601589
crop_farming,0,ET0705,9,0.35958913578701934,0.4676003421817565,-0.41391517544589584,0.5367287764781364,0.6196795787029965,-1.4831793265480933,0.2603490991752394,0.29426520973938897,0.4400470277178514
crop_farming,0,ET0706,9,0.34719298494526757,0.4122076932580929,-0.46175669319941726,0.42362858247069796,0.5479174989143726,-1.5826957427501624,0.24124042168002052,0.2671233400226852,0.3861438972401652
crop_farming,0,ET0710,9,0.5643232061030155,0.6763691399068886,-0.6523362628172034,0.6428766570799779,0.7990972923351417,-1.3063763918520914,0.3715725373726235,0.46441985100226163,0.2209731697696723
crop_farming,0,ET0713,9,0.3730782537680903,0.5672318079912582,-0.51447477988141,0.3976161235432188,0.585889014474505,-0.6157404696998727,0.6627884797918622,0.7907577560397462,-1.9432544793284618
crop_farming,0,ET0714,9,0.1987816654162739,0.2587771386802122,-0.1450614813376625,0.1874970154996306,0.2519723385254834,-0.08563222460650421,0.28657691355831405,0.3737135557823426,-1.3881120248203427
crop_farming,0,ET0715,9,0.45287209977916415,0.5127956877999362,-1.684717869372503,0.4459251910498138,0.5361666049495606,-1.9350090559347999,0.32125449931453015,0.3898515962532527,-0.5517028511237874
crop_farming,0,ET0716,9,0.2255899977356361,0.3782880768647528,-0.5540473300786024,0.21967954023592745,0.4561112202307362,-1.2592300040442654,0.3167453884615188,0.35763627830757533,-0.38899943443251717
crop_farming,0,ET0720,9,0.35124482820013736,0.40573138896955324,-0.5220138675014601,0.46356558050649493,0.5194104677244236,-1.4943809983253402,0.21564023360815499,0.254072285753783,0.4031626637173632
crop_farming,0,ET0721,9,0.5898592821248028,0.6997769329208087,-1.2687980404178019,0.5507039870881304,0.7362066131959506,-1.5111694656633876,0.5493284954237372,0.6892372096744389,-1.2009695005424645
crop_farming,0,ET0722,9,0.6205425276546566,0.7430750301740034,-1.3967233683510227,0.7540591518106283,0.8550555191485218,-2.1735197388447984,0.6304421805509752,0.7722225380247919,-1.5884365297830687
crop_farming,0,ET0723,9,0.6063452626931283,0.7644490410194111,-1.3901707268502808,0.6622589046997889,0.806487782554584,-1.6602804820273036,0.6144522062643077,0.7498349201202202,-1.2996575389623062
crop_farming,0,ET0724,9,0.040520317490769786,0.04737317963631546,-8.757962725430843,0.018251212333075386,0.024564142585574555,-1.6235980770626255,0.04405823582961599,0.063062483832663,-16.291641747498367
crop_farming,0,ET1101,9,0.016327738865382142,0.018995696718586776,0.0,0.0,0.0,1.0,0.0,0.0,1.0
crop_farming,0,ET1102,9,0.008381873320065866,0.009115217843202291,-2364.282720347925,5.0091207956675594e-05,0.0001502736238700268,0.3571428571428571,0.0004355537198740884,0.0004695205069793224,-5.275640909913101
crop_farming,0,ET1103,9,0.039764862041920424,0.0483125124518065,-2067.887298411841,0.0005677500541993021,0.0012043797400300691,-0.2857142857142858,0.0005677500541993021,0.0012043797400300691,-0.2857142857142858
crop_farming,0,ET1104,9,0.5433582708427465,0.6116217604156718,-0.3080245081891726,0.5954776178200668,0.728243142737505,-0.8543974965718781,0.6116535864381474,0.7432462088665004,-0.9315921410982722
crop_farming,0,ET1105,9,0.05009064605758996,0.06415559847633104,0.02112564092259117,0.017929931118717473,0.05207739276014568,0.3550050744595463,0.036489142374518786,0.07425287192653827,-0.31124650284767563
crop_farming,0,ET1106,9,0.031737524828429314,0.03707231519236278,-2.01104227371951,0.026804214145411183,0.032909655328240084,-1.3728162219253917,0.021209727536286114,0.02503244530009677,-0.37285284098256555
crop_farming,0,ET1202,9,0.096384300411083,0.11608634764573036,-1.83047678617418,0.04802533162502417,0.08319455055500229,-0.45374107760756277,0.04754271165829733,0.08092077612803945,-0.3753631417614378
crop_farming,0,ET1203,9,0.07162781225310431,0.0836879445009533,-29600.561254081473,0.0002599989357177337,0.0005515410316418843,-0.2857142857142856,0.0002599989357177337,0.0005515410316418843,-0.2857142857142856
crop_farming,0,ET1204,9,0.0343804513106433,0.041093239280291835,-26.4511990584792,0.005832017774349237,0.009421071113674523,-0.44284981824876635,0.005498224264748799,0.007975922240497542,-0.03414726466624285
crop_farming,0,ET1301,9,0.15539372464680587,0.1743064383534298,-43.87951199543401,0.027076568189023337,0.03803100534138808,-1.1364703995977385,0.2286948060382908,0.2583191149499834,-97.56763948318051
crop_farming,0,ET1401,9,0.04152553124974171,0.05803158341435674,-414627.6847081636,4.817267093335273e-05,0.00010218966685452542,-0.2857142857142856,4.817267093335273e-05,0.00010218966685452542,-0.2857142857142856
crop_farming,0,ET1501,9,0.2564962045333327,0.2978845462098597,-0.540310530124885,0.15025149057266451,0.3193105379228987,-0.7698597011852157,0.7857195197306025,0.8594214612521028,-11.821083452660309
crop_farming,0,ET1502,9,0.2120277985239593,0.33491432947444455,0.20198723798525897,0.12020658207099776,0.21454310064548396,0.6725300272563164,0.3757683432560246,0.42608053541668306,-0.2915932525353018
crop_farming,0,ET1600,9,0.42812111822439863,0.49772283095676745,-0.7552615421822486,0.5233294524142474,0.5948764562159248,-1.5073806736994513,0.2769600701848969,0.3251642003946487,0.25084417221793964
crop_farming,1,ET0101,9,0.6602550721214836,0.9046034956631381,0.4981820347749992,0.4225214915966362,0.7902979390161585,0.6169888822374492,1.686951236566287,1.9893291481745046,-1.4268502229125777
crop_farming,1,ET0102,9,0.611571088544472,0.8804390098005751,0.5054599932295578,0.5292166354902843,0.9185656607706947,0.46170135214316854,1.6122786466978276,1.846034282464246,-1.1741144425948744
crop_farming,1,ET0103,9,0.6939363931467377,0.8277149379609683,0.432724345124361,0.6204403255058286,0.9139340532475596,0.3083883844104768,1.4509079855522349,1.6464866692322606,-1.2446518844260703
crop_farming,1,ET0104,9,0.6978561166099162,0.9371667477035697,0.06550196891634086,0.583600359492785,0.760148491578458,0.3851891468745011,1.3130454207252698,1.5194418354633314,-1.4564776043796317
crop_farming,1,ET0105,9,0.6869051526165916,0.9005920445595594,0.2637038626239899,0.3323628658814024,0.5742461941027708,0.700640833696573,1.3195428086921845,1.6726593576141606,-1.5398690073841377
crop_farming,1,ET0106,9,0.817973626825185,0.9931328111910561,0.3229123486029426,0.7375060679223817,1.103513370563227,0.16404012623445452,1.5473477357388743,1.707261508410689,-1.0009227882062048
crop_farming,1,ET0107,9,0.7326824083739554,0.8795132247859264,-0.13222560354178547,0.5964927706682717,0.9446502264089013,-0.3061416829896497,1.0404628628073747,1.1536133990368667,-0.9479096391488848
crop_farming,1,ET0301,9,0.4516552896363862,0.517170520333958,0.12106835029516994,0.6443601062551703,0.7654896317148029,-0.925600571412005,0.40357119430163885,0.4971651382556202,0.1877515029424578
crop_farming,1,ET0302,9,0.17119819803584568,0.2056662322320693,0.38788080595030605,0.1756684325698628,0.24400093910137213,0.13842515703702385,0.2197487714862469,0.2698065131211377,-0.05345229235431703
crop_farming,1,ET0303,9,0.480927876537739,0.7119971883140486,0.29730910889515827,0.7433272304525297,0.8322030440483732,0.04001075685541988,0.6795380700839253,0.8958253724698553,-0.11238336151039818
crop_farming,1,ET0304,9,0.4690848492460449,0.5826120201515927,0.11895605920824437,0.5560177647525875,0.6404141109833164,-0.06453629473642719,0.5098726432303168,0.5925589057110673,0.08861527180652995
crop_farming,1,ET0305,9,0.2111177198593751,0.33146414514725536,0.3717157497542608,0.3248427432512396,0.43355073034554087,-0.07488722915263124,0.3353282540550806,0.4229224034731326,-0.02283231846305611
crop_farming,1,ET0306,9,0.0962685418586367,0.11718676996783715,-0.7421642407690787,0.11862931697695021,0.14479991654951696,-1.6599198507915567,0.09499726415761864,0.09813605129421389,-0.22176895614667513
crop_farming,1,ET0307,9,0.05322413254739448,0.07598989051517374,-1979595.0814802663,1.9227112677963928e-05,4.891085108097435e-05,0.1798838057344626,0.0005614464993271254,0.000691231801710919,-162.7994236091647
crop_farming,1,ET0308,9,0.60848725182142,0.8161252728826288,0.005801759417126573,0.5675532429475068,0.6918606103971913,0.28550935317327697,0.7135126582683375,0.9830975261901767,-0.4426219741892299
crop_farming,1,ET0309,9,0.049214793997920836,0.07047125606164385,-961.779584172084,0.0015184397779480897,0.0027320042434063685,-0.4469901904898852,0.001521113616683451,0.0027293527970052816,-0.4441829070104437
crop_farming,1,ET0310,9,0.5280072792767542,0.6077692537992399,0.32247404195071294,0.6783285269594508,0.8163796703832267,-0.22245491136332318,0.6007611519946394,0.7782044679109592,-0.11080014272863603
crop_farming,1,ET0311,9,0.09245731901445205,0.10680435614850962,-0.12608587671196214,0.15170490091364142,0.19726445246643934,-2.8414151230334554,0.09138785400643543,0.11211267734254247,-0.24080354909877721
crop_farming,1,ET0312,9,0.04043751829546988,0.06079929958911165,-3450.892472780846,0.0006254384743958279,0.0010040401730347626,0.05862581151150603,0.00113229941748447,0.0014393687010417272,-0.9346580553816723
crop_farming,1,ET0401,9,0.0581555409248162,0.08677242368306708,-0.24590502415400728,0.02191605552025671,0.06292117966094996,0.3448885448629688,0.04313782336941638,0.08858020558060706,-0.29835916720069644
crop_farming,1,ET0402,9,0.0536956203828148,0.07540646000073904,-0.9198805452059013,0.015507296840387244,0.0441614665174872,0.34151774530128054,0.07842627154225368,0.10435078003911596,-2.676617934260363
crop_farming,1,ET0403,9,0.04007670798132021,0.0661162766265113,-11957.489536306019,0.00021377573203677316,0.0005094173591400412,0.2900838895492204,0.0005786705399768196,0.000694903061208957,-0.32101576780079855
crop_farming,1,ET0404,9,0.03897793756948273,0.06497337766781862,-4674.961170592114,0.0007852004808180072,0.0010296501136303857,-0.17430078435313945,0.0008928865053588167,0.0010917916153935128,-0.3203209575524044
crop_farming,1,ET0405,9,0.05142620987033311,0.06708926991552358,-443.76053981879636,0.0022689691479202225,0.004034395666163386,-0.608337152903615,0.0019342256028700433,0.0034393258104507443,-0.16887146039257228
crop_farming,1,ET0406,9,0.09229365217909272,0.12116287718524327,0.773653498528299,0.09745876539934274,0.1868950720939936,0.4614446661168159,0.313227774040634,0.323349925994168,-0.612056141660841
crop_farming,1,ET0407,9,0.1998950696545908,0.222371155166783,-0.13947947036252417,0.253582385736178,0.30986274222040183,-1.212525683145071,0.1365722754414559,0.20399334689585294,0.04108169809324291
crop_farming,1,ET0408,9,0.1839970924906889,0.22745424311120244,0.26858984626802707,0.3278557092897205,0.36747471733715925,-0.9090962663865689,0.21639640120945736,0.2536339278743519,0.09053164139642556
crop_farming,1,ET0409,9,0.2870378906671676,0.38939137581446404,0.10927453031771028,0.3213166744030395,0.41586902337116044,-0.015978128208884224,0.3523299288247268,0.4353115267175427,-0.11319577113219936
crop_farming,1,ET0413,9,0.08515360043193557,0.10453558716628497,-3.486601360885297,0.05398056340970303,0.0803803484595931,-1.6527048227828276,0.027494673380741914,0.05365306650613197,-0.18189325851788585
crop_farming,1,ET0416,9,0.0400671131986504,0.06558063976841387,-1347.4654303148814,0.0008418786259998997,0.0017858942561416271,5.850875339774575e-14,0.0018742366193367469,0.0018781481207707747,-0.10598235736533623
crop_farming,1,ET0417,9,0.20614197074343657,0.25511756012371184,-0.13400631055804668,0.27402752439668593,0.34182675852729666,-1.0358551699206786,0.2342412913574402,0.28256902753355856,-0.3911817754699365
crop_farming,1,ET0418,9,0.04118807158704062,0.07326418589066648,0.31886365540067085,0.04462465193911188,0.09485279164655414,-0.14169692853551297,0.08297694914877847,0.0965717949286635,-0.18345351819778855
crop_farming,1,ET0419,9,0.04433858852125372,0.06763476027796146,-7376.744090666712,0.0002104476806637439,0.0006313430419912317,0.3571428571428571,0.000830130245336279,0.0011400033527189956,-1.096022469304097
crop_farming,1,ET0420,9,0.09033913423192515,0.11265225356337782,-0.6451191107368066,0.04738716224316435,0.09968129332859356,-0.2880861415107827,0.04790437938332778,0.09939403963871184,-0.2806730280672376
crop_farming,1,ET0602,9,0.25633254945159495,0.38191682132055926,0.029091870443234136,0.2661852187628876,0.4701915798470439,-0.4716016242006127,0.26674589217030276,0.46951788029246844,-0.4673875670364569
crop_farming,1,ET0603,9,0.043582624472338266,0.061018180686100175,-206.7168630374169,0.001131512508135726,0.0033945375244071783,0.3571428571428572,0.004725009908627638,0.007612127103710265,-2.2326992959711864
crop_farming,1,ET0604,9,0.18954308702926065,0.2685686696313786,0.0825506976331416,0.14376485686555537,0.28798267795722854,-0.05488255631286765,0.2887898603033231,0.29146543510663525,-0.08055156662164542
crop_farming,1,ET0605,9,0.03827744763920135,0.06127115161580211,0.0,0.0,0.0,1.0,0.0,0.0,1.0
crop_farming,1,ET0701,9,0.15601323617761714,0.21485275595766037,0.22011057748930551,0.13091860228633662,0.19936133028684733,0.32852009810043203,0.21601124258844318,0.25184611184830724,-0.07157277996881839
crop_farming,1,ET0702,9,0.3717192672021793,0.4814367587867036,-1.0787228301362046,0.46513320383177426,0.5759476779545638,-1.974980723451989,0.27212846260519274,0.32865320508854384,0.03128988038584313
crop_farming,1,ET0703,9,0.5106906816412926,0.6261284894913028,-1.1847421637482807,0.5790632102274154,0.7271817793770037,-1.9468581899672426,0.539542827432755,0.6152023771415612,-1.109158754601589
crop_farming,1,ET0705,9,0.35434117959722256,0.46348418221708915,-0.3891321074938132,0.5367287764781364,0.6196795787029965,-1.4831793265480933,0.2603490991752394,0.29426520973938897,0.4400470277178514
crop_farming,1,ET0706,9,0.3951119814602271,0.44119476062432605,-0.6745711232130405,0.42362858247069796,0.5479174989143726,-1.5826957427501624,0.24124042168002052,0.2671233400226852,0.3861438972401652
crop_farming,1,ET0710,9,0.6188855317441144,0.7037699228721576,-0.7889255651075258,0.6428766570799779,0.7990972923351417,-1.3063763918520914,0.3715725373726235,0.46441985100226163,0.2209731697696723
crop_farming,1,ET0713,9,0.49462203059661075,0.6842801440858153,-1.2039856843767849,0.3976161235432188,0.585889014474505,-0.6157404696998727,0.6627884797918622,0.7907577560397462,-1.9432544793284618
crop_farming,1,ET0714,9,0.33082437861741787,0.37146220101526817,-1.359425387270746,0.1874970154996306,0.2519723385254834,-0.08563222460650421,0.28657691355831405,0.3737135557823426,-1.3881120248203427
crop_farming,1,ET0715,9,0.5110601226696028,0.5591650143871405,-2.1921986249749295,0.4459251910498138,0.5361666049495606,-1.9350090559347999,0.32125449931453015,0.3898515962532527,-0.5517028511237874
crop_farming,1,ET0716,9,0.2275048177040603,0.3927987819537101,-0.6755569752864341,0.21967954023592745,0.4561112202307362,-1.2592300040442654,0.3167453884615188,0.35763627830757533,-0.38899943443251717
crop_farming,1,ET0720,9,0.3041099425633082,0.3498935865355173,-0.1319138086231979,0.46356558050649493,0.5194104677244236,-1.4943809983253402,0.21564023360815499,0.254072285753783,0.4031626637173632
crop_farming,1,ET0721,9,0.6934022861458513,0.8061395711546595,-2.0109051416908086,0.5507039870881304,0.7362066131959506,-1.5111694656633876,0.5493284954237372,0.6892372096744389,-1.2009695005424645
crop_farming,1,ET0722,9,0.7497924416865462,0.8710381746401321,-2.293267079914452,0.7540591518106283,0.8550555191485218,-2.1735197388447984,0.6304421805509752,0.7722225380247919,-1.5884365297830687
crop_farming,1,ET0723,9,0.7241610722762127,0.8459029742230161,-1.926664547385021,0.6622589046997889,0.806487782554584,-1.6602804820273036,0.6144522062643077,0.7498349201202202,-1.2996575389623062
crop_farming,1,ET0724,9,0.05772179163416892,0.07788884660560809,-25.37816801639725,0.018251212333075386,0.024564142585574555,-1.6235980770626255,0.04405823582961599,0.063062483832663,-16.291641747498367
crop_farming,1,ET1101,9,0.02950756109526588,0.05926943763893735,0.0,0.0,0.0,1.0,0.0,0.0,1.0
crop_farming,1,ET1102,9,0.02477405594674975,0.04247430651567256,-51356.22486110601,5.0091207956675594e-05,0.0001502736238700268,0.3571428571428571,0.0004355537198740884,0.0004695205069793224,-5.275640909913101
crop_farming,1,ET1103,9,0.025834302226774655,0.04281483204066115,-1623.8230681450045,0.0005677500541993021,0.0012043797400300691,-0.2857142857142858,0.0005677500541993021,0.0012043797400300691,-0.2857142857142858
crop_farming,1,ET1104,9,0.5615285715586598,0.6336567883253121,-0.4039712290017532,0.5954776178200668,0.728243142737505,-0.8543974965718781,0.6116535864381474,0.7432462088665004,-0.9315921410982722
crop_farming,1,ET1105,9,0.04189278938777877,0.06093395813250543,0.116967656763596,0.017929931118717473,0.05207739276014568,0.3550050744595463,0.036489142374518786,0.07425287192653827,-0.31124650284767563
crop_farming,1,ET1106,9,0.03972800172501745,0.059875303845009116,-6.854397847459776,0.026804214145411183,0.032909655328240084,-1.3728162219253917,0.021209727536286114,0.02503244530009677,-0.37285284098256555
crop_farming,1,ET1202,9,0.14863317105363658,0.17401924231875462,-5.3605086751189805,0.04802533162502417,0.08319455055500229,-0.45374107760756277,0.04754271165829733,0.08092077612803945,-0.3753631417614378
crop_farming,1,ET1203,9,0.05375260699333416,0.07519090340325231,-23894.681488958482,0.0002599989357177337,0.0005515410316418843,-0.2857142857142856,0.0002599989357177337,0.0005515410316418843,-0.2857142857142856
crop_farming,1,ET1204,9,0.07094463616865464,0.10090571598724822,-164.52061896599795,0.005832017774349237,0.009421071113674523,-0.44284981824876635,0.005498224264748799,0.007975922240497542,-0.03414726466624285
crop_farming,1,ET1301,9,0.23056132064935012,0.29010687767301946,-123.31894554556514,0.027076568189023337,0.03803100534138808,-1.1364703995977385,0.2286948060382908,0.2583191149499834,-97.56763948318051
crop_farming,1,ET1401,9,0.054771606629300446,0.0763773142130141,-718221.932305765,4.817267093335273e-05,0.00010218966685452542,-0.2857142857142856,4.817267093335273e-05,0.00010218966685452542,-0.2857142857142856
crop_farming,1,ET1501,9,0.22820908347723223,0.28855519442440347,-0.4453403634127222,0.15025149057266451,0.3193105379228987,-0.7698597011852157,0.7857195197306025,0.8594214612521028,-11.821083452660309
crop_farming,1,ET1502,9,0.3316434211012666,0.4298883200350169,-0.31478175573446987,0.12020658207099776,0.21454310064548396,0.6725300272563164,0.3757683432560246,0.42608053541668306,-0.2915932525353018
crop_farming,1,ET1600,9,0.4859900082747833,0.5560228939936585,-1.1905443980410708,0.5233294524142474,0.5948764562159248,-1.5073806736994513,0.2769600701848969,0.3251642003946487,0.25084417221793964
crop_farming,2,ET0101,9,0.5622762248527194,0.8422803392901099,0.5649461576909514,0.4225214915966362,0.7902979390161585,0.6169888822374492,1.686951236566287,1.9893291481745046,-1.4268502229125777
crop_farming,2,ET0102,9,0.6398282061409589,0.8878139583944084,0.49714031997339614,0.5292166354902843,0.9185656607706947,0.46170135214316854,1.6122786466978276,1.846034282464246,-1.1741144425948744
crop_farming,2,ET0103,9,0.6493751343190911,0.8265251666374525,0.43435399610476144,0.6204403255058286,0.9139340532475596,0.3083883844104768,1.4509079855522349,1.6464866692322606,-1.2446518844260703
crop_farming,2,ET0104,9,0.6409409533663128,0.828220003333998,0.27014585259209667,0.583600359492785,0.760148491578458,0.3851891468745011,1.3130454207252698,1.5194418354633314,-1.4564776043796317
crop_farming,2,ET0105,9,0.49776775553208785,0.6940362417192318,0.5627189991557993,0.3323628658814024,0.5742461941027708,0.700640833696573,1.3195428086921845,1.6726593576141606,-1.5398690073841377
crop_farming,2,ET0106,9,0.7845583973248471,1.0030209019449883,0.3093624309078338,0.7375060679223817,1.103513370563227,0.16404012623445452,1.5473477357388743,1.707261508410689,-1.0009227882062048
crop_farming,2,ET0107,9,0.7250071451711028,0.8770489405023523,-0.12588978756347147,0.5964927706682717,0.9446502264089013,-0.3061416829896497,1.0404628628073747,1.1536133990368667,-0.9479096391488848
crop_farming,2,ET0301,9,0.4943862800074554,0.5740948755149853,-0.08306599694715966,0.6443601062551703,0.7654896317148029,-0.925600571412005,0.40357119430163885,0.4971651382556202,0.1877515029424578
crop_farming,2,ET0302,9,0.17577758414057182,0.23807004183462868,0.17980048073188992,0.1756684325698628,0.24400093910137213,0.13842515703702385,0.2197487714862469,0.2698065131211377,-0.05345229235431703
crop_farming,2,ET0303,9,0.5393892487609043,0.7230700324733466,0.275282928140692,0.7433272304525297,0.8322030440483732,0.04001075685541988,0.6795380700839253,0.8958253724698553,-0.11238336151039818
crop_farming,2,ET0304,9,0.46932658904203056,0.5818088397779749,0.12138357325860238,0.5560177647525875,0.6404141109833164,-0.06453629473642719,0.5098726432303168,0.5925589057110673,0.08861527180652995
crop_farming,2,ET0305,9,0.2463894206794752,0.3382596712390517,0.3456900816920597,0.3248427432512396,0.43355073034554087,-0.07488722915263124,0.3353282540550806,0.4229224034731326,-0.02283231846305611
crop_farming,2,ET0306,9,0.12415760406934721,0.15455073066593963,-2.0302192490291686,0.11862931697695021,0.14479991654951696,-1.6599198507915567,0.09499726415761864,0.09813605129421389,-0.22176895614667513
crop_farming,2,ET0307,9,0.016962905132901565,0.023148635581632947,-183701.78654360914,1.9227112677963928e-05,4.891085108097435e-05,0.1798838057344626,0.0005614464993271254,0.000691231801710919,-162.7994236091647
crop_farming,2,ET0308,9,0.5496402422833705,0.703092223671111,0.26212308090138725,0.5675532429475068,0.6918606103971913,0.28550935317327697,0.7135126582683375,0.9830975261901767,-0.4426219741892299
crop_farming,2,ET0309,9,0.02034889826910735,0.022396590697078153,-96.24486422393757,0.0015184397779480897,0.0027320042434063685,-0.4469901904898852,0.001521113616683451,0.0027293527970052816,-0.4441829070104437
crop_farming,2,ET0310,9,0.5481965556040298,0.6235725339183225,0.2867817576554502,0.6783285269594508,0.8163796703832267,-0.22245491136332318,0.6007611519946394,0.7782044679109592,-0.11080014272863603
crop_farming,2,ET0311,9,0.12591918390984633,0.17858778640335204,-2.1484520787157635,0.15170490091364142,0.19726445246643934,-2.8414151230334554,0.09138785400643543,0.11211267734254247,-0.24080354909877721
crop_farming,2,ET0312,9,0.01697347678811134,0.02066379208891227,-397.7311391119355,0.0006254384743958279,0.0010040401730347626,0.05862581151150603,0.00113229941748447,0.0014393687010417272,-0.9346580553816723
crop_farming,2,ET0401,9,0.038919256675455656,0.059486144458069955,0.41446464421501106,0.02191605552025671,0.06292117966094996,0.3448885448629688,0.04313782336941638,0.08858020558060706,-0.29835916720069644
crop_farming,2,ET0402,9,0.042222910625587064,0.054334082684512425,0.003214342764208844,0.015507296840387244,0.0441614665174872,0.34151774530128054,0.07842627154225368,0.10435078003911596,-2.676617934260363
crop_farming,2,ET0403,9,0.02553522618489142,0.029422747081547816,-2367.2415091263542,0.00021377573203677316,0.0005094173591400412,0.2900838895492204,0.0005786705399768196,0.000694903061208957,-0.32101576780079855
crop_farming,2,ET0404,9,0.02430396314037944,0.03106127210133612,-1067.657366146175,0.0007852004808180072,0.0010296501136303857,-0.17430078435313945,0.0008928865053588167,0.0010917916153935128,-0.3203209575524044
crop_farming,2,ET0405,9,0.023212626805047234,0.03054964407173697,-91.22155196740216,0.0022689691479202225,0.004034395666163386,-0.608337152903615,0.0019342256028700433,0.0034393258104507443,-0.16887146039257228
crop_farming,2,ET0406,9,0.1465941512459015,0.18550572531685822,0.4694219654966616,0.09745876539934274,0.1868950720939936,0.4614446661168159,0.313227774040634,0.323349925994168,-0.612056141660841
crop_farming,2,ET0407,9,0.2346690706172253,0.29063289437751244,-0.9464315467186364,0.253582385736178,0.30986274222040183,-1.212525683145071,0.1365722754414559,0.20399334689585294,0.04108169809324291
crop_farming,2,ET0408,9,0.26805344129598946,0.30410263879437444,-0.3074144378930692,0.3278557092897205,0.36747471733715925,-0.9090962663865689,0.21639640120945736,0.2536339278743519,0.09053164139642556
crop_farming,2,ET0409,9,0.28096244800201453,0.33105777261272085,0.35615875995986457,0.3213166744030395,0.41586902337116044,-0.015978128208884224,0.3523299288247268,0.4353115267175427,-0.11319577113219936
crop_farming,2,ET0413,9,0.058948268578490906,0.07620802142234413,-1.3844626841352432,0.05398056340970303,0.0803803484595931,-1.6527048227828276,0.027494673380741914,0.05365306650613197,-0.18189325851788585
crop_farming,2,ET0416,9,0.03373276148645515,0.04052225982700381,-513.8442098405757,0.0008418786259998997,0.0017858942561416271,5.850875339774575e-14,0.0018742366193367469,0.0018781481207707747,-0.10598235736533623
crop_farming,2,ET0417,9,0.2202170009990016,0.2802241978678332,-0.36818881319614705,0.27402752439668593,0.34182675852729666,-1.0358551699206786,0.2342412913574402,0.28256902753355856,-0.3911817754699365
crop_farming,2,ET0418,9,0.0682722443421065,0.11373899785841028,-0.6416077469904147,0.04462465193911188,0.09485279164655414,-0.14169692853551297,0.08297694914877847,0.0965717949286635,-0.18345351819778855
crop_farming,2,ET0419,9,0.020364864699497807,0.025249466506120394,-1027.2248356029497,0.0002104476806637439,0.0006313430419912317,0.3571428571428571,0.000830130245336279,0.0011400033527189956,-1.096022469304097
crop_farming,2,ET0420,9,0.06568021773616446,0.1012062834793446,-0.32779959895493627,0.04738716224316435,0.09968129332859356,-0.2880861415107827,0.04790437938332778,0.09939403963871184,-0.2806730280672376
crop_farming,2,ET0602,9,0.28158876215487694,0.412144783153716,-0.13068121625606643,0.2661852187628876,0.4701915798470439,-0.4716016242006127,0.26674589217030276,0.46951788029246844,-0.4673875670364569
crop_farming,2,ET0603,9,0.0288285118435323,0.031896790169150015,-55.76063022281929,0.001131512508135726,0.0033945375244071783,0.3571428571428572,0.004725009908627638,0.007612127103710265,-2.2326992959711864
crop_farming,2,ET0604,9,0.24218899474859684,0.3553430586271194,-0.6060795468954692,0.14376485686555537,0.28798267795722854,-0.05488255631286765,0.2887898603033231,0.29146543510663525,-0.08055156662164542
crop_farming,2,ET0605,9,0.015037894455922974,0.017618375144781828,0.0,0.0,0.0,1.0,0.0,0.0,1.0
crop_farming,2,ET0701,9,0.14624881983639698,0.19827459547261733,0.3358207285917212,0.13091860228633662,0.19936133028684733,0.32852009810043203,0.21601124258844318,0.25184611184830724,-0.07157277996881839
crop_farming,2,ET0702,9,0.3967745900606448,0.4784757111498058,-1.0532313460411227,0.46513320383177426,0.5759476779545638,-1.974980723451989,0.27212846260519274,0.32865320508854384,0.03128988038584313
crop_farming,2,ET0703,9,0.4767839774103704,0.6010327219837657,-1.013119214057352,0.5790632102274154,0.7271817793770037,-1.9468581899672426,0.539542827432755,0.6152023771415612,-1.109158754601589
crop_farming,2,ET0705,9,0.3802954752382165,0.4763286023889426,-0.46719229096217263,0.5367287764781364,0.6196795787029965,-1.4831793265480933,0.2603490991752394,0.29426520973938897,0.4400470277178514
crop_farming,2,ET0706,9,0.3165771959693807,0.40494960564812715,-0.4107331310091802,0.42362858247069796,0.5479174989143726,-1.5826957427501624,0.24124042168002052,0.2671233400226852,0.3861438972401652
crop_farming,2,ET0710,9,0.6035413637880668,0.6989075109467234,-0.7642912538909219,0.6428766570799779,0.7990972923351417,-1.3063763918520914,0.3715725373726235,0.46441985100226163,0.2209731697696723
crop_farming,2,ET0713,9,0.40292307680997197,0.544291452946102,-0.39445313241485946,0.3976161235432188,0.585889014474505,-0.6157404696998727,0.6627884797918622,0.7907577560397462,-1.9432544793284618
crop_farming,2,ET0714,9,0.17051588418727615,0.20525854374704505,0.279590420031379,0.1874970154996306,0.2519723385254834,-0.08563222460650421,0.28657691355831405,0.3737135557823426,-1.3881120248203427
crop_farming,2,ET0715,9,0.49124765547202565,0.5258665340459118,-1.8233257638236142,0.4459251910498138,0.5361666049495606,-1.9350090559347999,0.32125449931453015,0.3898515962532527,-0.5517028511237874
crop_farming,2,ET0716,9,0.2132163132764254,0.37331916866704123,-0.5134898590674899,0.21967954023592745,0.4561112202307362,-1.2592300040442654,0.3167453884615188,0.35763627830757533,-0.38899943443251717
crop_farming,2,ET0720,9,0.32355467220027845,0.39514512874032137,-0.4436258791313492,0.46356558050649493,0.5194104677244236,-1.4943809983253402,0.21564023360815499,0.254072285753783,0.4031626637173632
crop_farming,2,ET0721,9,0.49413124641901773,0.6222550684846384,-0.7939629888434732,0.5507039870881304,0.7362066131959506,-1.5111694656633876,0.5493284954237372,0.6892372096744389,-1.2009695005424645
crop_farming,2,ET0722,9,0.6188987265983941,0.7056063736947602,-1.1611134434605814,0.7540591518106283,0.8550555191485218,-2.1735197388447984,0.6304421805509752,0.7722225380247919,-1.5884365297830687
crop_farming,2,ET0723,9,0.602598859566065,0.7140148257596799,-1.085193208986857,0.6622589046997889,0.806487782554584,-1.6602804820273036,0.6144522062643077,0.7498349201202202,-1.2996575389623062
crop_farming,2,ET0724,9,0.037363371278868254,0.04269955351109931,-6.927582172024196,0.018251212333075386,0.024564142585574555,-1.6235980770626255,0.04405823582961599,0.063062483832663,-16.291641747498367
crop_farming,2,ET1101,9,0.025259968048582476,0.029484865289426218,0.0,0.0,0.0,1.0,0.0,0.0,1.0
crop_farming,2,ET1102,9,0.01840336784048007,0.020157186003722787,-11565.68107987578,5.0091207956675594e-05,0.0001502736238700268,0.3571428571428571,0.0004355537198740884,0.0004695205069793224,-5.275640909913101
crop_farming,2,ET1103,9,0.03004819992929697,0.03392110917450613,-1018.9001984040588,0.0005677500541993021,0.0012043797400300691,-0.2857142857142858,0.0005677500541993021,0.0012043797400300691,-0.2857142857142858
crop_farming,2,ET1104,9,0.5445971140618941,0.6107797415920966,-0.3044254762586367,0.5954776178200668,0.728243142737505,-0.8543974965718781,0.6116535864381474,0.7432462088665004,-0.9315921410982722
crop_farming,2,ET1105,9,0.03558765030661965,0.0446655060446454,0.5255370018703255,0.017929931118717473,0.05207739276014568,0.3550050744595463,0.036489142374518786,0.07425287192653827,-0.31124650284767563
crop_farming,2,ET1106,9,0.029153578042756437,0.03511714623982424,-1.7018166109319286,0.026804214145411183,0.032909655328240084,-1.3728162219253917,0.021209727536286114,0.02503244530009677,-0.37285284098256555
crop_farming,2,ET1202,9,0.08018276202351732,0.09531862693488405,-0.9083272765423824,0.04802533162502417,0.08319455055500229,-0.45374107760756277,0.04754271165829733,0.08092077612803945,-0.3753631417614378
crop_farming,2,ET1203,9,0.028766858908865187,0.033367301072343945,-4704.773017272161,0.0002599989357177337,0.0005515410316418843,-0.2857142857142856,0.0002599989357177337,0.0005515410316418843,-0.2857142857142856
crop_farming,2,ET1204,9,0.031148609084604928,0.04038021291935984,-25.506828867925094,0.005832017774349237,0.009421071113674523,-0.44284981824876635,0.005498224264748799,0.007975922240497542,-0.03414726466624285
crop_farming,2,ET1301,9,0.13745936182348029,0.15628504316580707,-35.07913378391874,0.027076568189023337,0.03803100534138808,-1.1364703995977385,0.2286948060382908,0.2583191149499834,-97.56763948318051
crop_farming,2,ET1401,9,0.020541215546118135,0.02974719853613055,-108947.84907609351,4.817267093335273e-05,0.00010218966685452542,-0.2857142857142856,4.817267093335273e-05,0.00010218966685452542,-0.2857142857142856
crop_farming,2,ET1501,9,0.30030917816508557,0.32787742658840496,-0.8661019789839237,0.15025149057266451,0.3193105379228987,-0.7698597011852157,0.7857195197306025,0.8594214612521028,-11.821083452660309
crop_farming,2,ET1502,9,0.23185706108675744,0.2951978455275375,0.38003275493165567,0.12020658207099776,0.21454310064548396,0.6725300272563164,0.3757683432560246,0.42608053541668306,-0.2915932525353018
crop_farming,2,ET1600,9,0.49047428166459295,0.5640297020195093,-1.2540869342452083,0.5233294524142474,0.5948764562159248,-1.5073806736994513,0.2769600701848969,0.3251642003946487,0.25084417221793964
crop_farming,3,ET0101,9,0.6094935618306674,0.854940069714666,0.5517698907340709,0.4225214915966362,0.7902979390161585,0.6169888822374492,1.686951236566287,1.9893291481745046,-1.4268502229125777
crop_farming,3,ET0102,9,0.590298027706293,0.8396151928321167,0.5502579924588269,0.5292166354902843,0.9185656607706947,0.46170135214316854,1.6122786466978276,1.846034282464246,-1.1741144425948744
crop_farming,3,ET0103,9,0.6954484122139125,0.8768651201924271,0.36335380189617417,0.6204403255058286,0.9139340532475596,0.3083883844104768,1.4509079855522349,1.6464866692322606,-1.2446518844260703
crop_farming,3,ET0104,9,0.64636884172805,0.8548548373623409,0.22244808290365603,0.583600359492785,0.760148491578458,0.3851891468745011,1.3130454207252698,1.5194418354633314,-1.4564776043796317
crop_farming,3,ET0105,9,0.5850951838128888,0.7844989801634784,0.4412969061319769,0.3323628658814024,0.5742461941027708,0.700640833696573,1.3195428086921845,1.6726593576141606,-1.5398690073841377
crop_farming,3,ET0106,9,0.820872825307619,1.0202839623819064,0.28538463003904213,0.7375060679223817,1.103513370563227,0.16404012623445452,1.5473477357388743,1.707261508410689,-1.0009227882062048
crop_farming,3,ET0107,9,0.6726721053551338,0.8606015114998317,-0.08405778442546463,0.5964927706682717,0.9446502264089013,-0.3061416829896497,1.0404628628073747,1.1536133990368667,-0.9479096391488848
crop_farming,3,ET0301,9,0.38827147284075114,0.4809875550278019,0.23975204593417487,0.6443601062551703,0.7654896317148029,-0.925600571412005,0.40357119430163885,0.4971651382556202,0.1877515029424578
crop_farming,3,ET0302,9,0.16932249886928713,0.19849205426164554,0.4298406289507056,0.1756684325698628,0.24400093910137213,0.13842515703702385,0.2197487714862469,0.2698065131211377,-0.05345229235431703
crop_farming,3,ET0303,9,0.5485940834605351,0.7450582016747941,0.2305362471549417,0.7433272304525297,0.8322030440483732,0.04001075685541988,0.6795380700839253,0.8958253724698553,-0.11238336151039818
crop_farming,3,ET0304,9,0.3963138987763362,0.5312165931924746,0.2675433062353251,0.5560177647525875,0.6404141109833164,-0.06453629473642719,0.5098726432303168,0.5925589057110673,0.08861527180652995
crop_farming,3,ET0305,9,0.19427606626204177,0.2455661404898234,0.6551581011518046,0.3248427432512396,0.43355073034554087,-0.07488722915263124,0.3353282540550806,0.4229224034731326,-0.02283231846305611
crop_farming,3,ET0306,9,0.12495948683475938,0.15643775838114654,-2.104667503654622,0.11862931697695021,0.14479991654951696,-1.6599198507915567,0.09499726415761864,0.09813605129421389,-0.22176895614667513
crop_farming,3,ET0307,9,0.029114646904860333,0.03896129505280616,-520392.32371601596,1.9227112677963928e-05,4.891085108097435e-05,0.1798838057344626,0.0005614464993271254,0.000691231801710919,-162.7994236091647
crop_farming,3,ET0308,9,0.6632840147695539,0.7812536591602783,0.08894737137058928,0.5675532429475068,0.6918606103971913,0.28550935317327697,0.7135126582683375,0.9830975261901767,-0.4426219741892299
crop_farming,3,ET0309,9,0.03184439493288968,0.039476062291543,-301.11375513870655,0.0015184397779480897,0.0027320042434063685,-0.4469901904898852,0.001521113616683451,0.0027293527970052816,-0.4441829070104437
crop_farming,3,ET0310,9,0.5417341534279179,0.6239674534918332,0.285878084000433,0.6783285269594508,0.8163796703832267,-0.22245491136332318,0.6007611519946394,0.7782044679109592,-0.11080014272863603
crop_farming,3,ET0311,9,0.17058979315887793,0.2166499347997829,-3.6335163984523877,0.15170490091364142,0.19726445246643934,-2.8414151230334554,0.09138785400643543,0.11211267734254247,-0.24080354909877721
crop_farming,3,ET0312,9,0.0381712027523993,0.047577064693699746,-2112.7586371750776,0.0006254384743958279,0.0010040401730347626,0.05862581151150603,0.00113229941748447,0.0014393687010417272,-0.9346580553816723
crop_farming,3,ET0401,9,0.07445253259520891,0.08959682653147236,-0.3283323082271479,0.02191605552025671,0.06292117966094996,0.3448885448629688,0.04313782336941638,0.08858020558060706,-0.29835916720069644
crop_farming,3,ET0402,9,0.07523529231143662,0.09193994018726595,-1.8540760120187896,0.015507296840387244,0.0441614665174872,0.34151774530128054,0.07842627154225368,0.10435078003911596,-2.676617934260363
crop_farming,3,ET0403,9,0.03353513513381315,0.042048054610624705,-4835.724680997098,0.00021377573203677316,0.0005094173591400412,0.2900838895492204,0.0005786705399768196,0.000694903061208957,-0.32101576780079855
crop_farming,3,ET0404,9,0.037862646545926984,0.0503989790785662,-2812.477754817921,0.0007852004808180072,0.0010296501136303857,-0.17430078435313945,0.0008928865053588167,0.0010917916153935128,-0.3203209575524044
crop_farming,3,ET0405,9,0.04084494628355781,0.05134713442079263,-259.52688097504017,0.0022689691479202225,0.004034395666163386,-0.608337152903615,0.0019342256028700433,0.0034393258104507443,-0.16887146039257228
crop_farming,3,ET0406,9,0.13110340411384722,0.14718714432151686,0.6659785250492323,0.09745876539934274,0.1868950720939936,0.4614446661168159,0.313227774040634,0.323349925994168,-0.612056141660841
crop_farming,3,ET0407,9,0.23196973468269513,0.2729561027059683,-0.7168613268354145,0.253582385736178,0.30986274222040183,-1.212525683145071,0.1365722754414559,0.20399334689585294,0.04108169809324291
crop_farming,3,ET0408,9,0.2513052324694604,0.30785993632038755,-0.3399211727757274,0.3278557092897205,0.36747471733715925,-0.9090962663865689,0.21639640120945736,0.2536339278743519,0.09053164139642556
crop_farming,3,ET0409,9,0.26583823431456494,0.3440772059000617,0.3045226040482928,0.3213166744030395,0.41586902337116044,-0.015978128208884224,0.3523299288247268,0.4353115267175427,-0.11319577113219936
crop_farming,3,ET0413,9,0.07933331125474424,0.11954043610307051,-4.867037033518004,0.05398056340970303,0.0803803484595931,-1.6527048227828276,0.027494673380741914,0.05365306650613197,-0.18189325851788585
crop_farming,3,ET0416,9,0.05026831767625281,0.058062886263666624,-1056.026219321237,0.0008418786259998997,0.0017858942561416271,5.850875339774575e-14,0.0018742366193367469,0.0018781481207707747,-0.10598235736533623
crop_farming,3,ET0417,9,0.2636371504960677,0.3031993390942629,-0.6017372158205672,0.27402752439668593,0.34182675852729666,-1.0358551699206786,0.2342412913574402,0.28256902753355856,-0.3911817754699365
crop_farming,3,ET0418,9,0.09688118731563747,0.12470273577109547,-0.9733429146829737,0.04462465193911188,0.09485279164655414,-0.14169692853551297,0.08297694914877847,0.0965717949286635,-0.18345351819778855
crop_farming,3,ET0419,9,0.03218788754107719,0.04450271037217792,-3193.15951253993,0.0002104476806637439,0.0006313430419912317,0.3571428571428571,0.000830130245336279,0.0011400033527189956,-1.096022469304097
crop_farming,3,ET0420,9,0.09090684873100757,0.13112412040798246,-1.2288598201020808,0.04738716224316435,0.09968129332859356,-0.2880861415107827,0.04790437938332778,0.09939403963871184,-0.2806730280672376
crop_farming,3,ET0602,9,0.2584100647205194,0.39383119872645334,-0.03243043366364473,0.2661852187628876,0.4701915798470439,-0.4716016242006127,0.26674589217030276,0.46951788029246844,-0.4673875670364569
crop_farming,3,ET0603,9,0.040312492261669726,0.054471696551815225,-164.53698832749703,0.001131512508135726,0.0033945375244071783,0.3571428571428572,0.004725009908627638,0.007612127103710265,-2.2326992959711864
crop_farming,3,ET0604,9,0.22642855436921566,0.28685870445671435,-0.046664379585010574,0.14376485686555537,0.28798267795722854,-0.05488255631286765,0.2887898603033231,0.29146543510663525,-0.08055156662164542
crop_farming,3,ET0605,9,0.036567423647890486,0.049870518615820945,0.0,0.0,0.0,1.0,0.0,0.0,1.0
crop_farming,3,ET0701,9,0.20020789462720734,0.2546348955489666,-0.09543600673677033,0.13091860228633662,0.19936133028684733,0.32852009810043203,0.21601124258844318,0.25184611184830724,-0.07157277996881839
crop_farming,3,ET0702,9,0.44483158449410953,0.5208633510900957,-1.4331321326198312,0.46513320383177426,0.5759476779545638,-1.974980723451989,0.27212846260519274,0.32865320508854384,0.03128988038584313
crop_farming,3,ET0703,9,0.5153765860580657,0.609333138280881,-1.0691065496282244,0.5790632102274154,0.7271817793770037,-1.9468581899672426,0.539542827432755,0.6152023771415612,-1.109158754601589
crop_farming,3,ET0705,9,0.4002043690210153,0.5088936807680272,-0.674664565811125,0.5367287764781364,0.6196795787029965,-1.4831793265480933,0.2603490991752394,0.29426520973938897,0.4400470277178514
crop_farming,3,ET0706,9,0.3491961656396076,0.4318004831042116,-0.6040176873190741,0.42362858247069796,0.5479174989143726,-1.5826957427501624,0.24124042168002052,0.2671233400226852,0.3861438972401652
crop_farming,3,ET0710,9,0.5905611202895672,0.7162323780382057,-0.8528436159382093,0.6428766570799779,0.7990972923351417,-1.3063763918520914,0.3715725373726235,0.46441985100226163,0.2209731697696723
crop_farming,3,ET0713,9,0.45438387709014294,0.6723136502038554,-1.1275743749325438,0.3976161235432188,0.585889014474505,-0.6157404696998727,0.6627884797918622,0.7907577560397462,-1.9432544793284618
crop_farming,3,ET0714,9,0.2955210562355776,0.3554184103900439,-1.160015327743904,0.1874970154996306,0.2519723385254834,-0.08563222460650421,0.28657691355831405,0.3737135557823426,-1.3881120248203427
crop_farming,3,ET0715,9,0.5058781875711666,0.5574656035417948,-2.172824689808797,0.4459251910498138,0.5361666049495606,-1.9350090559347999,0.32125449931453015,0.3898515962532527,-0.5517028511237874
crop_farming,3,ET0716,9,0.25856036003325755,0.3867381791817957,-0.6242505842129458,0.21967954023592745,0.4561112202307362,-1.2592300040442654,0.3167453884615188,0.35763627830757533,-0.38899943443251717
crop_farming,3,ET0720,9,0.2741637643654475,0.36639561568896795,-0.24120046738253875,0.46356558050649493,0.5194104677244236,-1.4943809983253402,0.21564023360815499,0.254072285753783,0.4031626637173632
crop_farming,3,ET0721,9,0.5994199956692907,0.7016397419840681,-1.2808932170869558,0.5507039870881304,0.7362066131959506,-1.5111694656633876,0.5493284954237372,0.6892372096744389,-1.2009695005424645
crop_farming,3,ET0722,9,0.6916617930785373,0.7999234993413881,-1.7774706937658422,0.7540591518106283,0.8550555191485218,-2.1735197388447984,0.6304421805509752,0.7722225380247919,-1.5884365297830687
crop_farming,3,ET0723,9,0.6001378758852793,0.7560240829100411,-1.3377771147020123,0.6622589046997889,0.806487782554584,-1.6602804820273036,0.6144522062643077,0.7498349201202202,-1.2996575389623062
crop_farming,3,ET0724,9,0.08193344973129643,0.10322513196030168,-45.33028567864064,0.018251212333075386,0.024564142585574555,-1.6235980770626255,0.04405823582961599,0.063062483832663,-16.291641747498367
crop_farming,3,ET1101,9,0.048287593138714634,0.06860803131435718,0.0,0.0,0.0,1.0,0.0,0.0,1.0
crop_farming,3,ET1102,9,0.037853260708250534,0.050754383389347846,-73331.42832246727,5.0091207956675594e-05,0.0001502736238700268,0.3571428571428571,0.0004355537198740884,0.0004695205069793224,-5.275640909913101
crop_farming,3,ET1103,9,0.06210481282323599,0.09645080274386653,-8244.733227592951,0.0005677500541993021,0.0012043797400300691,-0.2857142857142858,0.0005677500541993021,0.0012043797400300691,-0.2857142857142858
crop_farming,3,ET1104,9,0.5471018521096132,0.6176421990495871,-0.3339020671807442,0.5954776178200668,0.728243142737505,-0.8543974965718781,0.6116535864381474,0.7432462088665004,-0.9315921410982722
crop_farming,3,ET1105,9,0.05673065470658242,0.07573893353619199,-0.364257036839428,0.017929931118717473,0.05207739276014568,0.3550050744595463,0.036489142374518786,0.07425287192653827,-0.31124650284767563
crop_farming,3,ET1106,9,0.06496220536833522,0.08678148885889976,-15.499532107371785,0.026804214145411183,0.032909655328240084,-1.3728162219253917,0.021209727536286114,0.02503244530009677,-0.37285284098256555
crop_farming,3,ET1202,9,0.1900572783088552,0.23304848440832285,-10.407484000271351,0.04802533162502417,0.08319455055500229,-0.45374107760756277,0.04754271165829733,0.08092077612803945,-0.3753631417614378
crop_farming,3,ET1203,9,0.0745774859872957,0.09398990310362641,-37337.01440735695,0.0002599989357177337,0.0005515410316418843,-0.2857142857142856,0.0002599989357177337,0.0005515410316418843,-0.2857142857142856
crop_farming,3,ET1204,9,0.056708086657702966,0.0699613667606835,-78.56776065813231,0.005832017774349237,0.009421071113674523,-0.44284981824876635,0.005498224264748799,0.007975922240497542,-0.03414726466624285
crop_farming,3,ET1301,9,0.1728545502904863,0.19991907102722278,-58.03773919690006,0.027076568189023337,0.03803100534138808,-1.1364703995977385,0.2286948060382908,0.2583191149499834,-97.56763948318051
crop_farming,3,ET1401,9,0.041810800347270236,0.046257993666326575,-263452.56966483133,4.817267093335273e-05,0.00010218966685452542,-0.2857142857142856,4.817267093335273e-05,0.00010218966685452542,-0.2857142857142856
crop_farming,3,ET1501,9,0.4035412762875234,0.4342122999220703,-2.2727782550341074,0.15025149057266451,0.3193105379228987,-0.7698597011852157,0.7857195197306025,0.8594214612521028,-11.821083452660309
crop_farming,3,ET1502,9,0.24332774875663502,0.34286782868921456,0.16363499636645595,0.12020658207099776,0.21454310064548396,0.6725300272563164,0.3757683432560246,0.42608053541668306,-0.2915932525353018
crop_farming,3,ET1600,9,0.47007707641912805,0.55684057846252,-1.1969919425498459,0.5233294524142474,0.5948764562159248,-1.5073806736994513,0.2769600701848969,0.3251642003946487,0.25084417221793964
crop_farming,4,ET0101,9,0.951337997618017,1.2799958252387407,-0.0047240271139645795,0.6632959702749764,1.1911825643446583,0.12986560166028904,1.686951236566287,1.9893291481745046,-1.4268502229125777
crop_farming,4,ET0102,9,0.864758606022067,1.1951174902952595,0.08877824121247557,0.6675120482492041,1.1801852196655358,0.11140632059832345,1.6122786466978276,1.846034282464246,-1.1741144425948744
crop_farming,4,ET0103,9,0.8145462987373223,1.0767589099040145,0.040003813317439074,0.6330114049751889,1.1015004964183277,-0.004620310547398754,1.4509079855522349,1.6464866692322606,-1.2446518844260703
crop_farming,4,ET0104,9,0.7125440137927086,0.91674512354378,0.10578517367775764,0.5703470580407137,0.7480739521851318,0.40456588283239825,1.3130454207252698,1.5194418354633314,-1.4564776043796317
crop_farming,4,ET0105,9,0.8726509724680864,1.1070234453384729,-0.11252543087682754,0.5870437164600015,0.8839375281938079,0.29068449252144624,1.3195428086921845,1.6726593576141606,-1.5398690073841377
crop_farming,4,ET0106,9,0.9253835688579733,1.1042657237441422,0.1628998564647558,0.6564639180059766,1.1179545675257236,0.1420172786356979,1.5473477357388743,1.707261508410689,-1.0009227882062048
crop_farming,4,ET0107,9,0.6966148491767282,0.7623717866516255,0.14928937879937487,0.4863158804907304,0.8148808537092628,0.02806672464954396,1.0404628628073747,1.1536133990368667,-0.9479096391488848
crop_farming,4,ET0301,9,0.5471189405452649,0.5712278123191687,-0.07227522012852305,0.5672573619516136,0.663011879670319,-0.44454209100088327,0.40357119430163885,0.4971651382556202,0.1877515029424578
crop_farming,4,ET0302,9,0.19553879717202946,0.2282620681326113,0.24598929896283717,0.3104268075876457,0.3509605487092685,-0.7824879994933756,0.2197487714862469,0.2698065131211377,-0.05345229235431703
crop_farming,4,ET0303,9,0.5815073725168337,0.8034620169651279,0.10517426058364387,0.7692723419218237,1.0013288594354777,-0.3898285637996115,0.6795380700839253,0.8958253724698553,-0.11238336151039818
crop_farming,4,ET0304,9,0.5067296057025044,0.5783242281531685,0.13187660229715348,0.6438755403289644,0.7099806812146918,-0.30837353504854925,0.5098726432303168,0.5925589057110673,0.08861527180652995
crop_farming,4,ET0305,9,0.2901373366402374,0.4157290150041798,0.01166601048707916,0.39416062586967937,0.5401344106922866,-0.6683484061753424,0.3353282540550806,0.4229224034731326,-0.02283231846305611
crop_farming,4,ET0306,9,0.1495573816874362,0.16230272490364944,-2.3418238176644834,0.12130940230331046,0.1482450025953319,-1.7879953911462048,0.09499726415761864,0.09813605129421389,-0.22176895614667513
crop_farming,4,ET0307,9,0.060556463673416557,0.06954126851011169,-1657867.8239727358,2.2478004590888014e-05,5.850001232004766e-05,-0.17321299020395164,0.0005614464993271254,0.000691231801710919,-162.7994236091647
crop_farming,4,ET0308,9,0.737188929200818,0.9615964000554216,-0.38020944224625897,0.967267439394086,1.0781720719996577,-0.7351438797289662,0.7135126582683375,0.9830975261901767,-0.4426219741892299
crop_farming,4,ET0309,9,0.049506246349749046,0.05262662932509502,-535.925410076395,0.0027320010005291964,0.0037538161875985453,-1.7317997024538796,0.001521113616683451,0.0027293527970052816,-0.4441829070104437
crop_farming,4,ET0310,9,0.4991381093793361,0.7024370459370403,0.0949693179783423,0.7753601442575114,0.9526362714924815,-0.6645724923242149,0.6007611519946394,0.7782044679109592,-0.11080014272863603
crop_farming,4,ET0311,9,0.13680640026778682,0.16604104082697918,-1.7216011087858054,0.11894754429348839,0.15457330051475393,-1.3586447799274222,0.09138785400643543,0.11211267734254247,-0.24080354909877721
crop_farming,4,ET0312,9,0.042954841100291324,0.045452292848777616,-1928.1753265177172,0.0009755691016584874,0.0013150342113509037,-0.6148575162358896,0.00113229941748447,0.0014393687010417272,-0.9346580553816723
crop_farming,4,ET0401,9,0.07233651079157094,0.08490403241006492,-0.19282879620528504,0.04356969984435705,0.08897402862204862,-0.30992970742063997,0.04313782336941638,0.08858020558060706,-0.29835916720069644
crop_farming,4,ET0402,9,0.09147067266789241,0.0992512380654007,-2.326051484225941,0.0317492586680965,0.0625348036856828,-0.32038530802510157,0.07842627154225368,0.10435078003911596,-2.676617934260363
crop_farming,4,ET0403,9,0.029811733965380876,0.034205270801454565,-3199.7047757557093,0.0006250605940186906,0.0010274437202751762,-1.88785667906786,0.0005786705399768196,0.000694903061208957,-0.32101576780079855
crop_farming,4,ET0404,9,0.04466853431322883,0.0501981701074593,-2790.10245868456,0.001083664496674075,0.0012396922343489705,-0.7022673482209001,0.0008928865053588167,0.0010917916153935128,-0.3203209575524044
crop_farming,4,ET0405,9,0.05454480978576277,0.056911353345954215,-319.05008252815816,0.0033734666424806038,0.005114984186471027,-1.5852866756019264,0.0019342256028700433,0.0034393258104507443,-0.16887146039257228
crop_farming,4,ET0406,9,0.22155150824486744,0.2547173899586115,-0.00034964567371309485,0.19358442546607382,0.26384597870748583,-0.07333573727726095,0.313227774040634,0.323349925994168,-0.612056141660841
crop_farming,4,ET0407,9,0.27535258937238744,0.3125112493707072,-1.250509813363935,0.24834839847206572,0.31830993946822284,-1.3348016996222785,0.1365722754414559,0.20399334689585294,0.04108169809324291
crop_farming,4,ET0408,9,0.2581777686100556,0.29077405523579886,-0.19532005438880784,0.33536090339382585,0.41343413122502914,-1.4164930673275498,0.21639640120945736,0.2536339278743519,0.09053164139642556
crop_farming,4,ET0409,9,0.3895753557967048,0.4703431503612835,-0.2995735425329755,0.40782508478726437,0.4468145756324327,-0.17280518525920363,0.3523299288247268,0.4353115267175427,-0.11319577113219936
crop_farming,4,ET0413,9,0.07425739316843954,0.08037022320007635,-1.6520365591195216,0.05245954939206121,0.07832745087001015,-1.5189360594046608,0.027494673380741914,0.05365306650613197,-0.18189325851788585
crop_farming,4,ET0416,9,0.05782717893173498,0.06475637366950285,-1313.781425363805,0.0016837572519997994,0.002525635877999699,-0.9999999999998828,0.0018742366193367469,0.0018781481207707747,-0.10598235736533623
crop_farming,4,ET0417,9,0.23656316664629243,0.27238834837047793,-0.29274187976328925,0.3205517057282587,0.356892914810485,-1.2192724316249515,0.2342412913574402,0.28256902753355856,-0.3911817754699365
crop_farming,4,ET0418,9,0.15004299605501045,0.2016022250633142,-4.157523793898992,0.09897319412301663,0.1500103811880705,-1.8555727396955763,0.08297694914877847,0.0965717949286635,-0.18345351819778855
crop_farming,4,ET0419,9,0.05165127151781649,0.05754044041118065,-5338.862080029125,0.0004208953613274878,0.0008928538924938864,-0.2857142857142858,0.000830130245336279,0.0011400033527189956,-1.096022469304097
crop_farming,4,ET0420,9,0.1353269324919996,0.1578084248681917,-2.2283302045215745,0.09405404079137886,0.14097038003735057,-1.5761628934723682,0.04790437938332778,0.09939403963871184,-0.2806730280672376
crop_farming,4,ET0602,9,0.4070421344564783,0.50733797966934,-0.7133074905927237,0.46882272729705715,0.6370364512649963,-1.7012770584329626,0.26674589217030276,0.46951788029246844,-0.4673875670364569
crop_farming,4,ET0603,9,0.07405285356374246,0.08376924233467277,-390.4915754088371,0.002263025016271452,0.004800601005001022,-0.2857142857142856,0.004725009908627638,0.007612127103710265,-2.2326992959711864
crop_farming,4,ET0604,9,0.33191607155056624,0.4488896410278447,-1.5630114463266107,0.28174341208802745,0.4005964474027708,-1.0412000302218996,0.2887898603033231,0.29146543510663525,-0.08055156662164542
crop_farming,4,ET0605,9,0.05574151956372791,0.05733238308709108,0.0,0.0,0.0,1.0,0.0,0.0,1.0
crop_farming,4,ET0701,9,0.170187960738032,0.21549948561928664,0.2154084107869415,0.18918681972940057,0.2611098040942524,-0.15185425329656144,0.21601124258844318,0.25184611184830724,-0.07157277996881839
crop_farming,4,ET0702,9,0.31562737564900367,0.3638707596537162,-0.1874420045730658,0.4838694198898293,0.5462372943854351,-1.6759672210568284,0.27212846260519274,0.32865320508854384,0.03128988038584313
crop_farming,4,ET0703,9,0.4123653768553466,0.5198121981135146,-0.5057961879110953,0.6024255276992488,0.6768602954253844,-1.5531206511192615,0.539542827432755,0.6152023771415612,-1.109158754601589
crop_farming,4,ET0705,9,0.37603789759447026,0.463455787490939,-0.38896190614045634,0.5876061833129583,0.6752054739645956,-1.9481231710681217,0.2603490991752394,0.29426520973938897,0.4400470277178514
crop_farming,4,ET0706,9,0.2394397891099486,0.31280206708299124,0.15825192130605636,0.41814397690661825,0.5057968106183939,-1.2008734841086177,0.24124042168002052,0.2671233400226852,0.3861438972401652
crop_farming,4,ET0710,9,0.5650267222029329,0.6987331265319469,-0.7634109470970976,0.7832987583137118,0.9198435287760702,-2.0560382137295004,0.3715725373726235,0.46441985100226163,0.2209731697696723
crop_farming,4,ET0713,9,0.6059660459027452,0.7318888436363794,-1.5213384529052854,0.656670964337381,0.7733271497817858,-1.8149287590607441,0.6627884797918622,0.7907577560397462,-1.9432544793284618
crop_farming,4,ET0714,9,0.3667827468974648,0.38169918280332343,-1.4912622828737754,0.23997323336770002,0.35792743801751936,-1.1906196364570736,0.28657691355831405,0.3737135557823426,-1.3881120248203427
crop_farming,4,ET0715,9,0.3326024064421339,0.422047536974071,-0.8185810643931597,0.27263012960232014,0.3496013639882105,-0.2478321224740545,0.32125449931453015,0.3898515962532527,-0.5517028511237874
crop_farming,4,ET0716,9,0.30897495767331634,0.4434792289575135,-1.13582419937029,0.2412230420734229,0.4607644539010898,-1.3055623454394434,0.3167453884615188,0.35763627830757533,-0.38899943443251717
crop_farming,4,ET0720,9,0.20331051902353373,0.26218975928231625,0.36441616425560697,0.40487041695696135,0.5000731989166057,-1.312110323853989,0.21564023360815499,0.254072285753783,0.4031626637173632
crop_farming,4,ET0721,9,0.48661126734216215,0.5785917226366761,-0.5510329569789232,0.22345189052658843,0.4591487699402165,0.02324994646002665,0.5493284954237372,0.6892372096744389,-1.2009695005424645
crop_farming,4,ET0722,9,0.5987348393488203,0.7100881164983697,-1.1886537675316466,0.5335211501915358,0.7098948844320361,-1.1874627588749216,0.6304421805509752,0.7722225380247919,-1.5884365297830687
crop_farming,4,ET0723,9,0.5925996529027595,0.762269883012293,-1.376563185805876,0.6722721965763703,0.810956977115478,-1.6898463451206238,0.6144522062643077,0.7498349201202202,-1.2996575389623062
crop_farming,4,ET0724,9,0.10131158210766625,0.10731332996812513,-49.07274813964476,0.021208629049740167,0.026117310805067816,-1.9658624074700293,0.04405823582961599,0.063062483832663,-16.291641747498367
crop_farming,4,ET1101,9,0.05995306703779432,0.062006159857061996,0.0,0.0,0.0,1.0,0.0,0.0,1.0
crop_farming,4,ET1102,9,0.02926387376699265,0.03169175243597462,-28590.79780846167,0.00013052312420391843,0.00023119115743950984,-0.5215680944574634,0.0004355537198740884,0.0004695205069793224,-5.275640909913101
crop_farming,4,ET1103,9,0.06353586705194579,0.07090884470701174,-4455.751365264213,0.0011355001083986041,0.0017032501625979062,-1.5714285714285716,0.0005677500541993021,0.0012043797400300691,-0.2857142857142858
crop_farming,4,ET1104,9,0.5982897375918088,0.6830394800633592,-0.6313293062803995,0.7303452864979886,0.8560770116657578,-1.562569746327085,0.6116535864381474,0.7432462088665004,-0.9315921410982722
crop_farming,4,ET1105,9,0.043147215926806134,0.04949885365240332,0.4172958465584188,0.03566343189162686,0.0737375885378153,-0.29311066203801595,0.036489142374518786,0.07425287192653827,-0.31124650284767563
crop_farming,4,ET1106,9,0.04110649093856954,0.051486509838471944,-4.807702225318369,0.0286061041757169,0.03428953190059419,-1.5759684999728432,0.021209727536286114,0.02503244530009677,-0.37285284098256555
crop_farming,4,ET1202,9,0.19607291974116658,0.2409942053369121,-11.19861438334396,0.0848627851128149,0.11353253272565193,-1.707309799218819,0.04754271165829733,0.08092077612803945,-0.3753631417614378
crop_farming,4,ET1203,9,0.0813649408519268,0.09069200425749724,-34762.76573668705,0.0005199978714354674,0.0007799968071532012,-1.5714285714285712,0.0002599989357177337,0.0005515410316418843,-0.2857142857142856
crop_farming,4,ET1204,9,0.0710262101741878,0.08362399262526077,-112.67955456773832,0.009650569221476482,0.01222131682312078,-1.4280441011607854,0.005498224264748799,0.007975922240497542,-0.03414726466624285
crop_farming,4,ET1301,9,0.23750457256218516,0.2476354637036467,-89.58305167880364,0.05724524734853779,0.07739725462960372,-7.84855551776506,0.2286948060382908,0.2583191149499834,-97.56763948318051
crop_farming,4,ET1401,9,0.07919098043607341,0.09309156824631008,-1066966.512410751,9.634534186670546e-05,0.0001445180128000582,-1.5714285714285712,4.817267093335273e-05,0.00010218966685452542,-0.2857142857142856
crop_farming,4,ET1501,9,0.39932029641083,0.4619878193860964,-2.704873537939348,0.2588720192155353,0.417746605324876,-2.029271484692985,0.7857195197306025,0.8594214612521028,-11.821083452660309
crop_farming,4,ET1502,9,0.3512328519352708,0.4524487783844441,-0.45640183606922524,0.24506551515804922,0.3570722953667794,0.09290099925993789,0.3757683432560246,0.42608053541668306,-0.2915932525353018
crop_farming,4,ET1600,9,0.311309265483378,0.39622622413551306,-0.11237992832213561,0.4240812587320335,0.5546531241566268,-1.1797648213788472,0.2769600701848969,0.3251642003946487,0.25084417221793964
crop_farming,8,ET0101,9,1.1960628764751278,1.5748179531957733,-0.520864056812534,0.9736756714026191,1.5007239141480713,-0.38111959831923925,1.6955112233606922,2.010469836712413,-1.4787047855413218
crop_farming,8,ET0102,9,1.2043370934106916,1.5063185726566264,-0.4475598833874037,0.9975778909742556,1.4948201054506358,-0.4255443662177447,1.6156718647734536,1.8529527693636207,-1.1904410823821707
crop_farming,8,ET0103,9,1.023336020408809,1.3279643497462492,-0.46017662590841435,1.0625472793104251,1.3830173155302659,-0.5837542553786264,1.4511803734312785,1.6469917164891397,-1.2460291553971996
crop_farming,8,ET0104,9,1.0387881984868106,1.2486375051891279,-0.6588892798037873,0.9640943271465959,1.1803241815174772,-0.4823380571198632,1.3133497344613947,1.520134138511514,-1.458716603361752
crop_farming,8,ET0105,9,0.9725242975276163,1.2023121554462028,-0.31229291880775367,0.8081653624631827,1.1055729161168577,-0.1096118640360273,1.3195730340667549,1.6727492332802878,-1.5401419602130142
crop_farming,8,ET0106,9,1.156209218339409,1.4545747766183341,-0.45245383353367363,0.9900067570142456,1.4432882975985812,-0.4300012370106856,1.5491167130520285,1.7107316100964567,-1.0090650229259928
crop_farming,8,ET0107,9,0.8361382119033982,0.999177522010024,-0.46128031559713834,0.6389228943698391,1.0075251543161905,-0.4857988532605282,1.0425163432078581,1.1563196860749207,-0.9570596472822321
crop_farming,8,ET0301,9,0.5436044430791811,0.66234164503472,-0.44162300973868596,0.49180697125910977,0.6080451553202931,-0.21495235106974064,0.40818392698500056,0.49914784029792364,0.1812600663040672
crop_farming,8,ET0302,9,0.31213889856121085,0.3807269359158135,-1.0976702609465856,0.3546117826201632,0.37444604905033696,-1.0290302364175212,0.21999421895813828,0.27194874971041105,-0.0702473146830711
crop_farming,8,ET0303,9,0.9040790290644856,1.1605665145083872,-0.8670151339093111,0.8895686710129669,1.1774134189769903,-0.9216121187581257,0.6862634674051356,0.9065857722825625,-0.13926712332528202
crop_farming,8,ET0304,9,0.5913514284873055,0.7623906092854777,-0.5086682970457943,0.6217188168581106,0.7175159833011419,-0.33629347356049655,0.5063439142101627,0.5928990214357779,0.08756874213969057
crop_farming,8,ET0305,9,0.3268692058276686,0.416073535920596,0.01002723710844522,0.29821784161267195,0.45143225014638266,-0.1653817750969595,0.3361249533434584,0.4222464832359357,-0.019565522508136146
crop_farming,8,ET0306,9,0.1243941773289832,0.16602006683063136,-2.496657509577272,0.05700890702877978,0.09505220477490296,-0.14618921416966213,0.0938756708373031,0.09714930789274116,-0.19732306671245436
crop_farming,8,ET0307,9,0.02545805548676457,0.02848536168566746,-278167.8046384995,2.57288965038121e-05,5.9307386770210714e-05,-0.20582011589715,0.000576630590694855,0.0007015515900994058,-167.72684062934877
crop_farming,8,ET0308,9,0.9406539722403758,1.2241029353155388,-1.2366355078170255,1.0553600975577242,1.2946399921669376,-1.5018275669171013,0.7109161466638825,0.9779597486191566,-0.42758276802143946
crop_farming,8,ET0309,9,0.022017701352507284,0.023116608165724008,-102.59792838831694,0.0027320010005291964,0.0037538161875985453,-1.7317997024538796,0.0015184397779480897,0.0027320042434063685,-0.4469901904898852
crop_farming,8,ET0310,9,0.5370915214258946,0.7640003006185921,-0.07062047810727501,0.4920855928262301,0.7473656362786977,-0.024506545671330038,0.5941554770602413,0.7857131044806169,-0.1323390383093117
crop_farming,8,ET0311,9,0.10989641134333993,0.17586043888571778,-2.053021652315732,0.08920572862682787,0.12543355009336282,-0.5531772020357435,0.08883760874599624,0.10904282744150622,-0.1737829239863029
crop_farming,8,ET0312,9,0.02821923464927154,0.03191077202810878,-949.8997411491928,0.0011021768018466055,0.0013687879911606518,-0.7495746567007167,0.0011491417173732366,0.0014814409117749597,-1.049409639310257
crop_farming,8,ET0401,9,0.06511941810994881,0.08733563141852901,-0.2621309301718526,0.04426049280544459,0.08898713644757203,-0.31031569859361063,0.043121765995040126,0.08854593757734823,-0.29735479901723005
crop_farming,8,ET0402,9,0.14911704815232027,0.19718396044111547,-12.128051507748014,0.09741599272658363,0.20555085102322454,-13.265784525646591,0.07839391184789506,0.10431090847665798,-2.6738088609470796
crop_farming,8,ET0403,9,0.020964156374996712,0.02274521967466902,-1414.2717014811212,0.0008747585347609209,0.0012715274880359796,-3.4229401048277976,0.0005793953845712155,0.0006935583361322435,-0.31590805034552805
crop_farming,8,ET0404,9,0.02366932744916143,0.02576928790054511,-734.5375394209607,0.0010814480812319073,0.0013261001203785045,-0.9478371131051768,0.0008703218552564223,0.001111552021431183,-0.36854660948900575
crop_farming,8,ET0405,9,0.02838453811580778,0.03209017437102553,-100.75699447227751,0.00323213395068716,0.004979388691293441,-1.4500343561176665,0.0019123367389530799,0.0034343584377531226,-0.1654975274907715
crop_farming,8,ET0406,9,0.25409603844121825,0.2952242034095694,-0.34381210733868484,0.23346250895510975,0.30561237317822054,-0.44004643848095837,0.31481783362095495,0.3263124548700341,-0.6417307463536179
crop_farming,8,ET0407,9,0.30727029720199217,0.42217813708026375,-3.107154868692607,0.17285387664620824,0.21798928737348083,-0.09501458566731791,0.12963877649838096,0.20221155022177117,0.05776004103402099
crop_farming,8,ET0408,9,0.304323427778074,0.3627434386271311,-0.8602530721142363,0.25115214332204777,0.2973782744282111,-0.25023419606201003,0.21901838918857436,0.26056126860707396,0.04017375843386328
crop_farming,8,ET0409,9,0.5074105373298676,0.6095326161076592,-1.1825545796840404,0.42649653645279195,0.5188209011500031,-0.5812703986961507,0.3445418955001531,0.4297934294356415,-0.08515245509201885
crop_farming,8,ET0413,9,0.047958625543492825,0.06375973262630333,-0.6690991354550679,0.035681615595508566,0.059227144593090635,-0.4402263368836019,0.027551363904317894,0.05365136498483082,-0.18181829599298593
crop_farming,8,ET0416,9,0.03320927984364329,0.03733253533868723,-435.98194036945654,0.002539216790902928,0.0031101151386676478,-2.0327838131495417,0.0018976221367256309,0.0018977011067956634,-0.12913050551348237
crop_farming,8,ET0417,9,0.3423875716421842,0.4337999045716316,-2.2787905149418046,0.3129451804933412,0.37208684834126327,-1.4122560567445408,0.24001580104509182,0.28907029519128674,-0.4559340320792895
crop_farming,8,ET0418,9,0.1842575463276088,0.24192960358032922,-6.427259975493432,0.12959649255148864,0.17590677111454106,-2.926591407998497,0.08326721870688512,0.09612920670888289,-0.17263084809497276
crop_farming,8,ET0419,9,0.024267993738330083,0.025987466013305528,-1088.2098133769732,0.0009665418733392093,0.0018646069607229576,-4.6073579315266135,0.000830130245336279,0.0011400033527189956,-1.096022469304097
crop_farming,8,ET0420,9,0.10708613936632595,0.14327361482645462,-1.6610315034848817,0.09453839532577546,0.1409470563255888,-1.5753105057560228,0.04791855988215548,0.09939399690853336,-0.28067192692725973
crop_farming,8,ET0602,9,0.34994913488223484,0.4870263667553244,-0.5788668668190624,0.46887044376394155,0.6370364593068245,-1.7012771266337885,0.2662210061130509,0.47017707070299086,-0.4715108044095535
crop_farming,8,ET0603,9,0.040758422008968016,0.05904274908164081,-193.4851234212279,0.002263025016271452,0.004800601005001022,-0.2857142857142856,0.002263025016271452,0.004800601005001022,-0.2857142857142856
crop_farming,8,ET0604,9,0.35302413868334476,0.4054074941016361,-1.0905228749706204,0.42107731157718675,0.5015976000223616,-2.200238007348104,0.29243421532427405,0.293737093288281,-0.09746066909826556
crop_farming,8,ET0605,9,0.024073581728670333,0.02490920532906624,0.0,0.0,0.0,1.0,0.0,0.0,1.0
crop_farming,8,ET0701,9,0.27092298475530074,0.3211170738249934,-0.7421196035963551,0.22701952290630315,0.2878865541373396,-0.40021245156244545,0.21617922778375662,0.2516241768509618,-0.06968500244319142
crop_farming,8,ET0702,9,0.42886456784884036,0.5366368144135935,-1.5827300670325783,0.40625582448919506,0.5517760761559294,-1.73051034085517,0.266068066095609,0.3257228946218435,0.04848713645098357
crop_farming,8,ET0703,9,0.5125355010967148,0.6964568264020572,-1.7030971783569533,0.5742358507011796,0.7168644713193958,-1.8638309193507823,0.5382381295587497,0.6169967657559505,-1.1214804556438889
crop_farming,8,ET0705,9,0.5196409386733788,0.6127911328755185,-1.4282794244463686,0.592591763066578,0.7086675679012527,-2.2475723168037702,0.2570921989638495,0.2935248246925637,0.4428612187369484
crop_farming,8,ET0706,9,0.4700891906793405,0.5599297739291573,-1.697180604659859,0.4583339220724658,0.5551181102566828,-1.6510242303862719,0.23685244477662395,0.2592680558274603,0.42171633178593526
crop_farming,8,ET0710,9,0.6256271591648906,0.7290652054558486,-0.9198336958696225,0.6482836069364134,0.8646525789555128,-1.7003132539133512,0.3558145086806055,0.46083529059229206,0.23295238248430705
crop_farming,8,ET0713,9,0.7618460359482725,0.9026861125484661,-2.8354331283928467,0.7084738729243765,0.8128924698560135,-2.1103344745013337,0.7139322768313787,0.8307351024739418,-2.2483739321992093
crop_farming,8,ET0714,9,0.4822925125123791,0.5436727707675807,-4.054196904849566,0.39523398151991546,0.5209388545443744,-3.640347388347414,0.2957890091857937,0.3831824241962856,-1.510661448329083
crop_farming,8,ET0715,9,0.5235608179609232,0.5904379100105356,-2.5592491754989153,0.5619536151787111,0.6451651174441847,-3.249635493872783,0.32797294056799925,0.40890322972337023,-0.7070687268491578
crop_farming,8,ET0716,9,0.2733019554660356,0.3916704731131859,-0.6659447740676843,0.2452733728916424,0.460677515362548,-1.3046923854888135,0.30602885630300464,0.3733453075465133,-0.5137018080768512
crop_farming,8,ET0720,9,0.2999463601088577,0.3346903365556918,-0.035685129105134994,0.2803815147610646,0.33152791267555326,-0.01620562038575346,0.21765733640987783,0.2534859519287526,0.4059141808649167
crop_farming,8,ET0721,9,0.6461103538779338,0.826517176370863,-2.1650484319986396,0.5486914066076477,0.7297079891180233,-1.4670320724706358,0.6037153524993957,0.7450975819785266,-1.5721891464695816
crop_farming,8,ET0722,9,0.6948724563633335,0.8241478875431271,-1.9482402725689152,0.6488081441039774,0.7858669117654586,-1.6807146137746405,0.6770988611301718,0.8033106194842102,-1.801041808558709
crop_farming,8,ET0723,9,0.6456352398378669,0.8039020100093865,-1.643248971321448,0.6595270888942406,0.9248071938941469,-2.4981162791622866,0.6672022918906211,0.7766946230277254,-1.4673595463547349
crop_farming,8,ET0724,9,0.039923025831775344,0.046510821319455026,-8.405937787941006,0.011968596926333008,0.018695146254104126,-0.5196788481403452,0.010995734419555802,0.014293417918012084,0.1116864869099159
crop_farming,8,ET1101,9,0.029275118476814695,0.030152273774982453,0.0,0.0,0.0,1.0,0.0,0.0,1.0
crop_farming,8,ET1102,9,0.019866866005350283,0.021453991894980425,-13101.832189839512,0.00016086383249448567,0.00024846403863412487,-0.7574219032006415,0.00044334183604228313,0.000476831412272402,-5.472598526329224
crop_farming,8,ET1103,9,0.02866504579368565,0.03185560416034044,-898.4753772960559,0.0011355001083986041,0.0017032501625979062,-1.5714285714285716,0.0005677500541993021,0.0012043797400300691,-0.2857142857142858
crop_farming,8,ET1104,9,0.6711669615558562,0.7678536792608945,-1.061612143332483,0.6366316161414098,0.7594444068743595,-1.0167032604490944,0.6145455062541882,0.7480146493632093,-0.9564566571612072
crop_farming,8,ET1105,9,0.04713396919583205,0.06404017405769737,0.02464472166068199,0.035766281448039755,0.07382917362408628,-0.2963248490249881,0.0365919667715585,0.07432737127951128,-0.3138790211370719
crop_farming,8,ET1106,9,0.02933945167870116,0.03637647898153719,-1.899070352282954,0.02819076762491589,0.03585564474730504,-1.8166475565314264,0.021255439695929985,0.025098678192025294,-0.38012726464740765
crop_farming,8,ET1202,9,0.23849392694342372,0.2660222333422946,-13.863913621588777,0.08396228817748118,0.11224429393859438,-1.6462193894573565,0.04825655754904669,0.08306685108750493,-0.44928166326620467
crop_farming,8,ET1203,9,0.08900719187739822,0.10721287399825105,-48581.81680212815,0.0005199978714354674,0.0007799968071532012,-1.5714285714285712,0.0002599989357177337,0.0005515410316418843,-0.2857142857142856
crop_farming,8,ET1204,9,0.03334739410544168,0.04409963687047618,-30.61481114101783,0.009233806806842666,0.011721030402055754,-1.2333261437260163,0.005962256028922284,0.009436290479785912,-0.44751531679309964
crop_farming,8,ET1301,9,0.23280740305826728,0.30882533707611415,-139.87927768928168,0.05342584018573667,0.0737803870268804,-7.040871581085213,0.22957062158328462,0.2585450535569429,-97.74013910235969
crop_farming,8,ET1401,9,0.03856222207347552,0.04858968878803104,-290681.400293567,9.634534186670546e-05,0.0001445180128000582,-1.5714285714285712,4.817267093335273e-05,0.00010218966685452542,-0.2857142857142856
crop_farming,8,ET1501,9,0.4634294745176657,0.5895418800942609,-5.033115811186945,0.291216035722821,0.42589283774408393,-2.1485675201069716,0.7856770769110567,0.8593558957986769,-11.819127280695016
crop_farming,8,ET1502,9,0.4709937017696207,0.5761987505223056,-1.362038663862974,0.377619554989037,0.47884315140806055,-0.631281603711197,0.37672786903112354,0.4256115737562736,-0.2887516564865633
crop_farming,8,ET1600,9,0.5234094863243249,0.6089952216145217,-1.6278131542363856,0.5077201238629567,0.554771010242137,-1.1806914951449055,0.2757173285140082,0.32326017155361136,0.2595919867117945
crop_farming,12,ET0101,9,1.3454803407814941,1.6608054328547428,-0.6914812791088549,1.2845899409493682,1.744168101981361,-0.8655477138188608,1.6955112233606922,2.010469836712413,-1.4787047855413218
crop_farming,12,ET0102,9,1.42960544267126,1.6314745623227933,-0.6981008936510733,1.3918962700769855,1.7420064973331049,-0.9359869168864823,1.6156718647734536,1.8529527693636207,-1.1904410823821707
crop_farming,12,ET0103,9,1.3674635262378672,1.5504005203605487,-0.9903083756606854,1.2022675441624673,1.5083050040414558,-0.8836963812518199,1.4511803734312785,1.6469917164891397,-1.2460291553971996
crop_farming,12,ET0104,9,1.224789169965076,1.3760201836592274,-1.0146251804053525,1.1370195861709291,1.2981142473101195,-0.7929595109285339,1.3133497344613947,1.520134138511514,-1.458716603361752
crop_farming,12,ET0105,9,1.1296137946830038,1.3728303123942402,-0.7109212858725138,1.0307429179463283,1.2900985211760316,-0.5109220681140778,1.3195730340667549,1.6727492332802878,-1.5401419602130142
crop_farming,12,ET0106,9,1.4889893604924125,1.6378280212507876,-0.8414792380180571,1.420157316106211,1.7029436185456492,-0.9908143910650071,1.5491167130520285,1.7107316100964567,-1.0090650229259928
crop_farming,12,ET0107,9,1.0523956502904848,1.0911199078251232,-0.7425818356831353,1.0468539044067615,1.2567975647729828,-1.3119523792516943,1.0425163432078581,1.1563196860749207,-0.9570596472822321
crop_farming,12,ET0301,9,0.5898930334305571,0.6833789622293475,-0.5346551128329458,0.773342521153611,0.8720291737285195,-1.4989042156894787,0.40818392698500056,0.49914784029792364,0.1812600663040672
crop_farming,12,ET0302,9,0.3046001870974051,0.3502819116434102,-0.7756012260672427,0.33141137544010746,0.3897256591629364,-1.1980016515436565,0.21999421895813828,0.27194874971041105,-0.0702473146830711
crop_farming,12,ET0303,9,0.9041459335810151,1.0718862312915547,-0.5925942789338479,1.0296186607252475,1.1731685705572081,-0.9077813806632018,0.6862634674051356,0.9065857722825625,-0.13926712332528202
crop_farming,12,ET0304,9,0.6285106080422117,0.7264885596698444,-0.36992328333309143,0.8080151451692958,0.9097139205253486,-1.148069696704448,0.5063439142101627,0.5928990214357779,0.08756874213969057
crop_farming,12,ET0305,9,0.3410534246741978,0.380135335625379,0.17365854278713633,0.3598498400528478,0.4667577559924314,-0.24585111490343814,0.3361249533434584,0.4222464832359357,-0.019565522508136146
crop_farming,12,ET0306,9,0.1709280158104347,0.2038415795599282,-4.271296916717729,0.13217489895074713,0.15573951621397153,-2.0770146926945174,0.0938756708373031,0.09714930789274116,-0.19732306671245436
crop_farming,12,ET0307,9,0.06799613651271323,0.07696951871456542,-2030964.2366925036,0.00046073822539617463,0.0013063749125484475,-584.0602753941264,0.000576630590694855,0.0007015515900994058,-167.72684062934877
crop_farming,12,ET0308,9,0.883183644676509,1.09656103938254,-0.7948367752815051,1.0979770129191901,1.3054728255780623,-1.543870556810429,0.7109161466638825,0.9779597486191566,-0.42758276802143946
crop_farming,12,ET0309,9,0.05937384858466229,0.06538715738548304,-827.8725603968362,0.0021222438897952303,0.0032804324164304346,-1.0862436964763376,0.0015184397779480897,0.0027320042434063685,-0.4469901904898852
crop_farming,12,ET0310,9,0.6706870330791269,0.7577956694090614,-0.05330155476976439,0.7230750761185019,0.8843185504092258,-0.43438573585501206,0.5941554770602413,0.7857131044806169,-0.1323390383093117
crop_farming,12,ET0311,9,0.20673751429799644,0.2598253844828527,-5.664333716836984,0.19406437920392097,0.21932963635758415,-3.748847422335051,0.08883760874599624,0.10904282744150622,-0.1737829239863029
crop_farming,12,ET0312,9,0.051119189022846526,0.05182586068816288,-2507.1479620033706,0.0010213307439298368,0.0012389122482384738,-0.4333135268098878,0.0011491417173732366,0.0014814409117749597,-1.049409639310257
crop_farming,12,ET0401,9,0.10876154795322956,0.11320429400443893,-1.1205439700062936,0.04495128576653213,0.08902312006447162,-0.3113756142841466,0.043121765995040126,0.08854593757734823,-0.29735479901723005
crop_farming,12,ET0402,9,0.17502449245463467,0.23519403452555765,-17.677111255928114,0.09894827421715514,0.2055894197355612,-13.271138573627693,0.07839391184789506,0.10431090847665798,-2.6738088609470796
crop_farming,12,ET0403,9,0.07269642549074273,0.07619715567291763,-15882.165890439577,0.0008747585347609209,0.0012715274880359794,-3.4229401048277968,0.0005793953845712155,0.0006935583361322435,-0.31590805034552805
crop_farming,12,ET0404,9,0.05778121601097314,0.06077482408625941,-4090.169079272136,0.0011552455522758137,0.001380333921222232,-1.1104172544538446,0.0008703218552564223,0.001111552021431183,-0.36854660948900575
crop_farming,12,ET0405,9,0.07383864182241931,0.0808707542668946,-645.253792194795,0.003103828844636188,0.004919772614225458,-1.3917191368635047,0.0019123367389530799,0.0034343584377531226,-0.1654975274907715
crop_farming,12,ET0406,9,0.3063327043869809,0.3380707414036966,-0.7621781130400629,0.25439449016616933,0.33559794723681063,-0.7364937404930045,0.31481783362095495,0.3263124548700341,-0.6417307463536179
crop_farming,12,ET0407,9,0.2100457386051916,0.24978622523900293,-0.43776057562629767,0.27240379516766516,0.30205136433617547,-1.1023799409332837,0.12963877649838096,0.20221155022177117,0.05776004103402099
crop_farming,12,ET0408,9,0.19035934489693848,0.21696590144722522,0.3344880325841444,0.24766112491637043,0.29217999144668433,-0.20690710322201533,0.21901838918857436,0.26056126860707396,0.04017375843386328
crop_farming,12,ET0409,9,0.4291775508549982,0.48773933641588385,-0.39748379244342513,0.59491587416307,0.6597317460493973,-1.55685428905581,0.3445418955001531,0.4297934294356415,-0.08515245509201885
crop_farming,12,ET0413,9,0.08626327739390607,0.10515582109606629,-3.5399994006860407,0.05389566885927345,0.07983045588733674,-1.6165339646682302,0.027551363904317894,0.05365136498483082,-0.18181829599298593
crop_farming,12,ET0416,9,0.08656573296013076,0.09456359084556064,-2802.731555090463,0.0033810954169028276,0.004006451392942262,-4.0327838131494245,0.0018976221367256309,0.0018977011067956634,-0.12913050551348237
crop_farming,12,ET0417,9,0.33299772661528787,0.3783103702711474,-1.4936256613459657,0.43760410295527974,0.49823639699731664,-3.325194742104058,0.24001580104509182,0.28907029519128674,-0.4559340320792895
crop_farming,12,ET0418,9,0.2223052109970546,0.26709603554158645,-8.05285328296318,0.12959649255148864,0.17590677111454106,-2.926591407998497,0.08326721870688512,0.09612920670888289,-0.17263084809497276
crop_farming,12,ET0419,9,0.06867984503846368,0.0769071455141487,-9538.31217924196,0.0009665418733392093,0.0018646069607229576,-4.6073579315266135,0.000830130245336279,0.0011400033527189956,-1.096022469304097
crop_farming,12,ET0420,9,0.11884930518292196,0.15618338975768511,-2.1621849556465844,0.09488952920679429,0.14098001696798362,-1.5765151256459284,0.04791855988215548,0.09939399690853336,-0.28067192692725973
crop_farming,12,ET0602,9,0.32903621224737484,0.5026094325466871,-0.6815192094389395,0.3417750233065054,0.5384028350193678,-0.9295464574483365,0.2662210061130509,0.47017707070299086,-0.4715108044095535
crop_farming,12,ET0603,9,0.06519052619336375,0.07200254220609842,-288.2337090098043,0.002263025016271452,0.004800601005001022,-0.2857142857142856,0.002263025016271452,0.004800601005001022,-0.2857142857142856
crop_farming,12,ET0604,9,0.43999822507920694,0.5181974626861071,-2.415560192757687,0.5504606993362611,0.6426176801558636,-4.252628902239041,0.29243421532427405,0.293737093288281,-0.09746066909826556
crop_farming,12,ET0605,9,0.05461485849486457,0.055571919460820844,0.0,0.0,0.0,1.0,0.0,0.0,1.0
crop_farming,12,ET0701,9,0.19977558870225418,0.2350624431062603,0.06649281758940662,0.22018084322880555,0.2877841643368582,-0.3992166288924941,0.21617922778375662,0.2516241768509618,-0.06968500244319142
crop_farming,12,ET0702,9,0.400731409213449,0.4845748447058518,-1.1059100792083187,0.5768621379785628,0.701385934675016,-3.4119664128178284,0.266068066095609,0.3257228946218435,0.04848713645098357
crop_farming,12,ET0703,9,0.521797588152861,0.610622297471289,-1.0778709816235459,0.62962097156489,0.798356562379185,-2.5519517617495238,0.5382381295587497,0.6169967657559505,-1.1214804556438889
crop_farming,12,ET0705,9,0.425504687355932,0.4629792249026054,-0.386106889651471,0.6864852272076506,0.8109765820871527,-3.2529506410434976,0.2570921989638495,0.2935248246925637,0.4428612187369484
crop_farming,12,ET0706,9,0.36028848345062897,0.4118837793891889,-0.45946029145124223,0.6164211416077126,0.7024538732046668,-3.245008146606226,0.23685244477662395,0.2592680558274603,0.42171633178593526
crop_farming,12,ET0710,9,0.4907916534638262,0.6525989592920453,-0.5382382965056605,0.7002088970171426,0.9407284880039958,-2.1963877501024607,0.3558145086806055,0.46083529059229206,0.23295238248430705
crop_farming,12,ET0713,9,0.711273554656313,0.8883131213109697,-2.7142663798705757,0.8199061215804002,0.9930923931680422,-3.642161053356502,0.7139322768313787,0.8307351024739418,-2.2483739321992093
crop_farming,12,ET0714,9,0.37947452928409303,0.4210668901083174,-2.031650816782097,0.5064668228853618,0.6365788610909757,-5.929173222760894,0.2957890091857937,0.3831824241962856,-1.510661448329083
crop_farming,12,ET0715,9,0.3609764254778758,0.40874874121648014,-0.705779068754754,0.4688518198423883,0.5731878620864518,-2.3543153901645923,0.32797294056799925,0.40890322972337023,-0.7070687268491578
crop_farming,12,ET0716,9,0.29735683613176117,0.37402184973687547,-0.5191927623807124,0.2169416676697401,0.42385050856968154,-0.9509419736467737,0.30602885630300464,0.3733453075465133,-0.5137018080768512
crop_farming,12,ET0720,9,0.22795562830945512,0.27512159882252657,0.30017288186609103,0.45333644850510624,0.5461766895172834,-1.7580854394464467,0.21765733640987783,0.2534859519287526,0.4059141808649167
crop_farming,12,ET0721,9,0.5159397608211886,0.6704104766404863,-1.0823713420617387,0.4338587112299965,0.6441108646834116,-0.9221967689203061,0.6037153524993957,0.7450975819785266,-1.5721891464695816
crop_farming,12,ET0722,9,0.7016411380394706,0.8515388811155455,-2.1474695689662626,0.34642200660980804,0.5564999678826389,-0.3442587187388466,0.6770988611301718,0.8033106194842102,-1.801041808558709
crop_farming,12,ET0723,9,0.7007706585909738,0.9134508113242935,-2.4127319200174546,0.7696513535220113,1.086492599446172,-3.828201512963182,0.6672022918906211,0.7766946230277254,-1.4673595463547349
crop_farming,12,ET0724,9,0.1161951057598291,0.12241967690546487,-64.1623206450531,0.02249293814302342,0.027409502392531024,-2.2666032289926608,0.010995734419555802,0.014293417918012084,0.1116864869099159
crop_farming,12,ET1101,9,0.07163969427347183,0.07586861225965484,0.0,0.0,0.0,1.0,0.0,0.0,1.0
crop_farming,12,ET1102,9,0.04829041527259095,0.05261926414244883,-78819.37473330168,0.0001912045407850529,0.0002646118019109117,-0.9932757119438196,0.00044334183604228313,0.000476831412272402,-5.472598526329224
crop_farming,12,ET1103,9,0.07860137025515239,0.08494099264279435,-6394.1723155399695,0.0011355001083986041,0.0017032501625979062,-1.5714285714285716,0.0005677500541993021,0.0012043797400300691,-0.2857142857142858
crop_farming,12,ET1104,9,0.5184156838363716,0.6196400730458482,-0.34254551290242774,0.6559670269048521,0.7964564630453781,-1.2180641683430626,0.6145455062541882,0.7480146493632093,-0.9564566571612072
crop_farming,12,ET1105,9,0.06426987224543357,0.06674654552584182,-0.05953527117256252,0.035869131004452645,0.07383151667833221,-0.29640713106851035,0.0365919667715585,0.07432737127951128,-0.3138790211370719
crop_farming,12,ET1106,9,0.0518197108769224,0.0608785319883683,-7.119808333476925,0.02882835465092801,0.035223084255925206,-1.7181423577784032,0.021255439695929985,0.025098678192025294,-0.38012726464740765
crop_farming,12,ET1202,9,0.21913959785342818,0.25448464808242316,-12.602554647497657,0.08386466113445598,0.11217227587134825,-1.6428247497693729,0.04825655754904669,0.08306685108750493,-0.44928166326620467
crop_farming,12,ET1203,9,0.07377030410700375,0.07914534248782369,-26474.217750382893,0.0005199978714354674,0.0007799968071532012,-1.5714285714285712,0.0002599989357177337,0.0005515410316418843,-0.2857142857142856
crop_farming,12,ET1204,9,0.09721339444049927,0.11074674188944529,-198.38040864551212,0.008817044392208798,0.01142855760746706,-1.1232611264197958,0.005962256028922284,0.009436290479785912,-0.44751531679309964
crop_farming,12,ET1301,9,0.1301250198738201,0.15698172804198435,-35.40151667212903,0.06190488753283262,0.08065953668481622,-8.610206377056778,0.22957062158328462,0.2585450535569429,-97.74013910235969
crop_farming,12,ET1401,9,0.11668055173423555,0.12620530093906654,-1961035.5866024888,9.634534186670546e-05,0.0001445180128000582,-1.5714285714285712,4.817267093335273e-05,0.00010218966685452542,-0.2857142857142856
crop_farming,12,ET1501,9,0.43078754478960884,0.46669121139912245,-2.780694476251398,0.3391965234891929,0.4675971840107567,-2.795387404617645,0.7856770769110567,0.8593558957986769,-11.819127280695016
crop_farming,12,ET1502,9,0.286716489726204,0.3530446034794079,0.11324931490896528,0.442535059466709,0.5317198550749095,-1.0114448673448204,0.37672786903112354,0.4256115737562736,-0.2887516564865633
crop_farming,12,ET1600,9,0.39902280928902883,0.4640549358093216,-0.5258277351148679,0.5679216448826269,0.6610681059418458,-2.0964147059879834,0.2757173285140082,0.32326017155361136,0.2595919867117945
pastoral,0,ET0201,9,0.22289465199207553,0.26722324094456684,0.5946782086746318,0.260410606180529,0.3145421759147645,0.43842305091565315,0.4777336811431254,0.595122494361105,-1.010315547712072
pastoral,0,ET0202,9,0.3459340770977521,0.43986310824847424,0.10735635061998694,0.3005374752851057,0.420161103679156,0.1855306747905875,0.7400512415579339,0.8704380455968146,-2.4955761884054786
pastoral,0,ET0203,9,0.41811357997242526,0.5500360976400831,0.14360014008226674,0.40915369112594346,0.5563606674321124,0.12379234703328978,0.50417184246259,0.673110546573692,-0.2825284088591704
pastoral,0,ET0204,9,0.4729342719216013,0.6067280146334337,0.22129521742964753,0.4257905846846547,0.5847980192200324,0.27656997190757204,0.9777081881932881,1.156470226428918,-1.829134912445849
pastoral,0,ET0205,9,0.3854302405525751,0.5092233651512602,-0.48586793898486813,0.45742271470233375,0.6605253675138774,-1.5000147415230418,0.35610686877347747,0.5022909935611047,-0.44568724322276787
pastoral,0,ET0411,9,0.2644266837354427,0.3419785873183847,0.06906868377030395,0.36319371302929254,0.4203831071956298,-0.4067286220808657,0.2994621595432143,0.39244054270500484,-0.2259352914814341
pastoral,0,ET0412,9,0.37305818658371737,0.4251766125985083,0.6350930992656327,0.3059003014955986,0.3743839046671166,0.7170708595284798,0.7648078746051374,0.9974386860642294,-1.0082406711672025
pastoral,0,ET0414,9,0.3749782086776896,0.4319325937767056,-0.02306415508716997,0.3647992575730059,0.42684634651814163,0.0008882853346132702,0.5361315660668383,0.64870922087999,-1.3076559300687056
pastoral,0,ET0415,9,0.32935126613030047,0.4622024601766928,-0.306494520680044,0.35939213127978015,0.481349711035175,-0.4169826022007934,0.5372170210737802,0.6574734046842197,-1.643622667573747
pastoral,0,ET0421,9,0.2586213870911809,0.35452649148982235,0.46407612217617666,0.28941486437572117,0.3757325539389116,0.3980459084747989,0.7270266271711008,0.837174234058473,-1.9883910609450393
pastoral,0,ET0501,9,0.20941760211859783,0.2736998506396492,0.28294048335009625,0.3375770383046086,0.43803419328192034,-0.8366318424109653,0.3832104215183645,0.4256105704541339,-0.7339273393663053
pastoral,0,ET0503,9,0.40081507563138585,0.495391712335889,-0.33977886224253195,0.42641509882171424,0.6152281853307086,-1.0663700335095125,0.42209887884724245,0.44625350597865143,-0.08717368154564675
pastoral,0,ET0504,9,0.21529012473374282,0.2778192829678801,-3.369402878268045,0.13920422560442608,0.21168292999330787,-1.5366993318533253,0.4144783508827026,0.4422831689169043,-10.073837427858253
pastoral,0,ET0505,9,0.4452928237309466,0.5118640971308719,-0.19737367795931893,0.5118612828871035,0.634921029446034,-0.8422976284432697,0.44337422347179495,0.49484663933818207,-0.11908125168035033
pastoral,0,ET0506,9,0.2039559884654909,0.2531922155086823,0.33958950864757365,0.1894150603912507,0.2883152309312585,0.14365564909029427,0.586255253608991,0.6622438713127438,-3.518030533051501
pastoral,0,ET0507,9,0.5766263212540201,0.643037780803118,-0.4335455803946291,0.6365519688914341,0.7760778349604897,-1.0880893872787643,0.4925118974840953,0.5719793826542149,-0.13422515623350884
pastoral,0,ET0508,9,0.3261870240788983,0.4187385734501893,0.6486655924273041,0.32499518580297126,0.5403083288478997,0.41505090930774213,0.8411827859273726,0.9913363281167008,-0.9691408811890698
pastoral,0,ET0509,9,0.3360683039744867,0.42940776933693464,0.5237456611019323,0.30653516273004733,0.49131818811632866,0.3765166895786697,0.7807403938834607,0.9760038446475016,-1.4603801035459427
pastoral,0,ET0510,9,0.2879606018936635,0.35132418062126936,-1.2198701853624025,0.16900865697278888,0.3486069688386219,-1.1856651294250118,0.5144939151041462,0.5261986736168028,-3.979789581787431
pastoral,0,ET0511,9,0.2667846779391235,0.36378535261508066,0.4920267124898441,0.18819376623954748,0.37012422994585853,0.474169841411862,0.6672122159710222,0.8409180299456431,-1.71429961963368
pastoral,1,ET0201,9,0.23001012864548281,0.29280363490221184,0.5133637832449258,0.260410606180529,0.3145421759147645,0.43842305091565315,0.4777336811431254,0.595122494361105,-1.010315547712072
pastoral,1,ET0202,9,0.3923005091998508,0.4722036682309971,-0.028730829043903672,0.3005374752851057,0.420161103679156,0.1855306747905875,0.7400512415579339,0.8704380455968146,-2.4955761884054786
pastoral,1,ET0203,9,0.3932496777275599,0.47728540048588886,0.3551621766455104,0.40915369112594346,0.5563606674321124,0.12379234703328978,0.50417184246259,0.673110546573692,-0.2825284088591704
pastoral,1,ET0204,9,0.5016530305989553,0.6807090294856354,0.019815640012106783,0.4257905846846547,0.5847980192200324,0.27656997190757204,0.9777081881932881,1.156470226428918,-1.829134912445849
pastoral,1,ET0205,9,0.34085043360930606,0.4949555516791044,-0.4037700313490795,0.45742271470233375,0.6605253675138774,-1.5000147415230418,0.35610686877347747,0.5022909935611047,-0.44568724322276787
pastoral,1,ET0411,9,0.3040965964231894,0.3452732825015615,0.051044691882243365,0.36319371302929254,0.4203831071956298,-0.4067286220808657,0.2994621595432143,0.39244054270500484,-0.2259352914814341
pastoral,1,ET0412,9,0.33139227547886124,0.411465684445194,0.6582483779978061,0.3059003014955986,0.3743839046671166,0.7170708595284798,0.7648078746051374,0.9974386860642294,-1.0082406711672025
pastoral,1,ET0414,9,0.3377677719608122,0.40000280687193945,0.12260128961567529,0.3647992575730059,0.42684634651814163,0.0008882853346132702,0.5361315660668383,0.64870922087999,-1.3076559300687056
pastoral,1,ET0415,9,0.3115279648704289,0.39910949178212635,0.025846937767975198,0.35939213127978015,0.481349711035175,-0.4169826022007934,0.5372170210737802,0.6574734046842197,-1.643622667573747
pastoral,1,ET0421,9,0.2778703528003342,0.35903494492938237,0.4503589470999285,0.28941486437572117,0.3757325539389116,0.3980459084747989,0.7270266271711008,0.837174234058473,-1.9883910609450393
pastoral,1,ET0501,9,0.22901033606884852,0.28529719737014714,0.22088584637719144,0.3375770383046086,0.43803419328192034,-0.8366318424109653,0.3832104215183645,0.4256105704541339,-0.7339273393663053
pastoral,1,ET0503,9,0.4302907931064728,0.5340222467310319,-0.5568771594669186,0.42641509882171424,0.6152281853307086,-1.0663700335095125,0.42209887884724245,0.44625350597865143,-0.08717368154564675
pastoral,1,ET0504,9,0.22921668146688898,0.2917947692866444,-3.8200586548958606,0.13920422560442608,0.21168292999330787,-1.5366993318533253,0.4144783508827026,0.4422831689169043,-10.073837427858253
pastoral,1,ET0505,9,0.4462494067650127,0.515419948199041,-0.21406744987879356,0.5118612828871035,0.634921029446034,-0.8422976284432697,0.44337422347179495,0.49484663933818207,-0.11908125168035033
pastoral,1,ET0506,9,0.19842076316600757,0.2774039521360039,0.20724579537789167,0.1894150603912507,0.2883152309312585,0.14365564909029427,0.586255253608991,0.6622438713127438,-3.518030533051501
pastoral,1,ET0507,9,0.5830003393138566,0.6444712600111968,-0.43994411040847226,0.6365519688914341,0.7760778349604897,-1.0880893872787643,0.4925118974840953,0.5719793826542149,-0.13422515623350884
pastoral,1,ET0508,9,0.329072568130625,0.4576008837161046,0.5804261096078784,0.32499518580297126,0.5403083288478997,0.41505090930774213,0.8411827859273726,0.9913363281167008,-0.9691408811890698
pastoral,1,ET0509,9,0.43279039802140484,0.521359446680075,0.29794094748104605,0.30653516273004733,0.49131818811632866,0.3765166895786697,0.7807403938834607,0.9760038446475016,-1.4603801035459427
pastoral,1,ET0510,9,0.275736940171669,0.3374928838758599,-1.0485224807746278,0.16900865697278888,0.3486069688386219,-1.1856651294250118,0.5144939151041462,0.5261986736168028,-3.979789581787431
pastoral,1,ET0511,9,0.35726939932829516,0.4724805678650086,0.14312324698192957,0.18819376623954748,0.37012422994585853,0.474169841411862,0.6672122159710222,0.8409180299456431,-1.71429961963368
pastoral,2,ET0201,9,0.20949724756482668,0.26897296504100104,0.5893528997201394,0.260410606180529,0.3145421759147645,0.43842305091565315,0.4777336811431254,0.595122494361105,-1.010315547712072
pastoral,2,ET0202,9,0.35696666663284843,0.4583346624263339,0.030811064124886767,0.3005374752851057,0.420161103679156,0.1855306747905875,0.7400512415579339,0.8704380455968146,-2.4955761884054786
pastoral,2,ET0203,9,0.4278002578489149,0.534449077355512,0.19145002783171083,0.40915369112594346,0.5563606674321124,0.12379234703328978,0.50417184246259,0.673110546573692,-0.2825284088591704
pastoral,2,ET0204,9,0.44554175343055097,0.6229142640917814,0.17919253541897973,0.4257905846846547,0.5847980192200324,0.27656997190757204,0.9777081881932881,1.156470226428918,-1.829134912445849
pastoral,2,ET0205,9,0.3803955176991231,0.4910385888829784,-0.3816397289979112,0.45742271470233375,0.6605253675138774,-1.5000147415230418,0.35610686877347747,0.5022909935611047,-0.44568724322276787
pastoral,2,ET0411,9,0.35656927994872967,0.4189658961020252,-0.3972597786719281,0.36319371302929254,0.4203831071956298,-0.4067286220808657,0.2994621595432143,0.39244054270500484,-0.2259352914814341
pastoral,2,ET0412,9,0.3271925980258084,0.38529487548699104,0.7003392881264816,0.3059003014955986,0.3743839046671166,0.7170708595284798,0.7648078746051374,0.9974386860642294,-1.0082406711672025
pastoral,2,ET0414,9,0.3724162865463817,0.4198492878397854,0.03337559518371369,0.3647992575730059,0.42684634651814163,0.0008882853346132702,0.5361315660668383,0.64870922087999,-1.3076559300687056
pastoral,2,ET0415,9,0.3238730668085324,0.41511265507618095,-0.05384086182436265,0.35939213127978015,0.481349711035175,-0.4169826022007934,0.5372170210737802,0.6574734046842197,-1.643622667573747
pastoral,2,ET0421,9,0.2691809372786169,0.3612777961664337,0.44347040547073024,0.28941486437572117,0.3757325539389116,0.3980459084747989,0.7270266271711008,0.837174234058473,-1.9883910609450393
pastoral,2,ET0501,9,0.23902119113430023,0.35934534145104935,-0.2360331578257524,0.3375770383046086,0.43803419328192034,-0.8366318424109653,0.3832104215183645,0.4256105704541339,-0.7339273393663053
pastoral,2,ET0503,9,0.3479873633596794,0.4152645688082776,0.05857570080095831,0.42641509882171424,0.6152281853307086,-1.0663700335095125,0.42209887884724245,0.44625350597865143,-0.08717368154564675
pastoral,2,ET0504,9,0.24852049338790272,0.2688273124207799,-3.091137713564371,0.13920422560442608,0.21168292999330787,-1.5366993318533253,0.4144783508827026,0.4422831689169043,-10.073837427858253
pastoral,2,ET0505,9,0.44647758161231127,0.5091550124430311,-0.18473281213223935,0.5118612828871035,0.634921029446034,-0.8422976284432697,0.44337422347179495,0.49484663933818207,-0.11908125168035033
pastoral,2,ET0506,9,0.2618556257739464,0.32412439377084534,-0.08227269311386842,0.1894150603912507,0.2883152309312585,0.14365564909029427,0.586255253608991,0.6622438713127438,-3.518030533051501
pastoral,2,ET0507,9,0.604548553061497,0.6863211218530135,-0.6330265870088827,0.6365519688914341,0.7760778349604897,-1.0880893872787643,0.4925118974840953,0.5719793826542149,-0.13422515623350884
pastoral,2,ET0508,9,0.3870991032112919,0.511933313154827,0.4748764098522902,0.32499518580297126,0.5403083288478997,0.41505090930774213,0.8411827859273726,0.9913363281167008,-0.9691408811890698
pastoral,2,ET0509,9,0.4185983661180055,0.4913291005004412,0.3764889936166962,0.30653516273004733,0.49131818811632866,0.3765166895786697,0.7807403938834607,0.9760038446475016,-1.4603801035459427
pastoral,2,ET0510,9,0.27887764311881535,0.33930317070125915,-1.070557665888845,0.16900865697278888,0.3486069688386219,-1.1856651294250118,0.5144939151041462,0.5261986736168028,-3.979789581787431
pastoral,2,ET0511,9,0.33759434401650934,0.4364286734165763,0.2688996201455429,0.18819376623954748,0.37012422994585853,0.474169841411862,0.6672122159710222,0.8409180299456431,-1.71429961963368
pastoral,3,ET0201,9,0.22764965153673117,0.31014390570459005,0.4540184048769159,0.260410606180529,0.3145421759147645,0.43842305091565315,0.4777336811431254,0.595122494361105,-1.010315547712072
pastoral,3,ET0202,9,0.4545775488058303,0.5095889150454301,-0.1980721882023424,0.3005374752851057,0.420161103679156,0.1855306747905875,0.7400512415579339,0.8704380455968146,-2.4955761884054786
pastoral,3,ET0203,9,0.5270695223542048,0.578040493413874,0.054175130146634,0.40915369112594346,0.5563606674321124,0.12379234703328978,0.50417184246259,0.673110546573692,-0.2825284088591704
pastoral,3,ET0204,9,0.5949774657499268,0.6936649295579802,-0.0178510322280534,0.4257905846846547,0.5847980192200324,0.27656997190757204,0.9777081881932881,1.156470226428918,-1.829134912445849
pastoral,3,ET0205,9,0.34073042152699273,0.5084677653201648,-0.4814616659121085,0.45742271470233375,0.6605253675138774,-1.5000147415230418,0.35610686877347747,0.5022909935611047,-0.44568724322276787
pastoral,3,ET0411,9,0.3311868803617696,0.35353663784828,0.005078841108695165,0.36319371302929254,0.4203831071956298,-0.4067286220808657,0.2994621595432143,0.39244054270500484,-0.2259352914814341
pastoral,3,ET0412,9,0.4914824243460857,0.5630898734903335,0.35997229246298057,0.3059003014955986,0.3743839046671166,0.7170708595284798,0.7648078746051374,0.9974386860642294,-1.0082406711672025
pastoral,3,ET0414,9,0.3594970174581399,0.3884526982538827,0.1725396377108236,0.3647992575730059,0.42684634651814163,0.0008882853346132702,0.5361315660668383,0.64870922087999,-1.3076559300687056
pastoral,3,ET0415,9,0.4031554133131128,0.5238007201084162,-0.6779355267290261,0.35939213127978015,0.481349711035175,-0.4169826022007934,0.5372170210737802,0.6574734046842197,-1.643622667573747
pastoral,3,ET0421,9,0.4440897174614805,0.500968219415962,-0.07010421172778325,0.28941486437572117,0.3757325539389116,0.3980459084747989,0.7270266271711008,0.837174234058473,-1.9883910609450393
pastoral,3,ET0501,9,0.30495942199474185,0.4333162432232686,-0.7972811593203568,0.3375770383046086,0.43803419328192034,-0.8366318424109653,0.3832104215183645,0.4256105704541339,-0.7339273393663053
pastoral,3,ET0503,9,0.5190661351397963,0.666055560510684,-1.4219019937713315,0.42641509882171424,0.6152281853307086,-1.0663700335095125,0.42209887884724245,0.44625350597865143,-0.08717368154564675
pastoral,3,ET0504,9,0.31345258917343366,0.37696337292957,-7.044436495673313,0.13920422560442608,0.21168292999330787,-1.5366993318533253,0.4144783508827026,0.4422831689169043,-10.073837427858253
pastoral,3,ET0505,9,0.4980370767869937,0.5891969651512637,-0.5865047326866117,0.5118612828871035,0.634921029446034,-0.8422976284432697,0.44337422347179495,0.49484663933818207,-0.11908125168035033
pastoral,3,ET0506,9,0.340068497713859,0.4030934376725147,-0.6738815472426796,0.1894150603912507,0.2883152309312585,0.14365564909029427,0.586255253608991,0.6622438713127438,-3.518030533051501
pastoral,3,ET0507,9,0.6446284437898253,0.7435368108287029,-0.9166529181274832,0.6365519688914341,0.7760778349604897,-1.0880893872787643,0.4925118974840953,0.5719793826542149,-0.13422515623350884
pastoral,3,ET0508,9,0.47570050714835943,0.6114035382809426,0.250984782571266,0.32499518580297126,0.5403083288478997,0.41505090930774213,0.8411827859273726,0.9913363281167008,-0.9691408811890698
pastoral,3,ET0509,9,0.4945441900887737,0.6039521514013868,0.05788435732562125,0.30653516273004733,0.49131818811632866,0.3765166895786697,0.7807403938834607,0.9760038446475016,-1.4603801035459427
pastoral,3,ET0510,9,0.30316192471809633,0.3506932013585186,-1.2119035590575349,0.16900865697278888,0.3486069688386219,-1.1856651294250118,0.5144939151041462,0.5261986736168028,-3.979789581787431
pastoral,3,ET0511,9,0.42318502362893395,0.5232194265915657,-0.05079543759991956,0.18819376623954748,0.37012422994585853,0.474169841411862,0.6672122159710222,0.8409180299456431,-1.71429961963368
pastoral,4,ET0201,9,0.3704365764146236,0.4508339329859491,-0.15367821782419955,0.2779246997284173,0.3972083568908893,0.10445326748550543,0.4777336811431254,0.595122494361105,-1.010315547712072
pastoral,4,ET0202,9,0.5990020055170356,0.6881913081139815,-1.1850501460688765,0.4406134783966463,0.5099076910774665,-0.19957157777684342,0.7400512415579339,0.8704380455968146,-2.4955761884054786
pastoral,4,ET0203,9,0.5237199104776976,0.5748253655944753,0.06466744282974479,0.47380227453617363,0.6085124790979081,-0.048173513215311825,0.50417184246259,0.673110546573692,-0.2825284088591704
pastoral,4,ET0204,9,0.6479279773376603,0.7963129247182517,-0.3413813844562614,0.5124755060130403,0.6361882629739599,0.14383779785183037,0.9777081881932881,1.156470226428918,-1.829134912445849
pastoral,4,ET0205,9,0.3244637639468587,0.41978817344963343,-0.009773490829600329,0.3658127052782008,0.5865244266454361,-0.9712230737562266,0.35610686877347747,0.5022909935611047,-0.44568724322276787
pastoral,4,ET0411,9,0.24593338946069063,0.2926071221684946,0.318462749616914,0.38132785960599563,0.4564718433717297,-0.6586234462151235,0.2994621595432143,0.39244054270500484,-0.2259352914814341
pastoral,4,ET0412,9,0.6742128306778628,0.7601602685655311,-0.166416553052382,0.48361043292473016,0.5773952278327196,0.327039270998982,0.7648078746051374,0.9974386860642294,-1.0082406711672025
pastoral,4,ET0414,9,0.2724064203602572,0.3378601858376816,0.3740423560023307,0.3732282030956188,0.44556404762433366,-0.08865731517427933,0.5361315660668383,0.64870922087999,-1.3076559300687056
pastoral,4,ET0415,9,0.3834503589466277,0.46759402038983816,-0.3371526353931267,0.41741365870104896,0.49801822378719834,-0.5168182912171853,0.5372170210737802,0.6574734046842197,-1.643622667573747
pastoral,4,ET0421,9,0.4485444287955025,0.5124996727853061,-0.11993523015056473,0.3251965395955469,0.405802649048573,0.2978409832383999,0.7270266271711008,0.837174234058473,-1.9883910609450393
pastoral,4,ET0501,9,0.3331903191601289,0.4527959037871908,-0.9625063105955385,0.36484975671056774,0.4791118024501739,-1.1972517651400771,0.3832104215183645,0.4256105704541339,-0.7339273393663053
pastoral,4,ET0503,9,0.5463528507632476,0.5994453905273318,-0.9617104162611267,0.6148863237631859,0.7463971837876419,-2.041414641388145,0.42209887884724245,0.44625350597865143,-0.08717368154564675
pastoral,4,ET0504,9,0.2832641346645372,0.34115591308889026,-5.588751444366849,0.09632814627676077,0.18174947722760537,-0.8700088373723416,0.4144783508827026,0.4422831689169043,-10.073837427858253
pastoral,4,ET0505,9,0.508624116232753,0.5687335902887076,-0.47821677977359633,0.6125199386289333,0.7515412391234353,-1.5812258311384557,0.44337422347179495,0.49484663933818207,-0.11908125168035033
pastoral,4,ET0506,9,0.43218358288942027,0.47586888744386624,-1.3328557667851069,0.24761701304326517,0.35148771303759324,-0.2727220309423404,0.586255253608991,0.6622438713127438,-3.518030533051501
pastoral,4,ET0507,9,0.5591952846972539,0.6472694298887423,-0.45247517426828976,0.5490594420470676,0.7266113802960176,-0.8303869770134971,0.4925118974840953,0.5719793826542149,-0.13422515623350884
pastoral,4,ET0508,9,0.7210906790431333,0.7886318901267574,-0.24618757050769702,0.6278095738306799,0.7623763653650758,-0.16459144111561308,0.8411827859273726,0.9913363281167008,-0.9691408811890698
pastoral,4,ET0509,9,0.6966678115434544,0.7918871138407148,-0.6196668787700232,0.4853518975779749,0.6412013908390933,-0.06191085663919904,0.7807403938834607,0.9760038446475016,-1.4603801035459427
pastoral,4,ET0510,9,0.41719199709932336,0.4577914543523825,-2.7691798176715117,0.17598730578831834,0.3558392760422432,-1.277294819545327,0.5144939151041462,0.5261986736168028,-3.979789581787431
pastoral,4,ET0511,9,0.5345642219450046,0.6440468488989629,-0.5921551167153352,0.3014705652904599,0.4986647619924337,0.04551783574151169,0.6672122159710222,0.8409180299456431,-1.71429961963368
pastoral,8,ET0201,9,0.4093154808992794,0.47696730896212636,-0.29130468621852845,0.3622327445397151,0.45054683777012905,-0.1522093397644,0.47701436792758717,0.5939799116049004,-1.0026037003916604
pastoral,8,ET0202,9,0.6302384902617811,0.819215025725818,-2.096270255560409,0.5469642033320904,0.6032056696508622,-0.6787030202534561,0.7465180369880807,0.8756335527146905,-2.5374298091145993
pastoral,8,ET0203,9,0.5440561608471894,0.6675640887733653,-0.2614793196305385,0.5462716477924485,0.7825407103887893,-0.7334370854266299,0.49921887989315,0.6717841548338689,-0.2774788400527646
pastoral,8,ET0204,9,0.8142747519014618,1.0235857342135264,-1.216323720155689,0.75890953427653,0.904076305670788,-0.7289997086782352,0.9786025734537434,1.158562208070993,-1.8393796230477015
pastoral,8,ET0205,9,0.30863028753535393,0.43143695392127757,-0.06659182054990387,0.13611818317637223,0.31806091717123036,0.42032552054417227,0.3613572002309657,0.5033933501376476,-0.45203978241819454
pastoral,8,ET0411,9,0.275484238149214,0.3315863874076002,0.12478813115418574,0.2743947243638656,0.3925900801206556,-0.2268697419393384,0.3016769241787741,0.3963168008677029,-0.25027278907889294
pastoral,8,ET0412,9,0.802134422330044,1.018807938657865,-1.095212044365284,0.6239348893708477,0.7196248331333236,-0.0453353201772666,0.7819428239433256,1.0415824943205796,-1.1899322818850337
pastoral,8,ET0414,9,0.3494240312630766,0.39136742197089475,0.16007548546453287,0.35523257746635095,0.4278556900456171,-0.0038424064669768665,0.5458841450152028,0.6697110051375676,-1.4594941011156526
pastoral,8,ET0415,9,0.4414101190466873,0.5583618662687592,-0.9066658473631166,0.42065607621167894,0.5159348038021183,-0.6279187972130711,0.5481241788742804,0.6644400726899548,-1.6999437810623648
pastoral,8,ET0421,9,0.5953444340724238,0.7477499224681764,-1.3840671028347038,0.43347507914993677,0.5305064559317776,-0.20001608794876513,0.7729817747062034,0.8838937450790296,-2.331239388215141
pastoral,8,ET0501,9,0.3774859785668772,0.4216833531630826,-0.7020761901752584,0.32192909890767935,0.3898591470368144,-0.45486112635812925,0.40147423571341706,0.43949714502144926,-0.848920337995756
pastoral,8,ET0503,9,0.6272229911730675,0.6706461924701284,-1.4554018267325066,0.44371472855459465,0.6324163031375174,-1.1834425145468899,0.458587884168005,0.48240647738655335,-0.2704626713713778
pastoral,8,ET0504,9,0.4140419048302537,0.4537508200967138,-10.655533694388904,0.1396851957509043,0.21215534906979794,-1.5480344205313008,0.4592391308741045,0.5033331230005407,-13.341954501786937
pastoral,8,ET0505,9,0.6366293993602655,0.699669444001186,-1.2372070805754474,0.5202195903297839,0.6955528034315542,-1.210958446294137,0.483575087612502,0.52433689036873,-0.2564383904769727
pastoral,8,ET0506,9,0.6276734291814482,0.7314074945788864,-4.511021155614434,0.3119007810977861,0.38586065746552584,-0.5338195388460198,0.6348379996692363,0.7099514115948384,-4.19242843978654
pastoral,8,ET0507,9,0.6188294007363166,0.713440919083223,-0.7646336435898802,0.5405809056180281,0.8435107145090084,-1.4667193068310738,0.5365376911612473,0.6044595903217513,-0.2666979595457648
pastoral,8,ET0508,9,0.9043741762924602,1.024213178859736,-1.1019165279932586,0.6397036654043712,0.7729061321705843,-0.19698374200902746,0.8757011552878524,1.0237166962609798,-1.0998792332775231
pastoral,8,ET0509,9,0.8481788658553491,0.989834224130582,-1.5306033635576357,0.5016771179126285,0.6620810595932151,-0.13219563849170402,0.8244181468951949,1.0203010059202797,-1.6887831579572135
pastoral,8,ET0510,9,0.5968513369244308,0.6186177600292363,-5.882659148421471,0.1572144145368892,0.3204483746036866,-0.8468330606249315,0.5688334214003404,0.5853846847548537,-5.163028925896619
pastoral,8,ET0511,9,0.7620025817036231,0.9294596090345116,-2.3159769324967727,0.4117778710676442,0.5992367266576762,-0.37831125796917364,0.7318057569303827,0.9133905063403598,-2.2023105344740017
pastoral,12,ET0201,9,0.3046850646780118,0.3642777863907229,0.24678861272164843,0.37887605874986263,0.5166328277597285,-0.5150099901217995,0.47701436792758717,0.5939799116049004,-1.0026037003916604
pastoral,12,ET0202,9,0.4938059124923922,0.6209123384075318,-0.7787037551958305,0.47472115466742715,0.5868010393940077,-0.5886374302900736,0.7465180369880807,0.8756335527146905,-2.5374298091145993
pastoral,12,ET0203,9,0.5657585722087615,0.6411447207737616,-0.16360705141800658,0.6697572030920644,0.8586445858409512,-1.086993396183416,0.49921887989315,0.6717841548338689,-0.2774788400527646
pastoral,12,ET0204,9,0.7167530369765104,0.8983574014627914,-0.7071946696562812,0.7218679106978154,0.9098268719763632,-0.7510649896785571,0.9786025734537434,1.158562208070993,-1.8393796230477015
pastoral,12,ET0205,9,0.49243238067498063,0.5196458249268426,-0.5473139871220156,0.34264731252946595,0.5666014059629293,-0.8395807760280487,0.3613572002309657,0.5033933501376476,-0.45203978241819454
pastoral,12,ET0411,9,0.3417156158276055,0.4084351783897551,-0.3279022094652937,0.4000460178400348,0.4583648749213294,-0.6724089058696585,0.3016769241787741,0.3963168008677029,-0.25027278907889294
pastoral,12,ET0412,9,0.7322901122431698,0.9042645213520591,-0.6505714341369624,0.7299428303286626,0.8857276135697928,-0.5835934991821967,0.7819428239433256,1.0415824943205796,-1.1899322818850337
pastoral,12,ET0414,9,0.43094951576277407,0.5330049906099562,-0.5578780736568978,0.5094221681318495,0.5857662828492413,-0.8815668526553921,0.5458841450152028,0.6697110051375676,-1.4594941011156526
pastoral,12,ET0415,9,0.4927772223932345,0.5876411764104036,-1.1118716786138156,0.6107428092906342,0.6556947284896695,-1.6293383231017362,0.5481241788742804,0.6644400726899548,-1.6999437810623648
pastoral,12,ET0421,9,0.5582516919840681,0.6665318121845942,-0.8942944469604182,0.537586284803282,0.6329953805141252,-0.7084678197703838,0.7729817747062034,0.8838937450790296,-2.331239388215141
pastoral,12,ET0501,9,0.36465601471152226,0.41622369017520583,-0.658286914670881,0.4566081900002364,0.5530200649818451,-1.927439045285582,0.40147423571341706,0.43949714502144926,-0.848920337995756
pastoral,12,ET0503,9,0.4035826799489543,0.4613415456683475,-0.16193218265267872,0.42324560618629525,0.6111585633936919,-1.039123129420438,0.458587884168005,0.48240647738655335,-0.2704626713713778
pastoral,12,ET0504,9,0.2007530419094038,0.2228208320446214,-1.8106638081830932,0.11964446967762339,0.18962524633544012,-1.0355868384497526,0.4592391308741045,0.5033331230005407,-13.341954501786937
pastoral,12,ET0505,9,0.3746126811636054,0.44614515564628193,0.0903533322833463,0.3571534138926697,0.4897312736426843,-0.09606433501603173,0.483575087612502,0.52433689036873,-0.2564383904769727
pastoral,12,ET0506,9,0.4323333484764135,0.5260152190829056,-1.8504267515297763,0.40402709825505795,0.4843349208680391,-1.4166003390603672,0.6348379996692363,0.7099514115948384,-4.19242843978654
pastoral,12,ET0507,9,0.4257856554207764,0.5215224084481809,0.057059100623324754,0.3267545208747564,0.552789667324957,-0.059396074514898034,0.5365376911612473,0.6044595903217513,-0.2666979595457648
pastoral,12,ET0508,9,0.6445086539078166,0.806374456826577,-0.3028915590144967,0.564198311300943,0.7267057780020441,-0.058161539159147235,0.8757011552878524,1.0237166962609798,-1.0998792332775231
pastoral,12,ET0509,9,0.6530764902563212,0.7657240238582009,-0.5144107899158425,0.528745966172425,0.6800096002236458,-0.19434346478214004,0.8244181468951949,1.0203010059202797,-1.6887831579572135
pastoral,12,ET0510,9,0.25986102299068037,0.31796291302750623,-0.8182953516405156,0.16816329632949628,0.32166559911031695,-0.860890114292042,0.5688334214003404,0.5853846847548537,-5.163028925896619
pastoral,12,ET0511,9,0.575951849669104,0.7417270178467817,-1.1117312895127438,0.41091138563815194,0.5996924739169678,-0.38040859420805506,0.7318057569303827,0.9133905063403598,-2.2023105344740017
