lhz,lead,county,n,mae,rmse,r2,mae_baseline,rmse_baseline,r2_baseline,mae_baseline2,rmse_baseline2,r2_baseline2
ap,0,Adan Yabaal,9,0.557135824128005,0.6514066621335954,0.3709398374643508,0.7252201624143968,0.9042161153888061,-0.212082767935446,0.6816725319183979,0.9051037603137317,-0.21446367486689843
ap,0,Afgooye,9,0.335416867725156,0.5150855547224079,-0.6128331449298758,0.48948114317989994,0.75317986939076,-2.44848313749665,0.676693462242642,0.7907566846641392,-2.8011625578622077
ap,0,Alle,9,0.5936979055404663,0.7270815757464918,-1.1410228520495065,0.5623112917863323,0.7456314876021091,-1.2516635769801234,0.5899157555576439,0.7646506455992288,-1.3679969697520358
ap,0,Balcad,9,0.3614843228336327,0.4819516697533763,0.29659026353400497,0.5737228299228728,0.7617652690767848,-0.7572911958496258,0.6696462976774336,0.9085542478844356,-1.4997876804318429
ap,0,Baraawe,9,0.5326482378197446,0.6663214453584699,0.1570693241124056,0.7743559343755047,0.9899473951369826,-0.8605806976393919,0.7142683567280446,0.835225260501807,-0.32443764979309986
ap,0,Baringo,9,0.19246704523284835,0.26528404442843956,0.6642078265165201,0.21036677830714318,0.27398244791637766,0.6418262180232294,0.37371547912231023,0.5050048297383154,-0.2168565180870854
ap,0,Baydhaba,9,0.44484939680364516,0.507611347192507,0.5346447105791918,0.7139953888707703,0.8527290784266965,-0.3132401643462328,0.6020523736583611,0.7608959951010774,-0.04561693260913846
ap,0,Buur Hakaba,9,0.4326994531138821,0.48383584469035334,0.5213464048860764,0.6817498186678439,0.804794948808828,-0.3243285134351275,0.5785465078653191,0.7142625710675252,-0.04313623441771064
ap,0,Cadale,9,0.5025972347477167,0.6271768687473726,0.4091348201175736,0.7326924446574997,0.9085185855248813,-0.23986946515178853,0.7012191839173482,0.9249042374584517,-0.2849962810209501
ap,0,Ceel Dheer,9,0.47033125824398464,0.5649081945875765,0.38754177579872007,0.5707378760714035,0.7668081391674613,-0.12848073511438263,0.5774099913864196,0.7499094854723433,-0.07929065148913117
ap,0,Diinsoor,9,0.47568827456469226,0.592966923953186,0.39034107497097026,0.7005256836901262,0.8352367081128139,-0.20960937569744775,0.6288546205875486,0.7824365345040175,-0.061510367243679864
ap,0,Doolow,9,0.41819364873795783,0.497349056296523,0.23781631451959784,0.4955708768512359,0.5623339821666217,0.02562594804631524,0.6564896216907277,0.8741858601022459,-1.3547489238389332
ap,0,East Hararge,9,0.3385189970161363,0.41470296052158256,0.27010205766154227,0.47659702797487047,0.6261062746760984,-0.6637343381691363,0.3749294914475656,0.4516473910729575,0.13426120445615475
ap,0,Fafan,9,0.2162513363715381,0.2553994250640611,0.1527980723219946,0.1507852564263329,0.3079194959173742,-0.2314633153401735,0.2780836365249264,0.3567040357370536,-0.6525825043547784
ap,0,Jilib,9,0.33208753025776,0.4387327703055673,0.5466763562656223,0.5111475287185452,0.5959927839226796,0.1634532331978108,0.5419067057526996,0.7759918851821501,-0.4181513459750723
ap,0,Jowhar,9,0.38857187268908705,0.5088712191580914,-0.15694308773929633,0.5075884243672688,0.7298786027315007,-1.3801124843130572,0.7391639042261655,0.944132704627349,-2.982559766274531
ap,0,Laikipia,9,0.30278487880998056,0.3372665121248448,-0.5397643588835901,0.25406867793808235,0.3755363284060898,-0.9090255099021831,0.36439456204646603,0.39869326457117543,-1.1517193120756408
ap,0,Luuq,9,0.32860034009664774,0.4438025132991348,0.3245828085918878,0.41303799349649845,0.4646023007850986,0.2597893861011128,0.6448572965019103,0.8178302315095249,-1.293606531576239
ap,0,Nuwer,9,0.3109691341919211,0.3636334550905889,-2.097643413473965,0.11459992364270155,0.23557977140712769,-0.3001089544047246,0.17012014974039288,0.2877115025328937,-0.9391803759292552
ap,0,Qansax Dheere,9,0.4145206799173267,0.5513610200085579,0.5389452809607547,0.668889660642933,0.8165782832200269,-0.011290679461508413,0.7005538191089562,0.8632778191088081,-0.13026822323741194
ap,0,Rab Dhuure,9,0.49562983373369235,0.5441402069880007,0.6451201603017438,0.6235857306852757,0.7655538490785497,0.29755684942259786,0.9328016105365778,1.057202134292308,-0.33960190284793934
ap,0,South Omo,9,0.350754743079147,0.3784151200894444,-1.0649621615618892,0.3019486184195832,0.34211187907289564,-0.6877629343899434,0.538756362056508,0.618996741075506,-4.525249084636835
ap,0,Tayeeglow,9,0.3309241613160889,0.4021336941695872,0.725661308339177,0.6040406497187134,0.7448603361575725,0.05876984301405286,0.6338558472101488,0.7663123931257648,0.0037740858803437805
ap,0,Waajid,10,0.4235151529015787,0.48911880901230814,0.5518709937158505,0.6534731666345831,0.7846439701410395,-0.15323977069590078,0.569088370537099,0.7215375401462019,0.024803372233666354
ap,0,Xudur,10,0.5504447306725473,0.5795076871069244,0.47888180459766394,0.6774366821381539,0.7813062082135573,0.05275922320155235,0.7160617218358247,0.8490786595796405,-0.11870012376198513
ap,1,Adan Yabaal,9,0.43740353693301126,0.49023039646456884,0.6437226093837621,0.7252201624143968,0.9042161153888061,-0.212082767935446,0.6816725319183979,0.9051037603137317,-0.21446367486689843
ap,1,Afgooye,9,0.3264174570063579,0.44935991788992324,-0.2274939546779735,0.48948114317989994,0.75317986939076,-2.44848313749665,0.676693462242642,0.7907566846641392,-2.8011625578622077
ap,1,Alle,9,0.59054786629147,0.7232681971965486,-1.1186233845575795,0.5623112917863323,0.7456314876021091,-1.2516635769801234,0.5899157555576439,0.7646506455992288,-1.3679969697520358
ap,1,Balcad,9,0.29633129258764696,0.41764936891514126,0.47176757554927895,0.5737228299228728,0.7617652690767848,-0.7572911958496258,0.6696462976774336,0.9085542478844356,-1.4997876804318429
ap,1,Baraawe,9,0.6544700916693675,0.7504558781884092,-0.06923853966529281,0.7743559343755047,0.9899473951369826,-0.8605806976393919,0.7142683567280446,0.835225260501807,-0.32443764979309986
ap,1,Baringo,9,0.22974480172393108,0.30898002666740154,0.5444782459182456,0.21036677830714318,0.27398244791637766,0.6418262180232294,0.37371547912231023,0.5050048297383154,-0.2168565180870854
ap,1,Baydhaba,9,0.49031653509405043,0.5679200395229682,0.4174993720958391,0.7139953888707703,0.8527290784266965,-0.3132401643462328,0.6020523736583611,0.7608959951010774,-0.04561693260913846
ap,1,Buur Hakaba,9,0.5292995220539388,0.5917249272335615,0.2840792076906292,0.6817498186678439,0.804794948808828,-0.3243285134351275,0.5785465078653191,0.7142625710675252,-0.04313623441771064
ap,1,Cadale,9,0.48367336932345456,0.5750044747920575,0.503349609442963,0.7326924446574997,0.9085185855248813,-0.23986946515178853,0.7012191839173482,0.9249042374584517,-0.2849962810209501
ap,1,Ceel Dheer,9,0.44971798525916207,0.5425267989235664,0.4351110065946038,0.5707378760714035,0.7668081391674613,-0.12848073511438263,0.5774099913864196,0.7499094854723433,-0.07929065148913117
ap,1,Diinsoor,9,0.5075550501833513,0.613015314649702,0.34841864701032343,0.7005256836901262,0.8352367081128139,-0.20960937569744775,0.6288546205875486,0.7824365345040175,-0.061510367243679864
ap,1,Doolow,9,0.6172890179224011,0.6689867716065024,-0.37902491425550155,0.4955708768512359,0.5623339821666217,0.02562594804631524,0.6564896216907277,0.8741858601022459,-1.3547489238389332
ap,1,East Hararge,9,0.3801275851372029,0.4633251547176486,0.08891346822816204,0.47659702797487047,0.6261062746760984,-0.6637343381691363,0.3749294914475656,0.4516473910729575,0.13426120445615475
ap,1,Fafan,9,0.10675325812092695,0.12498182451401987,0.7971192576364947,0.1507852564263329,0.3079194959173742,-0.2314633153401735,0.2780836365249264,0.3567040357370536,-0.6525825043547784
ap,1,Jilib,9,0.318172690220034,0.41155199164312506,0.6011058772446505,0.5111475287185452,0.5959927839226796,0.1634532331978108,0.5419067057526996,0.7759918851821501,-0.4181513459750723
ap,1,Jowhar,9,0.3207458275908651,0.45792749051909765,0.0631077411879517,0.5075884243672688,0.7298786027315007,-1.3801124843130572,0.7391639042261655,0.944132704627349,-2.982559766274531
ap,1,Laikipia,9,0.2965816644824863,0.3231588645725899,-0.4136437165690068,0.25406867793808235,0.3755363284060898,-0.9090255099021831,0.36439456204646603,0.39869326457117543,-1.1517193120756408
ap,1,Luuq,9,0.3871412780506484,0.5324029032510419,0.0279839726651816,0.41303799349649845,0.4646023007850986,0.2597893861011128,0.6448572965019103,0.8178302315095249,-1.293606531576239
ap,1,Nuwer,9,0.22265072044350362,0.2494296389892147,-0.4574708373722778,0.11459992364270155,0.23557977140712769,-0.3001089544047246,0.17012014974039288,0.2877115025328937,-0.9391803759292552
ap,1,Qansax Dheere,9,0.4176155120197844,0.5369184599279312,0.5627830153512404,0.668889660642933,0.8165782832200269,-0.011290679461508413,0.7005538191089562,0.8632778191088081,-0.13026822323741194
ap,1,Rab Dhuure,9,0.45509268833099586,0.5109955724413612,0.6870362999209509,0.6235857306852757,0.7655538490785497,0.29755684942259786,0.9328016105365778,1.057202134292308,-0.33960190284793934
ap,1,South Omo,9,0.3416640810765835,0.3747438033266201,-1.0250887294304323,0.3019486184195832,0.34211187907289564,-0.6877629343899434,0.538756362056508,0.618996741075506,-4.525249084636835
ap,1,Tayeeglow,9,0.3859596746916459,0.4513903303452103,0.6543387955120596,0.6040406497187134,0.7448603361575725,0.05876984301405286,0.6338558472101488,0.7663123931257648,0.0037740858803437805
ap,1,Waajid,10,0.4688357710541971,0.5152726847317057,0.502665520875232,0.6534731666345831,0.7846439701410395,-0.15323977069590078,0.569088370537099,0.7215375401462019,0.024803372233666354
ap,1,Xudur,10,0.5665884460541696,0.6216545720083232,0.4003247857374572,0.6774366821381539,0.7813062082135573,0.05275922320155235,0.7160617218358247,0.8490786595796405,-0.11870012376198513
ap,2,Adan Yabaal,9,0.4753064308969578,0.5262702702547376,0.58941274475909,0.7252201624143968,0.9042161153888061,-0.212082767935446,0.6816725319183979,0.9051037603137317,-0.21446367486689843
ap,2,Afgooye,9,0.38117253862340905,0.5391391346462622,-0.7669831715102369,0.48948114317989994,0.75317986939076,-2.44848313749665,0.676693462242642,0.7907566846641392,-2.8011625578622077
ap,2,Alle,9,0.6611256202061971,0.8097133010921078,-1.6553243013601882,0.5623112917863323,0.7456314876021091,-1.2516635769801234,0.5899157555576439,0.7646506455992288,-1.3679969697520358
ap,2,Balcad,9,0.2803442695365453,0.39079645554414033,0.5375096993744597,0.5737228299228728,0.7617652690767848,-0.7572911958496258,0.6696462976774336,0.9085542478844356,-1.4997876804318429
ap,2,Baraawe,9,0.6585021339607968,0.7884178716843369,-0.18014996299120023,0.7743559343755047,0.9899473951369826,-0.8605806976393919,0.7142683567280446,0.835225260501807,-0.32443764979309986
ap,2,Baringo,9,0.2494513773742288,0.3069588296323291,0.5504183569697311,0.21036677830714318,0.27398244791637766,0.6418262180232294,0.37371547912231023,0.5050048297383154,-0.2168565180870854
ap,2,Baydhaba,9,0.5310514487081116,0.5861086560590373,0.37959072494671076,0.7139953888707703,0.8527290784266965,-0.3132401643462328,0.6020523736583611,0.7608959951010774,-0.04561693260913846
ap,2,Buur Hakaba,9,0.48404820555952693,0.5176481955428047,0.45210838401071074,0.6817498186678439,0.804794948808828,-0.3243285134351275,0.5785465078653191,0.7142625710675252,-0.04313623441771064
ap,2,Cadale,9,0.48892218083332867,0.6913257287509772,0.2820837682419143,0.7326924446574997,0.9085185855248813,-0.23986946515178853,0.7012191839173482,0.9249042374584517,-0.2849962810209501
ap,2,Ceel Dheer,9,0.5127770370907254,0.5845580830217795,0.34419297924935466,0.5707378760714035,0.7668081391674613,-0.12848073511438263,0.5774099913864196,0.7499094854723433,-0.07929065148913117
ap,2,Diinsoor,9,0.5367885190867869,0.6366774567146245,0.297146286346907,0.7005256836901262,0.8352367081128139,-0.20960937569744775,0.6288546205875486,0.7824365345040175,-0.061510367243679864
ap,2,Doolow,9,0.4560773286091484,0.5266228448159656,0.1454520402116567,0.4955708768512359,0.5623339821666217,0.02562594804631524,0.6564896216907277,0.8741858601022459,-1.3547489238389332
ap,2,East Hararge,9,0.36262502119703727,0.4240209918513403,0.23693315682322413,0.47659702797487047,0.6261062746760984,-0.6637343381691363,0.3749294914475656,0.4516473910729575,0.13426120445615475
ap,2,Fafan,9,0.16278740549339277,0.2553002106132974,0.15345616579775412,0.1507852564263329,0.3079194959173742,-0.2314633153401735,0.2780836365249264,0.3567040357370536,-0.6525825043547784
ap,2,Jilib,9,0.4075331750662249,0.5094026500376909,0.38887419555850467,0.5111475287185452,0.5959927839226796,0.1634532331978108,0.5419067057526996,0.7759918851821501,-0.4181513459750723
ap,2,Jowhar,9,0.33485415350505926,0.46338994365231256,0.04062272359776575,0.5075884243672688,0.7298786027315007,-1.3801124843130572,0.7391639042261655,0.944132704627349,-2.982559766274531
ap,2,Laikipia,9,0.29737502879539995,0.32020599743733386,-0.3879273821891216,0.25406867793808235,0.3755363284060898,-0.9090255099021831,0.36439456204646603,0.39869326457117543,-1.1517193120756408
ap,2,Luuq,9,0.380023813319401,0.48062829621586506,0.20784299491753355,0.41303799349649845,0.4646023007850986,0.2597893861011128,0.6448572965019103,0.8178302315095249,-1.293606531576239
ap,2,Nuwer,9,0.21983654674507833,0.2481211323009631,-0.442219177621636,0.11459992364270155,0.23557977140712769,-0.3001089544047246,0.17012014974039288,0.2877115025328937,-0.9391803759292552
ap,2,Qansax Dheere,9,0.4445797791147144,0.5880943346713455,0.4754651541279704,0.668889660642933,0.8165782832200269,-0.011290679461508413,0.7005538191089562,0.8632778191088081,-0.13026822323741194
ap,2,Rab Dhuure,9,0.3947339653263369,0.44357542264344507,0.764172393412714,0.6235857306852757,0.7655538490785497,0.29755684942259786,0.9328016105365778,1.057202134292308,-0.33960190284793934
ap,2,South Omo,9,0.3521772675313565,0.38714921316384665,-1.161383830398953,0.3019486184195832,0.34211187907289564,-0.6877629343899434,0.538756362056508,0.618996741075506,-4.525249084636835
ap,2,Tayeeglow,9,0.37018693292253424,0.41708719996497184,0.7048791724662298,0.6040406497187134,0.7448603361575725,0.05876984301405286,0.6338558472101488,0.7663123931257648,0.0037740858803437805
ap,2,Waajid,10,0.44289441105740146,0.4802930827471192,0.5678972884037647,0.6534731666345831,0.7846439701410395,-0.15323977069590078,0.569088370537099,0.7215375401462019,0.024803372233666354
ap,2,Xudur,10,0.5123838748070687,0.5440023455769828,0.5407814960651915,0.6774366821381539,0.7813062082135573,0.05275922320155235,0.7160617218358247,0.8490786595796405,-0.11870012376198513
ap,3,Adan Yabaal,9,0.5572146966465712,0.6159096072328258,0.4376305140590758,0.7252201624143968,0.9042161153888061,-0.212082767935446,0.6816725319183979,0.9051037603137317,-0.21446367486689843
ap,3,Afgooye,9,0.3330596264289314,0.4894378616432517,-0.4562160832473279,0.48948114317989994,0.75317986939076,-2.44848313749665,0.676693462242642,0.7907566846641392,-2.8011625578622077
ap,3,Alle,9,0.6031769514083862,0.7432185735881416,-1.237114084911887,0.5623112917863323,0.7456314876021091,-1.2516635769801234,0.5899157555576439,0.7646506455992288,-1.3679969697520358
ap,3,Balcad,9,0.413222296717116,0.48657335003104885,0.2830348697164091,0.5737228299228728,0.7617652690767848,-0.7572911958496258,0.6696462976774336,0.9085542478844356,-1.4997876804318429
ap,3,Baraawe,9,0.6489027132013838,0.7906779099997466,-0.18692557535864296,0.7743559343755047,0.9899473951369826,-0.8605806976393919,0.7142683567280446,0.835225260501807,-0.32443764979309986
ap,3,Baringo,9,0.2017185738175746,0.27130238537134416,0.6487991697256017,0.21036677830714318,0.27398244791637766,0.6418262180232294,0.37371547912231023,0.5050048297383154,-0.2168565180870854
ap,3,Baydhaba,9,0.45943932903342893,0.5031839116651629,0.5427270568502407,0.7139953888707703,0.8527290784266965,-0.3132401643462328,0.6020523736583611,0.7608959951010774,-0.04561693260913846
ap,3,Buur Hakaba,9,0.4744300819975812,0.5370205489236805,0.41033268704294723,0.6817498186678439,0.804794948808828,-0.3243285134351275,0.5785465078653191,0.7142625710675252,-0.04313623441771064
ap,3,Cadale,9,0.5347124690167528,0.6328020851769826,0.3984882220238043,0.7326924446574997,0.9085185855248813,-0.23986946515178853,0.7012191839173482,0.9249042374584517,-0.2849962810209501
ap,3,Ceel Dheer,9,0.5238848527272543,0.6257672306080726,0.2484699422075346,0.5707378760714035,0.7668081391674613,-0.12848073511438263,0.5774099913864196,0.7499094854723433,-0.07929065148913117
ap,3,Diinsoor,9,0.4614185649775951,0.5670146592510427,0.4425388936659457,0.7005256836901262,0.8352367081128139,-0.20960937569744775,0.6288546205875486,0.7824365345040175,-0.061510367243679864
ap,3,Doolow,9,0.47900321668608764,0.6097852924236293,-0.14575284053739113,0.4955708768512359,0.5623339821666217,0.02562594804631524,0.6564896216907277,0.8741858601022459,-1.3547489238389332
ap,3,East Hararge,9,0.46347408747021723,0.5497589007790878,-0.28272159635260574,0.47659702797487047,0.6261062746760984,-0.6637343381691363,0.3749294914475656,0.4516473910729575,0.13426120445615475
ap,3,Fafan,9,0.18101387584800357,0.2033422345462797,0.4629653741057538,0.1507852564263329,0.3079194959173742,-0.2314633153401735,0.2780836365249264,0.3567040357370536,-0.6525825043547784
ap,3,Jilib,9,0.343810275586865,0.43913182490053304,0.5458513294358067,0.5111475287185452,0.5959927839226796,0.1634532331978108,0.5419067057526996,0.7759918851821501,-0.4181513459750723
ap,3,Jowhar,9,0.31399080710557853,0.47727397715439784,-0.017728015085290316,0.5075884243672688,0.7298786027315007,-1.3801124843130572,0.7391639042261655,0.944132704627349,-2.982559766274531
ap,3,Laikipia,9,0.26126597868045043,0.2943804515942571,-0.17307493248715766,0.25406867793808235,0.3755363284060898,-0.9090255099021831,0.36439456204646603,0.39869326457117543,-1.1517193120756408
ap,3,Luuq,9,0.40472687887370196,0.4847441433028787,0.19421767452881689,0.41303799349649845,0.4646023007850986,0.2597893861011128,0.6448572965019103,0.8178302315095249,-1.293606531576239
ap,3,Nuwer,9,0.3236672683883143,0.3538526694464611,-1.9332475047849478,0.11459992364270155,0.23557977140712769,-0.3001089544047246,0.17012014974039288,0.2877115025328937,-0.9391803759292552
ap,3,Qansax Dheere,9,0.4226821849807016,0.5247918791312358,0.582309531476955,0.668889660642933,0.8165782832200269,-0.011290679461508413,0.7005538191089562,0.8632778191088081,-0.13026822323741194
ap,3,Rab Dhuure,9,0.37682684262593585,0.4468024217012303,0.7607286334178935,0.6235857306852757,0.7655538490785497,0.29755684942259786,0.9328016105365778,1.057202134292308,-0.33960190284793934
ap,3,South Omo,9,0.3804410086007263,0.45998331982868707,-2.05112009983518,0.3019486184195832,0.34211187907289564,-0.6877629343899434,0.538756362056508,0.618996741075506,-4.525249084636835
ap,3,Tayeeglow,9,0.3626864433697185,0.43488478459111735,0.6791555269100067,0.6040406497187134,0.7448603361575725,0.05876984301405286,0.6338558472101488,0.7663123931257648,0.0037740858803437805
ap,3,Waajid,10,0.40803449150936677,0.4728926115540786,0.5811105859847578,0.6534731666345831,0.7846439701410395,-0.15323977069590078,0.569088370537099,0.7215375401462019,0.024803372233666354
ap,3,Xudur,10,0.45256031409234704,0.5242277056947438,0.5735601571157616,0.6774366821381539,0.7813062082135573,0.05275922320155235,0.7160617218358247,0.8490786595796405,-0.11870012376198513
ap,4,Adan Yabaal,9,0.35531990936408514,0.3855532053008336,0.7796279929868122,0.6076222148955408,0.8001762577124091,0.05079697569050279,0.6816725319183979,0.9051037603137317,-0.21446367486689843
ap,4,Afgooye,9,0.35770554490157225,0.5167037231738975,-0.6229826634204796,0.5942251096073192,0.8199797153233214,-3.087303778687729,0.676693462242642,0.7907566846641392,-2.8011625578622077
ap,4,Alle,9,0.701821870274014,0.8570346310694394,-1.9747588533519376,0.5623112917863323,0.7546375207775502,-1.306385040449415,0.5899157555576439,0.7646506455992288,-1.3679969697520358
ap,4,Balcad,9,0.273237914898198,0.3551032961373151,0.6181341653524841,0.6170512609812268,0.7800981938915775,-0.8428922418426779,0.6696462976774336,0.9085542478844356,-1.4997876804318429
ap,4,Baraawe,9,0.5925580576756597,0.644156909864491,0.2122151649541164,0.8752015152797965,1.0381405135971706,-1.0461457044403257,0.7142683567280446,0.835225260501807,-0.32443764979309986
ap,4,Baringo,9,0.2770584382467932,0.34528421700833756,0.4311447588945745,0.4006211638112444,0.45470561557027084,0.013473070135114784,0.37371547912231023,0.5050048297383154,-0.2168565180870854
ap,4,Baydhaba,9,0.5337606488095423,0.6198583647988427,0.3060839325791582,0.8251064999818813,0.9756052540594468,-0.7189778163455931,0.6020523736583611,0.7608959951010774,-0.04561693260913846
ap,4,Buur Hakaba,9,0.3622856614400747,0.49857236706776414,0.4917450058234826,0.7735010760568258,0.8986843018520214,-0.651351620410729,0.5785465078653191,0.7142625710675252,-0.04313623441771064
ap,4,Cadale,9,0.4248490685574634,0.5087190717731453,0.6112553980777968,0.5938695313405913,0.7774819360421241,0.09199352120742377,0.7012191839173482,0.9249042374584517,-0.2849962810209501
ap,4,Ceel Dheer,9,0.49894462691413033,0.5636080191917262,0.39035776164663716,0.6818489871825145,0.7568437102715572,-0.0993427929409576,0.5774099913864196,0.7499094854723433,-0.07929065148913117
ap,4,Diinsoor,9,0.4074022662596725,0.5679171814237065,0.4407628499192968,0.8116367948012374,0.967878718143571,-0.6243061160766445,0.6288546205875486,0.7824365345040175,-0.061510367243679864
ap,4,Doolow,9,0.2526354914197369,0.38265486331096643,0.5488182476448547,0.4979050201354808,0.6642032459894056,-0.35937425118658384,0.6564896216907277,0.8741858601022459,-1.3547489238389332
ap,4,East Hararge,9,0.47751075520849323,0.6084845313383284,-0.5714007362427793,0.6837172835654374,0.8164570059336579,-1.8291404482496771,0.3749294914475656,0.4516473910729575,0.13426120445615475
ap,4,Fafan,9,0.23440801700018554,0.27319869452709905,0.03059703388329782,0.2514990979986626,0.40176432566623144,-1.09647576954545,0.2780836365249264,0.3567040357370536,-0.6525825043547784
ap,4,Jilib,9,0.34635365854646016,0.42049090343209655,0.5835897298871859,0.8193855131441753,0.9138383694410691,-0.9667402226597981,0.5419067057526996,0.7759918851821501,-0.4181513459750723
ap,4,Jowhar,9,0.39646659530321754,0.5082723790580056,-0.1542217066491891,0.6159567398241238,0.8046621794539128,-1.8928332247835051,0.7391639042261655,0.944132704627349,-2.982559766274531
ap,4,Laikipia,9,0.2706613951279722,0.3021075692316245,-0.23546666856632603,0.34378317787847174,0.4227088347047741,-1.418747144126277,0.36439456204646603,0.39869326457117543,-1.1517193120756408
ap,4,Luuq,9,0.38951028989970293,0.5058340561610017,0.12257758054041601,0.45754879328954284,0.6416392573226465,-0.41180413892701284,0.6448572965019103,0.8178302315095249,-1.293606531576239
ap,4,Nuwer,9,0.301320599615087,0.38334735785744306,-2.442616976438868,0.22588352134333123,0.3323224887433707,-1.5871595986245373,0.17012014974039288,0.2877115025328937,-0.9391803759292552
ap,4,Qansax Dheere,9,0.38235886130702945,0.5351720639131485,0.5656225981852153,0.7800007717540441,0.9957004325271235,-0.5036187914929688,0.7005538191089562,0.8632778191088081,-0.13026822323741194
ap,4,Rab Dhuure,9,0.4088131851620144,0.516042283964534,0.6808239683711216,0.8745285768950919,1.0151439012688928,-0.2351363779342206,0.9328016105365778,1.057202134292308,-0.33960190284793934
ap,4,South Omo,9,0.4326355244900763,0.5095337938135511,-2.7438731217530403,0.3792547315389821,0.47676844575822797,-2.277858073163903,0.538756362056508,0.618996741075506,-4.525249084636835
ap,4,Tayeeglow,9,0.5229829231908782,0.6357743626056797,0.31427156538183443,0.8841475054621519,0.9618042107257245,-0.5693488166086844,0.6338558472101488,0.7663123931257648,0.0037740858803437805
ap,4,Waajid,10,0.5737218776844752,0.6620866765981408,0.1788849261808102,0.9,0.9717303923300905,-0.7687477489943559,0.569088370537099,0.7215375401462019,0.024803372233666354
ap,4,Xudur,10,0.49103426083593665,0.5843902271814119,0.4700636330893865,0.9,0.9850907513517226,-0.5058104897778668,0.7160617218358247,0.8490786595796405,-0.11870012376198513
ap,8,Adan Yabaal,9,0.4776786245078546,0.669804929850605,0.33490379413001337,0.7188686290555792,0.8916640256300764,-0.17866471249381943,0.6816725319183979,0.9051037603137317,-0.21446367486689843
ap,8,Afgooye,9,0.3326564902979764,0.4639095018035912,-0.30826955387582156,0.7335236311538256,0.8815155083806557,-3.7237903353349218,0.676693462242642,0.7907566846641392,-2.8011625578622077
ap,8,Alle,9,0.7104240126079984,0.830277193464451,-1.7919088828481815,0.6718003218626234,0.9413177820955997,-2.588620625901985,0.5899157555576439,0.7646506455992288,-1.3679969697520358
ap,8,Balcad,9,0.3787194665531117,0.5233494117376551,0.17056018695857345,0.7281623720923379,0.8698237188646415,-1.2912046873990777,0.6696462976774336,0.9085542478844356,-1.4997876804318429
ap,8,Baraawe,9,0.6157193100153407,0.781201595001305,-0.15864534018840093,0.6735103534712129,0.9323094321944122,-0.650229827817493,0.7142683567280446,0.835225260501807,-0.32443764979309986
ap,8,Baringo,9,0.2663710030396587,0.36523543149178883,0.3635062944876075,0.47562970117884085,0.5821439266047664,-0.6169963936840961,0.37371547912231023,0.5050048297383154,-0.2168565180870854
ap,8,Baydhaba,9,0.4705283790243985,0.5839864692360641,0.3840753567733236,0.7777777777777778,0.9821165275286567,-0.7419995974202644,0.6020523736583611,0.7608959951010774,-0.04561693260913846
ap,8,Buur Hakaba,9,0.44661156132328017,0.5613730595924161,0.3556402865590227,0.7390580703335193,0.9070371832747318,-0.6821914754174017,0.5785465078653191,0.7142625710675252,-0.04313623441771064
ap,8,Cadale,9,0.51859891842004,0.7654936467389587,0.11977942967798982,0.7049806424517023,0.880958354415512,-0.16578668130066987,0.7012191839173482,0.9249042374584517,-0.2849962810209501
ap,8,Ceel Dheer,9,0.5007981724209256,0.5726212116246651,0.3707031112781437,0.7929600982936257,0.8593263673315145,-0.4172191008150232,0.5774099913864196,0.7499094854723433,-0.07929065148913117
ap,8,Diinsoor,9,0.48576410360235417,0.6302989665679092,0.3111586829385732,0.7777777777777778,1.006606909304457,-0.7568950224357129,0.6288546205875486,0.7824365345040175,-0.061510367243679864
ap,8,Doolow,9,0.5164138476053873,0.6160604199586982,-0.16945540962979888,0.5751681365724645,0.677965512330989,-0.4162902204365899,0.6564896216907277,0.8741858601022459,-1.3547489238389332
ap,8,East Hararge,9,0.3703206843627007,0.46185188535548527,0.09469835511726599,0.5340362006709617,0.6229371674373657,-0.6469346064345014,0.3749294914475656,0.4516473910729575,0.13426120445615475
ap,8,Fafan,9,0.22603445037457762,0.26436214428571625,0.09229310076661446,0.2953538929862416,0.4422728167428273,-1.5405491385360262,0.2780836365249264,0.3567040357370536,-0.6525825043547784
ap,8,Jilib,9,0.36993487345817105,0.4184783504531273,0.5875662354016898,0.9497346693348209,1.0495900624596082,-1.5944639606684574,0.5419067057526996,0.7759918851821501,-0.4181513459750723
ap,8,Jowhar,9,0.3602092408912965,0.4423053569829013,0.1259412654527614,0.703289830917665,0.8475845354392193,-2.2096839223448517,0.7391639042261655,0.944132704627349,-2.982559766274531
ap,8,Laikipia,9,0.24200161566105216,0.27317477319003663,-0.010157290028376398,0.3028759812135071,0.3913879612656082,-1.07358931392438,0.36439456204646603,0.39869326457117543,-1.1517193120756408
ap,8,Luuq,9,0.3505830936581449,0.38056450733043645,0.5033514634305886,0.5677313621276313,0.6776091914454729,-0.5745308438551651,0.6448572965019103,0.8178302315095249,-1.293606531576239
ap,8,Nuwer,9,0.6230770420029857,0.7729303035934034,-12.995371357775475,0.22588352134333128,0.33152630386638254,-1.574777711194601,0.17012014974039288,0.2877115025328937,-0.9391803759292552
ap,8,Qansax Dheere,9,0.4341862562439438,0.601771302755033,0.4507838496816906,0.7777777777777778,1.0975905986896437,-0.8270949197304265,0.7005538191089562,0.8632778191088081,-0.13026822323741194
ap,8,Rab Dhuure,9,0.6798793806675528,0.8025681534458529,0.22798891099989393,0.7921380897715748,1.0818266383215625,-0.40273306901164463,0.9328016105365778,1.057202134292308,-0.33960190284793934
ap,8,South Omo,9,0.40429137013216615,0.5122132720757754,-2.7833523608379376,0.34941448707300515,0.449304846049754,-1.9111014580019972,0.538756362056508,0.618996741075506,-4.525249084636835
ap,8,Tayeeglow,9,0.5821183867152335,0.6132407226985634,0.3620184642576113,0.7810055529988525,0.975100964926452,-0.6130406366677807,0.6338558472101488,0.7663123931257648,0.0037740858803437805
ap,8,Waajid,10,0.5208338459234001,0.5793697441379375,0.3712384856021258,0.8,0.9786062060182641,-0.793867075934352,0.569088370537099,0.7215375401462019,0.024803372233666354
ap,8,Xudur,10,0.4588114534285575,0.5802094704436722,0.4776188929481455,0.8,1.0247144265019954,-0.6293843319778809,0.7160617218358247,0.8490786595796405,-0.11870012376198513
ap,12,Adan Yabaal,9,0.5725389593028543,0.7189072566190866,0.2338152109336924,0.7229767477590147,1.069029388078253,-0.6942093711726987,0.6816725319183979,0.9051037603137317,-0.21446367486689843
ap,12,Afgooye,9,0.2624425567442532,0.3776348605760314,0.13308831689841782,0.7953083523345766,0.8999177096466565,-3.9230732293506465,0.676693462242642,0.7907566846641392,-2.8011625578622077
ap,12,Alle,9,0.6783264875411987,0.8030302679801882,-1.6116733257339488,0.5606892107515122,0.8784781691702006,-2.125481769519942,0.5899157555576439,0.7646506455992288,-1.3679969697520358
ap,12,Balcad,9,0.30607932620981293,0.36028228617404234,0.6069143255594338,0.7748709725300889,0.9000834681508586,-1.4533921260060825,0.6696462976774336,0.9085542478844356,-1.4997876804318429
ap,12,Baraawe,9,0.5621072632437615,0.799215301073068,-0.21269575270009855,1.0974237375020186,1.228292945118551,-1.8643638994108698,0.7142683567280446,0.835225260501807,-0.32443764979309986
ap,12,Baringo,9,0.2257892478457335,0.2511165404552894,0.6991161006729454,0.5236682606328491,0.6632822189611932,-1.0991574739783494,0.37371547912231023,0.5050048297383154,-0.2168565180870854
ap,12,Baydhaba,9,0.4688976160446836,0.5995719394755377,0.3507609858772973,0.8251064999818813,1.2179879683265922,-1.6792177236600634,0.6020523736583611,0.7608959951010774,-0.04561693260913846
ap,12,Buur Hakaba,9,0.5328158217082224,0.5947345221355136,0.2767781431434275,0.8025408566400196,1.1485365401418515,-1.6972107324918402,0.5785465078653191,0.7142625710675252,-0.04313623441771064
ap,12,Cadale,9,0.5450959248363608,0.6803181485585599,0.3047636904038289,0.7074625754394853,1.044621334622697,-0.6391779940965292,0.7012191839173482,0.9249042374584517,-0.2849962810209501
ap,12,Ceel Dheer,9,0.5937081707848443,0.6296252395234729,0.23917464099068275,0.7601780235118419,0.9361993137199138,-0.6821214865542866,0.5774099913864196,0.7499094854723433,-0.07929065148913117
ap,12,Diinsoor,9,0.5105945079727771,0.6508099353113521,0.2655971612929512,0.8116367948012374,1.2308948172149725,-1.6270472522005965,0.6288546205875486,0.7824365345040175,-0.061510367243679864
ap,12,Doolow,9,0.3974026649838503,0.48286020324820256,0.28157757880059897,0.6209174016195654,0.8509395577035969,-1.2311793328696612,0.6564896216907277,0.8741858601022459,-1.3547489238389332
ap,12,East Hararge,9,0.5291356637715278,0.6188098893255213,-0.6251833303223762,0.8075356946026414,0.8580142929748121,-2.124473983305781,0.3749294914475656,0.4516473910729575,0.13426120445615475
ap,12,Fafan,9,0.24326713167009947,0.2702662315140082,0.051296119876294344,0.31438809412154733,0.44717011381566646,-1.5971237580325774,0.2780836365249264,0.3567040357370536,-0.6525825043547784
ap,12,Jilib,9,0.3766464813783422,0.457133043895235,0.5078545742233616,0.8427953530724462,1.0619109317409412,-1.6557329705698351,0.5419067057526996,0.7759918851821501,-0.4181513459750723
ap,12,Jowhar,9,0.40729965227138626,0.48131426969111407,-0.035031800848808414,0.7918610440732478,0.8935711694442756,-2.5674222323937177,0.7391639042261655,0.944132704627349,-2.982559766274531
ap,12,Laikipia,9,0.3001907793107239,0.3295170611496863,-0.46981823587471894,0.3617231329679689,0.437195014900791,-1.5873681192217495,0.36439456204646603,0.39869326457117543,-1.1517193120756408
ap,12,Luuq,9,0.3249532986997959,0.4227854535510172,0.38703924615206753,0.5979181014435687,0.8150827141829029,-1.278221582331248,0.6448572965019103,0.8178302315095249,-1.293606531576239
ap,12,Nuwer,9,0.6875483795333337,0.8112246608779811,-14.416509203145317,0.22477870897244495,0.3298990484889957,-1.5495637947021081,0.17012014974039288,0.2877115025328937,-0.9391803759292552
ap,12,Qansax Dheere,9,0.5096355640035467,0.6407366920397136,0.3773563797054226,0.780000771754044,1.2859047707388371,-1.5078292776366577,0.7005538191089562,0.8632778191088081,-0.13026822323741194
ap,12,Rab Dhuure,9,0.7585640218522813,0.8789794830004529,0.07398681748396996,1.096750799117314,1.3750219653462712,-1.266099448409638,0.9328016105365778,1.057202134292308,-0.33960190284793934
ap,12,South Omo,9,0.3822545173340752,0.44315078875825226,-1.8319017998240632,0.41613831654143985,0.543011945795864,-3.2520063441315052,0.538756362056508,0.618996741075506,-4.525249084636835
ap,12,Tayeeglow,9,0.6008074760664637,0.6388570220376207,0.3076057038039337,1.006538777937565,1.225775054266795,-1.5489874293353374,0.6338558472101488,0.7663123931257648,0.0037740858803437805
ap,12,Waajid,10,0.541375132391906,0.5864476212222021,0.3557821028351643,0.9604194999037496,1.180547648629563,-1.6106062229195,0.569088370537099,0.7215375401462019,0.024803372233666354
ap,12,Xudur,10,0.5148422001532347,0.65635916533046,0.3315007212960729,1.032310046414462,1.2629284534894605,-1.4750007262460825,0.7160617218358247,0.8490786595796405,-0.11870012376198513
other,0,Agnewak,9,0.24375990094357944,0.28808488036886387,-10.986551271173207,0.04447739261772021,0.09435079778845935,-0.2857142857142858,0.10821627903452691,0.17203147501783578,-3.2743407594933505
other,0,Amaro,9,0.5439119736353556,0.6598009032087219,-1.5187368415627613,0.549968001176388,0.7380118113368388,-2.1512554376776585,0.42830453439208244,0.5393954727104344,-0.683338968172968
other,0,Arsi,9,0.18281603278039588,0.22599223932833445,0.2278641927912085,0.2856970587237865,0.34285494379097153,-0.7771638651718844,0.2361148730556768,0.2828995505451884,-0.20996040014520378
other,0,Asosa,9,0.07626885238197273,0.0810863857026665,-25069.3076414541,0.0006990177944704455,0.0008366923546814787,-1.6692876603308955,0.03507345564552554,0.06017795355924882,-13807.248913199863
other,0,Awi,9,0.06637705696953668,0.06750397915622235,0.0,0.0,0.0,1.0,1.3412953278280071e-05,2.3231916557528616e-05,0.0
other,0,Banadir,9,0.18587366739908853,0.254225006190554,0.34561766805255445,0.1111111111111111,0.3333333333333333,-0.125,0.5111111111111112,0.5981452814975454,-2.6225000000000005
other,0,Basketo,9,0.2629993094338311,0.372777753032953,-0.4070029382075102,0.242737369875525,0.47540515749343054,-1.2883518956849542,0.3552186785657121,0.3785045467004688,-0.4505651302133893
other,0,Bench Sheko,9,0.0711695220735338,0.07264243568534512,0.0,0.0,0.0,1.0,0.0038007368907631753,0.006583069401003181,0.0
other,0,Bomet,9,0.019422822528415255,0.020890200049324747,0.0,0.0,0.0,1.0,0.0,0.0,1.0
other,0,Bossaso,9,0.4170638398570095,0.5293761179779917,-0.34626963728986904,0.5329253881748127,0.6840548783940469,-1.2479427697612975,0.376682682693506,0.44614041751362216,0.043804930016113075
other,0,Bungoma,9,0.01952050791846381,0.020851174883486187,0.0,0.0,0.0,1.0,0.007923229191443726,0.013723435519593409,0.0
other,0,Buno Bedele,9,0.07113863362206353,0.07225527500050803,0.0,0.0,0.0,1.0,0.005238114329571664,0.009072680154672708,0.0
other,0,Burji,9,0.7121199236975776,0.8240071769814965,-1.7499007022539121,0.6666666666666666,0.816496580927726,-1.7000000000000006,0.497371927045609,0.6905687632063545,-0.9313851277012348
other,0,Busia,9,0.022398961914910212,0.023371192997940608,0.0,0.0,0.0,1.0,0.0015041532913551887,0.0026052699229991397,0.0
other,0,Caluula,9,0.3628308243221707,0.4871083371081967,-0.3728026498932371,0.4444444444444444,0.6666666666666666,-1.5714285714285716,0.4079166675666866,0.4252260433872325,-0.04615658756825769
other,0,Central Gondar,9,0.16986216222997508,0.20961435999146938,-2.089183266260335,0.1582932659446925,0.20364055867710829,-1.9156149636870436,0.10678465315653368,0.13915331759640795,-0.3614093867670647
other,0,Central Tigray,9,0.8887874713424456,1.0757830742658716,0.30526403327954643,0.5133107231147181,0.8976179656017456,0.5163252214492726,1.4159798705729303,1.6864633509726463,-0.7073563911528984
other,0,Dawuro,9,0.5297766023355409,0.6095103186873518,-0.22306462965250207,0.6106110104340361,0.7444767599081752,-0.8246920175386412,0.536214226557127,0.6274237492064138,-0.2960124964964954
other,0,Derashe,9,0.7812625169754028,0.9070639628426715,-2.332198382385799,0.6666666666666666,0.816496580927726,-1.7000000000000006,0.5654289311572815,0.7340805528375002,-1.1824407451195502
other,0,Dire Dawa rural,9,0.4279128180609809,0.5339213930241477,-0.6493454548740396,0.11735971137114884,0.33386002479781673,0.35510972794300677,0.3452019607456137,0.45698462559091013,-0.20825934215311515
other,0,Dire Dawa urban,9,0.38184894455803764,0.5088825046663334,-1.6219842109992442,0.3333333333333333,0.5773502691896257,-2.3749999999999996,1.083085469915987,1.1493731501806397,-12.375718713356191
other,0,East Gojam,9,0.12815483388231533,0.149390175077031,-2.3493846349123686,0.11142253344624106,0.1342505565979692,-1.7049120032317027,0.09631953909158297,0.09946644953807944,-0.48482128075980424
other,0,East Shewa,9,0.1899697758709259,0.2044813688088433,-0.15364164271968384,0.19917439565979078,0.2473393181742931,-0.6879118238977664,0.13971760192472157,0.19243963843067657,-0.021768480446626715
other,0,East Wellega,9,0.09461365115270233,0.10384630823010245,-6.121853195882678,0.014913349892300741,0.04141877942580265,-0.1329362854660634,0.06768317885410578,0.09711426454753928,-5.22840643475856
other,0,Eastern Tigray,9,0.928411907784786,1.0212296627489152,0.15072184597825478,0.6658935631867947,0.9160275857071871,0.3166861618189244,1.2408095800308683,1.5031406000102372,-0.8399343259988648
other,0,Elgeyo Marakwet,9,0.04144646061791314,0.060078392366616926,0.0,0.0,0.0,1.0,0.03822869292343226,0.06568889103924046,0.0
other,0,Embu,9,0.173098135219634,0.2075825430347449,-0.5968861472912863,0.09769322507683682,0.18861016966750835,-0.31832506362628754,0.14258958919493528,0.1840929067456097,-0.25593281415796776
other,0,Finfine Special,9,0.1300346313466154,0.15660356529592107,-1.044568759007805,0.058541893152679575,0.12418610889527412,-0.2857142857142856,0.06195231461409451,0.12225269659524156,-0.2459922038211806
other,0,Gamo,9,0.6457672217289157,0.7744657673266844,-1.0868759592873833,0.642310806954262,0.8097945781663873,-1.2816126364718965,0.4661709678165447,0.5177016048501771,0.0674949195020681
other,0,Gedeo,9,0.4446121371316434,0.5547327734938475,-0.18553370585967843,0.5141574889945415,0.6216656646254473,-0.48888110823093633,0.3834140668686139,0.511426099457329,-0.007655388218765102
other,0,Gofa,9,0.4534130997575969,0.48240913888315395,-1.523292651051169,0.40181732686122573,0.5226272989878405,-1.9615614723801404,0.2407405049660395,0.28899460563125284,0.09444247829819596
other,0,Guraghe,9,0.13840510748908957,0.16203182350947964,0.3299089202032943,0.11856684467979621,0.18544424218611383,0.12227209734772415,0.23601818974968905,0.24565926419635448,-0.5402793425391184
other,0,Hadiya,9,0.43197469292950913,0.5096857030328159,-1.0051895318628983,0.5348498781684847,0.6159243744803568,-1.9282308234080197,0.33573115525957253,0.38052214390270916,-0.11766176865785627
other,0,Halaba,9,0.2986266606724406,0.32420370266915466,-1.0596427326990003,0.2546857551698925,0.3818105406344787,-1.856615447186496,0.1622397462286052,0.27621169531736667,-0.49499616876920505
other,0,Harari,9,0.29142581091986763,0.3033985838914214,-9.636841131506824,0.0318920091459467,0.07751123612670546,0.305751580198276,0.1544929437850429,0.18480164900508336,-2.946365068957868
other,0,Homa Bay,9,0.01953023009830051,0.020841050059297653,0.0,0.0,0.0,1.0,0.0,0.0,1.0
other,0,Horo Gudru Wellega,9,0.07402409447564019,0.07513003015997893,0.0,0.0,0.0,1.0,0.0010103749593422713,0.001455749306701479,0.0
other,0,Ilu Aba Bora,9,0.06408047676086426,0.0643202600913338,0.0,0.00019192194817590428,0.0005757658445277128,0.0,0.00043646799523688884,0.00043651739613441464,0.0
other,0,Itang Special woreda,9,0.059602048661973744,0.06083537562804742,0.0,0.0,0.0,1.0,0.12917641821300418,0.22374011948468892,0.0
other,0,Jamaame,9,0.5061803640829553,0.6055529818381135,-1.4040881327695849,0.34596041998294363,0.5062800502868421,-0.6804582214940256,0.7276850306735798,0.8684110737035541,-3.9442087202964116
other,0,Jimma,9,0.08410126633114284,0.08651976763294045,0.0,0.0,0.0,1.0,0.00019851320002365705,0.0003438349484140573,0.0
other,0,Kakamega,9,0.019782967037624784,0.020999810569311366,0.0,0.0,0.0,1.0,0.0,0.0,1.0
other,0,Kamashi,9,0.3399594001978192,0.42537179789524193,0.21784318159966942,0.1749506134569035,0.33585094406925403,0.5124158305943836,0.4365768480540782,0.5203108962403766,-0.17025981348229813
other,0,Kefa,9,0.07183489534589979,0.07243016129511853,0.0,0.0,0.0,1.0,0.00021449582030993083,0.0003715176587879645,0.0
other,0,Kellem Wollega,9,0.10360319247024982,0.11292815047178174,-1.012333182826747,0.05038955449724855,0.09329273638537361,-0.37338127299745816,0.07299326041157965,0.08991407762047039,-0.27570672464319657
other,0,Kembata Tembaro,9,0.48705516543201555,0.6267498620718172,-1.228863079706373,0.6042806828465133,0.705064565062564,-1.820672558209889,0.5257901862917185,0.6146330741938275,-1.143516096876735
other,0,Kericho,9,0.019523395432366267,0.020865218137616465,0.0,0.0,0.0,1.0,0.0,0.0,1.0
other,0,Kiambu,9,0.08676097049710789,0.10514666016101126,-3.040719903621465,0.036987170664422475,0.07846163758115182,-1.2500000000000004,0.07170825893132575,0.10758028975950425,-3.2299302034456305
other,0,Kilifi,9,0.3390437512906424,0.3712792151531575,-1.6173138226577333,0.12267258981795212,0.2602221701242131,-0.285710269389263,0.2895770591703543,0.3472724874831434,-1.289788025169193
other,0,Kirinyaga,9,0.05251729488372803,0.0699445710972531,0.0,0.0,0.0,1.0,0.03787846745036368,0.06560743013687384,0.0
other,0,Kisii,9,0.020897507667541504,0.02326068369695068,0.0,0.0,0.0,1.0,0.0,0.0,1.0
other,0,Kisumu,9,0.020258863766988117,0.0213496293252812,0.0,0.0,0.0,1.0,0.0,0.0,1.0
other,0,Kitui,9,0.6313065593557625,0.7800677200828706,-0.6084560063701236,0.49438727272725225,0.8290140792976222,-0.8166379643855821,0.5457156113500948,0.5948192854865041,0.06477812780666237
other,0,Konso,9,0.6201514119969685,0.7455157911190019,-1.44899388108731,0.39689544193903425,0.5923875344844434,-0.5462717751640562,0.5143722723131788,0.6800070782067928,-1.0375152731398645
other,0,Konta Special,9,0.07481078306833903,0.07513796065659893,0.0,0.0007099746971127462,0.0021299240913382387,0.0,0.0371279327488887,0.05553638718796964,0.0
other,0,Kwale,9,0.33262009519326313,0.35781392515554766,-417663614.9977715,1.650698113062374e-05,2.4760471695935614e-05,-1.0000000000000004,0.4069036790520604,0.4628325293789377,-698811297.0662334
other,0,Machakos,9,0.11879216848034319,0.16297632007230783,-3432.4937025825016,0.0024395723929447025,0.003759580384940956,-0.8271154520611945,0.4154542545358665,0.47943043425965004,-29711.44833386396
other,0,Majang,9,0.06359018219841851,0.0646728229986563,0.0,0.0,0.0,1.0,0.0224453088870414,0.03887641538393296,0.0
other,0,Makueni,9,0.5627546123324709,0.6871991736231791,-0.5524025834717365,0.4452729647012073,0.6947705700708928,-0.586799033427013,0.5125532061137604,0.5868203508616977,-0.13200783588271015
other,0,Mao Komo Special,9,0.07443732701559094,0.07797203985101656,-295.41840657629,0.0024207630944621528,0.004528833057012029,0.0,0.003792528847990701,0.004621692599298859,-0.04142857142857026
other,0,Marka,9,0.5509877726139304,0.620653113500353,-0.23436264497977422,0.7005851652247822,0.8631382311388723,-1.3872923165928976,0.5037589040638619,0.5690331679035481,-0.037576331548057285
other,0,Mekelle Tigray,9,0.7195957723562617,0.863306130078884,-0.04872705125255017,0.5850888477393474,0.8866763884968858,-0.10627502622402996,0.9351611008237258,1.0806293465733596,-0.6431845241612397
other,0,Meru,9,0.41975468475063593,0.5497720542831825,-0.5898697892474944,0.40280782094509016,0.636625316544368,-1.1318863391827327,0.3853692674928828,0.4827199381487165,-0.22570712549880456
other,0,Metekel,9,0.2942877875833471,0.3945288326168086,0.04715890209955176,0.21614930393873652,0.458305827676447,-0.2858009587005572,0.21773797142489432,0.4584211662639279,-0.28644821700938894
other,0,Migori,9,0.019473989804585774,0.020736257124112076,0.0,0.0,0.0,1.0,0.0029463931277963575,0.0051033025964150715,0.0
other,0,Mirab Omo,9,0.07980479276135395,0.09340165151194589,-2.5866543048370367,0.01756740153594362,0.05219533718494124,-0.12006654071399803,0.02800856926500608,0.05524977734210544,-0.2549934905776514
other,0,Mombasa,9,0.27980460760441883,0.3978188480174593,-0.6220519227013872,0.2222222222222222,0.4675618289525798,-1.2406402786308166,0.22154010919744038,0.38138753653617,-0.4908262608103504
other,0,Muranga,9,0.05171981122758654,0.07225352358221004,0.0,0.0,0.0,1.0,0.04094244310749636,0.07091439164818188,0.0
other,0,Nairobi,9,0.24397226671903793,0.38066281860711937,-0.4816732113683153,0.22113080489362869,0.4690892750085727,-1.25,0.22169796532858146,0.38350190815958657,-0.5038570955702788
other,0,Nakuru,9,0.03731507725185818,0.044753711746069236,0.0,0.0,0.0,1.0,0.000641992721377734,0.0007223262554970991,0.0
other,0,Nandi,9,0.01928148004743788,0.020574534529795567,0.0,0.0,0.0,1.0,0.0,0.0,1.0
other,0,North Gondar,9,0.5349671994719805,0.6073908540645847,-0.2253093301750606,0.5991870983345409,0.7366525752567773,-0.8023314750444259,0.35501374054331564,0.49396843727464745,0.18958467631519083
other,0,North Shewa (AM),9,0.2389773617542358,0.28064639235085626,0.27148230461373535,0.3437349178482627,0.4357671595933077,-0.7564272763810618,0.32519104938150584,0.38541207998648214,-0.37395282916073946
other,0,North Shewa (OR),9,0.107569666679243,0.12102353873251565,0.6487209021613642,0.09928494013489196,0.1867528410753343,0.16353639649237794,0.35872590456362397,0.3696969762886609,-2.2779657437384393
other,0,North Wello,9,0.5375495662221385,0.8261846119142957,0.106944847420535,0.6374333313173509,0.7804700042859433,0.20304002633246454,0.6971333576871283,0.8882596728457491,-0.03229534272226231
other,0,North Western Tigray,9,0.8850879966371704,1.1257998338393271,0.25771230801565703,0.42824669713201985,0.8021106118463425,0.6231934676552287,1.4130569921873566,1.771550434745172,-0.8380483901002211
other,0,Nyamira,9,0.01916523774464925,0.020512714691125967,0.0,0.0,0.0,1.0,0.0,0.0,1.0
other,0,Nyandarua,9,0.06321747496227378,0.10118306693952951,-42.82253279872571,0.0036026564455699083,0.010807969336709725,0.5,0.04166170159295193,0.058630627679418415,-13.714004475823877
other,0,Nyeri,9,0.12676948232434881,0.1684469619469671,-1.0534789359648373,0.05256940411893475,0.11151654640630435,0.10000000000000009,0.1385763321898436,0.15001547193504478,-0.6286808587506421
other,0,Oromia,9,0.4752384479387237,0.5706458053863445,0.12854438367887466,0.6968193379956535,0.8251378824289465,-0.822070039634615,0.5029072056425209,0.6342896614467468,-0.0766815722916796
other,0,Qandala,9,0.3559406108154629,0.483495848301503,-0.31574785095312574,0.46306035391344064,0.6674459533928706,-1.5073755094062369,0.40958900260717146,0.4280870272527265,-0.03145742203720436
other,0,Region 14,9,0.1728395488527086,0.20101904143053442,0.0,0.0,0.0,1.0,0.11111111111111109,0.1924500897298752,0.0
other,0,Sheka,9,0.07892118559943305,0.08151191933119512,0.0,0.0,0.0,1.0,0.007960634939486363,0.013788224175698374,0.0
other,0,Siaya,9,0.020450565550062392,0.021398127454374333,0.0,0.0,0.0,1.0,0.0,0.0,1.0
other,0,Sidama,9,0.45037162250948387,0.49686173285867724,-0.7819239319602678,0.5186954634512728,0.588396484738995,-1.498953645220384,0.29684375299192145,0.3510921708970086,0.11026566271157967
other,0,Siltie,9,0.2705294857360316,0.3376541098489796,0.02604890868543508,0.4584807753106832,0.5164340077684497,-1.27836203245734,0.290665916603352,0.3549835769326089,-0.07648898538780857
other,0,South Eastern Tigray,9,0.9689693477855741,1.0977479852359726,0.19732429449840572,0.738525910711171,1.1047626988056605,0.1870331710678812,1.3360062518529077,1.5594809550382005,-0.6199252384231644
other,0,South Gondar,9,0.191365341085724,0.22909014466402203,-0.1287705138969788,0.1750123609869506,0.24318190231388342,-0.27190696654523006,0.18652145210027882,0.23251845168269372,-0.1628071349050808
other,0,South Wello,9,0.41805628444770526,0.48600047163566235,0.06713036268327754,0.4682960111187113,0.5521804226511587,-0.2042303994068897,0.4965617763776024,0.55531764640242,-0.21795298816876407
other,0,South West Shewa,9,0.10393259577418738,0.12046117221923525,-3.9539859218455033,0.053313791469707224,0.08531969506416964,-1.4851876528256849,0.03036874206950367,0.05666938740747,-0.09637123843778617
other,0,Southern Tigray,10,0.8680059369849566,0.9768843061230299,0.07887157141740919,0.6181749690888166,0.7753662493532357,0.41970649931481974,1.044912710544158,1.2676886187034442,-0.5511689518100402
other,0,Taita Taveta,10,0.4422667084154341,0.528850427128096,-0.385391258873522,0.46563375701781223,0.6432355810960023,-1.0494949084601797,0.38742004593854,0.4466839530610232,0.011657602314031235
other,0,Tharaka-Nithi,10,0.36897006351146133,0.4835577448647852,-0.7949718534572032,0.3146407788134156,0.4953665055399752,-0.8837108194721215,0.4029438794157897,0.49619470558372464,-0.8900148126460259
other,0,Trans Nzoia,10,0.024115921749299087,0.02660695856562122,-7610.021655363524,0.00022873626109165546,0.0004176133663976365,-0.875,0.0007827436046194735,0.0012316542330009928,-15.309103866847003
other,0,Uasin Gishu,10,0.02734086513519287,0.030311571984222737,0.0,0.0,0.0,1.0,0.0,0.0,1.0
other,0,Vihiga,10,0.01983969211578369,0.021226769442891265,0.0,0.0,0.0,1.0,0.0,0.0,1.0
other,0,Wag Hamra,10,0.6677699264036633,0.8349933364894296,-0.09880720748158067,0.7201212608039412,0.9156680643695152,-0.32139182399195,0.6512984001811745,0.9130157624891347,-0.3137478877278461
other,0,Welayta,10,0.4564472771728414,0.5082790107421478,-1.423795310140854,0.47351357809649075,0.5903041240838381,-2.269213047916307,0.24992772437216287,0.2934690057514214,0.19199123803520735
other,0,West Arsi,10,0.25439912919570384,0.33551265274486886,-0.8897577134066557,0.27205364788940256,0.3518996600858907,-1.0788636993828442,0.2526967497487278,0.2989465842020937,-0.5002910278331949
other,0,West Gojam,10,0.06137436628341675,0.06168992023699789,0.0,0.0,0.0,1.0,0.0,0.0,1.0
other,0,West Gondar,10,0.06882396746525261,0.07299017103190501,-808.4368550611308,0.002433851904576456,0.0031420892978532727,-0.4999999999999456,0.003511268483695207,0.004267749106595998,-1.7672727868400187
other,0,West Hararge,10,0.31278572742636945,0.3938125133760027,-0.18257014000867988,0.3611720360940471,0.4690734445629956,-0.6777590096323249,0.28753266400894667,0.35714871691514066,0.02737355427937993
other,0,West Shewa,10,0.08022304773330688,0.08197316154413599,0.0,0.0,0.0,1.0,0.04009496331873674,0.07276646987709441,0.0
other,0,West Wellega,10,0.07169488189894821,0.07419199964695843,-0.8885624612223983,0.017995758039542696,0.05690758362624138,-0.11111111111111116,0.017995758039542696,0.05690758362624138,-0.11111111111111116
other,0,Western Tigray,10,0.5105898974172401,0.6754807733410573,0.45867209239476303,0.26195065932117456,0.46817669842874615,0.7399516977522884,0.9309616778574176,1.3070446469568964,-1.02682045671235
other,0,Yem Special,10,0.07216687202453613,0.07341080120613873,0.0,0.0,0.0,1.0,0.029268375090882114,0.053436497529328164,0.0
other,1,Agnewak,9,0.2450705541002838,0.2871177373663716,-10.906205159551511,0.04447739261772021,0.09435079778845935,-0.2857142857142858,0.10821627903452691,0.17203147501783578,-3.2743407594933505
other,1,Amaro,9,0.48823559284210205,0.6209014573250864,-1.2305005854558364,0.549968001176388,0.7380118113368388,-2.1512554376776585,0.42830453439208244,0.5393954727104344,-0.683338968172968
other,1,Arsi,9,0.20049298872344345,0.2592235582693203,-0.015910800232398437,0.2856970587237865,0.34285494379097153,-0.7771638651718844,0.2361148730556768,0.2828995505451884,-0.20996040014520378
other,1,Asosa,9,0.0565918624027586,0.06054886116658057,-13977.988120463056,0.0006990177944704455,0.0008366923546814787,-1.6692876603308955,0.03507345564552554,0.06017795355924882,-13807.248913199863
other,1,Awi,9,0.045599804984198675,0.04783930727645539,0.0,0.0,0.0,1.0,1.3412953278280071e-05,2.3231916557528616e-05,0.0
other,1,Banadir,9,0.19988256030612522,0.26384099840179537,0.29517776656873096,0.1111111111111111,0.3333333333333333,-0.125,0.5111111111111112,0.5981452814975454,-2.6225000000000005
other,1,Basketo,9,0.3009672297371758,0.4035188898388302,-0.6486283813747151,0.242737369875525,0.47540515749343054,-1.2883518956849542,0.3552186785657121,0.3785045467004688,-0.4505651302133893
other,1,Bench Sheko,9,0.05050614145067003,0.05799575319513966,0.0,0.0,0.0,1.0,0.0038007368907631753,0.006583069401003181,0.0
other,1,Bomet,9,0.026675899823506672,0.03089608403670881,0.0,0.0,0.0,1.0,0.0,0.0,1.0
other,1,Bossaso,9,0.3829898020594962,0.501512102500665,-0.20827613370661613,0.5329253881748127,0.6840548783940469,-1.2479427697612975,0.376682682693506,0.44614041751362216,0.043804930016113075
other,1,Bungoma,9,0.03120316399468316,0.03970638142044139,0.0,0.0,0.0,1.0,0.007923229191443726,0.013723435519593409,0.0
other,1,Buno Bedele,9,0.0529856284459432,0.05916713822545393,0.0,0.0,0.0,1.0,0.005238114329571664,0.009072680154672708,0.0
other,1,Burji,9,0.6230423053105673,0.7251325436275052,-1.1295596836021682,0.6666666666666666,0.816496580927726,-1.7000000000000006,0.497371927045609,0.6905687632063545,-0.9313851277012348
other,1,Busia,9,0.03676972124311659,0.045457760494297915,0.0,0.0,0.0,1.0,0.0015041532913551887,0.0026052699229991397,0.0
other,1,Caluula,9,0.39020024405585396,0.4892088117985024,-0.3846675846318217,0.4444444444444444,0.6666666666666666,-1.5714285714285716,0.4079166675666866,0.4252260433872325,-0.04615658756825769
other,1,Central Gondar,9,0.1636909887104167,0.1898173946372679,-1.5332241934568636,0.1582932659446925,0.20364055867710829,-1.9156149636870436,0.10678465315653368,0.13915331759640795,-0.3614093867670647
other,1,Central Tigray,9,0.8275064128190556,1.0355674904538188,0.3562352611217473,0.5133107231147181,0.8976179656017456,0.5163252214492726,1.4159798705729303,1.6864633509726463,-0.7073563911528984
other,1,Dawuro,9,0.5465175999678854,0.6267783709782746,-0.2933476688644039,0.6106110104340361,0.7444767599081752,-0.8246920175386412,0.536214226557127,0.6274237492064138,-0.2960124964964954
other,1,Derashe,9,0.7063117292192247,0.8280180063513133,-1.776735966310115,0.6666666666666666,0.816496580927726,-1.7000000000000006,0.5654289311572815,0.7340805528375002,-1.1824407451195502
other,1,Dire Dawa rural,9,0.37041852209303117,0.453677989164055,-0.19083722471479825,0.11735971137114884,0.33386002479781673,0.35510972794300677,0.3452019607456137,0.45698462559091013,-0.20825934215311515
other,1,Dire Dawa urban,9,0.4323733382754856,0.5369826877413447,-1.9195478702059248,0.3333333333333333,0.5773502691896257,-2.3749999999999996,1.083085469915987,1.1493731501806397,-12.375718713356191
other,1,East Gojam,9,0.11930065661926736,0.14375792777230711,-2.101591223331778,0.11142253344624106,0.1342505565979692,-1.7049120032317027,0.09631953909158297,0.09946644953807944,-0.48482128075980424
other,1,East Shewa,9,0.19191872854579162,0.200984832668923,-0.11452549146022761,0.19917439565979078,0.2473393181742931,-0.6879118238977664,0.13971760192472157,0.19243963843067657,-0.021768480446626715
other,1,East Wellega,9,0.06891969149270206,0.07897547859270546,-3.119034470446402,0.014913349892300741,0.04141877942580265,-0.1329362854660634,0.06768317885410578,0.09711426454753928,-5.22840643475856
other,1,Eastern Tigray,9,0.9247827266646552,1.0280794521806442,0.13929075177031425,0.6658935631867947,0.9160275857071871,0.3166861618189244,1.2408095800308683,1.5031406000102372,-0.8399343259988648
other,1,Elgeyo Marakwet,9,0.06730610794491237,0.10249671885709127,0.0,0.0,0.0,1.0,0.03822869292343226,0.06568889103924046,0.0
other,1,Embu,9,0.15459774872548726,0.1972531512678982,-0.44191678569723813,0.09769322507683682,0.18861016966750835,-0.31832506362628754,0.14258958919493528,0.1840929067456097,-0.25593281415796776
other,1,Finfine Special,9,0.14555213105839382,0.18678664534911782,-1.908640686892181,0.058541893152679575,0.12418610889527412,-0.2857142857142856,0.06195231461409451,0.12225269659524156,-0.2459922038211806
other,1,Gamo,9,0.609597719228245,0.7263705516010567,-0.8357293079723516,0.642310806954262,0.8097945781663873,-1.2816126364718965,0.4661709678165447,0.5177016048501771,0.0674949195020681
other,1,Gedeo,9,0.43804056609943715,0.5437943435514715,-0.13924105739169912,0.5141574889945415,0.6216656646254473,-0.48888110823093633,0.3834140668686139,0.511426099457329,-0.007655388218765102
other,1,Gofa,9,0.45914131804813785,0.48812062094514025,-1.58339538722762,0.40181732686122573,0.5226272989878405,-1.9615614723801404,0.2407405049660395,0.28899460563125284,0.09444247829819596
other,1,Guraghe,9,0.15813200111933223,0.18556504654750183,0.12112816433285012,0.11856684467979621,0.18544424218611383,0.12227209734772415,0.23601818974968905,0.24565926419635448,-0.5402793425391184
other,1,Hadiya,9,0.410952788003186,0.496721978654427,-0.9044837843412263,0.5348498781684847,0.6159243744803568,-1.9282308234080197,0.33573115525957253,0.38052214390270916,-0.11766176865785627
other,1,Halaba,9,0.2898116237927952,0.31830118732770346,-0.9853289249393018,0.2546857551698925,0.3818105406344787,-1.856615447186496,0.1622397462286052,0.27621169531736667,-0.49499616876920505
other,1,Harari,9,0.317786349190606,0.33897866040522506,-12.27792747583327,0.0318920091459467,0.07751123612670546,0.305751580198276,0.1544929437850429,0.18480164900508336,-2.946365068957868
other,1,Homa Bay,9,0.02950808737013075,0.034562973671085045,0.0,0.0,0.0,1.0,0.0,0.0,1.0
other,1,Horo Gudru Wellega,9,0.05288460519578722,0.06043308560524105,0.0,0.0,0.0,1.0,0.0010103749593422713,0.001455749306701479,0.0
other,1,Ilu Aba Bora,9,0.0488488409254286,0.05172984677698494,0.0,0.00019192194817590428,0.0005757658445277128,0.0,0.00043646799523688884,0.00043651739613441464,0.0
other,1,Itang Special woreda,9,0.04293190108405219,0.046213264929218206,0.0,0.0,0.0,1.0,0.12917641821300418,0.22374011948468892,0.0
other,1,Jamaame,9,0.5170862391829851,0.6234956418224165,-1.5486660562089383,0.34596041998294363,0.5062800502868421,-0.6804582214940256,0.7276850306735798,0.8684110737035541,-3.9442087202964116
other,1,Jimma,9,0.06065588527255588,0.06675437664188455,0.0,0.0,0.0,1.0,0.00019851320002365705,0.0003438349484140573,0.0
other,1,Kakamega,9,0.033206158214145236,0.04150504188241997,0.0,0.0,0.0,1.0,0.0,0.0,1.0
other,1,Kamashi,9,0.3274086090931846,0.4153442992321932,0.2542848645663237,0.1749506134569035,0.33585094406925403,0.5124158305943836,0.4365768480540782,0.5203108962403766,-0.17025981348229813
other,1,Kefa,9,0.051527963744269475,0.05878183977429002,0.0,0.0,0.0,1.0,0.00021449582030993083,0.0003715176587879645,0.0
other,1,Kellem Wollega,9,0.10840326047782496,0.12460583369166546,-1.450034547995887,0.05038955449724855,0.09329273638537361,-0.37338127299745816,0.07299326041157965,0.08991407762047039,-0.27570672464319657
other,1,Kembata Tembaro,9,0.4388889168985547,0.5816231288323829,-0.9194563172514503,0.6042806828465133,0.705064565062564,-1.820672558209889,0.5257901862917185,0.6146330741938275,-1.143516096876735
other,1,Kericho,9,0.028015441364712186,0.03232314568054541,0.0,0.0,0.0,1.0,0.0,0.0,1.0
other,1,Kiambu,9,0.14404459715946819,0.18302986962763776,-11.243673015918999,0.036987170664422475,0.07846163758115182,-1.2500000000000004,0.07170825893132575,0.10758028975950425,-3.2299302034456305
other,1,Kilifi,9,0.28213002467001114,0.31831764610362123,-0.923871022592571,0.12267258981795212,0.2602221701242131,-0.285710269389263,0.2895770591703543,0.3472724874831434,-1.289788025169193
other,1,Kirinyaga,9,0.08541350894504124,0.13149583009018045,0.0,0.0,0.0,1.0,0.03787846745036368,0.06560743013687384,0.0
other,1,Kisii,9,0.027681575881110296,0.0315131843290589,0.0,0.0,0.0,1.0,0.0,0.0,1.0
other,1,Kisumu,9,0.03183629777696398,0.03906728613754032,0.0,0.0,0.0,1.0,0.0,0.0,1.0
other,1,Kitui,9,0.5388654773550301,0.7060493993221421,-0.3176945480026814,0.49438727272725225,0.8290140792976222,-0.8166379643855821,0.5457156113500948,0.5948192854865041,0.06477812780666237
other,1,Konso,9,0.5503327563471476,0.6715216601218831,-0.9869825693226693,0.39689544193903425,0.5923875344844434,-0.5462717751640562,0.5143722723131788,0.6800070782067928,-1.0375152731398645
other,1,Konta Special,9,0.051817880736456975,0.06001509678528255,0.0,0.0007099746971127462,0.0021299240913382387,0.0,0.0371279327488887,0.05553638718796964,0.0
other,1,Kwale,9,0.3126614931357002,0.34434143369505854,-386803801.3197454,1.650698113062374e-05,2.4760471695935614e-05,-1.0000000000000004,0.4069036790520604,0.4628325293789377,-698811297.0662334
other,1,Machakos,9,0.10573989038552169,0.1598837446021728,-3303.424722988313,0.0024395723929447025,0.003759580384940956,-0.8271154520611945,0.4154542545358665,0.47943043425965004,-29711.44833386396
other,1,Majang,9,0.043162650532192655,0.046098934779848735,0.0,0.0,0.0,1.0,0.0224453088870414,0.03887641538393296,0.0
other,1,Makueni,9,0.4821007462003705,0.6010112351325331,-0.1874197851000996,0.4452729647012073,0.6947705700708928,-0.586799033427013,0.5125532061137604,0.5868203508616977,-0.13200783588271015
other,1,Mao Komo Special,9,0.06525749646444348,0.07574304491105861,-278.7131577966505,0.0024207630944621528,0.004528833057012029,0.0,0.003792528847990701,0.004621692599298859,-0.04142857142857026
other,1,Marka,9,0.5617699746987896,0.650877746974638,-0.3575121985314613,0.7005851652247822,0.8631382311388723,-1.3872923165928976,0.5037589040638619,0.5690331679035481,-0.037576331548057285
other,1,Mekelle Tigray,9,0.6180442336523322,0.8159420635244089,0.0631901119826227,0.5850888477393474,0.8866763884968858,-0.10627502622402996,0.9351611008237258,1.0806293465733596,-0.6431845241612397
other,1,Meru,9,0.40349260862786174,0.5217346226898557,-0.4318434989429012,0.40280782094509016,0.636625316544368,-1.1318863391827327,0.3853692674928828,0.4827199381487165,-0.22570712549880456
other,1,Metekel,9,0.24466870894717768,0.36923380477754636,0.1654239894614017,0.21614930393873652,0.458305827676447,-0.2858009587005572,0.21773797142489432,0.4584211662639279,-0.28644821700938894
other,1,Migori,9,0.03171916802724203,0.037830697805814543,0.0,0.0,0.0,1.0,0.0029463931277963575,0.0051033025964150715,0.0
other,1,Mirab Omo,9,0.07714620043126905,0.1165839692173465,-4.58802169268925,0.01756740153594362,0.05219533718494124,-0.12006654071399803,0.02800856926500608,0.05524977734210544,-0.2549934905776514
other,1,Mombasa,9,0.31111952368531753,0.4228162360616817,-0.8323032534666621,0.2222222222222222,0.4675618289525798,-1.2406402786308166,0.22154010919744038,0.38138753653617,-0.4908262608103504
other,1,Muranga,9,0.08682499991522895,0.13702286144422013,0.0,0.0,0.0,1.0,0.04094244310749636,0.07091439164818188,0.0
other,1,Nairobi,9,0.28480356766643916,0.41214923047555685,-0.7369227259790156,0.22113080489362869,0.4690892750085727,-1.25,0.22169796532858146,0.38350190815958657,-0.5038570955702788
other,1,Nakuru,9,0.07209763262006971,0.1047133168954176,0.0,0.0,0.0,1.0,0.000641992721377734,0.0007223262554970991,0.0
other,1,Nandi,9,0.029324836201137967,0.03412425012847159,0.0,0.0,0.0,1.0,0.0,0.0,1.0
other,1,North Gondar,9,0.5000808393035234,0.5590047557273976,-0.03786352567820517,0.5991870983345409,0.7366525752567773,-0.8023314750444259,0.35501374054331564,0.49396843727464745,0.18958467631519083
other,1,North Shewa (AM),9,0.24537113429306473,0.293363886938251,0.2039607537771002,0.3437349178482627,0.4357671595933077,-0.7564272763810618,0.32519104938150584,0.38541207998648214,-0.37395282916073946
other,1,North Shewa (OR),9,0.10650741919100921,0.13835922675965934,0.5408771939381645,0.09928494013489196,0.1867528410753343,0.16353639649237794,0.35872590456362397,0.3696969762886609,-2.2779657437384393
other,1,North Wello,9,0.5615374820029477,0.7658689715554303,0.23258015305280633,0.6374333313173509,0.7804700042859433,0.20304002633246454,0.6971333576871283,0.8882596728457491,-0.03229534272226231
other,1,North Western Tigray,9,0.8556789137138338,1.109773062732834,0.27869613849834063,0.42824669713201985,0.8021106118463425,0.6231934676552287,1.4130569921873566,1.771550434745172,-0.8380483901002211
other,1,Nyamira,9,0.026234692997402616,0.0309201143147681,0.0,0.0,0.0,1.0,0.0,0.0,1.0
other,1,Nyandarua,9,0.08614820424218839,0.14382466774873007,-87.5418425622365,0.0036026564455699083,0.010807969336709725,0.5,0.04166170159295193,0.058630627679418415,-13.714004475823877
other,1,Nyeri,9,0.1668601492012477,0.2199313784609559,-2.5005660754338073,0.05256940411893475,0.11151654640630435,0.10000000000000009,0.1385763321898436,0.15001547193504478,-0.6286808587506421
other,1,Oromia,9,0.45991376263005534,0.5588353472044958,0.16424352328374492,0.6968193379956535,0.8251378824289465,-0.822070039634615,0.5029072056425209,0.6342896614467468,-0.0766815722916796
other,1,Qandala,9,0.3674760699100403,0.48177607005582995,-0.30640435732313254,0.46306035391344064,0.6674459533928706,-1.5073755094062369,0.40958900260717146,0.4280870272527265,-0.03145742203720436
other,1,Region 14,9,0.12068397468990749,0.1491778845998955,0.0,0.0,0.0,1.0,0.11111111111111109,0.1924500897298752,0.0
other,1,Sheka,9,0.0522845188776652,0.0585939395797139,0.0,0.0,0.0,1.0,0.007960634939486363,0.013788224175698374,0.0
other,1,Siaya,9,0.03241125742594401,0.03942667727885854,0.0,0.0,0.0,1.0,0.0,0.0,1.0
other,1,Sidama,9,0.41764110936064625,0.4831870484207997,-0.685189058608892,0.5186954634512728,0.588396484738995,-1.498953645220384,0.29684375299192145,0.3510921708970086,0.11026566271157967
other,1,Siltie,9,0.2985560003191954,0.4022701061028901,-0.38238364876705,0.4584807753106832,0.5164340077684497,-1.27836203245734,0.290665916603352,0.3549835769326089,-0.07648898538780857
other,1,South Eastern Tigray,9,0.9754951689415461,1.1226296435610204,0.16052487345307065,0.738525910711171,1.1047626988056605,0.1870331710678812,1.3360062518529077,1.5594809550382005,-0.6199252384231644
other,1,South Gondar,9,0.13606151246781217,0.1636583028303052,0.4239383958491597,0.1750123609869506,0.24318190231388342,-0.27190696654523006,0.18652145210027882,0.23251845168269372,-0.1628071349050808
other,1,South Wello,9,0.33775483616922536,0.41606940325345904,0.316278657662176,0.4682960111187113,0.5521804226511587,-0.2042303994068897,0.4965617763776024,0.55531764640242,-0.21795298816876407
other,1,South West Shewa,9,0.12118886893787689,0.1531719230416325,-7.009749385312478,0.053313791469707224,0.08531969506416964,-1.4851876528256849,0.03036874206950367,0.05666938740747,-0.09637123843778617
other,1,Southern Tigray,10,0.8494812067794207,0.9868586729349909,0.0599653864837596,0.6181749690888166,0.7753662493532357,0.41970649931481974,1.044912710544158,1.2676886187034442,-0.5511689518100402
other,1,Taita Taveta,10,0.4255670605119917,0.5094904342198662,-0.2858159039533985,0.46563375701781223,0.6432355810960023,-1.0494949084601797,0.38742004593854,0.4466839530610232,0.011657602314031235
other,1,Tharaka-Nithi,10,0.3172613056341115,0.42994946755772595,-0.4190437550241499,0.3146407788134156,0.4953665055399752,-0.8837108194721215,0.4029438794157897,0.49619470558372464,-0.8900148126460259
other,1,Trans Nzoia,10,0.0349991219179087,0.04318809973885171,-20052.061343619836,0.00022873626109165546,0.0004176133663976365,-0.875,0.0007827436046194735,0.0012316542330009928,-15.309103866847003
other,1,Uasin Gishu,10,0.03578352928161621,0.04470073321051483,0.0,0.0,0.0,1.0,0.0,0.0,1.0
other,1,Vihiga,10,0.02864041328430176,0.032767366514298256,0.0,0.0,0.0,1.0,0.0,0.0,1.0
other,1,Wag Hamra,10,0.687776809548042,0.8677637844220119,-0.18674803802996753,0.7201212608039412,0.9156680643695152,-0.32139182399195,0.6512984001811745,0.9130157624891347,-0.3137478877278461
other,1,Welayta,10,0.41647648583296715,0.46677628366318286,-1.0441330156299187,0.47351357809649075,0.5903041240838381,-2.269213047916307,0.24992772437216287,0.2934690057514214,0.19199123803520735
other,1,West Arsi,10,0.23967207991106756,0.3029827656495923,-0.5410764087517919,0.27205364788940256,0.3518996600858907,-1.0788636993828442,0.2526967497487278,0.2989465842020937,-0.5002910278331949
other,1,West Gojam,10,0.04255436658859253,0.0444397447403243,0.0,0.0,0.0,1.0,0.0,0.0,1.0
other,1,West Gondar,10,0.051209364422650075,0.05502596468504861,-459.0335887670586,0.002433851904576456,0.0031420892978532727,-0.4999999999999456,0.003511268483695207,0.004267749106595998,-1.7672727868400187
other,1,West Hararge,10,0.330428782315296,0.38144133855353113,-0.10943892947624612,0.3611720360940471,0.4690734445629956,-0.6777590096323249,0.28753266400894667,0.35714871691514066,0.02737355427937993
other,1,West Shewa,10,0.04887421131134033,0.054200344069412126,0.0,0.0,0.0,1.0,0.04009496331873674,0.07276646987709441,0.0
other,1,West Wellega,10,0.05433398006636765,0.05933828160227176,-0.2080561778003962,0.017995758039542696,0.05690758362624138,-0.11111111111111116,0.017995758039542696,0.05690758362624138,-0.11111111111111116
other,1,Western Tigray,10,0.49072759129922866,0.6490768367927865,0.5001650092742358,0.26195065932117456,0.46817669842874615,0.7399516977522884,0.9309616778574176,1.3070446469568964,-1.02682045671235
other,1,Yem Special,10,0.05588474273681641,0.06633160228021269,0.0,0.0,0.0,1.0,0.029268375090882114,0.053436497529328164,0.0
other,2,Agnewak,9,0.3172805348530168,0.3744057608355037,-19.245959365421395,0.04447739261772021,0.09435079778845935,-0.2857142857142858,0.10821627903452691,0.17203147501783578,-3.2743407594933505
other,2,Amaro,9,0.47914984491136337,0.5928906016698733,-1.0337900363875439,0.549968001176388,0.7380118113368388,-2.1512554376776585,0.42830453439208244,0.5393954727104344,-0.683338968172968
other,2,Arsi,9,0.25038034324773223,0.3244168943185482,-0.5911589528684678,0.2856970587237865,0.34285494379097153,-0.7771638651718844,0.2361148730556768,0.2828995505451884,-0.20996040014520378
other,2,Asosa,9,0.05109714861949444,0.06488309166732201,-16050.914915627929,0.0006990177944704455,0.0008366923546814787,-1.6692876603308955,0.03507345564552554,0.06017795355924882,-13807.248913199863
other,2,Awi,9,0.029848694801330566,0.030985014483649497,0.0,0.0,0.0,1.0,1.3412953278280071e-05,2.3231916557528616e-05,0.0
other,2,Banadir,9,0.19728553295135498,0.27986958907332865,0.20693925775825228,0.1111111111111111,0.3333333333333333,-0.125,0.5111111111111112,0.5981452814975454,-2.6225000000000005
other,2,Basketo,9,0.24893087810940212,0.36545455195078547,-0.3522649241081872,0.242737369875525,0.47540515749343054,-1.2883518956849542,0.3552186785657121,0.3785045467004688,-0.4505651302133893
other,2,Bench Sheko,9,0.027594248453776043,0.028973202886490485,0.0,0.0,0.0,1.0,0.0038007368907631753,0.006583069401003181,0.0
other,2,Bomet,9,0.014241761631435819,0.015673307635500528,0.0,0.0,0.0,1.0,0.0,0.0,1.0
other,2,Bossaso,9,0.40951066357920374,0.5119278846309304,-0.258986095659389,0.5329253881748127,0.6840548783940469,-1.2479427697612975,0.376682682693506,0.44614041751362216,0.043804930016113075
other,2,Bungoma,9,0.016995284292432997,0.017784274683283256,0.0,0.0,0.0,1.0,0.007923229191443726,0.013723435519593409,0.0
other,2,Buno Bedele,9,0.03610943423377143,0.036923049352468075,0.0,0.0,0.0,1.0,0.005238114329571664,0.009072680154672708,0.0
other,2,Burji,9,0.6637443568971422,0.7893070293928502,-1.5231726259283116,0.6666666666666666,0.816496580927726,-1.7000000000000006,0.497371927045609,0.6905687632063545,-0.9313851277012348
other,2,Busia,9,0.03839124573601617,0.055621548036679166,0.0,0.0,0.0,1.0,0.0015041532913551887,0.0026052699229991397,0.0
other,2,Caluula,9,0.3690834840138753,0.5011906871934879,-0.4533257499491381,0.4444444444444444,0.6666666666666666,-1.5714285714285716,0.4079166675666866,0.4252260433872325,-0.04615658756825769
other,2,Central Gondar,9,0.1425795268590848,0.173825905207015,-1.1243722031660348,0.1582932659446925,0.20364055867710829,-1.9156149636870436,0.10678465315653368,0.13915331759640795,-0.3614093867670647
other,2,Central Tigray,9,0.8539251252230948,1.072255203494409,0.3098131287704824,0.5133107231147181,0.8976179656017456,0.5163252214492726,1.4159798705729303,1.6864633509726463,-0.7073563911528984
other,2,Dawuro,9,0.5590478738292407,0.6336303157565562,-0.3217800036278142,0.6106110104340361,0.7444767599081752,-0.8246920175386412,0.536214226557127,0.6274237492064138,-0.2960124964964954
other,2,Derashe,9,0.701191676987542,0.8376723180808107,-1.8418643955394596,0.6666666666666666,0.816496580927726,-1.7000000000000006,0.5654289311572815,0.7340805528375002,-1.1824407451195502
other,2,Dire Dawa rural,9,0.5146240128411187,0.6306125891876282,-1.3008179463568483,0.11735971137114884,0.33386002479781673,0.35510972794300677,0.3452019607456137,0.45698462559091013,-0.20825934215311515
other,2,Dire Dawa urban,9,0.33013934559292263,0.4363518871014117,-0.9278300649417515,0.3333333333333333,0.5773502691896257,-2.3749999999999996,1.083085469915987,1.1493731501806397,-12.375718713356191
other,2,East Gojam,9,0.11030862043559224,0.12614565907486455,-1.3881718316414724,0.11142253344624106,0.1342505565979692,-1.7049120032317027,0.09631953909158297,0.09946644953807944,-0.48482128075980424
other,2,East Shewa,9,0.20853042984791326,0.24382617240664303,-0.6403030000673238,0.19917439565979078,0.2473393181742931,-0.6879118238977664,0.13971760192472157,0.19243963843067657,-0.021768480446626715
other,2,East Wellega,9,0.0702781475745163,0.08072945742801385,-3.3040267403264636,0.014913349892300741,0.04141877942580265,-0.1329362854660634,0.06768317885410578,0.09711426454753928,-5.22840643475856
other,2,Eastern Tigray,9,0.930738396279659,1.0360289023414821,0.1259287140425861,0.6658935631867947,0.9160275857071871,0.3166861618189244,1.2408095800308683,1.5031406000102372,-0.8399343259988648
other,2,Elgeyo Marakwet,9,0.021061221758524578,0.021732892488604796,0.0,0.0,0.0,1.0,0.03822869292343226,0.06568889103924046,0.0
other,2,Embu,9,0.11388817915646937,0.14264796770578697,0.24590949113646488,0.09769322507683682,0.18861016966750835,-0.31832506362628754,0.14258958919493528,0.1840929067456097,-0.25593281415796776
other,2,Finfine Special,9,0.09627942163575248,0.12871835149458982,-0.38127250928254086,0.058541893152679575,0.12418610889527412,-0.2857142857142856,0.06195231461409451,0.12225269659524156,-0.2459922038211806
other,2,Gamo,9,0.5938097734053479,0.7179435151036593,-0.7933817179474043,0.642310806954262,0.8097945781663873,-1.2816126364718965,0.4661709678165447,0.5177016048501771,0.0674949195020681
other,2,Gedeo,9,0.40666856256562245,0.5030131509087411,0.02522375817686251,0.5141574889945415,0.6216656646254473,-0.48888110823093633,0.3834140668686139,0.511426099457329,-0.007655388218765102
other,2,Gofa,9,0.4729129838827405,0.5178769958733288,-1.9079692496836511,0.40181732686122573,0.5226272989878405,-1.9615614723801404,0.2407405049660395,0.28899460563125284,0.09444247829819596
other,2,Guraghe,9,0.17852410547130101,0.22663518105410715,-0.3109552040819781,0.11856684467979621,0.18544424218611383,0.12227209734772415,0.23601818974968905,0.24565926419635448,-0.5402793425391184
other,2,Hadiya,9,0.4180415773941969,0.5113893423964513,-1.0186167441148921,0.5348498781684847,0.6159243744803568,-1.9282308234080197,0.33573115525957253,0.38052214390270916,-0.11766176865785627
other,2,Halaba,9,0.3886796748710393,0.42902623290405106,-2.6068131867414874,0.2546857551698925,0.3818105406344787,-1.856615447186496,0.1622397462286052,0.27621169531736667,-0.49499616876920505
other,2,Harari,9,0.3886578612857395,0.4302888783584658,-20.39468103437796,0.0318920091459467,0.07751123612670546,0.305751580198276,0.1544929437850429,0.18480164900508336,-2.946365068957868
other,2,Homa Bay,9,0.015895591841803655,0.016525673128463193,0.0,0.0,0.0,1.0,0.0,0.0,1.0
other,2,Horo Gudru Wellega,9,0.03222840362124973,0.03329761225500912,0.0,0.0,0.0,1.0,0.0010103749593422713,0.001455749306701479,0.0
other,2,Ilu Aba Bora,9,0.03287722004784478,0.03405287527725455,0.0,0.00019192194817590428,0.0005757658445277128,0.0,0.00043646799523688884,0.00043651739613441464,0.0
other,2,Itang Special woreda,9,0.039986862076653376,0.050777158699619455,0.0,0.0,0.0,1.0,0.12917641821300418,0.22374011948468892,0.0
other,2,Jamaame,9,0.507792312096261,0.6204579908939765,-1.5238925116712716,0.34596041998294363,0.5062800502868421,-0.6804582214940256,0.7276850306735798,0.8684110737035541,-3.9442087202964116
other,2,Jimma,9,0.03392561276753744,0.03589204542503355,0.0,0.0,0.0,1.0,0.00019851320002365705,0.0003438349484140573,0.0
other,2,Kakamega,9,0.016194290584988065,0.01701308357664082,0.0,0.0,0.0,1.0,0.0,0.0,1.0
other,2,Kamashi,9,0.2830679377241711,0.3426296715493867,0.49253465464660484,0.1749506134569035,0.33585094406925403,0.5124158305943836,0.4365768480540782,0.5203108962403766,-0.17025981348229813
other,2,Kefa,9,0.03295005692376031,0.03356590130255657,0.0,0.0,0.0,1.0,0.00021449582030993083,0.0003715176587879645,0.0
other,2,Kellem Wollega,9,0.10947579970138996,0.13465505279388823,-1.8611509225195113,0.05038955449724855,0.09329273638537361,-0.37338127299745816,0.07299326041157965,0.08991407762047039,-0.27570672464319657
other,2,Kembata Tembaro,9,0.452374069347073,0.5986658087102069,-1.0335919154521456,0.6042806828465133,0.705064565062564,-1.820672558209889,0.5257901862917185,0.6146330741938275,-1.143516096876735
other,2,Kericho,9,0.014467583762274848,0.01566210455377819,0.0,0.0,0.0,1.0,0.0,0.0,1.0
other,2,Kiambu,9,0.055324725850399714,0.07377030189093682,-0.9889822314734142,0.036987170664422475,0.07846163758115182,-1.2500000000000004,0.07170825893132575,0.10758028975950425,-3.2299302034456305
other,2,Kilifi,9,0.30127716909360186,0.3331925446351403,-1.107876075488336,0.12267258981795212,0.2602221701242131,-0.285710269389263,0.2895770591703543,0.3472724874831434,-1.289788025169193
other,2,Kirinyaga,9,0.021602537896898057,0.02305002530379908,0.0,0.0,0.0,1.0,0.03787846745036368,0.06560743013687384,0.0
other,2,Kisii,9,0.015003641446431478,0.01671055740530203,0.0,0.0,0.0,1.0,0.0,0.0,1.0
other,2,Kisumu,9,0.01590598954094781,0.017035522407273084,0.0,0.0,0.0,1.0,0.0,0.0,1.0
other,2,Kitui,9,0.5227047772987421,0.6639991002557144,-0.1654121862878477,0.49438727272725225,0.8290140792976222,-0.8166379643855821,0.5457156113500948,0.5948192854865041,0.06477812780666237
other,2,Konso,9,0.5816020417611016,0.7285373312805462,-1.338716756655562,0.39689544193903425,0.5923875344844434,-0.5462717751640562,0.5143722723131788,0.6800070782067928,-1.0375152731398645
other,2,Konta Special,9,0.03289867771996392,0.033234219903286,0.0,0.0007099746971127462,0.0021299240913382387,0.0,0.0371279327488887,0.05553638718796964,0.0
other,2,Kwale,9,0.3665576951171387,0.3893074657274526,-494421822.8841879,1.650698113062374e-05,2.4760471695935614e-05,-1.0000000000000004,0.4069036790520604,0.4628325293789377,-698811297.0662334
other,2,Machakos,9,0.05688222797266632,0.07467833968052803,-719.9025269332068,0.0024395723929447025,0.003759580384940956,-0.8271154520611945,0.4154542545358665,0.47943043425965004,-29711.44833386396
other,2,Majang,9,0.025535411304897733,0.02658811660167211,0.0,0.0,0.0,1.0,0.0224453088870414,0.03887641538393296,0.0
other,2,Makueni,9,0.46104596174348167,0.5720042762535269,-0.07556745029064582,0.4452729647012073,0.6947705700708928,-0.586799033427013,0.5125532061137604,0.5868203508616977,-0.13200783588271015
other,2,Mao Komo Special,9,0.06412010738736286,0.09141788946243602,-406.46448150636854,0.0024207630944621528,0.004528833057012029,0.0,0.003792528847990701,0.004621692599298859,-0.04142857142857026
other,2,Marka,9,0.5574536182517816,0.6552817111431313,-0.3759447251618051,0.7005851652247822,0.8631382311388723,-1.3872923165928976,0.5037589040638619,0.5690331679035481,-0.037576331548057285
other,2,Mekelle Tigray,9,0.6476180583229119,0.8148541125153653,0.06568667104482018,0.5850888477393474,0.8866763884968858,-0.10627502622402996,0.9351611008237258,1.0806293465733596,-0.6431845241612397
other,2,Meru,9,0.35808807689388544,0.49442044057281115,-0.28584633393505876,0.40280782094509016,0.636625316544368,-1.1318863391827327,0.3853692674928828,0.4827199381487165,-0.22570712549880456
other,2,Metekel,9,0.21957668997202578,0.3609413508317696,0.20248976625120296,0.21614930393873652,0.458305827676447,-0.2858009587005572,0.21773797142489432,0.4584211662639279,-0.28644821700938894
other,2,Migori,9,0.01532080438401964,0.016291219980401294,0.0,0.0,0.0,1.0,0.0029463931277963575,0.0051033025964150715,0.0
other,2,Mirab Omo,9,0.05457778590600783,0.0650107861320142,-0.7376057471215485,0.01756740153594362,0.05219533718494124,-0.12006654071399803,0.02800856926500608,0.05524977734210544,-0.2549934905776514
other,2,Mombasa,9,0.22904394107508125,0.3899443932416782,-0.5584734272857415,0.2222222222222222,0.4675618289525798,-1.2406402786308166,0.22154010919744038,0.38138753653617,-0.4908262608103504
other,2,Muranga,9,0.023737563027275935,0.024184227015600863,0.0,0.0,0.0,1.0,0.04094244310749636,0.07091439164818188,0.0
other,2,Nairobi,9,0.21851223542156614,0.3710825480765864,-0.4080321492020309,0.22113080489362869,0.4690892750085727,-1.25,0.22169796532858146,0.38350190815958657,-0.5038570955702788
other,2,Nakuru,9,0.014893041716681587,0.01645592104990262,0.0,0.0,0.0,1.0,0.000641992721377734,0.0007223262554970991,0.0
other,2,Nandi,9,0.014413952827453613,0.015308322414344199,0.0,0.0,0.0,1.0,0.0,0.0,1.0
other,2,North Gondar,9,0.5288925324950517,0.6037366934439727,-0.21061036504254926,0.5991870983345409,0.7366525752567773,-0.8023314750444259,0.35501374054331564,0.49396843727464745,0.18958467631519083
other,2,North Shewa (AM),9,0.1790518717987576,0.27048442968308145,0.3232851329635569,0.3437349178482627,0.4357671595933077,-0.7564272763810618,0.32519104938150584,0.38541207998648214,-0.37395282916073946
other,2,North Shewa (OR),9,0.10666523377191692,0.13342844819409314,0.5730180819377428,0.09928494013489196,0.1867528410753343,0.16353639649237794,0.35872590456362397,0.3696969762886609,-2.2779657437384393
other,2,North Wello,9,0.557307939436874,0.8322373879230455,0.09381155150412634,0.6374333313173509,0.7804700042859433,0.20304002633246454,0.6971333576871283,0.8882596728457491,-0.03229534272226231
other,2,North Western Tigray,9,0.90391980050803,1.174057886007805,0.19271121538578928,0.42824669713201985,0.8021106118463425,0.6231934676552287,1.4130569921873566,1.771550434745172,-0.8380483901002211
other,2,Nyamira,9,0.015091419219970703,0.016401405418622665,0.0,0.0,0.0,1.0,0.0,0.0,1.0
other,2,Nyandarua,9,0.028318518345554225,0.03500060718157383,-4.243641035224407,0.0036026564455699083,0.010807969336709725,0.5,0.04166170159295193,0.058630627679418415,-13.714004475823877
other,2,Nyeri,9,0.11106030732044934,0.13410084786083307,-0.3014483423055552,0.05256940411893475,0.11151654640630435,0.10000000000000009,0.1385763321898436,0.15001547193504478,-0.6286808587506421
other,2,Oromia,9,0.46345904116208353,0.562303965234191,0.15383646293216335,0.6968193379956535,0.8251378824289465,-0.822070039634615,0.5029072056425209,0.6342896614467468,-0.0766815722916796
other,2,Qandala,9,0.3621920916597487,0.46800232000066283,-0.23277319558594645,0.46306035391344064,0.6674459533928706,-1.5073755094062369,0.40958900260717146,0.4280870272527265,-0.03145742203720436
other,2,Region 14,9,0.048848364088270396,0.04937124374630736,0.0,0.0,0.0,1.0,0.11111111111111109,0.1924500897298752,0.0
other,2,Sheka,9,0.03927991125318739,0.044932107249565915,0.0,0.0,0.0,1.0,0.007960634939486363,0.013788224175698374,0.0
other,2,Siaya,9,0.017009483443366155,0.017927889467573687,0.0,0.0,0.0,1.0,0.0,0.0,1.0
other,2,Sidama,9,0.4189420403375139,0.469368219622303,-0.5901768352879719,0.5186954634512728,0.588396484738995,-1.498953645220384,0.29684375299192145,0.3510921708970086,0.11026566271157967
other,2,Siltie,9,0.35225826170607616,0.4261255628557355,-0.5512015994694535,0.4584807753106832,0.5164340077684497,-1.27836203245734,0.290665916603352,0.3549835769326089,-0.07648898538780857
other,2,South Eastern Tigray,9,1.0425453742782227,1.2026279465028453,0.0366204914741709,0.738525910711171,1.1047626988056605,0.1870331710678812,1.3360062518529077,1.5594809550382005,-0.6199252384231644
other,2,South Gondar,9,0.16738189114604338,0.1951644432932088,0.18079190078029683,0.1750123609869506,0.24318190231388342,-0.27190696654523006,0.18652145210027882,0.23251845168269372,-0.1628071349050808
other,2,South Wello,9,0.3731665429739775,0.4842579886011123,0.07380770395686997,0.4682960111187113,0.5521804226511587,-0.2042303994068897,0.4965617763776024,0.55531764640242,-0.21795298816876407
other,2,South West Shewa,9,0.06800083636375308,0.08065169355963411,-1.220688178651233,0.053313791469707224,0.08531969506416964,-1.4851876528256849,0.03036874206950367,0.05666938740747,-0.09637123843778617
other,2,Southern Tigray,10,0.8433512954702597,1.0203058936807106,-0.004834901931329183,0.6181749690888166,0.7753662493532357,0.41970649931481974,1.044912710544158,1.2676886187034442,-0.5511689518100402
other,2,Taita Taveta,10,0.40557925776041015,0.4994074559825132,-0.2354260884891224,0.46563375701781223,0.6432355810960023,-1.0494949084601797,0.38742004593854,0.4466839530610232,0.011657602314031235
other,2,Tharaka-Nithi,10,0.33417025788424237,0.4251633866519902,-0.3876267756767593,0.3146407788134156,0.4953665055399752,-0.8837108194721215,0.4029438794157897,0.49619470558372464,-0.8900148126460259
other,2,Trans Nzoia,10,0.020588816894715346,0.021844497510141826,-5129.227320724281,0.00022873626109165546,0.0004176133663976365,-0.875,0.0007827436046194735,0.0012316542330009928,-15.309103866847003
other,2,Uasin Gishu,10,0.01498125195503235,0.0183981874836634,0.0,0.0,0.0,1.0,0.0,0.0,1.0
other,2,Vihiga,10,0.03862928152084351,0.055757308142828026,0.0,0.0,0.0,1.0,0.0,0.0,1.0
other,2,Wag Hamra,10,0.6061146406999015,0.8532385904452345,-0.1473514246433585,0.7201212608039412,0.9156680643695152,-0.32139182399195,0.6512984001811745,0.9130157624891347,-0.3137478877278461
other,2,Welayta,10,0.4351595378959554,0.49339712683839515,-1.2839406864690432,0.47351357809649075,0.5903041240838381,-2.269213047916307,0.24992772437216287,0.2934690057514214,0.19199123803520735
other,2,West Arsi,10,0.23041313533355176,0.26094539612589057,-0.14310888148554501,0.27205364788940256,0.3518996600858907,-1.0788636993828442,0.2526967497487278,0.2989465842020937,-0.5002910278331949
other,2,West Gojam,10,0.03135260343551636,0.032889847952263185,0.0,0.0,0.0,1.0,0.0,0.0,1.0
other,2,West Gondar,10,0.05631096173176262,0.07360034030842316,-822.0265719080726,0.002433851904576456,0.0031420892978532727,-0.4999999999999456,0.003511268483695207,0.004267749106595998,-1.7672727868400187
other,2,West Hararge,10,0.3082227167859268,0.3841245461726768,-0.12510228249003652,0.3611720360940471,0.4690734445629956,-0.6777590096323249,0.28753266400894667,0.35714871691514066,0.02737355427937993
other,2,West Shewa,10,0.03750123977661133,0.03792402224598355,0.0,0.0,0.0,1.0,0.04009496331873674,0.07276646987709441,0.0
other,2,West Wellega,10,0.04563297746855881,0.05888346859814126,-0.18960825560900352,0.017995758039542696,0.05690758362624138,-0.11111111111111116,0.017995758039542696,0.05690758362624138,-0.11111111111111116
other,2,Western Tigray,10,0.5065236447088051,0.6487256849024423,0.500705686476406,0.26195065932117456,0.46817669842874615,0.7399516977522884,0.9309616778574176,1.3070446469568964,-1.02682045671235
other,2,Yem Special,10,0.0345895528793335,0.03533739326209351,0.0,0.0,0.0,1.0,0.029268375090882114,0.053436497529328164,0.0
other,3,Agnewak,9,0.39829973772116056,0.4507814470018394,-28.348464401016944,0.04447739261772021,0.09435079778845935,-0.2857142857142858,0.10821627903452691,0.17203147501783578,-3.2743407594933505
other,3,Amaro,9,0.36952969763014054,0.48943728622135046,-0.38596124490295236,0.549968001176388,0.7380118113368388,-2.1512554376776585,0.42830453439208244,0.5393954727104344,-0.683338968172968
other,3,Arsi,9,0.22749623759432197,0.3050674643898831,-0.4070140256006529,0.2856970587237865,0.34285494379097153,-0.7771638651718844,0.2361148730556768,0.2828995505451884,-0.20996040014520378
other,3,Asosa,9,0.12804731458001825,0.13960554216467722,-74312.73624320133,0.0006990177944704455,0.0008366923546814787,-1.6692876603308955,0.03507345564552554,0.06017795355924882,-13807.248913199863
other,3,Awi,9,0.11325780550638835,0.12088152822455085,0.0,0.0,0.0,1.0,1.3412953278280071e-05,2.3231916557528616e-05,0.0
other,3,Banadir,9,0.20994049972958034,0.309174575706348,0.03216220258509683,0.1111111111111111,0.3333333333333333,-0.125,0.5111111111111112,0.5981452814975454,-2.6225000000000005
other,3,Basketo,9,0.3389019038942125,0.40237637334785714,-0.6393058015143127,0.242737369875525,0.47540515749343054,-1.2883518956849542,0.3552186785657121,0.3785045467004688,-0.4505651302133893
other,3,Bench Sheko,9,0.10635601149664985,0.10846915399875978,0.0,0.0,0.0,1.0,0.0038007368907631753,0.006583069401003181,0.0
other,3,Bomet,9,0.010273483064439561,0.0106469044465399,0.0,0.0,0.0,1.0,0.0,0.0,1.0
other,3,Bossaso,9,0.41995265937815307,0.45934416286209545,-0.013630722624184965,0.5329253881748127,0.6840548783940469,-1.2479427697612975,0.376682682693506,0.44614041751362216,0.043804930016113075
other,3,Bungoma,9,0.015226178699069552,0.01580674558500851,0.0,0.0,0.0,1.0,0.007923229191443726,0.013723435519593409,0.0
other,3,Buno Bedele,9,0.10371245278252496,0.10813225028698217,0.0,0.0,0.0,1.0,0.005238114329571664,0.009072680154672708,0.0
other,3,Burji,9,0.6032718420028687,0.7804775748768282,-1.4670382417867414,0.6666666666666666,0.816496580927726,-1.7000000000000006,0.497371927045609,0.6905687632063545,-0.9313851277012348
other,3,Busia,9,0.013941566149393717,0.014958000779887032,0.0,0.0,0.0,1.0,0.0015041532913551887,0.0026052699229991397,0.0
other,3,Caluula,9,0.3679482142130534,0.41787389277068965,-0.010293272214694005,0.4444444444444444,0.6666666666666666,-1.5714285714285716,0.4079166675666866,0.4252260433872325,-0.04615658756825769
other,3,Central Gondar,9,0.243996207800926,0.26312551698647735,-3.867741911124768,0.1582932659446925,0.20364055867710829,-1.9156149636870436,0.10678465315653368,0.13915331759640795,-0.3614093867670647
other,3,Central Tigray,9,1.0208347271763893,1.2626862588290493,0.04289127015608363,0.5133107231147181,0.8976179656017456,0.5163252214492726,1.4159798705729303,1.6864633509726463,-0.7073563911528984
other,3,Dawuro,9,0.4828665680498896,0.536363166744802,0.0528796359621736,0.6106110104340361,0.7444767599081752,-0.8246920175386412,0.536214226557127,0.6274237492064138,-0.2960124964964954
other,3,Derashe,9,0.7053330077065362,0.8580621326176512,-1.9818960249010242,0.6666666666666666,0.816496580927726,-1.7000000000000006,0.5654289311572815,0.7340805528375002,-1.1824407451195502
other,3,Dire Dawa rural,9,0.4168238639831543,0.5028818633913485,-0.46315026076888266,0.11735971137114884,0.33386002479781673,0.35510972794300677,0.3452019607456137,0.45698462559091013,-0.20825934215311515
other,3,Dire Dawa urban,9,0.5301514201694064,0.5968805397208544,-2.607197084311767,0.3333333333333333,0.5773502691896257,-2.3749999999999996,1.083085469915987,1.1493731501806397,-12.375718713356191
other,3,East Gojam,9,0.14488432142469618,0.17066287300407135,-3.3711836788627663,0.11142253344624106,0.1342505565979692,-1.7049120032317027,0.09631953909158297,0.09946644953807944,-0.48482128075980424
other,3,East Shewa,9,0.10508384083591192,0.12373441941618035,0.5775799859401873,0.19917439565979078,0.2473393181742931,-0.6879118238977664,0.13971760192472157,0.19243963843067657,-0.021768480446626715
other,3,East Wellega,9,0.17712906362323083,0.18131850113452308,-20.71176522467052,0.014913349892300741,0.04141877942580265,-0.1329362854660634,0.06768317885410578,0.09711426454753928,-5.22840643475856
other,3,Eastern Tigray,9,1.0367283557845282,1.1878901808685256,-0.14909436789128416,0.6658935631867947,0.9160275857071871,0.3166861618189244,1.2408095800308683,1.5031406000102372,-0.8399343259988648
other,3,Elgeyo Marakwet,9,0.037716971503363714,0.05539528304950835,0.0,0.0,0.0,1.0,0.03822869292343226,0.06568889103924046,0.0
other,3,Embu,9,0.18516931541317716,0.23551925294723583,-1.0556308537544044,0.09769322507683682,0.18861016966750835,-0.31832506362628754,0.14258958919493528,0.1840929067456097,-0.25593281415796776
other,3,Finfine Special,9,0.17461211151546902,0.21205156904352562,-2.7487062545614447,0.058541893152679575,0.12418610889527412,-0.2857142857142856,0.06195231461409451,0.12225269659524156,-0.2459922038211806
other,3,Gamo,9,0.5418070785032152,0.7033195225828643,-0.7210660166911302,0.642310806954262,0.8097945781663873,-1.2816126364718965,0.4661709678165447,0.5177016048501771,0.0674949195020681
other,3,Gedeo,9,0.45972474635625105,0.5772635531170242,-0.2837916094344095,0.5141574889945415,0.6216656646254473,-0.48888110823093633,0.3834140668686139,0.511426099457329,-0.007655388218765102
other,3,Gofa,9,0.4216028160967083,0.4567751657438934,-1.262254899074002,0.40181732686122573,0.5226272989878405,-1.9615614723801404,0.2407405049660395,0.28899460563125284,0.09444247829819596
other,3,Guraghe,9,0.17179061642806817,0.19947701566143658,-0.015591183155836186,0.11856684467979621,0.18544424218611383,0.12227209734772415,0.23601818974968905,0.24565926419635448,-0.5402793425391184
other,3,Hadiya,9,0.38417144992820706,0.4715551881562139,-0.7163884382761339,0.5348498781684847,0.6159243744803568,-1.9282308234080197,0.33573115525957253,0.38052214390270916,-0.11766176865785627
other,3,Halaba,9,0.25687902332074636,0.28389602668058483,-0.5793361688577565,0.2546857551698925,0.3818105406344787,-1.856615447186496,0.1622397462286052,0.27621169531736667,-0.49499616876920505
other,3,Harari,9,0.28107151720258927,0.3090111843330514,-10.03402519019627,0.0318920091459467,0.07751123612670546,0.305751580198276,0.1544929437850429,0.18480164900508336,-2.946365068957868
other,3,Homa Bay,9,0.012108643849690756,0.012419156174292505,0.0,0.0,0.0,1.0,0.0,0.0,1.0
other,3,Horo Gudru Wellega,9,0.0985668765174018,0.10278879667092636,0.0,0.0,0.0,1.0,0.0010103749593422713,0.001455749306701479,0.0
other,3,Ilu Aba Bora,9,0.10702276229858398,0.10919357723522073,0.0,0.00019192194817590428,0.0005757658445277128,0.0,0.00043646799523688884,0.00043651739613441464,0.0
other,3,Itang Special woreda,9,0.11657875114017063,0.12343157018260824,0.0,0.0,0.0,1.0,0.12917641821300418,0.22374011948468892,0.0
other,3,Jamaame,9,0.5005326046402911,0.5484255178209779,-0.9718841611201281,0.34596041998294363,0.5062800502868421,-0.6804582214940256,0.7276850306735798,0.8684110737035541,-3.9442087202964116
other,3,Jimma,9,0.17194578382703993,0.18313545880952556,0.0,0.0,0.0,1.0,0.00019851320002365705,0.0003438349484140573,0.0
other,3,Kakamega,9,0.013032277425130209,0.013493089578150532,0.0,0.0,0.0,1.0,0.0,0.0,1.0
other,3,Kamashi,9,0.3863184491471668,0.4547406154292898,0.10611028508543519,0.1749506134569035,0.33585094406925403,0.5124158305943836,0.4365768480540782,0.5203108962403766,-0.17025981348229813
other,3,Kefa,9,0.10010159015655518,0.10300766959660304,0.0,0.0,0.0,1.0,0.00021449582030993083,0.0003715176587879645,0.0
other,3,Kellem Wollega,9,0.18957066698383354,0.20842330251480948,-5.854692925339958,0.05038955449724855,0.09329273638537361,-0.37338127299745816,0.07299326041157965,0.08991407762047039,-0.27570672464319657
other,3,Kembata Tembaro,9,0.37710663108204723,0.5211864966430928,-0.5412788057994675,0.6042806828465133,0.705064565062564,-1.820672558209889,0.5257901862917185,0.6146330741938275,-1.143516096876735
other,3,Kericho,9,0.010512948036193848,0.011074239763596854,0.0,0.0,0.0,1.0,0.0,0.0,1.0
other,3,Kiambu,9,0.08507188082798625,0.11352371925349672,-3.710217958258059,0.036987170664422475,0.07846163758115182,-1.2500000000000004,0.07170825893132575,0.10758028975950425,-3.2299302034456305
other,3,Kilifi,9,0.29617172023888044,0.3449416572014435,-1.2591538885247724,0.12267258981795212,0.2602221701242131,-0.285710269389263,0.2895770591703543,0.3472724874831434,-1.289788025169193
other,3,Kirinyaga,9,0.0343095064163208,0.05025049089235539,0.0,0.0,0.0,1.0,0.03787846745036368,0.06560743013687384,0.0
other,3,Kisii,9,0.012978514035542807,0.01410671025151804,0.0,0.0,0.0,1.0,0.0,0.0,1.0
other,3,Kisumu,9,0.012088325288560655,0.01233941064491,0.0,0.0,0.0,1.0,0.0,0.0,1.0
other,3,Kitui,9,0.49210583221088533,0.6260038833895759,-0.03585419207717511,0.49438727272725225,0.8290140792976222,-0.8166379643855821,0.5457156113500948,0.5948192854865041,0.06477812780666237
other,3,Konso,9,0.5271273737085979,0.7315726378113353,-1.3582449528097276,0.39689544193903425,0.5923875344844434,-0.5462717751640562,0.5143722723131788,0.6800070782067928,-1.0375152731398645
other,3,Konta Special,9,0.10556832949320476,0.10887144996329108,0.0,0.0007099746971127462,0.0021299240913382387,0.0,0.0371279327488887,0.05553638718796964,0.0
other,3,Kwale,9,0.32648995616026344,0.37881049378851994,-468118893.2183484,1.650698113062374e-05,2.4760471695935614e-05,-1.0000000000000004,0.4069036790520604,0.4628325293789377,-698811297.0662334
other,3,Machakos,9,0.05499815164226946,0.07059661752773044,-643.2508897927332,0.0024395723929447025,0.003759580384940956,-0.8271154520611945,0.4154542545358665,0.47943043425965004,-29711.44833386396
other,3,Majang,9,0.11247165997823079,0.11411091282178983,0.0,0.0,0.0,1.0,0.0224453088870414,0.03887641538393296,0.0
other,3,Makueni,9,0.4801283918351721,0.5773003589611463,-0.0955766176467745,0.4452729647012073,0.6947705700708928,-0.586799033427013,0.5125532061137604,0.5868203508616977,-0.13200783588271015
other,3,Mao Komo Special,9,0.15286575439392752,0.16288144926273762,-1292.5124881341494,0.0024207630944621528,0.004528833057012029,0.0,0.003792528847990701,0.004621692599298859,-0.04142857142857026
other,3,Marka,9,0.48927267306728595,0.5693775638187213,-0.03883265615607567,0.7005851652247822,0.8631382311388723,-1.3872923165928976,0.5037589040638619,0.5690331679035481,-0.037576331548057285
other,3,Mekelle Tigray,9,0.7627683907737786,0.8939522470207709,-0.12450518369773711,0.5850888477393474,0.8866763884968858,-0.10627502622402996,0.9351611008237258,1.0806293465733596,-0.6431845241612397
other,3,Meru,9,0.34167373452887007,0.4986625389977293,-0.30800596450283546,0.40280782094509016,0.636625316544368,-1.1318863391827327,0.3853692674928828,0.4827199381487165,-0.22570712549880456
other,3,Metekel,9,0.2891378138199872,0.38401315722605833,0.09727557111699536,0.21614930393873652,0.458305827676447,-0.2858009587005572,0.21773797142489432,0.4584211662639279,-0.28644821700938894
other,3,Migori,9,0.01315074496799045,0.013640889442889749,0.0,0.0,0.0,1.0,0.0029463931277963575,0.0051033025964150715,0.0
other,3,Mirab Omo,9,0.10251912947450907,0.1080172395000105,-3.796965084038427,0.01756740153594362,0.05219533718494124,-0.12006654071399803,0.02800856926500608,0.05524977734210544,-0.2549934905776514
other,3,Mombasa,9,0.2717594905440754,0.3858299270966431,-0.5257587279056914,0.2222222222222222,0.4675618289525798,-1.2406402786308166,0.22154010919744038,0.38138753653617,-0.4908262608103504
other,3,Muranga,9,0.03820203410254584,0.058758460085596195,0.0,0.0,0.0,1.0,0.04094244310749636,0.07091439164818188,0.0
other,3,Nairobi,9,0.24484834903342323,0.3796987746613725,-0.47417792009547255,0.22113080489362869,0.4690892750085727,-1.25,0.22169796532858146,0.38350190815958657,-0.5038570955702788
other,3,Nakuru,9,0.04304868645138211,0.06975425968034882,0.0,0.0,0.0,1.0,0.000641992721377734,0.0007223262554970991,0.0
other,3,Nandi,9,0.010538458824157715,0.011112331089090351,0.0,0.0,0.0,1.0,0.0,0.0,1.0
other,3,North Gondar,9,0.45703435160125966,0.5227826598860479,0.09228065227719795,0.5991870983345409,0.7366525752567773,-0.8023314750444259,0.35501374054331564,0.49396843727464745,0.18958467631519083
other,3,North Shewa (AM),9,0.262865057798212,0.2944784412414379,0.19790060529584874,0.3437349178482627,0.4357671595933077,-0.7564272763810618,0.32519104938150584,0.38541207998648214,-0.37395282916073946
other,3,North Shewa (OR),9,0.1252779359751913,0.1432038881121412,0.5081618267233341,0.09928494013489196,0.1867528410753343,0.16353639649237794,0.35872590456362397,0.3696969762886609,-2.2779657437384393
other,3,North Wello,9,0.5580382693977585,0.78285545202362,0.1981608851741845,0.6374333313173509,0.7804700042859433,0.20304002633246454,0.6971333576871283,0.8882596728457491,-0.03229534272226231
other,3,North Western Tigray,9,1.0848109699501007,1.3682414820599769,-0.0964161028596382,0.42824669713201985,0.8021106118463425,0.6231934676552287,1.4130569921873566,1.771550434745172,-0.8380483901002211
other,3,Nyamira,9,0.010492801666259766,0.011064061466807926,0.0,0.0,0.0,1.0,0.0,0.0,1.0
other,3,Nyandarua,9,0.041284608124030515,0.06544832897740978,-17.334915884408463,0.0036026564455699083,0.010807969336709725,0.5,0.04166170159295193,0.058630627679418415,-13.714004475823877
other,3,Nyeri,9,0.16680849184244234,0.19085777868728376,-1.6362319369708151,0.05256940411893475,0.11151654640630435,0.10000000000000009,0.1385763321898436,0.15001547193504478,-0.6286808587506421
other,3,Oromia,9,0.4264901401808162,0.5025226517637013,0.3241920438896503,0.6968193379956535,0.8251378824289465,-0.822070039634615,0.5029072056425209,0.6342896614467468,-0.0766815722916796
other,3,Qandala,9,0.3736757344498013,0.4113360014955502,0.047685021818737794,0.46306035391344064,0.6674459533928706,-1.5073755094062369,0.40958900260717146,0.4280870272527265,-0.03145742203720436
other,3,Region 14,9,0.22701675362057155,0.24856848236431509,0.0,0.0,0.0,1.0,0.11111111111111109,0.1924500897298752,0.0
other,3,Sheka,9,0.11708074145846897,0.11892118712162979,0.0,0.0,0.0,1.0,0.007960634939486363,0.013788224175698374,0.0
other,3,Siaya,9,0.010622859001159668,0.010885189383045248,0.0,0.0,0.0,1.0,0.0,0.0,1.0
other,3,Sidama,9,0.39208572387701046,0.4451988280930886,-0.43062590975200243,0.5186954634512728,0.588396484738995,-1.498953645220384,0.29684375299192145,0.3510921708970086,0.11026566271157967
other,3,Siltie,9,0.2926235478644548,0.3817406256431324,-0.24488670834030746,0.4584807753106832,0.5164340077684497,-1.27836203245734,0.290665916603352,0.3549835769326089,-0.07648898538780857
other,3,South Eastern Tigray,9,1.139753251649269,1.2899550311038892,-0.1083679586453985,0.738525910711171,1.1047626988056605,0.1870331710678812,1.3360062518529077,1.5594809550382005,-0.6199252384231644
other,3,South Gondar,9,0.1669232533562417,0.2222115268043934,-0.06200365143736564,0.1750123609869506,0.24318190231388342,-0.27190696654523006,0.18652145210027882,0.23251845168269372,-0.1628071349050808
other,3,South Wello,9,0.2880293230776043,0.3972369733383611,0.37677207428423465,0.4682960111187113,0.5521804226511587,-0.2042303994068897,0.4965617763776024,0.55531764640242,-0.21795298816876407
other,3,South West Shewa,9,0.11400272103612992,0.13055301467913397,-4.81881309751552,0.053313791469707224,0.08531969506416964,-1.4851876528256849,0.03036874206950367,0.05666938740747,-0.09637123843778617
other,3,Southern Tigray,10,0.8670608099746111,1.0662327101438127,-0.09733169744790993,0.6181749690888166,0.7753662493532357,0.41970649931481974,1.044912710544158,1.2676886187034442,-0.5511689518100402
other,3,Taita Taveta,10,0.4128075368741797,0.49252074952946995,-0.20158856771920886,0.46563375701781223,0.6432355810960023,-1.0494949084601797,0.38742004593854,0.4466839530610232,0.011657602314031235
other,3,Tharaka-Nithi,10,0.3538435839920058,0.46840233546890137,-0.684220927641745,0.3146407788134156,0.4953665055399752,-0.8837108194721215,0.4029438794157897,0.49619470558372464,-0.8900148126460259
other,3,Trans Nzoia,10,0.016326405300324476,0.017030944367330356,-3117.386571583229,0.00022873626109165546,0.0004176133663976365,-0.875,0.0007827436046194735,0.0012316542330009928,-15.309103866847003
other,3,Uasin Gishu,10,0.018094241619110107,0.020423530259341783,0.0,0.0,0.0,1.0,0.0,0.0,1.0
other,3,Vihiga,10,0.012196755409240723,0.012792911327102752,0.0,0.0,0.0,1.0,0.0,0.0,1.0
other,3,Wag Hamra,10,0.7718868217037731,1.0305565235933294,-0.6737828500460235,0.7201212608039412,0.9156680643695152,-0.32139182399195,0.6512984001811745,0.9130157624891347,-0.3137478877278461
other,3,Welayta,10,0.399741204194871,0.450435188656027,-0.9035145929954256,0.47351357809649075,0.5903041240838381,-2.269213047916307,0.24992772437216287,0.2934690057514214,0.19199123803520735
other,3,West Arsi,10,0.2509617174105781,0.3116423756298341,-0.6304269061554475,0.27205364788940256,0.3518996600858907,-1.0788636993828442,0.2526967497487278,0.2989465842020937,-0.5002910278331949
other,3,West Gojam,10,0.12567989826202391,0.13899187675547178,0.0,0.0,0.0,1.0,0.0,0.0,1.0
other,3,West Gondar,10,0.13695301819691155,0.15057977502760694,-3443.986306690033,0.002433851904576456,0.0031420892978532727,-0.4999999999999456,0.003511268483695207,0.004267749106595998,-1.7672727868400187
other,3,West Hararge,10,0.33777246794227966,0.41074334633280585,-0.2864382938525267,0.3611720360940471,0.4690734445629956,-0.6777590096323249,0.28753266400894667,0.35714871691514066,0.02737355427937993
other,3,West Shewa,10,0.0986132264137268,0.10297088707009436,0.0,0.0,0.0,1.0,0.04009496331873674,0.07276646987709441,0.0
other,3,West Wellega,10,0.10261591194350388,0.10689317619401341,-2.9202806916602997,0.017995758039542696,0.05690758362624138,-0.11111111111111116,0.017995758039542696,0.05690758362624138,-0.11111111111111116
other,3,Western Tigray,10,0.6443982002965736,0.7957724119014395,0.24870207209393513,0.26195065932117456,0.46817669842874615,0.7399516977522884,0.9309616778574176,1.3070446469568964,-1.02682045671235
other,3,Yem Special,10,0.10181410312652588,0.10685806388782797,0.0,0.0,0.0,1.0,0.029268375090882114,0.053436497529328164,0.0
other,4,Agnewak,9,0.24472768169258252,0.3217375677265522,-13.950539495462134,0.08895478523544043,0.13343217785316064,-1.5714285714285716,0.10821627903452691,0.17203147501783578,-3.2743407594933505
other,4,Amaro,9,0.5151886145273844,0.6349161612068611,-1.3323286480495868,0.21663466784305457,0.45970436188853847,-0.22268400910622987,0.42830453439208244,0.5393954727104344,-0.683338968172968
other,4,Arsi,9,0.1855697323588483,0.2251245372068451,0.2337820744949316,0.35853979113330453,0.41902163464249154,-1.6544804759846032,0.2361148730556768,0.2828995505451884,-0.20996040014520378
other,4,Asosa,9,0.10208077625672181,0.1555107175514238,-92210.36016165237,0.0005602167699901726,0.0007257152174313818,-1.0081504053837547,0.03507345564552554,0.06017795355924882,-13807.248913199863
other,4,Awi,9,0.03362672858768039,0.033991343521499254,0.0,0.0,0.0,1.0,1.3412953278280071e-05,2.3231916557528616e-05,0.0
other,4,Banadir,9,0.16606426239013672,0.22245364894475245,0.498958037470544,0.2222222222222222,0.4714045207910317,-1.25,0.5111111111111112,0.5981452814975454,-2.6225000000000005
other,4,Basketo,9,0.3087883922788832,0.39621241935824825,-0.5894658476938783,0.242737369875525,0.47540515749343054,-1.2883518956849542,0.3552186785657121,0.3785045467004688,-0.4505651302133893
other,4,Bench Sheko,9,0.033156010839674205,0.03509850320623831,0.0,0.0,0.0,1.0,0.0038007368907631753,0.006583069401003181,0.0
other,4,Bomet,9,0.0404494735929701,0.04319917879536468,0.0,0.0,0.0,1.0,0.0,0.0,1.0
other,4,Bossaso,9,0.3530474257830467,0.43701414664345833,0.08252475929557945,0.4444444444444444,0.6783083364158793,-1.2103328113029397,0.376682682693506,0.44614041751362216,0.043804930016113075
other,4,Bungoma,9,0.047030382686191134,0.05110801256328269,0.0,0.0,0.0,1.0,0.007923229191443726,0.013723435519593409,0.0
other,4,Buno Bedele,9,0.041689117749532066,0.04407049343321418,0.0,0.0,0.0,1.0,0.005238114329571664,0.009072680154672708,0.0
other,4,Burji,9,0.7360575464036729,0.895219142582015,-2.245740118643376,0.5555555555555556,0.7453559924999299,-1.2500000000000004,0.497371927045609,0.6905687632063545,-0.9313851277012348
other,4,Busia,9,0.042250341839260526,0.04646326622747269,0.0,0.0,0.0,1.0,0.0015041532913551887,0.0026052699229991397,0.0
other,4,Caluula,9,0.32246759202745223,0.3850841916341134,0.14203738525954368,0.4444444444444444,0.6666666666666666,-1.5714285714285716,0.4079166675666866,0.4252260433872325,-0.04615658756825769
other,4,Central Gondar,9,0.20013732164193526,0.24593656149033133,-3.2525340951875865,0.146764839361211,0.1754936924354818,-1.165332699060305,0.10678465315653368,0.13915331759640795,-0.3614093867670647
other,4,Central Tigray,9,1.1911862192104536,1.5006474108767407,-0.3518474788337229,0.7292122323439221,1.2009017830380042,0.13426425720474333,1.4159798705729303,1.6864633509726463,-0.7073563911528984
other,4,Dawuro,9,0.5715420472697771,0.6803873001509746,-0.5240516283673282,0.7052363657772697,0.8630519858950223,-1.4522299618942673,0.536214226557127,0.6274237492064138,-0.2960124964964954
other,4,Derashe,9,0.7917683919270834,0.9457029906807334,-2.622134293659058,0.6517785907383975,0.799303076469584,-1.5874859026176535,0.5654289311572815,0.7340805528375002,-1.1824407451195502
other,4,Dire Dawa rural,9,0.4960668087005615,0.6405003963049479,-1.3735358122150307,0.33800166142733434,0.5749318823906153,-0.9124485871804664,0.3452019607456137,0.45698462559091013,-0.20825934215311515
other,4,Dire Dawa urban,9,0.4358174403508504,0.5789617375748913,-2.39386652245434,0.3710313394832936,0.5883226923572431,-2.5045013522175625,1.083085469915987,1.1493731501806397,-12.375718713356191
other,4,East Gojam,9,0.1218370066748725,0.1339856474350676,-1.6942476302473888,0.09779001647883177,0.1258707190987946,-1.3777729267152123,0.09631953909158297,0.09946644953807944,-0.48482128075980424
other,4,East Shewa,9,0.25446565670252763,0.2745247129530085,-1.0793439309964912,0.2666066167949246,0.3416344257222797,-2.2202285131431982,0.13971760192472157,0.19243963843067657,-0.021768480446626715
other,4,East Wellega,9,0.13124628227659182,0.16752555954923226,-17.534165979161433,0.08278958156954107,0.2077983655600903,-27.516429560733016,0.06768317885410578,0.09711426454753928,-5.22840643475856
other,4,Eastern Tigray,9,1.2050023778307344,1.4321557499323985,-0.6702582018973584,0.7891906733218321,1.191974722259017,-0.15701023904791955,1.2408095800308683,1.5031406000102372,-0.8399343259988648
other,4,Elgeyo Marakwet,9,0.05043547683291965,0.05849769690231899,0.0,0.0,0.0,1.0,0.03822869292343226,0.06568889103924046,0.0
other,4,Embu,9,0.19695470105711024,0.22328118230292374,-0.8475514597346883,0.22940090155369328,0.30891515041104484,-2.5364759908840586,0.14258958919493528,0.1840929067456097,-0.25593281415796776
other,4,Finfine Special,9,0.16035722281034015,0.21432916816255956,-2.8296667752275253,0.11763388321305442,0.1756334328781638,-1.5716556202996594,0.06195231461409451,0.12225269659524156,-0.2459922038211806
other,4,Gamo,9,0.5308539331501042,0.7424484818863564,-0.917895018831884,0.8164930699604143,0.9432675176483537,-2.095721923065422,0.4661709678165447,0.5177016048501771,0.0674949195020681
other,4,Gedeo,9,0.49238586921104344,0.6235275803124755,-0.49781299118981037,0.7220267730878877,0.8149677560392192,-1.558745602379925,0.3834140668686139,0.511426099457329,-0.007655388218765102
other,4,Gofa,9,0.42059511371730274,0.5014204063160926,-1.7260924412721912,0.33772465960073206,0.40187413936704464,-0.7511231523382593,0.2407405049660395,0.28899460563125284,0.09444247829819596
other,4,Guraghe,9,0.1752627279604276,0.23053490538885243,-0.35645871553263464,0.18652860326231602,0.24550142622502613,-0.5383006956844305,0.23601818974968905,0.24565926419635448,-0.5402793425391184
other,4,Hadiya,9,0.3131024599398342,0.4434306385501822,-0.5177558651043725,0.5178645613811047,0.5675294537490977,-1.486150050088022,0.33573115525957253,0.38052214390270916,-0.11766176865785627
other,4,Halaba,9,0.46346656309956175,0.4922075267545327,-3.747363144760392,0.3187447532912541,0.5004405927914644,-3.9075079574507647,0.1622397462286052,0.27621169531736667,-0.49499616876920505
other,4,Harari,9,0.35201483244471127,0.382882430619487,-15.94011875629294,0.056754417493071765,0.10756972559815628,-0.3371055626588668,0.1544929437850429,0.18480164900508336,-2.946365068957868
other,4,Homa Bay,9,0.03770576583014594,0.03947129533176961,0.0,0.0,0.0,1.0,0.0,0.0,1.0
other,4,Horo Gudru Wellega,9,0.04398300912645128,0.04803837075584677,0.0,0.00025621245017163713,0.0007686373505149113,0.0,0.0010103749593422713,0.001455749306701479,0.0
other,4,Ilu Aba Bora,9,0.03541207313537598,0.03649982987191783,0.0,0.00038384389635180856,0.0008142558660822904,0.0,0.00043646799523688884,0.00043651739613441464,0.0
other,4,Itang Special woreda,9,0.03532475895351834,0.03670921565156266,0.0,0.0,0.0,1.0,0.12917641821300418,0.22374011948468892,0.0
other,4,Jamaame,9,0.69240177080257,0.7701844968169878,-2.8889793348634307,0.5076078157359315,0.8371209422166703,-3.594333362906905,0.7276850306735798,0.8684110737035541,-3.9442087202964116
other,4,Jimma,9,0.07896543873680963,0.14910392340584125,0.0,0.0,0.0,1.0,0.00019851320002365705,0.0003438349484140573,0.0
other,4,Kakamega,9,0.045405692524380155,0.048439111026971154,0.0,0.0,0.0,1.0,0.0,0.0,1.0
other,4,Kamashi,9,0.37541810277340615,0.44362507276894875,0.1492761329748623,0.312097268763031,0.4461446638345212,0.13958523235838038,0.4365768480540782,0.5203108962403766,-0.17025981348229813
other,4,Kefa,9,0.04031976064046224,0.04224588842053037,0.0,0.0,0.0,1.0,0.00021449582030993083,0.0003715176587879645,0.0
other,4,Kellem Wollega,9,0.17388248606037163,0.21196212022201616,-6.089440599296084,0.07863724953930046,0.12603541224183656,-1.5065745763498284,0.07299326041157965,0.08991407762047039,-0.27570672464319657
other,4,Kembata Tembaro,9,0.44691951644912936,0.5612518593593844,-0.7873536099111493,0.6364582380863764,0.6844628040637555,-1.6582425200937077,0.5257901862917185,0.6146330741938275,-1.143516096876735
other,4,Kericho,9,0.04104212919871012,0.04418165771195032,0.0,0.0,0.0,1.0,0.0,0.0,1.0
other,4,Kiambu,9,0.09716424598691502,0.10969233388461773,-3.3976466984796456,0.036987170664422475,0.07846163758115182,-1.2500000000000004,0.07170825893132575,0.10758028975950425,-3.2299302034456305
other,4,Kilifi,9,0.354349635362227,0.422313312129809,-2.386289367243285,0.33170632727337246,0.4500684847193574,-2.8460217029246815,0.2895770591703543,0.3472724874831434,-1.289788025169193
other,4,Kirinyaga,9,0.04584705829620361,0.05447778363481675,0.0,0.0,0.0,1.0,0.03787846745036368,0.06560743013687384,0.0
other,4,Kisii,9,0.03904630078209771,0.04152739916332453,0.0,0.0,0.0,1.0,0.0,0.0,1.0
other,4,Kisumu,9,0.038046545452541776,0.04053221988410094,0.0,0.0,0.0,1.0,0.0,0.0,1.0
other,4,Kitui,9,0.6327047121309971,0.7290217237784271,-0.40483562844283894,0.8117384995377882,1.0195736221620806,-1.7477787178828041,0.5457156113500948,0.5948192854865041,0.06477812780666237
other,4,Konso,9,0.7737830594248454,0.9021837072986714,-2.586443272634782,0.671301351131163,0.7873540927372144,-1.7315816395347814,0.5143722723131788,0.6800070782067928,-1.0375152731398645
other,4,Konta Special,9,0.046648661295572914,0.05371897215131406,0.0,0.0007099746971127462,0.0021299240913382387,0.0,0.0371279327488887,0.05553638718796964,0.0
other,4,Kwale,9,0.4022008620830472,0.45363518970386424,-671313901.182921,0.05844299229447277,0.17527945768889355,-100224570.83340947,0.4069036790520604,0.4628325293789377,-698811297.0662334
other,4,Machakos,9,0.1010901585375467,0.12926443583590377,-2158.9582191632685,0.0035002763767762396,0.004417053884616155,-1.5220438604306286,0.4154542545358665,0.47943043425965004,-29711.44833386396
other,4,Majang,9,0.03060044182671441,0.03164302846028674,0.0,0.0,0.0,1.0,0.0224453088870414,0.03887641538393296,0.0
other,4,Makueni,9,0.5867063048015824,0.6352364500441491,-0.3265081414525588,0.7521454953044242,0.8939056047228247,-1.6267722536590759,0.5125532061137604,0.5868203508616977,-0.13200783588271015
other,4,Mao Komo Special,9,0.0669892630592243,0.07759034540622223,-292.5234116358428,0.004438065673180613,0.006289327009044159,-0.9285714285714288,0.003792528847990701,0.004621692599298859,-0.04142857142857026
other,4,Marka,9,0.42830218123412905,0.5077865858992825,0.17375785889195505,0.6480197543713113,0.8230156962849609,-1.1705066944844371,0.5037589040638619,0.5690331679035481,-0.037576331548057285
other,4,Mekelle Tigray,9,0.7531850029996401,0.9041267135866241,-0.15024783235899863,0.5555555555555556,0.8428518867079617,0.00037905409701155524,0.9351611008237258,1.0806293465733596,-0.6431845241612397
other,4,Meru,9,0.47319731719929375,0.6027185457844613,-0.9108444993018943,0.5872570672996029,0.7791581849245734,-2.193357278440244,0.3853692674928828,0.4827199381487165,-0.22570712549880456
other,4,Metekel,9,0.3785585827697078,0.5171219921719665,-0.6370012146660344,0.4320948180719701,0.6480658374719579,-1.5709950634924774,0.21773797142489432,0.4584211662639279,-0.28644821700938894
other,4,Migori,9,0.03810029559665256,0.04127628567495109,0.0,0.0,0.0,1.0,0.0029463931277963575,0.0051033025964150715,0.0
other,4,Mirab Omo,9,0.045079855216425296,0.051083161058430374,-0.07284241876759712,0.01769817782585872,0.0523112411340549,-0.12504645962554028,0.02800856926500608,0.05524977734210544,-0.2549934905776514
other,4,Mombasa,9,0.30718686220494373,0.41171979754171006,-0.737390899242355,0.22495067432134944,0.46951089061961443,-1.2593597213691838,0.22154010919744038,0.38138753653617,-0.4908262608103504
other,4,Muranga,9,0.06317957242329915,0.07624235816489157,0.0,0.0,0.0,1.0,0.04094244310749636,0.07091439164818188,0.0
other,4,Nairobi,9,0.25977523294286065,0.3860011089698465,-0.5235215993111544,0.22113080489362869,0.4690892750085727,-1.25,0.22169796532858146,0.38350190815958657,-0.5038570955702788
other,4,Nakuru,9,0.05114205678304037,0.06383040195859908,0.0,0.0,0.0,1.0,0.000641992721377734,0.0007223262554970991,0.0
other,4,Nandi,9,0.04245514339870877,0.04569541093757906,0.0,0.0,0.0,1.0,0.0,0.0,1.0
other,4,North Gondar,9,0.5454258205768228,0.6012909281616958,-0.20082175512365308,0.6312262919933095,0.7056060359559011,-0.6536127744898312,0.35501374054331564,0.49396843727464745,0.18958467631519083
other,4,North Shewa (AM),9,0.14719086855579816,0.20861455345885313,0.597458757679225,0.3092990207018953,0.43362127885397717,-0.7391712570129878,0.32519104938150584,0.38541207998648214,-0.37395282916073946
other,4,North Shewa (OR),9,0.14908202575853224,0.1742075114515978,0.27214248993918466,0.14365136044427607,0.2074926266640876,-0.032566308939223854,0.35872590456362397,0.3696969762886609,-2.2779657437384393
other,4,North Wello,9,0.6851266930430207,0.9877533339444655,-0.2765007826732089,0.7946710198291906,1.0324619847988654,-0.39467243322186896,0.6971333576871283,0.8882596728457491,-0.03229534272226231
other,4,North Western Tigray,9,1.2507292009605377,1.6160361638995369,-0.5295090448266697,0.6903011482148284,1.1994233957021492,0.15745145931251447,1.4130569921873566,1.771550434745172,-0.8380483901002211
other,4,Nyamira,9,0.039657036463419594,0.04177515505507585,0.0,0.0,0.0,1.0,0.0,0.0,1.0
other,4,Nyandarua,9,0.05035226273371069,0.061963253143937795,-15.434262437004797,0.007205312891139817,0.015284776817687439,0.0,0.04166170159295193,0.058630627679418415,-13.714004475823877
other,4,Nyeri,9,0.1775673966641291,0.1912392994727275,-1.646782018295316,0.1051388082378695,0.15770821235680424,-0.7999999999999998,0.1385763321898436,0.15001547193504478,-0.6286808587506421
other,4,Oromia,9,0.4326445846634076,0.5862532654491418,0.08022296023085163,0.6869744546091594,0.852816629663773,-0.9463607378161378,0.5029072056425209,0.6342896614467468,-0.0766815722916796
other,4,Qandala,9,0.33811268937194755,0.4030789437538763,0.08553435453544544,0.4444444444444444,0.6671862922866147,-1.5054249656939174,0.40958900260717146,0.4280870272527265,-0.03145742203720436
other,4,Region 14,9,0.179949680964152,0.27559277977456526,0.0,0.0,0.0,1.0,0.11111111111111109,0.1924500897298752,0.0
other,4,Sheka,9,0.03715770774417453,0.04031594975861575,0.0,0.0,0.0,1.0,0.007960634939486363,0.013788224175698374,0.0
other,4,Siaya,9,0.03880190849304199,0.04116664746885656,0.0,0.0,0.0,1.0,0.0,0.0,1.0
other,4,Sidama,9,0.38488797293774724,0.4571743476620532,-0.5086266281960552,0.4298042025903573,0.5571951290052145,-1.2409526673509101,0.29684375299192145,0.3510921708970086,0.11026566271157967
other,4,Siltie,9,0.3475266903393616,0.41546340482002,-0.474547000266768,0.506309856434813,0.5739566041289766,-1.8141755329855465,0.290665916603352,0.3549835769326089,-0.07648898538780857
other,4,South Eastern Tigray,9,1.3173952659408203,1.5151665826043652,-0.5291693605579855,0.7777684130822872,1.1881101865731778,0.059739352817909874,1.3360062518529077,1.5594809550382005,-0.6199252384231644
other,4,South Gondar,9,0.21835699204178727,0.25803798259663224,-0.4320563877010657,0.3058360505972908,0.34528022479681697,-1.5641076516405787,0.18652145210027882,0.23251845168269372,-0.1628071349050808
other,4,South Wello,9,0.4457396342424139,0.5321340040081908,-0.11838053601282406,0.6048883405454438,0.6436240470155984,-0.6361084973210718,0.4965617763776024,0.55531764640242,-0.21795298816876407
other,4,South West Shewa,9,0.06472817049223886,0.08049716001200914,-1.2121863843501908,0.053313791469707224,0.08531969506416964,-1.4851876528256849,0.03036874206950367,0.05666938740747,-0.09637123843778617
other,4,Southern Tigray,10,1.1124124702262286,1.2874026904206208,-0.5997891447248476,0.6916907345045663,0.830815865881298,0.333740393585253,1.044912710544158,1.2676886187034442,-0.5511689518100402
other,4,Taita Taveta,10,0.4951546626351714,0.536106970083794,-0.42367097682444865,0.6010436934245702,0.7410359644148385,-1.7201026660086294,0.38742004593854,0.4466839530610232,0.011657602314031235
other,4,Tharaka-Nithi,10,0.41496088555382904,0.5158552876666043,-1.0427571013517043,0.48661993329821324,0.5756318465080285,-1.543610340815691,0.4029438794157897,0.49619470558372464,-0.8900148126460259
other,4,Trans Nzoia,10,0.032111181511109387,0.036633890394920605,-14427.413310605312,7.624542036388515e-05,0.00024110918950686125,0.375,0.0007827436046194735,0.0012316542330009928,-15.309103866847003
other,4,Uasin Gishu,10,0.03421485424041748,0.03978026200229465,0.0,0.0,0.0,1.0,0.0,0.0,1.0
other,4,Vihiga,10,0.03520957231521606,0.03681009779656151,0.0,0.0,0.0,1.0,0.0,0.0,1.0
other,4,Wag Hamra,10,0.9306203803585582,1.1916283492593542,-1.2378817439738588,1.080555445526728,1.2029127741862167,-1.280466798889138,0.6512984001811745,0.9130157624891347,-0.3137478877278461
other,4,Welayta,10,0.37642987738493855,0.4516323660342668,-0.9136464523665653,0.5422149130461742,0.629221713171038,-2.7144882638464276,0.24992772437216287,0.2934690057514214,0.19199123803520735
other,4,West Arsi,10,0.2009422266917366,0.2462058963294767,-0.017619030629513643,0.39482759598114264,0.4496562281497902,-2.3942947111610917,0.2526967497487278,0.2989465842020937,-0.5002910278331949
other,4,West Gojam,10,0.06200984716415405,0.12647008287818515,0.0,0.0,0.0,1.0,0.0,0.0,1.0
other,4,West Gondar,10,0.12869223166355584,0.20643915222139475,-6473.978726418382,0.10162256793638433,0.3149580746019437,-15070.612020898987,0.003511268483695207,0.004267749106595998,-1.7672727868400187
other,4,West Hararge,10,0.5243148026242446,0.587319358383928,-1.6302468960309442,0.43817404181096203,0.49204886027733025,-0.8461387826290554,0.28753266400894667,0.35714871691514066,0.02737355427937993
other,4,West Shewa,10,0.04648548364639282,0.05156888215890082,0.0,0.0,0.0,1.0,0.04009496331873674,0.07276646987709441,0.0
other,4,West Wellega,10,0.046841056329795384,0.05566360210671373,-0.06306498584859188,0.017995758039542696,0.05690758362624138,-0.11111111111111116,0.017995758039542696,0.05690758362624138,-0.11111111111111116
other,4,Western Tigray,10,0.7461089966527747,0.9875747551205286,-0.1571093234182035,0.46171880348248245,0.7867949684016772,0.26555787031851086,0.9309616778574176,1.3070446469568964,-1.02682045671235
other,4,Yem Special,10,0.04589922428131103,0.053495796975534554,0.0,0.0,0.0,1.0,0.029268375090882114,0.053436497529328164,0.0
other,8,Agnewak,9,0.3001367648442586,0.40539098078939556,-22.735669185482283,0.08895478523544043,0.13343217785316064,-1.5714285714285716,0.10821627903452691,0.17203147501783578,-3.2743407594933505
other,8,Amaro,9,0.5121943288379245,0.6345956413142259,-1.3299744189982938,0.5387928924180527,0.7234881917888203,-2.028446304020458,0.42830453439208244,0.5393954727104344,-0.683338968172968
other,8,Arsi,9,0.18959121559276038,0.22166998268504137,0.257117006028034,0.22820034728097344,0.2677798404259466,-0.08408266214168503,0.2361148730556768,0.2828995505451884,-0.20996040014520378
other,8,Asosa,9,0.20347500572178256,0.2872363978054001,-314587.4117979832,0.22249982427118276,0.6660500017899386,-1691520.1998342704,0.03507345564552554,0.06017795355924882,-13807.248913199863
other,8,Awi,9,0.06530597474839953,0.06894581941610325,0.0,0.0,0.0,1.0,1.3412953278280071e-05,2.3231916557528616e-05,0.0
other,8,Banadir,9,0.2278826634089152,0.2893757418465524,0.15214951031141954,0.2222222222222222,0.4714045207910317,-1.25,0.5111111111111112,0.5981452814975454,-2.6225000000000005
other,8,Basketo,9,0.36619218190511066,0.4144678440807799,-0.7393088869918178,0.242737369875525,0.47540515749343054,-1.2883518956849542,0.3552186785657121,0.3785045467004688,-0.4505651302133893
other,8,Bench Sheko,9,0.06144343482123481,0.0648527074601528,0.0,0.0,0.0,1.0,0.0038007368907631753,0.006583069401003181,0.0
other,8,Bomet,9,0.05044183466169569,0.06616757814316203,0.0,0.0,0.0,1.0,0.0,0.0,1.0
other,8,Bossaso,9,0.367424754867655,0.40415587593802843,0.21530451085838564,0.50343174026469,0.6783083364158793,-1.2103328113029397,0.376682682693506,0.44614041751362216,0.043804930016113075
other,8,Bungoma,9,0.04809803432888455,0.05235385939173687,0.0,0.0,0.0,1.0,0.007923229191443726,0.013723435519593409,0.0
other,8,Buno Bedele,9,0.062421282132466636,0.06645886427250557,0.0,0.0,0.0,1.0,0.005238114329571664,0.009072680154672708,0.0
other,8,Burji,9,0.724760479397244,0.8791539508360559,-2.1302922605461165,0.6403859371227568,0.7876047855917891,-1.5123012580627075,0.497371927045609,0.6905687632063545,-0.9313851277012348
other,8,Busia,9,0.029198659790886775,0.032008708641720826,0.0,0.0,0.0,1.0,0.0015041532913551887,0.0026052699229991397,0.0
other,8,Caluula,9,0.38687435785929364,0.41864077657288196,-0.01400486318380012,0.4444444444444444,0.6666666666666666,-1.5714285714285716,0.4079166675666866,0.4252260433872325,-0.04615658756825769
other,8,Central Gondar,9,0.2157842848586234,0.24640405942364427,-3.268716645843228,0.08910843197230268,0.12825356870402294,-0.15648639359060001,0.10678465315653368,0.13915331759640795,-0.3614093867670647
other,8,Central Tigray,9,1.2630208756420684,1.5218949629128777,-0.39039990095007315,1.0306177222619772,1.5072962814027167,-0.3638531915520855,1.4159798705729303,1.6864633509726463,-0.7073563911528984
other,8,Dawuro,9,0.5192551799804049,0.5952859288304448,-0.16664444086873687,0.49285657210326367,0.632514099811497,-0.31712715688366755,0.536214226557127,0.6274237492064138,-0.2960124964964954
other,8,Derashe,9,0.8104711108737521,0.9685420921342114,-2.7991988261546474,0.7628897018495087,0.9707948236010207,-2.8168924875986745,0.5654289311572815,0.7340805528375002,-1.1824407451195502
other,8,Dire Dawa rural,9,0.3957349856694539,0.48533817132140317,-0.36284317027642143,0.33800166142733434,0.5749318823906153,-0.9124485871804664,0.3452019607456137,0.45698462559091013,-0.20825934215311515
other,8,Dire Dawa urban,9,0.510050548447503,0.5712116031529373,-2.3036122927125553,0.3710313394832936,0.5883226923572431,-2.5045013522175625,1.083085469915987,1.1493731501806397,-12.375718713356191
other,8,East Gojam,9,0.18518042587313716,0.22695408712933013,-6.730311020165118,0.041841475671952656,0.0727109732914965,0.2065476197369166,0.09631953909158297,0.09946644953807944,-0.48482128075980424
other,8,East Shewa,9,0.13644427667729894,0.1886587993136459,0.017986249070183535,0.23317441102554082,0.3048293652108292,-1.5637580693600137,0.13971760192472157,0.19243963843067657,-0.021768480446626715
other,8,East Wellega,9,0.20018492114171602,0.2810772996815358,-51.17499772158875,0.08394511346869216,0.20782727928540692,-27.524365846199082,0.06768317885410578,0.09711426454753928,-5.22840643475856
other,8,Eastern Tigray,9,1.1167353923115262,1.3077044918741223,-0.39258701756454273,1.0891315003888056,1.4011376372531972,-0.5986916606861323,1.2408095800308683,1.5031406000102372,-0.8399343259988648
other,8,Elgeyo Marakwet,9,0.07031832800971137,0.07735773546253936,0.0,0.0,0.0,1.0,0.03822869292343226,0.06568889103924046,0.0
other,8,Embu,9,0.08342925669977995,0.14084251465168918,0.2648772919564898,0.18549834272807447,0.2794309541023438,-1.8936188480269163,0.14258958919493528,0.1840929067456097,-0.25593281415796776
other,8,Finfine Special,9,0.17429531864486028,0.22185252833300217,-3.103242602441865,0.11763388321305442,0.1756334328781638,-1.5716556202996594,0.06195231461409451,0.12225269659524156,-0.2459922038211806
other,8,Gamo,9,0.5265616309965557,0.7030741982402018,-0.7198655786578936,0.7073896046858401,0.8881012730582606,-1.744208904927072,0.4661709678165447,0.5177016048501771,0.0674949195020681
other,8,Gedeo,9,0.5030958172209582,0.6298552504849513,-0.5283673962321114,0.6491497992155075,0.788459574764036,-1.3949978036773776,0.3834140668686139,0.511426099457329,-0.007655388218765102
other,8,Gofa,9,0.3879787625090765,0.4538884613741664,-1.233751485782368,0.512928437972337,0.5906507112726562,-2.7826663166311523,0.2407405049660395,0.28899460563125284,0.09444247829819596
other,8,Guraghe,9,0.20953783401729173,0.21755042952466103,-0.20796148595774921,0.19166149531422064,0.23261676941074974,-0.3810685558781297,0.23601818974968905,0.24565926419635448,-0.5402793425391184
other,8,Hadiya,9,0.3251583656416002,0.3731070244803064,-0.07452710912687133,0.40124886045399616,0.5508944723369076,-1.342541831572269,0.33573115525957253,0.38052214390270916,-0.11766176865785627
other,8,Halaba,9,0.5069736490056964,0.5431048557858014,-4.779939921440832,0.4282270768724344,0.5865002922183947,-5.740504739899515,0.1622397462286052,0.27621169531736667,-0.49499616876920505
other,8,Harari,9,0.27661226797208893,0.30564790357303995,-9.79514342253223,0.056754417493071765,0.10756972559815628,-0.3371055626588668,0.1544929437850429,0.18480164900508336,-2.946365068957868
other,8,Homa Bay,9,0.030289279090033636,0.03237761273298465,0.0,0.0,0.0,1.0,0.0,0.0,1.0
other,8,Horo Gudru Wellega,9,0.06711177031199138,0.06931237863628718,0.0,0.00025621245017163713,0.0007686373505149113,0.0,0.0010103749593422713,0.001455749306701479,0.0
other,8,Ilu Aba Bora,9,0.06445970800187853,0.0679335920641182,0.0,0.00038384389635180856,0.0008142558660822904,0.0,0.00043646799523688884,0.00043651739613441464,0.0
other,8,Itang Special woreda,9,0.06783481438954671,0.07125892336490619,0.0,0.0,0.0,1.0,0.12917641821300418,0.22374011948468892,0.0
other,8,Jamaame,9,0.6700379226461709,0.7179227609601944,-2.379103820951775,0.5877843774068623,0.79783608311827,-3.173240740857362,0.7276850306735798,0.8684110737035541,-3.9442087202964116
other,8,Jimma,9,0.08898021115197076,0.0971281792664582,0.0,0.0,0.0,1.0,0.00019851320002365705,0.0003438349484140573,0.0
other,8,Kakamega,9,0.048697431882222496,0.0544056155730901,0.0,0.0,0.0,1.0,0.0,0.0,1.0
other,8,Kamashi,9,0.44067979537303925,0.5164013757415344,-0.15273964880153357,0.44924392406915853,0.5341294463927511,-0.233245365877623,0.4365768480540782,0.5203108962403766,-0.17025981348229813
other,8,Kefa,9,0.07676643795437282,0.08306019829341944,0.0,0.0,0.0,1.0,0.00021449582030993083,0.0003715176587879645,0.0
other,8,Kellem Wollega,9,0.21103131381485188,0.2457469206434119,-8.529533191992078,0.11936142879694096,0.1619821067511435,-3.1402783936198526,0.07299326041157965,0.08991407762047039,-0.27570672464319657
other,8,Kembata Tembaro,9,0.3661484951439692,0.48422517096298934,-0.3304226149805003,0.5369773846783037,0.6917255527843456,-1.7149543673928451,0.5257901862917185,0.6146330741938275,-1.143516096876735
other,8,Kericho,9,0.049295385678609215,0.054577939880972356,0.0,0.0,0.0,1.0,0.0,0.0,1.0
other,8,Kiambu,9,0.09981171211664185,0.10647251603980633,-3.1432659969798324,0.036987170664422475,0.07846163758115182,-1.2500000000000004,0.07170825893132575,0.10758028975950425,-3.2299302034456305
other,8,Kilifi,9,0.3677057514451602,0.4364134592314272,-2.616186296334959,0.44281743838448356,0.560063092026546,-4.9556399102148445,0.2895770591703543,0.3472724874831434,-1.289788025169193
other,8,Kirinyaga,9,0.07875325944688585,0.08618183813315089,0.0,0.0,0.0,1.0,0.03787846745036368,0.06560743013687384,0.0
other,8,Kisii,9,0.030800382296244305,0.032940566155061475,0.0,0.0,0.0,1.0,0.0,0.0,1.0
other,8,Kisumu,9,0.029791129959954157,0.03206020057074656,0.0,0.0,0.0,1.0,0.0,0.0,1.0
other,8,Kitui,9,0.5493238407820863,0.6523654910965734,-0.12493267745422165,0.8329276483889593,0.9854599685108487,-1.5669803682006487,0.5457156113500948,0.5948192854865041,0.06477812780666237
other,8,Konso,9,0.662841516905382,0.7968784436132242,-1.7980673510844736,0.7188503536365732,0.8232949119653403,-1.9866536979615184,0.5143722723131788,0.6800070782067928,-1.0375152731398645
other,8,Konta Special,9,0.0792572365866767,0.08546326360766712,0.0,0.0007099746971127462,0.0021299240913382387,0.0,0.0371279327488887,0.05553638718796964,0.0
other,8,Kwale,9,0.5219944096073934,0.5654758674948369,-1043134522.2006732,0.16954584991501856,0.37660278729294616,-462678401.9289749,0.4069036790520604,0.4628325293789377,-698811297.0662334
other,8,Machakos,9,0.10232957752100617,0.10978411294319167,-1556.9956278813177,0.003616296684760551,0.004480760245367078,-1.5953184452337377,0.4154542545358665,0.47943043425965004,-29711.44833386396
other,8,Majang,9,0.06184693177541097,0.06572086757734781,0.0,0.0,0.0,1.0,0.0224453088870414,0.03887641538393296,0.0
other,8,Makueni,9,0.4766783425408063,0.5510677492201903,0.0017275408004957526,0.7228878376946969,0.7989679542260875,-1.0984461108672932,0.5125532061137604,0.5868203508616977,-0.13200783588271015
other,8,Mao Komo Special,9,0.0652412972465412,0.06942085202825497,-233.96720748005893,0.005244986704667998,0.00673911924410025,-1.2142857142857144,0.003792528847990701,0.004621692599298859,-0.04142857142857026
other,8,Marka,9,0.504398715432132,0.5681166689936482,-0.03423673087592505,0.7154276229146946,0.8083507898730892,-1.09384547463302,0.5037589040638619,0.5690331679035481,-0.037576331548057285
other,8,Mekelle Tigray,9,0.8530375722372321,0.9318700702810353,-0.22192217900436617,0.6666666666666666,1.0153464801238237,-0.4506457041715688,0.9351611008237258,1.0806293465733596,-0.6431845241612397
other,8,Meru,9,0.30914420512407326,0.44237197369733994,-0.02936985464639097,0.531533716454761,0.6945436166097774,-1.537437096318231,0.3853692674928828,0.4827199381487165,-0.22570712549880456
other,8,Metekel,9,0.37809427583238414,0.5155118002003418,-0.6268226397869894,0.43214576552334577,0.6480658554954237,-1.570995206497214,0.21773797142489432,0.4584211662639279,-0.28644821700938894
other,8,Migori,9,0.030491537517971463,0.032619747550594276,0.0,0.0,0.0,1.0,0.0029463931277963575,0.0051033025964150715,0.0
other,8,Mirab Omo,9,0.05602919874271844,0.05974825501054764,-0.4676782583296719,0.017720944355764434,0.05231128572133544,-0.12504837748420328,0.02800856926500608,0.05524977734210544,-0.2549934905776514
other,8,Mombasa,9,0.30503636635787745,0.4332867638374271,-0.9241764090184095,0.22586015835439188,0.46951881843146687,-1.2594360217505312,0.22154010919744038,0.38138753653617,-0.4908262608103504
other,8,Muranga,9,0.07374004522959392,0.07827662059217506,0.0,0.0,0.0,1.0,0.04094244310749636,0.07091439164818188,0.0
other,8,Nairobi,9,0.2939742058568146,0.41933406708259485,-0.7980087609971114,0.22113080489362869,0.4690892750085727,-1.25,0.22169796532858146,0.38350190815958657,-0.5038570955702788
other,8,Nakuru,9,0.07182828585306804,0.07669885608325329,0.0,0.0,0.0,1.0,0.000641992721377734,0.0007223262554970991,0.0
other,8,Nandi,9,0.050571044286092125,0.05555263967803729,0.0,0.0,0.0,1.0,0.0,0.0,1.0
other,8,North Gondar,9,0.4707383071456255,0.5790771322511421,-0.11373552895038963,0.485232300523388,0.6057935248986269,-0.21887311617800176,0.35501374054331564,0.49396843727464745,0.18958467631519083
other,8,North Shewa (AM),9,0.3021944031608134,0.33230045422481036,-0.02136988187604616,0.19801040356869903,0.2690997480613733,0.33019596458550404,0.32519104938150584,0.38541207998648214,-0.37395282916073946
other,8,North Shewa (OR),9,0.2898061019236256,0.32490768744962834,-1.5318186094454957,0.20473646283454172,0.2736390725410299,-0.7958449309980886,0.35872590456362397,0.3696969762886609,-2.2779657437384393
other,8,North Wello,9,0.700230947129833,0.9724449922957348,-0.23724060712534945,0.7153201889414071,1.0613989473109269,-0.4739453526362498,0.6971333576871283,0.8882596728457491,-0.03229534272226231
other,8,North Western Tigray,9,1.285048575256938,1.6501680957110754,-0.5948001634284199,1.00018771880302,1.5080903501433447,-0.33200121533999827,1.4130569921873566,1.771550434745172,-0.8380483901002211
other,8,Nyamira,9,0.03000564045376248,0.032256968771130344,0.0,0.0,0.0,1.0,0.0,0.0,1.0
other,8,Nyandarua,9,0.060934366618592195,0.06367530152571527,-16.35496798844624,0.010807969336709725,0.018719952017827744,-0.5,0.04166170159295193,0.058630627679418415,-13.714004475823877
other,8,Nyeri,9,0.17576191746177963,0.22001144605228665,-2.5031153516237703,0.13142351029733687,0.1763231417198933,-1.2499999999999996,0.1385763321898436,0.15001547193504478,-0.6286808587506421
other,8,Oromia,9,0.38847563553621034,0.472247685241974,0.40316856349278574,0.322459361678616,0.3855556741360065,0.6021803669381904,0.5029072056425209,0.6342896614467468,-0.0766815722916796
other,8,Qandala,9,0.3638862411009379,0.3992484102628787,0.10283243980942203,0.4568550507571085,0.6671862922866147,-1.5054249656939174,0.40958900260717146,0.4280870272527265,-0.03145742203720436
other,8,Region 14,9,0.06970165835486518,0.07610862289316214,0.0,0.0,0.0,1.0,0.11111111111111109,0.1924500897298752,0.0
other,8,Sheka,9,0.054042206870185,0.057440002081288535,0.0,0.0,0.0,1.0,0.007960634939486363,0.013788224175698374,0.0
other,8,Siaya,9,0.02961379951900906,0.03193705505017281,0.0,0.0,0.0,1.0,0.0,0.0,1.0
other,8,Sidama,9,0.37046144775498885,0.44511865954890795,-0.43011072030051056,0.5265551009047932,0.5698698493092403,-1.3440637627761887,0.29684375299192145,0.3510921708970086,0.11026566271157967
other,8,Siltie,9,0.23859686652717535,0.29919013552179513,0.235306129482578,0.2685914244548678,0.3382499671447867,0.022608417927929225,0.290665916603352,0.3549835769326089,-0.07648898538780857
other,8,South Eastern Tigray,9,1.3130140331493436,1.5163240930467345,-0.5315066687189787,1.0000093646954904,1.4657948963966285,-0.43113707115079114,1.3360062518529077,1.5594809550382005,-0.6199252384231644
other,8,South Gondar,9,0.18797525243766272,0.2384437833304339,-0.22282652671549985,0.3020177266595126,0.3346230529781807,-1.4082665729067307,0.18652145210027882,0.23251845168269372,-0.1628071349050808
other,8,South Wello,9,0.3994213151336628,0.5258643184965471,-0.09218192221651678,0.4878060806505975,0.5839121308601373,-0.3466122856064511,0.4965617763776024,0.55531764640242,-0.21795298816876407
other,8,South West Shewa,9,0.07865170954795718,0.09495455437033025,-2.078167141601167,0.036568390486309194,0.0672596813610846,-0.5444370415229469,0.03036874206950367,0.05666938740747,-0.09637123843778617
other,8,Southern Tigray,10,1.0209198054122333,1.2445260927841302,-0.49500255115336333,0.9584273464612437,1.1623610513340994,-0.3041153867095896,1.044912710544158,1.2676886187034442,-0.5511689518100402
other,8,Taita Taveta,10,0.43971377686059937,0.4581627422620549,-0.039791500916410705,0.5337441651351977,0.6942371702980877,-1.3873849373028575,0.38742004593854,0.4466839530610232,0.011657602314031235
other,8,Tharaka-Nithi,10,0.5243832757130658,0.5905458508512408,-1.6771222334923963,0.5394483443908047,0.6281584192547228,-2.0290003666680154,0.4029438794157897,0.49619470558372464,-0.8900148126460259
other,8,Trans Nzoia,10,0.04827712942523292,0.05347971059434889,-30747.971067315142,0.0001524908407277703,0.0003409798858133879,-0.25,0.0007827436046194735,0.0012316542330009928,-15.309103866847003
other,8,Uasin Gishu,10,0.04621155261993408,0.048701102886325454,0.0,0.0,0.0,1.0,0.0,0.0,1.0
other,8,Vihiga,10,0.02942934036254883,0.03157936673013105,0.0,0.0,0.0,1.0,0.0,0.0,1.0
other,8,Wag Hamra,10,0.8395791996163974,1.0693044111370051,-0.8020141499560074,1.0584412068890021,1.278935101813841,-1.5778194402701118,0.6512984001811745,0.9130157624891347,-0.3137478877278461
other,8,Welayta,10,0.40889877837165933,0.461180321643436,-0.9954145037095821,0.4553239660881919,0.5772726747697778,-2.1264651359158386,0.24992772437216287,0.2934690057514214,0.19199123803520735
other,8,West Arsi,10,0.22070779162534376,0.26953091512900734,-0.21956651818984207,0.3610821417448298,0.43380307204626595,-2.1591741529731032,0.2526967497487278,0.2989465842020937,-0.5002910278331949
other,8,West Gojam,10,0.06325479745864868,0.06682413218032261,0.0,0.0,0.0,1.0,0.0,0.0,1.0
other,8,West Gondar,10,0.14516087580570672,0.196822889022784,-5884.798859847254,0.10162256793638433,0.3149580746019437,-15070.612020898989,0.003511268483695207,0.004267749106595998,-1.7672727868400187
other,8,West Hararge,10,0.517626839615364,0.55345612977451,-1.3356850934415196,0.3669965717989001,0.4711388720348411,-0.6925665788242119,0.28753266400894667,0.35714871691514066,0.02737355427937993
other,8,West Shewa,10,0.0615424633026123,0.06470226442560234,0.0,0.0,0.0,1.0,0.04009496331873674,0.07276646987709441,0.0
other,8,West Wellega,10,0.06484757183272508,0.06841703045924322,-0.6060003689820632,0.017995758039542696,0.05690758362624138,-0.11111111111111116,0.017995758039542696,0.05690758362624138,-0.11111111111111116
other,8,Western Tigray,10,0.7473180887929726,1.0208793880861908,-0.2364692040158589,0.6619506593211746,1.009478508871534,-0.20900636842062847,0.9309616778574176,1.3070446469568964,-1.02682045671235
other,8,Yem Special,10,0.06646147966384888,0.07117368911354897,0.0,0.0,0.0,1.0,0.029268375090882114,0.053436497529328164,0.0
other,12,Agnewak,9,0.34152431890420565,0.424292732028131,-25.000667712578927,0.08895478523544043,0.13343217785316064,-1.5714285714285716,0.10821627903452691,0.17203147501783578,-3.2743407594933505
other,12,Amaro,9,0.3384229342142741,0.5046863335113545,-0.47366942242027643,0.4332693356861092,0.6423433968075075,-1.3872148709427696,0.42830453439208244,0.5393954727104344,-0.683338968172968
other,12,Arsi,9,0.2025753746139956,0.2736482049590434,-0.132118400824901,0.2607470577488027,0.3008839919202854,-0.36868909378853276,0.2361148730556768,0.2828995505451884,-0.20996040014520378
other,12,Asosa,9,0.20577529466390768,0.2809300655952941,-300925.3508585421,0.22264363796773212,0.6658343862168556,-1690425.209133611,0.03507345564552554,0.06017795355924882,-13807.248913199863
other,12,Awi,9,0.0618409448199802,0.061957948453404105,0.0,0.0,0.0,1.0,1.3412953278280071e-05,2.3231916557528616e-05,0.0
other,12,Banadir,9,0.25658085611131454,0.31505580997599153,-0.005009154421234285,0.3333333333333333,0.5773502691896257,-2.3749999999999996,0.5111111111111112,0.5981452814975454,-2.6225000000000005
other,12,Basketo,9,0.3965902593400743,0.43161881767136195,-0.8862348881512465,0.31281818568003056,0.5441423339309845,-1.997920155705573,0.3552186785657121,0.3785045467004688,-0.4505651302133893
other,12,Bench Sheko,9,0.05992620521121555,0.06006631281897132,0.0,0.0,0.0,1.0,0.0038007368907631753,0.006583069401003181,0.0
other,12,Bomet,9,0.0461243920856052,0.055641572736712594,0.0,0.0,0.0,1.0,0.0,0.0,1.0
other,12,Bossaso,9,0.37148022840721934,0.4218946624865114,0.14491079546689956,0.251715870132345,0.49569028075247956,-0.18038632256818632,0.376682682693506,0.44614041751362216,0.043804930016113075
other,12,Bungoma,9,0.03752227624257406,0.04376177008783634,0.0,0.0,0.0,1.0,0.007923229191443726,0.013723435519593409,0.0
other,12,Buno Bedele,9,0.06356958548227946,0.06365917699731001,0.0,0.0,0.0,1.0,0.005238114329571664,0.009072680154672708,0.0
other,12,Burji,9,0.5628638664881388,0.7185382881821868,-1.091003949914339,0.45758480921639944,0.6526360611288929,-0.7250320045576366,0.497371927045609,0.6905687632063545,-0.9313851277012348
other,12,Busia,9,0.0469259950849745,0.05795968551833132,0.0,0.0,0.0,1.0,0.0015041532913551887,0.0026052699229991397,0.0
other,12,Caluula,9,0.33223501841227215,0.3817414859047398,0.1568677480770393,0.2222222222222222,0.4714045207910317,-0.2857142857142858,0.4079166675666866,0.4252260433872325,-0.04615658756825769
other,12,Central Gondar,9,0.26996103745773886,0.30510133594668337,-5.544701288603137,0.18985703823849176,0.22240800032361047,-2.4777825299271137,0.10678465315653368,0.13915331759640795,-0.3614093867670647
other,12,Central Tigray,9,1.3502826451487349,1.636657461813518,-0.607999682341757,1.4290583335604319,1.7588190757435362,-0.8570034190894722,1.4159798705729303,1.6864633509726463,-0.7073563911528984
other,12,Dawuro,9,0.4810855017911412,0.5742413578675268,-0.08561595619864115,0.7407039005383412,0.8580671894348326,-1.423984696805706,0.536214226557127,0.6274237492064138,-0.2960124964964954
other,12,Derashe,9,0.7478785912195841,0.9175297250552386,-2.409536225257764,0.6517785907383975,1.0264276402365866,-3.2668924875986747,0.5654289311572815,0.7340805528375002,-1.1824407451195502
other,12,Dire Dawa rural,9,0.4304371012581719,0.5309182405871694,-0.6308434595173014,0.33800166142733434,0.5749318823906153,-0.9124485871804664,0.3452019607456137,0.45698462559091013,-0.20825934215311515
other,12,Dire Dawa urban,9,0.5650486350059509,0.6563040471592811,-3.3611918984662257,0.4821424505944047,0.676191320155462,-3.629501352217563,1.083085469915987,1.1493731501806397,-12.375718713356191
other,12,East Gojam,9,0.24392049865332244,0.2925404865748494,-11.843781539981736,0.13214136994744435,0.15050818745378478,-2.3997047536317853,0.09631953909158297,0.09946644953807944,-0.48482128075980424
other,12,East Shewa,9,0.14409880753732313,0.17107664363893846,0.19249563357880917,0.31571811037122266,0.3435271497386087,-2.256008792667334,0.13971760192472157,0.19243963843067657,-0.021768480446626715
other,12,East Wellega,9,0.21929255430855898,0.3031231617676659,-59.68049824191105,0.08394511346869216,0.20782727928540692,-27.524365846199082,0.06768317885410578,0.09711426454753928,-5.22840643475856
other,12,Eastern Tigray,9,1.2920433549410564,1.5614108337894117,-0.9853518635910521,1.290184328237638,1.5581583300705366,-0.9770892863635741,1.2408095800308683,1.5031406000102372,-0.8399343259988648
other,12,Elgeyo Marakwet,9,0.042081607712639704,0.046314046080180554,0.0,0.0,0.0,1.0,0.03822869292343226,0.06568889103924046,0.0
other,12,Embu,9,0.1531810226926863,0.1755973553893375,-0.14268950614852827,0.14159578390245564,0.23004501330161142,-0.9611822064834303,0.14258958919493528,0.1840929067456097,-0.25593281415796776
other,12,Finfine Special,9,0.108153368885271,0.13425190187591637,-0.5025859508318238,0.08891303354440991,0.1521142050656832,-0.9290255263136045,0.06195231461409451,0.12225269659524156,-0.2459922038211806
other,12,Gamo,9,0.466897709860341,0.625129067686991,-0.35966391308704315,0.6372726541898341,0.8846755082396883,-1.723078696348559,0.4661709678165447,0.5177016048501771,0.0674949195020681
other,12,Gedeo,9,0.504724626725997,0.6110590383295359,-0.4385090585301106,0.7258439550545399,0.8734711909806586,-1.9392967042585854,0.3834140668686139,0.511426099457329,-0.007655388218765102
other,12,Gofa,9,0.2762755671126874,0.33845493338314664,-0.24204767819337025,0.4999138592231791,0.5904291928560449,-2.7798295364231205,0.2407405049660395,0.28899460563125284,0.09444247829819596
other,12,Guraghe,9,0.27278940885147956,0.28050317099194205,-1.00820825441782,0.175099513959584,0.24362579276721302,-0.5148852191959967,0.23601818974968905,0.24565926419635448,-0.5402793425391184
other,12,Hadiya,9,0.25248816799574425,0.346969358891179,0.07074956546685729,0.5590387879269849,0.701027413654871,-2.7933291494255994,0.33573115525957253,0.38052214390270916,-0.11766176865785627
other,12,Halaba,9,0.5399913240875853,0.5837064106921976,-5.676438900575939,0.4766357500624782,0.615902385160878,-6.43326686131473,0.1622397462286052,0.27621169531736667,-0.49499616876920505
other,12,Harari,9,0.163988682377064,0.17421448585397714,-2.507148063359506,0.056754417493071765,0.10756972559815628,-0.3371055626588668,0.1544929437850429,0.18480164900508336,-2.946365068957868
other,12,Homa Bay,9,0.04760287867652045,0.05791588798716942,0.0,0.0,0.0,1.0,0.0,0.0,1.0
other,12,Horo Gudru Wellega,9,0.057595637109544545,0.057793924132631146,0.0,0.00025621245017163713,0.0007686373505149113,0.0,0.0010103749593422713,0.001455749306701479,0.0
other,12,Ilu Aba Bora,9,0.06515341334872776,0.06530760368394989,0.0,0.00038384389635180856,0.0008142558660822904,0.0,0.00043646799523688884,0.00043651739613441464,0.0
other,12,Itang Special woreda,9,0.10116096337636311,0.10988470386698644,0.0,0.0,0.0,1.0,0.12917641821300418,0.22374011948468892,0.0
other,12,Jamaame,9,0.7173099160713282,0.77881521078887,-2.9766277667264203,0.6180717906414794,0.8140863206613372,-3.344972230037502,0.7276850306735798,0.8684110737035541,-3.9442087202964116
other,12,Jimma,9,0.07678087552388509,0.07900852259309109,0.0,0.0,0.0,1.0,0.00019851320002365705,0.0003438349484140573,0.0
other,12,Kakamega,9,0.03672377268473307,0.04425516742095886,0.0,0.0,0.0,1.0,0.0,0.0,1.0
other,12,Kamashi,9,0.5965019399873649,0.7030054590551198,-1.1363570826624896,0.7235372346814136,0.8349064537835795,-2.013228636813273,0.4365768480540782,0.5203108962403766,-0.17025981348229813
other,12,Kefa,9,0.06247617138756646,0.06261832078581753,0.0,0.0,0.0,1.0,0.00021449582030993083,0.0003715176587879645,0.0
other,12,Kellem Wollega,9,0.24001976789183077,0.28784212787656266,-12.073870264054621,0.11069441114524553,0.15407025357940132,-2.745700531858488,0.07299326041157965,0.08991407762047039,-0.27570672464319657
other,12,Kembata Tembaro,9,0.41752130137515003,0.5367112083182575,-0.6344672614249895,0.5975305279757662,0.7865557310317397,-2.510378094342663,0.5257901862917185,0.6146330741938275,-1.143516096876735
other,12,Kericho,9,0.037324229876200356,0.04351499800601828,0.0,0.0,0.0,1.0,0.0,0.0,1.0
other,12,Kiambu,9,0.07409417550826375,0.08915452510992593,-1.9050563706540218,0.036987170664422475,0.07846163758115182,-1.2500000000000004,0.07170825893132575,0.10758028975950425,-3.2299302034456305
other,12,Kilifi,9,0.3575048001326915,0.42774788130703123,-2.4740035529203106,0.4925942664226233,0.6252397377591636,-6.422456628874821,0.2895770591703543,0.3472724874831434,-1.289788025169193
other,12,Kirinyaga,9,0.04119773043526544,0.04744177776392062,0.0,0.0,0.0,1.0,0.03787846745036368,0.06560743013687384,0.0
other,12,Kisii,9,0.030429071850246854,0.031232115887188418,0.0,0.0,0.0,1.0,0.0,0.0,1.0
other,12,Kisumu,9,0.04846602016025119,0.05806718912261706,0.0,0.0,0.0,1.0,0.0,0.0,1.0
other,12,Kitui,9,0.5594711474362746,0.6568718618371446,-0.1405278390427922,0.7220371302820037,0.9276264793855981,-1.2745256967796625,0.5457156113500948,0.5948192854865041,0.06477812780666237
other,12,Konso,9,0.6308248952097575,0.7318265517852962,-1.3598822345524622,0.7522207615945367,0.9766009917274311,-3.2025058648885585,0.5143722723131788,0.6800070782067928,-1.0375152731398645
other,12,Konta Special,9,0.06152885489993625,0.06185305001147369,0.0,0.0025919216830202364,0.006034243677111457,0.0,0.0371279327488887,0.05553638718796964,0.0
other,12,Kwale,9,0.4054608785243924,0.4898535657082471,-782789000.9060123,0.28065696102612964,0.5029239677365778,-825119467.3955897,0.4069036790520604,0.4628325293789377,-698811297.0662334
other,12,Machakos,9,0.08206136244752663,0.0905383630443204,-1058.6257816100554,0.002968998990198177,0.004183361606627319,-1.262236748546599,0.4154542545358665,0.47943043425965004,-29711.44833386396
other,12,Majang,9,0.062360684076944985,0.06245543966077018,0.0,0.0,0.0,1.0,0.0224453088870414,0.03887641538393296,0.0
other,12,Makueni,9,0.5252727643513803,0.5873668212260912,-0.13411715867680152,0.6634916640176178,0.7943773302601401,-1.0744013358000313,0.5125532061137604,0.5868203508616977,-0.13200783588271015
other,12,Mao Komo Special,9,0.06552090925792085,0.06704149167913169,-218.13649642665558,0.006455368251899074,0.007655125054177742,-1.8571428571428577,0.003792528847990701,0.004621692599298859,-0.04142857142857026
other,12,Marka,9,0.4271009876341838,0.5043172080026826,0.18500964722640123,0.8551527953281102,0.9671604689489458,-1.9973811236850394,0.5037589040638619,0.5690331679035481,-0.037576331548057285
other,12,Mekelle Tigray,9,1.0809784627613546,1.1590671403058224,-0.8903838940190238,1.0963444650192151,1.2595570770137388,-1.2323820708287836,0.9351611008237258,1.0806293465733596,-0.6431845241612397
other,12,Meru,9,0.25352117761706666,0.3894946442667772,0.2020067513634095,0.4873503667823446,0.677051392464556,-1.4112348263989785,0.3853692674928828,0.4827199381487165,-0.22570712549880456
other,12,Metekel,9,0.30699914035553,0.47107106349750943,-0.35842554940326976,0.3241984821824169,0.5613518112150389,-0.9290045074933126,0.21773797142489432,0.4584211662639279,-0.28644821700938894
other,12,Migori,9,0.04729216628604465,0.0568891543525982,0.0,0.0,0.0,1.0,0.0029463931277963575,0.0051033025964150715,0.0
other,12,Mirab Omo,9,0.07900727938626634,0.08169777209811827,-1.7441056996460067,0.017774939904453953,0.05231214672164547,-0.12508541251250294,0.02800856926500608,0.05524977734210544,-0.2549934905776514
other,12,Mombasa,9,0.24691627460169263,0.3917998416940114,-0.573339889170466,0.22586015835439188,0.4695188184314669,-1.2594360217505316,0.22154010919744038,0.38138753653617,-0.4908262608103504
other,12,Muranga,9,0.07355040974087185,0.0969413200436526,0.0,0.0,0.0,1.0,0.04094244310749636,0.07091439164818188,0.0
other,12,Nairobi,9,0.2684132970094296,0.4077766758452323,-0.7002636626888499,0.22113080489362869,0.4690892750085727,-1.25,0.22169796532858146,0.38350190815958657,-0.5038570955702788
other,12,Nakuru,9,0.04373791482713488,0.05342738173646147,0.0,0.0,0.0,1.0,0.000641992721377734,0.0007223262554970991,0.0
other,12,Nandi,9,0.04635481039683024,0.0567703539982027,0.0,0.0,0.0,1.0,0.0,0.0,1.0
other,12,North Gondar,9,0.5662460806247354,0.6521265557576021,-0.41244978167819424,0.7795665342458344,0.8799954528135314,-1.571994883301008,0.35501374054331564,0.49396843727464745,0.18958467631519083
other,12,North Shewa (AM),9,0.2756661467085511,0.3464450221070999,-0.11017087233877199,0.2854536322530442,0.41395674763148915,-0.5850067266263443,0.32519104938150584,0.38541207998648214,-0.37395282916073946
other,12,North Shewa (OR),9,0.36490342966059575,0.41012877994456015,-3.034159877940634,0.1985211736045692,0.2698131371639067,-0.7459781192020678,0.35872590456362397,0.3696969762886609,-2.2779657437384393
other,12,North Wello,9,0.714192584074679,0.9764842179586405,-0.24754015732617396,1.0212119816111993,1.18686702836251,-0.8430121879809518,0.6971333576871283,0.8882596728457491,-0.03229534272226231
other,12,North Western Tigray,9,1.3460896654804624,1.7348457904607468,-0.7626725945866908,1.3095737059164918,1.747125567623224,-0.7877143966983349,1.4130569921873566,1.771550434745172,-0.8380483901002211
other,12,Nyamira,9,0.043022738562689886,0.05699429656772282,0.0,0.0,0.0,1.0,0.0,0.0,1.0
other,12,Nyandarua,9,0.032960533488128364,0.0400201004737072,-5.855484383061062,0.010807969336709725,0.018719952017827744,-0.5,0.04166170159295193,0.058630627679418415,-13.714004475823877
other,12,Nyeri,9,0.18172936230549575,0.23065560696821794,-2.8502765092189386,0.15770821235680424,0.19315232426033166,-1.7000000000000002,0.1385763321898436,0.15001547193504478,-0.6286808587506421
other,12,Oromia,9,0.5035268123491241,0.6248296268024608,-0.0448049997726947,0.6846307320793587,0.8563589310230229,-0.9625633185703568,0.5029072056425209,0.6342896614467468,-0.0766815722916796
other,12,Qandala,9,0.42115006577575614,0.4573646383615116,-0.17736829908087026,0.22842752537855426,0.4725059560241498,-0.25661357027159837,0.40958900260717146,0.4280870272527265,-0.03145742203720436
other,12,Region 14,9,0.06658914354112414,0.07080644656603331,0.0,0.0,0.0,1.0,0.11111111111111109,0.1924500897298752,0.0
other,12,Sheka,9,0.06669686900244819,0.0715394192265054,0.0,0.0,0.0,1.0,0.007960634939486363,0.013788224175698374,0.0
other,12,Siaya,9,0.038812465137905545,0.04599959187156526,0.0,0.0,0.0,1.0,0.0,0.0,1.0
other,12,Sidama,9,0.31552492329454374,0.36495263126742455,0.038628906347688785,0.5800697278585945,0.6668140500048544,-2.209427320405225,0.29684375299192145,0.3510921708970086,0.11026566271157967
other,12,Siltie,9,0.24464841841585358,0.2907015074296703,0.2780823902028977,0.4582939887246024,0.560811850975653,-1.686751085982022,0.290665916603352,0.3549835769326089,-0.07648898538780857
other,12,South Eastern Tigray,9,1.447637732867395,1.6972569586479185,-0.9188013569133819,1.4428079437287424,1.7316465993185617,-0.9973462095611807,1.3360062518529077,1.5594809550382005,-0.6199252384231644
other,12,South Gondar,9,0.21122129351222008,0.27961795205841966,-0.6816009511730383,0.2860153492205304,0.3605890087370086,-1.796519245868141,0.18652145210027882,0.23251845168269372,-0.1628071349050808
other,12,South Wello,9,0.5074817738996452,0.6033258617628215,-0.4376443450605929,0.6870744292179252,0.82265217609137,-1.6728837969372026,0.4965617763776024,0.55531764640242,-0.21795298816876407
other,12,South West Shewa,9,0.06588867292601572,0.07319859408744879,-0.8292205742670136,0.03584677464535709,0.06539613314063882,-0.4600399416205374,0.03036874206950367,0.05666938740747,-0.09637123843778617
other,12,Southern Tigray,10,1.0763502268781882,1.303387089153897,-0.6397617449858963,0.9324604041126745,1.2083500075298381,-0.4093518148092774,1.044912710544158,1.2676886187034442,-0.5511689518100402
other,12,Taita Taveta,10,0.4341681080125214,0.47817318068674036,-0.1326015524639954,0.5542953030833636,0.7023605171054705,-1.4435819250938748,0.38742004593854,0.4466839530610232,0.011657602314031235
other,12,Tharaka-Nithi,10,0.492020266260246,0.5541145023796529,-1.3570022077704214,0.5483145622811252,0.6508597277849097,-2.2518893244134874,0.4029438794157897,0.49619470558372464,-0.8900148126460259
other,12,Trans Nzoia,10,0.027464188827698743,0.02830120496874686,-8610.173595644801,0.0001524908407277703,0.0003409798858133879,-0.25,0.0007827436046194735,0.0012316542330009928,-15.309103866847003
other,12,Uasin Gishu,10,0.033750855922698976,0.03695602926432465,0.0,0.0,0.0,1.0,0.0,0.0,1.0
other,12,Vihiga,10,0.047787678241729734,0.06298669917770786,0.0,0.0,0.0,1.0,0.0,0.0,1.0
other,12,Wag Hamra,10,0.8571638734276682,1.1111618060572805,-0.9458532768067724,1.1633011882985704,1.3224825470380035,-1.7563564447917233,0.6512984001811745,0.9130157624891347,-0.3137478877278461
other,12,Welayta,10,0.3351131636755199,0.38234886876865587,-0.3715486217060242,0.5357664461262589,0.6664719373520887,-3.1673053546143395,0.24992772437216287,0.2934690057514214,0.19199123803520735
other,12,West Arsi,10,0.2888798008503947,0.31008977996004977,-0.6142218693760833,0.4744541641837988,0.5071237679968631,-3.3173400073064077,0.2526967497487278,0.2989465842020937,-0.5002910278331949
other,12,West Gojam,10,0.0792267918586731,0.08136314474565066,0.0,0.0,0.0,1.0,0.0,0.0,1.0
other,12,West Gondar,10,0.15924662161716913,0.21673338365966058,-7135.837932562073,0.10283949388867256,0.3162511803736604,-15194.623423713138,0.003511268483695207,0.004267749106595998,-1.7672727868400187
other,12,West Hararge,10,0.5346668071001366,0.6149031714445664,-1.883110922276685,0.6180805940254682,0.6811446535433657,-2.5377455194275993,0.28753266400894667,0.35714871691514066,0.02737355427937993
other,12,West Shewa,10,0.05607839822769165,0.05623875494761297,0.0,0.0,0.0,1.0,0.04009496331873674,0.07276646987709441,0.0
other,12,West Wellega,10,0.06945482013899948,0.0716350205447568,-0.7606295212823708,0.017995758039542696,0.05690758362624138,-0.11111111111111116,0.017995758039542696,0.05690758362624138,-0.11111111111111116
other,12,Western Tigray,10,0.856638288282566,1.1530271516423474,-0.5772970894146661,0.8624143709985589,1.191297820066099,-0.6837403806857008,0.9309616778574176,1.3070446469568964,-1.02682045671235
other,12,Yem Special,10,0.0610459566116333,0.061232687866002625,0.0,0.0,0.0,1.0,0.029268375090882114,0.053436497529328164,0.0
p,0,Afder,9,0.37134070799390445,0.4789754894367046,0.44222527689565694,0.32864619393028893,0.5439432162491634,0.2806514388969005,0.7157560336124198,0.8577736428643915,-0.7888653184607874
p,0,Afmadow,9,0.2306010114259245,0.26225970160688117,0.8504199355889186,0.22153987217668167,0.3645595879075686,0.7109668608530906,0.6741891008326293,0.8343198140825473,-0.513825113846903
p,0,Awsi-Zone 1,9,0.30819114064175146,0.34733393036826754,0.3084491900363481,0.2586988017622003,0.30916477434407386,0.45208942389600915,0.40659359584072896,0.5215395606345236,-0.5592084739031242
p,0,Baardheere,9,0.3560679302515437,0.4270388000277709,0.3788736405974171,0.5474772661452838,0.6090533231970502,-0.2634437822460671,0.6798400158869664,0.8572118209250094,-1.5027737467307625
p,0,Badhaadhe,9,0.2920025427258726,0.32412730998163214,0.754775403730865,0.2894165815928717,0.42320129819657504,0.5819514120060295,0.6268632792149182,0.7573908286413191,-0.3389762140256076
p,0,Baki,9,0.2919576058902869,0.31687265782162605,-1.4308813657048902,0.3063006285840022,0.35197244717043163,-1.9992423979899439,0.20579914203216962,0.24807983778264342,-0.4899687844034739
p,0,Bale,9,0.23992854651916723,0.3187116535082576,-0.08268325174601121,0.3760690302281756,0.43553804391799195,-1.0218909308287967,0.24917837477673663,0.3151056808929575,-0.058322422450798106
p,0,Bandarbeyla,9,0.5146699972649409,0.569220885616778,0.1878650150498482,0.5602932674272175,0.6541772535888256,-0.07264853608368815,0.5132645188339879,0.6594438225795903,-0.08998914930558288
p,0,Belet Weyne,9,0.3782348007254842,0.42378373611259296,0.6041659635324156,0.4781336479412512,0.5574061341932678,0.3151932196203514,0.6614526225228864,0.8152269015652043,-0.4648109205922084
p,0,Belet Xaawo,9,0.38193773220650723,0.4843181503646858,-0.048477375154818425,0.32421512897149907,0.5469052390105336,-0.33697024111273044,0.7835872321486984,0.9109336758102766,-2.709121744872418
p,0,Berbera,9,0.34216352642896786,0.37222920247033126,-1.268698791864665,0.3868165650890379,0.43860875752535294,-2.149999999999999,0.22655307019729268,0.3239167739843293,-0.7179987088614861
p,0,Borama,9,0.27124688687984794,0.3084674378525995,-0.2046448301280841,0.2855260240171869,0.40723541814003,-1.0995752940016588,0.28217277460034507,0.2947765166932257,-0.10008472371781396
p,0,Borena,9,0.3371648533699542,0.4196837994531046,0.5615291421911801,0.3526218947156657,0.39950598335379606,0.6026777371546463,0.5808378865422744,0.8027972299592562,-0.6043830114040987
p,0,Bu'aale,9,0.37919866182652956,0.4632864757151338,0.4091403053283783,0.45353314266201195,0.6096191458311901,-0.023062855651822423,0.7097963326986085,0.9146319087486889,-1.3029145192606282
p,0,Bulo Burto,9,0.3081435773183645,0.3818713453997618,0.6627613513293157,0.36763698773826564,0.4534937891445901,0.5243955769469035,0.6745054761173545,0.7910105738239077,-0.446997483110565
p,0,Burco,9,0.34505811764653366,0.37049184182974765,0.5551882705538431,0.29896571538845534,0.4832196043321944,0.243327373794325,0.3606900423725515,0.5920378740278204,-0.13584197255328045
p,0,Burtinle,9,0.47889531983269584,0.6201278087338753,0.4437635994219409,0.3333333333333333,0.7453559924999299,0.19642857142857129,0.7555555555555556,1.0249661241014532,-0.5195535714285717
p,0,Buuhoodle,9,0.4427925745646159,0.47840257294760996,0.48504470094349017,0.3333333333333333,0.5773502691896257,0.25,0.4670939504026361,0.695901248077922,-0.0896267309219212
p,0,Cabudwaaq,9,0.6650966670778062,0.796100890304847,0.0493350586837451,0.7777777777777778,1.0,-0.5,0.7833333333333334,1.0147522959925848,-0.5445833333333334
p,0,Cadaado,9,0.5870812106545069,0.7095992426637896,0.09331399696706777,0.6473168843430896,0.8438855769734295,-0.2823239491715046,0.7198922194886914,0.9328054827611534,-0.5667972654366231
p,0,Caynabo,9,0.5384754837045833,0.5626784468372602,0.2518681858445522,0.5005250413625557,0.6744163407672937,-0.07476553774767081,0.4930520108210066,0.6760512386309723,-0.0799826760815745
p,0,Ceel Afweyn,9,0.4385973858539792,0.48982913495477964,-0.17327687732987296,0.5426705585755537,0.6351939840202774,-0.9729861542599454,0.42971882376371434,0.46531622935113465,-0.05878476969790358
p,0,Ceel Barde,9,0.4623437192704942,0.5226361490778246,0.557499358196905,0.3333333333333333,0.5773502691896257,0.45999999999999996,0.8055555555555556,0.924211375534118,-0.38375000000000004
p,0,Ceel Buur,9,0.34836745021854953,0.4166940140395516,0.624819325944682,0.5028460855640162,0.5997345200959995,0.22281567972228444,0.5072315629160984,0.6896117978580325,-0.027579192113798667
p,0,Ceel Waaq,9,0.3373771551730596,0.44110243860851345,0.12851396626765443,0.3257260741533023,0.5517851005631428,-0.3637082028001615,0.692682339336456,0.8847480411668509,-2.506071218523211
p,0,Ceerigaabo,9,0.4673606819576687,0.5184387909179654,0.13402722004487244,0.6072882747500008,0.7241198253869665,-0.6893908549562426,0.5111254839274288,0.5744991854398922,-0.06337904392781302
p,0,Daawa,9,0.372971300409091,0.4648713786492795,-0.1126128357693732,0.19136331489972078,0.35549331388802324,0.34935915495776604,0.5612477940993982,0.6918174760108261,-1.4641180303653947
p,0,Dhuusamarreeb,9,0.4951078560618719,0.589798583077932,0.2799341706706796,0.5205956508638886,0.7092399212934797,-0.041240610469412076,0.6567038896965091,0.8712638628537106,-0.5713182508488122
p,0,Doolo,9,0.4037971012521888,0.4502409254507612,0.28820296469720563,0.5386734330728495,0.7183719607324558,-0.8120283303976188,0.5059960646079296,0.5669800513638636,-0.12876048066617485
p,0,East Bale,9,0.20046291761854845,0.24077976169668025,0.6874162252712268,0.31790934158704254,0.38834167133113834,0.18688034041639123,0.5747520172081155,0.6800457154721572,-1.4934616225937387
p,0,Erer,9,0.3028199725800551,0.3578641463565402,-6.550375087941265,0.13971652530316822,0.20844297990116117,-1.5615727491263685,0.3720051094095038,0.39148545763831294,-8.03573356016992
p,0,Eyl,9,0.47858924492338534,0.5249050788836652,0.3363078055524553,0.44441231802699765,0.5356628563750214,0.3088246744133166,0.5322195304359326,0.7135196117327297,-0.22635721168094025
p,0,Fanti-Zone 4,9,0.4910222237255398,0.6312703148714385,0.25682884839927644,0.36751146199789475,0.5594452149101307,0.4163221194747624,0.8617230668421557,1.084456353377386,-1.1932203307789422
p,0,Gaalkacyo,9,0.5682066994964423,0.6744753361456508,0.14298090626568105,0.6103528693961057,0.8028191115040656,-0.21420986309085466,0.7064377333018338,0.9458442927659221,-0.6853792651366049
p,0,Gabi-Zone 3,9,0.40081091484946274,0.5486677392041467,0.2536949130644882,0.3546899024152332,0.5469882034913987,0.2582569730679479,0.5531158046382973,0.7063313211109038,-0.23684273128231803
p,0,Galdogob,9,0.6837210920121934,0.794604112599032,0.05290645636105751,0.7777777777777778,1.0,-0.5,0.8666666666666667,1.0778064142816495,-0.7424999999999999
p,0,Garbahaarey,9,0.30056375191830054,0.4104724399580548,0.3923637193666083,0.4488013433507534,0.5349362554015641,-0.03200014293922138,0.6985148919783973,0.839121606717048,-1.5393671599660355
p,0,Garissa,9,0.24721501065307117,0.32229383348186186,0.5063986475110486,0.2706801706677454,0.42021528651749857,0.16089551417542958,0.4482372384951664,0.5127229422425237,-0.24921689805555847
p,0,Garoowe,9,0.6246914933657245,0.6476219936158185,0.09127311631270152,0.7105175934376702,0.8114959525093195,-0.4267993867580331,0.5451368173303356,0.6340457521755145,0.12897345101621305
p,0,Gebiley,9,0.2908420624068637,0.3501170047457041,-0.229859912022778,0.29765221611576326,0.44647832417364486,-0.9999999999999998,0.30351334308080224,0.3229827603245245,-0.046617327522098906
p,0,Guji,9,0.31227004833224353,0.33922402596947154,0.05455535136206946,0.37133096701086815,0.4078078724443055,-0.36638822349751954,0.29914987467186577,0.3743489476489342,-0.15137324400221552
p,0,Hargeysa,9,0.29721604131904156,0.36523766764814536,0.07417994019352558,0.3368048335848918,0.4863361700650926,-0.6415291739539151,0.3335111276226649,0.36775928976848377,0.061351978854167655
p,0,Hari-Zone 5,9,0.4004777802361382,0.5097534347036934,-0.5034095499692304,0.3333333333333333,0.5773502691896257,-0.9285714285714288,0.3919991660515769,0.5047780029555043,-0.4742048152633942
p,0,Hobyo,9,0.30646538758257974,0.37981563492521186,0.6074608568973051,0.3227967701983622,0.4261268377429061,0.5058997564870154,0.5476058762585386,0.7425327706513224,-0.5002669575361565
p,0,Isiolo,9,0.3165375396054783,0.4486633240391864,0.09286179296496333,0.3200390568325166,0.5548512148824204,-0.3873479679871683,0.5759595195913568,0.6738809417063489,-1.0464383602433114
p,0,Iskushuban,9,0.46754493154400634,0.5385767235462112,-0.27060613370126796,0.5178114580009147,0.6500892766866639,-0.8512360219023911,0.38136641917558434,0.47461305492973427,0.01327723622334065
p,0,Jalalaqsi,9,0.24708995543029902,0.2924715203510032,0.7714989459200456,0.3465152322544744,0.4508813043337169,0.45694289764407003,0.632106998796854,0.7404521087449795,-0.4645863797574392
p,0,Jarar,9,0.4429403102622304,0.5049116543913246,-0.3522250650927454,0.43113010746254715,0.6217643756842441,-1.0505476322746357,0.41812012212799327,0.4468178082892771,-0.05895898432855917
p,0,Jariiban,9,0.480663643787063,0.5788247288621127,0.39630611065509913,0.45690096990542134,0.6421054000960478,0.25709159715353014,0.6941040818784053,0.8826903081933477,-0.4039102412395261
p,0,Kajiado,9,0.1084983846683724,0.1389272805644568,-161.8673753893641,0.03857899167585691,0.09905257462573924,-81.79241774267983,0.3114329014182877,0.364574881935794,-1120.5858357178554
p,0,Kilbati-Zone 2,9,0.4177664007658228,0.49816557237936615,-0.21029402738714764,0.19863224936891172,0.31433699977468704,0.5181249104169922,0.7273465530748275,0.8606512307504949,-2.6124168308184665
p,0,Kismaayo,9,0.3758402315475948,0.44494629492082804,0.364236222335102,0.3737452027866751,0.4848137741100853,0.2452024334317784,0.49893965416321134,0.7581871743569525,-0.8460074873035797
p,0,Korahe,9,0.384843493003322,0.4245809976743745,0.12725868701858,0.4670408418996167,0.6024153364267165,-0.7569381276705593,0.4135227504305643,0.47479548557807816,-0.09138401903499105
p,0,Kurtunwaarey,9,0.46462983149827686,0.5094741597274812,-0.4371399935267448,0.5821078276252296,0.6850758867493142,-1.5985562063433805,0.5050563417727846,0.5981090684680407,-0.9806855185131884
p,0,Laas Caanood,9,0.5474238395690918,0.5794772302667196,0.3150356970588827,0.48708048286808975,0.6788261415094498,0.06003365407806338,0.5632107366310891,0.7213001420919036,-0.06127326268776545
p,0,Laasqoray,9,0.5606375188635615,0.6142419003010199,-0.2063287110194656,0.7114741985341073,0.8274878252126324,-1.1893238744581347,0.5692049521454514,0.5995645418611454,-0.14936685573800923
p,0,Lamu,9,0.26642360032999907,0.3775303399312297,-0.44451948096216976,0.22236758114649943,0.4714047224892577,-1.2522030528547434,0.3288991174439508,0.45297432699501355,-1.0795380048957983
p,0,Liban,9,0.3668496761724381,0.4619136686718616,0.32742004269780534,0.3093402617602046,0.49572682597818124,0.22534712690218073,0.6702732889559821,0.8394553083410933,-1.2213523578287302
p,0,Lughaye,9,0.5095173609290783,0.5811324351080691,-0.43047134149399624,0.7605339001522976,0.8623643843301461,-2.149999999999999,0.5458482141962663,0.6718152273170969,-0.9117390737282707
p,0,Mandera,9,0.2784410661171169,0.3798866581089571,0.3317338816586465,0.4136967337188194,0.5881800670553065,-0.6019979849232082,0.4699508202532636,0.5534198325265501,-0.4182434862394848
p,0,Marsabit,9,0.26029965617648343,0.34427076657159833,0.3790069274775567,0.2751157932734267,0.43812404336376704,-0.0057282202373518665,0.48124761363957524,0.5565844266819667,-0.6231122795776882
p,0,Narok,9,0.3590869894733075,0.44289620941327357,-0.7510436444532176,0.3687703597980067,0.5009689368039968,-1.2403436456244559,0.24594385001993352,0.271354744271289,0.3426935675576209
p,0,Nogob,9,0.2955822447967063,0.3505008513147252,-1.1441141304162685,0.16996645883638173,0.3536474163066949,-1.1827838093583423,0.4979058625746029,0.5104247931869919,-3.547087041544353
p,0,Owdweyne,9,0.28412267763400617,0.31248020028115936,0.5910204318111476,0.26566425825805673,0.42587560858220136,0.2403349646827636,0.31781173555220765,0.5268085900185424,-0.16241792715038006
p,0,Qardho,9,0.6826861169603136,0.7377879019849463,-0.16028447509324328,0.7777777777777778,0.8819171036881969,-0.6578947368421055,0.5611111111111111,0.6331139971074193,0.1455921052631578
p,0,Qoryooley,9,0.3896434615111395,0.42559106351429477,-0.22652251289495262,0.5334316521003042,0.6665899903974496,-2.00890239310792,0.5508075432266806,0.6852553709331727,-2.1797678953194772
p,0,Saakow,9,0.3577218794468859,0.4588310253133513,0.20720388111658106,0.4374675365763085,0.6162910157008933,-0.430301637394102,0.651821107633016,0.8588767610579894,-1.7779067728907987
p,0,Sablaale,9,0.37491516915663636,0.46001987321635335,0.13353486656639268,0.4650338788929243,0.6017925641167947,-0.4828305940201594,0.6206200558168905,0.7167842526126005,-1.103656441747784
p,0,Samburu,9,0.26134643743527775,0.28630548331457234,0.45336494567441554,0.23061591488371663,0.3213295702860074,0.3114435774343183,0.48204751647520144,0.6188036510411373,-1.5535471538079992
p,0,Shabelle,9,0.2359439921302727,0.29443291640185865,-0.044104244026911266,0.18791058989365889,0.28543052230214777,0.018767410226614212,0.5629245991675838,0.6398414236871396,-3.9307824988377904
p,0,Sheikh,9,0.14681580774860237,0.1845714248365001,-15.697009329885596,0.023954735809266953,0.04149081950353993,0.15625,0.1561724550616525,0.18689305332249576,-16.119697189251237
p,0,Siti,9,0.22569904793983195,0.2711644745405468,0.28195865291613686,0.3324890301432031,0.421488051187196,-0.7348199356532579,0.39528720791126176,0.4344082449549389,-0.8428075740443624
p,0,Taleex,9,0.5695968204074435,0.5869869058513558,0.26555674108113614,0.5555555555555556,0.7453559924999299,-0.1842105263157896,0.6297572124172665,0.7169052376511383,-0.09553165003953823
p,0,Tana River,9,0.3457105328923396,0.47375803951271506,-0.32416468337330784,0.25919660790925253,0.38962153769187696,0.10439867591709928,0.44074295821754966,0.5595457541864571,-0.8471408982841144
p,0,Turkana,10,0.5053180492250056,0.6394907426625619,-0.26884685949747533,0.36902948427912846,0.5403949165005557,0.09392698749382167,0.7335853182766928,0.9047593842533479,-1.5398430366259173
p,0,Wajir,10,0.2682025666476572,0.3717232766106876,0.27022673854921553,0.2985997454910304,0.46434719886944215,-0.1387649558514661,0.3941541762937754,0.48703684433543715,-0.2527720842080097
p,0,Wanla Weyn,10,0.38868676559232734,0.4737817867164924,0.09553600001550544,0.360090894688047,0.5331415072747142,-0.1453007723862756,0.546952828238614,0.7001940093992157,-0.9754741187482605
p,0,West Guji,10,0.3148189608537785,0.39143140158557216,0.0004660271616007128,0.2452226419124016,0.3894686901044224,0.010464603592867605,0.6264413860690906,0.7503034095154771,-2.6724853665092207
p,0,West Pokot,10,0.3449224810766756,0.4033968311385143,-0.34405838108688536,0.38413491940503386,0.452614298971098,-0.6920364281012472,0.37571252886774453,0.4249486700000099,-0.49150982096404827
p,0,Xarardheere,10,0.3446433901786804,0.42713955971309436,0.6087470625709117,0.259879010664693,0.4194948730522593,0.6226265566665159,0.6779837839879603,0.7911436286967801,-0.34223540315133416
p,0,Xudun,10,0.5413328647613526,0.5700409219837786,0.27789632725307456,0.6,0.7745966692414834,-0.33333333333333326,0.6085979528160109,0.7279170363545763,-0.17747380403384327
p,0,Zeylac,10,0.5132385475742309,0.5621570429763653,-0.06200542269191134,0.681541565605664,0.7619866350929486,-0.9512195121951215,0.4575340422497535,0.5702045523317547,-0.09262914965148439
p,1,Afder,9,0.2816058093207409,0.3596398925824755,0.685538147821638,0.32864619393028893,0.5439432162491634,0.2806514388969005,0.7157560336124198,0.8577736428643915,-0.7888653184607874
p,1,Afmadow,9,0.24368971458144204,0.2735500619245838,0.8372637795564963,0.22153987217668167,0.3645595879075686,0.7109668608530906,0.6741891008326293,0.8343198140825473,-0.513825113846903
p,1,Awsi-Zone 1,9,0.2448778683774828,0.2810426265912659,0.5472337314068572,0.2586988017622003,0.30916477434407386,0.45208942389600915,0.40659359584072896,0.5215395606345236,-0.5592084739031242
p,1,Baardheere,9,0.3868858628043052,0.46084333389965737,0.27664430056701206,0.5474772661452838,0.6090533231970502,-0.2634437822460671,0.6798400158869664,0.8572118209250094,-1.5027737467307625
p,1,Badhaadhe,9,0.29283078237871824,0.3427991448304617,0.7257085703851871,0.2894165815928717,0.42320129819657504,0.5819514120060295,0.6268632792149182,0.7573908286413191,-0.3389762140256076
p,1,Baki,9,0.2276932152974322,0.2740909019329698,-0.8187938259092749,0.3063006285840022,0.35197244717043163,-1.9992423979899439,0.20579914203216962,0.24807983778264342,-0.4899687844034739
p,1,Bale,9,0.32772145902196226,0.3895050155206658,-0.6170805006442655,0.3760690302281756,0.43553804391799195,-1.0218909308287967,0.24917837477673663,0.3151056808929575,-0.058322422450798106
p,1,Bandarbeyla,9,0.3936818931864361,0.48763600055431544,0.4039837683089609,0.5602932674272175,0.6541772535888256,-0.07264853608368815,0.5132645188339879,0.6594438225795903,-0.08998914930558288
p,1,Belet Weyne,9,0.3677641852325575,0.3897148121323127,0.6652516928805217,0.4781336479412512,0.5574061341932678,0.3151932196203514,0.6614526225228864,0.8152269015652043,-0.4648109205922084
p,1,Belet Xaawo,9,0.36586678349977436,0.46454492729548785,0.035387206857277365,0.32421512897149907,0.5469052390105336,-0.33697024111273044,0.7835872321486984,0.9109336758102766,-2.709121744872418
p,1,Berbera,9,0.30603514469963683,0.33517834352810705,-0.8395341589588599,0.3868165650890379,0.43860875752535294,-2.149999999999999,0.22655307019729268,0.3239167739843293,-0.7179987088614861
p,1,Borama,9,0.23406880746623127,0.3053159778706102,-0.18015604079539904,0.2855260240171869,0.40723541814003,-1.0995752940016588,0.28217277460034507,0.2947765166932257,-0.10008472371781396
p,1,Borena,9,0.33515315554829833,0.38894620164965854,0.6234042684032504,0.3526218947156657,0.39950598335379606,0.6026777371546463,0.5808378865422744,0.8027972299592562,-0.6043830114040987
p,1,Bu'aale,9,0.4189261377345971,0.48028058592658707,0.36499786656019606,0.45353314266201195,0.6096191458311901,-0.023062855651822423,0.7097963326986085,0.9146319087486889,-1.3029145192606282
p,1,Bulo Burto,9,0.2664547251460605,0.3110362108727127,0.7762695464937014,0.36763698773826564,0.4534937891445901,0.5243955769469035,0.6745054761173545,0.7910105738239077,-0.446997483110565
p,1,Burco,9,0.2267953498547856,0.2859656066879741,0.7349995942889209,0.29896571538845534,0.4832196043321944,0.243327373794325,0.3606900423725515,0.5920378740278204,-0.13584197255328045
p,1,Burtinle,9,0.4335036542680528,0.6200096085821114,0.44397562333097185,0.3333333333333333,0.7453559924999299,0.19642857142857129,0.7555555555555556,1.0249661241014532,-0.5195535714285717
p,1,Buuhoodle,9,0.3796575599246555,0.4672892514826703,0.5086916997597228,0.3333333333333333,0.5773502691896257,0.25,0.4670939504026361,0.695901248077922,-0.0896267309219212
p,1,Cabudwaaq,9,0.6463334560394287,0.7939664530330125,0.05442590718726592,0.7777777777777778,1.0,-0.5,0.7833333333333334,1.0147522959925848,-0.5445833333333334
p,1,Cadaado,9,0.5467878061891253,0.6409419784643913,0.2602788128802651,0.6473168843430896,0.8438855769734295,-0.2823239491715046,0.7198922194886914,0.9328054827611534,-0.5667972654366231
p,1,Caynabo,9,0.47143821919856127,0.5365235958443577,0.31980220984660224,0.5005250413625557,0.6744163407672937,-0.07476553774767081,0.4930520108210066,0.6760512386309723,-0.0799826760815745
p,1,Ceel Afweyn,9,0.41308614754390705,0.45810796664364845,-0.026235358159353517,0.5426705585755537,0.6351939840202774,-0.9729861542599454,0.42971882376371434,0.46531622935113465,-0.05878476969790358
p,1,Ceel Barde,9,0.41995402177174884,0.4991116350681525,0.5964378726981445,0.3333333333333333,0.5773502691896257,0.45999999999999996,0.8055555555555556,0.924211375534118,-0.38375000000000004
p,1,Ceel Buur,9,0.30591015457667914,0.37659963585649925,0.6935456944234892,0.5028460855640162,0.5997345200959995,0.22281567972228444,0.5072315629160984,0.6896117978580325,-0.027579192113798667
p,1,Ceel Waaq,9,0.33207080531276234,0.4561995083213362,0.06783854719387516,0.3257260741533023,0.5517851005631428,-0.3637082028001615,0.692682339336456,0.8847480411668509,-2.506071218523211
p,1,Ceerigaabo,9,0.45649517907036674,0.49967803563502133,0.19556717819101654,0.6072882747500008,0.7241198253869665,-0.6893908549562426,0.5111254839274288,0.5744991854398922,-0.06337904392781302
p,1,Daawa,9,0.31707411752063613,0.35462851582971694,0.3525208939755917,0.19136331489972078,0.35549331388802324,0.34935915495776604,0.5612477940993982,0.6918174760108261,-1.4641180303653947
p,1,Dhuusamarreeb,9,0.4267032874956556,0.49735458489276657,0.48796811737481094,0.5205956508638886,0.7092399212934797,-0.041240610469412076,0.6567038896965091,0.8712638628537106,-0.5713182508488122
p,1,Doolo,9,0.511178498075648,0.5509259215733392,-0.06574339940412899,0.5386734330728495,0.7183719607324558,-0.8120283303976188,0.5059960646079296,0.5669800513638636,-0.12876048066617485
p,1,East Bale,9,0.20267811761888754,0.26866998060329944,0.6108072345717724,0.31790934158704254,0.38834167133113834,0.18688034041639123,0.5747520172081155,0.6800457154721572,-1.4934616225937387
p,1,Erer,9,0.29883011713165014,0.33218499155170966,-5.505671969569362,0.13971652530316822,0.20844297990116117,-1.5615727491263685,0.3720051094095038,0.39148545763831294,-8.03573356016992
p,1,Eyl,9,0.35509803716479976,0.3817149020476104,0.6490191752354664,0.44441231802699765,0.5356628563750214,0.3088246744133166,0.5322195304359326,0.7135196117327297,-0.22635721168094025
p,1,Fanti-Zone 4,9,0.5279464595954474,0.6636470697522645,0.17864203974860604,0.36751146199789475,0.5594452149101307,0.4163221194747624,0.8617230668421557,1.084456353377386,-1.1932203307789422
p,1,Gaalkacyo,9,0.49839710238121726,0.5739505910001974,0.37940629483306176,0.6103528693961057,0.8028191115040656,-0.21420986309085466,0.7064377333018338,0.9458442927659221,-0.6853792651366049
p,1,Gabi-Zone 3,9,0.41504460998563897,0.534473936600277,0.2918086541273667,0.3546899024152332,0.5469882034913987,0.2582569730679479,0.5531158046382973,0.7063313211109038,-0.23684273128231803
p,1,Galdogob,9,0.6423558923933241,0.7717487501534068,0.10660579995498176,0.7777777777777778,1.0,-0.5,0.8666666666666667,1.0778064142816495,-0.7424999999999999
p,1,Garbahaarey,9,0.22418266767322553,0.31544819720687983,0.6411344326538195,0.4488013433507534,0.5349362554015641,-0.03200014293922138,0.6985148919783973,0.839121606717048,-1.5393671599660355
p,1,Garissa,9,0.32347121438565274,0.4099153321824661,0.201526193235806,0.2706801706677454,0.42021528651749857,0.16089551417542958,0.4482372384951664,0.5127229422425237,-0.24921689805555847
p,1,Garoowe,9,0.5533125470614032,0.6023387169767426,0.21391093138479766,0.7105175934376702,0.8114959525093195,-0.4267993867580331,0.5451368173303356,0.6340457521755145,0.12897345101621305
p,1,Gebiley,9,0.27856906868331227,0.36466573726712725,-0.3341945358265457,0.29765221611576326,0.44647832417364486,-0.9999999999999998,0.30351334308080224,0.3229827603245245,-0.046617327522098906
p,1,Guji,9,0.3400359272323925,0.39166346893537035,-0.2603438077616138,0.37133096701086815,0.4078078724443055,-0.36638822349751954,0.29914987467186577,0.3743489476489342,-0.15137324400221552
p,1,Hargeysa,9,0.264382730752579,0.34755165261206056,0.16167159661409414,0.3368048335848918,0.4863361700650926,-0.6415291739539151,0.3335111276226649,0.36775928976848377,0.061351978854167655
p,1,Hari-Zone 5,9,0.32602959209018284,0.4441045080049427,-0.1411095668896638,0.3333333333333333,0.5773502691896257,-0.9285714285714288,0.3919991660515769,0.5047780029555043,-0.4742048152633942
p,1,Hobyo,9,0.22417962824754398,0.2821268410345761,0.7834161319212092,0.3227967701983622,0.4261268377429061,0.5058997564870154,0.5476058762585386,0.7425327706513224,-0.5002669575361565
p,1,Isiolo,9,0.35636466123413363,0.49855017639853316,-0.12008264546939929,0.3200390568325166,0.5548512148824204,-0.3873479679871683,0.5759595195913568,0.6738809417063489,-1.0464383602433114
p,1,Iskushuban,9,0.3824930032749048,0.4647844475491519,0.05372152248796591,0.5178114580009147,0.6500892766866639,-0.8512360219023911,0.38136641917558434,0.47461305492973427,0.01327723622334065
p,1,Jalalaqsi,9,0.2982579203656017,0.3402072171384699,0.6908223532071494,0.3465152322544744,0.4508813043337169,0.45694289764407003,0.632106998796854,0.7404521087449795,-0.4645863797574392
p,1,Jarar,9,0.447090197559119,0.48449631702873514,-0.24508543133249794,0.43113010746254715,0.6217643756842441,-1.0505476322746357,0.41812012212799327,0.4468178082892771,-0.05895898432855917
p,1,Jariiban,9,0.3926023570527988,0.4794254185471239,0.585843255661854,0.45690096990542134,0.6421054000960478,0.25709159715353014,0.6941040818784053,0.8826903081933477,-0.4039102412395261
p,1,Kajiado,9,0.07816370328267415,0.09434847127794965,-74.11536187132667,0.03857899167585691,0.09905257462573924,-81.79241774267983,0.3114329014182877,0.364574881935794,-1120.5858357178554
p,1,Kilbati-Zone 2,9,0.4098366518068113,0.4876250484806104,-0.15961942521722383,0.19863224936891172,0.31433699977468704,0.5181249104169922,0.7273465530748275,0.8606512307504949,-2.6124168308184665
p,1,Kismaayo,9,0.38580044584457157,0.44357983815492275,0.3681351635932919,0.3737452027866751,0.4848137741100853,0.2452024334317784,0.49893965416321134,0.7581871743569525,-0.8460074873035797
p,1,Korahe,9,0.35383021616141663,0.4212098854577653,0.14106254991804856,0.4670408418996167,0.6024153364267165,-0.7569381276705593,0.4135227504305643,0.47479548557807816,-0.09138401903499105
p,1,Kurtunwaarey,9,0.3896394927489211,0.44482831997690114,-0.09556868334630919,0.5821078276252296,0.6850758867493142,-1.5985562063433805,0.5050563417727846,0.5981090684680407,-0.9806855185131884
p,1,Laas Caanood,9,0.45340095625983345,0.5120005688214307,0.46526812315410915,0.48708048286808975,0.6788261415094498,0.06003365407806338,0.5632107366310891,0.7213001420919036,-0.06127326268776545
p,1,Laasqoray,9,0.504151918921884,0.5684861580339443,-0.03330035061738634,0.7114741985341073,0.8274878252126324,-1.1893238744581347,0.5692049521454514,0.5995645418611454,-0.14936685573800923
p,1,Lamu,9,0.28044872507366114,0.4596896326746766,-1.1416529881356015,0.22236758114649943,0.4714047224892577,-1.2522030528547434,0.3288991174439508,0.45297432699501355,-1.0795380048957983
p,1,Liban,9,0.3261987256346506,0.36143447743845913,0.5882046395486451,0.3093402617602046,0.49572682597818124,0.22534712690218073,0.6702732889559821,0.8394553083410933,-1.2213523578287302
p,1,Lughaye,9,0.5087085309395651,0.5755143516938891,-0.4029469409708841,0.7605339001522976,0.8623643843301461,-2.149999999999999,0.5458482141962663,0.6718152273170969,-0.9117390737282707
p,1,Mandera,9,0.24447503444731178,0.35679868257335534,0.41049452263168484,0.4136967337188194,0.5881800670553065,-0.6019979849232082,0.4699508202532636,0.5534198325265501,-0.4182434862394848
p,1,Marsabit,9,0.274053216030779,0.3628451554004003,0.31019058109101794,0.2751157932734267,0.43812404336376704,-0.0057282202373518665,0.48124761363957524,0.5565844266819667,-0.6231122795776882
p,1,Narok,9,0.3213284404188438,0.422999921341257,-0.5972526505714761,0.3687703597980067,0.5009689368039968,-1.2403436456244559,0.24594385001993352,0.271354744271289,0.3426935675576209
p,1,Nogob,9,0.3106739289262094,0.35031530295018665,-1.141844626275423,0.16996645883638173,0.3536474163066949,-1.1827838093583423,0.4979058625746029,0.5104247931869919,-3.547087041544353
p,1,Owdweyne,9,0.1940446151526558,0.27431199395806566,0.6848290378777007,0.26566425825805673,0.42587560858220136,0.2403349646827636,0.31781173555220765,0.5268085900185424,-0.16241792715038006
p,1,Qardho,9,0.5993467701805962,0.6600212242489314,0.07142449123200745,0.7777777777777778,0.8819171036881969,-0.6578947368421055,0.5611111111111111,0.6331139971074193,0.1455921052631578
p,1,Qoryooley,9,0.3339735274460254,0.39078799223963706,-0.034124780514771746,0.5334316521003042,0.6665899903974496,-2.00890239310792,0.5508075432266806,0.6852553709331727,-2.1797678953194772
p,1,Saakow,9,0.3497217484959993,0.43583779277709606,0.2846711589233514,0.4374675365763085,0.6162910157008933,-0.430301637394102,0.651821107633016,0.8588767610579894,-1.7779067728907987
p,1,Sablaale,9,0.3442703834192622,0.45040756789119746,0.16936684599023644,0.4650338788929243,0.6017925641167947,-0.4828305940201594,0.6206200558168905,0.7167842526126005,-1.103656441747784
p,1,Samburu,9,0.33577426623338436,0.39229118693838916,-0.026254915185977223,0.23061591488371663,0.3213295702860074,0.3114435774343183,0.48204751647520144,0.6188036510411373,-1.5535471538079992
p,1,Shabelle,9,0.18775548769447736,0.2407800204282894,0.30174824888360197,0.18791058989365889,0.28543052230214777,0.018767410226614212,0.5629245991675838,0.6398414236871396,-3.9307824988377904
p,1,Sheikh,9,0.07002120553086162,0.09016482331747043,-2.984593591446802,0.023954735809266953,0.04149081950353993,0.15625,0.1561724550616525,0.18689305332249576,-16.119697189251237
p,1,Siti,9,0.21163896392038867,0.2663268403003483,0.3073501524849894,0.3324890301432031,0.421488051187196,-0.7348199356532579,0.39528720791126176,0.4344082449549389,-0.8428075740443624
p,1,Taleex,9,0.48027698198954266,0.5555840878641396,0.3420376849022613,0.5555555555555556,0.7453559924999299,-0.1842105263157896,0.6297572124172665,0.7169052376511383,-0.09553165003953823
p,1,Tana River,9,0.34406776526589405,0.42002336837168797,-0.040820222727282474,0.25919660790925253,0.38962153769187696,0.10439867591709928,0.44074295821754966,0.5595457541864571,-0.8471408982841144
p,1,Turkana,10,0.5976062090694978,0.752786289633743,-0.7582640103887934,0.36902948427912846,0.5403949165005557,0.09392698749382167,0.7335853182766928,0.9047593842533479,-1.5398430366259173
p,1,Wajir,10,0.18076925314825365,0.32508304680202477,0.441867802722247,0.2985997454910304,0.46434719886944215,-0.1387649558514661,0.3941541762937754,0.48703684433543715,-0.2527720842080097
p,1,Wanla Weyn,10,0.30787263051771185,0.39616562136797434,0.3676054280852319,0.360090894688047,0.5331415072747142,-0.1453007723862756,0.546952828238614,0.7001940093992157,-0.9754741187482605
p,1,West Guji,10,0.26799154920216717,0.3596704998806484,0.15609050926931956,0.2452226419124016,0.3894686901044224,0.010464603592867605,0.6264413860690906,0.7503034095154771,-2.6724853665092207
p,1,West Pokot,10,0.32756076933929024,0.3884136760962179,-0.24606929600331484,0.38413491940503386,0.452614298971098,-0.6920364281012472,0.37571252886774453,0.4249486700000099,-0.49150982096404827
p,1,Xarardheere,10,0.3222270727157593,0.4058539453591374,0.6467700139745014,0.259879010664693,0.4194948730522593,0.6226265566665159,0.6779837839879603,0.7911436286967801,-0.34223540315133416
p,1,Xudun,10,0.4732845306396484,0.5415813956906911,0.3481990929816069,0.6,0.7745966692414834,-0.33333333333333326,0.6085979528160109,0.7279170363545763,-0.17747380403384327
p,1,Zeylac,10,0.4657501987794189,0.517051950103677,0.10157923108991751,0.681541565605664,0.7619866350929486,-0.9512195121951215,0.4575340422497535,0.5702045523317547,-0.09262914965148439
p,2,Afder,9,0.35208165256804785,0.4428187471826127,0.5232570853108967,0.32864619393028893,0.5439432162491634,0.2806514388969005,0.7157560336124198,0.8577736428643915,-0.7888653184607874
p,2,Afmadow,9,0.1793772035612055,0.2154172410134625,0.8990813321676228,0.22153987217668167,0.3645595879075686,0.7109668608530906,0.6741891008326293,0.8343198140825473,-0.513825113846903
p,2,Awsi-Zone 1,9,0.22967220697453458,0.2843801920390533,0.5364160846744681,0.2586988017622003,0.30916477434407386,0.45208942389600915,0.40659359584072896,0.5215395606345236,-0.5592084739031242
p,2,Baardheere,9,0.33900555762004697,0.39985559354038774,0.45543259959951976,0.5474772661452838,0.6090533231970502,-0.2634437822460671,0.6798400158869664,0.8572118209250094,-1.5027737467307625
p,2,Badhaadhe,9,0.23253476346036292,0.2729635374938274,0.8260829925573502,0.2894165815928717,0.42320129819657504,0.5819514120060295,0.6268632792149182,0.7573908286413191,-0.3389762140256076
p,2,Baki,9,0.23929389550803729,0.28133663407278126,-0.9162263408939548,0.3063006285840022,0.35197244717043163,-1.9992423979899439,0.20579914203216962,0.24807983778264342,-0.4899687844034739
p,2,Bale,9,0.24348728935319336,0.317261782199779,-0.07285505225555089,0.3760690302281756,0.43553804391799195,-1.0218909308287967,0.24917837477673663,0.3151056808929575,-0.058322422450798106
p,2,Bandarbeyla,9,0.3700081998474061,0.49757280964101186,0.37944561933587595,0.5602932674272175,0.6541772535888256,-0.07264853608368815,0.5132645188339879,0.6594438225795903,-0.08998914930558288
p,2,Belet Weyne,9,0.36741532586942544,0.4012022434260706,0.645226420502039,0.4781336479412512,0.5574061341932678,0.3151932196203514,0.6614526225228864,0.8152269015652043,-0.4648109205922084
p,2,Belet Xaawo,9,0.29675837679709693,0.4318946998967826,0.16621645030300447,0.32421512897149907,0.5469052390105336,-0.33697024111273044,0.7835872321486984,0.9109336758102766,-2.709121744872418
p,2,Berbera,9,0.3154069684343441,0.3629548221516412,-1.1570543983694574,0.3868165650890379,0.43860875752535294,-2.149999999999999,0.22655307019729268,0.3239167739843293,-0.7179987088614861
p,2,Borama,9,0.23774775196841672,0.31394240526173456,-0.24778663986895766,0.2855260240171869,0.40723541814003,-1.0995752940016588,0.28217277460034507,0.2947765166932257,-0.10008472371781396
p,2,Borena,9,0.29397310555766165,0.37258510763224745,0.6544210282740888,0.3526218947156657,0.39950598335379606,0.6026777371546463,0.5808378865422744,0.8027972299592562,-0.6043830114040987
p,2,Bu'aale,9,0.4021406220553436,0.44171822888988127,0.4628745072050837,0.45353314266201195,0.6096191458311901,-0.023062855651822423,0.7097963326986085,0.9146319087486889,-1.3029145192606282
p,2,Bulo Burto,9,0.2713796715071784,0.3160829954209048,0.7689502715024146,0.36763698773826564,0.4534937891445901,0.5243955769469035,0.6745054761173545,0.7910105738239077,-0.446997483110565
p,2,Burco,9,0.18404758938815696,0.23388779018415476,0.8227304944270196,0.29896571538845534,0.4832196043321944,0.243327373794325,0.3606900423725515,0.5920378740278204,-0.13584197255328045
p,2,Burtinle,9,0.3195522361331516,0.5119015299928258,0.6209732626941309,0.3333333333333333,0.7453559924999299,0.19642857142857129,0.7555555555555556,1.0249661241014532,-0.5195535714285717
p,2,Buuhoodle,9,0.2722085052066379,0.3489763895786074,0.7259848289125301,0.3333333333333333,0.5773502691896257,0.25,0.4670939504026361,0.695901248077922,-0.0896267309219212
p,2,Cabudwaaq,9,0.5897798538208008,0.7768056221719286,0.0948595380431243,0.7777777777777778,1.0,-0.5,0.7833333333333334,1.0147522959925848,-0.5445833333333334
p,2,Cadaado,9,0.5227979433232535,0.6454549420369797,0.24982517517600922,0.6473168843430896,0.8438855769734295,-0.2823239491715046,0.7198922194886914,0.9328054827611534,-0.5667972654366231
p,2,Caynabo,9,0.4019766615983279,0.4668209822662831,0.48505801876660304,0.5005250413625557,0.6744163407672937,-0.07476553774767081,0.4930520108210066,0.6760512386309723,-0.0799826760815745
p,2,Ceel Afweyn,9,0.37940294663801116,0.47553521762208834,-0.10580018134798319,0.5426705585755537,0.6351939840202774,-0.9729861542599454,0.42971882376371434,0.46531622935113465,-0.05878476969790358
p,2,Ceel Barde,9,0.4242084821065267,0.4974088085417517,0.5991868530398216,0.3333333333333333,0.5773502691896257,0.45999999999999996,0.8055555555555556,0.924211375534118,-0.38375000000000004
p,2,Ceel Buur,9,0.330061689472852,0.3877182651307774,0.6751832194424233,0.5028460855640162,0.5997345200959995,0.22281567972228444,0.5072315629160984,0.6896117978580325,-0.027579192113798667
p,2,Ceel Waaq,9,0.2984538518868251,0.43379021520926975,0.1571679978516911,0.3257260741533023,0.5517851005631428,-0.3637082028001615,0.692682339336456,0.8847480411668509,-2.506071218523211
p,2,Ceerigaabo,9,0.43709438376956516,0.5393300781565948,0.06282963804337638,0.6072882747500008,0.7241198253869665,-0.6893908549562426,0.5111254839274288,0.5744991854398922,-0.06337904392781302
p,2,Daawa,9,0.3885524843724428,0.44470860540267765,-0.0181916151750523,0.19136331489972078,0.35549331388802324,0.34935915495776604,0.5612477940993982,0.6918174760108261,-1.4641180303653947
p,2,Dhuusamarreeb,9,0.41711631748426237,0.5318736414279568,0.4144261307393855,0.5205956508638886,0.7092399212934797,-0.041240610469412076,0.6567038896965091,0.8712638628537106,-0.5713182508488122
p,2,Doolo,9,0.548517496658276,0.59678545357392,-0.25055470809282054,0.5386734330728495,0.7183719607324558,-0.8120283303976188,0.5059960646079296,0.5669800513638636,-0.12876048066617485
p,2,East Bale,9,0.24382663735567445,0.32195851443097695,0.44111004967622414,0.31790934158704254,0.38834167133113834,0.18688034041639123,0.5747520172081155,0.6800457154721572,-1.4934616225937387
p,2,Erer,9,0.29837622113894724,0.32699721177034025,-5.304058680832901,0.13971652530316822,0.20844297990116117,-1.5615727491263685,0.3720051094095038,0.39148545763831294,-8.03573356016992
p,2,Eyl,9,0.24412005633916362,0.3045733195240742,0.7765456191388775,0.44441231802699765,0.5356628563750214,0.3088246744133166,0.5322195304359326,0.7135196117327297,-0.22635721168094025
p,2,Fanti-Zone 4,9,0.5457820236789706,0.6994823263687264,0.08754469669799325,0.36751146199789475,0.5594452149101307,0.4163221194747624,0.8617230668421557,1.084456353377386,-1.1932203307789422
p,2,Gaalkacyo,9,0.45959039902564,0.559809757072192,0.4096096115773801,0.6103528693961057,0.8028191115040656,-0.21420986309085466,0.7064377333018338,0.9458442927659221,-0.6853792651366049
p,2,Gabi-Zone 3,9,0.3413842230524182,0.4788553457682388,0.43153172612149304,0.3546899024152332,0.5469882034913987,0.2582569730679479,0.5531158046382973,0.7063313211109038,-0.23684273128231803
p,2,Galdogob,9,0.5841943158043755,0.7342830823478858,0.1912425324665321,0.7777777777777778,1.0,-0.5,0.8666666666666667,1.0778064142816495,-0.7424999999999999
p,2,Garbahaarey,9,0.33295717221115656,0.43389278632834843,0.3210456884380323,0.4488013433507534,0.5349362554015641,-0.03200014293922138,0.6985148919783973,0.839121606717048,-1.5393671599660355
p,2,Garissa,9,0.21705398229608028,0.31049747189252935,0.541870259756722,0.2706801706677454,0.42021528651749857,0.16089551417542958,0.4482372384951664,0.5127229422425237,-0.24921689805555847
p,2,Garoowe,9,0.4301176671056876,0.5059102909559496,0.4454544491279636,0.7105175934376702,0.8114959525093195,-0.4267993867580331,0.5451368173303356,0.6340457521755145,0.12897345101621305
p,2,Gebiley,9,0.25303143213834295,0.35022784352428227,-0.23063872451039558,0.29765221611576326,0.44647832417364486,-0.9999999999999998,0.30351334308080224,0.3229827603245245,-0.046617327522098906
p,2,Guji,9,0.2887377107196676,0.3160367463088778,0.17938762170169242,0.37133096701086815,0.4078078724443055,-0.36638822349751954,0.29914987467186577,0.3743489476489342,-0.15137324400221552
p,2,Hargeysa,9,0.2479305639833394,0.3695539952874235,0.05216821469611965,0.3368048335848918,0.4863361700650926,-0.6415291739539151,0.3335111276226649,0.36775928976848377,0.061351978854167655
p,2,Hari-Zone 5,9,0.2500040531158447,0.41478766366270503,0.004574765709429052,0.3333333333333333,0.5773502691896257,-0.9285714285714288,0.3919991660515769,0.5047780029555043,-0.4742048152633942
p,2,Hobyo,9,0.27259596395110025,0.3251959558780947,0.7122418944236374,0.3227967701983622,0.4261268377429061,0.5058997564870154,0.5476058762585386,0.7425327706513224,-0.5002669575361565
p,2,Isiolo,9,0.3186175430259902,0.5019000610474584,-0.13518545217600186,0.3200390568325166,0.5548512148824204,-0.3873479679871683,0.5759595195913568,0.6738809417063489,-1.0464383602433114
p,2,Iskushuban,9,0.3080320464894909,0.4132432878671742,0.2519555517223655,0.5178114580009147,0.6500892766866639,-0.8512360219023911,0.38136641917558434,0.47461305492973427,0.01327723622334065
p,2,Jalalaqsi,9,0.2548857117515147,0.298770271118642,0.7615508356413961,0.3465152322544744,0.4508813043337169,0.45694289764407003,0.632106998796854,0.7404521087449795,-0.4645863797574392
p,2,Jarar,9,0.45432072275622065,0.5110416713481767,-0.38525849151424496,0.43113010746254715,0.6217643756842441,-1.0505476322746357,0.41812012212799327,0.4468178082892771,-0.05895898432855917
p,2,Jariiban,9,0.32150818849573765,0.44890903953744704,0.6368890653523296,0.45690096990542134,0.6421054000960478,0.25709159715353014,0.6941040818784053,0.8826903081933477,-0.4039102412395261
p,2,Kajiado,9,0.1388268900110235,0.18606552510317917,-291.1398851810836,0.03857899167585691,0.09905257462573924,-81.79241774267983,0.3114329014182877,0.364574881935794,-1120.5858357178554
p,2,Kilbati-Zone 2,9,0.4150520317337047,0.5177460198270151,-0.30730525418520127,0.19863224936891172,0.31433699977468704,0.5181249104169922,0.7273465530748275,0.8606512307504949,-2.6124168308184665
p,2,Kismaayo,9,0.319122762940383,0.3956311828647987,0.4973547068694564,0.3737452027866751,0.4848137741100853,0.2452024334317784,0.49893965416321134,0.7581871743569525,-0.8460074873035797
p,2,Korahe,9,0.429538923335082,0.4728950843791336,-0.08266482619050408,0.4670408418996167,0.6024153364267165,-0.7569381276705593,0.4135227504305643,0.47479548557807816,-0.09138401903499105
p,2,Kurtunwaarey,9,0.3963641682453404,0.4364773237813281,-0.05481943623556185,0.5821078276252296,0.6850758867493142,-1.5985562063433805,0.5050563417727846,0.5981090684680407,-0.9806855185131884
p,2,Laas Caanood,9,0.4111052354176839,0.4770477116862861,0.5357853721815251,0.48708048286808975,0.6788261415094498,0.06003365407806338,0.5632107366310891,0.7213001420919036,-0.06127326268776545
p,2,Laasqoray,9,0.5115553456220522,0.62911166625608,-0.2654420600809946,0.7114741985341073,0.8274878252126324,-1.1893238744581347,0.5692049521454514,0.5995645418611454,-0.14936685573800923
p,2,Lamu,9,0.4287029810223751,0.5811740551340518,-2.423198801194998,0.22236758114649943,0.4714047224892577,-1.2522030528547434,0.3288991174439508,0.45297432699501355,-1.0795380048957983
p,2,Liban,9,0.40942545937217223,0.4699814388877144,0.30372034285860283,0.3093402617602046,0.49572682597818124,0.22534712690218073,0.6702732889559821,0.8394553083410933,-1.2213523578287302
p,2,Lughaye,9,0.49277491953978253,0.5993797682858487,-0.5217141853516714,0.7605339001522976,0.8623643843301461,-2.149999999999999,0.5458482141962663,0.6718152273170969,-0.9117390737282707
p,2,Mandera,9,0.31857947926846153,0.4566384542742669,0.03442431007499136,0.4136967337188194,0.5881800670553065,-0.6019979849232082,0.4699508202532636,0.5534198325265501,-0.4182434862394848
p,2,Marsabit,9,0.22311475546881473,0.3553473636346596,0.3384043246129059,0.2751157932734267,0.43812404336376704,-0.0057282202373518665,0.48124761363957524,0.5565844266819667,-0.6231122795776882
p,2,Narok,9,0.3174172193582072,0.41356184472070967,-0.5267712452502713,0.3687703597980067,0.5009689368039968,-1.2403436456244559,0.24594385001993352,0.271354744271289,0.3426935675576209
p,2,Nogob,9,0.3180610636901389,0.3590069780814754,-1.2494457562290857,0.16996645883638173,0.3536474163066949,-1.1827838093583423,0.4979058625746029,0.5104247931869919,-3.547087041544353
p,2,Owdweyne,9,0.15981452861412906,0.2128463438599135,0.8102468507008347,0.26566425825805673,0.42587560858220136,0.2403349646827636,0.31781173555220765,0.5268085900185424,-0.16241792715038006
p,2,Qardho,9,0.48116397857666016,0.5834664977392097,0.27433985598134747,0.7777777777777778,0.8819171036881969,-0.6578947368421055,0.5611111111111111,0.6331139971074193,0.1455921052631578
p,2,Qoryooley,9,0.3613579713691649,0.4012212294179174,-0.09007990192366355,0.5334316521003042,0.6665899903974496,-2.00890239310792,0.5508075432266806,0.6852553709331727,-2.1797678953194772
p,2,Saakow,9,0.3572573915437559,0.429368674369346,0.3057487424931631,0.4374675365763085,0.6162910157008933,-0.430301637394102,0.651821107633016,0.8588767610579894,-1.7779067728907987
p,2,Sablaale,9,0.34649194163196834,0.4550565998060817,0.1521310359283875,0.4650338788929243,0.6017925641167947,-0.4828305940201594,0.6206200558168905,0.7167842526126005,-1.103656441747784
p,2,Samburu,9,0.29196432202869615,0.3554593118125426,0.15740682206131784,0.23061591488371663,0.3213295702860074,0.3114435774343183,0.48204751647520144,0.6188036510411373,-1.5535471538079992
p,2,Shabelle,9,0.26692492083349334,0.31827342262924196,-0.22003387271257702,0.18791058989365889,0.28543052230214777,0.018767410226614212,0.5629245991675838,0.6398414236871396,-3.9307824988377904
p,2,Sheikh,9,0.07866348165899477,0.13343867648107394,-7.727165493997502,0.023954735809266953,0.04149081950353993,0.15625,0.1561724550616525,0.18689305332249576,-16.119697189251237
p,2,Siti,9,0.18011954477042394,0.21841859549421552,0.5341317751000805,0.3324890301432031,0.421488051187196,-0.7348199356532579,0.39528720791126176,0.4344082449549389,-0.8428075740443624
p,2,Taleex,9,0.46408912870619035,0.531452638352058,0.3979527775863043,0.5555555555555556,0.7453559924999299,-0.1842105263157896,0.6297572124172665,0.7169052376511383,-0.09553165003953823
p,2,Tana River,9,0.3767856289845627,0.4618547920499864,-0.2584608895874074,0.25919660790925253,0.38962153769187696,0.10439867591709928,0.44074295821754966,0.5595457541864571,-0.8471408982841144
p,2,Turkana,10,0.5675516994297578,0.6912933965989037,-0.48274170121975324,0.36902948427912846,0.5403949165005557,0.09392698749382167,0.7335853182766928,0.9047593842533479,-1.5398430366259173
p,2,Wajir,10,0.2805214408771355,0.37941662474718857,0.23970672993425934,0.2985997454910304,0.46434719886944215,-0.1387649558514661,0.3941541762937754,0.48703684433543715,-0.2527720842080097
p,2,Wanla Weyn,10,0.2999251259972956,0.3826968196736384,0.4098746528545487,0.360090894688047,0.5331415072747142,-0.1453007723862756,0.546952828238614,0.7001940093992157,-0.9754741187482605
p,2,West Guji,10,0.2538666312181584,0.3446117370449917,0.2252771528704598,0.2452226419124016,0.3894686901044224,0.010464603592867605,0.6264413860690906,0.7503034095154771,-2.6724853665092207
p,2,West Pokot,10,0.30752575280257755,0.37152283627871835,-0.14005077937528032,0.38413491940503386,0.452614298971098,-0.6920364281012472,0.37571252886774453,0.4249486700000099,-0.49150982096404827
p,2,Xarardheere,10,0.2582699775695801,0.35205303073438055,0.7342127188326597,0.259879010664693,0.4194948730522593,0.6226265566665159,0.6779837839879603,0.7911436286967801,-0.34223540315133416
p,2,Xudun,10,0.4167598247528076,0.48774979049283945,0.4713336486093138,0.6,0.7745966692414834,-0.33333333333333326,0.6085979528160109,0.7279170363545763,-0.17747380403384327
p,2,Zeylac,10,0.47083968950385735,0.5408671514580823,0.016911457726856316,0.681541565605664,0.7619866350929486,-0.9512195121951215,0.4575340422497535,0.5702045523317547,-0.09262914965148439
p,3,Afder,9,0.4315941691958901,0.47077581841210137,0.4611591114719459,0.32864619393028893,0.5439432162491634,0.2806514388969005,0.7157560336124198,0.8577736428643915,-0.7888653184607874
p,3,Afmadow,9,0.13710459962234986,0.1716496274663297,0.9359238630651542,0.22153987217668167,0.3645595879075686,0.7109668608530906,0.6741891008326293,0.8343198140825473,-0.513825113846903
p,3,Awsi-Zone 1,9,0.19505014195683215,0.2386106237354242,0.6736307565165573,0.2586988017622003,0.30916477434407386,0.45208942389600915,0.40659359584072896,0.5215395606345236,-0.5592084739031242
p,3,Baardheere,9,0.3549217416872225,0.40431447239182045,0.4432196978353291,0.5474772661452838,0.6090533231970502,-0.2634437822460671,0.6798400158869664,0.8572118209250094,-1.5027737467307625
p,3,Badhaadhe,9,0.2094728012078649,0.28758497003807354,0.8069520704276625,0.2894165815928717,0.42320129819657504,0.5819514120060295,0.6268632792149182,0.7573908286413191,-0.3389762140256076
p,3,Baki,9,0.2194270141057457,0.2691741785655589,-0.7541269625656051,0.3063006285840022,0.35197244717043163,-1.9992423979899439,0.20579914203216962,0.24807983778264342,-0.4899687844034739
p,3,Bale,9,0.2956453916272818,0.37245070756455506,-0.4785742516270397,0.3760690302281756,0.43553804391799195,-1.0218909308287967,0.24917837477673663,0.3151056808929575,-0.058322422450798106
p,3,Bandarbeyla,9,0.35229644510481095,0.46967869652403477,0.44707237272389144,0.5602932674272175,0.6541772535888256,-0.07264853608368815,0.5132645188339879,0.6594438225795903,-0.08998914930558288
p,3,Belet Weyne,9,0.3154894812530653,0.34859643412653757,0.7321630783879396,0.4781336479412512,0.5574061341932678,0.3151932196203514,0.6614526225228864,0.8152269015652043,-0.4648109205922084
p,3,Belet Xaawo,9,0.23568539146587952,0.3436198445653803,0.47221864058535024,0.32421512897149907,0.5469052390105336,-0.33697024111273044,0.7835872321486984,0.9109336758102766,-2.709121744872418
p,3,Berbera,9,0.2774202130632504,0.3432529436780019,-0.9292321775578625,0.3868165650890379,0.43860875752535294,-2.149999999999999,0.22655307019729268,0.3239167739843293,-0.7179987088614861
p,3,Borama,9,0.23528172237738618,0.29306690973534166,-0.08736146637258968,0.2855260240171869,0.40723541814003,-1.0995752940016588,0.28217277460034507,0.2947765166932257,-0.10008472371781396
p,3,Borena,9,0.40959638988599906,0.4865211747518358,0.4107496929514107,0.3526218947156657,0.39950598335379606,0.6026777371546463,0.5808378865422744,0.8027972299592562,-0.6043830114040987
p,3,Bu'aale,9,0.3588747495238766,0.40129089034840193,0.5566938842143022,0.45353314266201195,0.6096191458311901,-0.023062855651822423,0.7097963326986085,0.9146319087486889,-1.3029145192606282
p,3,Bulo Burto,9,0.21116416430498788,0.2660953696960056,0.8362513105722822,0.36763698773826564,0.4534937891445901,0.5243955769469035,0.6745054761173545,0.7910105738239077,-0.446997483110565
p,3,Burco,9,0.22736046811607094,0.29819829048200464,0.7118429622449499,0.29896571538845534,0.4832196043321944,0.243327373794325,0.3606900423725515,0.5920378740278204,-0.13584197255328045
p,3,Burtinle,9,0.4412429862552219,0.5820576358669937,0.5099628855507682,0.3333333333333333,0.7453559924999299,0.19642857142857129,0.7555555555555556,1.0249661241014532,-0.5195535714285717
p,3,Buuhoodle,9,0.2843820121553209,0.36873368157197084,0.6940798121673559,0.3333333333333333,0.5773502691896257,0.25,0.4670939504026361,0.695901248077922,-0.0896267309219212
p,3,Cabudwaaq,9,0.49660589959886337,0.626677226418465,0.41091348083268997,0.7777777777777778,1.0,-0.5,0.7833333333333334,1.0147522959925848,-0.5445833333333334
p,3,Cadaado,9,0.4090190475212854,0.5129984376511042,0.5261261869177728,0.6473168843430896,0.8438855769734295,-0.2823239491715046,0.7198922194886914,0.9328054827611534,-0.5667972654366231
p,3,Caynabo,9,0.3827283084879085,0.4557216881746429,0.5092537852804349,0.5005250413625557,0.6744163407672937,-0.07476553774767081,0.4930520108210066,0.6760512386309723,-0.0799826760815745
p,3,Ceel Afweyn,9,0.264008592771434,0.35270911659084275,0.3916624064385298,0.5426705585755537,0.6351939840202774,-0.9729861542599454,0.42971882376371434,0.46531622935113465,-0.05878476969790358
p,3,Ceel Barde,9,0.4006229639053345,0.473197723500581,0.6372559414476657,0.3333333333333333,0.5773502691896257,0.45999999999999996,0.8055555555555556,0.924211375534118,-0.38375000000000004
p,3,Ceel Buur,9,0.4081984193259434,0.5020124838395216,0.4554535010416402,0.5028460855640162,0.5997345200959995,0.22281567972228444,0.5072315629160984,0.6896117978580325,-0.027579192113798667
p,3,Ceel Waaq,9,0.24398476979623535,0.3517337159314247,0.4458727413529827,0.3257260741533023,0.5517851005631428,-0.3637082028001615,0.692682339336456,0.8847480411668509,-2.506071218523211
p,3,Ceerigaabo,9,0.3597885762620902,0.4725984195328616,0.2803956288664148,0.6072882747500008,0.7241198253869665,-0.6893908549562426,0.5111254839274288,0.5744991854398922,-0.06337904392781302
p,3,Daawa,9,0.4887670451990622,0.5065989798285032,-0.32131714788516375,0.19136331489972078,0.35549331388802324,0.34935915495776604,0.5612477940993982,0.6918174760108261,-1.4641180303653947
p,3,Dhuusamarreeb,9,0.38297962079424724,0.4881452055873992,0.5067548670697566,0.5205956508638886,0.7092399212934797,-0.041240610469412076,0.6567038896965091,0.8712638628537106,-0.5713182508488122
p,3,Doolo,9,0.6093760642140214,0.634219225923403,-0.41235881351462567,0.5386734330728495,0.7183719607324558,-0.8120283303976188,0.5059960646079296,0.5669800513638636,-0.12876048066617485
p,3,East Bale,9,0.2503269665552208,0.32631968704525743,0.4258663225611876,0.31790934158704254,0.38834167133113834,0.18688034041639123,0.5747520172081155,0.6800457154721572,-1.4934616225937387
p,3,Erer,9,0.4910252942098972,0.5055435271492296,-14.067779505664838,0.13971652530316822,0.20844297990116117,-1.5615727491263685,0.3720051094095038,0.39148545763831294,-8.03573356016992
p,3,Eyl,9,0.32877567235767086,0.4103792295510833,0.5943271868271252,0.44441231802699765,0.5356628563750214,0.3088246744133166,0.5322195304359326,0.7135196117327297,-0.22635721168094025
p,3,Fanti-Zone 4,9,0.5830476953030482,0.7761983712574342,-0.12357886765569925,0.36751146199789475,0.5594452149101307,0.4163221194747624,0.8617230668421557,1.084456353377386,-1.1932203307789422
p,3,Gaalkacyo,9,0.44097690160946157,0.5418095186829458,0.4469662797334547,0.6103528693961057,0.8028191115040656,-0.21420986309085466,0.7064377333018338,0.9458442927659221,-0.6853792651366049
p,3,Gabi-Zone 3,9,0.39676252763988834,0.5046297082825707,0.36868925582692247,0.3546899024152332,0.5469882034913987,0.2582569730679479,0.5531158046382973,0.7063313211109038,-0.23684273128231803
p,3,Galdogob,9,0.5441652139027914,0.6482074702548857,0.36974061325864227,0.7777777777777778,1.0,-0.5,0.8666666666666667,1.0778064142816495,-0.7424999999999999
p,3,Garbahaarey,9,0.2561837671360833,0.3196286949036824,0.6315596265013619,0.4488013433507534,0.5349362554015641,-0.03200014293922138,0.6985148919783973,0.839121606717048,-1.5393671599660355
p,3,Garissa,9,0.24909211464573033,0.35546105141337336,0.3995782844898368,0.2706801706677454,0.42021528651749857,0.16089551417542958,0.4482372384951664,0.5127229422425237,-0.24921689805555847
p,3,Garoowe,9,0.4160896874668462,0.4749183895772958,0.511315942811455,0.7105175934376702,0.8114959525093195,-0.4267993867580331,0.5451368173303356,0.6340457521755145,0.12897345101621305
p,3,Gebiley,9,0.2017297673620707,0.2558168304178684,0.343420280241425,0.29765221611576326,0.44647832417364486,-0.9999999999999998,0.30351334308080224,0.3229827603245245,-0.046617327522098906
p,3,Guji,9,0.31332913895741554,0.3652094210281021,-0.09583923098662872,0.37133096701086815,0.4078078724443055,-0.36638822349751954,0.29914987467186577,0.3743489476489342,-0.15137324400221552
p,3,Hargeysa,9,0.16201351427283794,0.22269495302624406,0.6558116120869814,0.3368048335848918,0.4863361700650926,-0.6415291739539151,0.3335111276226649,0.36775928976848377,0.061351978854167655
p,3,Hari-Zone 5,9,0.26823099454243976,0.36655400734970567,0.22262078109754457,0.3333333333333333,0.5773502691896257,-0.9285714285714288,0.3919991660515769,0.5047780029555043,-0.4742048152633942
p,3,Hobyo,9,0.3255462402199533,0.3724347299436185,0.6225689382608809,0.3227967701983622,0.4261268377429061,0.5058997564870154,0.5476058762585386,0.7425327706513224,-0.5002669575361565
p,3,Isiolo,9,0.3923693899752496,0.5098732354787269,-0.17153899976298037,0.3200390568325166,0.5548512148824204,-0.3873479679871683,0.5759595195913568,0.6738809417063489,-1.0464383602433114
p,3,Iskushuban,9,0.26526378761378316,0.4013255237455218,0.29447996702114476,0.5178114580009147,0.6500892766866639,-0.8512360219023911,0.38136641917558434,0.47461305492973427,0.01327723622334065
p,3,Jalalaqsi,9,0.19766423437880587,0.24697700927312286,0.8370576044186373,0.3465152322544744,0.4508813043337169,0.45694289764407003,0.632106998796854,0.7404521087449795,-0.4645863797574392
p,3,Jarar,9,0.5138756125727502,0.5677033254513593,-0.709468363314592,0.43113010746254715,0.6217643756842441,-1.0505476322746357,0.41812012212799327,0.4468178082892771,-0.05895898432855917
p,3,Jariiban,9,0.32720355800426904,0.39974328759846367,0.7120712805835617,0.45690096990542134,0.6421054000960478,0.25709159715353014,0.6941040818784053,0.8826903081933477,-0.4039102412395261
p,3,Kajiado,9,0.14813598316847384,0.18045549658513602,-273.7889460655267,0.03857899167585691,0.09905257462573924,-81.79241774267983,0.3114329014182877,0.364574881935794,-1120.5858357178554
p,3,Kilbati-Zone 2,9,0.4855349480358559,0.611454246554985,-0.8233557033114407,0.19863224936891172,0.31433699977468704,0.5181249104169922,0.7273465530748275,0.8606512307504949,-2.6124168308184665
p,3,Kismaayo,9,0.3347592055692667,0.3976038236336394,0.49232977164716896,0.3737452027866751,0.4848137741100853,0.2452024334317784,0.49893965416321134,0.7581871743569525,-0.8460074873035797
p,3,Korahe,9,0.4567053801829311,0.506337603588731,-0.2412086453764528,0.4670408418996167,0.6024153364267165,-0.7569381276705593,0.4135227504305643,0.47479548557807816,-0.09138401903499105
p,3,Kurtunwaarey,9,0.3385686112441545,0.40845964499648374,0.07625295306176205,0.5821078276252296,0.6850758867493142,-1.5985562063433805,0.5050563417727846,0.5981090684680407,-0.9806855185131884
p,3,Laas Caanood,9,0.33772660626305473,0.40204849987148805,0.670274846240917,0.48708048286808975,0.6788261415094498,0.06003365407806338,0.5632107366310891,0.7213001420919036,-0.06127326268776545
p,3,Laasqoray,9,0.3979059539562966,0.5028032591170919,0.19168068647411507,0.7114741985341073,0.8274878252126324,-1.1893238744581347,0.5692049521454514,0.5995645418611454,-0.14936685573800923
p,3,Lamu,9,0.4963920951691375,0.7466953326286351,-4.6507560455208266,0.22236758114649943,0.4714047224892577,-1.2522030528547434,0.3288991174439508,0.45297432699501355,-1.0795380048957983
p,3,Liban,9,0.46954198883689396,0.4925219683408549,0.23533096039506474,0.3093402617602046,0.49572682597818124,0.22534712690218073,0.6702732889559821,0.8394553083410933,-1.2213523578287302
p,3,Lughaye,9,0.37303509566859383,0.47301868183154344,0.05226806031732956,0.7605339001522976,0.8623643843301461,-2.149999999999999,0.5458482141962663,0.6718152273170969,-0.9117390737282707
p,3,Mandera,9,0.36887266596148743,0.4627575293722749,0.008372989337682601,0.4136967337188194,0.5881800670553065,-0.6019979849232082,0.4699508202532636,0.5534198325265501,-0.4182434862394848
p,3,Marsabit,9,0.3266335143311622,0.41325471234310157,0.10520800247589379,0.2751157932734267,0.43812404336376704,-0.0057282202373518665,0.48124761363957524,0.5565844266819667,-0.6231122795776882
p,3,Narok,9,0.37088738058426785,0.5232693184979256,-1.4442385317837534,0.3687703597980067,0.5009689368039968,-1.2403436456244559,0.24594385001993352,0.271354744271289,0.3426935675576209
p,3,Nogob,9,0.4044170677693219,0.43216707341611704,-2.2596659428057775,0.16996645883638173,0.3536474163066949,-1.1827838093583423,0.4979058625746029,0.5104247931869919,-3.547087041544353
p,3,Owdweyne,9,0.2242291763943143,0.3031735680019616,0.6150190203673412,0.26566425825805673,0.42587560858220136,0.2403349646827636,0.31781173555220765,0.5268085900185424,-0.16241792715038006
p,3,Qardho,9,0.46646012200249565,0.5511541418884969,0.352488370058198,0.7777777777777778,0.8819171036881969,-0.6578947368421055,0.5611111111111111,0.6331139971074193,0.1455921052631578
p,3,Qoryooley,9,0.33564629689939723,0.3765998669697185,0.03960288148805935,0.5334316521003042,0.6665899903974496,-2.00890239310792,0.5508075432266806,0.6852553709331727,-2.1797678953194772
p,3,Saakow,9,0.3040123667889436,0.3466944618114474,0.5473632926327081,0.4374675365763085,0.6162910157008933,-0.430301637394102,0.651821107633016,0.8588767610579894,-1.7779067728907987
p,3,Sablaale,9,0.3973278689594423,0.4832981450228075,0.043625121072983886,0.4650338788929243,0.6017925641167947,-0.4828305940201594,0.6206200558168905,0.7167842526126005,-1.103656441747784
p,3,Samburu,9,0.2507436055947626,0.31530806848791376,0.3370079582597939,0.23061591488371663,0.3213295702860074,0.3114435774343183,0.48204751647520144,0.6188036510411373,-1.5535471538079992
p,3,Shabelle,9,0.28841040845352917,0.35002536451580385,-0.475605185373289,0.18791058989365889,0.28543052230214777,0.018767410226614212,0.5629245991675838,0.6398414236871396,-3.9307824988377904
p,3,Sheikh,9,0.18936562981416769,0.2529163655279235,-30.351882631636908,0.023954735809266953,0.04149081950353993,0.15625,0.1561724550616525,0.18689305332249576,-16.119697189251237
p,3,Siti,9,0.13620305708225913,0.1746691863993694,0.7020684717742851,0.3324890301432031,0.421488051187196,-0.7348199356532579,0.39528720791126176,0.4344082449549389,-0.8428075740443624
p,3,Taleex,9,0.47360168562995064,0.5526777596732384,0.34890344239389925,0.5555555555555556,0.7453559924999299,-0.1842105263157896,0.6297572124172665,0.7169052376511383,-0.09553165003953823
p,3,Tana River,9,0.29051168865660254,0.35858338856610567,0.24140644467318872,0.25919660790925253,0.38962153769187696,0.10439867591709928,0.44074295821754966,0.5595457541864571,-0.8471408982841144
p,3,Turkana,10,0.4922722733346552,0.6151191479759812,-0.17397588992190638,0.36902948427912846,0.5403949165005557,0.09392698749382167,0.7335853182766928,0.9047593842533479,-1.5398430366259173
p,3,Wajir,10,0.29485040077704305,0.35454771837980453,0.33610740668760175,0.2985997454910304,0.46434719886944215,-0.1387649558514661,0.3941541762937754,0.48703684433543715,-0.2527720842080097
p,3,Wanla Weyn,10,0.2956449224378055,0.38652326286089217,0.39801476871533714,0.360090894688047,0.5331415072747142,-0.1453007723862756,0.546952828238614,0.7001940093992157,-0.9754741187482605
p,3,West Guji,10,0.24452405614491618,0.32523064201623236,0.30996813430444226,0.2452226419124016,0.3894686901044224,0.010464603592867605,0.6264413860690906,0.7503034095154771,-2.6724853665092207
p,3,West Pokot,10,0.2939950839082799,0.41183799324303744,-0.40089629532799176,0.38413491940503386,0.452614298971098,-0.6920364281012472,0.37571252886774453,0.4249486700000099,-0.49150982096404827
p,3,Xarardheere,10,0.36466180086135863,0.4394777448133542,0.585817453107567,0.259879010664693,0.4194948730522593,0.6226265566665159,0.6779837839879603,0.7911436286967801,-0.34223540315133416
p,3,Xudun,10,0.3687829732894897,0.44746994896054343,0.5550458772827749,0.6,0.7745966692414834,-0.33333333333333326,0.6085979528160109,0.7279170363545763,-0.17747380403384327
p,3,Zeylac,10,0.42018233371848746,0.48815154306503306,0.1992061022262177,0.681541565605664,0.7619866350929486,-0.9512195121951215,0.4575340422497535,0.5702045523317547,-0.09262914965148439
p,4,Afder,9,0.5807852308515705,0.5946926520285877,0.14016049569438782,0.7423696626811374,0.8360614742842339,-0.6994511000952606,0.7157560336124198,0.8577736428643915,-0.7888653184607874
p,4,Afmadow,9,0.3125166084854806,0.3632182048452968,0.713089920560273,0.4316873041773573,0.6183492364962554,0.16846937614147595,0.6741891008326293,0.8343198140825473,-0.513825113846903
p,4,Awsi-Zone 1,9,0.28220731365412405,0.3583466546136404,0.26390073914457857,0.28098885881417934,0.39142701997132756,0.12172347335009115,0.40659359584072896,0.5215395606345236,-0.5592084739031242
p,4,Baardheere,9,0.3370598411054181,0.46486950367528856,0.2639498573054657,0.461616378975989,0.7079445731499159,-0.7070404096449483,0.6798400158869664,0.8572118209250094,-1.5027737467307625
p,4,Badhaadhe,9,0.30841734959966566,0.3751014343111696,0.6715795226464907,0.48869153218025807,0.630722425052441,0.0714413859577151,0.6268632792149182,0.7573908286413191,-0.3389762140256076
p,4,Baki,9,0.17430338827621897,0.23039025637158783,-0.28505716484580046,0.22086235508527607,0.33572201329196205,-1.7286879250782166,0.20579914203216962,0.24807983778264342,-0.4899687844034739
p,4,Bale,9,0.2481949948775734,0.29120340628924407,0.09614569031981213,0.37983307769333835,0.45351085910213773,-1.1922037314483531,0.24917837477673663,0.3151056808929575,-0.058322422450798106
p,4,Bandarbeyla,9,0.3669004705217149,0.4947862793348016,0.38637667183685065,0.4009475423743324,0.675846674525969,-0.14488780237128607,0.5132645188339879,0.6594438225795903,-0.08998914930558288
p,4,Belet Weyne,9,0.3445838181037705,0.4227049343067124,0.6061787021474218,0.598323611957217,0.7173261813760523,-0.13411717827686997,0.6614526225228864,0.8152269015652043,-0.4648109205922084
p,4,Belet Xaawo,9,0.15209722518920898,0.2552103524397804,0.708865181814196,0.3424515376951676,0.5792910821896933,-0.5,0.7835872321486984,0.9109336758102766,-2.709121744872418
p,4,Berbera,9,0.2396699026952423,0.2764879233144868,-0.2517231641417159,0.2762975464921699,0.4386087575253529,-2.149999999999998,0.22655307019729268,0.3239167739843293,-0.7179987088614861
p,4,Borama,9,0.14744688732489594,0.1865820499810104,0.5592624131434556,0.21293147075757396,0.35320154051045505,-0.5793760462239199,0.28217277460034507,0.2947765166932257,-0.10008472371781396
p,4,Borena,9,0.4349240737051729,0.5253685745380352,0.31289278803142484,0.46112797417302787,0.5686931012795333,0.19489551879666667,0.5808378865422744,0.8027972299592562,-0.6043830114040987
p,4,Bu'aale,9,0.5161962688457421,0.5439443723137654,0.1854943587257445,0.8100795065173728,0.8880509642088658,-1.1710053872134925,0.7097963326986085,0.9146319087486889,-1.3029145192606282
p,4,Bulo Burto,9,0.36059866846843536,0.42301403102552027,0.5861787927099185,0.5753468697479586,0.6548842456200337,0.00818132021484963,0.6745054761173545,0.7910105738239077,-0.446997483110565
p,4,Burco,9,0.2425420512954378,0.29158515097561316,0.724482150772128,0.4248195671711211,0.6528282737755382,-0.38107366114348484,0.3606900423725515,0.5920378740278204,-0.13584197255328045
p,4,Burtinle,9,0.550790548324585,0.6788041036087734,0.3335218589791973,0.5555555555555556,1.0,-0.4464285714285716,0.7555555555555556,1.0249661241014532,-0.5195535714285717
p,4,Buuhoodle,9,0.38715895016988117,0.48236777828047395,0.4764729845727089,0.4444444444444444,0.816496580927726,-0.5,0.4670939504026361,0.695901248077922,-0.0896267309219212
p,4,Cabudwaaq,9,0.46747199694315594,0.6020310604574455,0.45633790336672553,0.7777777777777778,1.0,-0.5,0.7833333333333334,1.0147522959925848,-0.5445833333333334
p,4,Cadaado,9,0.3873518428841576,0.4763966491229613,0.591334457404445,0.7777777777777778,0.8924801757161731,-0.43425965108675024,0.7198922194886914,0.9328054827611534,-0.5667972654366231
p,4,Caynabo,9,0.5016577211177778,0.5909305951507688,0.1748545384407415,0.6082232532610861,0.8763605602374781,-0.8147767725342734,0.4930520108210066,0.6760512386309723,-0.0799826760815745
p,4,Ceel Afweyn,9,0.2537134866950776,0.35399129513403643,0.3872314739365005,0.41262491484504593,0.6017338747969602,-0.770598968957168,0.42971882376371434,0.46531622935113465,-0.05878476969790358
p,4,Ceel Barde,9,0.4218370384640164,0.5404743329102242,0.526777742653702,0.7777777777777778,0.8819171036881969,-0.26,0.8055555555555556,0.924211375534118,-0.38375000000000004
p,4,Ceel Buur,9,0.42323782919843117,0.5069556956634799,0.4446766314707201,0.6761373318233733,0.7550625098127647,-0.2318894915300047,0.5072315629160984,0.6896117978580325,-0.027579192113798667
p,4,Ceel Waaq,9,0.1890155871709188,0.3180903693276972,0.5468076661020236,0.3409405925133644,0.5787018523588825,-0.5000000000000002,0.692682339336456,0.8847480411668509,-2.506071218523211
p,4,Ceerigaabo,9,0.39102621823240674,0.48870420085727234,0.23051278704735512,0.5114685090833311,0.7397881721716784,-0.7632911583617079,0.5111254839274288,0.5744991854398922,-0.06337904392781302
p,4,Daawa,9,0.5114466655180049,0.5604381417722489,-0.617088610581727,0.30274679722948994,0.48386296293510905,-0.20537786075306408,0.5612477940993982,0.6918174760108261,-1.4641180303653947
p,4,Dhuusamarreeb,9,0.47120657493649987,0.5137222231646494,0.45371225387262293,0.7757639826623234,0.8399390081810288,-0.4603610946689427,0.6567038896965091,0.8712638628537106,-0.5713182508488122
p,4,Doolo,9,0.5211565275386741,0.5324615211251974,0.0044967207453348035,0.5473069429496584,0.7243561167294729,-0.8423430550648527,0.5059960646079296,0.5669800513638636,-0.12876048066617485
p,4,East Bale,9,0.22338325922057825,0.24952401879472488,0.6643001217396518,0.36934036075854054,0.45843230945440294,-0.1331226151449989,0.5747520172081155,0.6800457154721572,-1.4934616225937387
p,4,Erer,9,0.39893554822716293,0.4441603457469855,-10.630856915709927,0.0946358366263223,0.17594672224177732,-0.8251329652316233,0.3720051094095038,0.39148545763831294,-8.03573356016992
p,4,Eyl,9,0.27653025940449943,0.36030189378231214,0.6872925343699914,0.4396898786349512,0.6531840510550053,-0.027723539615096326,0.5322195304359326,0.7135196117327297,-0.22635721168094025
p,4,Fanti-Zone 4,9,0.7255542682383646,0.9217062347048586,-0.5843209263097884,0.5117904533647059,0.635474106921842,0.2468979546986958,0.8617230668421557,1.084456353377386,-1.1932203307789422
p,4,Gaalkacyo,9,0.41665025788372223,0.4947380104831955,0.5388853632632474,0.7776902842558248,0.8716015545760931,-0.43118028035782596,0.7064377333018338,0.9458442927659221,-0.6853792651366049
p,4,Gabi-Zone 3,9,0.44030899406123986,0.5552276006922567,0.2357426120810059,0.43396861273665377,0.6074717377816631,0.0851503914756373,0.5531158046382973,0.7063313211109038,-0.23684273128231803
p,4,Galdogob,9,0.46101975440979004,0.5456992724066446,0.5533184561422881,0.7777777777777778,1.0,-0.5,0.8666666666666667,1.0778064142816495,-0.7424999999999999
p,4,Garbahaarey,9,0.27272375141529204,0.35844121289145087,0.536647439465995,0.4282403955799899,0.6771302564301835,-0.6535606576484767,0.6985148919783973,0.839121606717048,-1.5393671599660355
p,4,Garissa,9,0.34281494014475,0.4913589335457704,-0.1472816878770964,0.5070976071100324,0.6374979228073783,-0.9312117573618075,0.4482372384951664,0.5127229422425237,-0.24921689805555847
p,4,Garoowe,9,0.37896221991447493,0.492045786700606,0.47543267798430866,0.46125949052947135,0.8035920198486816,-0.39914082377201554,0.5451368173303356,0.6340457521755145,0.12897345101621305
p,4,Gebiley,9,0.16343167608252285,0.22882323761772058,0.4746732824579647,0.22323916208682246,0.3866615709734803,-0.4999999999999998,0.30351334308080224,0.3229827603245245,-0.046617327522098906
p,4,Guji,9,0.2700205577638706,0.3025566955248897,0.24789853224014213,0.3541919303310378,0.42816307512584306,-0.5061954162982336,0.29914987467186577,0.3743489476489342,-0.15137324400221552
p,4,Hargeysa,9,0.15648317088387242,0.18655652594948863,0.758455943075613,0.2798953816043648,0.46489823469439834,-0.5000000000000002,0.3335111276226649,0.36775928976848377,0.061351978854167655
p,4,Hari-Zone 5,9,0.24997149573432076,0.36060173479934354,0.24766267840257272,0.3333333333333333,0.5773502691896257,-0.9285714285714288,0.3919991660515769,0.5047780029555043,-0.4742048152633942
p,4,Hobyo,9,0.347487705870676,0.40771206350057654,0.5476814313302929,0.5676842724489752,0.6554151407227241,-0.1688808217887119,0.5476058762585386,0.7425327706513224,-0.5002669575361565
p,4,Isiolo,9,0.5179672245623468,0.6772057001632259,-1.0666813949331955,0.4577387209452612,0.6671461496590676,-1.0057383928065797,0.5759595195913568,0.6738809417063489,-1.0464383602433114
p,4,Iskushuban,9,0.2639355179731785,0.3821371366027212,0.36033251185788817,0.43036443766293786,0.6501304154768228,-0.8514703282435794,0.38136641917558434,0.47461305492973427,0.01327723622334065
p,4,Jalalaqsi,9,0.35561706351788275,0.42827166132364813,0.5100410235626651,0.5947317474920731,0.6931485635036811,-0.283434464831672,0.632106998796854,0.7404521087449795,-0.4645863797574392
p,4,Jarar,9,0.5601546375010601,0.5716623158895944,-0.7333941244718576,0.6181708075149565,0.7527898031005578,-2.0058385283926663,0.41812012212799327,0.4468178082892771,-0.05895898432855917
p,4,Jariiban,9,0.34359366971555916,0.4043531612725041,0.7053921521525792,0.4929964612524256,0.7493415563258622,-0.011771080668667722,0.6941040818784053,0.8826903081933477,-0.4039102412395261
p,4,Kajiado,9,0.12276570322055719,0.18863001311165684,-299.2483422697346,0.07801778241395763,0.1491539696692354,-186.72783050760754,0.3114329014182877,0.364574881935794,-1120.5858357178554
p,4,Kilbati-Zone 2,9,0.6479992609247799,0.7724915645967417,-1.910254438505866,0.3375645108274104,0.42973994112234387,0.09935237368028749,0.7273465530748275,0.8606512307504949,-2.6124168308184665
p,4,Kismaayo,9,0.2277667418146335,0.33453092127322787,0.640620645586689,0.5131720802871622,0.6610164199661313,-0.4031531852899277,0.49893965416321134,0.7581871743569525,-0.8460074873035797
p,4,Korahe,9,0.45214431600306426,0.49978667991197956,-0.2092992482535061,0.5618879510822664,0.7284449222127671,-1.5689631156644883,0.4135227504305643,0.47479548557807816,-0.09138401903499105
p,4,Kurtunwaarey,9,0.32985338494388095,0.36235694880475355,0.27301083190857134,0.5321329288064489,0.6609171028127329,-1.4185147075796496,0.5050563417727846,0.5981090684680407,-0.9806855185131884
p,4,Laas Caanood,9,0.4521950880686442,0.5238322195004077,0.4402686889049332,0.6324291303229338,0.9230728337262509,-0.7380694535585792,0.5632107366310891,0.7213001420919036,-0.06127326268776545
p,4,Laasqoray,9,0.40380429403717266,0.4691091631915494,0.29638576058330734,0.37814086520077406,0.6640917340824837,-0.4100773507367017,0.5692049521454514,0.5995645418611454,-0.14936685573800923
p,4,Lamu,9,0.3328650435613698,0.5351423088186409,-1.9024066539124744,0.25274214361595504,0.539356331529783,-1.9482971156118745,0.3288991174439508,0.45297432699501355,-1.0795380048957983
p,4,Liban,9,0.5767006762165191,0.6232546285521177,-0.22448457481660333,0.5959411935451482,0.7155477053801109,-0.6139849488220586,0.6702732889559821,0.8394553083410933,-1.2213523578287302
p,4,Lughaye,9,0.4710627589131053,0.5948620410759687,-0.49886129135131907,0.5432385001087839,0.8623643843301461,-2.149999999999999,0.5458482141962663,0.6718152273170969,-0.9117390737282707
p,4,Mandera,9,0.37320750801616226,0.5075570091640638,-0.19291917524211688,0.410385118719534,0.6077890478328719,-0.7105946142486941,0.4699508202532636,0.5534198325265501,-0.4182434862394848
p,4,Marsabit,9,0.47285911777011136,0.5701788550833986,-0.703368758127807,0.502685341595237,0.6034040679431708,-0.9076685930318749,0.48124761363957524,0.5565844266819667,-0.6231122795776882
p,4,Narok,9,0.35161060776508885,0.4597767330739395,-0.8870657157980109,0.4671650735236794,0.5438998245308168,-1.64077184882518,0.24594385001993352,0.271354744271289,0.3426935675576209
p,4,Nogob,9,0.43524848421727924,0.458982784260845,-2.6767367578582855,0.19428008023777052,0.3646769988096752,-1.3210606493752888,0.4979058625746029,0.5104247931869919,-3.547087041544353
p,4,Owdweyne,9,0.19520464736658572,0.23793236394741718,0.7628824808792789,0.38195302904243394,0.5704866569892156,-0.3631623606063621,0.31781173555220765,0.5268085900185424,-0.16241792715038006
p,4,Qardho,9,0.4766317473517524,0.5531011243978543,0.34790554845726773,0.4444444444444444,0.816496580927726,-0.42105263157894757,0.5611111111111111,0.6331139971074193,0.1455921052631578
p,4,Qoryooley,9,0.34977531100345627,0.3955243947545233,-0.059344151141890844,0.5336538344403691,0.6566191135889247,-1.9195610752016656,0.5508075432266806,0.6852553709331727,-2.1797678953194772
p,4,Saakow,9,0.3680819167144356,0.3809186191056122,0.45358782814859266,0.7542143652756184,0.8347734692266958,-1.6241776861751402,0.651821107633016,0.8588767610579894,-1.7779067728907987
p,4,Sablaale,9,0.2996690096005488,0.41508630344750547,0.2945362379783534,0.46794548650913803,0.61794466381414,-0.5634970857291739,0.6206200558168905,0.7167842526126005,-1.103656441747784
p,4,Samburu,9,0.3725315245332934,0.45465815629034995,-0.3785042836809991,0.3419629185344336,0.4171668791140095,-0.16053378464725254,0.48204751647520144,0.6188036510411373,-1.5535471538079992
p,4,Shabelle,9,0.3352105168170606,0.38693634815966604,-0.8032261495259969,0.34896904724350747,0.4694095953640899,-1.6538420148445616,0.5629245991675838,0.6398414236871396,-3.9307824988377904
p,4,Sheikh,9,0.09136932420767055,0.16843259041302577,-12.904712576309093,0.03992455968211159,0.05356441765256935,-0.40625,0.1561724550616525,0.18689305332249576,-16.119697189251237
p,4,Siti,9,0.1709551222094446,0.2398840152946045,0.43806447455893716,0.3324548794910508,0.4663305836630227,-1.123594870612132,0.39528720791126176,0.4344082449549389,-0.8428075740443624
p,4,Taleex,9,0.5631268554263644,0.6185696996635911,0.1843972015606753,0.6666666666666666,0.9428090415820634,-0.8947368421052635,0.6297572124172665,0.7169052376511383,-0.09553165003953823
p,4,Tana River,9,0.29805683132204064,0.4171034291232265,-0.026399272592300793,0.4193992881311917,0.5463108033339346,-0.7607933630190951,0.44074295821754966,0.5595457541864571,-0.8471408982841144
p,4,Turkana,10,0.5514252107496846,0.6618961049443424,-0.3593157093351931,0.5654797251119941,0.6893681071856431,-0.47449417084378775,0.7335853182766928,0.9047593842533479,-1.5398430366259173
p,4,Wajir,10,0.3802008784725081,0.4725122276384578,-0.1791648831801671,0.4654230557006633,0.5873713879826272,-0.8221075531545949,0.3941541762937754,0.48703684433543715,-0.2527720842080097
p,4,Wanla Weyn,10,0.2666440014862558,0.36840178605116275,0.45313765963575137,0.4245123113263567,0.562880257578138,-0.2766345558439407,0.546952828238614,0.7001940093992157,-0.9754741187482605
p,4,West Guji,10,0.27643946526472973,0.348073064744366,0.2096361494590936,0.3025947526536616,0.41191352864233177,-0.10687440690529892,0.6264413860690906,0.7503034095154771,-2.6724853665092207
p,4,West Pokot,10,0.33112251839728274,0.3781096549725071,-0.18083360194997655,0.31734627087738787,0.40175171502541646,-0.3331181690870022,0.37571252886774453,0.4249486700000099,-0.49150982096404827
p,4,Xarardheere,10,0.38489270210266113,0.5115907635299521,0.43874088165654956,0.35987901066469297,0.525334130356225,0.40818052212972955,0.6779837839879603,0.7911436286967801,-0.34223540315133416
p,4,Xudun,10,0.47584779262542726,0.5471993852813394,0.3346062949949429,0.7,0.9486832980505138,-1.0,0.6085979528160109,0.7279170363545763,-0.17747380403384327
p,4,Zeylac,10,0.46385916481920175,0.6134950798174977,-0.26483417157564726,0.5111561742042481,0.7619866350929485,-0.9512195121951212,0.4575340422497535,0.5702045523317547,-0.09262914965148439
p,8,Afder,9,0.49357497300346664,0.580661008445746,0.18025726283415155,0.6428669784398793,0.7781134639881989,-0.4720349106394097,0.7157560336124198,0.8577736428643915,-0.7888653184607874
p,8,Afmadow,9,0.3749875346643068,0.40309608410789943,0.6466315684824768,0.6016155517589981,0.7972408693485664,-0.382259866243126,0.6741891008326293,0.8343198140825473,-0.513825113846903
p,8,Awsi-Zone 1,9,0.2946938509250304,0.36588755508331405,0.23259442660177498,0.30585236983901987,0.4080331586322463,0.04562163130176233,0.40659359584072896,0.5215395606345236,-0.5592084739031242
p,8,Baardheere,9,0.3705041309889464,0.45286796108033156,0.3014645004983739,0.5002181356529649,0.6079922112819748,-0.25904519402919335,0.6798400158869664,0.8572118209250094,-1.5027737467307625
p,8,Badhaadhe,9,0.3047048146951857,0.34296577466514067,0.7254418471767357,0.5766212404150964,0.7422137492016455,-0.2858513607956028,0.6268632792149182,0.7573908286413191,-0.3389762140256076
p,8,Baki,9,0.23289440970803593,0.30645251238890686,-1.2736342543998838,0.2708481631731,0.3676907658624883,-2.2731030417532336,0.20579914203216962,0.24807983778264342,-0.4899687844034739
p,8,Bale,9,0.2752304108770883,0.3678244189481076,-0.4420710117717168,0.23010428113630343,0.28099844562597953,0.15838519470580525,0.24917837477673663,0.3151056808929575,-0.058322422450798106
p,8,Bandarbeyla,9,0.4440385235680474,0.5243851478137248,0.310764987165002,0.5796728625264426,0.688328810870999,-0.18756793192586452,0.5132645188339879,0.6594438225795903,-0.08998914930558288
p,8,Belet Weyne,9,0.3683766559332479,0.4640534759909159,0.5253640556779073,0.49958611819824256,0.7236971225359075,-0.1543519897500636,0.6614526225228864,0.8152269015652043,-0.4648109205922084
p,8,Belet Xaawo,9,0.27844118069283535,0.36193220671792053,0.41446611240571163,0.4444444444444444,0.6422314817411653,-0.8436596650764068,0.7835872321486984,0.9109336758102766,-2.709121744872418
p,8,Berbera,9,0.28455550479878666,0.3644829123353432,-1.1752556296223693,0.3315570557906039,0.46889248499956493,-2.5999999999999983,0.22655307019729268,0.3239167739843293,-0.7179987088614861
p,8,Borama,9,0.24067109475871173,0.2999536415108934,-0.1390653637984216,0.2806738349959221,0.40749549621114567,-1.1022579087003304,0.28217277460034507,0.2947765166932257,-0.10008472371781396
p,8,Borena,9,0.5023949156427678,0.5953703334823149,0.11758942300497244,0.5570549025952649,0.6534912188301197,-0.06310420624786128,0.5808378865422744,0.8027972299592562,-0.6043830114040987
p,8,Bu'aale,9,0.36829944920123797,0.4140470805120954,0.5280624057934087,0.9382934413229638,1.0258980571148495,-1.8973004608962398,0.7097963326986085,0.9146319087486889,-1.3029145192606282
p,8,Bulo Burto,9,0.38063252277648885,0.49437011020629285,0.43479290049346064,0.553610853106549,0.735518336266725,-0.2510947621296491,0.6745054761173545,0.7910105738239077,-0.446997483110565
p,8,Burco,9,0.3335024744470898,0.4353792291612895,0.38573701706667785,0.4510181804909684,0.6575424405311758,-0.4010915397605097,0.3606900423725515,0.5920378740278204,-0.13584197255328045
p,8,Burtinle,9,0.5174243185255263,0.647336227158256,0.3938825094587445,0.5555555555555556,1.0,-0.4464285714285716,0.7555555555555556,1.0249661241014532,-0.5195535714285717
p,8,Buuhoodle,9,0.456431335873074,0.5252371144266389,0.37928344066475006,0.4444444444444444,0.816496580927726,-0.5,0.4670939504026361,0.695901248077922,-0.0896267309219212
p,8,Cabudwaaq,9,0.5996910201178657,0.7404109148263389,0.17768751580903575,0.3333333333333333,0.7453559924999299,0.16666666666666663,0.7833333333333334,1.0147522959925848,-0.5445833333333334
p,8,Cadaado,9,0.5638436885370799,0.7274171303333038,0.0472089405495949,0.4964094501266935,0.7768039851331084,-0.08655950319207628,0.7198922194886914,0.9328054827611534,-0.5667972654366231
p,8,Caynabo,9,0.6152334445539214,0.6946073015165268,-0.14008242746476363,0.6082232532610861,0.8763605602374781,-0.8147767725342734,0.4930520108210066,0.6760512386309723,-0.0799826760815745
p,8,Ceel Afweyn,9,0.35855867939239067,0.4368130911327149,0.06695502942143428,0.5224480933022099,0.642161518557372,-1.0165074882322225,0.42971882376371434,0.46531622935113465,-0.05878476969790358
p,8,Ceel Barde,9,0.5697542826334635,0.6785150995498355,0.2541799606862605,0.8888888888888888,1.0540925533894598,-0.8,0.8055555555555556,0.924211375534118,-0.38375000000000004
p,8,Ceel Buur,9,0.4920324505600576,0.5707855129734317,0.2960337805879193,0.6808693173900069,0.8472614944632985,-0.5511038464629747,0.5072315629160984,0.6896117978580325,-0.027579192113798667
p,8,Ceel Waaq,9,0.2710677163616515,0.3638936206650792,0.40689662091639267,0.4444444444444444,0.645864079280507,-0.8683738344145127,0.692682339336456,0.8847480411668509,-2.506071218523211
p,8,Ceerigaabo,9,0.4357154231901569,0.5516761027671124,0.019432247919181522,0.6149339474722215,0.7716602075522856,-0.9184985431140005,0.5111254839274288,0.5744991854398922,-0.06337904392781302
p,8,Daawa,9,0.5710952322938566,0.6855982126276945,-1.4200135789959796,0.41331316590328493,0.5961247494845169,-0.8295856922483236,0.5612477940993982,0.6918174760108261,-1.4641180303653947
p,8,Dhuusamarreeb,9,0.5496603826515908,0.6742870663313419,0.05885961188601008,0.6541967673890183,0.8593123757371364,-0.5285050758235861,0.6567038896965091,0.8712638628537106,-0.5713182508488122
p,8,Doolo,9,0.5016743122931095,0.5286603378427219,0.018659559462795627,0.5386734330728495,0.8393546635501606,-1.4737582378632181,0.5059960646079296,0.5669800513638636,-0.12876048066617485
p,8,East Bale,9,0.33267075960204795,0.38794072881579766,0.18855848092663618,0.42530045683161705,0.5161055330669375,-0.43616223009620025,0.5747520172081155,0.6800457154721572,-1.4934616225937387
p,8,Erer,9,0.3373116440362861,0.3757172507667025,-7.322511800841326,0.14066156872672153,0.2090246143594733,-1.575888200468078,0.3720051094095038,0.39148545763831294,-8.03573356016992
p,8,Eyl,9,0.37581812167305984,0.4409574932044376,0.5316197068231971,0.5410332229589769,0.6660708953095615,-0.06867604453365783,0.5322195304359326,0.7135196117327297,-0.22635721168094025
p,8,Fanti-Zone 4,9,0.7512304392232685,0.9283084065883761,-0.6070991629458884,0.7315330331534047,0.8964200778453366,-0.4985845768291399,0.8617230668421557,1.084456353377386,-1.1932203307789422
p,8,Gaalkacyo,9,0.5483224031912894,0.6976863639526623,0.08297997152049141,0.5425925954299351,0.7964362383688621,-0.19497928339362813,0.7064377333018338,0.9458442927659221,-0.6853792651366049
p,8,Gabi-Zone 3,9,0.5201548711610066,0.6583611065731498,-0.07454815957253946,0.5177380584810991,0.8021054915196482,-0.5949994256543176,0.5531158046382973,0.7063313211109038,-0.23684273128231803
p,8,Galdogob,9,0.5799005561404758,0.7225401791807156,0.21690353420424913,0.3333333333333333,0.7453559924999299,0.16666666666666663,0.8666666666666667,1.0778064142816495,-0.7424999999999999
p,8,Garbahaarey,9,0.36386161097170205,0.42775633178188643,0.3401145014645949,0.47530850510243794,0.5895869705137692,-0.2536359725980488,0.6985148919783973,0.839121606717048,-1.5393671599660355
p,8,Garissa,9,0.36458526652239187,0.5360515279587762,-0.36548025713528265,0.6182087182211435,0.7245329940550042,-1.4945297249099383,0.4482372384951664,0.5127229422425237,-0.24921689805555847
p,8,Garoowe,9,0.5082485216063523,0.5643106425159553,0.310035605505135,0.6498516205816398,0.8035920198486816,-0.3991408237720153,0.5451368173303356,0.6340457521755145,0.12897345101621305
p,8,Gebiley,9,0.25773331142775807,0.2884766862484874,0.1650688233020402,0.29765221611576326,0.44647832417364486,-0.9999999999999998,0.30351334308080224,0.3229827603245245,-0.046617327522098906
p,8,Guji,9,0.2593728349346737,0.3271553962707809,0.12063115280074876,0.28359446283865847,0.3328709737902392,0.08963667623257077,0.29914987467186577,0.3743489476489342,-0.15137324400221552
p,8,Hargeysa,9,0.3152329764402757,0.3742310338160737,0.028025069563413774,0.3524001229652895,0.49304119775811633,-0.6871041138504539,0.3335111276226649,0.36775928976848377,0.061351978854167655
p,8,Hari-Zone 5,9,0.2898705270555284,0.3645015702344502,0.23130193064473092,0.1111111111111111,0.3333333333333333,0.3571428571428571,0.3919991660515769,0.5047780029555043,-0.4742048152633942
p,8,Hobyo,9,0.46242943531030556,0.5527995191963219,0.16848017748770672,0.6494205582562912,0.7664513289864823,-0.5984772391975044,0.5476058762585386,0.7425327706513224,-0.5002669575361565
p,8,Isiolo,9,0.47731271099134936,0.6278099005575845,-0.7761868085564381,0.5688498320563724,0.7457848859530677,-1.506452480329838,0.5759595195913568,0.6738809417063489,-1.0464383602433114
p,8,Iskushuban,9,0.38071659376867006,0.4971580658440005,-0.08269159948951255,0.5121291291907667,0.651501171485341,-0.8592859588513482,0.38136641917558434,0.47461305492973427,0.01327723622334065
p,8,Jalalaqsi,9,0.3709718889892393,0.4922496245724562,0.35272053443954965,0.5618704976258344,0.7227934094020526,-0.3955628829589861,0.632106998796854,0.7404521087449795,-0.4645863797574392
p,8,Jarar,9,0.3332266050318234,0.3900325281579189,0.19309975456378048,0.4420680270335725,0.6343268318240145,-1.134245409689096,0.41812012212799327,0.4468178082892771,-0.05895898432855917
p,8,Jariiban,9,0.42564698667960266,0.5581642788956281,0.4386332256164096,0.5242760084039906,0.7257592649121253,0.05090911340155557,0.6941040818784053,0.8826903081933477,-0.4039102412395261
p,8,Kajiado,9,0.2109668021924539,0.2501005201953612,-526.8228878231636,0.14439788354116506,0.25902837500352555,-565.1789393139251,0.3114329014182877,0.364574881935794,-1120.5858357178554
p,8,Kilbati-Zone 2,9,0.6404955803600747,0.748513043068873,-1.732387020695123,0.43913792128236806,0.5208844698804557,-0.3232024219615537,0.7273465530748275,0.8606512307504949,-2.6124168308184665
p,8,Kismaayo,9,0.20930018723914565,0.30865403214916864,0.6940682854103922,0.5948542544130144,0.6682782803179642,-0.43415233327626557,0.49893965416321134,0.7581871743569525,-0.8460074873035797
p,8,Korahe,9,0.3933691702856811,0.45212734575884433,0.01034008902148853,0.5207507948163846,0.6878238363467152,-1.290439751612174,0.4135227504305643,0.47479548557807816,-0.09138401903499105
p,8,Kurtunwaarey,9,0.3482788363285313,0.391306418473902,0.15220920853548892,0.5657663632715033,0.6728035992775462,-1.5062902475565223,0.5050563417727846,0.5981090684680407,-0.9806855185131884
p,8,Laas Caanood,9,0.5134900940789117,0.5973478310199651,0.27213678797910856,0.6324291303229338,0.9230728337262509,-0.7380694535585792,0.5632107366310891,0.7213001420919036,-0.06127326268776545
p,8,Laasqoray,9,0.47916604919633876,0.5404725144256549,0.06602766253029724,0.6003630874229962,0.7573803468297953,-0.8340655377613719,0.5692049521454514,0.5995645418611454,-0.14936685573800923
p,8,Lamu,9,0.508839240419246,0.6862116179860249,-3.772388804953339,0.2921846836814356,0.5682779370405538,-2.272964353855466,0.3288991174439508,0.45297432699501355,-1.0795380048957983
p,8,Liban,9,0.5872424596553076,0.6976104752611413,-0.5340809617472511,0.49841024069457607,0.6508592766797715,-0.33535424734646524,0.6702732889559821,0.8394553083410933,-1.2213523578287302
p,8,Lughaye,9,0.5953059123792239,0.6544984909957235,-0.8144551147744234,0.6518862001305408,0.9219063053484723,-2.5999999999999988,0.5458482141962663,0.6718152273170969,-0.9117390737282707
p,8,Mandera,9,0.37701673997763463,0.5325172310944428,-0.31313292474696985,0.6014486822756325,0.7307155114865425,-1.4725097538401588,0.4699508202532636,0.5534198325265501,-0.4182434862394848
p,8,Marsabit,9,0.46051976420871,0.5832837307956233,-0.7825683385615554,0.6137730956154621,0.6893360742269273,-1.4897083471509736,0.48124761363957524,0.5565844266819667,-0.6231122795776882
p,8,Narok,9,0.4430622118489653,0.5567082437551504,-1.7666125907819081,0.3824906206282793,0.4383412772622123,-0.715211902676478,0.24594385001993352,0.271354744271289,0.3426935675576209
p,8,Nogob,9,0.37949551807822757,0.4068394769101461,-1.8887896484592472,0.17668023948410885,0.32993129516758957,-0.8998388679769858,0.4979058625746029,0.5104247931869919,-3.547087041544353
p,8,Owdweyne,9,0.304339228720515,0.40756871619305673,0.30424187565104854,0.4096870470741256,0.5765219923024365,-0.3921574665580716,0.31781173555220765,0.5268085900185424,-0.16241792715038006
p,8,Qardho,9,0.5241725709703233,0.5914581941101821,0.2543250940582549,0.6666666666666666,0.816496580927726,-0.42105263157894757,0.5611111111111111,0.6331139971074193,0.1455921052631578
p,8,Qoryooley,9,0.3023153548386035,0.3732997304724703,0.056361011192087584,0.5836447376952631,0.709022525832545,-2.40416490391432,0.5508075432266806,0.6852553709331727,-2.1797678953194772
p,8,Saakow,9,0.3113388739012049,0.3593474464577555,0.5137214772120526,0.8397168126521762,0.8915956022019965,-1.9935864050515435,0.651821107633016,0.8588767610579894,-1.7779067728907987
p,8,Sablaale,9,0.36692868669150325,0.4554182790056697,0.1507827270199834,0.515572214046474,0.6107499494479449,-0.5273015161887549,0.6206200558168905,0.7167842526126005,-1.103656441747784
p,8,Samburu,9,0.3930212956438526,0.4882248076334434,-0.5895633213280764,0.45872847015983265,0.5625007406990745,-1.1100091780729113,0.48204751647520144,0.6188036510411373,-1.5535471538079992
p,8,Shabelle,9,0.37620087213246245,0.4251945518212256,-1.1774416298562067,0.3544213251263846,0.46675186338315844,-1.623875717850857,0.5629245991675838,0.6398414236871396,-3.9307824988377904
p,8,Sheikh,9,0.19843003490199607,0.2623580020461447,-32.73637301966385,0.04790947161853391,0.0586768796558803,-0.6875,0.1561724550616525,0.18689305332249576,-16.119697189251237
p,8,Siti,9,0.1796566904003486,0.22274588670640627,0.5154894304438509,0.2882155694149906,0.3714186892669116,-0.34713579414411266,0.39528720791126176,0.4344082449549389,-0.8428075740443624
p,8,Taleex,9,0.53960739241706,0.6061255369959667,0.21688311856603748,0.6666666666666666,0.9428090415820634,-0.8947368421052635,0.6297572124172665,0.7169052376511383,-0.09553165003953823
p,8,Tana River,9,0.3512049817660714,0.470081395538505,-0.3036918236343116,0.5744820374687853,0.6878463318023454,-1.791333103767824,0.44074295821754966,0.5595457541864571,-0.8471408982841144
p,8,Turkana,10,0.660324752703412,0.7850284147338673,-0.9121036851732056,0.7498168669933557,0.8432048331241325,-1.2060068646456306,0.7335853182766928,0.9047593842533479,-1.5398430366259173
p,8,Wajir,10,0.27798265585440507,0.4189211186856137,0.0731425547484269,0.5647229284461786,0.6675238979526097,-1.353325878426117,0.3941541762937754,0.48703684433543715,-0.2527720842080097
p,8,Wanla Weyn,10,0.38026533860220363,0.40654372638526937,0.3340385505415149,0.5223988090029126,0.6446946294928233,-0.6747217764923514,0.546952828238614,0.7001940093992157,-0.9754741187482605
p,8,West Guji,10,0.32226661169129445,0.3837544777778465,0.039288153398351566,0.3839210338281108,0.49947774873347667,-0.627490736114624,0.6264413860690906,0.7503034095154771,-2.6724853665092207
p,8,West Pokot,10,0.33077509820211076,0.41529491745322267,-0.4245129472167981,0.4212127896955473,0.4733602902821134,-0.8507033619173425,0.37571252886774453,0.4249486700000099,-0.49150982096404827
p,8,Xarardheere,10,0.4997519016265869,0.6218719236715314,0.17068423889777717,0.45987901066469294,0.6464731081730407,0.10377109277775276,0.6779837839879603,0.7911436286967801,-0.34223540315133416
p,8,Xudun,10,0.526320219039917,0.614748793831529,0.16018648996151164,0.7,0.9486832980505138,-1.0,0.6085979528160109,0.7279170363545763,-0.17747380403384327
p,8,Zeylac,10,0.5607335210890382,0.6325867257609147,-0.34478102009368494,0.596348869904956,0.8082088752716149,-1.1951219512195115,0.4575340422497535,0.5702045523317547,-0.09262914965148439
p,12,Afder,9,0.5304028286434542,0.5450156405831873,0.2778121447909977,0.4583458701902876,0.6539540792280779,-0.0397447971533067,0.7157560336124198,0.8577736428643915,-0.7888653184607874
p,12,Afmadow,9,0.43769728347063613,0.45439642841804184,0.5509647773784463,0.6821163931987503,0.9148743646027251,-0.8202603431525877,0.6741891008326293,0.8343198140825473,-0.513825113846903
p,12,Awsi-Zone 1,9,0.2153158546843928,0.2750478432250771,0.5663432003765306,0.3741711910756932,0.5018639907417394,-0.44378240292190907,0.40659359584072896,0.5215395606345236,-0.5592084739031242
p,12,Baardheere,9,0.4222750122836001,0.49375542175442727,0.16963498516358166,0.6549396069583193,0.7983466474901225,-1.1708424220778206,0.6798400158869664,0.8572118209250094,-1.5027737467307625
p,12,Badhaadhe,9,0.4347660702561666,0.47725869760678596,0.468332048854449,0.7778739825316928,0.9438077208648011,-1.0792170602956466,0.6268632792149182,0.7573908286413191,-0.3389762140256076
p,12,Baki,9,0.2824143942741689,0.31206922368683515,-1.357741091050526,0.29991484852694344,0.34113726375508785,-1.8174262374911399,0.20579914203216962,0.24807983778264342,-0.4899687844034739
p,12,Bale,9,0.46040910136357244,0.5593311208425205,-2.3345981079457685,0.40718714157893005,0.467925380298571,-1.3337736693286435,0.24917837477673663,0.3151056808929575,-0.058322422450798106
p,12,Bandarbeyla,9,0.3674234852823953,0.4857986069828489,0.4084668385222804,0.42032713747355743,0.6705812738991422,-0.1271180610906104,0.5132645188339879,0.6594438225795903,-0.08998914930558288
p,12,Belet Weyne,9,0.4143644286722777,0.4773749639753037,0.49772236418668114,0.6894531703340832,0.9303468624578213,-0.9077187968268221,0.6614526225228864,0.8152269015652043,-0.4648109205922084
p,12,Belet Xaawo,9,0.2237488031387329,0.30933022906607366,0.5722969968684687,0.5464373511937213,0.7345501830392935,-1.411795696592689,0.7835872321486984,0.9109336758102766,-2.709121744872418
p,12,Berbera,9,0.29816813924587754,0.32223100847107405,-0.7001632215732341,0.3315570557906039,0.4060728036532371,-1.6999999999999993,0.22655307019729268,0.3239167739843293,-0.7179987088614861
p,12,Borama,9,0.3085338637982238,0.32781966840264115,-0.3605370785127613,0.40645418543008854,0.4866435313882638,-1.9982115902008855,0.28217277460034507,0.2947765166932257,-0.10008472371781396
p,12,Borena,9,0.42187741472446394,0.5353787574264496,0.2864595550175495,0.663360280327693,0.8316351935765512,-0.7217180938417493,0.5808378865422744,0.8027972299592562,-0.6043830114040987
p,12,Bu'aale,9,0.49634834599078875,0.5458914686619343,0.17965273406046667,0.8341330620557559,1.0059870533079942,-1.7859281005012533,0.7097963326986085,0.9146319087486889,-1.3029145192606282
p,12,Bulo Burto,9,0.37896267706252545,0.4662864958884973,0.4971842488605167,0.6962312041333705,0.9023933008130972,-0.883193397501671,0.6745054761173545,0.7910105738239077,-0.446997483110565
p,12,Burco,9,0.28569319875086635,0.348836716457389,0.6056668282290233,0.4248195671711211,0.6257351229701901,-0.26881994849264434,0.3606900423725515,0.5920378740278204,-0.13584197255328045
p,12,Burtinle,9,0.4769603411356608,0.5509908567303738,0.5608774132100324,0.5555555555555556,1.0,-0.4464285714285716,0.7555555555555556,1.0249661241014532,-0.5195535714285717
p,12,Buuhoodle,9,0.403904570473565,0.48600007636696385,0.4685588329854369,0.4444444444444444,0.816496580927726,-0.5,0.4670939504026361,0.695901248077922,-0.0896267309219212
p,12,Cabudwaaq,9,0.570880307091607,0.6339064228497988,0.3972439706046581,0.8888888888888888,1.1547005383792515,-1.0,0.7833333333333334,1.0147522959925848,-0.5445833333333334
p,12,Cadaado,9,0.4676220584328272,0.5503033647300462,0.45470067361015787,0.9215041122475609,1.1183654660538156,-1.2521541920292942,0.7198922194886914,0.9328054827611534,-0.5667972654366231
p,12,Caynabo,9,0.45223456328649664,0.5060259894852404,0.39493336009055124,0.2533624419271568,0.6511888803242983,-0.0020087530119361485,0.4930520108210066,0.6760512386309723,-0.0799826760815745
p,12,Ceel Afweyn,9,0.28166147747452597,0.32992721482543197,0.46771090754902933,0.21589872183952138,0.4380698620993912,0.06157830993669,0.42971882376371434,0.46531622935113465,-0.05878476969790358
p,12,Ceel Barde,9,0.5577738814883761,0.7361518236410906,0.12209039793083265,1.0,1.2018504251546631,-1.3400000000000003,0.8055555555555556,0.924211375534118,-0.38375000000000004
p,12,Ceel Buur,9,0.549073247899603,0.6003631383313837,0.2211855975433803,0.8442253677661882,1.0298084821279236,-1.2914947424857464,0.5072315629160984,0.6896117978580325,-0.027579192113798667
p,12,Ceel Waaq,9,0.25498542520735,0.35223605654515683,0.4442888192566178,0.5479482963755244,0.7361409768419103,-1.4271884697857296,0.692682339336456,0.8847480411668509,-2.506071218523211
p,12,Ceerigaabo,9,0.40422860781351727,0.44127169143586353,0.37263339448749355,0.2222222222222222,0.5344964956865361,0.0795525746310729,0.5111254839274288,0.5744991854398922,-0.06337904392781302
p,12,Daawa,9,0.6442240914959236,0.6596152851976582,-1.2400611363094365,0.34960536982888174,0.5290974292286066,-0.4412846198979312,0.5612477940993982,0.6918174760108261,-1.4641180303653947
p,12,Dhuusamarreeb,9,0.4563620249097122,0.5468938326245144,0.38088574470954584,0.951569805603306,1.1217289279621536,-1.6045973363869726,0.6567038896965091,0.8712638628537106,-0.5713182508488122
p,12,Doolo,9,0.49394909998401393,0.508902024593836,0.0906426209830522,0.21448687960779994,0.43744807866171476,0.328077375320614,0.5059960646079296,0.5669800513638636,-0.12876048066617485
p,12,East Bale,9,0.2785470078380282,0.3276182786199414,0.4212876919917766,0.531385395103934,0.6234912342487327,-1.0959801960615079,0.5747520172081155,0.6800457154721572,-1.4934616225937387
p,12,Erer,9,0.37718499212907264,0.42695319933333115,-9.747134708099317,0.07318085079253638,0.12187319668690116,0.12431370395734676,0.3720051094095038,0.39148545763831294,-8.03573356016992
p,12,Eyl,9,0.3590772167590516,0.4454888155311413,0.5219440033114123,0.4396488257928532,0.6719922607002258,-0.08776154855564622,0.5322195304359326,0.7135196117327297,-0.22635721168094025
p,12,Fanti-Zone 4,9,0.7215869036092548,0.8440433778570791,-0.32857979033441786,0.7278420029486199,0.9192115373142328,-0.5757562614917253,0.8617230668421557,1.084456353377386,-1.1932203307789422
p,12,Gaalkacyo,9,0.44047537488284483,0.5525281351148745,0.424868511016935,0.9306357490818657,1.1156204550723343,-1.3447216220086275,0.7064377333018338,0.9458442927659221,-0.6853792651366049
p,12,Gabi-Zone 3,9,0.4196763163193142,0.5975128691031666,0.11490053438617753,0.6315937932886271,0.870227612414654,-0.8774279123825073,0.5531158046382973,0.7063313211109038,-0.23684273128231803
p,12,Galdogob,9,0.5350793997446696,0.5996355771819155,0.46065576186656665,0.8888888888888888,1.1547005383792515,-1.0,0.8666666666666667,1.0778064142816495,-0.7424999999999999
p,12,Garbahaarey,9,0.3158718716596361,0.3712502461445574,0.5029395697313335,0.581268059769934,0.764550294873184,-1.1080835103465576,0.6985148919783973,0.839121606717048,-1.5393671599660355
p,12,Garissa,9,0.38312311902161195,0.4750812888394164,-0.07252691777750542,0.7454268442899376,0.8998783888448625,-2.8480436775740183,0.4482372384951664,0.5127229422425237,-0.24921689805555847
p,12,Garoowe,9,0.45412502801485743,0.5155969672918271,0.4240153543847551,0.3669634255033871,0.7329350143272915,-0.16391465690319085,0.5451368173303356,0.6340457521755145,0.12897345101621305
p,12,Gebiley,9,0.3557106195160489,0.38757311485601054,-0.5070807529428478,0.4464783241736449,0.5468220377191829,-1.9999999999999996,0.30351334308080224,0.3229827603245245,-0.046617327522098906
p,12,Guji,9,0.277190029610557,0.3254265222343011,0.12990075908539755,0.44281203039065037,0.5176983299851354,-1.2019955034486816,0.29914987467186577,0.3743489476489342,-0.15137324400221552
p,12,Hargeysa,9,0.34297767750544184,0.3991456022839336,-0.10570217067411325,0.4974096056871389,0.6151592194468866,-1.6263375273217355,0.3335111276226649,0.36775928976848377,0.061351978854167655
p,12,Hari-Zone 5,9,0.32924816343519425,0.4768957112209247,-0.31584221927527434,0.2222222222222222,0.4714045207910317,-0.2857142857142858,0.3919991660515769,0.5047780029555043,-0.4742048152633942
p,12,Hobyo,9,0.4928555931556967,0.5420197082123903,0.2005939151547932,0.7899064946711976,0.9349951781116675,-1.3787896259430727,0.5476058762585386,0.7425327706513224,-0.5002669575361565
p,12,Isiolo,9,0.4148906473757623,0.5299417490384127,-0.2655770460433111,0.555820295803959,0.8528812381818072,-2.278003715544001,0.5759595195913568,0.6738809417063489,-1.0464383602433114
p,12,Iskushuban,9,0.3677359207204387,0.39780840552013835,0.3067917889310434,0.2983045849399031,0.5010594093758538,-0.09975066157733292,0.38136641917558434,0.47461305492973427,0.01327723622334065
p,12,Jalalaqsi,9,0.27900350485462044,0.3661290804415939,0.6419122270461802,0.6601692146427101,0.8443973600942905,-0.9046482242939309,0.632106998796854,0.7404521087449795,-0.4645863797574392
p,12,Jarar,9,0.4135866835436084,0.43519457672027706,-0.004581418206613064,0.39442894705837195,0.572462196678596,-0.7382483142129554,0.41812012212799327,0.4468178082892771,-0.05895898432855917
p,12,Jariiban,9,0.4591428967082734,0.5537984549207212,0.44738062750176966,0.632979147417382,0.9151941507226466,-0.5092079956650724,0.6941040818784053,0.8826903081933477,-0.4039102412395261
p,12,Kajiado,9,0.36962080321648816,0.429108273425316,-1552.7917258951572,0.25550899465227617,0.41969205117779673,-1485.3480448566406,0.3114329014182877,0.364574881935794,-1120.5858357178554
p,12,Kilbati-Zone 2,9,0.6151261867111162,0.6646044242947617,-1.1541201584289675,0.5378408593287953,0.6445484366836143,-1.0260706603116656,0.7273465530748275,0.8606512307504949,-2.6124168308184665
p,12,Kismaayo,9,0.38653189594311005,0.4854016439355602,0.24337083639600543,0.6916052289987219,0.818195028675071,-1.1497812162355232,0.49893965416321134,0.7581871743569525,-0.8460074873035797
p,12,Korahe,9,0.2741616677893599,0.3264785999252231,0.4839712875977219,0.3094063157241148,0.40839606928236294,0.19252788186828285,0.4135227504305643,0.47479548557807816,-0.09138401903499105
p,12,Kurtunwaarey,9,0.3258529205117401,0.38311410578377675,0.18733597123137036,0.7207217165636168,0.8084921459218987,-2.6191481602817817,0.5050563417727846,0.5981090684680407,-0.9806855185131884
p,12,Laas Caanood,9,0.4317781130472819,0.4990023051367232,0.4920741791501746,0.32493483125342093,0.7051197378562196,-0.014193752286588923,0.5632107366310891,0.7213001420919036,-0.06127326268776545
p,12,Laasqoray,9,0.36873522576426415,0.4069659256492761,0.4704549850227815,0.2670297540896629,0.5743750692409699,-0.05481901403993916,0.5692049521454514,0.5995645418611454,-0.14936685573800923
p,12,Lamu,9,0.5387637054745943,0.6879777160953618,-3.796985745078578,0.40318348988813096,0.7597563284842418,-4.850167994080552,0.3288991174439508,0.45297432699501355,-1.0795380048957983
p,12,Liban,9,0.59346740980993,0.6198441015551807,-0.21112017658835414,0.42059988341340815,0.5959759832249585,-0.11964362397940631,0.6702732889559821,0.8394553083410933,-1.2213523578287302
p,12,Lughaye,9,0.3947385508518349,0.4427587064034445,0.16964625270869238,0.6518862001305408,0.7983942803408307,-1.6999999999999993,0.5458482141962663,0.6718152273170969,-0.9117390737282707
p,12,Mandera,9,0.3176969888744414,0.4368537500935709,0.1162824155671136,0.6077236135340626,0.8330053696197111,-2.2131941102119517,0.4699508202532636,0.5534198325265501,-0.4182434862394848
p,12,Marsabit,9,0.3846026606358226,0.5115971113684648,-0.3713320607731492,0.6386916195098388,0.8205032399047563,-2.52733788491253,0.48124761363957524,0.5565844266819667,-0.6231122795776882
p,12,Narok,9,0.4648378077503974,0.6924103785757292,-3.2797675557262185,0.3985314538291783,0.48643635769806387,-1.1122489365975405,0.24594385001993352,0.271354744271289,0.3426935675576209
p,12,Nogob,9,0.3879776563940642,0.4198649116059983,-2.0767266153940307,0.20658409312331147,0.34620639301666567,-1.091895141229498,0.4979058625746029,0.5104247931869919,-3.547087041544353
p,12,Owdweyne,9,0.21172085691587839,0.27671743320225595,0.679277340457486,0.38195302904243394,0.5432242312715633,-0.23598975652996113,0.31781173555220765,0.5268085900185424,-0.16241792715038006
p,12,Qardho,9,0.47766171561347115,0.5285037989194846,0.40461532886161855,0.3333333333333333,0.7453559924999299,-0.1842105263157896,0.5611111111111111,0.6331139971074193,0.1455921052631578
p,12,Qoryooley,9,0.29775956933729825,0.3880283423088464,-0.019570874381344305,0.7226228486060169,0.7968834115858844,-3.3001152605031967,0.5508075432266806,0.6852553709331727,-2.1797678953194772
p,12,Saakow,9,0.3533860963565475,0.4136890325000382,0.3555281134630345,0.7869151711875182,0.916142986732396,-2.1606942417885344,0.651821107633016,0.8588767610579894,-1.7779067728907987
p,12,Sablaale,9,0.41548485362055493,0.496191468520681,-0.008083459700122253,0.6190399391293305,0.749019851995344,-1.2971246398470329,0.6206200558168905,0.7167842526126005,-1.103656441747784
p,12,Samburu,9,0.30697454600129476,0.4058176449077754,-0.0982469338113039,0.5428965192512919,0.7213711892413283,-2.4702098106470425,0.48204751647520144,0.6188036510411373,-1.5535471538079992
p,12,Shabelle,9,0.32805403878293515,0.38228041907259724,-0.7600915034436131,0.3481634489513481,0.4498725114179061,-1.4375304749035585,0.5629245991675838,0.6398414236871396,-3.9307824988377904
p,12,Sheikh,9,0.2779758771786752,0.38913046200976187,-73.21645728378923,0.03992455968211159,0.05356441765256935,-0.40625,0.1561724550616525,0.18689305332249576,-16.119697189251237
p,12,Siti,9,0.2355633499130842,0.29675453756085324,0.14003929658190506,0.39245475461419604,0.5068367558794602,-1.5085344785334014,0.39528720791126176,0.4344082449549389,-0.8428075740443624
p,12,Taleex,9,0.4398541980319553,0.49795926626058,0.4714463710727158,0.2222222222222222,0.6666666666666666,0.05263157894736825,0.6297572124172665,0.7169052376511383,-0.09553165003953823
p,12,Tana River,9,0.40085587864802164,0.4953668269607365,-0.44771360233453983,0.6307368545858902,0.7357168361123385,-2.193377080993115,0.44074295821754966,0.5595457541864571,-0.8471408982841144
p,12,Turkana,10,0.5992471249401643,0.7063171204501707,-0.5478902037248672,0.6102189481014768,0.8228281076038123,-1.1006752686743684,0.7335853182766928,0.9047593842533479,-1.5398430366259173
p,12,Wajir,10,0.23400424755972216,0.36738673136291217,0.28715457283209844,0.5128080057105471,0.6542295529126991,-1.260522062747655,0.3941541762937754,0.48703684433543715,-0.2527720842080097
p,12,Wanla Weyn,10,0.33853793877615385,0.4183543909963511,0.29478226426441545,0.6675916701234759,0.7399920058346748,-1.2064222013166375,0.546952828238614,0.7001940093992157,-0.9754741187482605
p,12,West Guji,10,0.30526157342988086,0.3425726691340491,0.23441810048260758,0.5596472387781973,0.6285279681859066,-1.5771247946658389,0.6264413860690906,0.7503034095154771,-2.6724853665092207
p,12,West Pokot,10,0.3409598869060292,0.43539970705705094,-0.5657752851938995,0.5033541073227289,0.5901524362873883,-1.8766139178912074,0.37571252886774453,0.4249486700000099,-0.49150982096404827
p,12,Xarardheere,10,0.47622084617614746,0.6110006190072195,0.19942629727877847,0.6299395053323465,0.8030060391910389,-0.38278812990847366,0.6779837839879603,0.7911436286967801,-0.34223540315133416
p,12,Xudun,10,0.46793887615203855,0.5311773077246927,0.3730014839074379,0.2,0.6324555320336759,0.11111111111111116,0.6085979528160109,0.7279170363545763,-0.17747380403384327
p,12,Zeylac,10,0.40475659888775634,0.4899543628249343,0.19328026643292107,0.596348869904956,0.7127732304546378,-0.7073170731707312,0.4575340422497535,0.5702045523317547,-0.09262914965148439
