window,lhz,lead,zone_code,n,mae,rmse,r2,mae_baseline,rmse_baseline,r2_baseline
default,agropastoral,0,ET0410,9,0.7963090538978577,0.9254150954199832,-2.67120361328125,0.4707859754562378,0.6178881374400217,-0.6366469860076904
default,agropastoral,0,ET0502,9,0.6531602740287781,0.7329522412420484,-6.845715045928955,0.23186196386814117,0.40580415102173745,-1.4049949645996094
default,agropastoral,0,ET0707,9,0.2323763072490692,0.3077531302267329,0.27552855014801025,0.28454694151878357,0.324481926238366,0.19462651014328003
default,agropastoral,0,ET0712,9,0.6111823916435242,0.7213025585309526,-1.4461524486541748,0.5533507466316223,0.7095363349455123,-1.3669979572296143
default,agropastoral,0,ET1201,9,0.249954491853714,0.31289835811969346,-0.9668684005737305,0.1577175110578537,0.2732253750474862,-0.4997220039367676
default,agropastoral,1,ET0410,9,0.6135274171829224,0.6767608730582738,-0.9633865356445312,0.4707859754562378,0.6178881374400217,-0.6366469860076904
default,agropastoral,1,ET0502,9,0.48996469378471375,0.572927671384603,-3.793809413909912,0.23186196386814117,0.40580415102173745,-1.4049949645996094
default,agropastoral,1,ET0707,9,0.268219918012619,0.32389287772870445,0.19754791259765625,0.28454694151878357,0.324481926238366,0.19462651014328003
default,agropastoral,1,ET0712,9,0.5772613286972046,0.7046967846243971,-1.3348186016082764,0.5533507466316223,0.7095363349455123,-1.3669979572296143
default,agropastoral,1,ET1201,9,0.2711813747882843,0.3699551632816918,-1.7495834827423096,0.1577175110578537,0.2732253750474862,-0.4997220039367676
default,agropastoral,2,ET0410,9,0.7439122200012207,0.8667760336778403,-2.220691442489624,0.4707859754562378,0.6178881374400217,-0.6366469860076904
default,agropastoral,2,ET0502,9,0.46922624111175537,0.5963040182247907,-4.19297981262207,0.23186196386814117,0.40580415102173745,-1.4049949645996094
default,agropastoral,2,ET0707,9,0.3364509344100952,0.4101307633973676,-0.28665173053741455,0.28454694151878357,0.324481926238366,0.19462651014328003
default,agropastoral,2,ET0712,9,0.6096165776252747,0.7221374298922382,-1.4518184661865234,0.5533507466316223,0.7095363349455123,-1.3669979572296143
default,agropastoral,2,ET1201,9,0.3381764590740204,0.4199675779089988,-2.5432374477386475,0.1577175110578537,0.2732253750474862,-0.4997220039367676
default,agropastoral,3,ET0410,9,0.6842200756072998,0.7793155753968098,-1.6035265922546387,0.4707859754562378,0.6178881374400217,-0.6366469860076904
default,agropastoral,3,ET0502,9,0.4905789792537689,0.5848664731282391,-3.9956798553466797,0.23186196386814117,0.40580415102173745,-1.4049949645996094
default,agropastoral,3,ET0707,9,0.2471781075000763,0.34359782275066847,0.09693896770477295,0.28454694151878357,0.324481926238366,0.19462651014328003
default,agropastoral,3,ET0712,9,0.6087210178375244,0.7070335261692902,-1.3503286838531494,0.5533507466316223,0.7095363349455123,-1.3669979572296143
default,agropastoral,3,ET1201,9,0.30690139532089233,0.38776450896895104,-2.0206809043884277,0.1577175110578537,0.2732253750474862,-0.4997220039367676
default,agropastoral,4,ET0410,9,0.7682285308837891,0.9157123836442744,-2.5946242809295654,0.543802797794342,0.6679881801344708,-0.9128146171569824
default,agropastoral,4,ET0502,9,0.6898051500320435,0.7384534362545646,-6.963929653167725,0.1720876544713974,0.29226875603290414,-0.24751555919647217
default,agropastoral,4,ET0707,9,0.4169522821903229,0.4595401402209816,-0.6153372526168823,0.35993683338165283,0.4426034878014595,-0.4984627962112427
default,agropastoral,4,ET0712,9,0.5692692995071411,0.6927311159751828,-1.256201982498169,0.48697736859321594,0.6593487332070451,-1.0439908504486084
default,agropastoral,4,ET1201,9,0.42326581478118896,0.49550347241706405,-3.932443618774414,0.2614307999610901,0.35079355919189964,-1.4721336364746094
default,agropastoral,8,ET0410,9,0.5337798595428467,0.6593853212967975,-0.8638625144958496,0.5131563544273376,0.6026205938194372,-0.5567656755447388
default,agropastoral,8,ET0502,9,0.5083767771720886,0.5705140423981439,-3.7535037994384766,0.29148611426353455,0.4338327384990572,-1.7486903667449951
default,agropastoral,8,ET0707,9,0.4528730809688568,0.54634703627577,-1.283250093460083,0.42466241121292114,0.5565204423695433,-1.3690736293792725
default,agropastoral,8,ET0712,9,0.7133306264877319,0.8789031643283508,-2.6318728923797607,0.6528235077857971,0.8979779270513647,-2.7912280559539795
default,agropastoral,8,ET1201,9,0.60716712474823,0.6668465763959762,-7.933478355407715,0.2614307999610901,0.35079355919189964,-1.4721336364746094
default,agropastoral,12,ET0410,9,0.730841338634491,0.8429987353205669,-2.0464155673980713,0.7367069721221924,0.828625401872994,-1.9434170722961426
default,agropastoral,12,ET0502,9,0.3612762987613678,0.45643836470324456,-2.0426042079925537,0.3056110739707947,0.4463393936323886,-1.9094548225402832
default,agropastoral,12,ET0707,9,0.43595245480537415,0.47319359618454504,-0.7127503156661987,0.4677940905094147,0.5906270112906629,-1.6683506965637207
default,agropastoral,12,ET0712,9,0.6946556568145752,0.7817854381588923,-1.8735828399658203,0.590213418006897,0.8897148635134635,-2.7217764854431152
default,agropastoral,12,ET1201,9,0.388140469789505,0.47554930872926593,-3.5431790351867676,0.2614307999610901,0.35079355919189964,-1.4721336364746094
default,crop_farming,0,ET0101,9,0.5472911596298218,0.7366669783296688,0.6672086119651794,0.4225214719772339,0.7902979102547169,0.6169888973236084
default,crop_farming,0,ET0102,9,0.6287954449653625,0.8647560192294582,0.5229212045669556,0.5292166471481323,0.9185656291189143,0.46170133352279663
default,crop_farming,0,ET0103,9,0.6941936016082764,0.8799757828956537,0.3588288426399231,0.6204403638839722,0.9139340302263808,0.30838847160339355
default,crop_farming,0,ET0104,9,0.5867507457733154,0.707014578944136,0.4681349992752075,0.5836002826690674,0.760148449629372,0.3851892352104187
default,crop_farming,0,ET0105,9,0.372021347284317,0.5040359330197153,0.7693681716918945,0.3323628604412079,0.5742461528856802,0.7006409168243408
default,crop_farming,0,ET0106,9,0.7264412045478821,1.042744873250112,0.2535747289657593,0.737506091594696,1.1035133024208135,0.164040207862854
default,crop_farming,0,ET0107,9,0.7785810232162476,1.0246711459284286,-0.5367996692657471,0.5964927673339844,0.9446502446517502,-0.30614185333251953
default,crop_farming,0,ET0301,9,0.7217318415641785,0.887720961667055,-1.589646577835083,0.6443601250648499,0.7654896830655269,-0.9256007671356201
default,crop_farming,0,ET0302,9,0.23524326086044312,0.30208251668008496,-0.3205692768096924,0.17566841840744019,0.24400095186770926,0.13842511177062988
default,crop_farming,0,ET0303,9,0.6976279616355896,0.8065877532257213,0.09819835424423218,0.7433272004127502,0.832203019012131,0.040010809898376465
default,crop_farming,0,ET0304,9,0.5127901434898376,0.8577777237087797,-0.9098013639450073,0.5560177564620972,0.6404140869548648,-0.0645362138748169
default,crop_farming,0,ET0305,9,0.706497311592102,0.8194086817751901,-2.8395836353302,0.3248427212238312,0.43355073801412713,-0.07488715648651123
default,crop_farming,0,ET0306,9,0.2574721574783325,0.29533392813309073,-10.065177917480469,0.1186293512582779,0.14479995570595403,-1.6599197387695312
default,crop_farming,0,ET0307,9,0.1365758180618286,0.13782827572478634,-6508995.0,1.923243144119624e-05,4.893995972781995e-05,0.1793375015258789
default,crop_farming,0,ET0308,9,0.6840828657150269,0.7818681941357498,0.08751368522644043,0.5675532817840576,0.6918606746469002,0.2855093479156494
default,crop_farming,0,ET0309,9,0.13913828134536743,0.14134052814739337,-3871.951904296875,0.0015184349613264203,0.0027319888017946423,-0.446993350982666
default,crop_farming,0,ET0310,9,0.6713364124298096,0.7995699769839894,-0.1726311445236206,0.6783285737037659,0.816379674451579,-0.22245490550994873
default,crop_farming,0,ET0311,9,0.17701004445552826,0.22144956870302968,-3.8410911560058594,0.15170492231845856,0.19726446359122546,-2.8414156436920166
default,crop_farming,0,ET0312,9,0.15034928917884827,0.15155010860952717,-21446.41796875,0.0006254249019548297,0.001004022674613518,0.058653414249420166
default,crop_farming,0,ET0401,9,0.12990757822990417,0.13178151031506424,-1.8736286163330078,0.021916057914495468,0.0629211704047979,0.34488844871520996
default,crop_farming,0,ET0402,9,0.11877366155385971,0.1263050188791809,-4.3863935470581055,0.01550730038434267,0.044161479483869046,0.34151774644851685
default,crop_farming,0,ET0403,9,0.12896466255187988,0.13560540010411248,-50307.609375,0.0002137687406502664,0.0005094005855359548,0.290083646774292
default,crop_farming,0,ET0404,9,0.12710224092006683,0.1345506626061625,-20052.53125,0.0007851918344385922,0.0010296339799456414,-0.17431581020355225
default,crop_farming,0,ET0405,9,0.13212154805660248,0.13325916241426528,-1753.7607421875,0.0022689634934067726,0.004034381879221967,-0.608339786529541
default,crop_farming,0,ET0406,9,0.8495490550994873,0.8662712480435445,-10.570241928100586,0.09745875000953674,0.18689507016241683,0.4614446759223938
default,crop_farming,0,ET0407,9,0.8327262997627258,0.8711367540906222,-16.487276077270508,0.2535824179649353,0.30986277486745945,-1.2125256061553955
default,crop_farming,0,ET0408,9,0.2760537564754486,0.3602169995159904,-0.8344306945800781,0.3278557062149048,0.3674747074272662,-0.9090961217880249
default,crop_farming,0,ET0409,9,0.7441431879997253,0.8296241865408426,-3.0432825088500977,0.3213166296482086,0.41586899299972796,-0.015978217124938965
default,crop_farming,0,ET0413,9,0.13862930238246918,0.16254639605109011,-9.847854614257812,0.05398058891296387,0.0803803491883255,-1.6527049541473389
default,crop_farming,0,ET0416,9,0.1260884553194046,0.13476648883266298,-5693.4052734375,0.0008418824872933328,0.0017859024679747187,0.0
default,crop_farming,0,ET0417,9,0.8300202488899231,0.9006373135785828,-13.13300895690918,0.2740275263786316,0.3418267918164171,-1.0358555316925049
default,crop_farming,0,ET0418,9,0.12397351861000061,0.12807638915112965,-1.0815589427947998,0.04462464526295662,0.09485277635711792,-0.14169657230377197
default,crop_farming,0,ET0419,9,0.1290595531463623,0.13137854599318477,-27837.58984375,0.00021044413733761758,0.0006313323974609375,0.3571428656578064
default,crop_farming,0,ET0420,9,0.14328275620937347,0.16759399814612239,-2.6411147117614746,0.047387175261974335,0.09968130469129659,-0.2880859375
default,crop_farming,0,ET0602,9,0.3196212351322174,0.4569928405793572,-0.390142560005188,0.2661852240562439,0.4701915826322334,-0.4716014862060547
default,crop_farming,0,ET0603,9,0.29933035373687744,0.41854490695051627,-9772.2900390625,0.001131508033722639,0.003394524255458034,0.3571428656578064
default,crop_farming,0,ET0604,9,0.21493548154830933,0.29992301916851655,-0.1441713571548462,0.14376485347747803,0.28798263766766613,-0.05488240718841553
default,crop_farming,0,ET0605,9,0.14068445563316345,0.14161426881804573,0.0,0.0,0.0,1.0
default,crop_farming,0,ET0701,9,0.4482444226741791,0.5626258974116893,-4.347990036010742,0.13091859221458435,0.19936134807340697,0.3285199999809265
default,crop_farming,0,ET0702,9,0.7542994022369385,0.9251513692362757,-6.676154613494873,0.4651331901550293,0.5759476564849961,-1.9749808311462402
default,crop_farming,0,ET0703,9,0.6162176132202148,0.759750091472393,-2.216730833053589,0.5790632367134094,0.7271818167182004,-1.9468581676483154
default,crop_farming,0,ET0705,9,0.9106096625328064,1.010285824566014,-5.600277900695801,0.5367287993431091,0.6196795984669534,-1.4831793308258057
default,crop_farming,0,ET0706,9,0.6580407023429871,0.7917113835270818,-4.392333507537842,0.4236285388469696,0.5479174351656593,-1.582695484161377
default,crop_farming,0,ET0710,9,1.012656331062317,1.2137311151765926,-4.320785999298096,0.6428766846656799,0.7990973282475419,-1.3063762187957764
default,crop_farming,0,ET0713,9,0.45306724309921265,0.6430132937384556,-0.9461700916290283,0.39761611819267273,0.585889025908302,-0.6157405376434326
default,crop_farming,0,ET0714,9,0.22676441073417664,0.2749860781700269,-0.2929997444152832,0.18749703466892242,0.25197236039419524,-0.0856325626373291
default,crop_farming,0,ET0715,9,0.7534964680671692,0.9207327927352109,-7.655200004577637,0.44592511653900146,0.5361665530957137,-1.9350085258483887
default,crop_farming,0,ET0716,9,0.3052910566329956,0.47889748731751736,-1.490600347518921,0.21967953443527222,0.4561112428024284,-1.259230136871338
default,crop_farming,0,ET0720,9,0.6559487581253052,0.8440133143093451,-5.586277961730957,0.46356555819511414,0.5194104276433671,-1.4943811893463135
default,crop_farming,0,ET0721,9,0.592321515083313,0.7287137986706972,-1.4603145122528076,0.5507039427757263,0.7362065708194645,-1.51116943359375
default,crop_farming,0,ET0722,9,0.80061936378479,0.8911209398750515,-2.4468772411346436,0.7540591359138489,0.8550555829614006,-2.1735198497772217
default,crop_farming,0,ET0723,9,0.7156953811645508,0.8384754834011553,-1.8754949569702148,0.6622588634490967,0.8064877270487816,-1.6602802276611328
default,crop_farming,0,ET0724,9,0.1390821635723114,0.14213481990898144,-86.84027099609375,0.01825123280286789,0.024564175451489253,-1.6235966682434082
default,crop_farming,0,ET1101,9,0.13495439291000366,0.13769333073698206,0.0,0.0,0.0,1.0
default,crop_farming,0,ET1102,9,0.1253519207239151,0.13359250296741282,-507992.15625,5.009439337300137e-05,0.00015028318032036584,0.35714292526245117
default,crop_farming,0,ET1103,9,0.13045351207256317,0.13455218537686486,-16045.9658203125,0.0005677540902979672,0.0012043883430473078,-0.28571438789367676
default,crop_farming,0,ET1104,9,0.5828682780265808,0.7216648208676785,-0.8210464715957642,0.5954776406288147,0.7282431248799651,-0.854397177696228
default,crop_farming,0,ET1105,9,0.12669485807418823,0.13466402729952617,-3.3128204345703125,0.0179299246519804,0.052077364082797714,0.35500526428222656
default,crop_farming,0,ET1106,9,0.12516605854034424,0.13681285208225039,-40.00828552246094,0.026804208755493164,0.032909637172578554,-1.3728158473968506
default,crop_farming,0,ET1202,9,0.7769324779510498,0.8405964162284992,-147.41307067871094,0.04802534356713295,0.08319457025830009,-0.45374107360839844
default,crop_farming,0,ET1203,9,0.19351808726787567,0.2087062964261617,-184087.75,0.0002600087027531117,0.0005515617632380681,-0.28571414947509766
default,crop_farming,0,ET1204,9,0.12672311067581177,0.13537685025950524,-296.9269104003906,0.005832009948790073,0.009421068180212284,-0.44285011291503906
default,crop_farming,0,ET1301,9,0.7331542372703552,0.7775776956749253,-892.1181640625,0.02707657590508461,0.03803102189934407,-1.136472463607788
default,crop_farming,0,ET1401,9,0.1999555081129074,0.21286014898703112,-5581330.0,4.8160552978515625e-05,0.00010216396079040713,-0.2857142686843872
default,crop_farming,0,ET1501,9,0.5973239541053772,0.6827723554599031,-7.092154502868652,0.15025150775909424,0.3193105518388407,-0.7698596715927124
default,crop_farming,0,ET1502,9,0.12761880457401276,0.18162044289970017,0.7653222680091858,0.12020659446716309,0.21454308018083224,0.6725300550460815
default,crop_farming,0,ET1600,9,0.598500669002533,0.7268689647499448,-2.7435097694396973,0.5233294367790222,0.5948764255167536,-1.507380485534668
default,crop_farming,1,ET0101,9,0.48385223746299744,0.7401197440333321,0.6640816926956177,0.4225214719772339,0.7902979102547169,0.6169888973236084
default,crop_farming,1,ET0102,9,0.5543060302734375,0.8572833876984497,0.5311307907104492,0.5292166471481323,0.9185656291189143,0.46170133352279663
default,crop_farming,1,ET0103,9,0.6491221189498901,0.8638566115040492,0.3821033239364624,0.6204403638839722,0.9139340302263808,0.30838847160339355
default,crop_farming,1,ET0104,9,0.5614034533500671,0.7098145471738002,0.46391403675079346,0.5836002826690674,0.760148449629372,0.3851892352104187
default,crop_farming,1,ET0105,9,0.35739943385124207,0.5235854551818846,0.7511306405067444,0.3323628604412079,0.5742461528856802,0.7006409168243408
default,crop_farming,1,ET0106,9,0.7558938264846802,1.0809889638162724,0.19781827926635742,0.737506091594696,1.1035133024208135,0.164040207862854
default,crop_farming,1,ET0107,9,0.6941036581993103,0.980605066557572,-0.40746164321899414,0.5964927673339844,0.9446502446517502,-0.30614185333251953
default,crop_farming,1,ET0301,9,0.6300809979438782,0.7759433957205089,-0.9785526990890503,0.6443601250648499,0.7654896830655269,-0.9256007671356201
default,crop_farming,1,ET0302,9,0.18872348964214325,0.24506103966804907,0.13092249631881714,0.17566841840744019,0.24400095186770926,0.13842511177062988
default,crop_farming,1,ET0303,9,0.7471900582313538,0.861309924982212,-0.028316259384155273,0.7433272004127502,0.832203019012131,0.040010809898376465
default,crop_farming,1,ET0304,9,0.43941518664360046,0.6564588441506782,-0.1185455322265625,0.5560177564620972,0.6404140869548648,-0.0645362138748169
default,crop_farming,1,ET0305,9,0.47522395849227905,0.5342965285925781,-0.6324794292449951,0.3248427212238312,0.43355073801412713,-0.07488715648651123
default,crop_farming,1,ET0306,9,0.14269191026687622,0.16527880235952358,-2.465500831604004,0.1186293512582779,0.14479995570595403,-1.6599197387695312
default,crop_farming,1,ET0307,9,0.09797739237546921,0.1003055878438444,-3447367.0,1.923243144119624e-05,4.893995972781995e-05,0.1793375015258789
default,crop_farming,1,ET0308,9,0.5913393497467041,0.6937434032916986,0.28161537647247314,0.5675532817840576,0.6918606746469002,0.2855093479156494
default,crop_farming,1,ET0309,9,0.09101490676403046,0.09842681145540486,-1877.1728515625,0.0015184349613264203,0.0027319888017946423,-0.446993350982666
default,crop_farming,1,ET0310,9,0.7004842758178711,0.8244396474158312,-0.24671220779418945,0.6783285737037659,0.816379674451579,-0.22245490550994873
default,crop_farming,1,ET0311,9,0.16204527020454407,0.21065404178122393,-3.3805956840515137,0.15170492231845856,0.19726446359122546,-2.8414156436920166
default,crop_farming,1,ET0312,9,0.0894208550453186,0.09416636257611324,-8279.453125,0.0006254249019548297,0.001004022674613518,0.058653414249420166
default,crop_farming,1,ET0401,9,0.09056338667869568,0.0987145255372259,-0.612440824508667,0.021916057914495468,0.0629211704047979,0.34488844871520996
default,crop_farming,1,ET0402,9,0.09211817383766174,0.1013658894656061,-2.4692893028259277,0.01550730038434267,0.044161479483869046,0.34151774644851685
default,crop_farming,1,ET0403,9,0.09262049943208694,0.09676536462823623,-25615.99609375,0.0002137687406502664,0.0005094005855359548,0.290083646774292
default,crop_farming,1,ET0404,9,0.0918448269367218,0.09474649907742791,-9942.6435546875,0.0007851918344385922,0.0010296339799456414,-0.17431581020355225
default,crop_farming,1,ET0405,9,0.1041526347398758,0.11918862345280537,-1402.76171875,0.0022689634934067726,0.004034381879221967,-0.608339786529541
default,crop_farming,1,ET0406,9,0.4444849193096161,0.485182519714434,-2.6294844150543213,0.09745875000953674,0.18689507016241683,0.4614446759223938
default,crop_farming,1,ET0407,9,0.5131714344024658,0.5549236385978549,-6.096038341522217,0.2535824179649353,0.30986277486745945,-1.2125256061553955
default,crop_farming,1,ET0408,9,0.30168500542640686,0.36141694497967125,-0.846672534942627,0.3278557062149048,0.3674747074272662,-0.9090961217880249
default,crop_farming,1,ET0409,9,0.476636677980423,0.5296396644620263,-0.6479055881500244,0.3213166296482086,0.41586899299972796,-0.015978217124938965
default,crop_farming,1,ET0413,9,0.1262834668159485,0.14150924303983609,-7.221646308898926,0.05398058891296387,0.0803803491883255,-1.6527049541473389
default,crop_farming,1,ET0416,9,0.09684482216835022,0.10029680863173357,-3152.978515625,0.0008418824872933328,0.0017859024679747187,0.0
default,crop_farming,1,ET0417,9,0.4935795068740845,0.5876559679496756,-5.017014503479004,0.2740275263786316,0.3418267918164171,-1.0358555316925049
default,crop_farming,1,ET0418,9,0.08608096837997437,0.09031566265369796,-0.035086631774902344,0.04462464526295662,0.09485277635711792,-0.14169657230377197
default,crop_farming,1,ET0419,9,0.10058659315109253,0.10691479731102706,-18435.306640625,0.00021044413733761758,0.0006313323974609375,0.3571428656578064
default,crop_farming,1,ET0420,9,0.13145111501216888,0.1536390975240759,-2.0599963665008545,0.047387175261974335,0.09968130469129659,-0.2880859375
default,crop_farming,1,ET0602,9,0.32620054483413696,0.4703480342735511,-0.47258102893829346,0.2661852240562439,0.4701915826322334,-0.4716014862060547
default,crop_farming,1,ET0603,9,0.1953449845314026,0.2494351816459129,-3470.1396484375,0.001131508033722639,0.003394524255458034,0.3571428656578064
default,crop_farming,1,ET0604,9,0.19640329480171204,0.27862334234909175,0.012569785118103027,0.14376485347747803,0.28798263766766613,-0.05488240718841553
default,crop_farming,1,ET0605,9,0.08772595226764679,0.09363092867786764,0.0,0.0,0.0,1.0
default,crop_farming,1,ET0701,9,0.2676486670970917,0.35802827267783544,-1.165637731552124,0.13091859221458435,0.19936134807340697,0.3285199999809265
default,crop_farming,1,ET0702,9,0.6335704326629639,0.7761987659420946,-4.403361797332764,0.4651331901550293,0.5759476564849961,-1.9749808311462402
default,crop_farming,1,ET0703,9,0.5945077538490295,0.7464479334713008,-2.105076313018799,0.5790632367134094,0.7271818167182004,-1.9468581676483154
default,crop_farming,1,ET0705,9,0.615233838558197,0.7312927494431922,-2.4582488536834717,0.5367287993431091,0.6196795984669534,-1.4831793308258057
default,crop_farming,1,ET0706,9,0.4447503685951233,0.5701851114634703,-1.7968857288360596,0.4236285388469696,0.5479174351656593,-1.582695484161377
default,crop_farming,1,ET0710,9,0.7838560938835144,0.9872183832770031,-2.520118474960327,0.6428766846656799,0.7990973282475419,-1.3063762187957764
default,crop_farming,1,ET0713,9,0.43865451216697693,0.6206058529208095,-0.8128948211669922,0.39761611819267273,0.585889025908302,-0.6157405376434326
default,crop_farming,1,ET0714,9,0.19245792925357819,0.251606725276433,-0.08248400688171387,0.18749703466892242,0.25197236039419524,-0.0856325626373291
default,crop_farming,1,ET0715,9,0.5515531301498413,0.6952577205038626,-3.9351634979248047,0.44592511653900146,0.5361665530957137,-1.9350085258483887
default,crop_farming,1,ET0716,9,0.29268014430999756,0.46557604385158174,-1.3539659976959229,0.21967953443527222,0.4561112428024284,-1.259230136871338
default,crop_farming,1,ET0720,9,0.4794785678386688,0.6246300794689962,-2.6073415279388428,0.46356555819511414,0.5194104276433671,-1.4943811893463135
default,crop_farming,1,ET0721,9,0.5939961671829224,0.7300913442656882,-1.4696249961853027,0.5507039427757263,0.7362065708194645,-1.51116943359375
default,crop_farming,1,ET0722,9,0.7856928706169128,0.8725168552246209,-2.304457664489746,0.7540591359138489,0.8550555829614006,-2.1735198497772217
default,crop_farming,1,ET0723,9,0.7054221034049988,0.8369902639517818,-1.8653171062469482,0.6622588634490967,0.8064877270487816,-1.6602802276611328
default,crop_farming,1,ET0724,9,0.1075272262096405,0.11221985722900914,-53.75605392456055,0.01825123280286789,0.024564175451489253,-1.6235966682434082
default,crop_farming,1,ET1101,9,0.08833789080381393,0.09163240145430836,0.0,0.0,0.0,1.0
default,crop_farming,1,ET1102,9,0.09179573506116867,0.09482911055073637,-255961.921875,5.009439337300137e-05,0.00015028318032036584,0.35714292526245117
default,crop_farming,1,ET1103,9,0.09825363755226135,0.10164428590724622,-9156.509765625,0.0005677540902979672,0.0012043883430473078,-0.28571438789367676
default,crop_farming,1,ET1104,9,0.5935469269752502,0.7215516179364088,-0.8204751014709473,0.5954776406288147,0.7282431248799651,-0.854397177696228
default,crop_farming,1,ET1105,9,0.0837881788611412,0.0872470125432223,-0.8103365898132324,0.0179299246519804,0.052077364082797714,0.35500526428222656
default,crop_farming,1,ET1106,9,0.08931109309196472,0.09383844137848944,-18.292095184326172,0.026804208755493164,0.032909637172578554,-1.3728158473968506
default,crop_farming,1,ET1202,9,0.45871701836586,0.5185625610903248,-55.480613708496094,0.04802534356713295,0.08319457025830009,-0.45374107360839844
default,crop_farming,1,ET1203,9,0.08337491005659103,0.08934748462798443,-33737.11328125,0.0002600087027531117,0.0005515617632380681,-0.28571414947509766
default,crop_farming,1,ET1204,9,0.10029314458370209,0.10318307722295626,-172.07640075683594,0.005832009948790073,0.009421068180212284,-0.44285011291503906
default,crop_farming,1,ET1301,9,0.44384539127349854,0.4888253499263685,-351.962646484375,0.02707657590508461,0.03803102189934407,-1.136472463607788
default,crop_farming,1,ET1401,9,0.16648688912391663,0.20459024433834216,-5156069.5,4.8160552978515625e-05,0.00010216396079040713,-0.2857142686843872
default,crop_farming,1,ET1501,9,0.3605080544948578,0.45786652490352225,-2.6390674114227295,0.15025150775909424,0.3193105518388407,-0.7698596715927124
default,crop_farming,1,ET1502,9,0.11664768308401108,0.18521237589032633,0.7559479475021362,0.12020659446716309,0.21454308018083224,0.6725300550460815
default,crop_farming,1,ET1600,9,0.46038901805877686,0.5873081705734138,-1.4439866542816162,0.5233294367790222,0.5948764255167536,-1.507380485534668
default,crop_farming,2,ET0101,9,0.5731834769248962,0.7465571217844192,0.6582128405570984,0.4225214719772339,0.7902979102547169,0.6169888973236084
default,crop_farming,2,ET0102,9,0.557945728302002,0.9341563361246381,0.44327330589294434,0.5292166471481323,0.9185656291189143,0.46170133352279663
default,crop_farming,2,ET0103,9,0.612877607345581,0.9160893132028978,0.30512261390686035,0.6204403638839722,0.9139340302263808,0.30838847160339355
default,crop_farming,2,ET0104,9,0.6097438335418701,0.7985792448532354,0.3214518427848816,0.5836002826690674,0.760148449629372,0.3851892352104187
default,crop_farming,2,ET0105,9,0.4120863080024719,0.5612070004700874,0.7140814065933228,0.3323628604412079,0.5742461528856802,0.7006409168243408
default,crop_farming,2,ET0106,9,0.7226445078849792,1.120065037678237,0.1387748122215271,0.737506091594696,1.1035133024208135,0.164040207862854
default,crop_farming,2,ET0107,9,0.6312911510467529,0.9794620650005836,-0.4041823148727417,0.5964927673339844,0.9446502446517502,-0.30614185333251953
default,crop_farming,2,ET0301,9,0.619959831237793,0.8001654513455186,-1.1040067672729492,0.6443601250648499,0.7654896830655269,-0.9256007671356201
default,crop_farming,2,ET0302,9,0.3192206621170044,0.43693127451158326,-1.7627160549163818,0.17566841840744019,0.24400095186770926,0.13842511177062988
default,crop_farming,2,ET0303,9,0.7448358535766602,0.9379395090476778,-0.21943163871765137,0.7433272004127502,0.832203019012131,0.040010809898376465
default,crop_farming,2,ET0304,9,0.624353289604187,0.8359940768196319,-0.8140325546264648,0.5560177564620972,0.6404140869548648,-0.0645362138748169
default,crop_farming,2,ET0305,9,0.6841109395027161,0.8350447763212798,-2.9875171184539795,0.3248427212238312,0.43355073801412713,-0.07488715648651123
default,crop_farming,2,ET0306,9,0.2270233929157257,0.29181173100373237,-9.80282211303711,0.1186293512582779,0.14479995570595403,-1.6599197387695312
default,crop_farming,2,ET0307,9,0.13542979955673218,0.1782663474678929,-10888702.0,1.923243144119624e-05,4.893995972781995e-05,0.1793375015258789
default,crop_farming,2,ET0308,9,0.6201077699661255,0.7400806035785855,0.18244433403015137,0.5675532817840576,0.6918606746469002,0.2855093479156494
default,crop_farming,2,ET0309,9,0.09527277946472168,0.10561781521631877,-2161.634033203125,0.0015184349613264203,0.0027319888017946423,-0.446993350982666
default,crop_farming,2,ET0310,9,0.6092259287834167,0.7494657521022684,-0.030272364616394043,0.6783285737037659,0.816379674451579,-0.22245490550994873
default,crop_farming,2,ET0311,9,0.17702072858810425,0.2665307646147765,-6.012748718261719,0.15170492231845856,0.19726446359122546,-2.8414156436920166
default,crop_farming,2,ET0312,9,0.09752054512500763,0.11284547467182794,-11890.33984375,0.0006254249019548297,0.001004022674613518,0.058653414249420166
default,crop_farming,2,ET0401,9,0.07267145067453384,0.07712020538530234,0.015857398509979248,0.021916057914495468,0.0629211704047979,0.34488844871520996
default,crop_farming,2,ET0402,9,0.0830661803483963,0.10043976634880336,-2.4061849117279053,0.01550730038434267,0.044161479483869046,0.34151774644851685
default,crop_farming,2,ET0403,9,0.062080688774585724,0.06454536311369634,-11396.7314453125,0.0002137687406502664,0.0005094005855359548,0.290083646774292
default,crop_farming,2,ET0404,9,0.06887476146221161,0.07117263876236134,-5610.0654296875,0.0007851918344385922,0.0010296339799456414,-0.17431581020355225
default,crop_farming,2,ET0405,9,0.07532572001218796,0.09094850660354208,-816.3629760742188,0.0022689634934067726,0.004034381879221967,-0.608339786529541
default,crop_farming,2,ET0406,9,0.7501765489578247,0.8551537617515302,-10.275168418884277,0.09745875000953674,0.18689507016241683,0.4614446759223938
default,crop_farming,2,ET0407,9,0.8404747247695923,0.9902440057470526,-21.59612464904785,0.2535824179649353,0.30986277486745945,-1.2125256061553955
default,crop_farming,2,ET0408,9,0.3253980278968811,0.3695639751049416,-0.930866003036499,0.3278557062149048,0.3674747074272662,-0.9090961217880249
default,crop_farming,2,ET0409,9,0.6677289009094238,0.8630033365032637,-3.37518310546875,0.3213166296482086,0.41586899299972796,-0.015978217124938965
default,crop_farming,2,ET0413,9,0.11153597384691238,0.12719522280526172,-5.6424880027771,0.05398058891296387,0.0803803491883255,-1.6527049541473389
default,crop_farming,2,ET0416,9,0.06098570302128792,0.06307008886705186,-1246.1865234375,0.0008418824872933328,0.0017859024679747187,0.0
default,crop_farming,2,ET0417,9,0.7991293668746948,0.8684568308421772,-12.141084671020508,0.2740275263786316,0.3418267918164171,-1.0358555316925049
default,crop_farming,2,ET0418,9,0.07088616490364075,0.07880273050291246,0.21198749542236328,0.04462464526295662,0.09485277635711792,-0.14169657230377197
default,crop_farming,2,ET0419,9,0.07949492335319519,0.08301247415355514,-11113.375,0.00021044413733761758,0.0006313323974609375,0.3571428656578064
default,crop_farming,2,ET0420,9,0.17079831659793854,0.20233376157991295,-4.307061672210693,0.047387175261974335,0.09968130469129659,-0.2880859375
default,crop_farming,2,ET0602,9,0.3057626187801361,0.4733154964304319,-0.49122095108032227,0.2661852240562439,0.4701915826322334,-0.4716014862060547
default,crop_farming,2,ET0603,9,0.22286155819892883,0.3015772331670883,-5073.03857421875,0.001131508033722639,0.003394524255458034,0.3571428656578064
default,crop_farming,2,ET0604,9,0.1871563345193863,0.2738867611216181,0.04585689306259155,0.14376485347747803,0.28798263766766613,-0.05488240718841553
default,crop_farming,2,ET0605,9,0.060354989022016525,0.06631032944262968,0.0,0.0,0.0,1.0
default,crop_farming,2,ET0701,9,0.39267104864120483,0.4924730350645155,-3.097472667694092,0.13091859221458435,0.19936134807340697,0.3285199999809265
default,crop_farming,2,ET0702,9,0.8492012619972229,0.9868226879284233,-7.733661651611328,0.4651331901550293,0.5759476564849961,-1.9749808311462402
default,crop_farming,2,ET0703,9,0.5889952182769775,0.7606181091272292,-2.2240853309631348,0.5790632367134094,0.7271818167182004,-1.9468581676483154
default,crop_farming,2,ET0705,9,0.8346978425979614,1.055041388020729,-6.198014259338379,0.5367287993431091,0.6196795984669534,-1.4831793308258057
default,crop_farming,2,ET0706,9,0.555517315864563,0.757474647009571,-3.9360456466674805,0.4236285388469696,0.5479174351656593,-1.582695484161377
default,crop_farming,2,ET0710,9,1.0559147596359253,1.2485961660457947,-4.630860805511475,0.6428766846656799,0.7990973282475419,-1.3063762187957764
default,crop_farming,2,ET0713,9,0.4285541772842407,0.6174181495118721,-0.7943190336227417,0.39761611819267273,0.585889025908302,-0.6157405376434326
default,crop_farming,2,ET0714,9,0.27014878392219543,0.31141239686556244,-0.658245325088501,0.18749703466892242,0.25197236039419524,-0.0856325626373291
default,crop_farming,2,ET0715,9,0.6495888829231262,0.7823101861000203,-5.248386383056641,0.44592511653900146,0.5361665530957137,-1.9350085258483887
default,crop_farming,2,ET0716,9,0.28560250997543335,0.4688262559535335,-1.3869471549987793,0.21967953443527222,0.4561112428024284,-1.259230136871338
default,crop_farming,2,ET0720,9,0.7181092500686646,0.9499531169666542,-7.343452453613281,0.46356555819511414,0.5194104276433671,-1.4943811893463135
default,crop_farming,2,ET0721,9,0.6098997592926025,0.7396718809463474,-1.534865140914917,0.5507039427757263,0.7362065708194645,-1.51116943359375
default,crop_farming,2,ET0722,9,0.8163574934005737,0.8967041544067895,-2.4902045726776123,0.7540591359138489,0.8550555829614006,-2.1735198497772217
default,crop_farming,2,ET0723,9,0.6977920532226562,0.8292364543191426,-1.8124747276306152,0.6622588634490967,0.8064877270487816,-1.6602802276611328
default,crop_farming,2,ET0724,9,0.0836416706442833,0.08977405291070754,-34.042442321777344,0.01825123280286789,0.024564175451489253,-1.6235966682434082
default,crop_farming,2,ET1101,9,0.06814932823181152,0.06951941472490832,0.0,0.0,0.0,1.0
default,crop_farming,2,ET1102,9,0.05820024013519287,0.06615588028641844,-124573.921875,5.009439337300137e-05,0.00015028318032036584,0.35714292526245117
default,crop_farming,2,ET1103,9,0.06712303310632706,0.07231729181192846,-4634.49072265625,0.0005677540902979672,0.0012043883430473078,-0.28571438789367676
default,crop_farming,2,ET1104,9,0.5786564946174622,0.7266912858916397,-0.846502423286438,0.5954776406288147,0.7282431248799651,-0.854397177696228
default,crop_farming,2,ET1105,9,0.06628838181495667,0.06776141835143538,-0.09200131893157959,0.0179299246519804,0.052077364082797714,0.35500526428222656
default,crop_farming,2,ET1106,9,0.0831681489944458,0.10062872337773968,-21.18511962890625,0.026804208755493164,0.032909637172578554,-1.3728158473968506
default,crop_farming,2,ET1202,9,0.8728653192520142,0.9406967338507743,-184.8644561767578,0.04802534356713295,0.08319457025830009,-0.45374107360839844
default,crop_farming,2,ET1203,9,0.04631863161921501,0.054487554718983595,-12546.314453125,0.0002600087027531117,0.0005515617632380681,-0.28571414947509766
default,crop_farming,2,ET1204,9,0.0601566880941391,0.06701818578963392,-72.01402282714844,0.005832009948790073,0.009421068180212284,-0.44285011291503906
default,crop_farming,2,ET1301,9,0.7299862504005432,0.78850883472648,-917.4053955078125,0.02707657590508461,0.03803102189934407,-1.136472463607788
default,crop_farming,2,ET1401,9,0.2160329967737198,0.27878722795436317,-9574029.0,4.8160552978515625e-05,0.00010216396079040713,-0.2857142686843872
default,crop_farming,2,ET1501,9,0.7440921068191528,0.814219928536361,-10.507891654968262,0.15025150775909424,0.3193105518388407,-0.7698596715927124
default,crop_farming,2,ET1502,9,0.22385525703430176,0.30025177960023264,0.358622670173645,0.12020659446716309,0.21454308018083224,0.6725300550460815
default,crop_farming,2,ET1600,9,0.60552978515625,0.747164771397632,-2.9554827213287354,0.5233294367790222,0.5948764255167536,-1.507380485534668
default,crop_farming,3,ET0101,9,0.48650774359703064,0.7519874069524013,0.6532225608825684,0.4225214719772339,0.7902979102547169,0.6169888973236084
default,crop_farming,3,ET0102,9,0.588314950466156,0.8628142461651988,0.5250613689422607,0.5292166471481323,0.9185656291189143,0.46170133352279663
default,crop_farming,3,ET0103,9,0.6051279902458191,0.8387558744426645,0.41748958826065063,0.6204403638839722,0.9139340302263808,0.30838847160339355
default,crop_farming,3,ET0104,9,0.5082157850265503,0.6868077607778904,0.49810248613357544,0.5836002826690674,0.760148449629372,0.3851892352104187
default,crop_farming,3,ET0105,9,0.38104838132858276,0.4900432685315773,0.7819956541061401,0.3323628604412079,0.5742461528856802,0.7006409168243408
default,crop_farming,3,ET0106,9,0.7739687561988831,1.078544866655267,0.2014417052268982,0.737506091594696,1.1035133024208135,0.164040207862854
default,crop_farming,3,ET0107,9,0.6396698355674744,0.8926725775829485,-0.16636013984680176,0.5964927673339844,0.9446502446517502,-0.30614185333251953
default,crop_farming,3,ET0301,9,0.6544464826583862,0.8243676001482001,-1.2332091331481934,0.6443601250648499,0.7654896830655269,-0.9256007671356201
default,crop_farming,3,ET0302,9,0.2703310549259186,0.316023654152022,-0.4452706575393677,0.17566841840744019,0.24400095186770926,0.13842511177062988
default,crop_farming,3,ET0303,9,0.7785024642944336,0.9191670814010593,-0.17110741138458252,0.7433272004127502,0.832203019012131,0.040010809898376465
default,crop_farming,3,ET0304,9,0.5091339945793152,0.785783014604609,-0.6026694774627686,0.5560177564620972,0.6404140869548648,-0.0645362138748169
default,crop_farming,3,ET0305,9,0.44560062885284424,0.5685208278101836,-0.8483140468597412,0.3248427212238312,0.43355073801412713,-0.07488715648651123
default,crop_farming,3,ET0306,9,0.18415382504463196,0.21905203811979063,-5.087322235107422,0.1186293512582779,0.14479995570595403,-1.6599197387695312
default,crop_farming,3,ET0307,9,0.17601345479488373,0.17722737657487408,-10762148.0,1.923243144119624e-05,4.893995972781995e-05,0.1793375015258789
default,crop_farming,3,ET0308,9,0.5707994103431702,0.7038596659666576,0.26051145792007446,0.5675532817840576,0.6918606746469002,0.2855093479156494
default,crop_farming,3,ET0309,9,0.15613339841365814,0.16027255022480663,-4978.97314453125,0.0015184349613264203,0.0027319888017946423,-0.446993350982666
default,crop_farming,3,ET0310,9,0.7256842851638794,0.8433073083407758,-0.3044283390045166,0.6783285737037659,0.816379674451579,-0.22245490550994873
default,crop_farming,3,ET0311,9,0.21757298707962036,0.2748486210584964,-6.457283973693848,0.15170492231845856,0.19726446359122546,-2.8414156436920166
default,crop_farming,3,ET0312,9,0.17418427765369415,0.17523657335219633,-28674.56640625,0.0006254249019548297,0.001004022674613518,0.058653414249420166
default,crop_farming,3,ET0401,9,0.1384602040052414,0.14973453983161275,-2.7099297046661377,0.021916057914495468,0.0629211704047979,0.34488844871520996
default,crop_farming,3,ET0402,9,0.13817285001277924,0.14930438709972352,-6.526654243469238,0.01550730038434267,0.044161479483869046,0.34151774644851685
default,crop_farming,3,ET0403,9,0.15212585031986237,0.15843202373626158,-68670.140625,0.0002137687406502664,0.0005094005855359548,0.290083646774292
default,crop_farming,3,ET0404,9,0.15853263437747955,0.1622642386353821,-29164.19140625,0.0007851918344385922,0.0010296339799456414,-0.17431581020355225
default,crop_farming,3,ET0405,9,0.14952154457569122,0.1530171087234565,-2312.6826171875,0.0022689634934067726,0.004034381879221967,-0.608339786529541
default,crop_farming,3,ET0406,9,0.458361953496933,0.5108624931131782,-3.0238585472106934,0.09745875000953674,0.18689507016241683,0.4614446759223938
default,crop_farming,3,ET0407,9,0.48087671399116516,0.5391155714364355,-5.697508335113525,0.2535824179649353,0.30986277486745945,-1.2125256061553955
default,crop_farming,3,ET0408,9,0.3085966110229492,0.38619333274351925,-1.1085429191589355,0.3278557062149048,0.3674747074272662,-0.9090961217880249
default,crop_farming,3,ET0409,9,0.5786897540092468,0.6663481254317699,-1.6083967685699463,0.3213166296482086,0.41586899299972796,-0.015978217124938965
default,crop_farming,3,ET0413,9,0.17644965648651123,0.19589653432573856,-14.755881309509277,0.05398058891296387,0.0803803491883255,-1.6527049541473389
default,crop_farming,3,ET0416,9,0.1512719988822937,0.1589274836544327,-7918.22265625,0.0008418824872933328,0.0017859024679747187,0.0
default,crop_farming,3,ET0417,9,0.5673062801361084,0.6594547178341614,-6.577129364013672,0.2740275263786316,0.3418267918164171,-1.0358555316925049
default,crop_farming,3,ET0418,9,0.13221661746501923,0.1430878997384922,-1.5981032848358154,0.04462464526295662,0.09485277635711792,-0.14169657230377197
default,crop_farming,3,ET0419,9,0.14615899324417114,0.15245131216665245,-37484.26953125,0.00021044413733761758,0.0006313323974609375,0.3571428656578064
default,crop_farming,3,ET0420,9,0.1776530146598816,0.20159449212548677,-4.2683515548706055,0.047387175261974335,0.09968130469129659,-0.2880859375
default,crop_farming,3,ET0602,9,0.3169997036457062,0.4562274515772478,-0.38548994064331055,0.2661852240562439,0.4701915826322334,-0.4716014862060547
default,crop_farming,3,ET0603,9,0.2864746153354645,0.37110041562167356,-7682.154296875,0.001131508033722639,0.003394524255458034,0.3571428656578064
default,crop_farming,3,ET0604,9,0.2688538730144501,0.33024816252798633,-0.38724207878112793,0.14376485347747803,0.28798263766766613,-0.05488240718841553
default,crop_farming,3,ET0605,9,0.15577512979507446,0.1607433815004447,0.0,0.0,0.0,1.0
default,crop_farming,3,ET0701,9,0.31522682309150696,0.434810460632946,-2.1941192150115967,0.13091859221458435,0.19936134807340697,0.3285199999809265
default,crop_farming,3,ET0702,9,0.7466958165168762,0.9113814984588134,-6.449352264404297,0.4651331901550293,0.5759476564849961,-1.9749808311462402
default,crop_farming,3,ET0703,9,0.6183936595916748,0.763252670080998,-2.2464587688446045,0.5790632367134094,0.7271818167182004,-1.9468581676483154
default,crop_farming,3,ET0705,9,0.850473165512085,0.941646212943643,-4.733888626098633,0.5367287993431091,0.6196795984669534,-1.4831793308258057
default,crop_farming,3,ET0706,9,0.5507972836494446,0.6897178120211138,-3.0924735069274902,0.4236285388469696,0.5479174351656593,-1.582695484161377
default,crop_farming,3,ET0710,9,0.9718263149261475,1.1558761507797741,-3.8256235122680664,0.6428766846656799,0.7990973282475419,-1.3063762187957764
default,crop_farming,3,ET0713,9,0.4527597427368164,0.5936010324423544,-0.6585561037063599,0.39761611819267273,0.585889025908302,-0.6157405376434326
default,crop_farming,3,ET0714,9,0.21564988791942596,0.2710512259823465,-0.25626063346862793,0.18749703466892242,0.25197236039419524,-0.0856325626373291
default,crop_farming,3,ET0715,9,0.7452013492584229,0.8815837850235674,-6.934820652008057,0.44592511653900146,0.5361665530957137,-1.9350085258483887
default,crop_farming,3,ET0716,9,0.32570797204971313,0.47530659142106624,-1.453390121459961,0.21967953443527222,0.4561112428024284,-1.259230136871338
default,crop_farming,3,ET0720,9,0.6443614959716797,0.8959255097155373,-6.421390056610107,0.46356555819511414,0.5194104276433671,-1.4943811893463135
default,crop_farming,3,ET0721,9,0.5695264935493469,0.7300882419397513,-1.469604253768921,0.5507039427757263,0.7362065708194645,-1.51116943359375
default,crop_farming,3,ET0722,9,0.7775574922561646,0.8698173717119221,-2.2840418815612793,0.7540591359138489,0.8550555829614006,-2.1735198497772217
default,crop_farming,3,ET0723,9,0.7167487144470215,0.8473920630191583,-1.9369776248931885,0.6622588634490967,0.8064877270487816,-1.6602802276611328
default,crop_farming,3,ET0724,9,0.15668843686580658,0.167380500519319,-120.81546783447266,0.01825123280286789,0.024564175451489253,-1.6235966682434082
default,crop_farming,3,ET1101,9,0.13941514492034912,0.15408317035530092,0.0,0.0,0.0,1.0
default,crop_farming,3,ET1102,9,0.14982901513576508,0.15795714481939377,-710185.25,5.009439337300137e-05,0.00015028318032036584,0.35714292526245117
default,crop_farming,3,ET1103,9,0.15134267508983612,0.15733367517372385,-21939.91796875,0.0005677540902979672,0.0012043883430473078,-0.28571438789367676
default,crop_farming,3,ET1104,9,0.5834665298461914,0.7281471936686861,-0.8539085388183594,0.5954776406288147,0.7282431248799651,-0.854397177696228
default,crop_farming,3,ET1105,9,0.12276683747768402,0.1387981055180573,-3.5816850662231445,0.0179299246519804,0.052077364082797714,0.35500526428222656
default,crop_farming,3,ET1106,9,0.14379680156707764,0.15929107630204764,-54.590518951416016,0.026804208755493164,0.032909637172578554,-1.3728158473968506
default,crop_farming,3,ET1202,9,0.5904794335365295,0.6795232727887737,-95.98526763916016,0.04802534356713295,0.08319457025830009,-0.45374107360839844
default,crop_farming,3,ET1203,9,0.1601307988166809,0.1900488640197278,-152645.453125,0.0002600087027531117,0.0005515617632380681,-0.28571414947509766
default,crop_farming,3,ET1204,9,0.1434650868177414,0.1515079028807399,-372.15692138671875,0.005832009948790073,0.009421068180212284,-0.44285011291503906
default,crop_farming,3,ET1301,9,0.5919685959815979,0.634533602050991,-593.7446899414062,0.02707657590508461,0.03803102189934407,-1.136472463607788
default,crop_farming,3,ET1401,9,0.19754129648208618,0.2413684546873701,-7176455.5,4.8160552978515625e-05,0.00010216396079040713,-0.2857142686843872
default,crop_farming,3,ET1501,9,0.5379030704498291,0.579135655755286,-4.822009563446045,0.15025150775909424,0.3193105518388407,-0.7698596715927124
default,crop_farming,3,ET1502,9,0.2089133858680725,0.23489471669294673,0.6074554920196533,0.12020659446716309,0.21454308018083224,0.6725300550460815
default,crop_farming,3,ET1600,9,0.6451830267906189,0.7637413364050134,-3.132941722869873,0.5233294367790222,0.5948764255167536,-1.507380485534668
default,crop_farming,4,ET0101,9,0.6434733867645264,1.045351542611858,0.3298771381378174,0.6632959842681885,1.191182550159916,0.1298656463623047
default,crop_farming,4,ET0102,9,0.8143402934074402,1.1343691423753561,0.1790594458580017,0.667512059211731,1.1801851751216434,0.11140632629394531
default,crop_farming,4,ET0103,9,0.733669638633728,1.0912783351859374,0.013939380645751953,0.633011519908905,1.1015004891330846,-0.00462031364440918
default,crop_farming,4,ET0104,9,0.5684826374053955,0.6763503484257347,0.5132700204849243,0.5703470706939697,0.7480739658320645,0.40456587076187134
default,crop_farming,4,ET0105,9,0.5649096965789795,0.8078286056831444,0.4075731635093689,0.5870437026023865,0.8839375239492749,0.2906845808029175
default,crop_farming,4,ET0106,9,0.6792135834693909,1.0542291846351874,0.23704254627227783,0.6564639210700989,1.117954551025474,0.14201730489730835
default,crop_farming,4,ET0107,9,0.5583394765853882,0.7049307629560712,0.2726537585258484,0.48631584644317627,0.8148808442520781,0.028066694736480713
default,crop_farming,4,ET0301,9,0.6228955388069153,0.6753379823324461,-0.4987524747848511,0.5672574639320374,0.6630119316140783,-0.44454216957092285
default,crop_farming,4,ET0302,9,0.2836715877056122,0.33027005681722027,-0.5785138607025146,0.31042683124542236,0.35096056588071317,-0.7824879884719849
default,crop_farming,4,ET0303,9,0.763907790184021,0.9490346533816584,-0.24845218658447266,0.7692723870277405,1.0013288966417966,-0.38982880115509033
default,crop_farming,4,ET0304,9,0.5367117524147034,0.7863161240565362,-0.6048446893692017,0.6438754796981812,0.7099806246330097,-0.3083733320236206
default,crop_farming,4,ET0305,9,0.6358969211578369,0.819997236433257,-2.8451013565063477,0.3941606283187866,0.5401344146155203,-0.6683481931686401
default,crop_farming,4,ET0306,9,0.16163839399814606,0.1906472259603043,-3.6109743118286133,0.12130942940711975,0.14824503417165505,-1.7879951000213623
default,crop_farming,4,ET0307,9,0.13974829018115997,0.14598718826537643,-7302420.5,2.2477574020740576e-05,5.851287370749262e-05,-0.17311406135559082
default,crop_farming,4,ET0308,9,1.0275918245315552,1.124496718259834,-0.8874509334564209,0.9672674536705017,1.0781721021894868,-0.7351436614990234
default,crop_farming,4,ET0309,9,0.1316727101802826,0.14063953615929825,-3833.630615234375,0.0027319854125380516,0.0037537894333978215,-1.731797456741333
default,crop_farming,4,ET0310,9,0.7580106258392334,0.9061270334413298,-0.5060058832168579,0.7753601670265198,0.9526362494893289,-0.6645723581314087
default,crop_farming,4,ET0311,9,0.18312378227710724,0.2055543365922074,-3.1710638999938965,0.11894754320383072,0.15457330158573981,-1.358644962310791
default,crop_farming,4,ET0312,9,0.14553365111351013,0.14943383279286945,-20851.609375,0.0009755558567121625,0.0013150217016298666,-0.6148357391357422
default,crop_farming,4,ET0401,9,0.10816970467567444,0.12022106594589765,-1.3915684223175049,0.04356971010565758,0.08897401341605164,-0.30992984771728516
default,crop_farming,4,ET0402,9,0.10217740386724472,0.1175237243053931,-3.663456439971924,0.031749263405799866,0.0625348180406327,-0.320385217666626
default,crop_farming,4,ET0403,9,0.13009504973888397,0.1392629946136388,-53058.0859375,0.00062505406094715,0.0010274404615691999,-1.8880298137664795
default,crop_farming,4,ET0404,9,0.1331634819507599,0.14074846649139133,-21942.53125,0.001083638984709978,0.0012396630822066332,-0.7022625207901001
default,crop_farming,4,ET0405,9,0.12285587191581726,0.12686368285757274,-1589.370849609375,0.0033734505996108055,0.00511495802725899,-1.5852820873260498
default,crop_farming,4,ET0406,9,0.8054739832878113,0.8897610204753192,-11.206225395202637,0.1935844123363495,0.26384595140322453,-0.07333552837371826
default,crop_farming,4,ET0407,9,0.8833874464035034,0.9496743321612059,-19.78255271911621,0.2483483999967575,0.31830996732604905,-1.3348016738891602
default,crop_farming,4,ET0408,9,0.3314710259437561,0.39566340270633765,-1.2132203578948975,0.33536088466644287,0.41343414564783093,-1.4164931774139404
default,crop_farming,4,ET0409,9,0.6339161396026611,0.756348680725783,-2.360589027404785,0.4078250527381897,0.44681453028943446,-0.17280519008636475
default,crop_farming,4,ET0413,9,0.15369492769241333,0.173835373845206,-11.406962394714355,0.052459556609392166,0.07832744713342889,-1.5189359188079834
default,crop_farming,4,ET0416,9,0.13392667472362518,0.14366890133077134,-6470.576171875,0.0016837649745866656,0.0025256474912854292,-1.0
default,crop_farming,4,ET0417,9,0.8503182530403137,0.9459475756367891,-14.59081745147705,0.32055172324180603,0.3568929291612324,-1.2192726135253906
default,crop_farming,4,ET0418,9,0.12624844908714294,0.13787908667899965,-1.4123892784118652,0.09897319227457047,0.15001038376312217,-1.8555724620819092
default,crop_farming,4,ET0419,9,0.11852288246154785,0.12452237700677238,-25007.814453125,0.00042088827467523515,0.0008928388388547791,-0.2857142686843872
default,crop_farming,4,ET0420,9,0.17161864042282104,0.20720231887848128,-4.5655317306518555,0.09405406564474106,0.1409704085687762,-1.5761630535125732
default,crop_farming,4,ET0602,9,0.5028039216995239,0.6350690849900612,-1.6846179962158203,0.46882274746894836,0.6370364607597159,-1.7012770175933838
default,crop_farming,4,ET0603,9,0.40118762850761414,0.5105002944583025,-14538.47265625,0.002263016067445278,0.004800582239873184,-0.2857142686843872
default,crop_farming,4,ET0604,9,0.33374324440956116,0.4176111028083663,-1.218275547027588,0.2817434072494507,0.40059641689987313,-1.0412001609802246
default,crop_farming,4,ET0605,9,0.13340884447097778,0.14159867513935606,0.0,0.0,0.0,1.0
default,crop_farming,4,ET0701,9,0.37567058205604553,0.5319435417039259,-3.7805981636047363,0.18918682634830475,0.2611098108882072,-0.1518542766571045
default,crop_farming,4,ET0702,9,0.8904251456260681,1.009983887685541,-8.148439407348633,0.48386940360069275,0.5462373285547906,-1.6759676933288574
default,crop_farming,4,ET0703,9,0.6758384704589844,0.7174259512435627,-1.8683185577392578,0.6024255752563477,0.6768603666912896,-1.5531208515167236
default,crop_farming,4,ET0705,9,0.8949536085128784,1.0197668278402923,-5.7247395515441895,0.5876061916351318,0.6752054926000259,-1.9481232166290283
default,crop_farming,4,ET0706,9,0.6609051823616028,0.830584777592971,-4.934865474700928,0.4181438982486725,0.5057968042036636,-1.200873613357544
default,crop_farming,4,ET0710,9,1.2749671936035156,1.3905418028214693,-5.983914375305176,0.7832987308502197,0.919843536734617,-2.0560379028320312
default,crop_farming,4,ET0713,9,0.6902573108673096,0.8119007615134827,-2.102750062942505,0.6566709876060486,0.7733271741690305,-1.8149287700653076
default,crop_farming,4,ET0714,9,0.2634526789188385,0.32319410260327275,-0.7860922813415527,0.2399732768535614,0.3579274754933081,-1.1906201839447021
default,crop_farming,4,ET0715,9,0.8534537553787231,0.9415132453865975,-8.05029582977295,0.27263015508651733,0.3496014045360861,-0.2478322982788086
default,crop_farming,4,ET0716,9,0.3352625370025635,0.4852153963164845,-1.556748867034912,0.2412230372428894,0.4607644645347471,-1.3055624961853027
default,crop_farming,4,ET0720,9,0.5621668100357056,0.7450513898163366,-4.132322311401367,0.4048703908920288,0.5000731593491714,-1.312110424041748
default,crop_farming,4,ET0721,9,0.3224973678588867,0.4177155485346576,0.19157838821411133,0.2234519124031067,0.45914879958265764,0.02324974536895752
default,crop_farming,4,ET0722,9,0.6451756358146667,0.779201415675951,-1.6354329586029053,0.5335211157798767,0.7098948619795769,-1.187462329864502
default,crop_farming,4,ET0723,9,0.7789524793624878,0.8837018892069228,-2.1940627098083496,0.6722721457481384,0.8109569569276657,-1.6898462772369385
default,crop_farming,4,ET0724,9,0.14649958908557892,0.15500812536138547,-103.472412109375,0.021208656951785088,0.026117347603611566,-1.9658613204956055
default,crop_farming,4,ET1101,9,0.12680861353874207,0.1378883537235101,0.0,0.0,0.0,1.0
default,crop_farming,4,ET1102,9,0.13601648807525635,0.14409737933263933,-591024.0,0.00013053417205810547,0.00023120909843207804,-0.5216106176376343
default,crop_farming,4,ET1103,9,0.1325724720954895,0.13929055779938396,-17196.08203125,0.0011355081805959344,0.0017032623291015625,-1.5714287757873535
default,crop_farming,4,ET1104,9,0.7395534515380859,0.8482397154531134,-1.5158638954162598,0.7303453087806702,0.8560770737273011,-1.5625696182250977
default,crop_farming,4,ET1105,9,0.09785842895507812,0.11930016482500504,-2.384856700897217,0.035663407295942307,0.07373755465177459,-0.2931104898452759
default,crop_farming,4,ET1106,9,0.13935628533363342,0.15065247170427068,-48.724491119384766,0.028606083244085312,0.03428950379349072,-1.5759665966033936
default,crop_farming,4,ET1202,9,0.8724539875984192,0.9924439827126929,-205.87551879882812,0.08486279845237732,0.11353256038872402,-1.7073097229003906
default,crop_farming,4,ET1203,9,0.1395443230867386,0.1440798114276214,-87731.8828125,0.0005200174055062234,0.000780026126057694,-1.5714282989501953
default,crop_farming,4,ET1204,9,0.1285760998725891,0.13594534648524134,-299.4343566894531,0.009650561958551407,0.012221305369361272,-1.4280414581298828
default,crop_farming,4,ET1301,9,0.9176656007766724,1.0104708247401615,-1507.2344970703125,0.05724525451660156,0.07739728317639824,-7.848563194274902
default,crop_farming,4,ET1401,9,0.18519455194473267,0.23760022884407647,-6954128.0,9.632110595703125e-05,0.00014448165893554688,-1.5714285373687744
default,crop_farming,4,ET1501,9,0.6668068766593933,0.7436127880694864,-8.598557472229004,0.25887203216552734,0.41774663638570536,-2.0292716026306152
default,crop_farming,4,ET1502,9,0.20911864936351776,0.2695832686053222,0.48295509815216064,0.24506551027297974,0.357072273585367,0.09290099143981934
default,crop_farming,4,ET1600,9,0.6661575436592102,0.7966887686535209,-3.497220039367676,0.4240812659263611,0.5546531129305899,-1.179764747619629
default,crop_farming,8,ET0101,9,0.9619038701057434,1.3430633121061801,-0.10617196559906006,0.9736756086349487,1.5007239819809548,-0.3811197280883789
default,crop_farming,8,ET0102,9,1.0448307991027832,1.4184659396234893,-0.2836325168609619,0.9975779056549072,1.4948200750365168,-0.4255443811416626
default,crop_farming,8,ET0103,9,1.2147403955459595,1.4743676397989671,-0.7998824119567871,1.0625473260879517,1.3830174008734577,-0.5837544202804565
default,crop_farming,8,ET0104,9,1.10172438621521,1.2470137210632526,-0.6545774936676025,0.9640944004058838,1.1803241552818227,-0.48233795166015625
default,crop_farming,8,ET0105,9,0.9137386679649353,1.1782504796561972,-0.26029300689697266,0.8081653714179993,1.1055729146347493,-0.1096118688583374
default,crop_farming,8,ET0106,9,1.0792536735534668,1.475167963195399,-0.49387121200561523,0.9900067448616028,1.443288344518296,-0.43000125885009766
default,crop_farming,8,ET0107,9,0.5775392055511475,0.8007002998932722,0.06159943342208862,0.638922929763794,1.00752508515586,-0.48579883575439453
default,crop_farming,8,ET0301,9,0.4562150239944458,0.5924045980078004,-0.1532524824142456,0.4918069839477539,0.6080451784743739,-0.21495234966278076
default,crop_farming,8,ET0302,9,0.35241618752479553,0.4061121339882213,-1.3867223262786865,0.3546118140220642,0.3744460823006439,-1.0290305614471436
default,crop_farming,8,ET0303,9,0.8331897258758545,1.1253976119253888,-0.755576491355896,0.889568567276001,1.177413415904371,-0.9216121435165405
default,crop_farming,8,ET0304,9,0.6634335517883301,0.822129190683378,-0.7543604373931885,0.6217187643051147,0.7175160056664964,-0.33629345893859863
default,crop_farming,8,ET0305,9,0.6185995936393738,0.7268038523155702,-2.020768642425537,0.2982178330421448,0.4514322726683663,-0.1653817892074585
default,crop_farming,8,ET0306,9,0.31628498435020447,0.34982904533637627,-14.525423049926758,0.057008903473615646,0.09505223302524572,-0.14618921279907227
default,crop_farming,8,ET0307,9,0.09935954958200455,0.11646974819079037,-4647973.0,2.5722714781295508e-05,5.931724048620439e-05,-0.2055889368057251
default,crop_farming,8,ET0308,9,1.0587691068649292,1.2585998819155648,-1.3644747734069824,1.0553600788116455,1.2946400055125735,-1.5018274784088135
default,crop_farming,8,ET0309,9,0.08155976980924606,0.10072465701184467,-1965.8909912109375,0.0027319854125380516,0.0037537894333978215,-1.731797456741333
default,crop_farming,8,ET0310,9,0.6595748662948608,0.8246168648557183,-0.24724829196929932,0.49208560585975647,0.7473656164212832,-0.024506568908691406
default,crop_farming,8,ET0311,9,0.13233953714370728,0.1522860356582274,-1.289358139038086,0.08920575678348541,0.125433564781059,-0.5531775951385498
default,crop_farming,8,ET0312,9,0.13041149079799652,0.15885426307633607,-23563.609375,0.0011021693935617805,0.0013687808095680023,-0.7495659589767456
default,crop_farming,8,ET0401,9,0.11012228578329086,0.15401146845371874,-2.9248929023742676,0.04426051676273346,0.08898712281228756,-0.3103158473968506
default,crop_farming,8,ET0402,9,0.15643376111984253,0.21915225101849278,-15.216184616088867,0.097415991127491,0.20555084785789032,-13.265775680541992
default,crop_farming,8,ET0403,9,0.07672516256570816,0.12185074705504197,-40619.44921875,0.0008747577667236328,0.0012715350783144444,-3.423285961151123
default,crop_farming,8,ET0404,9,0.07788711041212082,0.11557659556831343,-14795.5,0.0010814137058332562,0.0013260618895194285,-0.9478107690811157
default,crop_farming,8,ET0405,9,0.09282586723566055,0.11812655586651066,-1377.8558349609375,0.003232121467590332,0.004979366767566364,-1.45003342628479
default,crop_farming,8,ET0406,9,0.5144578218460083,0.5985897975981334,-4.524503707885742,0.23346249759197235,0.3056123708093184,-0.44004642963409424
default,crop_farming,8,ET0407,9,0.665313720703125,0.7639068476174651,-12.447152137756348,0.17285388708114624,0.21798930566863337,-0.09501445293426514
default,crop_farming,8,ET0408,9,0.2561967074871063,0.34494506567889877,-0.6821811199188232,0.2511521577835083,0.297378264051293,-0.25023412704467773
default,crop_farming,8,ET0409,9,0.5290403366088867,0.640429304052426,-1.4094266891479492,0.4264965355396271,0.5188208864795895,-0.5812705755233765
default,crop_farming,8,ET0413,9,0.13536337018013,0.15456399249618427,-8.808572769165039,0.0356815904378891,0.059227130776212486,-0.4402257204055786
default,crop_farming,8,ET0416,9,0.09604482352733612,0.12907952886745458,-5222.953125,0.0025392239913344383,0.003110123932266311,-2.032773017883301
default,crop_farming,8,ET0417,9,0.7191884517669678,0.7921591699112928,-9.933511734008789,0.3129451870918274,0.37208685249951223,-1.4122560024261475
default,crop_farming,8,ET0418,9,0.17842040956020355,0.24826087131014982,-6.82108736038208,0.1295965015888214,0.1759067775961018,-2.926591634750366
default,crop_farming,8,ET0419,9,0.11419709771871567,0.13678281509195997,-30174.98046875,0.0009665356483310461,0.001864602125186759,-4.607518196105957
default,crop_farming,8,ET0420,9,0.17704539000988007,0.20461614435161676,-4.427467346191406,0.09453841298818588,0.14094707243990776,-1.575310230255127
default,crop_farming,8,ET0602,9,0.4928564429283142,0.626530561322805,-1.6129136085510254,0.4688704311847687,0.6370364841510943,-1.701277256011963
default,crop_farming,8,ET0603,9,0.32982632517814636,0.40208107975672486,-9018.5302734375,0.002263016067445278,0.004800582239873184,-0.2857142686843872
default,crop_farming,8,ET0604,9,0.3469020128250122,0.37793370917494407,-0.8167816400527954,0.42107731103897095,0.50159756427969,-2.200237989425659
default,crop_farming,8,ET0605,9,0.05800949037075043,0.0836859045813192,0.0,0.0,0.0,1.0
default,crop_farming,8,ET0701,9,0.22421230375766754,0.2938575360103752,-0.45889759063720703,0.2270195186138153,0.2878865732143375,-0.4002126455307007
default,crop_farming,8,ET0702,9,0.5877398252487183,0.7136318586016225,-3.5673742294311523,0.406255841255188,0.5517760687314368,-1.7305102348327637
default,crop_farming,8,ET0703,9,0.5712611079216003,0.7279027247572194,-1.9527039527893066,0.5742359161376953,0.7168645177206187,-1.863830804824829
default,crop_farming,8,ET0705,9,0.7981336116790771,0.9824909163193442,-5.242100715637207,0.5925918221473694,0.7086676108024148,-2.247572422027588
default,crop_farming,8,ET0706,9,0.715217649936676,0.8275755012850178,-4.89193868637085,0.45833390951156616,0.5551180981518588,-1.651024341583252
default,crop_farming,8,ET0710,9,1.2745970487594604,1.3680114443144133,-5.759433269500732,0.6482836604118347,0.8646525887630292,-1.700312852859497
default,crop_farming,8,ET0713,9,0.7687851786613464,0.8315869071672894,-2.2550387382507324,0.7084739208221436,0.8128924889018418,-2.110334634780884
default,crop_farming,8,ET0714,9,0.4372314214706421,0.5191547779367089,-3.6086182594299316,0.39523395895957947,0.5209388022129051,-3.6403470039367676
default,crop_farming,8,ET0715,9,0.667640209197998,0.7854205014230489,-5.2981696128845215,0.561953604221344,0.6451651259421726,-3.249635696411133
default,crop_farming,8,ET0716,9,0.2541292607784271,0.47742354667219844,-1.4752929210662842,0.24527335166931152,0.46067752618878005,-1.3046925067901611
default,crop_farming,8,ET0720,9,0.336404949426651,0.48495579323899696,-1.1744318008422852,0.28038153052330017,0.33152791187102726,-0.016205787658691406
default,crop_farming,8,ET0721,9,0.5957522988319397,0.760285305190656,-1.6781187057495117,0.54869145154953,0.729707984718465,-1.4670321941375732
default,crop_farming,8,ET0722,9,0.6996616125106812,0.819357288614367,-1.9140644073486328,0.6488080620765686,0.7858669423763766,-1.6807143688201904
default,crop_farming,8,ET0723,9,0.709109902381897,0.8828024061858135,-2.187563896179199,0.659527063369751,0.9248071366371345,-2.4981160163879395
default,crop_farming,8,ET0724,9,0.06442561000585556,0.08562096094173119,-30.875198364257812,0.011968612670898438,0.018695175526779136,-0.5196787118911743
default,crop_farming,8,ET1101,9,0.06343583762645721,0.08415507556437178,0.0,0.0,0.0,1.0
default,crop_farming,8,ET1102,9,0.05935691297054291,0.07615420552257758,-165074.078125,0.0001608795573702082,0.00024848586644141656,-0.7575072050094604
default,crop_farming,8,ET1103,9,0.06533628702163696,0.08207416547167411,-5969.68798828125,0.0011355081805959344,0.0017032623291015625,-1.5714287757873535
default,crop_farming,8,ET1104,9,0.6997205018997192,0.8137577299111279,-1.3154754638671875,0.6366316676139832,0.759444416468292,-1.0167031288146973
default,crop_farming,8,ET1105,9,0.09016157686710358,0.10145929943720722,-1.448171854019165,0.03576625883579254,0.07382914275017871,-0.2963247299194336
default,crop_farming,8,ET1106,9,0.07897412776947021,0.10342714288812734,-22.436182022094727,0.028190771117806435,0.03585564137845406,-1.8166496753692627
default,crop_farming,8,ET1202,9,0.6583518981933594,0.7510591816193574,-117.48009490966797,0.08396230638027191,0.11224432442543232,-1.6462194919586182
default,crop_farming,8,ET1203,9,0.2407878190279007,0.2916127805091457,-359391.6875,0.0005200174055062234,0.000780026126057694,-1.5714282989501953
default,crop_farming,8,ET1204,9,0.0874137282371521,0.1113716926988091,-200.6371612548828,0.009233792312443256,0.011721012274611446,-1.233321189880371
default,crop_farming,8,ET1301,9,0.7108768224716187,0.8013305268907621,-947.5160522460938,0.053425855934619904,0.07378040605742589,-7.040876388549805
default,crop_farming,8,ET1401,9,0.2952750027179718,0.33395941122352685,-13738406.0,9.632110595703125e-05,0.00014448165893554688,-1.5714285373687744
default,crop_farming,8,ET1501,9,0.5815637111663818,0.7181553246425874,-7.952597618103027,0.29121604561805725,0.4258928765076721,-2.1485676765441895
default,crop_farming,8,ET1502,9,0.447845458984375,0.5491961945287996,-1.1458406448364258,0.37761953473091125,0.47884314091671143,-0.6312816143035889
default,crop_farming,8,ET1600,9,0.5661890506744385,0.727221569448414,-2.7471425533294678,0.5077201128005981,0.5547710140918984,-1.1806917190551758
default,crop_farming,12,ET0101,9,1.1588830947875977,1.551078479638264,-0.4753572940826416,1.2845900058746338,1.7441681008561616,-0.8655476570129395
default,crop_farming,12,ET0102,9,1.3790937662124634,1.7145247803613526,-0.8753849267959595,1.391896367073059,1.742006574738771,-0.935987114906311
default,crop_farming,12,ET0103,9,1.222256064414978,1.4523950199395868,-0.7466346025466919,1.2022675275802612,1.5083049701250915,-0.8836963176727295
default,crop_farming,12,ET0104,9,1.1359407901763916,1.2530531313257358,-0.6706428527832031,1.1370196342468262,1.298114230497425,-0.792959451675415
default,crop_farming,12,ET0105,9,1.123998999595642,1.3590126431587903,-0.6766533851623535,1.03074312210083,1.2900985715598712,-0.5109220743179321
default,crop_farming,12,ET0106,9,1.449202060699463,1.687290814467761,-0.9543849229812622,1.4201573133468628,1.7029435647337139,-0.990814208984375
default,crop_farming,12,ET0107,9,0.9834418892860413,1.180586264092466,-1.0400636196136475,1.04685378074646,1.2567975231782436,-1.3119525909423828
default,crop_farming,12,ET0301,9,0.8221216797828674,0.89713790442902,-1.6448798179626465,0.7733425498008728,0.8720291999446939,-1.4989042282104492
default,crop_farming,12,ET0302,9,0.3276228904724121,0.36738721002261826,-0.9532511234283447,0.3314114212989807,0.38972566073618164,-1.1980016231536865
default,crop_farming,12,ET0303,9,1.00974440574646,1.1885838330896838,-0.9582467079162598,1.0296186208724976,1.1731685365738842,-0.9077813625335693
default,crop_farming,12,ET0304,9,0.775036633014679,0.8508923544729993,-0.8792644739151001,0.8080151081085205,0.9097138668158694,-1.1480693817138672
default,crop_farming,12,ET0305,9,0.3926580250263214,0.4528626636232646,-0.17277860641479492,0.35984981060028076,0.4667577527622648,-0.2458510398864746
default,crop_farming,12,ET0306,9,0.4507853090763092,0.49684595167071827,-30.31664276123047,0.13217490911483765,0.15573954648624336,-2.077014207839966
default,crop_farming,12,ET0307,9,0.09631986171007156,0.10427385318999353,-3725530.5,0.0004607306618709117,0.0013063712175507556,-583.75048828125
default,crop_farming,12,ET0308,9,0.9589636921882629,1.1495203635065945,-0.9723892211914062,1.0979770421981812,1.305472862835289,-1.543870210647583
default,crop_farming,12,ET0309,9,0.11927959322929382,0.14774336515696274,-4230.79541015625,0.002122216857969761,0.0032803966465486936,-1.086226224899292
default,crop_farming,12,ET0310,9,0.7884230017662048,0.9720338722221842,-0.7330507040023804,0.7230751514434814,0.8843185945996843,-0.43438589572906494
default,crop_farming,12,ET0311,9,0.18242290616035461,0.23190167659192107,-4.308860778808594,0.19406436383724213,0.21932964502753466,-3.748847484588623
default,crop_farming,12,ET0312,9,0.06456289440393448,0.08003791520621528,-5981.10546875,0.0010213454952463508,0.001238930532717956,-0.43336379528045654
default,crop_farming,12,ET0401,9,0.11494909226894379,0.1476067333855253,-2.605238676071167,0.04495131969451904,0.08902310746697935,-0.31137585639953613
default,crop_farming,12,ET0402,9,0.11685124784708023,0.18721915112794538,-10.834704399108887,0.09894827008247375,0.2055894109398824,-13.27112865447998
default,crop_farming,12,ET0403,9,0.12403824925422668,0.15651850280142035,-67021.359375,0.0008747577667236328,0.0012715350783144444,-3.423285961151123
default,crop_farming,12,ET0404,9,0.20867124199867249,0.2348693402751935,-61103.3125,0.0011552175274118781,0.001380299773163167,-1.1104061603546143
default,crop_farming,12,ET0405,9,0.10726936906576157,0.1312941757858962,-1702.392333984375,0.003103825729340315,0.004919755034203611,-1.3917224407196045
default,crop_farming,12,ET0406,9,0.19313332438468933,0.2519916830204172,0.020945072174072266,0.2543945014476776,0.33559795341697446,-0.736493706703186
default,crop_farming,12,ET0407,9,0.2833893299102783,0.3813823728108178,-2.351743221282959,0.2724038064479828,0.3020513767023196,-1.1023797988891602
default,crop_farming,12,ET0408,9,0.2519014775753021,0.2906709716697534,-0.19447267055511475,0.24766111373901367,0.29217999137573547,-0.20690715312957764
default,crop_farming,12,ET0409,9,0.5011808276176453,0.58098526227351,-0.982903242111206,0.5949158668518066,0.659731711492277,-1.556854486465454
default,crop_farming,12,ET0413,9,0.13533303141593933,0.16632080078125,-10.357488632202148,0.05389567092061043,0.07983046124351705,-1.6165344715118408
default,crop_farming,12,ET0416,9,0.07562747597694397,0.09304506791775836,-2713.3837890625,0.003381106536835432,0.004006465369880288,-4.032773017883301
default,crop_farming,12,ET0417,9,0.38244104385375977,0.45024562066387935,-2.5321061611175537,0.43760406970977783,0.49823640695147325,-3.325194835662842
default,crop_farming,12,ET0418,9,0.1760271191596985,0.2261784356570692,-5.4916181564331055,0.1295965015888214,0.1759067775961018,-2.926591634750366
default,crop_farming,12,ET0419,9,0.11673878133296967,0.1408853240609232,-32012.25390625,0.0009665356483310461,0.001864602125186759,-4.607518196105957
default,crop_farming,12,ET0420,9,0.13310152292251587,0.172549965237407,-2.8596434593200684,0.0948895514011383,0.14098003392690087,-1.5765149593353271
default,crop_farming,12,ET0602,9,0.5318188071250916,0.6571464092924238,-1.874516487121582,0.3417750597000122,0.5384028725052906,-0.929546594619751
default,crop_farming,12,ET0603,9,0.1848328858613968,0.24221427061958786,-3272.076171875,0.002263016067445278,0.004800582239873184,-0.2857142686843872
default,crop_farming,12,ET0604,9,0.48200348019599915,0.559733581690637,-2.985053777694702,0.5504606366157532,0.6426176621352596,-4.252629280090332
default,crop_farming,12,ET0605,9,0.14830319583415985,0.16497064334717232,0.0,0.0,0.0,1.0
default,crop_farming,12,ET0701,9,0.19445165991783142,0.23443350856365985,0.07148158550262451,0.22018086910247803,0.28778418562178126,-0.399216890335083
default,crop_farming,12,ET0702,9,0.5602235794067383,0.7012219424423062,-3.4099035263061523,0.576862096786499,0.7013859541572469,-3.4119668006896973
default,crop_farming,12,ET0703,9,0.5506947040557861,0.6792851934585706,-1.5714466571807861,0.6296209692955017,0.7983566049105365,-2.5519518852233887
default,crop_farming,12,ET0705,9,0.6267235279083252,0.7628330003858388,-2.762986183166504,0.686485230922699,0.8109765809625392,-3.2529501914978027
default,crop_farming,12,ET0706,9,0.5791382193565369,0.6308079985020778,-2.4232399463653564,0.616421103477478,0.7024538227597722,-3.2450079917907715
default,crop_farming,12,ET0710,9,0.751776397228241,0.9161924016732785,-2.031825304031372,0.7002089023590088,0.9407285094734954,-2.196387529373169
default,crop_farming,12,ET0713,9,0.83420330286026,0.9266889926453027,-3.042117118835449,0.8199061155319214,0.9930923721110416,-3.642160415649414
default,crop_farming,12,ET0714,9,0.43379876017570496,0.5134748653994694,-3.508326530456543,0.5064668655395508,0.6365788545974892,-5.929173469543457
default,crop_farming,12,ET0715,9,0.38667041063308716,0.48996845951554663,-1.4510161876678467,0.46885183453559875,0.5731879083517374,-2.354315757751465
default,crop_farming,12,ET0716,9,0.3116763234138489,0.44364284914148633,-1.1374003887176514,0.21694165468215942,0.4238505203728982,-0.9509420394897461
default,crop_farming,12,ET0720,9,0.4481818974018097,0.5997690491443802,-2.3259029388427734,0.4533364474773407,0.546176682534147,-1.7580857276916504
default,crop_farming,12,ET0721,9,0.4157041013240814,0.5272282226608715,-0.2878756523132324,0.433858722448349,0.6441108488530518,-0.9221968650817871
default,crop_farming,12,ET0722,9,0.5411252975463867,0.709091640796595,-1.1825151443481445,0.346422016620636,0.5565000122221117,-0.3442586660385132
default,crop_farming,12,ET0723,9,0.7440348267555237,0.9611879038007143,-2.778752565383911,0.7696513533592224,1.0864925475446465,-3.8282012939453125
default,crop_farming,12,ET0724,9,0.35996121168136597,0.4134736101984822,-742.3413696289062,0.022492965683341026,0.027409539309483658,-2.2666015625
default,crop_farming,12,ET1101,9,0.13534648716449738,0.1652154205939936,0.0,0.0,0.0,1.0
default,crop_farming,12,ET1102,9,0.13299080729484558,0.16205313292920304,-747494.5,0.00019122494268231094,0.00026463714526755945,-0.9934037923812866
default,crop_farming,12,ET1103,9,0.15191197395324707,0.19079276464894315,-32264.263671875,0.0011355081805959344,0.0017032623291015625,-1.5714287757873535
default,crop_farming,12,ET1104,9,0.6192605495452881,0.6868416711984152,-0.6495413780212402,0.6559670567512512,0.7964564701597024,-1.2180640697479248
default,crop_farming,12,ET1105,9,0.23288178443908691,0.2940367749644103,-19.561817169189453,0.03586910665035248,0.07383148902212404,-0.29640722274780273
default,crop_farming,12,ET1106,9,0.27987322211265564,0.3213728473721806,-225.27479553222656,0.02882835641503334,0.035223076144259576,-1.7181434631347656
default,crop_farming,12,ET1202,9,0.20872925221920013,0.2406068875568014,-11.159429550170898,0.08386468887329102,0.11217230997480795,-1.6428251266479492
default,crop_farming,12,ET1203,9,0.19137780368328094,0.2369039629287533,-237191.421875,0.0005200174055062234,0.000780026126057694,-1.5714282989501953
default,crop_farming,12,ET1204,9,0.13426971435546875,0.14674864137457655,-349.0814514160156,0.008817010559141636,0.011428526147203954,-1.12325119972229
default,crop_farming,12,ET1301,9,0.26986682415008545,0.3234646080930484,-153.5520782470703,0.0619049072265625,0.0806595437352075,-8.610209465026855
default,crop_farming,12,ET1401,9,0.21491922438144684,0.2901233589129236,-10368463.0,9.632110595703125e-05,0.00014448165893554688,-1.5714285373687744
default,crop_farming,12,ET1501,9,0.38073551654815674,0.42393958036982793,-2.119753122329712,0.3391965627670288,0.4675972114816769,-2.7953875064849854
default,crop_farming,12,ET1502,9,0.4735236167907715,0.57219122705751,-1.329296588897705,0.44253504276275635,0.5317198414753516,-1.0114450454711914
default,crop_farming,12,ET1600,9,0.6026861667633057,0.697509616081374,-2.447205066680908,0.5679216384887695,0.6610680778061082,-2.096414566040039
default,pastoral,0,ET0201,9,0.4248366057872772,0.5221586975336173,-0.5475921630859375,0.2604106068611145,0.314542189122181,0.4384230375289917
default,pastoral,0,ET0202,9,0.3604402244091034,0.5054943284604209,-0.17889630794525146,0.30053746700286865,0.4201610859698645,0.18553078174591064
default,pastoral,0,ET0203,9,0.6900690793991089,0.8288992015887702,-0.9449013471603394,0.4091537296772003,0.5563607030714424,0.12379235029220581
default,pastoral,0,ET0204,9,0.6058574318885803,0.6994195575173346,-0.034809112548828125,0.42579054832458496,0.5847980100421081,0.27657008171081543
default,pastoral,0,ET0205,9,0.6656904220581055,0.8871940313718925,-3.510251522064209,0.45742273330688477,0.6605254049663819,-1.5000147819519043
default,pastoral,0,ET0411,9,0.4925374984741211,0.6570760432701507,-2.4367754459381104,0.36319369077682495,0.4203830936241447,-0.40672874450683594
default,pastoral,0,ET0412,9,0.3722046911716461,0.46423083055635117,0.5649780035018921,0.30590033531188965,0.3743839369202319,0.7170708179473877
default,pastoral,0,ET0414,9,0.45337051153182983,0.547933942887465,-0.6463693380355835,0.3647993206977844,0.42684642299544356,0.0008881092071533203
default,pastoral,0,ET0415,9,0.3867572546005249,0.4746889589248347,-0.3780384063720703,0.35939210653305054,0.48134969570403496,-0.41698241233825684
default,pastoral,0,ET0421,9,0.5250842571258545,0.6065133220973731,-0.5685065984725952,0.2894148826599121,0.37573254085189395,0.39804601669311523
default,pastoral,0,ET0501,9,0.33339977264404297,0.4567375054229483,-0.9968221187591553,0.33757704496383667,0.43803420830747053,-0.8366317749023438
default,pastoral,0,ET0503,9,0.4408618211746216,0.5725547658970281,-0.7896565198898315,0.4264151155948639,0.6152281987924739,-1.0663700103759766
default,pastoral,0,ET0504,9,0.20965668559074402,0.2541720979271803,-2.6572368144989014,0.1392042636871338,0.21168292752517792,-1.5366995334625244
default,pastoral,0,ET0505,9,0.6508339643478394,0.8124687115440241,-2.0167107582092285,0.511861264705658,0.6349210108791858,-0.8422976732254028
default,pastoral,0,ET0506,9,0.22874686121940613,0.2686754821996638,0.25634872913360596,0.1894151121377945,0.28831528408460266,0.1436554193496704
default,pastoral,0,ET0507,9,0.6400806307792664,0.7494410180162069,-0.9472129344940186,0.6365519762039185,0.7760778115749657,-1.0880894660949707
default,pastoral,0,ET0508,9,0.3517491817474365,0.5056683389505703,0.4876505732536316,0.32499516010284424,0.5403083281744834,0.4150509238243103
default,pastoral,0,ET0509,9,0.48188644647598267,0.61593121014949,0.02014094591140747,0.30653515458106995,0.49131819234747637,0.3765166401863098
default,pastoral,0,ET0510,9,0.24274569749832153,0.3142739964520809,-0.7763495445251465,0.16900867223739624,0.34860692075011046,-1.1856646537780762
default,pastoral,0,ET0511,9,0.2412114143371582,0.3318610933411025,0.5772698521614075,0.18819373846054077,0.37012419278805003,0.47416990995407104
default,pastoral,1,ET0201,9,0.2484668642282486,0.3256256189175689,0.3981495499610901,0.2604106068611145,0.314542189122181,0.4384230375289917
default,pastoral,1,ET0202,9,0.3159797787666321,0.43598809581000497,0.12301474809646606,0.30053746700286865,0.4201610859698645,0.18553078174591064
default,pastoral,1,ET0203,9,0.49548375606536865,0.618164544610051,-0.0816887617111206,0.4091537296772003,0.5563607030714424,0.12379235029220581
default,pastoral,1,ET0204,9,0.5071949362754822,0.6188718772074349,0.18981128931045532,0.42579054832458496,0.5847980100421081,0.27657008171081543
default,pastoral,1,ET0205,9,0.49215471744537354,0.6732177402361449,-1.5970158576965332,0.45742273330688477,0.6605254049663819,-1.5000147819519043
default,pastoral,1,ET0411,9,0.4231306314468384,0.4779241214704014,-0.8181837797164917,0.36319369077682495,0.4203830936241447,-0.40672874450683594
default,pastoral,1,ET0412,9,0.30913758277893066,0.3887731525604153,0.6949045062065125,0.30590033531188965,0.3743839369202319,0.7170708179473877
default,pastoral,1,ET0414,9,0.37216243147850037,0.470907602177488,-0.2160242795944214,0.3647993206977844,0.42684642299544356,0.0008881092071533203
default,pastoral,1,ET0415,9,0.36345136165618896,0.46730553274660963,-0.33550310134887695,0.35939210653305054,0.48134969570403496,-0.41698241233825684
default,pastoral,1,ET0421,9,0.3618793487548828,0.4264453817984062,0.2245880365371704,0.2894148826599121,0.37573254085189395,0.39804601669311523
default,pastoral,1,ET0501,9,0.3565053939819336,0.4558039921686161,-0.9886679649353027,0.33757704496383667,0.43803420830747053,-0.8366317749023438
default,pastoral,1,ET0503,9,0.44508203864097595,0.5785316119924652,-0.8272157907485962,0.4264151155948639,0.6152281987924739,-1.0663700103759766
default,pastoral,1,ET0504,9,0.196533203125,0.2430032788362562,-2.342886209487915,0.1392042636871338,0.21168292752517792,-1.5366995334625244
default,pastoral,1,ET0505,9,0.5445404052734375,0.647690262033709,-0.9171457290649414,0.511861264705658,0.6349210108791858,-0.8422976732254028
default,pastoral,1,ET0506,9,0.226768359541893,0.2746823448591414,0.22272491455078125,0.1894151121377945,0.28831528408460266,0.1436554193496704
default,pastoral,1,ET0507,9,0.6457469463348389,0.7686778337054018,-1.0484588146209717,0.6365519762039185,0.7760778115749657,-1.0880894660949707
default,pastoral,1,ET0508,9,0.3346092104911804,0.48700731029546107,0.5247679948806763,0.32499516010284424,0.5403083281744834,0.4150509238243103
default,pastoral,1,ET0509,9,0.46445000171661377,0.519536670857307,0.3028413653373718,0.30653515458106995,0.49131819234747637,0.3765166401863098
default,pastoral,1,ET0510,9,0.22913996875286102,0.34586201265448197,-1.1513807773590088,0.16900867223739624,0.34860692075011046,-1.1856646537780762
default,pastoral,1,ET0511,9,0.2295883446931839,0.34413969102574715,0.5454097986221313,0.18819373846054077,0.37012419278805003,0.47416990995407104
default,pastoral,2,ET0201,9,0.34874749183654785,0.43000712211388376,-0.049549102783203125,0.2604106068611145,0.314542189122181,0.4384230375289917
default,pastoral,2,ET0202,9,0.2799926698207855,0.4017844525574749,0.25521785020828247,0.30053746700286865,0.4201610859698645,0.18553078174591064
default,pastoral,2,ET0203,9,0.4940013885498047,0.615857586759463,-0.07363021373748779,0.4091537296772003,0.5563607030714424,0.12379235029220581
default,pastoral,2,ET0204,9,0.6138247847557068,0.751119056943508,-0.1934446096420288,0.42579054832458496,0.5847980100421081,0.27657008171081543
default,pastoral,2,ET0205,9,0.4873991012573242,0.6815266336259069,-1.6615166664123535,0.45742273330688477,0.6605254049663819,-1.5000147819519043
default,pastoral,2,ET0411,9,0.5410538911819458,0.6223095923226823,-2.0827114582061768,0.36319369077682495,0.4203830936241447,-0.40672874450683594
default,pastoral,2,ET0412,9,0.5135077238082886,0.6656529174466249,0.10558521747589111,0.30590033531188965,0.3743839369202319,0.7170708179473877
default,pastoral,2,ET0414,9,0.4402691125869751,0.5073324722338289,-0.41141974925994873,0.3647993206977844,0.42684642299544356,0.0008881092071533203
default,pastoral,2,ET0415,9,0.36075061559677124,0.45986278158838356,-0.2933008670806885,0.35939210653305054,0.48134969570403496,-0.41698241233825684
default,pastoral,2,ET0421,9,0.502937376499176,0.598882999381869,-0.5292893648147583,0.2894148826599121,0.37573254085189395,0.39804601669311523
default,pastoral,2,ET0501,9,0.3717745542526245,0.45754570005766443,-1.0038950443267822,0.33757704496383667,0.43803420830747053,-0.8366317749023438
default,pastoral,2,ET0503,9,0.42800724506378174,0.5711998242184959,-0.781196117401123,0.4264151155948639,0.6152281987924739,-1.0663700103759766
default,pastoral,2,ET0504,9,0.19269278645515442,0.23893535449207012,-2.2319018840789795,0.1392042636871338,0.21168292752517792,-1.5366995334625244
default,pastoral,2,ET0505,9,0.551407516002655,0.6458625684294445,-0.9063411951065063,0.511861264705658,0.6349210108791858,-0.8422976732254028
default,pastoral,2,ET0506,9,0.24986010789871216,0.4066580593684776,-0.7036172151565552,0.1894151121377945,0.28831528408460266,0.1436554193496704
default,pastoral,2,ET0507,9,0.6625773906707764,0.8373865064897261,-1.4310307502746582,0.6365519762039185,0.7760778115749657,-1.0880894660949707
default,pastoral,2,ET0508,9,0.28581082820892334,0.43837451384500825,0.614942729473114,0.32499516010284424,0.5403083281744834,0.4150509238243103
default,pastoral,2,ET0509,9,0.4635511636734009,0.5386326776286211,0.25065022706985474,0.30653515458106995,0.49131819234747637,0.3765166401863098
default,pastoral,2,ET0510,9,0.17848317325115204,0.3501625373340546,-1.2052147388458252,0.16900867223739624,0.34860692075011046,-1.1856646537780762
default,pastoral,2,ET0511,9,0.18169903755187988,0.3262799592165684,0.5913690328598022,0.18819373846054077,0.37012419278805003,0.47416990995407104
default,pastoral,3,ET0201,9,0.31021958589553833,0.39011183409886585,0.13616710901260376,0.2604106068611145,0.314542189122181,0.4384230375289917
default,pastoral,3,ET0202,9,0.3219872713088989,0.4067681016557563,0.2366269826889038,0.30053746700286865,0.4201610859698645,0.18553078174591064
default,pastoral,3,ET0203,9,0.4855416715145111,0.5926895962140751,0.0056282877922058105,0.4091537296772003,0.5563607030714424,0.12379235029220581
default,pastoral,3,ET0204,9,0.5165104269981384,0.6241320305124034,0.17598026990890503,0.42579054832458496,0.5847980100421081,0.27657008171081543
default,pastoral,3,ET0205,9,0.5581879615783691,0.7635088890572483,-2.3403480052948,0.45742273330688477,0.6605254049663819,-1.5000147819519043
default,pastoral,3,ET0411,9,0.4179620146751404,0.4978392074566408,-0.9728682041168213,0.36319369077682495,0.4203830936241447,-0.40672874450683594
default,pastoral,3,ET0412,9,0.5022748708724976,0.6356265758393596,0.1844559907913208,0.30590033531188965,0.3743839369202319,0.7170708179473877
default,pastoral,3,ET0414,9,0.4274819493293762,0.6136090562745831,-1.064687728881836,0.3647993206977844,0.42684642299544356,0.0008881092071533203
default,pastoral,3,ET0415,9,0.4078937768936157,0.4884909522840041,-0.4593386650085449,0.35939210653305054,0.48134969570403496,-0.41698241233825684
default,pastoral,3,ET0421,9,0.38225069642066956,0.4351418497932048,0.19263970851898193,0.2894148826599121,0.37573254085189395,0.39804601669311523
default,pastoral,3,ET0501,9,0.3974570035934448,0.4972806983694904,-1.3670599460601807,0.33757704496383667,0.43803420830747053,-0.8366317749023438
default,pastoral,3,ET0503,9,0.5084373354911804,0.6093238417841246,-1.0268983840942383,0.4264151155948639,0.6152281987924739,-1.0663700103759766
default,pastoral,3,ET0504,9,0.22360865771770477,0.27583104621499877,-3.307086944580078,0.1392042636871338,0.21168292752517792,-1.5366995334625244
default,pastoral,3,ET0505,9,0.5263081789016724,0.6551463292374015,-0.9615392684936523,0.511861264705658,0.6349210108791858,-0.8422976732254028
default,pastoral,3,ET0506,9,0.29782992601394653,0.34070214570343627,-0.19581222534179688,0.1894151121377945,0.28831528408460266,0.1436554193496704
default,pastoral,3,ET0507,9,0.6818541288375854,0.8084649245981995,-1.266005277633667,0.6365519762039185,0.7760778115749657,-1.0880894660949707
default,pastoral,3,ET0508,9,0.40691807866096497,0.5190253985957838,0.4602259397506714,0.32499516010284424,0.5403083281744834,0.4150509238243103
default,pastoral,3,ET0509,9,0.5456826686859131,0.6071416570347057,0.04790729284286499,0.30653515458106995,0.49131819234747637,0.3765166401863098
default,pastoral,3,ET0510,9,0.2966984510421753,0.4191147788292143,-2.1592025756835938,0.16900867223739624,0.34860692075011046,-1.1856646537780762
default,pastoral,3,ET0511,9,0.2744135856628418,0.35306281917974247,0.521530270576477,0.18819373846054077,0.37012419278805003,0.47416990995407104
default,pastoral,4,ET0201,9,0.43486541509628296,0.546600845283011,-0.6958681344985962,0.27792465686798096,0.3972083561521557,0.10445332527160645
default,pastoral,4,ET0202,9,0.44200679659843445,0.5685311284060661,-0.4912536144256592,0.4406134784221649,0.509907669797626,-0.19957149028778076
default,pastoral,4,ET0203,9,0.5994781851768494,0.7523791406849945,-0.6023879051208496,0.4738023579120636,0.6085125615587308,-0.04817366600036621
default,pastoral,4,ET0204,9,0.6919645667076111,0.8320043138612272,-0.46431946754455566,0.5124755501747131,0.6361882861097212,0.1438378095626831
default,pastoral,4,ET0205,9,0.40269172191619873,0.5475931084948096,-0.7182227373123169,0.3658127784729004,0.5865244659303026,-0.9712232351303101
default,pastoral,4,ET0411,9,0.3891562223434448,0.4623451237788648,-0.701580286026001,0.3813278377056122,0.45647179359857176,-0.658623456954956
default,pastoral,4,ET0412,9,0.4615367352962494,0.545652112167047,0.39899933338165283,0.48361048102378845,0.5773952879247327,0.3270392417907715
default,pastoral,4,ET0414,9,0.34985512495040894,0.418565057367057,0.03928011655807495,0.3732282221317291,0.44556408183533674,-0.08865737915039062
default,pastoral,4,ET0415,9,0.3603329658508301,0.44181328969829015,-0.19376981258392334,0.4174136817455292,0.4980182265475626,-0.5168181657791138
default,pastoral,4,ET0421,9,0.4038386344909668,0.5037167510710008,-0.0818784236907959,0.3251965045928955,0.405802645495634,0.29784107208251953
default,pastoral,4,ET0501,9,0.39064428210258484,0.49596915595323016,-1.3545904159545898,0.3648497462272644,0.47911179442585267,-1.197251319885254
default,pastoral,4,ET0503,9,0.56320720911026,0.6490813586195662,-1.300032138824463,0.6148864030838013,0.746397146481296,-2.041414260864258
default,pastoral,4,ET0504,9,0.18845520913600922,0.22206594618880646,-1.791651964187622,0.09632812440395355,0.1817494343364471,-0.870008111000061
default,pastoral,4,ET0505,9,0.6842062473297119,0.8326721946376537,-2.1686081886291504,0.6125199198722839,0.7515412230463804,-1.581225872039795
default,pastoral,4,ET0506,9,0.23572325706481934,0.25545154711929996,0.3277508020401001,0.24761708080768585,0.351487776974479,-0.27272236347198486
default,pastoral,4,ET0507,9,0.5750611424446106,0.6877171650269077,-0.6396769285202026,0.5490594506263733,0.7266113921091675,-0.8303871154785156
default,pastoral,4,ET0508,9,0.590194821357727,0.6881227057381478,0.05121779441833496,0.6278095245361328,0.7623763546985575,-0.16459143161773682
default,pastoral,4,ET0509,9,0.5029711723327637,0.6288004958047076,-0.021233201026916504,0.48535189032554626,0.6412013647809797,-0.06191086769104004
default,pastoral,4,ET0510,9,0.2691809833049774,0.32673478806408307,-0.9200047254562378,0.1759873479604721,0.35583925326393784,-1.2772948741912842
default,pastoral,4,ET0511,9,0.33450689911842346,0.43387323255956506,0.27743613719940186,0.301470547914505,0.4986647120909625,0.04551786184310913
default,pastoral,8,ET0201,9,0.18477071821689606,0.2905944233878444,0.5206794738769531,0.3622327446937561,0.4505468555792415,-0.15220940113067627
default,pastoral,8,ET0202,9,0.43274933099746704,0.5314026781481992,-0.30283820629119873,0.5469642281532288,0.6032056784158908,-0.6787029504776001
default,pastoral,8,ET0203,9,0.6552854776382446,0.7263562309585562,-0.49345970153808594,0.5462717413902283,0.7825407809151665,-0.733437180519104
default,pastoral,8,ET0204,9,0.8762389421463013,1.0034461841189655,-1.1299669742584229,0.7589095234870911,0.9040763042199086,-0.7289994955062866
default,pastoral,8,ET0205,9,0.27530941367149353,0.44410830525253747,-0.1301635503768921,0.13611817359924316,0.3180609398367141,0.42032545804977417
default,pastoral,8,ET0411,9,0.33228594064712524,0.37091088055654464,-0.09511327743530273,0.2743947207927704,0.39259006235373123,-0.22686994075775146
default,pastoral,8,ET0412,9,0.31540369987487793,0.45898357959434904,0.5747566223144531,0.6239349842071533,0.7196248990725257,-0.04533541202545166
default,pastoral,8,ET0414,9,0.2648855745792389,0.2987390397866516,0.5106103420257568,0.3552325963973999,0.42785567910728467,-0.0038422346115112305
default,pastoral,8,ET0415,9,0.37045595049858093,0.46486492269045165,-0.3215895891189575,0.42065611481666565,0.5159348221726129,-0.6279188394546509
default,pastoral,8,ET0421,9,0.3892359733581543,0.42071171488798725,0.24529904127120972,0.4334751069545746,0.5305064270841848,-0.20001590251922607
default,pastoral,8,ET0501,9,0.3000437021255493,0.3476003108936276,-0.15655517578125,0.32192909717559814,0.38985913538721906,-0.4548609256744385
default,pastoral,8,ET0503,9,0.4682528078556061,0.5894370034492512,-0.8967514038085938,0.44371476769447327,0.6324163067898305,-1.1834425926208496
default,pastoral,8,ET0504,9,0.23064303398132324,0.27013823674757126,-3.131135940551758,0.13968521356582642,0.21215534976493466,-1.548034429550171
default,pastoral,8,ET0505,9,0.5672247409820557,0.689132442946903,-1.1703300476074219,0.5202195644378662,0.6955527844092824,-1.210958480834961
default,pastoral,8,ET0506,9,0.24846675992012024,0.2856275895792226,0.15954679250717163,0.311900794506073,0.38586064704767215,-0.533819317817688
default,pastoral,8,ET0507,9,0.6126421689987183,0.8398584408916776,-1.4454047679901123,0.5405809283256531,0.8435107351071095,-1.466719388961792
default,pastoral,8,ET0508,9,0.5449258089065552,0.642573579812715,0.1726667881011963,0.639703631401062,0.7729061497866486,-0.19698381423950195
default,pastoral,8,ET0509,9,0.20798543095588684,0.27496266761882543,0.8047249913215637,0.5016770958900452,0.6620810398576631,-0.13219571113586426
default,pastoral,8,ET0510,9,0.3124074637889862,0.4057147461365192,-1.960418701171875,0.15721440315246582,0.3204483697735488,-0.8468332290649414
default,pastoral,8,ET0511,9,0.4667949676513672,0.5757558322715447,-0.27241039276123047,0.4117778539657593,0.599236686269002,-0.37831127643585205
default,pastoral,12,ET0201,9,0.3164409399032593,0.46832873170205197,-0.24495327472686768,0.37887609004974365,0.5166328290913283,-0.515009880065918
default,pastoral,12,ET0202,9,0.3674558997154236,0.466674198007551,-0.00477910041809082,0.47472116351127625,0.5868010197852283,-0.5886373519897461
default,pastoral,12,ET0203,9,0.5533629655838013,0.7837133862036444,-0.7386361360549927,0.6697573065757751,0.8586446259327478,-1.0869932174682617
default,pastoral,12,ET0204,9,0.6444758176803589,0.7112375401778206,-0.07007455825805664,0.7218679189682007,0.9098269149163489,-0.7510648965835571
default,pastoral,12,ET0205,9,0.5932449698448181,0.6683983118697969,-1.5599660873413086,0.34264734387397766,0.5666014499394628,-0.8395808935165405
default,pastoral,12,ET0411,9,0.35273802280426025,0.41667295292244855,-0.3820078372955322,0.4000459909439087,0.4583648558816093,-0.6724090576171875
default,pastoral,12,ET0412,9,0.6309170722961426,0.7372185056730545,-0.09707367420196533,0.7299428582191467,0.8857277192907715,-0.5835937261581421
default,pastoral,12,ET0414,9,0.39561960101127625,0.5173306431286627,-0.467598557472229,0.5094221830368042,0.585766322245126,-0.8815668821334839
default,pastoral,12,ET0415,9,0.6125447154045105,0.6745932837214418,-1.7830889225006104,0.6107428073883057,0.6556947493566481,-1.629338264465332
default,pastoral,12,ET0421,9,0.4549080431461334,0.5521995733956496,-0.30016303062438965,0.5375863313674927,0.6329954142005138,-0.7084678411483765
default,pastoral,12,ET0501,9,0.4843437373638153,0.581172411877753,-2.233076810836792,0.4566081464290619,0.5530200934200064,-1.9274389743804932
default,pastoral,12,ET0503,9,0.44824278354644775,0.5796353226697397,-0.8341941833496094,0.4232455790042877,0.6111585729283434,-1.039123296737671
default,pastoral,12,ET0504,9,0.5075498223304749,0.566478593086825,-17.166210174560547,0.11964448541402817,0.18962524893020757,-1.0355868339538574
default,pastoral,12,ET0505,9,0.5518603920936584,0.6262791180646463,-0.7924879789352417,0.35715341567993164,0.4897313063453299,-0.09606456756591797
default,pastoral,12,ET0506,9,0.5647563934326172,0.604318720219898,-2.7622296810150146,0.4040271043777466,0.4843349440224721,-1.416600227355957
default,pastoral,12,ET0507,9,0.6646968126296997,0.7428987809055547,-0.9133650064468384,0.32675451040267944,0.5527896651257671,-0.05939602851867676
default,pastoral,12,ET0508,9,0.6197612285614014,0.6462468289974488,0.1631808876991272,0.5641982555389404,0.7267057626236705,-0.05816149711608887
default,pastoral,12,ET0509,9,0.4678329825401306,0.5221535322006847,0.2958006262779236,0.5287459492683411,0.6800095463882051,-0.1943434476852417
default,pastoral,12,ET0510,9,0.40187588334083557,0.5538698805906248,-4.517305374145508,0.1681632399559021,0.32166555775482547,-0.8608897924423218
default,pastoral,12,ET0511,9,0.6677237749099731,0.7292094672220968,-1.0410568714141846,0.41091135144233704,0.5996924227879741,-0.3804086446762085
extended,agropastoral,0,ET0410,15,0.8189836144447327,0.9658553037100189,-3.7807130813598633,0.5365703701972961,0.6464522431562383,-1.1416151523590088
extended,agropastoral,0,ET0502,15,0.6165809631347656,0.709913165598529,-5.405213832855225,0.25375038385391235,0.4361136302838118,-1.417255163192749
extended,agropastoral,0,ET0707,15,0.3302772641181946,0.432979216984276,-0.37958264350891113,0.3307347595691681,0.4281269170899175,-0.3488345146179199
extended,agropastoral,0,ET0712,15,0.5892547965049744,0.7283056125195717,-1.3745872974395752,0.537653386592865,0.7011448847004328,-1.2007787227630615
extended,agropastoral,0,ET1201,15,0.23980812728405,0.30938844121768466,-1.6710660457611084,0.1270330250263214,0.2460490064968934,-0.6893501281738281
extended,agropastoral,1,ET0410,15,0.6654485464096069,0.771682868242286,-2.0517313480377197,0.5365703701972961,0.6464522431562383,-1.1416151523590088
extended,agropastoral,1,ET0502,15,0.47359147667884827,0.5651746579927719,-3.0596494674682617,0.25375038385391235,0.4361136302838118,-1.417255163192749
extended,agropastoral,1,ET0707,15,0.33712854981422424,0.4447028186006651,-0.4553028345108032,0.3307347595691681,0.4281269170899175,-0.3488345146179199
extended,agropastoral,1,ET0712,15,0.5613550543785095,0.7130630911618087,-1.276233196258545,0.537653386592865,0.7011448847004328,-1.2007787227630615
extended,agropastoral,1,ET1201,15,0.22727781534194946,0.32254653016507934,-1.90309476852417,0.1270330250263214,0.2460490064968934,-0.6893501281738281
extended,agropastoral,2,ET0410,15,0.8276079297065735,0.9607841245242532,-3.7306432723999023,0.5365703701972961,0.6464522431562383,-1.1416151523590088
extended,agropastoral,2,ET0502,15,0.5844674706459045,0.7125237762098021,-5.452408790588379,0.25375038385391235,0.4361136302838118,-1.417255163192749
extended,agropastoral,2,ET0707,15,0.3742780089378357,0.48157200877550793,-0.706616997718811,0.3307347595691681,0.4281269170899175,-0.3488345146179199
extended,agropastoral,2,ET0712,15,0.5760415196418762,0.7195799223998102,-1.3180291652679443,0.537653386592865,0.7011448847004328,-1.2007787227630615
extended,agropastoral,2,ET1201,15,0.2820412218570709,0.37872534297086785,-3.002443313598633,0.1270330250263214,0.2460490064968934,-0.6893501281738281
extended,agropastoral,3,ET0410,15,0.803277850151062,0.9343437151312244,-3.4738550186157227,0.5365703701972961,0.6464522431562383,-1.1416151523590088
extended,agropastoral,3,ET0502,15,0.5262973308563232,0.6303947556573432,-4.050662517547607,0.25375038385391235,0.4361136302838118,-1.417255163192749
extended,agropastoral,3,ET0707,15,0.3477970063686371,0.47319746951533453,-0.6477769613265991,0.3307347595691681,0.4281269170899175,-0.3488345146179199
extended,agropastoral,3,ET0712,15,0.5983591675758362,0.7270889835812162,-1.3666605949401855,0.537653386592865,0.7011448847004328,-1.2007787227630615
extended,agropastoral,3,ET1201,15,0.27243509888648987,0.3497562100095694,-2.4135584831237793,0.1270330250263214,0.2460490064968934,-0.6893501281738281
extended,agropastoral,4,ET0410,15,0.9418216347694397,1.0995382011511516,-5.195683479309082,0.5069678425788879,0.6217228324700496,-0.980898380279541
extended,agropastoral,4,ET0502,15,0.7480751872062683,0.8399500934784485,-7.966648101806641,0.27455246448516846,0.434138634405812,-1.3954110145568848
extended,agropastoral,4,ET0707,15,0.4419584274291992,0.5217414536610135,-1.0032000541687012,0.3385130763053894,0.456518048100971,-0.5336613655090332
extended,agropastoral,4,ET0712,15,0.5669782757759094,0.7078324725636326,-1.2429616451263428,0.5021969676017761,0.6645519023944667,-0.9770545959472656
extended,agropastoral,4,ET1201,15,0.3568097949028015,0.43309461371442143,-4.234099864959717,0.18926098942756653,0.2993033999033276,-1.4997682571411133
extended,agropastoral,8,ET0410,15,0.8215731382369995,0.9704178634664565,-3.825986862182617,0.45293891429901123,0.5704698998620662,-0.6677618026733398
extended,agropastoral,8,ET0502,15,0.613238513469696,0.6963118754069861,-5.162128448486328,0.23664042353630066,0.396887982524081,-1.0019769668579102
extended,agropastoral,8,ET0707,15,0.5473093390464783,0.6680685939120098,-2.2843973636627197,0.4394223093986511,0.5749102470589523,-1.4322807788848877
extended,agropastoral,8,ET0712,15,0.5709004998207092,0.7329749701989635,-1.4051332473754883,0.5368136167526245,0.7684589796566352,-1.6436395645141602
extended,agropastoral,8,ET1201,15,0.5464813113212585,0.6033043352643768,-9.156623840332031,0.18926098942756653,0.2993033999033276,-1.4997682571411133
extended,agropastoral,12,ET0410,15,0.7432311177253723,0.8628744832744264,-2.815608501434326,0.6671727299690247,0.767921235175643,-2.022052049636841
extended,agropastoral,12,ET0502,15,0.4572361707687378,0.5913882213752212,-3.4449663162231445,0.3529232144355774,0.508342612942696,-2.284250020980835
extended,agropastoral,12,ET0707,15,0.5716400146484375,0.6595467230837374,-2.2011404037475586,0.5700340270996094,0.6687642764412587,-2.291241407394409
extended,agropastoral,12,ET0712,15,0.7059847712516785,0.7910100489290347,-1.8010756969451904,0.6188101172447205,0.850594801916801,-2.2389652729034424
extended,agropastoral,12,ET1201,15,0.41052061319351196,0.48009426750935386,-5.431755065917969,0.18926098942756653,0.2993033999033276,-1.4997682571411133
extended,crop_farming,0,ET0101,15,0.7322385907173157,0.9681834748588126,0.14956766366958618,0.5571758151054382,0.80353341164048,0.4142230153083801
extended,crop_farming,0,ET0102,15,0.7556450963020325,0.9618353332212742,0.1392311453819275,0.6533507108688354,0.8979134067614887,0.24983984231948853
extended,crop_farming,0,ET0103,15,0.7715917825698853,0.9208705732027654,-0.011762261390686035,0.6921597719192505,0.8877794416826061,0.059645891189575195
extended,crop_farming,0,ET0104,15,0.7020657062530518,0.8325925912429838,0.006366372108459473,0.6507688760757446,0.7854791612999394,0.11563706398010254
extended,crop_farming,0,ET0105,15,0.529707133769989,0.7734163069470565,0.17217212915420532,0.46559008955955505,0.770399272124718,0.17861813306808472
extended,crop_farming,0,ET0106,15,0.7638720273971558,0.9805925754610716,0.02699875831604004,0.7500736117362976,0.9970655599960959,-0.005966782569885254
extended,crop_farming,0,ET0107,15,0.8285706043243408,1.0468623601805156,-1.2774362564086914,0.5597915649414062,0.8535331532230122,-0.5139371156692505
extended,crop_farming,0,ET0301,15,0.801051914691925,0.9656691321994522,-1.302870273590088,0.7016899585723877,0.8250927020499974,-0.681195855140686
extended,crop_farming,0,ET0302,15,0.4009248912334442,0.5366017109890907,-2.8798794746398926,0.26236429810523987,0.3414879192726038,-0.571320652961731
extended,crop_farming,0,ET0303,15,0.7156931757926941,0.8148532680346927,-0.1321704387664795,0.8043172359466553,0.8993317507378086,-0.3790907859802246
extended,crop_farming,0,ET0304,15,0.6450427174568176,0.9625193284310994,-1.9659907817840576,0.6097732782363892,0.7366759998786099,-0.7374163866043091
extended,crop_farming,0,ET0305,15,0.7723971009254456,0.896476562731909,-3.0910468101501465,0.3782303035259247,0.5192593314664378,-0.3725404739379883
extended,crop_farming,0,ET0306,15,0.2971409559249878,0.3320207706368458,-11.070913314819336,0.11335696280002594,0.14634267311058388,-1.3450472354888916
extended,crop_farming,0,ET0307,15,0.1338644027709961,0.13653746575141457,-6313.044921875,0.0006891091470606625,0.0017808450696089701,-0.07412862777709961
extended,crop_farming,0,ET0308,15,0.8675606846809387,0.992068276038064,-0.5355274677276611,0.7400608062744141,0.8716734937019998,-0.185447096824646
extended,crop_farming,0,ET0309,15,0.1449805647134781,0.14642946485689626,-5565.87841796875,0.0010939915664494038,0.0022316388591039774,-0.2930121421813965
extended,crop_farming,0,ET0310,15,0.7120216488838196,0.8953954861246611,-0.5844557285308838,0.6929817199707031,0.8694823889701024,-0.4940732717514038
extended,crop_farming,0,ET0311,15,0.16616474092006683,0.20696038706830375,-2.8649401664733887,0.12592598795890808,0.1677918667158193,-1.5404469966888428
extended,crop_farming,0,ET0312,15,0.15168727934360504,0.1524122890936488,-26376.607421875,0.0006142854690551758,0.0009735178879453924,-0.07617592811584473
extended,crop_farming,0,ET0401,15,0.17208220064640045,0.18901103832604804,-1.3972055912017822,0.0664207711815834,0.1359091699062443,-0.23944854736328125
extended,crop_farming,0,ET0402,15,0.15558171272277832,0.16948548547453576,-0.493932843208313,0.05280590057373047,0.11792233466608093,0.27680039405822754
extended,crop_farming,0,ET0403,15,0.13879121840000153,0.143047181748416,-54361.3203125,0.0004491011204663664,0.00082014234241252,-0.7869722843170166
extended,crop_farming,0,ET0404,15,0.13759705424308777,0.14236508090278682,-27348.7109375,0.000774598098360002,0.0009796936508602333,-0.2951688766479492
extended,crop_farming,0,ET0405,15,0.14044837653636932,0.1414615465027725,-2970.817138671875,0.00160303118173033,0.003172154885310271,-0.4943559169769287
extended,crop_farming,0,ET0406,15,0.8390547037124634,0.868055991278645,-15.407474517822266,0.10346733033657074,0.21966592587802916,-0.050682902336120605
extended,crop_farming,0,ET0407,15,0.7888231873512268,0.8360595970471278,-16.195940017700195,0.2243478149175644,0.2845372575505888,-0.9917266368865967
extended,crop_farming,0,ET0408,15,0.28836336731910706,0.3694662040900858,-0.9851022958755493,0.30926644802093506,0.3656953157154649,-0.9447880983352661
extended,crop_farming,0,ET0409,15,0.8043627142906189,0.9201026949371749,-4.192277908325195,0.4401513338088989,0.5562995267100415,-0.8980283737182617
extended,crop_farming,0,ET0413,15,0.14413604140281677,0.15864004037411747,-14.259127616882324,0.03440214693546295,0.06245842869869077,-1.3652997016906738
extended,crop_farming,0,ET0416,15,0.13696761429309845,0.14246373617583646,-8969.462890625,0.0005682309274561703,0.0013941061545046827,0.14099067449569702
extended,crop_farming,0,ET0417,15,0.8061434030532837,0.8639315749134041,-13.827861785888672,0.25993597507476807,0.3246435117617537,-1.0937907695770264
extended,crop_farming,0,ET0418,15,0.16654030978679657,0.19211324210849196,-3.0992889404296875,0.07805421948432922,0.13685752773464555,-1.0803256034851074
extended,crop_farming,0,ET0419,15,0.13802041113376617,0.14000473719058354,-0.25184059143066406,0.019835153594613075,0.07193842478844585,0.6694893836975098
extended,crop_farming,0,ET0420,15,0.14747239649295807,0.162202216759599,-4.063701152801514,0.028642987832427025,0.07721624533158492,-0.1475505828857422
extended,crop_farming,0,ET0602,15,0.25665995478630066,0.37912561024919517,-0.333803653717041,0.19783976674079895,0.38051797286005445,-0.3436185121536255
extended,crop_farming,0,ET0603,15,0.4088245630264282,0.5101706697023839,-6570.84130859375,0.0022491374984383583,0.0050738875913195055,0.3499634861946106
extended,crop_farming,0,ET0604,15,0.18987268209457397,0.25292532780840865,-0.18649744987487793,0.09683260321617126,0.22453853485193018,0.06488734483718872
extended,crop_farming,0,ET0605,15,0.14117860794067383,0.14264314945438675,-18.720611572265625,0.004542612936347723,0.017593464847057042,0.699999988079071
extended,crop_farming,0,ET0701,15,0.4564007818698883,0.5560921091311138,-2.994631290435791,0.2041153609752655,0.310724723320366,-0.24719643592834473
extended,crop_farming,0,ET0702,15,0.7266635894775391,0.8629421068533965,-6.5266900062561035,0.41126424074172974,0.5113916297918345,-1.6433088779449463
extended,crop_farming,0,ET0703,15,0.6012206673622131,0.7323937982899777,-1.9966151714324951,0.5585119724273682,0.7033756021443162,-1.7638614177703857
extended,crop_farming,0,ET0705,15,0.8124475479125977,0.9302115686295575,-4.399627685546875,0.5376654267311096,0.631840371259318,-1.4912371635437012
extended,crop_farming,0,ET0706,15,0.7451494336128235,0.8624927147267364,-2.4807775020599365,0.5607424378395081,0.7002946259150902,-1.2947056293487549
extended,crop_farming,0,ET0710,15,0.850843608379364,1.072105131662799,-3.793923854827881,0.6309371590614319,0.7520782366621318,-1.3590788841247559
extended,crop_farming,0,ET0713,15,0.49425408244132996,0.6799374044232249,-0.9627563953399658,0.44070950150489807,0.6128078018156222,-0.5943259000778198
extended,crop_farming,0,ET0714,15,0.267971932888031,0.3440697331755285,-0.47229599952697754,0.22851835191249847,0.32977549657662086,-0.3525052070617676
extended,crop_farming,0,ET0715,15,0.6940984129905701,0.8658271636106676,-6.484048843383789,0.47237151861190796,0.5446200885301719,-1.9611577987670898
extended,crop_farming,0,ET0716,15,0.35209670662879944,0.5232215264980401,-0.7957534790039062,0.2643284499645233,0.5008892853320291,-0.6457315683364868
extended,crop_farming,0,ET0720,15,0.6774173378944397,0.7966805389093,-4.984890460968018,0.3613807260990143,0.45545943497674113,-0.9560827016830444
extended,crop_farming,0,ET0721,15,0.48132625222206116,0.6439785292449305,-0.7048133611679077,0.4031394422054291,0.6261391748372475,-0.6116688251495361
extended,crop_farming,0,ET0722,15,0.7135800719261169,0.8318571168165295,-1.2182283401489258,0.6455373764038086,0.7902411165953975,-1.0018339157104492
extended,crop_farming,0,ET0723,15,0.5981592535972595,0.7490643784774379,-1.4174208641052246,0.5418647527694702,0.7215215073444505,-1.2429134845733643
extended,crop_farming,0,ET0724,15,0.14507265388965607,0.14712093009075666,-108.92566680908203,0.013722570613026619,0.01979735708571777,-0.9905110597610474
extended,crop_farming,0,ET1101,15,0.14228615164756775,0.1441320305616511,0.0,0.0,0.0,1.0
extended,crop_farming,0,ET1102,15,0.13649463653564453,0.1417652368059859,-617953.1875,0.00012022654118482023,0.00023281769573449027,-0.6666667461395264
extended,crop_farming,0,ET1103,15,0.13958434760570526,0.14233956563224098,-26859.541015625,0.0003406524774618447,0.0009329152050908098,-0.1538459062576294
extended,crop_farming,0,ET1104,15,0.6496087908744812,0.7770237096117255,-1.235926628112793,0.657179594039917,0.7677674581740784,-1.1829729080200195
extended,crop_farming,0,ET1105,15,0.14775937795639038,0.1584665377847438,-4.301886558532715,0.021503161638975143,0.057119329986675786,0.31115496158599854
extended,crop_farming,0,ET1106,15,0.13692572712898254,0.14615554140297216,-36.23975372314453,0.028846224769949913,0.035001620006109596,-1.1357603073120117
extended,crop_farming,0,ET1202,15,0.707588791847229,0.7629531248775022,-170.99522399902344,0.03606823459267616,0.06886956698179478,-0.4014427661895752
extended,crop_farming,0,ET1203,15,0.20837730169296265,0.2180187315018615,-300465.40625,0.00015600521874148399,0.00042723789470651966,-0.1538459062576294
extended,crop_farming,0,ET1204,15,0.13855651021003723,0.1441787273940347,-467.0220031738281,0.004957342054694891,0.008695678350807794,-0.7024362087249756
extended,crop_farming,0,ET1301,15,0.7012025117874146,0.7636224677062154,-11.1442289352417,0.11293753981590271,0.20499887297483332,0.12478351593017578
extended,crop_farming,0,ET1401,15,0.18128904700279236,0.19127131591076463,-6740632.5,2.8896331059513614e-05,7.913586262242059e-05,-0.1538456678390503
extended,crop_farming,0,ET1501,15,0.5380275249481201,0.6080245435099497,-8.148423194885254,0.1372966766357422,0.2657525233286206,-0.747667670249939
extended,crop_farming,0,ET1502,15,0.3025642931461334,0.4371085288795552,-0.5172464847564697,0.27767863869667053,0.41544377958126577,-0.37057268619537354
extended,crop_farming,0,ET1600,15,0.5793946385383606,0.6964743048110528,-3.1473002433776855,0.492805540561676,0.5605511017218013,-1.686492681503296
extended,crop_farming,1,ET0101,15,0.6684920191764832,0.9070142614595582,0.2536326050758362,0.5571758151054382,0.80353341164048,0.4142230153083801
extended,crop_farming,1,ET0102,15,0.6974909901618958,0.9136220082557495,0.22336280345916748,0.6533507108688354,0.8979134067614887,0.24983984231948853
extended,crop_farming,1,ET0103,15,0.7640774846076965,0.9267919311031424,-0.024815678596496582,0.6921597719192505,0.8877794416826061,0.059645891189575195
extended,crop_farming,1,ET0104,15,0.7144656777381897,0.8842277323362157,-0.12070024013519287,0.6507688760757446,0.7854791612999394,0.11563706398010254
extended,crop_farming,1,ET0105,15,0.512954831123352,0.771659966296224,0.17592763900756836,0.46559008955955505,0.770399272124718,0.17861813306808472
extended,crop_farming,1,ET0106,15,0.7770592570304871,0.9990922861249896,-0.010060548782348633,0.7500736117362976,0.9970655599960959,-0.005966782569885254
extended,crop_farming,1,ET0107,15,0.7375103235244751,0.9559440821570369,-0.8990309238433838,0.5597915649414062,0.8535331532230122,-0.5139371156692505
extended,crop_farming,1,ET0301,15,0.7049387097358704,0.8644527581822186,-0.8454204797744751,0.7016899585723877,0.8250927020499974,-0.681195855140686
extended,crop_farming,1,ET0302,15,0.30012744665145874,0.4392888079843342,-1.6002459526062012,0.26236429810523987,0.3414879192726038,-0.571320652961731
extended,crop_farming,1,ET0303,15,0.8439304828643799,0.9431734079485292,-0.5168271064758301,0.8043172359466553,0.8993317507378086,-0.3790907859802246
extended,crop_farming,1,ET0304,15,0.5936542749404907,0.8390358165852688,-1.253781795501709,0.6097732782363892,0.7366759998786099,-0.7374163866043091
extended,crop_farming,1,ET0305,15,0.5749183893203735,0.6654929070298934,-1.2544646263122559,0.3782303035259247,0.5192593314664378,-0.3725404739379883
extended,crop_farming,1,ET0306,15,0.15592193603515625,0.18156271463404458,-2.6096324920654297,0.11335696280002594,0.14634267311058388,-1.3450472354888916
extended,crop_farming,1,ET0307,15,0.10898056626319885,0.11131332533325305,-4195.60693359375,0.0006891091470606625,0.0017808450696089701,-0.07412862777709961
extended,crop_farming,1,ET0308,15,0.7866957783699036,0.9099435516812273,-0.2918241024017334,0.7400608062744141,0.8716734937019998,-0.185447096824646
extended,crop_farming,1,ET0309,15,0.10251215100288391,0.10765584694381361,-3008.05419921875,0.0010939915664494038,0.0022316388591039774,-0.2930121421813965
extended,crop_farming,1,ET0310,15,0.7318055033683777,0.9095122387813885,-0.6348105669021606,0.6929817199707031,0.8694823889701024,-0.4940732717514038
extended,crop_farming,1,ET0311,15,0.14924977719783783,0.1924931650217818,-2.3434815406799316,0.12592598795890808,0.1677918667158193,-1.5404469966888428
extended,crop_farming,1,ET0312,15,0.10162373632192612,0.10540584171576867,-12615.08984375,0.0006142854690551758,0.0009735178879453924,-0.07617592811584473
extended,crop_farming,1,ET0401,15,0.13992968201637268,0.16443871323961848,-0.8144253492355347,0.0664207711815834,0.1359091699062443,-0.23944854736328125
extended,crop_farming,1,ET0402,15,0.1328873336315155,0.15142869622534336,-0.19256591796875,0.05280590057373047,0.11792233466608093,0.27680039405822754
extended,crop_farming,1,ET0403,15,0.1030406504869461,0.10620263197322671,-29963.697265625,0.0004491011204663664,0.00082014234241252,-0.7869722843170166
extended,crop_farming,1,ET0404,15,0.10110154747962952,0.10345580513839563,-14441.9375,0.000774598098360002,0.0009796936508602333,-0.2951688766479492
extended,crop_farming,1,ET0405,15,0.11221184581518173,0.12139068621583442,-2187.34619140625,0.00160303118173033,0.003172154885310271,-0.4943559169769287
extended,crop_farming,1,ET0406,15,0.4600867033004761,0.5151543926081729,-4.778579235076904,0.10346733033657074,0.21966592587802916,-0.050682902336120605
extended,crop_farming,1,ET0407,15,0.4965205490589142,0.5486668522868454,-6.405746936798096,0.2243478149175644,0.2845372575505888,-0.9917266368865967
extended,crop_farming,1,ET0408,15,0.2987145781517029,0.3644788342532793,-0.9318709373474121,0.30926644802093506,0.3656953157154649,-0.9447880983352661
extended,crop_farming,1,ET0409,15,0.6047142148017883,0.7252044701813513,-2.2255687713623047,0.4401513338088989,0.5562995267100415,-0.8980283737182617
extended,crop_farming,1,ET0413,15,0.12211330235004425,0.1319202294911782,-9.551807403564453,0.03440214693546295,0.06245842869869077,-1.3652997016906738
extended,crop_farming,1,ET0416,15,0.10630226135253906,0.10901130938206202,-5251.29736328125,0.0005682309274561703,0.0013941061545046827,0.14099067449569702
extended,crop_farming,1,ET0417,15,0.5022032260894775,0.5765248914408616,-5.6032233238220215,0.25993597507476807,0.3246435117617537,-1.0937907695770264
extended,crop_farming,1,ET0418,15,0.13662655651569366,0.16562794691739016,-2.0469207763671875,0.07805421948432922,0.13685752773464555,-1.0803256034851074
extended,crop_farming,1,ET0419,15,0.11213146150112152,0.11724217649312227,0.12212783098220825,0.019835153594613075,0.07193842478844585,0.6694893836975098
extended,crop_farming,1,ET0420,15,0.12628643214702606,0.1407384679569087,-2.812238931655884,0.028642987832427025,0.07721624533158492,-0.1475505828857422
extended,crop_farming,1,ET0602,15,0.27124494314193726,0.3932091116264725,-0.43473851680755615,0.19783976674079895,0.38051797286005445,-0.3436185121536255
extended,crop_farming,1,ET0603,15,0.2670336067676544,0.32313711066212064,-2635.51220703125,0.0022491374984383583,0.0050738875913195055,0.3499634861946106
extended,crop_farming,1,ET0604,15,0.16646382212638855,0.2306732628107522,0.013091981410980225,0.09683260321617126,0.22453853485193018,0.06488734483718872
extended,crop_farming,1,ET0605,15,0.09506403654813766,0.10061042913384376,-8.81080150604248,0.004542612936347723,0.017593464847057042,0.699999988079071
extended,crop_farming,1,ET0701,15,0.26995283365249634,0.3557338354978158,-0.6346831321716309,0.2041153609752655,0.310724723320366,-0.24719643592834473
extended,crop_farming,1,ET0702,15,0.5828858017921448,0.720209795400739,-4.2427449226379395,0.41126424074172974,0.5113916297918345,-1.6433088779449463
extended,crop_farming,1,ET0703,15,0.5837436318397522,0.7207964911628444,-1.9024651050567627,0.5585119724273682,0.7033756021443162,-1.7638614177703857
extended,crop_farming,1,ET0705,15,0.6279909014701843,0.7545594464134979,-2.5529351234436035,0.5376654267311096,0.631840371259318,-1.4912371635437012
extended,crop_farming,1,ET0706,15,0.6012689471244812,0.7388067242424284,-1.5540363788604736,0.5607424378395081,0.7002946259150902,-1.2947056293487549
extended,crop_farming,1,ET0710,15,0.7151902914047241,0.9181091201271073,-2.5156450271606445,0.6309371590614319,0.7520782366621318,-1.3590788841247559
extended,crop_farming,1,ET0713,15,0.46942436695098877,0.6410571478320598,-0.744705080986023,0.44070950150489807,0.6128078018156222,-0.5943259000778198
extended,crop_farming,1,ET0714,15,0.23419040441513062,0.3257193138288229,-0.3194386959075928,0.22851835191249847,0.32977549657662086,-0.3525052070617676
extended,crop_farming,1,ET0715,15,0.5866586565971375,0.7388245939622362,-4.449502944946289,0.47237151861190796,0.5446200885301719,-1.9611577987670898
extended,crop_farming,1,ET0716,15,0.33607879281044006,0.5121597835542936,-0.7206258773803711,0.2643284499645233,0.5008892853320291,-0.6457315683364868
extended,crop_farming,1,ET0720,15,0.47820013761520386,0.5779225020559804,-2.1493940353393555,0.3613807260990143,0.45545943497674113,-0.9560827016830444
extended,crop_farming,1,ET0721,15,0.46949484944343567,0.6405623335542666,-0.6867737770080566,0.4031394422054291,0.6261391748372475,-0.6116688251495361
extended,crop_farming,1,ET0722,15,0.6958590149879456,0.8159109191772619,-1.1339993476867676,0.6455373764038086,0.7902411165953975,-1.0018339157104492
extended,crop_farming,1,ET0723,15,0.5815907716751099,0.7469222576561005,-1.4036142826080322,0.5418647527694702,0.7215215073444505,-1.2429134845733643
extended,crop_farming,1,ET0724,15,0.1102115735411644,0.11318333274409667,-64.0601577758789,0.013722570613026619,0.01979735708571777,-0.9905110597610474
extended,crop_farming,1,ET1101,15,0.10029079020023346,0.10325612975339189,0.0,0.0,0.0,1.0
extended,crop_farming,1,ET1102,15,0.10206617414951324,0.10462561226367117,-336582.5,0.00012022654118482023,0.00023281769573449027,-0.6666667461395264
extended,crop_farming,1,ET1103,15,0.10667398571968079,0.10919278583194825,-15806.0703125,0.0003406524774618447,0.0009329152050908098,-0.1538459062576294
extended,crop_farming,1,ET1104,15,0.6566883325576782,0.7723683761137315,-1.209214687347412,0.657179594039917,0.7677674581740784,-1.1829729080200195
extended,crop_farming,1,ET1105,15,0.1086871325969696,0.11991331585586966,-2.035918712615967,0.021503161638975143,0.057119329986675786,0.31115496158599854
extended,crop_farming,1,ET1106,15,0.10169772058725357,0.10826094817565718,-19.432422637939453,0.028846224769949913,0.035001620006109596,-1.1357603073120117
extended,crop_farming,1,ET1202,15,0.4573460817337036,0.4998980954752243,-72.838623046875,0.03606823459267616,0.06886956698179478,-0.4014427661895752
extended,crop_farming,1,ET1203,15,0.09103044122457504,0.10296321970541177,-67014.0703125,0.00015600521874148399,0.00042723789470651966,-0.1538459062576294
extended,crop_farming,1,ET1204,15,0.10862517356872559,0.11088713926652893,-275.8383483886719,0.004957342054694891,0.008695678350807794,-0.7024362087249756
extended,crop_farming,1,ET1301,15,0.47020572423934937,0.5267880089873797,-4.779420852661133,0.11293753981590271,0.20499887297483332,0.12478351593017578
extended,crop_farming,1,ET1401,15,0.15045827627182007,0.1775687777219484,-5809439.0,2.8896331059513614e-05,7.913586262242059e-05,-0.1538456678390503
extended,crop_farming,1,ET1501,15,0.41587963700294495,0.48318186831149845,-4.7773051261901855,0.1372966766357422,0.2657525233286206,-0.747667670249939
extended,crop_farming,1,ET1502,15,0.2934724986553192,0.4325355814481321,-0.4856661558151245,0.27767863869667053,0.41544377958126577,-0.37057268619537354
extended,crop_farming,1,ET1600,15,0.5032506585121155,0.6052876355406855,-2.1324119567871094,0.492805540561676,0.5605511017218013,-1.686492681503296
extended,crop_farming,2,ET0101,15,0.7807176113128662,0.9704085273341277,0.14565426111221313,0.5571758151054382,0.80353341164048,0.4142230153083801
extended,crop_farming,2,ET0102,15,0.7446091175079346,0.9984795216775108,0.07239431142807007,0.6533507108688354,0.8979134067614887,0.24983984231948853
extended,crop_farming,2,ET0103,15,0.8040854930877686,1.0110609353602762,-0.2196519374847412,0.6921597719192505,0.8877794416826061,0.059645891189575195
extended,crop_farming,2,ET0104,15,0.7852231860160828,0.9478552801914909,-0.2877906560897827,0.6507688760757446,0.7854791612999394,0.11563706398010254
extended,crop_farming,2,ET0105,15,0.5439435839653015,0.7809698365451858,0.1559232473373413,0.46559008955955505,0.770399272124718,0.17861813306808472
extended,crop_farming,2,ET0106,15,0.7609803676605225,1.0253262744874716,-0.06380105018615723,0.7500736117362976,0.9970655599960959,-0.005966782569885254
extended,crop_farming,2,ET0107,15,0.7224142551422119,0.9842638831018206,-1.0132148265838623,0.5597915649414062,0.8535331532230122,-0.5139371156692505
extended,crop_farming,2,ET0301,15,0.778826117515564,0.9859980266872415,-1.4008493423461914,0.7016899585723877,0.8250927020499974,-0.681195855140686
extended,crop_farming,2,ET0302,15,0.5217759013175964,0.6899167844100516,-5.413683891296387,0.26236429810523987,0.3414879192726038,-0.571320652961731
extended,crop_farming,2,ET0303,15,0.8870570659637451,1.0716109370389375,-0.9580657482147217,0.8043172359466553,0.8993317507378086,-0.3790907859802246
extended,crop_farming,2,ET0304,15,0.7952786684036255,1.0458187639252556,-2.501577377319336,0.6097732782363892,0.7366759998786099,-0.7374163866043091
extended,crop_farming,2,ET0305,15,0.7833616137504578,0.9511547987891419,-3.6053109169006348,0.3782303035259247,0.5192593314664378,-0.3725404739379883
extended,crop_farming,2,ET0306,15,0.3201361894607544,0.38681216026928555,-15.383621215820312,0.11335696280002594,0.14634267311058388,-1.3450472354888916
extended,crop_farming,2,ET0307,15,0.10860215872526169,0.14492173541902878,-7112.29833984375,0.0006891091470606625,0.0017808450696089701,-0.07412862777709961
extended,crop_farming,2,ET0308,15,0.8921046853065491,1.0287187896480985,-0.6510788202285767,0.7400608062744141,0.8716734937019998,-0.185447096824646
extended,crop_farming,2,ET0309,15,0.10428091138601303,0.11367645057829069,-3354.025390625,0.0010939915664494038,0.0022316388591039774,-0.2930121421813965
extended,crop_farming,2,ET0310,15,0.6628517508506775,0.8526932095260513,-0.4369310140609741,0.6929817199707031,0.8694823889701024,-0.4940732717514038
extended,crop_farming,2,ET0311,15,0.15422004461288452,0.22642186338084933,-3.6259937286376953,0.12592598795890808,0.1677918667158193,-1.5404469966888428
extended,crop_farming,2,ET0312,15,0.09089979529380798,0.10148588371770541,-11694.1748046875,0.0006142854690551758,0.0009735178879453924,-0.07617592811584473
extended,crop_farming,2,ET0401,15,0.11686240136623383,0.1481440114745827,-0.4726487398147583,0.0664207711815834,0.1359091699062443,-0.23944854736328125
extended,crop_farming,2,ET0402,15,0.11917371302843094,0.14413376225827426,-0.08043205738067627,0.05280590057373047,0.11792233466608093,0.27680039405822754
extended,crop_farming,2,ET0403,15,0.08278856426477432,0.09104686086460446,-22021.63671875,0.0004491011204663664,0.00082014234241252,-0.7869722843170166
extended,crop_farming,2,ET0404,15,0.0821586325764656,0.08871638424511612,-10619.70703125,0.000774598098360002,0.0009796936508602333,-0.2951688766479492
extended,crop_farming,2,ET0405,15,0.07587779313325882,0.08559851002592705,-1087.122314453125,0.00160303118173033,0.003172154885310271,-0.4943559169769287
extended,crop_farming,2,ET0406,15,0.8852086663246155,0.9701479392940626,-19.493785858154297,0.10346733033657074,0.21966592587802916,-0.050682902336120605
extended,crop_farming,2,ET0407,15,0.8036255240440369,0.9164384138702018,-19.661317825317383,0.2243478149175644,0.2845372575505888,-0.9917266368865967
extended,crop_farming,2,ET0408,15,0.3122783303260803,0.3689952342002164,-0.9800446033477783,0.30926644802093506,0.3656953157154649,-0.9447880983352661
extended,crop_farming,2,ET0409,15,0.8621264100074768,1.073656469052892,-6.069944858551025,0.4401513338088989,0.5562995267100415,-0.8980283737182617
extended,crop_farming,2,ET0413,15,0.10517947375774384,0.11701634942450799,-7.302275657653809,0.03440214693546295,0.06245842869869077,-1.3652997016906738
extended,crop_farming,2,ET0416,15,0.0777587741613388,0.08531138338591387,-3215.771240234375,0.0005682309274561703,0.0013941061545046827,0.14099067449569702
extended,crop_farming,2,ET0417,15,0.8594191074371338,0.9456127415055994,-16.764232635498047,0.25993597507476807,0.3246435117617537,-1.0937907695770264
extended,crop_farming,2,ET0418,15,0.11902637779712677,0.15034158328153596,-1.510453462600708,0.07805421948432922,0.13685752773464555,-1.0803256034851074
extended,crop_farming,2,ET0419,15,0.09173141419887543,0.09942559979086173,0.36866480112075806,0.019835153594613075,0.07193842478844585,0.6694893836975098
extended,crop_farming,2,ET0420,15,0.1438574194908142,0.1717112150960194,-4.674816131591797,0.028642987832427025,0.07721624533158492,-0.1475505828857422
extended,crop_farming,2,ET0602,15,0.26762086153030396,0.39707718302369177,-0.46310508251190186,0.19783976674079895,0.38051797286005445,-0.3436185121536255
extended,crop_farming,2,ET0603,15,0.3135763108730316,0.4014421564705457,-4068.134765625,0.0022491374984383583,0.0050738875913195055,0.3499634861946106
extended,crop_farming,2,ET0604,15,0.15183959901332855,0.22343381831997275,0.07406610250473022,0.09683260321617126,0.22453853485193018,0.06488734483718872
extended,crop_farming,2,ET0605,15,0.06824743002653122,0.07737364672816248,-4.802359580993652,0.004542612936347723,0.017593464847057042,0.699999988079071
extended,crop_farming,2,ET0701,15,0.35986676812171936,0.4505371814767828,-1.6220712661743164,0.2041153609752655,0.310724723320366,-0.24719643592834473
extended,crop_farming,2,ET0702,15,0.784267246723175,0.9388671760725731,-7.909411430358887,0.41126424074172974,0.5113916297918345,-1.6433088779449463
extended,crop_farming,2,ET0703,15,0.5794485807418823,0.7254445899688561,-1.940019130706787,0.5585119724273682,0.7033756021443162,-1.7638614177703857
extended,crop_farming,2,ET0705,15,0.8629276752471924,1.0567815267148117,-5.9690046310424805,0.5376654267311096,0.631840371259318,-1.4912371635437012
extended,crop_farming,2,ET0706,15,0.7107009887695312,0.9248792543732306,-3.002537727355957,0.5607424378395081,0.7002946259150902,-1.2947056293487549
extended,crop_farming,2,ET0710,15,0.8794326186180115,1.1138980160881229,-4.174963474273682,0.6309371590614319,0.7520782366621318,-1.3590788841247559
extended,crop_farming,2,ET0713,15,0.46976539492607117,0.6471608474820869,-0.7780870199203491,0.44070950150489807,0.6128078018156222,-0.5943259000778198
extended,crop_farming,2,ET0714,15,0.2924029529094696,0.3624533787706035,-0.6338286399841309,0.22851835191249847,0.32977549657662086,-0.3525052070617676
extended,crop_farming,2,ET0715,15,0.6830856204032898,0.8766976644985053,-6.673153877258301,0.47237151861190796,0.5446200885301719,-1.9611577987670898
extended,crop_farming,2,ET0716,15,0.34196436405181885,0.5262616676341925,-0.8166822195053101,0.2643284499645233,0.5008892853320291,-0.6457315683364868
extended,crop_farming,2,ET0720,15,0.7138655781745911,0.8859405800094754,-6.401112079620361,0.3613807260990143,0.45545943497674113,-0.9560827016830444
extended,crop_farming,2,ET0721,15,0.4613505005836487,0.6382289365437311,-0.6745072603225708,0.4031394422054291,0.6261391748372475,-0.6116688251495361
extended,crop_farming,2,ET0722,15,0.7238436341285706,0.8402007652665149,-1.2629499435424805,0.6455373764038086,0.7902411165953975,-1.0018339157104492
extended,crop_farming,2,ET0723,15,0.5810491442680359,0.7449629437748271,-1.3910205364227295,0.5418647527694702,0.7215215073444505,-1.2429134845733643
extended,crop_farming,2,ET0724,15,0.10229858756065369,0.11074792941242806,-61.290443420410156,0.013722570613026619,0.01979735708571777,-0.9905110597610474
extended,crop_farming,2,ET1101,15,0.0826772153377533,0.08836470273783766,0.0,0.0,0.0,1.0
extended,crop_farming,2,ET1102,15,0.07547395676374435,0.0859154515809303,-226964.25,0.00012022654118482023,0.00023281769573449027,-0.6666667461395264
extended,crop_farming,2,ET1103,15,0.07783231884241104,0.08426369747749203,-9412.3564453125,0.0003406524774618447,0.0009329152050908098,-0.1538459062576294
extended,crop_farming,2,ET1104,15,0.6418716311454773,0.7669007318931685,-1.1780471801757812,0.657179594039917,0.7677674581740784,-1.1829729080200195
extended,crop_farming,2,ET1105,15,0.08555802702903748,0.09726787587514342,-0.997533917427063,0.021503161638975143,0.057119329986675786,0.31115496158599854
extended,crop_farming,2,ET1106,15,0.0985775738954544,0.11327603755666019,-21.369295120239258,0.028846224769949913,0.035001620006109596,-1.1357603073120117
extended,crop_farming,2,ET1202,15,0.8384494781494141,0.9039610863407997,-240.44606018066406,0.03606823459267616,0.06886956698179478,-0.4014427661895752
extended,crop_farming,2,ET1203,15,0.08858656883239746,0.15134848202214152,-144797.609375,0.00015600521874148399,0.00042723789470651966,-0.1538459062576294
extended,crop_farming,2,ET1204,15,0.06707451492547989,0.0715396311869508,-114.22781372070312,0.004957342054694891,0.008695678350807794,-0.7024362087249756
extended,crop_farming,2,ET1301,15,0.7861127257347107,0.863500265241802,-14.528785705566406,0.11293753981590271,0.20499887297483332,0.12478351593017578
extended,crop_farming,2,ET1401,15,0.19355903565883636,0.23844103068116265,-10475216.0,2.8896331059513614e-05,7.913586262242059e-05,-0.1538456678390503
extended,crop_farming,2,ET1501,15,0.7510918974876404,0.8071866161948581,-15.123226165771484,0.1372966766357422,0.2657525233286206,-0.747667670249939
extended,crop_farming,2,ET1502,15,0.35038337111473083,0.4579994672653481,-0.6657410860061646,0.27767863869667053,0.41544377958126577,-0.37057268619537354
extended,crop_farming,2,ET1600,15,0.6538361310958862,0.7852974759906413,-4.272585868835449,0.492805540561676,0.5605511017218013,-1.686492681503296
extended,crop_farming,3,ET0101,15,0.6964151859283447,0.9481584883265816,0.18438291549682617,0.5571758151054382,0.80353341164048,0.4142230153083801
extended,crop_farming,3,ET0102,15,0.6717360019683838,0.8965176511751237,0.252170205116272,0.6533507108688354,0.8979134067614887,0.24983984231948853
extended,crop_farming,3,ET0103,15,0.6897534132003784,0.9047583109233344,0.023333191871643066,0.6921597719192505,0.8877794416826061,0.059645891189575195
extended,crop_farming,3,ET0104,15,0.6438978314399719,0.8366191972194748,-0.0032677650451660156,0.6507688760757446,0.7854791612999394,0.11563706398010254
extended,crop_farming,3,ET0105,15,0.545654296875,0.7783133818773729,0.16165578365325928,0.46559008955955505,0.770399272124718,0.17861813306808472
extended,crop_farming,3,ET0106,15,0.797658383846283,1.0109144275986286,-0.034105777740478516,0.7500736117362976,0.9970655599960959,-0.005966782569885254
extended,crop_farming,3,ET0107,15,0.6608422994613647,0.8862401872422536,-0.632187008857727,0.5597915649414062,0.8535331532230122,-0.5139371156692505
extended,crop_farming,3,ET0301,15,0.7439556121826172,0.9449532196535865,-1.2051260471343994,0.7016899585723877,0.8250927020499974,-0.681195855140686
extended,crop_farming,3,ET0302,15,0.35120493173599243,0.4635487798795092,-1.895376443862915,0.26236429810523987,0.3414879192726038,-0.571320652961731
extended,crop_farming,3,ET0303,15,0.8807325959205627,0.9904100913018223,-0.6725654602050781,0.8043172359466553,0.8993317507378086,-0.3790907859802246
extended,crop_farming,3,ET0304,15,0.6021531820297241,0.8830869804994089,-1.4966509342193604,0.6097732782363892,0.7366759998786099,-0.7374163866043091
extended,crop_farming,3,ET0305,15,0.6610076427459717,0.8300356865300378,-2.507115602493286,0.3782303035259247,0.5192593314664378,-0.3725404739379883
extended,crop_farming,3,ET0306,15,0.231938436627388,0.2690180301358227,-6.924510478973389,0.11335696280002594,0.14634267311058388,-1.3450472354888916
extended,crop_farming,3,ET0307,15,0.1749328225851059,0.17643219371853933,-10541.8896484375,0.0006891091470606625,0.0017808450696089701,-0.07412862777709961
extended,crop_farming,3,ET0308,15,0.7692504525184631,0.9270422672791748,-0.34082937240600586,0.7400608062744141,0.8716734937019998,-0.185447096824646
extended,crop_farming,3,ET0309,15,0.17076830565929413,0.17398271223283457,-7857.994140625,0.0010939915664494038,0.0022316388591039774,-0.2930121421813965
extended,crop_farming,3,ET0310,15,0.7471300959587097,0.9121286198221517,-0.6442296504974365,0.6929817199707031,0.8694823889701024,-0.4940732717514038
extended,crop_farming,3,ET0311,15,0.20515722036361694,0.25304873989604015,-4.777988910675049,0.12592598795890808,0.1677918667158193,-1.5404469966888428
extended,crop_farming,3,ET0312,15,0.1815764307975769,0.18240901485097202,-37781.265625,0.0006142854690551758,0.0009735178879453924,-0.07617592811584473
extended,crop_farming,3,ET0401,15,0.18830989301204681,0.21002482839392758,-1.959867238998413,0.0664207711815834,0.1359091699062443,-0.23944854736328125
extended,crop_farming,3,ET0402,15,0.18149462342262268,0.19745653187169554,-1.0277249813079834,0.05280590057373047,0.11792233466608093,0.27680039405822754
extended,crop_farming,3,ET0403,15,0.16841675341129303,0.1730253186803346,-79534.0625,0.0004491011204663664,0.00082014234241252,-0.7869722843170166
extended,crop_farming,3,ET0404,15,0.17225173115730286,0.17513292811573236,-41387.6640625,0.000774598098360002,0.0009796936508602333,-0.2951688766479492
extended,crop_farming,3,ET0405,15,0.16191107034683228,0.16514560262740052,-4049.2265625,0.00160303118173033,0.003172154885310271,-0.4943559169769287
extended,crop_farming,3,ET0406,15,0.6131275296211243,0.691253321917314,-9.404488563537598,0.10346733033657074,0.21966592587802916,-0.050682902336120605
extended,crop_farming,3,ET0407,15,0.6253747940063477,0.6880490538137154,-10.646360397338867,0.2243478149175644,0.2845372575505888,-0.9917266368865967
extended,crop_farming,3,ET0408,15,0.31326866149902344,0.39088801112659866,-1.2219700813293457,0.30926644802093506,0.3656953157154649,-0.9447880983352661
extended,crop_farming,3,ET0409,15,0.7352414727210999,0.8686943365692983,-3.628276824951172,0.4401513338088989,0.5562995267100415,-0.8980283737182617
extended,crop_farming,3,ET0413,15,0.18252260982990265,0.1942634830840015,-21.88159942626953,0.03440214693546295,0.06245842869869077,-1.3652997016906738
extended,crop_farming,3,ET0416,15,0.1678539365530014,0.173240493456483,-13263.931640625,0.0005682309274561703,0.0013941061545046827,0.14099067449569702
extended,crop_farming,3,ET0417,15,0.6283891201019287,0.691871206554017,-8.509777069091797,0.25993597507476807,0.3246435117617537,-1.0937907695770264
extended,crop_farming,3,ET0418,15,0.1815367043018341,0.2134066024718151,-4.058359146118164,0.07805421948432922,0.13685752773464555,-1.0803256034851074
extended,crop_farming,3,ET0419,15,0.15837512910366058,0.1635426391179842,-0.7081482410430908,0.019835153594613075,0.07193842478844585,0.6694893836975098
extended,crop_farming,3,ET0420,15,0.1838396042585373,0.1982486047316828,-6.564404487609863,0.028642987832427025,0.07721624533158492,-0.1475505828857422
extended,crop_farming,3,ET0602,15,0.28019478917121887,0.3920787082862825,-0.4265012741088867,0.19783976674079895,0.38051797286005445,-0.3436185121536255
extended,crop_farming,3,ET0603,15,0.3160445988178253,0.38130353801845646,-3670.113037109375,0.0022491374984383583,0.0050738875913195055,0.3499634861946106
extended,crop_farming,3,ET0604,15,0.2384268194437027,0.2845384227764033,-0.5016337633132935,0.09683260321617126,0.22453853485193018,0.06488734483718872
extended,crop_farming,3,ET0605,15,0.16601413488388062,0.17005691971748466,-27.028968811035156,0.004542612936347723,0.017593464847057042,0.699999988079071
extended,crop_farming,3,ET0701,15,0.3421192169189453,0.446176844538962,-1.571563720703125,0.2041153609752655,0.310724723320366,-0.24719643592834473
extended,crop_farming,3,ET0702,15,0.7393300533294678,0.8665462563082824,-6.589693069458008,0.41126424074172974,0.5113916297918345,-1.6433088779449463
extended,crop_farming,3,ET0703,15,0.607794463634491,0.7388481506750978,-2.049664258956909,0.5585119724273682,0.7033756021443162,-1.7638614177703857
extended,crop_farming,3,ET0705,15,0.8174752593040466,0.9432681653649316,-4.552271366119385,0.5376654267311096,0.631840371259318,-1.4912371635437012
extended,crop_farming,3,ET0706,15,0.7000700831413269,0.822147351817628,-2.1627488136291504,0.5607424378395081,0.7002946259150902,-1.2947056293487549
extended,crop_farming,3,ET0710,15,0.8783193826675415,1.070843530054688,-3.7826485633850098,0.6309371590614319,0.7520782366621318,-1.3590788841247559
extended,crop_farming,3,ET0713,15,0.48965904116630554,0.6340104761115534,-0.706559419631958,0.44070950150489807,0.6128078018156222,-0.5943259000778198
extended,crop_farming,3,ET0714,15,0.2718315124511719,0.3474853288345903,-0.5016722679138184,0.22851835191249847,0.32977549657662086,-0.3525052070617676
extended,crop_farming,3,ET0715,15,0.7440568208694458,0.9058849651872376,-7.192573547363281,0.47237151861190796,0.5446200885301719,-1.9611577987670898
extended,crop_farming,3,ET0716,15,0.37487462162971497,0.5266368224896999,-0.8192733526229858,0.2643284499645233,0.5008892853320291,-0.6457315683364868
extended,crop_farming,3,ET0720,15,0.6509338021278381,0.8262209325343374,-5.43695068359375,0.3613807260990143,0.45545943497674113,-0.9560827016830444
extended,crop_farming,3,ET0721,15,0.4845256805419922,0.6533479556406613,-0.7547818422317505,0.4031394422054291,0.6261391748372475,-0.6116688251495361
extended,crop_farming,3,ET0722,15,0.7102941870689392,0.8247490934821978,-1.1804819107055664,0.6455373764038086,0.7902411165953975,-1.0018339157104492
extended,crop_farming,3,ET0723,15,0.6093164086341858,0.7585861739969718,-1.4792699813842773,0.5418647527694702,0.7215215073444505,-1.2429134845733643
extended,crop_farming,3,ET0724,15,0.1714339554309845,0.17839393224137207,-160.6256561279297,0.013722570613026619,0.01979735708571777,-0.9905110597610474
extended,crop_farming,3,ET1101,15,0.16075600683689117,0.17061261389737853,0.0,0.0,0.0,1.0
extended,crop_farming,3,ET1102,15,0.16703851521015167,0.17276338709751218,-917740.1875,0.00012022654118482023,0.00023281769573449027,-0.6666667461395264
extended,crop_farming,3,ET1103,15,0.16790752112865448,0.1723777559594665,-39392.625,0.0003406524774618447,0.0009329152050908098,-0.1538459062576294
extended,crop_farming,3,ET1104,15,0.6499727964401245,0.7858881788912907,-1.2872333526611328,0.657179594039917,0.7677674581740784,-1.1829729080200195
extended,crop_farming,3,ET1105,15,0.1611950695514679,0.17910535469325264,-5.7728657722473145,0.021503161638975143,0.057119329986675786,0.31115496158599854
extended,crop_farming,3,ET1106,15,0.1638970673084259,0.17567184010279444,-52.799781799316406,0.028846224769949913,0.035001620006109596,-1.1357603073120117
extended,crop_farming,3,ET1202,15,0.6295209527015686,0.7042007482245191,-145.525634765625,0.03606823459267616,0.06886956698179478,-0.4014427661895752
extended,crop_farming,3,ET1203,15,0.14777766168117523,0.16838396118562343,-179228.59375,0.00015600521874148399,0.00042723789470651966,-0.1538459062576294
extended,crop_farming,3,ET1204,15,0.16430307924747467,0.17055503676277686,-653.9271240234375,0.004957342054694891,0.008695678350807794,-0.7024362087249756
extended,crop_farming,3,ET1301,15,0.6522493362426758,0.7097073066530953,-9.48989486694336,0.11293753981590271,0.20499887297483332,0.12478351593017578
extended,crop_farming,3,ET1401,15,0.19557444751262665,0.2231522356368578,-9174945.0,2.8896331059513614e-05,7.913586262242059e-05,-0.1538456678390503
extended,crop_farming,3,ET1501,15,0.5080919861793518,0.5422874677331628,-6.277181148529053,0.1372966766357422,0.2657525233286206,-0.747667670249939
extended,crop_farming,3,ET1502,15,0.3566066026687622,0.4628079980429061,-0.700901985168457,0.27767863869667053,0.41544377958126577,-0.37057268619537354
extended,crop_farming,3,ET1600,15,0.6264123320579529,0.7307677855361516,-3.565770149230957,0.492805540561676,0.5605511017218013,-1.686492681503296
extended,crop_farming,4,ET0101,15,0.9486939311027527,1.2575719852206393,-0.43479597568511963,0.5942538380622864,1.022490609366052,0.05148738622665405
extended,crop_farming,4,ET0102,15,0.8670095205307007,1.11149212476898,-0.14947056770324707,0.5978606939315796,1.0271361978994507,0.018384993076324463
extended,crop_farming,4,ET0103,15,0.8148521184921265,1.0840724050157864,-0.4021608829498291,0.5786625742912292,0.959137199329244,-0.09759664535522461
extended,crop_farming,4,ET0104,15,0.7659443616867065,0.9042636873487052,-0.1720641851425171,0.5432435870170593,0.7354922622284014,0.2246149778366089
extended,crop_farming,4,ET0105,15,0.6065962314605713,0.8177805016292022,0.0744776725769043,0.55147385597229,0.8161592976997822,0.07814359664916992
extended,crop_farming,4,ET0106,15,0.6600885987281799,0.9626759876022764,0.062229692935943604,0.5800257921218872,0.9669247012935647,0.053933799266815186
extended,crop_farming,4,ET0107,15,0.802818238735199,0.9416585560395908,-0.8426971435546875,0.4306005537509918,0.7243542491978587,-0.09035789966583252
extended,crop_farming,4,ET0301,15,0.8222984075546265,1.1290268883050067,-2.1479032039642334,0.7495263814926147,0.9123857230651111,-1.0557475090026855
extended,crop_farming,4,ET0302,15,0.5004889965057373,0.620106566330671,-4.181396007537842,0.2978458106517792,0.36286510710415854,-0.7742079496383667
extended,crop_farming,4,ET0303,15,0.7945279479026794,0.9856586261400245,-0.6565556526184082,0.8062376379966736,1.003968589420551,-0.7186729907989502
extended,crop_farming,4,ET0304,15,0.7582162022590637,1.040427265339863,-2.465567111968994,0.702312171459198,0.7741404719963234,-0.9186263084411621
extended,crop_farming,4,ET0305,15,0.9009017944335938,1.1378539404568726,-5.590670108795166,0.5218058824539185,0.6440978240164259,-1.1118361949920654
extended,crop_farming,4,ET0306,15,0.28460457921028137,0.35054914871202775,-12.45573616027832,0.1411343216896057,0.16532136823018645,-1.9927306175231934
extended,crop_farming,4,ET0307,15,0.14236553013324738,0.14720403005428848,-7338.10986328125,0.0010112046729773283,0.0021799994660175173,-0.609595537185669
extended,crop_farming,4,ET0308,15,0.9841112494468689,1.171085142341928,-1.1396925449371338,0.9010623097419739,1.0391710841297355,-0.6848008632659912
extended,crop_farming,4,ET0309,15,0.14724384248256683,0.15333793320204747,-6103.5546875,0.0021879831328988075,0.003156013652685362,-1.5860238075256348
extended,crop_farming,4,ET0310,15,0.8333175778388977,0.9950941567942593,-0.9569451808929443,0.8177481293678284,0.9838405248053971,-0.9129328727722168
extended,crop_farming,4,ET0311,15,0.16161295771598816,0.19395873108818606,-2.394587278366089,0.11853387951850891,0.14401031382616267,-0.8713521957397461
extended,crop_farming,4,ET0312,15,0.1559693068265915,0.15868340105259587,-28591.9140625,0.0008846362470649183,0.001201639620043156,-0.639622688293457
extended,crop_farming,4,ET0401,15,0.1413884162902832,0.17463818937475067,-1.0464890003204346,0.08001712709665298,0.12514261216667194,-0.05085158348083496
extended,crop_farming,4,ET0402,15,0.13997511565685272,0.16087858779169917,-0.34605419635772705,0.07216101139783859,0.11965450090916747,0.255398154258728
extended,crop_farming,4,ET0403,15,0.14652496576309204,0.15283020310938608,-62051.27734375,0.0005989233613945544,0.0009827090938452237,-1.5656018257141113
extended,crop_farming,4,ET0404,15,0.1483096182346344,0.15358008106564436,-31827.45703125,0.0010897795436903834,0.001242407519829405,-1.0829265117645264
extended,crop_farming,4,ET0405,15,0.12895968556404114,0.13281663018704734,-2618.691650390625,0.0022194148041307926,0.003987030036640299,-1.3607192039489746
extended,crop_farming,4,ET0406,15,1.0429043769836426,1.1317948077992603,-26.892127990722656,0.20437787473201752,0.31006111684658705,-1.0933454036712646
extended,crop_farming,4,ET0407,15,1.0499460697174072,1.13101769691336,-30.469528198242188,0.24346300959587097,0.342646887912698,-1.8883183002471924
extended,crop_farming,4,ET0408,15,0.3558419346809387,0.4159969988311202,-1.5165982246398926,0.3574264943599701,0.41199473734614817,-1.468407154083252
extended,crop_farming,4,ET0409,15,0.9161132574081421,1.0845571843113022,-6.214234352111816,0.40913254022598267,0.4983718709280554,-0.5233243703842163
extended,crop_farming,4,ET0413,15,0.16074970364570618,0.17293975756811897,-17.13400650024414,0.034496426582336426,0.06099058049375225,-1.2554311752319336
extended,crop_farming,4,ET0416,15,0.14870373904705048,0.1551232421258217,-10634.5498046875,0.0010733604431152344,0.0019639757334353586,-0.7048195600509644
extended,crop_farming,4,ET0417,15,1.0097416639328003,1.0975432965682024,-22.931127548217773,0.3023718595504761,0.3320048714425424,-1.189821720123291
extended,crop_farming,4,ET0418,15,0.17118962109088898,0.20222275515017862,-3.54207181930542,0.09652435034513474,0.14813122397235418,-1.4371776580810547
extended,crop_farming,4,ET0419,15,0.12955623865127563,0.135211380150072,-0.16758906841278076,0.03734159469604492,0.09850127353093023,0.38034892082214355
extended,crop_farming,4,ET0420,15,0.17160740494728088,0.19374614142605734,-6.22471284866333,0.0568305179476738,0.10920038504771713,-1.2951061725616455
extended,crop_farming,4,ET0602,15,0.45290514826774597,0.5582796560884491,-1.8922061920166016,0.3704215884208679,0.5245398968940389,-1.553187370300293
extended,crop_farming,4,ET0603,15,0.5488566160202026,0.6755176537251893,-11521.04296875,0.0031404653564095497,0.005773635361970818,0.15830492973327637
extended,crop_farming,4,ET0604,15,0.2644049823284149,0.33982869915135616,-1.1419153213500977,0.17890864610671997,0.3109554386235902,-0.7934054136276245
extended,crop_farming,4,ET0605,15,0.13938559591770172,0.14577172175646386,-19.595155715942383,0.009085225872695446,0.02488091659584236,0.3999999761581421
extended,crop_farming,4,ET0701,15,0.42855873703956604,0.5958436893905854,-3.586146354675293,0.241829052567482,0.33733268935219984,-0.4699416160583496
extended,crop_farming,4,ET0702,15,0.976762056350708,1.0707863642760944,-10.589010238647461,0.43265068531036377,0.4903102983142054,-1.429868221282959
extended,crop_farming,4,ET0703,15,0.6510480642318726,0.7149776062426265,-1.8557918071746826,0.6068292260169983,0.6822430809329925,-1.6002788543701172
extended,crop_farming,4,ET0705,15,0.9304065704345703,1.0705503770216565,-6.151786804199219,0.5314051508903503,0.6289313648966741,-1.4683506488800049
extended,crop_farming,4,ET0706,15,0.6553248167037964,0.8249061574449216,-2.1840102672576904,0.4931686520576477,0.5949904634609036,-0.6564769744873047
extended,crop_farming,4,ET0710,15,1.100853443145752,1.2413417888251628,-5.4268646240234375,0.7133591175079346,0.8411869751559926,-1.9512193202972412
extended,crop_farming,4,ET0713,15,0.6398266553878784,0.7558544070058393,-1.4255199432373047,0.5984523296356201,0.7063021404295495,-1.117920160293579
extended,crop_farming,4,ET0714,15,0.34013456106185913,0.41531246380486486,-1.145122766494751,0.29355305433273315,0.4134737183153647,-1.1261701583862305
extended,crop_farming,4,ET0715,15,0.9442264437675476,1.0332219315026947,-9.657649993896484,0.3055354356765747,0.39893943361712886,-0.5888690948486328
extended,crop_farming,4,ET0716,15,0.48348191380500793,0.6386418000119143,-1.6754090785980225,0.4052980840206146,0.6169890555519344,-1.4970684051513672
extended,crop_farming,4,ET0720,15,0.76177978515625,0.9310251758236323,-7.173548698425293,0.3656822144985199,0.48656053619870476,-1.2323462963104248
extended,crop_farming,4,ET0721,15,0.36635705828666687,0.4931045043031728,0.00043278932571411133,0.27129966020584106,0.506153889940194,-0.053171753883361816
extended,crop_farming,4,ET0722,15,0.6682151556015015,0.7913988480217073,-1.0077037811279297,0.5777360200881958,0.7422086210759087,-0.7658783197402954
extended,crop_farming,4,ET0723,15,0.690835177898407,0.8091955111109916,-1.821115493774414,0.6097252368927002,0.7662716295260593,-1.5297605991363525
extended,crop_farming,4,ET0724,15,0.1572662740945816,0.16267456778793815,-133.39697265625,0.01472644042223692,0.020742675867321123,-1.1851425170898438
extended,crop_farming,4,ET1101,15,0.14400896430015564,0.15147227054492438,0.0,0.0,0.0,1.0
extended,crop_farming,4,ET1102,15,0.1499272733926773,0.1553286927952187,-741855.9375,0.000138433781103231,0.0002432624673931913,-0.8195626735687256
extended,crop_farming,4,ET1103,15,0.14797210693359375,0.15279838996133835,-30951.876953125,0.0006813049549236894,0.0013193413355835006,-1.3076918125152588
extended,crop_farming,4,ET1104,15,0.7741959095001221,0.8629597544231474,-1.7578463554382324,0.7461717128753662,0.852018181906821,-1.6883554458618164
extended,crop_farming,4,ET1105,15,0.14801359176635742,0.17497434321574692,-5.464040279388428,0.042276643216609955,0.08052643449053949,-0.3690907955169678
extended,crop_farming,4,ET1106,15,0.14907842874526978,0.15807209357707763,-42.55987548828125,0.02740504778921604,0.03716292251061801,-1.4076642990112305
extended,crop_farming,4,ET1202,15,0.9001401662826538,0.9863312976144055,-286.4526062011719,0.05765969678759575,0.09073254230619787,-1.4324662685394287
extended,crop_farming,4,ET1203,15,0.15140223503112793,0.15507530070502795,-152016.484375,0.00031201043748296797,0.0006042056250536885,-1.3076918125152588
extended,crop_farming,4,ET1204,15,0.1469440907239914,0.15258239736205698,-523.1707153320312,0.007123446557670832,0.010376911612060032,-1.4243767261505127
extended,crop_farming,4,ET1301,15,1.0217463970184326,1.0943273382957084,-23.940608978271484,0.10142604261636734,0.17170656686003172,0.38597458600997925
extended,crop_farming,4,ET1401,15,0.1793520152568817,0.21333775243491093,-8385644.0,5.779266211902723e-05,0.00011191501019072127,-1.3076913356781006
extended,crop_farming,4,ET1501,15,0.7355940341949463,0.7883479215859598,-14.379417419433594,0.18758754432201385,0.3334790360876337,-1.7519536018371582
extended,crop_farming,4,ET1502,15,0.3051033616065979,0.4291246716158883,-0.46232712268829346,0.2841562330722809,0.4178222863100472,-0.38631129264831543
extended,crop_farming,4,ET1600,15,0.5995493531227112,0.7347323177399623,-3.6154446601867676,0.38232171535491943,0.49209378879280735,-1.0703845024108887
extended,crop_farming,8,ET0101,15,1.082549810409546,1.3667028821628286,-0.6946213245391846,0.8615272641181946,1.2653335895132751,-0.45256149768829346
extended,crop_farming,8,ET0102,15,1.0289016962051392,1.3173358476211965,-0.6146489381790161,0.88906329870224,1.26534984093548,-0.4897257089614868
extended,crop_farming,8,ET0103,15,1.029618501663208,1.2780716714716014,-0.9489096403121948,0.9047900438308716,1.171130083473517,-0.6364078521728516
extended,crop_farming,8,ET0104,15,1.0324231386184692,1.18164223915179,-1.001396894454956,0.8455350399017334,1.0372967739302557,-0.5422942638397217
extended,crop_farming,8,ET0105,15,0.8241806030273438,1.0608015509851547,-0.5573338270187378,0.7507374286651611,1.0624380093610386,-0.5621423721313477
extended,crop_farming,8,ET0106,15,0.869989275932312,1.2025498836266517,-0.46333038806915283,0.8731849193572998,1.2246092289828712,-0.5175089836120605
extended,crop_farming,8,ET0107,15,0.8454151153564453,1.0483554222395721,-1.2839372158050537,0.5848485231399536,0.8914266960079339,-0.6513469219207764
extended,crop_farming,8,ET0301,15,0.759299099445343,0.9825112091764547,-1.3838989734649658,0.6393887400627136,0.8030787933356922,-0.5926821231842041
extended,crop_farming,8,ET0302,15,0.5293838977813721,0.6386359668401561,-4.495672702789307,0.30071958899497986,0.3440225452746346,-0.5947328805923462
extended,crop_farming,8,ET0303,15,0.8031073212623596,1.047163681538045,-0.8697439432144165,0.8027478456497192,1.0797068835670156,-0.987763524055481
extended,crop_farming,8,ET0304,15,0.8234847784042358,1.0511031101037438,-2.5370523929595947,0.6642023324966431,0.7428827342273135,-0.7668161392211914
extended,crop_farming,8,ET0305,15,0.7540541887283325,0.9230581223960491,-3.337251663208008,0.41664716601371765,0.5439070409052884,-0.5059338808059692
extended,crop_farming,8,ET0306,15,0.29902416467666626,0.33956636969588716,-11.625802040100098,0.08766801655292511,0.1274833317922144,-0.7795755863189697
extended,crop_farming,8,ET0307,15,0.11165754497051239,0.12772846412398078,-5524.59912109375,0.0007010380504652858,0.001826115119619176,-0.1294325590133667
extended,crop_farming,8,ET0308,15,1.1121681928634644,1.314278260796304,-1.6949400901794434,1.0302197933197021,1.250819748066205,-1.4409782886505127
extended,crop_farming,8,ET0309,15,0.11071126163005829,0.12948504467074393,-4352.0537109375,0.0025538443587720394,0.003311242924297608,-1.8466682434082031
extended,crop_farming,8,ET0310,15,0.7700480222702026,0.9163508991198953,-0.6594873666763306,0.609714925289154,0.7762682197877414,-0.19089627265930176
extended,crop_farming,8,ET0311,15,0.17205190658569336,0.19683658096320342,-2.4960687160491943,0.09257280081510544,0.1281750851524112,-0.4824347496032715
extended,crop_farming,8,ET0312,15,0.159402534365654,0.18042827375229348,-36965.18359375,0.0011727969394996762,0.0014218119100875976,-1.2955126762390137
extended,crop_farming,8,ET0401,15,0.12597839534282684,0.16193750761614376,-0.759648323059082,0.06845807284116745,0.11530207003355775,0.1079171895980835
extended,crop_farming,8,ET0402,15,0.18646571040153503,0.24427517807085064,-2.103306770324707,0.11234518140554428,0.19374819877771685,-0.9522768259048462
extended,crop_farming,8,ET0403,15,0.08608543127775192,0.11852438820745603,-37320.1328125,0.0007487455732189119,0.0011412351022863998,-2.4601073265075684
extended,crop_farming,8,ET0404,15,0.11207481473684311,0.14077497802802624,-26741.17578125,0.001137987826950848,0.001364472548524619,-1.5123226642608643
extended,crop_farming,8,ET0405,15,0.1189914122223854,0.16790671644673183,-4185.7919921875,0.002142437268048525,0.0038827960580254256,-1.238898754119873
extended,crop_farming,8,ET0406,15,0.8004209995269775,0.9271692100497789,-17.71820831298828,0.23736979067325592,0.3345756316555502,-1.4374454021453857
extended,crop_farming,8,ET0407,15,0.8863453269004822,0.9916821191422598,-23.193370819091797,0.2108404040336609,0.2726125807891506,-0.8282822370529175
extended,crop_farming,8,ET0408,15,0.24208621680736542,0.34819701282048665,-0.7631268501281738,0.22099319100379944,0.272910536753024,-0.08311378955841064
extended,crop_farming,8,ET0409,15,0.8550863862037659,1.030682205176417,-5.515307426452637,0.4318940341472626,0.553615097551635,-0.8797547817230225
extended,crop_farming,8,ET0413,15,0.15652067959308624,0.17353613578936392,-17.25929069519043,0.0251250509172678,0.04637144740846043,-0.3037831783294678
extended,crop_farming,8,ET0416,15,0.10890703648328781,0.13457929473265842,-8004.02490234375,0.0015866359462961555,0.002415281737999851,-1.5783495903015137
extended,crop_farming,8,ET0417,15,0.9328941106796265,1.0060720274491228,-19.108421325683594,0.2589966356754303,0.3186353996371047,-1.0170092582702637
extended,crop_farming,8,ET0418,15,0.16174758970737457,0.21853519008416994,-4.304405212402344,0.11480218917131424,0.16421323618175385,-1.9950926303863525
extended,crop_farming,8,ET0419,15,0.18022680282592773,0.23200895992295514,-2.4377400875091553,0.05492288991808891,0.11931021143045732,0.09088510274887085
extended,crop_farming,8,ET0420,15,0.1741008460521698,0.19912451029751435,-6.631394863128662,0.05732016637921333,0.10918499416768723,-1.294459342956543
extended,crop_farming,8,ET0602,15,0.505596935749054,0.6343190191965487,-2.7337145805358887,0.42144954204559326,0.5516431571190287,-1.8238530158996582
extended,crop_farming,8,ET0603,15,0.39705890417099,0.4972038913952388,-6241.02001953125,0.0026739835739135742,0.005205577946336037,0.3157827854156494
extended,crop_farming,8,ET0604,15,0.27826499938964844,0.317490004997925,-0.8695724010467529,0.26075124740600586,0.3889533130987184,-1.805931806564331
extended,crop_farming,8,ET0605,15,0.10979040712118149,0.14512477613607616,-19.412755966186523,0.013627839274704456,0.03047277404120332,0.10000002384185791
extended,crop_farming,8,ET0701,15,0.41595402359962463,0.6026268003318559,-3.6911582946777344,0.2885044515132904,0.3580866816793744,-0.6563785076141357
extended,crop_farming,8,ET0702,15,0.7934790849685669,0.8983217911223536,-7.156513214111328,0.35884150862693787,0.47025586481102793,-1.2351627349853516
extended,crop_farming,8,ET0703,15,0.5120229721069336,0.6432835147976241,-1.3117799758911133,0.5260926485061646,0.6320613830324178,-1.2318251132965088
extended,crop_farming,8,ET0705,15,0.8416380286216736,0.9642516570409572,-4.8020453453063965,0.41948941349983215,0.5647188504947085,-0.9900542497634888
extended,crop_farming,8,ET0706,15,0.6971309781074524,0.7924251478327496,-1.9382038116455078,0.4144163727760315,0.5250597056998,-0.28997933864593506
extended,crop_farming,8,ET0710,15,1.0635688304901123,1.171888732829691,-4.727817535400391,0.5199757218360901,0.7396872720528668,-1.281984567642212
extended,crop_farming,8,ET0713,15,0.6687455773353577,0.7320816674066071,-1.2753467559814453,0.6012591123580933,0.7019339964844333,-1.0918045043945312
extended,crop_farming,8,ET0714,15,0.4188935160636902,0.5419203977036487,-2.6523566246032715,0.4064779281616211,0.5230082274696071,-2.4018819332122803
extended,crop_farming,8,ET0715,15,0.8270577192306519,0.9448118223811296,-7.911787986755371,0.49168726801872253,0.5721025201933011,-2.267547607421875
extended,crop_farming,8,ET0716,15,0.43602266907691956,0.6259687307168393,-1.570282220840454,0.4100664556026459,0.6182419425032069,-1.5072197914123535
extended,crop_farming,8,ET0720,15,0.5840502381324768,0.7662701516045244,-4.536708354949951,0.30314376950263977,0.3822424595352924,-0.377734899520874
extended,crop_farming,8,ET0721,15,0.5314891338348389,0.7034153232951044,-1.034031629562378,0.4647095501422882,0.6727178078018985,-0.8603724241256714
extended,crop_farming,8,ET0722,15,0.6700645685195923,0.8598305275184779,-1.369924545288086,0.6469082236289978,0.8601463670708531,-1.3716659545898438
extended,crop_farming,8,ET0723,15,0.6295281052589417,0.7995857432814302,-1.7545080184936523,0.5921881198883057,0.8384181142891257,-2.0285537242889404
extended,crop_farming,8,ET0724,15,0.11940687149763107,0.14805346300670413,-110.32362365722656,0.009952997788786888,0.0154790774590906,-0.21685922145843506
extended,crop_farming,8,ET1101,15,0.06701532751321793,0.08998443638653258,0.0,0.0,0.0,1.0
extended,crop_farming,8,ET1102,15,0.08321689814329147,0.10106160826959033,-314042.0625,0.00015664100646972656,0.00025327687742336295,-0.9724584817886353
extended,crop_farming,8,ET1103,15,0.10079406201839447,0.12209565853197228,-19762.50390625,0.0006813049549236894,0.0013193413355835006,-1.3076918125152588
extended,crop_farming,8,ET1104,15,0.6239829659461975,0.784234259999839,-1.2776165008544922,0.6170901656150818,0.766238881228055,-1.1742894649505615
extended,crop_farming,8,ET1105,15,0.10834108293056488,0.13502291982629103,-2.849198341369629,0.06288539618253708,0.0985199263402819,-1.0492901802062988
extended,crop_farming,8,ET1106,15,0.13121633231639862,0.16682297794933626,-47.51633071899414,0.02687094174325466,0.03410737187267702,-1.028022289276123
extended,crop_farming,8,ET1202,15,0.7669728994369507,0.8311001219472014,-203.09263610839844,0.057119403034448624,0.09025282093279666,-1.4068124294281006
extended,crop_farming,8,ET1203,15,0.259151816368103,0.29786121790510467,-560835.4375,0.00031201043748296797,0.0006042056250536885,-1.3076918125152588
extended,crop_farming,8,ET1204,15,0.13091367483139038,0.1576916881368729,-558.8626708984375,0.006873385049402714,0.010225249235035136,-1.3540284633636475
extended,crop_farming,8,ET1301,15,0.8904727697372437,0.9740723561879626,-18.760366439819336,0.12239999324083328,0.20561667980591022,0.11950027942657471
extended,crop_farming,8,ET1401,15,0.2514626085758209,0.2928506867618399,-15801324.0,5.779266211902723e-05,0.00011191501019072127,-1.3076913356781006
extended,crop_farming,8,ET1501,15,0.8130659461021423,0.9234598082866977,-20.10279655456543,0.21642853319644928,0.34254806804270865,-1.9036688804626465
extended,crop_farming,8,ET1502,15,0.41548460721969604,0.5054509344012504,-1.0287830829620361,0.37136754393577576,0.49096104539322166,-0.9141308069229126
extended,crop_farming,8,ET1600,15,0.6814464330673218,0.81298828125,-4.6509809494018555,0.4283355176448822,0.5019169953995579,-1.1538679599761963
extended,crop_farming,12,ET0101,15,1.1222087144851685,1.4454308538692748,-0.8954794406890869,1.0762925148010254,1.4892045008388215,-1.012023687362671
extended,crop_farming,12,ET0102,15,1.0780895948410034,1.4099092135048723,-0.8495556116104126,1.1259504556655884,1.4818457487864285,-1.043107032775879
extended,crop_farming,12,ET0103,15,1.0183522701263428,1.2699817973056429,-0.9243154525756836,1.0153981447219849,1.3083822506468352,-1.0424458980560303
extended,crop_farming,12,ET0104,15,1.0456873178482056,1.212031356459408,-1.1056630611419678,1.0141652822494507,1.2012266069053708,-1.0682883262634277
extended,crop_farming,12,ET0105,15,0.9968398809432983,1.2172822183327965,-1.050670862197876,0.9502518177032471,1.2081927787764506,-1.020160436630249
extended,crop_farming,12,ET0106,15,1.1177231073379517,1.4085953545838927,-1.0077457427978516,1.1424827575683594,1.450777187557418,-1.1297943592071533
extended,crop_farming,12,ET0107,15,0.9201383590698242,1.125772105278449,-1.6337103843688965,0.8924912810325623,1.0966190311169868,-1.4990708827972412
extended,crop_farming,12,ET0301,15,0.886307418346405,0.9915893433715701,-1.4281554222106934,0.8063472509384155,0.9056909086202629,-1.0256891250610352
extended,crop_farming,12,ET0302,15,0.3126608431339264,0.3971546501963685,-1.1253645420074463,0.32514896988868713,0.38881410459657345,-1.0370333194732666
extended,crop_farming,12,ET0303,15,1.0409753322601318,1.2237047081457344,-1.553325891494751,1.07942533493042,1.2550960137012241,-1.6860055923461914
extended,crop_farming,12,ET0304,15,0.7689917087554932,0.8625014567708414,-1.3816094398498535,0.7009519338607788,0.8154945210706073,-1.129084825515747
extended,crop_farming,12,ET0305,15,0.3805159032344818,0.47861786353488794,-0.16609621047973633,0.38681498169898987,0.4831377347523721,-0.1882244348526001
extended,crop_farming,12,ET0306,15,0.40650811791419983,0.4551388122958327,-21.682836532592773,0.10916422307491302,0.14179989309750765,-1.201716661453247
extended,crop_farming,12,ET0307,15,0.14368464052677155,0.17330733518267935,-10171.73828125,0.000978573109023273,0.002099826478892181,-0.4933816194534302
extended,crop_farming,12,ET0308,15,0.9953171014785767,1.2414530856286248,-1.4045569896697998,1.0525575876235962,1.2754116085832443,-1.5379040241241455
extended,crop_farming,12,ET0309,15,0.15294335782527924,0.19333248722128316,-9703.3046875,0.0021879831328988075,0.0029943900466939243,-1.3279387950897217
extended,crop_farming,12,ET0310,15,0.8305490016937256,0.977307851545278,-0.8876136541366577,0.752056360244751,0.8759500590964284,-0.5163834095001221
extended,crop_farming,12,ET0311,15,0.22798249125480652,0.29369654219760644,-6.783339500427246,0.15614888072013855,0.19195926341270422,-2.324960231781006
extended,crop_farming,12,ET0312,15,0.07838712632656097,0.09772981733677351,-10844.5,0.0011622905731201172,0.001356476340509094,-1.0893917083740234
extended,crop_farming,12,ET0401,15,0.14238262176513672,0.16662536732768374,-0.8630014657974243,0.08205442875623703,0.1452422951749253,-0.4155237674713135
extended,crop_farming,12,ET0402,15,0.1604364663362503,0.2179657553053468,-1.4708282947540283,0.1317002922296524,0.21165064071607406,-1.3297278881072998
extended,crop_farming,12,ET0403,15,0.1193980723619461,0.141999684730116,-53568.06640625,0.0009426434990018606,0.0012759339533422185,-3.3250956535339355
extended,crop_farming,12,ET0404,15,0.19199351966381073,0.2185823274781497,-64471.703125,0.0011985779274255037,0.0013712588563158158,-1.5373749732971191
extended,crop_farming,12,ET0405,15,0.14375266432762146,0.17475513203361098,-4534.291015625,0.00212679710239172,0.003848156697725413,-1.199129343032837
extended,crop_farming,12,ET0406,15,0.2858949601650238,0.385595771912241,-2.2375078201293945,0.25805237889289856,0.3517088161745084,-1.6934740543365479
extended,crop_farming,12,ET0407,15,0.38262301683425903,0.4992335375534378,-5.13139009475708,0.27759894728660583,0.31235272990490637,-1.4001703262329102
extended,crop_farming,12,ET0408,15,0.2816324234008789,0.3307570410668843,-0.5909321308135986,0.29014453291893005,0.33151402297933913,-0.5982226133346558
extended,crop_farming,12,ET0409,15,0.6269314885139465,0.7422596545029989,-2.3790690898895264,0.5941352248191833,0.6741439521469609,-1.787344217300415
extended,crop_farming,12,ET0413,15,0.15472425520420074,0.1945278140611049,-21.943912506103516,0.03586669638752937,0.06217608108587215,-1.3439631462097168
extended,crop_farming,12,ET0416,15,0.10961374640464783,0.13028169631515554,-7500.93017578125,0.0020917654037475586,0.0031082026561428024,-3.269969940185547
extended,crop_farming,12,ET0417,15,0.42442452907562256,0.5100282891225361,-4.1678314208984375,0.3775302767753601,0.4500907561389271,-3.0245747566223145
extended,crop_farming,12,ET0418,15,0.17391709983348846,0.21720191132464545,-4.2398786544799805,0.14317633211612701,0.18669642670115313,-2.8713815212249756
extended,crop_farming,12,ET0419,15,0.1818009316921234,0.22825873028217206,-2.3275022506713867,0.07242932915687561,0.13724427718858612,-0.20296239852905273
extended,crop_farming,12,ET0420,15,0.1679469645023346,0.20472990171944216,-7.067091941833496,0.057718243449926376,0.10921295542892176,-1.2956347465515137
extended,crop_farming,12,ET0602,15,0.5448562502861023,0.6397591065626619,-2.798031806945801,0.3451923131942749,0.4845074349522825,-1.1783442497253418
extended,crop_farming,12,ET0603,15,0.18912990391254425,0.2880707171024006,-2094.33935546875,0.0035653114318847656,0.006246200434301939,0.01488274335861206
extended,crop_farming,12,ET0604,15,0.35871422290802,0.4552080517410816,-2.843280076980591,0.3424435257911682,0.49851302229478806,-3.609302520751953
extended,crop_farming,12,ET0605,15,0.1523888260126114,0.16798375861071055,-26.349733352661133,0.018170451745390892,0.035186929694114084,-0.20000004768371582
extended,crop_farming,12,ET0701,15,0.3797616958618164,0.48274490414107374,-2.0103611946105957,0.2484009861946106,0.3152832305374122,-0.2840590476989746
extended,crop_farming,12,ET0702,15,0.5320351123809814,0.6532064432717564,-3.312623977661133,0.467920184135437,0.583354955227085,-2.4395885467529297
extended,crop_farming,12,ET0703,15,0.603435218334198,0.6997133136262257,-1.7351548671722412,0.6191816926002502,0.7330417705489486,-2.001919746398926
extended,crop_farming,12,ET0705,15,0.5739222168922424,0.7144932539042795,-2.1856393814086914,0.5986305475234985,0.7177769252147408,-2.2149877548217773
extended,crop_farming,12,ET0706,15,0.5857208967208862,0.6615271695180702,-1.0476737022399902,0.6015942692756653,0.7267488220200048,-1.4713490009307861
extended,crop_farming,12,ET0710,15,0.620307207107544,0.7967431202385885,-1.647603988647461,0.6365706920623779,0.8141727468041665,-1.764709711074829
extended,crop_farming,12,ET0713,15,0.8127040863037109,0.9393233687474907,-2.745922803878784,0.7593507170677185,0.9354622947988801,-2.715190887451172
extended,crop_farming,12,ET0714,15,0.42232856154441833,0.49709338001619474,-2.073110342025757,0.46269258856773376,0.5836753665583231,-3.236867904663086
extended,crop_farming,12,ET0715,15,0.449727326631546,0.5714852542309833,-2.26050066947937,0.46341338753700256,0.5389621751832916,-1.8999519348144531
extended,crop_farming,12,ET0716,15,0.4800650179386139,0.6194516192102911,-1.5170409679412842,0.3961186707019806,0.60475581865007,-1.3990294933319092
extended,crop_farming,12,ET0720,15,0.497107595205307,0.6166387363715679,-2.5854973793029785,0.41770240664482117,0.5129897080740556,-1.481447458267212
extended,crop_farming,12,ET0721,15,0.5026053786277771,0.6347509998690771,-0.6563071012496948,0.46146461367607117,0.6674435653475227,-0.8313155174255371
extended,crop_farming,12,ET0722,15,0.7670934796333313,0.947075704825531,-1.8752670288085938,0.5316421389579773,0.7910873192215561,-1.0061233043670654
extended,crop_farming,12,ET0723,15,0.7851707935333252,0.9507871629191009,-2.894758701324463,0.7278611660003662,0.9793267153076376,-3.132084369659424
extended,crop_farming,12,ET0724,15,0.2970997989177704,0.35233517613097454,-629.4667358398438,0.015347456559538841,0.021680174722222792,-1.3871281147003174
extended,crop_farming,12,ET1101,15,0.16034004092216492,0.19111692203880193,0.0,0.0,0.0,1.0
extended,crop_farming,12,ET1102,15,0.15046454966068268,0.17826456073741212,-977116.5625,0.00023496150970458984,0.0003101995566663399,-1.9586877822875977
extended,crop_farming,12,ET1103,15,0.1563837081193924,0.19650683492683452,-51192.96875,0.0006813049549236894,0.0013193413355835006,-1.3076918125152588
extended,crop_farming,12,ET1104,15,0.6423676013946533,0.7123376243011635,-0.879146933555603,0.6728947758674622,0.8174101575427062,-1.4743950366973877
extended,crop_farming,12,ET1105,15,0.19597311317920685,0.2596274130125501,-13.23168659210205,0.08382570743560791,0.11391065301221374,-1.7395801544189453
extended,crop_farming,12,ET1106,15,0.24201838672161102,0.27847204255272406,-134.1884002685547,0.027253491804003716,0.03370957817451117,-0.9809925556182861
extended,crop_farming,12,ET1202,15,0.25682637095451355,0.3014000929682651,-25.84153938293457,0.05808285251259804,0.09024250130164958,-1.406261920928955
extended,crop_farming,12,ET1203,15,0.17198267579078674,0.2169167041394449,-297435.5,0.00031201043748296797,0.0006042056250536885,-1.3076918125152588
extended,crop_farming,12,ET1204,15,0.13968569040298462,0.15336017940735858,-528.5282592773438,0.006873369216918945,0.010047990802990608,-1.2731199264526367
extended,crop_farming,12,ET1301,15,0.44165948033332825,0.5281307987594523,-4.808921813964844,0.1627976894378662,0.24823944246348598,-0.28337669372558594
extended,crop_farming,12,ET1401,15,0.24227918684482574,0.3052213222855752,-17164484.0,5.779266211902723e-05,0.00011191501019072127,-1.3076913356781006
extended,crop_farming,12,ET1501,15,0.5176169276237488,0.5869587200522145,-7.525485992431641,0.30095455050468445,0.4247648198504427,-3.4647908210754395
extended,crop_farming,12,ET1502,15,0.47357362508773804,0.5796010274217844,-1.6676928997039795,0.46490877866744995,0.5644184088673276,-1.5297634601593018
extended,crop_farming,12,ET1600,15,0.5258471965789795,0.6305321000993338,-2.3991448879241943,0.4454628527164459,0.5606735299070601,-1.687666416168213
extended,pastoral,0,ET0201,15,0.5492228269577026,0.6682962874976549,-1.7897000312805176,0.2650483548641205,0.3496558089294843,0.23633849620819092
extended,pastoral,0,ET0202,15,0.45759424567222595,0.5742405738056922,-0.7991282939910889,0.31308427453041077,0.4335805701924693,-0.02568507194519043
extended,pastoral,0,ET0203,15,0.7609719634056091,0.8836787539607188,-1.6030280590057373,0.3554128408432007,0.5227637438433697,0.08903658390045166
extended,pastoral,0,ET0204,15,0.6258209347724915,0.6967519796950374,-0.17577874660491943,0.37561124563217163,0.5340684848224619,0.30918288230895996
extended,pastoral,0,ET0205,15,0.6987677216529846,0.9116520521386153,-4.02393913269043,0.39142513275146484,0.5964740454997851,-1.1506476402282715
extended,pastoral,0,ET0411,15,0.5031315088272095,0.6595006542795449,-3.608327865600586,0.3488737642765045,0.4036085008974524,-0.7259711027145386
extended,pastoral,0,ET0412,15,0.48478302359580994,0.5673039130342373,0.26573413610458374,0.2666264474391937,0.3391607260925796,0.7375583052635193
extended,pastoral,0,ET0414,15,0.623978853225708,0.7575078528850144,-2.4169554710388184,0.3812071979045868,0.45480371150261245,-0.23172295093536377
extended,pastoral,0,ET0415,15,0.4495125114917755,0.5940844948844168,-0.70998215675354,0.4301814138889313,0.575106550793392,-0.6024768352508545
extended,pastoral,0,ET0421,15,0.6876373887062073,0.8485831892564173,-2.8359375,0.39472121000289917,0.5252698170910275,-0.4697638750076294
extended,pastoral,0,ET0501,15,0.34103044867515564,0.46927078245658754,-0.8585071563720703,0.3247806429862976,0.4475348382846864,-0.6903277635574341
extended,pastoral,0,ET0503,15,0.43641459941864014,0.5790596443431124,-0.531389594078064,0.3944307267665863,0.5969302436468252,-0.6273698806762695
extended,pastoral,0,ET0504,15,0.2427055984735489,0.3024570178990273,-1.625171184539795,0.16567467153072357,0.2646812756424678,-1.0103733539581299
extended,pastoral,0,ET0505,15,0.5826148390769958,0.7123908394295788,-1.1475787162780762,0.4889574944972992,0.5783034899685953,-0.4152202606201172
extended,pastoral,0,ET0506,15,0.25522980093955994,0.33621282162808186,0.388255774974823,0.21566632390022278,0.3322904808995885,0.40244609117507935
extended,pastoral,0,ET0507,15,0.5581760406494141,0.6924854842706248,-0.9197949171066284,0.5154233574867249,0.7032163348746181,-0.9797548055648804
extended,pastoral,0,ET0508,15,0.3160301148891449,0.46562581030243894,0.5179407596588135,0.26429682970046997,0.47668397637206916,0.49477195739746094
extended,pastoral,0,ET0509,15,0.6142951846122742,0.7434415562355889,-0.5383706092834473,0.25906047224998474,0.4426105073292257,0.4547310471534729
extended,pastoral,0,ET0510,15,0.42022305727005005,0.5587913590470355,-0.9735298156738281,0.35654717683792114,0.5625779574732617,-1.0003671646118164
extended,pastoral,0,ET0511,15,0.27287647128105164,0.38408812307826873,0.45404285192489624,0.17980904877185822,0.36571947817064576,0.5050139427185059
extended,pastoral,1,ET0201,15,0.3439163565635681,0.47252564950987863,-0.3946659564971924,0.2650483548641205,0.3496558089294843,0.23633849620819092
extended,pastoral,1,ET0202,15,0.34858641028404236,0.4459741428720913,-0.0851600170135498,0.31308427453041077,0.4335805701924693,-0.02568507194519043
extended,pastoral,1,ET0203,15,0.537647008895874,0.6573983997997448,-0.44061291217803955,0.3554128408432007,0.5227637438433697,0.08903658390045166
extended,pastoral,1,ET0204,15,0.4944140315055847,0.6192345773549731,0.07129114866256714,0.37561124563217163,0.5340684848224619,0.30918288230895996
extended,pastoral,1,ET0205,15,0.518105685710907,0.662783996422379,-1.6554014682769775,0.39142513275146484,0.5964740454997851,-1.1506476402282715
extended,pastoral,1,ET0411,15,0.39027291536331177,0.4554604982704975,-1.197932481765747,0.3488737642765045,0.4036085008974524,-0.7259711027145386
extended,pastoral,1,ET0412,15,0.46434369683265686,0.5513040753092673,0.30656754970550537,0.2666264474391937,0.3391607260925796,0.7375583052635193
extended,pastoral,1,ET0414,15,0.471611887216568,0.5635533007856359,-0.8911895751953125,0.3812071979045868,0.45480371150261245,-0.23172295093536377
extended,pastoral,1,ET0415,15,0.43117567896842957,0.5847462306249761,-0.6566470861434937,0.4301814138889313,0.575106550793392,-0.6024768352508545
extended,pastoral,1,ET0421,15,0.521349310874939,0.6748497778130244,-1.4260342121124268,0.39472121000289917,0.5252698170910275,-0.4697638750076294
extended,pastoral,1,ET0501,15,0.35358816385269165,0.46570836927369375,-0.8303968906402588,0.3247806429862976,0.4475348382846864,-0.6903277635574341
extended,pastoral,1,ET0503,15,0.42992088198661804,0.5792244946359829,-0.5322616100311279,0.3944307267665863,0.5969302436468252,-0.6273698806762695
extended,pastoral,1,ET0504,15,0.22532238066196442,0.28992892913336793,-1.4122004508972168,0.16567467153072357,0.2646812756424678,-1.0103733539581299
extended,pastoral,1,ET0505,15,0.4862958788871765,0.5921839842276774,-0.4839721918106079,0.4889574944972992,0.5783034899685953,-0.4152202606201172
extended,pastoral,1,ET0506,15,0.26512274146080017,0.35704458366220726,0.31009984016418457,0.21566632390022278,0.3322904808995885,0.40244609117507935
extended,pastoral,1,ET0507,15,0.5531584620475769,0.7022164302582371,-0.9741287231445312,0.5154233574867249,0.7032163348746181,-0.9797548055648804
extended,pastoral,1,ET0508,15,0.2962096035480499,0.4605316056040936,0.5284310579299927,0.26429682970046997,0.47668397637206916,0.49477195739746094
extended,pastoral,1,ET0509,15,0.5440855026245117,0.5987749786582091,0.0020825862884521484,0.25906047224998474,0.4426105073292257,0.4547310471534729
extended,pastoral,1,ET0510,15,0.40856024622917175,0.5675211227367896,-1.035674810409546,0.35654717683792114,0.5625779574732617,-1.0003671646118164
extended,pastoral,1,ET0511,15,0.251713365316391,0.3794670281190909,0.4671010375022888,0.17980904877185822,0.36571947817064576,0.5050139427185059
extended,pastoral,2,ET0201,15,0.4618909955024719,0.6035543386147137,-1.2753705978393555,0.2650483548641205,0.3496558089294843,0.23633849620819092
extended,pastoral,2,ET0202,15,0.41140735149383545,0.5346915461946177,-0.5598435401916504,0.31308427453041077,0.4335805701924693,-0.02568507194519043
extended,pastoral,2,ET0203,15,0.5590764284133911,0.6843937797234176,-0.5613566637039185,0.3554128408432007,0.5227637438433697,0.08903658390045166
extended,pastoral,2,ET0204,15,0.6198946237564087,0.743228824315107,-0.33787107467651367,0.37561124563217163,0.5340684848224619,0.30918288230895996
extended,pastoral,2,ET0205,15,0.531947672367096,0.6808893167605846,-1.8024585247039795,0.39142513275146484,0.5964740454997851,-1.1506476402282715
extended,pastoral,2,ET0411,15,0.6040610074996948,0.6819284263261004,-3.9270901679992676,0.3488737642765045,0.4036085008974524,-0.7259711027145386
extended,pastoral,2,ET0412,15,0.6957533955574036,0.8170033147037271,-0.522892951965332,0.2666264474391937,0.3391607260925796,0.7375583052635193
extended,pastoral,2,ET0414,15,0.654707133769989,0.799887330346646,-2.8099799156188965,0.3812071979045868,0.45480371150261245,-0.23172295093536377
extended,pastoral,2,ET0415,15,0.4254099726676941,0.5766801822554031,-0.6112583875656128,0.4301814138889313,0.575106550793392,-0.6024768352508545
extended,pastoral,2,ET0421,15,0.7182719707489014,0.9218594177998174,-3.5270166397094727,0.39472121000289917,0.5252698170910275,-0.4697638750076294
extended,pastoral,2,ET0501,15,0.35864847898483276,0.4625141367169411,-0.8053741455078125,0.3247806429862976,0.4475348382846864,-0.6903277635574341
extended,pastoral,2,ET0503,15,0.41508910059928894,0.5731581670218336,-0.5003343820571899,0.3944307267665863,0.5969302436468252,-0.6273698806762695
extended,pastoral,2,ET0504,15,0.2232416719198227,0.28624547361351677,-1.35129714012146,0.16567467153072357,0.2646812756424678,-1.0103733539581299
extended,pastoral,2,ET0505,15,0.5363503694534302,0.6168079899468308,-0.609950065612793,0.4889574944972992,0.5783034899685953,-0.4152202606201172
extended,pastoral,2,ET0506,15,0.2766992449760437,0.4175748484155553,0.05635213851928711,0.21566632390022278,0.3322904808995885,0.40244609117507935
extended,pastoral,2,ET0507,15,0.5527929663658142,0.7458146057406069,-1.226872205734253,0.5154233574867249,0.7032163348746181,-0.9797548055648804
extended,pastoral,2,ET0508,15,0.2704094350337982,0.4246243675132894,0.5990999341011047,0.26429682970046997,0.47668397637206916,0.49477195739746094
extended,pastoral,2,ET0509,15,0.6233152747154236,0.7229369159761097,-0.4546823501586914,0.25906047224998474,0.4426105073292257,0.4547310471534729
extended,pastoral,2,ET0510,15,0.37669456005096436,0.568091391606941,-1.0397679805755615,0.35654717683792114,0.5625779574732617,-1.0003671646118164
extended,pastoral,2,ET0511,15,0.21534115076065063,0.36981976317287074,0.4938526153564453,0.17980904877185822,0.36571947817064576,0.5050139427185059
extended,pastoral,3,ET0201,15,0.41888993978500366,0.5654926429711813,-0.9974381923675537,0.2650483548641205,0.3496558089294843,0.23633849620819092
extended,pastoral,3,ET0202,15,0.34988319873809814,0.41769920998723026,0.04807722568511963,0.31308427453041077,0.4335805701924693,-0.02568507194519043
extended,pastoral,3,ET0203,15,0.5416060090065002,0.6858944785979686,-0.5682114362716675,0.3554128408432007,0.5227637438433697,0.08903658390045166
extended,pastoral,3,ET0204,15,0.44889315962791443,0.5589622669126585,0.24328184127807617,0.37561124563217163,0.5340684848224619,0.30918288230895996
extended,pastoral,3,ET0205,15,0.5530861020088196,0.7086904037150997,-2.035982370376587,0.39142513275146484,0.5964740454997851,-1.1506476402282715
extended,pastoral,3,ET0411,15,0.44572991132736206,0.5435445737291905,-2.1302804946899414,0.3488737642765045,0.4036085008974524,-0.7259711027145386
extended,pastoral,3,ET0412,15,0.537429690361023,0.6304821622761988,0.09308338165283203,0.2666264474391937,0.3391607260925796,0.7375583052635193
extended,pastoral,3,ET0414,15,0.6155024170875549,0.7644359152001402,-2.479743480682373,0.3812071979045868,0.45480371150261245,-0.23172295093536377
extended,pastoral,3,ET0415,15,0.46931490302085876,0.6088439632721427,-0.7960033416748047,0.4301814138889313,0.575106550793392,-0.6024768352508545
extended,pastoral,3,ET0421,15,0.6424357295036316,0.8353641361898391,-2.717357635498047,0.39472121000289917,0.5252698170910275,-0.4697638750076294
extended,pastoral,3,ET0501,15,0.3847680985927582,0.499021690649271,-1.1016290187835693,0.3247806429862976,0.4475348382846864,-0.6903277635574341
extended,pastoral,3,ET0503,15,0.48750609159469604,0.6056887811354551,-0.6754757165908813,0.3944307267665863,0.5969302436468252,-0.6273698806762695
extended,pastoral,3,ET0504,15,0.26163220405578613,0.32230830054499754,-1.9810774326324463,0.16567467153072357,0.2646812756424678,-1.0103733539581299
extended,pastoral,3,ET0505,15,0.4725777208805084,0.5953615553861797,-0.4999403953552246,0.4889574944972992,0.5783034899685953,-0.4152202606201172
extended,pastoral,3,ET0506,15,0.28623345494270325,0.3755486765929993,0.23673772811889648,0.21566632390022278,0.3322904808995885,0.40244609117507935
extended,pastoral,3,ET0507,15,0.5938004851341248,0.734976623513744,-1.1626214981079102,0.5154233574867249,0.7032163348746181,-0.9797548055648804
extended,pastoral,3,ET0508,15,0.36670228838920593,0.4898574109279152,0.46646153926849365,0.26429682970046997,0.47668397637206916,0.49477195739746094
extended,pastoral,3,ET0509,15,0.5690677762031555,0.6431919632833646,-0.1514592170715332,0.25906047224998474,0.4426105073292257,0.4547310471534729
extended,pastoral,3,ET0510,15,0.4578714370727539,0.6032053078665167,-1.2997181415557861,0.35654717683792114,0.5625779574732617,-1.0003671646118164
extended,pastoral,3,ET0511,15,0.3086510896682739,0.40866081460560816,0.3819512128829956,0.17980904877185822,0.36571947817064576,0.5050139427185059
extended,pastoral,4,ET0201,15,0.7017452120780945,0.8879880181268855,-3.9253106117248535,0.33638617396354675,0.4471834598681313,-0.24908173084259033
extended,pastoral,4,ET0202,15,0.5904002785682678,0.7038846892210094,-1.703195333480835,0.5363829731941223,0.6160824213962453,-1.0708661079406738
extended,pastoral,4,ET0203,15,0.7493400573730469,0.9213188562838345,-1.8295016288757324,0.4578699469566345,0.583753099862145,-0.13592171669006348
extended,pastoral,4,ET0204,15,0.627654492855072,0.790349081391212,-0.51288902759552,0.5033273100852966,0.6190710419744795,0.07178157567977905
extended,pastoral,4,ET0205,15,0.6001909375190735,0.8430914604806059,-3.2967047691345215,0.4558478593826294,0.638915945657297,-1.4675934314727783
extended,pastoral,4,ET0411,15,0.5487784743309021,0.654325638323871,-3.536289691925049,0.364837646484375,0.42581957023436234,-0.9211627244949341
extended,pastoral,4,ET0412,15,0.7658967971801758,0.9131242876617974,-0.9023112058639526,0.4505002200603485,0.5516003139166461,0.3058221936225891
extended,pastoral,4,ET0414,15,0.6804796457290649,0.8291146824386144,-3.0934948921203613,0.3740789592266083,0.44780733378399157,-0.19411849975585938
extended,pastoral,4,ET0415,15,0.49400702118873596,0.6036589369011289,-0.7655433416366577,0.5045368075370789,0.5922994965706521,-0.6997218132019043
extended,pastoral,4,ET0421,15,0.8275709748268127,1.037390891623018,-4.732810020446777,0.324948251247406,0.45775104149242113,-0.11619830131530762
extended,pastoral,4,ET0501,15,0.46589896082878113,0.5707404477593755,-1.7491252422332764,0.4064314067363739,0.5303206168134097,-1.3735272884368896
extended,pastoral,4,ET0503,15,0.5148587822914124,0.6334168879915056,-0.8323919773101807,0.5078586339950562,0.6862194750377362,-1.1506273746490479
extended,pastoral,4,ET0504,15,0.2342098355293274,0.2962286337459056,-1.5181660652160645,0.13937512040138245,0.25725532782202526,-0.8991490602493286
extended,pastoral,4,ET0505,15,0.6547303795814514,0.8109082255288866,-1.78263258934021,0.5440183281898499,0.7166660199790816,-1.1734318733215332
extended,pastoral,4,ET0506,15,0.35097643733024597,0.4553367632892174,-0.12203586101531982,0.3329620957374573,0.4533473324396503,-0.11225271224975586
extended,pastoral,4,ET0507,15,0.5817494988441467,0.7060086352682046,-0.9955081939697266,0.520460844039917,0.707076729844983,-1.0015506744384766
extended,pastoral,4,ET0508,15,0.5492216348648071,0.6746457653910464,-0.011994004249572754,0.5125824809074402,0.6839036511552015,-0.039958834648132324
extended,pastoral,4,ET0509,15,0.8526554703712463,1.0563135680984435,-2.105653762817383,0.44004127383232117,0.6162807225583482,-0.057120561599731445
extended,pastoral,4,ET0510,15,0.4395560026168823,0.6650400931956725,-1.7953743934631348,0.36167019605636597,0.6651653556388655,-1.7964274883270264
extended,pastoral,4,ET0511,15,0.4028031527996063,0.5376666697762086,-0.06985032558441162,0.3144773542881012,0.5175156753580096,0.008839905261993408
extended,pastoral,8,ET0201,15,0.5380670428276062,0.8061556709170059,-3.059356689453125,0.41350072622299194,0.5177759044563984,-0.6745692491531372
extended,pastoral,8,ET0202,15,0.5063972473144531,0.5956532691979848,-0.9358043670654297,0.5832716226577759,0.6435320188845347,-1.2595124244689941
extended,pastoral,8,ET0203,15,0.8354616761207581,0.9763612768761601,-2.177686929702759,0.5523216724395752,0.7131305447629497,-0.6952279806137085
extended,pastoral,8,ET0204,15,0.7199195623397827,0.8799820483067265,-0.87549889087677,0.6162146329879761,0.7833353820395227,-0.4861569404602051
extended,pastoral,8,ET0205,15,0.40708887577056885,0.6059500719234859,-1.2195239067077637,0.26677167415618896,0.4607232129118162,-0.2831171751022339
extended,pastoral,8,ET0411,15,0.46467387676239014,0.5734206121800791,-2.4838504791259766,0.2521291673183441,0.36909571379485606,-0.44341397285461426
extended,pastoral,8,ET0412,15,0.8077942132949829,1.091660055960715,-1.718921184539795,0.6145011186599731,0.7142663927530377,-0.16397106647491455
extended,pastoral,8,ET0414,15,0.542156457901001,0.7134012144388011,-2.0306289196014404,0.3829222619533539,0.4537559588753009,-0.22605443000793457
extended,pastoral,8,ET0415,15,0.38101786375045776,0.4531351450080391,0.005166053771972656,0.4201904535293579,0.5200577269661634,-0.3103829622268677
extended,pastoral,8,ET0421,15,0.7963634729385376,1.0114859530406477,-4.450073719024658,0.450143426656723,0.5638897205867595,-0.6938347816467285
extended,pastoral,8,ET0501,15,0.3199738562107086,0.3692099490995489,-0.15043997764587402,0.3139980435371399,0.41651154451868266,-0.46410179138183594
extended,pastoral,8,ET0503,15,0.4482707977294922,0.5714709652561388,-0.49151432514190674,0.40272724628448486,0.6069559598010265,-0.6824938058853149
extended,pastoral,8,ET0504,15,0.3051568865776062,0.3713587968848839,-2.9574708938598633,0.1628568172454834,0.263916283818196,-0.9987691640853882
extended,pastoral,8,ET0505,15,0.6312388181686401,0.7924716312012042,-1.6575403213500977,0.5304977893829346,0.6663665070930834,-0.8790518045425415
extended,pastoral,8,ET0506,15,0.35881564021110535,0.5042463234430278,-0.3760265111923218,0.41071948409080505,0.5030014727572804,-0.36924076080322266
extended,pastoral,8,ET0507,15,0.5185354351997375,0.7149498449087291,-1.0463721752166748,0.4003027379512787,0.7034184585224286,-0.9808928966522217
extended,pastoral,8,ET0508,15,0.5909780263900757,0.7274993271185526,-0.17676985263824463,0.5299406051635742,0.7035407214901575,-0.10053741931915283
extended,pastoral,8,ET0509,15,0.6718828082084656,0.9509924811478147,-1.5172219276428223,0.5055360794067383,0.6887340091365192,-0.3202931880950928
extended,pastoral,8,ET0510,15,0.42804136872291565,0.5330223643440155,-0.7957057952880859,0.2903585135936737,0.5016346674542939,-0.5904476642608643
extended,pastoral,8,ET0511,15,0.39496752619743347,0.4934720125987354,0.09879863262176514,0.3894282579421997,0.5919871512223654,-0.29694437980651855
extended,pastoral,12,ET0201,15,0.49043509364128113,0.6446184503926403,-1.5955228805541992,0.46761220693588257,0.5767945626367634,-1.0780773162841797
extended,pastoral,12,ET0202,15,0.4077531099319458,0.51786413387691,-0.4632079601287842,0.4585508406162262,0.5742838816132276,-0.799399733543396
extended,pastoral,12,ET0203,15,0.6774750351905823,0.8590712617418312,-1.4600751399993896,0.6521583199501038,0.8176303793971209,-1.2284560203552246
extended,pastoral,12,ET0204,15,0.6472124457359314,0.7653947990158041,-0.4188622236251831,0.6118962168693542,0.8023654804797138,-0.5592424869537354
extended,pastoral,12,ET0205,15,0.6071470975875854,0.6587866621655125,-1.6234676837921143,0.38613954186439514,0.5817275567096395,-1.0456221103668213
extended,pastoral,12,ET0411,15,0.3978422284126282,0.504906954455594,-1.701068639755249,0.40594932436943054,0.45754236186741604,-1.218071460723877
extended,pastoral,12,ET0412,15,0.8110879063606262,0.9717244660300932,-1.1543092727661133,0.7734079957008362,0.8916455495122295,-0.8138704299926758
extended,pastoral,12,ET0414,15,0.5891194939613342,0.7540342390295319,-2.385690212249756,0.5475014448165894,0.6352488864286917,-1.4029951095581055
extended,pastoral,12,ET0415,15,0.5882362127304077,0.7134006713638377,-1.4658243656158447,0.5700748562812805,0.721389898156575,-1.5213623046875
extended,pastoral,12,ET0421,15,0.5760230422019958,0.7059784105393121,-1.6550061702728271,0.5274903178215027,0.6300963756852984,-1.1149332523345947
extended,pastoral,12,ET0501,15,0.5198971033096313,0.6114104584164727,-2.1548807621002197,0.48939037322998047,0.5903072935715864,-1.9408543109893799
extended,pastoral,12,ET0503,15,0.4889393150806427,0.6251305443804478,-0.784762978553772,0.39301177859306335,0.5976020189999941,-0.6310347318649292
extended,pastoral,12,ET0504,15,0.48054230213165283,0.5480790371474396,-7.620186805725098,0.15128929913043976,0.25444793140708416,-0.8579249382019043
extended,pastoral,12,ET0505,15,0.6211704611778259,0.7665288222481048,-1.4863908290863037,0.40559688210487366,0.5374436604004457,-0.22230148315429688
extended,pastoral,12,ET0506,15,0.5619942545890808,0.6187234429719441,-1.0717363357543945,0.5025948286056519,0.5935626738332024,-0.9066653251647949
extended,pastoral,12,ET0507,15,0.6530361771583557,0.736031267546344,-1.168832540512085,0.3871225416660309,0.6053228140894128,-0.46692395210266113
extended,pastoral,12,ET0508,15,0.6796769499778748,0.757483145334301,-0.27576959133148193,0.5496633052825928,0.7209111768846945,-0.15555298328399658
extended,pastoral,12,ET0509,15,0.6366011500358582,0.7413951860894664,-0.5299134254455566,0.5886842012405396,0.7456188987616608,-0.547394871711731
extended,pastoral,12,ET0510,15,0.5093600153923035,0.6468311543739627,-1.6443939208984375,0.2965383529663086,0.5011899318995227,-0.587628960609436
extended,pastoral,12,ET0511,15,0.6708317995071411,0.7444287240525782,-1.0508930683135986,0.4555763304233551,0.6461005555316855,-0.5448880195617676
