window,lhz,lead,zone_code,n,accuracy,f1_weighted,mae,rmse,r2,accuracy_baseline,f1_weighted_baseline,mae_baseline,rmse_baseline,r2_baseline
default,agropastoral,0,ET0410,9,0.7777777777777778,0.7301587301587301,0.3333333333333333,0.7453559924999299,-0.1842105263157896,0.6666666666666666,0.6203703703703703,0.4444444444444444,0.816496580927726,-0.42105263157894757
default,agropastoral,0,ET0502,9,0.7777777777777778,0.8174603174603174,0.2222222222222222,0.4714045207910317,-1.25,0.7777777777777778,0.7777777777777778,0.2222222222222222,0.4714045207910317,-1.25
default,agropastoral,0,ET0707,9,0.6666666666666666,0.658008658008658,0.3333333333333333,0.5773502691896257,-0.3500000000000003,0.5555555555555556,0.48148148148148145,0.4444444444444444,0.6666666666666666,-0.8000000000000003
default,agropastoral,0,ET0712,9,0.4444444444444444,0.4444444444444444,0.5555555555555556,0.7453559924999299,-1.2500000000000004,0.4444444444444444,0.4444444444444444,0.5555555555555556,0.7453559924999299,-1.2500000000000004
default,agropastoral,0,ET1201,9,0.6666666666666666,0.6461538461538462,0.3333333333333333,0.5773502691896257,-0.5,0.6666666666666666,0.5333333333333334,0.3333333333333333,0.5773502691896257,-0.5
default,agropastoral,1,ET0410,9,0.6666666666666666,0.6203703703703703,0.4444444444444444,0.816496580927726,-0.42105263157894757,0.6666666666666666,0.6203703703703703,0.4444444444444444,0.816496580927726,-0.42105263157894757
default,agropastoral,1,ET0502,9,0.7777777777777778,0.8174603174603174,0.2222222222222222,0.4714045207910317,-1.25,0.7777777777777778,0.7777777777777778,0.2222222222222222,0.4714045207910317,-1.25
default,agropastoral,1,ET0707,9,0.5555555555555556,0.5444444444444445,0.4444444444444444,0.6666666666666666,-0.8000000000000003,0.5555555555555556,0.48148148148148145,0.4444444444444444,0.6666666666666666,-0.8000000000000003
default,agropastoral,1,ET0712,9,0.4444444444444444,0.4444444444444444,0.5555555555555556,0.7453559924999299,-1.2500000000000004,0.4444444444444444,0.4444444444444444,0.5555555555555556,0.7453559924999299,-1.2500000000000004
default,agropastoral,1,ET1201,9,0.4444444444444444,0.4588744588744588,0.5555555555555556,0.7453559924999299,-1.5,0.6666666666666666,0.5333333333333334,0.3333333333333333,0.5773502691896257,-0.5
default,agropastoral,2,ET0410,9,0.7777777777777778,0.7301587301587301,0.3333333333333333,0.7453559924999299,-0.1842105263157896,0.6666666666666666,0.6203703703703703,0.4444444444444444,0.816496580927726,-0.42105263157894757
default,agropastoral,2,ET0502,9,0.6666666666666666,0.7111111111111111,0.3333333333333333,0.5773502691896257,-2.3749999999999996,0.7777777777777778,0.7777777777777778,0.2222222222222222,0.4714045207910317,-1.25
default,agropastoral,2,ET0707,9,0.6666666666666666,0.6666666666666666,0.3333333333333333,0.5773502691896257,-0.3500000000000003,0.5555555555555556,0.48148148148148145,0.4444444444444444,0.6666666666666666,-0.8000000000000003
default,agropastoral,2,ET0712,9,0.4444444444444444,0.4444444444444444,0.5555555555555556,0.7453559924999299,-1.2500000000000004,0.4444444444444444,0.4444444444444444,0.5555555555555556,0.7453559924999299,-1.2500000000000004
default,agropastoral,2,ET1201,9,0.6666666666666666,0.6461538461538462,0.3333333333333333,0.5773502691896257,-0.5,0.6666666666666666,0.5333333333333334,0.3333333333333333,0.5773502691896257,-0.5
default,agropastoral,3,ET0410,9,0.5555555555555556,0.5174603174603174,0.4444444444444444,0.6666666666666666,0.05263157894736825,0.6666666666666666,0.6203703703703703,0.4444444444444444,0.816496580927726,-0.42105263157894757
default,agropastoral,3,ET0502,9,0.7777777777777778,0.7777777777777778,0.2222222222222222,0.4714045207910317,-1.25,0.7777777777777778,0.7777777777777778,0.2222222222222222,0.4714045207910317,-1.25
default,agropastoral,3,ET0707,9,0.5555555555555556,0.48148148148148145,0.4444444444444444,0.6666666666666666,-0.8000000000000003,0.5555555555555556,0.48148148148148145,0.4444444444444444,0.6666666666666666,-0.8000000000000003
default,agropastoral,3,ET0712,9,0.4444444444444444,0.4011544011544011,0.5555555555555556,0.7453559924999299,-1.2500000000000004,0.4444444444444444,0.4444444444444444,0.5555555555555556,0.7453559924999299,-1.2500000000000004
default,agropastoral,3,ET1201,9,0.6666666666666666,0.5333333333333334,0.3333333333333333,0.5773502691896257,-0.5,0.6666666666666666,0.5333333333333334,0.3333333333333333,0.5773502691896257,-0.5
default,agropastoral,4,ET0410,9,0.4444444444444444,0.4259259259259259,0.5555555555555556,0.7453559924999299,-0.1842105263157896,0.4444444444444444,0.41358024691358025,0.6666666666666666,0.9428090415820634,-0.8947368421052635
default,agropastoral,4,ET0502,9,0.7777777777777778,0.7777777777777778,0.2222222222222222,0.4714045207910317,-1.25,0.8888888888888888,0.8366013071895425,0.1111111111111111,0.3333333333333333,-0.125
default,agropastoral,4,ET0707,9,0.6666666666666666,0.6666666666666666,0.3333333333333333,0.5773502691896257,-0.3500000000000003,0.4444444444444444,0.27350427350427353,0.5555555555555556,0.7453559924999299,-1.2500000000000004
default,agropastoral,4,ET0712,9,0.3333333333333333,0.40476190476190477,0.7777777777777778,1.0,-3.0500000000000007,0.5555555555555556,0.5444444444444445,0.4444444444444444,0.6666666666666666,-0.8000000000000003
default,agropastoral,4,ET1201,9,0.6666666666666666,0.5333333333333334,0.3333333333333333,0.5773502691896257,-0.5,0.6666666666666666,0.5333333333333334,0.3333333333333333,0.5773502691896257,-0.5
default,agropastoral,8,ET0410,9,0.5555555555555556,0.5151515151515151,0.4444444444444444,0.6666666666666666,0.05263157894736825,0.3333333333333333,0.3333333333333333,0.6666666666666666,0.816496580927726,-0.42105263157894757
default,agropastoral,8,ET0502,9,0.8888888888888888,0.8366013071895425,0.1111111111111111,0.3333333333333333,-0.125,0.7777777777777778,0.7777777777777778,0.2222222222222222,0.4714045207910317,-1.25
default,agropastoral,8,ET0707,9,0.5555555555555556,0.48148148148148145,0.4444444444444444,0.6666666666666666,-0.8000000000000003,0.3333333333333333,0.2222222222222222,0.6666666666666666,0.816496580927726,-1.7000000000000006
default,agropastoral,8,ET0712,9,0.4444444444444444,0.5396825396825397,0.6666666666666666,0.9428090415820634,-2.6000000000000005,0.4444444444444444,0.4253968253968254,0.6666666666666666,0.9428090415820634,-2.6000000000000005
default,agropastoral,8,ET1201,9,0.6666666666666666,0.5333333333333334,0.3333333333333333,0.5773502691896257,-0.5,0.6666666666666666,0.5333333333333334,0.3333333333333333,0.5773502691896257,-0.5
default,agropastoral,12,ET0410,9,0.6666666666666666,0.6262626262626263,0.4444444444444444,0.816496580927726,-0.42105263157894757,0.1111111111111111,0.1388888888888889,0.8888888888888888,0.9428090415820634,-0.8947368421052635
default,agropastoral,12,ET0502,9,0.2222222222222222,0.2222222222222222,0.7777777777777778,0.8819171036881969,-6.874999999999999,0.7777777777777778,0.7777777777777778,0.2222222222222222,0.4714045207910317,-1.25
default,agropastoral,12,ET0707,9,0.4444444444444444,0.43001443001442996,0.5555555555555556,0.7453559924999299,-1.2500000000000004,0.4444444444444444,0.2962962962962963,0.6666666666666666,0.9428090415820634,-2.6000000000000005
default,agropastoral,12,ET0712,9,0.5555555555555556,0.5444444444444445,0.4444444444444444,0.6666666666666666,-0.8000000000000003,0.5555555555555556,0.6137566137566137,0.5555555555555556,0.8819171036881969,-2.1500000000000004
default,agropastoral,12,ET1201,9,0.6666666666666666,0.5333333333333334,0.3333333333333333,0.5773502691896257,-0.5,0.6666666666666666,0.5333333333333334,0.3333333333333333,0.5773502691896257,-0.5
default,crop_farming,0,ET0101,9,0.1111111111111111,0.13333333333333336,1.0,1.1055415967851334,0.3486842105263158,0.7777777777777778,0.7795414462081128,0.3333333333333333,0.7453559924999299,0.7039473684210527
default,crop_farming,0,ET0102,9,0.2222222222222222,0.2037037037037037,0.8888888888888888,1.0540925533894598,0.32835820895522394,0.5555555555555556,0.606060606060606,0.6666666666666666,1.1547005383792515,0.19402985074626866
default,crop_farming,0,ET0103,9,0.1111111111111111,0.044444444444444446,0.8888888888888888,0.9428090415820634,0.16279069767441856,0.5555555555555556,0.5493827160493827,0.5555555555555556,0.8819171036881969,0.2674418604651163
default,crop_farming,0,ET0104,9,0.3333333333333333,0.2222222222222222,0.7777777777777778,1.0,-0.6200000000000001,0.6666666666666666,0.692063492063492,0.4444444444444444,0.816496580927726,-0.08000000000000007
default,crop_farming,0,ET0105,9,0.5555555555555556,0.5396825396825397,0.4444444444444444,0.6666666666666666,0.6,0.6666666666666666,0.6190476190476191,0.3333333333333333,0.5773502691896257,0.7
default,crop_farming,0,ET0106,9,0.1111111111111111,0.14814814814814814,1.0,1.1055415967851334,0.1885245901639344,0.4444444444444444,0.5333333333333334,0.8888888888888888,1.3333333333333333,-0.180327868852459
default,crop_farming,0,ET0107,9,0.5555555555555556,0.6767676767676768,0.5555555555555556,0.8819171036881969,-0.12500000000000022,0.5555555555555556,0.6481481481481483,0.6666666666666666,1.0540925533894598,-0.6071428571428574
default,crop_farming,0,ET0301,9,0.3333333333333333,0.2222222222222222,0.6666666666666666,0.816496580927726,-0.5000000000000002,0.2222222222222222,0.19753086419753085,1.0,1.2018504251546631,-2.2500000000000004
default,crop_farming,0,ET0302,9,0.4444444444444444,0.39191919191919194,0.5555555555555556,0.7453559924999299,-0.25,0.1111111111111111,0.04938271604938271,1.0,1.1055415967851334,-1.75
default,crop_farming,0,ET0303,9,0.6666666666666666,0.6772486772486772,0.4444444444444444,0.816496580927726,-0.5000000000000002,0.4444444444444444,0.5502645502645502,0.7777777777777778,1.1055415967851334,-1.7500000000000004
default,crop_farming,0,ET0304,9,0.4444444444444444,0.367003367003367,0.5555555555555556,0.7453559924999299,-0.1842105263157896,0.3333333333333333,0.35185185185185186,0.8888888888888888,1.1547005383792515,-1.8421052631578951
default,crop_farming,0,ET0305,9,0.5555555555555556,0.5277777777777778,0.4444444444444444,0.6666666666666666,0.33333333333333337,0.4444444444444444,0.37037037037037035,0.6666666666666666,0.9428090415820634,-0.33333333333333326
default,crop_farming,0,ET0306,9,1.0,1.0,0.0,0.0,,1.0,1.0,0.0,0.0,
default,crop_farming,0,ET0307,9,1.0,1.0,0.0,0.0,,1.0,1.0,0.0,0.0,
default,crop_farming,0,ET0308,9,0.5555555555555556,0.48677248677248675,0.5555555555555556,0.8819171036881969,-0.43181818181818166,0.4444444444444444,0.42857142857142855,0.5555555555555556,0.7453559924999299,-0.022727272727272707
default,crop_farming,0,ET0309,9,1.0,1.0,0.0,0.0,,1.0,1.0,0.0,0.0,
default,crop_farming,0,ET0310,9,0.4444444444444444,0.40909090909090906,0.5555555555555556,0.7453559924999299,-0.022727272727272707,0.3333333333333333,0.35714285714285715,0.7777777777777778,1.0,-0.8409090909090908
default,crop_farming,0,ET0311,9,0.7777777777777778,0.8174603174603174,0.2222222222222222,0.4714045207910317,-1.25,0.8888888888888888,0.8366013071895425,0.1111111111111111,0.3333333333333333,-0.125
default,crop_farming,0,ET0312,9,1.0,1.0,0.0,0.0,,1.0,1.0,0.0,0.0,
default,crop_farming,0,ET0401,9,1.0,1.0,0.0,0.0,,1.0,1.0,0.0,0.0,
default,crop_farming,0,ET0402,9,1.0,1.0,0.0,0.0,,1.0,1.0,0.0,0.0,
default,crop_farming,0,ET0403,9,1.0,1.0,0.0,0.0,,1.0,1.0,0.0,0.0,
default,crop_farming,0,ET0404,9,1.0,1.0,0.0,0.0,,1.0,1.0,0.0,0.0,
default,crop_farming,0,ET0405,9,1.0,1.0,0.0,0.0,,1.0,1.0,0.0,0.0,
default,crop_farming,0,ET0406,9,0.7777777777777778,0.7962962962962963,0.2222222222222222,0.4714045207910317,-0.2857142857142858,0.8888888888888888,0.874074074074074,0.1111111111111111,0.3333333333333333,0.3571428571428571
default,crop_farming,0,ET0407,9,0.5555555555555556,0.5777777777777778,0.4444444444444444,0.6666666666666666,-1.0,0.6666666666666666,0.6153846153846154,0.5555555555555556,1.0,-3.5
default,crop_farming,0,ET0408,9,0.4444444444444444,0.43636363636363634,0.5555555555555556,0.7453559924999299,-0.40625,0.4444444444444444,0.4259259259259259,0.6666666666666666,0.9428090415820634,-1.25
default,crop_farming,0,ET0409,9,0.6666666666666666,0.7282051282051283,0.3333333333333333,0.5773502691896257,-2.3749999999999996,0.5555555555555556,0.6296296296296295,0.4444444444444444,0.6666666666666666,-3.5
default,crop_farming,0,ET0413,9,1.0,1.0,0.0,0.0,,1.0,1.0,0.0,0.0,
default,crop_farming,0,ET0416,9,1.0,1.0,0.0,0.0,,1.0,1.0,0.0,0.0,
default,crop_farming,0,ET0417,9,0.4444444444444444,0.4074074074074074,0.6666666666666666,0.9428090415820634,-1.0,0.3333333333333333,0.303030303030303,0.7777777777777778,1.0,-1.25
default,crop_farming,0,ET0418,9,0.7777777777777778,0.6805555555555556,0.2222222222222222,0.4714045207910317,-0.2857142857142858,0.7777777777777778,0.6805555555555556,0.2222222222222222,0.4714045207910317,-0.2857142857142858
default,crop_farming,0,ET0419,9,1.0,1.0,0.0,0.0,,1.0,1.0,0.0,0.0,
default,crop_farming,0,ET0420,9,0.7777777777777778,0.6805555555555556,0.2222222222222222,0.4714045207910317,-0.2857142857142858,0.7777777777777778,0.6805555555555556,0.2222222222222222,0.4714045207910317,-0.2857142857142858
default,crop_farming,0,ET0602,9,0.6666666666666666,0.5714285714285714,0.4444444444444444,0.816496580927726,0.0357142857142857,0.5555555555555556,0.5128205128205129,0.5555555555555556,0.8819171036881969,-0.125
default,crop_farming,0,ET0603,9,1.0,1.0,0.0,0.0,,1.0,1.0,0.0,0.0,
default,crop_farming,0,ET0604,9,0.6666666666666666,0.7238095238095239,0.3333333333333333,0.5773502691896257,-0.5,0.8888888888888888,0.8917748917748918,0.1111111111111111,0.3333333333333333,0.5
default,crop_farming,0,ET0605,9,1.0,1.0,0.0,0.0,,1.0,1.0,0.0,0.0,
default,crop_farming,0,ET0701,9,0.4444444444444444,0.47530864197530864,0.5555555555555556,0.7453559924999299,-1.25,0.7777777777777778,0.7592592592592593,0.2222222222222222,0.4714045207910317,0.10000000000000009
default,crop_farming,0,ET0702,9,0.5555555555555556,0.5555555555555556,0.4444444444444444,0.6666666666666666,-1.0,0.5555555555555556,0.606060606060606,0.7777777777777778,1.2018504251546631,-5.5
default,crop_farming,0,ET0703,9,0.5555555555555556,0.5333333333333333,0.4444444444444444,0.6666666666666666,-0.38461538461538436,0.4444444444444444,0.4444444444444444,0.6666666666666666,0.9428090415820634,-1.7692307692307687
default,crop_farming,0,ET0705,9,0.5555555555555556,0.5444444444444445,0.4444444444444444,0.6666666666666666,-0.8000000000000003,0.4444444444444444,0.4511784511784512,0.5555555555555556,0.7453559924999299,-1.2500000000000004
default,crop_farming,0,ET0706,9,0.6666666666666666,0.6222222222222222,0.3333333333333333,0.5773502691896257,-0.9285714285714288,0.6666666666666666,0.6666666666666666,0.4444444444444444,0.816496580927726,-2.8571428571428577
default,crop_farming,0,ET0710,9,0.4444444444444444,0.43001443001442996,0.5555555555555556,0.7453559924999299,-1.2500000000000004,0.2222222222222222,0.25044091710758376,0.7777777777777778,0.8819171036881969,-2.1500000000000004
default,crop_farming,0,ET0713,9,0.5555555555555556,0.5666666666666667,0.4444444444444444,0.6666666666666666,-1.0,0.5555555555555556,0.5666666666666667,0.4444444444444444,0.6666666666666666,-1.0
default,crop_farming,0,ET0714,9,0.8888888888888888,0.886002886002886,0.1111111111111111,0.3333333333333333,0.5499999999999999,0.6666666666666666,0.6051282051282052,0.3333333333333333,0.5773502691896257,-0.3500000000000003
default,crop_farming,0,ET0715,9,1.0,1.0,0.0,0.0,1.0,0.5555555555555556,0.462962962962963,0.6666666666666666,1.0540925533894598,-3.500000000000001
default,crop_farming,0,ET0716,9,0.7777777777777778,0.7777777777777778,0.2222222222222222,0.4714045207910317,-1.25,0.7777777777777778,0.7777777777777778,0.2222222222222222,0.4714045207910317,-1.25
default,crop_farming,0,ET0720,9,0.6666666666666666,0.5940170940170941,0.3333333333333333,0.5773502691896257,0.15625,0.4444444444444444,0.37037037037037035,0.6666666666666666,0.9428090415820634,-1.25
default,crop_farming,0,ET0721,9,0.6666666666666666,0.6753246753246753,0.3333333333333333,0.5773502691896257,-0.5,0.4444444444444444,0.4102564102564103,0.5555555555555556,0.7453559924999299,-1.5
default,crop_farming,0,ET0722,9,0.3333333333333333,0.3333333333333333,0.6666666666666666,0.816496580927726,-1.7000000000000006,0.2222222222222222,0.2222222222222222,0.7777777777777778,0.8819171036881969,-2.1500000000000004
default,crop_farming,0,ET0723,9,0.2222222222222222,0.2222222222222222,0.7777777777777778,0.8819171036881969,-2.1500000000000004,0.3333333333333333,0.3333333333333333,0.6666666666666666,0.816496580927726,-1.7000000000000006
default,crop_farming,0,ET0724,9,1.0,1.0,0.0,0.0,,1.0,1.0,0.0,0.0,
default,crop_farming,0,ET1101,9,1.0,1.0,0.0,0.0,,1.0,1.0,0.0,0.0,
default,crop_farming,0,ET1102,9,1.0,1.0,0.0,0.0,,1.0,1.0,0.0,0.0,
default,crop_farming,0,ET1103,9,1.0,1.0,0.0,0.0,,1.0,1.0,0.0,0.0,
default,crop_farming,0,ET1104,9,0.3333333333333333,0.36507936507936506,0.6666666666666666,0.816496580927726,-0.5000000000000002,0.3333333333333333,0.4,0.8888888888888888,1.1547005383792515,-2.0000000000000004
default,crop_farming,0,ET1105,9,1.0,1.0,0.0,0.0,,1.0,1.0,0.0,0.0,
default,crop_farming,0,ET1106,9,1.0,1.0,0.0,0.0,,1.0,1.0,0.0,0.0,
default,crop_farming,0,ET1202,9,0.7777777777777778,0.875,0.2222222222222222,0.4714045207910317,,1.0,1.0,0.0,0.0,
default,crop_farming,0,ET1203,9,1.0,1.0,0.0,0.0,,1.0,1.0,0.0,0.0,
default,crop_farming,0,ET1204,9,1.0,1.0,0.0,0.0,,1.0,1.0,0.0,0.0,
default,crop_farming,0,ET1301,9,0.7777777777777778,0.738095238095238,0.2222222222222222,0.4714045207910317,0.0,0.6666666666666666,0.5333333333333334,0.3333333333333333,0.5773502691896257,-0.5
default,crop_farming,0,ET1401,9,1.0,1.0,0.0,0.0,,1.0,1.0,0.0,0.0,
default,crop_farming,0,ET1501,9,0.6666666666666666,0.5333333333333334,0.3333333333333333,0.5773502691896257,-0.5,0.0,0.0,1.2222222222222223,1.2909944487358056,-6.5
default,crop_farming,0,ET1502,9,0.7777777777777778,0.738095238095238,0.2222222222222222,0.4714045207910317,0.0,0.8888888888888888,0.882051282051282,0.1111111111111111,0.3333333333333333,0.5
default,crop_farming,0,ET1600,9,0.3333333333333333,0.3333333333333333,0.6666666666666666,0.816496580927726,-1.0769230769230766,0.5555555555555556,0.5555555555555556,0.6666666666666666,1.0540925533894598,-2.4615384615384612
default,crop_farming,1,ET0101,9,0.1111111111111111,0.13333333333333336,1.0,1.1055415967851334,0.3486842105263158,0.7777777777777778,0.7795414462081128,0.3333333333333333,0.7453559924999299,0.7039473684210527
default,crop_farming,1,ET0102,9,0.2222222222222222,0.18518518518518517,1.0,1.2909944487358056,-0.00746268656716409,0.5555555555555556,0.606060606060606,0.6666666666666666,1.1547005383792515,0.19402985074626866
default,crop_farming,1,ET0103,9,0.2222222222222222,0.1111111111111111,0.7777777777777778,0.8819171036881969,0.2674418604651163,0.5555555555555556,0.5493827160493827,0.5555555555555556,0.8819171036881969,0.2674418604651163
default,crop_farming,1,ET0104,9,0.3333333333333333,0.2222222222222222,0.7777777777777778,1.0,-0.6200000000000001,0.6666666666666666,0.692063492063492,0.4444444444444444,0.816496580927726,-0.08000000000000007
default,crop_farming,1,ET0105,9,0.5555555555555556,0.5820105820105819,0.5555555555555556,0.8819171036881969,0.30000000000000004,0.6666666666666666,0.6190476190476191,0.3333333333333333,0.5773502691896257,0.7
default,crop_farming,1,ET0106,9,0.1111111111111111,0.1111111111111111,1.1111111111111112,1.3333333333333333,-0.180327868852459,0.4444444444444444,0.5333333333333334,0.8888888888888888,1.3333333333333333,-0.180327868852459
default,crop_farming,1,ET0107,9,0.4444444444444444,0.5777777777777778,0.6666666666666666,0.9428090415820634,-0.2857142857142858,0.5555555555555556,0.6481481481481483,0.6666666666666666,1.0540925533894598,-0.6071428571428574
default,crop_farming,1,ET0301,9,0.4444444444444444,0.4202020202020202,0.5555555555555556,0.7453559924999299,-0.2500000000000002,0.2222222222222222,0.19753086419753085,1.0,1.2018504251546631,-2.2500000000000004
default,crop_farming,1,ET0302,9,0.4444444444444444,0.39191919191919194,0.5555555555555556,0.7453559924999299,-0.25,0.1111111111111111,0.04938271604938271,1.0,1.1055415967851334,-1.75
default,crop_farming,1,ET0303,9,0.6666666666666666,0.6772486772486772,0.4444444444444444,0.816496580927726,-0.5000000000000002,0.4444444444444444,0.5502645502645502,0.7777777777777778,1.1055415967851334,-1.7500000000000004
default,crop_farming,1,ET0304,9,0.2222222222222222,0.1212121212121212,0.7777777777777778,0.8819171036881969,-0.6578947368421055,0.3333333333333333,0.35185185185185186,0.8888888888888888,1.1547005383792515,-1.8421052631578951
default,crop_farming,1,ET0305,9,0.5555555555555556,0.5277777777777778,0.4444444444444444,0.6666666666666666,0.33333333333333337,0.4444444444444444,0.37037037037037035,0.6666666666666666,0.9428090415820634,-0.33333333333333326
default,crop_farming,1,ET0306,9,1.0,1.0,0.0,0.0,,1.0,1.0,0.0,0.0,
default,crop_farming,1,ET0307,9,1.0,1.0,0.0,0.0,,1.0,1.0,0.0,0.0,
default,crop_farming,1,ET0308,9,0.7777777777777778,0.6807760141093474,0.3333333333333333,0.7453559924999299,-0.022727272727272707,0.4444444444444444,0.42857142857142855,0.5555555555555556,0.7453559924999299,-0.022727272727272707
default,crop_farming,1,ET0309,9,1.0,1.0,0.0,0.0,,1.0,1.0,0.0,0.0,
default,crop_farming,1,ET0310,9,0.4444444444444444,0.40909090909090906,0.5555555555555556,0.7453559924999299,-0.022727272727272707,0.3333333333333333,0.35714285714285715,0.7777777777777778,1.0,-0.8409090909090908
default,crop_farming,1,ET0311,9,0.7777777777777778,0.8174603174603174,0.2222222222222222,0.4714045207910317,-1.25,0.8888888888888888,0.8366013071895425,0.1111111111111111,0.3333333333333333,-0.125
default,crop_farming,1,ET0312,9,1.0,1.0,0.0,0.0,,1.0,1.0,0.0,0.0,
default,crop_farming,1,ET0401,9,1.0,1.0,0.0,0.0,,1.0,1.0,0.0,0.0,
default,crop_farming,1,ET0402,9,1.0,1.0,0.0,0.0,,1.0,1.0,0.0,0.0,
default,crop_farming,1,ET0403,9,1.0,1.0,0.0,0.0,,1.0,1.0,0.0,0.0,
default,crop_farming,1,ET0404,9,1.0,1.0,0.0,0.0,,1.0,1.0,0.0,0.0,
default,crop_farming,1,ET0405,9,1.0,1.0,0.0,0.0,,1.0,1.0,0.0,0.0,
default,crop_farming,1,ET0406,9,0.8888888888888888,0.874074074074074,0.1111111111111111,0.3333333333333333,0.3571428571428571,0.8888888888888888,0.874074074074074,0.1111111111111111,0.3333333333333333,0.3571428571428571
default,crop_farming,1,ET0407,9,0.5555555555555556,0.47619047619047616,0.4444444444444444,0.6666666666666666,-1.0,0.6666666666666666,0.6153846153846154,0.5555555555555556,1.0,-3.5
default,crop_farming,1,ET0408,9,0.4444444444444444,0.43636363636363634,0.5555555555555556,0.7453559924999299,-0.40625,0.4444444444444444,0.4259259259259259,0.6666666666666666,0.9428090415820634,-1.25
default,crop_farming,1,ET0409,9,0.5555555555555556,0.6296296296296295,0.4444444444444444,0.6666666666666666,-3.5,0.5555555555555556,0.6296296296296295,0.4444444444444444,0.6666666666666666,-3.5
default,crop_farming,1,ET0413,9,1.0,1.0,0.0,0.0,,1.0,1.0,0.0,0.0,
default,crop_farming,1,ET0416,9,1.0,1.0,0.0,0.0,,1.0,1.0,0.0,0.0,
default,crop_farming,1,ET0417,9,0.5555555555555556,0.48148148148148145,0.4444444444444444,0.6666666666666666,0.0,0.3333333333333333,0.303030303030303,0.7777777777777778,1.0,-1.25
default,crop_farming,1,ET0418,9,0.7777777777777778,0.6805555555555556,0.2222222222222222,0.4714045207910317,-0.2857142857142858,0.7777777777777778,0.6805555555555556,0.2222222222222222,0.4714045207910317,-0.2857142857142858
default,crop_farming,1,ET0419,9,1.0,1.0,0.0,0.0,,1.0,1.0,0.0,0.0,
default,crop_farming,1,ET0420,9,0.7777777777777778,0.6805555555555556,0.2222222222222222,0.4714045207910317,-0.2857142857142858,0.7777777777777778,0.6805555555555556,0.2222222222222222,0.4714045207910317,-0.2857142857142858
default,crop_farming,1,ET0602,9,0.6666666666666666,0.5714285714285714,0.4444444444444444,0.816496580927726,0.0357142857142857,0.5555555555555556,0.5128205128205129,0.5555555555555556,0.8819171036881969,-0.125
default,crop_farming,1,ET0603,9,1.0,1.0,0.0,0.0,,1.0,1.0,0.0,0.0,
default,crop_farming,1,ET0604,9,0.5555555555555556,0.6444444444444445,0.4444444444444444,0.6666666666666666,-1.0,0.8888888888888888,0.8917748917748918,0.1111111111111111,0.3333333333333333,0.5
default,crop_farming,1,ET0605,9,1.0,1.0,0.0,0.0,,1.0,1.0,0.0,0.0,
default,crop_farming,1,ET0701,9,0.3333333333333333,0.2222222222222222,0.6666666666666666,0.816496580927726,-1.6999999999999997,0.7777777777777778,0.7592592592592593,0.2222222222222222,0.4714045207910317,0.10000000000000009
default,crop_farming,1,ET0702,9,0.4444444444444444,0.4102564102564103,0.5555555555555556,0.7453559924999299,-1.5,0.5555555555555556,0.606060606060606,0.7777777777777778,1.2018504251546631,-5.5
default,crop_farming,1,ET0703,9,0.5555555555555556,0.5333333333333333,0.4444444444444444,0.6666666666666666,-0.38461538461538436,0.4444444444444444,0.4444444444444444,0.6666666666666666,0.9428090415820634,-1.7692307692307687
default,crop_farming,1,ET0705,9,0.5555555555555556,0.5555555555555556,0.4444444444444444,0.6666666666666666,-0.8000000000000003,0.4444444444444444,0.4511784511784512,0.5555555555555556,0.7453559924999299,-1.2500000000000004
default,crop_farming,1,ET0706,9,0.5555555555555556,0.5555555555555556,0.4444444444444444,0.6666666666666666,-1.5714285714285716,0.6666666666666666,0.6666666666666666,0.4444444444444444,0.816496580927726,-2.8571428571428577
default,crop_farming,1,ET0710,9,0.4444444444444444,0.3418803418803419,0.5555555555555556,0.7453559924999299,-1.2500000000000004,0.2222222222222222,0.25044091710758376,0.7777777777777778,0.8819171036881969,-2.1500000000000004
default,crop_farming,1,ET0713,9,0.7777777777777778,0.7833333333333334,0.2222222222222222,0.4714045207910317,0.0,0.5555555555555556,0.5666666666666667,0.4444444444444444,0.6666666666666666,-1.0
default,crop_farming,1,ET0714,9,0.8888888888888888,0.886002886002886,0.1111111111111111,0.3333333333333333,0.5499999999999999,0.6666666666666666,0.6051282051282052,0.3333333333333333,0.5773502691896257,-0.3500000000000003
default,crop_farming,1,ET0715,9,0.7777777777777778,0.7592592592592593,0.2222222222222222,0.4714045207910317,0.09999999999999987,0.5555555555555556,0.462962962962963,0.6666666666666666,1.0540925533894598,-3.500000000000001
default,crop_farming,1,ET0716,9,0.8888888888888888,0.8366013071895425,0.1111111111111111,0.3333333333333333,-0.125,0.7777777777777778,0.7777777777777778,0.2222222222222222,0.4714045207910317,-1.25
default,crop_farming,1,ET0720,9,0.6666666666666666,0.5940170940170941,0.3333333333333333,0.5773502691896257,0.15625,0.4444444444444444,0.37037037037037035,0.6666666666666666,0.9428090415820634,-1.25
default,crop_farming,1,ET0721,9,0.4444444444444444,0.4102564102564103,0.5555555555555556,0.7453559924999299,-1.5,0.4444444444444444,0.4102564102564103,0.5555555555555556,0.7453559924999299,-1.5
default,crop_farming,1,ET0722,9,0.4444444444444444,0.43001443001442996,0.5555555555555556,0.7453559924999299,-1.2500000000000004,0.2222222222222222,0.2222222222222222,0.7777777777777778,0.8819171036881969,-2.1500000000000004
default,crop_farming,1,ET0723,9,0.2222222222222222,0.2222222222222222,0.7777777777777778,0.8819171036881969,-2.1500000000000004,0.3333333333333333,0.3333333333333333,0.6666666666666666,0.816496580927726,-1.7000000000000006
default,crop_farming,1,ET0724,9,1.0,1.0,0.0,0.0,,1.0,1.0,0.0,0.0,
default,crop_farming,1,ET1101,9,1.0,1.0,0.0,0.0,,1.0,1.0,0.0,0.0,
default,crop_farming,1,ET1102,9,1.0,1.0,0.0,0.0,,1.0,1.0,0.0,0.0,
default,crop_farming,1,ET1103,9,1.0,1.0,0.0,0.0,,1.0,1.0,0.0,0.0,
default,crop_farming,1,ET1104,9,0.4444444444444444,0.4938271604938272,0.5555555555555556,0.7453559924999299,-0.2500000000000002,0.3333333333333333,0.4,0.8888888888888888,1.1547005383792515,-2.0000000000000004
default,crop_farming,1,ET1105,9,1.0,1.0,0.0,0.0,,1.0,1.0,0.0,0.0,
default,crop_farming,1,ET1106,9,1.0,1.0,0.0,0.0,,1.0,1.0,0.0,0.0,
default,crop_farming,1,ET1202,9,0.8888888888888888,0.9411764705882353,0.1111111111111111,0.3333333333333333,,1.0,1.0,0.0,0.0,
default,crop_farming,1,ET1203,9,1.0,1.0,0.0,0.0,,1.0,1.0,0.0,0.0,
default,crop_farming,1,ET1204,9,1.0,1.0,0.0,0.0,,1.0,1.0,0.0,0.0,
default,crop_farming,1,ET1301,9,0.8888888888888888,0.882051282051282,0.1111111111111111,0.3333333333333333,0.5,0.6666666666666666,0.5333333333333334,0.3333333333333333,0.5773502691896257,-0.5
default,crop_farming,1,ET1401,9,1.0,1.0,0.0,0.0,,1.0,1.0,0.0,0.0,
default,crop_farming,1,ET1501,9,0.6666666666666666,0.5333333333333334,0.3333333333333333,0.5773502691896257,-0.5,0.0,0.0,1.2222222222222223,1.2909944487358056,-6.5
default,crop_farming,1,ET1502,9,0.7777777777777778,0.738095238095238,0.2222222222222222,0.4714045207910317,0.0,0.8888888888888888,0.882051282051282,0.1111111111111111,0.3333333333333333,0.5
default,crop_farming,1,ET1600,9,0.4444444444444444,0.4102564102564103,0.5555555555555556,0.7453559924999299,-0.7307692307692306,0.5555555555555556,0.5555555555555556,0.6666666666666666,1.0540925533894598,-2.4615384615384612
default,crop_farming,2,ET0101,9,0.3333333333333333,0.2857142857142857,0.7777777777777778,1.0,0.4671052631578948,0.7777777777777778,0.7795414462081128,0.3333333333333333,0.7453559924999299,0.7039473684210527
default,crop_farming,2,ET0102,9,0.2222222222222222,0.18518518518518517,1.0,1.2909944487358056,-0.00746268656716409,0.5555555555555556,0.606060606060606,0.6666666666666666,1.1547005383792515,0.19402985074626866
default,crop_farming,2,ET0103,9,0.1111111111111111,0.044444444444444446,0.8888888888888888,0.9428090415820634,0.16279069767441856,0.5555555555555556,0.5493827160493827,0.5555555555555556,0.8819171036881969,0.2674418604651163
default,crop_farming,2,ET0104,9,0.3333333333333333,0.2222222222222222,0.7777777777777778,1.0,-0.6200000000000001,0.6666666666666666,0.692063492063492,0.4444444444444444,0.816496580927726,-0.08000000000000007
default,crop_farming,2,ET0105,9,0.5555555555555556,0.5396825396825397,0.4444444444444444,0.6666666666666666,0.6,0.6666666666666666,0.6190476190476191,0.3333333333333333,0.5773502691896257,0.7
default,crop_farming,2,ET0106,9,0.0,0.0,1.2222222222222223,1.3743685418725535,-0.25409836065573765,0.4444444444444444,0.5333333333333334,0.8888888888888888,1.3333333333333333,-0.180327868852459
default,crop_farming,2,ET0107,9,0.4444444444444444,0.5777777777777778,0.6666666666666666,0.9428090415820634,-0.2857142857142858,0.5555555555555556,0.6481481481481483,0.6666666666666666,1.0540925533894598,-0.6071428571428574
default,crop_farming,2,ET0301,9,0.3333333333333333,0.2222222222222222,0.6666666666666666,0.816496580927726,-0.5000000000000002,0.2222222222222222,0.19753086419753085,1.0,1.2018504251546631,-2.2500000000000004
default,crop_farming,2,ET0302,9,0.4444444444444444,0.39191919191919194,0.5555555555555556,0.7453559924999299,-0.25,0.1111111111111111,0.04938271604938271,1.0,1.1055415967851334,-1.75
default,crop_farming,2,ET0303,9,0.7777777777777778,0.7365079365079364,0.3333333333333333,0.7453559924999299,-0.2500000000000002,0.4444444444444444,0.5502645502645502,0.7777777777777778,1.1055415967851334,-1.7500000000000004
default,crop_farming,2,ET0304,9,0.2222222222222222,0.13333333333333336,0.8888888888888888,1.0540925533894598,-1.3684210526315792,0.3333333333333333,0.35185185185185186,0.8888888888888888,1.1547005383792515,-1.8421052631578951
default,crop_farming,2,ET0305,9,0.6666666666666666,0.6814814814814815,0.3333333333333333,0.5773502691896257,0.5,0.4444444444444444,0.37037037037037035,0.6666666666666666,0.9428090415820634,-0.33333333333333326
default,crop_farming,2,ET0306,9,1.0,1.0,0.0,0.0,,1.0,1.0,0.0,0.0,
default,crop_farming,2,ET0307,9,1.0,1.0,0.0,0.0,,1.0,1.0,0.0,0.0,
default,crop_farming,2,ET0308,9,0.6666666666666666,0.5833333333333334,0.4444444444444444,0.816496580927726,-0.22727272727272707,0.4444444444444444,0.42857142857142855,0.5555555555555556,0.7453559924999299,-0.022727272727272707
default,crop_farming,2,ET0309,9,1.0,1.0,0.0,0.0,,1.0,1.0,0.0,0.0,
default,crop_farming,2,ET0310,9,0.4444444444444444,0.40909090909090906,0.5555555555555556,0.7453559924999299,-0.022727272727272707,0.3333333333333333,0.35714285714285715,0.7777777777777778,1.0,-0.8409090909090908
default,crop_farming,2,ET0311,9,0.7777777777777778,0.8174603174603174,0.2222222222222222,0.4714045207910317,-1.25,0.8888888888888888,0.8366013071895425,0.1111111111111111,0.3333333333333333,-0.125
default,crop_farming,2,ET0312,9,1.0,1.0,0.0,0.0,,1.0,1.0,0.0,0.0,
default,crop_farming,2,ET0401,9,1.0,1.0,0.0,0.0,,1.0,1.0,0.0,0.0,
default,crop_farming,2,ET0402,9,1.0,1.0,0.0,0.0,,1.0,1.0,0.0,0.0,
default,crop_farming,2,ET0403,9,1.0,1.0,0.0,0.0,,1.0,1.0,0.0,0.0,
default,crop_farming,2,ET0404,9,1.0,1.0,0.0,0.0,,1.0,1.0,0.0,0.0,
default,crop_farming,2,ET0405,9,1.0,1.0,0.0,0.0,,1.0,1.0,0.0,0.0,
default,crop_farming,2,ET0406,9,0.8888888888888888,0.874074074074074,0.1111111111111111,0.3333333333333333,0.3571428571428571,0.8888888888888888,0.874074074074074,0.1111111111111111,0.3333333333333333,0.3571428571428571
default,crop_farming,2,ET0407,9,0.5555555555555556,0.47619047619047616,0.4444444444444444,0.6666666666666666,-1.0,0.6666666666666666,0.6153846153846154,0.5555555555555556,1.0,-3.5
default,crop_farming,2,ET0408,9,0.4444444444444444,0.43636363636363634,0.5555555555555556,0.7453559924999299,-0.40625,0.4444444444444444,0.4259259259259259,0.6666666666666666,0.9428090415820634,-1.25
default,crop_farming,2,ET0409,9,0.7777777777777778,0.8174603174603174,0.2222222222222222,0.4714045207910317,-1.25,0.5555555555555556,0.6296296296296295,0.4444444444444444,0.6666666666666666,-3.5
default,crop_farming,2,ET0413,9,1.0,1.0,0.0,0.0,,1.0,1.0,0.0,0.0,
default,crop_farming,2,ET0416,9,1.0,1.0,0.0,0.0,,1.0,1.0,0.0,0.0,
default,crop_farming,2,ET0417,9,0.4444444444444444,0.41414141414141414,0.5555555555555556,0.7453559924999299,-0.25,0.3333333333333333,0.303030303030303,0.7777777777777778,1.0,-1.25
default,crop_farming,2,ET0418,9,0.7777777777777778,0.6805555555555556,0.2222222222222222,0.4714045207910317,-0.2857142857142858,0.7777777777777778,0.6805555555555556,0.2222222222222222,0.4714045207910317,-0.2857142857142858
default,crop_farming,2,ET0419,9,1.0,1.0,0.0,0.0,,1.0,1.0,0.0,0.0,
default,crop_farming,2,ET0420,9,0.7777777777777778,0.6805555555555556,0.2222222222222222,0.4714045207910317,-0.2857142857142858,0.7777777777777778,0.6805555555555556,0.2222222222222222,0.4714045207910317,-0.2857142857142858
default,crop_farming,2,ET0602,9,0.5555555555555556,0.5128205128205129,0.6666666666666666,1.0540925533894598,-0.6071428571428572,0.5555555555555556,0.5128205128205129,0.5555555555555556,0.8819171036881969,-0.125
default,crop_farming,2,ET0603,9,1.0,1.0,0.0,0.0,,1.0,1.0,0.0,0.0,
default,crop_farming,2,ET0604,9,0.4444444444444444,0.5333333333333334,0.5555555555555556,0.7453559924999299,-1.5,0.8888888888888888,0.8917748917748918,0.1111111111111111,0.3333333333333333,0.5
default,crop_farming,2,ET0605,9,1.0,1.0,0.0,0.0,,1.0,1.0,0.0,0.0,
default,crop_farming,2,ET0701,9,0.5555555555555556,0.5444444444444445,0.4444444444444444,0.6666666666666666,-0.7999999999999998,0.7777777777777778,0.7592592592592593,0.2222222222222222,0.4714045207910317,0.10000000000000009
default,crop_farming,2,ET0702,9,0.4444444444444444,0.4102564102564103,0.5555555555555556,0.7453559924999299,-1.5,0.5555555555555556,0.606060606060606,0.7777777777777778,1.2018504251546631,-5.5
default,crop_farming,2,ET0703,9,0.4444444444444444,0.4102564102564103,0.5555555555555556,0.7453559924999299,-0.7307692307692306,0.4444444444444444,0.4444444444444444,0.6666666666666666,0.9428090415820634,-1.7692307692307687
default,crop_farming,2,ET0705,9,0.5555555555555556,0.5555555555555556,0.4444444444444444,0.6666666666666666,-0.8000000000000003,0.4444444444444444,0.4511784511784512,0.5555555555555556,0.7453559924999299,-1.2500000000000004
default,crop_farming,2,ET0706,9,0.6666666666666666,0.6222222222222222,0.3333333333333333,0.5773502691896257,-0.9285714285714288,0.6666666666666666,0.6666666666666666,0.4444444444444444,0.816496580927726,-2.8571428571428577
default,crop_farming,2,ET0710,9,0.6666666666666666,0.6051282051282052,0.3333333333333333,0.5773502691896257,-0.3500000000000003,0.2222222222222222,0.25044091710758376,0.7777777777777778,0.8819171036881969,-2.1500000000000004
default,crop_farming,2,ET0713,9,0.5555555555555556,0.5666666666666667,0.4444444444444444,0.6666666666666666,-1.0,0.5555555555555556,0.5666666666666667,0.4444444444444444,0.6666666666666666,-1.0
default,crop_farming,2,ET0714,9,0.4444444444444444,0.4511784511784512,0.5555555555555556,0.7453559924999299,-1.2500000000000004,0.6666666666666666,0.6051282051282052,0.3333333333333333,0.5773502691896257,-0.3500000000000003
default,crop_farming,2,ET0715,9,0.3333333333333333,0.4,0.6666666666666666,0.816496580927726,-1.7000000000000006,0.5555555555555556,0.462962962962963,0.6666666666666666,1.0540925533894598,-3.500000000000001
default,crop_farming,2,ET0716,9,0.8888888888888888,0.8366013071895425,0.1111111111111111,0.3333333333333333,-0.125,0.7777777777777778,0.7777777777777778,0.2222222222222222,0.4714045207910317,-1.25
default,crop_farming,2,ET0720,9,0.4444444444444444,0.3418803418803419,0.5555555555555556,0.7453559924999299,-0.40625,0.4444444444444444,0.37037037037037035,0.6666666666666666,0.9428090415820634,-1.25
default,crop_farming,2,ET0721,9,0.4444444444444444,0.4102564102564103,0.5555555555555556,0.7453559924999299,-1.5,0.4444444444444444,0.4102564102564103,0.5555555555555556,0.7453559924999299,-1.5
default,crop_farming,2,ET0722,9,0.2222222222222222,0.2222222222222222,0.7777777777777778,0.8819171036881969,-2.1500000000000004,0.2222222222222222,0.2222222222222222,0.7777777777777778,0.8819171036881969,-2.1500000000000004
default,crop_farming,2,ET0723,9,0.3333333333333333,0.3333333333333333,0.6666666666666666,0.816496580927726,-1.7000000000000006,0.3333333333333333,0.3333333333333333,0.6666666666666666,0.816496580927726,-1.7000000000000006
default,crop_farming,2,ET0724,9,1.0,1.0,0.0,0.0,,1.0,1.0,0.0,0.0,
default,crop_farming,2,ET1101,9,1.0,1.0,0.0,0.0,,1.0,1.0,0.0,0.0,
default,crop_farming,2,ET1102,9,1.0,1.0,0.0,0.0,,1.0,1.0,0.0,0.0,
default,crop_farming,2,ET1103,9,1.0,1.0,0.0,0.0,,1.0,1.0,0.0,0.0,
default,crop_farming,2,ET1104,9,0.4444444444444444,0.46772486772486765,0.5555555555555556,0.7453559924999299,-0.2500000000000002,0.3333333333333333,0.4,0.8888888888888888,1.1547005383792515,-2.0000000000000004
default,crop_farming,2,ET1105,9,1.0,1.0,0.0,0.0,,1.0,1.0,0.0,0.0,
default,crop_farming,2,ET1106,9,1.0,1.0,0.0,0.0,,1.0,1.0,0.0,0.0,
default,crop_farming,2,ET1202,9,1.0,1.0,0.0,0.0,,1.0,1.0,0.0,0.0,
default,crop_farming,2,ET1203,9,1.0,1.0,0.0,0.0,,1.0,1.0,0.0,0.0,
default,crop_farming,2,ET1204,9,1.0,1.0,0.0,0.0,,1.0,1.0,0.0,0.0,
default,crop_farming,2,ET1301,9,0.7777777777777778,0.738095238095238,0.2222222222222222,0.4714045207910317,0.0,0.6666666666666666,0.5333333333333334,0.3333333333333333,0.5773502691896257,-0.5
default,crop_farming,2,ET1401,9,1.0,1.0,0.0,0.0,,1.0,1.0,0.0,0.0,
default,crop_farming,2,ET1501,9,0.6666666666666666,0.5333333333333334,0.3333333333333333,0.5773502691896257,-0.5,0.0,0.0,1.2222222222222223,1.2909944487358056,-6.5
default,crop_farming,2,ET1502,9,0.7777777777777778,0.738095238095238,0.2222222222222222,0.4714045207910317,0.0,0.8888888888888888,0.882051282051282,0.1111111111111111,0.3333333333333333,0.5
default,crop_farming,2,ET1600,9,0.3333333333333333,0.3333333333333333,0.6666666666666666,0.816496580927726,-1.0769230769230766,0.5555555555555556,0.5555555555555556,0.6666666666666666,1.0540925533894598,-2.4615384615384612
default,crop_farming,3,ET0101,9,0.2222222222222222,0.2222222222222222,0.8888888888888888,1.0540925533894598,0.4078947368421053,0.7777777777777778,0.7795414462081128,0.3333333333333333,0.7453559924999299,0.7039473684210527
default,crop_farming,3,ET0102,9,0.2222222222222222,0.16666666666666666,1.1111111111111112,1.4142135623730951,-0.20895522388059695,0.5555555555555556,0.606060606060606,0.6666666666666666,1.1547005383792515,0.19402985074626866
default,crop_farming,3,ET0103,9,0.1111111111111111,0.037037037037037035,1.0,1.1055415967851334,-0.15116279069767447,0.5555555555555556,0.5493827160493827,0.5555555555555556,0.8819171036881969,0.2674418604651163
default,crop_farming,3,ET0104,9,0.3333333333333333,0.2222222222222222,0.7777777777777778,1.0,-0.6200000000000001,0.6666666666666666,0.692063492063492,0.4444444444444444,0.816496580927726,-0.08000000000000007
default,crop_farming,3,ET0105,9,0.4444444444444444,0.4277777777777778,0.7777777777777778,1.1055415967851334,-0.10000000000000009,0.6666666666666666,0.6190476190476191,0.3333333333333333,0.5773502691896257,0.7
default,crop_farming,3,ET0106,9,0.1111111111111111,0.1111111111111111,1.1111111111111112,1.3333333333333333,-0.180327868852459,0.4444444444444444,0.5333333333333334,0.8888888888888888,1.3333333333333333,-0.180327868852459
default,crop_farming,3,ET0107,9,0.3333333333333333,0.4567901234567901,0.7777777777777778,1.0,-0.4464285714285716,0.5555555555555556,0.6481481481481483,0.6666666666666666,1.0540925533894598,-0.6071428571428574
default,crop_farming,3,ET0301,9,0.4444444444444444,0.4202020202020202,0.5555555555555556,0.7453559924999299,-0.2500000000000002,0.2222222222222222,0.19753086419753085,1.0,1.2018504251546631,-2.2500000000000004
default,crop_farming,3,ET0302,9,0.4444444444444444,0.39191919191919194,0.5555555555555556,0.7453559924999299,-0.25,0.1111111111111111,0.04938271604938271,1.0,1.1055415967851334,-1.75
default,crop_farming,3,ET0303,9,0.5555555555555556,0.5629629629629629,0.5555555555555556,0.8819171036881969,-0.7500000000000002,0.4444444444444444,0.5502645502645502,0.7777777777777778,1.1055415967851334,-1.7500000000000004
default,crop_farming,3,ET0304,9,0.1111111111111111,0.07407407407407407,1.0,1.1055415967851334,-1.6052631578947372,0.3333333333333333,0.35185185185185186,0.8888888888888888,1.1547005383792515,-1.8421052631578951
default,crop_farming,3,ET0305,9,0.4444444444444444,0.4338624338624338,0.5555555555555556,0.7453559924999299,0.16666666666666663,0.4444444444444444,0.37037037037037035,0.6666666666666666,0.9428090415820634,-0.33333333333333326
default,crop_farming,3,ET0306,9,1.0,1.0,0.0,0.0,,1.0,1.0,0.0,0.0,
default,crop_farming,3,ET0307,9,1.0,1.0,0.0,0.0,,1.0,1.0,0.0,0.0,
default,crop_farming,3,ET0308,9,0.5555555555555556,0.47619047619047616,0.5555555555555556,0.8819171036881969,-0.43181818181818166,0.4444444444444444,0.42857142857142855,0.5555555555555556,0.7453559924999299,-0.022727272727272707
default,crop_farming,3,ET0309,9,1.0,1.0,0.0,0.0,,1.0,1.0,0.0,0.0,
default,crop_farming,3,ET0310,9,0.4444444444444444,0.4530864197530864,0.5555555555555556,0.7453559924999299,-0.022727272727272707,0.3333333333333333,0.35714285714285715,0.7777777777777778,1.0,-0.8409090909090908
default,crop_farming,3,ET0311,9,0.8888888888888888,0.9037037037037037,0.1111111111111111,0.3333333333333333,-0.125,0.8888888888888888,0.8366013071895425,0.1111111111111111,0.3333333333333333,-0.125
default,crop_farming,3,ET0312,9,1.0,1.0,0.0,0.0,,1.0,1.0,0.0,0.0,
default,crop_farming,3,ET0401,9,1.0,1.0,0.0,0.0,,1.0,1.0,0.0,0.0,
default,crop_farming,3,ET0402,9,1.0,1.0,0.0,0.0,,1.0,1.0,0.0,0.0,
default,crop_farming,3,ET0403,9,1.0,1.0,0.0,0.0,,1.0,1.0,0.0,0.0,
default,crop_farming,3,ET0404,9,1.0,1.0,0.0,0.0,,1.0,1.0,0.0,0.0,
default,crop_farming,3,ET0405,9,1.0,1.0,0.0,0.0,,1.0,1.0,0.0,0.0,
default,crop_farming,3,ET0406,9,0.7777777777777778,0.7777777777777778,0.2222222222222222,0.4714045207910317,-0.2857142857142858,0.8888888888888888,0.874074074074074,0.1111111111111111,0.3333333333333333,0.3571428571428571
default,crop_farming,3,ET0407,9,0.3333333333333333,0.3333333333333333,0.6666666666666666,0.816496580927726,-2.0,0.6666666666666666,0.6153846153846154,0.5555555555555556,1.0,-3.5
default,crop_farming,3,ET0408,9,0.4444444444444444,0.4373897707231041,0.5555555555555556,0.7453559924999299,-0.40625,0.4444444444444444,0.4259259259259259,0.6666666666666666,0.9428090415820634,-1.25
default,crop_farming,3,ET0409,9,0.5555555555555556,0.6296296296296295,0.4444444444444444,0.6666666666666666,-3.5,0.5555555555555556,0.6296296296296295,0.4444444444444444,0.6666666666666666,-3.5
default,crop_farming,3,ET0413,9,1.0,1.0,0.0,0.0,,1.0,1.0,0.0,0.0,
default,crop_farming,3,ET0416,9,1.0,1.0,0.0,0.0,,1.0,1.0,0.0,0.0,
default,crop_farming,3,ET0417,9,0.3333333333333333,0.2777777777777778,0.6666666666666666,0.816496580927726,-0.5,0.3333333333333333,0.303030303030303,0.7777777777777778,1.0,-1.25
default,crop_farming,3,ET0418,9,0.7777777777777778,0.6805555555555556,0.2222222222222222,0.4714045207910317,-0.2857142857142858,0.7777777777777778,0.6805555555555556,0.2222222222222222,0.4714045207910317,-0.2857142857142858
default,crop_farming,3,ET0419,9,1.0,1.0,0.0,0.0,,1.0,1.0,0.0,0.0,
default,crop_farming,3,ET0420,9,0.7777777777777778,0.6805555555555556,0.2222222222222222,0.4714045207910317,-0.2857142857142858,0.7777777777777778,0.6805555555555556,0.2222222222222222,0.4714045207910317,-0.2857142857142858
default,crop_farming,3,ET0602,9,0.6666666666666666,0.5333333333333334,0.5555555555555556,1.0,-0.4464285714285714,0.5555555555555556,0.5128205128205129,0.5555555555555556,0.8819171036881969,-0.125
default,crop_farming,3,ET0603,9,1.0,1.0,0.0,0.0,,1.0,1.0,0.0,0.0,
default,crop_farming,3,ET0604,9,0.4444444444444444,0.5333333333333334,0.5555555555555556,0.7453559924999299,-1.5,0.8888888888888888,0.8917748917748918,0.1111111111111111,0.3333333333333333,0.5
default,crop_farming,3,ET0605,9,1.0,1.0,0.0,0.0,,1.0,1.0,0.0,0.0,
default,crop_farming,3,ET0701,9,0.5555555555555556,0.5444444444444445,0.4444444444444444,0.6666666666666666,-0.7999999999999998,0.7777777777777778,0.7592592592592593,0.2222222222222222,0.4714045207910317,0.10000000000000009
default,crop_farming,3,ET0702,9,0.6666666666666666,0.5333333333333334,0.3333333333333333,0.5773502691896257,-0.5,0.5555555555555556,0.606060606060606,0.7777777777777778,1.2018504251546631,-5.5
default,crop_farming,3,ET0703,9,0.4444444444444444,0.4102564102564103,0.5555555555555556,0.7453559924999299,-0.7307692307692306,0.4444444444444444,0.4444444444444444,0.6666666666666666,0.9428090415820634,-1.7692307692307687
default,crop_farming,3,ET0705,9,0.5555555555555556,0.5555555555555556,0.4444444444444444,0.6666666666666666,-0.8000000000000003,0.4444444444444444,0.4511784511784512,0.5555555555555556,0.7453559924999299,-1.2500000000000004
default,crop_farming,3,ET0706,9,0.7777777777777778,0.6805555555555556,0.2222222222222222,0.4714045207910317,-0.2857142857142858,0.6666666666666666,0.6666666666666666,0.4444444444444444,0.816496580927726,-2.8571428571428577
default,crop_farming,3,ET0710,9,0.6666666666666666,0.6051282051282052,0.3333333333333333,0.5773502691896257,-0.3500000000000003,0.2222222222222222,0.25044091710758376,0.7777777777777778,0.8819171036881969,-2.1500000000000004
default,crop_farming,3,ET0713,9,0.5555555555555556,0.5333333333333333,0.4444444444444444,0.6666666666666666,-1.0,0.5555555555555556,0.5666666666666667,0.4444444444444444,0.6666666666666666,-1.0
default,crop_farming,3,ET0714,9,0.5555555555555556,0.5481481481481482,0.4444444444444444,0.6666666666666666,-0.8000000000000003,0.6666666666666666,0.6051282051282052,0.3333333333333333,0.5773502691896257,-0.3500000000000003
default,crop_farming,3,ET0715,9,0.4444444444444444,0.3418803418803419,0.5555555555555556,0.7453559924999299,-1.2500000000000004,0.5555555555555556,0.462962962962963,0.6666666666666666,1.0540925533894598,-3.500000000000001
default,crop_farming,3,ET0716,9,0.8888888888888888,0.8366013071895425,0.1111111111111111,0.3333333333333333,-0.125,0.7777777777777778,0.7777777777777778,0.2222222222222222,0.4714045207910317,-1.25
default,crop_farming,3,ET0720,9,0.4444444444444444,0.3418803418803419,0.5555555555555556,0.7453559924999299,-0.40625,0.4444444444444444,0.37037037037037035,0.6666666666666666,0.9428090415820634,-1.25
default,crop_farming,3,ET0721,9,0.4444444444444444,0.4102564102564103,0.5555555555555556,0.7453559924999299,-1.5,0.4444444444444444,0.4102564102564103,0.5555555555555556,0.7453559924999299,-1.5
default,crop_farming,3,ET0722,9,0.3333333333333333,0.31666666666666665,0.6666666666666666,0.816496580927726,-1.7000000000000006,0.2222222222222222,0.2222222222222222,0.7777777777777778,0.8819171036881969,-2.1500000000000004
default,crop_farming,3,ET0723,9,0.4444444444444444,0.43001443001442996,0.5555555555555556,0.7453559924999299,-1.2500000000000004,0.3333333333333333,0.3333333333333333,0.6666666666666666,0.816496580927726,-1.7000000000000006
default,crop_farming,3,ET0724,9,1.0,1.0,0.0,0.0,,1.0,1.0,0.0,0.0,
default,crop_farming,3,ET1101,9,1.0,1.0,0.0,0.0,,1.0,1.0,0.0,0.0,
default,crop_farming,3,ET1102,9,1.0,1.0,0.0,0.0,,1.0,1.0,0.0,0.0,
default,crop_farming,3,ET1103,9,1.0,1.0,0.0,0.0,,1.0,1.0,0.0,0.0,
default,crop_farming,3,ET1104,9,0.2222222222222222,0.14320987654320985,0.7777777777777778,0.8819171036881969,-0.7500000000000002,0.3333333333333333,0.4,0.8888888888888888,1.1547005383792515,-2.0000000000000004
default,crop_farming,3,ET1105,9,1.0,1.0,0.0,0.0,,1.0,1.0,0.0,0.0,
default,crop_farming,3,ET1106,9,1.0,1.0,0.0,0.0,,1.0,1.0,0.0,0.0,
default,crop_farming,3,ET1202,9,1.0,1.0,0.0,0.0,,1.0,1.0,0.0,0.0,
default,crop_farming,3,ET1203,9,1.0,1.0,0.0,0.0,,1.0,1.0,0.0,0.0,
default,crop_farming,3,ET1204,9,1.0,1.0,0.0,0.0,,1.0,1.0,0.0,0.0,
default,crop_farming,3,ET1301,9,0.7777777777777778,0.738095238095238,0.2222222222222222,0.4714045207910317,0.0,0.6666666666666666,0.5333333333333334,0.3333333333333333,0.5773502691896257,-0.5
default,crop_farming,3,ET1401,9,1.0,1.0,0.0,0.0,,1.0,1.0,0.0,0.0,
default,crop_farming,3,ET1501,9,0.6666666666666666,0.5333333333333334,0.3333333333333333,0.5773502691896257,-0.5,0.0,0.0,1.2222222222222223,1.2909944487358056,-6.5
default,crop_farming,3,ET1502,9,0.5555555555555556,0.47619047619047616,0.4444444444444444,0.6666666666666666,-1.0,0.8888888888888888,0.882051282051282,0.1111111111111111,0.3333333333333333,0.5
default,crop_farming,3,ET1600,9,0.4444444444444444,0.4102564102564103,0.5555555555555556,0.7453559924999299,-0.7307692307692306,0.5555555555555556,0.5555555555555556,0.6666666666666666,1.0540925533894598,-2.4615384615384612
default,crop_farming,4,ET0101,9,0.2222222222222222,0.2222222222222222,1.0,1.2018504251546631,0.23026315789473684,0.6666666666666666,0.6666666666666666,0.6666666666666666,1.247219128924647,0.17105263157894735
default,crop_farming,4,ET0102,9,0.2222222222222222,0.16666666666666666,1.1111111111111112,1.4142135623730951,-0.20895522388059695,0.6666666666666666,0.7000000000000001,0.6666666666666666,1.247219128924647,0.059701492537313494
default,crop_farming,4,ET0103,9,0.2222222222222222,0.1111111111111111,1.0,1.2018504251546631,-0.36046511627906974,0.4444444444444444,0.46111111111111114,0.7777777777777778,1.2018504251546631,-0.36046511627906974
default,crop_farming,4,ET0104,9,0.2222222222222222,0.09876543209876543,1.0,1.2018504251546631,-1.3400000000000003,0.3333333333333333,0.3851851851851852,0.7777777777777778,1.0,-0.6200000000000001
default,crop_farming,4,ET0105,9,0.4444444444444444,0.37777777777777777,1.0,1.3743685418725535,-0.7,0.5555555555555556,0.503968253968254,0.5555555555555556,0.8819171036881969,0.30000000000000004
default,crop_farming,4,ET0106,9,0.0,0.0,1.2222222222222223,1.2909944487358056,-0.10655737704918034,0.4444444444444444,0.5555555555555556,0.8888888888888888,1.3333333333333333,-0.180327868852459
default,crop_farming,4,ET0107,9,0.2222222222222222,0.345679012345679,0.8888888888888888,1.0540925533894598,-0.6071428571428574,0.5555555555555556,0.6767676767676768,0.5555555555555556,0.8819171036881969,-0.12500000000000022
default,crop_farming,4,ET0301,9,0.4444444444444444,0.27350427350427353,0.5555555555555556,0.7453559924999299,-0.2500000000000002,0.4444444444444444,0.3222222222222222,0.6666666666666666,0.9428090415820634,-1.0000000000000004
default,crop_farming,4,ET0302,9,0.4444444444444444,0.39191919191919194,0.5555555555555556,0.7453559924999299,-0.25,0.1111111111111111,0.044444444444444446,1.1111111111111112,1.247219128924647,-2.5
default,crop_farming,4,ET0303,9,0.6666666666666666,0.6195286195286196,0.4444444444444444,0.816496580927726,-0.5000000000000002,0.4444444444444444,0.5111111111111111,0.8888888888888888,1.3333333333333333,-3.000000000000001
default,crop_farming,4,ET0304,9,0.3333333333333333,0.16666666666666666,0.6666666666666666,0.816496580927726,-0.42105263157894757,0.3333333333333333,0.2037037037037037,0.7777777777777778,1.0,-1.1315789473684212
default,crop_farming,4,ET0305,9,0.4444444444444444,0.4338624338624338,0.5555555555555556,0.7453559924999299,0.16666666666666663,0.4444444444444444,0.3418803418803419,0.7777777777777778,1.1055415967851334,-0.8333333333333333
default,crop_farming,4,ET0306,9,1.0,1.0,0.0,0.0,,1.0,1.0,0.0,0.0,
default,crop_farming,4,ET0307,9,1.0,1.0,0.0,0.0,,1.0,1.0,0.0,0.0,
default,crop_farming,4,ET0308,9,0.4444444444444444,0.37777777777777777,0.6666666666666666,0.9428090415820634,-0.6363636363636362,0.3333333333333333,0.31746031746031744,0.7777777777777778,1.0,-0.8409090909090908
default,crop_farming,4,ET0309,9,1.0,1.0,0.0,0.0,,1.0,1.0,0.0,0.0,
default,crop_farming,4,ET0310,9,0.3333333333333333,0.2666666666666667,0.6666666666666666,0.816496580927726,-0.22727272727272707,0.3333333333333333,0.2857142857142857,0.8888888888888888,1.1547005383792515,-1.4545454545454541
default,crop_farming,4,ET0311,9,0.7777777777777778,0.7777777777777778,0.2222222222222222,0.4714045207910317,-1.25,0.8888888888888888,0.8366013071895425,0.1111111111111111,0.3333333333333333,-0.125
default,crop_farming,4,ET0312,9,1.0,1.0,0.0,0.0,,1.0,1.0,0.0,0.0,
default,crop_farming,4,ET0401,9,1.0,1.0,0.0,0.0,,1.0,1.0,0.0,0.0,
default,crop_farming,4,ET0402,9,1.0,1.0,0.0,0.0,,1.0,1.0,0.0,0.0,
default,crop_farming,4,ET0403,9,1.0,1.0,0.0,0.0,,1.0,1.0,0.0,0.0,
default,crop_farming,4,ET0404,9,1.0,1.0,0.0,0.0,,1.0,1.0,0.0,0.0,
default,crop_farming,4,ET0405,9,1.0,1.0,0.0,0.0,,1.0,1.0,0.0,0.0,
default,crop_farming,4,ET0406,9,0.8888888888888888,0.8957264957264957,0.1111111111111111,0.3333333333333333,0.3571428571428571,0.7777777777777778,0.6805555555555556,0.2222222222222222,0.4714045207910317,-0.2857142857142858
default,crop_farming,4,ET0407,9,0.2222222222222222,0.2666666666666667,0.8888888888888888,1.0540925533894598,-4.0,0.5555555555555556,0.5128205128205129,0.5555555555555556,0.8819171036881969,-2.5
default,crop_farming,4,ET0408,9,0.6666666666666666,0.6262626262626263,0.3333333333333333,0.5773502691896257,0.15625,0.3333333333333333,0.2920634920634921,0.7777777777777778,1.0,-1.53125
default,crop_farming,4,ET0409,9,0.4444444444444444,0.5165945165945165,0.5555555555555556,0.7453559924999299,-4.625,0.5555555555555556,0.6296296296296295,0.4444444444444444,0.6666666666666666,-3.5
default,crop_farming,4,ET0413,9,1.0,1.0,0.0,0.0,,1.0,1.0,0.0,0.0,
default,crop_farming,4,ET0416,9,1.0,1.0,0.0,0.0,,1.0,1.0,0.0,0.0,
default,crop_farming,4,ET0417,9,0.5555555555555556,0.48148148148148145,0.4444444444444444,0.6666666666666666,0.0,0.5555555555555556,0.49292929292929294,0.5555555555555556,0.8819171036881969,-0.75
default,crop_farming,4,ET0418,9,0.7777777777777778,0.6805555555555556,0.2222222222222222,0.4714045207910317,-0.2857142857142858,0.7777777777777778,0.6805555555555556,0.2222222222222222,0.4714045207910317,-0.2857142857142858
default,crop_farming,4,ET0419,9,1.0,1.0,0.0,0.0,,1.0,1.0,0.0,0.0,
default,crop_farming,4,ET0420,9,0.7777777777777778,0.6805555555555556,0.2222222222222222,0.4714045207910317,-0.2857142857142858,0.7777777777777778,0.6805555555555556,0.2222222222222222,0.4714045207910317,-0.2857142857142858
default,crop_farming,4,ET0602,9,0.6666666666666666,0.5333333333333334,0.5555555555555556,1.0,-0.4464285714285714,0.4444444444444444,0.4102564102564103,0.7777777777777778,1.1055415967851334,-0.7678571428571428
default,crop_farming,4,ET0603,9,1.0,1.0,0.0,0.0,,1.0,1.0,0.0,0.0,
default,crop_farming,4,ET0604,9,0.5555555555555556,0.5555555555555556,0.4444444444444444,0.6666666666666666,-1.0,0.7777777777777778,0.7833333333333334,0.2222222222222222,0.4714045207910317,0.0
default,crop_farming,4,ET0605,9,1.0,1.0,0.0,0.0,,1.0,1.0,0.0,0.0,
default,crop_farming,4,ET0701,9,0.5555555555555556,0.5444444444444445,0.4444444444444444,0.6666666666666666,-0.7999999999999998,0.6666666666666666,0.6051282051282052,0.3333333333333333,0.5773502691896257,-0.34999999999999987
default,crop_farming,4,ET0702,9,0.5555555555555556,0.47619047619047616,0.4444444444444444,0.6666666666666666,-1.0,0.3333333333333333,0.3636363636363636,0.7777777777777778,1.0,-3.5
default,crop_farming,4,ET0703,9,0.5555555555555556,0.47619047619047616,0.4444444444444444,0.6666666666666666,-0.38461538461538436,0.3333333333333333,0.3333333333333333,0.6666666666666666,0.816496580927726,-1.0769230769230766
default,crop_farming,4,ET0705,9,0.4444444444444444,0.43001443001442996,0.5555555555555556,0.7453559924999299,-1.2500000000000004,0.6666666666666666,0.6984126984126984,0.4444444444444444,0.816496580927726,-1.7000000000000006
default,crop_farming,4,ET0706,9,0.5555555555555556,0.5555555555555556,0.4444444444444444,0.6666666666666666,-1.5714285714285716,0.6666666666666666,0.6666666666666666,0.4444444444444444,0.816496580927726,-2.8571428571428577
default,crop_farming,4,ET0710,9,0.4444444444444444,0.3418803418803419,0.5555555555555556,0.7453559924999299,-1.2500000000000004,0.4444444444444444,0.46031746031746024,0.6666666666666666,0.9428090415820634,-2.6000000000000005
default,crop_farming,4,ET0713,9,0.4444444444444444,0.3904761904761905,0.6666666666666666,0.9428090415820634,-3.0,0.2222222222222222,0.2222222222222222,0.7777777777777778,0.8819171036881969,-2.5
default,crop_farming,4,ET0714,9,0.4444444444444444,0.3418803418803419,0.5555555555555556,0.7453559924999299,-1.2500000000000004,0.4444444444444444,0.3418803418803419,0.5555555555555556,0.7453559924999299,-1.2500000000000004
default,crop_farming,4,ET0715,9,0.1111111111111111,0.1111111111111111,0.8888888888888888,0.9428090415820634,-2.6000000000000005,0.4444444444444444,0.37037037037037035,0.6666666666666666,0.9428090415820634,-2.6000000000000005
default,crop_farming,4,ET0716,9,0.7777777777777778,0.7777777777777778,0.2222222222222222,0.4714045207910317,-1.25,0.7777777777777778,0.7777777777777778,0.2222222222222222,0.4714045207910317,-1.25
default,crop_farming,4,ET0720,9,0.3333333333333333,0.2777777777777778,0.6666666666666666,0.816496580927726,-0.6875,0.4444444444444444,0.37037037037037035,0.6666666666666666,0.9428090415820634,-1.25
default,crop_farming,4,ET0721,9,0.4444444444444444,0.4747474747474747,0.5555555555555556,0.7453559924999299,-1.5,0.7777777777777778,0.7777777777777778,0.2222222222222222,0.4714045207910317,0.0
default,crop_farming,4,ET0722,9,0.5555555555555556,0.48148148148148145,0.4444444444444444,0.6666666666666666,-0.8000000000000003,0.4444444444444444,0.4444444444444444,0.5555555555555556,0.7453559924999299,-1.2500000000000004
default,crop_farming,4,ET0723,9,0.4444444444444444,0.5185185185185185,0.7777777777777778,1.1055415967851334,-3.950000000000001,0.3333333333333333,0.3333333333333333,0.6666666666666666,0.816496580927726,-1.7000000000000006
default,crop_farming,4,ET0724,9,1.0,1.0,0.0,0.0,,1.0,1.0,0.0,0.0,
default,crop_farming,4,ET1101,9,1.0,1.0,0.0,0.0,,1.0,1.0,0.0,0.0,
default,crop_farming,4,ET1102,9,1.0,1.0,0.0,0.0,,1.0,1.0,0.0,0.0,
default,crop_farming,4,ET1103,9,1.0,1.0,0.0,0.0,,1.0,1.0,0.0,0.0,
default,crop_farming,4,ET1104,9,0.2222222222222222,0.14320987654320985,0.7777777777777778,0.8819171036881969,-0.7500000000000002,0.1111111111111111,0.1111111111111111,1.1111111111111112,1.247219128924647,-2.5000000000000004
default,crop_farming,4,ET1105,9,1.0,1.0,0.0,0.0,,1.0,1.0,0.0,0.0,
default,crop_farming,4,ET1106,9,1.0,1.0,0.0,0.0,,1.0,1.0,0.0,0.0,
default,crop_farming,4,ET1202,9,1.0,1.0,0.0,0.0,,1.0,1.0,0.0,0.0,
default,crop_farming,4,ET1203,9,1.0,1.0,0.0,0.0,,1.0,1.0,0.0,0.0,
default,crop_farming,4,ET1204,9,1.0,1.0,0.0,0.0,,1.0,1.0,0.0,0.0,
default,crop_farming,4,ET1301,9,0.6666666666666666,0.5333333333333334,0.3333333333333333,0.5773502691896257,-0.5,0.6666666666666666,0.5333333333333334,0.3333333333333333,0.5773502691896257,-0.5
default,crop_farming,4,ET1401,9,1.0,1.0,0.0,0.0,,1.0,1.0,0.0,0.0,
default,crop_farming,4,ET1501,9,0.6666666666666666,0.5333333333333334,0.3333333333333333,0.5773502691896257,-0.5,0.1111111111111111,0.16666666666666666,1.1111111111111112,1.247219128924647,-6.0
default,crop_farming,4,ET1502,9,0.6666666666666666,0.5333333333333334,0.3333333333333333,0.5773502691896257,-0.5,0.7777777777777778,0.738095238095238,0.2222222222222222,0.4714045207910317,0.0
default,crop_farming,4,ET1600,9,0.6666666666666666,0.586894586894587,0.3333333333333333,0.5773502691896257,-0.038461538461538325,0.4444444444444444,0.4444444444444444,0.6666666666666666,0.9428090415820634,-1.7692307692307687
default,crop_farming,8,ET0101,9,0.1111111111111111,0.1111111111111111,1.4444444444444444,1.6666666666666667,-0.4802631578947367,0.5555555555555556,0.5396825396825397,1.0,1.5986105077709065,-0.36184210526315796
default,crop_farming,8,ET0102,9,0.2222222222222222,0.15555555555555556,1.2222222222222223,1.5275252316519468,-0.4104477611940298,0.5555555555555556,0.5888888888888889,1.0,1.5986105077709065,-0.544776119402985
default,crop_farming,8,ET0103,9,0.1111111111111111,0.031746031746031744,1.3333333333333333,1.4907119849998598,-1.0930232558139537,0.2222222222222222,0.31746031746031744,1.1111111111111112,1.4142135623730951,-0.8837209302325582
default,crop_farming,8,ET0104,9,0.2222222222222222,0.08888888888888889,1.1111111111111112,1.3333333333333333,-1.88,0.2222222222222222,0.2666666666666667,1.1111111111111112,1.4142135623730951,-2.24
default,crop_farming,8,ET0105,9,0.3333333333333333,0.16666666666666666,1.3333333333333333,1.699673171197595,-1.6,0.4444444444444444,0.37037037037037035,0.7777777777777778,1.1055415967851334,-0.10000000000000009
default,crop_farming,8,ET0106,9,0.0,0.0,1.4444444444444444,1.5986105077709065,-0.6967213114754098,0.3333333333333333,0.4222222222222222,1.2222222222222223,1.6666666666666667,-0.8442622950819672
default,crop_farming,8,ET0107,9,0.2222222222222222,0.3055555555555556,0.8888888888888888,1.0540925533894598,-0.6071428571428574,0.4444444444444444,0.5555555555555556,0.7777777777777778,1.1055415967851334,-0.767857142857143
default,crop_farming,8,ET0301,9,0.4444444444444444,0.2962962962962963,0.6666666666666666,0.9428090415820634,-1.0000000000000004,0.1111111111111111,0.09876543209876543,1.0,1.1055415967851334,-1.7500000000000004
default,crop_farming,8,ET0302,9,0.4444444444444444,0.39191919191919194,0.5555555555555556,0.7453559924999299,-0.25,0.3333333333333333,0.2740740740740741,0.8888888888888888,1.1547005383792515,-2.0
default,crop_farming,8,ET0303,9,0.5555555555555556,0.4740740740740741,0.5555555555555556,0.8819171036881969,-0.7500000000000002,0.2222222222222222,0.2222222222222222,1.1111111111111112,1.4142135623730951,-3.500000000000001
default,crop_farming,8,ET0304,9,0.3333333333333333,0.16666666666666666,0.6666666666666666,0.816496580927726,-0.42105263157894757,0.0,0.0,1.1111111111111112,1.1547005383792515,-1.8421052631578951
default,crop_farming,8,ET0305,9,0.3333333333333333,0.2740740740740741,0.6666666666666666,0.816496580927726,0.0,0.5555555555555556,0.4273504273504274,0.5555555555555556,0.8819171036881969,-0.16666666666666674
default,crop_farming,8,ET0306,9,1.0,1.0,0.0,0.0,,1.0,1.0,0.0,0.0,
default,crop_farming,8,ET0307,9,1.0,1.0,0.0,0.0,,1.0,1.0,0.0,0.0,
default,crop_farming,8,ET0308,9,0.3333333333333333,0.2888888888888889,0.6666666666666666,0.816496580927726,-0.22727272727272707,0.3333333333333333,0.3492063492063492,0.8888888888888888,1.1547005383792515,-1.4545454545454541
default,crop_farming,8,ET0309,9,1.0,1.0,0.0,0.0,,1.0,1.0,0.0,0.0,
default,crop_farming,8,ET0310,9,0.5555555555555556,0.4444444444444444,0.4444444444444444,0.6666666666666666,0.18181818181818188,0.3333333333333333,0.23809523809523808,0.7777777777777778,1.0,-0.8409090909090908
default,crop_farming,8,ET0311,9,0.8888888888888888,0.8366013071895425,0.1111111111111111,0.3333333333333333,-0.125,0.8888888888888888,0.8366013071895425,0.1111111111111111,0.3333333333333333,-0.125
default,crop_farming,8,ET0312,9,1.0,1.0,0.0,0.0,,1.0,1.0,0.0,0.0,
default,crop_farming,8,ET0401,9,1.0,1.0,0.0,0.0,,1.0,1.0,0.0,0.0,
default,crop_farming,8,ET0402,9,1.0,1.0,0.0,0.0,,0.8888888888888888,0.9411764705882353,0.1111111111111111,0.3333333333333333,
default,crop_farming,8,ET0403,9,1.0,1.0,0.0,0.0,,1.0,1.0,0.0,0.0,
default,crop_farming,8,ET0404,9,1.0,1.0,0.0,0.0,,1.0,1.0,0.0,0.0,
default,crop_farming,8,ET0405,9,1.0,1.0,0.0,0.0,,1.0,1.0,0.0,0.0,
default,crop_farming,8,ET0406,9,0.4444444444444444,0.4786324786324787,0.5555555555555556,0.7453559924999299,-2.214285714285715,0.7777777777777778,0.6805555555555556,0.2222222222222222,0.4714045207910317,-0.2857142857142858
default,crop_farming,8,ET0407,9,0.4444444444444444,0.4444444444444444,0.6666666666666666,0.9428090415820634,-3.0,0.3333333333333333,0.3333333333333333,0.6666666666666666,0.816496580927726,-2.0
default,crop_farming,8,ET0408,9,0.5555555555555556,0.5238095238095238,0.4444444444444444,0.6666666666666666,-0.125,0.4444444444444444,0.3587301587301587,0.5555555555555556,0.7453559924999299,-0.40625
default,crop_farming,8,ET0409,9,0.8888888888888888,0.9037037037037037,0.1111111111111111,0.3333333333333333,-0.125,0.4444444444444444,0.5165945165945165,0.5555555555555556,0.7453559924999299,-4.625
default,crop_farming,8,ET0413,9,1.0,1.0,0.0,0.0,,1.0,1.0,0.0,0.0,
default,crop_farming,8,ET0416,9,1.0,1.0,0.0,0.0,,1.0,1.0,0.0,0.0,
default,crop_farming,8,ET0417,9,0.5555555555555556,0.39682539682539686,0.4444444444444444,0.6666666666666666,0.0,0.4444444444444444,0.4074074074074074,0.6666666666666666,0.9428090415820634,-1.0
default,crop_farming,8,ET0418,9,0.7777777777777778,0.6805555555555556,0.2222222222222222,0.4714045207910317,-0.2857142857142858,0.7777777777777778,0.6805555555555556,0.2222222222222222,0.4714045207910317,-0.2857142857142858
default,crop_farming,8,ET0419,9,1.0,1.0,0.0,0.0,,1.0,1.0,0.0,0.0,
default,crop_farming,8,ET0420,9,0.7777777777777778,0.6805555555555556,0.2222222222222222,0.4714045207910317,-0.2857142857142858,0.7777777777777778,0.6805555555555556,0.2222222222222222,0.4714045207910317,-0.2857142857142858
default,crop_farming,8,ET0602,9,0.6666666666666666,0.5333333333333334,0.5555555555555556,1.0,-0.4464285714285714,0.4444444444444444,0.4102564102564103,0.7777777777777778,1.1055415967851334,-0.7678571428571428
default,crop_farming,8,ET0603,9,1.0,1.0,0.0,0.0,,1.0,1.0,0.0,0.0,
default,crop_farming,8,ET0604,9,0.5555555555555556,0.5555555555555556,0.5555555555555556,0.8819171036881969,-2.5,0.6666666666666666,0.6666666666666666,0.3333333333333333,0.5773502691896257,-0.5
default,crop_farming,8,ET0605,9,1.0,1.0,0.0,0.0,,1.0,1.0,0.0,0.0,
default,crop_farming,8,ET0701,9,0.5555555555555556,0.5555555555555556,0.4444444444444444,0.6666666666666666,-0.7999999999999998,0.5555555555555556,0.39682539682539686,0.4444444444444444,0.6666666666666666,-0.7999999999999998
default,crop_farming,8,ET0702,9,0.5555555555555556,0.47619047619047616,0.4444444444444444,0.6666666666666666,-1.0,0.3333333333333333,0.39999999999999997,0.8888888888888888,1.1547005383792515,-5.0
default,crop_farming,8,ET0703,9,0.2222222222222222,0.2424242424242424,0.7777777777777778,0.8819171036881969,-1.423076923076923,0.3333333333333333,0.3636363636363636,0.7777777777777778,1.0,-2.115384615384615
default,crop_farming,8,ET0705,9,0.3333333333333333,0.2777777777777778,0.6666666666666666,0.816496580927726,-1.7000000000000006,0.3333333333333333,0.3492063492063492,0.6666666666666666,0.816496580927726,-1.7000000000000006
default,crop_farming,8,ET0706,9,0.6666666666666666,0.6222222222222222,0.3333333333333333,0.5773502691896257,-0.9285714285714288,0.4444444444444444,0.4786324786324787,0.5555555555555556,0.7453559924999299,-2.214285714285715
default,crop_farming,8,ET0710,9,0.5555555555555556,0.39682539682539686,0.4444444444444444,0.6666666666666666,-0.8000000000000003,0.3333333333333333,0.37389770723104054,0.7777777777777778,1.0,-3.0500000000000007
default,crop_farming,8,ET0713,9,0.3333333333333333,0.16666666666666666,0.6666666666666666,0.816496580927726,-2.0,0.3333333333333333,0.30000000000000004,0.6666666666666666,0.816496580927726,-2.0
default,crop_farming,8,ET0714,9,0.4444444444444444,0.46031746031746024,0.6666666666666666,0.9428090415820634,-2.6000000000000005,0.3333333333333333,0.2777777777777778,0.6666666666666666,0.816496580927726,-1.7000000000000006
default,crop_farming,8,ET0715,9,0.2222222222222222,0.30687830687830686,1.0,1.2018504251546631,-4.8500000000000005,0.4444444444444444,0.4040404040404041,0.7777777777777778,1.1055415967851334,-3.950000000000001
default,crop_farming,8,ET0716,9,0.8888888888888888,0.8366013071895425,0.1111111111111111,0.3333333333333333,-0.125,0.7777777777777778,0.7777777777777778,0.2222222222222222,0.4714045207910317,-1.25
default,crop_farming,8,ET0720,9,0.3333333333333333,0.2777777777777778,0.6666666666666666,0.816496580927726,-0.6875,0.2222222222222222,0.20202020202020204,0.7777777777777778,0.8819171036881969,-0.96875
default,crop_farming,8,ET0721,9,0.3333333333333333,0.3333333333333333,0.6666666666666666,0.816496580927726,-2.0,0.4444444444444444,0.4102564102564103,0.5555555555555556,0.7453559924999299,-1.5
default,crop_farming,8,ET0722,9,0.2222222222222222,0.16161616161616163,0.7777777777777778,0.8819171036881969,-2.1500000000000004,0.3333333333333333,0.31666666666666665,0.6666666666666666,0.816496580927726,-1.7000000000000006
default,crop_farming,8,ET0723,9,0.2222222222222222,0.2222222222222222,0.8888888888888888,1.0540925533894598,-3.500000000000001,0.4444444444444444,0.46031746031746024,0.6666666666666666,0.9428090415820634,-2.6000000000000005
default,crop_farming,8,ET0724,9,1.0,1.0,0.0,0.0,,1.0,1.0,0.0,0.0,
default,crop_farming,8,ET1101,9,1.0,1.0,0.0,0.0,,1.0,1.0,0.0,0.0,
default,crop_farming,8,ET1102,9,1.0,1.0,0.0,0.0,,1.0,1.0,0.0,0.0,
default,crop_farming,8,ET1103,9,1.0,1.0,0.0,0.0,,1.0,1.0,0.0,0.0,
default,crop_farming,8,ET1104,9,0.1111111111111111,0.024691358024691357,1.2222222222222223,1.3743685418725535,-3.250000000000001,0.2222222222222222,0.15873015873015872,1.0,1.2018504251546631,-2.2500000000000004
default,crop_farming,8,ET1105,9,1.0,1.0,0.0,0.0,,1.0,1.0,0.0,0.0,
default,crop_farming,8,ET1106,9,1.0,1.0,0.0,0.0,,1.0,1.0,0.0,0.0,
default,crop_farming,8,ET1202,9,1.0,1.0,0.0,0.0,,1.0,1.0,0.0,0.0,
default,crop_farming,8,ET1203,9,1.0,1.0,0.0,0.0,,1.0,1.0,0.0,0.0,
default,crop_farming,8,ET1204,9,1.0,1.0,0.0,0.0,,1.0,1.0,0.0,0.0,
default,crop_farming,8,ET1301,9,0.6666666666666666,0.5333333333333334,0.3333333333333333,0.5773502691896257,-0.5,0.6666666666666666,0.5333333333333334,0.3333333333333333,0.5773502691896257,-0.5
default,crop_farming,8,ET1401,9,1.0,1.0,0.0,0.0,,1.0,1.0,0.0,0.0,
default,crop_farming,8,ET1501,9,0.6666666666666666,0.6461538461538462,0.3333333333333333,0.5773502691896257,-0.5,0.1111111111111111,0.16666666666666666,1.1111111111111112,1.247219128924647,-6.0
default,crop_farming,8,ET1502,9,0.6666666666666666,0.6461538461538462,0.3333333333333333,0.5773502691896257,-0.5,0.5555555555555556,0.47619047619047616,0.4444444444444444,0.6666666666666666,-1.0
default,crop_farming,8,ET1600,9,0.6666666666666666,0.5333333333333334,0.3333333333333333,0.5773502691896257,-0.038461538461538325,0.3333333333333333,0.3636363636363636,0.7777777777777778,1.0,-2.115384615384615
default,crop_farming,12,ET0101,9,0.1111111111111111,0.09523809523809523,1.7777777777777777,2.0548046676563256,-1.25,0.4444444444444444,0.38518518518518513,1.3333333333333333,1.8856180831641267,-0.894736842105263
default,crop_farming,12,ET0102,9,0.1111111111111111,0.022222222222222223,1.5555555555555556,1.699673171197595,-0.7462686567164178,0.2222222222222222,0.3333333333333333,1.4444444444444444,1.7950549357115013,-0.9477611940298507
default,crop_farming,12,ET0103,9,0.1111111111111111,0.022222222222222223,1.4444444444444444,1.5986105077709065,-1.4069767441860463,0.2222222222222222,0.2222222222222222,1.3333333333333333,1.632993161855452,-1.5116279069767442
default,crop_farming,12,ET0104,9,0.2222222222222222,0.08080808080808081,1.2222222222222223,1.4529663145135578,-2.42,0.1111111111111111,0.07407407407407407,1.3333333333333333,1.5634719199411433,-2.96
default,crop_farming,12,ET0105,9,0.3333333333333333,0.16666666666666666,1.3333333333333333,1.699673171197595,-1.6,0.3333333333333333,0.19999999999999998,1.0,1.2909944487358056,-0.5
default,crop_farming,12,ET0106,9,0.0,0.0,1.6666666666666667,1.7320508075688772,-0.9918032786885247,0.1111111111111111,0.19047619047619047,1.6666666666666667,1.9148542155126762,-1.4344262295081966
default,crop_farming,12,ET0107,9,0.0,0.0,1.0,1.0,-0.4464285714285716,0.2222222222222222,0.345679012345679,1.1111111111111112,1.3333333333333333,-1.5714285714285716
default,crop_farming,12,ET0301,9,0.4444444444444444,0.27350427350427353,0.5555555555555556,0.7453559924999299,-0.2500000000000002,0.4444444444444444,0.3950617283950617,1.0,1.3743685418725535,-3.250000000000001
default,crop_farming,12,ET0302,9,0.5555555555555556,0.49292929292929294,0.5555555555555556,0.8819171036881969,-0.75,0.3333333333333333,0.2740740740740741,0.8888888888888888,1.1547005383792515,-2.0
default,crop_farming,12,ET0303,9,0.4444444444444444,0.27350427350427353,0.6666666666666666,0.9428090415820634,-1.0000000000000004,0.3333333333333333,0.2962962962962963,1.1111111111111112,1.4142135623730951,-3.500000000000001
default,crop_farming,12,ET0304,9,0.3333333333333333,0.16666666666666666,0.6666666666666666,0.816496580927726,-0.42105263157894757,0.2222222222222222,0.19047619047619047,1.2222222222222223,1.4529663145135578,-3.500000000000001
default,crop_farming,12,ET0305,9,0.2222222222222222,0.08080808080808081,0.7777777777777778,0.8819171036881969,-0.16666666666666674,0.5555555555555556,0.4273504273504274,0.5555555555555556,0.8819171036881969,-0.16666666666666674
default,crop_farming,12,ET0306,9,1.0,1.0,0.0,0.0,,1.0,1.0,0.0,0.0,
default,crop_farming,12,ET0307,9,1.0,1.0,0.0,0.0,,1.0,1.0,0.0,0.0,
default,crop_farming,12,ET0308,9,0.5555555555555556,0.4962962962962963,0.6666666666666666,1.0540925533894598,-1.0454545454545454,0.2222222222222222,0.21031746031746032,1.1111111111111112,1.3333333333333333,-2.2727272727272725
default,crop_farming,12,ET0309,9,1.0,1.0,0.0,0.0,,1.0,1.0,0.0,0.0,
default,crop_farming,12,ET0310,9,0.4444444444444444,0.27350427350427353,0.5555555555555556,0.7453559924999299,-0.022727272727272707,0.2222222222222222,0.18253968253968253,1.0,1.2018504251546631,-1.6590909090909087
default,crop_farming,12,ET0311,9,0.7777777777777778,0.8174603174603174,0.2222222222222222,0.4714045207910317,-1.25,0.8888888888888888,0.8366013071895425,0.1111111111111111,0.3333333333333333,-0.125
default,crop_farming,12,ET0312,9,1.0,1.0,0.0,0.0,,1.0,1.0,0.0,0.0,
default,crop_farming,12,ET0401,9,1.0,1.0,0.0,0.0,,1.0,1.0,0.0,0.0,
default,crop_farming,12,ET0402,9,1.0,1.0,0.0,0.0,,0.8888888888888888,0.9411764705882353,0.1111111111111111,0.3333333333333333,
default,crop_farming,12,ET0403,9,1.0,1.0,0.0,0.0,,1.0,1.0,0.0,0.0,
default,crop_farming,12,ET0404,9,1.0,1.0,0.0,0.0,,1.0,1.0,0.0,0.0,
default,crop_farming,12,ET0405,9,1.0,1.0,0.0,0.0,,1.0,1.0,0.0,0.0,
default,crop_farming,12,ET0406,9,0.2222222222222222,0.2828282828282828,0.7777777777777778,0.8819171036881969,-3.500000000000001,0.7777777777777778,0.6805555555555556,0.2222222222222222,0.4714045207910317,-0.2857142857142858
default,crop_farming,12,ET0407,9,0.5555555555555556,0.47619047619047616,0.4444444444444444,0.6666666666666666,-1.0,0.4444444444444444,0.4444444444444444,0.6666666666666666,0.9428090415820634,-3.0
default,crop_farming,12,ET0408,9,0.6666666666666666,0.6203703703703703,0.3333333333333333,0.5773502691896257,0.15625,0.4444444444444444,0.3587301587301587,0.5555555555555556,0.7453559924999299,-0.40625
default,crop_farming,12,ET0409,9,0.7777777777777778,0.8174603174603174,0.2222222222222222,0.4714045207910317,-1.25,0.3333333333333333,0.4444444444444444,0.6666666666666666,0.816496580927726,-5.749999999999999
default,crop_farming,12,ET0413,9,1.0,1.0,0.0,0.0,,1.0,1.0,0.0,0.0,
default,crop_farming,12,ET0416,9,1.0,1.0,0.0,0.0,,1.0,1.0,0.0,0.0,
default,crop_farming,12,ET0417,9,0.4444444444444444,0.3418803418803419,0.5555555555555556,0.7453559924999299,-0.25,0.3333333333333333,0.3333333333333333,0.8888888888888888,1.1547005383792515,-2.0
default,crop_farming,12,ET0418,9,0.7777777777777778,0.6805555555555556,0.2222222222222222,0.4714045207910317,-0.2857142857142858,0.7777777777777778,0.6805555555555556,0.2222222222222222,0.4714045207910317,-0.2857142857142858
default,crop_farming,12,ET0419,9,1.0,1.0,0.0,0.0,,1.0,1.0,0.0,0.0,
default,crop_farming,12,ET0420,9,0.7777777777777778,0.6805555555555556,0.2222222222222222,0.4714045207910317,-0.2857142857142858,0.7777777777777778,0.6805555555555556,0.2222222222222222,0.4714045207910317,-0.2857142857142858
default,crop_farming,12,ET0602,9,0.6666666666666666,0.5333333333333334,0.5555555555555556,1.0,-0.4464285714285714,0.6666666666666666,0.586894586894587,0.5555555555555556,1.0,-0.4464285714285714
default,crop_farming,12,ET0603,9,1.0,1.0,0.0,0.0,,1.0,1.0,0.0,0.0,
default,crop_farming,12,ET0604,9,0.6666666666666666,0.5333333333333334,0.3333333333333333,0.5773502691896257,-0.5,0.5555555555555556,0.5333333333333333,0.4444444444444444,0.6666666666666666,-1.0
default,crop_farming,12,ET0605,9,1.0,1.0,0.0,0.0,,1.0,1.0,0.0,0.0,
default,crop_farming,12,ET0701,9,0.4444444444444444,0.4444444444444444,0.5555555555555556,0.7453559924999299,-1.25,0.5555555555555556,0.39682539682539686,0.4444444444444444,0.6666666666666666,-0.7999999999999998
default,crop_farming,12,ET0702,9,0.5555555555555556,0.47619047619047616,0.4444444444444444,0.6666666666666666,-1.0,0.3333333333333333,0.39999999999999997,0.8888888888888888,1.1547005383792515,-5.0
default,crop_farming,12,ET0703,9,0.5555555555555556,0.47619047619047616,0.4444444444444444,0.6666666666666666,-0.38461538461538436,0.5555555555555556,0.5959595959595959,0.5555555555555556,0.8819171036881969,-1.423076923076923
default,crop_farming,12,ET0705,9,0.4444444444444444,0.46031746031746024,0.6666666666666666,0.9428090415820634,-2.6000000000000005,0.2222222222222222,0.2222222222222222,0.8888888888888888,1.0540925533894598,-3.500000000000001
default,crop_farming,12,ET0706,9,0.5555555555555556,0.5555555555555556,0.4444444444444444,0.6666666666666666,-1.5714285714285716,0.5555555555555556,0.5982905982905984,0.5555555555555556,0.8819171036881969,-3.500000000000001
default,crop_farming,12,ET0710,9,0.3333333333333333,0.3492063492063492,0.6666666666666666,0.816496580927726,-1.7000000000000006,0.4444444444444444,0.5436507936507936,0.8888888888888888,1.247219128924647,-5.300000000000001
default,crop_farming,12,ET0713,9,0.5555555555555556,0.5333333333333333,0.4444444444444444,0.6666666666666666,-1.0,0.3333333333333333,0.31481481481481477,0.7777777777777778,1.0,-3.5
default,crop_farming,12,ET0714,9,0.5555555555555556,0.5185185185185185,0.4444444444444444,0.6666666666666666,-0.8000000000000003,0.2222222222222222,0.20202020202020204,0.7777777777777778,0.8819171036881969,-2.1500000000000004
default,crop_farming,12,ET0715,9,0.2222222222222222,0.287037037037037,0.8888888888888888,1.0540925533894598,-3.500000000000001,0.3333333333333333,0.303030303030303,0.7777777777777778,1.0,-3.0500000000000007
default,crop_farming,12,ET0716,9,0.8888888888888888,0.8366013071895425,0.1111111111111111,0.3333333333333333,-0.125,0.7777777777777778,0.7777777777777778,0.2222222222222222,0.4714045207910317,-1.25
default,crop_farming,12,ET0720,9,0.5555555555555556,0.5707070707070707,0.5555555555555556,0.8819171036881969,-0.96875,0.3333333333333333,0.303030303030303,0.7777777777777778,1.0,-1.53125
default,crop_farming,12,ET0721,9,0.6666666666666666,0.5333333333333334,0.3333333333333333,0.5773502691896257,-0.5,0.5555555555555556,0.5777777777777778,0.4444444444444444,0.6666666666666666,-1.0
default,crop_farming,12,ET0722,9,0.5555555555555556,0.48148148148148145,0.4444444444444444,0.6666666666666666,-0.8000000000000003,0.6666666666666666,0.6666666666666666,0.3333333333333333,0.5773502691896257,-0.3500000000000003
default,crop_farming,12,ET0723,9,0.6666666666666666,0.7003367003367003,0.3333333333333333,0.5773502691896257,-0.3500000000000003,0.4444444444444444,0.4973544973544974,0.7777777777777778,1.1055415967851334,-3.950000000000001
default,crop_farming,12,ET0724,9,1.0,1.0,0.0,0.0,,1.0,1.0,0.0,0.0,
default,crop_farming,12,ET1101,9,1.0,1.0,0.0,0.0,,1.0,1.0,0.0,0.0,
default,crop_farming,12,ET1102,9,1.0,1.0,0.0,0.0,,1.0,1.0,0.0,0.0,
default,crop_farming,12,ET1103,9,1.0,1.0,0.0,0.0,,1.0,1.0,0.0,0.0,
default,crop_farming,12,ET1104,9,0.1111111111111111,0.022222222222222223,1.3333333333333333,1.4907119849998598,-4.000000000000001,0.2222222222222222,0.15873015873015872,1.0,1.2018504251546631,-2.2500000000000004
default,crop_farming,12,ET1105,9,1.0,1.0,0.0,0.0,,1.0,1.0,0.0,0.0,
default,crop_farming,12,ET1106,9,1.0,1.0,0.0,0.0,,1.0,1.0,0.0,0.0,
default,crop_farming,12,ET1202,9,1.0,1.0,0.0,0.0,,1.0,1.0,0.0,0.0,
default,crop_farming,12,ET1203,9,1.0,1.0,0.0,0.0,,1.0,1.0,0.0,0.0,
default,crop_farming,12,ET1204,9,1.0,1.0,0.0,0.0,,1.0,1.0,0.0,0.0,
default,crop_farming,12,ET1301,9,0.6666666666666666,0.5333333333333334,0.3333333333333333,0.5773502691896257,-0.5,0.6666666666666666,0.5333333333333334,0.3333333333333333,0.5773502691896257,-0.5
default,crop_farming,12,ET1401,9,1.0,1.0,0.0,0.0,,1.0,1.0,0.0,0.0,
default,crop_farming,12,ET1501,9,0.6666666666666666,0.5333333333333334,0.3333333333333333,0.5773502691896257,-0.5,0.2222222222222222,0.3333333333333333,1.1111111111111112,1.3333333333333333,-7.0
default,crop_farming,12,ET1502,9,0.6666666666666666,0.5333333333333334,0.3333333333333333,0.5773502691896257,-0.5,0.5555555555555556,0.47619047619047616,0.4444444444444444,0.6666666666666666,-1.0
default,crop_farming,12,ET1600,9,0.6666666666666666,0.6239316239316239,0.3333333333333333,0.5773502691896257,-0.038461538461538325,0.3333333333333333,0.3636363636363636,0.7777777777777778,1.0,-2.115384615384615
default,pastoral,0,ET0201,9,0.5555555555555556,0.5333333333333333,0.4444444444444444,0.6666666666666666,-1.0,0.7777777777777778,0.7833333333333334,0.2222222222222222,0.4714045207910317,0.0
default,pastoral,0,ET0202,9,0.5555555555555556,0.47619047619047616,0.4444444444444444,0.6666666666666666,-1.0,0.6666666666666666,0.7070707070707071,0.3333333333333333,0.5773502691896257,-0.5
default,pastoral,0,ET0203,9,0.7777777777777778,0.7542087542087541,0.2222222222222222,0.4714045207910317,0.5263157894736841,0.6666666666666666,0.6949494949494949,0.3333333333333333,0.5773502691896257,0.2894736842105262
default,pastoral,0,ET0204,9,0.3333333333333333,0.2222222222222222,0.6666666666666666,0.816496580927726,-0.5000000000000002,0.4444444444444444,0.5079365079365079,0.5555555555555556,0.7453559924999299,-0.2500000000000002
default,pastoral,0,ET0205,9,0.6666666666666666,0.6222222222222222,0.3333333333333333,0.5773502691896257,-0.9285714285714288,0.5555555555555556,0.5555555555555556,0.4444444444444444,0.6666666666666666,-1.5714285714285716
default,pastoral,0,ET0411,9,0.6666666666666666,0.6388888888888888,0.4444444444444444,0.816496580927726,-0.6875,0.3333333333333333,0.2777777777777778,0.6666666666666666,0.816496580927726,-0.6875
default,pastoral,0,ET0412,9,0.4444444444444444,0.46419753086419757,0.5555555555555556,0.7453559924999299,-0.022727272727272707,0.6666666666666666,0.6687830687830688,0.3333333333333333,0.5773502691896257,0.38636363636363646
default,pastoral,0,ET0414,9,0.6666666666666666,0.6222222222222222,0.3333333333333333,0.5773502691896257,-0.9285714285714288,0.4444444444444444,0.4444444444444444,0.5555555555555556,0.7453559924999299,-2.214285714285715
default,pastoral,0,ET0415,9,0.7777777777777778,0.7592592592592593,0.2222222222222222,0.4714045207910317,0.09999999999999987,0.7777777777777778,0.7722222222222223,0.2222222222222222,0.4714045207910317,0.09999999999999987
default,pastoral,0,ET0421,9,0.8888888888888888,0.9401709401709402,0.1111111111111111,0.3333333333333333,0.3571428571428571,0.0,0.0,1.0,1.0,-4.7857142857142865
default,pastoral,0,ET0501,9,0.4444444444444444,0.4011544011544011,0.5555555555555556,0.7453559924999299,-1.2500000000000004,0.4444444444444444,0.4011544011544011,0.5555555555555556,0.7453559924999299,-1.2500000000000004
default,pastoral,0,ET0503,9,0.3333333333333333,0.3777777777777778,0.6666666666666666,0.816496580927726,-2.0,0.5555555555555556,0.5555555555555556,0.4444444444444444,0.6666666666666666,-1.0
default,pastoral,0,ET0504,9,0.7777777777777778,0.875,0.2222222222222222,0.4714045207910317,,1.0,1.0,0.0,0.0,
default,pastoral,0,ET0505,9,0.3333333333333333,0.3333333333333333,0.6666666666666666,0.816496580927726,-0.5,0.3333333333333333,0.2777777777777778,0.6666666666666666,0.816496580927726,-0.5
default,pastoral,0,ET0506,9,0.7777777777777778,0.8222222222222223,0.2222222222222222,0.4714045207910317,0.0,0.5555555555555556,0.47619047619047616,0.4444444444444444,0.6666666666666666,-1.0
default,pastoral,0,ET0507,9,0.4444444444444444,0.43771043771043766,0.5555555555555556,0.7453559924999299,-0.7307692307692306,0.3333333333333333,0.3333333333333333,0.6666666666666666,0.816496580927726,-1.0769230769230766
default,pastoral,0,ET0508,9,0.6666666666666666,0.674074074074074,0.3333333333333333,0.5773502691896257,0.38636363636363646,0.6666666666666666,0.674074074074074,0.3333333333333333,0.5773502691896257,0.38636363636363646
default,pastoral,0,ET0509,9,0.7777777777777778,0.7296296296296297,0.2222222222222222,0.4714045207910317,0.4375,0.6666666666666666,0.6707070707070708,0.3333333333333333,0.5773502691896257,0.15625
default,pastoral,0,ET0510,9,0.7777777777777778,0.875,0.2222222222222222,0.4714045207910317,,0.8888888888888888,0.9411764705882353,0.1111111111111111,0.3333333333333333,
default,pastoral,0,ET0511,9,0.8888888888888888,0.882051282051282,0.1111111111111111,0.3333333333333333,0.5,0.8888888888888888,0.882051282051282,0.1111111111111111,0.3333333333333333,0.5
default,pastoral,1,ET0201,9,0.6666666666666666,0.6666666666666666,0.3333333333333333,0.5773502691896257,-0.5,0.7777777777777778,0.7833333333333334,0.2222222222222222,0.4714045207910317,0.0
default,pastoral,1,ET0202,9,0.5555555555555556,0.47619047619047616,0.4444444444444444,0.6666666666666666,-1.0,0.6666666666666666,0.7070707070707071,0.3333333333333333,0.5773502691896257,-0.5
default,pastoral,1,ET0203,9,0.7777777777777778,0.7542087542087541,0.2222222222222222,0.4714045207910317,0.5263157894736841,0.6666666666666666,0.6949494949494949,0.3333333333333333,0.5773502691896257,0.2894736842105262
default,pastoral,1,ET0204,9,0.3333333333333333,0.2424242424242424,0.7777777777777778,1.0,-1.2500000000000004,0.4444444444444444,0.5079365079365079,0.5555555555555556,0.7453559924999299,-0.2500000000000002
default,pastoral,1,ET0205,9,0.7777777777777778,0.7777777777777778,0.2222222222222222,0.4714045207910317,-0.2857142857142858,0.5555555555555556,0.5555555555555556,0.4444444444444444,0.6666666666666666,-1.5714285714285716
default,pastoral,1,ET0411,9,0.6666666666666666,0.6262626262626263,0.3333333333333333,0.5773502691896257,0.15625,0.3333333333333333,0.2777777777777778,0.6666666666666666,0.816496580927726,-0.6875
default,pastoral,1,ET0412,9,0.3333333333333333,0.35185185185185186,0.6666666666666666,0.816496580927726,-0.22727272727272707,0.6666666666666666,0.6687830687830688,0.3333333333333333,0.5773502691896257,0.38636363636363646
default,pastoral,1,ET0414,9,0.5555555555555556,0.5925925925925926,0.4444444444444444,0.6666666666666666,-1.5714285714285716,0.4444444444444444,0.4444444444444444,0.5555555555555556,0.7453559924999299,-2.214285714285715
default,pastoral,1,ET0415,9,0.7777777777777778,0.7592592592592593,0.2222222222222222,0.4714045207910317,0.09999999999999987,0.7777777777777778,0.7722222222222223,0.2222222222222222,0.4714045207910317,0.09999999999999987
default,pastoral,1,ET0421,9,0.8888888888888888,0.9401709401709402,0.1111111111111111,0.3333333333333333,0.3571428571428571,0.0,0.0,1.0,1.0,-4.7857142857142865
default,pastoral,1,ET0501,9,0.5555555555555556,0.48148148148148145,0.4444444444444444,0.6666666666666666,-0.8000000000000003,0.4444444444444444,0.4011544011544011,0.5555555555555556,0.7453559924999299,-1.2500000000000004
default,pastoral,1,ET0503,9,0.3333333333333333,0.3777777777777778,0.6666666666666666,0.816496580927726,-2.0,0.5555555555555556,0.5555555555555556,0.4444444444444444,0.6666666666666666,-1.0
default,pastoral,1,ET0504,9,0.7777777777777778,0.875,0.2222222222222222,0.4714045207910317,,1.0,1.0,0.0,0.0,
default,pastoral,1,ET0505,9,0.3333333333333333,0.3333333333333333,0.6666666666666666,0.816496580927726,-0.5,0.3333333333333333,0.2777777777777778,0.6666666666666666,0.816496580927726,-0.5
default,pastoral,1,ET0506,9,0.7777777777777778,0.8222222222222223,0.2222222222222222,0.4714045207910317,0.0,0.5555555555555556,0.47619047619047616,0.4444444444444444,0.6666666666666666,-1.0
default,pastoral,1,ET0507,9,0.4444444444444444,0.43771043771043766,0.5555555555555556,0.7453559924999299,-0.7307692307692306,0.3333333333333333,0.3333333333333333,0.6666666666666666,0.816496580927726,-1.0769230769230766
default,pastoral,1,ET0508,9,0.6666666666666666,0.674074074074074,0.3333333333333333,0.5773502691896257,0.38636363636363646,0.6666666666666666,0.674074074074074,0.3333333333333333,0.5773502691896257,0.38636363636363646
default,pastoral,1,ET0509,9,0.6666666666666666,0.6707070707070708,0.3333333333333333,0.5773502691896257,0.15625,0.6666666666666666,0.6707070707070708,0.3333333333333333,0.5773502691896257,0.15625
default,pastoral,1,ET0510,9,0.7777777777777778,0.875,0.2222222222222222,0.4714045207910317,,0.8888888888888888,0.9411764705882353,0.1111111111111111,0.3333333333333333,
default,pastoral,1,ET0511,9,0.8888888888888888,0.882051282051282,0.1111111111111111,0.3333333333333333,0.5,0.8888888888888888,0.882051282051282,0.1111111111111111,0.3333333333333333,0.5
default,pastoral,2,ET0201,9,0.6666666666666666,0.6666666666666666,0.3333333333333333,0.5773502691896257,-0.5,0.7777777777777778,0.7833333333333334,0.2222222222222222,0.4714045207910317,0.0
default,pastoral,2,ET0202,9,0.5555555555555556,0.47619047619047616,0.4444444444444444,0.6666666666666666,-1.0,0.6666666666666666,0.7070707070707071,0.3333333333333333,0.5773502691896257,-0.5
default,pastoral,2,ET0203,9,0.7777777777777778,0.7542087542087541,0.2222222222222222,0.4714045207910317,0.5263157894736841,0.6666666666666666,0.6949494949494949,0.3333333333333333,0.5773502691896257,0.2894736842105262
default,pastoral,2,ET0204,9,0.3333333333333333,0.2222222222222222,0.6666666666666666,0.816496580927726,-0.5000000000000002,0.4444444444444444,0.5079365079365079,0.5555555555555556,0.7453559924999299,-0.2500000000000002
default,pastoral,2,ET0205,9,0.6666666666666666,0.6222222222222222,0.3333333333333333,0.5773502691896257,-0.9285714285714288,0.5555555555555556,0.5555555555555556,0.4444444444444444,0.6666666666666666,-1.5714285714285716
default,pastoral,2,ET0411,9,0.5555555555555556,0.5238095238095238,0.4444444444444444,0.6666666666666666,-0.125,0.3333333333333333,0.2777777777777778,0.6666666666666666,0.816496580927726,-0.6875
default,pastoral,2,ET0412,9,0.4444444444444444,0.40909090909090906,0.5555555555555556,0.7453559924999299,-0.022727272727272707,0.6666666666666666,0.6687830687830688,0.3333333333333333,0.5773502691896257,0.38636363636363646
default,pastoral,2,ET0414,9,0.3333333333333333,0.3888888888888889,0.6666666666666666,0.816496580927726,-2.8571428571428577,0.4444444444444444,0.4444444444444444,0.5555555555555556,0.7453559924999299,-2.214285714285715
default,pastoral,2,ET0415,9,0.6666666666666666,0.658008658008658,0.3333333333333333,0.5773502691896257,-0.3500000000000003,0.7777777777777778,0.7722222222222223,0.2222222222222222,0.4714045207910317,0.09999999999999987
default,pastoral,2,ET0421,9,0.8888888888888888,0.874074074074074,0.1111111111111111,0.3333333333333333,0.3571428571428571,0.0,0.0,1.0,1.0,-4.7857142857142865
default,pastoral,2,ET0501,9,0.6666666666666666,0.6666666666666666,0.3333333333333333,0.5773502691896257,-0.3500000000000003,0.4444444444444444,0.4011544011544011,0.5555555555555556,0.7453559924999299,-1.2500000000000004
default,pastoral,2,ET0503,9,0.4444444444444444,0.4747474747474747,0.5555555555555556,0.7453559924999299,-1.5,0.5555555555555556,0.5555555555555556,0.4444444444444444,0.6666666666666666,-1.0
default,pastoral,2,ET0504,9,0.8888888888888888,0.9411764705882353,0.1111111111111111,0.3333333333333333,,1.0,1.0,0.0,0.0,
default,pastoral,2,ET0505,9,0.2222222222222222,0.20202020202020204,0.7777777777777778,0.8819171036881969,-0.75,0.3333333333333333,0.2777777777777778,0.6666666666666666,0.816496580927726,-0.5
default,pastoral,2,ET0506,9,0.7777777777777778,0.738095238095238,0.2222222222222222,0.4714045207910317,0.0,0.5555555555555556,0.47619047619047616,0.4444444444444444,0.6666666666666666,-1.0
default,pastoral,2,ET0507,9,0.3333333333333333,0.3333333333333333,0.6666666666666666,0.816496580927726,-1.0769230769230766,0.3333333333333333,0.3333333333333333,0.6666666666666666,0.816496580927726,-1.0769230769230766
default,pastoral,2,ET0508,9,0.6666666666666666,0.674074074074074,0.3333333333333333,0.5773502691896257,0.38636363636363646,0.6666666666666666,0.674074074074074,0.3333333333333333,0.5773502691896257,0.38636363636363646
default,pastoral,2,ET0509,9,0.7777777777777778,0.7296296296296297,0.2222222222222222,0.4714045207910317,0.4375,0.6666666666666666,0.6707070707070708,0.3333333333333333,0.5773502691896257,0.15625
default,pastoral,2,ET0510,9,0.8888888888888888,0.9411764705882353,0.1111111111111111,0.3333333333333333,,0.8888888888888888,0.9411764705882353,0.1111111111111111,0.3333333333333333,
default,pastoral,2,ET0511,9,0.7777777777777778,0.738095238095238,0.2222222222222222,0.4714045207910317,0.0,0.8888888888888888,0.882051282051282,0.1111111111111111,0.3333333333333333,0.5
default,pastoral,3,ET0201,9,0.4444444444444444,0.37229437229437223,0.5555555555555556,0.7453559924999299,-1.5,0.7777777777777778,0.7833333333333334,0.2222222222222222,0.4714045207910317,0.0
default,pastoral,3,ET0202,9,0.4444444444444444,0.4102564102564103,0.5555555555555556,0.7453559924999299,-1.5,0.6666666666666666,0.7070707070707071,0.3333333333333333,0.5773502691896257,-0.5
default,pastoral,3,ET0203,9,0.7777777777777778,0.7542087542087541,0.2222222222222222,0.4714045207910317,0.5263157894736841,0.6666666666666666,0.6949494949494949,0.3333333333333333,0.5773502691896257,0.2894736842105262
default,pastoral,3,ET0204,9,0.2222222222222222,0.16161616161616163,0.7777777777777778,0.8819171036881969,-0.7500000000000002,0.4444444444444444,0.5079365079365079,0.5555555555555556,0.7453559924999299,-0.2500000000000002
default,pastoral,3,ET0205,9,0.6666666666666666,0.6222222222222222,0.3333333333333333,0.5773502691896257,-0.9285714285714288,0.5555555555555556,0.5555555555555556,0.4444444444444444,0.6666666666666666,-1.5714285714285716
default,pastoral,3,ET0411,9,0.7777777777777778,0.7296296296296297,0.2222222222222222,0.4714045207910317,0.4375,0.3333333333333333,0.2777777777777778,0.6666666666666666,0.816496580927726,-0.6875
default,pastoral,3,ET0412,9,0.2222222222222222,0.1728395061728395,0.7777777777777778,0.8819171036881969,-0.43181818181818166,0.6666666666666666,0.6687830687830688,0.3333333333333333,0.5773502691896257,0.38636363636363646
default,pastoral,3,ET0414,9,0.4444444444444444,0.48773448773448774,0.5555555555555556,0.7453559924999299,-2.214285714285715,0.4444444444444444,0.4444444444444444,0.5555555555555556,0.7453559924999299,-2.214285714285715
default,pastoral,3,ET0415,9,0.3333333333333333,0.3333333333333333,0.6666666666666666,0.816496580927726,-1.7000000000000006,0.7777777777777778,0.7722222222222223,0.2222222222222222,0.4714045207910317,0.09999999999999987
default,pastoral,3,ET0421,9,0.5555555555555556,0.6666666666666665,0.4444444444444444,0.6666666666666666,-1.5714285714285716,0.0,0.0,1.0,1.0,-4.7857142857142865
default,pastoral,3,ET0501,9,0.3333333333333333,0.2222222222222222,0.6666666666666666,0.816496580927726,-1.7000000000000006,0.4444444444444444,0.4011544011544011,0.5555555555555556,0.7453559924999299,-1.2500000000000004
default,pastoral,3,ET0503,9,0.4444444444444444,0.4747474747474747,0.5555555555555556,0.7453559924999299,-1.5,0.5555555555555556,0.5555555555555556,0.4444444444444444,0.6666666666666666,-1.0
default,pastoral,3,ET0504,9,0.8888888888888888,0.9411764705882353,0.1111111111111111,0.3333333333333333,,1.0,1.0,0.0,0.0,
default,pastoral,3,ET0505,9,0.3333333333333333,0.2777777777777778,0.6666666666666666,0.816496580927726,-0.5,0.3333333333333333,0.2777777777777778,0.6666666666666666,0.816496580927726,-0.5
default,pastoral,3,ET0506,9,0.6666666666666666,0.6794871794871795,0.3333333333333333,0.5773502691896257,-0.5,0.5555555555555556,0.47619047619047616,0.4444444444444444,0.6666666666666666,-1.0
default,pastoral,3,ET0507,9,0.3333333333333333,0.3333333333333333,0.6666666666666666,0.816496580927726,-1.0769230769230766,0.3333333333333333,0.3333333333333333,0.6666666666666666,0.816496580927726,-1.0769230769230766
default,pastoral,3,ET0508,9,0.5555555555555556,0.5444444444444445,0.4444444444444444,0.6666666666666666,0.18181818181818188,0.6666666666666666,0.674074074074074,0.3333333333333333,0.5773502691896257,0.38636363636363646
default,pastoral,3,ET0509,9,0.4444444444444444,0.3418803418803419,0.5555555555555556,0.7453559924999299,-0.40625,0.6666666666666666,0.6707070707070708,0.3333333333333333,0.5773502691896257,0.15625
default,pastoral,3,ET0510,9,1.0,1.0,0.0,0.0,,0.8888888888888888,0.9411764705882353,0.1111111111111111,0.3333333333333333,
default,pastoral,3,ET0511,9,0.6666666666666666,0.5333333333333334,0.3333333333333333,0.5773502691896257,-0.5,0.8888888888888888,0.882051282051282,0.1111111111111111,0.3333333333333333,0.5
default,pastoral,4,ET0201,9,0.4444444444444444,0.37229437229437223,0.5555555555555556,0.7453559924999299,-1.5,0.6666666666666666,0.6666666666666666,0.3333333333333333,0.5773502691896257,-0.5
default,pastoral,4,ET0202,9,0.4444444444444444,0.4102564102564103,0.5555555555555556,0.7453559924999299,-1.5,0.5555555555555556,0.5777777777777778,0.4444444444444444,0.6666666666666666,-1.0
default,pastoral,4,ET0203,9,0.7777777777777778,0.7542087542087541,0.2222222222222222,0.4714045207910317,0.5263157894736841,0.5555555555555556,0.6074074074074075,0.4444444444444444,0.6666666666666666,0.05263157894736825
default,pastoral,4,ET0204,9,0.2222222222222222,0.16161616161616163,0.7777777777777778,0.8819171036881969,-0.7500000000000002,0.4444444444444444,0.46772486772486765,0.5555555555555556,0.7453559924999299,-0.2500000000000002
default,pastoral,4,ET0205,9,0.7777777777777778,0.6805555555555556,0.2222222222222222,0.4714045207910317,-0.2857142857142858,0.6666666666666666,0.6222222222222222,0.3333333333333333,0.5773502691896257,-0.9285714285714288
default,pastoral,4,ET0411,9,0.5555555555555556,0.5238095238095238,0.4444444444444444,0.6666666666666666,-0.125,0.4444444444444444,0.37037037037037035,0.6666666666666666,0.9428090415820634,-1.25
default,pastoral,4,ET0412,9,0.2222222222222222,0.1728395061728395,0.7777777777777778,0.8819171036881969,-0.43181818181818166,0.3333333333333333,0.35185185185185186,0.6666666666666666,0.816496580927726,-0.22727272727272707
default,pastoral,4,ET0414,9,0.6666666666666666,0.6222222222222222,0.3333333333333333,0.5773502691896257,-0.9285714285714288,0.3333333333333333,0.2833333333333333,0.6666666666666666,0.816496580927726,-2.8571428571428577
default,pastoral,4,ET0415,9,0.4444444444444444,0.43001443001442996,0.5555555555555556,0.7453559924999299,-1.2500000000000004,0.5555555555555556,0.5444444444444445,0.4444444444444444,0.6666666666666666,-0.8000000000000003
default,pastoral,4,ET0421,9,0.6666666666666666,0.7464387464387464,0.3333333333333333,0.5773502691896257,-0.9285714285714288,0.0,0.0,1.1111111111111112,1.1547005383792515,-6.714285714285715
default,pastoral,4,ET0501,9,0.3333333333333333,0.2222222222222222,0.6666666666666666,0.816496580927726,-1.7000000000000006,0.4444444444444444,0.4011544011544011,0.5555555555555556,0.7453559924999299,-1.2500000000000004
default,pastoral,4,ET0503,9,0.4444444444444444,0.4102564102564103,0.5555555555555556,0.7453559924999299,-1.5,0.3333333333333333,0.3333333333333333,0.6666666666666666,0.816496580927726,-2.0
default,pastoral,4,ET0504,9,0.8888888888888888,0.9411764705882353,0.1111111111111111,0.3333333333333333,,1.0,1.0,0.0,0.0,
default,pastoral,4,ET0505,9,0.2222222222222222,0.20202020202020204,0.7777777777777778,0.8819171036881969,-0.75,0.4444444444444444,0.37037037037037035,0.6666666666666666,0.9428090415820634,-1.0
default,pastoral,4,ET0506,9,0.4444444444444444,0.5303030303030303,0.6666666666666666,0.9428090415820634,-3.0,0.5555555555555556,0.47619047619047616,0.4444444444444444,0.6666666666666666,-1.0
default,pastoral,4,ET0507,9,0.4444444444444444,0.4525252525252525,0.5555555555555556,0.7453559924999299,-0.7307692307692306,0.4444444444444444,0.4102564102564103,0.5555555555555556,0.7453559924999299,-0.7307692307692306
default,pastoral,4,ET0508,9,0.3333333333333333,0.36419753086419754,0.6666666666666666,0.816496580927726,-0.22727272727272707,0.3333333333333333,0.34444444444444444,0.6666666666666666,0.816496580927726,-0.22727272727272707
default,pastoral,4,ET0509,9,0.4444444444444444,0.3418803418803419,0.5555555555555556,0.7453559924999299,-0.40625,0.5555555555555556,0.537037037037037,0.4444444444444444,0.6666666666666666,-0.125
default,pastoral,4,ET0510,9,0.7777777777777778,0.875,0.2222222222222222,0.4714045207910317,,0.8888888888888888,0.9411764705882353,0.1111111111111111,0.3333333333333333,
default,pastoral,4,ET0511,9,0.6666666666666666,0.5333333333333334,0.3333333333333333,0.5773502691896257,-0.5,0.7777777777777778,0.738095238095238,0.2222222222222222,0.4714045207910317,0.0
default,pastoral,8,ET0201,9,0.4444444444444444,0.37229437229437223,0.5555555555555556,0.7453559924999299,-1.5,0.5555555555555556,0.5333333333333333,0.4444444444444444,0.6666666666666666,-1.0
default,pastoral,8,ET0202,9,0.3333333333333333,0.3636363636363636,0.7777777777777778,1.0,-3.5,0.4444444444444444,0.4102564102564103,0.5555555555555556,0.7453559924999299,-1.5
default,pastoral,8,ET0203,9,0.5555555555555556,0.5555555555555556,0.4444444444444444,0.6666666666666666,0.05263157894736825,0.5555555555555556,0.5714285714285714,0.5555555555555556,0.8819171036881969,-0.6578947368421055
default,pastoral,8,ET0204,9,0.3333333333333333,0.24197530864197528,0.7777777777777778,1.0,-1.2500000000000004,0.4444444444444444,0.4444444444444444,0.6666666666666666,0.9428090415820634,-1.0000000000000004
default,pastoral,8,ET0205,9,0.7777777777777778,0.6805555555555556,0.2222222222222222,0.4714045207910317,-0.2857142857142858,0.8888888888888888,0.874074074074074,0.1111111111111111,0.3333333333333333,0.3571428571428571
default,pastoral,8,ET0411,9,0.5555555555555556,0.5037037037037037,0.4444444444444444,0.6666666666666666,-0.125,0.5555555555555556,0.4595959595959596,0.5555555555555556,0.8819171036881969,-0.96875
default,pastoral,8,ET0412,9,0.1111111111111111,0.05555555555555555,1.0,1.1055415967851334,-1.25,0.3333333333333333,0.23809523809523808,0.6666666666666666,0.816496580927726,-0.22727272727272707
default,pastoral,8,ET0414,9,0.4444444444444444,0.4786324786324787,0.5555555555555556,0.7453559924999299,-2.214285714285715,0.2222222222222222,0.08080808080808081,0.7777777777777778,0.8819171036881969,-3.500000000000001
default,pastoral,8,ET0415,9,0.2222222222222222,0.20202020202020204,0.7777777777777778,0.8819171036881969,-2.1500000000000004,0.4444444444444444,0.4011544011544011,0.5555555555555556,0.7453559924999299,-1.2500000000000004
default,pastoral,8,ET0421,9,0.5555555555555556,0.5555555555555556,0.4444444444444444,0.6666666666666666,-1.5714285714285716,0.0,0.0,1.3333333333333333,1.4142135623730951,-10.571428571428573
default,pastoral,8,ET0501,9,0.3333333333333333,0.2222222222222222,0.6666666666666666,0.816496580927726,-1.7000000000000006,0.4444444444444444,0.4011544011544011,0.5555555555555556,0.7453559924999299,-1.2500000000000004
default,pastoral,8,ET0503,9,0.5555555555555556,0.5666666666666667,0.4444444444444444,0.6666666666666666,-1.0,0.5555555555555556,0.5555555555555556,0.4444444444444444,0.6666666666666666,-1.0
default,pastoral,8,ET0504,9,1.0,1.0,0.0,0.0,,1.0,1.0,0.0,0.0,
default,pastoral,8,ET0505,9,0.3333333333333333,0.2777777777777778,0.6666666666666666,0.816496580927726,-0.5,0.4444444444444444,0.37037037037037035,0.6666666666666666,0.9428090415820634,-1.0
default,pastoral,8,ET0506,9,0.3333333333333333,0.3636363636363636,0.8888888888888888,1.1547005383792515,-5.0,0.4444444444444444,0.4102564102564103,0.5555555555555556,0.7453559924999299,-1.5
default,pastoral,8,ET0507,9,0.4444444444444444,0.4634920634920634,0.6666666666666666,0.9428090415820634,-1.7692307692307687,0.5555555555555556,0.5128205128205129,0.5555555555555556,0.8819171036881969,-1.423076923076923
default,pastoral,8,ET0508,9,0.2222222222222222,0.17777777777777778,0.7777777777777778,0.8819171036881969,-0.43181818181818166,0.3333333333333333,0.2666666666666667,0.6666666666666666,0.816496580927726,-0.22727272727272707
default,pastoral,8,ET0509,9,0.4444444444444444,0.3418803418803419,0.5555555555555556,0.7453559924999299,-0.40625,0.5555555555555556,0.4444444444444444,0.4444444444444444,0.6666666666666666,-0.125
default,pastoral,8,ET0510,9,0.7777777777777778,0.875,0.2222222222222222,0.4714045207910317,,0.8888888888888888,0.9411764705882353,0.1111111111111111,0.3333333333333333,
default,pastoral,8,ET0511,9,0.5555555555555556,0.47619047619047616,0.4444444444444444,0.6666666666666666,-1.0,0.6666666666666666,0.5333333333333334,0.3333333333333333,0.5773502691896257,-0.5
default,pastoral,12,ET0201,9,0.3333333333333333,0.16666666666666666,0.6666666666666666,0.816496580927726,-2.0,0.5555555555555556,0.5333333333333333,0.4444444444444444,0.6666666666666666,-1.0
default,pastoral,12,ET0202,9,0.2222222222222222,0.2666666666666667,0.8888888888888888,1.0540925533894598,-4.0,0.5555555555555556,0.47619047619047616,0.4444444444444444,0.6666666666666666,-1.0
default,pastoral,12,ET0203,9,0.3333333333333333,0.2654320987654321,0.7777777777777778,1.0,-1.1315789473684212,0.4444444444444444,0.4444444444444444,0.6666666666666666,0.9428090415820634,-0.8947368421052635
default,pastoral,12,ET0204,9,0.3333333333333333,0.2222222222222222,0.6666666666666666,0.816496580927726,-0.5000000000000002,0.2222222222222222,0.14814814814814814,0.8888888888888888,1.0540925533894598,-1.5000000000000004
default,pastoral,12,ET0205,9,0.7777777777777778,0.6805555555555556,0.2222222222222222,0.4714045207910317,-0.2857142857142858,0.6666666666666666,0.6222222222222222,0.3333333333333333,0.5773502691896257,-0.9285714285714288
default,pastoral,12,ET0411,9,0.3333333333333333,0.33024691358024694,0.7777777777777778,1.0,-1.53125,0.5555555555555556,0.4595959595959596,0.5555555555555556,0.8819171036881969,-0.96875
default,pastoral,12,ET0412,9,0.5555555555555556,0.4444444444444444,0.4444444444444444,0.6666666666666666,0.18181818181818188,0.1111111111111111,0.05555555555555555,1.0,1.1055415967851334,-1.25
default,pastoral,12,ET0414,9,0.8888888888888888,0.874074074074074,0.1111111111111111,0.3333333333333333,0.3571428571428571,0.2222222222222222,0.08080808080808081,0.7777777777777778,0.8819171036881969,-3.500000000000001
default,pastoral,12,ET0415,9,0.5555555555555556,0.5555555555555556,0.4444444444444444,0.6666666666666666,-0.8000000000000003,0.4444444444444444,0.4011544011544011,0.5555555555555556,0.7453559924999299,-1.2500000000000004
default,pastoral,12,ET0421,9,0.6666666666666666,0.6222222222222222,0.3333333333333333,0.5773502691896257,-0.9285714285714288,0.0,0.0,1.4444444444444444,1.5275252316519468,-12.500000000000002
default,pastoral,12,ET0501,9,0.3333333333333333,0.31666666666666665,0.6666666666666666,0.816496580927726,-1.7000000000000006,0.2222222222222222,0.16161616161616163,0.7777777777777778,0.8819171036881969,-2.1500000000000004
default,pastoral,12,ET0503,9,0.6666666666666666,0.5333333333333334,0.3333333333333333,0.5773502691896257,-0.5,0.5555555555555556,0.5555555555555556,0.4444444444444444,0.6666666666666666,-1.0
default,pastoral,12,ET0504,9,1.0,1.0,0.0,0.0,,1.0,1.0,0.0,0.0,
default,pastoral,12,ET0505,9,0.5555555555555556,0.39682539682539686,0.4444444444444444,0.6666666666666666,0.0,0.5555555555555556,0.48148148148148145,0.4444444444444444,0.6666666666666666,0.0
default,pastoral,12,ET0506,9,0.6666666666666666,0.5333333333333334,0.3333333333333333,0.5773502691896257,-0.5,0.3333333333333333,0.3333333333333333,0.6666666666666666,0.816496580927726,-2.0
default,pastoral,12,ET0507,9,0.6666666666666666,0.5333333333333334,0.3333333333333333,0.5773502691896257,-0.038461538461538325,0.6666666666666666,0.6239316239316239,0.3333333333333333,0.5773502691896257,-0.038461538461538325
default,pastoral,12,ET0508,9,0.4444444444444444,0.27350427350427353,0.5555555555555556,0.7453559924999299,-0.022727272727272707,0.4444444444444444,0.345679012345679,0.5555555555555556,0.7453559924999299,-0.022727272727272707
default,pastoral,12,ET0509,9,0.5555555555555556,0.39682539682539686,0.4444444444444444,0.6666666666666666,-0.125,0.4444444444444444,0.35858585858585856,0.5555555555555556,0.7453559924999299,-0.40625
default,pastoral,12,ET0510,9,1.0,1.0,0.0,0.0,,0.8888888888888888,0.9411764705882353,0.1111111111111111,0.3333333333333333,
default,pastoral,12,ET0511,9,0.6666666666666666,0.5333333333333334,0.3333333333333333,0.5773502691896257,-0.5,0.6666666666666666,0.5333333333333334,0.3333333333333333,0.5773502691896257,-0.5
extended,agropastoral,0,ET0410,15,0.6,0.5737373737373737,0.4666666666666667,0.7745966692414834,-0.5697674418604646,0.4,0.38476190476190475,0.6666666666666666,0.8944271909999159,-1.0930232558139528
extended,agropastoral,0,ET0502,15,0.6,0.6636363636363637,0.4,0.6324555320336759,-2.461538461538462,0.7333333333333333,0.7333333333333333,0.26666666666666666,0.5163977794943222,-1.3076923076923084
extended,agropastoral,0,ET0707,15,0.6666666666666666,0.6576168929110106,0.3333333333333333,0.5773502691896257,-0.33928571428571375,0.6,0.56,0.4,0.6324555320336759,-0.6071428571428565
extended,agropastoral,0,ET0712,15,0.5333333333333333,0.5291101055806938,0.4666666666666667,0.6831300510639732,-0.8749999999999993,0.4666666666666667,0.4666666666666667,0.5333333333333333,0.7302967433402214,-1.142857142857142
extended,agropastoral,0,ET1201,15,0.8,0.7840000000000001,0.2,0.4472135954999579,-0.24999999999999978,0.8,0.711111111111111,0.2,0.4472135954999579,-0.24999999999999978
extended,agropastoral,1,ET0410,15,0.4666666666666667,0.4512820512820513,0.6,0.8563488385776752,-0.9186046511627901,0.4,0.38476190476190475,0.6666666666666666,0.8944271909999159,-1.0930232558139528
extended,agropastoral,1,ET0502,15,0.6,0.6636363636363637,0.4,0.6324555320336759,-2.461538461538462,0.7333333333333333,0.7333333333333333,0.26666666666666666,0.5163977794943222,-1.3076923076923084
extended,agropastoral,1,ET0707,15,0.6666666666666666,0.6636500754147813,0.3333333333333333,0.5773502691896257,-0.33928571428571375,0.6,0.56,0.4,0.6324555320336759,-0.6071428571428565
extended,agropastoral,1,ET0712,15,0.4666666666666667,0.4666666666666667,0.5333333333333333,0.7302967433402214,-1.142857142857142,0.4666666666666667,0.4666666666666667,0.5333333333333333,0.7302967433402214,-1.142857142857142
extended,agropastoral,1,ET1201,15,0.6666666666666666,0.6832298136645963,0.3333333333333333,0.5773502691896257,-1.083333333333333,0.8,0.711111111111111,0.2,0.4472135954999579,-0.24999999999999978
extended,agropastoral,2,ET0410,15,0.5333333333333333,0.5137254901960785,0.5333333333333333,0.816496580927726,-0.7441860465116275,0.4,0.38476190476190475,0.6666666666666666,0.8944271909999159,-1.0930232558139528
extended,agropastoral,2,ET0502,15,0.6,0.65,0.4,0.6324555320336759,-2.461538461538462,0.7333333333333333,0.7333333333333333,0.26666666666666666,0.5163977794943222,-1.3076923076923084
extended,agropastoral,2,ET0707,15,0.7333333333333333,0.7333333333333333,0.26666666666666666,0.5163977794943222,-0.07142857142857095,0.6,0.56,0.4,0.6324555320336759,-0.6071428571428565
extended,agropastoral,2,ET0712,15,0.4666666666666667,0.4666666666666667,0.5333333333333333,0.7302967433402214,-1.142857142857142,0.4666666666666667,0.4666666666666667,0.5333333333333333,0.7302967433402214,-1.142857142857142
extended,agropastoral,2,ET1201,15,0.8,0.7840000000000001,0.2,0.4472135954999579,-0.24999999999999978,0.8,0.711111111111111,0.2,0.4472135954999579,-0.24999999999999978
extended,agropastoral,3,ET0410,15,0.5333333333333333,0.5019607843137255,0.4666666666666667,0.6831300510639732,-0.22093023255813904,0.4,0.38476190476190475,0.6666666666666666,0.8944271909999159,-1.0930232558139528
extended,agropastoral,3,ET0502,15,0.8,0.7703703703703704,0.2,0.4472135954999579,-0.7307692307692311,0.7333333333333333,0.7333333333333333,0.26666666666666666,0.5163977794943222,-1.3076923076923084
extended,agropastoral,3,ET0707,15,0.6666666666666666,0.6137566137566137,0.3333333333333333,0.5773502691896257,-0.33928571428571375,0.6,0.56,0.4,0.6324555320336759,-0.6071428571428565
extended,agropastoral,3,ET0712,15,0.4666666666666667,0.437037037037037,0.5333333333333333,0.7302967433402214,-1.142857142857142,0.4666666666666667,0.4666666666666667,0.5333333333333333,0.7302967433402214,-1.142857142857142
extended,agropastoral,3,ET1201,15,0.8,0.711111111111111,0.2,0.4472135954999579,-0.24999999999999978,0.8,0.711111111111111,0.2,0.4472135954999579,-0.24999999999999978
extended,agropastoral,4,ET0410,15,0.4666666666666667,0.4461538461538462,0.5333333333333333,0.7302967433402214,-0.3953488372093019,0.5333333333333333,0.5130158730158729,0.5333333333333333,0.816496580927726,-0.7441860465116275
extended,agropastoral,4,ET0502,15,0.7333333333333333,0.7666666666666667,0.26666666666666666,0.5163977794943222,-1.3076923076923084,0.7333333333333333,0.7333333333333333,0.26666666666666666,0.5163977794943222,-1.3076923076923084
extended,agropastoral,4,ET0707,15,0.8,0.7981900452488688,0.2,0.4472135954999579,0.19642857142857173,0.6,0.56,0.4,0.6324555320336759,-0.6071428571428565
extended,agropastoral,4,ET0712,15,0.4666666666666667,0.5435897435897435,0.6,0.8563488385776752,-1.9464285714285703,0.5333333333333333,0.5333333333333333,0.4666666666666667,0.6831300510639732,-0.8749999999999993
extended,agropastoral,4,ET1201,15,0.8,0.711111111111111,0.2,0.4472135954999579,-0.24999999999999978,0.8,0.711111111111111,0.2,0.4472135954999579,-0.24999999999999978
extended,agropastoral,8,ET0410,15,0.5333333333333333,0.517948717948718,0.4666666666666667,0.6831300510639732,-0.22093023255813904,0.4,0.40307692307692305,0.6,0.7745966692414834,-0.5697674418604646
extended,agropastoral,8,ET0502,15,0.8,0.8160000000000001,0.2,0.4472135954999579,-0.7307692307692311,0.8,0.8160000000000001,0.2,0.4472135954999579,-0.7307692307692311
extended,agropastoral,8,ET0707,15,0.7333333333333333,0.7066666666666668,0.26666666666666666,0.5163977794943222,-0.07142857142857095,0.4,0.3740350877192983,0.6,0.7745966692414834,-1.4107142857142847
extended,agropastoral,8,ET0712,15,0.4,0.4909090909090909,0.6666666666666666,0.8944271909999159,-2.214285714285713,0.5333333333333333,0.551111111111111,0.5333333333333333,0.816496580927726,-1.6785714285714275
extended,agropastoral,8,ET1201,15,0.8,0.711111111111111,0.2,0.4472135954999579,-0.24999999999999978,0.8,0.711111111111111,0.2,0.4472135954999579,-0.24999999999999978
extended,agropastoral,12,ET0410,15,0.6666666666666666,0.6412698412698412,0.4,0.7302967433402214,-0.3953488372093019,0.26666666666666666,0.2748717948717949,0.7333333333333333,0.8563488385776752,-0.9186046511627901
extended,agropastoral,12,ET0502,15,0.2,0.1571428571428571,0.8,0.8944271909999159,-5.923076923076924,0.6666666666666666,0.6933333333333334,0.3333333333333333,0.5773502691896257,-1.8846153846153855
extended,agropastoral,12,ET0707,15,0.6,0.5964285714285714,0.4,0.6324555320336759,-0.6071428571428565,0.3333333333333333,0.2807017543859649,0.7333333333333333,0.9309493362512627,-2.482142857142856
extended,agropastoral,12,ET0712,15,0.4666666666666667,0.4531986531986532,0.5333333333333333,0.7302967433402214,-1.142857142857142,0.4666666666666667,0.49982905982905984,0.6,0.8563488385776752,-1.9464285714285703
extended,agropastoral,12,ET1201,15,0.8,0.711111111111111,0.2,0.4472135954999579,-0.24999999999999978,0.8,0.711111111111111,0.2,0.4472135954999579,-0.24999999999999978
extended,crop_farming,0,ET0101,15,0.3333333333333333,0.22761904761904764,0.7333333333333333,0.9309493362512627,0.35,0.5333333333333333,0.5178673178673179,0.5333333333333333,0.816496580927726,0.5
extended,crop_farming,0,ET0102,15,0.3333333333333333,0.22793650793650794,0.7333333333333333,0.9309493362512627,0.26691729323308255,0.3333333333333333,0.3333333333333333,0.8,1.0954451150103321,-0.015037593984962516
extended,crop_farming,0,ET0103,15,0.26666666666666666,0.15166666666666667,0.7333333333333333,0.8563488385776752,0.02941176470588236,0.4666666666666667,0.46296296296296297,0.6,0.8563488385776752,0.02941176470588236
extended,crop_farming,0,ET0104,15,0.4,0.3,0.6666666666666666,0.8944271909999159,-0.4285714285714288,0.4666666666666667,0.4848484848484848,0.6,0.8563488385776752,-0.30952380952380976
extended,crop_farming,0,ET0105,15,0.5333333333333333,0.4918181818181818,0.4666666666666667,0.6831300510639732,0.3597560975609758,0.6,0.5896103896103895,0.4666666666666667,0.7745966692414834,0.1768292682926832
extended,crop_farming,0,ET0106,15,0.26666666666666666,0.19555555555555557,0.8,0.9660917830792959,0.14634146341463405,0.3333333333333333,0.364021164021164,0.8666666666666667,1.1832159566199232,-0.2804878048780488
extended,crop_farming,0,ET0107,15,0.4666666666666667,0.4723232323232323,0.6,0.8563488385776752,-0.4473684210526314,0.5333333333333333,0.5373737373737374,0.6,0.9309493362512627,-0.7105263157894735
extended,crop_farming,0,ET0301,15,0.4666666666666667,0.4,0.6,0.8563488385776752,-0.14583333333333326,0.2,0.20317460317460317,1.0,1.1832159566199232,-1.1874999999999996
extended,crop_farming,0,ET0302,15,0.4,0.31228070175438594,0.6,0.7745966692414834,-0.1637931034482758,0.2,0.17692307692307693,1.0,1.1832159566199232,-1.7155172413793105
extended,crop_farming,0,ET0303,15,0.5333333333333333,0.5360683760683761,0.5333333333333333,0.816496580927726,-0.7857142857142854,0.4,0.4666666666666667,0.8,1.0954451150103321,-2.2142857142857135
extended,crop_farming,0,ET0304,15,0.4,0.3751633986928104,0.6,0.7745966692414834,-0.6071428571428568,0.3333333333333333,0.337037037037037,0.8,1.0327955589886444,-1.8571428571428563
extended,crop_farming,0,ET0305,15,0.5333333333333333,0.4852941176470588,0.4666666666666667,0.6831300510639732,0.21641791044776126,0.4,0.3232323232323232,0.7333333333333333,1.0,-0.6791044776119401
extended,crop_farming,0,ET0306,15,0.8666666666666667,0.8047619047619048,0.13333333333333333,0.3651483716701107,-0.15384615384615397,0.8666666666666667,0.8047619047619048,0.13333333333333333,0.3651483716701107,-0.15384615384615397
extended,crop_farming,0,ET0307,15,1.0,1.0,0.0,0.0,,1.0,1.0,0.0,0.0,
extended,crop_farming,0,ET0308,15,0.4,0.3148148148148148,0.6666666666666666,0.8944271909999159,-0.19999999999999996,0.3333333333333333,0.3420875420875421,0.7333333333333333,0.9309493362512627,-0.30000000000000004
extended,crop_farming,0,ET0309,15,1.0,1.0,0.0,0.0,,1.0,1.0,0.0,0.0,
extended,crop_farming,0,ET0310,15,0.3333333333333333,0.3054545454545455,0.7333333333333333,0.9309493362512627,-0.5476190476190479,0.3333333333333333,0.3433333333333334,0.8,1.0327955589886444,-0.9047619047619051
extended,crop_farming,0,ET0311,15,0.7333333333333333,0.8000000000000002,0.26666666666666666,0.5163977794943222,-3.2857142857142847,0.9333333333333333,0.9011494252873563,0.06666666666666667,0.2581988897471611,-0.07142857142857117
extended,crop_farming,0,ET0312,15,1.0,1.0,0.0,0.0,,1.0,1.0,0.0,0.0,
extended,crop_farming,0,ET0401,15,0.9333333333333333,0.9011494252873563,0.06666666666666667,0.2581988897471611,-0.07142857142857117,0.9333333333333333,0.9011494252873563,0.06666666666666667,0.2581988897471611,-0.07142857142857117
extended,crop_farming,0,ET0402,15,0.6666666666666666,0.5333333333333333,0.3333333333333333,0.5773502691896257,-0.4999999999999998,0.6666666666666666,0.5333333333333333,0.3333333333333333,0.5773502691896257,-0.4999999999999998
extended,crop_farming,0,ET0403,15,1.0,1.0,0.0,0.0,,1.0,1.0,0.0,0.0,
extended,crop_farming,0,ET0404,15,1.0,1.0,0.0,0.0,,1.0,1.0,0.0,0.0,
extended,crop_farming,0,ET0405,15,1.0,1.0,0.0,0.0,,1.0,1.0,0.0,0.0,
extended,crop_farming,0,ET0406,15,0.7333333333333333,0.7757575757575758,0.26666666666666666,0.5163977794943222,-1.3076923076923084,0.8666666666666667,0.8666666666666667,0.13333333333333333,0.3651483716701107,-0.1538461538461542
extended,crop_farming,0,ET0407,15,0.6666666666666666,0.6666666666666666,0.4,0.7302967433402214,-1.1428571428571423,0.4666666666666667,0.5133333333333333,0.6666666666666666,0.9660917830792959,-2.749999999999999
extended,crop_farming,0,ET0408,15,0.5333333333333333,0.512280701754386,0.4666666666666667,0.6831300510639732,-0.22093023255813948,0.5333333333333333,0.5230769230769231,0.6,0.9309493362512627,-1.2674418604651163
extended,crop_farming,0,ET0409,15,0.4666666666666667,0.48148148148148145,0.5333333333333333,0.7302967433402214,-1.4000000000000004,0.4666666666666667,0.47619047619047616,0.5333333333333333,0.7302967433402214,-1.4000000000000004
extended,crop_farming,0,ET0413,15,1.0,1.0,0.0,0.0,,1.0,1.0,0.0,0.0,
extended,crop_farming,0,ET0416,15,1.0,1.0,0.0,0.0,,1.0,1.0,0.0,0.0,
extended,crop_farming,0,ET0417,15,0.4,0.35555555555555557,0.6666666666666666,0.8944271909999159,-0.7307692307692311,0.4666666666666667,0.40555555555555556,0.6666666666666666,0.9660917830792959,-1.0192307692307696
extended,crop_farming,0,ET0418,15,0.8,0.711111111111111,0.2,0.4472135954999579,-0.24999999999999978,0.8,0.711111111111111,0.2,0.4472135954999579,-0.24999999999999978
extended,crop_farming,0,ET0419,15,0.6666666666666666,0.5333333333333333,0.3333333333333333,0.5773502691896257,-0.4999999999999998,0.6666666666666666,0.5333333333333333,0.3333333333333333,0.5773502691896257,-0.4999999999999998
extended,crop_farming,0,ET0420,15,0.8666666666666667,0.8047619047619048,0.13333333333333333,0.3651483716701107,-0.1538461538461542,0.8666666666666667,0.8047619047619048,0.13333333333333333,0.3651483716701107,-0.1538461538461542
extended,crop_farming,0,ET0602,15,0.6666666666666666,0.5555555555555556,0.4,0.7302967433402214,-0.0344827586206895,0.6666666666666666,0.6121212121212121,0.4,0.7302967433402214,-0.0344827586206895
extended,crop_farming,0,ET0603,15,1.0,1.0,0.0,0.0,,1.0,1.0,0.0,0.0,
extended,crop_farming,0,ET0604,15,0.8,0.8415584415584415,0.2,0.4472135954999579,-0.24999999999999978,0.9333333333333333,0.9366459627329193,0.06666666666666667,0.2581988897471611,0.5833333333333334
extended,crop_farming,0,ET0605,15,1.0,1.0,0.0,0.0,,1.0,1.0,0.0,0.0,
extended,crop_farming,0,ET0701,15,0.4,0.4,0.6666666666666666,0.8944271909999159,-1.2499999999999996,0.5333333333333333,0.5019607843137255,0.5333333333333333,0.816496580927726,-0.8749999999999998
extended,crop_farming,0,ET0702,15,0.6,0.6095238095238095,0.4,0.6324555320336759,-1.045454545454545,0.5333333333333333,0.5866666666666667,0.6666666666666666,1.0327955589886444,-4.454545454545453
extended,crop_farming,0,ET0703,15,0.5333333333333333,0.5111111111111111,0.4666666666666667,0.6831300510639732,-0.590909090909091,0.4,0.4210526315789474,0.7333333333333333,1.0,-2.4090909090909096
extended,crop_farming,0,ET0705,15,0.5333333333333333,0.5122171945701358,0.4666666666666667,0.6831300510639732,-0.9444444444444438,0.4,0.3957894736842105,0.6,0.7745966692414834,-1.4999999999999991
extended,crop_farming,0,ET0706,15,0.5333333333333333,0.5101449275362319,0.4666666666666667,0.6831300510639732,-1.3863636363636362,0.5333333333333333,0.5333333333333333,0.5333333333333333,0.816496580927726,-2.4090909090909087
extended,crop_farming,0,ET0710,15,0.4666666666666667,0.44,0.5333333333333333,0.7302967433402214,-1.2222222222222214,0.26666666666666666,0.28449197860962566,0.7333333333333333,0.8563488385776752,-2.0555555555555545
extended,crop_farming,0,ET0713,15,0.5333333333333333,0.527719298245614,0.4666666666666667,0.6831300510639732,-0.590909090909091,0.5333333333333333,0.5395711500974658,0.4666666666666667,0.6831300510639732,-0.590909090909091
extended,crop_farming,0,ET0714,15,0.7333333333333333,0.7555555555555554,0.26666666666666666,0.5163977794943222,-0.20000000000000018,0.6666666666666666,0.6169772256728778,0.3333333333333333,0.5773502691896257,-0.5000000000000002
extended,crop_farming,0,ET0715,15,0.8,0.7961722488038276,0.2,0.4472135954999579,0.16666666666666696,0.6,0.49090909090909096,0.5333333333333333,0.8944271909999159,-2.333333333333332
extended,crop_farming,0,ET0716,15,0.8,0.7840000000000001,0.2,0.4472135954999579,-0.24999999999999978,0.7333333333333333,0.7333333333333333,0.26666666666666666,0.5163977794943222,-0.6666666666666665
extended,crop_farming,0,ET0720,15,0.6666666666666666,0.6284057971014493,0.3333333333333333,0.5773502691896257,-0.13636363636363646,0.6,0.5217391304347826,0.4666666666666667,0.7745966692414834,-1.0454545454545459
extended,crop_farming,0,ET0721,15,0.7333333333333333,0.725925925925926,0.26666666666666666,0.5163977794943222,-0.07142857142857095,0.6,0.6,0.4,0.6324555320336759,-0.6071428571428565
extended,crop_farming,0,ET0722,15,0.4,0.38245614035087716,0.6,0.7745966692414834,-0.8243243243243248,0.3333333333333333,0.3333333333333333,0.6666666666666666,0.816496580927726,-1.0270270270270276
extended,crop_farming,0,ET0723,15,0.4666666666666667,0.44,0.5333333333333333,0.7302967433402214,-1.2222222222222214,0.4666666666666667,0.4666666666666667,0.5333333333333333,0.7302967433402214,-1.2222222222222214
extended,crop_farming,0,ET0724,15,1.0,1.0,0.0,0.0,,1.0,1.0,0.0,0.0,
extended,crop_farming,0,ET1101,15,1.0,1.0,0.0,0.0,,1.0,1.0,0.0,0.0,
extended,crop_farming,0,ET1102,15,1.0,1.0,0.0,0.0,,1.0,1.0,0.0,0.0,
extended,crop_farming,0,ET1103,15,1.0,1.0,0.0,0.0,,1.0,1.0,0.0,0.0,
extended,crop_farming,0,ET1104,15,0.3333333333333333,0.3377777777777778,0.6666666666666666,0.816496580927726,-0.4423076923076925,0.26666666666666666,0.3,0.9333333333333333,1.1547005383792515,-1.884615384615385
extended,crop_farming,0,ET1105,15,1.0,1.0,0.0,0.0,,1.0,1.0,0.0,0.0,
extended,crop_farming,0,ET1106,15,1.0,1.0,0.0,0.0,,1.0,1.0,0.0,0.0,
extended,crop_farming,0,ET1202,15,0.8666666666666667,0.9285714285714286,0.13333333333333333,0.3651483716701107,,1.0,1.0,0.0,0.0,
extended,crop_farming,0,ET1203,15,1.0,1.0,0.0,0.0,,1.0,1.0,0.0,0.0,
extended,crop_farming,0,ET1204,15,1.0,1.0,0.0,0.0,,1.0,1.0,0.0,0.0,
extended,crop_farming,0,ET1301,15,0.6,0.6095238095238095,0.4,0.6324555320336759,-1.0454545454545454,0.6666666666666666,0.6111111111111112,0.4,0.7302967433402214,-1.727272727272727
extended,crop_farming,0,ET1401,15,1.0,1.0,0.0,0.0,,1.0,1.0,0.0,0.0,
extended,crop_farming,0,ET1501,15,0.6666666666666666,0.5333333333333333,0.3333333333333333,0.5773502691896257,-0.13636363636363646,0.06666666666666667,0.008888888888888889,1.1333333333333333,1.2382783747337807,-4.2272727272727275
extended,crop_farming,0,ET1502,15,0.6,0.5681818181818182,0.4,0.6324555320336759,-0.8000000000000003,0.6666666666666666,0.6560846560846562,0.3333333333333333,0.5773502691896257,-0.5000000000000002
extended,crop_farming,0,ET1600,15,0.4,0.3809523809523809,0.6,0.7745966692414834,-1.0454545454545459,0.6,0.5714285714285714,0.6,1.0,-2.4090909090909096
extended,crop_farming,1,ET0101,15,0.3333333333333333,0.22761904761904764,0.7333333333333333,0.9309493362512627,0.35,0.5333333333333333,0.5178673178673179,0.5333333333333333,0.816496580927726,0.5
extended,crop_farming,1,ET0102,15,0.3333333333333333,0.21904761904761905,0.8,1.0954451150103321,-0.015037593984962516,0.3333333333333333,0.3333333333333333,0.8,1.0954451150103321,-0.015037593984962516
extended,crop_farming,1,ET0103,15,0.3333333333333333,0.19019607843137257,0.6666666666666666,0.816496580927726,0.11764705882352944,0.4666666666666667,0.46296296296296297,0.6,0.8563488385776752,0.02941176470588236
extended,crop_farming,1,ET0104,15,0.4666666666666667,0.3466666666666667,0.6,0.8563488385776752,-0.30952380952380976,0.4666666666666667,0.4848484848484848,0.6,0.8563488385776752,-0.30952380952380976
extended,crop_farming,1,ET0105,15,0.4666666666666667,0.43148148148148147,0.6,0.8563488385776752,-0.006097560975609317,0.6,0.5896103896103895,0.4666666666666667,0.7745966692414834,0.1768292682926832
extended,crop_farming,1,ET0106,15,0.3333333333333333,0.2142857142857143,0.8,1.0954451150103321,-0.09756097560975618,0.3333333333333333,0.364021164021164,0.8666666666666667,1.1832159566199232,-0.2804878048780488
extended,crop_farming,1,ET0107,15,0.4,0.40634920634920635,0.6666666666666666,0.8944271909999159,-0.5789473684210524,0.5333333333333333,0.5373737373737374,0.6,0.9309493362512627,-0.7105263157894735
extended,crop_farming,1,ET0301,15,0.5333333333333333,0.49,0.4666666666666667,0.6831300510639732,0.2708333333333335,0.2,0.20317460317460317,1.0,1.1832159566199232,-1.1874999999999996
extended,crop_farming,1,ET0302,15,0.4,0.31228070175438594,0.6,0.7745966692414834,-0.1637931034482758,0.2,0.17692307692307693,1.0,1.1832159566199232,-1.7155172413793105
extended,crop_farming,1,ET0303,15,0.6,0.6,0.4666666666666667,0.7745966692414834,-0.6071428571428568,0.4,0.4666666666666667,0.8,1.0954451150103321,-2.2142857142857135
extended,crop_farming,1,ET0304,15,0.3333333333333333,0.30074074074074075,0.6666666666666666,0.816496580927726,-0.7857142857142854,0.3333333333333333,0.337037037037037,0.8,1.0327955589886444,-1.8571428571428563
extended,crop_farming,1,ET0305,15,0.6,0.5788888888888889,0.4,0.6324555320336759,0.32835820895522394,0.4,0.3232323232323232,0.7333333333333333,1.0,-0.6791044776119401
extended,crop_farming,1,ET0306,15,0.8666666666666667,0.8047619047619048,0.13333333333333333,0.3651483716701107,-0.15384615384615397,0.8666666666666667,0.8047619047619048,0.13333333333333333,0.3651483716701107,-0.15384615384615397
extended,crop_farming,1,ET0307,15,1.0,1.0,0.0,0.0,,1.0,1.0,0.0,0.0,
extended,crop_farming,1,ET0308,15,0.5333333333333333,0.4305555555555555,0.5333333333333333,0.816496580927726,0.0,0.3333333333333333,0.3420875420875421,0.7333333333333333,0.9309493362512627,-0.30000000000000004
extended,crop_farming,1,ET0309,15,1.0,1.0,0.0,0.0,,1.0,1.0,0.0,0.0,
extended,crop_farming,1,ET0310,15,0.3333333333333333,0.3054545454545455,0.7333333333333333,0.9309493362512627,-0.5476190476190479,0.3333333333333333,0.3433333333333334,0.8,1.0327955589886444,-0.9047619047619051
extended,crop_farming,1,ET0311,15,0.8,0.8480000000000001,0.2,0.4472135954999579,-2.2142857142857135,0.9333333333333333,0.9011494252873563,0.06666666666666667,0.2581988897471611,-0.07142857142857117
extended,crop_farming,1,ET0312,15,1.0,1.0,0.0,0.0,,1.0,1.0,0.0,0.0,
extended,crop_farming,1,ET0401,15,0.9333333333333333,0.9011494252873563,0.06666666666666667,0.2581988897471611,-0.07142857142857117,0.9333333333333333,0.9011494252873563,0.06666666666666667,0.2581988897471611,-0.07142857142857117
extended,crop_farming,1,ET0402,15,0.6666666666666666,0.5333333333333333,0.3333333333333333,0.5773502691896257,-0.4999999999999998,0.6666666666666666,0.5333333333333333,0.3333333333333333,0.5773502691896257,-0.4999999999999998
extended,crop_farming,1,ET0403,15,1.0,1.0,0.0,0.0,,1.0,1.0,0.0,0.0,
extended,crop_farming,1,ET0404,15,1.0,1.0,0.0,0.0,,1.0,1.0,0.0,0.0,
extended,crop_farming,1,ET0405,15,1.0,1.0,0.0,0.0,,1.0,1.0,0.0,0.0,
extended,crop_farming,1,ET0406,15,0.8666666666666667,0.8666666666666667,0.13333333333333333,0.3651483716701107,-0.1538461538461542,0.8666666666666667,0.8666666666666667,0.13333333333333333,0.3651483716701107,-0.1538461538461542
extended,crop_farming,1,ET0407,15,0.6,0.55,0.4,0.6324555320336759,-0.6071428571428568,0.4666666666666667,0.5133333333333333,0.6666666666666666,0.9660917830792959,-2.749999999999999
extended,crop_farming,1,ET0408,15,0.6,0.5723809523809523,0.4,0.6324555320336759,-0.04651162790697683,0.5333333333333333,0.5230769230769231,0.6,0.9309493362512627,-1.2674418604651163
extended,crop_farming,1,ET0409,15,0.4666666666666667,0.48148148148148145,0.5333333333333333,0.7302967433402214,-1.4000000000000004,0.4666666666666667,0.47619047619047616,0.5333333333333333,0.7302967433402214,-1.4000000000000004
extended,crop_farming,1,ET0413,15,1.0,1.0,0.0,0.0,,1.0,1.0,0.0,0.0,
extended,crop_farming,1,ET0416,15,1.0,1.0,0.0,0.0,,1.0,1.0,0.0,0.0,
extended,crop_farming,1,ET0417,15,0.6,0.5622222222222223,0.4,0.6324555320336759,0.13461538461538447,0.4666666666666667,0.40555555555555556,0.6666666666666666,0.9660917830792959,-1.0192307692307696
extended,crop_farming,1,ET0418,15,0.8,0.711111111111111,0.2,0.4472135954999579,-0.24999999999999978,0.8,0.711111111111111,0.2,0.4472135954999579,-0.24999999999999978
extended,crop_farming,1,ET0419,15,0.6666666666666666,0.5333333333333333,0.3333333333333333,0.5773502691896257,-0.4999999999999998,0.6666666666666666,0.5333333333333333,0.3333333333333333,0.5773502691896257,-0.4999999999999998
extended,crop_farming,1,ET0420,15,0.8666666666666667,0.8047619047619048,0.13333333333333333,0.3651483716701107,-0.1538461538461542,0.8666666666666667,0.8047619047619048,0.13333333333333333,0.3651483716701107,-0.1538461538461542
extended,crop_farming,1,ET0602,15,0.6666666666666666,0.5555555555555556,0.4,0.7302967433402214,-0.0344827586206895,0.6666666666666666,0.6121212121212121,0.4,0.7302967433402214,-0.0344827586206895
extended,crop_farming,1,ET0603,15,1.0,1.0,0.0,0.0,,1.0,1.0,0.0,0.0,
extended,crop_farming,1,ET0604,15,0.7333333333333333,0.7939393939393938,0.26666666666666666,0.5163977794943222,-0.6666666666666665,0.9333333333333333,0.9366459627329193,0.06666666666666667,0.2581988897471611,0.5833333333333334
extended,crop_farming,1,ET0605,15,1.0,1.0,0.0,0.0,,1.0,1.0,0.0,0.0,
extended,crop_farming,1,ET0701,15,0.3333333333333333,0.2807017543859649,0.7333333333333333,0.9309493362512627,-1.4374999999999996,0.5333333333333333,0.5019607843137255,0.5333333333333333,0.816496580927726,-0.8749999999999998
extended,crop_farming,1,ET0702,15,0.6,0.55,0.4,0.6324555320336759,-1.045454545454545,0.5333333333333333,0.5866666666666667,0.6666666666666666,1.0327955589886444,-4.454545454545453
extended,crop_farming,1,ET0703,15,0.5333333333333333,0.5111111111111111,0.4666666666666667,0.6831300510639732,-0.590909090909091,0.4,0.4210526315789474,0.7333333333333333,1.0,-2.4090909090909096
extended,crop_farming,1,ET0705,15,0.4666666666666667,0.47047619047619044,0.5333333333333333,0.7302967433402214,-1.2222222222222214,0.4,0.3957894736842105,0.6,0.7745966692414834,-1.4999999999999991
extended,crop_farming,1,ET0706,15,0.4666666666666667,0.4666666666666667,0.5333333333333333,0.7302967433402214,-1.727272727272727,0.5333333333333333,0.5333333333333333,0.5333333333333333,0.816496580927726,-2.4090909090909087
extended,crop_farming,1,ET0710,15,0.4,0.3428571428571428,0.6,0.7745966692414834,-1.4999999999999991,0.26666666666666666,0.28449197860962566,0.7333333333333333,0.8563488385776752,-2.0555555555555545
extended,crop_farming,1,ET0713,15,0.7333333333333333,0.711111111111111,0.26666666666666666,0.5163977794943222,0.09090909090909083,0.5333333333333333,0.5395711500974658,0.4666666666666667,0.6831300510639732,-0.590909090909091
extended,crop_farming,1,ET0714,15,0.7333333333333333,0.7614035087719297,0.3333333333333333,0.6831300510639732,-1.1,0.6666666666666666,0.6169772256728778,0.3333333333333333,0.5773502691896257,-0.5000000000000002
extended,crop_farming,1,ET0715,15,0.6,0.58,0.4,0.6324555320336759,-0.6666666666666661,0.6,0.49090909090909096,0.5333333333333333,0.8944271909999159,-2.333333333333332
extended,crop_farming,1,ET0716,15,0.8666666666666667,0.8384615384615385,0.13333333333333333,0.3651483716701107,0.16666666666666674,0.7333333333333333,0.7333333333333333,0.26666666666666666,0.5163977794943222,-0.6666666666666665
extended,crop_farming,1,ET0720,15,0.6666666666666666,0.6284057971014493,0.3333333333333333,0.5773502691896257,-0.13636363636363646,0.6,0.5217391304347826,0.4666666666666667,0.7745966692414834,-1.0454545454545459
extended,crop_farming,1,ET0721,15,0.6,0.6,0.4,0.6324555320336759,-0.6071428571428565,0.6,0.6,0.4,0.6324555320336759,-0.6071428571428565
extended,crop_farming,1,ET0722,15,0.5333333333333333,0.48333333333333334,0.4666666666666667,0.6831300510639732,-0.4189189189189193,0.3333333333333333,0.3333333333333333,0.6666666666666666,0.816496580927726,-1.0270270270270276
extended,crop_farming,1,ET0723,15,0.4,0.3885167464114832,0.6,0.7745966692414834,-1.4999999999999991,0.4666666666666667,0.4666666666666667,0.5333333333333333,0.7302967433402214,-1.2222222222222214
extended,crop_farming,1,ET0724,15,1.0,1.0,0.0,0.0,,1.0,1.0,0.0,0.0,
extended,crop_farming,1,ET1101,15,1.0,1.0,0.0,0.0,,1.0,1.0,0.0,0.0,
extended,crop_farming,1,ET1102,15,1.0,1.0,0.0,0.0,,1.0,1.0,0.0,0.0,
extended,crop_farming,1,ET1103,15,1.0,1.0,0.0,0.0,,1.0,1.0,0.0,0.0,
extended,crop_farming,1,ET1104,15,0.26666666666666666,0.29333333333333333,0.8,0.9660917830792959,-1.0192307692307696,0.26666666666666666,0.3,0.9333333333333333,1.1547005383792515,-1.884615384615385
extended,crop_farming,1,ET1105,15,1.0,1.0,0.0,0.0,,1.0,1.0,0.0,0.0,
extended,crop_farming,1,ET1106,15,1.0,1.0,0.0,0.0,,1.0,1.0,0.0,0.0,
extended,crop_farming,1,ET1202,15,0.9333333333333333,0.9655172413793104,0.06666666666666667,0.2581988897471611,,1.0,1.0,0.0,0.0,
extended,crop_farming,1,ET1203,15,1.0,1.0,0.0,0.0,,1.0,1.0,0.0,0.0,
extended,crop_farming,1,ET1204,15,1.0,1.0,0.0,0.0,,1.0,1.0,0.0,0.0,
extended,crop_farming,1,ET1301,15,0.8,0.7900621118012422,0.2,0.4472135954999579,-0.022727272727272707,0.6666666666666666,0.6111111111111112,0.4,0.7302967433402214,-1.727272727272727
extended,crop_farming,1,ET1401,15,1.0,1.0,0.0,0.0,,1.0,1.0,0.0,0.0,
extended,crop_farming,1,ET1501,15,0.6,0.5,0.4,0.6324555320336759,-0.36363636363636376,0.06666666666666667,0.008888888888888889,1.1333333333333333,1.2382783747337807,-4.2272727272727275
extended,crop_farming,1,ET1502,15,0.6,0.5681818181818182,0.4,0.6324555320336759,-0.8000000000000003,0.6666666666666666,0.6560846560846562,0.3333333333333333,0.5773502691896257,-0.5000000000000002
extended,crop_farming,1,ET1600,15,0.4666666666666667,0.4242424242424242,0.5333333333333333,0.7302967433402214,-0.8181818181818183,0.6,0.5714285714285714,0.6,1.0,-2.4090909090909096
extended,crop_farming,2,ET0101,15,0.4666666666666667,0.35238095238095235,0.6,0.8563488385776752,0.44999999999999996,0.5333333333333333,0.5178673178673179,0.5333333333333333,0.816496580927726,0.5
extended,crop_farming,2,ET0102,15,0.4,0.26564102564102565,0.7333333333333333,1.0645812948447542,0.041353383458646475,0.3333333333333333,0.3333333333333333,0.8,1.0954451150103321,-0.015037593984962516
extended,crop_farming,2,ET0103,15,0.26666666666666666,0.15166666666666667,0.7333333333333333,0.8563488385776752,0.02941176470588236,0.4666666666666667,0.46296296296296297,0.6,0.8563488385776752,0.02941176470588236
extended,crop_farming,2,ET0104,15,0.4666666666666667,0.3466666666666667,0.6,0.8563488385776752,-0.30952380952380976,0.4666666666666667,0.4848484848484848,0.6,0.8563488385776752,-0.30952380952380976
extended,crop_farming,2,ET0105,15,0.4666666666666667,0.4287878787878788,0.5333333333333333,0.7302967433402214,0.2682926829268295,0.6,0.5896103896103895,0.4666666666666667,0.7745966692414834,0.1768292682926832
extended,crop_farming,2,ET0106,15,0.26666666666666666,0.14095238095238097,0.8666666666666667,1.1254628677422756,-0.1585365853658538,0.3333333333333333,0.364021164021164,0.8666666666666667,1.1832159566199232,-0.2804878048780488
extended,crop_farming,2,ET0107,15,0.4,0.40634920634920635,0.6666666666666666,0.8944271909999159,-0.5789473684210524,0.5333333333333333,0.5373737373737374,0.6,0.9309493362512627,-0.7105263157894735
extended,crop_farming,2,ET0301,15,0.4,0.32222222222222224,0.6,0.7745966692414834,0.06250000000000011,0.2,0.20317460317460317,1.0,1.1832159566199232,-1.1874999999999996
extended,crop_farming,2,ET0302,15,0.4,0.31228070175438594,0.6,0.7745966692414834,-0.1637931034482758,0.2,0.17692307692307693,1.0,1.1832159566199232,-1.7155172413793105
extended,crop_farming,2,ET0303,15,0.6666666666666666,0.6444444444444444,0.4,0.7302967433402214,-0.42857142857142816,0.4,0.4666666666666667,0.8,1.0954451150103321,-2.2142857142857135
extended,crop_farming,2,ET0304,15,0.3333333333333333,0.3422222222222222,0.7333333333333333,0.9309493362512627,-1.3214285714285707,0.3333333333333333,0.337037037037037,0.8,1.0327955589886444,-1.8571428571428563
extended,crop_farming,2,ET0305,15,0.6666666666666666,0.6663558663558664,0.3333333333333333,0.5773502691896257,0.4402985074626866,0.4,0.3232323232323232,0.7333333333333333,1.0,-0.6791044776119401
extended,crop_farming,2,ET0306,15,0.8666666666666667,0.8047619047619048,0.13333333333333333,0.3651483716701107,-0.15384615384615397,0.8666666666666667,0.8047619047619048,0.13333333333333333,0.3651483716701107,-0.15384615384615397
extended,crop_farming,2,ET0307,15,1.0,1.0,0.0,0.0,,1.0,1.0,0.0,0.0,
extended,crop_farming,2,ET0308,15,0.4666666666666667,0.3777777777777777,0.6,0.8563488385776752,-0.10000000000000009,0.3333333333333333,0.3420875420875421,0.7333333333333333,0.9309493362512627,-0.30000000000000004
extended,crop_farming,2,ET0309,15,1.0,1.0,0.0,0.0,,1.0,1.0,0.0,0.0,
extended,crop_farming,2,ET0310,15,0.3333333333333333,0.3054545454545455,0.7333333333333333,0.9309493362512627,-0.5476190476190479,0.3333333333333333,0.3433333333333334,0.8,1.0327955589886444,-0.9047619047619051
extended,crop_farming,2,ET0311,15,0.8666666666666667,0.8948717948717949,0.13333333333333333,0.3651483716701107,-1.1428571428571423,0.9333333333333333,0.9011494252873563,0.06666666666666667,0.2581988897471611,-0.07142857142857117
extended,crop_farming,2,ET0312,15,1.0,1.0,0.0,0.0,,1.0,1.0,0.0,0.0,
extended,crop_farming,2,ET0401,15,0.9333333333333333,0.9011494252873563,0.06666666666666667,0.2581988897471611,-0.07142857142857117,0.9333333333333333,0.9011494252873563,0.06666666666666667,0.2581988897471611,-0.07142857142857117
extended,crop_farming,2,ET0402,15,0.6666666666666666,0.5333333333333333,0.3333333333333333,0.5773502691896257,-0.4999999999999998,0.6666666666666666,0.5333333333333333,0.3333333333333333,0.5773502691896257,-0.4999999999999998
extended,crop_farming,2,ET0403,15,1.0,1.0,0.0,0.0,,1.0,1.0,0.0,0.0,
extended,crop_farming,2,ET0404,15,1.0,1.0,0.0,0.0,,1.0,1.0,0.0,0.0,
extended,crop_farming,2,ET0405,15,1.0,1.0,0.0,0.0,,1.0,1.0,0.0,0.0,
extended,crop_farming,2,ET0406,15,0.8666666666666667,0.8666666666666667,0.13333333333333333,0.3651483716701107,-0.1538461538461542,0.8666666666666667,0.8666666666666667,0.13333333333333333,0.3651483716701107,-0.1538461538461542
extended,crop_farming,2,ET0407,15,0.4666666666666667,0.4666666666666667,0.5333333333333333,0.7302967433402214,-1.1428571428571423,0.4666666666666667,0.5133333333333333,0.6666666666666666,0.9660917830792959,-2.749999999999999
extended,crop_farming,2,ET0408,15,0.5333333333333333,0.512280701754386,0.4666666666666667,0.6831300510639732,-0.22093023255813948,0.5333333333333333,0.5230769230769231,0.6,0.9309493362512627,-1.2674418604651163
extended,crop_farming,2,ET0409,15,0.6,0.6,0.4,0.6324555320336759,-0.8000000000000003,0.4666666666666667,0.47619047619047616,0.5333333333333333,0.7302967433402214,-1.4000000000000004
extended,crop_farming,2,ET0413,15,1.0,1.0,0.0,0.0,,1.0,1.0,0.0,0.0,
extended,crop_farming,2,ET0416,15,1.0,1.0,0.0,0.0,,1.0,1.0,0.0,0.0,
extended,crop_farming,2,ET0417,15,0.4,0.39701213818860875,0.6,0.7745966692414834,-0.29807692307692335,0.4666666666666667,0.40555555555555556,0.6666666666666666,0.9660917830792959,-1.0192307692307696
extended,crop_farming,2,ET0418,15,0.8,0.711111111111111,0.2,0.4472135954999579,-0.24999999999999978,0.8,0.711111111111111,0.2,0.4472135954999579,-0.24999999999999978
extended,crop_farming,2,ET0419,15,0.6666666666666666,0.5333333333333333,0.3333333333333333,0.5773502691896257,-0.4999999999999998,0.6666666666666666,0.5333333333333333,0.3333333333333333,0.5773502691896257,-0.4999999999999998
extended,crop_farming,2,ET0420,15,0.8666666666666667,0.8047619047619048,0.13333333333333333,0.3651483716701107,-0.1538461538461542,0.8666666666666667,0.8047619047619048,0.13333333333333333,0.3651483716701107,-0.1538461538461542
extended,crop_farming,2,ET0602,15,0.6,0.5217391304347826,0.5333333333333333,0.8944271909999159,-0.5517241379310343,0.6666666666666666,0.6121212121212121,0.4,0.7302967433402214,-0.0344827586206895
extended,crop_farming,2,ET0603,15,1.0,1.0,0.0,0.0,,1.0,1.0,0.0,0.0,
extended,crop_farming,2,ET0604,15,0.6666666666666666,0.7272727272727272,0.3333333333333333,0.5773502691896257,-1.083333333333333,0.9333333333333333,0.9366459627329193,0.06666666666666667,0.2581988897471611,0.5833333333333334
extended,crop_farming,2,ET0605,15,1.0,1.0,0.0,0.0,,1.0,1.0,0.0,0.0,
extended,crop_farming,2,ET0701,15,0.4666666666666667,0.4470588235294118,0.6,0.8563488385776752,-1.0624999999999996,0.5333333333333333,0.5019607843137255,0.5333333333333333,0.816496580927726,-0.8749999999999998
extended,crop_farming,2,ET0702,15,0.4666666666666667,0.4666666666666667,0.5333333333333333,0.7302967433402214,-1.7272727272727266,0.5333333333333333,0.5866666666666667,0.6666666666666666,1.0327955589886444,-4.454545454545453
extended,crop_farming,2,ET0703,15,0.4,0.3809523809523809,0.6,0.7745966692414834,-1.0454545454545459,0.4,0.4210526315789474,0.7333333333333333,1.0,-2.4090909090909096
extended,crop_farming,2,ET0705,15,0.4666666666666667,0.47047619047619044,0.5333333333333333,0.7302967433402214,-1.2222222222222214,0.4,0.3957894736842105,0.6,0.7745966692414834,-1.4999999999999991
extended,crop_farming,2,ET0706,15,0.5333333333333333,0.5101449275362319,0.4666666666666667,0.6831300510639732,-1.3863636363636362,0.5333333333333333,0.5333333333333333,0.5333333333333333,0.816496580927726,-2.4090909090909087
extended,crop_farming,2,ET0710,15,0.6,0.5363636363636365,0.4,0.6324555320336759,-0.6666666666666661,0.26666666666666666,0.28449197860962566,0.7333333333333333,0.8563488385776752,-2.0555555555555545
extended,crop_farming,2,ET0713,15,0.4666666666666667,0.46734006734006733,0.5333333333333333,0.7302967433402214,-0.8181818181818183,0.5333333333333333,0.5395711500974658,0.4666666666666667,0.6831300510639732,-0.590909090909091
extended,crop_farming,2,ET0714,15,0.4666666666666667,0.5043859649122807,0.6,0.8563488385776752,-2.3000000000000003,0.6666666666666666,0.6169772256728778,0.3333333333333333,0.5773502691896257,-0.5000000000000002
extended,crop_farming,2,ET0715,15,0.3333333333333333,0.380952380952381,0.6666666666666666,0.816496580927726,-1.7777777777777768,0.6,0.49090909090909096,0.5333333333333333,0.8944271909999159,-2.333333333333332
extended,crop_farming,2,ET0716,15,0.8666666666666667,0.8384615384615385,0.13333333333333333,0.3651483716701107,0.16666666666666674,0.7333333333333333,0.7333333333333333,0.26666666666666666,0.5163977794943222,-0.6666666666666665
extended,crop_farming,2,ET0720,15,0.4666666666666667,0.4444444444444444,0.6,0.8563488385776752,-1.5000000000000004,0.6,0.5217391304347826,0.4666666666666667,0.7745966692414834,-1.0454545454545459
extended,crop_farming,2,ET0721,15,0.6,0.6222222222222221,0.4,0.6324555320336759,-0.6071428571428565,0.6,0.6,0.4,0.6324555320336759,-0.6071428571428565
extended,crop_farming,2,ET0722,15,0.4,0.38245614035087716,0.6,0.7745966692414834,-0.8243243243243248,0.3333333333333333,0.3333333333333333,0.6666666666666666,0.816496580927726,-1.0270270270270276
extended,crop_farming,2,ET0723,15,0.4,0.40542986425339367,0.6,0.7745966692414834,-1.4999999999999991,0.4666666666666667,0.4666666666666667,0.5333333333333333,0.7302967433402214,-1.2222222222222214
extended,crop_farming,2,ET0724,15,1.0,1.0,0.0,0.0,,1.0,1.0,0.0,0.0,
extended,crop_farming,2,ET1101,15,1.0,1.0,0.0,0.0,,1.0,1.0,0.0,0.0,
extended,crop_farming,2,ET1102,15,1.0,1.0,0.0,0.0,,1.0,1.0,0.0,0.0,
extended,crop_farming,2,ET1103,15,1.0,1.0,0.0,0.0,,1.0,1.0,0.0,0.0,
extended,crop_farming,2,ET1104,15,0.3333333333333333,0.31481481481481477,0.6666666666666666,0.816496580927726,-0.4423076923076925,0.26666666666666666,0.3,0.9333333333333333,1.1547005383792515,-1.884615384615385
extended,crop_farming,2,ET1105,15,1.0,1.0,0.0,0.0,,1.0,1.0,0.0,0.0,
extended,crop_farming,2,ET1106,15,1.0,1.0,0.0,0.0,,1.0,1.0,0.0,0.0,
extended,crop_farming,2,ET1202,15,1.0,1.0,0.0,0.0,,1.0,1.0,0.0,0.0,
extended,crop_farming,2,ET1203,15,1.0,1.0,0.0,0.0,,1.0,1.0,0.0,0.0,
extended,crop_farming,2,ET1204,15,1.0,1.0,0.0,0.0,,1.0,1.0,0.0,0.0,
extended,crop_farming,2,ET1301,15,0.5333333333333333,0.5777777777777777,0.4666666666666667,0.6831300510639732,-1.3863636363636362,0.6666666666666666,0.6111111111111112,0.4,0.7302967433402214,-1.727272727272727
extended,crop_farming,2,ET1401,15,1.0,1.0,0.0,0.0,,1.0,1.0,0.0,0.0,
extended,crop_farming,2,ET1501,15,0.5333333333333333,0.4888888888888889,0.5333333333333333,0.816496580927726,-1.272727272727273,0.06666666666666667,0.008888888888888889,1.1333333333333333,1.2382783747337807,-4.2272727272727275
extended,crop_farming,2,ET1502,15,0.6666666666666666,0.6406926406926406,0.4,0.7302967433402214,-1.4000000000000004,0.6666666666666666,0.6560846560846562,0.3333333333333333,0.5773502691896257,-0.5000000000000002
extended,crop_farming,2,ET1600,15,0.26666666666666666,0.29629629629629634,0.8,0.9660917830792959,-2.181818181818182,0.6,0.5714285714285714,0.6,1.0,-2.4090909090909096
extended,crop_farming,3,ET0101,15,0.4,0.28974358974358977,0.7333333333333333,1.0,0.25,0.5333333333333333,0.5178673178673179,0.5333333333333333,0.816496580927726,0.5
extended,crop_farming,3,ET0102,15,0.4,0.25555555555555554,0.8,1.1547005383792515,-0.12781954887218072,0.3333333333333333,0.3333333333333333,0.8,1.0954451150103321,-0.015037593984962516
extended,crop_farming,3,ET0103,15,0.26666666666666666,0.15555555555555556,0.8,0.9660917830792959,-0.23529411764705865,0.4666666666666667,0.46296296296296297,0.6,0.8563488385776752,0.02941176470588236
extended,crop_farming,3,ET0104,15,0.4,0.3,0.6666666666666666,0.8944271909999159,-0.4285714285714288,0.4666666666666667,0.4848484848484848,0.6,0.8563488385776752,-0.30952380952380976
extended,crop_farming,3,ET0105,15,0.4666666666666667,0.41318681318681316,0.6666666666666666,0.9660917830792959,-0.28048780487804836,0.6,0.5896103896103895,0.4666666666666667,0.7745966692414834,0.1768292682926832
extended,crop_farming,3,ET0106,15,0.3333333333333333,0.2142857142857143,0.8,1.0954451150103321,-0.09756097560975618,0.3333333333333333,0.364021164021164,0.8666666666666667,1.1832159566199232,-0.2804878048780488
extended,crop_farming,3,ET0107,15,0.4666666666666667,0.43838383838383843,0.6,0.8563488385776752,-0.4473684210526314,0.5333333333333333,0.5373737373737374,0.6,0.9309493362512627,-0.7105263157894735
extended,crop_farming,3,ET0301,15,0.4666666666666667,0.4222222222222223,0.6,0.8563488385776752,-0.14583333333333326,0.2,0.20317460317460317,1.0,1.1832159566199232,-1.1874999999999996
extended,crop_farming,3,ET0302,15,0.4,0.3164021164021164,0.6666666666666666,0.8944271909999159,-0.5517241379310345,0.2,0.17692307692307693,1.0,1.1832159566199232,-1.7155172413793105
extended,crop_farming,3,ET0303,15,0.5333333333333333,0.5290552584670232,0.5333333333333333,0.816496580927726,-0.7857142857142854,0.4,0.4666666666666667,0.8,1.0954451150103321,-2.2142857142857135
extended,crop_farming,3,ET0304,15,0.4,0.37592592592592594,0.6666666666666666,0.8944271909999159,-1.1428571428571423,0.3333333333333333,0.337037037037037,0.8,1.0327955589886444,-1.8571428571428563
extended,crop_farming,3,ET0305,15,0.6,0.5788888888888889,0.4,0.6324555320336759,0.32835820895522394,0.4,0.3232323232323232,0.7333333333333333,1.0,-0.6791044776119401
extended,crop_farming,3,ET0306,15,0.8666666666666667,0.8047619047619048,0.13333333333333333,0.3651483716701107,-0.15384615384615397,0.8666666666666667,0.8047619047619048,0.13333333333333333,0.3651483716701107,-0.15384615384615397
extended,crop_farming,3,ET0307,15,1.0,1.0,0.0,0.0,,1.0,1.0,0.0,0.0,
extended,crop_farming,3,ET0308,15,0.4,0.32051282051282054,0.8,1.0954451150103321,-0.8,0.3333333333333333,0.3420875420875421,0.7333333333333333,0.9309493362512627,-0.30000000000000004
extended,crop_farming,3,ET0309,15,1.0,1.0,0.0,0.0,,1.0,1.0,0.0,0.0,
extended,crop_farming,3,ET0310,15,0.4666666666666667,0.4666666666666667,0.5333333333333333,0.7302967433402214,0.04761904761904745,0.3333333333333333,0.3433333333333334,0.8,1.0327955589886444,-0.9047619047619051
extended,crop_farming,3,ET0311,15,0.8,0.8480000000000001,0.2,0.4472135954999579,-2.2142857142857135,0.9333333333333333,0.9011494252873563,0.06666666666666667,0.2581988897471611,-0.07142857142857117
extended,crop_farming,3,ET0312,15,1.0,1.0,0.0,0.0,,1.0,1.0,0.0,0.0,
extended,crop_farming,3,ET0401,15,0.9333333333333333,0.9011494252873563,0.06666666666666667,0.2581988897471611,-0.07142857142857117,0.9333333333333333,0.9011494252873563,0.06666666666666667,0.2581988897471611,-0.07142857142857117
extended,crop_farming,3,ET0402,15,0.6666666666666666,0.5333333333333333,0.3333333333333333,0.5773502691896257,-0.4999999999999998,0.6666666666666666,0.5333333333333333,0.3333333333333333,0.5773502691896257,-0.4999999999999998
extended,crop_farming,3,ET0403,15,1.0,1.0,0.0,0.0,,1.0,1.0,0.0,0.0,
extended,crop_farming,3,ET0404,15,1.0,1.0,0.0,0.0,,1.0,1.0,0.0,0.0,
extended,crop_farming,3,ET0405,15,1.0,1.0,0.0,0.0,,1.0,1.0,0.0,0.0,
extended,crop_farming,3,ET0406,15,0.8,0.8160000000000001,0.2,0.4472135954999579,-0.7307692307692311,0.8666666666666667,0.8666666666666667,0.13333333333333333,0.3651483716701107,-0.1538461538461542
extended,crop_farming,3,ET0407,15,0.4666666666666667,0.4666666666666667,0.5333333333333333,0.7302967433402214,-1.1428571428571423,0.4666666666666667,0.5133333333333333,0.6666666666666666,0.9660917830792959,-2.749999999999999
extended,crop_farming,3,ET0408,15,0.5333333333333333,0.512280701754386,0.4666666666666667,0.6831300510639732,-0.22093023255813948,0.5333333333333333,0.5230769230769231,0.6,0.9309493362512627,-1.2674418604651163
extended,crop_farming,3,ET0409,15,0.6,0.6071428571428572,0.4,0.6324555320336759,-0.8000000000000003,0.4666666666666667,0.47619047619047616,0.5333333333333333,0.7302967433402214,-1.4000000000000004
extended,crop_farming,3,ET0413,15,1.0,1.0,0.0,0.0,,1.0,1.0,0.0,0.0,
extended,crop_farming,3,ET0416,15,1.0,1.0,0.0,0.0,,1.0,1.0,0.0,0.0,
extended,crop_farming,3,ET0417,15,0.4,0.30476190476190473,0.6,0.7745966692414834,-0.29807692307692335,0.4666666666666667,0.40555555555555556,0.6666666666666666,0.9660917830792959,-1.0192307692307696
extended,crop_farming,3,ET0418,15,0.8,0.711111111111111,0.2,0.4472135954999579,-0.24999999999999978,0.8,0.711111111111111,0.2,0.4472135954999579,-0.24999999999999978
extended,crop_farming,3,ET0419,15,0.6666666666666666,0.5333333333333333,0.3333333333333333,0.5773502691896257,-0.4999999999999998,0.6666666666666666,0.5333333333333333,0.3333333333333333,0.5773502691896257,-0.4999999999999998
extended,crop_farming,3,ET0420,15,0.8666666666666667,0.8047619047619048,0.13333333333333333,0.3651483716701107,-0.1538461538461542,0.8666666666666667,0.8047619047619048,0.13333333333333333,0.3651483716701107,-0.1538461538461542
extended,crop_farming,3,ET0602,15,0.6666666666666666,0.5333333333333333,0.4666666666666667,0.8563488385776752,-0.4224137931034482,0.6666666666666666,0.6121212121212121,0.4,0.7302967433402214,-0.0344827586206895
extended,crop_farming,3,ET0603,15,1.0,1.0,0.0,0.0,,1.0,1.0,0.0,0.0,
extended,crop_farming,3,ET0604,15,0.6666666666666666,0.7272727272727272,0.3333333333333333,0.5773502691896257,-1.083333333333333,0.9333333333333333,0.9366459627329193,0.06666666666666667,0.2581988897471611,0.5833333333333334
extended,crop_farming,3,ET0605,15,1.0,1.0,0.0,0.0,,1.0,1.0,0.0,0.0,
extended,crop_farming,3,ET0701,15,0.4666666666666667,0.4470588235294118,0.6,0.8563488385776752,-1.0624999999999996,0.5333333333333333,0.5019607843137255,0.5333333333333333,0.816496580927726,-0.8749999999999998
extended,crop_farming,3,ET0702,15,0.6666666666666666,0.5866666666666667,0.3333333333333333,0.5773502691896257,-0.7045454545454541,0.5333333333333333,0.5866666666666667,0.6666666666666666,1.0327955589886444,-4.454545454545453
extended,crop_farming,3,ET0703,15,0.4,0.3809523809523809,0.6,0.7745966692414834,-1.0454545454545459,0.4,0.4210526315789474,0.7333333333333333,1.0,-2.4090909090909096
extended,crop_farming,3,ET0705,15,0.6666666666666666,0.6602870813397128,0.3333333333333333,0.5773502691896257,-0.3888888888888884,0.4,0.3957894736842105,0.6,0.7745966692414834,-1.4999999999999991
extended,crop_farming,3,ET0706,15,0.8,0.752,0.2,0.4472135954999579,-0.022727272727272707,0.5333333333333333,0.5333333333333333,0.5333333333333333,0.816496580927726,-2.4090909090909087
extended,crop_farming,3,ET0710,15,0.6666666666666666,0.5838509316770186,0.3333333333333333,0.5773502691896257,-0.3888888888888884,0.26666666666666666,0.28449197860962566,0.7333333333333333,0.8563488385776752,-2.0555555555555545
extended,crop_farming,3,ET0713,15,0.5333333333333333,0.5231746031746031,0.5333333333333333,0.816496580927726,-1.272727272727273,0.5333333333333333,0.5395711500974658,0.4666666666666667,0.6831300510639732,-0.590909090909091
extended,crop_farming,3,ET0714,15,0.6,0.5959595959595959,0.4,0.6324555320336759,-0.8000000000000003,0.6666666666666666,0.6169772256728778,0.3333333333333333,0.5773502691896257,-0.5000000000000002
extended,crop_farming,3,ET0715,15,0.4666666666666667,0.38181818181818183,0.5333333333333333,0.7302967433402214,-1.2222222222222214,0.6,0.49090909090909096,0.5333333333333333,0.8944271909999159,-2.333333333333332
extended,crop_farming,3,ET0716,15,0.8666666666666667,0.8384615384615385,0.13333333333333333,0.3651483716701107,0.16666666666666674,0.7333333333333333,0.7333333333333333,0.26666666666666666,0.5163977794943222,-0.6666666666666665
extended,crop_farming,3,ET0720,15,0.5333333333333333,0.4848484848484849,0.5333333333333333,0.816496580927726,-1.272727272727273,0.6,0.5217391304347826,0.4666666666666667,0.7745966692414834,-1.0454545454545459
extended,crop_farming,3,ET0721,15,0.4666666666666667,0.46190476190476193,0.5333333333333333,0.7302967433402214,-1.142857142857142,0.6,0.6,0.4,0.6324555320336759,-0.6071428571428565
extended,crop_farming,3,ET0722,15,0.4,0.39346405228758174,0.6,0.7745966692414834,-0.8243243243243248,0.3333333333333333,0.3333333333333333,0.6666666666666666,0.816496580927726,-1.0270270270270276
extended,crop_farming,3,ET0723,15,0.4,0.3728506787330316,0.6,0.7745966692414834,-1.4999999999999991,0.4666666666666667,0.4666666666666667,0.5333333333333333,0.7302967433402214,-1.2222222222222214
extended,crop_farming,3,ET0724,15,1.0,1.0,0.0,0.0,,1.0,1.0,0.0,0.0,
extended,crop_farming,3,ET1101,15,1.0,1.0,0.0,0.0,,1.0,1.0,0.0,0.0,
extended,crop_farming,3,ET1102,15,1.0,1.0,0.0,0.0,,1.0,1.0,0.0,0.0,
extended,crop_farming,3,ET1103,15,1.0,1.0,0.0,0.0,,1.0,1.0,0.0,0.0,
extended,crop_farming,3,ET1104,15,0.26666666666666666,0.1837037037037037,0.7333333333333333,0.8563488385776752,-0.5865384615384617,0.26666666666666666,0.3,0.9333333333333333,1.1547005383792515,-1.884615384615385
extended,crop_farming,3,ET1105,15,1.0,1.0,0.0,0.0,,1.0,1.0,0.0,0.0,
extended,crop_farming,3,ET1106,15,1.0,1.0,0.0,0.0,,1.0,1.0,0.0,0.0,
extended,crop_farming,3,ET1202,15,1.0,1.0,0.0,0.0,,1.0,1.0,0.0,0.0,
extended,crop_farming,3,ET1203,15,1.0,1.0,0.0,0.0,,1.0,1.0,0.0,0.0,
extended,crop_farming,3,ET1204,15,1.0,1.0,0.0,0.0,,1.0,1.0,0.0,0.0,
extended,crop_farming,3,ET1301,15,0.8,0.752,0.2,0.4472135954999579,-0.022727272727272707,0.6666666666666666,0.6111111111111112,0.4,0.7302967433402214,-1.727272727272727
extended,crop_farming,3,ET1401,15,1.0,1.0,0.0,0.0,,1.0,1.0,0.0,0.0,
extended,crop_farming,3,ET1501,15,0.6666666666666666,0.5333333333333333,0.3333333333333333,0.5773502691896257,-0.13636363636363646,0.06666666666666667,0.008888888888888889,1.1333333333333333,1.2382783747337807,-4.2272727272727275
extended,crop_farming,3,ET1502,15,0.6,0.5,0.4,0.6324555320336759,-0.8000000000000003,0.6666666666666666,0.6560846560846562,0.3333333333333333,0.5773502691896257,-0.5000000000000002
extended,crop_farming,3,ET1600,15,0.5333333333333333,0.463768115942029,0.4666666666666667,0.6831300510639732,-0.590909090909091,0.6,0.5714285714285714,0.6,1.0,-2.4090909090909096
extended,crop_farming,4,ET0101,15,0.26666666666666666,0.2153846153846154,0.8666666666666667,1.0645812948447542,0.15000000000000002,0.6666666666666666,0.6423076923076924,0.5333333333333333,1.0327955589886444,0.19999999999999996
extended,crop_farming,4,ET0102,15,0.26666666666666666,0.17777777777777776,0.9333333333333333,1.2110601416389966,-0.2406015037593987,0.6666666666666666,0.6799999999999999,0.6,1.1254628677422756,-0.07142857142857162
extended,crop_farming,4,ET0103,15,0.3333333333333333,0.2,0.8,1.0327955589886444,-0.4117647058823528,0.4666666666666667,0.4655555555555555,0.6666666666666666,1.0327955589886444,-0.4117647058823528
extended,crop_farming,4,ET0104,15,0.3333333333333333,0.25142857142857145,0.8,1.0327955589886444,-0.9047619047619051,0.4666666666666667,0.503030303030303,0.6,0.8563488385776752,-0.30952380952380976
extended,crop_farming,4,ET0105,15,0.3333333333333333,0.2523809523809524,0.9333333333333333,1.2110601416389966,-1.0121951219512186,0.5333333333333333,0.5233333333333333,0.5333333333333333,0.816496580927726,0.08536585365853688
extended,crop_farming,4,ET0106,15,0.2,0.11428571428571428,0.9333333333333333,1.0954451150103321,-0.09756097560975618,0.5333333333333333,0.580952380952381,0.6666666666666666,1.0954451150103321,-0.09756097560975618
extended,crop_farming,4,ET0107,15,0.3333333333333333,0.3311355311355311,0.7333333333333333,0.9309493362512627,-0.7105263157894735,0.6,0.604040404040404,0.4666666666666667,0.7745966692414834,-0.18421052631578916
extended,crop_farming,4,ET0301,15,0.4666666666666667,0.35263157894736835,0.5333333333333333,0.7302967433402214,0.16666666666666674,0.3333333333333333,0.2577777777777778,0.9333333333333333,1.2110601416389966,-1.2916666666666665
extended,crop_farming,4,ET0302,15,0.4,0.3164021164021164,0.6666666666666666,0.8944271909999159,-0.5517241379310345,0.13333333333333333,0.10854700854700855,1.0666666666666667,1.2110601416389966,-1.8448275862068964
extended,crop_farming,4,ET0303,15,0.6666666666666666,0.6405228758169934,0.4,0.7302967433402214,-0.42857142857142816,0.3333333333333333,0.38508158508158513,0.8666666666666667,1.1832159566199232,-2.749999999999999
extended,crop_farming,4,ET0304,15,0.3333333333333333,0.24561403508771928,0.7333333333333333,0.9309493362512627,-1.3214285714285707,0.26666666666666666,0.20166666666666666,0.8,0.9660917830792959,-1.4999999999999996
extended,crop_farming,4,ET0305,15,0.5333333333333333,0.45,0.5333333333333333,0.816496580927726,-0.11940298507462677,0.4666666666666667,0.4066666666666666,0.8,1.1547005383792515,-1.2388059701492535
extended,crop_farming,4,ET0306,15,0.8666666666666667,0.8047619047619048,0.13333333333333333,0.3651483716701107,-0.15384615384615397,0.8666666666666667,0.8047619047619048,0.13333333333333333,0.3651483716701107,-0.15384615384615397
extended,crop_farming,4,ET0307,15,1.0,1.0,0.0,0.0,,1.0,1.0,0.0,0.0,
extended,crop_farming,4,ET0308,15,0.26666666666666666,0.19907407407407407,0.8,0.9660917830792959,-0.3999999999999999,0.26666666666666666,0.26801346801346804,0.8666666666666667,1.0645812948447542,-0.7
extended,crop_farming,4,ET0309,15,1.0,1.0,0.0,0.0,,1.0,1.0,0.0,0.0,
extended,crop_farming,4,ET0310,15,0.4,0.369187675070028,0.6,0.7745966692414834,-0.07142857142857162,0.3333333333333333,0.32350427350427347,0.8666666666666667,1.1254628677422756,-1.2619047619047623
extended,crop_farming,4,ET0311,15,0.8666666666666667,0.8666666666666667,0.13333333333333333,0.3651483716701107,-1.1428571428571423,0.9333333333333333,0.9011494252873563,0.06666666666666667,0.2581988897471611,-0.07142857142857117
extended,crop_farming,4,ET0312,15,1.0,1.0,0.0,0.0,,1.0,1.0,0.0,0.0,
extended,crop_farming,4,ET0401,15,0.9333333333333333,0.9011494252873563,0.06666666666666667,0.2581988897471611,-0.07142857142857117,0.9333333333333333,0.9011494252873563,0.06666666666666667,0.2581988897471611,-0.07142857142857117
extended,crop_farming,4,ET0402,15,0.6666666666666666,0.5333333333333333,0.3333333333333333,0.5773502691896257,-0.4999999999999998,0.6666666666666666,0.5333333333333333,0.3333333333333333,0.5773502691896257,-0.4999999999999998
extended,crop_farming,4,ET0403,15,1.0,1.0,0.0,0.0,,1.0,1.0,0.0,0.0,
extended,crop_farming,4,ET0404,15,1.0,1.0,0.0,0.0,,1.0,1.0,0.0,0.0,
extended,crop_farming,4,ET0405,15,1.0,1.0,0.0,0.0,,1.0,1.0,0.0,0.0,
extended,crop_farming,4,ET0406,15,0.7333333333333333,0.7757575757575758,0.26666666666666666,0.5163977794943222,-1.3076923076923084,0.7333333333333333,0.7333333333333333,0.26666666666666666,0.5163977794943222,-1.3076923076923084
extended,crop_farming,4,ET0407,15,0.26666666666666666,0.3259259259259259,0.8,0.9660917830792959,-2.749999999999999,0.4666666666666667,0.4888888888888889,0.6,0.8563488385776752,-1.9464285714285707
extended,crop_farming,4,ET0408,15,0.6,0.56,0.4,0.6324555320336759,-0.04651162790697683,0.26666666666666666,0.2476190476190476,0.8,0.9660917830792959,-1.441860465116279
extended,crop_farming,4,ET0409,15,0.5333333333333333,0.5333333333333333,0.4666666666666667,0.6831300510639732,-1.1,0.5333333333333333,0.5460030165912519,0.4666666666666667,0.6831300510639732,-1.1
extended,crop_farming,4,ET0413,15,1.0,1.0,0.0,0.0,,1.0,1.0,0.0,0.0,
extended,crop_farming,4,ET0416,15,1.0,1.0,0.0,0.0,,1.0,1.0,0.0,0.0,
extended,crop_farming,4,ET0417,15,0.6,0.56,0.4,0.6324555320336759,0.13461538461538447,0.4666666666666667,0.40555555555555556,0.6666666666666666,0.9660917830792959,-1.0192307692307696
extended,crop_farming,4,ET0418,15,0.8,0.711111111111111,0.2,0.4472135954999579,-0.24999999999999978,0.8,0.711111111111111,0.2,0.4472135954999579,-0.24999999999999978
extended,crop_farming,4,ET0419,15,0.6666666666666666,0.5333333333333333,0.3333333333333333,0.5773502691896257,-0.4999999999999998,0.6666666666666666,0.5333333333333333,0.3333333333333333,0.5773502691896257,-0.4999999999999998
extended,crop_farming,4,ET0420,15,0.8666666666666667,0.8047619047619048,0.13333333333333333,0.3651483716701107,-0.1538461538461542,0.8666666666666667,0.8047619047619048,0.13333333333333333,0.3651483716701107,-0.1538461538461542
extended,crop_farming,4,ET0602,15,0.6666666666666666,0.5333333333333333,0.4666666666666667,0.8563488385776752,-0.4224137931034482,0.6,0.5515151515151515,0.5333333333333333,0.8944271909999159,-0.5517241379310343
extended,crop_farming,4,ET0603,15,1.0,1.0,0.0,0.0,,1.0,1.0,0.0,0.0,
extended,crop_farming,4,ET0604,15,0.7333333333333333,0.7333333333333333,0.26666666666666666,0.5163977794943222,-0.6666666666666665,0.8666666666666667,0.8772727272727272,0.13333333333333333,0.3651483716701107,0.16666666666666674
extended,crop_farming,4,ET0605,15,1.0,1.0,0.0,0.0,,1.0,1.0,0.0,0.0,
extended,crop_farming,4,ET0701,15,0.4666666666666667,0.4470588235294118,0.6,0.8563488385776752,-1.0624999999999996,0.5333333333333333,0.5019607843137255,0.5333333333333333,0.816496580927726,-0.8749999999999998
extended,crop_farming,4,ET0702,15,0.4,0.41904761904761906,0.6,0.7745966692414834,-2.0681818181818175,0.4,0.44,0.6666666666666666,0.8944271909999159,-3.09090909090909
extended,crop_farming,4,ET0703,15,0.4,0.3809523809523809,0.6,0.7745966692414834,-1.0454545454545459,0.3333333333333333,0.3508771929824561,0.7333333333333333,0.9309493362512627,-1.954545454545455
extended,crop_farming,4,ET0705,15,0.4666666666666667,0.5129411764705882,0.6,0.8563488385776752,-2.0555555555555545,0.6,0.6021052631578947,0.4666666666666667,0.7745966692414834,-1.4999999999999991
extended,crop_farming,4,ET0706,15,0.4666666666666667,0.4666666666666667,0.5333333333333333,0.7302967433402214,-1.727272727272727,0.6,0.5739130434782609,0.4666666666666667,0.7745966692414834,-2.068181818181818
extended,crop_farming,4,ET0710,15,0.4666666666666667,0.47428571428571425,0.5333333333333333,0.7302967433402214,-1.2222222222222214,0.4,0.41333333333333333,0.6666666666666666,0.8944271909999159,-2.333333333333332
extended,crop_farming,4,ET0713,15,0.4,0.34735042735042737,0.6666666666666666,0.8944271909999159,-1.7272727272727275,0.3333333333333333,0.3496296296296296,0.6666666666666666,0.816496580927726,-1.272727272727273
extended,crop_farming,4,ET0714,15,0.4666666666666667,0.4444444444444444,0.6,0.8563488385776752,-2.3000000000000003,0.4666666666666667,0.4242424242424242,0.5333333333333333,0.7302967433402214,-1.4000000000000004
extended,crop_farming,4,ET0715,15,0.13333333333333333,0.15,0.9333333333333333,1.0327955589886444,-3.444444444444443,0.5333333333333333,0.4363636363636364,0.5333333333333333,0.816496580927726,-1.7777777777777768
extended,crop_farming,4,ET0716,15,0.7333333333333333,0.6769230769230768,0.26666666666666666,0.5163977794943222,-0.6666666666666665,0.6,0.6,0.4,0.6324555320336759,-1.4999999999999996
extended,crop_farming,4,ET0720,15,0.4,0.4,0.6666666666666666,0.8944271909999159,-1.7272727272727275,0.6,0.5217391304347826,0.4666666666666667,0.7745966692414834,-1.0454545454545459
extended,crop_farming,4,ET0721,15,0.4,0.41523809523809524,0.6,0.7745966692414834,-1.4107142857142847,0.7333333333333333,0.7333333333333333,0.26666666666666666,0.5163977794943222,-0.07142857142857095
extended,crop_farming,4,ET0722,15,0.3333333333333333,0.25686274509803925,0.6666666666666666,0.816496580927726,-1.0270270270270276,0.4,0.4035650623885918,0.6,0.7745966692414834,-0.8243243243243248
extended,crop_farming,4,ET0723,15,0.4,0.41333333333333333,0.7333333333333333,1.0,-3.166666666666665,0.4,0.40542986425339367,0.6,0.7745966692414834,-1.4999999999999991
extended,crop_farming,4,ET0724,15,1.0,1.0,0.0,0.0,,1.0,1.0,0.0,0.0,
extended,crop_farming,4,ET1101,15,1.0,1.0,0.0,0.0,,1.0,1.0,0.0,0.0,
extended,crop_farming,4,ET1102,15,1.0,1.0,0.0,0.0,,1.0,1.0,0.0,0.0,
extended,crop_farming,4,ET1103,15,1.0,1.0,0.0,0.0,,1.0,1.0,0.0,0.0,
extended,crop_farming,4,ET1104,15,0.3333333333333333,0.31120879120879125,0.7333333333333333,0.9309493362512627,-0.8750000000000002,0.2,0.2435897435897436,1.0,1.1832159566199232,-2.028846153846154
extended,crop_farming,4,ET1105,15,1.0,1.0,0.0,0.0,,1.0,1.0,0.0,0.0,
extended,crop_farming,4,ET1106,15,1.0,1.0,0.0,0.0,,1.0,1.0,0.0,0.0,
extended,crop_farming,4,ET1202,15,1.0,1.0,0.0,0.0,,1.0,1.0,0.0,0.0,
extended,crop_farming,4,ET1203,15,1.0,1.0,0.0,0.0,,1.0,1.0,0.0,0.0,
extended,crop_farming,4,ET1204,15,1.0,1.0,0.0,0.0,,1.0,1.0,0.0,0.0,
extended,crop_farming,4,ET1301,15,0.5333333333333333,0.5101449275362319,0.4666666666666667,0.6831300510639732,-1.3863636363636362,0.6,0.55,0.4,0.6324555320336759,-1.0454545454545454
extended,crop_farming,4,ET1401,15,1.0,1.0,0.0,0.0,,1.0,1.0,0.0,0.0,
extended,crop_farming,4,ET1501,15,0.6666666666666666,0.5333333333333333,0.3333333333333333,0.5773502691896257,-0.13636363636363646,0.13333333333333333,0.12063492063492062,1.0666666666666667,1.2110601416389966,-4.000000000000001
extended,crop_farming,4,ET1502,15,0.6666666666666666,0.5333333333333333,0.3333333333333333,0.5773502691896257,-0.5000000000000002,0.6666666666666666,0.6560846560846562,0.3333333333333333,0.5773502691896257,-0.5000000000000002
extended,crop_farming,4,ET1600,15,0.5333333333333333,0.5701587301587302,0.5333333333333333,0.816496580927726,-1.272727272727273,0.4666666666666667,0.4444444444444444,0.6,0.8563488385776752,-1.5000000000000004
extended,crop_farming,8,ET0101,15,0.3333333333333333,0.2457142857142857,1.0666666666666667,1.4142135623730951,-0.5,0.4,0.3487179487179487,0.9333333333333333,1.3662601021279464,-0.3999999999999999
extended,crop_farming,8,ET0102,15,0.4,0.2519480519480519,0.8666666666666667,1.2382783747337807,-0.2969924812030078,0.4,0.39111111111111113,0.9333333333333333,1.3662601021279464,-0.5789473684210529
extended,crop_farming,8,ET0103,15,0.26666666666666666,0.17051282051282052,1.0666666666666667,1.3165611772087666,-1.2941176470588234,0.3333333333333333,0.3880952380952381,0.8666666666666667,1.1832159566199232,-0.8529411764705881
extended,crop_farming,8,ET0104,15,0.3333333333333333,0.26666666666666666,0.9333333333333333,1.2110601416389966,-1.6190476190476195,0.2,0.2121212121212121,1.0,1.2382783747337807,-1.7380952380952386
extended,crop_farming,8,ET0105,15,0.2,0.08000000000000002,1.2,1.4605934866804429,-1.926829268292682,0.4666666666666667,0.4444444444444444,0.7333333333333333,1.0645812948447542,-0.5548780487804872
extended,crop_farming,8,ET0106,15,0.26666666666666666,0.1621212121212121,1.0666666666666667,1.3662601021279464,-0.7073170731707319,0.26666666666666666,0.28190476190476194,1.0666666666666667,1.4142135623730951,-0.8292682926829269
extended,crop_farming,8,ET0107,15,0.3333333333333333,0.3333333333333333,0.7333333333333333,0.9309493362512627,-0.7105263157894735,0.4666666666666667,0.4711111111111111,0.6666666666666666,0.9660917830792959,-0.8421052631578945
extended,crop_farming,8,ET0301,15,0.4,0.32418300653594767,0.8,1.1547005383792515,-1.083333333333333,0.13333333333333333,0.10666666666666667,1.0666666666666667,1.2649110640673518,-1.4999999999999996
extended,crop_farming,8,ET0302,15,0.3333333333333333,0.26666666666666666,0.7333333333333333,0.9309493362512627,-0.6810344827586208,0.3333333333333333,0.2554112554112554,0.8666666666666667,1.1254628677422756,-1.456896551724138
extended,crop_farming,8,ET0303,15,0.5333333333333333,0.507843137254902,0.5333333333333333,0.816496580927726,-0.7857142857142854,0.4,0.4738461538461539,0.8666666666666667,1.2382783747337807,-3.107142857142856
extended,crop_farming,8,ET0304,15,0.4,0.33894736842105266,0.6,0.7745966692414834,-0.6071428571428568,0.13333333333333333,0.12444444444444444,1.0,1.1254628677422756,-2.392857142857142
extended,crop_farming,8,ET0305,15,0.4666666666666667,0.35111111111111104,0.5333333333333333,0.7302967433402214,0.10447761194029848,0.4666666666666667,0.37385620915032675,0.7333333333333333,1.0645812948447542,-0.9029850746268657
extended,crop_farming,8,ET0306,15,0.8666666666666667,0.8047619047619048,0.13333333333333333,0.3651483716701107,-0.15384615384615397,0.8666666666666667,0.8047619047619048,0.13333333333333333,0.3651483716701107,-0.15384615384615397
extended,crop_farming,8,ET0307,15,1.0,1.0,0.0,0.0,,1.0,1.0,0.0,0.0,
extended,crop_farming,8,ET0308,15,0.26666666666666666,0.20098039215686275,0.7333333333333333,0.8563488385776752,-0.10000000000000009,0.3333333333333333,0.3318181818181818,0.9333333333333333,1.2110601416389966,-1.2000000000000002
extended,crop_farming,8,ET0309,15,1.0,1.0,0.0,0.0,,1.0,1.0,0.0,0.0,
extended,crop_farming,8,ET0310,15,0.5333333333333333,0.4669172932330827,0.4666666666666667,0.6831300510639732,0.16666666666666652,0.3333333333333333,0.31196581196581197,0.7333333333333333,0.9309493362512627,-0.5476190476190479
extended,crop_farming,8,ET0311,15,0.9333333333333333,0.9011494252873563,0.06666666666666667,0.2581988897471611,-0.07142857142857117,0.9333333333333333,0.9011494252873563,0.06666666666666667,0.2581988897471611,-0.07142857142857117
extended,crop_farming,8,ET0312,15,1.0,1.0,0.0,0.0,,1.0,1.0,0.0,0.0,
extended,crop_farming,8,ET0401,15,0.9333333333333333,0.9011494252873563,0.06666666666666667,0.2581988897471611,-0.07142857142857117,0.9333333333333333,0.9011494252873563,0.06666666666666667,0.2581988897471611,-0.07142857142857117
extended,crop_farming,8,ET0402,15,0.6666666666666666,0.5333333333333333,0.3333333333333333,0.5773502691896257,-0.4999999999999998,0.6,0.5,0.4,0.6324555320336759,-0.7999999999999996
extended,crop_farming,8,ET0403,15,1.0,1.0,0.0,0.0,,1.0,1.0,0.0,0.0,
extended,crop_farming,8,ET0404,15,1.0,1.0,0.0,0.0,,1.0,1.0,0.0,0.0,
extended,crop_farming,8,ET0405,15,1.0,1.0,0.0,0.0,,1.0,1.0,0.0,0.0,
extended,crop_farming,8,ET0406,15,0.4,0.4952380952380952,0.6,0.7745966692414834,-4.192307692307693,0.7333333333333333,0.7333333333333333,0.26666666666666666,0.5163977794943222,-1.3076923076923084
extended,crop_farming,8,ET0407,15,0.6,0.5739130434782609,0.4666666666666667,0.7745966692414834,-1.4107142857142851,0.4,0.41904761904761906,0.6,0.7745966692414834,-1.4107142857142851
extended,crop_farming,8,ET0408,15,0.5333333333333333,0.49839572192513365,0.4666666666666667,0.6831300510639732,-0.22093023255813948,0.4666666666666667,0.4095238095238095,0.5333333333333333,0.7302967433402214,-0.39534883720930236
extended,crop_farming,8,ET0409,15,0.8,0.7936507936507937,0.2,0.4472135954999579,0.09999999999999987,0.5333333333333333,0.5460030165912519,0.4666666666666667,0.6831300510639732,-1.1
extended,crop_farming,8,ET0413,15,1.0,1.0,0.0,0.0,,1.0,1.0,0.0,0.0,
extended,crop_farming,8,ET0416,15,1.0,1.0,0.0,0.0,,1.0,1.0,0.0,0.0,
extended,crop_farming,8,ET0417,15,0.6,0.4945454545454545,0.4,0.6324555320336759,0.13461538461538447,0.4,0.3462962962962963,0.6666666666666666,0.8944271909999159,-0.7307692307692311
extended,crop_farming,8,ET0418,15,0.8,0.711111111111111,0.2,0.4472135954999579,-0.24999999999999978,0.8,0.711111111111111,0.2,0.4472135954999579,-0.24999999999999978
extended,crop_farming,8,ET0419,15,0.6666666666666666,0.5333333333333333,0.3333333333333333,0.5773502691896257,-0.4999999999999998,0.6666666666666666,0.5333333333333333,0.3333333333333333,0.5773502691896257,-0.4999999999999998
extended,crop_farming,8,ET0420,15,0.8666666666666667,0.8047619047619048,0.13333333333333333,0.3651483716701107,-0.1538461538461542,0.8666666666666667,0.8047619047619048,0.13333333333333333,0.3651483716701107,-0.1538461538461542
extended,crop_farming,8,ET0602,15,0.6666666666666666,0.5333333333333333,0.4666666666666667,0.8563488385776752,-0.4224137931034482,0.4666666666666667,0.4242424242424242,0.6666666666666666,0.9660917830792959,-0.8103448275862066
extended,crop_farming,8,ET0603,15,1.0,1.0,0.0,0.0,,1.0,1.0,0.0,0.0,
extended,crop_farming,8,ET0604,15,0.7333333333333333,0.7333333333333333,0.3333333333333333,0.6831300510639732,-1.916666666666666,0.8,0.819047619047619,0.2,0.4472135954999579,-0.24999999999999978
extended,crop_farming,8,ET0605,15,1.0,1.0,0.0,0.0,,1.0,1.0,0.0,0.0,
extended,crop_farming,8,ET0701,15,0.4666666666666667,0.4558730158730159,0.6,0.8563488385776752,-1.0624999999999996,0.5333333333333333,0.5019607843137255,0.5333333333333333,0.816496580927726,-0.8749999999999998
extended,crop_farming,8,ET0702,15,0.5333333333333333,0.5101449275362319,0.4666666666666667,0.6831300510639732,-1.3863636363636358,0.4666666666666667,0.5133333333333333,0.6666666666666666,0.9660917830792959,-3.7727272727272716
extended,crop_farming,8,ET0703,15,0.4666666666666667,0.5037037037037037,0.5333333333333333,0.7302967433402214,-0.8181818181818183,0.4666666666666667,0.49724310776942354,0.6,0.8563488385776752,-1.5000000000000004
extended,crop_farming,8,ET0705,15,0.3333333333333333,0.3,0.6666666666666666,0.816496580927726,-1.7777777777777768,0.5333333333333333,0.5389473684210526,0.4666666666666667,0.6831300510639732,-0.9444444444444438
extended,crop_farming,8,ET0706,15,0.8,0.8154589371980676,0.2,0.4472135954999579,-0.022727272727272707,0.6,0.64,0.4,0.6324555320336759,-1.0454545454545454
extended,crop_farming,8,ET0710,15,0.5333333333333333,0.41739130434782606,0.4666666666666667,0.6831300510639732,-0.9444444444444438,0.5333333333333333,0.583529411764706,0.6,0.9309493362512627,-2.61111111111111
extended,crop_farming,8,ET0713,15,0.5333333333333333,0.5079365079365079,0.4666666666666667,0.6831300510639732,-0.590909090909091,0.4,0.4106951871657754,0.6,0.7745966692414834,-1.0454545454545459
extended,crop_farming,8,ET0714,15,0.4666666666666667,0.5111111111111111,0.6666666666666666,0.9660917830792959,-3.2,0.4,0.3809523809523809,0.6,0.7745966692414834,-1.7000000000000002
extended,crop_farming,8,ET0715,15,0.26666666666666666,0.33999999999999997,0.8666666666666667,1.0645812948447542,-3.7222222222222205,0.5333333333333333,0.45714285714285713,0.6,0.9309493362512627,-2.61111111111111
extended,crop_farming,8,ET0716,15,0.8,0.711111111111111,0.2,0.4472135954999579,-0.24999999999999978,0.6,0.6,0.4,0.6324555320336759,-1.4999999999999996
extended,crop_farming,8,ET0720,15,0.4,0.4,0.6666666666666666,0.8944271909999159,-1.7272727272727275,0.4666666666666667,0.4242424242424242,0.5333333333333333,0.7302967433402214,-0.8181818181818183
extended,crop_farming,8,ET0721,15,0.3333333333333333,0.30437710437710436,0.6666666666666666,0.816496580927726,-1.6785714285714275,0.5333333333333333,0.5333333333333333,0.4666666666666667,0.6831300510639732,-0.8749999999999993
extended,crop_farming,8,ET0722,15,0.4,0.4,0.6,0.7745966692414834,-0.8243243243243248,0.4,0.4111111111111111,0.6666666666666666,0.8944271909999159,-1.4324324324324333
extended,crop_farming,8,ET0723,15,0.26666666666666666,0.26909090909090916,0.8666666666666667,1.0645812948447542,-3.7222222222222205,0.4666666666666667,0.4846153846153846,0.6,0.8563488385776752,-2.0555555555555545
extended,crop_farming,8,ET0724,15,1.0,1.0,0.0,0.0,,1.0,1.0,0.0,0.0,
extended,crop_farming,8,ET1101,15,1.0,1.0,0.0,0.0,,1.0,1.0,0.0,0.0,
extended,crop_farming,8,ET1102,15,1.0,1.0,0.0,0.0,,1.0,1.0,0.0,0.0,
extended,crop_farming,8,ET1103,15,1.0,1.0,0.0,0.0,,1.0,1.0,0.0,0.0,
extended,crop_farming,8,ET1104,15,0.2,0.13142857142857142,1.0666666666666667,1.2649110640673518,-2.4615384615384617,0.3333333333333333,0.34501424501424505,0.8666666666666667,1.1254628677422756,-1.7403846153846159
extended,crop_farming,8,ET1105,15,1.0,1.0,0.0,0.0,,1.0,1.0,0.0,0.0,
extended,crop_farming,8,ET1106,15,1.0,1.0,0.0,0.0,,1.0,1.0,0.0,0.0,
extended,crop_farming,8,ET1202,15,1.0,1.0,0.0,0.0,,1.0,1.0,0.0,0.0,
extended,crop_farming,8,ET1203,15,1.0,1.0,0.0,0.0,,1.0,1.0,0.0,0.0,
extended,crop_farming,8,ET1204,15,1.0,1.0,0.0,0.0,,1.0,1.0,0.0,0.0,
extended,crop_farming,8,ET1301,15,0.7333333333333333,0.7000000000000001,0.26666666666666666,0.5163977794943222,-0.36363636363636354,0.6,0.55,0.4,0.6324555320336759,-1.0454545454545454
extended,crop_farming,8,ET1401,15,1.0,1.0,0.0,0.0,,1.0,1.0,0.0,0.0,
extended,crop_farming,8,ET1501,15,0.6666666666666666,0.6106280193236715,0.3333333333333333,0.5773502691896257,-0.13636363636363646,0.13333333333333333,0.12063492063492062,1.0666666666666667,1.2110601416389966,-4.000000000000001
extended,crop_farming,8,ET1502,15,0.6666666666666666,0.6169772256728778,0.3333333333333333,0.5773502691896257,-0.5000000000000002,0.6,0.6148148148148148,0.4,0.6324555320336759,-0.8000000000000003
extended,crop_farming,8,ET1600,15,0.6666666666666666,0.5333333333333333,0.3333333333333333,0.5773502691896257,-0.13636363636363646,0.4,0.4,0.6666666666666666,0.8944271909999159,-1.7272727272727275
extended,crop_farming,12,ET0101,15,0.13333333333333333,0.06825396825396825,1.5333333333333334,1.8073922282301278,-1.4500000000000002,0.4666666666666667,0.42427350427350424,1.0666666666666667,1.591644851508443,-0.8999999999999999
extended,crop_farming,12,ET0102,15,0.13333333333333333,0.03333333333333333,1.3333333333333333,1.505545305418162,-0.917293233082707,0.3333333333333333,0.3844444444444444,1.1333333333333333,1.5275252316519468,-0.9736842105263162
extended,crop_farming,12,ET0103,15,0.06666666666666667,0.008333333333333333,1.4666666666666666,1.591644851508443,-2.352941176470588,0.26666666666666666,0.2507936507936508,1.0666666666666667,1.3662601021279464,-1.4705882352941173
extended,crop_farming,12,ET0104,15,0.2,0.06666666666666667,1.2,1.4142135623730951,-2.571428571428572,0.26666666666666666,0.2914862914862914,1.0666666666666667,1.3662601021279464,-2.333333333333334
extended,crop_farming,12,ET0105,15,0.2,0.06666666666666667,1.2666666666666666,1.5275252316519468,-2.201219512195121,0.3333333333333333,0.2866666666666667,0.9333333333333333,1.2110601416389966,-1.0121951219512186
extended,crop_farming,12,ET0106,15,0.06666666666666667,0.008333333333333333,1.4666666666666666,1.591644851508443,-1.3170731707317076,0.26666666666666666,0.31746031746031744,1.2666666666666666,1.61245154965971,-1.3780487804878052
extended,crop_farming,12,ET0107,15,0.3333333333333333,0.16666666666666666,0.6666666666666666,0.816496580927726,-0.3157894736842102,0.26666666666666666,0.28,0.9333333333333333,1.1547005383792515,-1.6315789473684204
extended,crop_farming,12,ET0301,15,0.4666666666666667,0.35428571428571426,0.6,0.8563488385776752,-0.14583333333333326,0.4666666666666667,0.43428571428571433,0.9333333333333333,1.3165611772087666,-1.708333333333333
extended,crop_farming,12,ET0302,15,0.3333333333333333,0.2777777777777778,0.8,1.0327955589886444,-1.0689655172413794,0.26666666666666666,0.22683982683982684,1.0,1.2382783747337807,-1.9741379310344827
extended,crop_farming,12,ET0303,15,0.4666666666666667,0.29696969696969694,0.6,0.8563488385776752,-0.9642857142857137,0.26666666666666666,0.3087179487179487,1.1333333333333333,1.390443574307614,-4.178571428571427
extended,crop_farming,12,ET0304,15,0.4666666666666667,0.29696969696969694,0.5333333333333333,0.7302967433402214,-0.42857142857142816,0.4,0.437037037037037,0.9333333333333333,1.2649110640673518,-3.2857142857142847
extended,crop_farming,12,ET0305,15,0.3333333333333333,0.2105263157894737,0.7333333333333333,0.9309493362512627,-0.4552238805970148,0.4,0.2849673202614379,0.7333333333333333,1.0,-0.6791044776119401
extended,crop_farming,12,ET0306,15,0.8666666666666667,0.8047619047619048,0.13333333333333333,0.3651483716701107,-0.15384615384615397,0.8666666666666667,0.8047619047619048,0.13333333333333333,0.3651483716701107,-0.15384615384615397
extended,crop_farming,12,ET0307,15,1.0,1.0,0.0,0.0,,1.0,1.0,0.0,0.0,
extended,crop_farming,12,ET0308,15,0.4666666666666667,0.3555555555555555,0.6666666666666666,0.9660917830792959,-0.3999999999999999,0.26666666666666666,0.2772727272727273,1.1333333333333333,1.390443574307614,-1.9
extended,crop_farming,12,ET0309,15,1.0,1.0,0.0,0.0,,1.0,1.0,0.0,0.0,
extended,crop_farming,12,ET0310,15,0.4,0.22857142857142856,0.6,0.7745966692414834,-0.07142857142857162,0.2,0.20666666666666667,0.9333333333333333,1.0954451150103321,-1.1428571428571432
extended,crop_farming,12,ET0311,15,0.8666666666666667,0.8948717948717949,0.13333333333333333,0.3651483716701107,-1.1428571428571423,0.9333333333333333,0.9011494252873563,0.06666666666666667,0.2581988897471611,-0.07142857142857117
extended,crop_farming,12,ET0312,15,1.0,1.0,0.0,0.0,,1.0,1.0,0.0,0.0,
extended,crop_farming,12,ET0401,15,0.9333333333333333,0.9011494252873563,0.06666666666666667,0.2581988897471611,-0.07142857142857117,0.9333333333333333,0.9011494252873563,0.06666666666666667,0.2581988897471611,-0.07142857142857117
extended,crop_farming,12,ET0402,15,0.6666666666666666,0.5333333333333333,0.3333333333333333,0.5773502691896257,-0.4999999999999998,0.6,0.5,0.4,0.6324555320336759,-0.7999999999999996
extended,crop_farming,12,ET0403,15,1.0,1.0,0.0,0.0,,1.0,1.0,0.0,0.0,
extended,crop_farming,12,ET0404,15,1.0,1.0,0.0,0.0,,1.0,1.0,0.0,0.0,
extended,crop_farming,12,ET0405,15,1.0,1.0,0.0,0.0,,1.0,1.0,0.0,0.0,
extended,crop_farming,12,ET0406,15,0.2,0.28888888888888886,0.8,0.8944271909999159,-5.923076923076924,0.7333333333333333,0.7333333333333333,0.26666666666666666,0.5163977794943222,-1.3076923076923084
extended,crop_farming,12,ET0407,15,0.6666666666666666,0.5866666666666667,0.3333333333333333,0.5773502691896257,-0.33928571428571397,0.6,0.5809523809523809,0.4666666666666667,0.7745966692414834,-1.4107142857142851
extended,crop_farming,12,ET0408,15,0.6666666666666666,0.6174688057040998,0.3333333333333333,0.5773502691896257,0.12790697674418605,0.4,0.3714285714285714,0.6666666666666666,0.8944271909999159,-1.0930232558139537
extended,crop_farming,12,ET0409,15,0.7333333333333333,0.738095238095238,0.26666666666666666,0.5163977794943222,-0.20000000000000018,0.3333333333333333,0.35185185185185186,0.6666666666666666,0.816496580927726,-2.0000000000000004
extended,crop_farming,12,ET0413,15,1.0,1.0,0.0,0.0,,1.0,1.0,0.0,0.0,
extended,crop_farming,12,ET0416,15,1.0,1.0,0.0,0.0,,1.0,1.0,0.0,0.0,
extended,crop_farming,12,ET0417,15,0.4,0.30476190476190473,0.6,0.7745966692414834,-0.29807692307692335,0.3333333333333333,0.29629629629629634,0.8,1.0327955589886444,-1.3076923076923084
extended,crop_farming,12,ET0418,15,0.8,0.711111111111111,0.2,0.4472135954999579,-0.24999999999999978,0.8,0.711111111111111,0.2,0.4472135954999579,-0.24999999999999978
extended,crop_farming,12,ET0419,15,0.6666666666666666,0.5333333333333333,0.3333333333333333,0.5773502691896257,-0.4999999999999998,0.6666666666666666,0.5333333333333333,0.3333333333333333,0.5773502691896257,-0.4999999999999998
extended,crop_farming,12,ET0420,15,0.8666666666666667,0.8047619047619048,0.13333333333333333,0.3651483716701107,-0.1538461538461542,0.8666666666666667,0.8047619047619048,0.13333333333333333,0.3651483716701107,-0.1538461538461542
extended,crop_farming,12,ET0602,15,0.6666666666666666,0.5333333333333333,0.4666666666666667,0.8563488385776752,-0.4224137931034482,0.6,0.5515151515151515,0.5333333333333333,0.8944271909999159,-0.5517241379310343
extended,crop_farming,12,ET0603,15,1.0,1.0,0.0,0.0,,1.0,1.0,0.0,0.0,
extended,crop_farming,12,ET0604,15,0.8,0.711111111111111,0.2,0.4472135954999579,-0.24999999999999978,0.7333333333333333,0.7600000000000001,0.26666666666666666,0.5163977794943222,-0.6666666666666665
extended,crop_farming,12,ET0605,15,1.0,1.0,0.0,0.0,,1.0,1.0,0.0,0.0,
extended,crop_farming,12,ET0701,15,0.4,0.38476190476190475,0.6,0.7745966692414834,-0.6874999999999998,0.6,0.5490196078431372,0.4,0.6324555320336759,-0.12499999999999978
extended,crop_farming,12,ET0702,15,0.5333333333333333,0.5955555555555556,0.4666666666666667,0.6831300510639732,-1.3863636363636358,0.4666666666666667,0.5133333333333333,0.6666666666666666,0.9660917830792959,-3.7727272727272716
extended,crop_farming,12,ET0703,15,0.6,0.5915151515151515,0.4,0.6324555320336759,-0.36363636363636376,0.4666666666666667,0.49724310776942354,0.6,0.8563488385776752,-1.5000000000000004
extended,crop_farming,12,ET0705,15,0.4,0.44545454545454544,0.6666666666666666,0.8944271909999159,-2.333333333333332,0.3333333333333333,0.3157894736842105,0.7333333333333333,0.9309493362512627,-2.61111111111111
extended,crop_farming,12,ET0706,15,0.6666666666666666,0.6628019323671499,0.3333333333333333,0.5773502691896257,-0.7045454545454544,0.4666666666666667,0.4888888888888889,0.6,0.8563488385776752,-2.7499999999999996
extended,crop_farming,12,ET0710,15,0.4666666666666667,0.47878787878787876,0.5333333333333333,0.7302967433402214,-1.2222222222222214,0.4,0.455,0.8,1.0954451150103321,-3.9999999999999982
extended,crop_farming,12,ET0713,15,0.4,0.3384615384615384,0.6,0.7745966692414834,-1.0454545454545459,0.4,0.43030303030303035,0.7333333333333333,1.0,-2.4090909090909096
extended,crop_farming,12,ET0714,15,0.6666666666666666,0.6169772256728778,0.3333333333333333,0.5773502691896257,-0.5000000000000002,0.3333333333333333,0.3333333333333333,0.6666666666666666,0.816496580927726,-2.0000000000000004
extended,crop_farming,12,ET0715,15,0.26666666666666666,0.34920634920634913,0.8,0.9660917830792959,-2.8888888888888875,0.4,0.36,0.6666666666666666,0.8944271909999159,-2.333333333333332
extended,crop_farming,12,ET0716,15,0.8,0.711111111111111,0.2,0.4472135954999579,-0.24999999999999978,0.6,0.6,0.4,0.6324555320336759,-1.4999999999999996
extended,crop_farming,12,ET0720,15,0.5333333333333333,0.5733333333333334,0.5333333333333333,0.816496580927726,-1.272727272727273,0.4666666666666667,0.4444444444444444,0.6,0.8563488385776752,-1.5000000000000004
extended,crop_farming,12,ET0721,15,0.4666666666666667,0.29696969696969694,0.5333333333333333,0.7302967433402214,-1.142857142857142,0.5333333333333333,0.5536507936507936,0.4666666666666667,0.6831300510639732,-0.8749999999999993
extended,crop_farming,12,ET0722,15,0.4,0.29543859649122806,0.6666666666666666,0.8944271909999159,-1.4324324324324333,0.5333333333333333,0.5416666666666666,0.5333333333333333,0.816496580927726,-1.0270270270270276
extended,crop_farming,12,ET0723,15,0.5333333333333333,0.5666666666666667,0.6,0.9309493362512627,-2.61111111111111,0.4,0.4246153846153847,0.7333333333333333,1.0,-3.166666666666665
extended,crop_farming,12,ET0724,15,1.0,1.0,0.0,0.0,,1.0,1.0,0.0,0.0,
extended,crop_farming,12,ET1101,15,1.0,1.0,0.0,0.0,,1.0,1.0,0.0,0.0,
extended,crop_farming,12,ET1102,15,1.0,1.0,0.0,0.0,,1.0,1.0,0.0,0.0,
extended,crop_farming,12,ET1103,15,1.0,1.0,0.0,0.0,,1.0,1.0,0.0,0.0,
extended,crop_farming,12,ET1104,15,0.13333333333333333,0.03333333333333333,1.2,1.3662601021279464,-3.038461538461539,0.2,0.17321937321937325,1.0,1.1832159566199232,-2.028846153846154
extended,crop_farming,12,ET1105,15,1.0,1.0,0.0,0.0,,1.0,1.0,0.0,0.0,
extended,crop_farming,12,ET1106,15,1.0,1.0,0.0,0.0,,1.0,1.0,0.0,0.0,
extended,crop_farming,12,ET1202,15,1.0,1.0,0.0,0.0,,1.0,1.0,0.0,0.0,
extended,crop_farming,12,ET1203,15,1.0,1.0,0.0,0.0,,1.0,1.0,0.0,0.0,
extended,crop_farming,12,ET1204,15,1.0,1.0,0.0,0.0,,1.0,1.0,0.0,0.0,
extended,crop_farming,12,ET1301,15,0.7333333333333333,0.6205128205128205,0.26666666666666666,0.5163977794943222,-0.36363636363636354,0.6666666666666666,0.5866666666666667,0.3333333333333333,0.5773502691896257,-0.7045454545454544
extended,crop_farming,12,ET1401,15,1.0,1.0,0.0,0.0,,1.0,1.0,0.0,0.0,
extended,crop_farming,12,ET1501,15,0.6666666666666666,0.5333333333333333,0.3333333333333333,0.5773502691896257,-0.13636363636363646,0.26666666666666666,0.317948717948718,1.0,1.2382783747337807,-4.2272727272727275
extended,crop_farming,12,ET1502,15,0.6666666666666666,0.5333333333333333,0.3333333333333333,0.5773502691896257,-0.5000000000000002,0.4666666666666667,0.47407407407407404,0.5333333333333333,0.7302967433402214,-1.4000000000000004
extended,crop_farming,12,ET1600,15,0.6666666666666666,0.5884057971014492,0.3333333333333333,0.5773502691896257,-0.13636363636363646,0.4,0.4210526315789474,0.7333333333333333,1.0,-2.4090909090909096
extended,pastoral,0,ET0201,15,0.5333333333333333,0.5122171945701358,0.4666666666666667,0.6831300510639732,-0.9444444444444438,0.6666666666666666,0.6666666666666666,0.3333333333333333,0.5773502691896257,-0.3888888888888884
extended,pastoral,0,ET0202,15,0.4,0.26666666666666666,0.6,0.7745966692414834,-1.4107142857142847,0.6,0.6198717948717949,0.4,0.6324555320336759,-0.6071428571428565
extended,pastoral,0,ET0203,15,0.8,0.7743589743589745,0.2,0.4472135954999579,0.4767441860465118,0.6,0.6388278388278388,0.4,0.6324555320336759,-0.04651162790697638
extended,pastoral,0,ET0204,15,0.26666666666666666,0.14035087719298245,0.7333333333333333,0.8563488385776752,-0.9186046511627901,0.6,0.6583333333333333,0.4,0.6324555320336759,-0.04651162790697638
extended,pastoral,0,ET0205,15,0.7333333333333333,0.7000000000000001,0.26666666666666666,0.5163977794943222,-0.36363636363636354,0.6,0.6,0.4,0.6324555320336759,-1.0454545454545454
extended,pastoral,0,ET0411,15,0.7333333333333333,0.7022222222222222,0.3333333333333333,0.6831300510639732,-0.22093023255813904,0.2,0.1111111111111111,0.8,0.8944271909999159,-1.0930232558139528
extended,pastoral,0,ET0412,15,0.5333333333333333,0.5411764705882353,0.4666666666666667,0.6831300510639732,-0.00961538461538436,0.7333333333333333,0.7333333333333333,0.26666666666666666,0.5163977794943222,0.42307692307692313
extended,pastoral,0,ET0414,15,0.5333333333333333,0.4363636363636364,0.5333333333333333,0.816496580927726,-1.7777777777777772,0.4,0.3728506787330316,0.6,0.7745966692414834,-1.4999999999999996
extended,pastoral,0,ET0415,15,0.6666666666666666,0.6063492063492063,0.3333333333333333,0.5773502691896257,0.06250000000000022,0.5333333333333333,0.5019607843137255,0.5333333333333333,0.816496580927726,-0.8749999999999996
extended,pastoral,0,ET0421,15,0.8,0.8289855072463769,0.2,0.4472135954999579,-0.2500000000000002,0.13333333333333333,0.2,0.9333333333333333,1.0327955589886444,-5.666666666666668
extended,pastoral,0,ET0501,15,0.6,0.5888888888888888,0.4,0.6324555320336759,-0.6071428571428565,0.5333333333333333,0.5065390749601275,0.4666666666666667,0.6831300510639732,-0.8749999999999993
extended,pastoral,0,ET0503,15,0.4666666666666667,0.5066666666666666,0.5333333333333333,0.7302967433402214,-1.1428571428571423,0.6,0.6,0.4,0.6324555320336759,-0.6071428571428568
extended,pastoral,0,ET0504,15,0.7333333333333333,0.7897435897435898,0.26666666666666666,0.5163977794943222,-3.2857142857142856,0.8666666666666667,0.8666666666666667,0.13333333333333333,0.3651483716701107,-1.1428571428571428
extended,pastoral,0,ET0505,15,0.4,0.3759398496240601,0.6,0.7745966692414834,-0.4062500000000002,0.4666666666666667,0.4311111111111111,0.5333333333333333,0.7302967433402214,-0.25
extended,pastoral,0,ET0506,15,0.6666666666666666,0.6729824561403509,0.3333333333333333,0.5773502691896257,-0.33928571428571375,0.6,0.61010101010101,0.4,0.6324555320336759,-0.6071428571428565
extended,pastoral,0,ET0507,15,0.6,0.6,0.4,0.6324555320336759,-0.5,0.4666666666666667,0.4666666666666667,0.5333333333333333,0.7302967433402214,-1.0
extended,pastoral,0,ET0508,15,0.6666666666666666,0.6727272727272726,0.3333333333333333,0.5773502691896257,0.31818181818181845,0.7333333333333333,0.7333333333333333,0.26666666666666666,0.5163977794943222,0.4545454545454547
extended,pastoral,0,ET0509,15,0.7333333333333333,0.6933333333333334,0.26666666666666666,0.5163977794943222,0.2500000000000002,0.7333333333333333,0.7333333333333333,0.26666666666666666,0.5163977794943222,0.2500000000000002
extended,pastoral,0,ET0510,15,0.7333333333333333,0.7333333333333333,0.26666666666666666,0.5163977794943222,-1.0,0.6666666666666666,0.6933333333333334,0.3333333333333333,0.5773502691896257,-1.5
extended,pastoral,0,ET0511,15,0.7333333333333333,0.7066666666666668,0.26666666666666666,0.5163977794943222,-0.07142857142857095,0.8666666666666667,0.8666666666666667,0.13333333333333333,0.3651483716701107,0.4642857142857145
extended,pastoral,1,ET0201,15,0.6,0.5928571428571429,0.4,0.6324555320336759,-0.6666666666666661,0.6666666666666666,0.6666666666666666,0.3333333333333333,0.5773502691896257,-0.3888888888888884
extended,pastoral,1,ET0202,15,0.4,0.26666666666666666,0.6,0.7745966692414834,-1.4107142857142847,0.6,0.6198717948717949,0.4,0.6324555320336759,-0.6071428571428565
extended,pastoral,1,ET0203,15,0.7333333333333333,0.7123809523809524,0.26666666666666666,0.5163977794943222,0.30232558139534904,0.6,0.6388278388278388,0.4,0.6324555320336759,-0.04651162790697638
extended,pastoral,1,ET0204,15,0.26666666666666666,0.14814814814814817,0.8,0.9660917830792959,-1.441860465116278,0.6,0.6583333333333333,0.4,0.6324555320336759,-0.04651162790697638
extended,pastoral,1,ET0205,15,0.7333333333333333,0.7333333333333333,0.26666666666666666,0.5163977794943222,-0.36363636363636354,0.6,0.6,0.4,0.6324555320336759,-1.0454545454545454
extended,pastoral,1,ET0411,15,0.7333333333333333,0.7163398692810456,0.26666666666666666,0.5163977794943222,0.30232558139534904,0.2,0.1111111111111111,0.8,0.8944271909999159,-1.0930232558139528
extended,pastoral,1,ET0412,15,0.4666666666666667,0.4777777777777778,0.5333333333333333,0.7302967433402214,-0.15384615384615374,0.7333333333333333,0.7333333333333333,0.26666666666666666,0.5163977794943222,0.42307692307692313
extended,pastoral,1,ET0414,15,0.4666666666666667,0.48627450980392156,0.6,0.8563488385776752,-2.055555555555555,0.4,0.3728506787330316,0.6,0.7745966692414834,-1.4999999999999996
extended,pastoral,1,ET0415,15,0.6,0.5733333333333334,0.4,0.6324555320336759,-0.12499999999999978,0.5333333333333333,0.5019607843137255,0.5333333333333333,0.816496580927726,-0.8749999999999996
extended,pastoral,1,ET0421,15,0.8,0.8289855072463769,0.2,0.4472135954999579,-0.2500000000000002,0.13333333333333333,0.2,0.9333333333333333,1.0327955589886444,-5.666666666666668
extended,pastoral,1,ET0501,15,0.6,0.56,0.4,0.6324555320336759,-0.6071428571428565,0.5333333333333333,0.5065390749601275,0.4666666666666667,0.6831300510639732,-0.8749999999999993
extended,pastoral,1,ET0503,15,0.5333333333333333,0.5555555555555555,0.4666666666666667,0.6831300510639732,-0.8749999999999996,0.6,0.6,0.4,0.6324555320336759,-0.6071428571428568
extended,pastoral,1,ET0504,15,0.7333333333333333,0.7897435897435898,0.26666666666666666,0.5163977794943222,-3.2857142857142856,0.8666666666666667,0.8666666666666667,0.13333333333333333,0.3651483716701107,-1.1428571428571428
extended,pastoral,1,ET0505,15,0.4,0.3759398496240601,0.6,0.7745966692414834,-0.4062500000000002,0.4666666666666667,0.4311111111111111,0.5333333333333333,0.7302967433402214,-0.25
extended,pastoral,1,ET0506,15,0.7333333333333333,0.7542087542087542,0.26666666666666666,0.5163977794943222,-0.07142857142857095,0.6,0.61010101010101,0.4,0.6324555320336759,-0.6071428571428565
extended,pastoral,1,ET0507,15,0.5333333333333333,0.5555555555555555,0.4666666666666667,0.6831300510639732,-0.75,0.4666666666666667,0.4666666666666667,0.5333333333333333,0.7302967433402214,-1.0
extended,pastoral,1,ET0508,15,0.6666666666666666,0.6727272727272726,0.3333333333333333,0.5773502691896257,0.31818181818181845,0.7333333333333333,0.7333333333333333,0.26666666666666666,0.5163977794943222,0.4545454545454547
extended,pastoral,1,ET0509,15,0.6666666666666666,0.6596491228070176,0.3333333333333333,0.5773502691896257,0.06250000000000022,0.7333333333333333,0.7333333333333333,0.26666666666666666,0.5163977794943222,0.2500000000000002
extended,pastoral,1,ET0510,15,0.7333333333333333,0.7333333333333333,0.26666666666666666,0.5163977794943222,-1.0,0.6666666666666666,0.6933333333333334,0.3333333333333333,0.5773502691896257,-1.5
extended,pastoral,1,ET0511,15,0.7333333333333333,0.7066666666666668,0.26666666666666666,0.5163977794943222,-0.07142857142857095,0.8666666666666667,0.8666666666666667,0.13333333333333333,0.3651483716701107,0.4642857142857145
extended,pastoral,2,ET0201,15,0.6,0.5928571428571429,0.4,0.6324555320336759,-0.6666666666666661,0.6666666666666666,0.6666666666666666,0.3333333333333333,0.5773502691896257,-0.3888888888888884
extended,pastoral,2,ET0202,15,0.4,0.26666666666666666,0.6,0.7745966692414834,-1.4107142857142847,0.6,0.6198717948717949,0.4,0.6324555320336759,-0.6071428571428565
extended,pastoral,2,ET0203,15,0.8,0.7743589743589745,0.2,0.4472135954999579,0.4767441860465118,0.6,0.6388278388278388,0.4,0.6324555320336759,-0.04651162790697638
extended,pastoral,2,ET0204,15,0.26666666666666666,0.14035087719298245,0.7333333333333333,0.8563488385776752,-0.9186046511627901,0.6,0.6583333333333333,0.4,0.6324555320336759,-0.04651162790697638
extended,pastoral,2,ET0205,15,0.6666666666666666,0.5866666666666667,0.3333333333333333,0.5773502691896257,-0.7045454545454544,0.6,0.6,0.4,0.6324555320336759,-1.0454545454545454
extended,pastoral,2,ET0411,15,0.6666666666666666,0.6484848484848484,0.3333333333333333,0.5773502691896257,0.12790697674418627,0.2,0.1111111111111111,0.8,0.8944271909999159,-1.0930232558139528
extended,pastoral,2,ET0412,15,0.5333333333333333,0.49473684210526314,0.4666666666666667,0.6831300510639732,-0.00961538461538436,0.7333333333333333,0.7333333333333333,0.26666666666666666,0.5163977794943222,0.42307692307692313
extended,pastoral,2,ET0414,15,0.3333333333333333,0.3,0.6666666666666666,0.816496580927726,-1.7777777777777772,0.4,0.3728506787330316,0.6,0.7745966692414834,-1.4999999999999996
extended,pastoral,2,ET0415,15,0.6,0.551111111111111,0.4,0.6324555320336759,-0.12499999999999978,0.5333333333333333,0.5019607843137255,0.5333333333333333,0.816496580927726,-0.8749999999999996
extended,pastoral,2,ET0421,15,0.8,0.7840000000000001,0.2,0.4472135954999579,-0.2500000000000002,0.13333333333333333,0.2,0.9333333333333333,1.0327955589886444,-5.666666666666668
extended,pastoral,2,ET0501,15,0.6666666666666666,0.6636500754147813,0.3333333333333333,0.5773502691896257,-0.33928571428571375,0.5333333333333333,0.5065390749601275,0.4666666666666667,0.6831300510639732,-0.8749999999999993
extended,pastoral,2,ET0503,15,0.6,0.6,0.4,0.6324555320336759,-0.6071428571428568,0.6,0.6,0.4,0.6324555320336759,-0.6071428571428568
extended,pastoral,2,ET0504,15,0.8666666666666667,0.8666666666666667,0.13333333333333333,0.3651483716701107,-1.1428571428571428,0.8666666666666667,0.8666666666666667,0.13333333333333333,0.3651483716701107,-1.1428571428571428
extended,pastoral,2,ET0505,15,0.3333333333333333,0.26666666666666666,0.6666666666666666,0.816496580927726,-0.5625000000000002,0.4666666666666667,0.4311111111111111,0.5333333333333333,0.7302967433402214,-0.25
extended,pastoral,2,ET0506,15,0.6,0.5045454545454545,0.4,0.6324555320336759,-0.6071428571428565,0.6,0.61010101010101,0.4,0.6324555320336759,-0.6071428571428565
extended,pastoral,2,ET0507,15,0.5333333333333333,0.5101449275362319,0.4666666666666667,0.6831300510639732,-0.75,0.4666666666666667,0.4666666666666667,0.5333333333333333,0.7302967433402214,-1.0
extended,pastoral,2,ET0508,15,0.6,0.5966666666666666,0.4,0.6324555320336759,0.1818181818181821,0.7333333333333333,0.7333333333333333,0.26666666666666666,0.5163977794943222,0.4545454545454547
extended,pastoral,2,ET0509,15,0.7333333333333333,0.6933333333333334,0.26666666666666666,0.5163977794943222,0.2500000000000002,0.7333333333333333,0.7333333333333333,0.26666666666666666,0.5163977794943222,0.2500000000000002
extended,pastoral,2,ET0510,15,0.7333333333333333,0.7333333333333333,0.26666666666666666,0.5163977794943222,-1.0,0.6666666666666666,0.6933333333333334,0.3333333333333333,0.5773502691896257,-1.5
extended,pastoral,2,ET0511,15,0.6666666666666666,0.6137566137566137,0.3333333333333333,0.5773502691896257,-0.33928571428571375,0.8666666666666667,0.8666666666666667,0.13333333333333333,0.3651483716701107,0.4642857142857145
extended,pastoral,3,ET0201,15,0.4666666666666667,0.4222222222222223,0.5333333333333333,0.7302967433402214,-1.2222222222222214,0.6666666666666666,0.6666666666666666,0.3333333333333333,0.5773502691896257,-0.3888888888888884
extended,pastoral,3,ET0202,15,0.3333333333333333,0.23333333333333334,0.6666666666666666,0.816496580927726,-1.6785714285714275,0.6,0.6198717948717949,0.4,0.6324555320336759,-0.6071428571428565
extended,pastoral,3,ET0203,15,0.8666666666666667,0.8406349206349206,0.13333333333333333,0.3651483716701107,0.6511627906976745,0.6,0.6388278388278388,0.4,0.6324555320336759,-0.04651162790697638
extended,pastoral,3,ET0204,15,0.2,0.1111111111111111,0.8,0.8944271909999159,-1.0930232558139528,0.6,0.6583333333333333,0.4,0.6324555320336759,-0.04651162790697638
extended,pastoral,3,ET0205,15,0.7333333333333333,0.7000000000000001,0.26666666666666666,0.5163977794943222,-0.36363636363636354,0.6,0.6,0.4,0.6324555320336759,-1.0454545454545454
extended,pastoral,3,ET0411,15,0.7333333333333333,0.7180952380952381,0.26666666666666666,0.5163977794943222,0.30232558139534904,0.2,0.1111111111111111,0.8,0.8944271909999159,-1.0930232558139528
extended,pastoral,3,ET0412,15,0.26666666666666666,0.20280112044817927,0.7333333333333333,0.8563488385776752,-0.5865384615384612,0.7333333333333333,0.7333333333333333,0.26666666666666666,0.5163977794943222,0.42307692307692313
extended,pastoral,3,ET0414,15,0.5333333333333333,0.5375565610859728,0.4666666666666667,0.6831300510639732,-0.9444444444444442,0.4,0.3728506787330316,0.6,0.7745966692414834,-1.4999999999999996
extended,pastoral,3,ET0415,15,0.4,0.3607017543859649,0.6,0.7745966692414834,-0.6874999999999996,0.5333333333333333,0.5019607843137255,0.5333333333333333,0.816496580927726,-0.8749999999999996
extended,pastoral,3,ET0421,15,0.6,0.6818181818181818,0.4,0.6324555320336759,-1.5000000000000004,0.13333333333333333,0.2,0.9333333333333333,1.0327955589886444,-5.666666666666668
extended,pastoral,3,ET0501,15,0.4666666666666667,0.41333333333333333,0.5333333333333333,0.7302967433402214,-1.142857142857142,0.5333333333333333,0.5065390749601275,0.4666666666666667,0.6831300510639732,-0.8749999999999993
extended,pastoral,3,ET0503,15,0.6,0.6,0.4,0.6324555320336759,-0.6071428571428568,0.6,0.6,0.4,0.6324555320336759,-0.6071428571428568
extended,pastoral,3,ET0504,15,0.8666666666666667,0.8666666666666667,0.13333333333333333,0.3651483716701107,-1.1428571428571428,0.8666666666666667,0.8666666666666667,0.13333333333333333,0.3651483716701107,-1.1428571428571428
extended,pastoral,3,ET0505,15,0.4,0.30476190476190473,0.6,0.7745966692414834,-0.4062500000000002,0.4666666666666667,0.4311111111111111,0.5333333333333333,0.7302967433402214,-0.25
extended,pastoral,3,ET0506,15,0.5333333333333333,0.4722222222222222,0.4666666666666667,0.6831300510639732,-0.8749999999999993,0.6,0.61010101010101,0.4,0.6324555320336759,-0.6071428571428565
extended,pastoral,3,ET0507,15,0.4666666666666667,0.4666666666666667,0.5333333333333333,0.7302967433402214,-1.0,0.4666666666666667,0.4666666666666667,0.5333333333333333,0.7302967433402214,-1.0
extended,pastoral,3,ET0508,15,0.4666666666666667,0.4055555555555556,0.5333333333333333,0.7302967433402214,-0.0909090909090906,0.7333333333333333,0.7333333333333333,0.26666666666666666,0.5163977794943222,0.4545454545454547
extended,pastoral,3,ET0509,15,0.4666666666666667,0.3393939393939394,0.5333333333333333,0.7302967433402214,-0.49999999999999956,0.7333333333333333,0.7333333333333333,0.26666666666666666,0.5163977794943222,0.2500000000000002
extended,pastoral,3,ET0510,15,0.8666666666666667,0.8047619047619048,0.13333333333333333,0.3651483716701107,0.0,0.6666666666666666,0.6933333333333334,0.3333333333333333,0.5773502691896257,-1.5
extended,pastoral,3,ET0511,15,0.5333333333333333,0.3710144927536232,0.4666666666666667,0.6831300510639732,-0.8749999999999993,0.8666666666666667,0.8666666666666667,0.13333333333333333,0.3651483716701107,0.4642857142857145
extended,pastoral,4,ET0201,15,0.4,0.3196172248803828,0.6,0.7745966692414834,-1.4999999999999991,0.5333333333333333,0.5333333333333333,0.4666666666666667,0.6831300510639732,-0.9444444444444438
extended,pastoral,4,ET0202,15,0.3333333333333333,0.24561403508771928,0.7333333333333333,0.9309493362512627,-2.482142857142856,0.4666666666666667,0.4794871794871795,0.5333333333333333,0.7302967433402214,-1.142857142857142
extended,pastoral,4,ET0203,15,0.8666666666666667,0.8406349206349206,0.13333333333333333,0.3651483716701107,0.6511627906976745,0.6,0.6388278388278388,0.4,0.6324555320336759,-0.04651162790697638
extended,pastoral,4,ET0204,15,0.2,0.1111111111111111,0.8,0.8944271909999159,-1.0930232558139528,0.4666666666666667,0.49333333333333335,0.5333333333333333,0.7302967433402214,-0.3953488372093019
extended,pastoral,4,ET0205,15,0.7333333333333333,0.6205128205128205,0.26666666666666666,0.5163977794943222,-0.36363636363636354,0.5333333333333333,0.5101449275362319,0.4666666666666667,0.6831300510639732,-1.3863636363636362
extended,pastoral,4,ET0411,15,0.5333333333333333,0.5288461538461539,0.4666666666666667,0.6831300510639732,-0.22093023255813904,0.26666666666666666,0.14814814814814817,0.8,0.9660917830792959,-1.441860465116278
extended,pastoral,4,ET0412,15,0.3333333333333333,0.2518518518518518,0.6666666666666666,0.816496580927726,-0.44230769230769207,0.4666666666666667,0.4666666666666667,0.5333333333333333,0.7302967433402214,-0.15384615384615374
extended,pastoral,4,ET0414,15,0.5333333333333333,0.41739130434782606,0.4666666666666667,0.6831300510639732,-0.9444444444444442,0.4,0.3728506787330316,0.6,0.7745966692414834,-1.4999999999999996
extended,pastoral,4,ET0415,15,0.4666666666666667,0.40888888888888886,0.5333333333333333,0.7302967433402214,-0.49999999999999956,0.6,0.5782051282051283,0.4666666666666667,0.7745966692414834,-0.6874999999999996
extended,pastoral,4,ET0421,15,0.6666666666666666,0.7060869565217393,0.3333333333333333,0.5773502691896257,-1.083333333333334,0.13333333333333333,0.2,0.9333333333333333,1.0327955589886444,-5.666666666666668
extended,pastoral,4,ET0501,15,0.5333333333333333,0.5065390749601275,0.4666666666666667,0.6831300510639732,-0.8749999999999993,0.4666666666666667,0.45185185185185184,0.5333333333333333,0.7302967433402214,-1.142857142857142
extended,pastoral,4,ET0503,15,0.5333333333333333,0.5101449275362319,0.4666666666666667,0.6831300510639732,-0.8749999999999996,0.4666666666666667,0.4666666666666667,0.5333333333333333,0.7302967433402214,-1.1428571428571423
extended,pastoral,4,ET0504,15,0.8,0.8296296296296295,0.2,0.4472135954999579,-2.2142857142857144,0.8666666666666667,0.8666666666666667,0.13333333333333333,0.3651483716701107,-1.1428571428571428
extended,pastoral,4,ET0505,15,0.3333333333333333,0.26666666666666666,0.6666666666666666,0.816496580927726,-0.5625000000000002,0.4,0.32,0.6666666666666666,0.8944271909999159,-0.8750000000000002
extended,pastoral,4,ET0506,15,0.4,0.39736842105263154,0.6666666666666666,0.8944271909999159,-2.214285714285713,0.4666666666666667,0.46599326599326596,0.5333333333333333,0.7302967433402214,-1.142857142857142
extended,pastoral,4,ET0507,15,0.6,0.5866666666666667,0.4,0.6324555320336759,-0.5,0.4666666666666667,0.4666666666666667,0.5333333333333333,0.7302967433402214,-1.0
extended,pastoral,4,ET0508,15,0.3333333333333333,0.3049019607843137,0.6666666666666666,0.816496580927726,-0.3636363636363631,0.4666666666666667,0.4666666666666667,0.5333333333333333,0.7302967433402214,-0.0909090909090906
extended,pastoral,4,ET0509,15,0.4666666666666667,0.3393939393939394,0.5333333333333333,0.7302967433402214,-0.49999999999999956,0.6,0.6,0.4,0.6324555320336759,-0.12499999999999978
extended,pastoral,4,ET0510,15,0.6666666666666666,0.6933333333333334,0.3333333333333333,0.5773502691896257,-1.5,0.7333333333333333,0.7626666666666666,0.3333333333333333,0.6831300510639732,-2.5
extended,pastoral,4,ET0511,15,0.5333333333333333,0.3710144927536232,0.4666666666666667,0.6831300510639732,-0.8749999999999993,0.7333333333333333,0.7333333333333333,0.26666666666666666,0.5163977794943222,-0.07142857142857095
extended,pastoral,8,ET0201,15,0.4666666666666667,0.36,0.5333333333333333,0.7302967433402214,-1.2222222222222214,0.5333333333333333,0.5333333333333333,0.4666666666666667,0.6831300510639732,-0.9444444444444438
extended,pastoral,8,ET0202,15,0.26666666666666666,0.2196078431372549,0.8666666666666667,1.0645812948447542,-3.553571428571427,0.4666666666666667,0.4794871794871795,0.5333333333333333,0.7302967433402214,-1.142857142857142
extended,pastoral,8,ET0203,15,0.6,0.5575757575757575,0.4,0.6324555320336759,-0.04651162790697638,0.6666666666666666,0.6959706959706959,0.4,0.7302967433402214,-0.3953488372093019
extended,pastoral,8,ET0204,15,0.26666666666666666,0.15555555555555556,0.8666666666666667,1.0645812948447542,-1.9651162790697665,0.4666666666666667,0.49073593073593075,0.6,0.8563488385776752,-0.9186046511627901
extended,pastoral,8,ET0205,15,0.7333333333333333,0.6205128205128205,0.26666666666666666,0.5163977794943222,-0.36363636363636354,0.7333333333333333,0.7000000000000001,0.26666666666666666,0.5163977794943222,-0.36363636363636354
extended,pastoral,8,ET0411,15,0.6666666666666666,0.6551282051282051,0.3333333333333333,0.5773502691896257,0.12790697674418627,0.3333333333333333,0.19019607843137257,0.7333333333333333,0.9309493362512627,-1.2674418604651154
extended,pastoral,8,ET0412,15,0.26666666666666666,0.20833333333333334,0.8,0.9660917830792959,-1.0192307692307687,0.4,0.36103896103896105,0.6,0.7745966692414834,-0.2980769230769229
extended,pastoral,8,ET0414,15,0.4666666666666667,0.44,0.5333333333333333,0.7302967433402214,-1.2222222222222219,0.4,0.3728506787330316,0.6,0.7745966692414834,-1.4999999999999996
extended,pastoral,8,ET0415,15,0.3333333333333333,0.26666666666666666,0.6666666666666666,0.816496580927726,-0.8749999999999996,0.5333333333333333,0.49615384615384617,0.4666666666666667,0.6831300510639732,-0.31249999999999956
extended,pastoral,8,ET0421,15,0.6,0.6,0.4,0.6324555320336759,-1.5000000000000004,0.2,0.3,1.0,1.1832159566199232,-7.750000000000002
extended,pastoral,8,ET0501,15,0.5333333333333333,0.5065390749601275,0.4666666666666667,0.6831300510639732,-0.8749999999999993,0.4666666666666667,0.45185185185185184,0.5333333333333333,0.7302967433402214,-1.142857142857142
extended,pastoral,8,ET0503,15,0.6666666666666666,0.6587301587301586,0.3333333333333333,0.5773502691896257,-0.33928571428571397,0.6,0.6,0.4,0.6324555320336759,-0.6071428571428568
extended,pastoral,8,ET0504,15,0.9333333333333333,0.9011494252873563,0.06666666666666667,0.2581988897471611,-0.0714285714285714,0.8666666666666667,0.8666666666666667,0.13333333333333333,0.3651483716701107,-1.1428571428571428
extended,pastoral,8,ET0505,15,0.4,0.30476190476190473,0.6,0.7745966692414834,-0.4062500000000002,0.4,0.32,0.6666666666666666,0.8944271909999159,-0.8750000000000002
extended,pastoral,8,ET0506,15,0.3333333333333333,0.2807017543859649,0.8,1.0327955589886444,-3.285714285714284,0.3333333333333333,0.33037037037037037,0.6666666666666666,0.816496580927726,-1.6785714285714275
extended,pastoral,8,ET0507,15,0.6,0.5968253968253967,0.4666666666666667,0.7745966692414834,-1.25,0.6666666666666666,0.6666666666666666,0.4,0.7302967433402214,-1.0
extended,pastoral,8,ET0508,15,0.26666666666666666,0.17777777777777776,0.7333333333333333,0.8563488385776752,-0.49999999999999956,0.4666666666666667,0.47384615384615386,0.5333333333333333,0.7302967433402214,-0.0909090909090906
extended,pastoral,8,ET0509,15,0.4666666666666667,0.3393939393939394,0.5333333333333333,0.7302967433402214,-0.49999999999999956,0.5333333333333333,0.5288888888888889,0.4666666666666667,0.6831300510639732,-0.31249999999999956
extended,pastoral,8,ET0510,15,0.7333333333333333,0.7333333333333333,0.26666666666666666,0.5163977794943222,-1.0,0.7333333333333333,0.7333333333333333,0.26666666666666666,0.5163977794943222,-1.0
extended,pastoral,8,ET0511,15,0.4666666666666667,0.3393939393939394,0.5333333333333333,0.7302967433402214,-1.142857142857142,0.6666666666666666,0.6636500754147813,0.3333333333333333,0.5773502691896257,-0.33928571428571375
extended,pastoral,12,ET0201,15,0.4,0.22857142857142856,0.6,0.7745966692414834,-1.4999999999999991,0.5333333333333333,0.5333333333333333,0.4666666666666667,0.6831300510639732,-0.9444444444444438
extended,pastoral,12,ET0202,15,0.2,0.18666666666666668,1.0,1.1832159566199232,-4.624999999999998,0.5333333333333333,0.5411764705882353,0.4666666666666667,0.6831300510639732,-0.8749999999999993
extended,pastoral,12,ET0203,15,0.4,0.3191919191919192,0.6666666666666666,0.8944271909999159,-1.0930232558139528,0.6,0.5948717948717949,0.4666666666666667,0.7745966692414834,-0.5697674418604646
extended,pastoral,12,ET0204,15,0.26666666666666666,0.14035087719298245,0.7333333333333333,0.8563488385776752,-0.9186046511627901,0.3333333333333333,0.35975135975135974,0.7333333333333333,0.9309493362512627,-1.2674418604651154
extended,pastoral,12,ET0205,15,0.7333333333333333,0.6205128205128205,0.26666666666666666,0.5163977794943222,-0.36363636363636354,0.6,0.55,0.4,0.6324555320336759,-1.0454545454545454
extended,pastoral,12,ET0411,15,0.3333333333333333,0.32756410256410257,0.7333333333333333,0.9309493362512627,-1.2674418604651154,0.3333333333333333,0.19333333333333333,0.8,1.0327955589886444,-1.7906976744186038
extended,pastoral,12,ET0412,15,0.4,0.30370370370370375,0.6666666666666666,0.8944271909999159,-0.7307692307692304,0.2,0.17878787878787877,0.8666666666666667,1.0,-1.1634615384615383
extended,pastoral,12,ET0414,15,0.6666666666666666,0.6349206349206349,0.3333333333333333,0.5773502691896257,-0.3888888888888886,0.26666666666666666,0.2334841628959276,0.7333333333333333,0.8563488385776752,-2.055555555555555
extended,pastoral,12,ET0415,15,0.4,0.3843137254901961,0.6,0.7745966692414834,-0.6874999999999996,0.26666666666666666,0.23205128205128206,0.7333333333333333,0.8563488385776752,-1.0624999999999996
extended,pastoral,12,ET0421,15,0.6,0.6,0.4,0.6324555320336759,-1.5000000000000004,0.2,0.3,1.0666666666666667,1.2649110640673518,-9.000000000000002
extended,pastoral,12,ET0501,15,0.3333333333333333,0.3273809523809524,0.6666666666666666,0.816496580927726,-1.6785714285714275,0.2,0.17777777777777776,0.8,0.8944271909999159,-2.214285714285713
extended,pastoral,12,ET0503,15,0.7333333333333333,0.6205128205128205,0.26666666666666666,0.5163977794943222,-0.07142857142857117,0.6,0.6,0.4,0.6324555320336759,-0.6071428571428568
extended,pastoral,12,ET0504,15,0.9333333333333333,0.9011494252873563,0.06666666666666667,0.2581988897471611,-0.0714285714285714,0.8666666666666667,0.8666666666666667,0.13333333333333333,0.3651483716701107,-1.1428571428571428
extended,pastoral,12,ET0505,15,0.5333333333333333,0.3710144927536232,0.4666666666666667,0.6831300510639732,-0.09375,0.4666666666666667,0.38666666666666666,0.5333333333333333,0.7302967433402214,-0.25
extended,pastoral,12,ET0506,15,0.5333333333333333,0.3710144927536232,0.4666666666666667,0.6831300510639732,-0.8749999999999993,0.2,0.17777777777777776,0.8,0.8944271909999159,-2.214285714285713
extended,pastoral,12,ET0507,15,0.7333333333333333,0.6205128205128205,0.26666666666666666,0.5163977794943222,0.0,0.6,0.6,0.4,0.6324555320336759,-0.5
extended,pastoral,12,ET0508,15,0.4,0.22857142857142856,0.6,0.7745966692414834,-0.22727272727272685,0.4666666666666667,0.45555555555555555,0.5333333333333333,0.7302967433402214,-0.0909090909090906
extended,pastoral,12,ET0509,15,0.5333333333333333,0.3710144927536232,0.4666666666666667,0.6831300510639732,-0.31249999999999956,0.4,0.39212121212121215,0.6,0.7745966692414834,-0.6874999999999996
extended,pastoral,12,ET0510,15,0.8666666666666667,0.8047619047619048,0.13333333333333333,0.3651483716701107,0.0,0.7333333333333333,0.7333333333333333,0.26666666666666666,0.5163977794943222,-1.0
extended,pastoral,12,ET0511,15,0.5333333333333333,0.3710144927536232,0.4666666666666667,0.6831300510639732,-0.8749999999999993,0.6,0.5888888888888888,0.4,0.6324555320336759,-0.6071428571428565
