feature,importance,lhz,lead
months_since_assessment,0.0,pastoral,0
pct_pastoral,0.01507956102067846,pastoral,0
pct_agropastoral,0.014813508768983474,pastoral,0
pct_crop_farming,0.015086339046674472,pastoral,0
is_harvest_season,0.0019213159521092782,pastoral,0
is_lean_season,0.00502134045443992,pastoral,0
is_dry_season,0.0018120084439193348,pastoral,0
months_since_harvest_start,0.01577030871027424,pastoral,0
months_since_lean_start,0.049204877247086484,pastoral,0
agss_surveyed_flag,0.0034415202633258563,pastoral,0
ipc_lag1,0.1984648750315501,pastoral,0
ipc_lag4,0.05605802591269358,pastoral,0
ipc_lag8,0.08011799336356558,pastoral,0
ipc_mean12,0.06216628302920858,pastoral,0
ha_share_lag1,0.05289687480313183,pastoral,0
ha_share_lag4,0.01304545956506964,pastoral,0
ha_share_lag8,0.015074322897881944,pastoral,0
ha_share_mean12,0.02691393340977904,pastoral,0
acled_event_count,0.002743998749949631,pastoral,0
acled_fatalities,0.0007614886581495874,pastoral,0
acled_event_count_political_violence,5.423745675989942e-05,pastoral,0
acled_fatalities_political_violence,9.22043835288605e-05,pastoral,0
acled_event_count_demonstrations,0.00105218480878884,pastoral,0
acled_fatalities_demonstrations,0.0,pastoral,0
acled_event_count_strategic_developments,0.0,pastoral,0
acled_fatalities_strategic_developments,0.0,pastoral,0
acled_event_count_lag1,0.001806488440860298,pastoral,0
acled_fatalities_lag1,0.0013682687720869184,pastoral,0
acled_event_count_political_violence_lag1,0.0006998938133703839,pastoral,0
acled_fatalities_political_violence_lag1,0.0011678480816497518,pastoral,0
acled_event_count_demonstrations_lag1,0.001226971584350059,pastoral,0
acled_fatalities_demonstrations_lag1,0.00017925701016455574,pastoral,0
acled_event_count_strategic_developments_lag1,0.00047049854811470946,pastoral,0
acled_fatalities_strategic_developments_lag1,0.0,pastoral,0
acled_event_count_lag3,0.0003450211138833336,pastoral,0
acled_fatalities_lag3,0.00017586829869507438,pastoral,0
acled_event_count_political_violence_lag3,0.0001646547104428761,pastoral,0
acled_fatalities_political_violence_lag3,0.00019532808371463783,pastoral,0
acled_event_count_demonstrations_lag3,6.825336237360583e-05,pastoral,0
acled_fatalities_demonstrations_lag3,0.0,pastoral,0
acled_event_count_strategic_developments_lag3,0.0,pastoral,0
acled_fatalities_strategic_developments_lag3,0.0,pastoral,0
acled_event_count_lag6,0.0009742246412670723,pastoral,0
acled_fatalities_lag6,0.0014570728168487195,pastoral,0
acled_event_count_political_violence_lag6,0.00045899297252705403,pastoral,0
acled_fatalities_political_violence_lag6,0.0006884757734376315,pastoral,0
acled_event_count_demonstrations_lag6,0.0009980242102015603,pastoral,0
acled_fatalities_demonstrations_lag6,7.307133604070902e-05,pastoral,0
acled_event_count_strategic_developments_lag6,0.0,pastoral,0
acled_fatalities_strategic_developments_lag6,0.0,pastoral,0
acled_event_count_lag12,0.0009329912830687645,pastoral,0
acled_fatalities_lag12,0.001653411819261098,pastoral,0
acled_event_count_political_violence_lag12,0.0009263320255009776,pastoral,0
acled_fatalities_political_violence_lag12,0.000649391249282865,pastoral,0
acled_event_count_demonstrations_lag12,0.00016466647907948645,pastoral,0
acled_fatalities_demonstrations_lag12,0.0,pastoral,0
acled_event_count_strategic_developments_lag12,0.0,pastoral,0
acled_fatalities_strategic_developments_lag12,0.0,pastoral,0
maize_price_etb,0.0032596065800685626,pastoral,0
maize_price_etb_lag1,0.0026070639404494507,pastoral,0
maize_price_etb_lag3,0.001840103972767481,pastoral,0
maize_price_etb_lag6,0.002243198557001467,pastoral,0
maize_price_etb_lag12,0.0010122620245013236,pastoral,0
maize_price_index,0.0005794044912178359,pastoral,0
maize_price_index_lag1,0.0013305110599562213,pastoral,0
maize_price_index_lag3,0.0012549852555083457,pastoral,0
maize_price_index_lag6,0.0016850494395632277,pastoral,0
maize_price_index_lag12,0.003368395662641048,pastoral,0
maize_n_markets,0.0003773005355833853,pastoral,0
wheat_price_etb,0.00030517328228718446,pastoral,0
wheat_price_etb_lag1,0.0009604404133519121,pastoral,0
wheat_price_etb_lag3,0.0015043120889464173,pastoral,0
wheat_price_etb_lag6,0.0014375562966417175,pastoral,0
wheat_price_etb_lag12,0.0011094620892822707,pastoral,0
wheat_price_index,0.000607718295339147,pastoral,0
wheat_price_index_lag1,0.00018964278635188217,pastoral,0
wheat_price_index_lag3,0.0005230996487909441,pastoral,0
wheat_price_index_lag6,0.001309672733196454,pastoral,0
wheat_price_index_lag12,0.0007684497144928443,pastoral,0
wheat_n_markets,0.00014054776795884626,pastoral,0
sorghum_price_etb,0.00036633011794625974,pastoral,0
sorghum_price_etb_lag1,0.0004800610869528337,pastoral,0
sorghum_price_etb_lag3,0.000353507779218316,pastoral,0
sorghum_price_etb_lag6,0.0006755574833632754,pastoral,0
sorghum_price_etb_lag12,0.003615067889441709,pastoral,0
sorghum_price_index,0.0007989890020122951,pastoral,0
sorghum_price_index_lag1,0.0011134647019990984,pastoral,0
sorghum_price_index_lag3,0.00044376262152474313,pastoral,0
sorghum_price_index_lag6,0.00106543033075181,pastoral,0
sorghum_price_index_lag12,0.0005559396651262001,pastoral,0
sorghum_n_markets,0.00018751678524076877,pastoral,0
teff_price_etb,0.0,pastoral,0
teff_price_etb_lag1,0.0,pastoral,0
teff_price_etb_lag3,0.0,pastoral,0
teff_price_etb_lag6,0.0,pastoral,0
teff_price_etb_lag12,0.0,pastoral,0
teff_price_index,0.0,pastoral,0
teff_price_index_lag1,0.0,pastoral,0
teff_price_index_lag3,0.0,pastoral,0
teff_price_index_lag6,0.0,pastoral,0
teff_price_index_lag12,0.0,pastoral,0
teff_n_markets,0.0,pastoral,0
fuel_diesel_price_etb,0.0,pastoral,0
fuel_diesel_price_etb_lag1,0.0,pastoral,0
fuel_diesel_price_etb_lag3,0.0,pastoral,0
fuel_diesel_price_etb_lag6,0.0,pastoral,0
fuel_diesel_price_etb_lag12,0.0,pastoral,0
fuel_diesel_price_index,0.0,pastoral,0
fuel_diesel_price_index_lag1,0.0,pastoral,0
fuel_diesel_price_index_lag3,0.0,pastoral,0
fuel_diesel_price_index_lag6,0.0,pastoral,0
fuel_diesel_price_index_lag12,0.0,pastoral,0
fuel_diesel_n_markets,0.0,pastoral,0
fuel_petrol_n_markets,0.0,pastoral,0
livestock_goat_price_etb,0.0,pastoral,0
livestock_goat_price_etb_lag1,0.0,pastoral,0
livestock_goat_price_etb_lag3,0.0,pastoral,0
livestock_goat_price_etb_lag6,0.0,pastoral,0
livestock_goat_price_etb_lag12,0.0,pastoral,0
livestock_goat_price_index,0.0,pastoral,0
livestock_goat_price_index_lag1,0.0,pastoral,0
livestock_goat_price_index_lag3,0.0,pastoral,0
livestock_goat_price_index_lag6,0.0,pastoral,0
livestock_goat_price_index_lag12,0.0,pastoral,0
livestock_goat_n_markets,0.0,pastoral,0
livestock_sheep_price_etb,0.0,pastoral,0
livestock_sheep_price_etb_lag1,0.0,pastoral,0
livestock_sheep_price_etb_lag3,0.0,pastoral,0
livestock_sheep_price_etb_lag6,0.0,pastoral,0
livestock_sheep_price_etb_lag12,0.0,pastoral,0
livestock_sheep_price_index,0.0,pastoral,0
livestock_sheep_price_index_lag1,0.0,pastoral,0
livestock_sheep_price_index_lag3,0.0,pastoral,0
livestock_sheep_price_index_lag6,0.0,pastoral,0
livestock_sheep_price_index_lag12,0.0,pastoral,0
livestock_sheep_n_markets,4.593282958092793e-06,pastoral,0
goat_maize_tot,0.0,pastoral,0
goat_maize_tot_lag1,0.0,pastoral,0
goat_maize_tot_lag3,0.0,pastoral,0
goat_maize_tot_lag6,0.0,pastoral,0
goat_maize_tot_lag12,1.7597650803870285e-05,pastoral,0
sheep_maize_tot,0.0,pastoral,0
sheep_maize_tot_lag1,0.0,pastoral,0
sheep_maize_tot_lag3,0.0,pastoral,0
sheep_maize_tot_lag6,0.0,pastoral,0
sheep_maize_tot_lag12,0.0,pastoral,0
maize_yield,0.0032569927128590463,pastoral,0
maize_yield_anomaly,0.002352297948094681,pastoral,0
wheat_yield,0.001774384973302462,pastoral,0
wheat_yield_anomaly,0.001273805833399976,pastoral,0
sorghum_yield,0.0008600973804865696,pastoral,0
sorghum_yield_anomaly,0.00153174464254522,pastoral,0
teff_yield,0.0009556128076934578,pastoral,0
teff_yield_anomaly,0.0013485357708359499,pastoral,0
headline_cpi,0.001851278330782499,pastoral,0
headline_cpi_lag1,0.0015573543970801625,pastoral,0
headline_cpi_lag3,0.0012847378688518776,pastoral,0
headline_cpi_lag6,0.0026917481373466396,pastoral,0
headline_cpi_lag12,0.0020219761517663863,pastoral,0
headline_cpi_yoy_change,0.0038396019885696886,pastoral,0
headline_cpi_yoy_change_lag1,0.003389057275836828,pastoral,0
headline_cpi_yoy_change_lag3,0.011524884748421092,pastoral,0
headline_cpi_yoy_change_lag6,0.00290114866143997,pastoral,0
headline_cpi_yoy_change_lag12,0.013310677634734923,pastoral,0
food_cpi,0.0020130442127118445,pastoral,0
food_cpi_lag1,0.0028718142095924396,pastoral,0
food_cpi_lag3,0.003003050963204183,pastoral,0
food_cpi_lag6,0.0015171410915382074,pastoral,0
food_cpi_lag12,0.001173451808250498,pastoral,0
food_cpi_yoy_change,0.006445399858969354,pastoral,0
food_cpi_yoy_change_lag1,0.00828638921360312,pastoral,0
food_cpi_yoy_change_lag3,0.006797799490281126,pastoral,0
food_cpi_yoy_change_lag6,0.009489701493039637,pastoral,0
food_cpi_yoy_change_lag12,0.01807860497399976,pastoral,0
headline_cpi_chainlinked,0.0021341299391623336,pastoral,0
headline_cpi_chainlinked_lag1,0.0023817714504571403,pastoral,0
headline_cpi_chainlinked_lag3,0.0010230796863368418,pastoral,0
headline_cpi_chainlinked_lag6,0.002560725871155291,pastoral,0
headline_cpi_chainlinked_lag12,0.0018800032935932553,pastoral,0
food_cpi_chainlinked,0.0031261649562553885,pastoral,0
food_cpi_chainlinked_lag1,0.002944600876466027,pastoral,0
food_cpi_chainlinked_lag3,0.0020639938770011137,pastoral,0
food_cpi_chainlinked_lag6,0.0027704358856198447,pastoral,0
food_cpi_chainlinked_lag12,0.0006297619639850697,pastoral,0
exchange_rate,0.0008165387963725562,pastoral,0
exchange_rate_lag1,0.000379064123810542,pastoral,0
exchange_rate_lag3,0.0040943562116208,pastoral,0
exchange_rate_lag6,0.0008834836717952186,pastoral,0
exchange_rate_lag12,0.0012188831201388889,pastoral,0
exchange_rate_yoy_change,0.08928926952010997,pastoral,0
exchange_rate_yoy_change_lag1,0.012610336721721106,pastoral,0
exchange_rate_yoy_change_lag3,0.010676932485424036,pastoral,0
exchange_rate_yoy_change_lag6,0.009546083814501609,pastoral,0
exchange_rate_yoy_change_lag12,0.011389405372358078,pastoral,0
gdp_per_capita,0.0006508429441286763,pastoral,0
gdp_per_capita_yoy_change,0.003224864187380426,pastoral,0
total_refugees_hosted,0.0002069921838967785,pastoral,0
total_refugees_hosted_yoy_change,0.007284483214209134,pastoral,0
total_asylum_seekers_hosted,0.007287417146412452,pastoral,0
total_asylum_seekers_hosted_yoy_change,0.005051934046915518,pastoral,0
idps_ethiopia,5.986645706367757e-05,pastoral,0
idps_ethiopia_yoy_change,0.0,pastoral,0
season_national_belg_meher,0.00465514568203665,pastoral,0
season_somali_gu_deyr,0.005227654483825913,pastoral,0
months_since_assessment,0.0,agropastoral,0
pct_pastoral,0.003306776932738205,agropastoral,0
pct_agropastoral,0.010379568320265969,agropastoral,0
pct_crop_farming,0.011902521541628302,agropastoral,0
is_harvest_season,0.0011490825715923722,agropastoral,0
is_lean_season,0.0013663024617252646,agropastoral,0
is_dry_season,0.0002809741474749191,agropastoral,0
months_since_harvest_start,0.00552132164490491,agropastoral,0
months_since_lean_start,0.04059739553257762,agropastoral,0
agss_surveyed_flag,0.0017592918713554124,agropastoral,0
ipc_lag1,0.2278974621436879,agropastoral,0
ipc_lag4,0.05701066431185914,agropastoral,0
ipc_lag8,0.02133362011519649,agropastoral,0
ipc_mean12,0.03409379100752313,agropastoral,0
ha_share_lag1,0.03798326448488346,agropastoral,0
ha_share_lag4,0.02197123138339117,agropastoral,0
ha_share_lag8,0.014355981879012044,agropastoral,0
ha_share_mean12,0.07639918245505711,agropastoral,0
acled_event_count,0.0009719117794111758,agropastoral,0
acled_fatalities,0.002955237479520167,agropastoral,0
acled_event_count_political_violence,0.0003692743431901436,agropastoral,0
acled_fatalities_political_violence,0.0048946776278768495,agropastoral,0
acled_event_count_demonstrations,0.0004731251340922754,agropastoral,0
acled_fatalities_demonstrations,0.0003330236334405772,agropastoral,0
acled_event_count_strategic_developments,0.0,agropastoral,0
acled_fatalities_strategic_developments,0.0,agropastoral,0
acled_event_count_lag1,0.003712695494403495,agropastoral,0
acled_fatalities_lag1,0.0029883435450150826,agropastoral,0
acled_event_count_political_violence_lag1,0.0017951506643233118,agropastoral,0
acled_fatalities_political_violence_lag1,0.004012668049770592,agropastoral,0
acled_event_count_demonstrations_lag1,7.25518697212856e-05,agropastoral,0
acled_fatalities_demonstrations_lag1,0.0,agropastoral,0
acled_event_count_strategic_developments_lag1,0.00028936141455440846,agropastoral,0
acled_fatalities_strategic_developments_lag1,0.0,agropastoral,0
acled_event_count_lag3,0.0016804092878269512,agropastoral,0
acled_fatalities_lag3,0.0007572300323987949,agropastoral,0
acled_event_count_political_violence_lag3,0.001326775378621154,agropastoral,0
acled_fatalities_political_violence_lag3,0.0006441279696564868,agropastoral,0
acled_event_count_demonstrations_lag3,1.1517812536222542e-05,agropastoral,0
acled_fatalities_demonstrations_lag3,0.00017653011394942197,agropastoral,0
acled_event_count_strategic_developments_lag3,0.0,agropastoral,0
acled_fatalities_strategic_developments_lag3,0.0,agropastoral,0
acled_event_count_lag6,0.0020148272999949983,agropastoral,0
acled_fatalities_lag6,0.001601796816370843,agropastoral,0
acled_event_count_political_violence_lag6,0.006730344532090442,agropastoral,0
acled_fatalities_political_violence_lag6,0.002773050872204065,agropastoral,0
acled_event_count_demonstrations_lag6,0.0008296508875771375,agropastoral,0
acled_fatalities_demonstrations_lag6,0.000242572813938404,agropastoral,0
acled_event_count_strategic_developments_lag6,0.0,agropastoral,0
acled_fatalities_strategic_developments_lag6,0.0,agropastoral,0
acled_event_count_lag12,0.001962660896396394,agropastoral,0
acled_fatalities_lag12,0.00042497799517365447,agropastoral,0
acled_event_count_political_violence_lag12,0.0022415241504510418,agropastoral,0
acled_fatalities_political_violence_lag12,0.0006632597847346337,agropastoral,0
acled_event_count_demonstrations_lag12,0.001121600443961181,agropastoral,0
acled_fatalities_demonstrations_lag12,0.0,agropastoral,0
acled_event_count_strategic_developments_lag12,0.0004270259440794495,agropastoral,0
acled_fatalities_strategic_developments_lag12,0.0,agropastoral,0
maize_price_etb,0.003522673621532257,agropastoral,0
maize_price_etb_lag1,0.0022602184571080554,agropastoral,0
maize_price_etb_lag3,0.00112886531158614,agropastoral,0
maize_price_etb_lag6,0.004598726456747525,agropastoral,0
maize_price_etb_lag12,0.0035952795428240737,agropastoral,0
maize_price_index,0.004041324582079211,agropastoral,0
maize_price_index_lag1,0.004874448582149352,agropastoral,0
maize_price_index_lag3,0.0031626147949404973,agropastoral,0
maize_price_index_lag6,0.012642909543995684,agropastoral,0
maize_price_index_lag12,0.012234338617236738,agropastoral,0
maize_n_markets,0.0013167884355415698,agropastoral,0
wheat_price_etb,0.00028029862503855304,agropastoral,0
wheat_price_etb_lag1,4.359221734248167e-06,agropastoral,0
wheat_price_etb_lag3,9.041428729079751e-05,agropastoral,0
wheat_price_etb_lag6,0.0004977164451184894,agropastoral,0
wheat_price_etb_lag12,0.00042364117827984606,agropastoral,0
wheat_price_index,0.00018614952640582606,agropastoral,0
wheat_price_index_lag1,1.34222845289172e-06,agropastoral,0
wheat_price_index_lag3,5.690703857345056e-07,agropastoral,0
wheat_price_index_lag6,0.0011901059876927174,agropastoral,0
wheat_price_index_lag12,0.0003232097516705934,agropastoral,0
wheat_n_markets,0.0007262404098225356,agropastoral,0
sorghum_price_etb,0.0007900123612659787,agropastoral,0
sorghum_price_etb_lag1,0.0012501361303844665,agropastoral,0
sorghum_price_etb_lag3,0.0014664128940696348,agropastoral,0
sorghum_price_etb_lag6,0.0017322052882058673,agropastoral,0
sorghum_price_etb_lag12,0.0010635044999469548,agropastoral,0
sorghum_price_index,0.01095008662087391,agropastoral,0
sorghum_price_index_lag1,0.0038783663531844117,agropastoral,0
sorghum_price_index_lag3,0.006039838913327804,agropastoral,0
sorghum_price_index_lag6,0.014309362574725804,agropastoral,0
sorghum_price_index_lag12,0.004444119359997751,agropastoral,0
sorghum_n_markets,0.001235923661071484,agropastoral,0
teff_price_etb_lag3,0.0,agropastoral,0
teff_n_markets,0.0,agropastoral,0
fuel_diesel_price_etb,0.0,agropastoral,0
fuel_diesel_price_etb_lag1,0.0,agropastoral,0
fuel_diesel_price_etb_lag3,0.0,agropastoral,0
fuel_diesel_price_etb_lag6,0.0,agropastoral,0
fuel_diesel_price_etb_lag12,0.0,agropastoral,0
fuel_diesel_n_markets,0.0,agropastoral,0
fuel_petrol_n_markets,0.0,agropastoral,0
livestock_goat_price_etb,0.0,agropastoral,0
livestock_goat_price_etb_lag1,0.0,agropastoral,0
livestock_goat_price_etb_lag3,1.6889658088818252e-05,agropastoral,0
livestock_goat_price_etb_lag6,0.0,agropastoral,0
livestock_goat_price_etb_lag12,2.0221692616846407e-06,agropastoral,0
livestock_goat_price_index,0.0,agropastoral,0
livestock_goat_price_index_lag1,0.0,agropastoral,0
livestock_goat_price_index_lag3,0.0,agropastoral,0
livestock_goat_price_index_lag6,0.0,agropastoral,0
livestock_goat_price_index_lag12,0.0,agropastoral,0
livestock_goat_n_markets,0.0,agropastoral,0
livestock_sheep_price_etb,2.030025271649235e-06,agropastoral,0
livestock_sheep_price_etb_lag1,0.0,agropastoral,0
livestock_sheep_price_etb_lag3,0.0,agropastoral,0
livestock_sheep_price_etb_lag6,0.0,agropastoral,0
livestock_sheep_price_etb_lag12,0.0,agropastoral,0
livestock_sheep_price_index,0.0,agropastoral,0
livestock_sheep_price_index_lag1,0.0,agropastoral,0
livestock_sheep_price_index_lag3,0.0,agropastoral,0
livestock_sheep_price_index_lag6,0.0,agropastoral,0
livestock_sheep_price_index_lag12,0.0,agropastoral,0
livestock_sheep_n_markets,8.957243101002755e-06,agropastoral,0
goat_maize_tot,1.329244622133828e-06,agropastoral,0
goat_maize_tot_lag1,0.0,agropastoral,0
goat_maize_tot_lag3,0.0,agropastoral,0
goat_maize_tot_lag6,0.0,agropastoral,0
goat_maize_tot_lag12,0.0015852316448244316,agropastoral,0
sheep_maize_tot,0.0,agropastoral,0
sheep_maize_tot_lag1,3.392426439548578e-05,agropastoral,0
sheep_maize_tot_lag3,0.0,agropastoral,0
sheep_maize_tot_lag6,0.0,agropastoral,0
sheep_maize_tot_lag12,0.0014154900704204214,agropastoral,0
maize_yield,0.009584832522694844,agropastoral,0
maize_yield_anomaly,0.007926455916935618,agropastoral,0
wheat_yield,0.0036603781288698537,agropastoral,0
wheat_yield_anomaly,0.0027837280036378666,agropastoral,0
sorghum_yield,0.00880449431485553,agropastoral,0
sorghum_yield_anomaly,0.019788020780523816,agropastoral,0
teff_yield,0.0022648774172138292,agropastoral,0
teff_yield_anomaly,0.004107106371724649,agropastoral,0
headline_cpi,0.001590803628907599,agropastoral,0
headline_cpi_lag1,0.004522343770348515,agropastoral,0
headline_cpi_lag3,0.0008436881856046368,agropastoral,0
headline_cpi_lag6,0.0007983744761190711,agropastoral,0
headline_cpi_lag12,0.0012630741272004742,agropastoral,0
headline_cpi_yoy_change,0.005409348239905079,agropastoral,0
headline_cpi_yoy_change_lag1,0.0048433984932651185,agropastoral,0
headline_cpi_yoy_change_lag3,0.0022472071100626376,agropastoral,0
headline_cpi_yoy_change_lag6,0.011171437636244218,agropastoral,0
headline_cpi_yoy_change_lag12,0.01925020362886621,agropastoral,0
food_cpi,0.0011964905737990163,agropastoral,0
food_cpi_lag1,0.0013172068518659214,agropastoral,0
food_cpi_lag3,0.001279003776918149,agropastoral,0
food_cpi_lag6,0.0010299448217897563,agropastoral,0
food_cpi_lag12,0.00030249776311260977,agropastoral,0
food_cpi_yoy_change,0.016283311521868998,agropastoral,0
food_cpi_yoy_change_lag1,0.009476254062975796,agropastoral,0
food_cpi_yoy_change_lag3,0.002320452148330405,agropastoral,0
food_cpi_yoy_change_lag6,0.0071140375963531545,agropastoral,0
food_cpi_yoy_change_lag12,0.014605830723196059,agropastoral,0
headline_cpi_chainlinked,0.00152512693019698,agropastoral,0
headline_cpi_chainlinked_lag1,0.006443116200546642,agropastoral,0
headline_cpi_chainlinked_lag3,0.00036906115566494893,agropastoral,0
headline_cpi_chainlinked_lag6,0.001587922257285703,agropastoral,0
headline_cpi_chainlinked_lag12,0.0017385729015146404,agropastoral,0
food_cpi_chainlinked,0.0009012369976032213,agropastoral,0
food_cpi_chainlinked_lag1,0.001154313782098727,agropastoral,0
food_cpi_chainlinked_lag3,0.0017176840594007004,agropastoral,0
food_cpi_chainlinked_lag6,0.000884779064331282,agropastoral,0
food_cpi_chainlinked_lag12,0.0005621141997973335,agropastoral,0
exchange_rate,0.00038545671818629776,agropastoral,0
exchange_rate_lag1,0.0004540957566865897,agropastoral,0
exchange_rate_lag3,0.0009683213960920184,agropastoral,0
exchange_rate_lag6,0.00016324763334556454,agropastoral,0
exchange_rate_lag12,0.00011983266307497562,agropastoral,0
exchange_rate_yoy_change,0.013419349388331985,agropastoral,0
exchange_rate_yoy_change_lag1,0.011421104121677869,agropastoral,0
exchange_rate_yoy_change_lag3,0.015543230063455978,agropastoral,0
exchange_rate_yoy_change_lag6,0.026523375418418416,agropastoral,0
exchange_rate_yoy_change_lag12,0.0091808392461407,agropastoral,0
gdp_per_capita,0.00038375333996899216,agropastoral,0
gdp_per_capita_yoy_change,0.004097187930604617,agropastoral,0
total_refugees_hosted,9.902123413271206e-05,agropastoral,0
total_refugees_hosted_yoy_change,0.0036245697915839557,agropastoral,0
total_asylum_seekers_hosted,0.0015269094395408702,agropastoral,0
total_asylum_seekers_hosted_yoy_change,0.004694821950062998,agropastoral,0
idps_ethiopia,0.0,agropastoral,0
idps_ethiopia_yoy_change,0.0,agropastoral,0
season_national_belg_meher,0.0009591831605953564,agropastoral,0
season_somali_gu_deyr,0.0006325560796432948,agropastoral,0
months_since_assessment,0.0,crop_farming,0
pct_pastoral,0.0024694742772064424,crop_farming,0
pct_agropastoral,0.002788110645174555,crop_farming,0
pct_crop_farming,0.004591373451115401,crop_farming,0
is_harvest_season,0.00045505231486867183,crop_farming,0
is_lean_season,0.0026676362302297594,crop_farming,0
is_dry_season,6.830157148193593e-05,crop_farming,0
months_since_harvest_start,0.0022207250257515986,crop_farming,0
months_since_lean_start,0.09431684610662941,crop_farming,0
agss_surveyed_flag,0.0005963990428559294,crop_farming,0
ipc_lag1,0.24156666172247349,crop_farming,0
ipc_lag4,0.032576287390635804,crop_farming,0
ipc_lag8,0.056548979323790716,crop_farming,0
ipc_mean12,0.04325167995826781,crop_farming,0
ha_share_lag1,0.04945441762209155,crop_farming,0
ha_share_lag4,0.016691870575788317,crop_farming,0
ha_share_lag8,0.01067626477092293,crop_farming,0
ha_share_mean12,0.06456051178175538,crop_farming,0
acled_event_count,0.0008898157199436538,crop_farming,0
acled_fatalities,0.0006920072430129871,crop_farming,0
acled_event_count_political_violence,0.00031588205862989214,crop_farming,0
acled_fatalities_political_violence,0.0006506784340814666,crop_farming,0
acled_event_count_demonstrations,0.00026226453336359554,crop_farming,0
acled_fatalities_demonstrations,1.283003635279165e-05,crop_farming,0
acled_event_count_strategic_developments,0.0,crop_farming,0
acled_fatalities_strategic_developments,0.0,crop_farming,0
acled_event_count_lag1,0.00033629224037418255,crop_farming,0
acled_fatalities_lag1,0.0002869262834807697,crop_farming,0
acled_event_count_political_violence_lag1,6.375720712224514e-05,crop_farming,0
acled_fatalities_political_violence_lag1,0.0004856458884788704,crop_farming,0
acled_event_count_demonstrations_lag1,0.00011939411697207088,crop_farming,0
acled_fatalities_demonstrations_lag1,0.00012758712199864534,crop_farming,0
acled_event_count_strategic_developments_lag1,0.0,crop_farming,0
acled_fatalities_strategic_developments_lag1,0.0,crop_farming,0
acled_event_count_lag3,0.0004273508139910448,crop_farming,0
acled_fatalities_lag3,0.00032122846563870176,crop_farming,0
acled_event_count_political_violence_lag3,0.0004295319571040075,crop_farming,0
acled_fatalities_political_violence_lag3,0.00031506422045524595,crop_farming,0
acled_event_count_demonstrations_lag3,0.00016533408807635098,crop_farming,0
acled_fatalities_demonstrations_lag3,2.2953839674294442e-05,crop_farming,0
acled_event_count_strategic_developments_lag3,0.0,crop_farming,0
acled_fatalities_strategic_developments_lag3,0.0,crop_farming,0
acled_event_count_lag6,0.0003022596084540288,crop_farming,0
acled_fatalities_lag6,0.00017539964646074848,crop_farming,0
acled_event_count_political_violence_lag6,0.000378785942857115,crop_farming,0
acled_fatalities_political_violence_lag6,9.800808597773497e-05,crop_farming,0
acled_event_count_demonstrations_lag6,0.00030822596809242266,crop_farming,0
acled_fatalities_demonstrations_lag6,0.00025291676056956675,crop_farming,0
acled_event_count_strategic_developments_lag6,0.0,crop_farming,0
acled_fatalities_strategic_developments_lag6,0.0,crop_farming,0
acled_event_count_lag12,0.0004374857026358011,crop_farming,0
acled_fatalities_lag12,9.969515330012535e-05,crop_farming,0
acled_event_count_political_violence_lag12,7.328460237026982e-05,crop_farming,0
acled_fatalities_political_violence_lag12,0.00037916117534354793,crop_farming,0
acled_event_count_demonstrations_lag12,9.77190139729852e-05,crop_farming,0
acled_fatalities_demonstrations_lag12,2.8268666805552883e-05,crop_farming,0
acled_event_count_strategic_developments_lag12,0.00020137573086410128,crop_farming,0
acled_fatalities_strategic_developments_lag12,0.0,crop_farming,0
maize_price_etb,0.0005205801689901121,crop_farming,0
maize_price_etb_lag1,0.0011726290772201432,crop_farming,0
maize_price_etb_lag3,0.0017214196210884982,crop_farming,0
maize_price_etb_lag6,0.0013814213995335073,crop_farming,0
maize_price_etb_lag12,0.0019210979983252602,crop_farming,0
maize_price_index,0.0006103938529807185,crop_farming,0
maize_price_index_lag1,0.0007736114285977237,crop_farming,0
maize_price_index_lag3,0.0010682079768289548,crop_farming,0
maize_price_index_lag6,0.002001005072275722,crop_farming,0
maize_price_index_lag12,0.002832990961569671,crop_farming,0
maize_n_markets,0.0002762441015868674,crop_farming,0
wheat_price_etb,0.0005672303850363974,crop_farming,0
wheat_price_etb_lag1,0.00024389911869752653,crop_farming,0
wheat_price_etb_lag3,0.0016105545959122058,crop_farming,0
wheat_price_etb_lag6,0.0013492074173042613,crop_farming,0
wheat_price_etb_lag12,0.0019728174946356163,crop_farming,0
wheat_price_index,0.0004385094484669536,crop_farming,0
wheat_price_index_lag1,0.0006091172439005889,crop_farming,0
wheat_price_index_lag3,0.00076696737880331,crop_farming,0
wheat_price_index_lag6,0.0006417223350759792,crop_farming,0
wheat_price_index_lag12,0.0007152953592064798,crop_farming,0
wheat_n_markets,0.0002952053974803328,crop_farming,0
sorghum_price_etb,0.0007896968241015223,crop_farming,0
sorghum_price_etb_lag1,0.0010941301265754658,crop_farming,0
sorghum_price_etb_lag3,0.0015158815358117194,crop_farming,0
sorghum_price_etb_lag6,0.0022933266629948513,crop_farming,0
sorghum_price_etb_lag12,0.0025756623666408347,crop_farming,0
sorghum_price_index,0.00037939564112821555,crop_farming,0
sorghum_price_index_lag1,0.001004596448801194,crop_farming,0
sorghum_price_index_lag3,0.0010988041830922613,crop_farming,0
sorghum_price_index_lag6,0.007742949085740768,crop_farming,0
sorghum_price_index_lag12,0.0015080678398515619,crop_farming,0
sorghum_n_markets,0.0005228890662009252,crop_farming,0
teff_price_etb,0.0,crop_farming,0
teff_price_etb_lag1,0.0,crop_farming,0
teff_price_etb_lag3,0.0,crop_farming,0
teff_price_etb_lag6,0.0,crop_farming,0
teff_price_etb_lag12,0.0,crop_farming,0
teff_price_index,0.0,crop_farming,0
teff_price_index_lag1,0.0,crop_farming,0
teff_price_index_lag3,0.0,crop_farming,0
teff_price_index_lag6,0.0,crop_farming,0
teff_price_index_lag12,0.0,crop_farming,0
teff_n_markets,0.0,crop_farming,0
fuel_diesel_price_etb,0.0,crop_farming,0
fuel_diesel_price_etb_lag1,0.0,crop_farming,0
fuel_diesel_price_etb_lag3,0.0,crop_farming,0
fuel_diesel_price_etb_lag6,0.0,crop_farming,0
fuel_diesel_price_etb_lag12,0.0,crop_farming,0
fuel_diesel_price_index,0.0,crop_farming,0
fuel_diesel_price_index_lag1,0.0,crop_farming,0
fuel_diesel_price_index_lag3,0.0,crop_farming,0
fuel_diesel_price_index_lag6,0.0,crop_farming,0
fuel_diesel_price_index_lag12,0.0,crop_farming,0
fuel_diesel_n_markets,0.0,crop_farming,0
fuel_petrol_price_etb,0.0,crop_farming,0
fuel_petrol_price_etb_lag1,0.0,crop_farming,0
fuel_petrol_price_etb_lag3,0.0,crop_farming,0
fuel_petrol_price_etb_lag6,0.0,crop_farming,0
fuel_petrol_price_etb_lag12,0.0,crop_farming,0
fuel_petrol_price_index,0.0,crop_farming,0
fuel_petrol_price_index_lag1,0.0,crop_farming,0
fuel_petrol_price_index_lag3,0.0,crop_farming,0
fuel_petrol_price_index_lag6,0.0,crop_farming,0
fuel_petrol_price_index_lag12,0.0,crop_farming,0
fuel_petrol_n_markets,0.0,crop_farming,0
livestock_goat_price_etb,0.0,crop_farming,0
livestock_goat_price_etb_lag1,0.0,crop_farming,0
livestock_goat_price_etb_lag3,0.0,crop_farming,0
livestock_goat_price_etb_lag6,0.0,crop_farming,0
livestock_goat_price_etb_lag12,0.0,crop_farming,0
livestock_goat_price_index,0.0,crop_farming,0
livestock_goat_price_index_lag1,0.0,crop_farming,0
livestock_goat_price_index_lag3,0.0,crop_farming,0
livestock_goat_price_index_lag6,0.0,crop_farming,0
livestock_goat_price_index_lag12,0.0,crop_farming,0
livestock_goat_n_markets,0.0,crop_farming,0
livestock_sheep_price_etb,0.0,crop_farming,0
livestock_sheep_price_etb_lag1,0.0,crop_farming,0
livestock_sheep_price_etb_lag3,0.0,crop_farming,0
livestock_sheep_price_etb_lag6,0.0,crop_farming,0
livestock_sheep_price_etb_lag12,0.0,crop_farming,0
livestock_sheep_price_index,0.0,crop_farming,0
livestock_sheep_price_index_lag1,0.0,crop_farming,0
livestock_sheep_price_index_lag3,0.0,crop_farming,0
livestock_sheep_price_index_lag6,0.0,crop_farming,0
livestock_sheep_price_index_lag12,0.0,crop_farming,0
livestock_sheep_n_markets,0.0,crop_farming,0
goat_maize_tot,0.0,crop_farming,0
goat_maize_tot_lag1,0.0,crop_farming,0
goat_maize_tot_lag3,0.0,crop_farming,0
goat_maize_tot_lag6,0.0,crop_farming,0
goat_maize_tot_lag12,0.0,crop_farming,0
sheep_maize_tot,0.0,crop_farming,0
sheep_maize_tot_lag1,0.0,crop_farming,0
sheep_maize_tot_lag3,0.0,crop_farming,0
sheep_maize_tot_lag6,0.0,crop_farming,0
sheep_maize_tot_lag12,0.0,crop_farming,0
maize_yield,0.009636555340402846,crop_farming,0
maize_yield_anomaly,0.007819075977765308,crop_farming,0
wheat_yield,0.00630566342959277,crop_farming,0
wheat_yield_anomaly,0.005527018298522358,crop_farming,0
sorghum_yield,0.010065701852220079,crop_farming,0
sorghum_yield_anomaly,0.008080530073756705,crop_farming,0
teff_yield,0.0091521297584947,crop_farming,0
teff_yield_anomaly,0.007191951408523577,crop_farming,0
headline_cpi,0.0020284437024292203,crop_farming,0
headline_cpi_lag1,0.004951880689044671,crop_farming,0
headline_cpi_lag3,0.0006612964106356744,crop_farming,0
headline_cpi_lag6,0.0010402033677878847,crop_farming,0
headline_cpi_lag12,0.002082392630032013,crop_farming,0
headline_cpi_yoy_change,0.01466902980463524,crop_farming,0
headline_cpi_yoy_change_lag1,0.034971410262441334,crop_farming,0
headline_cpi_yoy_change_lag3,0.012883926097154864,crop_farming,0
headline_cpi_yoy_change_lag6,0.004444786846825515,crop_farming,0
headline_cpi_yoy_change_lag12,0.014717853818519835,crop_farming,0
food_cpi,0.0006354709929290481,crop_farming,0
food_cpi_lag1,0.0013534729465584133,crop_farming,0
food_cpi_lag3,0.00038022899812437116,crop_farming,0
food_cpi_lag6,0.00040528170312903504,crop_farming,0
food_cpi_lag12,0.00025230575705341153,crop_farming,0
food_cpi_yoy_change,0.028426977254643458,crop_farming,0
food_cpi_yoy_change_lag1,0.007007901327010014,crop_farming,0
food_cpi_yoy_change_lag3,0.01251383023282392,crop_farming,0
food_cpi_yoy_change_lag6,0.005835680142359256,crop_farming,0
food_cpi_yoy_change_lag12,0.01245501988960906,crop_farming,0
headline_cpi_chainlinked,0.001776236678430249,crop_farming,0
headline_cpi_chainlinked_lag1,0.00474572135061142,crop_farming,0
headline_cpi_chainlinked_lag3,0.001111875374881805,crop_farming,0
headline_cpi_chainlinked_lag6,0.0015461695112645832,crop_farming,0
headline_cpi_chainlinked_lag12,0.0015363706395462645,crop_farming,0
food_cpi_chainlinked,0.0008408414131685157,crop_farming,0
food_cpi_chainlinked_lag1,0.0009451938322666434,crop_farming,0
food_cpi_chainlinked_lag3,0.00044029002477613565,crop_farming,0
food_cpi_chainlinked_lag6,0.0004710179629663598,crop_farming,0
food_cpi_chainlinked_lag12,0.0003325418623586194,crop_farming,0
exchange_rate,0.0007198330050203731,crop_farming,0
exchange_rate_lag1,0.0004091232859506663,crop_farming,0
exchange_rate_lag3,0.00047286470910963205,crop_farming,0
exchange_rate_lag6,0.0003226004062690848,crop_farming,0
exchange_rate_lag12,0.0003077874152161706,crop_farming,0
exchange_rate_yoy_change,0.014775010611633301,crop_farming,0
exchange_rate_yoy_change_lag1,0.004537935178810124,crop_farming,0
exchange_rate_yoy_change_lag3,0.019750951671371718,crop_farming,0
exchange_rate_yoy_change_lag6,0.010435966883706656,crop_farming,0
exchange_rate_yoy_change_lag12,0.009305530082009555,crop_farming,0
gdp_per_capita,0.0002454563814339854,crop_farming,0
gdp_per_capita_yoy_change,0.0033113135221905683,crop_farming,0
total_refugees_hosted,0.00012527641356493345,crop_farming,0
total_refugees_hosted_yoy_change,0.0032515674700168027,crop_farming,0
total_asylum_seekers_hosted,0.009524496863456937,crop_farming,0
total_asylum_seekers_hosted_yoy_change,0.0048180386027788106,crop_farming,0
idps_ethiopia,0.00016976964731392054,crop_farming,0
idps_ethiopia_yoy_change,0.0,crop_farming,0
season_benishangul_meher_only,9.504349008885358e-07,crop_farming,0
season_national_belg_meher,0.0,crop_farming,0
months_since_assessment,0.0,pastoral,1
pct_pastoral,0.013793271173347365,pastoral,1
pct_agropastoral,0.014681114909894223,pastoral,1
pct_crop_farming,0.014899800532457841,pastoral,1
is_harvest_season,0.003204709147187816,pastoral,1
is_lean_season,0.004678348103906725,pastoral,1
is_dry_season,0.002704611275180066,pastoral,1
months_since_harvest_start,0.010914351989949405,pastoral,1
months_since_lean_start,0.05779778194585795,pastoral,1
agss_surveyed_flag,0.0045353557882887915,pastoral,1
ipc_lag1,0.22086462596975248,pastoral,1
ipc_lag4,0.0917265895548627,pastoral,1
ipc_lag8,0.033735115050544225,pastoral,1
ipc_mean12,0.04595862903663548,pastoral,1
ha_share_lag1,0.05374488769662949,pastoral,1
ha_share_lag4,0.020987343196300932,pastoral,1
ha_share_lag8,0.027361981557451804,pastoral,1
ha_share_mean12,0.02162905462500022,pastoral,1
acled_event_count,0.0014647438536377854,pastoral,1
acled_fatalities,0.0014868209615582183,pastoral,1
acled_event_count_political_violence,0.0006880824026451814,pastoral,1
acled_fatalities_political_violence,0.0006687297557772706,pastoral,1
acled_event_count_demonstrations,0.0011930782382925862,pastoral,1
acled_fatalities_demonstrations,0.00020436210283350712,pastoral,1
acled_event_count_strategic_developments,0.0005282451482216607,pastoral,1
acled_fatalities_strategic_developments,0.0,pastoral,1
acled_event_count_lag1,0.0013330747215227294,pastoral,1
acled_fatalities_lag1,0.0002794135958226358,pastoral,1
acled_event_count_political_violence_lag1,0.0008146711475982404,pastoral,1
acled_fatalities_political_violence_lag1,0.0004597128970917804,pastoral,1
acled_event_count_demonstrations_lag1,0.000161844906929978,pastoral,1
acled_fatalities_demonstrations_lag1,0.0,pastoral,1
acled_event_count_strategic_developments_lag1,0.0,pastoral,1
acled_fatalities_strategic_developments_lag1,0.0,pastoral,1
acled_event_count_lag3,0.000906631495756158,pastoral,1
acled_fatalities_lag3,0.0012063505636049248,pastoral,1
acled_event_count_political_violence_lag3,0.0007622877705693471,pastoral,1
acled_fatalities_political_violence_lag3,0.0011550493483878477,pastoral,1
acled_event_count_demonstrations_lag3,0.00040679141960167306,pastoral,1
acled_fatalities_demonstrations_lag3,0.0,pastoral,1
acled_event_count_strategic_developments_lag3,0.0,pastoral,1
acled_fatalities_strategic_developments_lag3,0.0,pastoral,1
acled_event_count_lag6,0.000930682226744683,pastoral,1
acled_fatalities_lag6,0.0009884506164740253,pastoral,1
acled_event_count_political_violence_lag6,0.0005099935275323602,pastoral,1
acled_fatalities_political_violence_lag6,0.001049011026427896,pastoral,1
acled_event_count_demonstrations_lag6,4.063347441498964e-05,pastoral,1
acled_fatalities_demonstrations_lag6,0.0,pastoral,1
acled_event_count_strategic_developments_lag6,0.0,pastoral,1
acled_fatalities_strategic_developments_lag6,0.0,pastoral,1
acled_event_count_lag12,0.0009976709592440516,pastoral,1
acled_fatalities_lag12,0.0015479418936503577,pastoral,1
acled_event_count_political_violence_lag12,0.0005328489152635476,pastoral,1
acled_fatalities_political_violence_lag12,0.0015874975985644233,pastoral,1
acled_event_count_demonstrations_lag12,0.0011398146759930862,pastoral,1
acled_fatalities_demonstrations_lag12,0.0007377123367360547,pastoral,1
acled_event_count_strategic_developments_lag12,0.0,pastoral,1
acled_fatalities_strategic_developments_lag12,0.0,pastoral,1
maize_price_etb,0.002356700962776216,pastoral,1
maize_price_etb_lag1,0.0017289572305043538,pastoral,1
maize_price_etb_lag3,0.0018562559043259822,pastoral,1
maize_price_etb_lag6,0.001844291831394571,pastoral,1
maize_price_etb_lag12,0.00164714297552094,pastoral,1
maize_price_index,0.0009469735481290384,pastoral,1
maize_price_index_lag1,0.0016609067537224137,pastoral,1
maize_price_index_lag3,0.002397339583641873,pastoral,1
maize_price_index_lag6,0.0017798193481686072,pastoral,1
maize_price_index_lag12,0.0029394871418658834,pastoral,1
maize_n_markets,0.0004812484500851608,pastoral,1
wheat_price_etb,0.0010341523662771833,pastoral,1
wheat_price_etb_lag1,0.0009072579039216583,pastoral,1
wheat_price_etb_lag3,0.001020911188815194,pastoral,1
wheat_price_etb_lag6,0.0024263854037043496,pastoral,1
wheat_price_etb_lag12,0.0011500418810233856,pastoral,1
wheat_price_index,0.00034058936421406177,pastoral,1
wheat_price_index_lag1,0.0007380411976725718,pastoral,1
wheat_price_index_lag3,0.0003118489164826534,pastoral,1
wheat_price_index_lag6,0.00032177602358302276,pastoral,1
wheat_price_index_lag12,0.00020753473540553315,pastoral,1
wheat_n_markets,0.0006020326542494416,pastoral,1
sorghum_price_etb,0.0007473178806439273,pastoral,1
sorghum_price_etb_lag1,0.00038173294122531305,pastoral,1
sorghum_price_etb_lag3,0.00032671341922792127,pastoral,1
sorghum_price_etb_lag6,0.0033480028565861545,pastoral,1
sorghum_price_etb_lag12,0.000808140220716155,pastoral,1
sorghum_price_index,0.0012700015381504712,pastoral,1
sorghum_price_index_lag1,0.001372369639892001,pastoral,1
sorghum_price_index_lag3,0.000355431867413405,pastoral,1
sorghum_price_index_lag6,0.003195472135965094,pastoral,1
sorghum_price_index_lag12,7.128231509739338e-05,pastoral,1
sorghum_n_markets,0.00038890352217687863,pastoral,1
teff_price_etb,0.0,pastoral,1
teff_price_etb_lag1,0.0,pastoral,1
teff_price_etb_lag3,0.0,pastoral,1
teff_price_etb_lag6,0.0,pastoral,1
teff_price_etb_lag12,0.0,pastoral,1
teff_price_index,0.0,pastoral,1
teff_price_index_lag1,0.0,pastoral,1
teff_price_index_lag3,0.0,pastoral,1
teff_price_index_lag6,0.0,pastoral,1
teff_price_index_lag12,0.0,pastoral,1
teff_n_markets,0.0,pastoral,1
fuel_diesel_price_etb,0.0,pastoral,1
fuel_diesel_price_etb_lag1,0.0,pastoral,1
fuel_diesel_price_etb_lag3,0.0,pastoral,1
fuel_diesel_price_etb_lag6,0.0,pastoral,1
fuel_diesel_price_etb_lag12,0.0,pastoral,1
fuel_diesel_price_index,0.0,pastoral,1
fuel_diesel_price_index_lag1,0.0,pastoral,1
fuel_diesel_price_index_lag3,0.0,pastoral,1
fuel_diesel_price_index_lag6,0.0,pastoral,1
fuel_diesel_price_index_lag12,0.0,pastoral,1
fuel_diesel_n_markets,0.0,pastoral,1
fuel_petrol_n_markets,0.0,pastoral,1
livestock_goat_price_etb,0.0,pastoral,1
livestock_goat_price_etb_lag1,0.0,pastoral,1
livestock_goat_price_etb_lag3,0.0,pastoral,1
livestock_goat_price_etb_lag6,0.0,pastoral,1
livestock_goat_price_etb_lag12,0.0,pastoral,1
livestock_goat_price_index,0.0,pastoral,1
livestock_goat_price_index_lag1,0.0,pastoral,1
livestock_goat_price_index_lag3,0.0,pastoral,1
livestock_goat_price_index_lag6,0.0,pastoral,1
livestock_goat_price_index_lag12,0.0,pastoral,1
livestock_goat_n_markets,1.0498072567352343e-06,pastoral,1
livestock_sheep_price_etb,0.0,pastoral,1
livestock_sheep_price_etb_lag1,0.0,pastoral,1
livestock_sheep_price_etb_lag3,1.2774075764033919e-05,pastoral,1
livestock_sheep_price_etb_lag6,0.0,pastoral,1
livestock_sheep_price_etb_lag12,0.0,pastoral,1
livestock_sheep_price_index,0.0,pastoral,1
livestock_sheep_price_index_lag1,0.0,pastoral,1
livestock_sheep_price_index_lag3,0.0,pastoral,1
livestock_sheep_price_index_lag6,0.0,pastoral,1
livestock_sheep_price_index_lag12,0.0,pastoral,1
livestock_sheep_n_markets,3.8158911303526037e-07,pastoral,1
goat_maize_tot,0.0,pastoral,1
goat_maize_tot_lag1,0.0,pastoral,1
goat_maize_tot_lag3,0.0,pastoral,1
goat_maize_tot_lag6,0.0,pastoral,1
goat_maize_tot_lag12,7.954741314427243e-06,pastoral,1
sheep_maize_tot,0.0,pastoral,1
sheep_maize_tot_lag1,0.0,pastoral,1
sheep_maize_tot_lag3,0.0,pastoral,1
sheep_maize_tot_lag6,0.0,pastoral,1
sheep_maize_tot_lag12,0.0,pastoral,1
maize_yield,0.006371819690687906,pastoral,1
maize_yield_anomaly,0.0034666463664844668,pastoral,1
wheat_yield,0.001181001766995793,pastoral,1
wheat_yield_anomaly,0.0009972062507782745,pastoral,1
sorghum_yield,0.0008340970028948438,pastoral,1
sorghum_yield_anomaly,0.0008654259458728433,pastoral,1
teff_yield,0.0007665087513331388,pastoral,1
teff_yield_anomaly,0.0014746543499572747,pastoral,1
headline_cpi,0.0023281327707990454,pastoral,1
headline_cpi_lag1,0.0007799282522510437,pastoral,1
headline_cpi_lag3,0.0012963960804893877,pastoral,1
headline_cpi_lag6,0.0012047931352779765,pastoral,1
headline_cpi_lag12,0.0032252986544821097,pastoral,1
headline_cpi_yoy_change,0.005252676313104003,pastoral,1
headline_cpi_yoy_change_lag1,0.007882713874936212,pastoral,1
headline_cpi_yoy_change_lag3,0.0074611506881056356,pastoral,1
headline_cpi_yoy_change_lag6,0.007679161383691858,pastoral,1
headline_cpi_yoy_change_lag12,0.008153616304228704,pastoral,1
food_cpi,0.0029987491566580886,pastoral,1
food_cpi_lag1,0.004302623639130415,pastoral,1
food_cpi_lag3,0.0021442737434875067,pastoral,1
food_cpi_lag6,0.0010345722686073472,pastoral,1
food_cpi_lag12,0.0006709039400966994,pastoral,1
food_cpi_yoy_change,0.006940623617903217,pastoral,1
food_cpi_yoy_change_lag1,0.012301402619233398,pastoral,1
food_cpi_yoy_change_lag3,0.005184219405181662,pastoral,1
food_cpi_yoy_change_lag6,0.02417650966519398,pastoral,1
food_cpi_yoy_change_lag12,0.01261703751266866,pastoral,1
headline_cpi_chainlinked,0.002173239971671467,pastoral,1
headline_cpi_chainlinked_lag1,0.0009751418012282827,pastoral,1
headline_cpi_chainlinked_lag3,0.0011478200010655141,pastoral,1
headline_cpi_chainlinked_lag6,0.0023907244731382975,pastoral,1
headline_cpi_chainlinked_lag12,0.0026875239064569527,pastoral,1
food_cpi_chainlinked,0.003949334511289343,pastoral,1
food_cpi_chainlinked_lag1,0.003730413064120261,pastoral,1
food_cpi_chainlinked_lag3,0.0026883871556053146,pastoral,1
food_cpi_chainlinked_lag6,0.0012401381200434255,pastoral,1
food_cpi_chainlinked_lag12,0.0011046198307394135,pastoral,1
exchange_rate,0.000407042881223962,pastoral,1
exchange_rate_lag1,0.0007756572896657611,pastoral,1
exchange_rate_lag3,0.001789727802369184,pastoral,1
exchange_rate_lag6,0.0010087956562107783,pastoral,1
exchange_rate_lag12,0.0004305735967521292,pastoral,1
exchange_rate_yoy_change,0.018726607142755203,pastoral,1
exchange_rate_yoy_change_lag1,0.03312461342406161,pastoral,1
exchange_rate_yoy_change_lag3,0.009793142429708824,pastoral,1
exchange_rate_yoy_change_lag6,0.0160758821963088,pastoral,1
exchange_rate_yoy_change_lag12,0.020379153657285976,pastoral,1
gdp_per_capita,0.0002932556047957915,pastoral,1
gdp_per_capita_yoy_change,0.0034256192645389814,pastoral,1
total_refugees_hosted,0.00033211869908974346,pastoral,1
total_refugees_hosted_yoy_change,0.003063708685085463,pastoral,1
total_asylum_seekers_hosted,0.00793988967411427,pastoral,1
total_asylum_seekers_hosted_yoy_change,0.007708810965143151,pastoral,1
idps_ethiopia,2.4129107571688796e-05,pastoral,1
idps_ethiopia_yoy_change,0.0,pastoral,1
season_national_belg_meher,0.005031575754104247,pastoral,1
season_somali_gu_deyr,0.006003267133153385,pastoral,1
months_since_assessment,0.0,agropastoral,1
pct_pastoral,0.004587981432413399,agropastoral,1
pct_agropastoral,0.012595019679421435,agropastoral,1
pct_crop_farming,0.016009918829498416,agropastoral,1
is_harvest_season,0.0005305017059136581,agropastoral,1
is_lean_season,0.0015490447428254941,agropastoral,1
is_dry_season,0.00015941561334417646,agropastoral,1
months_since_harvest_start,0.005518883055242383,agropastoral,1
months_since_lean_start,0.03610900851868914,agropastoral,1
agss_surveyed_flag,0.0046489599221845816,agropastoral,1
ipc_lag1,0.22184412003478482,agropastoral,1
ipc_lag4,0.03364986917339109,agropastoral,1
ipc_lag8,0.02905111134513564,agropastoral,1
ipc_mean12,0.03412489223446372,agropastoral,1
ha_share_lag1,0.04485384867511458,agropastoral,1
ha_share_lag4,0.01177662368543326,agropastoral,1
ha_share_lag8,0.007669377520176645,agropastoral,1
ha_share_mean12,0.06327787943305288,agropastoral,1
acled_event_count,0.003764156819626695,agropastoral,1
acled_fatalities,0.006371656460431376,agropastoral,1
acled_event_count_political_violence,0.0021754704409207687,agropastoral,1
acled_fatalities_political_violence,0.006880492376539666,agropastoral,1
acled_event_count_demonstrations,0.00019962344776027863,agropastoral,1
acled_fatalities_demonstrations,0.00013270091788520027,agropastoral,1
acled_event_count_strategic_developments,0.0009393063261795967,agropastoral,1
acled_fatalities_strategic_developments,0.0,agropastoral,1
acled_event_count_lag1,0.0008315300659036886,agropastoral,1
acled_fatalities_lag1,0.0005947933812553714,agropastoral,1
acled_event_count_political_violence_lag1,0.0017474339735628125,agropastoral,1
acled_fatalities_political_violence_lag1,0.0037263069667802895,agropastoral,1
acled_event_count_demonstrations_lag1,0.0008769603234054524,agropastoral,1
acled_fatalities_demonstrations_lag1,0.0020476276972936523,agropastoral,1
acled_event_count_strategic_developments_lag1,0.0,agropastoral,1
acled_fatalities_strategic_developments_lag1,0.0,agropastoral,1
acled_event_count_lag3,0.003188719962033676,agropastoral,1
acled_fatalities_lag3,0.001475667087016129,agropastoral,1
acled_event_count_political_violence_lag3,0.00040181870345594906,agropastoral,1
acled_fatalities_political_violence_lag3,0.0008525611773375087,agropastoral,1
acled_event_count_demonstrations_lag3,0.0002826775553876969,agropastoral,1
acled_fatalities_demonstrations_lag3,0.0,agropastoral,1
acled_event_count_strategic_developments_lag3,0.0,agropastoral,1
acled_fatalities_strategic_developments_lag3,0.0,agropastoral,1
acled_event_count_lag6,0.0007719608777505343,agropastoral,1
acled_fatalities_lag6,0.0002983547953015442,agropastoral,1
acled_event_count_political_violence_lag6,0.00031071196733074537,agropastoral,1
acled_fatalities_political_violence_lag6,0.0004091143474661454,agropastoral,1
acled_event_count_demonstrations_lag6,0.00053512336275277,agropastoral,1
acled_fatalities_demonstrations_lag6,0.0,agropastoral,1
acled_event_count_strategic_developments_lag6,0.0,agropastoral,1
acled_fatalities_strategic_developments_lag6,0.0,agropastoral,1
acled_event_count_lag12,0.0011568824527768123,agropastoral,1
acled_fatalities_lag12,0.0017385672039864977,agropastoral,1
acled_event_count_political_violence_lag12,0.003048323758295619,agropastoral,1
acled_fatalities_political_violence_lag12,0.0005340158138765628,agropastoral,1
acled_event_count_demonstrations_lag12,0.0002961789351641786,agropastoral,1
acled_fatalities_demonstrations_lag12,0.0,agropastoral,1
acled_event_count_strategic_developments_lag12,0.010306435861373718,agropastoral,1
acled_fatalities_strategic_developments_lag12,0.0,agropastoral,1
maize_price_etb,0.0038230626394915195,agropastoral,1
maize_price_etb_lag1,0.0021787461887035377,agropastoral,1
maize_price_etb_lag3,0.003416910974630445,agropastoral,1
maize_price_etb_lag6,0.0062517742460804476,agropastoral,1
maize_price_etb_lag12,0.005105723445434629,agropastoral,1
maize_price_index,0.006254015540481555,agropastoral,1
maize_price_index_lag1,0.0012176613349912898,agropastoral,1
maize_price_index_lag3,0.0013866418912392591,agropastoral,1
maize_price_index_lag6,0.006866617208264592,agropastoral,1
maize_price_index_lag12,0.0164737800522221,agropastoral,1
maize_n_markets,0.0004832927286211639,agropastoral,1
wheat_price_etb,8.89294981489087e-06,agropastoral,1
wheat_price_etb_lag1,6.348317872601356e-05,agropastoral,1
wheat_price_etb_lag3,5.941365138084746e-07,agropastoral,1
wheat_price_etb_lag6,0.0008204454959086188,agropastoral,1
wheat_price_etb_lag12,0.0011894180202844532,agropastoral,1
wheat_price_index,1.7793937963166321e-06,agropastoral,1
wheat_price_index_lag1,1.986528909553631e-07,agropastoral,1
wheat_price_index_lag3,4.797136177268939e-05,agropastoral,1
wheat_price_index_lag6,3.978749633766232e-06,agropastoral,1
wheat_price_index_lag12,0.00015634833349820814,agropastoral,1
wheat_n_markets,0.0007416691360983844,agropastoral,1
sorghum_price_etb,0.0013681803229293492,agropastoral,1
sorghum_price_etb_lag1,0.0013266215558990432,agropastoral,1
sorghum_price_etb_lag3,0.0023272473629987146,agropastoral,1
sorghum_price_etb_lag6,0.003261768866978538,agropastoral,1
sorghum_price_etb_lag12,0.014349543363206638,agropastoral,1
sorghum_price_index,0.007224053122229637,agropastoral,1
sorghum_price_index_lag1,0.0017683864317156028,agropastoral,1
sorghum_price_index_lag3,0.004979067464155815,agropastoral,1
sorghum_price_index_lag6,0.005034680939394518,agropastoral,1
sorghum_price_index_lag12,0.0036187752434458462,agropastoral,1
sorghum_n_markets,0.0011913879416509657,agropastoral,1
teff_price_etb_lag6,0.0,agropastoral,1
teff_n_markets,0.0,agropastoral,1
fuel_diesel_price_etb,0.0,agropastoral,1
fuel_diesel_price_etb_lag1,0.0,agropastoral,1
fuel_diesel_price_etb_lag3,0.0,agropastoral,1
fuel_diesel_price_etb_lag6,0.0,agropastoral,1
fuel_diesel_price_etb_lag12,0.0,agropastoral,1
fuel_diesel_n_markets,0.0,agropastoral,1
fuel_petrol_n_markets,0.0,agropastoral,1
livestock_goat_price_etb,3.793008363941208e-06,agropastoral,1
livestock_goat_price_etb_lag1,3.4561955977502404e-06,agropastoral,1
livestock_goat_price_etb_lag3,0.0,agropastoral,1
livestock_goat_price_etb_lag6,0.0,agropastoral,1
livestock_goat_price_etb_lag12,0.0,agropastoral,1
livestock_goat_price_index,0.0,agropastoral,1
livestock_goat_price_index_lag1,0.0,agropastoral,1
livestock_goat_price_index_lag3,0.0,agropastoral,1
livestock_goat_price_index_lag6,0.0,agropastoral,1
livestock_goat_price_index_lag12,0.0,agropastoral,1
livestock_goat_n_markets,0.0,agropastoral,1
livestock_sheep_price_etb,0.0,agropastoral,1
livestock_sheep_price_etb_lag1,0.0,agropastoral,1
livestock_sheep_price_etb_lag3,0.0,agropastoral,1
livestock_sheep_price_etb_lag6,0.0011775279805433495,agropastoral,1
livestock_sheep_price_etb_lag12,0.0,agropastoral,1
livestock_sheep_price_index,0.0,agropastoral,1
livestock_sheep_price_index_lag1,0.0,agropastoral,1
livestock_sheep_price_index_lag3,0.0,agropastoral,1
livestock_sheep_price_index_lag6,0.0,agropastoral,1
livestock_sheep_price_index_lag12,0.0,agropastoral,1
livestock_sheep_n_markets,1.9746211231026775e-06,agropastoral,1
goat_maize_tot,3.32429356471556e-06,agropastoral,1
goat_maize_tot_lag1,4.0083792283761176e-05,agropastoral,1
goat_maize_tot_lag3,0.0,agropastoral,1
goat_maize_tot_lag6,0.00041542592726678677,agropastoral,1
goat_maize_tot_lag12,0.001457238298158451,agropastoral,1
sheep_maize_tot,3.896529293638293e-05,agropastoral,1
sheep_maize_tot_lag1,0.0,agropastoral,1
sheep_maize_tot_lag3,0.0,agropastoral,1
sheep_maize_tot_lag6,0.00013829849842232636,agropastoral,1
sheep_maize_tot_lag12,5.8729110517402595e-05,agropastoral,1
maize_yield,0.009419826322135007,agropastoral,1
maize_yield_anomaly,0.006244436732205327,agropastoral,1
wheat_yield,0.0024176307768727003,agropastoral,1
wheat_yield_anomaly,0.003951664547333686,agropastoral,1
sorghum_yield,0.005964249003279657,agropastoral,1
sorghum_yield_anomaly,0.016490261830966038,agropastoral,1
teff_yield,0.002115212605802925,agropastoral,1
teff_yield_anomaly,0.00420798919056487,agropastoral,1
headline_cpi,0.004107308016475567,agropastoral,1
headline_cpi_lag1,0.0005696686103769347,agropastoral,1
headline_cpi_lag3,0.0007297224170351964,agropastoral,1
headline_cpi_lag6,0.0019270678166168132,agropastoral,1
headline_cpi_lag12,0.0024722456218799027,agropastoral,1
headline_cpi_yoy_change,0.011899205255219822,agropastoral,1
headline_cpi_yoy_change_lag1,0.0023184515876658947,agropastoral,1
headline_cpi_yoy_change_lag3,0.011592090370785676,agropastoral,1
headline_cpi_yoy_change_lag6,0.033325558378649076,agropastoral,1
headline_cpi_yoy_change_lag12,0.036902555076255845,agropastoral,1
food_cpi,0.0013797109906926541,agropastoral,1
food_cpi_lag1,0.0015350737825773175,agropastoral,1
food_cpi_lag3,0.00021906503004891147,agropastoral,1
food_cpi_lag6,0.001070666614484182,agropastoral,1
food_cpi_lag12,0.0007356943296981971,agropastoral,1
food_cpi_yoy_change,0.013549788344783615,agropastoral,1
food_cpi_yoy_change_lag1,0.0028159381490183164,agropastoral,1
food_cpi_yoy_change_lag3,0.013891699866536688,agropastoral,1
food_cpi_yoy_change_lag6,0.007131492396297002,agropastoral,1
food_cpi_yoy_change_lag12,0.010746139176914337,agropastoral,1
headline_cpi_chainlinked,0.007070715105818102,agropastoral,1
headline_cpi_chainlinked_lag1,0.000595669524516915,agropastoral,1
headline_cpi_chainlinked_lag3,0.00045564211438433287,agropastoral,1
headline_cpi_chainlinked_lag6,0.003370854042941869,agropastoral,1
headline_cpi_chainlinked_lag12,0.0018964446243022969,agropastoral,1
food_cpi_chainlinked,0.002634066196384573,agropastoral,1
food_cpi_chainlinked_lag1,0.0011699966052068696,agropastoral,1
food_cpi_chainlinked_lag3,0.0006531551061233127,agropastoral,1
food_cpi_chainlinked_lag6,0.000813368204312721,agropastoral,1
food_cpi_chainlinked_lag12,0.0008611119625756644,agropastoral,1
exchange_rate,0.00018363970817313047,agropastoral,1
exchange_rate_lag1,0.0009581919145922271,agropastoral,1
exchange_rate_lag3,0.0008185017756734288,agropastoral,1
exchange_rate_lag6,0.0008926325137498701,agropastoral,1
exchange_rate_lag12,0.00044139174199301446,agropastoral,1
exchange_rate_yoy_change,0.015130182270604434,agropastoral,1
exchange_rate_yoy_change_lag1,0.008916511361165872,agropastoral,1
exchange_rate_yoy_change_lag3,0.007605706347571621,agropastoral,1
exchange_rate_yoy_change_lag6,0.021041515196100733,agropastoral,1
exchange_rate_yoy_change_lag12,0.010565794797169258,agropastoral,1
gdp_per_capita,3.096384027209548e-05,agropastoral,1
gdp_per_capita_yoy_change,0.0017052569628391713,agropastoral,1
total_refugees_hosted,0.0005776011921866673,agropastoral,1
total_refugees_hosted_yoy_change,0.0030240214022321443,agropastoral,1
total_asylum_seekers_hosted,0.001618945410962014,agropastoral,1
total_asylum_seekers_hosted_yoy_change,0.005567825746655154,agropastoral,1
idps_ethiopia,0.0,agropastoral,1
idps_ethiopia_yoy_change,0.0,agropastoral,1
season_national_belg_meher,0.0008751044241232664,agropastoral,1
season_somali_gu_deyr,0.000661613113779545,agropastoral,1
months_since_assessment,0.0,crop_farming,1
pct_pastoral,0.0017524546277128585,crop_farming,1
pct_agropastoral,0.0023442858783024024,crop_farming,1
pct_crop_farming,0.003953510018090369,crop_farming,1
is_harvest_season,0.0005575203719440431,crop_farming,1
is_lean_season,0.003684780914082815,crop_farming,1
is_dry_season,8.005267541480542e-05,crop_farming,1
months_since_harvest_start,0.002727652945105711,crop_farming,1
months_since_lean_start,0.09395798961693949,crop_farming,1
agss_surveyed_flag,0.000744554165486858,crop_farming,1
ipc_lag1,0.23820471209723623,crop_farming,1
ipc_lag4,0.0330012116506161,crop_farming,1
ipc_lag8,0.07816704164383778,crop_farming,1
ipc_mean12,0.03632451818361271,crop_farming,1
ha_share_lag1,0.05808689592007931,crop_farming,1
ha_share_lag4,0.010698601599281205,crop_farming,1
ha_share_lag8,0.01831296941764396,crop_farming,1
ha_share_mean12,0.046241303645954836,crop_farming,1
acled_event_count,0.0003068500164990025,crop_farming,1
acled_fatalities,0.0003707609327251828,crop_farming,1
acled_event_count_political_violence,0.00022351438865405226,crop_farming,1
acled_fatalities_political_violence,0.0008022417967756592,crop_farming,1
acled_event_count_demonstrations,0.00015312364607163363,crop_farming,1
acled_fatalities_demonstrations,6.913766547617701e-05,crop_farming,1
acled_event_count_strategic_developments,0.0,crop_farming,1
acled_fatalities_strategic_developments,0.0,crop_farming,1
acled_event_count_lag1,0.0003198052187371579,crop_farming,1
acled_fatalities_lag1,0.000263027714215484,crop_farming,1
acled_event_count_political_violence_lag1,0.00020345014351619037,crop_farming,1
acled_fatalities_political_violence_lag1,8.709633648548269e-05,crop_farming,1
acled_event_count_demonstrations_lag1,0.00023362764603584725,crop_farming,1
acled_fatalities_demonstrations_lag1,0.0001222325108782639,crop_farming,1
acled_event_count_strategic_developments_lag1,0.0,crop_farming,1
acled_fatalities_strategic_developments_lag1,0.0,crop_farming,1
acled_event_count_lag3,0.0005323669504272901,crop_farming,1
acled_fatalities_lag3,0.0001472428304320177,crop_farming,1
acled_event_count_political_violence_lag3,0.0003815491019962314,crop_farming,1
acled_fatalities_political_violence_lag3,0.0001922178872668341,crop_farming,1
acled_event_count_demonstrations_lag3,0.00029093899428281165,crop_farming,1
acled_fatalities_demonstrations_lag3,6.433682876392602e-08,crop_farming,1
acled_event_count_strategic_developments_lag3,0.0,crop_farming,1
acled_fatalities_strategic_developments_lag3,0.0,crop_farming,1
acled_event_count_lag6,0.00034306422915492406,crop_farming,1
acled_fatalities_lag6,0.00028777094519137847,crop_farming,1
acled_event_count_political_violence_lag6,0.0001615468977689453,crop_farming,1
acled_fatalities_political_violence_lag6,0.00042615234141200274,crop_farming,1
acled_event_count_demonstrations_lag6,0.0001293821946865462,crop_farming,1
acled_fatalities_demonstrations_lag6,1.934126785348519e-06,crop_farming,1
acled_event_count_strategic_developments_lag6,5.063857946066155e-06,crop_farming,1
acled_fatalities_strategic_developments_lag6,0.0,crop_farming,1
acled_event_count_lag12,0.000323622501297011,crop_farming,1
acled_fatalities_lag12,0.00020133285154506396,crop_farming,1
acled_event_count_political_violence_lag12,5.7651905793877106e-05,crop_farming,1
acled_fatalities_political_violence_lag12,8.719853942768743e-05,crop_farming,1
acled_event_count_demonstrations_lag12,0.0001127906367401814,crop_farming,1
acled_fatalities_demonstrations_lag12,3.6708726421147077e-06,crop_farming,1
acled_event_count_strategic_developments_lag12,0.0,crop_farming,1
acled_fatalities_strategic_developments_lag12,0.0,crop_farming,1
maize_price_etb,0.0012028577874826506,crop_farming,1
maize_price_etb_lag1,0.0015842574514555122,crop_farming,1
maize_price_etb_lag3,0.0010300739919250875,crop_farming,1
maize_price_etb_lag6,0.0013206616925926925,crop_farming,1
maize_price_etb_lag12,0.001378511703017948,crop_farming,1
maize_price_index,0.0006190341271108359,crop_farming,1
maize_price_index_lag1,0.001345684901427515,crop_farming,1
maize_price_index_lag3,0.0005507467880820731,crop_farming,1
maize_price_index_lag6,0.0020092853005418093,crop_farming,1
maize_price_index_lag12,0.0023708896453661934,crop_farming,1
maize_n_markets,0.0006638644191599479,crop_farming,1
wheat_price_etb,0.00036426074270948017,crop_farming,1
wheat_price_etb_lag1,0.000708660967163005,crop_farming,1
wheat_price_etb_lag3,0.0008538471370908402,crop_farming,1
wheat_price_etb_lag6,0.0019346217311277,crop_farming,1
wheat_price_etb_lag12,0.0004733555457924948,crop_farming,1
wheat_price_index,0.0005149341696973346,crop_farming,1
wheat_price_index_lag1,0.0007296466421753958,crop_farming,1
wheat_price_index_lag3,0.0007487948417512695,crop_farming,1
wheat_price_index_lag6,0.0007294949041612109,crop_farming,1
wheat_price_index_lag12,0.0004762707153965163,crop_farming,1
wheat_n_markets,0.00048768151194231976,crop_farming,1
sorghum_price_etb,0.00100559087277366,crop_farming,1
sorghum_price_etb_lag1,0.0011692105293737327,crop_farming,1
sorghum_price_etb_lag3,0.0015169503385151896,crop_farming,1
sorghum_price_etb_lag6,0.00558997608361684,crop_farming,1
sorghum_price_etb_lag12,0.0017288027586882105,crop_farming,1
sorghum_price_index,0.0008167205411567219,crop_farming,1
sorghum_price_index_lag1,0.0021769763010273204,crop_farming,1
sorghum_price_index_lag3,0.0007234371717721205,crop_farming,1
sorghum_price_index_lag6,0.003477069280431407,crop_farming,1
sorghum_price_index_lag12,0.0009660059987593347,crop_farming,1
sorghum_n_markets,0.0005081086037562015,crop_farming,1
teff_price_etb,0.0,crop_farming,1
teff_price_etb_lag1,0.0,crop_farming,1
teff_price_etb_lag3,0.0,crop_farming,1
teff_price_etb_lag6,0.0,crop_farming,1
teff_price_etb_lag12,0.0,crop_farming,1
teff_price_index,0.0,crop_farming,1
teff_price_index_lag1,0.0,crop_farming,1
teff_price_index_lag3,0.0,crop_farming,1
teff_price_index_lag6,0.0,crop_farming,1
teff_price_index_lag12,0.0,crop_farming,1
teff_n_markets,0.0,crop_farming,1
fuel_diesel_price_etb,0.0,crop_farming,1
fuel_diesel_price_etb_lag1,0.0,crop_farming,1
fuel_diesel_price_etb_lag3,0.0,crop_farming,1
fuel_diesel_price_etb_lag6,0.0,crop_farming,1
fuel_diesel_price_etb_lag12,0.0,crop_farming,1
fuel_diesel_price_index,0.0,crop_farming,1
fuel_diesel_price_index_lag1,0.0,crop_farming,1
fuel_diesel_price_index_lag3,0.0,crop_farming,1
fuel_diesel_price_index_lag6,0.0,crop_farming,1
fuel_diesel_price_index_lag12,0.0,crop_farming,1
fuel_diesel_n_markets,0.0,crop_farming,1
fuel_petrol_price_etb,0.0,crop_farming,1
fuel_petrol_price_etb_lag1,0.0,crop_farming,1
fuel_petrol_price_etb_lag3,0.0,crop_farming,1
fuel_petrol_price_etb_lag6,0.0,crop_farming,1
fuel_petrol_price_etb_lag12,0.0,crop_farming,1
fuel_petrol_price_index,0.0,crop_farming,1
fuel_petrol_price_index_lag1,0.0,crop_farming,1
fuel_petrol_price_index_lag3,0.0,crop_farming,1
fuel_petrol_price_index_lag6,0.0,crop_farming,1
fuel_petrol_price_index_lag12,0.0,crop_farming,1
fuel_petrol_n_markets,0.0,crop_farming,1
livestock_goat_price_etb,0.0,crop_farming,1
livestock_goat_price_etb_lag1,0.0,crop_farming,1
livestock_goat_price_etb_lag3,0.0,crop_farming,1
livestock_goat_price_etb_lag6,0.0,crop_farming,1
livestock_goat_price_etb_lag12,0.0,crop_farming,1
livestock_goat_price_index,0.0,crop_farming,1
livestock_goat_price_index_lag1,0.0,crop_farming,1
livestock_goat_price_index_lag3,0.0,crop_farming,1
livestock_goat_price_index_lag6,0.0,crop_farming,1
livestock_goat_price_index_lag12,0.0,crop_farming,1
livestock_goat_n_markets,0.0,crop_farming,1
livestock_sheep_price_etb,0.0,crop_farming,1
livestock_sheep_price_etb_lag1,0.0,crop_farming,1
livestock_sheep_price_etb_lag3,0.0,crop_farming,1
livestock_sheep_price_etb_lag6,0.0,crop_farming,1
livestock_sheep_price_etb_lag12,0.0,crop_farming,1
livestock_sheep_price_index,0.0,crop_farming,1
livestock_sheep_price_index_lag1,0.0,crop_farming,1
livestock_sheep_price_index_lag3,0.0,crop_farming,1
livestock_sheep_price_index_lag6,0.0,crop_farming,1
livestock_sheep_price_index_lag12,0.0,crop_farming,1
livestock_sheep_n_markets,0.0,crop_farming,1
goat_maize_tot,0.0,crop_farming,1
goat_maize_tot_lag1,0.0,crop_farming,1
goat_maize_tot_lag3,0.0,crop_farming,1
goat_maize_tot_lag6,0.0,crop_farming,1
goat_maize_tot_lag12,0.0,crop_farming,1
sheep_maize_tot,0.0,crop_farming,1
sheep_maize_tot_lag1,0.0,crop_farming,1
sheep_maize_tot_lag3,0.0,crop_farming,1
sheep_maize_tot_lag6,0.0,crop_farming,1
sheep_maize_tot_lag12,0.0,crop_farming,1
maize_yield,0.011617355537938622,crop_farming,1
maize_yield_anomaly,0.0095007318406568,crop_farming,1
wheat_yield,0.007024691599008574,crop_farming,1
wheat_yield_anomaly,0.006102483074939561,crop_farming,1
sorghum_yield,0.010387013599649532,crop_farming,1
sorghum_yield_anomaly,0.00894650920287609,crop_farming,1
teff_yield,0.009440226816247342,crop_farming,1
teff_yield_anomaly,0.009964653517463331,crop_farming,1
headline_cpi,0.0068263100132918,crop_farming,1
headline_cpi_lag1,0.0007261442642554014,crop_farming,1
headline_cpi_lag3,0.0008590040177917662,crop_farming,1
headline_cpi_lag6,0.0010166563586040624,crop_farming,1
headline_cpi_lag12,0.0015938812709786363,crop_farming,1
headline_cpi_yoy_change,0.047765869333080864,crop_farming,1
headline_cpi_yoy_change_lag1,0.008513807865493698,crop_farming,1
headline_cpi_yoy_change_lag3,0.003154982107501904,crop_farming,1
headline_cpi_yoy_change_lag6,0.007581387554911099,crop_farming,1
headline_cpi_yoy_change_lag12,0.030620697557395434,crop_farming,1
food_cpi,0.0010642593090021749,crop_farming,1
food_cpi_lag1,0.000521962490570672,crop_farming,1
food_cpi_lag3,0.00039032781804102,crop_farming,1
food_cpi_lag6,0.0007150236037988703,crop_farming,1
food_cpi_lag12,0.0005056106553140424,crop_farming,1
food_cpi_yoy_change,0.012539104210388528,crop_farming,1
food_cpi_yoy_change_lag1,0.01719320830903806,crop_farming,1
food_cpi_yoy_change_lag3,0.007818481975208727,crop_farming,1
food_cpi_yoy_change_lag6,0.0064737283963892,crop_farming,1
food_cpi_yoy_change_lag12,0.015091017619109519,crop_farming,1
headline_cpi_chainlinked,0.005634131923211653,crop_farming,1
headline_cpi_chainlinked_lag1,0.0007548439736142477,crop_farming,1
headline_cpi_chainlinked_lag3,0.0007958681596237245,crop_farming,1
headline_cpi_chainlinked_lag6,0.0014830216537133627,crop_farming,1
headline_cpi_chainlinked_lag12,0.002025156460966494,crop_farming,1
food_cpi_chainlinked,0.0015590491439666963,crop_farming,1
food_cpi_chainlinked_lag1,0.001040591158061976,crop_farming,1
food_cpi_chainlinked_lag3,0.0005065508006101529,crop_farming,1
food_cpi_chainlinked_lag6,0.0008174825789951657,crop_farming,1
food_cpi_chainlinked_lag12,0.00046946755133493837,crop_farming,1
exchange_rate,0.0005019406337021909,crop_farming,1
exchange_rate_lag1,0.00046292335090361564,crop_farming,1
exchange_rate_lag3,0.00028387808890377675,crop_farming,1
exchange_rate_lag6,0.00046497035993160903,crop_farming,1
exchange_rate_lag12,0.000512625476789907,crop_farming,1
exchange_rate_yoy_change,0.004195282668135289,crop_farming,1
exchange_rate_yoy_change_lag1,0.007798311625744881,crop_farming,1
exchange_rate_yoy_change_lag3,0.010254956414909146,crop_farming,1
exchange_rate_yoy_change_lag6,0.008729230441614977,crop_farming,1
exchange_rate_yoy_change_lag12,0.00842307974843648,crop_farming,1
gdp_per_capita,0.0004992243692897422,crop_farming,1
gdp_per_capita_yoy_change,0.002792773178562207,crop_farming,1
total_refugees_hosted,0.00029138116503955495,crop_farming,1
total_refugees_hosted_yoy_change,0.0031834274614005583,crop_farming,1
total_asylum_seekers_hosted,0.008328821287842545,crop_farming,1
total_asylum_seekers_hosted_yoy_change,0.006527865386757111,crop_farming,1
idps_ethiopia,0.00024624786323354357,crop_farming,1
idps_ethiopia_yoy_change,0.0,crop_farming,1
season_benishangul_meher_only,0.0,crop_farming,1
season_national_belg_meher,4.996569682015713e-06,crop_farming,1
months_since_assessment,0.0,pastoral,2
pct_pastoral,0.013902745415246233,pastoral,2
pct_agropastoral,0.014329543138898745,pastoral,2
pct_crop_farming,0.01619091102553643,pastoral,2
is_harvest_season,0.002103540690180734,pastoral,2
is_lean_season,0.0013305492182333646,pastoral,2
is_dry_season,0.002353112789564896,pastoral,2
months_since_harvest_start,0.011065787707862432,pastoral,2
months_since_lean_start,0.05188482910550618,pastoral,2
agss_surveyed_flag,0.005238526762580276,pastoral,2
ipc_lag1,0.22149921193843744,pastoral,2
ipc_lag4,0.08434377002256364,pastoral,2
ipc_lag8,0.03186154384395633,pastoral,2
ipc_mean12,0.05101945216182513,pastoral,2
ha_share_lag1,0.05673418020090763,pastoral,2
ha_share_lag4,0.014200274962685099,pastoral,2
ha_share_lag8,0.018932339252899187,pastoral,2
ha_share_mean12,0.020241486935551316,pastoral,2
acled_event_count,0.0007215888901914424,pastoral,2
acled_fatalities,0.00042486400035014293,pastoral,2
acled_event_count_political_violence,0.001033739917566005,pastoral,2
acled_fatalities_political_violence,0.0007209772267996624,pastoral,2
acled_event_count_demonstrations,0.00010152788499976347,pastoral,2
acled_fatalities_demonstrations,0.0,pastoral,2
acled_event_count_strategic_developments,0.0,pastoral,2
acled_fatalities_strategic_developments,0.0,pastoral,2
acled_event_count_lag1,0.000323384245098182,pastoral,2
acled_fatalities_lag1,0.00019664253043438968,pastoral,2
acled_event_count_political_violence_lag1,0.00016465851568627502,pastoral,2
acled_fatalities_political_violence_lag1,0.00022392673594184669,pastoral,2
acled_event_count_demonstrations_lag1,2.6642305157076518e-05,pastoral,2
acled_fatalities_demonstrations_lag1,0.0,pastoral,2
acled_event_count_strategic_developments_lag1,0.0,pastoral,2
acled_fatalities_strategic_developments_lag1,0.0,pastoral,2
acled_event_count_lag3,0.0018040274541091283,pastoral,2
acled_fatalities_lag3,0.010007699477772148,pastoral,2
acled_event_count_political_violence_lag3,0.0021088558515657625,pastoral,2
acled_fatalities_political_violence_lag3,0.012974475254063016,pastoral,2
acled_event_count_demonstrations_lag3,0.00014003597782772463,pastoral,2
acled_fatalities_demonstrations_lag3,0.0,pastoral,2
acled_event_count_strategic_developments_lag3,1.3381088999940642e-06,pastoral,2
acled_fatalities_strategic_developments_lag3,0.0,pastoral,2
acled_event_count_lag6,0.00039092836884990333,pastoral,2
acled_fatalities_lag6,0.0006663773017338583,pastoral,2
acled_event_count_political_violence_lag6,0.00033900170389543626,pastoral,2
acled_fatalities_political_violence_lag6,0.0003971280927404495,pastoral,2
acled_event_count_demonstrations_lag6,8.030604069998604e-05,pastoral,2
acled_fatalities_demonstrations_lag6,0.0,pastoral,2
acled_event_count_strategic_developments_lag6,0.0,pastoral,2
acled_fatalities_strategic_developments_lag6,0.0,pastoral,2
acled_event_count_lag12,0.0017033546897033392,pastoral,2
acled_fatalities_lag12,0.000534369064138702,pastoral,2
acled_event_count_political_violence_lag12,0.0009102749539557012,pastoral,2
acled_fatalities_political_violence_lag12,0.000476406364887896,pastoral,2
acled_event_count_demonstrations_lag12,0.0016901779221095135,pastoral,2
acled_fatalities_demonstrations_lag12,0.0002002199953940451,pastoral,2
acled_event_count_strategic_developments_lag12,0.0,pastoral,2
acled_fatalities_strategic_developments_lag12,0.0,pastoral,2
maize_price_etb,0.0035141212154231475,pastoral,2
maize_price_etb_lag1,0.0008912540650095953,pastoral,2
maize_price_etb_lag3,0.0024979117168267505,pastoral,2
maize_price_etb_lag6,0.0009653607694701926,pastoral,2
maize_price_etb_lag12,0.002983618982292331,pastoral,2
maize_price_index,0.0021970992675112923,pastoral,2
maize_price_index_lag1,0.0009604744705838646,pastoral,2
maize_price_index_lag3,0.002880256059207157,pastoral,2
maize_price_index_lag6,0.0010357775646330004,pastoral,2
maize_price_index_lag12,0.0015676709267401655,pastoral,2
maize_n_markets,0.0005724203877211121,pastoral,2
wheat_price_etb,0.0008338441443501692,pastoral,2
wheat_price_etb_lag1,0.0002505294315626874,pastoral,2
wheat_price_etb_lag3,0.0017624439009065321,pastoral,2
wheat_price_etb_lag6,0.0022081813456516454,pastoral,2
wheat_price_etb_lag12,0.0014860353751461155,pastoral,2
wheat_price_index,0.0004303198485459506,pastoral,2
wheat_price_index_lag1,0.0004611857401351727,pastoral,2
wheat_price_index_lag3,0.0015221082858049193,pastoral,2
wheat_price_index_lag6,0.000699251296188176,pastoral,2
wheat_price_index_lag12,0.0013580704499630454,pastoral,2
wheat_n_markets,0.00021144905879240665,pastoral,2
sorghum_price_etb,0.00021928881919029407,pastoral,2
sorghum_price_etb_lag1,8.610838885026207e-05,pastoral,2
sorghum_price_etb_lag3,0.0006522513378260844,pastoral,2
sorghum_price_etb_lag6,0.0011750608561500587,pastoral,2
sorghum_price_etb_lag12,0.0009389245771976934,pastoral,2
sorghum_price_index,0.003277513442350921,pastoral,2
sorghum_price_index_lag1,0.0006260750777647493,pastoral,2
sorghum_price_index_lag3,0.00043313602360544386,pastoral,2
sorghum_price_index_lag6,0.0013600721202510053,pastoral,2
sorghum_price_index_lag12,0.00046146393888178396,pastoral,2
sorghum_n_markets,8.748582088078715e-05,pastoral,2
teff_price_etb,0.0,pastoral,2
teff_price_etb_lag1,0.0,pastoral,2
teff_price_etb_lag3,0.0,pastoral,2
teff_price_etb_lag6,0.0,pastoral,2
teff_price_etb_lag12,0.0,pastoral,2
teff_price_index,0.0,pastoral,2
teff_price_index_lag1,0.0,pastoral,2
teff_price_index_lag3,0.0,pastoral,2
teff_price_index_lag6,0.0,pastoral,2
teff_price_index_lag12,0.0,pastoral,2
teff_n_markets,0.0,pastoral,2
fuel_diesel_price_etb,0.0,pastoral,2
fuel_diesel_price_etb_lag1,0.0,pastoral,2
fuel_diesel_price_etb_lag3,0.0,pastoral,2
fuel_diesel_price_etb_lag6,0.0,pastoral,2
fuel_diesel_price_etb_lag12,0.0,pastoral,2
fuel_diesel_price_index,0.0,pastoral,2
fuel_diesel_price_index_lag1,0.0,pastoral,2
fuel_diesel_price_index_lag3,0.0,pastoral,2
fuel_diesel_price_index_lag6,0.0,pastoral,2
fuel_diesel_price_index_lag12,0.0,pastoral,2
fuel_diesel_n_markets,0.0,pastoral,2
fuel_petrol_n_markets,0.0,pastoral,2
livestock_goat_price_etb,0.00020934252451454028,pastoral,2
livestock_goat_price_etb_lag1,0.0,pastoral,2
livestock_goat_price_etb_lag3,0.0,pastoral,2
livestock_goat_price_etb_lag6,0.0,pastoral,2
livestock_goat_price_etb_lag12,0.0,pastoral,2
livestock_goat_price_index,0.0,pastoral,2
livestock_goat_price_index_lag1,0.0,pastoral,2
livestock_goat_price_index_lag3,0.0,pastoral,2
livestock_goat_price_index_lag6,0.0,pastoral,2
livestock_goat_price_index_lag12,0.0,pastoral,2
livestock_goat_n_markets,1.2578389071572668e-06,pastoral,2
livestock_sheep_price_etb,0.0,pastoral,2
livestock_sheep_price_etb_lag1,0.0,pastoral,2
livestock_sheep_price_etb_lag3,0.0,pastoral,2
livestock_sheep_price_etb_lag6,0.0,pastoral,2
livestock_sheep_price_etb_lag12,0.0,pastoral,2
livestock_sheep_price_index,0.0,pastoral,2
livestock_sheep_price_index_lag1,0.0,pastoral,2
livestock_sheep_price_index_lag3,0.0,pastoral,2
livestock_sheep_price_index_lag6,0.0,pastoral,2
livestock_sheep_price_index_lag12,0.0,pastoral,2
livestock_sheep_n_markets,0.0,pastoral,2
goat_maize_tot,0.0,pastoral,2
goat_maize_tot_lag1,0.0,pastoral,2
goat_maize_tot_lag3,0.0,pastoral,2
goat_maize_tot_lag6,0.0,pastoral,2
goat_maize_tot_lag12,0.0,pastoral,2
sheep_maize_tot,0.0,pastoral,2
sheep_maize_tot_lag1,0.0,pastoral,2
sheep_maize_tot_lag3,0.0,pastoral,2
sheep_maize_tot_lag6,0.0,pastoral,2
sheep_maize_tot_lag12,0.0,pastoral,2
maize_yield,0.006131858424855619,pastoral,2
maize_yield_anomaly,0.002978125411181604,pastoral,2
wheat_yield,0.000730617273711349,pastoral,2
wheat_yield_anomaly,0.0008129531200207393,pastoral,2
sorghum_yield,0.0006276954331364162,pastoral,2
sorghum_yield_anomaly,0.0012935570389633166,pastoral,2
teff_yield,0.0005432927304476524,pastoral,2
teff_yield_anomaly,0.0011185908175930551,pastoral,2
headline_cpi,0.00047694190674013863,pastoral,2
headline_cpi_lag1,0.0010529541139071986,pastoral,2
headline_cpi_lag3,0.0017393750077525944,pastoral,2
headline_cpi_lag6,0.0024112362061132655,pastoral,2
headline_cpi_lag12,0.001752945913731268,pastoral,2
headline_cpi_yoy_change,0.005475174601777505,pastoral,2
headline_cpi_yoy_change_lag1,0.01211094783101522,pastoral,2
headline_cpi_yoy_change_lag3,0.00864683383267392,pastoral,2
headline_cpi_yoy_change_lag6,0.003900216949227596,pastoral,2
headline_cpi_yoy_change_lag12,0.00826310343116275,pastoral,2
food_cpi,0.004628735109651198,pastoral,2
food_cpi_lag1,0.003972918089898308,pastoral,2
food_cpi_lag3,0.0020247829340658496,pastoral,2
food_cpi_lag6,0.0007343957989372079,pastoral,2
food_cpi_lag12,0.0011764910014127996,pastoral,2
food_cpi_yoy_change,0.01128500426060406,pastoral,2
food_cpi_yoy_change_lag1,0.0038749083023135863,pastoral,2
food_cpi_yoy_change_lag3,0.0031950478347374228,pastoral,2
food_cpi_yoy_change_lag6,0.03825148357503572,pastoral,2
food_cpi_yoy_change_lag12,0.006980838933775962,pastoral,2
headline_cpi_chainlinked,0.0009077572962343872,pastoral,2
headline_cpi_chainlinked_lag1,0.0011585971460961499,pastoral,2
headline_cpi_chainlinked_lag3,0.001442180990210932,pastoral,2
headline_cpi_chainlinked_lag6,0.0026712993709972445,pastoral,2
headline_cpi_chainlinked_lag12,0.0016338638668662803,pastoral,2
food_cpi_chainlinked,0.004968176079002142,pastoral,2
food_cpi_chainlinked_lag1,0.0024426100641567927,pastoral,2
food_cpi_chainlinked_lag3,0.0022062460712180885,pastoral,2
food_cpi_chainlinked_lag6,0.0009054367133052489,pastoral,2
food_cpi_chainlinked_lag12,0.0006463029700735925,pastoral,2
exchange_rate,0.0007698834875155694,pastoral,2
exchange_rate_lag1,0.0023978013784487448,pastoral,2
exchange_rate_lag3,0.0004884210880587114,pastoral,2
exchange_rate_lag6,0.0006566102286964345,pastoral,2
exchange_rate_lag12,0.003558191658774578,pastoral,2
exchange_rate_yoy_change,0.034936466161503,pastoral,2
exchange_rate_yoy_change_lag1,0.0133643353984586,pastoral,2
exchange_rate_yoy_change_lag3,0.011598549393802025,pastoral,2
exchange_rate_yoy_change_lag6,0.01322815450991744,pastoral,2
exchange_rate_yoy_change_lag12,0.022677787818665317,pastoral,2
gdp_per_capita,0.0003999310041400928,pastoral,2
gdp_per_capita_yoy_change,0.004247654086342069,pastoral,2
total_refugees_hosted,0.00029268779231246615,pastoral,2
total_refugees_hosted_yoy_change,0.008372782993459948,pastoral,2
total_asylum_seekers_hosted,0.012292103057295814,pastoral,2
total_asylum_seekers_hosted_yoy_change,0.007608160510842231,pastoral,2
idps_ethiopia,1.6945805869549644e-05,pastoral,2
idps_ethiopia_yoy_change,0.0,pastoral,2
season_national_belg_meher,0.0046983145753959525,pastoral,2
season_somali_gu_deyr,0.0068096234820547155,pastoral,2
months_since_assessment,0.0,agropastoral,2
pct_pastoral,0.004145445520472961,agropastoral,2
pct_agropastoral,0.011763837494510165,agropastoral,2
pct_crop_farming,0.01379123843313349,agropastoral,2
is_harvest_season,0.0017095521737173949,agropastoral,2
is_lean_season,0.001679971626409136,agropastoral,2
is_dry_season,0.00015056122787781532,agropastoral,2
months_since_harvest_start,0.007522030920766226,agropastoral,2
months_since_lean_start,0.03383806464271717,agropastoral,2
agss_surveyed_flag,0.001977593241608413,agropastoral,2
ipc_lag1,0.24424167073896658,agropastoral,2
ipc_lag4,0.03488718725895259,agropastoral,2
ipc_lag8,0.034653705955929995,agropastoral,2
ipc_mean12,0.024909318017995292,agropastoral,2
ha_share_lag1,0.055888231714707366,agropastoral,2
ha_share_lag4,0.009505492168557507,agropastoral,2
ha_share_lag8,0.032380852234307186,agropastoral,2
ha_share_mean12,0.05860405307242391,agropastoral,2
acled_event_count,0.0013810825553254493,agropastoral,2
acled_fatalities,0.0008309387346122611,agropastoral,2
acled_event_count_political_violence,0.0017943205428210289,agropastoral,2
acled_fatalities_political_violence,0.0031536528350781835,agropastoral,2
acled_event_count_demonstrations,0.0009483155667068221,agropastoral,2
acled_fatalities_demonstrations,0.0016776411415283916,agropastoral,2
acled_event_count_strategic_developments,2.9997145200447065e-05,agropastoral,2
acled_fatalities_strategic_developments,0.0,agropastoral,2
acled_event_count_lag1,0.0011815811474866385,agropastoral,2
acled_fatalities_lag1,0.002189203304150859,agropastoral,2
acled_event_count_political_violence_lag1,0.0010472270447350728,agropastoral,2
acled_fatalities_political_violence_lag1,0.0014376024524583302,agropastoral,2
acled_event_count_demonstrations_lag1,0.00016857181028163322,agropastoral,2
acled_fatalities_demonstrations_lag1,0.0,agropastoral,2
acled_event_count_strategic_developments_lag1,0.0,agropastoral,2
acled_fatalities_strategic_developments_lag1,0.0,agropastoral,2
acled_event_count_lag3,0.002693569064795913,agropastoral,2
acled_fatalities_lag3,0.003244806311147676,agropastoral,2
acled_event_count_political_violence_lag3,0.0005591263095464521,agropastoral,2
acled_fatalities_political_violence_lag3,0.0034149751368509505,agropastoral,2
acled_event_count_demonstrations_lag3,3.762479798886169e-06,agropastoral,2
acled_fatalities_demonstrations_lag3,0.0,agropastoral,2
acled_event_count_strategic_developments_lag3,0.0,agropastoral,2
acled_fatalities_strategic_developments_lag3,0.0,agropastoral,2
acled_event_count_lag6,0.00444271768871283,agropastoral,2
acled_fatalities_lag6,0.0016676085823208412,agropastoral,2
acled_event_count_political_violence_lag6,0.0019318637854854079,agropastoral,2
acled_fatalities_political_violence_lag6,0.0013725285456565586,agropastoral,2
acled_event_count_demonstrations_lag6,0.001026464597337919,agropastoral,2
acled_fatalities_demonstrations_lag6,0.0,agropastoral,2
acled_event_count_strategic_developments_lag6,0.0006180530538379889,agropastoral,2
acled_fatalities_strategic_developments_lag6,0.0,agropastoral,2
acled_event_count_lag12,0.003379540809570711,agropastoral,2
acled_fatalities_lag12,0.0016116602804269317,agropastoral,2
acled_event_count_political_violence_lag12,0.0024946282615579676,agropastoral,2
acled_fatalities_political_violence_lag12,0.0009898388127982472,agropastoral,2
acled_event_count_demonstrations_lag12,0.00018817339399710076,agropastoral,2
acled_fatalities_demonstrations_lag12,0.00031146584189369205,agropastoral,2
acled_event_count_strategic_developments_lag12,0.0,agropastoral,2
acled_fatalities_strategic_developments_lag12,0.0,agropastoral,2
maize_price_etb,0.0036307672764685213,agropastoral,2
maize_price_etb_lag1,0.0006464662904558933,agropastoral,2
maize_price_etb_lag3,0.0032968182393234157,agropastoral,2
maize_price_etb_lag6,0.006328846760588124,agropastoral,2
maize_price_etb_lag12,0.00803562974954528,agropastoral,2
maize_price_index,0.0031638284449168196,agropastoral,2
maize_price_index_lag1,0.0034445804063243895,agropastoral,2
maize_price_index_lag3,0.005161109923279324,agropastoral,2
maize_price_index_lag6,0.014085955453815878,agropastoral,2
maize_price_index_lag12,0.010433509780788336,agropastoral,2
maize_n_markets,0.0013456981502868556,agropastoral,2
wheat_price_etb,2.6354633011978334e-05,agropastoral,2
wheat_price_etb_lag1,0.0001254422189960742,agropastoral,2
wheat_price_etb_lag3,0.0019007710369754209,agropastoral,2
wheat_price_etb_lag6,0.00037785702202988914,agropastoral,2
wheat_price_etb_lag12,0.0005652635738619629,agropastoral,2
wheat_price_index,3.601468156275001e-05,agropastoral,2
wheat_price_index_lag1,9.260063767768758e-07,agropastoral,2
wheat_price_index_lag3,3.366263763411655e-05,agropastoral,2
wheat_price_index_lag6,0.0038595131962600978,agropastoral,2
wheat_price_index_lag12,7.134009322548887e-06,agropastoral,2
wheat_n_markets,0.00014930987527424276,agropastoral,2
sorghum_price_etb,0.0017865182374161113,agropastoral,2
sorghum_price_etb_lag1,0.0008097312737807403,agropastoral,2
sorghum_price_etb_lag3,0.0022918803256864353,agropastoral,2
sorghum_price_etb_lag6,0.002033833561735039,agropastoral,2
sorghum_price_etb_lag12,0.006007320271382593,agropastoral,2
sorghum_price_index,0.0019319850202205555,agropastoral,2
sorghum_price_index_lag1,0.0051554682283934785,agropastoral,2
sorghum_price_index_lag3,0.006801109422399417,agropastoral,2
sorghum_price_index_lag6,0.007305536489698009,agropastoral,2
sorghum_price_index_lag12,0.004041267493369348,agropastoral,2
sorghum_n_markets,0.003842870070609752,agropastoral,2
teff_price_etb_lag1,0.0,agropastoral,2
teff_n_markets,0.0,agropastoral,2
fuel_diesel_price_etb,0.0,agropastoral,2
fuel_diesel_price_etb_lag1,0.0,agropastoral,2
fuel_diesel_price_etb_lag3,0.0,agropastoral,2
fuel_diesel_price_etb_lag6,0.0,agropastoral,2
fuel_diesel_price_etb_lag12,0.0,agropastoral,2
fuel_diesel_n_markets,0.0,agropastoral,2
fuel_petrol_n_markets,0.0,agropastoral,2
livestock_goat_price_etb,0.0,agropastoral,2
livestock_goat_price_etb_lag1,0.0,agropastoral,2
livestock_goat_price_etb_lag3,0.0,agropastoral,2
livestock_goat_price_etb_lag6,0.0,agropastoral,2
livestock_goat_price_etb_lag12,0.0,agropastoral,2
livestock_goat_price_index,0.0,agropastoral,2
livestock_goat_price_index_lag1,0.0,agropastoral,2
livestock_goat_price_index_lag3,0.0,agropastoral,2
livestock_goat_price_index_lag6,0.0,agropastoral,2
livestock_goat_price_index_lag12,0.0,agropastoral,2
livestock_goat_n_markets,0.0,agropastoral,2
livestock_sheep_price_etb,0.0,agropastoral,2
livestock_sheep_price_etb_lag1,5.787017894545104e-07,agropastoral,2
livestock_sheep_price_etb_lag3,0.0,agropastoral,2
livestock_sheep_price_etb_lag6,0.0,agropastoral,2
livestock_sheep_price_etb_lag12,0.0,agropastoral,2
livestock_sheep_price_index,0.0,agropastoral,2
livestock_sheep_price_index_lag1,0.0,agropastoral,2
livestock_sheep_price_index_lag3,0.0,agropastoral,2
livestock_sheep_price_index_lag6,0.0,agropastoral,2
livestock_sheep_price_index_lag12,0.0,agropastoral,2
livestock_sheep_n_markets,0.0,agropastoral,2
goat_maize_tot,0.0,agropastoral,2
goat_maize_tot_lag1,0.0,agropastoral,2
goat_maize_tot_lag3,0.0,agropastoral,2
goat_maize_tot_lag6,0.002378161135185788,agropastoral,2
goat_maize_tot_lag12,0.0,agropastoral,2
sheep_maize_tot,0.0,agropastoral,2
sheep_maize_tot_lag1,0.0,agropastoral,2
sheep_maize_tot_lag3,0.0,agropastoral,2
sheep_maize_tot_lag6,0.0018547909612524438,agropastoral,2
sheep_maize_tot_lag12,0.00011298851745726719,agropastoral,2
maize_yield,0.008547281438545334,agropastoral,2
maize_yield_anomaly,0.005170860422498732,agropastoral,2
wheat_yield,0.0006863474630693891,agropastoral,2
wheat_yield_anomaly,0.004006080691333419,agropastoral,2
sorghum_yield,0.004367379869602407,agropastoral,2
sorghum_yield_anomaly,0.020927071758386005,agropastoral,2
teff_yield,0.0026126752627890267,agropastoral,2
teff_yield_anomaly,0.004466775427380371,agropastoral,2
headline_cpi,0.00019946497693931005,agropastoral,2
headline_cpi_lag1,0.0009176839964117868,agropastoral,2
headline_cpi_lag3,0.0016955673272300935,agropastoral,2
headline_cpi_lag6,0.0016690758897100067,agropastoral,2
headline_cpi_lag12,0.0007748246065670897,agropastoral,2
headline_cpi_yoy_change,0.0024769318321561703,agropastoral,2
headline_cpi_yoy_change_lag1,0.0019412436407162262,agropastoral,2
headline_cpi_yoy_change_lag3,0.002390157197705596,agropastoral,2
headline_cpi_yoy_change_lag6,0.008999735715677191,agropastoral,2
headline_cpi_yoy_change_lag12,0.02302493575717593,agropastoral,2
food_cpi,0.002273224846691288,agropastoral,2
food_cpi_lag1,0.0008375110700014898,agropastoral,2
food_cpi_lag3,0.0006831279595840281,agropastoral,2
food_cpi_lag6,0.0007993643609873082,agropastoral,2
food_cpi_lag12,0.0012575795886857278,agropastoral,2
food_cpi_yoy_change,0.003403757974454411,agropastoral,2
food_cpi_yoy_change_lag1,0.0035234354257579147,agropastoral,2
food_cpi_yoy_change_lag3,0.014107761905783563,agropastoral,2
food_cpi_yoy_change_lag6,0.010280848863331204,agropastoral,2
food_cpi_yoy_change_lag12,0.01475194680919154,agropastoral,2
headline_cpi_chainlinked,0.0005438804567461698,agropastoral,2
headline_cpi_chainlinked_lag1,0.0005733286997593786,agropastoral,2
headline_cpi_chainlinked_lag3,0.0013676523771694652,agropastoral,2
headline_cpi_chainlinked_lag6,0.0006202296973255438,agropastoral,2
headline_cpi_chainlinked_lag12,0.0012712837060877308,agropastoral,2
food_cpi_chainlinked,0.001673686727023014,agropastoral,2
food_cpi_chainlinked_lag1,0.0010498738673043924,agropastoral,2
food_cpi_chainlinked_lag3,0.0007711223222050404,agropastoral,2
food_cpi_chainlinked_lag6,0.00046756526722004587,agropastoral,2
food_cpi_chainlinked_lag12,0.0014873755859529914,agropastoral,2
exchange_rate,0.0012050295233493073,agropastoral,2
exchange_rate_lag1,0.0006197383140388287,agropastoral,2
exchange_rate_lag3,0.00042650274889519883,agropastoral,2
exchange_rate_lag6,0.0006199763560133534,agropastoral,2
exchange_rate_lag12,0.0029304386454414998,agropastoral,2
exchange_rate_yoy_change,0.01463554804595469,agropastoral,2
exchange_rate_yoy_change_lag1,0.011474424899869289,agropastoral,2
exchange_rate_yoy_change_lag3,0.01244072486389248,agropastoral,2
exchange_rate_yoy_change_lag6,0.024557489195945702,agropastoral,2
exchange_rate_yoy_change_lag12,0.025891749566600036,agropastoral,2
gdp_per_capita,0.0003690987365425373,agropastoral,2
gdp_per_capita_yoy_change,0.002734706425952976,agropastoral,2
total_refugees_hosted,8.984398806692007e-05,agropastoral,2
total_refugees_hosted_yoy_change,0.004003922060656742,agropastoral,2
total_asylum_seekers_hosted,0.00471089262287933,agropastoral,2
total_asylum_seekers_hosted_yoy_change,0.005620595482603843,agropastoral,2
idps_ethiopia,1.9376119839398823e-05,agropastoral,2
idps_ethiopia_yoy_change,0.0,agropastoral,2
season_national_belg_meher,0.0005238368173483873,agropastoral,2
season_somali_gu_deyr,5.82320443036413e-05,agropastoral,2
months_since_assessment,0.0,crop_farming,2
pct_pastoral,0.0020475252763396314,crop_farming,2
pct_agropastoral,0.002329684520186609,crop_farming,2
pct_crop_farming,0.004683867260905544,crop_farming,2
is_harvest_season,0.00039836822463348994,crop_farming,2
is_lean_season,0.0028432550497959393,crop_farming,2
is_dry_season,0.00014987748860756945,crop_farming,2
months_since_harvest_start,0.003942343411613504,crop_farming,2
months_since_lean_start,0.1065528600680495,crop_farming,2
agss_surveyed_flag,0.0004096291805954041,crop_farming,2
ipc_lag1,0.2415427692071864,crop_farming,2
ipc_lag4,0.035492745384384586,crop_farming,2
ipc_lag8,0.06434181737347529,crop_farming,2
ipc_mean12,0.04138976928197959,crop_farming,2
ha_share_lag1,0.06246747249013485,crop_farming,2
ha_share_lag4,0.01204412289190053,crop_farming,2
ha_share_lag8,0.01483390375547112,crop_farming,2
ha_share_mean12,0.04563963815572105,crop_farming,2
acled_event_count,0.0002405553427897317,crop_farming,2
acled_fatalities,0.00024237190153626766,crop_farming,2
acled_event_count_political_violence,0.0002251993006086708,crop_farming,2
acled_fatalities_political_violence,0.00013415903203093605,crop_farming,2
acled_event_count_demonstrations,8.71636113794484e-05,crop_farming,2
acled_fatalities_demonstrations,0.00016882378353813194,crop_farming,2
acled_event_count_strategic_developments,0.0,crop_farming,2
acled_fatalities_strategic_developments,0.0,crop_farming,2
acled_event_count_lag1,0.000606614793064039,crop_farming,2
acled_fatalities_lag1,0.00032632727537569925,crop_farming,2
acled_event_count_political_violence_lag1,0.0002111442093918188,crop_farming,2
acled_fatalities_political_violence_lag1,0.0005008446556510557,crop_farming,2
acled_event_count_demonstrations_lag1,0.00013714625298069576,crop_farming,2
acled_fatalities_demonstrations_lag1,2.828802878545767e-06,crop_farming,2
acled_event_count_strategic_developments_lag1,0.0,crop_farming,2
acled_fatalities_strategic_developments_lag1,0.0,crop_farming,2
acled_event_count_lag3,0.0002606257412666716,crop_farming,2
acled_fatalities_lag3,0.0001714580271200385,crop_farming,2
acled_event_count_political_violence_lag3,6.328199228988705e-05,crop_farming,2
acled_fatalities_political_violence_lag3,0.0003966115947744983,crop_farming,2
acled_event_count_demonstrations_lag3,0.00012452295612298597,crop_farming,2
acled_fatalities_demonstrations_lag3,0.0,crop_farming,2
acled_event_count_strategic_developments_lag3,0.0,crop_farming,2
acled_fatalities_strategic_developments_lag3,0.0,crop_farming,2
acled_event_count_lag6,0.0006914705154250524,crop_farming,2
acled_fatalities_lag6,0.000332374790881165,crop_farming,2
acled_event_count_political_violence_lag6,0.00022603488476465137,crop_farming,2
acled_fatalities_political_violence_lag6,0.00018125265393363944,crop_farming,2
acled_event_count_demonstrations_lag6,0.0002109880791236111,crop_farming,2
acled_fatalities_demonstrations_lag6,0.0,crop_farming,2
acled_event_count_strategic_developments_lag6,2.9794618640366066e-05,crop_farming,2
acled_fatalities_strategic_developments_lag6,0.0,crop_farming,2
acled_event_count_lag12,0.0003265599928412099,crop_farming,2
acled_fatalities_lag12,0.0001058784550833748,crop_farming,2
acled_event_count_political_violence_lag12,2.6956543098340413e-05,crop_farming,2
acled_fatalities_political_violence_lag12,2.846758169714173e-05,crop_farming,2
acled_event_count_demonstrations_lag12,0.00010337748822972826,crop_farming,2
acled_fatalities_demonstrations_lag12,7.427413075280688e-06,crop_farming,2
acled_event_count_strategic_developments_lag12,1.0091851210863467e-06,crop_farming,2
acled_fatalities_strategic_developments_lag12,0.0,crop_farming,2
maize_price_etb,0.001568228287748106,crop_farming,2
maize_price_etb_lag1,0.001378309989200828,crop_farming,2
maize_price_etb_lag3,0.0010891410668445551,crop_farming,2
maize_price_etb_lag6,0.0008474356336466682,crop_farming,2
maize_price_etb_lag12,0.002197234724005738,crop_farming,2
maize_price_index,0.0009017994703486472,crop_farming,2
maize_price_index_lag1,0.0005562130703980812,crop_farming,2
maize_price_index_lag3,0.0007900441829680569,crop_farming,2
maize_price_index_lag6,0.0008600866216291743,crop_farming,2
maize_price_index_lag12,0.0013615081263605392,crop_farming,2
maize_n_markets,0.00037107800137188015,crop_farming,2
wheat_price_etb,0.000944239095876448,crop_farming,2
wheat_price_etb_lag1,0.0015483107874550049,crop_farming,2
wheat_price_etb_lag3,0.0009385395968246205,crop_farming,2
wheat_price_etb_lag6,0.0012985924337992976,crop_farming,2
wheat_price_etb_lag12,0.0010889703407722183,crop_farming,2
wheat_price_index,0.0006101997706459085,crop_farming,2
wheat_price_index_lag1,0.0005057272146005939,crop_farming,2
wheat_price_index_lag3,0.000668624343781954,crop_farming,2
wheat_price_index_lag6,0.0004839295080682267,crop_farming,2
wheat_price_index_lag12,0.00045991447145589317,crop_farming,2
wheat_n_markets,0.0005173334036445462,crop_farming,2
sorghum_price_etb,0.0008989559247759027,crop_farming,2
sorghum_price_etb_lag1,0.0007196920205343681,crop_farming,2
sorghum_price_etb_lag3,0.004556669612499349,crop_farming,2
sorghum_price_etb_lag6,0.0044599365735742596,crop_farming,2
sorghum_price_etb_lag12,0.002425848532186031,crop_farming,2
sorghum_price_index,0.0022095257402845615,crop_farming,2
sorghum_price_index_lag1,0.0014760666024589,crop_farming,2
sorghum_price_index_lag3,0.0012031115264334073,crop_farming,2
sorghum_price_index_lag6,0.0023991887784586617,crop_farming,2
sorghum_price_index_lag12,0.0017439292271017712,crop_farming,2
sorghum_n_markets,0.0005088030713379574,crop_farming,2
teff_price_etb,0.0,crop_farming,2
teff_price_etb_lag1,0.0,crop_farming,2
teff_price_etb_lag3,0.0,crop_farming,2
teff_price_etb_lag6,0.0,crop_farming,2
teff_price_etb_lag12,0.0,crop_farming,2
teff_price_index,0.0,crop_farming,2
teff_price_index_lag1,0.0,crop_farming,2
teff_price_index_lag3,0.0,crop_farming,2
teff_price_index_lag6,0.0,crop_farming,2
teff_price_index_lag12,0.0,crop_farming,2
teff_n_markets,0.0,crop_farming,2
fuel_diesel_price_etb,0.0,crop_farming,2
fuel_diesel_price_etb_lag1,0.0,crop_farming,2
fuel_diesel_price_etb_lag3,0.0,crop_farming,2
fuel_diesel_price_etb_lag6,0.0,crop_farming,2
fuel_diesel_price_etb_lag12,0.0,crop_farming,2
fuel_diesel_price_index,0.0,crop_farming,2
fuel_diesel_price_index_lag1,0.0,crop_farming,2
fuel_diesel_price_index_lag3,0.0,crop_farming,2
fuel_diesel_price_index_lag6,0.0,crop_farming,2
fuel_diesel_price_index_lag12,0.0,crop_farming,2
fuel_diesel_n_markets,0.0,crop_farming,2
fuel_petrol_price_etb,0.0,crop_farming,2
fuel_petrol_price_etb_lag1,0.0,crop_farming,2
fuel_petrol_price_etb_lag3,0.0,crop_farming,2
fuel_petrol_price_etb_lag6,0.0,crop_farming,2
fuel_petrol_price_etb_lag12,0.0,crop_farming,2
fuel_petrol_price_index,0.0,crop_farming,2
fuel_petrol_price_index_lag1,0.0,crop_farming,2
fuel_petrol_price_index_lag3,0.0,crop_farming,2
fuel_petrol_price_index_lag6,0.0,crop_farming,2
fuel_petrol_price_index_lag12,0.0,crop_farming,2
fuel_petrol_n_markets,0.0,crop_farming,2
livestock_goat_price_etb,0.0,crop_farming,2
livestock_goat_price_etb_lag1,0.0,crop_farming,2
livestock_goat_price_etb_lag3,0.0,crop_farming,2
livestock_goat_price_etb_lag6,0.0,crop_farming,2
livestock_goat_price_etb_lag12,0.0,crop_farming,2
livestock_goat_price_index,0.0,crop_farming,2
livestock_goat_price_index_lag1,0.0,crop_farming,2
livestock_goat_price_index_lag3,0.0,crop_farming,2
livestock_goat_price_index_lag6,0.0,crop_farming,2
livestock_goat_price_index_lag12,0.0,crop_farming,2
livestock_goat_n_markets,0.0,crop_farming,2
livestock_sheep_price_etb,0.0,crop_farming,2
livestock_sheep_price_etb_lag1,0.0,crop_farming,2
livestock_sheep_price_etb_lag3,0.0,crop_farming,2
livestock_sheep_price_etb_lag6,0.0,crop_farming,2
livestock_sheep_price_etb_lag12,0.0,crop_farming,2
livestock_sheep_price_index,0.0,crop_farming,2
livestock_sheep_price_index_lag1,0.0,crop_farming,2
livestock_sheep_price_index_lag3,0.0,crop_farming,2
livestock_sheep_price_index_lag6,0.0,crop_farming,2
livestock_sheep_price_index_lag12,0.0,crop_farming,2
livestock_sheep_n_markets,0.0,crop_farming,2
goat_maize_tot,0.0,crop_farming,2
goat_maize_tot_lag1,0.0,crop_farming,2
goat_maize_tot_lag3,0.0,crop_farming,2
goat_maize_tot_lag6,0.0,crop_farming,2
goat_maize_tot_lag12,0.0,crop_farming,2
sheep_maize_tot,0.0,crop_farming,2
sheep_maize_tot_lag1,0.0,crop_farming,2
sheep_maize_tot_lag3,0.0,crop_farming,2
sheep_maize_tot_lag6,0.0,crop_farming,2
sheep_maize_tot_lag12,0.0,crop_farming,2
maize_yield,0.011425545125799207,crop_farming,2
maize_yield_anomaly,0.010554445594926383,crop_farming,2
wheat_yield,0.007025617006587257,crop_farming,2
wheat_yield_anomaly,0.006193382750029834,crop_farming,2
sorghum_yield,0.00915705403807297,crop_farming,2
sorghum_yield_anomaly,0.008343717505531678,crop_farming,2
teff_yield,0.00906234294996212,crop_farming,2
teff_yield_anomaly,0.008699739836216828,crop_farming,2
headline_cpi,0.000580554963389418,crop_farming,2
headline_cpi_lag1,0.0006259276237050045,crop_farming,2
headline_cpi_lag3,0.0006451813444226861,crop_farming,2
headline_cpi_lag6,0.0016690807652473016,crop_farming,2
headline_cpi_lag12,0.0011059323623316423,crop_farming,2
headline_cpi_yoy_change,0.005530300266980874,crop_farming,2
headline_cpi_yoy_change_lag1,0.01168161227776642,crop_farming,2
headline_cpi_yoy_change_lag3,0.006572527182889103,crop_farming,2
headline_cpi_yoy_change_lag6,0.009363598378138795,crop_farming,2
headline_cpi_yoy_change_lag12,0.010086971671728567,crop_farming,2
food_cpi,0.0012746471007189103,crop_farming,2
food_cpi_lag1,0.0004527009951610469,crop_farming,2
food_cpi_lag3,0.00048448708371989796,crop_farming,2
food_cpi_lag6,0.0003156269871294335,crop_farming,2
food_cpi_lag12,0.0010430819586895385,crop_farming,2
food_cpi_yoy_change,0.01978512451380941,crop_farming,2
food_cpi_yoy_change_lag1,0.01901064168033788,crop_farming,2
food_cpi_yoy_change_lag3,0.009824275887308952,crop_farming,2
food_cpi_yoy_change_lag6,0.00685241168521235,crop_farming,2
food_cpi_yoy_change_lag12,0.008397754809350694,crop_farming,2
headline_cpi_chainlinked,0.0004206545262925294,crop_farming,2
headline_cpi_chainlinked_lag1,0.0007412407392544508,crop_farming,2
headline_cpi_chainlinked_lag3,0.0007252784809013394,crop_farming,2
headline_cpi_chainlinked_lag6,0.0020730848782924706,crop_farming,2
headline_cpi_chainlinked_lag12,0.0008646737211350934,crop_farming,2
food_cpi_chainlinked,0.0029720689268383127,crop_farming,2
food_cpi_chainlinked_lag1,0.00047739491608275763,crop_farming,2
food_cpi_chainlinked_lag3,0.00040889993728888935,crop_farming,2
food_cpi_chainlinked_lag6,0.0003668470284010071,crop_farming,2
food_cpi_chainlinked_lag12,0.001054572379037122,crop_farming,2
exchange_rate,0.00030150570023479445,crop_farming,2
exchange_rate_lag1,0.0006482384165731442,crop_farming,2
exchange_rate_lag3,0.00041917590289734504,crop_farming,2
exchange_rate_lag6,0.0003952715343582585,crop_farming,2
exchange_rate_lag12,0.0006289239723354628,crop_farming,2
exchange_rate_yoy_change,0.006187127345237456,crop_farming,2
exchange_rate_yoy_change_lag1,0.018496288019909702,crop_farming,2
exchange_rate_yoy_change_lag3,0.006503721308207596,crop_farming,2
exchange_rate_yoy_change_lag6,0.04686648093171235,crop_farming,2
exchange_rate_yoy_change_lag12,0.010556676624465496,crop_farming,2
gdp_per_capita,0.00039593248826776307,crop_farming,2
gdp_per_capita_yoy_change,0.002138880271341961,crop_farming,2
total_refugees_hosted,0.0005167671833665672,crop_farming,2
total_refugees_hosted_yoy_change,0.0069539903695670195,crop_farming,2
total_asylum_seekers_hosted,0.005936393151135564,crop_farming,2
total_asylum_seekers_hosted_yoy_change,0.00586541282525643,crop_farming,2
idps_ethiopia,0.00045204035664361613,crop_farming,2
idps_ethiopia_yoy_change,0.0,crop_farming,2
season_benishangul_meher_only,0.0,crop_farming,2
season_national_belg_meher,6.547301469792499e-08,crop_farming,2
months_since_assessment,0.0,pastoral,3
pct_pastoral,0.01763212577489094,pastoral,3
pct_agropastoral,0.01758121053024688,pastoral,3
pct_crop_farming,0.019410080219812387,pastoral,3
is_harvest_season,0.0021557585761558273,pastoral,3
is_lean_season,0.003300584100590069,pastoral,3
is_dry_season,0.002126659578366951,pastoral,3
months_since_harvest_start,0.009320673835262899,pastoral,3
months_since_lean_start,0.04081697126156898,pastoral,3
agss_surveyed_flag,0.0036899348575573,pastoral,3
ipc_lag1,0.3067187285534946,pastoral,3
ipc_lag4,0.056474415316161174,pastoral,3
ipc_lag8,0.030991063502230083,pastoral,3
ipc_mean12,0.05024531295992712,pastoral,3
ha_share_lag1,0.025203277491759987,pastoral,3
ha_share_lag4,0.012958293407937244,pastoral,3
ha_share_lag8,0.020673160421781977,pastoral,3
ha_share_mean12,0.020809284015760814,pastoral,3
acled_event_count,0.00019942799651321633,pastoral,3
acled_fatalities,0.00014493204721576292,pastoral,3
acled_event_count_political_violence,0.0001293208730179867,pastoral,3
acled_fatalities_political_violence,0.00019659005473760934,pastoral,3
acled_event_count_demonstrations,1.3628856430750842e-05,pastoral,3
acled_fatalities_demonstrations,0.0,pastoral,3
acled_event_count_strategic_developments,0.0,pastoral,3
acled_fatalities_strategic_developments,0.0,pastoral,3
acled_event_count_lag1,0.0013593634067236033,pastoral,3
acled_fatalities_lag1,0.0007817734268350623,pastoral,3
acled_event_count_political_violence_lag1,0.0008260253928203149,pastoral,3
acled_fatalities_political_violence_lag1,0.0004171416814236953,pastoral,3
acled_event_count_demonstrations_lag1,0.0007332910870644935,pastoral,3
acled_fatalities_demonstrations_lag1,0.0,pastoral,3
acled_event_count_strategic_developments_lag1,0.0,pastoral,3
acled_fatalities_strategic_developments_lag1,0.0,pastoral,3
acled_event_count_lag3,0.0004801819784416139,pastoral,3
acled_fatalities_lag3,0.00031665349935241545,pastoral,3
acled_event_count_political_violence_lag3,0.00018833174431723672,pastoral,3
acled_fatalities_political_violence_lag3,0.0003904983849963255,pastoral,3
acled_event_count_demonstrations_lag3,0.00046676434180897315,pastoral,3
acled_fatalities_demonstrations_lag3,1.6852097893930735e-05,pastoral,3
acled_event_count_strategic_developments_lag3,0.0,pastoral,3
acled_fatalities_strategic_developments_lag3,0.0,pastoral,3
acled_event_count_lag6,0.0008412550673546839,pastoral,3
acled_fatalities_lag6,0.0007735189531644578,pastoral,3
acled_event_count_political_violence_lag6,0.00036588284603696704,pastoral,3
acled_fatalities_political_violence_lag6,0.001412401123360201,pastoral,3
acled_event_count_demonstrations_lag6,0.0002963802874286507,pastoral,3
acled_fatalities_demonstrations_lag6,0.0,pastoral,3
acled_event_count_strategic_developments_lag6,0.0,pastoral,3
acled_fatalities_strategic_developments_lag6,0.0,pastoral,3
acled_event_count_lag12,0.00044676325522015445,pastoral,3
acled_fatalities_lag12,0.0004918917848178485,pastoral,3
acled_event_count_political_violence_lag12,0.00021779077774873587,pastoral,3
acled_fatalities_political_violence_lag12,0.00034636198398740675,pastoral,3
acled_event_count_demonstrations_lag12,2.3802072709186887e-05,pastoral,3
acled_fatalities_demonstrations_lag12,0.0,pastoral,3
acled_event_count_strategic_developments_lag12,0.0,pastoral,3
acled_fatalities_strategic_developments_lag12,0.0,pastoral,3
maize_price_etb,0.002835193103664089,pastoral,3
maize_price_etb_lag1,0.0016770304799933063,pastoral,3
maize_price_etb_lag3,0.0008066813871937282,pastoral,3
maize_price_etb_lag6,0.0008287300875963814,pastoral,3
maize_price_etb_lag12,0.0025083037051570607,pastoral,3
maize_price_index,0.0014940704341490888,pastoral,3
maize_price_index_lag1,0.001854495459209871,pastoral,3
maize_price_index_lag3,0.0009203149650374272,pastoral,3
maize_price_index_lag6,0.0012239850412278954,pastoral,3
maize_price_index_lag12,0.002793644417355826,pastoral,3
maize_n_markets,0.00022778721824775626,pastoral,3
wheat_price_etb,0.0008793553832398393,pastoral,3
wheat_price_etb_lag1,0.0005845496711354627,pastoral,3
wheat_price_etb_lag3,0.0006180043466221687,pastoral,3
wheat_price_etb_lag6,0.0003222914098047182,pastoral,3
wheat_price_etb_lag12,0.005268132227791699,pastoral,3
wheat_price_index,0.0027181559821115374,pastoral,3
wheat_price_index_lag1,0.0004995743450552226,pastoral,3
wheat_price_index_lag3,0.00020636363798329547,pastoral,3
wheat_price_index_lag6,0.000915756811141094,pastoral,3
wheat_price_index_lag12,0.0012849195751322038,pastoral,3
wheat_n_markets,0.0003653728402992689,pastoral,3
sorghum_price_etb,0.00042052558609486555,pastoral,3
sorghum_price_etb_lag1,0.0002875290576723562,pastoral,3
sorghum_price_etb_lag3,0.0016045745525955532,pastoral,3
sorghum_price_etb_lag6,0.0017993098976671323,pastoral,3
sorghum_price_etb_lag12,0.0010074813136013228,pastoral,3
sorghum_price_index,0.000615396633171482,pastoral,3
sorghum_price_index_lag1,0.0005537700832459925,pastoral,3
sorghum_price_index_lag3,0.002358815927531532,pastoral,3
sorghum_price_index_lag6,0.0016358033228028987,pastoral,3
sorghum_price_index_lag12,0.0002707752339296489,pastoral,3
sorghum_n_markets,0.0006945729599601516,pastoral,3
teff_price_etb,0.0,pastoral,3
teff_price_etb_lag1,0.0,pastoral,3
teff_price_etb_lag3,0.0,pastoral,3
teff_price_etb_lag6,0.0,pastoral,3
teff_price_etb_lag12,0.0,pastoral,3
teff_price_index,0.0,pastoral,3
teff_price_index_lag1,0.0,pastoral,3
teff_price_index_lag3,0.0,pastoral,3
teff_price_index_lag6,0.0,pastoral,3
teff_price_index_lag12,0.0,pastoral,3
teff_n_markets,0.0,pastoral,3
fuel_diesel_price_etb,0.0,pastoral,3
fuel_diesel_price_etb_lag1,0.0,pastoral,3
fuel_diesel_price_etb_lag3,0.0,pastoral,3
fuel_diesel_price_etb_lag6,0.0,pastoral,3
fuel_diesel_price_etb_lag12,0.0,pastoral,3
fuel_diesel_price_index,0.0,pastoral,3
fuel_diesel_price_index_lag1,0.0,pastoral,3
fuel_diesel_price_index_lag3,0.0,pastoral,3
fuel_diesel_price_index_lag6,0.0,pastoral,3
fuel_diesel_price_index_lag12,0.0,pastoral,3
fuel_diesel_n_markets,0.0,pastoral,3
fuel_petrol_n_markets,0.0,pastoral,3
livestock_goat_price_etb,0.0,pastoral,3
livestock_goat_price_etb_lag1,0.0,pastoral,3
livestock_goat_price_etb_lag3,0.0,pastoral,3
livestock_goat_price_etb_lag6,0.0,pastoral,3
livestock_goat_price_etb_lag12,0.0,pastoral,3
livestock_goat_price_index,0.0,pastoral,3
livestock_goat_price_index_lag1,0.0,pastoral,3
livestock_goat_price_index_lag3,0.0,pastoral,3
livestock_goat_price_index_lag6,0.0,pastoral,3
livestock_goat_price_index_lag12,0.0,pastoral,3
livestock_goat_n_markets,9.89633628028763e-07,pastoral,3
livestock_sheep_price_etb,0.0,pastoral,3
livestock_sheep_price_etb_lag1,0.0,pastoral,3
livestock_sheep_price_etb_lag3,0.0,pastoral,3
livestock_sheep_price_etb_lag6,0.0,pastoral,3
livestock_sheep_price_etb_lag12,0.0,pastoral,3
livestock_sheep_price_index,0.0,pastoral,3
livestock_sheep_price_index_lag1,0.0,pastoral,3
livestock_sheep_price_index_lag3,0.0,pastoral,3
livestock_sheep_price_index_lag6,0.0,pastoral,3
livestock_sheep_price_index_lag12,0.0,pastoral,3
livestock_sheep_n_markets,1.2234637258755825e-05,pastoral,3
goat_maize_tot,0.0,pastoral,3
goat_maize_tot_lag1,0.0,pastoral,3
goat_maize_tot_lag3,0.0,pastoral,3
goat_maize_tot_lag6,0.0,pastoral,3
goat_maize_tot_lag12,0.0,pastoral,3
sheep_maize_tot,0.0,pastoral,3
sheep_maize_tot_lag1,0.0,pastoral,3
sheep_maize_tot_lag3,0.0,pastoral,3
sheep_maize_tot_lag6,0.0,pastoral,3
sheep_maize_tot_lag12,0.0,pastoral,3
maize_yield,0.011406042039643667,pastoral,3
maize_yield_anomaly,0.003739785980727165,pastoral,3
wheat_yield,0.0006335517314319626,pastoral,3
wheat_yield_anomaly,0.0008589057639574513,pastoral,3
sorghum_yield,0.0007821427345304454,pastoral,3
sorghum_yield_anomaly,0.0008754209640931799,pastoral,3
teff_yield,0.0005186323421124704,pastoral,3
teff_yield_anomaly,0.0008557616105186898,pastoral,3
headline_cpi,0.0007777864861818524,pastoral,3
headline_cpi_lag1,0.00287782892196122,pastoral,3
headline_cpi_lag3,0.006738280140889191,pastoral,3
headline_cpi_lag6,0.0020802806905613463,pastoral,3
headline_cpi_lag12,0.0018250506251461917,pastoral,3
headline_cpi_yoy_change,0.024503590212084418,pastoral,3
headline_cpi_yoy_change_lag1,0.009786260832184156,pastoral,3
headline_cpi_yoy_change_lag3,0.002708997474412806,pastoral,3
headline_cpi_yoy_change_lag6,0.0036270333210013366,pastoral,3
headline_cpi_yoy_change_lag12,0.013191370413393643,pastoral,3
food_cpi,0.009142267265579708,pastoral,3
food_cpi_lag1,0.0030603483389116805,pastoral,3
food_cpi_lag3,0.003919450224848854,pastoral,3
food_cpi_lag6,0.002696929414132349,pastoral,3
food_cpi_lag12,0.0006812256491120673,pastoral,3
food_cpi_yoy_change,0.0015755587436454424,pastoral,3
food_cpi_yoy_change_lag1,0.008628129070642481,pastoral,3
food_cpi_yoy_change_lag3,0.0022784657236153013,pastoral,3
food_cpi_yoy_change_lag6,0.026826934637743268,pastoral,3
food_cpi_yoy_change_lag12,0.008059926678536625,pastoral,3
headline_cpi_chainlinked,0.0009591382938230219,pastoral,3
headline_cpi_chainlinked_lag1,0.003570031148265568,pastoral,3
headline_cpi_chainlinked_lag3,0.008733978196878071,pastoral,3
headline_cpi_chainlinked_lag6,0.0012763986278660727,pastoral,3
headline_cpi_chainlinked_lag12,0.0014196127992956115,pastoral,3
food_cpi_chainlinked,0.006771680049528325,pastoral,3
food_cpi_chainlinked_lag1,0.00400478631073764,pastoral,3
food_cpi_chainlinked_lag3,0.00367708545408238,pastoral,3
food_cpi_chainlinked_lag6,0.0023934398605378452,pastoral,3
food_cpi_chainlinked_lag12,0.0004100027133774678,pastoral,3
exchange_rate,0.0024656838301874732,pastoral,3
exchange_rate_lag1,0.0013254368691553106,pastoral,3
exchange_rate_lag3,0.0002479821628497585,pastoral,3
exchange_rate_lag6,0.0006708545568380035,pastoral,3
exchange_rate_lag12,0.00047668907345578093,pastoral,3
exchange_rate_yoy_change,0.025216627738295774,pastoral,3
exchange_rate_yoy_change_lag1,0.009021721627550135,pastoral,3
exchange_rate_yoy_change_lag3,0.014277213822456083,pastoral,3
exchange_rate_yoy_change_lag6,0.011945025867313594,pastoral,3
exchange_rate_yoy_change_lag12,0.020192460998395164,pastoral,3
gdp_per_capita,0.000259106077042407,pastoral,3
gdp_per_capita_yoy_change,0.0020782296055653344,pastoral,3
total_refugees_hosted,0.00037954632254623937,pastoral,3
total_refugees_hosted_yoy_change,0.002192148422974955,pastoral,3
total_asylum_seekers_hosted,0.010667571064089543,pastoral,3
total_asylum_seekers_hosted_yoy_change,0.005228162272489698,pastoral,3
idps_ethiopia,2.5334256631277425e-05,pastoral,3
idps_ethiopia_yoy_change,0.0,pastoral,3
season_national_belg_meher,0.005591746583374152,pastoral,3
season_somali_gu_deyr,0.0057874965695631775,pastoral,3
months_since_assessment,0.0,agropastoral,3
pct_pastoral,0.004739496102785208,agropastoral,3
pct_agropastoral,0.015070576519416913,agropastoral,3
pct_crop_farming,0.015271390608084292,agropastoral,3
is_harvest_season,0.004396644418875863,agropastoral,3
is_lean_season,0.0011178772512706507,agropastoral,3
is_dry_season,0.00023522536558974317,agropastoral,3
months_since_harvest_start,0.005058185871115613,agropastoral,3
months_since_lean_start,0.06118709972875066,agropastoral,3
agss_surveyed_flag,0.001462689131898693,agropastoral,3
ipc_lag1,0.29605181541946,agropastoral,3
ipc_lag4,0.028545219208928274,agropastoral,3
ipc_lag8,0.021659019750574566,agropastoral,3
ipc_mean12,0.04286605728873403,agropastoral,3
ha_share_lag1,0.04770716899787961,agropastoral,3
ha_share_lag4,0.009012309912458825,agropastoral,3
ha_share_lag8,0.0229574778680706,agropastoral,3
ha_share_mean12,0.027865536585662945,agropastoral,3
acled_event_count,0.0005664405916173826,agropastoral,3
acled_fatalities,0.0002716609547924559,agropastoral,3
acled_event_count_political_violence,0.0008020039274933252,agropastoral,3
acled_fatalities_political_violence,0.0009328830243554592,agropastoral,3
acled_event_count_demonstrations,0.001642718790112057,agropastoral,3
acled_fatalities_demonstrations,0.0,agropastoral,3
acled_event_count_strategic_developments,0.0,agropastoral,3
acled_fatalities_strategic_developments,0.0,agropastoral,3
acled_event_count_lag1,0.0016396186382253092,agropastoral,3
acled_fatalities_lag1,0.0028432297397224774,agropastoral,3
acled_event_count_political_violence_lag1,0.001337481987120056,agropastoral,3
acled_fatalities_political_violence_lag1,0.0011803218880362012,agropastoral,3
acled_event_count_demonstrations_lag1,9.285089384217903e-05,agropastoral,3
acled_fatalities_demonstrations_lag1,0.0,agropastoral,3
acled_event_count_strategic_developments_lag1,0.00010635599727232686,agropastoral,3
acled_fatalities_strategic_developments_lag1,0.0,agropastoral,3
acled_event_count_lag3,0.0014745003877897715,agropastoral,3
acled_fatalities_lag3,0.002244232053621733,agropastoral,3
acled_event_count_political_violence_lag3,0.0040509478199800015,agropastoral,3
acled_fatalities_political_violence_lag3,0.003118213130695036,agropastoral,3
acled_event_count_demonstrations_lag3,0.0009835503001462862,agropastoral,3
acled_fatalities_demonstrations_lag3,0.0,agropastoral,3
acled_event_count_strategic_developments_lag3,0.0,agropastoral,3
acled_fatalities_strategic_developments_lag3,0.0,agropastoral,3
acled_event_count_lag6,0.004123434395932904,agropastoral,3
acled_fatalities_lag6,0.0045081322809701185,agropastoral,3
acled_event_count_political_violence_lag6,0.0020967997245191126,agropastoral,3
acled_fatalities_political_violence_lag6,0.0022795538918217147,agropastoral,3
acled_event_count_demonstrations_lag6,0.0020131015779453003,agropastoral,3
acled_fatalities_demonstrations_lag6,0.0004203493649684046,agropastoral,3
acled_event_count_strategic_developments_lag6,0.0002956660364836219,agropastoral,3
acled_fatalities_strategic_developments_lag6,0.0,agropastoral,3
acled_event_count_lag12,0.0020945880232805594,agropastoral,3
acled_fatalities_lag12,0.001036018150408868,agropastoral,3
acled_event_count_political_violence_lag12,0.0017967333156328753,agropastoral,3
acled_fatalities_political_violence_lag12,0.0009068856570441102,agropastoral,3
acled_event_count_demonstrations_lag12,0.0003475128559181499,agropastoral,3
acled_fatalities_demonstrations_lag12,0.0,agropastoral,3
acled_event_count_strategic_developments_lag12,0.0,agropastoral,3
acled_fatalities_strategic_developments_lag12,0.0,agropastoral,3
maize_price_etb,0.0013439741945355892,agropastoral,3
maize_price_etb_lag1,0.0022532685053336357,agropastoral,3
maize_price_etb_lag3,0.001193375423288317,agropastoral,3
maize_price_etb_lag6,0.00773514047115287,agropastoral,3
maize_price_etb_lag12,0.005365121794925956,agropastoral,3
maize_price_index,0.002308047143970011,agropastoral,3
maize_price_index_lag1,0.0022122523089586513,agropastoral,3
maize_price_index_lag3,0.0030959084495422607,agropastoral,3
maize_price_index_lag6,0.010084633951480479,agropastoral,3
maize_price_index_lag12,0.005791287039074886,agropastoral,3
maize_n_markets,0.0010228115875372018,agropastoral,3
wheat_price_etb,3.474606093397693e-05,agropastoral,3
wheat_price_etb_lag1,7.782214086822682e-05,agropastoral,3
wheat_price_etb_lag3,0.0005058474333637069,agropastoral,3
wheat_price_etb_lag6,8.914627454984171e-06,agropastoral,3
wheat_price_etb_lag12,3.5810589830374376e-07,agropastoral,3
wheat_price_index,0.0,agropastoral,3
wheat_price_index_lag1,5.261335033438897e-06,agropastoral,3
wheat_price_index_lag3,0.0001856689770906756,agropastoral,3
wheat_price_index_lag6,7.02177740936331e-05,agropastoral,3
wheat_price_index_lag12,4.821987819828384e-05,agropastoral,3
wheat_n_markets,0.0003553058728245062,agropastoral,3
sorghum_price_etb,0.003948288094277938,agropastoral,3
sorghum_price_etb_lag1,0.001214439318587979,agropastoral,3
sorghum_price_etb_lag3,0.0027999080106170366,agropastoral,3
sorghum_price_etb_lag6,0.004842954121465354,agropastoral,3
sorghum_price_etb_lag12,0.0032243766363775203,agropastoral,3
sorghum_price_index,0.020350493474077854,agropastoral,3
sorghum_price_index_lag1,0.003253044927098687,agropastoral,3
sorghum_price_index_lag3,0.01582712920891694,agropastoral,3
sorghum_price_index_lag6,0.006068974820200291,agropastoral,3
sorghum_price_index_lag12,0.008146633436906544,agropastoral,3
sorghum_n_markets,0.0018983373111910841,agropastoral,3
teff_price_etb,0.0,agropastoral,3
teff_price_etb_lag12,0.0,agropastoral,3
teff_n_markets,0.0,agropastoral,3
fuel_diesel_price_etb,0.0,agropastoral,3
fuel_diesel_price_etb_lag1,0.0,agropastoral,3
fuel_diesel_price_etb_lag3,0.0,agropastoral,3
fuel_diesel_price_etb_lag6,0.0,agropastoral,3
fuel_diesel_price_etb_lag12,0.0,agropastoral,3
fuel_diesel_n_markets,0.0,agropastoral,3
fuel_petrol_n_markets,0.0,agropastoral,3
livestock_goat_price_etb,0.0,agropastoral,3
livestock_goat_price_etb_lag1,4.2591736414377496e-07,agropastoral,3
livestock_goat_price_etb_lag3,0.0,agropastoral,3
livestock_goat_price_etb_lag6,0.0006776237043643023,agropastoral,3
livestock_goat_price_etb_lag12,0.0,agropastoral,3
livestock_goat_price_index,0.0,agropastoral,3
livestock_goat_price_index_lag1,0.0,agropastoral,3
livestock_goat_price_index_lag3,0.0,agropastoral,3
livestock_goat_price_index_lag6,0.0,agropastoral,3
livestock_goat_price_index_lag12,0.0,agropastoral,3
livestock_goat_n_markets,0.0,agropastoral,3
livestock_sheep_price_etb,0.0,agropastoral,3
livestock_sheep_price_etb_lag1,0.0,agropastoral,3
livestock_sheep_price_etb_lag3,0.0,agropastoral,3
livestock_sheep_price_etb_lag6,0.0,agropastoral,3
livestock_sheep_price_etb_lag12,0.0,agropastoral,3
livestock_sheep_price_index,0.0,agropastoral,3
livestock_sheep_price_index_lag1,0.0,agropastoral,3
livestock_sheep_price_index_lag3,0.0,agropastoral,3
livestock_sheep_price_index_lag6,0.0,agropastoral,3
livestock_sheep_price_index_lag12,0.0,agropastoral,3
livestock_sheep_n_markets,0.0,agropastoral,3
goat_maize_tot,0.0,agropastoral,3
goat_maize_tot_lag1,0.0,agropastoral,3
goat_maize_tot_lag3,0.0,agropastoral,3
goat_maize_tot_lag6,0.00033789983227433204,agropastoral,3
goat_maize_tot_lag12,0.0,agropastoral,3
sheep_maize_tot,5.213390800864357e-07,agropastoral,3
sheep_maize_tot_lag1,0.0,agropastoral,3
sheep_maize_tot_lag3,0.0,agropastoral,3
sheep_maize_tot_lag6,0.0,agropastoral,3
sheep_maize_tot_lag12,0.0,agropastoral,3
maize_yield,0.007427096398886795,agropastoral,3
maize_yield_anomaly,0.004270735155763887,agropastoral,3
wheat_yield,0.00201415996965783,agropastoral,3
wheat_yield_anomaly,0.002455061687536341,agropastoral,3
sorghum_yield,0.003527956922603398,agropastoral,3
sorghum_yield_anomaly,0.025502748620524186,agropastoral,3
teff_yield,0.0035501641176084817,agropastoral,3
teff_yield_anomaly,0.0024618176419251214,agropastoral,3
headline_cpi,0.00048225592930792923,agropastoral,3
headline_cpi_lag1,0.0006252041591813501,agropastoral,3
headline_cpi_lag3,0.0011653764995490372,agropastoral,3
headline_cpi_lag6,0.0019620587321387906,agropastoral,3
headline_cpi_lag12,0.00039216733571376496,agropastoral,3
headline_cpi_yoy_change,0.004770978697111632,agropastoral,3
headline_cpi_yoy_change_lag1,0.006908050328797532,agropastoral,3
headline_cpi_yoy_change_lag3,0.004764541108290472,agropastoral,3
headline_cpi_yoy_change_lag6,0.006774248744030479,agropastoral,3
headline_cpi_yoy_change_lag12,0.005233600906104185,agropastoral,3
food_cpi,0.000675500779288877,agropastoral,3
food_cpi_lag1,0.0009159693692315521,agropastoral,3
food_cpi_lag3,0.0012499847323292018,agropastoral,3
food_cpi_lag6,0.0015494487285583364,agropastoral,3
food_cpi_lag12,0.0005102099082309975,agropastoral,3
food_cpi_yoy_change,0.003558825481893575,agropastoral,3
food_cpi_yoy_change_lag1,0.0067230369359097064,agropastoral,3
food_cpi_yoy_change_lag3,0.005263288456487337,agropastoral,3
food_cpi_yoy_change_lag6,0.009554185811412631,agropastoral,3
food_cpi_yoy_change_lag12,0.007374476625384446,agropastoral,3
headline_cpi_chainlinked,0.0004446266545685335,agropastoral,3
headline_cpi_chainlinked_lag1,0.0001596199622788408,agropastoral,3
headline_cpi_chainlinked_lag3,0.0010900731849654932,agropastoral,3
headline_cpi_chainlinked_lag6,0.002325929537553685,agropastoral,3
headline_cpi_chainlinked_lag12,0.0005056372243626922,agropastoral,3
food_cpi_chainlinked,0.0003172756396744925,agropastoral,3
food_cpi_chainlinked_lag1,0.0007234097329750912,agropastoral,3
food_cpi_chainlinked_lag3,0.0016209627240869186,agropastoral,3
food_cpi_chainlinked_lag6,0.002890394141344843,agropastoral,3
food_cpi_chainlinked_lag12,0.00021653871325540985,agropastoral,3
exchange_rate,0.0002828775339650399,agropastoral,3
exchange_rate_lag1,0.000694420824960604,agropastoral,3
exchange_rate_lag3,0.0007878193225683587,agropastoral,3
exchange_rate_lag6,0.0003201751026805583,agropastoral,3
exchange_rate_lag12,0.000829520482451427,agropastoral,3
exchange_rate_yoy_change,0.006351401269420143,agropastoral,3
exchange_rate_yoy_change_lag1,0.00994794806179595,agropastoral,3
exchange_rate_yoy_change_lag3,0.018906215465531357,agropastoral,3
exchange_rate_yoy_change_lag6,0.02448042814294279,agropastoral,3
exchange_rate_yoy_change_lag12,0.026614842576504212,agropastoral,3
gdp_per_capita,0.0003188594491823293,agropastoral,3
gdp_per_capita_yoy_change,0.0026891681802092447,agropastoral,3
total_refugees_hosted,0.0001851093516621904,agropastoral,3
total_refugees_hosted_yoy_change,0.0021178095325530993,agropastoral,3
total_asylum_seekers_hosted,0.003488206415231994,agropastoral,3
total_asylum_seekers_hosted_yoy_change,0.002745547916708777,agropastoral,3
idps_ethiopia,0.0003659166230039655,agropastoral,3
idps_ethiopia_yoy_change,0.0,agropastoral,3
season_national_belg_meher,0.00017619491071101188,agropastoral,3
season_somali_gu_deyr,4.111288172919912e-05,agropastoral,3
months_since_assessment,0.0,crop_farming,3
pct_pastoral,0.0029777828208670176,crop_farming,3
pct_agropastoral,0.002139634979834716,crop_farming,3
pct_crop_farming,0.003877764033671622,crop_farming,3
is_harvest_season,0.0010757871769252604,crop_farming,3
is_lean_season,0.00024511841880191644,crop_farming,3
is_dry_season,0.00046185944530720334,crop_farming,3
months_since_harvest_start,0.0015731232369968371,crop_farming,3
months_since_lean_start,0.13839911584742987,crop_farming,3
agss_surveyed_flag,0.0007873991551923653,crop_farming,3
ipc_lag1,0.3278499036376764,crop_farming,3
ipc_lag4,0.017955275893878218,crop_farming,3
ipc_lag8,0.04420150028983108,crop_farming,3
ipc_mean12,0.06296332613218275,crop_farming,3
ha_share_lag1,0.035237566310781405,crop_farming,3
ha_share_lag4,0.007811096140994945,crop_farming,3
ha_share_lag8,0.011316379916439436,crop_farming,3
ha_share_mean12,0.023398474094802828,crop_farming,3
acled_event_count,0.0002562962432945467,crop_farming,3
acled_fatalities,5.160356682021537e-05,crop_farming,3
acled_event_count_political_violence,0.00012354604303095373,crop_farming,3
acled_fatalities_political_violence,8.709083364953346e-05,crop_farming,3
acled_event_count_demonstrations,0.00012810270609936144,crop_farming,3
acled_fatalities_demonstrations,2.6808660637369545e-05,crop_farming,3
acled_event_count_strategic_developments,0.0,crop_farming,3
acled_fatalities_strategic_developments,0.0,crop_farming,3
acled_event_count_lag1,0.00029336268915432446,crop_farming,3
acled_fatalities_lag1,5.5625992939856005e-05,crop_farming,3
acled_event_count_political_violence_lag1,0.00022997338480334028,crop_farming,3
acled_fatalities_political_violence_lag1,0.0001238999552166879,crop_farming,3
acled_event_count_demonstrations_lag1,0.0001957108565722278,crop_farming,3
acled_fatalities_demonstrations_lag1,2.7137042579580647e-05,crop_farming,3
acled_event_count_strategic_developments_lag1,0.0,crop_farming,3
acled_fatalities_strategic_developments_lag1,0.0,crop_farming,3
acled_event_count_lag3,0.00032448384523261147,crop_farming,3
acled_fatalities_lag3,0.00022937076808435887,crop_farming,3
acled_event_count_political_violence_lag3,0.00016739644960342583,crop_farming,3
acled_fatalities_political_violence_lag3,6.971078633572503e-05,crop_farming,3
acled_event_count_demonstrations_lag3,0.00019413765047267777,crop_farming,3
acled_fatalities_demonstrations_lag3,0.00014643255212053527,crop_farming,3
acled_event_count_strategic_developments_lag3,0.0,crop_farming,3
acled_fatalities_strategic_developments_lag3,0.0,crop_farming,3
acled_event_count_lag6,0.0003211698387705114,crop_farming,3
acled_fatalities_lag6,9.609703360010777e-05,crop_farming,3
acled_event_count_political_violence_lag6,4.8754456158342776e-05,crop_farming,3
acled_fatalities_political_violence_lag6,3.27953708562557e-05,crop_farming,3
acled_event_count_demonstrations_lag6,0.0001462318920833676,crop_farming,3
acled_fatalities_demonstrations_lag6,4.127660305494625e-06,crop_farming,3
acled_event_count_strategic_developments_lag6,1.754974871162961e-05,crop_farming,3
acled_fatalities_strategic_developments_lag6,0.0,crop_farming,3
acled_event_count_lag12,0.00015937085531419047,crop_farming,3
acled_fatalities_lag12,0.00012051549849404751,crop_farming,3
acled_event_count_political_violence_lag12,3.819473379123684e-05,crop_farming,3
acled_fatalities_political_violence_lag12,2.4212232530471994e-05,crop_farming,3
acled_event_count_demonstrations_lag12,1.2376309496380755e-05,crop_farming,3
acled_fatalities_demonstrations_lag12,1.1193664960094562e-10,crop_farming,3
acled_event_count_strategic_developments_lag12,0.0,crop_farming,3
acled_fatalities_strategic_developments_lag12,0.0,crop_farming,3
maize_price_etb,0.0007843307842296969,crop_farming,3
maize_price_etb_lag1,0.0004853094303494077,crop_farming,3
maize_price_etb_lag3,0.0014526270975072136,crop_farming,3
maize_price_etb_lag6,0.0013096007367556263,crop_farming,3
maize_price_etb_lag12,0.0018996633766197415,crop_farming,3
maize_price_index,0.001132889852448746,crop_farming,3
maize_price_index_lag1,0.0011416856843688308,crop_farming,3
maize_price_index_lag3,0.0014951809234584152,crop_farming,3
maize_price_index_lag6,0.0010747937466451729,crop_farming,3
maize_price_index_lag12,0.002254619742178478,crop_farming,3
maize_n_markets,0.00040207630699282457,crop_farming,3
wheat_price_etb,0.0015828765887695303,crop_farming,3
wheat_price_etb_lag1,0.0009649508909417532,crop_farming,3
wheat_price_etb_lag3,0.002039596149856595,crop_farming,3
wheat_price_etb_lag6,0.0019723308042144715,crop_farming,3
wheat_price_etb_lag12,0.0017012584758688174,crop_farming,3
wheat_price_index,0.0005169510591070659,crop_farming,3
wheat_price_index_lag1,0.0007352458441964143,crop_farming,3
wheat_price_index_lag3,0.0016452512176968386,crop_farming,3
wheat_price_index_lag6,0.0020410193054482676,crop_farming,3
wheat_price_index_lag12,0.000971916421885518,crop_farming,3
wheat_n_markets,0.0008074856147549818,crop_farming,3
sorghum_price_etb,0.0011252820960199414,crop_farming,3
sorghum_price_etb_lag1,0.000924316765937637,crop_farming,3
sorghum_price_etb_lag3,0.002297555379350743,crop_farming,3
sorghum_price_etb_lag6,0.0023438614574805387,crop_farming,3
sorghum_price_etb_lag12,0.002337516446671164,crop_farming,3
sorghum_price_index,0.004332627815004839,crop_farming,3
sorghum_price_index_lag1,0.0007498871404593802,crop_farming,3
sorghum_price_index_lag3,0.0023039914118592225,crop_farming,3
sorghum_price_index_lag6,0.0010015575177324942,crop_farming,3
sorghum_price_index_lag12,0.0008892404470448666,crop_farming,3
sorghum_n_markets,0.0007907011505749582,crop_farming,3
teff_price_etb,0.0,crop_farming,3
teff_price_etb_lag1,0.0,crop_farming,3
teff_price_etb_lag3,0.0,crop_farming,3
teff_price_etb_lag6,0.0,crop_farming,3
teff_price_etb_lag12,0.0,crop_farming,3
teff_price_index,0.0,crop_farming,3
teff_price_index_lag1,0.0,crop_farming,3
teff_price_index_lag3,0.0,crop_farming,3
teff_price_index_lag6,0.0,crop_farming,3
teff_price_index_lag12,0.0,crop_farming,3
teff_n_markets,0.0,crop_farming,3
fuel_diesel_price_etb,0.0,crop_farming,3
fuel_diesel_price_etb_lag1,0.0,crop_farming,3
fuel_diesel_price_etb_lag3,0.0,crop_farming,3
fuel_diesel_price_etb_lag6,0.0,crop_farming,3
fuel_diesel_price_etb_lag12,0.0,crop_farming,3
fuel_diesel_price_index,0.0,crop_farming,3
fuel_diesel_price_index_lag1,0.0,crop_farming,3
fuel_diesel_price_index_lag3,0.0,crop_farming,3
fuel_diesel_price_index_lag6,0.0,crop_farming,3
fuel_diesel_price_index_lag12,0.0,crop_farming,3
fuel_diesel_n_markets,0.0,crop_farming,3
fuel_petrol_price_etb,0.0,crop_farming,3
fuel_petrol_price_etb_lag1,0.0,crop_farming,3
fuel_petrol_price_etb_lag3,0.0,crop_farming,3
fuel_petrol_price_etb_lag6,0.0,crop_farming,3
fuel_petrol_price_etb_lag12,0.0,crop_farming,3
fuel_petrol_price_index,0.0,crop_farming,3
fuel_petrol_price_index_lag1,0.0,crop_farming,3
fuel_petrol_price_index_lag3,0.0,crop_farming,3
fuel_petrol_price_index_lag6,0.0,crop_farming,3
fuel_petrol_price_index_lag12,0.0,crop_farming,3
fuel_petrol_n_markets,0.0,crop_farming,3
livestock_goat_price_etb,0.0,crop_farming,3
livestock_goat_price_etb_lag1,0.0,crop_farming,3
livestock_goat_price_etb_lag3,0.0,crop_farming,3
livestock_goat_price_etb_lag6,0.0,crop_farming,3
livestock_goat_price_etb_lag12,0.0,crop_farming,3
livestock_goat_price_index,0.0,crop_farming,3
livestock_goat_price_index_lag1,0.0,crop_farming,3
livestock_goat_price_index_lag3,0.0,crop_farming,3
livestock_goat_price_index_lag6,0.0,crop_farming,3
livestock_goat_price_index_lag12,0.0,crop_farming,3
livestock_goat_n_markets,0.0,crop_farming,3
livestock_sheep_price_etb,0.0,crop_farming,3
livestock_sheep_price_etb_lag1,0.0,crop_farming,3
livestock_sheep_price_etb_lag3,0.0,crop_farming,3
livestock_sheep_price_etb_lag6,0.0,crop_farming,3
livestock_sheep_price_etb_lag12,0.0,crop_farming,3
livestock_sheep_price_index,0.0,crop_farming,3
livestock_sheep_price_index_lag1,0.0,crop_farming,3
livestock_sheep_price_index_lag3,0.0,crop_farming,3
livestock_sheep_price_index_lag6,0.0,crop_farming,3
livestock_sheep_price_index_lag12,0.0,crop_farming,3
livestock_sheep_n_markets,0.0,crop_farming,3
goat_maize_tot,0.0,crop_farming,3
goat_maize_tot_lag1,0.0,crop_farming,3
goat_maize_tot_lag3,0.0,crop_farming,3
goat_maize_tot_lag6,0.0,crop_farming,3
goat_maize_tot_lag12,0.0,crop_farming,3
sheep_maize_tot,0.0,crop_farming,3
sheep_maize_tot_lag1,0.0,crop_farming,3
sheep_maize_tot_lag3,0.0,crop_farming,3
sheep_maize_tot_lag6,0.0,crop_farming,3
sheep_maize_tot_lag12,0.0,crop_farming,3
maize_yield,0.01444464798740093,crop_farming,3
maize_yield_anomaly,0.00810575064171234,crop_farming,3
wheat_yield,0.006378803920634748,crop_farming,3
wheat_yield_anomaly,0.004452827519601996,crop_farming,3
sorghum_yield,0.0076657844037344046,crop_farming,3
sorghum_yield_anomaly,0.0075355673321721465,crop_farming,3
teff_yield,0.007099035230657309,crop_farming,3
teff_yield_anomaly,0.006964769008072705,crop_farming,3
headline_cpi,0.00036684155475161234,crop_farming,3
headline_cpi_lag1,0.0005858312940451814,crop_farming,3
headline_cpi_lag3,0.0010230144778043749,crop_farming,3
headline_cpi_lag6,0.00070951353867203,crop_farming,3
headline_cpi_lag12,0.0016635743822608546,crop_farming,3
headline_cpi_yoy_change,0.025531362874890353,crop_farming,3
headline_cpi_yoy_change_lag1,0.0036947988317876505,crop_farming,3
headline_cpi_yoy_change_lag3,0.01015625871596109,crop_farming,3
headline_cpi_yoy_change_lag6,0.003264335641186083,crop_farming,3
headline_cpi_yoy_change_lag12,0.00483443041698048,crop_farming,3
food_cpi,0.0005430108140001927,crop_farming,3
food_cpi_lag1,0.0006075973921874545,crop_farming,3
food_cpi_lag3,0.0005978005852211483,crop_farming,3
food_cpi_lag6,0.0006735381506326303,crop_farming,3
food_cpi_lag12,0.0005671346231977703,crop_farming,3
food_cpi_yoy_change,0.009992680234980929,crop_farming,3
food_cpi_yoy_change_lag1,0.010014132149612881,crop_farming,3
food_cpi_yoy_change_lag3,0.010357885101578779,crop_farming,3
food_cpi_yoy_change_lag6,0.02142297434014905,crop_farming,3
food_cpi_yoy_change_lag12,0.008334877394815214,crop_farming,3
headline_cpi_chainlinked,0.00046344663681161815,crop_farming,3
headline_cpi_chainlinked_lag1,0.0006594844265254602,crop_farming,3
headline_cpi_chainlinked_lag3,0.0010045408398845982,crop_farming,3
headline_cpi_chainlinked_lag6,0.000779755520112645,crop_farming,3
headline_cpi_chainlinked_lag12,0.001666832360077405,crop_farming,3
food_cpi_chainlinked,0.00039355860202637755,crop_farming,3
food_cpi_chainlinked_lag1,0.00117356040105118,crop_farming,3
food_cpi_chainlinked_lag3,0.0008076724790624756,crop_farming,3
food_cpi_chainlinked_lag6,0.0007623287822344771,crop_farming,3
food_cpi_chainlinked_lag12,0.0006024160089071357,crop_farming,3
exchange_rate,0.00038643963408444535,crop_farming,3
exchange_rate_lag1,0.00045818843350250765,crop_farming,3
exchange_rate_lag3,0.00041590065149975624,crop_farming,3
exchange_rate_lag6,0.0006163445120123758,crop_farming,3
exchange_rate_lag12,0.0008106493518037632,crop_farming,3
exchange_rate_yoy_change,0.002986794799020908,crop_farming,3
exchange_rate_yoy_change_lag1,0.004027434540662059,crop_farming,3
exchange_rate_yoy_change_lag3,0.004034565627941508,crop_farming,3
exchange_rate_yoy_change_lag6,0.004567263982231288,crop_farming,3
exchange_rate_yoy_change_lag12,0.0033307973323814153,crop_farming,3
gdp_per_capita,0.0003358507153115884,crop_farming,3
gdp_per_capita_yoy_change,0.00476990744025239,crop_farming,3
total_refugees_hosted,0.0002344412292487637,crop_farming,3
total_refugees_hosted_yoy_change,0.005594846759688433,crop_farming,3
total_asylum_seekers_hosted,0.02284877476481381,crop_farming,3
total_asylum_seekers_hosted_yoy_change,0.025083896999563742,crop_farming,3
idps_ethiopia,3.0165404338781122e-05,crop_farming,3
idps_ethiopia_yoy_change,0.0,crop_farming,3
season_benishangul_meher_only,1.0642751813358224e-05,crop_farming,3
season_national_belg_meher,2.33294716934646e-05,crop_farming,3
months_since_assessment,0.0,pastoral,4
pct_pastoral,0.016101791838181844,pastoral,4
pct_agropastoral,0.0172663695949761,pastoral,4
pct_crop_farming,0.02060781644313899,pastoral,4
is_harvest_season,0.0018447492834997743,pastoral,4
is_lean_season,0.00039479201962049645,pastoral,4
is_dry_season,0.0017276601259004882,pastoral,4
months_since_harvest_start,0.005506417944563043,pastoral,4
months_since_lean_start,0.03538825576404198,pastoral,4
agss_surveyed_flag,0.0031018925347307143,pastoral,4
ipc_lag1,0.31489865272598383,pastoral,4
ipc_lag4,0.030679464647019324,pastoral,4
ipc_lag8,0.11216943029852203,pastoral,4
ipc_mean12,0.05464449024486629,pastoral,4
ha_share_lag1,0.02163207751023183,pastoral,4
ha_share_lag4,0.01343943818701112,pastoral,4
ha_share_lag8,0.01177665471308592,pastoral,4
ha_share_mean12,0.016637276697373516,pastoral,4
acled_event_count,0.0011411689231224137,pastoral,4
acled_fatalities,0.0005778039391089382,pastoral,4
acled_event_count_political_violence,0.0002263891663326171,pastoral,4
acled_fatalities_political_violence,0.0005243700316300485,pastoral,4
acled_event_count_demonstrations,0.0005819681411965614,pastoral,4
acled_fatalities_demonstrations,0.0,pastoral,4
acled_event_count_strategic_developments,0.0,pastoral,4
acled_fatalities_strategic_developments,0.0,pastoral,4
acled_event_count_lag1,0.0007099926791257453,pastoral,4
acled_fatalities_lag1,0.0074200112211500685,pastoral,4
acled_event_count_political_violence_lag1,0.00011464222912947846,pastoral,4
acled_fatalities_political_violence_lag1,0.014944379024216347,pastoral,4
acled_event_count_demonstrations_lag1,0.00024658105388643075,pastoral,4
acled_fatalities_demonstrations_lag1,0.0001284931041019236,pastoral,4
acled_event_count_strategic_developments_lag1,0.0,pastoral,4
acled_fatalities_strategic_developments_lag1,0.0,pastoral,4
acled_event_count_lag3,0.0005853930903454039,pastoral,4
acled_fatalities_lag3,0.0002753015950812046,pastoral,4
acled_event_count_political_violence_lag3,0.00020431877353718205,pastoral,4
acled_fatalities_political_violence_lag3,0.00028972951419943544,pastoral,4
acled_event_count_demonstrations_lag3,4.817429262034208e-06,pastoral,4
acled_fatalities_demonstrations_lag3,0.0,pastoral,4
acled_event_count_strategic_developments_lag3,0.0,pastoral,4
acled_fatalities_strategic_developments_lag3,0.0,pastoral,4
acled_event_count_lag6,0.001094222082776351,pastoral,4
acled_fatalities_lag6,0.0006178069205078658,pastoral,4
acled_event_count_political_violence_lag6,0.000548236553732581,pastoral,4
acled_fatalities_political_violence_lag6,0.0006336283654578129,pastoral,4
acled_event_count_demonstrations_lag6,0.00021366259636386794,pastoral,4
acled_fatalities_demonstrations_lag6,0.0,pastoral,4
acled_event_count_strategic_developments_lag6,0.0,pastoral,4
acled_fatalities_strategic_developments_lag6,0.0,pastoral,4
acled_event_count_lag12,0.0016744632579950521,pastoral,4
acled_fatalities_lag12,0.0005692534063094076,pastoral,4
acled_event_count_political_violence_lag12,0.00045050120462269917,pastoral,4
acled_fatalities_political_violence_lag12,0.00032499937812043565,pastoral,4
acled_event_count_demonstrations_lag12,0.00010612675003671648,pastoral,4
acled_fatalities_demonstrations_lag12,0.0,pastoral,4
acled_event_count_strategic_developments_lag12,0.0,pastoral,4
acled_fatalities_strategic_developments_lag12,0.0,pastoral,4
maize_price_etb,0.0008646232353296119,pastoral,4
maize_price_etb_lag1,0.0008090173446304021,pastoral,4
maize_price_etb_lag3,0.0016347190838251256,pastoral,4
maize_price_etb_lag6,0.0003378636503794957,pastoral,4
maize_price_etb_lag12,0.0009362628868047392,pastoral,4
maize_price_index,0.0007908831808499471,pastoral,4
maize_price_index_lag1,0.0011815375991800685,pastoral,4
maize_price_index_lag3,0.0007043748141838727,pastoral,4
maize_price_index_lag6,0.0005211065893929865,pastoral,4
maize_price_index_lag12,0.0012206292338220678,pastoral,4
maize_n_markets,0.00024104557422990528,pastoral,4
wheat_price_etb,0.0002824241543447206,pastoral,4
wheat_price_etb_lag1,0.0003609253921199543,pastoral,4
wheat_price_etb_lag3,0.0008336321719767869,pastoral,4
wheat_price_etb_lag6,0.0002839423948928082,pastoral,4
wheat_price_etb_lag12,0.0020158730539909624,pastoral,4
wheat_price_index,0.00011051329376854481,pastoral,4
wheat_price_index_lag1,0.00017391752350740254,pastoral,4
wheat_price_index_lag3,7.732643674673902e-05,pastoral,4
wheat_price_index_lag6,0.00019911118991577828,pastoral,4
wheat_price_index_lag12,0.0006216975409979493,pastoral,4
wheat_n_markets,0.00019691496907262699,pastoral,4
sorghum_price_etb,0.0002769781057536455,pastoral,4
sorghum_price_etb_lag1,0.00045791877235541766,pastoral,4
sorghum_price_etb_lag3,0.0008665518532411199,pastoral,4
sorghum_price_etb_lag6,0.0003317530934069878,pastoral,4
sorghum_price_etb_lag12,0.0013197969645904464,pastoral,4
sorghum_price_index,0.0007820645065657158,pastoral,4
sorghum_price_index_lag1,0.00047637872814317684,pastoral,4
sorghum_price_index_lag3,0.002042216457489062,pastoral,4
sorghum_price_index_lag6,0.0015684033613478162,pastoral,4
sorghum_price_index_lag12,0.0003383148054515261,pastoral,4
sorghum_n_markets,0.000468832373600466,pastoral,4
teff_price_etb,0.0,pastoral,4
teff_price_etb_lag1,0.0,pastoral,4
teff_price_etb_lag3,0.0,pastoral,4
teff_price_etb_lag6,0.0,pastoral,4
teff_price_etb_lag12,0.0,pastoral,4
teff_price_index,0.0,pastoral,4
teff_price_index_lag1,0.0,pastoral,4
teff_price_index_lag3,0.0,pastoral,4
teff_price_index_lag6,0.0,pastoral,4
teff_price_index_lag12,0.0,pastoral,4
teff_n_markets,0.0,pastoral,4
fuel_diesel_price_etb,0.0,pastoral,4
fuel_diesel_price_etb_lag1,0.0,pastoral,4
fuel_diesel_price_etb_lag3,0.0,pastoral,4
fuel_diesel_price_etb_lag6,0.0,pastoral,4
fuel_diesel_price_etb_lag12,0.0,pastoral,4
fuel_diesel_price_index,0.0,pastoral,4
fuel_diesel_price_index_lag1,0.0,pastoral,4
fuel_diesel_price_index_lag3,0.0,pastoral,4
fuel_diesel_price_index_lag6,0.0,pastoral,4
fuel_diesel_price_index_lag12,0.0,pastoral,4
fuel_diesel_n_markets,0.0,pastoral,4
fuel_petrol_n_markets,0.0,pastoral,4
livestock_goat_price_etb,0.0,pastoral,4
livestock_goat_price_etb_lag1,0.0,pastoral,4
livestock_goat_price_etb_lag3,0.0,pastoral,4
livestock_goat_price_etb_lag6,0.0,pastoral,4
livestock_goat_price_etb_lag12,0.0,pastoral,4
livestock_goat_price_index,0.0,pastoral,4
livestock_goat_price_index_lag1,0.0,pastoral,4
livestock_goat_price_index_lag3,0.0,pastoral,4
livestock_goat_price_index_lag6,0.0,pastoral,4
livestock_goat_price_index_lag12,0.0,pastoral,4
livestock_goat_n_markets,0.0,pastoral,4
livestock_sheep_price_etb,0.0,pastoral,4
livestock_sheep_price_etb_lag1,0.0,pastoral,4
livestock_sheep_price_etb_lag3,0.0,pastoral,4
livestock_sheep_price_etb_lag6,0.0,pastoral,4
livestock_sheep_price_etb_lag12,0.0,pastoral,4
livestock_sheep_price_index,0.0,pastoral,4
livestock_sheep_price_index_lag1,0.0,pastoral,4
livestock_sheep_price_index_lag3,0.0,pastoral,4
livestock_sheep_price_index_lag6,0.0,pastoral,4
livestock_sheep_price_index_lag12,0.0,pastoral,4
livestock_sheep_n_markets,0.0,pastoral,4
goat_maize_tot,0.0,pastoral,4
goat_maize_tot_lag1,0.0,pastoral,4
goat_maize_tot_lag3,0.0,pastoral,4
goat_maize_tot_lag6,0.0,pastoral,4
goat_maize_tot_lag12,0.0,pastoral,4
sheep_maize_tot,0.0,pastoral,4
sheep_maize_tot_lag1,0.0,pastoral,4
sheep_maize_tot_lag3,0.0,pastoral,4
sheep_maize_tot_lag6,0.0,pastoral,4
sheep_maize_tot_lag12,0.0,pastoral,4
maize_yield,0.0060906392881359545,pastoral,4
maize_yield_anomaly,0.002089624711686081,pastoral,4
wheat_yield,0.00027293043317070054,pastoral,4
wheat_yield_anomaly,0.0004329235930985105,pastoral,4
sorghum_yield,0.0010471279724924446,pastoral,4
sorghum_yield_anomaly,0.0014567657039523457,pastoral,4
teff_yield,0.0007270367029938198,pastoral,4
teff_yield_anomaly,0.0015529014196498992,pastoral,4
headline_cpi,0.0011811778035904076,pastoral,4
headline_cpi_lag1,0.0019739146037098592,pastoral,4
headline_cpi_lag3,0.001690337859169412,pastoral,4
headline_cpi_lag6,0.0015541983852620505,pastoral,4
headline_cpi_lag12,0.002596316396404571,pastoral,4
headline_cpi_yoy_change,0.025544477139020784,pastoral,4
headline_cpi_yoy_change_lag1,0.0024600900267705353,pastoral,4
headline_cpi_yoy_change_lag3,0.002631986212317478,pastoral,4
headline_cpi_yoy_change_lag6,0.005464215819204362,pastoral,4
headline_cpi_yoy_change_lag12,0.037447042885282465,pastoral,4
food_cpi,0.0012693135257000846,pastoral,4
food_cpi_lag1,0.003676082865880968,pastoral,4
food_cpi_lag3,0.0026227782871407236,pastoral,4
food_cpi_lag6,0.0017507633325861871,pastoral,4
food_cpi_lag12,0.001758769044197255,pastoral,4
food_cpi_yoy_change,0.007413046214250337,pastoral,4
food_cpi_yoy_change_lag1,0.003185931784319889,pastoral,4
food_cpi_yoy_change_lag3,0.0027473538958842393,pastoral,4
food_cpi_yoy_change_lag6,0.010552348740825383,pastoral,4
food_cpi_yoy_change_lag12,0.009428235747169696,pastoral,4
headline_cpi_chainlinked,0.0010787517801036923,pastoral,4
headline_cpi_chainlinked_lag1,0.0019231993055068982,pastoral,4
headline_cpi_chainlinked_lag3,0.0015906535363809202,pastoral,4
headline_cpi_chainlinked_lag6,0.0013510909011973423,pastoral,4
headline_cpi_chainlinked_lag12,0.0024114128770317167,pastoral,4
food_cpi_chainlinked,0.0012412580670570217,pastoral,4
food_cpi_chainlinked_lag1,0.0031693764622471804,pastoral,4
food_cpi_chainlinked_lag3,0.0028029449299776838,pastoral,4
food_cpi_chainlinked_lag6,0.0014554084262794486,pastoral,4
food_cpi_chainlinked_lag12,0.0017704644505758325,pastoral,4
exchange_rate,0.0009923796462449554,pastoral,4
exchange_rate_lag1,0.0008922197259717861,pastoral,4
exchange_rate_lag3,0.0015627597027606623,pastoral,4
exchange_rate_lag6,0.00045699417550546076,pastoral,4
exchange_rate_lag12,0.000780715600470526,pastoral,4
exchange_rate_yoy_change,0.010719965346956635,pastoral,4
exchange_rate_yoy_change_lag1,0.016015462129934564,pastoral,4
exchange_rate_yoy_change_lag3,0.008096257724106083,pastoral,4
exchange_rate_yoy_change_lag6,0.0037405495608937114,pastoral,4
exchange_rate_yoy_change_lag12,0.008116442193380601,pastoral,4
gdp_per_capita,0.0006084975038509704,pastoral,4
gdp_per_capita_yoy_change,0.004076511107334055,pastoral,4
total_refugees_hosted,0.0005413623993535073,pastoral,4
total_refugees_hosted_yoy_change,0.007647334531262321,pastoral,4
total_asylum_seekers_hosted,0.006887252781599005,pastoral,4
total_asylum_seekers_hosted_yoy_change,0.006669274629445238,pastoral,4
idps_ethiopia,0.000339032325011827,pastoral,4
idps_ethiopia_yoy_change,0.0,pastoral,4
season_national_belg_meher,0.015078209179721863,pastoral,4
season_somali_gu_deyr,0.012012847265968116,pastoral,4
months_since_assessment,0.0,agropastoral,4
pct_pastoral,0.003514354802875539,agropastoral,4
pct_agropastoral,0.01942038152669465,agropastoral,4
pct_crop_farming,0.020256291467738753,agropastoral,4
is_harvest_season,0.000583107496581723,agropastoral,4
is_lean_season,0.0016123700614465702,agropastoral,4
is_dry_season,0.00043535767329892186,agropastoral,4
months_since_harvest_start,0.0034583806836155726,agropastoral,4
months_since_lean_start,0.0957487021688878,agropastoral,4
agss_surveyed_flag,0.0025772650209280384,agropastoral,4
ipc_lag1,0.33076559331228866,agropastoral,4
ipc_lag4,0.031801735218316786,agropastoral,4
ipc_lag8,0.01857133518427869,agropastoral,4
ipc_mean12,0.019746136376370023,agropastoral,4
ha_share_lag1,0.011642537812830776,agropastoral,4
ha_share_lag4,0.006295635659619338,agropastoral,4
ha_share_lag8,0.00938918364934564,agropastoral,4
ha_share_mean12,0.08408920814581977,agropastoral,4
acled_event_count,0.0021358058385094413,agropastoral,4
acled_fatalities,0.003750311605775181,agropastoral,4
acled_event_count_political_violence,0.001144999535728155,agropastoral,4
acled_fatalities_political_violence,0.004235615603771599,agropastoral,4
acled_event_count_demonstrations,0.0,agropastoral,4
acled_fatalities_demonstrations,0.0,agropastoral,4
acled_event_count_strategic_developments,0.0,agropastoral,4
acled_fatalities_strategic_developments,0.0,agropastoral,4
acled_event_count_lag1,0.0006443752730138495,agropastoral,4
acled_fatalities_lag1,0.0001841734278022641,agropastoral,4
acled_event_count_political_violence_lag1,0.00026303022698007984,agropastoral,4
acled_fatalities_political_violence_lag1,0.0002645303699840275,agropastoral,4
acled_event_count_demonstrations_lag1,9.660722538294533e-05,agropastoral,4
acled_fatalities_demonstrations_lag1,0.0,agropastoral,4
acled_event_count_strategic_developments_lag1,0.0012174859572073177,agropastoral,4
acled_fatalities_strategic_developments_lag1,0.0,agropastoral,4
acled_event_count_lag3,0.0008359308566779079,agropastoral,4
acled_fatalities_lag3,0.0009607790631937469,agropastoral,4
acled_event_count_political_violence_lag3,0.00041746831258589526,agropastoral,4
acled_fatalities_political_violence_lag3,0.0018844382363435157,agropastoral,4
acled_event_count_demonstrations_lag3,0.0,agropastoral,4
acled_fatalities_demonstrations_lag3,0.0,agropastoral,4
acled_event_count_strategic_developments_lag3,0.0,agropastoral,4
acled_fatalities_strategic_developments_lag3,0.0,agropastoral,4
acled_event_count_lag6,0.0052404442085174675,agropastoral,4
acled_fatalities_lag6,0.0026724323512876424,agropastoral,4
acled_event_count_political_violence_lag6,0.0005055435629030481,agropastoral,4
acled_fatalities_political_violence_lag6,0.000661824493539793,agropastoral,4
acled_event_count_demonstrations_lag6,0.0004546980112591792,agropastoral,4
acled_fatalities_demonstrations_lag6,0.0,agropastoral,4
acled_event_count_strategic_developments_lag6,0.00011275726431930484,agropastoral,4
acled_fatalities_strategic_developments_lag6,0.0,agropastoral,4
acled_event_count_lag12,0.0015274543877427966,agropastoral,4
acled_fatalities_lag12,0.0011682921787739033,agropastoral,4
acled_event_count_political_violence_lag12,0.00044603125921420137,agropastoral,4
acled_fatalities_political_violence_lag12,0.00031689980050144247,agropastoral,4
acled_event_count_demonstrations_lag12,0.0007887710141363507,agropastoral,4
acled_fatalities_demonstrations_lag12,0.0,agropastoral,4
acled_event_count_strategic_developments_lag12,0.0004348929292072675,agropastoral,4
acled_fatalities_strategic_developments_lag12,0.0,agropastoral,4
maize_price_etb,0.002072642395544806,agropastoral,4
maize_price_etb_lag1,0.0013757324614222884,agropastoral,4
maize_price_etb_lag3,0.0032791365325566904,agropastoral,4
maize_price_etb_lag6,0.001756994041387481,agropastoral,4
maize_price_etb_lag12,0.004731468519393459,agropastoral,4
maize_price_index,0.0009818746852740777,agropastoral,4
maize_price_index_lag1,0.0017409751047417338,agropastoral,4
maize_price_index_lag3,0.004637113866355544,agropastoral,4
maize_price_index_lag6,0.0039819371048404745,agropastoral,4
maize_price_index_lag12,0.002567394915016884,agropastoral,4
maize_n_markets,0.0005672079522146257,agropastoral,4
wheat_price_etb,8.645694236821222e-05,agropastoral,4
wheat_price_etb_lag1,0.0007739848234219677,agropastoral,4
wheat_price_etb_lag3,0.00021189111641522834,agropastoral,4
wheat_price_etb_lag6,0.006744992113896895,agropastoral,4
wheat_price_etb_lag12,6.310052546237331e-05,agropastoral,4
wheat_price_index,2.5354466637423643e-07,agropastoral,4
wheat_price_index_lag1,0.0003649347590993486,agropastoral,4
wheat_price_index_lag3,4.9343396689326385e-05,agropastoral,4
wheat_price_index_lag6,0.0012730450423532392,agropastoral,4
wheat_price_index_lag12,2.48482234038414e-06,agropastoral,4
wheat_n_markets,0.00015368484341990237,agropastoral,4
sorghum_price_etb,0.0008445227462424564,agropastoral,4
sorghum_price_etb_lag1,0.004514184694924859,agropastoral,4
sorghum_price_etb_lag3,0.0020998213894946665,agropastoral,4
sorghum_price_etb_lag6,0.003177064543916315,agropastoral,4
sorghum_price_etb_lag12,0.001356245727284625,agropastoral,4
sorghum_price_index,0.005525157070480865,agropastoral,4
sorghum_price_index_lag1,0.008336921153554036,agropastoral,4
sorghum_price_index_lag3,0.0043986152702990495,agropastoral,4
sorghum_price_index_lag6,0.009210320736426705,agropastoral,4
sorghum_price_index_lag12,0.0029000032036820885,agropastoral,4
sorghum_n_markets,0.0007861885766826814,agropastoral,4
teff_price_etb_lag3,0.0,agropastoral,4
teff_n_markets,0.0,agropastoral,4
fuel_diesel_price_etb,0.0,agropastoral,4
fuel_diesel_price_etb_lag1,0.0,agropastoral,4
fuel_diesel_price_etb_lag3,0.0,agropastoral,4
fuel_diesel_price_etb_lag6,0.0,agropastoral,4
fuel_diesel_price_etb_lag12,0.0,agropastoral,4
fuel_diesel_n_markets,0.0,agropastoral,4
fuel_petrol_n_markets,0.0,agropastoral,4
livestock_goat_price_etb,0.0,agropastoral,4
livestock_goat_price_etb_lag1,0.0,agropastoral,4
livestock_goat_price_etb_lag3,0.0,agropastoral,4
livestock_goat_price_etb_lag6,0.0,agropastoral,4
livestock_goat_price_etb_lag12,0.0,agropastoral,4
livestock_goat_price_index,0.0,agropastoral,4
livestock_goat_price_index_lag1,0.0,agropastoral,4
livestock_goat_price_index_lag3,0.0,agropastoral,4
livestock_goat_price_index_lag6,0.0,agropastoral,4
livestock_goat_price_index_lag12,0.0,agropastoral,4
livestock_goat_n_markets,1.941635203304992e-06,agropastoral,4
livestock_sheep_price_etb,0.0,agropastoral,4
livestock_sheep_price_etb_lag1,0.0,agropastoral,4
livestock_sheep_price_etb_lag3,8.074781397494679e-05,agropastoral,4
livestock_sheep_price_etb_lag6,0.0,agropastoral,4
livestock_sheep_price_etb_lag12,0.0,agropastoral,4
livestock_sheep_price_index,0.0,agropastoral,4
livestock_sheep_price_index_lag1,0.0,agropastoral,4
livestock_sheep_price_index_lag3,0.0,agropastoral,4
livestock_sheep_price_index_lag6,0.0,agropastoral,4
livestock_sheep_price_index_lag12,0.0,agropastoral,4
livestock_sheep_n_markets,0.0,agropastoral,4
goat_maize_tot,3.385572794519798e-06,agropastoral,4
goat_maize_tot_lag1,0.0,agropastoral,4
goat_maize_tot_lag3,0.0,agropastoral,4
goat_maize_tot_lag6,0.0,agropastoral,4
goat_maize_tot_lag12,3.1860633689019305e-05,agropastoral,4
sheep_maize_tot,2.9947523764013362e-06,agropastoral,4
sheep_maize_tot_lag1,0.0,agropastoral,4
sheep_maize_tot_lag3,0.0,agropastoral,4
sheep_maize_tot_lag6,0.0,agropastoral,4
sheep_maize_tot_lag12,2.351933542640131e-05,agropastoral,4
maize_yield,0.01005437092860798,agropastoral,4
maize_yield_anomaly,0.005318231568336265,agropastoral,4
wheat_yield,0.0006118304052362045,agropastoral,4
wheat_yield_anomaly,0.0050553914856320305,agropastoral,4
sorghum_yield,0.006896295752988235,agropastoral,4
sorghum_yield_anomaly,0.022533587190122908,agropastoral,4
teff_yield,0.002385826197407929,agropastoral,4
teff_yield_anomaly,0.0008061001245265007,agropastoral,4
headline_cpi,0.0007546773124259536,agropastoral,4
headline_cpi_lag1,0.0008197552064151984,agropastoral,4
headline_cpi_lag3,0.0014666537232973821,agropastoral,4
headline_cpi_lag6,0.001849073435492274,agropastoral,4
headline_cpi_lag12,0.0004990027249211002,agropastoral,4
headline_cpi_yoy_change,0.0066280374192713215,agropastoral,4
headline_cpi_yoy_change_lag1,0.003459747320789248,agropastoral,4
headline_cpi_yoy_change_lag3,0.012075849850941124,agropastoral,4
headline_cpi_yoy_change_lag6,0.014295152475922574,agropastoral,4
headline_cpi_yoy_change_lag12,0.025964464295626603,agropastoral,4
food_cpi,0.0018701416606562483,agropastoral,4
food_cpi_lag1,0.0021970403511362277,agropastoral,4
food_cpi_lag3,0.0013163402651831825,agropastoral,4
food_cpi_lag6,0.0009161443635986486,agropastoral,4
food_cpi_lag12,0.0005193458171042815,agropastoral,4
food_cpi_yoy_change,0.0048030330981311984,agropastoral,4
food_cpi_yoy_change_lag1,0.00427999646997717,agropastoral,4
food_cpi_yoy_change_lag3,0.00224461945556768,agropastoral,4
food_cpi_yoy_change_lag6,0.0042347774499621165,agropastoral,4
food_cpi_yoy_change_lag12,0.017047564762291852,agropastoral,4
headline_cpi_chainlinked,0.001174708673663649,agropastoral,4
headline_cpi_chainlinked_lag1,0.0006813630543405332,agropastoral,4
headline_cpi_chainlinked_lag3,0.0008905785098946435,agropastoral,4
headline_cpi_chainlinked_lag6,0.0009921045094577247,agropastoral,4
headline_cpi_chainlinked_lag12,0.0011568324621361705,agropastoral,4
food_cpi_chainlinked,0.0016078054197170958,agropastoral,4
food_cpi_chainlinked_lag1,0.001996429080760871,agropastoral,4
food_cpi_chainlinked_lag3,0.0009510425233430044,agropastoral,4
food_cpi_chainlinked_lag6,0.0017405243837392496,agropastoral,4
food_cpi_chainlinked_lag12,0.0005448894458337397,agropastoral,4
exchange_rate,0.0006466723430461051,agropastoral,4
exchange_rate_lag1,0.001277775482384472,agropastoral,4
exchange_rate_lag3,0.0009249122808409801,agropastoral,4
exchange_rate_lag6,0.0007396854996423206,agropastoral,4
exchange_rate_lag12,0.0006974990113977658,agropastoral,4
exchange_rate_yoy_change,0.012081653851049451,agropastoral,4
exchange_rate_yoy_change_lag1,0.004783070797926752,agropastoral,4
exchange_rate_yoy_change_lag3,0.004150205092307872,agropastoral,4
exchange_rate_yoy_change_lag6,0.0049065799512318774,agropastoral,4
exchange_rate_yoy_change_lag12,0.00716583326570325,agropastoral,4
gdp_per_capita,0.0006875826139431687,agropastoral,4
gdp_per_capita_yoy_change,0.004607270936849371,agropastoral,4
total_refugees_hosted,0.00039950385000710745,agropastoral,4
total_refugees_hosted_yoy_change,0.005225150576766289,agropastoral,4
total_asylum_seekers_hosted,0.0014039817242975298,agropastoral,4
total_asylum_seekers_hosted_yoy_change,0.004322424245031804,agropastoral,4
idps_ethiopia,0.0002745576777231801,agropastoral,4
idps_ethiopia_yoy_change,0.0,agropastoral,4
season_national_belg_meher,3.99932922985423e-05,agropastoral,4
season_somali_gu_deyr,4.300471246607824e-05,agropastoral,4
months_since_assessment,0.0,crop_farming,4
pct_pastoral,0.005054606436467294,crop_farming,4
pct_agropastoral,0.0023461022322051454,crop_farming,4
pct_crop_farming,0.005858509441391065,crop_farming,4
is_harvest_season,0.0004079111781762523,crop_farming,4
is_lean_season,0.00011202577372367431,crop_farming,4
is_dry_season,0.0001252868978530333,crop_farming,4
months_since_harvest_start,0.0008006106273956552,crop_farming,4
months_since_lean_start,0.09306563784813181,crop_farming,4
agss_surveyed_flag,0.00021671415390524056,crop_farming,4
ipc_lag1,0.3659471944371932,crop_farming,4
ipc_lag4,0.02017870466681772,crop_farming,4
ipc_lag8,0.04222263323353586,crop_farming,4
ipc_mean12,0.060573599665212405,crop_farming,4
ha_share_lag1,0.017900049094289806,crop_farming,4
ha_share_lag4,0.009238820890494224,crop_farming,4
ha_share_lag8,0.009211328668246794,crop_farming,4
ha_share_mean12,0.054269266918336855,crop_farming,4
acled_event_count,0.00040045448891952234,crop_farming,4
acled_fatalities,0.00016638715915323008,crop_farming,4
acled_event_count_political_violence,0.0016675689554403728,crop_farming,4
acled_fatalities_political_violence,0.00024324959421033698,crop_farming,4
acled_event_count_demonstrations,0.00022199341342116186,crop_farming,4
acled_fatalities_demonstrations,1.078982016336184e-05,crop_farming,4
acled_event_count_strategic_developments,1.1375648555584961e-08,crop_farming,4
acled_fatalities_strategic_developments,0.0,crop_farming,4
acled_event_count_lag1,0.00020436433055915365,crop_farming,4
acled_fatalities_lag1,0.00024162863458645638,crop_farming,4
acled_event_count_political_violence_lag1,5.4803490384389004e-05,crop_farming,4
acled_fatalities_political_violence_lag1,0.0008695762015730376,crop_farming,4
acled_event_count_demonstrations_lag1,9.476889903069564e-05,crop_farming,4
acled_fatalities_demonstrations_lag1,3.517362867284943e-06,crop_farming,4
acled_event_count_strategic_developments_lag1,1.8630023584460714e-10,crop_farming,4
acled_fatalities_strategic_developments_lag1,0.0,crop_farming,4
acled_event_count_lag3,0.00016047869465896284,crop_farming,4
acled_fatalities_lag3,4.651718910862592e-05,crop_farming,4
acled_event_count_political_violence_lag3,3.601329829204767e-05,crop_farming,4
acled_fatalities_political_violence_lag3,6.11427781856766e-05,crop_farming,4
acled_event_count_demonstrations_lag3,0.00010434398903800865,crop_farming,4
acled_fatalities_demonstrations_lag3,1.352309819605913e-06,crop_farming,4
acled_event_count_strategic_developments_lag3,0.0,crop_farming,4
acled_fatalities_strategic_developments_lag3,0.0,crop_farming,4
acled_event_count_lag6,0.0007411291204347187,crop_farming,4
acled_fatalities_lag6,0.0003419556306717981,crop_farming,4
acled_event_count_political_violence_lag6,0.0003418055711073297,crop_farming,4
acled_fatalities_political_violence_lag6,0.00029786744267666757,crop_farming,4
acled_event_count_demonstrations_lag6,0.0002717649771529623,crop_farming,4
acled_fatalities_demonstrations_lag6,1.61263472579753e-05,crop_farming,4
acled_event_count_strategic_developments_lag6,3.6892938620210725e-07,crop_farming,4
acled_fatalities_strategic_developments_lag6,0.0,crop_farming,4
acled_event_count_lag12,0.00022968187812808126,crop_farming,4
acled_fatalities_lag12,0.00019863014888184548,crop_farming,4
acled_event_count_political_violence_lag12,0.0001088437640807361,crop_farming,4
acled_fatalities_political_violence_lag12,0.00017397852151543978,crop_farming,4
acled_event_count_demonstrations_lag12,0.00015077335056212516,crop_farming,4
acled_fatalities_demonstrations_lag12,7.876091827253037e-05,crop_farming,4
acled_event_count_strategic_developments_lag12,0.0,crop_farming,4
acled_fatalities_strategic_developments_lag12,0.0,crop_farming,4
maize_price_etb,0.0003543044615890521,crop_farming,4
maize_price_etb_lag1,0.0009378171493318919,crop_farming,4
maize_price_etb_lag3,0.0005044707090850629,crop_farming,4
maize_price_etb_lag6,0.0006409464488537175,crop_farming,4
maize_price_etb_lag12,0.0015998633565291953,crop_farming,4
maize_price_index,0.0007527689529794624,crop_farming,4
maize_price_index_lag1,0.0007399246783281514,crop_farming,4
maize_price_index_lag3,0.0015011841515447251,crop_farming,4
maize_price_index_lag6,0.0016956305556886343,crop_farming,4
maize_price_index_lag12,0.0026822219257095917,crop_farming,4
maize_n_markets,0.00044929545776741794,crop_farming,4
wheat_price_etb,0.0005599533392354869,crop_farming,4
wheat_price_etb_lag1,0.0022349322446543695,crop_farming,4
wheat_price_etb_lag3,0.0012366408587668387,crop_farming,4
wheat_price_etb_lag6,0.000805805503832038,crop_farming,4
wheat_price_etb_lag12,0.0011018593836989161,crop_farming,4
wheat_price_index,0.0006477166522465726,crop_farming,4
wheat_price_index_lag1,0.0014508608039859395,crop_farming,4
wheat_price_index_lag3,0.0011321996305538283,crop_farming,4
wheat_price_index_lag6,0.0006288020659055743,crop_farming,4
wheat_price_index_lag12,0.0008526540227393582,crop_farming,4
wheat_n_markets,0.0006914772002359625,crop_farming,4
sorghum_price_etb,0.0011349745812454929,crop_farming,4
sorghum_price_etb_lag1,0.0015101093157615024,crop_farming,4
sorghum_price_etb_lag3,0.0028121733182552683,crop_farming,4
sorghum_price_etb_lag6,0.004532499044376,crop_farming,4
sorghum_price_etb_lag12,0.0016529933362711647,crop_farming,4
sorghum_price_index,0.0013594665180160414,crop_farming,4
sorghum_price_index_lag1,0.0010770031912631392,crop_farming,4
sorghum_price_index_lag3,0.001194835264485995,crop_farming,4
sorghum_price_index_lag6,0.0011359257420907201,crop_farming,4
sorghum_price_index_lag12,0.0005616866685054743,crop_farming,4
sorghum_n_markets,0.0005072694383874284,crop_farming,4
teff_price_etb,0.0,crop_farming,4
teff_price_etb_lag1,0.0,crop_farming,4
teff_price_etb_lag3,0.0,crop_farming,4
teff_price_etb_lag6,0.0,crop_farming,4
teff_price_etb_lag12,0.0,crop_farming,4
teff_price_index,0.0,crop_farming,4
teff_price_index_lag1,0.0,crop_farming,4
teff_price_index_lag3,0.0,crop_farming,4
teff_price_index_lag6,0.0,crop_farming,4
teff_price_index_lag12,0.0,crop_farming,4
teff_n_markets,0.0,crop_farming,4
fuel_diesel_price_etb,0.0,crop_farming,4
fuel_diesel_price_etb_lag1,0.0,crop_farming,4
fuel_diesel_price_etb_lag3,0.0,crop_farming,4
fuel_diesel_price_etb_lag6,0.0,crop_farming,4
fuel_diesel_price_etb_lag12,0.0,crop_farming,4
fuel_diesel_price_index,0.0,crop_farming,4
fuel_diesel_price_index_lag1,0.0,crop_farming,4
fuel_diesel_price_index_lag3,0.0,crop_farming,4
fuel_diesel_price_index_lag6,0.0,crop_farming,4
fuel_diesel_price_index_lag12,0.0,crop_farming,4
fuel_diesel_n_markets,0.0,crop_farming,4
fuel_petrol_price_etb,0.0,crop_farming,4
fuel_petrol_price_etb_lag1,0.0,crop_farming,4
fuel_petrol_price_etb_lag3,0.0,crop_farming,4
fuel_petrol_price_etb_lag6,0.0,crop_farming,4
fuel_petrol_price_etb_lag12,0.0,crop_farming,4
fuel_petrol_price_index,0.0,crop_farming,4
fuel_petrol_price_index_lag1,0.0,crop_farming,4
fuel_petrol_price_index_lag3,0.0,crop_farming,4
fuel_petrol_price_index_lag6,0.0,crop_farming,4
fuel_petrol_price_index_lag12,0.0,crop_farming,4
fuel_petrol_n_markets,0.0,crop_farming,4
livestock_goat_price_etb,0.0,crop_farming,4
livestock_goat_price_etb_lag1,0.0,crop_farming,4
livestock_goat_price_etb_lag3,0.0,crop_farming,4
livestock_goat_price_etb_lag6,0.0,crop_farming,4
livestock_goat_price_etb_lag12,0.0,crop_farming,4
livestock_goat_price_index,0.0,crop_farming,4
livestock_goat_price_index_lag1,0.0,crop_farming,4
livestock_goat_price_index_lag3,0.0,crop_farming,4
livestock_goat_price_index_lag6,0.0,crop_farming,4
livestock_goat_price_index_lag12,0.0,crop_farming,4
livestock_goat_n_markets,0.0,crop_farming,4
livestock_sheep_price_etb,0.0,crop_farming,4
livestock_sheep_price_etb_lag1,0.0,crop_farming,4
livestock_sheep_price_etb_lag3,0.0,crop_farming,4
livestock_sheep_price_etb_lag6,0.0,crop_farming,4
livestock_sheep_price_etb_lag12,0.0,crop_farming,4
livestock_sheep_price_index,0.0,crop_farming,4
livestock_sheep_price_index_lag1,0.0,crop_farming,4
livestock_sheep_price_index_lag3,0.0,crop_farming,4
livestock_sheep_price_index_lag6,0.0,crop_farming,4
livestock_sheep_price_index_lag12,0.0,crop_farming,4
livestock_sheep_n_markets,0.0,crop_farming,4
goat_maize_tot,0.0,crop_farming,4
goat_maize_tot_lag1,0.0,crop_farming,4
goat_maize_tot_lag3,0.0,crop_farming,4
goat_maize_tot_lag6,0.0,crop_farming,4
goat_maize_tot_lag12,0.0,crop_farming,4
sheep_maize_tot,0.0,crop_farming,4
sheep_maize_tot_lag1,0.0,crop_farming,4
sheep_maize_tot_lag3,0.0,crop_farming,4
sheep_maize_tot_lag6,0.0,crop_farming,4
sheep_maize_tot_lag12,0.0,crop_farming,4
maize_yield,0.01254053259056114,crop_farming,4
maize_yield_anomaly,0.009467297156910122,crop_farming,4
wheat_yield,0.006641861022673719,crop_farming,4
wheat_yield_anomaly,0.005801892053072551,crop_farming,4
sorghum_yield,0.01028347300865108,crop_farming,4
sorghum_yield_anomaly,0.008565366623337532,crop_farming,4
teff_yield,0.008913942810397948,crop_farming,4
teff_yield_anomaly,0.009334401895975742,crop_farming,4
headline_cpi,0.0005947237501118751,crop_farming,4
headline_cpi_lag1,0.0018300223024382241,crop_farming,4
headline_cpi_lag3,0.0006504252724150757,crop_farming,4
headline_cpi_lag6,0.0009854649247458365,crop_farming,4
headline_cpi_lag12,0.0027844283436465646,crop_farming,4
headline_cpi_yoy_change,0.0015584697832257558,crop_farming,4
headline_cpi_yoy_change_lag1,0.0015933648972087603,crop_farming,4
headline_cpi_yoy_change_lag3,0.002438063624515394,crop_farming,4
headline_cpi_yoy_change_lag6,0.017171432048627557,crop_farming,4
headline_cpi_yoy_change_lag12,0.006519512707826429,crop_farming,4
food_cpi,0.0008107509217603003,crop_farming,4
food_cpi_lag1,0.00044403872537012394,crop_farming,4
food_cpi_lag3,0.0007780735369928827,crop_farming,4
food_cpi_lag6,0.0006141313544301518,crop_farming,4
food_cpi_lag12,0.0004244921996248783,crop_farming,4
food_cpi_yoy_change,0.009887484684354346,crop_farming,4
food_cpi_yoy_change_lag1,0.03515622625178987,crop_farming,4
food_cpi_yoy_change_lag3,0.011857292968973879,crop_farming,4
food_cpi_yoy_change_lag6,0.0036928580646586563,crop_farming,4
food_cpi_yoy_change_lag12,0.0037655145863560576,crop_farming,4
headline_cpi_chainlinked,0.0005163961885287479,crop_farming,4
headline_cpi_chainlinked_lag1,0.0011684980321875833,crop_farming,4
headline_cpi_chainlinked_lag3,0.0007496678000041302,crop_farming,4
headline_cpi_chainlinked_lag6,0.000650578920647967,crop_farming,4
headline_cpi_chainlinked_lag12,0.002658506292275504,crop_farming,4
food_cpi_chainlinked,0.0007693114707921384,crop_farming,4
food_cpi_chainlinked_lag1,0.0005695706602441104,crop_farming,4
food_cpi_chainlinked_lag3,0.0007584136018547966,crop_farming,4
food_cpi_chainlinked_lag6,0.0005303012221770715,crop_farming,4
food_cpi_chainlinked_lag12,0.0003898248572693149,crop_farming,4
exchange_rate,0.00035984481483452625,crop_farming,4
exchange_rate_lag1,0.0005365761827166637,crop_farming,4
exchange_rate_lag3,0.00040435754465444653,crop_farming,4
exchange_rate_lag6,0.0004086191704190675,crop_farming,4
exchange_rate_lag12,0.00026198134824882463,crop_farming,4
exchange_rate_yoy_change,0.0065744493383034334,crop_farming,4
exchange_rate_yoy_change_lag1,0.009818138017583578,crop_farming,4
exchange_rate_yoy_change_lag3,0.0023706034788119374,crop_farming,4
exchange_rate_yoy_change_lag6,0.006242948256477074,crop_farming,4
exchange_rate_yoy_change_lag12,0.0103350766276156,crop_farming,4
gdp_per_capita,0.00013592094021257534,crop_farming,4
gdp_per_capita_yoy_change,0.004561853799554451,crop_farming,4
total_refugees_hosted,0.0002741757031208231,crop_farming,4
total_refugees_hosted_yoy_change,0.0037695070244197046,crop_farming,4
total_asylum_seekers_hosted,0.017265454145478976,crop_farming,4
total_asylum_seekers_hosted_yoy_change,0.016952677346820343,crop_farming,4
idps_ethiopia,7.332793088732154e-05,crop_farming,4
idps_ethiopia_yoy_change,0.0,crop_farming,4
season_benishangul_meher_only,2.0222715546802143e-05,crop_farming,4
season_national_belg_meher,1.7741550874834313e-05,crop_farming,4
months_since_assessment,0.0,pastoral,8
pct_pastoral,0.018286180860707713,pastoral,8
pct_agropastoral,0.010551167702751703,pastoral,8
pct_crop_farming,0.0210543640962348,pastoral,8
is_harvest_season,0.0009592130588132583,pastoral,8
is_lean_season,0.001806602036618312,pastoral,8
is_dry_season,0.0009831335539038826,pastoral,8
months_since_harvest_start,0.0030310658086451785,pastoral,8
months_since_lean_start,0.037501902966042604,pastoral,8
agss_surveyed_flag,0.0018925247066537098,pastoral,8
ipc_lag1,0.41273311383543426,pastoral,8
ipc_lag4,0.07888273615952475,pastoral,8
ipc_lag8,0.0638127588309158,pastoral,8
ipc_mean12,0.05712467420207819,pastoral,8
ha_share_lag1,0.009129114656879619,pastoral,8
ha_share_lag4,0.007746751153535309,pastoral,8
ha_share_lag8,0.012635237542214968,pastoral,8
ha_share_mean12,0.014363945764379264,pastoral,8
acled_event_count,0.0005159459413416351,pastoral,8
acled_fatalities,0.0021543594883638877,pastoral,8
acled_event_count_political_violence,9.115673802908779e-05,pastoral,8
acled_fatalities_political_violence,0.001241500740363995,pastoral,8
acled_event_count_demonstrations,0.00029449625334759127,pastoral,8
acled_fatalities_demonstrations,0.0,pastoral,8
acled_event_count_strategic_developments,0.0,pastoral,8
acled_fatalities_strategic_developments,0.0,pastoral,8
acled_event_count_lag1,0.001051662133477683,pastoral,8
acled_fatalities_lag1,0.0005192559394788945,pastoral,8
acled_event_count_political_violence_lag1,0.00017239192991351317,pastoral,8
acled_fatalities_political_violence_lag1,0.0005448860908313563,pastoral,8
acled_event_count_demonstrations_lag1,0.0007240219614250324,pastoral,8
acled_fatalities_demonstrations_lag1,1.1474453079121017e-05,pastoral,8
acled_event_count_strategic_developments_lag1,1.0514609354878659e-05,pastoral,8
acled_fatalities_strategic_developments_lag1,0.0,pastoral,8
acled_event_count_lag3,0.0003690187381671701,pastoral,8
acled_fatalities_lag3,2.427740370853397e-05,pastoral,8
acled_event_count_political_violence_lag3,1.3254095410150945e-05,pastoral,8
acled_fatalities_political_violence_lag3,5.8251025978462554e-05,pastoral,8
acled_event_count_demonstrations_lag3,3.335355010605395e-05,pastoral,8
acled_fatalities_demonstrations_lag3,0.0,pastoral,8
acled_event_count_strategic_developments_lag3,0.0,pastoral,8
acled_fatalities_strategic_developments_lag3,0.0,pastoral,8
acled_event_count_lag6,0.000730893814233958,pastoral,8
acled_fatalities_lag6,0.00031566443170317967,pastoral,8
acled_event_count_political_violence_lag6,0.00023974891239335642,pastoral,8
acled_fatalities_political_violence_lag6,0.00010004928138190763,pastoral,8
acled_event_count_demonstrations_lag6,0.0016580294361557362,pastoral,8
acled_fatalities_demonstrations_lag6,7.014573028904595e-05,pastoral,8
acled_event_count_strategic_developments_lag6,0.0,pastoral,8
acled_fatalities_strategic_developments_lag6,0.0,pastoral,8
acled_event_count_lag12,0.0010467334212297579,pastoral,8
acled_fatalities_lag12,0.001280608331142834,pastoral,8
acled_event_count_political_violence_lag12,0.0004954028433875505,pastoral,8
acled_fatalities_political_violence_lag12,0.0011967715572735152,pastoral,8
acled_event_count_demonstrations_lag12,1.6731002085576018e-05,pastoral,8
acled_fatalities_demonstrations_lag12,0.0,pastoral,8
acled_event_count_strategic_developments_lag12,0.0,pastoral,8
acled_fatalities_strategic_developments_lag12,0.0,pastoral,8
maize_price_etb,0.00034469991810048546,pastoral,8
maize_price_etb_lag1,0.0003102483797089314,pastoral,8
maize_price_etb_lag3,0.0002546387069990115,pastoral,8
maize_price_etb_lag6,0.0004970520066982566,pastoral,8
maize_price_etb_lag12,0.0005988404708841393,pastoral,8
maize_price_index,0.0002691776882804401,pastoral,8
maize_price_index_lag1,0.00016341814372651037,pastoral,8
maize_price_index_lag3,0.0005602849268235153,pastoral,8
maize_price_index_lag6,0.0007819674578178384,pastoral,8
maize_price_index_lag12,0.0002641577925813889,pastoral,8
maize_n_markets,8.828074861288087e-05,pastoral,8
wheat_price_etb,0.0004693689029467636,pastoral,8
wheat_price_etb_lag1,5.5661982188009805e-05,pastoral,8
wheat_price_etb_lag3,0.00026826052523607955,pastoral,8
wheat_price_etb_lag6,7.971547904889398e-05,pastoral,8
wheat_price_etb_lag12,0.0005574334123809274,pastoral,8
wheat_price_index,5.453293779717266e-05,pastoral,8
wheat_price_index_lag1,0.00013231617140244763,pastoral,8
wheat_price_index_lag3,0.00018634628732778352,pastoral,8
wheat_price_index_lag6,0.00045052574682475684,pastoral,8
wheat_price_index_lag12,0.00047220939816327917,pastoral,8
wheat_n_markets,0.00025964338791431985,pastoral,8
sorghum_price_etb,0.0002843057847129611,pastoral,8
sorghum_price_etb_lag1,4.593885055247687e-05,pastoral,8
sorghum_price_etb_lag3,0.00014140068064836254,pastoral,8
sorghum_price_etb_lag6,0.00020845431038147986,pastoral,8
sorghum_price_etb_lag12,0.0002209053768954519,pastoral,8
sorghum_price_index,0.00022638297953670244,pastoral,8
sorghum_price_index_lag1,0.00012819277756986904,pastoral,8
sorghum_price_index_lag3,0.0008784498144919836,pastoral,8
sorghum_price_index_lag6,0.0004418657806298553,pastoral,8
sorghum_price_index_lag12,0.0003948997431297578,pastoral,8
sorghum_n_markets,0.00020605243437339757,pastoral,8
teff_price_etb,0.0,pastoral,8
teff_price_etb_lag1,0.0,pastoral,8
teff_price_etb_lag3,0.0,pastoral,8
teff_price_etb_lag6,0.0,pastoral,8
teff_price_etb_lag12,0.0,pastoral,8
teff_price_index,0.0,pastoral,8
teff_price_index_lag1,0.0,pastoral,8
teff_price_index_lag3,0.0,pastoral,8
teff_price_index_lag6,0.0,pastoral,8
teff_price_index_lag12,0.0,pastoral,8
teff_n_markets,0.0,pastoral,8
fuel_diesel_price_etb,0.0,pastoral,8
fuel_diesel_price_etb_lag1,0.0,pastoral,8
fuel_diesel_price_etb_lag3,0.0,pastoral,8
fuel_diesel_price_etb_lag6,0.0,pastoral,8
fuel_diesel_price_etb_lag12,0.0,pastoral,8
fuel_diesel_price_index,0.0,pastoral,8
fuel_diesel_price_index_lag1,0.0,pastoral,8
fuel_diesel_price_index_lag3,0.0,pastoral,8
fuel_diesel_price_index_lag6,0.0,pastoral,8
fuel_diesel_price_index_lag12,0.0,pastoral,8
fuel_diesel_n_markets,0.0,pastoral,8
fuel_petrol_n_markets,0.0,pastoral,8
livestock_goat_price_etb,0.0,pastoral,8
livestock_goat_price_etb_lag1,0.0,pastoral,8
livestock_goat_price_etb_lag3,0.0,pastoral,8
livestock_goat_price_etb_lag6,0.0,pastoral,8
livestock_goat_price_etb_lag12,0.0,pastoral,8
livestock_goat_price_index,0.0,pastoral,8
livestock_goat_price_index_lag1,0.0,pastoral,8
livestock_goat_price_index_lag3,0.0,pastoral,8
livestock_goat_price_index_lag6,0.0,pastoral,8
livestock_goat_price_index_lag12,0.0,pastoral,8
livestock_goat_n_markets,1.9026805269183253e-06,pastoral,8
livestock_sheep_price_etb,0.0,pastoral,8
livestock_sheep_price_etb_lag1,0.0,pastoral,8
livestock_sheep_price_etb_lag3,0.0,pastoral,8
livestock_sheep_price_etb_lag6,0.0,pastoral,8
livestock_sheep_price_etb_lag12,0.0,pastoral,8
livestock_sheep_price_index,0.0,pastoral,8
livestock_sheep_price_index_lag1,0.0,pastoral,8
livestock_sheep_price_index_lag3,0.0,pastoral,8
livestock_sheep_price_index_lag6,0.0,pastoral,8
livestock_sheep_price_index_lag12,0.0,pastoral,8
livestock_sheep_n_markets,0.0,pastoral,8
goat_maize_tot,0.0,pastoral,8
goat_maize_tot_lag1,0.0,pastoral,8
goat_maize_tot_lag3,0.0,pastoral,8
goat_maize_tot_lag6,0.0,pastoral,8
goat_maize_tot_lag12,0.0,pastoral,8
sheep_maize_tot,0.0,pastoral,8
sheep_maize_tot_lag1,0.0,pastoral,8
sheep_maize_tot_lag3,7.878622097303074e-07,pastoral,8
sheep_maize_tot_lag6,0.0,pastoral,8
sheep_maize_tot_lag12,0.0,pastoral,8
maize_yield,0.009686014401259407,pastoral,8
maize_yield_anomaly,0.0020255725766311515,pastoral,8
wheat_yield,0.0004978243125980808,pastoral,8
wheat_yield_anomaly,0.0004508558832922524,pastoral,8
sorghum_yield,0.0007100183548793627,pastoral,8
sorghum_yield_anomaly,0.0004133108879073532,pastoral,8
teff_yield,0.0004627180389379547,pastoral,8
teff_yield_anomaly,0.0013950134606865875,pastoral,8
headline_cpi,0.002006506083975347,pastoral,8
headline_cpi_lag1,0.0019831797758403714,pastoral,8
headline_cpi_lag3,0.0023933753345031154,pastoral,8
headline_cpi_lag6,0.004705216958612777,pastoral,8
headline_cpi_lag12,0.0033400634641444892,pastoral,8
headline_cpi_yoy_change,0.003104552327212575,pastoral,8
headline_cpi_yoy_change_lag1,0.002078956363835192,pastoral,8
headline_cpi_yoy_change_lag3,0.008065585284436995,pastoral,8
headline_cpi_yoy_change_lag6,0.005161387168763467,pastoral,8
headline_cpi_yoy_change_lag12,0.01898540362812438,pastoral,8
food_cpi,0.0018576332250322739,pastoral,8
food_cpi_lag1,0.0024410054309090324,pastoral,8
food_cpi_lag3,0.003213816550280949,pastoral,8
food_cpi_lag6,0.0014768291997245616,pastoral,8
food_cpi_lag12,0.0017257541206644863,pastoral,8
food_cpi_yoy_change,0.007204502687391047,pastoral,8
food_cpi_yoy_change_lag1,0.0017516479058489385,pastoral,8
food_cpi_yoy_change_lag3,0.0019267033516188125,pastoral,8
food_cpi_yoy_change_lag6,0.003040223250274366,pastoral,8
food_cpi_yoy_change_lag12,0.006339752788074786,pastoral,8
headline_cpi_chainlinked,0.0017490572145962568,pastoral,8
headline_cpi_chainlinked_lag1,0.001753645508828292,pastoral,8
headline_cpi_chainlinked_lag3,0.0023690187029620957,pastoral,8
headline_cpi_chainlinked_lag6,0.00403368238500256,pastoral,8
headline_cpi_chainlinked_lag12,0.003252638785920187,pastoral,8
food_cpi_chainlinked,0.0015464385529725282,pastoral,8
food_cpi_chainlinked_lag1,0.0017227836158250694,pastoral,8
food_cpi_chainlinked_lag3,0.002310568704292158,pastoral,8
food_cpi_chainlinked_lag6,0.001410112192586026,pastoral,8
food_cpi_chainlinked_lag12,0.0015578763079671584,pastoral,8
exchange_rate,0.0020716230869210414,pastoral,8
exchange_rate_lag1,0.001376861576848462,pastoral,8
exchange_rate_lag3,0.002695023583105072,pastoral,8
exchange_rate_lag6,0.0011567156095519645,pastoral,8
exchange_rate_lag12,0.0015655958258246297,pastoral,8
exchange_rate_yoy_change,0.006193417746465314,pastoral,8
exchange_rate_yoy_change_lag1,0.00419866305670695,pastoral,8
exchange_rate_yoy_change_lag3,0.007536307358187919,pastoral,8
exchange_rate_yoy_change_lag6,0.007367954808238654,pastoral,8
exchange_rate_yoy_change_lag12,0.008324539423101192,pastoral,8
gdp_per_capita,0.0006235796483860773,pastoral,8
gdp_per_capita_yoy_change,0.0021148910281177883,pastoral,8
total_refugees_hosted,0.00103157500232038,pastoral,8
total_refugees_hosted_yoy_change,0.007987388294190462,pastoral,8
total_asylum_seekers_hosted,0.004625835912114241,pastoral,8
total_asylum_seekers_hosted_yoy_change,0.005649017526977568,pastoral,8
idps_ethiopia,9.277093307395483e-05,pastoral,8
idps_ethiopia_yoy_change,0.0,pastoral,8
season_national_belg_meher,0.015370402705832672,pastoral,8
season_somali_gu_deyr,0.022095185751513695,pastoral,8
months_since_assessment,0.0,agropastoral,8
pct_pastoral,0.004817578218608754,agropastoral,8
pct_agropastoral,0.03100252307215852,agropastoral,8
pct_crop_farming,0.03664243045518192,agropastoral,8
is_harvest_season,0.00028119690256276524,agropastoral,8
is_lean_season,7.042402923086899e-05,agropastoral,8
is_dry_season,7.403355982976246e-06,agropastoral,8
months_since_harvest_start,0.0021490237140527157,agropastoral,8
months_since_lean_start,0.010601679998708383,agropastoral,8
agss_surveyed_flag,0.008481632014163642,agropastoral,8
ipc_lag1,0.34013478892067256,agropastoral,8
ipc_lag4,0.025227576440715382,agropastoral,8
ipc_lag8,0.02143223353549317,agropastoral,8
ipc_mean12,0.06866291001257198,agropastoral,8
ha_share_lag1,0.01207945659184457,agropastoral,8
ha_share_lag4,0.007559798675675093,agropastoral,8
ha_share_lag8,0.0024794037979942877,agropastoral,8
ha_share_mean12,0.014580193219729611,agropastoral,8
acled_event_count,0.00267614810452583,agropastoral,8
acled_fatalities,0.000418792751940573,agropastoral,8
acled_event_count_political_violence,0.001511302071633454,agropastoral,8
acled_fatalities_political_violence,0.00016565675142948187,agropastoral,8
acled_event_count_demonstrations,0.0005872150380971453,agropastoral,8
acled_fatalities_demonstrations,0.0,agropastoral,8
acled_event_count_strategic_developments,0.0007317752014867436,agropastoral,8
acled_fatalities_strategic_developments,0.0,agropastoral,8
acled_event_count_lag1,0.0012741434534552503,agropastoral,8
acled_fatalities_lag1,0.02067257063689801,agropastoral,8
acled_event_count_political_violence_lag1,0.001036173405670665,agropastoral,8
acled_fatalities_political_violence_lag1,0.004914613266755252,agropastoral,8
acled_event_count_demonstrations_lag1,0.0003698126553044827,agropastoral,8
acled_fatalities_demonstrations_lag1,0.0,agropastoral,8
acled_event_count_strategic_developments_lag1,0.0,agropastoral,8
acled_fatalities_strategic_developments_lag1,0.0,agropastoral,8
acled_event_count_lag3,0.00021931026965771932,agropastoral,8
acled_fatalities_lag3,2.969768773084556e-05,agropastoral,8
acled_event_count_political_violence_lag3,0.00028071555027122356,agropastoral,8
acled_fatalities_political_violence_lag3,6.129299766075058e-05,agropastoral,8
acled_event_count_demonstrations_lag3,5.209977184028722e-07,agropastoral,8
acled_fatalities_demonstrations_lag3,0.0,agropastoral,8
acled_event_count_strategic_developments_lag3,0.0,agropastoral,8
acled_fatalities_strategic_developments_lag3,0.0,agropastoral,8
acled_event_count_lag6,0.00021249273972786116,agropastoral,8
acled_fatalities_lag6,0.0011948370225013342,agropastoral,8
acled_event_count_political_violence_lag6,0.00034935839978242426,agropastoral,8
acled_fatalities_political_violence_lag6,0.0003771191571985034,agropastoral,8
acled_event_count_demonstrations_lag6,0.00017114563387878308,agropastoral,8
acled_fatalities_demonstrations_lag6,0.0,agropastoral,8
acled_event_count_strategic_developments_lag6,0.0,agropastoral,8
acled_fatalities_strategic_developments_lag6,0.0,agropastoral,8
acled_event_count_lag12,0.0006383152267823558,agropastoral,8
acled_fatalities_lag12,0.0012952108342853667,agropastoral,8
acled_event_count_political_violence_lag12,0.00033257218724106364,agropastoral,8
acled_fatalities_political_violence_lag12,0.0009506201880685105,agropastoral,8
acled_event_count_demonstrations_lag12,0.00038019491026587443,agropastoral,8
acled_fatalities_demonstrations_lag12,0.0,agropastoral,8
acled_event_count_strategic_developments_lag12,0.0,agropastoral,8
acled_fatalities_strategic_developments_lag12,0.0,agropastoral,8
maize_price_etb,0.002157232208977278,agropastoral,8
maize_price_etb_lag1,0.0075236959327452755,agropastoral,8
maize_price_etb_lag3,0.0045896520244835485,agropastoral,8
maize_price_etb_lag6,0.008893431789477359,agropastoral,8
maize_price_etb_lag12,0.0069100995738096615,agropastoral,8
maize_price_index,0.0016616311074630907,agropastoral,8
maize_price_index_lag1,0.0041121134711834435,agropastoral,8
maize_price_index_lag3,0.007289927148838898,agropastoral,8
maize_price_index_lag6,0.031679899235035884,agropastoral,8
maize_price_index_lag12,0.0040326644085796485,agropastoral,8
maize_n_markets,0.0026169434287238234,agropastoral,8
wheat_price_etb,0.00014779707570339247,agropastoral,8
wheat_price_etb_lag1,0.00014399398605088258,agropastoral,8
wheat_price_etb_lag3,2.4194533722666055e-05,agropastoral,8
wheat_price_etb_lag6,0.003589877979393615,agropastoral,8
wheat_price_etb_lag12,0.00015313834098574895,agropastoral,8
wheat_price_index,1.6872737290739348e-06,agropastoral,8
wheat_price_index_lag1,4.785079268198232e-05,agropastoral,8
wheat_price_index_lag3,5.126583553113806e-08,agropastoral,8
wheat_price_index_lag6,3.2733391752225577e-07,agropastoral,8
wheat_price_index_lag12,4.074678221198255e-05,agropastoral,8
wheat_n_markets,8.964930416138945e-06,agropastoral,8
sorghum_price_etb,0.005880443464101905,agropastoral,8
sorghum_price_etb_lag1,0.003400493677730679,agropastoral,8
sorghum_price_etb_lag3,0.0006655199561803432,agropastoral,8
sorghum_price_etb_lag6,0.0015850021422070743,agropastoral,8
sorghum_price_etb_lag12,0.0018771616847554696,agropastoral,8
sorghum_price_index,0.0017920621193470638,agropastoral,8
sorghum_price_index_lag1,0.00511945249157392,agropastoral,8
sorghum_price_index_lag3,0.0016058057889324789,agropastoral,8
sorghum_price_index_lag6,0.010158148418754873,agropastoral,8
sorghum_price_index_lag12,0.0028711339130483003,agropastoral,8
sorghum_n_markets,0.002002384351934464,agropastoral,8
teff_price_etb_lag3,0.0,agropastoral,8
teff_n_markets,0.0,agropastoral,8
fuel_diesel_price_etb,0.0,agropastoral,8
fuel_diesel_price_etb_lag1,0.0,agropastoral,8
fuel_diesel_price_etb_lag3,0.0,agropastoral,8
fuel_diesel_price_etb_lag6,0.0,agropastoral,8
fuel_diesel_price_etb_lag12,0.0,agropastoral,8
fuel_diesel_n_markets,0.0,agropastoral,8
fuel_petrol_n_markets,0.0,agropastoral,8
livestock_goat_price_etb,6.08734144197001e-06,agropastoral,8
livestock_goat_price_etb_lag1,0.00014392791539027694,agropastoral,8
livestock_goat_price_etb_lag3,0.0,agropastoral,8
livestock_goat_price_etb_lag6,0.0,agropastoral,8
livestock_goat_price_etb_lag12,8.461792856232394e-05,agropastoral,8
livestock_goat_price_index,0.0,agropastoral,8
livestock_goat_price_index_lag1,0.0,agropastoral,8
livestock_goat_price_index_lag3,0.0,agropastoral,8
livestock_goat_price_index_lag6,0.0,agropastoral,8
livestock_goat_price_index_lag12,0.0,agropastoral,8
livestock_goat_n_markets,1.914008253445914e-05,agropastoral,8
livestock_sheep_price_etb,0.0,agropastoral,8
livestock_sheep_price_etb_lag1,0.0,agropastoral,8
livestock_sheep_price_etb_lag3,0.0,agropastoral,8
livestock_sheep_price_etb_lag6,0.0,agropastoral,8
livestock_sheep_price_etb_lag12,1.888941279498475e-05,agropastoral,8
livestock_sheep_price_index,0.0,agropastoral,8
livestock_sheep_price_index_lag1,0.0,agropastoral,8
livestock_sheep_price_index_lag3,0.0,agropastoral,8
livestock_sheep_price_index_lag6,0.0,agropastoral,8
livestock_sheep_price_index_lag12,0.0,agropastoral,8
livestock_sheep_n_markets,1.5153045447087356e-05,agropastoral,8
goat_maize_tot,6.626512354081609e-05,agropastoral,8
goat_maize_tot_lag1,3.533938276357823e-05,agropastoral,8
goat_maize_tot_lag3,0.0,agropastoral,8
goat_maize_tot_lag6,0.0,agropastoral,8
goat_maize_tot_lag12,0.0,agropastoral,8
sheep_maize_tot,5.146345143295383e-06,agropastoral,8
sheep_maize_tot_lag1,0.0,agropastoral,8
sheep_maize_tot_lag3,1.3878921785940577e-05,agropastoral,8
sheep_maize_tot_lag6,0.0,agropastoral,8
sheep_maize_tot_lag12,9.52497477237123e-06,agropastoral,8
maize_yield,0.008143122194091412,agropastoral,8
maize_yield_anomaly,0.007685379515491886,agropastoral,8
wheat_yield,0.0010687369651471192,agropastoral,8
wheat_yield_anomaly,0.003755078834668399,agropastoral,8
sorghum_yield,0.004084586719249652,agropastoral,8
sorghum_yield_anomaly,0.009672375835663168,agropastoral,8
teff_yield,0.0015663748413472474,agropastoral,8
teff_yield_anomaly,0.0019851773804178932,agropastoral,8
headline_cpi,0.0007108302621800184,agropastoral,8
headline_cpi_lag1,0.0007699630444177937,agropastoral,8
headline_cpi_lag3,0.0016724277376995527,agropastoral,8
headline_cpi_lag6,0.0006705686286716992,agropastoral,8
headline_cpi_lag12,0.0025660919110058796,agropastoral,8
headline_cpi_yoy_change,0.017190865787543395,agropastoral,8
headline_cpi_yoy_change_lag1,0.003889700611207761,agropastoral,8
headline_cpi_yoy_change_lag3,0.017196610282044587,agropastoral,8
headline_cpi_yoy_change_lag6,0.006267638327239124,agropastoral,8
headline_cpi_yoy_change_lag12,0.031762127434171665,agropastoral,8
food_cpi,0.0013909894901650347,agropastoral,8
food_cpi_lag1,0.0010987010189118331,agropastoral,8
food_cpi_lag3,0.0012856685170217622,agropastoral,8
food_cpi_lag6,0.0009255226876581892,agropastoral,8
food_cpi_lag12,0.0008402204696152754,agropastoral,8
food_cpi_yoy_change,0.003916756720738912,agropastoral,8
food_cpi_yoy_change_lag1,0.002434863781366609,agropastoral,8
food_cpi_yoy_change_lag3,0.004715207227626248,agropastoral,8
food_cpi_yoy_change_lag6,0.0029265450238267665,agropastoral,8
food_cpi_yoy_change_lag12,0.010458408390929852,agropastoral,8
headline_cpi_chainlinked,0.0005364124334538672,agropastoral,8
headline_cpi_chainlinked_lag1,0.0010084806075229004,agropastoral,8
headline_cpi_chainlinked_lag3,0.0005319774870172122,agropastoral,8
headline_cpi_chainlinked_lag6,0.0010783867235502882,agropastoral,8
headline_cpi_chainlinked_lag12,0.002155660591320764,agropastoral,8
food_cpi_chainlinked,0.0013931373946174336,agropastoral,8
food_cpi_chainlinked_lag1,0.0012792013650846476,agropastoral,8
food_cpi_chainlinked_lag3,0.0007202046245146458,agropastoral,8
food_cpi_chainlinked_lag6,0.0013486683836549213,agropastoral,8
food_cpi_chainlinked_lag12,0.001031907272423531,agropastoral,8
exchange_rate,0.0005545399608810945,agropastoral,8
exchange_rate_lag1,0.0006308789599797058,agropastoral,8
exchange_rate_lag3,0.0003684822589159703,agropastoral,8
exchange_rate_lag6,0.0008515008364448881,agropastoral,8
exchange_rate_lag12,0.0002246826527391324,agropastoral,8
exchange_rate_yoy_change,0.008213112720406597,agropastoral,8
exchange_rate_yoy_change_lag1,0.004159058636644181,agropastoral,8
exchange_rate_yoy_change_lag3,0.006947701892678067,agropastoral,8
exchange_rate_yoy_change_lag6,0.016632894755070328,agropastoral,8
exchange_rate_yoy_change_lag12,0.008525919103545299,agropastoral,8
gdp_per_capita,0.0001974355817146537,agropastoral,8
gdp_per_capita_yoy_change,0.0018367413952829798,agropastoral,8
total_refugees_hosted,0.0001970958169161133,agropastoral,8
total_refugees_hosted_yoy_change,0.010604474448835255,agropastoral,8
total_asylum_seekers_hosted,0.0034963645039540513,agropastoral,8
total_asylum_seekers_hosted_yoy_change,0.024383567242708782,agropastoral,8
idps_ethiopia,4.3713943689203495e-05,agropastoral,8
idps_ethiopia_yoy_change,0.0,agropastoral,8
season_national_belg_meher,0.00018741606248518658,agropastoral,8
season_somali_gu_deyr,0.0001464835018044946,agropastoral,8
months_since_assessment,0.0,crop_farming,8
pct_pastoral,0.008403326563675465,crop_farming,8
pct_agropastoral,0.0034765085777206956,crop_farming,8
pct_crop_farming,0.009694573557399956,crop_farming,8
is_harvest_season,0.0006691906325157084,crop_farming,8
is_lean_season,0.001098130107670031,crop_farming,8
is_dry_season,0.00010737873512725981,crop_farming,8
months_since_harvest_start,0.002066010846351087,crop_farming,8
months_since_lean_start,0.014012636195058253,crop_farming,8
agss_surveyed_flag,0.000277020669453742,crop_farming,8
ipc_lag1,0.31237445625446936,crop_farming,8
ipc_lag4,0.04707787214570713,crop_farming,8
ipc_lag8,0.02031514949739863,crop_farming,8
ipc_mean12,0.08114659436426067,crop_farming,8
ha_share_lag1,0.01607043821925865,crop_farming,8
ha_share_lag4,0.011309389266697048,crop_farming,8
ha_share_lag8,0.007943502271094591,crop_farming,8
ha_share_mean12,0.01762000074572652,crop_farming,8
acled_event_count,0.0011314017710405222,crop_farming,8
acled_fatalities,0.00033957645859960134,crop_farming,8
acled_event_count_political_violence,0.00013398850710195142,crop_farming,8
acled_fatalities_political_violence,0.00026701166871714085,crop_farming,8
acled_event_count_demonstrations,0.0004568202037100042,crop_farming,8
acled_fatalities_demonstrations,1.4306167424688733e-05,crop_farming,8
acled_event_count_strategic_developments,1.4489723216164401e-05,crop_farming,8
acled_fatalities_strategic_developments,0.0,crop_farming,8
acled_event_count_lag1,0.0007290848920215317,crop_farming,8
acled_fatalities_lag1,0.0009332864495867049,crop_farming,8
acled_event_count_political_violence_lag1,8.027435265986355e-05,crop_farming,8
acled_fatalities_political_violence_lag1,0.0011917332766147209,crop_farming,8
acled_event_count_demonstrations_lag1,0.00030855007022423435,crop_farming,8
acled_fatalities_demonstrations_lag1,0.0,crop_farming,8
acled_event_count_strategic_developments_lag1,3.3811559156799007e-07,crop_farming,8
acled_fatalities_strategic_developments_lag1,0.0,crop_farming,8
acled_event_count_lag3,0.000504299818611342,crop_farming,8
acled_fatalities_lag3,4.508811138902688e-05,crop_farming,8
acled_event_count_political_violence_lag3,5.99732857522957e-05,crop_farming,8
acled_fatalities_political_violence_lag3,0.00011058067007620527,crop_farming,8
acled_event_count_demonstrations_lag3,0.00033338866230402873,crop_farming,8
acled_fatalities_demonstrations_lag3,2.6724783055247035e-05,crop_farming,8
acled_event_count_strategic_developments_lag3,0.0,crop_farming,8
acled_fatalities_strategic_developments_lag3,0.0,crop_farming,8
acled_event_count_lag6,0.0006685714515992999,crop_farming,8
acled_fatalities_lag6,0.0012150856929866317,crop_farming,8
acled_event_count_political_violence_lag6,8.66396201380184e-05,crop_farming,8
acled_fatalities_political_violence_lag6,8.777187543970845e-05,crop_farming,8
acled_event_count_demonstrations_lag6,0.0018550576518977084,crop_farming,8
acled_fatalities_demonstrations_lag6,0.0005417833556080774,crop_farming,8
acled_event_count_strategic_developments_lag6,1.2302255662659788e-06,crop_farming,8
acled_fatalities_strategic_developments_lag6,0.0,crop_farming,8
acled_event_count_lag12,0.0005400178693546236,crop_farming,8
acled_fatalities_lag12,0.00010989440143608545,crop_farming,8
acled_event_count_political_violence_lag12,1.349477481170603e-05,crop_farming,8
acled_fatalities_political_violence_lag12,8.086475951950601e-05,crop_farming,8
acled_event_count_demonstrations_lag12,0.0006349748608044433,crop_farming,8
acled_fatalities_demonstrations_lag12,1.7650218343438817e-05,crop_farming,8
acled_event_count_strategic_developments_lag12,0.0,crop_farming,8
acled_fatalities_strategic_developments_lag12,0.0,crop_farming,8
maize_price_etb,0.0006112225225329088,crop_farming,8
maize_price_etb_lag1,0.002206644330229423,crop_farming,8
maize_price_etb_lag3,0.0011603482768743156,crop_farming,8
maize_price_etb_lag6,0.0014741255744262264,crop_farming,8
maize_price_etb_lag12,0.0006910202484377588,crop_farming,8
maize_price_index,0.0012099539872582592,crop_farming,8
maize_price_index_lag1,0.0014445254607813897,crop_farming,8
maize_price_index_lag3,0.0011119699036421134,crop_farming,8
maize_price_index_lag6,0.0012939443483356784,crop_farming,8
maize_price_index_lag12,0.0009749049515758172,crop_farming,8
maize_n_markets,0.001230319027819746,crop_farming,8
wheat_price_etb,0.0008256673941536804,crop_farming,8
wheat_price_etb_lag1,0.00254256632185467,crop_farming,8
wheat_price_etb_lag3,0.0012602199217292558,crop_farming,8
wheat_price_etb_lag6,0.000674439971208318,crop_farming,8
wheat_price_etb_lag12,0.0018599397149856437,crop_farming,8
wheat_price_index,0.0006627037302772842,crop_farming,8
wheat_price_index_lag1,0.0007596463695982871,crop_farming,8
wheat_price_index_lag3,0.0005631387025033613,crop_farming,8
wheat_price_index_lag6,0.0018661540672317367,crop_farming,8
wheat_price_index_lag12,0.0006725120962316332,crop_farming,8
wheat_n_markets,0.0012063017961234568,crop_farming,8
sorghum_price_etb,0.001972630770073175,crop_farming,8
sorghum_price_etb_lag1,0.0015425903375705084,crop_farming,8
sorghum_price_etb_lag3,0.0020282233531075857,crop_farming,8
sorghum_price_etb_lag6,0.0064161629840715564,crop_farming,8
sorghum_price_etb_lag12,0.0012575533931281871,crop_farming,8
sorghum_price_index,0.0018971388719946293,crop_farming,8
sorghum_price_index_lag1,0.0017613427992220739,crop_farming,8
sorghum_price_index_lag3,0.00041943915053856693,crop_farming,8
sorghum_price_index_lag6,0.0006622361709774191,crop_farming,8
sorghum_price_index_lag12,0.00040017903733865714,crop_farming,8
sorghum_n_markets,0.001321704164643679,crop_farming,8
teff_price_etb,0.0,crop_farming,8
teff_price_etb_lag1,0.0,crop_farming,8
teff_price_etb_lag3,0.0,crop_farming,8
teff_price_etb_lag6,0.0,crop_farming,8
teff_price_etb_lag12,0.0,crop_farming,8
teff_price_index,0.0,crop_farming,8
teff_price_index_lag1,0.0,crop_farming,8
teff_price_index_lag3,0.0,crop_farming,8
teff_price_index_lag6,0.0,crop_farming,8
teff_price_index_lag12,0.0,crop_farming,8
teff_n_markets,0.0,crop_farming,8
fuel_diesel_price_etb,0.0,crop_farming,8
fuel_diesel_price_etb_lag1,0.0,crop_farming,8
fuel_diesel_price_etb_lag3,0.0,crop_farming,8
fuel_diesel_price_etb_lag6,0.0,crop_farming,8
fuel_diesel_price_etb_lag12,0.0,crop_farming,8
fuel_diesel_price_index,0.0,crop_farming,8
fuel_diesel_price_index_lag1,0.0,crop_farming,8
fuel_diesel_price_index_lag3,0.0,crop_farming,8
fuel_diesel_price_index_lag6,0.0,crop_farming,8
fuel_diesel_price_index_lag12,0.0,crop_farming,8
fuel_diesel_n_markets,0.0,crop_farming,8
fuel_petrol_price_etb,0.0,crop_farming,8
fuel_petrol_price_etb_lag1,0.0,crop_farming,8
fuel_petrol_price_etb_lag3,0.0,crop_farming,8
fuel_petrol_price_etb_lag6,0.0,crop_farming,8
fuel_petrol_price_etb_lag12,0.0,crop_farming,8
fuel_petrol_price_index,0.0,crop_farming,8
fuel_petrol_price_index_lag1,0.0,crop_farming,8
fuel_petrol_price_index_lag3,0.0,crop_farming,8
fuel_petrol_price_index_lag6,0.0,crop_farming,8
fuel_petrol_price_index_lag12,0.0,crop_farming,8
fuel_petrol_n_markets,0.0,crop_farming,8
livestock_goat_price_etb,0.0,crop_farming,8
livestock_goat_price_etb_lag1,0.0,crop_farming,8
livestock_goat_price_etb_lag3,0.0,crop_farming,8
livestock_goat_price_etb_lag6,0.0,crop_farming,8
livestock_goat_price_etb_lag12,0.0,crop_farming,8
livestock_goat_price_index,0.0,crop_farming,8
livestock_goat_price_index_lag1,0.0,crop_farming,8
livestock_goat_price_index_lag3,0.0,crop_farming,8
livestock_goat_price_index_lag6,0.0,crop_farming,8
livestock_goat_price_index_lag12,0.0,crop_farming,8
livestock_goat_n_markets,0.0,crop_farming,8
livestock_sheep_price_etb,0.0,crop_farming,8
livestock_sheep_price_etb_lag1,0.0,crop_farming,8
livestock_sheep_price_etb_lag3,0.0,crop_farming,8
livestock_sheep_price_etb_lag6,0.0,crop_farming,8
livestock_sheep_price_etb_lag12,0.0,crop_farming,8
livestock_sheep_price_index,0.0,crop_farming,8
livestock_sheep_price_index_lag1,0.0,crop_farming,8
livestock_sheep_price_index_lag3,0.0,crop_farming,8
livestock_sheep_price_index_lag6,0.0,crop_farming,8
livestock_sheep_price_index_lag12,0.0,crop_farming,8
livestock_sheep_n_markets,0.0,crop_farming,8
goat_maize_tot,0.0,crop_farming,8
goat_maize_tot_lag1,0.0,crop_farming,8
goat_maize_tot_lag3,0.0,crop_farming,8
goat_maize_tot_lag6,0.0,crop_farming,8
goat_maize_tot_lag12,0.0,crop_farming,8
sheep_maize_tot,0.0,crop_farming,8
sheep_maize_tot_lag1,0.0,crop_farming,8
sheep_maize_tot_lag3,0.0,crop_farming,8
sheep_maize_tot_lag6,0.0,crop_farming,8
sheep_maize_tot_lag12,0.0,crop_farming,8
maize_yield,0.013092780086676838,crop_farming,8
maize_yield_anomaly,0.010993921647128589,crop_farming,8
wheat_yield,0.010795950000358065,crop_farming,8
wheat_yield_anomaly,0.006727072311620097,crop_farming,8
sorghum_yield,0.014213757959361611,crop_farming,8
sorghum_yield_anomaly,0.011480507873501251,crop_farming,8
teff_yield,0.014464377750878242,crop_farming,8
teff_yield_anomaly,0.010594243403899417,crop_farming,8
headline_cpi,0.0006542890002161539,crop_farming,8
headline_cpi_lag1,0.0011638966343160985,crop_farming,8
headline_cpi_lag3,0.0004005053769808506,crop_farming,8
headline_cpi_lag6,0.0005583257575273719,crop_farming,8
headline_cpi_lag12,0.004428775610008203,crop_farming,8
headline_cpi_yoy_change,0.001431715788343553,crop_farming,8
headline_cpi_yoy_change_lag1,0.0023274098965699063,crop_farming,8
headline_cpi_yoy_change_lag3,0.016681168290925263,crop_farming,8
headline_cpi_yoy_change_lag6,0.0014163772135841737,crop_farming,8
headline_cpi_yoy_change_lag12,0.001878748331373855,crop_farming,8
food_cpi,0.0005183830192991873,crop_farming,8
food_cpi_lag1,0.0003982384297661231,crop_farming,8
food_cpi_lag3,0.00045184822256352444,crop_farming,8
food_cpi_lag6,0.0003577704401170158,crop_farming,8
food_cpi_lag12,0.00044596079606747585,crop_farming,8
food_cpi_yoy_change,0.054665940214610555,crop_farming,8
food_cpi_yoy_change_lag1,0.004902346138164794,crop_farming,8
food_cpi_yoy_change_lag3,0.004736986962848583,crop_farming,8
food_cpi_yoy_change_lag6,0.004864081383385641,crop_farming,8
food_cpi_yoy_change_lag12,0.0024768602325930234,crop_farming,8
headline_cpi_chainlinked,0.0006513583094298638,crop_farming,8
headline_cpi_chainlinked_lag1,0.000835984211409828,crop_farming,8
headline_cpi_chainlinked_lag3,0.0004025041903453484,crop_farming,8
headline_cpi_chainlinked_lag6,0.0005788500900275824,crop_farming,8
headline_cpi_chainlinked_lag12,0.0038960432497140447,crop_farming,8
food_cpi_chainlinked,0.0007141363626212382,crop_farming,8
food_cpi_chainlinked_lag1,0.0006758475169471361,crop_farming,8
food_cpi_chainlinked_lag3,0.00037960676135888197,crop_farming,8
food_cpi_chainlinked_lag6,0.00043746630907037445,crop_farming,8
food_cpi_chainlinked_lag12,0.0007152500356154961,crop_farming,8
exchange_rate,0.0002744300631259501,crop_farming,8
exchange_rate_lag1,0.0003935092569726704,crop_farming,8
exchange_rate_lag3,0.00044101009366439377,crop_farming,8
exchange_rate_lag6,0.00040445555422960266,crop_farming,8
exchange_rate_lag12,0.00031870509183220516,crop_farming,8
exchange_rate_yoy_change,0.045775484361504436,crop_farming,8
exchange_rate_yoy_change_lag1,0.004721469945994421,crop_farming,8
exchange_rate_yoy_change_lag3,0.004181618707787211,crop_farming,8
exchange_rate_yoy_change_lag6,0.007887635521636611,crop_farming,8
exchange_rate_yoy_change_lag12,0.10788665559038997,crop_farming,8
gdp_per_capita,0.00018224438557292472,crop_farming,8
gdp_per_capita_yoy_change,0.0017781975719052246,crop_farming,8
total_refugees_hosted,0.00025445427657342946,crop_farming,8
total_refugees_hosted_yoy_change,0.0025441867250072894,crop_farming,8
total_asylum_seekers_hosted,0.0009540903658085015,crop_farming,8
total_asylum_seekers_hosted_yoy_change,0.002434036210850108,crop_farming,8
idps_ethiopia,7.199485983063325e-08,crop_farming,8
idps_ethiopia_yoy_change,0.0,crop_farming,8
season_benishangul_meher_only,0.0004756277874103489,crop_farming,8
season_national_belg_meher,0.0005052285403855609,crop_farming,8
months_since_assessment,0.0,pastoral,12
pct_pastoral,0.021141559047644323,pastoral,12
pct_agropastoral,0.009482012711017384,pastoral,12
pct_crop_farming,0.02174440197874371,pastoral,12
is_harvest_season,0.0005065009899038434,pastoral,12
is_lean_season,0.0006603862591999234,pastoral,12
is_dry_season,0.0007079008905548194,pastoral,12
months_since_harvest_start,0.0024242677788477054,pastoral,12
months_since_lean_start,0.038020754879892794,pastoral,12
agss_surveyed_flag,0.0017494887218902962,pastoral,12
ipc_lag1,0.5340413762393125,pastoral,12
ipc_lag4,0.07428904645861147,pastoral,12
ipc_lag8,0.02454196325349717,pastoral,12
ipc_mean12,0.02844497853613518,pastoral,12
ha_share_lag1,0.008966108187797845,pastoral,12
ha_share_lag4,0.006463159543753199,pastoral,12
ha_share_lag8,0.005495699608732855,pastoral,12
ha_share_mean12,0.011729271158960854,pastoral,12
acled_event_count,0.0003794056207709487,pastoral,12
acled_fatalities,8.283221101129372e-05,pastoral,12
acled_event_count_political_violence,6.589453113083134e-05,pastoral,12
acled_fatalities_political_violence,1.1042569714128582e-05,pastoral,12
acled_event_count_demonstrations,0.00041310537606253136,pastoral,12
acled_fatalities_demonstrations,0.0,pastoral,12
acled_event_count_strategic_developments,0.0,pastoral,12
acled_fatalities_strategic_developments,0.0,pastoral,12
acled_event_count_lag1,0.0004969262826952458,pastoral,12
acled_fatalities_lag1,0.00020860239764474805,pastoral,12
acled_event_count_political_violence_lag1,0.00031966022098620664,pastoral,12
acled_fatalities_political_violence_lag1,0.0005416022711208193,pastoral,12
acled_event_count_demonstrations_lag1,0.000171246411867303,pastoral,12
acled_fatalities_demonstrations_lag1,0.0,pastoral,12
acled_event_count_strategic_developments_lag1,1.4362130498851192e-05,pastoral,12
acled_fatalities_strategic_developments_lag1,0.0,pastoral,12
acled_event_count_lag3,0.0005569603715182953,pastoral,12
acled_fatalities_lag3,9.825049567997714e-05,pastoral,12
acled_event_count_political_violence_lag3,0.00010142177256948989,pastoral,12
acled_fatalities_political_violence_lag3,0.0001060197872278453,pastoral,12
acled_event_count_demonstrations_lag3,1.616557967059008e-05,pastoral,12
acled_fatalities_demonstrations_lag3,0.0,pastoral,12
acled_event_count_strategic_developments_lag3,0.0,pastoral,12
acled_fatalities_strategic_developments_lag3,0.0,pastoral,12
acled_event_count_lag6,0.00042926580762144755,pastoral,12
acled_fatalities_lag6,0.00018576642469619214,pastoral,12
acled_event_count_political_violence_lag6,0.00022382873502600162,pastoral,12
acled_fatalities_political_violence_lag6,0.00012104675925115936,pastoral,12
acled_event_count_demonstrations_lag6,0.00025002440425421637,pastoral,12
acled_fatalities_demonstrations_lag6,0.0,pastoral,12
acled_event_count_strategic_developments_lag6,0.0,pastoral,12
acled_fatalities_strategic_developments_lag6,0.0,pastoral,12
acled_event_count_lag12,0.00027101869865124595,pastoral,12
acled_fatalities_lag12,0.0006065251890413656,pastoral,12
acled_event_count_political_violence_lag12,0.0003147157716728838,pastoral,12
acled_fatalities_political_violence_lag12,0.000989423028988743,pastoral,12
acled_event_count_demonstrations_lag12,2.0363438473472698e-05,pastoral,12
acled_fatalities_demonstrations_lag12,0.0,pastoral,12
acled_event_count_strategic_developments_lag12,0.0,pastoral,12
acled_fatalities_strategic_developments_lag12,0.0,pastoral,12
maize_price_etb,8.050026848870465e-05,pastoral,12
maize_price_etb_lag1,2.391055884395836e-05,pastoral,12
maize_price_etb_lag3,0.00013719648163410615,pastoral,12
maize_price_etb_lag6,4.4253826452060214e-05,pastoral,12
maize_price_etb_lag12,0.001169630305677331,pastoral,12
maize_price_index,0.00016300620454129847,pastoral,12
maize_price_index_lag1,0.00024368504808843904,pastoral,12
maize_price_index_lag3,0.00014862816608724925,pastoral,12
maize_price_index_lag6,0.0002547826815777237,pastoral,12
maize_price_index_lag12,0.0003243269911242803,pastoral,12
maize_n_markets,0.00011863686808141062,pastoral,12
wheat_price_etb,0.00011410961787726076,pastoral,12
wheat_price_etb_lag1,5.7374470131370645e-05,pastoral,12
wheat_price_etb_lag3,0.0005554835321542481,pastoral,12
wheat_price_etb_lag6,0.00025286940648466875,pastoral,12
wheat_price_etb_lag12,0.000239859513123502,pastoral,12
wheat_price_index,0.0001816812256523674,pastoral,12
wheat_price_index_lag1,0.0002581515710833046,pastoral,12
wheat_price_index_lag3,0.0015698769531687696,pastoral,12
wheat_price_index_lag6,0.00012415617203893358,pastoral,12
wheat_price_index_lag12,0.00015865824645679713,pastoral,12
wheat_n_markets,5.461886294010401e-05,pastoral,12
sorghum_price_etb,9.43064468827231e-06,pastoral,12
sorghum_price_etb_lag1,1.8857800451636952e-05,pastoral,12
sorghum_price_etb_lag3,0.00011564112451687928,pastoral,12
sorghum_price_etb_lag6,0.0004209433586685982,pastoral,12
sorghum_price_etb_lag12,0.0001808189869560073,pastoral,12
sorghum_price_index,2.914564572831715e-05,pastoral,12
sorghum_price_index_lag1,3.8668904174336575e-05,pastoral,12
sorghum_price_index_lag3,4.7745563458842075e-05,pastoral,12
sorghum_price_index_lag6,7.048338274793654e-05,pastoral,12
sorghum_price_index_lag12,0.00019067465389249554,pastoral,12
sorghum_n_markets,3.814930897189449e-05,pastoral,12
teff_price_etb,0.0,pastoral,12
teff_price_etb_lag1,0.0,pastoral,12
teff_price_etb_lag3,0.0,pastoral,12
teff_price_etb_lag6,0.0,pastoral,12
teff_price_etb_lag12,0.0,pastoral,12
teff_price_index,0.0,pastoral,12
teff_price_index_lag1,0.0,pastoral,12
teff_price_index_lag3,0.0,pastoral,12
teff_price_index_lag6,0.0,pastoral,12
teff_price_index_lag12,0.0,pastoral,12
teff_n_markets,0.0,pastoral,12
fuel_diesel_price_etb,0.0,pastoral,12
fuel_diesel_price_etb_lag1,0.0,pastoral,12
fuel_diesel_price_etb_lag3,0.0,pastoral,12
fuel_diesel_price_etb_lag6,0.0,pastoral,12
fuel_diesel_price_etb_lag12,0.0,pastoral,12
fuel_diesel_price_index,0.0,pastoral,12
fuel_diesel_price_index_lag1,0.0,pastoral,12
fuel_diesel_price_index_lag3,0.0,pastoral,12
fuel_diesel_price_index_lag6,0.0,pastoral,12
fuel_diesel_price_index_lag12,0.0,pastoral,12
fuel_diesel_n_markets,0.0,pastoral,12
fuel_petrol_n_markets,0.0,pastoral,12
livestock_goat_price_etb,0.0,pastoral,12
livestock_goat_price_etb_lag1,0.0,pastoral,12
livestock_goat_price_etb_lag3,0.0,pastoral,12
livestock_goat_price_etb_lag6,0.0,pastoral,12
livestock_goat_price_etb_lag12,0.0,pastoral,12
livestock_goat_price_index,0.0,pastoral,12
livestock_goat_price_index_lag1,0.0,pastoral,12
livestock_goat_price_index_lag3,0.0,pastoral,12
livestock_goat_price_index_lag6,0.0,pastoral,12
livestock_goat_price_index_lag12,0.0,pastoral,12
livestock_goat_n_markets,0.0,pastoral,12
livestock_sheep_price_etb,0.0,pastoral,12
livestock_sheep_price_etb_lag1,0.0,pastoral,12
livestock_sheep_price_etb_lag3,0.0,pastoral,12
livestock_sheep_price_etb_lag6,0.0,pastoral,12
livestock_sheep_price_etb_lag12,0.0,pastoral,12
livestock_sheep_price_index,0.0,pastoral,12
livestock_sheep_price_index_lag1,0.0,pastoral,12
livestock_sheep_price_index_lag3,0.0,pastoral,12
livestock_sheep_price_index_lag6,0.0,pastoral,12
livestock_sheep_price_index_lag12,0.0,pastoral,12
livestock_sheep_n_markets,0.0,pastoral,12
goat_maize_tot,0.0,pastoral,12
goat_maize_tot_lag1,0.0,pastoral,12
goat_maize_tot_lag3,0.0,pastoral,12
goat_maize_tot_lag6,0.0,pastoral,12
goat_maize_tot_lag12,0.0,pastoral,12
sheep_maize_tot,0.0,pastoral,12
sheep_maize_tot_lag1,0.0,pastoral,12
sheep_maize_tot_lag3,0.0,pastoral,12
sheep_maize_tot_lag6,0.0,pastoral,12
sheep_maize_tot_lag12,0.0,pastoral,12
maize_yield,0.007724201620728582,pastoral,12
maize_yield_anomaly,0.0018064356418630756,pastoral,12
wheat_yield,0.0008912855489387561,pastoral,12
wheat_yield_anomaly,0.0004957933179396506,pastoral,12
sorghum_yield,0.0017862259628229709,pastoral,12
sorghum_yield_anomaly,0.0026202362394531094,pastoral,12
teff_yield,0.0003347505411334139,pastoral,12
teff_yield_anomaly,0.00024172028328312237,pastoral,12
headline_cpi,0.0012907565504294016,pastoral,12
headline_cpi_lag1,0.0008539601971521755,pastoral,12
headline_cpi_lag3,0.0013338477765258846,pastoral,12
headline_cpi_lag6,0.00430144524201542,pastoral,12
headline_cpi_lag12,0.005563171068304271,pastoral,12
headline_cpi_yoy_change,0.003801658495458323,pastoral,12
headline_cpi_yoy_change_lag1,0.004729138846691676,pastoral,12
headline_cpi_yoy_change_lag3,0.007339427084996801,pastoral,12
headline_cpi_yoy_change_lag6,0.010118221291942448,pastoral,12
headline_cpi_yoy_change_lag12,0.0026967980351390616,pastoral,12
food_cpi,0.001193034407027145,pastoral,12
food_cpi_lag1,0.0010830531124635622,pastoral,12
food_cpi_lag3,0.0013401231345962722,pastoral,12
food_cpi_lag6,0.0053426086082159225,pastoral,12
food_cpi_lag12,0.002378652559121275,pastoral,12
food_cpi_yoy_change,0.0022359833340301963,pastoral,12
food_cpi_yoy_change_lag1,0.0016379905390539206,pastoral,12
food_cpi_yoy_change_lag3,0.0018106020845730037,pastoral,12
food_cpi_yoy_change_lag6,0.0035557721338221942,pastoral,12
food_cpi_yoy_change_lag12,0.003351041579319223,pastoral,12
headline_cpi_chainlinked,0.0013250086159624992,pastoral,12
headline_cpi_chainlinked_lag1,0.001304538215033284,pastoral,12
headline_cpi_chainlinked_lag3,0.0017359360360875101,pastoral,12
headline_cpi_chainlinked_lag6,0.005123956395988177,pastoral,12
headline_cpi_chainlinked_lag12,0.005180261717119752,pastoral,12
food_cpi_chainlinked,0.0014104986333959768,pastoral,12
food_cpi_chainlinked_lag1,0.0014487897031649096,pastoral,12
food_cpi_chainlinked_lag3,0.0011214785231680917,pastoral,12
food_cpi_chainlinked_lag6,0.006476852850668987,pastoral,12
food_cpi_chainlinked_lag12,0.0033095698711189314,pastoral,12
exchange_rate,0.002426755678406842,pastoral,12
exchange_rate_lag1,0.0020183409224379307,pastoral,12
exchange_rate_lag3,0.0006927772886451488,pastoral,12
exchange_rate_lag6,0.0016169604819266522,pastoral,12
exchange_rate_lag12,0.0021305849596742993,pastoral,12
exchange_rate_yoy_change,0.00557738221158791,pastoral,12
exchange_rate_yoy_change_lag1,0.007517760738702258,pastoral,12
exchange_rate_yoy_change_lag3,0.012921033445323134,pastoral,12
exchange_rate_yoy_change_lag6,0.002801851765046698,pastoral,12
exchange_rate_yoy_change_lag12,0.0017378192362574076,pastoral,12
gdp_per_capita,0.0009765283451197115,pastoral,12
gdp_per_capita_yoy_change,0.0011450921284150849,pastoral,12
total_refugees_hosted,0.0006591901814248449,pastoral,12
total_refugees_hosted_yoy_change,0.005510383475493246,pastoral,12
total_asylum_seekers_hosted,0.0013093685112857405,pastoral,12
total_asylum_seekers_hosted_yoy_change,0.005296491976031288,pastoral,12
idps_ethiopia,0.00021901235328639134,pastoral,12
idps_ethiopia_yoy_change,0.0,pastoral,12
season_national_belg_meher,0.01536564230728536,pastoral,12
season_somali_gu_deyr,0.014941889316596282,pastoral,12
months_since_assessment,0.0,agropastoral,12
pct_pastoral,0.003233874188070318,agropastoral,12
pct_agropastoral,0.04148057733248071,agropastoral,12
pct_crop_farming,0.03164925805521909,agropastoral,12
is_harvest_season,0.0014583006875412148,agropastoral,12
is_lean_season,0.0005636541811130816,agropastoral,12
is_dry_season,0.00023053794515818035,agropastoral,12
months_since_harvest_start,0.0036573908601162256,agropastoral,12
months_since_lean_start,0.011604131303902726,agropastoral,12
agss_surveyed_flag,0.00399999427476377,agropastoral,12
ipc_lag1,0.3835726603610225,agropastoral,12
ipc_lag4,0.07998251091052112,agropastoral,12
ipc_lag8,0.01484208145212553,agropastoral,12
ipc_mean12,0.05088637856029584,agropastoral,12
ha_share_lag1,0.01407198747743408,agropastoral,12
ha_share_lag4,0.0035743976640081757,agropastoral,12
ha_share_lag8,0.010828476603942202,agropastoral,12
ha_share_mean12,0.014559404004061985,agropastoral,12
acled_event_count,0.0009142299936355686,agropastoral,12
acled_fatalities,0.0008778380922646418,agropastoral,12
acled_event_count_political_violence,0.000830602911832935,agropastoral,12
acled_fatalities_political_violence,0.000419273353465,agropastoral,12
acled_event_count_demonstrations,0.00018989162591130757,agropastoral,12
acled_fatalities_demonstrations,0.0,agropastoral,12
acled_event_count_strategic_developments,0.0,agropastoral,12
acled_fatalities_strategic_developments,0.0,agropastoral,12
acled_event_count_lag1,0.00035604981521614984,agropastoral,12
acled_fatalities_lag1,0.0004352920174363963,agropastoral,12
acled_event_count_political_violence_lag1,0.00015821910186561826,agropastoral,12
acled_fatalities_political_violence_lag1,0.0003359957369203305,agropastoral,12
acled_event_count_demonstrations_lag1,4.48129444043323e-06,agropastoral,12
acled_fatalities_demonstrations_lag1,0.0,agropastoral,12
acled_event_count_strategic_developments_lag1,0.0,agropastoral,12
acled_fatalities_strategic_developments_lag1,0.0,agropastoral,12
acled_event_count_lag3,0.0017232377213935869,agropastoral,12
acled_fatalities_lag3,0.0024760451398589704,agropastoral,12
acled_event_count_political_violence_lag3,0.0026179224640603804,agropastoral,12
acled_fatalities_political_violence_lag3,0.005896919484146242,agropastoral,12
acled_event_count_demonstrations_lag3,0.00017219419363922678,agropastoral,12
acled_fatalities_demonstrations_lag3,0.0,agropastoral,12
acled_event_count_strategic_developments_lag3,0.0,agropastoral,12
acled_fatalities_strategic_developments_lag3,0.0,agropastoral,12
acled_event_count_lag6,0.0022703130660393163,agropastoral,12
acled_fatalities_lag6,0.0005922723958048483,agropastoral,12
acled_event_count_political_violence_lag6,0.0034478369408101825,agropastoral,12
acled_fatalities_political_violence_lag6,0.0011748161597985125,agropastoral,12
acled_event_count_demonstrations_lag6,0.0005270775740506158,agropastoral,12
acled_fatalities_demonstrations_lag6,0.0,agropastoral,12
acled_event_count_strategic_developments_lag6,0.0,agropastoral,12
acled_fatalities_strategic_developments_lag6,0.0,agropastoral,12
acled_event_count_lag12,0.0016723678695913114,agropastoral,12
acled_fatalities_lag12,0.0003551608492622011,agropastoral,12
acled_event_count_political_violence_lag12,0.0008161712106463944,agropastoral,12
acled_fatalities_political_violence_lag12,0.0010331244735049872,agropastoral,12
acled_event_count_demonstrations_lag12,0.00017257788503950345,agropastoral,12
acled_fatalities_demonstrations_lag12,0.0,agropastoral,12
acled_event_count_strategic_developments_lag12,0.0,agropastoral,12
acled_fatalities_strategic_developments_lag12,0.0,agropastoral,12
maize_price_etb,0.0015193541131517973,agropastoral,12
maize_price_etb_lag1,0.004471640093033981,agropastoral,12
maize_price_etb_lag3,0.00430032557647713,agropastoral,12
maize_price_etb_lag6,0.0009765086931571836,agropastoral,12
maize_price_etb_lag12,0.007586974643506009,agropastoral,12
maize_price_index,0.004008777613598994,agropastoral,12
maize_price_index_lag1,0.020295381825849983,agropastoral,12
maize_price_index_lag3,0.004823217003383328,agropastoral,12
maize_price_index_lag6,0.008561315254803616,agropastoral,12
maize_price_index_lag12,0.006502826685277434,agropastoral,12
maize_n_markets,0.0024466878690351922,agropastoral,12
wheat_price_etb,0.00033867608159274265,agropastoral,12
wheat_price_etb_lag1,3.2493562695221004e-06,agropastoral,12
wheat_price_etb_lag3,7.99630510203133e-05,agropastoral,12
wheat_price_etb_lag6,1.0138579758415212e-05,agropastoral,12
wheat_price_etb_lag12,0.00010140663941343337,agropastoral,12
wheat_price_index,0.00076520428692742,agropastoral,12
wheat_price_index_lag1,3.648558449981699e-05,agropastoral,12
wheat_price_index_lag3,0.0001429760847308038,agropastoral,12
wheat_price_index_lag6,4.501627362079506e-05,agropastoral,12
wheat_price_index_lag12,5.4788032106092597e-05,agropastoral,12
wheat_n_markets,0.00036451143476155904,agropastoral,12
sorghum_price_etb,0.001676345569843264,agropastoral,12
sorghum_price_etb_lag1,0.0028042268723418654,agropastoral,12
sorghum_price_etb_lag3,0.0030393599341126654,agropastoral,12
sorghum_price_etb_lag6,0.0030601685345661143,agropastoral,12
sorghum_price_etb_lag12,0.00181705153389525,agropastoral,12
sorghum_price_index,0.0014536653583808918,agropastoral,12
sorghum_price_index_lag1,0.008521674216481898,agropastoral,12
sorghum_price_index_lag3,0.0012875602661435168,agropastoral,12
sorghum_price_index_lag6,0.006158076346441913,agropastoral,12
sorghum_price_index_lag12,0.0014856616841817044,agropastoral,12
sorghum_n_markets,0.0014731571249990026,agropastoral,12
teff_price_etb_lag3,0.0,agropastoral,12
teff_n_markets,0.0,agropastoral,12
fuel_diesel_price_etb,0.0,agropastoral,12
fuel_diesel_price_etb_lag1,0.0,agropastoral,12
fuel_diesel_price_etb_lag3,0.0,agropastoral,12
fuel_diesel_price_etb_lag6,0.0,agropastoral,12
fuel_diesel_price_etb_lag12,0.0,agropastoral,12
fuel_diesel_n_markets,0.0,agropastoral,12
fuel_petrol_n_markets,0.0,agropastoral,12
livestock_goat_price_etb,2.203156118924907e-05,agropastoral,12
livestock_goat_price_etb_lag1,2.72413831307589e-05,agropastoral,12
livestock_goat_price_etb_lag3,0.0,agropastoral,12
livestock_goat_price_etb_lag6,9.973535283198035e-05,agropastoral,12
livestock_goat_price_etb_lag12,0.00019301910307047444,agropastoral,12
livestock_goat_price_index,0.0,agropastoral,12
livestock_goat_price_index_lag1,0.0,agropastoral,12
livestock_goat_price_index_lag3,0.0,agropastoral,12
livestock_goat_price_index_lag6,0.0,agropastoral,12
livestock_goat_price_index_lag12,0.0,agropastoral,12
livestock_goat_n_markets,1.523272462486009e-05,agropastoral,12
livestock_sheep_price_etb,0.0,agropastoral,12
livestock_sheep_price_etb_lag1,0.0,agropastoral,12
livestock_sheep_price_etb_lag3,0.0,agropastoral,12
livestock_sheep_price_etb_lag6,0.0,agropastoral,12
livestock_sheep_price_etb_lag12,0.0,agropastoral,12
livestock_sheep_price_index,0.0,agropastoral,12
livestock_sheep_price_index_lag1,0.0,agropastoral,12
livestock_sheep_price_index_lag3,0.0,agropastoral,12
livestock_sheep_price_index_lag6,0.0,agropastoral,12
livestock_sheep_price_index_lag12,0.0,agropastoral,12
livestock_sheep_n_markets,0.0,agropastoral,12
goat_maize_tot,3.738627655979302e-05,agropastoral,12
goat_maize_tot_lag1,4.53614381949213e-05,agropastoral,12
goat_maize_tot_lag3,0.0,agropastoral,12
goat_maize_tot_lag6,0.0,agropastoral,12
goat_maize_tot_lag12,0.0,agropastoral,12
sheep_maize_tot,5.9753633042764146e-05,agropastoral,12
sheep_maize_tot_lag1,5.3899277873708845e-05,agropastoral,12
sheep_maize_tot_lag3,0.0,agropastoral,12
sheep_maize_tot_lag6,0.0,agropastoral,12
sheep_maize_tot_lag12,0.0,agropastoral,12
maize_yield,0.006876934051069516,agropastoral,12
maize_yield_anomaly,0.005774733846680051,agropastoral,12
wheat_yield,0.00010315878080639238,agropastoral,12
wheat_yield_anomaly,0.0001433857731056702,agropastoral,12
sorghum_yield,0.0037335890394606364,agropastoral,12
sorghum_yield_anomaly,0.012388600875861137,agropastoral,12
teff_yield,0.001410726911779521,agropastoral,12
teff_yield_anomaly,0.0013706425991177813,agropastoral,12
headline_cpi,0.0007436642610944941,agropastoral,12
headline_cpi_lag1,0.0007108862888515075,agropastoral,12
headline_cpi_lag3,0.0016654549236569797,agropastoral,12
headline_cpi_lag6,0.005117607723902016,agropastoral,12
headline_cpi_lag12,0.0084381496193405,agropastoral,12
headline_cpi_yoy_change,0.001832683590670896,agropastoral,12
headline_cpi_yoy_change_lag1,0.001604351764610346,agropastoral,12
headline_cpi_yoy_change_lag3,0.0011526525073693775,agropastoral,12
headline_cpi_yoy_change_lag6,0.007102835862686122,agropastoral,12
headline_cpi_yoy_change_lag12,0.0051188481417561915,agropastoral,12
food_cpi,0.000283723053469929,agropastoral,12
food_cpi_lag1,0.0009154975314911046,agropastoral,12
food_cpi_lag3,0.0011317054270265977,agropastoral,12
food_cpi_lag6,0.0014570091097268103,agropastoral,12
food_cpi_lag12,0.000924070749534936,agropastoral,12
food_cpi_yoy_change,0.002349078776304353,agropastoral,12
food_cpi_yoy_change_lag1,0.004867153760706545,agropastoral,12
food_cpi_yoy_change_lag3,0.0020342424219280376,agropastoral,12
food_cpi_yoy_change_lag6,0.005047581409000926,agropastoral,12
food_cpi_yoy_change_lag12,0.013686199527512936,agropastoral,12
headline_cpi_chainlinked,0.0011268436891542439,agropastoral,12
headline_cpi_chainlinked_lag1,0.0012819525760323434,agropastoral,12
headline_cpi_chainlinked_lag3,0.0013621492961493422,agropastoral,12
headline_cpi_chainlinked_lag6,0.00524420613129848,agropastoral,12
headline_cpi_chainlinked_lag12,0.009935478254797672,agropastoral,12
food_cpi_chainlinked,0.00026837944723551713,agropastoral,12
food_cpi_chainlinked_lag1,0.000566173411329929,agropastoral,12
food_cpi_chainlinked_lag3,0.0007090590763002418,agropastoral,12
food_cpi_chainlinked_lag6,0.0019537692138014893,agropastoral,12
food_cpi_chainlinked_lag12,0.0012972953522556998,agropastoral,12
exchange_rate,0.0011782648692603215,agropastoral,12
exchange_rate_lag1,0.0019271000703225778,agropastoral,12
exchange_rate_lag3,0.0002273838862410026,agropastoral,12
exchange_rate_lag6,0.00028319469402553557,agropastoral,12
exchange_rate_lag12,0.0007055988842964553,agropastoral,12
exchange_rate_yoy_change,0.005004593011188165,agropastoral,12
exchange_rate_yoy_change_lag1,0.0026716643007045787,agropastoral,12
exchange_rate_yoy_change_lag3,0.018090324452304844,agropastoral,12
exchange_rate_yoy_change_lag6,0.008646278555950435,agropastoral,12
exchange_rate_yoy_change_lag12,0.006825238162564417,agropastoral,12
gdp_per_capita,0.0006334483155792999,agropastoral,12
gdp_per_capita_yoy_change,0.009564405534891539,agropastoral,12
total_refugees_hosted,2.4239911462029725e-05,agropastoral,12
total_refugees_hosted_yoy_change,0.0065368062196938794,agropastoral,12
total_asylum_seekers_hosted,0.010226222255755231,agropastoral,12
total_asylum_seekers_hosted_yoy_change,0.00466927506106702,agropastoral,12
idps_ethiopia,1.6788741107560756e-05,agropastoral,12
idps_ethiopia_yoy_change,0.0,agropastoral,12
season_national_belg_meher,0.00032727862734779477,agropastoral,12
season_somali_gu_deyr,0.0002798594690673847,agropastoral,12
months_since_assessment,0.0,crop_farming,12
pct_pastoral,0.005284890143328169,crop_farming,12
pct_agropastoral,0.0023646635440074683,crop_farming,12
pct_crop_farming,0.006307581148852162,crop_farming,12
is_harvest_season,0.0018357785776744438,crop_farming,12
is_lean_season,0.002150519253026526,crop_farming,12
is_dry_season,0.00016806716035342684,crop_farming,12
months_since_harvest_start,0.005243102344085722,crop_farming,12
months_since_lean_start,0.04467946479555902,crop_farming,12
agss_surveyed_flag,0.00019631365719536555,crop_farming,12
ipc_lag1,0.3924712304441325,crop_farming,12
ipc_lag4,0.03830485429597614,crop_farming,12
ipc_lag8,0.020600686529408403,crop_farming,12
ipc_mean12,0.048011926486621274,crop_farming,12
ha_share_lag1,0.010469169783448735,crop_farming,12
ha_share_lag4,0.011371558543860972,crop_farming,12
ha_share_lag8,0.007912662622930314,crop_farming,12
ha_share_mean12,0.027216844839969948,crop_farming,12
acled_event_count,0.000508473475067856,crop_farming,12
acled_fatalities,0.000222815790774443,crop_farming,12
acled_event_count_political_violence,0.0002996672377897691,crop_farming,12
acled_fatalities_political_violence,0.0006835834243320986,crop_farming,12
acled_event_count_demonstrations,0.0001465779399850212,crop_farming,12
acled_fatalities_demonstrations,0.00011381534161975021,crop_farming,12
acled_event_count_strategic_developments,1.2435205973222685e-05,crop_farming,12
acled_fatalities_strategic_developments,0.0,crop_farming,12
acled_event_count_lag1,0.00034040471075534096,crop_farming,12
acled_fatalities_lag1,0.00024562515330782127,crop_farming,12
acled_event_count_political_violence_lag1,5.250166329175236e-05,crop_farming,12
acled_fatalities_political_violence_lag1,0.00039024413706521225,crop_farming,12
acled_event_count_demonstrations_lag1,6.941965197849548e-05,crop_farming,12
acled_fatalities_demonstrations_lag1,0.0,crop_farming,12
acled_event_count_strategic_developments_lag1,0.0,crop_farming,12
acled_fatalities_strategic_developments_lag1,0.0,crop_farming,12
acled_event_count_lag3,0.00035915095376118486,crop_farming,12
acled_fatalities_lag3,0.00021075295375537077,crop_farming,12
acled_event_count_political_violence_lag3,0.0002755209555289623,crop_farming,12
acled_fatalities_political_violence_lag3,0.00020816462625337337,crop_farming,12
acled_event_count_demonstrations_lag3,6.545889098542344e-05,crop_farming,12
acled_fatalities_demonstrations_lag3,3.5212535484509986e-07,crop_farming,12
acled_event_count_strategic_developments_lag3,0.0,crop_farming,12
acled_fatalities_strategic_developments_lag3,0.0,crop_farming,12
acled_event_count_lag6,0.0006759425190279636,crop_farming,12
acled_fatalities_lag6,0.0002956694439169423,crop_farming,12
acled_event_count_political_violence_lag6,0.00021371032971269474,crop_farming,12
acled_fatalities_political_violence_lag6,0.00010453792496808244,crop_farming,12
acled_event_count_demonstrations_lag6,0.0001951862542005286,crop_farming,12
acled_fatalities_demonstrations_lag6,9.810032979772392e-05,crop_farming,12
acled_event_count_strategic_developments_lag6,0.0,crop_farming,12
acled_fatalities_strategic_developments_lag6,0.0,crop_farming,12
acled_event_count_lag12,0.0002735200812087686,crop_farming,12
acled_fatalities_lag12,0.00015890327393660114,crop_farming,12
acled_event_count_political_violence_lag12,3.5950317704618594e-05,crop_farming,12
acled_fatalities_political_violence_lag12,6.575564389015006e-05,crop_farming,12
acled_event_count_demonstrations_lag12,0.00025915664058475497,crop_farming,12
acled_fatalities_demonstrations_lag12,2.6631222039932925e-10,crop_farming,12
acled_event_count_strategic_developments_lag12,0.0,crop_farming,12
acled_fatalities_strategic_developments_lag12,0.0,crop_farming,12
maize_price_etb,0.0011690039101865711,crop_farming,12
maize_price_etb_lag1,0.0012723394349738366,crop_farming,12
maize_price_etb_lag3,0.0006416559297323874,crop_farming,12
maize_price_etb_lag6,0.0012496678583930813,crop_farming,12
maize_price_etb_lag12,0.001144168811639223,crop_farming,12
maize_price_index,0.0009435536621644859,crop_farming,12
maize_price_index_lag1,0.0008224273136759413,crop_farming,12
maize_price_index_lag3,0.0015917377329658523,crop_farming,12
maize_price_index_lag6,0.0012149408547193828,crop_farming,12
maize_price_index_lag12,0.0017676186284571146,crop_farming,12
maize_n_markets,0.0005843798338422323,crop_farming,12
wheat_price_etb,0.0025595781736964013,crop_farming,12
wheat_price_etb_lag1,0.0006594960871447155,crop_farming,12
wheat_price_etb_lag3,0.0023268158343984417,crop_farming,12
wheat_price_etb_lag6,0.0013216758787953453,crop_farming,12
wheat_price_etb_lag12,0.0017310789929999009,crop_farming,12
wheat_price_index,0.001324848729840718,crop_farming,12
wheat_price_index_lag1,0.0025888981752845465,crop_farming,12
wheat_price_index_lag3,0.0014479065116269907,crop_farming,12
wheat_price_index_lag6,0.0008104953084979239,crop_farming,12
wheat_price_index_lag12,0.00041923975106807445,crop_farming,12
wheat_n_markets,0.0016910750528636425,crop_farming,12
sorghum_price_etb,0.002489531864810465,crop_farming,12
sorghum_price_etb_lag1,0.0012366202579221386,crop_farming,12
sorghum_price_etb_lag3,0.0045404955094885706,crop_farming,12
sorghum_price_etb_lag6,0.0027224786524964106,crop_farming,12
sorghum_price_etb_lag12,0.0041562114069875365,crop_farming,12
sorghum_price_index,0.0015754903568107432,crop_farming,12
sorghum_price_index_lag1,0.0005754802832492071,crop_farming,12
sorghum_price_index_lag3,0.0006046994292380405,crop_farming,12
sorghum_price_index_lag6,0.0008433191104634723,crop_farming,12
sorghum_price_index_lag12,0.0009688720218232841,crop_farming,12
sorghum_n_markets,0.0014430983543456853,crop_farming,12
teff_price_etb,0.0,crop_farming,12
teff_price_etb_lag1,0.0,crop_farming,12
teff_price_etb_lag3,0.0,crop_farming,12
teff_price_etb_lag6,0.0,crop_farming,12
teff_price_etb_lag12,0.0,crop_farming,12
teff_price_index,0.0,crop_farming,12
teff_price_index_lag1,0.0,crop_farming,12
teff_price_index_lag3,0.0,crop_farming,12
teff_price_index_lag6,0.0,crop_farming,12
teff_price_index_lag12,0.0,crop_farming,12
teff_n_markets,0.0,crop_farming,12
fuel_diesel_price_etb,0.0,crop_farming,12
fuel_diesel_price_etb_lag1,0.0,crop_farming,12
fuel_diesel_price_etb_lag3,0.0,crop_farming,12
fuel_diesel_price_etb_lag6,0.0,crop_farming,12
fuel_diesel_price_etb_lag12,0.0,crop_farming,12
fuel_diesel_price_index,0.0,crop_farming,12
fuel_diesel_price_index_lag1,0.0,crop_farming,12
fuel_diesel_price_index_lag3,0.0,crop_farming,12
fuel_diesel_price_index_lag6,0.0,crop_farming,12
fuel_diesel_price_index_lag12,0.0,crop_farming,12
fuel_diesel_n_markets,0.0,crop_farming,12
fuel_petrol_price_etb,0.0,crop_farming,12
fuel_petrol_price_etb_lag1,0.0,crop_farming,12
fuel_petrol_price_etb_lag3,0.0,crop_farming,12
fuel_petrol_price_etb_lag6,0.0,crop_farming,12
fuel_petrol_price_etb_lag12,0.0,crop_farming,12
fuel_petrol_price_index,0.0,crop_farming,12
fuel_petrol_price_index_lag1,0.0,crop_farming,12
fuel_petrol_price_index_lag3,0.0,crop_farming,12
fuel_petrol_price_index_lag6,0.0,crop_farming,12
fuel_petrol_price_index_lag12,0.0,crop_farming,12
fuel_petrol_n_markets,0.0,crop_farming,12
livestock_goat_price_etb,0.0,crop_farming,12
livestock_goat_price_etb_lag1,0.0,crop_farming,12
livestock_goat_price_etb_lag3,0.0,crop_farming,12
livestock_goat_price_etb_lag6,0.0,crop_farming,12
livestock_goat_price_etb_lag12,0.0,crop_farming,12
livestock_goat_price_index,0.0,crop_farming,12
livestock_goat_price_index_lag1,0.0,crop_farming,12
livestock_goat_price_index_lag3,0.0,crop_farming,12
livestock_goat_price_index_lag6,0.0,crop_farming,12
livestock_goat_price_index_lag12,0.0,crop_farming,12
livestock_goat_n_markets,0.0,crop_farming,12
livestock_sheep_price_etb,0.0,crop_farming,12
livestock_sheep_price_etb_lag1,0.0,crop_farming,12
livestock_sheep_price_etb_lag3,0.0,crop_farming,12
livestock_sheep_price_etb_lag6,0.0,crop_farming,12
livestock_sheep_price_etb_lag12,0.0,crop_farming,12
livestock_sheep_price_index,0.0,crop_farming,12
livestock_sheep_price_index_lag1,0.0,crop_farming,12
livestock_sheep_price_index_lag3,0.0,crop_farming,12
livestock_sheep_price_index_lag6,0.0,crop_farming,12
livestock_sheep_price_index_lag12,0.0,crop_farming,12
livestock_sheep_n_markets,0.0,crop_farming,12
goat_maize_tot,0.0,crop_farming,12
goat_maize_tot_lag1,0.0,crop_farming,12
goat_maize_tot_lag3,0.0,crop_farming,12
goat_maize_tot_lag6,0.0,crop_farming,12
goat_maize_tot_lag12,0.0,crop_farming,12
sheep_maize_tot,0.0,crop_farming,12
sheep_maize_tot_lag1,0.0,crop_farming,12
sheep_maize_tot_lag3,0.0,crop_farming,12
sheep_maize_tot_lag6,0.0,crop_farming,12
sheep_maize_tot_lag12,0.0,crop_farming,12
maize_yield,0.015042274008250691,crop_farming,12
maize_yield_anomaly,0.008502152684245238,crop_farming,12
wheat_yield,0.006989859622044167,crop_farming,12
wheat_yield_anomaly,0.006214058037596291,crop_farming,12
sorghum_yield,0.01873984110256799,crop_farming,12
sorghum_yield_anomaly,0.011981834077558163,crop_farming,12
teff_yield,0.009588622111698912,crop_farming,12
teff_yield_anomaly,0.0077957352868892535,crop_farming,12
headline_cpi,0.001357677010233279,crop_farming,12
headline_cpi_lag1,0.00108976054011133,crop_farming,12
headline_cpi_lag3,0.0026843385869620546,crop_farming,12
headline_cpi_lag6,0.0035032279132352693,crop_farming,12
headline_cpi_lag12,0.007140844776564707,crop_farming,12
headline_cpi_yoy_change,0.006268847347592177,crop_farming,12
headline_cpi_yoy_change_lag1,0.006501015668355444,crop_farming,12
headline_cpi_yoy_change_lag3,0.016089424102520598,crop_farming,12
headline_cpi_yoy_change_lag6,0.008911060927568154,crop_farming,12
headline_cpi_yoy_change_lag12,0.010097288154861018,crop_farming,12
food_cpi,0.0006341088750700267,crop_farming,12
food_cpi_lag1,0.001470675104641765,crop_farming,12
food_cpi_lag3,0.0023182086866321296,crop_farming,12
food_cpi_lag6,0.001136022563669982,crop_farming,12
food_cpi_lag12,0.0004520174456124099,crop_farming,12
food_cpi_yoy_change,0.004545085110920569,crop_farming,12
food_cpi_yoy_change_lag1,0.004184197569112948,crop_farming,12
food_cpi_yoy_change_lag3,0.00611849896404272,crop_farming,12
food_cpi_yoy_change_lag6,0.012893360433492814,crop_farming,12
food_cpi_yoy_change_lag12,0.004936782350798211,crop_farming,12
headline_cpi_chainlinked,0.0008238683766466565,crop_farming,12
headline_cpi_chainlinked_lag1,0.0015539069949127092,crop_farming,12
headline_cpi_chainlinked_lag3,0.0033292765881279343,crop_farming,12
headline_cpi_chainlinked_lag6,0.0033950146567095184,crop_farming,12
headline_cpi_chainlinked_lag12,0.006039977177364834,crop_farming,12
food_cpi_chainlinked,0.0007610586771499266,crop_farming,12
food_cpi_chainlinked_lag1,0.0010562740042304212,crop_farming,12
food_cpi_chainlinked_lag3,0.0023132064461412086,crop_farming,12
food_cpi_chainlinked_lag6,0.0010370414999400681,crop_farming,12
food_cpi_chainlinked_lag12,0.0006799080178265333,crop_farming,12
exchange_rate,0.0005227837807177503,crop_farming,12
exchange_rate_lag1,0.0006826352524404442,crop_farming,12
exchange_rate_lag3,0.0008094630050041103,crop_farming,12
exchange_rate_lag6,0.0005702216485385965,crop_farming,12
exchange_rate_lag12,0.0008441871202642793,crop_farming,12
exchange_rate_yoy_change,0.018162668534862914,crop_farming,12
exchange_rate_yoy_change_lag1,0.021249873997903554,crop_farming,12
exchange_rate_yoy_change_lag3,0.008472012955334679,crop_farming,12
exchange_rate_yoy_change_lag6,0.010533529120850251,crop_farming,12
exchange_rate_yoy_change_lag12,0.007848504822348466,crop_farming,12
gdp_per_capita,0.0003587029643519274,crop_farming,12
gdp_per_capita_yoy_change,0.023932806715285665,crop_farming,12
total_refugees_hosted,0.00017048116446150165,crop_farming,12
total_refugees_hosted_yoy_change,0.0016913944711402344,crop_farming,12
total_asylum_seekers_hosted,0.010850276317201257,crop_farming,12
total_asylum_seekers_hosted_yoy_change,0.002257431585448077,crop_farming,12
idps_ethiopia,6.847465628589214e-05,crop_farming,12
idps_ethiopia_yoy_change,0.0,crop_farming,12
season_benishangul_meher_only,0.0006038989981075838,crop_farming,12
season_national_belg_meher,0.0005846902396804261,crop_farming,12
