lhz,lead,zone_code,n,mae,rmse,r2,mae_baseline,rmse_baseline,r2_baseline,mae_baseline2,rmse_baseline2,r2_baseline2
agropastoral,0,ET0410,2,0.22172694374762447,0.26891788790043725,-5.2414271318045635,0.20532817939446102,0.2055693069306015,-2.647212474789135,0.41149029584717745,0.4126668952885851,-13.697510611692252
agropastoral,0,ET0502,2,0.13161737247957173,0.13283965061128342,-148.6226981495292,0.07371147204991135,0.09020254239535498,-67.98895867973732,0.29058796083173555,0.328693934155133,-915.0631467714331
agropastoral,0,ET0707,2,0.21671526973940802,0.2226557030629394,-0.8590987900021174,0.17381170704293936,0.23141725471366084,-1.0082893983970842,0.3333614240898489,0.3827858413041257,-4.494732468857751
agropastoral,0,ET0712,2,0.9712255246835867,1.003224063982141,-3.1565541234634127,0.9841498181892363,0.9841498181892363,-3.0,0.6147494602322889,0.8629685841119988,-2.0755835520919357
agropastoral,0,ET1201,2,0.06201991964155318,0.06431835374362221,0.0,0.0,0.0,1.0,0.0,0.0,1.0
agropastoral,1,ET0410,2,0.2650862388372026,0.3082791224366189,-7.202245224434437,0.20532817939446102,0.2055693069306015,-2.647212474789135,0.41149029584717745,0.4126668952885851,-13.697510611692252
agropastoral,1,ET0502,2,0.047254179704259824,0.051718707640345356,-21.679702893916655,0.07371147204991135,0.09020254239535498,-67.98895867973732,0.29058796083173555,0.328693934155133,-915.0631467714331
agropastoral,1,ET0707,2,0.24424236660535537,0.24593658260095147,-1.2681986580391373,0.17381170704293936,0.23141725471366084,-1.0082893983970842,0.3333614240898489,0.3827858413041257,-4.494732468857751
agropastoral,1,ET0712,2,1.0126644675938226,1.0463847631522545,-3.5218939449793982,0.9841498181892363,0.9841498181892363,-3.0,0.6147494602322889,0.8629685841119988,-2.0755835520919357
agropastoral,1,ET1201,2,0.07722775696671769,0.10145488024271665,0.0,0.0,0.0,1.0,0.0,0.0,1.0
agropastoral,2,ET0410,2,0.27319819511644994,0.2820181540402207,-5.864337880002793,0.20532817939446102,0.2055693069306015,-2.647212474789135,0.41149029584717745,0.4126668952885851,-13.697510611692252
agropastoral,2,ET0502,2,0.06442854640838425,0.07261827563621785,-43.71300899590842,0.07371147204991135,0.09020254239535498,-67.98895867973732,0.29058796083173555,0.328693934155133,-915.0631467714331
agropastoral,2,ET0707,2,0.2552038940357274,0.28314135325880885,-2.006363070038618,0.17381170704293936,0.23141725471366084,-1.0082893983970842,0.3333614240898489,0.3827858413041257,-4.494732468857751
agropastoral,2,ET0712,2,0.9929593478996832,1.0124037609216177,-3.2329687063247228,0.9841498181892363,0.9841498181892363,-3.0,0.6147494602322889,0.8629685841119988,-2.0755835520919357
agropastoral,2,ET1201,2,0.04365748028504646,0.04605076208184358,0.0,0.0,0.0,1.0,0.0,0.0,1.0
agropastoral,3,ET0410,2,0.2807504235008864,0.3378245772845952,-8.849790770672396,0.20532817939446102,0.2055693069306015,-2.647212474789135,0.41149029584717745,0.4126668952885851,-13.697510611692252
agropastoral,3,ET0502,2,0.07786225421645321,0.08490231823730147,-60.119688224764225,0.07371147204991135,0.09020254239535498,-67.98895867973732,0.29058796083173555,0.328693934155133,-915.0631467714331
agropastoral,3,ET0707,2,0.2781780459643516,0.2871571555390366,-2.092246499682084,0.17381170704293936,0.23141725471366084,-1.0082893983970842,0.3333614240898489,0.3827858413041257,-4.494732468857751
agropastoral,3,ET0712,2,0.9484980044559076,1.0084471016696064,-3.199946926863041,0.9841498181892363,0.9841498181892363,-3.0,0.6147494602322889,0.8629685841119988,-2.0755835520919357
agropastoral,3,ET1201,2,0.02681758149086777,0.029192388649590985,0.0,0.0,0.0,1.0,0.0,0.0,1.0
agropastoral,4,ET0410,2,0.3502313279030105,0.4608052016963763,-17.326488853045692,0.22608222946192902,0.30597569992732576,-7.0801308743276365,0.41149029584717745,0.4126668952885851,-13.697510611692252
agropastoral,4,ET0502,2,0.06777743509632439,0.08332564179529582,-57.87072274136005,0.06130147428864474,0.07469662510107579,-46.30902451414263,0.29058796083173555,0.328693934155133,-915.0631467714331
agropastoral,4,ET0707,2,0.300353398602186,0.3028008947868146,-2.4383424529047732,0.16800820577336062,0.21714126428979497,-0.7681517915398886,0.3333614240898489,0.3827858413041257,-4.494732468857751
agropastoral,4,ET0712,2,0.7286658098069231,1.0254454043588863,-3.342728154848265,0.49207490909461815,0.6958990101451168,-1.0,0.6147494602322889,0.8629685841119988,-2.0755835520919357
agropastoral,4,ET1201,2,0.09133670985865616,0.09414103518209661,0.0,0.0,0.0,1.0,0.0,0.0,1.0
agropastoral,8,ET0410,2,0.2205420825764527,0.2723956887516902,-5.403906473375931,0.32461579839399635,0.3419970793439163,-9.094604672935304,0.41149029584717745,0.4126668952885851,-13.697510611692252
agropastoral,8,ET0502,2,0.07625021261542231,0.0775728142895002,-50.02242877182518,0.02947989924620742,0.03141661347826008,-7.368753395820033,0.29058796083173555,0.328693934155133,-915.0631467714331
agropastoral,8,ET0707,2,0.24193374865512285,0.29755620444323916,-2.3202657212710194,0.19374388123463582,0.2533833854020686,-1.4076374490313137,0.3333614240898489,0.3827858413041257,-4.494732468857751
agropastoral,8,ET0712,2,0.6924866109881473,0.8998056267702913,-2.343758993047086,0.49207490909461815,0.6958990101451168,-1.0,0.6147494602322889,0.8629685841119988,-2.0755835520919357
agropastoral,8,ET1201,2,0.08588753776779612,0.0858895495692233,0.0,0.0,0.0,1.0,0.0,0.0,1.0
agropastoral,12,ET0410,2,0.22988475689354204,0.29276161253363353,-6.3972923428709505,0.32461579839399635,0.3419970793439163,-9.094604672935304,0.41149029584717745,0.4126668952885851,-13.697510611692252
agropastoral,12,ET0502,2,0.14879485408084536,0.15012366902887234,-190.09106148425985,0.02947989924620742,0.03141661347826008,-7.368753395820033,0.29058796083173555,0.328693934155133,-915.0631467714331
agropastoral,12,ET0707,2,0.29016536715184593,0.3910061384852433,-4.733264421642496,0.19374388123463582,0.2533833854020686,-1.4076374490313137,0.3333614240898489,0.3827858413041257,-4.494732468857751
agropastoral,12,ET0712,2,0.6625909250313866,0.867296095541346,-2.1065070294242867,0.49207490909461815,0.6958990101451168,-1.0,0.6147494602322889,0.8629685841119988,-2.0755835520919357
agropastoral,12,ET1201,2,0.08764398880431368,0.08868699428386138,0.0,0.0,0.0,1.0,0.0,0.0,1.0
crop_farming,0,ET0101,2,0.12250851770069227,0.1261678260909304,0.7156578592883232,0.28531994735109123,0.34163111391123097,-1.0847732338822862,0.8722530064964689,0.896748894389275,-13.364340401537577
crop_farming,0,ET0102,2,0.47297574282240296,0.4858463672196006,-3.767127154229703,0.35142549693146563,0.36368097370545044,-1.6711604687220762,1.1278357880349752,1.1284795553989113,-24.718533876119515
crop_farming,0,ET0103,2,0.3022292028325493,0.35119914520209505,-0.18410883428968816,0.41552257644045487,0.4749134026511115,-1.1652775500077368,0.8457029901773557,0.8590543056123305,-6.0847733078363495
crop_farming,0,ET0104,2,0.28066374773322567,0.3125324195017867,-0.3693278606764523,0.3848864439607871,0.4128197712148946,-1.3891217056157492,0.9219081978298604,0.9288842644363453,-11.095964624944079
crop_farming,0,ET0105,2,0.4381520416219925,0.4439118567672436,-0.052429788080333495,0.9286523296038385,0.9308021586311792,-3.627158810530652,0.39720458368930067,0.5593139158618364,-0.6707477748344395
crop_farming,0,ET0106,2,0.3440303119360739,0.3745453108616912,-0.2790927750917327,0.4268279606655827,0.4874933016882071,-1.1668588531698845,0.8038121529175879,0.8081441717233597,-4.9548524871394575
crop_farming,0,ET0107,2,0.18540491370643575,0.22098128377994658,-27.932595304805808,0.04258731012740724,0.05813902632918323,-1.0026816399557785,0.4160829665639647,0.5330327007846773,-167.33875628945347
crop_farming,0,ET0301,2,0.16801739951703798,0.19590060894388234,0.009294513972557539,0.2535104869354028,0.2896590979987151,-1.1659445985185402,0.8447179318054033,0.8454018740971428,-17.450129060779055
crop_farming,0,ET0302,2,0.21452475418060424,0.22030070047164355,-0.42467023623898403,0.36631714132428406,0.3663280019317945,-2.9393342279051398,0.27152615651348433,0.27629238022153363,-1.240889340721183
crop_farming,0,ET0303,2,0.21174225093788968,0.23330926930488477,0.06258206273195788,0.4732159791076995,0.47329643737530736,-2.8577647745636914,0.6143979410673452,0.614490439449832,-5.502787061468291
crop_farming,0,ET0304,2,0.2902648502965567,0.2905771877127934,-1.1855299440602711,0.46032388551342174,0.46520522657271657,-4.601739379674056,0.25408909055652995,0.2745374950921101,-0.950909225072903
crop_farming,0,ET0305,2,0.5255740295754932,0.5425142766523363,-0.7350071918148675,0.7531950659190315,0.7564915694237759,-2.373549767752749,0.40877238990515363,0.46536581328427046,-0.27663835578318796
crop_farming,0,ET0306,2,0.1964529462982374,0.20544690326074092,-5.46482177685334,0.1921254102563723,0.19453469531461057,-4.796308552162843,0.10288147703602357,0.10523069585715446,-0.6960640243385721
crop_farming,0,ET0307,2,0.012840202439711068,0.012866610268431944,0.0,0.002435595050100603,0.0034444515523010507,0.0,0.0004857282416018682,0.0006129178057725623,0.0
crop_farming,0,ET0308,2,0.478896756538186,0.4796425879143474,-1.8259192942642914,0.3828160313968596,0.4264138170406482,-1.2335044228363632,0.35528585212709674,0.3628125217483848,-0.6169210479824854
crop_farming,0,ET0309,2,0.010316923337841843,0.010793492681072213,0.0,0.0,0.0,1.0,0.0,0.0,1.0
crop_farming,0,ET0310,2,0.6212072293400702,0.6280707560891767,-0.8891146330852726,0.9473916443044947,0.9479826503194139,-3.3036995556484863,0.7325231561030963,0.8272633728941604,-2.277394796410247
crop_farming,0,ET0311,2,0.13644039350603565,0.1850665018132367,-0.5104995340177341,0.2311263627795932,0.24150388773695658,-1.5722502420227569,0.10858221521617917,0.11940711639660519,0.371181391826482
crop_farming,0,ET0312,2,0.010376327565547405,0.010712227302571405,-456180.98200188763,0.00030072760050559033,0.0004034871532514065,-646.1992305778904,0.00014465120272011411,0.00020456769270036534,-165.36143684187718
crop_farming,0,ET0401,2,0.029045248118985567,0.029904008092676418,0.0,0.0,0.0,1.0,0.19727156762393316,0.19727156762393316,0.0
crop_farming,0,ET0402,2,0.024220660568546548,0.02586218154108002,0.0,0.0,0.0,1.0,0.09541834283632311,0.11962635305382976,0.0
crop_farming,0,ET0403,2,0.010316923337841843,0.010793492681072213,0.0,0.0,0.0,1.0,0.0005618203666699628,0.0005618203666699628,0.0
crop_farming,0,ET0404,2,0.012168409678058323,0.012549091728365979,0.0,0.0009779176510524845,0.0013829844050024635,0.0,0.0007099861006450991,0.0007401055598296241,0.0
crop_farming,0,ET0405,2,0.010316923337841843,0.010793492681072213,0.0,0.0,0.0,1.0,0.0005244752216967408,0.0005256517637191346,0.0
crop_farming,0,ET0406,2,0.17942856808544982,0.2427857870550935,-1352.6885604171748,0.13098053705711232,0.17614973495373437,-711.5842659746793,0.34061929135828584,0.34066759654719764,-2664.2250946103477
crop_farming,0,ET0407,2,0.22520581506030635,0.22521285581081563,-1.2567207986753273,0.15235463125853543,0.21204430190226137,-1.0005282527508004,0.20982334484291565,0.25574165225233414,-1.9100095180154146
crop_farming,0,ET0408,2,0.10868658567886091,0.15239633450222628,-13.991878528650613,0.05146128165910835,0.05823415060609781,-1.1890843829257394,0.13278560309055898,0.13664508405490447,-11.05299666353973
crop_farming,0,ET0409,2,0.34719083482303015,0.35082219644731116,-6.482269829326918,0.12886914140721006,0.1813804086468238,-1.0000460324054568,0.23836006042648106,0.2527002835931166,-2.8821355735856167
crop_farming,0,ET0413,2,0.012476567530697813,0.013075789971011477,-81.11471299670443,0.001442970480049599,0.0020406684229901588,-1.0,0.0024464147162309713,0.003325862485837676,-4.312435669692683
crop_farming,0,ET0416,2,0.010316923337841843,0.010793492681072213,0.0,0.0,0.0,1.0,0.0019095054355159347,0.0019095665585814707,0.0
crop_farming,0,ET0417,2,0.2281115369381872,0.25639215019038203,-0.5366474262856378,0.2103533580613346,0.2925469271382088,-1.000579735174422,0.29094833356032257,0.30015497242881695,-1.1059878854461695
crop_farming,0,ET0418,2,0.010261199026520229,0.010723916747925095,0.0,0.0,0.0,1.0,0.07907478627158893,0.07992320776322431,0.0
crop_farming,0,ET0419,2,0.048099261150932326,0.05055068353471749,0.0,0.0,0.0,1.0,0.26198279722428686,0.2619835163825006,0.0
crop_farming,0,ET0420,2,0.013617539207412044,0.013678774950325693,0.0,0.0025897941079715547,0.003662521951247304,0.0,0.002118679225213249,0.0021401892104390744,0.0
crop_farming,0,ET0602,2,0.010105888661240514,0.0105306866522842,0.0,0.0,0.0,1.0,0.00010736205048988978,0.00010736205048988978,0.0
crop_farming,0,ET0603,2,0.09751780153678569,0.12418713090545859,0.0,0.0,0.0,1.0,0.013369968739884941,0.013369968739884941,0.0
crop_farming,0,ET0604,2,0.08820048466622687,0.10967816669141295,0.0,0.0,0.0,1.0,0.27379025199357687,0.27401900484182146,0.0
crop_farming,0,ET0605,2,0.017495326777225984,0.017901814798652594,0.0,0.0,0.0,1.0,0.06813914803401566,0.06813914803401566,0.0
crop_farming,0,ET0701,2,0.2177634026186589,0.23299777791239054,-2.67159406520666,0.12161003761657674,0.1719647567716555,-1.0000000214493436,0.061623293974371496,0.06176255749137012,0.742010730325953
crop_farming,0,ET0702,2,0.06266353012339854,0.0707218228243441,-24.02279601716306,0.06944697420431345,0.08073378768303702,-31.609159137838063,0.4091523641097483,0.44590622872119157,-993.7547500797015
crop_farming,0,ET0703,2,0.7684053546505762,0.7734959263757495,-2.9435644608901215,0.6161812079023196,0.6373325672622144,-1.6773497304843827,0.5355326493949495,0.5755340436244213,-1.1833075578699739
crop_farming,0,ET0705,2,0.8196611565048952,0.8499738747998314,-2.323466072797884,0.5843714245358047,0.6801986279097978,-1.1283919040856802,0.7198279372018372,0.9840424926356809,-3.454590638479605
crop_farming,0,ET0706,2,1.0573435887309426,1.0583900514827707,-3.9815372369059316,0.7510951531262415,0.7765792256014864,-1.6819051856979947,0.5852194222241569,0.5916844281294485,-0.556869327471879
crop_farming,0,ET0710,2,1.0062303457346133,1.0154051015513585,-4.359067108068648,0.8853497165000466,0.8853867411203092,-3.074520821293418,0.5689134307449271,0.6905326324487426,-1.4784429527161054
crop_farming,0,ET0713,2,1.2212034066593094,1.2597309115382966,-5.490888197607013,0.9886673453194745,0.9886673745131419,-2.998056819399283,0.5064909683529117,0.7160913172903691,-1.0974198402839037
crop_farming,0,ET0714,2,0.9954461255430403,1.195957328229726,-0.759263939779383,0.9411352372952234,1.2763819742211981,-1.003830380471674,0.5764153894164699,0.6397218571531476,0.4966361634967511
crop_farming,0,ET0715,2,0.8699079295889306,0.8719377889352362,-2.7114506214487957,0.9019423009059563,0.9019481773594544,-2.9713289120235102,0.5251064929974049,0.6233872225695742,-0.8970923805696895
crop_farming,0,ET0716,2,0.02901197518074672,0.03837218641617395,-4.552403114983321,0.02163205482780184,0.024239744788166036,-1.215664420877033,0.29964930135355883,0.3022558523867282,-343.50643229454215
crop_farming,0,ET0720,2,0.49852156232928524,0.673929830037424,-0.6620270214625166,0.5307743314224097,0.7393699112536065,-1.0004710295667758,0.3887365832514824,0.38884922969213315,0.4466865764653609
crop_farming,0,ET0721,2,1.210308715593604,1.24558560281189,-5.354674767417559,0.9823411688088224,0.9823588042025959,-2.952632636765618,0.7425875721553232,0.8910649749337463,-2.252107665805181
crop_farming,0,ET0722,2,1.2280343786981462,1.2664186270342728,-5.538847981996772,0.985757475308904,0.9857689074837884,-2.9618396400510196,0.7228943442697183,0.8774964007726112,-2.139332737917223
crop_farming,0,ET0723,2,1.2765106249880132,1.323547524885734,-6.007112202524611,1.0,1.0,-3.0,0.6241157072077905,0.8659740530756774,-1.9996442424012648
crop_farming,0,ET0724,2,0.013054638911247918,0.013107772067587484,0.0,0.0,0.0,1.0,0.014315824608574612,0.015090204115528076,0.0
crop_farming,0,ET1101,2,0.010316923337841843,0.010793492681072213,0.0,0.0,0.0,1.0,0.0,0.0,1.0
crop_farming,0,ET1102,2,0.12439370496526292,0.14770694843233248,0.0,0.2327100664773798,0.32910173211305505,0.0,0.0003619436231127038,0.0003646614561988585,0.0
crop_farming,0,ET1103,2,0.010316923337841843,0.010793492681072213,0.0,0.0,0.0,1.0,0.0,0.0,1.0
crop_farming,0,ET1104,2,0.16842399272857134,0.16847854088498904,-290.6792954649996,0.014699569356484088,0.015536413685927817,-1.4803785688332578,0.3676587281606277,0.39140944872096917,-1573.2693057038252
crop_farming,0,ET1105,2,0.011873725102189092,0.01278066558639242,0.0,0.0,0.0,1.0,0.0013694786113418456,0.0014533111852679018,0.0
crop_farming,0,ET1106,2,0.021790661185417837,0.0218550301401018,-31.44234691583327,0.0060695740218682515,0.0062780656866802615,-1.6770788022739285,0.016442551444427078,0.01909980842549749,-23.77806951042865
crop_farming,0,ET1202,2,0.09795563043287092,0.12943301843037394,0.0,0.0,0.0,1.0,0.002532647630626106,0.0025828039379234002,0.0
crop_farming,0,ET1203,2,0.08560888588817883,0.11193834568746568,0.0,0.0,0.0,1.0,0.0,0.0,1.0
crop_farming,0,ET1204,2,0.009840215887433446,0.01020262687075537,0.0,0.0,0.0,1.0,0.0011721442911575286,0.0011953573226717328,0.0
crop_farming,0,ET1301,2,0.1486186442819043,0.14942840501541294,-67.17383550029813,0.20085485362829347,0.25972174122789266,-204.95295058279464,1.1318430946999616,1.1333037168076086,-3920.426079706046
crop_farming,0,ET1401,2,0.010316923337841843,0.010793492681072213,0.0,0.0,0.0,1.0,0.0,0.0,1.0
crop_farming,0,ET1501,2,0.1389348132321354,0.13940560551121586,0.0,0.20884963251767796,0.29535798280313713,0.0,1.0294179629233764,1.0447211606474256,0.0
crop_farming,0,ET1502,2,0.1802895660335021,0.2298768703029824,0.0,0.008800031506910333,0.012445123906383138,0.0,0.45990098853650174,0.5107351835481178,0.0
crop_farming,0,ET1600,2,0.6288701922743273,0.6324516657311244,-2.505440738096035,0.6597310207715532,0.6599217117300942,-2.816566044783521,0.4289375110975303,0.4826290632348987,-1.0413378577849741
crop_farming,1,ET0101,2,0.22678783639502864,0.24029702406618608,-0.03143240867212871,0.28531994735109123,0.34163111391123097,-1.0847732338822862,0.8722530064964689,0.896748894389275,-13.364340401537577
crop_farming,1,ET0102,2,0.5010405778116315,0.5296947752722806,-4.666438701387681,0.35142549693146563,0.36368097370545044,-1.6711604687220762,1.1278357880349752,1.1284795553989113,-24.718533876119515
crop_farming,1,ET0103,2,0.3370670738280197,0.3552094239270275,-0.2113054733773334,0.41552257644045487,0.4749134026511115,-1.1652775500077368,0.8457029901773557,0.8590543056123305,-6.0847733078363495
crop_farming,1,ET0104,2,0.33382341754797373,0.34013616619391157,-0.6218956944684879,0.3848864439607871,0.4128197712148946,-1.3891217056157492,0.9219081978298604,0.9288842644363453,-11.095964624944079
crop_farming,1,ET0105,2,0.3353672196093668,0.3450332612298642,0.36419847101047564,0.9286523296038385,0.9308021586311792,-3.627158810530652,0.39720458368930067,0.5593139158618364,-0.6707477748344395
crop_farming,1,ET0106,2,0.36658778138450665,0.3860867906989386,-0.35913690070751003,0.4268279606655827,0.4874933016882071,-1.1668588531698845,0.8038121529175879,0.8081441717233597,-4.9548524871394575
crop_farming,1,ET0107,2,0.27220982173026687,0.3179563795427806,-58.897885902246266,0.04258731012740724,0.05813902632918323,-1.0026816399557785,0.4160829665639647,0.5330327007846773,-167.33875628945347
crop_farming,1,ET0301,2,0.2578437984035291,0.2603205301987372,-0.7494028761973988,0.2535104869354028,0.2896590979987151,-1.1659445985185402,0.8447179318054033,0.8454018740971428,-17.450129060779055
crop_farming,1,ET0302,2,0.11101947204798945,0.1463036940407503,0.37166221199967264,0.36631714132428406,0.3663280019317945,-2.9393342279051398,0.27152615651348433,0.27629238022153363,-1.240889340721183
crop_farming,1,ET0303,2,0.16683310517993366,0.2164904692327353,0.19286378138427762,0.4732159791076995,0.47329643737530736,-2.8577647745636914,0.6143979410673452,0.614490439449832,-5.502787061468291
crop_farming,1,ET0304,2,0.2830336555594287,0.31281316949374094,-1.5328168456975733,0.46032388551342174,0.46520522657271657,-4.601739379674056,0.25408909055652995,0.2745374950921101,-0.950909225072903
crop_farming,1,ET0305,2,0.4373419827559729,0.4671992662119513,-0.2867175972520286,0.7531950659190315,0.7564915694237759,-2.373549767752749,0.40877238990515363,0.46536581328427046,-0.27663835578318796
crop_farming,1,ET0306,2,0.1884017158557414,0.1997399955510105,-5.110650284275781,0.1921254102563723,0.19453469531461057,-4.796308552162843,0.10288147703602357,0.10523069585715446,-0.6960640243385721
crop_farming,1,ET0307,2,0.008335191120618424,0.008498690804194155,0.0,0.002435595050100603,0.0034444515523010507,0.0,0.0004857282416018682,0.0006129178057725623,0.0
crop_farming,1,ET0308,2,0.5599438264047452,0.5625090631481638,-2.886720651553785,0.3828160313968596,0.4264138170406482,-1.2335044228363632,0.35528585212709674,0.3628125217483848,-0.6169210479824854
crop_farming,1,ET0309,2,0.006272088149581578,0.006383575735260164,0.0,0.0,0.0,1.0,0.0,0.0,1.0
crop_farming,1,ET0310,2,0.6824751042372837,0.7086162034353292,-1.4047134073271965,0.9473916443044947,0.9479826503194139,-3.3036995556484863,0.7325231561030963,0.8272633728941604,-2.277394796410247
crop_farming,1,ET0311,2,0.11625563230280245,0.1569150822903286,-0.08591127321773007,0.2311263627795932,0.24150388773695658,-1.5722502420227569,0.10858221521617917,0.11940711639660519,0.371181391826482
crop_farming,1,ET0312,2,0.006677734504797028,0.0067557526014135885,-181436.07809041988,0.00030072760050559033,0.0004034871532514065,-646.1992305778904,0.00014465120272011411,0.00020456769270036534,-165.36143684187718
crop_farming,1,ET0401,2,0.06104298221143323,0.06407281600152098,0.0,0.0,0.0,1.0,0.19727156762393316,0.19727156762393316,0.0
crop_farming,1,ET0402,2,0.06397376246001252,0.06622750749082847,0.0,0.0,0.0,1.0,0.09541834283632311,0.11962635305382976,0.0
crop_farming,1,ET0403,2,0.006272088149581578,0.006383575735260164,0.0,0.0,0.0,1.0,0.0005618203666699628,0.0005618203666699628,0.0
crop_farming,1,ET0404,2,0.008085835400377328,0.008153178431460458,0.0,0.0009779176510524845,0.0013829844050024635,0.0,0.0007099861006450991,0.0007401055598296241,0.0
crop_farming,1,ET0405,2,0.006344974400861569,0.0064690119405853876,0.0,0.0,0.0,1.0,0.0005244752216967408,0.0005256517637191346,0.0
crop_farming,1,ET0406,2,0.24556349536154565,0.2650884818892846,-1612.8157763891472,0.13098053705711232,0.17614973495373437,-711.5842659746793,0.34061929135828584,0.34066759654719764,-2664.2250946103477
crop_farming,1,ET0407,2,0.16330239171143723,0.16559508289129352,-0.2200744989020631,0.15235463125853543,0.21204430190226137,-1.0005282527508004,0.20982334484291565,0.25574165225233414,-1.9100095180154146
crop_farming,1,ET0408,2,0.13712616218542328,0.17374303721653442,-18.485961065133278,0.05146128165910835,0.05823415060609781,-1.1890843829257394,0.13278560309055898,0.13664508405490447,-11.05299666353973
crop_farming,1,ET0409,2,0.43390112301767103,0.4456682475868451,-11.074874498374069,0.12886914140721006,0.1813804086468238,-1.0000460324054568,0.23836006042648106,0.2527002835931166,-2.8821355735856167
crop_farming,1,ET0413,2,0.009086041982557247,0.009765845004971276,-44.804142965507815,0.001442970480049599,0.0020406684229901588,-1.0,0.0024464147162309713,0.003325862485837676,-4.312435669692683
crop_farming,1,ET0416,2,0.006272088149581578,0.006383575735260164,0.0,0.0,0.0,1.0,0.0019095054355159347,0.0019095665585814707,0.0
crop_farming,1,ET0417,2,0.18425192511352917,0.19460058861744575,0.11477619751377699,0.2103533580613346,0.2925469271382088,-1.000579735174422,0.29094833356032257,0.30015497242881695,-1.1059878854461695
crop_farming,1,ET0418,2,0.006353780440318424,0.006479369002690267,0.0,0.0,0.0,1.0,0.07907478627158893,0.07992320776322431,0.0
crop_farming,1,ET0419,2,0.05845699315134112,0.06255185160467742,0.0,0.0,0.0,1.0,0.26198279722428686,0.2619835163825006,0.0
crop_farming,1,ET0420,2,0.008533035189529081,0.008714589376145703,0.0,0.0025897941079715547,0.003662521951247304,0.0,0.002118679225213249,0.0021401892104390744,0.0
crop_farming,1,ET0602,2,0.006094884219546626,0.006183050712287688,0.0,0.0,0.0,1.0,0.00010736205048988978,0.00010736205048988978,0.0
crop_farming,1,ET0603,2,0.07579895898560118,0.07680398156026494,0.0,0.0,0.0,1.0,0.013369968739884941,0.013369968739884941,0.0
crop_farming,1,ET0604,2,0.03074170630347739,0.03300144830401125,0.0,0.0,0.0,1.0,0.27379025199357687,0.27401900484182146,0.0
crop_farming,1,ET0605,2,0.012020812086861565,0.015049262896562561,0.0,0.0,0.0,1.0,0.06813914803401566,0.06813914803401566,0.0
crop_farming,1,ET0701,2,0.21638666861451472,0.25107067927560744,-3.263272530834386,0.12161003761657674,0.1719647567716555,-1.0000000214493436,0.061623293974371496,0.06176255749137012,0.742010730325953
crop_farming,1,ET0702,2,0.08542036424186472,0.11645839052131282,-66.85322769750032,0.06944697420431345,0.08073378768303702,-31.609159137838063,0.4091523641097483,0.44590622872119157,-993.7547500797015
crop_farming,1,ET0703,2,0.7453905555336736,0.752628641105624,-2.7336565437185962,0.6161812079023196,0.6373325672622144,-1.6773497304843827,0.5355326493949495,0.5755340436244213,-1.1833075578699739
crop_farming,1,ET0705,2,0.801150419892786,0.8590659638586335,-2.39494795225129,0.5843714245358047,0.6801986279097978,-1.1283919040856802,0.7198279372018372,0.9840424926356809,-3.454590638479605
crop_farming,1,ET0706,2,1.098191919049257,1.1006743015857339,-4.387527953508399,0.7510951531262415,0.7765792256014864,-1.6819051856979947,0.5852194222241569,0.5916844281294485,-0.556869327471879
crop_farming,1,ET0710,2,1.0034362959996506,1.0090604656343802,-4.292305373256795,0.8853497165000466,0.8853867411203092,-3.074520821293418,0.5689134307449271,0.6905326324487426,-1.4784429527161054
crop_farming,1,ET0713,2,1.3127119748457763,1.362519866062786,-6.593364410305465,0.9886673453194745,0.9886673745131419,-2.998056819399283,0.5064909683529117,0.7160913172903691,-1.0974198402839037
crop_farming,1,ET0714,2,0.9058787295946796,1.0673910371568924,-0.40135038046589644,0.9411352372952234,1.2763819742211981,-1.003830380471674,0.5764153894164699,0.6397218571531476,0.4966361634967511
crop_farming,1,ET0715,2,0.8467093111702898,0.8510401589574618,-2.5356787239370657,0.9019423009059563,0.9019481773594544,-2.9713289120235102,0.5251064929974049,0.6233872225695742,-0.8970923805696895
crop_farming,1,ET0716,2,0.024400673727883015,0.03147517292126365,-2.7358045558928854,0.02163205482780184,0.024239744788166036,-1.215664420877033,0.29964930135355883,0.3022558523867282,-343.50643229454215
crop_farming,1,ET0720,2,0.36659096356614784,0.5166543530725675,0.023192678101423225,0.5307743314224097,0.7393699112536065,-1.0004710295667758,0.3887365832514824,0.38884922969213315,0.4466865764653609
crop_farming,1,ET0721,2,1.3248396211594167,1.3763759713366392,-6.759260507079142,0.9823411688088224,0.9823588042025959,-2.952632636765618,0.7425875721553232,0.8910649749337463,-2.252107665805181
crop_farming,1,ET0722,2,1.3333994339865338,1.3857639861841926,-6.829340885926828,0.985757475308904,0.9857689074837884,-2.9618396400510196,0.7228943442697183,0.8774964007726112,-2.139332737917223
crop_farming,1,ET0723,2,1.3813901670550017,1.444573490255753,-7.347170274998751,1.0,1.0,-3.0,0.6241157072077905,0.8659740530756774,-1.9996442424012648
crop_farming,1,ET0724,2,0.00844712869368558,0.008980076937339874,0.0,0.0,0.0,1.0,0.014315824608574612,0.015090204115528076,0.0
crop_farming,1,ET1101,2,0.006272088149581578,0.006383575735260164,0.0,0.0,0.0,1.0,0.0,0.0,1.0
crop_farming,1,ET1102,2,0.121918733299762,0.12876281367061157,0.0,0.2327100664773798,0.32910173211305505,0.0,0.0003619436231127038,0.0003646614561988585,0.0
crop_farming,1,ET1103,2,0.006272088149581578,0.006383575735260164,0.0,0.0,0.0,1.0,0.0,0.0,1.0
crop_farming,1,ET1104,2,0.27589922400277067,0.29261054195269703,-878.8251131705377,0.014699569356484088,0.015536413685927817,-1.4803785688332578,0.3676587281606277,0.39140944872096917,-1573.2693057038252
crop_farming,1,ET1105,2,0.007319626834075943,0.007653354013278415,0.0,0.0,0.0,1.0,0.0013694786113418456,0.0014533111852679018,0.0
crop_farming,1,ET1106,2,0.01532232929612698,0.015456460249486943,-15.226674599338526,0.0060695740218682515,0.0062780656866802615,-1.6770788022739285,0.016442551444427078,0.01909980842549749,-23.77806951042865
crop_farming,1,ET1202,2,0.05396182372846625,0.058765264076718546,0.0,0.0,0.0,1.0,0.002532647630626106,0.0025828039379234002,0.0
crop_farming,1,ET1203,2,0.040822833344415166,0.04670184469208788,0.0,0.0,0.0,1.0,0.0,0.0,1.0
crop_farming,1,ET1204,2,0.006109786119148919,0.006195256416790552,0.0,0.0,0.0,1.0,0.0011721442911575286,0.0011953573226717328,0.0
crop_farming,1,ET1301,2,0.14386388185915477,0.16223995931485802,-79.36502129510419,0.20085485362829347,0.25972174122789266,-204.95295058279464,1.1318430946999616,1.1333037168076086,-3920.426079706046
crop_farming,1,ET1401,2,0.006272088149581578,0.006383575735260164,0.0,0.0,0.0,1.0,0.0,0.0,1.0
crop_farming,1,ET1501,2,0.11759494382779201,0.13086281102116298,0.0,0.20884963251767796,0.29535798280313713,0.0,1.0294179629233764,1.0447211606474256,0.0
crop_farming,1,ET1502,2,0.23604575321355226,0.321121803171516,0.0,0.008800031506910333,0.012445123906383138,0.0,0.45990098853650174,0.5107351835481178,0.0
crop_farming,1,ET1600,2,0.5846638350554816,0.5905826494516045,-2.056675356397351,0.6597310207715532,0.6599217117300942,-2.816566044783521,0.4289375110975303,0.4826290632348987,-1.0413378577849741
crop_farming,2,ET0101,2,0.08207865222516464,0.08264615963207574,0.8779917089546859,0.28531994735109123,0.34163111391123097,-1.0847732338822862,0.8722530064964689,0.896748894389275,-13.364340401537577
crop_farming,2,ET0102,2,0.37019596239721997,0.3704742699587902,-1.7718831494683873,0.35142549693146563,0.36368097370545044,-1.6711604687220762,1.1278357880349752,1.1284795553989113,-24.718533876119515
crop_farming,2,ET0103,2,0.2262817353729818,0.28753319275218064,0.20629211568029138,0.41552257644045487,0.4749134026511115,-1.1652775500077368,0.8457029901773557,0.8590543056123305,-6.0847733078363495
crop_farming,2,ET0104,2,0.26494694033804644,0.27320226149226207,-0.04637143742320626,0.3848864439607871,0.4128197712148946,-1.3891217056157492,0.9219081978298604,0.9288842644363453,-11.095964624944079
crop_farming,2,ET0105,2,0.4686066202901742,0.46869551747764143,-0.17322481931179734,0.9286523296038385,0.9308021586311792,-3.627158810530652,0.39720458368930067,0.5593139158618364,-0.6707477748344395
crop_farming,2,ET0106,2,0.2942127470755991,0.33943226428203993,-0.05050847336720654,0.4268279606655827,0.4874933016882071,-1.1668588531698845,0.8038121529175879,0.8081441717233597,-4.9548524871394575
crop_farming,2,ET0107,2,0.1863212725959813,0.18894484746235893,-20.151760201359885,0.04258731012740724,0.05813902632918323,-1.0026816399557785,0.4160829665639647,0.5330327007846773,-167.33875628945347
crop_farming,2,ET0301,2,0.2016176373411851,0.20474143156283425,-0.08214253307211172,0.2535104869354028,0.2896590979987151,-1.1659445985185402,0.8447179318054033,0.8454018740971428,-17.450129060779055
crop_farming,2,ET0302,2,0.19981023888997196,0.20304665737893146,-0.2102477500917641,0.36631714132428406,0.3663280019317945,-2.9393342279051398,0.27152615651348433,0.27629238022153363,-1.240889340721183
crop_farming,2,ET0303,2,0.18235636121545218,0.19644462184496286,0.3354164929508592,0.4732159791076995,0.47329643737530736,-2.8577647745636914,0.6143979410673452,0.614490439449832,-5.502787061468291
crop_farming,2,ET0304,2,0.29019383811587307,0.3036303509555187,-1.3862947833085544,0.46032388551342174,0.46520522657271657,-4.601739379674056,0.25408909055652995,0.2745374950921101,-0.950909225072903
crop_farming,2,ET0305,2,0.5330182229511318,0.5388278232101374,-0.7115081149663918,0.7531950659190315,0.7564915694237759,-2.373549767752749,0.40877238990515363,0.46536581328427046,-0.27663835578318796
crop_farming,2,ET0306,2,0.19096855441477334,0.21898535410737996,-6.344927233692743,0.1921254102563723,0.19453469531461057,-4.796308552162843,0.10288147703602357,0.10523069585715446,-0.6960640243385721
crop_farming,2,ET0307,2,0.01139235693009577,0.01142354123262072,0.0,0.002435595050100603,0.0034444515523010507,0.0,0.0004857282416018682,0.0006129178057725623,0.0
crop_farming,2,ET0308,2,0.43006565363017346,0.4474814524729183,-1.4596559175202222,0.3828160313968596,0.4264138170406482,-1.2335044228363632,0.35528585212709674,0.3628125217483848,-0.6169210479824854
crop_farming,2,ET0309,2,0.010815069091924978,0.011973247500080567,0.0,0.0,0.0,1.0,0.0,0.0,1.0
crop_farming,2,ET0310,2,0.724715924737321,0.746592696292119,-1.6693691757164473,0.9473916443044947,0.9479826503194139,-3.3036995556484863,0.7325231561030963,0.8272633728941604,-2.277394796410247
crop_farming,2,ET0311,2,0.14319332483044234,0.17691271601724146,-0.38033043485910745,0.2311263627795932,0.24150388773695658,-1.5722502420227569,0.10858221521617917,0.11940711639660519,0.371181391826482
crop_farming,2,ET0312,2,0.01061201982366744,0.011474225155612307,-523388.85982591886,0.00030072760050559033,0.0004034871532514065,-646.1992305778904,0.00014465120272011411,0.00020456769270036534,-165.36143684187718
crop_farming,2,ET0401,2,0.040047639502760135,0.042100679879455045,0.0,0.0,0.0,1.0,0.19727156762393316,0.19727156762393316,0.0
crop_farming,2,ET0402,2,0.05212659482480286,0.05215735147540223,0.0,0.0,0.0,1.0,0.09541834283632311,0.11962635305382976,0.0
crop_farming,2,ET0403,2,0.010815069091924978,0.011973247500080567,0.0,0.0,0.0,1.0,0.0005618203666699628,0.0005618203666699628,0.0
crop_farming,2,ET0404,2,0.01154377199120804,0.012188064170038655,0.0,0.0009779176510524845,0.0013829844050024635,0.0,0.0007099861006450991,0.0007401055598296241,0.0
crop_farming,2,ET0405,2,0.010815069091924978,0.011973247500080567,0.0,0.0,0.0,1.0,0.0005244752216967408,0.0005256517637191346,0.0
crop_farming,2,ET0406,2,0.22450621703193174,0.25276668496786603,-1466.2763115247128,0.13098053705711232,0.17614973495373437,-711.5842659746793,0.34061929135828584,0.34066759654719764,-2664.2250946103477
crop_farming,2,ET0407,2,0.1528110072656379,0.1548063821029368,-0.06627493007254626,0.15235463125853543,0.21204430190226137,-1.0005282527508004,0.20982334484291565,0.25574165225233414,-1.9100095180154146
crop_farming,2,ET0408,2,0.061622550029113654,0.08646765345930996,-3.826300498684768,0.05146128165910835,0.05823415060609781,-1.1890843829257394,0.13278560309055898,0.13664508405490447,-11.05299666353973
crop_farming,2,ET0409,2,0.42361775418749414,0.4265280463027954,-10.059982153084194,0.12886914140721006,0.1813804086468238,-1.0000460324054568,0.23836006042648106,0.2527002835931166,-2.8821355735856167
crop_farming,2,ET0413,2,0.009727677347017072,0.01053438054962105,-52.29704283051712,0.001442970480049599,0.0020406684229901588,-1.0,0.0024464147162309713,0.003325862485837676,-4.312435669692683
crop_farming,2,ET0416,2,0.010815069091924978,0.011973247500080567,0.0,0.0,0.0,1.0,0.0019095054355159347,0.0019095665585814707,0.0
crop_farming,2,ET0417,2,0.1954163244858632,0.20045032139346378,0.06075628484136797,0.2103533580613346,0.2925469271382088,-1.000579735174422,0.29094833356032257,0.30015497242881695,-1.1059878854461695
crop_farming,2,ET0418,2,0.00984339172770321,0.01068857578855168,0.0,0.0,0.0,1.0,0.07907478627158893,0.07992320776322431,0.0
crop_farming,2,ET0419,2,0.0522580802110707,0.054126795628481744,0.0,0.0,0.0,1.0,0.26198279722428686,0.2619835163825006,0.0
crop_farming,2,ET0420,2,0.012815761065747333,0.01296454744967558,0.0,0.0025897941079715547,0.003662521951247304,0.0,0.002118679225213249,0.0021401892104390744,0.0
crop_farming,2,ET0602,2,0.010687167263778607,0.011802994200708114,0.0,0.0,0.0,1.0,0.00010736205048988978,0.00010736205048988978,0.0
crop_farming,2,ET0603,2,0.06123397117330487,0.06179743386523012,0.0,0.0,0.0,1.0,0.013369968739884941,0.013369968739884941,0.0
crop_farming,2,ET0604,2,0.011952431287929999,0.012354149529035269,0.0,0.0,0.0,1.0,0.27379025199357687,0.27401900484182146,0.0
crop_farming,2,ET0605,2,0.01247664620459299,0.01374445361198031,0.0,0.0,0.0,1.0,0.06813914803401566,0.06813914803401566,0.0
crop_farming,2,ET0701,2,0.1668265851252949,0.19279617611057562,-1.5138996218001108,0.12161003761657674,0.1719647567716555,-1.0000000214493436,0.061623293974371496,0.06176255749137012,0.742010730325953
crop_farming,2,ET0702,2,0.11425739096263665,0.12848439932898867,-81.59043258533958,0.06944697420431345,0.08073378768303702,-31.609159137838063,0.4091523641097483,0.44590622872119157,-993.7547500797015
crop_farming,2,ET0703,2,0.737870398504301,0.7509249318563134,-2.7167720800213346,0.6161812079023196,0.6373325672622144,-1.6773497304843827,0.5355326493949495,0.5755340436244213,-1.1833075578699739
crop_farming,2,ET0705,2,0.7342774422234178,0.8080058836160399,-2.0033720965574733,0.5843714245358047,0.6801986279097978,-1.1283919040856802,0.7198279372018372,0.9840424926356809,-3.454590638479605
crop_farming,2,ET0706,2,1.007262889279562,1.0084583598649866,-3.52259631040456,0.7510951531262415,0.7765792256014864,-1.6819051856979947,0.5852194222241569,0.5916844281294485,-0.556869327471879
crop_farming,2,ET0710,2,1.0130673990940071,1.0160335962595843,-4.365703252965292,0.8853497165000466,0.8853867411203092,-3.074520821293418,0.5689134307449271,0.6905326324487426,-1.4784429527161054
crop_farming,2,ET0713,2,1.2790591533335214,1.307271350476746,-5.990046150196484,0.9886673453194745,0.9886673745131419,-2.998056819399283,0.5064909683529117,0.7160913172903691,-1.0974198402839037
crop_farming,2,ET0714,2,0.837809782305532,1.0317364993939202,-0.30929413278288087,0.9411352372952234,1.2763819742211981,-1.003830380471674,0.5764153894164699,0.6397218571531476,0.4966361634967511
crop_farming,2,ET0715,2,0.8369976185636041,0.8533335553625068,-2.5547604054133197,0.9019423009059563,0.9019481773594544,-2.9713289120235102,0.5251064929974049,0.6233872225695742,-0.8970923805696895
crop_farming,2,ET0716,2,0.024883003557107042,0.03295384172071697,-3.095057467398533,0.02163205482780184,0.024239744788166036,-1.215664420877033,0.29964930135355883,0.3022558523867282,-343.50643229454215
crop_farming,2,ET0720,2,0.3625985379799038,0.5123054355551299,0.039567941498394044,0.5307743314224097,0.7393699112536065,-1.0004710295667758,0.3887365832514824,0.38884922969213315,0.4466865764653609
crop_farming,2,ET0721,2,1.2686755816871056,1.2962328320320717,-5.881960942934829,0.9823411688088224,0.9823588042025959,-2.952632636765618,0.7425875721553232,0.8910649749337463,-2.252107665805181
crop_farming,2,ET0722,2,1.2550510761764495,1.2808345379322235,-5.688561446796871,0.985757475308904,0.9857689074837884,-2.9618396400510196,0.7228943442697183,0.8774964007726112,-2.139332737917223
crop_farming,2,ET0723,2,1.3073314491843622,1.3400247165217154,-6.182664963556414,1.0,1.0,-3.0,0.6241157072077905,0.8659740530756774,-1.9996442424012648
crop_farming,2,ET0724,2,0.010152902237742234,0.011092611745758651,0.0,0.0,0.0,1.0,0.014315824608574612,0.015090204115528076,0.0
crop_farming,2,ET1101,2,0.010815069091924978,0.011973247500080567,0.0,0.0,0.0,1.0,0.0,0.0,1.0
crop_farming,2,ET1102,2,0.11559664819947124,0.13111536992126213,0.0,0.2327100664773798,0.32910173211305505,0.0,0.0003619436231127038,0.0003646614561988585,0.0
crop_farming,2,ET1103,2,0.010815069091924978,0.011973247500080567,0.0,0.0,0.0,1.0,0.0,0.0,1.0
crop_farming,2,ET1104,2,0.27611280032770413,0.2863369145942168,-841.5023072724404,0.014699569356484088,0.015536413685927817,-1.4803785688332578,0.3676587281606277,0.39140944872096917,-1573.2693057038252
crop_farming,2,ET1105,2,0.008960799464853286,0.009543039884959722,0.0,0.0,0.0,1.0,0.0013694786113418456,0.0014533111852679018,0.0
crop_farming,2,ET1106,2,0.01677758965173315,0.016872869393636213,-18.33692149904234,0.0060695740218682515,0.0062780656866802615,-1.6770788022739285,0.016442551444427078,0.01909980842549749,-23.77806951042865
crop_farming,2,ET1202,2,0.047766984469655105,0.05176140562114516,0.0,0.0,0.0,1.0,0.002532647630626106,0.0025828039379234002,0.0
crop_farming,2,ET1203,2,0.0171275965958394,0.019175902655611896,0.0,0.0,0.0,1.0,0.0,0.0,1.0
crop_farming,2,ET1204,2,0.010538535387381587,0.011605212555997614,0.0,0.0,0.0,1.0,0.0011721442911575286,0.0011953573226717328,0.0
crop_farming,2,ET1301,2,0.17401709011328992,0.18048606365784464,-98.4577781612205,0.20085485362829347,0.25972174122789266,-204.95295058279464,1.1318430946999616,1.1333037168076086,-3920.426079706046
crop_farming,2,ET1401,2,0.010815069091924978,0.011973247500080567,0.0,0.0,0.0,1.0,0.0,0.0,1.0
crop_farming,2,ET1501,2,0.1546480879602251,0.15521409940612246,0.0,0.20884963251767796,0.29535798280313713,0.0,1.0294179629233764,1.0447211606474256,0.0
crop_farming,2,ET1502,2,0.13563093632281442,0.1671525604882738,0.0,0.008800031506910333,0.012445123906383138,0.0,0.45990098853650174,0.5107351835481178,0.0
crop_farming,2,ET1600,2,0.5480945126190868,0.5537997498875388,-1.687778394120627,0.6597310207715532,0.6599217117300942,-2.816566044783521,0.4289375110975303,0.4826290632348987,-1.0413378577849741
crop_farming,3,ET0101,2,0.0721444890266274,0.0880244739663242,0.8615952913792072,0.28531994735109123,0.34163111391123097,-1.0847732338822862,0.8722530064964689,0.896748894389275,-13.364340401537577
crop_farming,3,ET0102,2,0.2874059454618474,0.287899726778761,-0.6739455300438022,0.35142549693146563,0.36368097370545044,-1.6711604687220762,1.1278357880349752,1.1284795553989113,-24.718533876119515
crop_farming,3,ET0103,2,0.22701954084172082,0.2812791177443327,0.24044416693206283,0.41552257644045487,0.4749134026511115,-1.1652775500077368,0.8457029901773557,0.8590543056123305,-6.0847733078363495
crop_farming,3,ET0104,2,0.2796272607518935,0.30712937097754067,-0.3223913412075965,0.3848864439607871,0.4128197712148946,-1.3891217056157492,0.9219081978298604,0.9288842644363453,-11.095964624944079
crop_farming,3,ET0105,2,0.6430404535703325,0.6933769132105888,-1.5676652067241812,0.9286523296038385,0.9308021586311792,-3.627158810530652,0.39720458368930067,0.5593139158618364,-0.6707477748344395
crop_farming,3,ET0106,2,0.26040650232306173,0.29672382727131696,0.1972170105280684,0.4268279606655827,0.4874933016882071,-1.1668588531698845,0.8038121529175879,0.8081441717233597,-4.9548524871394575
crop_farming,3,ET0107,2,0.14513709592563018,0.14633421643943498,-11.687269955273266,0.04258731012740724,0.05813902632918323,-1.0026816399557785,0.4160829665639647,0.5330327007846773,-167.33875628945347
crop_farming,3,ET0301,2,0.2043623405219248,0.2064373174820291,-0.10014368474474833,0.2535104869354028,0.2896590979987151,-1.1659445985185402,0.8447179318054033,0.8454018740971428,-17.450129060779055
crop_farming,3,ET0302,2,0.2706071565153766,0.31612233972498743,-1.933546457960098,0.36631714132428406,0.3663280019317945,-2.9393342279051398,0.27152615651348433,0.27629238022153363,-1.240889340721183
crop_farming,3,ET0303,2,0.17626783481686625,0.21072713450461333,0.23526635880033375,0.4732159791076995,0.47329643737530736,-2.8577647745636914,0.6143979410673452,0.614490439449832,-5.502787061468291
crop_farming,3,ET0304,2,0.2405444463453147,0.24202447610420572,-0.5161853853332095,0.46032388551342174,0.46520522657271657,-4.601739379674056,0.25408909055652995,0.2745374950921101,-0.950909225072903
crop_farming,3,ET0305,2,0.5859988647691934,0.5918180357799433,-1.064692256249503,0.7531950659190315,0.7564915694237759,-2.373549767752749,0.40877238990515363,0.46536581328427046,-0.27663835578318796
crop_farming,3,ET0306,2,0.19662678857582816,0.22084245868688152,-6.47003273500752,0.1921254102563723,0.19453469531461057,-4.796308552162843,0.10288147703602357,0.10523069585715446,-0.6960640243385721
crop_farming,3,ET0307,2,0.014241099130331003,0.014739633347988033,0.0,0.002435595050100603,0.0034444515523010507,0.0,0.0004857282416018682,0.0006129178057725623,0.0
crop_farming,3,ET0308,2,0.2997837757787518,0.3147274269558191,-0.2167278866455944,0.3828160313968596,0.4264138170406482,-1.2335044228363632,0.35528585212709674,0.3628125217483848,-0.6169210479824854
crop_farming,3,ET0309,2,0.009920921571129893,0.010932962540227995,0.0,0.0,0.0,1.0,0.0,0.0,1.0
crop_farming,3,ET0310,2,0.641897952704653,0.6464176085192052,-1.0010941552287855,0.9473916443044947,0.9479826503194139,-3.3036995556484863,0.7325231561030963,0.8272633728941604,-2.277394796410247
crop_farming,3,ET0311,2,0.13147319803343882,0.13871660389059134,0.15136320219022092,0.2311263627795932,0.24150388773695658,-1.5722502420227569,0.10858221521617917,0.11940711639660519,0.371181391826482
crop_farming,3,ET0312,2,0.011352490053476494,0.012583064732470083,-629434.7858594379,0.00030072760050559033,0.0004034871532514065,-646.1992305778904,0.00014465120272011411,0.00020456769270036534,-165.36143684187718
crop_farming,3,ET0401,2,0.0659893303972593,0.08237738462763093,0.0,0.0,0.0,1.0,0.19727156762393316,0.19727156762393316,0.0
crop_farming,3,ET0402,2,0.0715411553946872,0.0835427276408484,0.0,0.0,0.0,1.0,0.09541834283632311,0.11962635305382976,0.0
crop_farming,3,ET0403,2,0.009920921571129893,0.010932962540227995,0.0,0.0,0.0,1.0,0.0005618203666699628,0.0005618203666699628,0.0
crop_farming,3,ET0404,2,0.014636513145169894,0.016272839562368347,0.0,0.0009779176510524845,0.0013829844050024635,0.0,0.0007099861006450991,0.0007401055598296241,0.0
crop_farming,3,ET0405,2,0.009920921571129893,0.010932962540227995,0.0,0.0,0.0,1.0,0.0005244752216967408,0.0005256517637191346,0.0
crop_farming,3,ET0406,2,0.29948082648678953,0.34078519842872235,-2666.0655372560927,0.13098053705711232,0.17614973495373437,-711.5842659746793,0.34061929135828584,0.34066759654719764,-2664.2250946103477
crop_farming,3,ET0407,2,0.11554677963904902,0.16082014769573566,-0.15072722827746743,0.15235463125853543,0.21204430190226137,-1.0005282527508004,0.20982334484291565,0.25574165225233414,-1.9100095180154146
crop_farming,3,ET0408,2,0.09993937971986944,0.10566602241270925,-6.207385160503845,0.05146128165910835,0.05823415060609781,-1.1890843829257394,0.13278560309055898,0.13664508405490447,-11.05299666353973
crop_farming,3,ET0409,2,0.3162759166193376,0.3240545879371342,-5.384039837043189,0.12886914140721006,0.1813804086468238,-1.0000460324054568,0.23836006042648106,0.2527002835931166,-2.8821355735856167
crop_farming,3,ET0413,2,0.011447753183960407,0.0128783416689595,-78.65352372424967,0.001442970480049599,0.0020406684229901588,-1.0,0.0024464147162309713,0.003325862485837676,-4.312435669692683
crop_farming,3,ET0416,2,0.009920921571129893,0.010932962540227995,0.0,0.0,0.0,1.0,0.0019095054355159347,0.0019095665585814707,0.0
crop_farming,3,ET0417,2,0.1311199960907501,0.13207673318220794,0.5922279817009863,0.2103533580613346,0.2925469271382088,-1.000579735174422,0.29094833356032257,0.30015497242881695,-1.1059878854461695
crop_farming,3,ET0418,2,0.012622378352243002,0.014459474232727882,0.0,0.0,0.0,1.0,0.07907478627158893,0.07992320776322431,0.0
crop_farming,3,ET0419,2,0.10428075357298494,0.1160727162837109,0.0,0.0,0.0,1.0,0.26198279722428686,0.2619835163825006,0.0
crop_farming,3,ET0420,2,0.014082020616872803,0.014521832980952588,0.0,0.0025897941079715547,0.003662521951247304,0.0,0.002118679225213249,0.0021401892104390744,0.0
crop_farming,3,ET0602,2,0.009833427665872918,0.01081688694070814,0.0,0.0,0.0,1.0,0.00010736205048988978,0.00010736205048988978,0.0
crop_farming,3,ET0603,2,0.03492029930076934,0.036665384314905694,0.0,0.0,0.0,1.0,0.013369968739884941,0.013369968739884941,0.0
crop_farming,3,ET0604,2,0.03338424796717121,0.040587041144640304,0.0,0.0,0.0,1.0,0.27379025199357687,0.27401900484182146,0.0
crop_farming,3,ET0605,2,0.04900580837023227,0.06565267041146274,0.0,0.0,0.0,1.0,0.06813914803401566,0.06813914803401566,0.0
crop_farming,3,ET0701,2,0.1369687204183868,0.154585718546596,-0.6161804117473226,0.12161003761657674,0.1719647567716555,-1.0000000214493436,0.061623293974371496,0.06176255749137012,0.742010730325953
crop_farming,3,ET0702,2,0.16340825549850135,0.20927546836414393,-218.1117103695894,0.06944697420431345,0.08073378768303702,-31.609159137838063,0.4091523641097483,0.44590622872119157,-993.7547500797015
crop_farming,3,ET0703,2,0.7162932310961948,0.7387781837162934,-2.5975016911824067,0.6161812079023196,0.6373325672622144,-1.6773497304843827,0.5355326493949495,0.5755340436244213,-1.1833075578699739
crop_farming,3,ET0705,2,0.7475655205008144,0.8736761184598514,-2.5114058188075594,0.5843714245358047,0.6801986279097978,-1.1283919040856802,0.7198279372018372,0.9840424926356809,-3.454590638479605
crop_farming,3,ET0706,2,0.8034463868282261,0.8220843769383962,-2.0054165442251097,0.7510951531262415,0.7765792256014864,-1.6819051856979947,0.5852194222241569,0.5916844281294485,-0.556869327471879
crop_farming,3,ET0710,2,0.904078255276938,0.9065630875051304,-3.27175736866488,0.8853497165000466,0.8853867411203092,-3.074520821293418,0.5689134307449271,0.6905326324487426,-1.4784429527161054
crop_farming,3,ET0713,2,0.9462360215418792,0.9462448128653302,-2.662314021221245,0.9886673453194745,0.9886673745131419,-2.998056819399283,0.5064909683529117,0.7160913172903691,-1.0974198402839037
crop_farming,3,ET0714,2,0.7163353474953557,0.9392636504699713,-0.08511224223640435,0.9411352372952234,1.2763819742211981,-1.003830380471674,0.5764153894164699,0.6397218571531476,0.4966361634967511
crop_farming,3,ET0715,2,0.9486961575560021,0.9660317265368492,-3.5557036630554695,0.9019423009059563,0.9019481773594544,-2.9713289120235102,0.5251064929974049,0.6233872225695742,-0.8970923805696895
crop_farming,3,ET0716,2,0.04030115690186242,0.05366498962545954,-9.860004303887463,0.02163205482780184,0.024239744788166036,-1.215664420877033,0.29964930135355883,0.3022558523867282,-343.50643229454215
crop_farming,3,ET0720,2,0.3919563143039544,0.4842091752078125,0.14202477031264094,0.5307743314224097,0.7393699112536065,-1.0004710295667758,0.3887365832514824,0.38884922969213315,0.4466865764653609
crop_farming,3,ET0721,2,0.9685094751891679,0.9724082056564569,-2.872963451707273,0.9823411688088224,0.9823588042025959,-2.952632636765618,0.7425875721553232,0.8910649749337463,-2.252107665805181
crop_farming,3,ET0722,2,0.9545117125728706,0.954626989299114,-2.7154727346441487,0.985757475308904,0.9857689074837884,-2.9618396400510196,0.7228943442697183,0.8774964007726112,-2.139332737917223
crop_farming,3,ET0723,2,1.0355473971422915,1.0389928901935135,-3.318024903490681,1.0,1.0,-3.0,0.6241157072077905,0.8659740530756774,-1.9996442424012648
crop_farming,3,ET0724,2,0.01038505853105498,0.01144749312424147,0.0,0.0,0.0,1.0,0.014315824608574612,0.015090204115528076,0.0
crop_farming,3,ET1101,2,0.009920921571129893,0.010932962540227995,0.0,0.0,0.0,1.0,0.0,0.0,1.0
crop_farming,3,ET1102,2,0.30337676657456836,0.3417013913938711,0.0,0.2327100664773798,0.32910173211305505,0.0,0.0003619436231127038,0.0003646614561988585,0.0
crop_farming,3,ET1103,2,0.009920921571129893,0.010932962540227995,0.0,0.0,0.0,1.0,0.0,0.0,1.0
crop_farming,3,ET1104,2,0.23175002769902553,0.2959649272153163,-899.11275251883,0.014699569356484088,0.015536413685927817,-1.4803785688332578,0.3676587281606277,0.39140944872096917,-1573.2693057038252
crop_farming,3,ET1105,2,0.009865582865261846,0.010767141586841339,0.0,0.0,0.0,1.0,0.0013694786113418456,0.0014533111852679018,0.0
crop_farming,3,ET1106,2,0.024353641601455478,0.025986348979496223,-44.86696219203944,0.0060695740218682515,0.0062780656866802615,-1.6770788022739285,0.016442551444427078,0.01909980842549749,-23.77806951042865
crop_farming,3,ET1202,2,0.012426312855071564,0.014079115793643867,0.0,0.0,0.0,1.0,0.002532647630626106,0.0025828039379234002,0.0
crop_farming,3,ET1203,2,0.012076552145442232,0.013834769374719577,0.0,0.0,0.0,1.0,0.0,0.0,1.0
crop_farming,3,ET1204,2,0.009256336769225215,0.01005585410110123,0.0,0.0,0.0,1.0,0.0011721442911575286,0.0011953573226717328,0.0
crop_farming,3,ET1301,2,0.36787356112815217,0.3744203590206089,-427.02616437902344,0.20085485362829347,0.25972174122789266,-204.95295058279464,1.1318430946999616,1.1333037168076086,-3920.426079706046
crop_farming,3,ET1401,2,0.009920921571129893,0.010932962540227995,0.0,0.0,0.0,1.0,0.0,0.0,1.0
crop_farming,3,ET1501,2,0.33254560462093896,0.3433159104695047,0.0,0.20884963251767796,0.29535798280313713,0.0,1.0294179629233764,1.0447211606474256,0.0
crop_farming,3,ET1502,2,0.06896527439426747,0.07719461108047272,0.0,0.008800031506910333,0.012445123906383138,0.0,0.45990098853650174,0.5107351835481178,0.0
crop_farming,3,ET1600,2,0.6795358343091317,0.6930998997898753,-3.209976000429105,0.6597310207715532,0.6599217117300942,-2.816566044783521,0.4289375110975303,0.4826290632348987,-1.0413378577849741
crop_farming,4,ET0101,2,0.14778153687481654,0.15360137672228658,0.5785615023619863,0.19743485566698094,0.2660652697923279,-0.2645044610029643,0.8722530064964689,0.896748894389275,-13.364340401537577
crop_farming,4,ET0102,2,0.5116554443520989,0.5163451068110214,-4.384420239418661,0.5608120973452231,0.578519884405641,-5.759201571256365,1.1278357880349752,1.1284795553989113,-24.718533876119515
crop_farming,4,ET0103,2,0.3378504015056041,0.3694633621960977,-0.3104711882358655,0.2683247082807134,0.3297126764912907,-0.04365272292554723,0.8457029901773557,0.8590543056123305,-6.0847733078363495
crop_farming,4,ET0104,2,0.42661066198478226,0.4280776546732299,-1.5689899984613853,0.3450947430780069,0.34821985476297757,-0.699903845702913,0.9219081978298604,0.9288842644363453,-11.095964624944079
crop_farming,4,ET0105,2,0.3951770666746114,0.44249963091931077,-0.045744206792032394,0.5582159789626174,0.7057091868354717,-1.659813487261383,0.39720458368930067,0.5593139158618364,-0.6707477748344395
crop_farming,4,ET0106,2,0.36726335655839937,0.40726835130070393,-0.5123581195804492,0.2949041273963262,0.34349557495540595,-0.07581008371357756,0.8038121529175879,0.8081441717233597,-4.9548524871394575
crop_farming,4,ET0107,2,0.23570846758605002,0.24716012512027974,-35.19371986240872,0.04108296656396493,0.056013042198658845,-0.8588944448433702,0.4160829665639647,0.5330327007846773,-167.33875628945347
crop_farming,4,ET0301,2,0.5418459615790071,0.5783236067868182,-7.634055510488027,0.6241338055332769,0.7126008765903821,-12.108883397500332,0.8447179318054033,0.8454018740971428,-17.450129060779055
crop_farming,4,ET0302,2,0.022973895021364044,0.023623864266964088,0.9836173379483725,0.17826924209424544,0.24815361836285102,-0.8076894330816222,0.27152615651348433,0.27629238022153363,-1.240889340721183
crop_farming,4,ET0303,2,0.36703670750948325,0.4007004504153388,-1.7650878479027865,0.2960782392718373,0.40656384436025766,-1.8466022018111228,0.6143979410673452,0.614490439449832,-5.502787061468291
crop_farming,4,ET0304,2,0.28327850888364225,0.37118252873070623,-2.566225334885041,0.3892990070431025,0.4653086907208738,-4.604231370781527,0.25408909055652995,0.2745374950921101,-0.950909225072903
crop_farming,4,ET0305,2,0.1932896669167935,0.22621375709663072,0.6983405310856989,0.10245196842017834,0.10949612865447536,0.9293232671174829,0.40877238990515363,0.46536581328427046,-0.27663835578318796
crop_farming,4,ET0306,2,0.15174028648420412,0.1520644194814649,-2.5417065484777424,0.031551316872514445,0.04318876052028903,0.7143075006110652,0.10288147703602357,0.10523069585715446,-0.6960640243385721
crop_farming,4,ET0307,2,0.01738678302828489,0.01764860379533268,0.0,0.002435595050100603,0.0034444515523010507,0.0,0.0004857282416018682,0.0006129178057725623,0.0
crop_farming,4,ET0308,2,0.5048103675991875,0.5136248163582698,-2.240531724452516,0.5925243160321925,0.61729357446702,-3.680667509548872,0.35528585212709674,0.3628125217483848,-0.6169210479824854
crop_farming,4,ET0309,2,0.015462586489882302,0.015501830321402883,0.0,0.0,0.0,1.0,0.0,0.0,1.0
crop_farming,4,ET0310,2,0.23451418734685814,0.2347549067442138,0.7360810807752656,0.3730491197328464,0.4825656397155568,-0.11520307445092315,0.7325231561030963,0.8272633728941604,-2.277394796410247
crop_farming,4,ET0311,2,0.10053654492509667,0.10221206920770015,0.5392457767912249,0.0712892344847681,0.09905865285390934,0.5672373226926851,0.10858221521617917,0.11940711639660519,0.371181391826482
crop_farming,4,ET0312,2,0.016350265373400674,0.01641214039220142,-1070800.6104492084,0.0005538743757640407,0.0005541014099004753,-1219.554227952112,0.00014465120272011411,0.00020456769270036534,-165.36143684187718
crop_farming,4,ET0401,2,0.115559627678544,0.11556012974351736,0.0,0.0,0.0,1.0,0.19727156762393316,0.19727156762393316,0.0
crop_farming,4,ET0402,2,0.11169694316054923,0.11342302146273929,0.0,0.052759484274310875,0.07461317820454047,0.0,0.09541834283632311,0.11962635305382976,0.0
crop_farming,4,ET0403,2,0.015462586489882302,0.015501830321402883,0.0,0.0,0.0,1.0,0.0005618203666699628,0.0005618203666699628,0.0
crop_farming,4,ET0404,2,0.01769689349052972,0.017734831676804383,0.0,0.002069241849400383,0.0020723471900913185,0.0,0.0007099861006450991,0.0007401055598296241,0.0
crop_farming,4,ET0405,2,0.01591173929712897,0.01597624850840821,0.0,5.862413584112325e-05,8.290704798891915e-05,0.0,0.0005244752216967408,0.0005256517637191346,0.0
crop_farming,4,ET0406,2,0.34853308258742766,0.35257704416537017,-2853.830354099384,0.11812744809769715,0.166570986078721,-636.1929383692496,0.34061929135828584,0.34066759654719764,-2664.2250946103477
crop_farming,4,ET0407,2,0.25155459152217274,0.25609047612153435,-1.9179532615570674,0.21661834002214098,0.23035071989149783,-1.3608621191946324,0.20982334484291565,0.25574165225233414,-1.9100095180154146
crop_farming,4,ET0408,2,0.15751910348203735,0.1577986345934282,-15.07361249582382,0.21492135224497444,0.26818203418839726,-45.426545862119355,0.13278560309055898,0.13664508405490447,-11.05299666353973
crop_farming,4,ET0409,2,0.49103260169325647,0.6430853355521647,-24.14180490539259,0.42333259397837075,0.455470241105765,-11.611863251342747,0.23836006042648106,0.2527002835931166,-2.8821355735856167
crop_farming,4,ET0413,2,0.025184053130211992,0.02541454767335616,-309.2057731906975,0.0059192235595726395,0.006651166129068507,-20.24617224770338,0.0024464147162309713,0.003325862485837676,-4.312435669692683
crop_farming,4,ET0416,2,0.015462586489882302,0.015501830321402883,0.0,0.0,0.0,1.0,0.0019095054355159347,0.0019095665585814707,0.0
crop_farming,4,ET0417,2,0.1378756503287072,0.15709293083224532,0.4231298482284679,0.2143576408936071,0.2879486347015101,-0.938183228622522,0.29094833356032257,0.30015497242881695,-1.1059878854461695
crop_farming,4,ET0418,2,0.01800431379616918,0.01837156820806954,0.0,0.0,0.0,1.0,0.07907478627158893,0.07992320776322431,0.0
crop_farming,4,ET0419,2,0.10405908849927392,0.14033565076171678,0.0,0.0,0.0,1.0,0.26198279722428686,0.2619835163825006,0.0
crop_farming,4,ET0420,2,0.020779981472191844,0.021749038575245152,0.0,0.0025897941079715547,0.003662521951247304,0.0,0.002118679225213249,0.0021401892104390744,0.0
crop_farming,4,ET0602,2,0.015154294156678128,0.015175083178731862,0.0,0.0,0.0,1.0,0.00010736205048988978,0.00010736205048988978,0.0
crop_farming,4,ET0603,2,0.05021419276694805,0.051840866448529144,0.0,0.0,0.0,1.0,0.013369968739884941,0.013369968739884941,0.0
crop_farming,4,ET0604,2,0.08079862613452449,0.08333751301992161,0.0,0.012851439696870415,0.01817468031533412,0.0,0.27379025199357687,0.27401900484182146,0.0
crop_farming,4,ET0605,2,0.08453876668352067,0.08459730122957299,0.0,0.0,0.0,1.0,0.06813914803401566,0.06813914803401566,0.0
crop_farming,4,ET0701,2,0.42891239039513873,0.4415572619677741,-12.186367163590198,0.5421874577337717,0.6191759491017107,-24.928611338946578,0.061623293974371496,0.06176255749137012,0.742010730325953
crop_farming,4,ET0702,2,0.2721441750343998,0.2894391053489911,-418.12479889441005,0.21651107836135486,0.2547122237057143,-323.58505424627805,0.4091523641097483,0.44590622872119157,-993.7547500797015
crop_farming,4,ET0703,2,0.5224430335905931,0.5266959628865031,-0.8284911450940016,0.2588524156283276,0.26733453521809947,0.5289326385100936,0.5355326493949495,0.5755340436244213,-1.1833075578699739
crop_farming,4,ET0705,2,0.6745980335100011,0.7112831411135159,-1.3273683578297568,0.3691373493559784,0.49319850525638664,-0.11898328342786035,0.7198279372018372,0.9840424926356809,-3.454590638479605
crop_farming,4,ET0706,2,0.7319682404378219,0.7623359734298896,-1.5844296264823905,0.47043548320647777,0.4765054381784689,-0.009735454932389809,0.5852194222241569,0.5916844281294485,-0.556869327471879
crop_farming,4,ET0710,2,0.663298077619142,0.845261215583018,-2.713576693305517,0.38298972892416194,0.5303020745986244,-0.4616963606292237,0.5689134307449271,0.6905326324487426,-1.4784429527161054
crop_farming,4,ET0713,2,0.729371453648056,0.9635518383218866,-2.7975082385942516,0.4944538034761705,0.6989235761754721,-0.998057291622571,0.5064909683529117,0.7160913172903691,-1.0974198402839037
crop_farming,4,ET0714,2,1.0240532237753845,1.03477984841744,-0.31702966571590663,1.8264605341677624,1.8273130088527174,-3.1070077687874784,0.5764153894164699,0.6397218571531476,0.4966361634967511
crop_farming,4,ET0715,2,0.4305888103433022,0.4546685979784481,-0.009165994224693996,0.04954122384351278,0.06561916576339182,0.9789799329748791,0.5251064929974049,0.6233872225695742,-0.8970923805696895
crop_farming,4,ET0716,2,0.02472267655396232,0.029245660636484337,-2.2253048545218777,0.016284560839838758,0.017217149780012892,-0.11781623541324215,0.29964930135355883,0.3022558523867282,-343.50643229454215
crop_farming,4,ET0720,2,0.672272999562825,0.6724255589549404,-0.6546157189520441,1.0574889214548275,1.0574967141792206,-3.092293499462415,0.3887365832514824,0.38884922969213315,0.4466865764653609
crop_farming,4,ET0721,2,0.7328496638937368,0.9951420757558298,-3.056171851963521,0.5000000000000002,0.6988319103355486,-1.000283829521381,0.7425875721553232,0.8910649749337463,-2.252107665805181
crop_farming,4,ET0722,2,0.7052468082369874,0.9372584530736852,-2.581503611251148,0.498138540944455,0.6977925909567584,-0.9851776138607944,0.7228943442697183,0.8774964007726112,-2.139332737917223
crop_farming,4,ET0723,2,0.7563590686624767,1.0356548954274993,-3.2903242496917775,0.5,0.7071067811865476,-1.0,0.6241157072077905,0.8659740530756774,-1.9996442424012648
crop_farming,4,ET0724,2,0.022246741315294916,0.022575299077696037,0.0,0.003450579902137041,0.004879856895654231,0.0,0.014315824608574612,0.015090204115528076,0.0
crop_farming,4,ET1101,2,0.015462586489882302,0.015501830321402883,0.0,0.0,0.0,1.0,0.0,0.0,1.0
crop_farming,4,ET1102,2,0.23743953983080857,0.32579666939058705,0.0,0.2327100664773798,0.32910173211305505,0.0,0.0003619436231127038,0.0003646614561988585,0.0
crop_farming,4,ET1103,2,0.015462586489882302,0.015501830321402883,0.0,0.0,0.0,1.0,0.0,0.0,1.0
crop_farming,4,ET1104,2,0.5665125482827531,0.5665714717928799,-3297.570897662936,0.49238172567366933,0.6892558627695917,-4880.770456345588,0.3676587281606277,0.39140944872096917,-1573.2693057038252
crop_farming,4,ET1105,2,0.016757833582893844,0.0168101501939088,0.0,0.0,0.0,1.0,0.0013694786113418456,0.0014533111852679018,0.0
crop_farming,4,ET1106,2,0.0672332365974524,0.06983430051927439,-330.2432365743429,0.023286711433069707,0.025817418517083798,-44.27256224659644,0.016442551444427078,0.01909980842549749,-23.77806951042865
crop_farming,4,ET1202,2,0.05995166467110469,0.06168578360951927,0.0,0.0,0.0,1.0,0.002532647630626106,0.0025828039379234002,0.0
crop_farming,4,ET1203,2,0.0552645620169504,0.05808520374413969,0.0,0.0,0.0,1.0,0.0,0.0,1.0
crop_farming,4,ET1204,2,0.015253926990542621,0.01525689718933309,0.0,0.0,0.0,1.0,0.0011721442911575286,0.0011953573226717328,0.0
crop_farming,4,ET1301,2,0.47289907918177265,0.4876860762242429,-725.1596604327653,0.35981029551149446,0.36224164512194584,-399.6343307616921,1.1318430946999616,1.1333037168076086,-3920.426079706046
crop_farming,4,ET1401,2,0.015462586489882302,0.015501830321402883,0.0,0.0,0.0,1.0,0.0,0.0,1.0
crop_farming,4,ET1501,2,0.3412048058216183,0.398199565188112,0.0,0.20884963251767796,0.29535798280313713,0.0,1.0294179629233764,1.0447211606474256,0.0
crop_farming,4,ET1502,2,0.10467215172852806,0.10494931098366711,0.0,0.008800031506910333,0.012445123906383138,0.0,0.45990098853650174,0.5107351835481178,0.0
crop_farming,4,ET1600,2,0.44599700971651557,0.4477538883892374,-0.7569794424446861,0.14072499311400788,0.17800042691911636,0.7223293123326041,0.4289375110975303,0.4826290632348987,-1.0413378577849741
crop_farming,8,ET0101,2,0.32074017430558155,0.39864782512021113,-1.8387214977401145,0.2366072270092634,0.32140437255306065,-0.8452174380596573,0.8722530064964689,0.896748894389275,-13.364340401537577
crop_farming,8,ET0102,2,0.3130475179072145,0.3963218747475769,-2.1721586800729136,0.6412939901137547,0.6788029783527703,-8.305641020098562,1.1278357880349752,1.1284795553989113,-24.718533876119515
crop_farming,8,ET0103,2,0.3840825982041116,0.4124630331733563,-0.6332579590491851,0.3994637681473774,0.5135511013347047,-1.53193207617496,0.8457029901773557,0.8590543056123305,-6.0847733078363495
crop_farming,8,ET0104,2,0.36226103391011577,0.4180319028124238,-1.449831137380028,0.6587224030752956,0.7108072351560258,-6.083060898985582,0.9219081978298604,0.9288842644363453,-11.095964624944079
crop_farming,8,ET0105,2,0.8543381398686778,1.1813047517233135,-6.45286995914535,0.5572670047711342,0.705540401858524,-1.6585413403763334,0.39720458368930067,0.5593139158618364,-0.6707477748344395
crop_farming,8,ET0106,2,0.4509758328185074,0.4751066008443139,-1.0581425240874518,0.4499487926391872,0.5586847711065868,-1.845948153154258,0.8038121529175879,0.8081441717233597,-4.9548524871394575
crop_farming,8,ET0107,2,0.3849692052382445,0.45003171664849456,-118.9948625655824,0.04108296656396493,0.056013042198658845,-0.8588944448433702,0.4160829665639647,0.5330327007846773,-167.33875628945347
crop_farming,8,ET0301,2,0.8413890326461142,0.9744318441182991,-23.511841077147007,1.1648363691190187,1.1813470522419263,-35.02699173205961,0.8447179318054033,0.8454018740971428,-17.450129060779055
crop_farming,8,ET0302,2,0.3318003689631889,0.44435571526536216,-4.796210322234139,0.5354658392419641,0.5663827079342797,-8.416783078710429,0.27152615651348433,0.27629238022153363,-1.240889340721183
crop_farming,8,ET0303,2,0.5491385855897439,0.7214883979338218,-7.9645393057786045,0.8156744648154779,0.8505245508115966,-11.45784665666005,0.6143979410673452,0.614490439449832,-5.502787061468291
crop_farming,8,ET0304,2,0.505285894739492,0.6295026446209321,-9.257200542337838,0.8407230699624099,0.8633938716130544,-18.29530518968847,0.25408909055652995,0.2745374950921101,-0.950909225072903
crop_farming,8,ET0305,2,0.7021400833465921,0.7094901266941788,-1.9673696386539223,0.41187035282295037,0.5392414550894175,-0.7141368063993141,0.40877238990515363,0.46536581328427046,-0.27663835578318796
crop_farming,8,ET0306,2,0.12085246279815653,0.12156726394767488,-1.263552868536431,0.08286107887709004,0.11573632904904815,-1.0516192446257917,0.10288147703602357,0.10523069585715446,-0.6960640243385721
crop_farming,8,ET0307,2,0.14800120034609665,0.18445350140061123,0.0,0.0,0.0,1.0,0.0004857282416018682,0.0006129178057725623,0.0
crop_farming,8,ET0308,2,0.3609193582524566,0.41137241647752093,-1.0787133977666907,0.70474027783873,0.7603081466611047,-6.100739289974423,0.35528585212709674,0.3628125217483848,-0.6169210479824854
crop_farming,8,ET0309,2,0.1597657233788874,0.20442364161298415,0.0,0.0,0.0,1.0,0.0,0.0,1.0
crop_farming,8,ET0310,2,0.722008060257344,0.8848457348183115,-2.749525320814983,1.1361214253858019,1.2245756482401036,-6.1814543613283055,0.7325231561030963,0.8272633728941604,-2.277394796410247
crop_farming,8,ET0311,2,0.22311177286234207,0.2232318915665931,-1.1977457175463755,0.15309096023420365,0.21473519046835896,-1.0336275064904634,0.10858221521617917,0.11940711639660519,0.371181391826482
crop_farming,8,ET0312,2,0.0616520353319594,0.0672215384932573,-17963685.401122924,0.0005538743757640407,0.0005541014099004753,-1219.554227952112,0.00014465120272011411,0.00020456769270036534,-165.36143684187718
crop_farming,8,ET0401,2,0.15512018516437487,0.174793412346197,0.0,0.0,0.0,1.0,0.19727156762393316,0.19727156762393316,0.0
crop_farming,8,ET0402,2,0.3408715601271267,0.36953455217319264,0.0,0.10551896854862175,0.10551896854862175,0.0,0.09541834283632311,0.11962635305382976,0.0
crop_farming,8,ET0403,2,0.08164294147832918,0.09542881016243937,0.0,0.0,0.0,1.0,0.0005618203666699628,0.0005618203666699628,0.0
crop_farming,8,ET0404,2,0.05465244557417703,0.056291208085805476,0.0,0.0021826483966957966,0.0021826483966957966,0.0,0.0007099861006450991,0.0007401055598296241,0.0
crop_farming,8,ET0405,2,0.07817205047023101,0.08966322631709746,0.0,0.0001172482716822465,0.0001172482716822465,0.0,0.0005244752216967408,0.0005256517637191346,0.0
crop_farming,8,ET0406,2,0.13840080864636528,0.16354880574415648,-613.2808762259729,0.0072877395702738434,0.00983133214245393,-1.219713778560756,0.34061929135828584,0.34066759654719764,-2664.2250946103477
crop_farming,8,ET0407,2,0.4931367098891315,0.6121953247039652,-15.675216965066568,0.14991816642326972,0.15036974455143312,-0.006033401457346654,0.20982334484291565,0.25574165225233414,-1.9100095180154146
crop_farming,8,ET0408,2,0.6081628008435388,0.7940806256920598,-406.0391776287808,0.3359691629472793,0.3382667981446482,-72.86279837376551,0.13278560309055898,0.13664508405490447,-11.05299666353973
crop_farming,8,ET0409,2,0.044932210472283796,0.04497506044702745,0.8770289869706093,0.4631342658769291,0.48056466365640044,-13.039864179649634,0.23836006042648106,0.2527002835931166,-2.8821355735856167
crop_farming,8,ET0413,2,0.11862395534619752,0.14396982812062845,-9953.69777470089,0.01039547663909568,0.010495146419191996,-51.9007842837777,0.0024464147162309713,0.003325862485837676,-4.312435669692683
crop_farming,8,ET0416,2,0.0807522716628869,0.09420615312331038,0.0,0.0,0.0,1.0,0.0019095054355159347,0.0019095665585814707,0.0
crop_farming,8,ET0417,2,0.47477809135113147,0.5725775573026178,-6.663610552964261,0.20683194122885407,0.2773219658739452,-0.7977666687619358,0.29094833356032257,0.30015497242881695,-1.1059878854461695
crop_farming,8,ET0418,2,0.07527248707387424,0.08262402320957431,0.0,0.0,0.0,1.0,0.07907478627158893,0.07992320776322431,0.0
crop_farming,8,ET0419,2,0.17443679448239346,0.1923325980795066,0.0,0.0,0.0,1.0,0.26198279722428686,0.2619835163825006,0.0
crop_farming,8,ET0420,2,0.06848709530892183,0.07748970891536085,0.0,0.0,0.0,1.0,0.002118679225213249,0.0021401892104390744,0.0
crop_farming,8,ET0602,2,0.06920491500337811,0.07961855234900744,0.0,0.0,0.0,1.0,0.00010736205048988978,0.00010736205048988978,0.0
crop_farming,8,ET0603,2,0.12356798813781167,0.15152221399443877,0.0,0.0,0.0,1.0,0.013369968739884941,0.013369968739884941,0.0
crop_farming,8,ET0604,2,0.16654372699248177,0.19069966130657615,0.0,0.02570287939374083,0.02570287939374083,0.0,0.27379025199357687,0.27401900484182146,0.0
crop_farming,8,ET0605,2,0.11302451371516187,0.1268490076668176,0.0,0.0,0.0,1.0,0.06813914803401566,0.06813914803401566,0.0
crop_farming,8,ET0701,2,0.9913917260952477,1.0334965554682638,-71.23857457384435,0.7196077657692642,0.7298090676215425,-35.02214838110281,0.061623293974371496,0.06176255749137012,0.742010730325953
crop_farming,8,ET0702,2,0.8069228068682714,0.8906048294713224,-3967.250096628351,0.36481780965466004,0.36509165291845735,-665.8570569442854,0.4091523641097483,0.44590622872119157,-993.7547500797015
crop_farming,8,ET0703,2,0.528154928414658,0.5295175986366527,-0.8481349481392195,0.38950546795197283,0.43669783348788566,-0.25699907227367125,0.5355326493949495,0.5755340436244213,-1.1833075578699739
crop_farming,8,ET0705,2,0.7901153131150928,0.8032857564647481,-1.9683849965086813,0.46624045336705044,0.6303275626472877,-0.8277327405700554,0.7198279372018372,0.9840424926356809,-3.454590638479605
crop_farming,8,ET0706,2,0.2876303981136733,0.33684556009470673,0.4954159273170383,0.4742027393601992,0.479644755214377,-0.023083976793364158,0.5852194222241569,0.5916844281294485,-0.556869327471879
crop_farming,8,ET0710,2,0.1389617251735651,0.15061552882266063,0.8820901694210512,0.43862637566611684,0.537785380247434,-0.5032405999550684,0.5689134307449271,0.6905326324487426,-1.4784429527161054
crop_farming,8,ET0713,2,0.2788754529068307,0.2831025841554605,0.6721794132155279,0.4944538034761705,0.6989235761754721,-0.998057291622571,0.5064909683529117,0.7160913172903691,-1.0974198402839037
crop_farming,8,ET0714,2,0.8402555472459714,0.8791866515642334,0.049259917763748606,0.9016753224868226,1.2522525341320232,-0.928783449382903,0.5764153894164699,0.6397218571531476,0.4966361634967511
crop_farming,8,ET0715,2,0.7911782970494936,0.7915673127895885,-2.058781050417662,0.45259906925557514,0.578330607846892,-0.6327701136012611,0.5251064929974049,0.6233872225695742,-0.8970923805696895
crop_farming,8,ET0716,2,0.11048031793611968,0.12598670929814978,-58.854576595428874,0.016284560839838758,0.017217149780012892,-0.11781623541324215,0.29964930135355883,0.3022558523867282,-343.50643229454215
crop_farming,8,ET0720,2,0.5069496805350567,0.5871637259282049,-0.26161590637504917,0.5306772562911389,0.7449079971068857,-1.0305514310254775,0.3887365832514824,0.38884922969213315,0.4466865764653609
crop_farming,8,ET0721,2,0.19260532299550093,0.26105385758384825,0.7208700749214819,0.4941137229362742,0.6987823283311408,-1.0,0.7425875721553232,0.8910649749337463,-2.252107665805181
crop_farming,8,ET0722,2,0.2679173132036736,0.2775394658036521,0.6859519092143974,0.4952524917696348,0.6977652559313785,-0.9850220839274377,0.7228943442697183,0.8774964007726112,-2.139332737917223
crop_farming,8,ET0723,2,0.21835741908190887,0.2629786868402276,0.723368841071158,0.5,0.7071067811865476,-1.0,0.6241157072077905,0.8659740530756774,-1.9996442424012648
crop_farming,8,ET0724,2,0.12380744011592781,0.15445240109372727,0.0,0.006901159804274082,0.006901159804274082,0.0,0.014315824608574612,0.015090204115528076,0.0
crop_farming,8,ET1101,2,0.0807522716628869,0.09420615312331038,0.0,0.0,0.0,1.0,0.0,0.0,1.0
crop_farming,8,ET1102,2,0.07103544121560113,0.0797509100316604,0.0,0.0,0.0,1.0,0.0003619436231127038,0.0003646614561988585,0.0
crop_farming,8,ET1103,2,0.0807522716628869,0.09420615312331038,0.0,0.0,0.0,1.0,0.0,0.0,1.0
crop_farming,8,ET1104,2,1.2856116156644166,1.341888153833476,-18502.29423638607,0.984567951097432,0.984617370443356,-9961.111621742144,0.3676587281606277,0.39140944872096917,-1573.2693057038252
crop_farming,8,ET1105,2,0.07485997908256858,0.08208765876327527,0.0,0.0,0.0,1.0,0.0013694786113418456,0.0014533111852679018,0.0
crop_farming,8,ET1106,2,0.12573714062983732,0.13651917716867015,-1264.8923301861,0.03827130555555214,0.0384631724351173,-99.48463245519335,0.016442551444427078,0.01909980842549749,-23.77806951042865
crop_farming,8,ET1202,2,0.0897103070013272,0.1037012361268775,0.0,0.0,0.0,1.0,0.002532647630626106,0.0025828039379234002,0.0
crop_farming,8,ET1203,2,0.09256516581104235,0.10317285236007596,0.0,0.0,0.0,1.0,0.0,0.0,1.0
crop_farming,8,ET1204,2,0.07053120836634086,0.08163393715535025,0.0,0.0,0.0,1.0,0.0011721442911575286,0.0011953573226717328,0.0
crop_farming,8,ET1301,2,0.7881201702938139,0.879133853343748,-2358.7251140909475,0.33600862176720925,0.3364956493368753,-344.7087036215205,1.1318430946999616,1.1333037168076086,-3920.426079706046
crop_farming,8,ET1401,2,0.06150272461942974,0.0681113148759288,0.0,0.0,0.0,1.0,0.0,0.0,1.0
crop_farming,8,ET1501,2,0.19412045295236668,0.22603930169828754,0.0,0.0,0.0,1.0,1.0294179629233764,1.0447211606474256,0.0
crop_farming,8,ET1502,2,0.4854070457959895,0.5909449651098649,0.0,0.0,0.0,1.0,0.45990098853650174,0.5107351835481178,0.0
crop_farming,8,ET1600,2,0.47917750442510865,0.4807841566655884,-1.025761176759342,0.3377971849331515,0.3490901738275779,-0.06798018981189347,0.4289375110975303,0.4826290632348987,-1.0413378577849741
crop_farming,12,ET0101,2,0.18764989130125564,0.20007170322674986,0.28498471280288684,0.2366072270092634,0.32140437255306065,-0.8452174380596573,0.8722530064964689,0.896748894389275,-13.364340401537577
crop_farming,12,ET0102,2,0.6083292576963806,0.6160510677011108,-6.664648549592069,0.6412939901137547,0.6788029783527703,-8.305641020098562,1.1278357880349752,1.1284795553989113,-24.718533876119515
crop_farming,12,ET0103,2,0.5671956287009143,0.6080156873597654,-2.549067751777622,0.3994637681473774,0.5135511013347047,-1.53193207617496,0.8457029901773557,0.8590543056123305,-6.0847733078363495
crop_farming,12,ET0104,2,0.6429412176921862,0.6471805215968288,-4.871758318344083,0.6587224030752956,0.7108072351560258,-6.083060898985582,0.9219081978298604,0.9288842644363453,-11.095964624944079
crop_farming,12,ET0105,2,0.34573598833149444,0.3992743560083535,0.14858268601552083,0.5572670047711342,0.705540401858524,-1.6585413403763334,0.39720458368930067,0.5593139158618364,-0.6707477748344395
crop_farming,12,ET0106,2,0.530232614233885,0.5509972003396789,-1.768165818539389,0.4499487926391872,0.5586847711065868,-1.845948153154258,0.8038121529175879,0.8081441717233597,-4.9548524871394575
crop_farming,12,ET0107,2,0.10908946192987823,0.147414987647465,-11.875369122540896,0.04108296656396493,0.056013042198658845,-0.8588944448433702,0.4160829665639647,0.5330327007846773,-167.33875628945347
crop_farming,12,ET0301,2,0.915803033896115,0.9274258041671707,-21.204006538037966,1.1648363691190187,1.1813470522419263,-35.02699173205961,0.8447179318054033,0.8454018740971428,-17.450129060779055
crop_farming,12,ET0302,2,0.19053833373662887,0.2073075170326361,-0.26157389908619577,0.5354658392419641,0.5663827079342797,-8.416783078710429,0.27152615651348433,0.27629238022153363,-1.240889340721183
crop_farming,12,ET0303,2,0.690407097942172,0.6953302890704262,-7.326290675406593,0.8156744648154779,0.8505245508115966,-11.45784665666005,0.6143979410673452,0.614490439449832,-5.502787061468291
crop_farming,12,ET0304,2,0.4851864529211358,0.5209330838481215,-6.0242119629303925,0.8407230699624099,0.8633938716130544,-18.29530518968847,0.25408909055652995,0.2745374950921101,-0.950909225072903
crop_farming,12,ET0305,2,0.41887008387383395,0.42886857473223683,-0.08424489385885381,0.41187035282295037,0.5392414550894175,-0.7141368063993141,0.40877238990515363,0.46536581328427046,-0.27663835578318796
crop_farming,12,ET0306,2,0.18768748676804425,0.2103684694241567,-5.778266690552979,0.08286107887709004,0.11573632904904815,-1.0516192446257917,0.10288147703602357,0.10523069585715446,-0.6960640243385721
crop_farming,12,ET0307,2,0.14563905273916267,0.14589030717198231,0.0,0.0,0.0,1.0,0.0004857282416018682,0.0006129178057725623,0.0
crop_farming,12,ET0308,2,0.5695086617243047,0.5806925651752074,-3.1420640552606223,0.70474027783873,0.7603081466611047,-6.100739289974423,0.35528585212709674,0.3628125217483848,-0.6169210479824854
crop_farming,12,ET0309,2,0.09894757873635496,0.09915153997134168,0.0,0.0,0.0,1.0,0.0,0.0,1.0
crop_farming,12,ET0310,2,0.5378032207433698,0.720820732165908,-1.4882596996037973,1.1361214253858019,1.2245756482401036,-6.1814543613283055,0.7325231561030963,0.8272633728941604,-2.277394796410247
crop_farming,12,ET0311,2,0.17408254277394075,0.17872052598180124,-0.40868481050108607,0.15309096023420365,0.21473519046835896,-1.0336275064904634,0.10858221521617917,0.11940711639660519,0.371181391826482
crop_farming,12,ET0312,2,0.09146015116663586,0.0925270762166314,-34034253.88822785,0.0005538743757640407,0.0005541014099004753,-1219.554227952112,0.00014465120272011411,0.00020456769270036534,-165.36143684187718
crop_farming,12,ET0401,2,0.05709374233281295,0.057406729731022614,0.0,0.0,0.0,1.0,0.19727156762393316,0.19727156762393316,0.0
crop_farming,12,ET0402,2,0.3173961721266296,0.32026886571528357,0.0,0.10551896854862175,0.10551896854862175,0.0,0.09541834283632311,0.11962635305382976,0.0
crop_farming,12,ET0403,2,0.036571161197179514,0.03660171085721892,0.0,0.0,0.0,1.0,0.0005618203666699628,0.0005618203666699628,0.0
crop_farming,12,ET0404,2,0.039340130517522054,0.03950535277555372,0.0,0.0021826483966957966,0.0021826483966957966,0.0,0.0007099861006450991,0.0007401055598296241,0.0
crop_farming,12,ET0405,2,0.09835906351321433,0.10475306673465073,0.0,0.0001172482716822465,0.0001172482716822465,0.0,0.0005244752216967408,0.0005256517637191346,0.0
crop_farming,12,ET0406,2,0.3472263447151347,0.3474145314644755,-2770.840273351012,0.0072877395702738434,0.00983133214245393,-1.219713778560756,0.34061929135828584,0.34066759654719764,-2664.2250946103477
crop_farming,12,ET0407,2,0.349907159244254,0.3722701659551564,-5.166062775963817,0.14991816642326972,0.15036974455143312,-0.006033401457346654,0.20982334484291565,0.25574165225233414,-1.9100095180154146
crop_farming,12,ET0408,2,0.19622064980967024,0.2398532039552779,-36.136251162066415,0.3359691629472793,0.3382667981446482,-72.86279837376551,0.13278560309055898,0.13664508405490447,-11.05299666353973
crop_farming,12,ET0409,2,0.4815480779823198,0.5706645854337283,-18.797989190396805,0.4631342658769291,0.48056466365640044,-13.039864179649634,0.23836006042648106,0.2527002835931166,-2.8821355735856167
crop_farming,12,ET0413,2,0.09372326614356774,0.09783478088067386,-4595.96990267217,0.01039547663909568,0.010495146419191996,-51.9007842837777,0.0024464147162309713,0.003325862485837676,-4.312435669692683
crop_farming,12,ET0416,2,0.03442627385698205,0.03442664257457647,0.0,0.0,0.0,1.0,0.0019095054355159347,0.0019095665585814707,0.0
crop_farming,12,ET0417,2,0.1865836018501097,0.24803860748678946,-0.4381472425086006,0.20683194122885407,0.2773219658739452,-0.7977666687619358,0.29094833356032257,0.30015497242881695,-1.1059878854461695
crop_farming,12,ET0418,2,0.06233741353433786,0.0649878534648514,0.0,0.0,0.0,1.0,0.07907478627158893,0.07992320776322431,0.0
crop_farming,12,ET0419,2,0.2207490616767006,0.22391358814755102,0.0,0.0,0.0,1.0,0.26198279722428686,0.2619835163825006,0.0
crop_farming,12,ET0420,2,0.03388670525096027,0.03390046432765295,0.0,0.0,0.0,1.0,0.002118679225213249,0.0021401892104390744,0.0
crop_farming,12,ET0602,2,0.07466975131694886,0.0809596271385913,0.0,0.0,0.0,1.0,0.00010736205048988978,0.00010736205048988978,0.0
crop_farming,12,ET0603,2,0.161014908150665,0.17876548014863214,0.0,0.0,0.0,1.0,0.013369968739884941,0.013369968739884941,0.0
crop_farming,12,ET0604,2,0.12890791900838972,0.13135308136234597,0.0,0.02570287939374083,0.02570287939374083,0.0,0.27379025199357687,0.27401900484182146,0.0
crop_farming,12,ET0605,2,0.08328930727215278,0.08330264634105224,0.0,0.0,0.0,1.0,0.06813914803401566,0.06813914803401566,0.0
crop_farming,12,ET0701,2,0.5155926639502537,0.5260130299822068,-17.7130296349397,0.7196077657692642,0.7298090676215425,-35.02214838110281,0.061623293974371496,0.06176255749137012,0.742010730325953
crop_farming,12,ET0702,2,0.275943739337252,0.33629568432157275,-564.811189619204,0.36481780965466004,0.36509165291845735,-665.8570569442854,0.4091523641097483,0.44590622872119157,-993.7547500797015
crop_farming,12,ET0703,2,0.6370672564426849,0.6370738912654375,-1.675176844305565,0.38950546795197283,0.43669783348788566,-0.25699907227367125,0.5355326493949495,0.5755340436244213,-1.1833075578699739
crop_farming,12,ET0705,2,0.6741824441060678,0.7425437895259583,-1.536437908872733,0.46624045336705044,0.6303275626472877,-0.8277327405700554,0.7198279372018372,0.9840424926356809,-3.454590638479605
crop_farming,12,ET0706,2,0.6724422956437093,0.6871433894206148,-1.0997453521619591,0.4742027393601992,0.479644755214377,-0.023083976793364158,0.5852194222241569,0.5916844281294485,-0.556869327471879
crop_farming,12,ET0710,2,0.7323884950715345,0.8132561850343403,-2.437678541129934,0.43862637566611684,0.537785380247434,-0.5032405999550684,0.5689134307449271,0.6905326324487426,-1.4784429527161054
crop_farming,12,ET0713,2,0.6802850438457595,0.8335843355259649,-1.8421542600216236,0.4944538034761705,0.6989235761754721,-0.998057291622571,0.5064909683529117,0.7160913172903691,-1.0974198402839037
crop_farming,12,ET0714,2,0.7813126985048413,0.8280546627371845,0.15663097502917955,0.9016753224868226,1.2522525341320232,-0.928783449382903,0.5764153894164699,0.6397218571531476,0.4966361634967511
crop_farming,12,ET0715,2,0.6536898183871543,0.6983845899635472,-1.3810141860403466,0.45259906925557514,0.578330607846892,-0.6327701136012611,0.5251064929974049,0.6233872225695742,-0.8970923805696895
crop_farming,12,ET0716,2,0.05331290113828557,0.05720841700456342,-11.341494650696614,0.016284560839838758,0.017217149780012892,-0.11781623541324215,0.29964930135355883,0.3022558523867282,-343.50643229454215
crop_farming,12,ET0720,2,0.36482655207686465,0.40883246613138213,0.3883549381907031,0.5306772562911389,0.7449079971068857,-1.0305514310254775,0.3887365832514824,0.38884922969213315,0.4466865764653609
crop_farming,12,ET0721,2,0.7071398582066454,0.8792951431683852,-2.1667626739370416,0.4941137229362742,0.6987823283311408,-1.0,0.7425875721553232,0.8910649749337463,-2.252107665805181
crop_farming,12,ET0722,2,0.7190940362506795,0.8865095046678106,-2.204154535954819,0.4952524917696348,0.6977652559313785,-0.9850220839274377,0.7228943442697183,0.8774964007726112,-2.139332737917223
crop_farming,12,ET0723,2,0.7241522144938052,0.9036807474064877,-2.266555572932593,0.5,0.7071067811865476,-1.0,0.6241157072077905,0.8659740530756774,-1.9996442424012648
crop_farming,12,ET0724,2,0.04319809814952025,0.04326609638668124,0.0,0.006901159804274082,0.006901159804274082,0.0,0.014315824608574612,0.015090204115528076,0.0
crop_farming,12,ET1101,2,0.03467148682197707,0.03467384686744728,0.0,0.0,0.0,1.0,0.0,0.0,1.0
crop_farming,12,ET1102,2,0.03431785654160835,0.034318182195350815,0.0,0.0,0.0,1.0,0.0003619436231127038,0.0003646614561988585,0.0
crop_farming,12,ET1103,2,0.03442627385698205,0.03442664257457647,0.0,0.0,0.0,1.0,0.0,0.0,1.0
crop_farming,12,ET1104,2,0.754113335345727,0.7860488899170247,-6348.149224618315,0.984567951097432,0.984617370443356,-9961.111621742144,0.3676587281606277,0.39140944872096917,-1573.2693057038252
crop_farming,12,ET1105,2,0.0335765726582572,0.03357675854162309,0.0,0.0,0.0,1.0,0.0013694786113418456,0.0014533111852679018,0.0
crop_farming,12,ET1106,2,0.10983721701231197,0.11006328491495125,-821.8001941240007,0.03827130555555214,0.0384631724351173,-99.48463245519335,0.016442551444427078,0.01909980842549749,-23.77806951042865
crop_farming,12,ET1202,2,0.08333679004471184,0.08519157572871043,0.0,0.0,0.0,1.0,0.002532647630626106,0.0025828039379234002,0.0
crop_farming,12,ET1203,2,0.08805975651364184,0.08875765523809172,0.0,0.0,0.0,1.0,0.0,0.0,1.0
crop_farming,12,ET1204,2,0.03561074982460588,0.035627179399248754,0.0,0.0,0.0,1.0,0.0011721442911575286,0.0011953573226717328,0.0
crop_farming,12,ET1301,2,0.5341622620809833,0.5401708109265249,-889.8685590493818,0.33600862176720925,0.3364956493368753,-344.7087036215205,1.1318430946999616,1.1333037168076086,-3920.426079706046
crop_farming,12,ET1401,2,0.03606685127419895,0.03607326337320878,0.0,0.0,0.0,1.0,0.0,0.0,1.0
crop_farming,12,ET1501,2,0.2569190507461384,0.2572436392610091,0.0,0.0,0.0,1.0,1.0294179629233764,1.0447211606474256,0.0
crop_farming,12,ET1502,2,0.15275502607594627,0.21348352980355656,0.0,0.0,0.0,1.0,0.45990098853650174,0.5107351835481178,0.0
crop_farming,12,ET1600,2,0.5199449216701963,0.5199665542006388,-1.3694020878450828,0.3377971849331515,0.3490901738275779,-0.06798018981189347,0.4289375110975303,0.4826290632348987,-1.0413378577849741
pastoral,0,ET0201,2,0.06922546971037713,0.07486431068838534,-398.61643163278336,0.019797826465160373,0.023311712858950492,-37.74735370436728,0.1110999226914362,0.11346309956834626,-916.916050403484
pastoral,0,ET0202,2,0.3586825012257895,0.37338478558985283,-0.3883555514574608,0.4155948464926198,0.4693851230395417,-1.1940479126056354,0.4351078847402896,0.5229355131350784,-1.7232263355775377
pastoral,0,ET0203,2,0.14945604357300835,0.17555651026225286,-12.93115251702068,0.1715993715383961,0.1883004822261715,-15.027140079003114,0.2815027389559013,0.3150045780083305,-43.85252524290434
pastoral,0,ET0204,2,0.2993751340224504,0.2997568836148205,-801.7724990158644,0.23522642514830272,0.3180505798372451,-902.7463151024627,0.7116015256638184,0.7406274136056649,-4899.650400395982
pastoral,0,ET0205,2,0.10383127945833193,0.12098744046579177,-14.394173666743672,0.062263895240342704,0.06226670304487637,-3.077439681572775,0.1655134619046862,0.21428389042142382,-47.289737934350256
pastoral,0,ET0411,2,0.07483847316436376,0.08252908176781015,0.14314534041377325,0.12466834732803378,0.1357201684103171,-1.3172981574452418,0.13635774200313144,0.14728147560662905,-1.728911113237361
pastoral,0,ET0412,2,0.13669577087327056,0.14246753706655566,-8.034917589916887,0.2701069580911415,0.32201269413121975,-45.15708223898599,0.3069330422004015,0.3212834526319907,-44.9482609904567
pastoral,0,ET0414,2,0.3987665013045558,0.49877927246254694,-26.92661501568145,0.3757342476076301,0.4196813806218366,-18.771558639299226,0.1058291936594985,0.1325707174318082,-0.9728620389475269
pastoral,0,ET0415,2,0.616280306475356,0.644421223219137,-5.570084577220545,0.6166496748967315,0.6270674128185421,-5.220993601830885,0.16004457016846108,0.2236086802567141,0.2089414894342171
pastoral,0,ET0421,2,0.4678458844517268,0.4945619620314426,-0.4328129453733458,0.452006222562792,0.586882772099923,-1.0176730696098324,0.412833993595925,0.5181179855561566,-0.5725534364694773
pastoral,0,ET0501,2,0.24893849373472365,0.250777502424914,-20053.177495192802,0.004820804837622594,0.004987602360401734,-6.932523228374832,0.5412419693225508,0.5528265503616548,-97454.3070132035
pastoral,0,ET0503,2,0.07297025236236032,0.07557401271844273,0.0,0.09113699458477531,0.12888717377571257,0.0,0.457137965973621,0.4619229805269039,0.0
pastoral,0,ET0504,2,0.10775184759748213,0.10783140146624079,-8585.230511444413,0.004741493306444022,0.005320669986430048,-19.904736113855098,0.3966531493424099,0.39941720722958685,-117804.50509640545
pastoral,0,ET0505,2,0.13353313364951824,0.13434409048598356,0.0,0.0009762609062511363,0.0013806414140350057,0.0,0.32037700705846883,0.3305834711250106,0.0
pastoral,0,ET0506,2,0.0853478456735226,0.08699917419183632,-268400.99625242525,0.0033409348422024365,0.004493589706130938,-715.0482918677133,0.5297376085095149,0.5416314924769836,-10403111.545684092
pastoral,0,ET0507,2,0.16657390376861625,0.1888924807341826,0.0,0.01607051960356598,0.022727146777745705,0.0,0.25069616927212546,0.25069628599526256,0.0
pastoral,0,ET0508,2,0.11907355994846958,0.1245155572946293,-64358.20607762542,0.05132213101739258,0.07188968682832715,-21452.424592054296,0.5537763912362326,0.5870232590645201,-1430453.5489560028
pastoral,0,ET0509,2,0.08052682270102252,0.0981766542101056,-1.0785418539764127,0.07301853271909464,0.09655506150762339,-1.010445981223497,0.43931982373246936,0.45985172260745916,-44.60137670667991
pastoral,0,ET0510,2,0.07739068054049092,0.07849875057754346,-74094.59012893912,0.0002883809470455301,0.000407832246441786,-0.9999999999999998,0.5710273474800112,0.5717779400325252,-3931167.542607405
pastoral,0,ET0511,2,0.49289310181823165,0.5035575872829825,-0.7678301100735125,0.7180145472687527,0.7190971561764361,-2.60510054104941,0.37544604225372025,0.39584901182282173,-0.0924494964585072
pastoral,1,ET0201,2,0.05742192926258749,0.059762858751520244,-253.65746091411359,0.019797826465160373,0.023311712858950492,-37.74735370436728,0.1110999226914362,0.11346309956834626,-916.916050403484
pastoral,1,ET0202,2,0.3064945052470698,0.33162041630719613,-0.09514086828342005,0.4155948464926198,0.4693851230395417,-1.1940479126056354,0.4351078847402896,0.5229355131350784,-1.7232263355775377
pastoral,1,ET0203,2,0.11370733909171005,0.14343650313165868,-8.299777245001067,0.1715993715383961,0.1883004822261715,-15.027140079003114,0.2815027389559013,0.3150045780083305,-43.85252524290434
pastoral,1,ET0204,2,0.3140619831398914,0.3205232997444794,-916.8534958736211,0.23522642514830272,0.3180505798372451,-902.7463151024627,0.7116015256638184,0.7406274136056649,-4899.650400395982
pastoral,1,ET0205,2,0.06773153966197698,0.09471805345269498,-8.434987561266352,0.062263895240342704,0.06226670304487637,-3.077439681572775,0.1655134619046862,0.21428389042142382,-47.289737934350256
pastoral,1,ET0411,2,0.06397737543240667,0.0774777298591424,0.24482620565259328,0.12466834732803378,0.1357201684103171,-1.3172981574452418,0.13635774200313144,0.14728147560662905,-1.728911113237361
pastoral,1,ET0412,2,0.1569132070881254,0.1572610903222301,-10.00867188039427,0.2701069580911415,0.32201269413121975,-45.15708223898599,0.3069330422004015,0.3212834526319907,-44.9482609904567
pastoral,1,ET0414,2,0.35463366744148483,0.46153954146145226,-22.912188839345312,0.3757342476076301,0.4196813806218366,-18.771558639299226,0.1058291936594985,0.1325707174318082,-0.9728620389475269
pastoral,1,ET0415,2,0.6044739540279334,0.6341129789227088,-5.361573878701906,0.6166496748967315,0.6270674128185421,-5.220993601830885,0.16004457016846108,0.2236086802567141,0.2089414894342171
pastoral,1,ET0421,2,0.42402103460635443,0.4731965530313255,-0.31169003779824256,0.452006222562792,0.586882772099923,-1.0176730696098324,0.412833993595925,0.5181179855561566,-0.5725534364694773
pastoral,1,ET0501,2,0.278692754967343,0.2827233563841565,-25487.899495286,0.004820804837622594,0.004987602360401734,-6.932523228374832,0.5412419693225508,0.5528265503616548,-97454.3070132035
pastoral,1,ET0503,2,0.0777830675022324,0.09425972604015521,0.0,0.09113699458477531,0.12888717377571257,0.0,0.457137965973621,0.4619229805269039,0.0
pastoral,1,ET0504,2,0.09377679636764924,0.10139015390873825,-7590.080708366359,0.004741493306444022,0.005320669986430048,-19.904736113855098,0.3966531493424099,0.39941720722958685,-117804.50509640545
pastoral,1,ET0505,2,0.17433551992006402,0.17684456888065014,0.0,0.0009762609062511363,0.0013806414140350057,0.0,0.32037700705846883,0.3305834711250106,0.0
pastoral,1,ET0506,2,0.11834929216662671,0.12129077237879024,-521687.18894403713,0.0033409348422024365,0.004493589706130938,-715.0482918677133,0.5297376085095149,0.5416314924769836,-10403111.545684092
pastoral,1,ET0507,2,0.1718187102511386,0.20310095458583455,0.0,0.01607051960356598,0.022727146777745705,0.0,0.25069616927212546,0.25069628599526256,0.0
pastoral,1,ET0508,2,0.14035536789405167,0.1483407863319775,-91343.96176077829,0.05132213101739258,0.07188968682832715,-21452.424592054296,0.5537763912362326,0.5870232590645201,-1430453.5489560028
pastoral,1,ET0509,2,0.13122885958706654,0.13565289656771898,-2.968263131162187,0.07301853271909464,0.09655506150762339,-1.010445981223497,0.43931982373246936,0.45985172260745916,-44.60137670667991
pastoral,1,ET0510,2,0.07985512450690924,0.08699747981156881,-91007.13537996863,0.0002883809470455301,0.000407832246441786,-0.9999999999999998,0.5710273474800112,0.5717779400325252,-3931167.542607405
pastoral,1,ET0511,2,0.45445311376243924,0.4860618949290125,-0.6471205663063551,0.7180145472687527,0.7190971561764361,-2.60510054104941,0.37544604225372025,0.39584901182282173,-0.0924494964585072
pastoral,2,ET0201,2,0.06516945759287829,0.06700041426432697,-319.0727144604536,0.019797826465160373,0.023311712858950492,-37.74735370436728,0.1110999226914362,0.11346309956834626,-916.916050403484
pastoral,2,ET0202,2,0.3401087785336909,0.35539410633158114,-0.25778933714470975,0.4155948464926198,0.4693851230395417,-1.1940479126056354,0.4351078847402896,0.5229355131350784,-1.7232263355775377
pastoral,2,ET0203,2,0.12717395420587718,0.159686081999186,-10.526230464160339,0.1715993715383961,0.1883004822261715,-15.027140079003114,0.2815027389559013,0.3150045780083305,-43.85252524290434
pastoral,2,ET0204,2,0.33485918409795445,0.3409658114439012,-1037.6657842948619,0.23522642514830272,0.3180505798372451,-902.7463151024627,0.7116015256638184,0.7406274136056649,-4899.650400395982
pastoral,2,ET0205,2,0.06831552450287248,0.08926396891962629,-7.3796945632451205,0.062263895240342704,0.06226670304487637,-3.077439681572775,0.1655134619046862,0.21428389042142382,-47.289737934350256
pastoral,2,ET0411,2,0.060951868979920665,0.08470710004523582,0.097322194668229,0.12466834732803378,0.1357201684103171,-1.3172981574452418,0.13635774200313144,0.14728147560662905,-1.728911113237361
pastoral,2,ET0412,2,0.20568298442784028,0.20987290680459256,-18.60672773319645,0.2701069580911415,0.32201269413121975,-45.15708223898599,0.3069330422004015,0.3212834526319907,-44.9482609904567
pastoral,2,ET0414,2,0.34733025968228937,0.4523156247381249,-21.965964210465206,0.3757342476076301,0.4196813806218366,-18.771558639299226,0.1058291936594985,0.1325707174318082,-0.9728620389475269
pastoral,2,ET0415,2,0.5891196623694677,0.629812481460422,-5.275579225686733,0.6166496748967315,0.6270674128185421,-5.220993601830885,0.16004457016846108,0.2236086802567141,0.2089414894342171
pastoral,2,ET0421,2,0.43998961305274453,0.4821877902645181,-0.3620106193821173,0.452006222562792,0.586882772099923,-1.0176730696098324,0.412833993595925,0.5181179855561566,-0.5725534364694773
pastoral,2,ET0501,2,0.32380842382517705,0.3241645659193353,-33507.79345741683,0.004820804837622594,0.004987602360401734,-6.932523228374832,0.5412419693225508,0.5528265503616548,-97454.3070132035
pastoral,2,ET0503,2,0.04916011793220365,0.06536132038424297,0.0,0.09113699458477531,0.12888717377571257,0.0,0.457137965973621,0.4619229805269039,0.0
pastoral,2,ET0504,2,0.1445553343932211,0.14654907327810543,-15858.087569986228,0.004741493306444022,0.005320669986430048,-19.904736113855098,0.3966531493424099,0.39941720722958685,-117804.50509640545
pastoral,2,ET0505,2,0.17226600174367346,0.17271257164617637,0.0,0.0009762609062511363,0.0013806414140350057,0.0,0.32037700705846883,0.3305834711250106,0.0
pastoral,2,ET0506,2,0.08587123741612057,0.0863199807412825,-264226.5821081451,0.0033409348422024365,0.004493589706130938,-715.0482918677133,0.5297376085095149,0.5416314924769836,-10403111.545684092
pastoral,2,ET0507,2,0.19309488989161294,0.20172489547821051,0.0,0.01607051960356598,0.022727146777745705,0.0,0.25069616927212546,0.25069628599526256,0.0
pastoral,2,ET0508,2,0.14226609328113793,0.14320591824557122,-85129.53788141589,0.05132213101739258,0.07188968682832715,-21452.424592054296,0.5537763912362326,0.5870232590645201,-1430453.5489560028
pastoral,2,ET0509,2,0.07914410177411546,0.09939222993877887,-1.130331493217617,0.07301853271909464,0.09655506150762339,-1.010445981223497,0.43931982373246936,0.45985172260745916,-44.60137670667991
pastoral,2,ET0510,2,0.11520833992749635,0.1168795514652332,-164263.58663396182,0.0002883809470455301,0.000407832246441786,-0.9999999999999998,0.5710273474800112,0.5717779400325252,-3931167.542607405
pastoral,2,ET0511,2,0.47857417637452104,0.496456262940447,-0.7183207169947183,0.7180145472687527,0.7190971561764361,-2.60510054104941,0.37544604225372025,0.39584901182282173,-0.0924494964585072
pastoral,3,ET0201,2,0.11789905492321662,0.11865472914628016,-1002.8383465840234,0.019797826465160373,0.023311712858950492,-37.74735370436728,0.1110999226914362,0.11346309956834626,-916.916050403484
pastoral,3,ET0202,2,0.36498140140639923,0.4330640597783578,-0.8676339141718084,0.4155948464926198,0.4693851230395417,-1.1940479126056354,0.4351078847402896,0.5229355131350784,-1.7232263355775377
pastoral,3,ET0203,2,0.1251374899860891,0.17294075497002268,-12.519102766667993,0.1715993715383961,0.1883004822261715,-15.027140079003114,0.2815027389559013,0.3150045780083305,-43.85252524290434
pastoral,3,ET0204,2,0.3897033827147647,0.4050675019187348,-1464.9155761853422,0.23522642514830272,0.3180505798372451,-902.7463151024627,0.7116015256638184,0.7406274136056649,-4899.650400395982
pastoral,3,ET0205,2,0.16362809395980482,0.17989437166029967,-33.033840170180305,0.062263895240342704,0.06226670304487637,-3.077439681572775,0.1655134619046862,0.21428389042142382,-47.289737934350256
pastoral,3,ET0411,2,0.07269763499912785,0.07894953221087112,0.21586243679006178,0.12466834732803378,0.1357201684103171,-1.3172981574452418,0.13635774200313144,0.14728147560662905,-1.728911113237361
pastoral,3,ET0412,2,0.22881712785831332,0.23030363894283606,-22.609889965193695,0.2701069580911415,0.32201269413121975,-45.15708223898599,0.3069330422004015,0.3212834526319907,-44.9482609904567
pastoral,3,ET0414,2,0.37920646303005534,0.4984989984384049,-26.895238789362683,0.3757342476076301,0.4196813806218366,-18.771558639299226,0.1058291936594985,0.1325707174318082,-0.9728620389475269
pastoral,3,ET0415,2,0.6218483298785171,0.652128446328169,-5.728179666582783,0.6166496748967315,0.6270674128185421,-5.220993601830885,0.16004457016846108,0.2236086802567141,0.2089414894342171
pastoral,3,ET0421,2,0.5024377274932967,0.5106871203005913,-0.5277696745223883,0.452006222562792,0.586882772099923,-1.0176730696098324,0.412833993595925,0.5181179855561566,-0.5725534364694773
pastoral,3,ET0501,2,0.26070289024952875,0.272110953085656,-23610.292201478835,0.004820804837622594,0.004987602360401734,-6.932523228374832,0.5412419693225508,0.5528265503616548,-97454.3070132035
pastoral,3,ET0503,2,0.03457689150752641,0.037214526982773305,0.0,0.09113699458477531,0.12888717377571257,0.0,0.457137965973621,0.4619229805269039,0.0
pastoral,3,ET0504,2,0.11190268192706654,0.11200427151802145,-9262.630323767478,0.004741493306444022,0.005320669986430048,-19.904736113855098,0.3966531493424099,0.39941720722958685,-117804.50509640545
pastoral,3,ET0505,2,0.1281660193251981,0.12817523478636866,0.0,0.0009762609062511363,0.0013806414140350057,0.0,0.32037700705846883,0.3305834711250106,0.0
pastoral,3,ET0506,2,0.19260700865548408,0.19269454079340195,-1316721.6396167825,0.0033409348422024365,0.004493589706130938,-715.0482918677133,0.5297376085095149,0.5416314924769836,-10403111.545684092
pastoral,3,ET0507,2,0.1753495193904795,0.18248704247914904,0.0,0.01607051960356598,0.022727146777745705,0.0,0.25069616927212546,0.25069628599526256,0.0
pastoral,3,ET0508,2,0.1963084105341104,0.2024082079419038,-170065.85648004402,0.05132213101739258,0.07188968682832715,-21452.424592054296,0.5537763912362326,0.5870232590645201,-1430453.5489560028
pastoral,3,ET0509,2,0.20248652555364766,0.21321954105613827,-8.803842536916246,0.07301853271909464,0.09655506150762339,-1.010445981223497,0.43931982373246936,0.45985172260745916,-44.60137670667991
pastoral,3,ET0510,2,0.08513365988732713,0.08521593630087014,-87317.9516226189,0.0002883809470455301,0.000407832246441786,-0.9999999999999998,0.5710273474800112,0.5717779400325252,-3931167.542607405
pastoral,3,ET0511,2,0.52716193200837,0.5275352218035367,-0.9401940182906978,0.7180145472687527,0.7190971561764361,-2.60510054104941,0.37544604225372025,0.39584901182282173,-0.0924494964585072
pastoral,4,ET0201,2,0.15083486740285523,0.20243209420602679,-2920.81297351156,0.10652286187305471,0.13437231317004295,-1286.3992861941915,0.1110999226914362,0.11346309956834626,-916.916050403484
pastoral,4,ET0202,2,0.35768593985229935,0.3654770030963502,-0.3301713084773794,0.5439495478480942,0.5544869949768394,-2.061753303138543,0.4351078847402896,0.5229355131350784,-1.7232263355775377
pastoral,4,ET0203,2,0.1397142923145891,0.13971484121483654,-7.823446389833924,0.22958374408363147,0.2413769204696059,-25.335687041579725,0.2815027389559013,0.3150045780083305,-43.85252524290434
pastoral,4,ET0204,2,0.4666739238092241,0.4677672634431255,-1953.8516505137216,0.7201111195365508,0.7621609251857967,-5188.7628748875595,0.7116015256638184,0.7406274136056649,-4899.650400395982
pastoral,4,ET0205,2,0.2146574031672298,0.21623531561264975,-48.173265779197386,0.00797836348508496,0.010480275861364024,0.8844895616657379,0.1655134619046862,0.21428389042142382,-47.289737934350256
pastoral,4,ET0411,2,0.3694996945500322,0.46183725220262983,-25.833112885390133,0.3167684893016227,0.32386621117917286,-12.195456453331873,0.13635774200313144,0.14728147560662905,-1.728911113237361
pastoral,4,ET0412,2,0.1095794355487767,0.12075618028139354,-5.490992345221078,0.2846549520594157,0.29219931394880794,-37.00587595882248,0.3069330422004015,0.3212834526319907,-44.9482609904567
pastoral,4,ET0414,2,0.48926602752202264,0.5185833937004147,-29.18830396480913,0.22834427840137994,0.2708077145351137,-7.23234508999804,0.1058291936594985,0.1325707174318082,-0.9728620389475269
pastoral,4,ET0415,2,0.3605914711759711,0.37953324760940343,-1.2789297808370583,0.1146821439405794,0.16098104821977102,0.5900028929554527,0.16004457016846108,0.2236086802567141,0.2089414894342171
pastoral,4,ET0421,2,0.5135329861295459,0.5276273238934986,-0.6308072418165431,0.7351183690038184,0.7352430254153131,-2.1667217303104795,0.412833993595925,0.5181179855561566,-0.5725534364694773
pastoral,4,ET0501,2,0.46423230934659987,0.4682807613130433,-69925.26639628087,0.04129629738780016,0.052032715017775205,-862.3376563506918,0.5412419693225508,0.5528265503616548,-97454.3070132035
pastoral,4,ET0503,2,0.04126221964835697,0.05352828640960277,0.0,0.17284121911566408,0.17309842337895082,0.0,0.457137965973621,0.4619229805269039,0.0
pastoral,4,ET0504,2,0.21545492226481255,0.21770873021701936,-34998.6526155056,0.008323899512564736,0.009028152211168443,-59.18798294869157,0.3966531493424099,0.39941720722958685,-117804.50509640545
pastoral,4,ET0505,2,0.22615786610602928,0.22764385467397577,0.0,0.14708261939750922,0.2066302062958516,0.0,0.32037700705846883,0.3305834711250106,0.0
pastoral,4,ET0506,2,0.31029507719462024,0.3121433747783962,-3455123.6826648726,0.03581302817400922,0.04616489339247764,-75574.17388194105,0.5297376085095149,0.5416314924769836,-10403111.545684092
pastoral,4,ET0507,2,0.2907320128798154,0.32311966551674703,0.0,0.016442664878966173,0.02273323964746781,0.0,0.25069616927212546,0.25069628599526256,0.0
pastoral,4,ET0508,2,0.3283433008514647,0.3354793949511015,-467190.73038763274,0.05132213101739258,0.07258045373468548,-21866.684651360567,0.5537763912362326,0.5870232590645201,-1430453.5489560028
pastoral,4,ET0509,2,0.3302650843270931,0.3373824337213346,-23.54636864184895,0.06809713500516601,0.08961466328397494,-0.7318109188139377,0.43931982373246936,0.45985172260745916,-44.60137670667991
pastoral,4,ET0510,2,0.1465273214469036,0.15083298818702565,-273563.37627827626,0.0002883809470455301,0.000407832246441786,-0.9999999999999998,0.5710273474800112,0.5717779400325252,-3931167.542607405
pastoral,4,ET0511,2,0.48304530347426766,0.4982338697530482,-0.7306479542410238,0.41647725448030104,0.5361154676218293,-1.0038209520630246,0.37544604225372025,0.39584901182282173,-0.0924494964585072
pastoral,8,ET0201,2,0.04508981128992495,0.04761225007608028,-160.63339276863564,0.19217512856598162,0.19221161554615135,-2633.2254123771872,0.1110999226914362,0.11346309956834626,-916.916050403484
pastoral,8,ET0202,2,0.3020479629771029,0.30220539777066696,0.09052262399938071,0.3346470610268617,0.4608762078771647,-1.1152224318801798,0.4351078847402896,0.5229355131350784,-1.7232263355775377
pastoral,8,ET0203,2,0.22833662363870633,0.2339315007135758,-23.73606321453429,0.3511449729661482,0.35428111206457263,-55.73475277578393,0.2815027389559013,0.3150045780083305,-43.85252524290434
pastoral,8,ET0204,2,0.22901012225534512,0.22911493413139228,-467.987159923078,0.9591896992766109,0.959248043536326,-8219.836301952735,0.7116015256638184,0.7406274136056649,-4899.650400395982
pastoral,8,ET0205,2,0.1135772210524445,0.12051095775206255,-14.273159223397132,0.045610378319194456,0.05505618303703566,-2.1877775044496532,0.1655134619046862,0.21428389042142382,-47.289737934350256
pastoral,8,ET0411,2,0.5159673522419845,0.521625729514573,-33.230334788592955,0.2950436976035493,0.30822018166243353,-10.95130364844389,0.13635774200313144,0.14728147560662905,-1.728911113237361
pastoral,8,ET0412,2,0.0446819252447519,0.05125436759294907,-0.16937585222289941,0.1712879586406999,0.17772470581411182,-13.06008579545345,0.3069330422004015,0.3212834526319907,-44.9482609904567
pastoral,8,ET0414,2,0.21779306275784804,0.23381286181574845,-5.136748122955952,0.09438418897694545,0.095097691330591,-0.015176254436680914,0.1058291936594985,0.1325707174318082,-0.9728620389475269
pastoral,8,ET0415,2,0.23768143929418273,0.23895627545376272,0.09662478462105806,0.2514110459108677,0.3543424402256123,-0.9864499801895388,0.16004457016846108,0.2236086802567141,0.2089414894342171
pastoral,8,ET0421,2,0.38284369089939463,0.4509189951299272,-0.19109153012106073,0.4131673192327334,0.515582735827351,-0.5572014832040628,0.412833993595925,0.5181179855561566,-0.5725534364694773
pastoral,8,ET0501,2,0.21755482943841042,0.2308883769019357,-16998.331787647243,0.07118011728245288,0.07120214230746312,-1615.6418991667288,0.5412419693225508,0.5528265503616548,-97454.3070132035
pastoral,8,ET0503,2,0.15009706729115657,0.15045025887614014,0.0,0.16340844906177754,0.16340844906177754,0.0,0.457137965973621,0.4619229805269039,0.0
pastoral,8,ET0504,2,0.24575097284213565,0.24578909712571795,-44609.51868198502,0.01065593607423776,0.010719290539269873,-83.84849217118645,0.3966531493424099,0.39941720722958685,-117804.50509640545
pastoral,8,ET0505,2,0.3391625711996009,0.340445519254198,0.0,0.29221271698251616,0.29221271698251616,0.0,0.32037700705846883,0.3305834711250106,0.0
pastoral,8,ET0506,2,0.3133535163313419,0.3134775300688161,-3484722.415305741,0.06511211433256148,0.06511233087947747,-150341.56861357458,0.5297376085095149,0.5416314924769836,-10403111.545684092
pastoral,8,ET0507,2,0.31920859599843965,0.3192502322301524,0.0,0.0007442905508003861,0.0007442905508003861,0.0,0.25069616927212546,0.25069628599526256,0.0
pastoral,8,ET0508,2,0.25565903438211124,0.2559171631180805,-271869.61552672606,0.0004908155093987787,0.0006941179500148121,-1.0,0.5537763912362326,0.5870232590645201,-1430453.5489560028
pastoral,8,ET0509,2,0.2975383178915447,0.3019862759947407,-18.666031566925138,0.06809713500516601,0.08961466328397494,-0.7318109188139377,0.43931982373246936,0.45985172260745916,-44.60137670667991
pastoral,8,ET0510,2,0.24370196210153683,0.24373874752103575,-714357.1811245413,0.0002883809470455301,0.000407832246441786,-0.9999999999999998,0.5710273474800112,0.5717779400325252,-3931167.542607405
pastoral,8,ET0511,2,0.36161578272766337,0.3846453129870289,-0.03148550209666712,0.37872927867624395,0.5332109224546668,-0.9821673247407441,0.37544604225372025,0.39584901182282173,-0.0924494964585072
pastoral,12,ET0201,2,0.06568775871701682,0.06569234068132228,-306.69692070810305,0.19217512856598162,0.19221161554615135,-2633.2254123771872,0.1110999226914362,0.11346309956834626,-916.916050403484
pastoral,12,ET0202,2,0.3360057848838387,0.3369764116500313,-0.1308017410888931,0.3346470610268617,0.4608762078771647,-1.1152224318801798,0.4351078847402896,0.5229355131350784,-1.7232263355775377
pastoral,12,ET0203,2,0.16853088455907717,0.1874082338175507,-14.875613010716394,0.3511449729661482,0.35428111206457263,-55.73475277578393,0.2815027389559013,0.3150045780083305,-43.85252524290434
pastoral,12,ET0204,2,0.32287267932474717,0.32306519737570577,-931.4692250100945,0.9591896992766109,0.959248043536326,-8219.836301952735,0.7116015256638184,0.7406274136056649,-4899.650400395982
pastoral,12,ET0205,2,0.1486749296536557,0.170109000239328,-29.431992460596263,0.045610378319194456,0.05505618303703566,-2.1877775044496532,0.1655134619046862,0.21428389042142382,-47.289737934350256
pastoral,12,ET0411,2,0.3723141331898083,0.3859890966360279,-17.743177174483332,0.2950436976035493,0.30822018166243353,-10.95130364844389,0.13635774200313144,0.14728147560662905,-1.728911113237361
pastoral,12,ET0412,2,0.07184016573576768,0.08289713027572776,-2.0589427970013,0.1712879586406999,0.17772470581411182,-13.06008579545345,0.3069330422004015,0.3212834526319907,-44.9482609904567
pastoral,12,ET0414,2,0.09316749567914184,0.1203903391114392,-0.6269896071677383,0.09438418897694545,0.095097691330591,-0.015176254436680914,0.1058291936594985,0.1325707174318082,-0.9728620389475269
pastoral,12,ET0415,2,0.25914211821474387,0.2855501123641864,-0.2900185674675322,0.2514110459108677,0.3543424402256123,-0.9864499801895388,0.16004457016846108,0.2236086802567141,0.2089414894342171
pastoral,12,ET0421,2,0.41810078973857756,0.545934390620533,-0.7459386602063094,0.4131673192327334,0.515582735827351,-0.5572014832040628,0.412833993595925,0.5181179855561566,-0.5725534364694773
pastoral,12,ET0501,2,0.3818172192922098,0.38254910370937817,-46665.162225548585,0.07118011728245288,0.07120214230746312,-1615.6418991667288,0.5412419693225508,0.5528265503616548,-97454.3070132035
pastoral,12,ET0503,2,0.11878291671954888,0.11958808808556043,0.0,0.16340844906177754,0.16340844906177754,0.0,0.457137965973621,0.4619229805269039,0.0
pastoral,12,ET0504,2,0.2288198220415696,0.22895361548185564,-38707.56364228652,0.01065593607423776,0.010719290539269873,-83.84849217118645,0.3966531493424099,0.39941720722958685,-117804.50509640545
pastoral,12,ET0505,2,0.20575781475835608,0.2068251597383567,0.0,0.29221271698251616,0.29221271698251616,0.0,0.32037700705846883,0.3305834711250106,0.0
pastoral,12,ET0506,2,0.2944943599169856,0.29523764688523496,-3090998.619203478,0.06511211433256148,0.06511233087947747,-150341.56861357458,0.5297376085095149,0.5416314924769836,-10403111.545684092
pastoral,12,ET0507,2,0.24489527712650072,0.24511725498892448,0.0,0.0007442905508003861,0.0007442905508003861,0.0,0.25069616927212546,0.25069628599526256,0.0
pastoral,12,ET0508,2,0.212440122088569,0.21275889890088615,-187904.24934236906,0.0004908155093987787,0.0006941179500148121,-1.0,0.5537763912362326,0.5870232590645201,-1430453.5489560028
pastoral,12,ET0509,2,0.2671418734038422,0.2772986678411363,-15.58203720562468,0.06809713500516601,0.08961466328397494,-0.7318109188139377,0.43931982373246936,0.45985172260745916,-44.60137670667991
pastoral,12,ET0510,2,0.23069507878219797,0.23086350918595014,-640880.0910477367,0.0002883809470455301,0.000407832246441786,-0.9999999999999998,0.5710273474800112,0.5717779400325252,-3931167.542607405
pastoral,12,ET0511,2,0.3755099499628236,0.403836366303478,-0.13698069177782202,0.37872927867624395,0.5332109224546668,-0.9821673247407441,0.37544604225372025,0.39584901182282173,-0.0924494964585072
