window,lhz,lead,zone_code,n,mae,rmse,r2,mae_baseline,rmse_baseline,r2_baseline
default,agropastoral,0,ET0410,9,0.517835259437561,0.6382619959939985,-0.7463580369949341,0.4707859754562378,0.6178881374400217,-0.6366469860076904
default,agropastoral,0,ET0502,9,0.48842620849609375,0.6060658125942732,-4.3643951416015625,0.23186196386814117,0.40580415102173745,-1.4049949645996094
default,agropastoral,0,ET0707,9,1.5389199256896973,1.6288092787898014,-19.29349136352539,0.28454694151878357,0.324481926238366,0.19462651014328003
default,agropastoral,0,ET0712,9,1.8695757389068604,1.9316880207784954,-16.54375457763672,0.5533507466316223,0.7095363349455123,-1.3669979572296143
default,agropastoral,0,ET1201,9,0.3783618211746216,0.49421064159725947,-3.90673828125,0.1577175110578537,0.2732253750474862,-0.4997220039367676
default,agropastoral,1,ET0410,9,1.060598373413086,1.2738100688722647,-5.955761432647705,0.4707859754562378,0.6178881374400217,-0.6366469860076904
default,agropastoral,1,ET0502,9,0.9305355548858643,1.0311552061960103,-14.528491020202637,0.23186196386814117,0.40580415102173745,-1.4049949645996094
default,agropastoral,1,ET0707,9,1.5221691131591797,1.6413363413242157,-19.606843948364258,0.28454694151878357,0.324481926238366,0.19462651014328003
default,agropastoral,1,ET0712,9,1.7185449600219727,1.8653778500324603,-15.35995864868164,0.5533507466316223,0.7095363349455123,-1.3669979572296143
default,agropastoral,1,ET1201,9,0.41099610924720764,0.4838289289869727,-3.7027554512023926,0.1577175110578537,0.2732253750474862,-0.4997220039367676
default,agropastoral,2,ET0410,9,0.7799152731895447,0.9294389344358812,-2.7031989097595215,0.4707859754562378,0.6178881374400217,-0.6366469860076904
default,agropastoral,2,ET0502,9,0.7144619822502136,0.9167858862655149,-11.274873733520508,0.23186196386814117,0.40580415102173745,-1.4049949645996094
default,agropastoral,2,ET0707,9,1.7325509786605835,1.7939025840592238,-23.61580467224121,0.28454694151878357,0.324481926238366,0.19462651014328003
default,agropastoral,2,ET0712,9,1.8326363563537598,1.913758545700119,-16.219593048095703,0.5533507466316223,0.7095363349455123,-1.3669979572296143
default,agropastoral,2,ET1201,9,0.2740432322025299,0.39280128778617523,-2.099663257598877,0.1577175110578537,0.2732253750474862,-0.4997220039367676
default,agropastoral,3,ET0410,9,0.7977715730667114,0.9144195772101118,-2.5844814777374268,0.4707859754562378,0.6178881374400217,-0.6366469860076904
default,agropastoral,3,ET0502,9,0.7143014669418335,0.8286379898694316,-9.02791976928711,0.23186196386814117,0.40580415102173745,-1.4049949645996094
default,agropastoral,3,ET0707,9,1.2831220626831055,1.3463703157008577,-12.865813255310059,0.28454694151878357,0.324481926238366,0.19462651014328003
default,agropastoral,3,ET0712,9,1.466322898864746,1.5699313635917846,-10.588038444519043,0.5533507466316223,0.7095363349455123,-1.3669979572296143
default,agropastoral,3,ET1201,9,0.2518458068370819,0.291429596443838,-0.7062239646911621,0.1577175110578537,0.2732253750474862,-0.4997220039367676
default,agropastoral,4,ET0410,9,0.8203760981559753,1.0107676037527527,-3.3796353340148926,0.543802797794342,0.6679881801344708,-0.9128146171569824
default,agropastoral,4,ET0502,9,0.5884763598442078,0.9047855844512107,-10.955631256103516,0.1720876544713974,0.29226875603290414,-0.24751555919647217
default,agropastoral,4,ET0707,9,1.757008671760559,1.8518104870026386,-25.230670928955078,0.35993683338165283,0.4426034878014595,-0.4984627962112427
default,agropastoral,4,ET0712,9,1.956299901008606,2.0507123081789773,-18.7723388671875,0.48697736859321594,0.6593487332070451,-1.0439908504486084
default,agropastoral,4,ET1201,9,0.440376341342926,0.5503702727129304,-5.0852532386779785,0.2614307999610901,0.35079355919189964,-1.4721336364746094
default,agropastoral,8,ET0410,9,0.8605952262878418,0.970967247258327,-3.041517734527588,0.5131563544273376,0.6026205938194372,-0.5567656755447388
default,agropastoral,8,ET0502,9,0.7580201029777527,0.9066060123303992,-11.003789901733398,0.29148611426353455,0.4338327384990572,-1.7486903667449951
default,agropastoral,8,ET0707,9,1.330780267715454,1.4710367946366694,-15.552492141723633,0.42466241121292114,0.5565204423695433,-1.3690736293792725
default,agropastoral,8,ET0712,9,1.01796293258667,1.079136084095009,-4.475213050842285,0.6528235077857971,0.8979779270513647,-2.7912280559539795
default,agropastoral,8,ET1201,9,0.504088282585144,0.556016967480234,-5.210760593414307,0.2614307999610901,0.35079355919189964,-1.4721336364746094
default,agropastoral,12,ET0410,9,0.9394698739051819,0.9926898015238235,-3.224374771118164,0.7367069721221924,0.828625401872994,-1.9434170722961426
default,agropastoral,12,ET0502,9,0.8637874722480774,1.0529015006777198,-15.190366744995117,0.3056110739707947,0.4463393936323886,-1.9094548225402832
default,agropastoral,12,ET0707,9,1.37662672996521,1.5642134617407533,-17.715797424316406,0.4677940905094147,0.5906270112906629,-1.6683506965637207
default,agropastoral,12,ET0712,9,1.1697872877120972,1.2435337664625434,-6.270491123199463,0.590213418006897,0.8897148635134635,-2.7217764854431152
default,agropastoral,12,ET1201,9,0.32484257221221924,0.4504766681463483,-3.0767431259155273,0.2614307999610901,0.35079355919189964,-1.4721336364746094
default,crop_farming,0,ET0101,9,1.9421582221984863,2.2216621951577857,-2.0268139839172363,0.4225214719772339,0.7902979102547169,0.6169888973236084
default,crop_farming,0,ET0102,9,2.086777687072754,2.3881332276718465,-2.6384801864624023,0.5292166471481323,0.9185656291189143,0.46170133352279663
default,crop_farming,0,ET0103,9,2.1408514976501465,2.490161323223845,-4.134374618530273,0.6204403638839722,0.9139340302263808,0.30838847160339355
default,crop_farming,0,ET0104,9,1.937153935432434,2.227049871275987,-4.277212142944336,0.5836002826690674,0.760148449629372,0.3851892352104187
default,crop_farming,0,ET0105,9,1.737668514251709,2.045658128413623,-2.7989399433135986,0.3323628604412079,0.5742461528856802,0.7006409168243408
default,crop_farming,0,ET0106,9,2.489656448364258,2.7675866535408025,-4.258146286010742,0.737506091594696,1.1035133024208135,0.164040207862854
default,crop_farming,0,ET0107,9,1.2882994413375854,1.4713022498589687,-2.168488025665283,0.5964927673339844,0.9446502446517502,-0.30614185333251953
default,crop_farming,0,ET0301,9,0.7387187480926514,0.8982763726418367,-1.651597023010254,0.6443601250648499,0.7654896830655269,-0.9256007671356201
default,crop_farming,0,ET0302,9,0.5468359589576721,0.6094396996996814,-4.374913692474365,0.17566841840744019,0.24400095186770926,0.13842511177062988
default,crop_farming,0,ET0303,9,1.5949796438217163,1.8460462463182044,-3.723815441131592,0.7433272004127502,0.832203019012131,0.040010809898376465
default,crop_farming,0,ET0304,9,0.6797751188278198,0.8571897640052349,-0.9071841239929199,0.5560177564620972,0.6404140869548648,-0.0645362138748169
default,crop_farming,0,ET0305,9,0.5471300482749939,0.6787315091096082,-1.6343836784362793,0.3248427212238312,0.43355073801412713,-0.07488715648651123
default,crop_farming,0,ET0306,9,0.29687944054603577,0.43647502997728366,-23.16854476928711,0.1186293512582779,0.14479995570595403,-1.6599197387695312
default,crop_farming,0,ET0307,9,0.4312855899333954,0.45345979686997334,-70455512.0,1.923243144119624e-05,4.893995972781995e-05,0.1793375015258789
default,crop_farming,0,ET0308,9,1.3916988372802734,1.6693159108217595,-3.159454345703125,0.5675532817840576,0.6918606746469002,0.2855093479156494
default,crop_farming,0,ET0309,9,0.4217318594455719,0.441978539337473,-37870.375,0.0015184349613264203,0.0027319888017946423,-0.446993350982666
default,crop_farming,0,ET0310,9,1.128659963607788,1.3516787440414626,-2.3511621952056885,0.6783285737037659,0.816379674451579,-0.22245490550994873
default,crop_farming,0,ET0311,9,0.5415958762168884,0.5877074910071862,-33.096988677978516,0.15170492231845856,0.19726446359122546,-2.8414156436920166
default,crop_farming,0,ET0312,9,0.43494272232055664,0.447759497221773,-187218.953125,0.0006254249019548297,0.001004022674613518,0.058653414249420166
default,crop_farming,0,ET0401,9,0.46119895577430725,0.48188568155346795,-37.42463302612305,0.021916057914495468,0.0629211704047979,0.34488844871520996
default,crop_farming,0,ET0402,9,0.42057299613952637,0.4471228092514259,-66.50104522705078,0.01550730038434267,0.044161479483869046,0.34151774644851685
default,crop_farming,0,ET0403,9,0.40569835901260376,0.43132183333611784,-508967.84375,0.0002137687406502664,0.0005094005855359548,0.290083646774292
default,crop_farming,0,ET0404,9,0.4148513972759247,0.4342111882405506,-208842.625,0.0007851918344385922,0.0010296339799456414,-0.17431581020355225
default,crop_farming,0,ET0405,9,0.388773649930954,0.4123168350808315,-16798.095703125,0.0022689634934067726,0.004034381879221967,-0.608339786529541
default,crop_farming,0,ET0406,9,0.7389550805091858,0.8802314093158844,-10.946161270141602,0.09745875000953674,0.18689507016241683,0.4614446759223938
default,crop_farming,0,ET0407,9,0.44886112213134766,0.5618952042932539,-6.275454998016357,0.2535824179649353,0.30986277486745945,-1.2125256061553955
default,crop_farming,0,ET0408,9,0.7980279326438904,0.870732048447619,-9.718696594238281,0.3278557062149048,0.3674747074272662,-0.9090961217880249
default,crop_farming,0,ET0409,9,0.5595723390579224,0.6517047379203101,-1.4950144290924072,0.3213166296482086,0.41586899299972796,-0.015978217124938965
default,crop_farming,0,ET0413,9,0.4397936165332794,0.4673599613787091,-88.67929077148438,0.05398058891296387,0.0803803491883255,-1.6527049541473389
default,crop_farming,0,ET0416,9,0.4219834506511688,0.4341824633140224,-59104.6640625,0.0008418824872933328,0.0017859024679747187,0.0
default,crop_farming,0,ET0417,9,0.534531831741333,0.6481093300127078,-6.318655014038086,0.2740275263786316,0.3418267918164171,-1.0358555316925049
default,crop_farming,0,ET0418,9,0.43849214911460876,0.4692862939634017,-26.946428298950195,0.04462464526295662,0.09485277635711792,-0.14169657230377197
default,crop_farming,0,ET0419,9,0.39771726727485657,0.410441689849933,-271706.28125,0.00021044413733761758,0.0006313323974609375,0.3571428656578064
default,crop_farming,0,ET0420,9,0.46499305963516235,0.4942642328714662,-30.669105529785156,0.047387175261974335,0.09968130469129659,-0.2880859375
default,crop_farming,0,ET0602,9,0.6473084092140198,0.7613769546907065,-2.8586909770965576,0.2661852240562439,0.4701915826322334,-0.4716014862060547
default,crop_farming,0,ET0603,9,0.43836021423339844,0.5641192072210209,-17753.08984375,0.001131508033722639,0.003394524255458034,0.3571428656578064
default,crop_farming,0,ET0604,9,0.5203119516372681,0.6102147551754654,-3.7362747192382812,0.14376485347747803,0.28798263766766613,-0.05488240718841553
default,crop_farming,0,ET0605,9,0.4209493100643158,0.44187751863724933,0.0,0.0,0.0,1.0
default,crop_farming,0,ET0701,9,0.5637142658233643,0.6417795570159143,-5.958616733551025,0.13091859221458435,0.19936134807340697,0.3285199999809265
default,crop_farming,0,ET0702,9,0.6522172689437866,0.7226199991567525,-3.683149814605713,0.4651331901550293,0.5759476564849961,-1.9749808311462402
default,crop_farming,0,ET0703,9,1.3838543891906738,1.443711254706405,-10.61539363861084,0.5790632367134094,0.7271818167182004,-1.9468581676483154
default,crop_farming,0,ET0705,9,0.4588888883590698,0.55484935924173,-0.9907827377319336,0.5367287993431091,0.6196795984669534,-1.4831793308258057
default,crop_farming,0,ET0706,9,0.692603349685669,0.7460494902100339,-3.788266181945801,0.4236285388469696,0.5479174351656593,-1.582695484161377
default,crop_farming,0,ET0710,9,0.7185328006744385,0.8190633072425215,-1.4230687618255615,0.6428766846656799,0.7990973282475419,-1.3063762187957764
default,crop_farming,0,ET0713,9,1.704725742340088,1.754651087776312,-13.491803169250488,0.39761611819267273,0.585889025908302,-0.6157405376434326
default,crop_farming,0,ET0714,9,1.537169098854065,1.589648710467133,-42.209510803222656,0.18749703466892242,0.25197236039419524,-0.0856325626373291
default,crop_farming,0,ET0715,9,0.46291303634643555,0.5733048828776747,-2.355685234069824,0.44592511653900146,0.5361665530957137,-1.9350085258483887
default,crop_farming,0,ET0716,9,0.5946542024612427,0.6592137758836342,-3.719233989715576,0.21967953443527222,0.4561112428024284,-1.259230136871338
default,crop_farming,0,ET0720,9,0.7265419960021973,0.820128938027945,-5.218788146972656,0.46356555819511414,0.5194104276433671,-1.4943811893463135
default,crop_farming,0,ET0721,9,1.6318256855010986,1.727240036810209,-12.822354316711426,0.5507039427757263,0.7362065708194645,-1.51116943359375
default,crop_farming,0,ET0722,9,1.8390470743179321,1.9128352999500786,-14.88209056854248,0.7540591359138489,0.8550555829614006,-2.1735198497772217
default,crop_farming,0,ET0723,9,1.7534985542297363,1.8230819917823187,-12.593905448913574,0.6622588634490967,0.8064877270487816,-1.6602802276611328
default,crop_farming,0,ET0724,9,0.42650288343429565,0.4550280891383599,-899.2623901367188,0.01825123280286789,0.024564175451489253,-1.6235966682434082
default,crop_farming,0,ET1101,9,0.41705048084259033,0.4368367958555032,0.0,0.0,0.0,1.0
default,crop_farming,0,ET1102,9,0.41861698031425476,0.4355171946176113,-5398887.0,5.009439337300137e-05,0.00015028318032036584,0.35714292526245117
default,crop_farming,0,ET1103,9,0.41140371561050415,0.42805023375848894,-162404.5625,0.0005677540902979672,0.0012043883430473078,-0.28571438789367676
default,crop_farming,0,ET1104,9,1.2571630477905273,1.3840421392717888,-5.698053359985352,0.5954776406288147,0.7282431248799651,-0.854397177696228
default,crop_farming,0,ET1105,9,0.4582573473453522,0.48426456115308436,-54.772945404052734,0.0179299246519804,0.052077364082797714,0.35500526428222656
default,crop_farming,0,ET1106,9,0.4312865734100342,0.45247491703800935,-447.5458679199219,0.026804208755493164,0.032909637172578554,-1.3728158473968506
default,crop_farming,0,ET1202,9,0.9125866293907166,1.0255107119041236,-219.89073181152344,0.04802534356713295,0.08319457025830009,-0.45374107360839844
default,crop_farming,0,ET1203,9,0.17536114156246185,0.24433800157487806,-252311.15625,0.0002600087027531117,0.0005515617632380681,-0.28571414947509766
default,crop_farming,0,ET1204,9,0.43324950337409973,0.44769689432012333,-3257.28515625,0.005832009948790073,0.009421068180212284,-0.44285011291503906
default,crop_farming,0,ET1301,9,0.3048747479915619,0.4241966895168521,-264.800537109375,0.02707657590508461,0.03803102189934407,-1.136472463607788
default,crop_farming,0,ET1401,9,0.2898181676864624,0.31849173854162094,-12495261.0,4.8160552978515625e-05,0.00010216396079040713,-0.2857142686843872
default,crop_farming,0,ET1501,9,0.47107112407684326,0.6736751438023076,-6.8779520988464355,0.15025150775909424,0.3193105518388407,-0.7698596715927124
default,crop_farming,0,ET1502,9,1.3791896104812622,1.5044670347517706,-15.103034973144531,0.12020659446716309,0.21454308018083224,0.6725300550460815
default,crop_farming,0,ET1600,9,0.5554879903793335,0.5976576462274337,-1.5308806896209717,0.5233294367790222,0.5948764255167536,-1.507380485534668
default,crop_farming,1,ET0101,9,2.019557476043701,2.312609592624568,-2.2797017097473145,0.4225214719772339,0.7902979102547169,0.6169888973236084
default,crop_farming,1,ET0102,9,2.308919668197632,2.6656910681279293,-3.533384323120117,0.5292166471481323,0.9185656291189143,0.46170133352279663
default,crop_farming,1,ET0103,9,2.36315655708313,2.6522325540192293,-4.824460983276367,0.6204403638839722,0.9139340302263808,0.30838847160339355
default,crop_farming,1,ET0104,9,2.261328935623169,2.486433699674535,-5.57806921005249,0.5836002826690674,0.760148449629372,0.3851892352104187
default,crop_farming,1,ET0105,9,1.7509255409240723,2.0602074800095393,-2.853170156478882,0.3323628604412079,0.5742461528856802,0.7006409168243408
default,crop_farming,1,ET0106,9,2.4318981170654297,2.7709483837440088,-4.270927906036377,0.737506091594696,1.1035133024208135,0.164040207862854
default,crop_farming,1,ET0107,9,1.5312833786010742,1.7237375200579177,-3.3490114212036133,0.5964927673339844,0.9446502446517502,-0.30614185333251953
default,crop_farming,1,ET0301,9,0.4930930733680725,0.5703856800106906,-0.06911587715148926,0.6443601250648499,0.7654896830655269,-0.9256007671356201
default,crop_farming,1,ET0302,9,0.5318664908409119,0.6048992555062846,-4.29512357711792,0.17566841840744019,0.24400095186770926,0.13842511177062988
default,crop_farming,1,ET0303,9,1.4940600395202637,1.8254881532567293,-3.619190216064453,0.7433272004127502,0.832203019012131,0.040010809898376465
default,crop_farming,1,ET0304,9,0.679118812084198,0.8723290754748071,-0.9751467704772949,0.5560177564620972,0.6404140869548648,-0.0645362138748169
default,crop_farming,1,ET0305,9,0.4387243390083313,0.5046481799229764,-0.4563322067260742,0.3248427212238312,0.43355073801412713,-0.07488715648651123
default,crop_farming,1,ET0306,9,0.3819313943386078,0.4582465714640122,-25.63974952697754,0.1186293512582779,0.14479995570595403,-1.6599197387695312
default,crop_farming,1,ET0307,9,0.4255302846431732,0.4367422797018025,-65356360.0,1.923243144119624e-05,4.893995972781995e-05,0.1793375015258789
default,crop_farming,1,ET0308,9,1.6337010860443115,1.960571984500618,-4.737528324127197,0.5675532817840576,0.6918606746469002,0.2855093479156494
default,crop_farming,1,ET0309,9,0.4555162787437439,0.45857442850874747,-40767.84375,0.0015184349613264203,0.0027319888017946423,-0.446993350982666
default,crop_farming,1,ET0310,9,1.1442177295684814,1.396173914831615,-2.5754237174987793,0.6783285737037659,0.816379674451579,-0.22245490550994873
default,crop_farming,1,ET0311,9,0.4630703926086426,0.5118430765558503,-24.862306594848633,0.15170492231845856,0.19726446359122546,-2.8414156436920166
default,crop_farming,1,ET0312,9,0.4435758590698242,0.44691370149565673,-186512.3125,0.0006254249019548297,0.001004022674613518,0.058653414249420166
default,crop_farming,1,ET0401,9,0.4095688760280609,0.45670668986394597,-33.51408767700195,0.021916057914495468,0.0629211704047979,0.34488844871520996
default,crop_farming,1,ET0402,9,0.45155060291290283,0.46619956454535316,-72.38386535644531,0.01550730038434267,0.044161479483869046,0.34151774644851685
default,crop_farming,1,ET0403,9,0.40231019258499146,0.41837700843157993,-478875.96875,0.0002137687406502664,0.0005094005855359548,0.290083646774292
default,crop_farming,1,ET0404,9,0.40625858306884766,0.42054926999661085,-195907.34375,0.0007851918344385922,0.0010296339799456414,-0.17431581020355225
default,crop_farming,1,ET0405,9,0.4241929352283478,0.43389859523484253,-18602.740234375,0.0022689634934067726,0.004034381879221967,-0.608339786529541
default,crop_farming,1,ET0406,9,0.2720111608505249,0.3511316944766114,-0.9009674787521362,0.09745875000953674,0.18689507016241683,0.4614446759223938
default,crop_farming,1,ET0407,9,0.2803170382976532,0.3491622367037679,-1.8093383312225342,0.2535824179649353,0.30986277486745945,-1.2125256061553955
default,crop_farming,1,ET0408,9,0.7893352508544922,0.8634109744823889,-9.539209365844727,0.3278557062149048,0.3674747074272662,-0.9090961217880249
default,crop_farming,1,ET0409,9,1.0693641901016235,1.2416674407000763,-8.056947708129883,0.3213166296482086,0.41586899299972796,-0.015978217124938965
default,crop_farming,1,ET0413,9,0.4694381356239319,0.4791907705242914,-93.27706909179688,0.05398058891296387,0.0803803491883255,-1.6527049541473389
default,crop_farming,1,ET0416,9,0.43438100814819336,0.440874505250684,-60940.69140625,0.0008418824872933328,0.0017859024679747187,0.0
default,crop_farming,1,ET0417,9,0.441315233707428,0.48223088611319254,-3.0517702102661133,0.2740275263786316,0.3418267918164171,-1.0358555316925049
default,crop_farming,1,ET0418,9,0.45829254388809204,0.488440922379173,-29.274337768554688,0.04462464526295662,0.09485277635711792,-0.14169657230377197
default,crop_farming,1,ET0419,9,0.4526030719280243,0.4599739931363524,-341242.875,0.00021044413733761758,0.0006313323974609375,0.3571428656578064
default,crop_farming,1,ET0420,9,0.5053296685218811,0.5149437999615448,-33.37455368041992,0.047387175261974335,0.09968130469129659,-0.2880859375
default,crop_farming,1,ET0602,9,0.6626374125480652,0.8081711111462457,-3.347576141357422,0.2661852240562439,0.4701915826322334,-0.4716014862060547
default,crop_farming,1,ET0603,9,0.2633703947067261,0.3222727803678587,-5793.3388671875,0.001131508033722639,0.003394524255458034,0.3571428656578064
default,crop_farming,1,ET0604,9,0.4315987527370453,0.48943359202068276,-2.046905517578125,0.14376485347747803,0.28798263766766613,-0.05488240718841553
default,crop_farming,1,ET0605,9,0.4383349120616913,0.44182858475570375,0.0,0.0,0.0,1.0
default,crop_farming,1,ET0701,9,0.40390074253082275,0.4871101985089301,-3.008718967437744,0.13091859221458435,0.19936134807340697,0.3285199999809265
default,crop_farming,1,ET0702,9,0.470580518245697,0.6647771468011923,-2.963421583175659,0.4651331901550293,0.5759476564849961,-1.9749808311462402
default,crop_farming,1,ET0703,9,1.2005916833877563,1.32090226945176,-8.723320007324219,0.5790632367134094,0.7271818167182004,-1.9468581676483154
default,crop_farming,1,ET0705,9,0.852106511592865,0.9522880882163124,-4.864222049713135,0.5367287993431091,0.6196795984669534,-1.4831793308258057
default,crop_farming,1,ET0706,9,0.6919828653335571,0.8002302181274098,-4.5090012550354,0.4236285388469696,0.5479174351656593,-1.582695484161377
default,crop_farming,1,ET0710,9,0.6478951573371887,0.9211298630537255,-2.0645911693573,0.6428766846656799,0.7990973282475419,-1.3063762187957764
default,crop_farming,1,ET0713,9,1.6539247035980225,1.7540316462559917,-13.481573104858398,0.39761611819267273,0.585889025908302,-0.6157405376434326
default,crop_farming,1,ET0714,9,1.3757325410842896,1.525689988305104,-38.802433013916016,0.18749703466892242,0.25197236039419524,-0.0856325626373291
default,crop_farming,1,ET0715,9,0.6887528896331787,0.7359299126819108,-4.529460906982422,0.44592511653900146,0.5361665530957137,-1.9350085258483887
default,crop_farming,1,ET0716,9,0.6424534320831299,0.7000111825935331,-4.321436405181885,0.21967953443527222,0.4561112428024284,-1.259230136871338
default,crop_farming,1,ET0720,9,0.6106210350990295,0.7651617244488007,-4.413123607635498,0.46356555819511414,0.5194104276433671,-1.4943811893463135
default,crop_farming,1,ET0721,9,1.4811400175094604,1.709451177876709,-12.539108276367188,0.5507039427757263,0.7362065708194645,-1.51116943359375
default,crop_farming,1,ET0722,9,1.6526336669921875,1.7692775923456006,-12.587653160095215,0.7540591359138489,0.8550555829614006,-2.1735198497772217
default,crop_farming,1,ET0723,9,1.6157042980194092,1.6814546737029241,-10.5638427734375,0.6622588634490967,0.8064877270487816,-1.6602802276611328
default,crop_farming,1,ET0724,9,0.4431053698062897,0.44993734519607165,-879.2312622070312,0.01825123280286789,0.024564175451489253,-1.6235966682434082
default,crop_farming,1,ET1101,9,0.42259299755096436,0.4309538128194779,0.0,0.0,0.0,1.0
default,crop_farming,1,ET1102,9,0.4044857323169708,0.4210881914044395,-5047074.5,5.009439337300137e-05,0.00015028318032036584,0.35714292526245117
default,crop_farming,1,ET1103,9,0.40579986572265625,0.42069012649276166,-156867.609375,0.0005677540902979672,0.0012043883430473078,-0.28571438789367676
default,crop_farming,1,ET1104,9,1.1321250200271606,1.314824543550304,-5.0448503494262695,0.5954776406288147,0.7282431248799651,-0.854397177696228
default,crop_farming,1,ET1105,9,0.44153091311454773,0.466274336110731,-50.706031799316406,0.0179299246519804,0.052077364082797714,0.35500526428222656
default,crop_farming,1,ET1106,9,0.4562593102455139,0.4653830085042773,-473.5028991699219,0.026804208755493164,0.032909637172578554,-1.3728158473968506
default,crop_farming,1,ET1202,9,0.462755411863327,0.5473085047650206,-61.91605758666992,0.04802534356713295,0.08319457025830009,-0.45374107360839844
default,crop_farming,1,ET1203,9,0.3390073776245117,0.3625889405945267,-555628.5,0.0002600087027531117,0.0005515617632380681,-0.28571414947509766
default,crop_farming,1,ET1204,9,0.43649035692214966,0.44117210727291706,-3163.004150390625,0.005832009948790073,0.009421068180212284,-0.44285011291503906
default,crop_farming,1,ET1301,9,0.6818397045135498,0.7279746985125922,-781.8055419921875,0.02707657590508461,0.03803102189934407,-1.136472463607788
default,crop_farming,1,ET1401,9,0.2732965350151062,0.3203170124759558,-12638892.0,4.8160552978515625e-05,0.00010216396079040713,-0.2857142686843872
default,crop_farming,1,ET1501,9,0.30369630455970764,0.3775479066526254,-1.474323034286499,0.15025150775909424,0.3193105518388407,-0.7698596715927124
default,crop_farming,1,ET1502,9,1.335599660873413,1.495975260611598,-14.921765327453613,0.12020659446716309,0.21454308018083224,0.6725300550460815
default,crop_farming,1,ET1600,9,0.6522718667984009,0.7462762339851385,-2.946080446243286,0.5233294367790222,0.5948764255167536,-1.507380485534668
default,crop_farming,2,ET0101,9,1.9581494331359863,2.3090998422440325,-2.26975417137146,0.4225214719772339,0.7902979102547169,0.6169888973236084
default,crop_farming,2,ET0102,9,2.305046558380127,2.6221247775709706,-3.386414051055908,0.5292166471481323,0.9185656291189143,0.46170133352279663
default,crop_farming,2,ET0103,9,2.2079386711120605,2.519516298708061,-4.256139755249023,0.6204403638839722,0.9139340302263808,0.30838847160339355
default,crop_farming,2,ET0104,9,1.9978917837142944,2.2968027531686066,-4.612961292266846,0.5836002826690674,0.760148449629372,0.3851892352104187
default,crop_farming,2,ET0105,9,1.6990373134613037,2.0296374449163075,-2.7396693229675293,0.3323628604412079,0.5742461528856802,0.7006409168243408
default,crop_farming,2,ET0106,9,2.34260892868042,2.6989492455735222,-4.0005717277526855,0.737506091594696,1.1035133024208135,0.164040207862854
default,crop_farming,2,ET0107,9,1.5872067213058472,1.699517585522002,-3.2276558876037598,0.5964927673339844,0.9446502446517502,-0.30614185333251953
default,crop_farming,2,ET0301,9,0.5211729407310486,0.6404986605857287,-0.34810590744018555,0.6443601250648499,0.7654896830655269,-0.9256007671356201
default,crop_farming,2,ET0302,9,0.43777740001678467,0.5248656645978267,-2.98663330078125,0.17566841840744019,0.24400095186770926,0.13842511177062988
default,crop_farming,2,ET0303,9,1.6012245416641235,1.919723609163685,-4.10840368270874,0.7433272004127502,0.832203019012131,0.040010809898376465
default,crop_farming,2,ET0304,9,0.5773897767066956,0.7091282049732347,-0.3052334785461426,0.5560177564620972,0.6404140869548648,-0.0645362138748169
default,crop_farming,2,ET0305,9,0.37591099739074707,0.3967764018575956,0.09972608089447021,0.3248427212238312,0.43355073801412713,-0.07488715648651123
default,crop_farming,2,ET0306,9,0.3051060140132904,0.35560980293371874,-15.042760848999023,0.1186293512582779,0.14479995570595403,-1.6599197387695312
default,crop_farming,2,ET0307,9,0.36106136441230774,0.3791958400311526,-49267956.0,1.923243144119624e-05,4.893995972781995e-05,0.1793375015258789
default,crop_farming,2,ET0308,9,1.601143479347229,1.960288194858099,-4.735867977142334,0.5675532817840576,0.6918606746469002,0.2855093479156494
default,crop_farming,2,ET0309,9,0.38529494404792786,0.3919106878186486,-29776.13671875,0.0015184349613264203,0.0027319888017946423,-0.446993350982666
default,crop_farming,2,ET0310,9,1.1927424669265747,1.4392609797978788,-2.7995100021362305,0.6783285737037659,0.816379674451579,-0.22245490550994873
default,crop_farming,2,ET0311,9,0.39524081349372864,0.4470150841380299,-18.725950241088867,0.15170492231845856,0.19726446359122546,-2.8414156436920166
default,crop_farming,2,ET0312,9,0.3924180269241333,0.4002117781000191,-149568.234375,0.0006254249019548297,0.001004022674613518,0.058653414249420166
default,crop_farming,2,ET0401,9,0.3882218301296234,0.42430262219479375,-28.790178298950195,0.021916057914495468,0.0629211704047979,0.34488844871520996
default,crop_farming,2,ET0402,9,0.3920445442199707,0.42053640775996504,-58.712337493896484,0.01550730038434267,0.044161479483869046,0.34151774644851685
default,crop_farming,2,ET0403,9,0.38029807806015015,0.38974414692093556,-415572.21875,0.0002137687406502664,0.0005094005855359548,0.290083646774292
default,crop_farming,2,ET0404,9,0.34326907992362976,0.3769337347706284,-157378.875,0.0007851918344385922,0.0010296339799456414,-0.17431581020355225
default,crop_farming,2,ET0405,9,0.39421114325523376,0.40023050595643,-15827.6611328125,0.0022689634934067726,0.004034381879221967,-0.608339786529541
default,crop_farming,2,ET0406,9,0.39683017134666443,0.4409031152599589,-1.9972362518310547,0.09745875000953674,0.18689507016241683,0.4614446759223938
default,crop_farming,2,ET0407,9,0.2785648703575134,0.3348774263693467,-1.5841710567474365,0.2535824179649353,0.30986277486745945,-1.2125256061553955
default,crop_farming,2,ET0408,9,0.7225599884986877,0.8083350094715581,-8.237525939941406,0.3278557062149048,0.3674747074272662,-0.9090961217880249
default,crop_farming,2,ET0409,9,0.7004056572914124,0.8831429664744241,-3.581770420074463,0.3213166296482086,0.41586899299972796,-0.015978217124938965
default,crop_farming,2,ET0413,9,0.40971454977989197,0.4188307136351759,-71.02217102050781,0.05398058891296387,0.0803803491883255,-1.6527049541473389
default,crop_farming,2,ET0416,9,0.38117551803588867,0.39075355321814764,-47871.9765625,0.0008418824872933328,0.0017859024679747187,0.0
default,crop_farming,2,ET0417,9,0.31044086813926697,0.41376102916849894,-1.9828670024871826,0.2740275263786316,0.3418267918164171,-1.0358555316925049
default,crop_farming,2,ET0418,9,0.42114877700805664,0.44708634827312144,-24.364913940429688,0.04462464526295662,0.09485277635711792,-0.14169657230377197
default,crop_farming,2,ET0419,9,0.39701536297798157,0.4017792046488866,-260358.390625,0.00021044413733761758,0.0006313323974609375,0.3571428656578064
default,crop_farming,2,ET0420,9,0.45553717017173767,0.45938652763694554,-26.357343673706055,0.047387175261974335,0.09968130469129659,-0.2880859375
default,crop_farming,2,ET0602,9,0.6642442345619202,0.7823803925432752,-3.0745201110839844,0.2661852240562439,0.4701915826322334,-0.4716014862060547
default,crop_farming,2,ET0603,9,0.33717501163482666,0.35910656481839487,-7193.544921875,0.001131508033722639,0.003394524255458034,0.3571428656578064
default,crop_farming,2,ET0604,9,0.41034212708473206,0.4629341459136049,-1.7258996963500977,0.14376485347747803,0.28798263766766613,-0.05488240718841553
default,crop_farming,2,ET0605,9,0.3673535883426666,0.3807161502030767,0.0,0.0,0.0,1.0
default,crop_farming,2,ET0701,9,0.32495439052581787,0.3568145720501391,-1.15097975730896,0.13091859221458435,0.19936134807340697,0.3285199999809265
default,crop_farming,2,ET0702,9,0.5546843409538269,0.7613695958342942,-4.198873043060303,0.4651331901550293,0.5759476564849961,-1.9749808311462402
default,crop_farming,2,ET0703,9,1.2529425621032715,1.3247103158507243,-8.779463768005371,0.5790632367134094,0.7271818167182004,-1.9468581676483154
default,crop_farming,2,ET0705,9,0.543857216835022,0.6304813587010404,-1.5705034732818604,0.5367287993431091,0.6196795984669534,-1.4831793308258057
default,crop_farming,2,ET0706,9,0.3764841556549072,0.44837622207228334,-0.7295300960540771,0.4236285388469696,0.5479174351656593,-1.582695484161377
default,crop_farming,2,ET0710,9,0.593529462814331,0.8512295763363672,-1.6171236038208008,0.6428766846656799,0.7990973282475419,-1.3063762187957764
default,crop_farming,2,ET0713,9,1.8444859981536865,1.908961384578027,-16.15280532836914,0.39761611819267273,0.585889025908302,-0.6157405376434326
default,crop_farming,2,ET0714,9,1.373798131942749,1.4914923042101378,-37.03812026977539,0.18749703466892242,0.25197236039419524,-0.0856325626373291
default,crop_farming,2,ET0715,9,0.609679639339447,0.7469745250453605,-4.696675777435303,0.44592511653900146,0.5361665530957137,-1.9350085258483887
default,crop_farming,2,ET0716,9,0.5494173765182495,0.6285321325359371,-3.290163993835449,0.21967953443527222,0.4561112428024284,-1.259230136871338
default,crop_farming,2,ET0720,9,0.46058547496795654,0.5628100706193122,-1.9286344051361084,0.46356555819511414,0.5194104276433671,-1.4943811893463135
default,crop_farming,2,ET0721,9,1.5157843828201294,1.6905076104268963,-12.24069881439209,0.5507039427757263,0.7362065708194645,-1.51116943359375
default,crop_farming,2,ET0722,9,1.7300105094909668,1.8006391820908514,-13.073623657226562,0.7540591359138489,0.8550555829614006,-2.1735198497772217
default,crop_farming,2,ET0723,9,1.6525557041168213,1.7004750485607214,-10.826939582824707,0.6622588634490967,0.8064877270487816,-1.6602802276611328
default,crop_farming,2,ET0724,9,0.3842792510986328,0.39597661997070377,-680.7604370117188,0.01825123280286789,0.024564175451489253,-1.6235966682434082
default,crop_farming,2,ET1101,9,0.3834848701953888,0.3934914133402568,0.0,0.0,0.0,1.0
default,crop_farming,2,ET1102,9,0.34217721223831177,0.3814090186068993,-4140716.75,5.009439337300137e-05,0.00015028318032036584,0.35714292526245117
default,crop_farming,2,ET1103,9,0.3741394877433777,0.3944575363640843,-137914.140625,0.0005677540902979672,0.0012043883430473078,-0.28571438789367676
default,crop_farming,2,ET1104,9,1.1534525156021118,1.300909499985689,-4.9175801277160645,0.5954776406288147,0.7282431248799651,-0.854397177696228
default,crop_farming,2,ET1105,9,0.38433346152305603,0.4305156010715067,-43.079429626464844,0.0179299246519804,0.052077364082797714,0.35500526428222656
default,crop_farming,2,ET1106,9,0.41073453426361084,0.42474743687494565,-394.2568054199219,0.026804208755493164,0.032909637172578554,-1.3728158473968506
default,crop_farming,2,ET1202,9,0.5526530146598816,0.5852733408328187,-70.94731140136719,0.04802534356713295,0.08319457025830009,-0.45374107360839844
default,crop_farming,2,ET1203,9,0.4381391704082489,0.446750427435877,-843500.9375,0.0002600087027531117,0.0005515617632380681,-0.28571414947509766
default,crop_farming,2,ET1204,9,0.37680864334106445,0.3874379415963406,-2439.19873046875,0.005832009948790073,0.009421068180212284,-0.44285011291503906
default,crop_farming,2,ET1301,9,0.46148571372032166,0.5749495650023989,-487.2933349609375,0.02707657590508461,0.03803102189934407,-1.136472463607788
default,crop_farming,2,ET1401,9,0.33201777935028076,0.38415781413626976,-18178932.0,4.8160552978515625e-05,0.00010216396079040713,-0.2857142686843872
default,crop_farming,2,ET1501,9,0.4195648431777954,0.4962590460349155,-3.2749314308166504,0.15025150775909424,0.3193105518388407,-0.7698596715927124
default,crop_farming,2,ET1502,9,1.2222990989685059,1.4308745245687389,-13.566174507141113,0.12020659446716309,0.21454308018083224,0.6725300550460815
default,crop_farming,2,ET1600,9,0.4386116564273834,0.5777368531293253,-1.3649766445159912,0.5233294367790222,0.5948764255167536,-1.507380485534668
default,crop_farming,3,ET0101,9,1.963814616203308,2.2306209585762984,-2.051274299621582,0.4225214719772339,0.7902979102547169,0.6169888973236084
default,crop_farming,3,ET0102,9,2.0597057342529297,2.3404993530285583,-2.4947807788848877,0.5292166471481323,0.9185656291189143,0.46170133352279663
default,crop_farming,3,ET0103,9,1.977622389793396,2.292912809089227,-3.3531904220581055,0.6204403638839722,0.9139340302263808,0.30838847160339355
default,crop_farming,3,ET0104,9,1.8625344038009644,2.1824335554393106,-4.06788444519043,0.5836002826690674,0.760148449629372,0.3851892352104187
default,crop_farming,3,ET0105,9,1.4433677196502686,1.767824002019975,-1.8370981216430664,0.3323628604412079,0.5742461528856802,0.7006409168243408
default,crop_farming,3,ET0106,9,2.1309235095977783,2.451997728779225,-3.127340793609619,0.737506091594696,1.1035133024208135,0.164040207862854
default,crop_farming,3,ET0107,9,1.4943207502365112,1.5786808659026648,-2.6478500366210938,0.5964927673339844,0.9446502446517502,-0.30614185333251953
default,crop_farming,3,ET0301,9,0.48951101303100586,0.6208091659663756,-0.266495943069458,0.6443601250648499,0.7654896830655269,-0.9256007671356201
default,crop_farming,3,ET0302,9,0.2657094895839691,0.31087615591707823,-0.3985719680786133,0.17566841840744019,0.24400095186770926,0.13842511177062988
default,crop_farming,3,ET0303,9,1.3227635622024536,1.6285797450563144,-2.6764259338378906,0.7433272004127502,0.832203019012131,0.040010809898376465
default,crop_farming,3,ET0304,9,0.6448302865028381,0.7413107260777774,-0.42639315128326416,0.5560177564620972,0.6404140869548648,-0.0645362138748169
default,crop_farming,3,ET0305,9,0.33053651452064514,0.3855635603644188,0.14989030361175537,0.3248427212238312,0.43355073801412713,-0.07488715648651123
default,crop_farming,3,ET0306,9,0.2091827094554901,0.2769677743413579,-8.731733322143555,0.1186293512582779,0.14479995570595403,-1.6599197387695312
default,crop_farming,3,ET0307,9,0.13686677813529968,0.16863503933360335,-9743904.0,1.923243144119624e-05,4.893995972781995e-05,0.1793375015258789
default,crop_farming,3,ET0308,9,1.4868513345718384,1.8215216030543466,-3.9525394439697266,0.5675532817840576,0.6918606746469002,0.2855093479156494
default,crop_farming,3,ET0309,9,0.1410089135169983,0.18898311792770078,-6922.962890625,0.0015184349613264203,0.0027319888017946423,-0.446993350982666
default,crop_farming,3,ET0310,9,0.9466138482093811,1.1769665798022106,-1.5408365726470947,0.6783285737037659,0.816379674451579,-0.22245490550994873
default,crop_farming,3,ET0311,9,0.14672191441059113,0.18241527431071963,-2.284853458404541,0.15170492231845856,0.19726446359122546,-2.8414156436920166
default,crop_farming,3,ET0312,9,0.17493557929992676,0.19741995600321355,-36394.2421875,0.0006254249019548297,0.001004022674613518,0.058653414249420166
default,crop_farming,3,ET0401,9,0.1569226235151291,0.22267339874617792,-7.204617500305176,0.021916057914495468,0.0629211704047979,0.34488844871520996
default,crop_farming,3,ET0402,9,0.18843886256217957,0.2179993966820444,-15.046024322509766,0.01550730038434267,0.044161479483869046,0.34151774644851685
default,crop_farming,3,ET0403,9,0.11090320348739624,0.13237986503104607,-47942.76953125,0.0002137687406502664,0.0005094005855359548,0.290083646774292
default,crop_farming,3,ET0404,9,0.12295559048652649,0.1499751656557603,-24913.826171875,0.0007851918344385922,0.0010296339799456414,-0.17431581020355225
default,crop_farming,3,ET0405,9,0.1790396124124527,0.2110489180145373,-4400.39208984375,0.0022689634934067726,0.004034381879221967,-0.608339786529541
default,crop_farming,3,ET0406,9,0.44120457768440247,0.48220157612634384,-2.585022449493408,0.09745875000953674,0.18689507016241683,0.4614446759223938
default,crop_farming,3,ET0407,9,0.3075249493122101,0.37794263950598644,-2.2915563583374023,0.2535824179649353,0.30986277486745945,-1.2125256061553955
default,crop_farming,3,ET0408,9,0.462929368019104,0.572426132242546,-3.6324615478515625,0.3278557062149048,0.3674747074272662,-0.9090961217880249
default,crop_farming,3,ET0409,9,0.6948816776275635,0.8580649360590482,-3.325253963470459,0.3213166296482086,0.41586899299972796,-0.015978217124938965
default,crop_farming,3,ET0413,9,0.17112046480178833,0.20203740300119144,-15.759178161621094,0.05398058891296387,0.0803803491883255,-1.6527049541473389
default,crop_farming,3,ET0416,9,0.16229520738124847,0.22071764062729327,-15273.205078125,0.0008418824872933328,0.0017859024679747187,0.0
default,crop_farming,3,ET0417,9,0.29428350925445557,0.3819532482500476,-1.5418808460235596,0.2740275263786316,0.3418267918164171,-1.0358555316925049
default,crop_farming,3,ET0418,9,0.19595476984977722,0.24293531052810152,-6.489138603210449,0.04462464526295662,0.09485277635711792,-0.14169657230377197
default,crop_farming,3,ET0419,9,0.17576272785663605,0.20688240530699206,-69030.203125,0.00021044413733761758,0.0006313323974609375,0.3571428656578064
default,crop_farming,3,ET0420,9,0.21427282691001892,0.2577903188931534,-7.614907264709473,0.047387175261974335,0.09968130469129659,-0.2880859375
default,crop_farming,3,ET0602,9,0.41341549158096313,0.5435194337839429,-0.9663946628570557,0.2661852240562439,0.4701915826322334,-0.4716014862060547
default,crop_farming,3,ET0603,9,0.3188824951648712,0.43864643230350536,-10733.599609375,0.001131508033722639,0.003394524255458034,0.3571428656578064
default,crop_farming,3,ET0604,9,0.10873941332101822,0.20892721802758704,0.44478464126586914,0.14376485347747803,0.28798263766766613,-0.05488240718841553
default,crop_farming,3,ET0605,9,0.14746102690696716,0.1796321057889856,0.0,0.0,0.0,1.0
default,crop_farming,3,ET0701,9,0.33535701036453247,0.370719841760055,-1.3218963146209717,0.13091859221458435,0.19936134807340697,0.3285199999809265
default,crop_farming,3,ET0702,9,0.3138979375362396,0.3926564228681373,-0.3827495574951172,0.4651331901550293,0.5759476564849961,-1.9749808311462402
default,crop_farming,3,ET0703,9,0.9656185507774353,1.0309497511761052,-4.923088550567627,0.5790632367134094,0.7271818167182004,-1.9468581676483154
default,crop_farming,3,ET0705,9,0.5342323780059814,0.6771633369912562,-1.965245008468628,0.5367287993431091,0.6196795984669534,-1.4831793308258057
default,crop_farming,3,ET0706,9,0.44248852133750916,0.48205881704582626,-0.9991391897201538,0.4236285388469696,0.5479174351656593,-1.582695484161377
default,crop_farming,3,ET0710,9,0.6161794066429138,0.7904452304240376,-1.2567028999328613,0.6428766846656799,0.7990973282475419,-1.3063762187957764
default,crop_farming,3,ET0713,9,1.3814998865127563,1.4341655702972802,-8.681428909301758,0.39761611819267273,0.585889025908302,-0.6157405376434326
default,crop_farming,3,ET0714,9,1.0812033414840698,1.1646674203741048,-22.194278717041016,0.18749703466892242,0.25197236039419524,-0.0856325626373291
default,crop_farming,3,ET0715,9,0.46619701385498047,0.5662390363444476,-2.2734787464141846,0.44592511653900146,0.5361665530957137,-1.9350085258483887
default,crop_farming,3,ET0716,9,0.2887648642063141,0.4956638846711615,-1.6680471897125244,0.21967953443527222,0.4561112428024284,-1.259230136871338
default,crop_farming,3,ET0720,9,0.5235912799835205,0.5932757089480186,-2.2542777061462402,0.46356555819511414,0.5194104276433671,-1.4943811893463135
default,crop_farming,3,ET0721,9,1.194643497467041,1.3769422165458864,-7.784317970275879,0.5507039427757263,0.7362065708194645,-1.51116943359375
default,crop_farming,3,ET0722,9,1.4222044944763184,1.4830771946587178,-8.547287940979004,0.7540591359138489,0.8550555829614006,-2.1735198497772217
default,crop_farming,3,ET0723,9,1.3591904640197754,1.4179018283321303,-7.222884178161621,0.6622588634490967,0.8064877270487816,-1.6602802276611328
default,crop_farming,3,ET0724,9,0.13289253413677216,0.16562311108429725,-118.27091979980469,0.01825123280286789,0.024564175451489253,-1.6235966682434082
default,crop_farming,3,ET1101,9,0.12139245867729187,0.20123303974252726,0.0,0.0,0.0,1.0
default,crop_farming,3,ET1102,9,0.09146413207054138,0.111819271400758,-355898.21875,5.009439337300137e-05,0.00015028318032036584,0.35714292526245117
default,crop_farming,3,ET1103,9,0.09998545050621033,0.14952778695619645,-19816.791015625,0.0005677540902979672,0.0012043883430473078,-0.28571438789367676
default,crop_farming,3,ET1104,9,0.816807746887207,0.9710475686616955,-2.297091245651245,0.5954776406288147,0.7282431248799651,-0.854397177696228
default,crop_farming,3,ET1105,9,0.14547209441661835,0.17951072414514047,-6.663708209991455,0.0179299246519804,0.052077364082797714,0.35500526428222656
default,crop_farming,3,ET1106,9,0.11755181849002838,0.19025781162029975,-78.30540466308594,0.026804208755493164,0.032909637172578554,-1.3728158473968506
default,crop_farming,3,ET1202,9,0.659812867641449,0.7150422951386356,-106.3891830444336,0.04802534356713295,0.08319457025830009,-0.45374107360839844
default,crop_farming,3,ET1203,9,0.16688714921474457,0.19465620401663306,-160136.34375,0.0002600087027531117,0.0005515617632380681,-0.28571414947509766
default,crop_farming,3,ET1204,9,0.13313058018684387,0.16129657053454485,-421.9326171875,0.005832009948790073,0.009421068180212284,-0.44285011291503906
default,crop_farming,3,ET1301,9,0.3730774521827698,0.46458637902269334,-317.8263854980469,0.02707657590508461,0.03803102189934407,-1.136472463607788
default,crop_farming,3,ET1401,9,0.36697816848754883,0.4105804248171537,-20765648.0,4.8160552978515625e-05,0.00010216396079040713,-0.2857142686843872
default,crop_farming,3,ET1501,9,0.42171478271484375,0.5185634518904614,-3.6678414344787598,0.15025150775909424,0.3193105518388407,-0.7698596715927124
default,crop_farming,3,ET1502,9,0.9317929744720459,1.0913666507033257,-7.473908424377441,0.12020659446716309,0.21454308018083224,0.6725300550460815
default,crop_farming,3,ET1600,9,0.5595476627349854,0.635627935547178,-1.8626792430877686,0.5233294367790222,0.5948764255167536,-1.507380485534668
default,crop_farming,4,ET0101,9,2.0709924697875977,2.4654888391066136,-2.7276554107666016,0.6632959842681885,1.191182550159916,0.1298656463623047
default,crop_farming,4,ET0102,9,2.415191173553467,2.7820833650682015,-3.9379100799560547,0.667512059211731,1.1801851751216434,0.11140632629394531
default,crop_farming,4,ET0103,9,2.36440372467041,2.7317764577938006,-5.179066181182861,0.633011519908905,1.1015004891330846,-0.00462031364440918
default,crop_farming,4,ET0104,9,2.2330195903778076,2.5474514923119482,-5.904885768890381,0.5703470706939697,0.7480739658320645,0.40456587076187134
default,crop_farming,4,ET0105,9,1.8393363952636719,2.1784496005297758,-3.308155059814453,0.5870437026023865,0.8839375239492749,0.2906845808029175
default,crop_farming,4,ET0106,9,2.516813039779663,2.8708404636894302,-4.657809734344482,0.6564639210700989,1.117954551025474,0.14201730489730835
default,crop_farming,4,ET0107,9,1.5481114387512207,1.6671228340857351,-3.068023681640625,0.48631584644317627,0.8148808442520781,0.028066694736480713
default,crop_farming,4,ET0301,9,0.40300682187080383,0.48075318639832976,0.24049276113510132,0.5672574639320374,0.6630119316140783,-0.44454216957092285
default,crop_farming,4,ET0302,9,0.7104877829551697,0.7961813581813562,-8.173478126525879,0.31042683124542236,0.35096056588071317,-0.7824879884719849
default,crop_farming,4,ET0303,9,1.7237731218338013,2.007409437519239,-4.585727214813232,0.7692723870277405,1.0013288966417966,-0.38982880115509033
default,crop_farming,4,ET0304,9,0.6486138105392456,0.8068902689274315,-0.6899257898330688,0.6438754796981812,0.7099806246330097,-0.3083733320236206
default,crop_farming,4,ET0305,9,0.4007946252822876,0.4421963498743013,-0.11818408966064453,0.3941606283187866,0.5401344146155203,-0.6683481931686401
default,crop_farming,4,ET0306,9,0.4966285526752472,0.5540978427206775,-37.949745178222656,0.12130942940711975,0.14824503417165505,-1.7879951000213623
default,crop_farming,4,ET0307,9,0.5276307463645935,0.5539888360744026,-105157296.0,2.2477574020740576e-05,5.851287370749262e-05,-0.17311406135559082
default,crop_farming,4,ET0308,9,1.858163833618164,2.1718857579685227,-6.040981769561768,0.9672674536705017,1.0781721021894868,-0.7351436614990234
default,crop_farming,4,ET0309,9,0.5546613335609436,0.5682431918288954,-62599.41015625,0.0027319854125380516,0.0037537894333978215,-1.731797456741333
default,crop_farming,4,ET0310,9,1.3619916439056396,1.5625949067856335,-3.4785895347595215,0.7753601670265198,0.9526362494893289,-0.6645723581314087
default,crop_farming,4,ET0311,9,0.5629979968070984,0.6280130713645362,-37.934173583984375,0.11894754320383072,0.15457330158573981,-1.358644962310791
default,crop_farming,4,ET0312,9,0.546141505241394,0.563750122941505,-296779.8125,0.0009755558567121625,0.0013150217016298666,-0.6148357391357422
default,crop_farming,4,ET0401,9,0.5721408724784851,0.6104217000716892,-60.65688705444336,0.04356971010565758,0.08897401341605164,-0.30992984771728516
default,crop_farming,4,ET0402,9,0.5387808680534363,0.5888958318269055,-116.09378051757812,0.031749263405799866,0.0625348180406327,-0.320385217666626
default,crop_farming,4,ET0403,9,0.565383791923523,0.5824447289632365,-928105.375,0.00062505406094715,0.0010274404615691999,-1.8880298137664795
default,crop_farming,4,ET0404,9,0.5304127335548401,0.5698818514329004,-359739.0625,0.001083638984709978,0.0012396630822066332,-0.7022625207901001
default,crop_farming,4,ET0405,9,0.5356956124305725,0.5521617659750376,-30126.037109375,0.0033734505996108055,0.00511495802725899,-1.5852820873260498
default,crop_farming,4,ET0406,9,0.5546308159828186,0.6306615938697717,-5.132356643676758,0.1935844123363495,0.26384595140322453,-0.07333552837371826
default,crop_farming,4,ET0407,9,0.24798732995986938,0.2998386575048732,-1.0716900825500488,0.2483483999967575,0.31830996732604905,-1.3348016738891602
default,crop_farming,4,ET0408,9,0.8878358602523804,0.9895702595432728,-12.844145774841309,0.33536088466644287,0.41343414564783093,-1.4164931774139404
default,crop_farming,4,ET0409,9,0.8615792989730835,1.0527899166593921,-5.511105537414551,0.4078250527381897,0.44681453028943446,-0.17280519008636475
default,crop_farming,4,ET0413,9,0.5840078592300415,0.5985003475723596,-146.06793212890625,0.052459556609392166,0.07832744713342889,-1.5189359188079834
default,crop_farming,4,ET0416,9,0.5735429525375366,0.5844646762440168,-107101.859375,0.0016837649745866656,0.0025256474912854292,-1.0
default,crop_farming,4,ET0417,9,0.30191758275032043,0.3651366893669335,-1.322981357574463,0.32055172324180603,0.3568929291612324,-1.2192726135253906
default,crop_farming,4,ET0418,9,0.5728952884674072,0.6224890815972306,-48.171566009521484,0.09897319227457047,0.15001038376312217,-1.8555724620819092
default,crop_farming,4,ET0419,9,0.5729220509529114,0.5815035072345535,-545383.8125,0.00042088827467523515,0.0008928388388547791,-0.2857142686843872
default,crop_farming,4,ET0420,9,0.5905827283859253,0.6128224886284911,-47.68406295776367,0.09405406564474106,0.1409704085687762,-1.5761630535125732
default,crop_farming,4,ET0602,9,0.7856713533401489,0.9306040821581106,-4.764616966247559,0.46882274746894836,0.6370364607597159,-1.7012770175933838
default,crop_farming,4,ET0603,9,0.48514196276664734,0.5130424269054543,-14683.6357421875,0.002263016067445278,0.004800582239873184,-0.2857142686843872
default,crop_farming,4,ET0604,9,0.6231166124343872,0.6715100206378738,-4.735568046569824,0.2817434072494507,0.40059641689987313,-1.0412001609802246
default,crop_farming,4,ET0605,9,0.5181424617767334,0.5516700877441788,0.0,0.0,0.0,1.0
default,crop_farming,4,ET0701,9,0.3629165291786194,0.44390219173973106,-2.3290915489196777,0.18918682634830475,0.2611098108882072,-0.1518542766571045
default,crop_farming,4,ET0702,9,0.5064696073532104,0.5759665430438665,-1.9751758575439453,0.48386940360069275,0.5462373285547906,-1.6759676933288574
default,crop_farming,4,ET0703,9,1.393883466720581,1.4790503317346309,-11.190994262695312,0.6024255752563477,0.6768603666912896,-1.5531208515167236
default,crop_farming,4,ET0705,9,0.5848628282546997,0.6705839705559204,-1.9079039096832275,0.5876061916351318,0.6752054926000259,-1.9481232166290283
default,crop_farming,4,ET0706,9,0.47140026092529297,0.577808241800119,-1.8721718788146973,0.4181438982486725,0.5057968042036636,-1.200873613357544
default,crop_farming,4,ET0710,9,0.6143206357955933,0.8132731353911941,-1.3889312744140625,0.7832987308502197,0.919843536734617,-2.0560379028320312
default,crop_farming,4,ET0713,9,1.9292973279953003,2.000156992472679,-17.830812454223633,0.6566709876060486,0.7733271741690305,-1.8149287700653076
default,crop_farming,4,ET0714,9,1.547605037689209,1.6809375458416114,-47.314796447753906,0.2399732768535614,0.3579274754933081,-1.1906201839447021
default,crop_farming,4,ET0715,9,0.4216322898864746,0.4746889903162552,-1.3005316257476807,0.27263015508651733,0.3496014045360861,-0.2478322982788086
default,crop_farming,4,ET0716,9,0.7104859352111816,0.77620191434375,-5.542870998382568,0.2412230372428894,0.4607644645347471,-1.3055624961853027
default,crop_farming,4,ET0720,9,0.5101243853569031,0.5921003614747011,-2.241396188735962,0.4048703908920288,0.5000731593491714,-1.312110424041748
default,crop_farming,4,ET0721,9,1.7180423736572266,1.879510921007127,-15.366897583007812,0.2234519124031067,0.45914879958265764,0.02324974536895752
default,crop_farming,4,ET0722,9,1.8759119510650635,1.954661078087718,-15.584234237670898,0.5335211157798767,0.7098948619795769,-1.187462329864502
default,crop_farming,4,ET0723,9,1.7891907691955566,1.8388791157340154,-12.830510139465332,0.6722721457481384,0.8109569569276657,-1.6898462772369385
default,crop_farming,4,ET0724,9,0.5854520201683044,0.5985267881311671,-1556.6141357421875,0.021208656951785088,0.026117347603611566,-1.9658613204956055
default,crop_farming,4,ET1101,9,0.5461927056312561,0.5680209328712961,0.0,0.0,0.0,1.0
default,crop_farming,4,ET1102,9,0.5236071944236755,0.5639628620856012,-9053045.0,0.00013053417205810547,0.00023120909843207804,-0.5216106176376343
default,crop_farming,4,ET1103,9,0.5517923831939697,0.5751172516318899,-293172.15625,0.0011355081805959344,0.0017032623291015625,-1.5714287757873535
default,crop_farming,4,ET1104,9,1.2953439950942993,1.4510843859005143,-6.362669467926025,0.7303453087806702,0.8560770737273011,-1.5625696182250977
default,crop_farming,4,ET1105,9,0.5875043869018555,0.6209493505213878,-90.70025634765625,0.035663407295942307,0.07373755465177459,-0.2931104898452759
default,crop_farming,4,ET1106,9,0.5736303329467773,0.596163062469292,-777.66015625,0.028606083244085312,0.03428950379349072,-1.5759665966033936
default,crop_farming,4,ET1202,9,0.6178252100944519,0.665732315080703,-92.08856964111328,0.08486279845237732,0.11353256038872402,-1.7073097229003906
default,crop_farming,4,ET1203,9,0.5436934232711792,0.5558381838589264,-1305727.625,0.0005200174055062234,0.000780026126057694,-1.5714282989501953
default,crop_farming,4,ET1204,9,0.5590880513191223,0.5700533813861435,-5281.65185546875,0.009650561958551407,0.012221305369361272,-1.4280414581298828
default,crop_farming,4,ET1301,9,0.2736934423446655,0.3969366941784713,-231.73614501953125,0.05724525451660156,0.07739728317639824,-7.848563194274902
default,crop_farming,4,ET1401,9,0.3798705041408539,0.44905571674275496,-24839880.0,9.632110595703125e-05,0.00014448165893554688,-1.5714285373687744
default,crop_farming,4,ET1501,9,0.42966923117637634,0.5116752431297759,-3.544656753540039,0.25887203216552734,0.41774663638570536,-2.0292716026306152
default,crop_farming,4,ET1502,9,1.406999111175537,1.6110001293776666,-17.464330673217773,0.24506551027297974,0.357072273585367,0.09290099143981934
default,crop_farming,4,ET1600,9,0.49725204706192017,0.613822406685358,-1.6696369647979736,0.4240812659263611,0.5546531129305899,-1.179764747619629
default,crop_farming,8,ET0101,9,1.8804041147232056,2.2385763935740375,-2.073077440261841,0.9736756086349487,1.5007239819809548,-0.3811197280883789
default,crop_farming,8,ET0102,9,1.7605648040771484,2.0966461420596056,-1.8044853210449219,0.9975779056549072,1.4948200750365168,-0.4255443811416626
default,crop_farming,8,ET0103,9,1.5839505195617676,1.90891267514215,-2.0172040462493896,1.0625473260879517,1.3830174008734577,-0.5837544202804565
default,crop_farming,8,ET0104,9,1.4839709997177124,1.7573397530528672,-2.2859134674072266,0.9640944004058838,1.1803241552818227,-0.48233795166015625
default,crop_farming,8,ET0105,9,1.1673998832702637,1.4296247958414703,-0.8554122447967529,0.8081653714179993,1.1055729146347493,-0.1096118688583374
default,crop_farming,8,ET0106,9,1.5894604921340942,1.721013538016979,-1.033287525177002,0.9900067448616028,1.443288344518296,-0.43000125885009766
default,crop_farming,8,ET0107,9,1.2776283025741577,1.404680732821075,-1.8880422115325928,0.638922929763794,1.00752508515586,-0.48579883575439453
default,crop_farming,8,ET0301,9,0.5616267323493958,0.7335094464401721,-0.7680679559707642,0.4918069839477539,0.6080451784743739,-0.21495234966278076
default,crop_farming,8,ET0302,9,0.34604182839393616,0.4012807488469159,-1.3302721977233887,0.3546118140220642,0.3744460823006439,-1.0290305614471436
default,crop_farming,8,ET0303,9,1.1759241819381714,1.5030234383832295,-2.1314053535461426,0.889568567276001,1.177413415904371,-0.9216121435165405
default,crop_farming,8,ET0304,9,0.4740177392959595,0.5828431374522768,0.11825692653656006,0.6217187643051147,0.7175160056664964,-0.33629345893859863
default,crop_farming,8,ET0305,9,0.33968937397003174,0.37654667025648825,0.18918710947036743,0.2982178330421448,0.4514322726683663,-0.1653817892074585
default,crop_farming,8,ET0306,9,0.4322289824485779,0.4835253924494104,-28.659940719604492,0.057008903473615646,0.09505223302524572,-0.14618921279907227
default,crop_farming,8,ET0307,9,0.2069701850414276,0.22979523960464585,-18093368.0,2.5722714781295508e-05,5.931724048620439e-05,-0.2055889368057251
default,crop_farming,8,ET0308,9,1.6281086206436157,2.0317415082924684,-5.161637783050537,1.0553600788116455,1.2946400055125735,-1.5018274784088135
default,crop_farming,8,ET0309,9,0.13509979844093323,0.18145538441736,-6382.34619140625,0.0027319854125380516,0.0037537894333978215,-1.731797456741333
default,crop_farming,8,ET0310,9,0.9083614349365234,1.1815544664482622,-1.5606837272644043,0.49208560585975647,0.7473656164212832,-0.024506568908691406
default,crop_farming,8,ET0311,9,0.3751450777053833,0.39848390944721107,-14.675273895263672,0.08920575678348541,0.125433564781059,-0.5531775951385498
default,crop_farming,8,ET0312,9,0.6630092859268188,0.6871077111914238,-440870.625,0.0011021693935617805,0.0013687808095680023,-0.7495659589767456
default,crop_farming,8,ET0401,9,0.06961598992347717,0.10160375637456294,-0.708209753036499,0.04426051676273346,0.08898712281228756,-0.3103158473968506
default,crop_farming,8,ET0402,9,0.10629907995462418,0.12458621395795891,-4.240790843963623,0.097415991127491,0.20555084785789032,-13.265775680541992
default,crop_farming,8,ET0403,9,0.15907256305217743,0.1752908435575823,-84062.3671875,0.0008747577667236328,0.0012715350783144444,-3.423285961151123
default,crop_farming,8,ET0404,9,0.13429009914398193,0.15762943281706318,-27521.875,0.0010814137058332562,0.0013260618895194285,-0.9478107690811157
default,crop_farming,8,ET0405,9,0.2073269486427307,0.22689548226579404,-5086.16064453125,0.003232121467590332,0.004979366767566364,-1.45003342628479
default,crop_farming,8,ET0406,9,0.4096413850784302,0.43584264454763305,-1.9288294315338135,0.23346249759197235,0.3056123708093184,-0.44004642963409424
default,crop_farming,8,ET0407,9,0.3035900294780731,0.38379395459966503,-2.3942654132843018,0.17285388708114624,0.21798930566863337,-0.09501445293426514
default,crop_farming,8,ET0408,9,0.2843061685562134,0.35089180867153924,-0.7406816482543945,0.2511521577835083,0.297378264051293,-0.25023412704467773
default,crop_farming,8,ET0409,9,0.7728034257888794,0.9162767440723095,-3.9320173263549805,0.4264965355396271,0.5188208864795895,-0.5812705755233765
default,crop_farming,8,ET0413,9,0.2825392186641693,0.3086963434738681,-38.12479782104492,0.0356815904378891,0.059227130776212486,-0.4402257204055786
default,crop_farming,8,ET0416,9,0.10913480818271637,0.12592828550066532,-4971.0,0.0025392239913344383,0.003110123932266311,-2.032773017883301
default,crop_farming,8,ET0417,9,0.26473304629325867,0.3364912835787641,-0.9727970361709595,0.3129451870918274,0.37208685249951223,-1.4122560024261475
default,crop_farming,8,ET0418,9,0.11926840245723724,0.1495800965746152,-1.839214563369751,0.1295965015888214,0.1759067775961018,-2.926591634750366
default,crop_farming,8,ET0419,9,0.16826219856739044,0.20998226323610383,-71114.3828125,0.0009665356483310461,0.001864602125186759,-4.607518196105957
default,crop_farming,8,ET0420,9,0.37578004598617554,0.4133840076213769,-21.152603149414062,0.09453841298818588,0.14094707243990776,-1.575310230255127
default,crop_farming,8,ET0602,9,0.3493100702762604,0.44295860023240513,-0.30607104301452637,0.4688704311847687,0.6370364841510943,-1.701277256011963
default,crop_farming,8,ET0603,9,0.23867157101631165,0.3147767812153589,-5526.923828125,0.002263016067445278,0.004800582239873184,-0.2857142686843872
default,crop_farming,8,ET0604,9,0.3824670910835266,0.4079437892236726,-1.116762399673462,0.42107731103897095,0.50159756427969,-2.200237989425659
default,crop_farming,8,ET0605,9,0.23873551189899445,0.27441835230396405,0.0,0.0,0.0,1.0
default,crop_farming,8,ET0701,9,0.2152797132730484,0.2966581857912064,-0.48683857917785645,0.2270195186138153,0.2878865732143375,-0.4002126455307007
default,crop_farming,8,ET0702,9,0.5146037340164185,0.6379505014904475,-2.649993419647217,0.406255841255188,0.5517760687314368,-1.7305102348327637
default,crop_farming,8,ET0703,9,0.838146448135376,0.92946397674836,-3.8143577575683594,0.5742359161376953,0.7168645177206187,-1.863830804824829
default,crop_farming,8,ET0705,9,0.503957211971283,0.5548199508921283,-0.9905717372894287,0.5925918221473694,0.7086676108024148,-2.247572422027588
default,crop_farming,8,ET0706,9,0.4163511097431183,0.5131215966375487,-1.2650799751281738,0.45833390951156616,0.5551180981518588,-1.651024341583252
default,crop_farming,8,ET0710,9,0.5203462243080139,0.7314391193204098,-0.9323561191558838,0.6482836604118347,0.8646525887630292,-1.700312852859497
default,crop_farming,8,ET0713,9,1.2561331987380981,1.3201705585453352,-7.203534126281738,0.7084739208221436,0.8128924889018418,-2.110334634780884
default,crop_farming,8,ET0714,9,0.7192472219467163,0.7602698998799388,-8.88354206085205,0.39523395895957947,0.5209388022129051,-3.6403470039367676
default,crop_farming,8,ET0715,9,0.47468101978302,0.5509841761558266,-2.099475145339966,0.561953604221344,0.6451651259421726,-3.249635696411133
default,crop_farming,8,ET0716,9,0.32214394211769104,0.37105564122529733,-0.49519217014312744,0.24527335166931152,0.46067752618878005,-1.3046925067901611
default,crop_farming,8,ET0720,9,0.5940030217170715,0.6896730239793948,-3.39772367477417,0.28038153052330017,0.33152791187102726,-0.016205787658691406
default,crop_farming,8,ET0721,9,0.7796159386634827,0.8767505913137721,-2.5614657402038574,0.54869145154953,0.729707984718465,-1.4670321941375732
default,crop_farming,8,ET0722,9,1.05662202835083,1.1415004244890063,-4.655938625335693,0.6488080620765686,0.7858669423763766,-1.6807143688201904
default,crop_farming,8,ET0723,9,1.1522915363311768,1.2659602251087165,-5.554989337921143,0.659527063369751,0.9248071366371345,-2.4981160163879395
default,crop_farming,8,ET0724,9,0.12731081247329712,0.16634825873548564,-119.31761169433594,0.011968612670898438,0.018695175526779136,-0.5196787118911743
default,crop_farming,8,ET1101,9,0.15860536694526672,0.17609713569744073,0.0,0.0,0.0,1.0
default,crop_farming,8,ET1102,9,0.23946870863437653,0.2540055300944105,-1836453.0,0.0001608795573702082,0.00024848586644141656,-0.7575072050094604
default,crop_farming,8,ET1103,9,0.1484174281358719,0.16273655843712148,-23472.70703125,0.0011355081805959344,0.0017032623291015625,-1.5714287757873535
default,crop_farming,8,ET1104,9,0.8457565307617188,1.022234435256157,-2.6538519859313965,0.6366316676139832,0.759444416468292,-1.0167031288146973
default,crop_farming,8,ET1105,9,0.1550343632698059,0.17708286935147105,-6.4578094482421875,0.03576625883579254,0.07382914275017871,-0.2963247299194336
default,crop_farming,8,ET1106,9,0.20490175485610962,0.22676693801851966,-111.66195678710938,0.028190771117806435,0.03585564137845406,-1.8166496753692627
default,crop_farming,8,ET1202,9,0.45760467648506165,0.5301804153596803,-58.03974151611328,0.08396230638027191,0.11224432442543232,-1.6462194919586182
default,crop_farming,8,ET1203,9,0.35098567605018616,0.38505032458170935,-626600.0625,0.0005200174055062234,0.000780026126057694,-1.5714282989501953
default,crop_farming,8,ET1204,9,0.4619036912918091,0.4772122128525813,-3701.06494140625,0.009233792312443256,0.011721012274611446,-1.233321189880371
default,crop_farming,8,ET1301,9,0.4613688290119171,0.562787512309789,-466.8538513183594,0.053425855934619904,0.07378040605742589,-7.040876388549805
default,crop_farming,8,ET1401,9,0.4063692092895508,0.4441392400312344,-24298940.0,9.632110595703125e-05,0.00014448165893554688,-1.5714285373687744
default,crop_farming,8,ET1501,9,0.5372847318649292,0.6121606246633803,-5.504936695098877,0.29121604561805725,0.4258928765076721,-2.1485676765441895
default,crop_farming,8,ET1502,9,0.2647780179977417,0.36064596994476145,0.0746530294418335,0.37761953473091125,0.47884314091671143,-0.6312816143035889
default,crop_farming,8,ET1600,9,0.37385284900665283,0.47871734104363767,-0.6237720251083374,0.5077201128005981,0.5547710140918984,-1.1806917190551758
default,crop_farming,12,ET0101,9,2.1370935440063477,2.5745794712113206,-3.064828872680664,1.2845900058746338,1.7441681008561616,-0.8655476570129395
default,crop_farming,12,ET0102,9,1.9531923532485962,2.276617598537779,-2.3066108226776123,1.391896367073059,1.742006574738771,-0.935987114906311
default,crop_farming,12,ET0103,9,1.750776767730713,2.0160558668827444,-2.3654074668884277,1.2022675275802612,1.5083049701250915,-0.8836963176727295
default,crop_farming,12,ET0104,9,1.5585111379623413,1.8219585262146716,-2.5320074558258057,1.1370196342468262,1.298114230497425,-0.792959451675415
default,crop_farming,12,ET0105,9,1.2671985626220703,1.6171319924379044,-1.3740355968475342,1.03074312210083,1.2900985715598712,-0.5109220743179321
default,crop_farming,12,ET0106,9,1.7823758125305176,1.9818765726507295,-1.696394443511963,1.4201573133468628,1.7029435647337139,-0.990814208984375
default,crop_farming,12,ET0107,9,1.5268003940582275,1.6711434162993242,-3.0876688957214355,1.04685378074646,1.2567975231782436,-1.3119525909423828
default,crop_farming,12,ET0301,9,0.6244707107543945,0.7636127888097642,-0.9161696434020996,0.7733425498008728,0.8720291999446939,-1.4989042282104492
default,crop_farming,12,ET0302,9,0.5471649169921875,0.5979513798471685,-4.174182415008545,0.3314114212989807,0.38972566073618164,-1.1980016231536865
default,crop_farming,12,ET0303,9,1.2207731008529663,1.5466477198234994,-2.315817356109619,1.0296186208724976,1.1731685365738842,-0.9077813625335693
default,crop_farming,12,ET0304,9,0.47858068346977234,0.6004097284617221,0.06430542469024658,0.8080151081085205,0.9097138668158694,-1.1480693817138672
default,crop_farming,12,ET0305,9,0.36005935072898865,0.4627594097887147,-0.22459793090820312,0.35984981060028076,0.4667577527622648,-0.2458510398864746
default,crop_farming,12,ET0306,9,0.5038462281227112,0.5626841879330572,-39.16623306274414,0.13217490911483765,0.15573954648624336,-2.077014207839966
default,crop_farming,12,ET0307,9,0.2873268127441406,0.313536498617541,-33683220.0,0.0004607306618709117,0.0013063712175507556,-583.75048828125
default,crop_farming,12,ET0308,9,1.7494784593582153,2.1554421279773033,-5.934769630432129,1.0979770421981812,1.305472862835289,-1.543870210647583
default,crop_farming,12,ET0309,9,0.19497866928577423,0.2389638301327452,-11069.6484375,0.002122216857969761,0.0032803966465486936,-1.086226224899292
default,crop_farming,12,ET0310,9,1.0378718376159668,1.400660745487168,-2.5984408855438232,0.7230751514434814,0.8843185945996843,-0.43438589572906494
default,crop_farming,12,ET0311,9,0.1461997777223587,0.19024144184999872,-2.5727601051330566,0.19406436383724213,0.21932964502753466,-3.748847484588623
default,crop_farming,12,ET0312,9,0.23827630281448364,0.28493359116192796,-75813.0703125,0.0010213454952463508,0.001238930532717956,-0.43336379528045654
default,crop_farming,12,ET0401,9,0.1950386017560959,0.23406773930582217,-8.06577205657959,0.04495131969451904,0.08902310746697935,-0.31137585639953613
default,crop_farming,12,ET0402,9,0.25438976287841797,0.29636229613986287,-28.65532875061035,0.09894827008247375,0.2055894109398824,-13.27112865447998
default,crop_farming,12,ET0403,9,0.16398173570632935,0.19248561726443386,-101363.2734375,0.0008747577667236328,0.0012715350783144444,-3.423285961151123
default,crop_farming,12,ET0404,9,0.22737963497638702,0.25922281155154986,-74432.015625,0.0011552175274118781,0.001380299773163167,-1.1104061603546143
default,crop_farming,12,ET0405,9,0.16730304062366486,0.1950275345002039,-3757.509521484375,0.003103825729340315,0.004919755034203611,-1.3917224407196045
default,crop_farming,12,ET0406,9,0.2679308354854584,0.3334142492351755,-0.7139688730239868,0.2543945014476776,0.33559795341697446,-0.736493706703186
default,crop_farming,12,ET0407,9,0.19362807273864746,0.23474992328252545,-0.26987338066101074,0.2724038064479828,0.3020513767023196,-1.1023797988891602
default,crop_farming,12,ET0408,9,0.32784584164619446,0.37272630269015294,-0.9640520811080933,0.24766111373901367,0.29217999137573547,-0.20690715312957764
default,crop_farming,12,ET0409,9,0.8346722722053528,0.893833771360955,-3.6933703422546387,0.5949158668518066,0.659731711492277,-1.556854486465454
default,crop_farming,12,ET0413,9,0.23760563135147095,0.2762618925805696,-30.33510398864746,0.05389567092061043,0.07983046124351705,-1.6165344715118408
default,crop_farming,12,ET0416,9,0.16699780523777008,0.18272778023329478,-10467.72265625,0.003381106536835432,0.004006465369880288,-4.032773017883301
default,crop_farming,12,ET0417,9,0.2807523310184479,0.36123493126853146,-1.2736008167266846,0.43760406970977783,0.49823640695147325,-3.325194835662842
default,crop_farming,12,ET0418,9,0.18177272379398346,0.24381615248464505,-6.543545246124268,0.1295965015888214,0.1759067775961018,-2.926591634750366
default,crop_farming,12,ET0419,9,0.13817746937274933,0.18942578108574767,-57872.06640625,0.0009665356483310461,0.001864602125186759,-4.607518196105957
default,crop_farming,12,ET0420,9,0.22478631138801575,0.2672912702882067,-8.26162052154541,0.0948895514011383,0.14098003392690087,-1.5765149593353271
default,crop_farming,12,ET0602,9,0.4916344881057739,0.5936579381946155,-1.3459196090698242,0.3417750597000122,0.5384028725052906,-0.929546594619751
default,crop_farming,12,ET0603,9,0.2922006845474243,0.36261068002749763,-7334.63720703125,0.002263016067445278,0.004800582239873184,-0.2857142686843872
default,crop_farming,12,ET0604,9,0.2638958692550659,0.30872569100440617,-0.2123192548751831,0.5504606366157532,0.6426176621352596,-4.252629280090332
default,crop_farming,12,ET0605,9,0.3067645728588104,0.3246337119480571,0.0,0.0,0.0,1.0
default,crop_farming,12,ET0701,9,0.25826776027679443,0.3164201427282512,-0.6915287971496582,0.22018086910247803,0.28778418562178126,-0.399216890335083
default,crop_farming,12,ET0702,9,0.6105734705924988,0.8359885868612161,-5.267853260040283,0.576862096786499,0.7013859541572469,-3.4119668006896973
default,crop_farming,12,ET0703,9,0.8016159534454346,0.9380840389654235,-3.9040703773498535,0.6296209692955017,0.7983566049105365,-2.5519518852233887
default,crop_farming,12,ET0705,9,0.5131437182426453,0.5964559582009983,-1.3005435466766357,0.686485230922699,0.8109765809625392,-3.2529501914978027
default,crop_farming,12,ET0706,9,0.5852901935577393,0.7258191561783371,-3.5321035385131836,0.616421103477478,0.7024538227597722,-3.2450079917907715
default,crop_farming,12,ET0710,9,0.6415169835090637,0.8243973524925665,-1.4547314643859863,0.7002089023590088,0.9407285094734954,-2.196387529373169
default,crop_farming,12,ET0713,9,1.5810902118682861,1.7470227528767945,-13.366070747375488,0.8199061155319214,0.9930923721110416,-3.642160415649414
default,crop_farming,12,ET0714,9,0.860442042350769,0.888753162061858,-12.506391525268555,0.5064668655395508,0.6365788545974892,-5.929173469543457
default,crop_farming,12,ET0715,9,0.6633390188217163,0.7406393267054658,-4.600457191467285,0.46885183453559875,0.5731879083517374,-2.354315757751465
default,crop_farming,12,ET0716,9,0.2328719049692154,0.30807707787243055,-0.03071296215057373,0.21694165468215942,0.4238505203728982,-0.9509420394897461
default,crop_farming,12,ET0720,9,0.626896858215332,0.7385798662759875,-4.043550968170166,0.4533364474773407,0.546176682534147,-1.7580857276916504
default,crop_farming,12,ET0721,9,0.7388471364974976,0.8613534521414489,-2.437474250793457,0.433858722448349,0.6441108488530518,-0.9221968650817871
default,crop_farming,12,ET0722,9,1.06853187084198,1.1539226512737675,-4.779707908630371,0.346422016620636,0.5565000122221117,-0.3442586660385132
default,crop_farming,12,ET0723,9,1.0531866550445557,1.1774059236205436,-4.670016288757324,0.7696513533592224,1.0864925475446465,-3.8282012939453125
default,crop_farming,12,ET0724,9,0.2366970330476761,0.26503765862022116,-304.42730712890625,0.022492965683341026,0.027409539309483658,-2.2666015625
default,crop_farming,12,ET1101,9,0.19000783562660217,0.20822380385490977,0.0,0.0,0.0,1.0
default,crop_farming,12,ET1102,9,0.145468071103096,0.16352892575980515,-761171.125,0.00019122494268231094,0.00026463714526755945,-0.9934037923812866
default,crop_farming,12,ET1103,9,0.22528807818889618,0.261279577470036,-60508.328125,0.0011355081805959344,0.0017032623291015625,-1.5714287757873535
default,crop_farming,12,ET1104,9,0.8505057096481323,0.9637679616142445,-2.247842311859131,0.6559670567512512,0.7964564701597024,-1.2180640697479248
default,crop_farming,12,ET1105,9,0.108879454433918,0.18052350324214425,-6.750428676605225,0.03586910665035248,0.07383148902212404,-0.29640722274780273
default,crop_farming,12,ET1106,9,0.1312907338142395,0.1589305953090978,-54.339195251464844,0.02882835641503334,0.035223076144259576,-1.7181434631347656
default,crop_farming,12,ET1202,9,0.3093891739845276,0.40938146163849465,-34.200870513916016,0.08386468887329102,0.11217230997480795,-1.6428251266479492
default,crop_farming,12,ET1203,9,0.3491556942462921,0.4503288650186308,-857067.875,0.0005200174055062234,0.000780026126057694,-1.5714282989501953
default,crop_farming,12,ET1204,9,0.2599374055862427,0.3094859925968954,-1556.05126953125,0.008817010559141636,0.011428526147203954,-1.12325119972229
default,crop_farming,12,ET1301,9,0.36830517649650574,0.46639390734214964,-320.31207275390625,0.0619049072265625,0.0806595437352075,-8.610209465026855
default,crop_farming,12,ET1401,9,0.432941198348999,0.4907608700576897,-29668040.0,9.632110595703125e-05,0.00014448165893554688,-1.5714285373687744
default,crop_farming,12,ET1501,9,0.428470253944397,0.4827634397598562,-3.0455822944641113,0.3391965627670288,0.4675972114816769,-2.7953875064849854
default,crop_farming,12,ET1502,9,0.5653172731399536,0.6908771624157716,-2.395815372467041,0.44253504276275635,0.5317198414753516,-1.0114450454711914
default,crop_farming,12,ET1600,9,0.5189730525016785,0.623384987859148,-1.7534639835357666,0.5679216384887695,0.6610680778061082,-2.096414566040039
default,pastoral,0,ET0201,9,0.9500643610954285,1.0546639333847097,-5.313637733459473,0.2604106068611145,0.314542189122181,0.4384230375289917
default,pastoral,0,ET0202,9,2.4839696884155273,2.536142307362136,-28.674968719482422,0.30053746700286865,0.4201610859698645,0.18553078174591064
default,pastoral,0,ET0203,9,1.3108423948287964,1.5462786363002274,-5.7681450843811035,0.4091537296772003,0.5563607030714424,0.12379235029220581
default,pastoral,0,ET0204,9,2.162722110748291,2.2549086115349577,-9.755796432495117,0.42579054832458496,0.5847980100421081,0.27657008171081543
default,pastoral,0,ET0205,9,1.282942295074463,1.4200684525552376,-10.555322647094727,0.45742273330688477,0.6605254049663819,-1.5000147819519043
default,pastoral,0,ET0411,9,0.5076577067375183,0.6029723107558284,-1.8941073417663574,0.36319369077682495,0.4203830936241447,-0.40672874450683594
default,pastoral,0,ET0412,9,1.0267982482910156,1.296656670633994,-2.393855094909668,0.30590033531188965,0.3743839369202319,0.7170708179473877
default,pastoral,0,ET0414,9,0.6637329459190369,0.8347637456748703,-2.8211846351623535,0.3647993206977844,0.42684642299544356,0.0008881092071533203
default,pastoral,0,ET0415,9,1.6248791217803955,1.747120122482021,-17.667604446411133,0.35939210653305054,0.48134969570403496,-0.41698241233825684
default,pastoral,0,ET0421,9,0.6366278529167175,0.7715995219770526,-1.5385725498199463,0.2894148826599121,0.37573254085189395,0.39804601669311523
default,pastoral,0,ET0501,9,1.572436809539795,1.6763545125059678,-25.89910125732422,0.33757704496383667,0.43803420830747053,-0.8366317749023438
default,pastoral,0,ET0503,9,1.870820164680481,1.994359765635673,-20.714139938354492,0.4264151155948639,0.6152281987924739,-1.0663700103759766
default,pastoral,0,ET0504,9,2.0678248405456543,2.1456802708623823,-259.63177490234375,0.1392042636871338,0.21168292752517792,-1.5366995334625244
default,pastoral,0,ET0505,9,1.6916671991348267,1.8176024733125287,-14.097957611083984,0.511861264705658,0.6349210108791858,-0.8422976732254028
default,pastoral,0,ET0506,9,2.1120378971099854,2.168117758639029,-47.42604064941406,0.1894151121377945,0.28831528408460266,0.1436554193496704
default,pastoral,0,ET0507,9,2.1009023189544678,2.235843202747122,-16.330904006958008,0.6365519762039185,0.7760778115749657,-1.0880894660949707
default,pastoral,0,ET0508,9,2.240408182144165,2.413059063109153,-10.66730785369873,0.32499516010284424,0.5403083281744834,0.4150509238243103
default,pastoral,0,ET0509,9,1.5231817960739136,1.6165357372842062,-5.749472141265869,0.30653515458106995,0.49131819234747637,0.3765166401863098
default,pastoral,0,ET0510,9,2.0957632064819336,2.2138588951032943,-87.14778900146484,0.16900867223739624,0.34860692075011046,-1.1856646537780762
default,pastoral,0,ET0511,9,2.4492321014404297,2.6158016350283786,-25.26395606994629,0.18819373846054077,0.37012419278805003,0.47416990995407104
default,pastoral,1,ET0201,9,1.543122410774231,1.6257628337618115,-14.00257682800293,0.2604106068611145,0.314542189122181,0.4384230375289917
default,pastoral,1,ET0202,9,2.42916202545166,2.5075493314992516,-28.00961685180664,0.30053746700286865,0.4201610859698645,0.18553078174591064
default,pastoral,1,ET0203,9,1.5496796369552612,1.7093723053013066,-7.271180152893066,0.4091537296772003,0.5563607030714424,0.12379235029220581
default,pastoral,1,ET0204,9,2.2269082069396973,2.3425391566241496,-10.608026504516602,0.42579054832458496,0.5847980100421081,0.27657008171081543
default,pastoral,1,ET0205,9,1.3348888158798218,1.421387389696252,-10.576797485351562,0.45742273330688477,0.6605254049663819,-1.5000147819519043
default,pastoral,1,ET0411,9,0.6403576135635376,0.7719235099962182,-3.743166923522949,0.36319369077682495,0.4203830936241447,-0.40672874450683594
default,pastoral,1,ET0412,9,1.6003098487854004,1.7755995020098072,-5.364046096801758,0.30590033531188965,0.3743839369202319,0.7170708179473877
default,pastoral,1,ET0414,9,0.904296875,0.9526191369589437,-3.9763331413269043,0.3647993206977844,0.42684642299544356,0.0008881092071533203
default,pastoral,1,ET0415,9,1.4940904378890991,1.7096309463275958,-16.875070571899414,0.35939210653305054,0.48134969570403496,-0.41698241233825684
default,pastoral,1,ET0421,9,0.9832387566566467,1.1912438453923615,-5.050719261169434,0.2894148826599121,0.37573254085189395,0.39804601669311523
default,pastoral,1,ET0501,9,1.4271454811096191,1.621554830771568,-24.1691951751709,0.33757704496383667,0.43803420830747053,-0.8366317749023438
default,pastoral,1,ET0503,9,1.7433972358703613,1.9791351583549368,-20.383882522583008,0.4264151155948639,0.6152281987924739,-1.0663700103759766
default,pastoral,1,ET0504,9,1.963219165802002,2.087461222214211,-245.6801300048828,0.1392042636871338,0.21168292752517792,-1.5366995334625244
default,pastoral,1,ET0505,9,1.8031673431396484,1.8578896239420648,-14.774667739868164,0.511861264705658,0.6349210108791858,-0.8422976732254028
default,pastoral,1,ET0506,9,2.327721357345581,2.3882226778933537,-57.757442474365234,0.1894151121377945,0.28831528408460266,0.1436554193496704
default,pastoral,1,ET0507,9,1.9470651149749756,2.153645476618364,-15.080034255981445,0.6365519762039185,0.7760778115749657,-1.0880894660949707
default,pastoral,1,ET0508,9,2.2100751399993896,2.5021170235641206,-11.544402122497559,0.32499516010284424,0.5403083281744834,0.4150509238243103
default,pastoral,1,ET0509,9,1.6859323978424072,1.7751392148723812,-7.13886833190918,0.30653515458106995,0.49131819234747637,0.3765166401863098
default,pastoral,1,ET0510,9,1.9343624114990234,2.106472703156988,-78.80374145507812,0.16900867223739624,0.34860692075011046,-1.1856646537780762
default,pastoral,1,ET0511,9,2.314952850341797,2.577446588208877,-24.4993953704834,0.18819373846054077,0.37012419278805003,0.47416990995407104
default,pastoral,2,ET0201,9,1.3640497922897339,1.5252701129271877,-12.2052001953125,0.2604106068611145,0.314542189122181,0.4384230375289917
default,pastoral,2,ET0202,9,2.24607253074646,2.39755381852924,-25.5203800201416,0.30053746700286865,0.4201610859698645,0.18553078174591064
default,pastoral,2,ET0203,9,1.4843264818191528,1.6362805929449469,-6.578961372375488,0.4091537296772003,0.5563607030714424,0.12379235029220581
default,pastoral,2,ET0204,9,2.1210813522338867,2.308998550064339,-10.277997970581055,0.42579054832458496,0.5847980100421081,0.27657008171081543
default,pastoral,2,ET0205,9,1.097360610961914,1.2364797875788114,-7.760674476623535,0.45742273330688477,0.6605254049663819,-1.5000147819519043
default,pastoral,2,ET0411,9,0.4713975191116333,0.578407064138964,-1.6630973815917969,0.36319369077682495,0.4203830936241447,-0.40672874450683594
default,pastoral,2,ET0412,9,1.31955087184906,1.5371871598955442,-3.7697629928588867,0.30590033531188965,0.3743839369202319,0.7170708179473877
default,pastoral,2,ET0414,9,0.6780527830123901,0.8566210924140427,-3.023911476135254,0.3647993206977844,0.42684642299544356,0.0008881092071533203
default,pastoral,2,ET0415,9,1.5255930423736572,1.6862845105258641,-16.390207290649414,0.35939210653305054,0.48134969570403496,-0.41698241233825684
default,pastoral,2,ET0421,9,0.9345605373382568,1.1238976481933316,-4.385910987854004,0.2894148826599121,0.37573254085189395,0.39804601669311523
default,pastoral,2,ET0501,9,1.3917127847671509,1.5766839728235622,-22.795528411865234,0.33757704496383667,0.43803420830747053,-0.8366317749023438
default,pastoral,2,ET0503,9,1.7376344203948975,1.9405641014876118,-19.558509826660156,0.4264151155948639,0.6152281987924739,-1.0663700103759766
default,pastoral,2,ET0504,9,2.00997257232666,2.0851843685170883,-245.1422882080078,0.1392042636871338,0.21168292752517792,-1.5366995334625244
default,pastoral,2,ET0505,9,1.6619590520858765,1.8047252172186539,-13.884784698486328,0.511861264705658,0.6349210108791858,-0.8422976732254028
default,pastoral,2,ET0506,9,2.207077980041504,2.266283768214499,-51.91049575805664,0.1894151121377945,0.28831528408460266,0.1436554193496704
default,pastoral,2,ET0507,9,1.9554879665374756,2.1427244485914545,-14.917365074157715,0.6365519762039185,0.7760778115749657,-1.0880894660949707
default,pastoral,2,ET0508,9,2.1969504356384277,2.4984641125605407,-11.50780200958252,0.32499516010284424,0.5403083281744834,0.4150509238243103
default,pastoral,2,ET0509,9,1.8346086740493774,1.969354688030591,-9.017216682434082,0.30653515458106995,0.49131819234747637,0.3765166401863098
default,pastoral,2,ET0510,9,2.003108263015747,2.11196457888782,-79.22039794921875,0.16900867223739624,0.34860692075011046,-1.1856646537780762
default,pastoral,2,ET0511,9,2.3461532592773438,2.539864938554295,-23.76120376586914,0.18819373846054077,0.37012419278805003,0.47416990995407104
default,pastoral,3,ET0201,9,1.262438178062439,1.3660496363606849,-9.592157363891602,0.2604106068611145,0.314542189122181,0.4384230375289917
default,pastoral,3,ET0202,9,1.942383050918579,2.1067851804442017,-19.477811813354492,0.30053746700286865,0.4201610859698645,0.18553078174591064
default,pastoral,3,ET0203,9,1.342958688735962,1.4398879244688205,-4.868829727172852,0.4091537296772003,0.5563607030714424,0.12379235029220581
default,pastoral,3,ET0204,9,1.7603108882904053,1.9886138577859749,-7.365379333496094,0.42579054832458496,0.5847980100421081,0.27657008171081543
default,pastoral,3,ET0205,9,1.0118212699890137,1.191061701748157,-7.128904342651367,0.45742273330688477,0.6605254049663819,-1.5000147819519043
default,pastoral,3,ET0411,9,0.42155158519744873,0.5339904115080341,-1.2697958946228027,0.36319369077682495,0.4203830936241447,-0.40672874450683594
default,pastoral,3,ET0412,9,1.342329978942871,1.6112770766061422,-4.240633010864258,0.30590033531188965,0.3743839369202319,0.7170708179473877
default,pastoral,3,ET0414,9,0.8461000323295593,1.020405536983964,-4.709741592407227,0.3647993206977844,0.42684642299544356,0.0008881092071533203
default,pastoral,3,ET0415,9,1.242106556892395,1.4471065624308375,-11.806901931762695,0.35939210653305054,0.48134969570403496,-0.41698241233825684
default,pastoral,3,ET0421,9,0.9791508913040161,1.1732097907663508,-4.868904113769531,0.2894148826599121,0.37573254085189395,0.39804601669311523
default,pastoral,3,ET0501,9,1.2040767669677734,1.373477266015878,-17.057140350341797,0.33757704496383667,0.43803420830747053,-0.8366317749023438
default,pastoral,3,ET0503,9,1.5178611278533936,1.7265619476455565,-15.274211883544922,0.4264151155948639,0.6152281987924739,-1.0663700103759766
default,pastoral,3,ET0504,9,1.71152925491333,1.8048723794936736,-183.41249084472656,0.1392042636871338,0.21168292752517792,-1.5366995334625244
default,pastoral,3,ET0505,9,1.4236785173416138,1.555247297094854,-10.053996086120605,0.511861264705658,0.6349210108791858,-0.8422976732254028
default,pastoral,3,ET0506,9,2.0694432258605957,2.120868930880137,-45.338382720947266,0.1894151121377945,0.28831528408460266,0.1436554193496704
default,pastoral,3,ET0507,9,1.7392643690109253,1.9294727530274411,-11.906719207763672,0.6365519762039185,0.7760778115749657,-1.0880894660949707
default,pastoral,3,ET0508,9,1.8995780944824219,2.1836023757027196,-8.553925514221191,0.32499516010284424,0.5403083281744834,0.4150509238243103
default,pastoral,3,ET0509,9,1.5908095836639404,1.715086691642152,-6.597511291503906,0.30653515458106995,0.49131819234747637,0.3765166401863098
default,pastoral,3,ET0510,9,1.6539393663406372,1.7952081661601316,-56.961708068847656,0.16900867223739624,0.34860692075011046,-1.1856646537780762
default,pastoral,3,ET0511,9,2.0868160724639893,2.3116048162758354,-19.510568618774414,0.18819373846054077,0.37012419278805003,0.47416990995407104
default,pastoral,4,ET0201,9,1.2768760919570923,1.4524594495303156,-10.97455883026123,0.27792465686798096,0.3972083561521557,0.10445332527160645
default,pastoral,4,ET0202,9,2.3725931644439697,2.5292127911940603,-28.51302719116211,0.4406134784221649,0.509907669797626,-0.19957149028778076
default,pastoral,4,ET0203,9,1.64091956615448,1.7883459263642898,-8.05309772491455,0.4738023579120636,0.6085125615587308,-0.04817366600036621
default,pastoral,4,ET0204,9,2.2216081619262695,2.4159190128533408,-11.346658706665039,0.5124755501747131,0.6361882861097212,0.1438378095626831
default,pastoral,4,ET0205,9,1.4599990844726562,1.568798493019559,-13.102556228637695,0.3658127784729004,0.5865244659303026,-0.9712232351303101
default,pastoral,4,ET0411,9,0.45859867334365845,0.5865504555540207,-1.7386128902435303,0.3813278377056122,0.45647179359857176,-0.658623456954956
default,pastoral,4,ET0412,9,1.1641627550125122,1.3608867088326433,-2.738412618637085,0.48361048102378845,0.5773952879247327,0.3270392417907715
default,pastoral,4,ET0414,9,0.6645035147666931,0.8426887407764087,-2.8940834999084473,0.3732282221317291,0.44556408183533674,-0.08865737915039062
default,pastoral,4,ET0415,9,1.7124505043029785,1.8719337823518902,-20.430091857910156,0.4174136817455292,0.4980182265475626,-0.5168181657791138
default,pastoral,4,ET0421,9,0.874029278755188,1.0247629915090022,-3.477674961090088,0.3251965045928955,0.405802645495634,0.29784107208251953
default,pastoral,4,ET0501,9,1.5985182523727417,1.7782782812037605,-29.269515991210938,0.3648497462272644,0.47911179442585267,-1.197251319885254
default,pastoral,4,ET0503,9,1.9248864650726318,2.1457956057691705,-24.13693618774414,0.6148864030838013,0.746397146481296,-2.041414260864258
default,pastoral,4,ET0504,9,2.2495734691619873,2.308527137066407,-300.6944274902344,0.09632812440395355,0.1817494343364471,-0.870008111000061
default,pastoral,4,ET0505,9,1.8987950086593628,2.036354459046764,-17.950782775878906,0.6125199198722839,0.7515412230463804,-1.581225872039795
default,pastoral,4,ET0506,9,2.3759350776672363,2.4440574472109557,-60.53696060180664,0.24761708080768585,0.351487776974479,-0.27272236347198486
default,pastoral,4,ET0507,9,2.177506923675537,2.362842462332294,-18.355663299560547,0.5490594506263733,0.7266113921091675,-0.8303871154785156
default,pastoral,4,ET0508,9,2.4065935611724854,2.6768372616811993,-13.357495307922363,0.6278095245361328,0.7623763546985575,-0.16459143161773682
default,pastoral,4,ET0509,9,1.7847905158996582,1.897704182973906,-8.301568984985352,0.48535189032554626,0.6412013647809797,-0.06191086769104004
default,pastoral,4,ET0510,9,2.222501039505005,2.3220805101590254,-95.97640991210938,0.1759873479604721,0.35583925326393784,-1.2772948741912842
default,pastoral,4,ET0511,9,2.554734706878662,2.7377038365947324,-27.76891326904297,0.301470547914505,0.4986647120909625,0.04551786184310913
default,pastoral,8,ET0201,9,1.3488121032714844,1.5226190177863224,-12.15933609008789,0.3622327446937561,0.4505468555792415,-0.15220940113067627
default,pastoral,8,ET0202,9,1.5177301168441772,1.683797943406866,-12.08045768737793,0.5469642281532288,0.6032056784158908,-0.6787029504776001
default,pastoral,8,ET0203,9,1.2014713287353516,1.2725961632357343,-3.584324836730957,0.5462717413902283,0.7825407809151665,-0.733437180519104
default,pastoral,8,ET0204,9,1.7290502786636353,1.9258794237225803,-6.845901966094971,0.7589095234870911,0.9040763042199086,-0.7289994955062866
default,pastoral,8,ET0205,9,0.6727444529533386,0.8699743151435863,-3.336869716644287,0.13611817359924316,0.3180609398367141,0.42032545804977417
default,pastoral,8,ET0411,9,0.42540842294692993,0.4689304004667138,-0.7503974437713623,0.2743947207927704,0.39259006235373123,-0.22686994075775146
default,pastoral,8,ET0412,9,1.3406482934951782,1.453291032391345,-3.2633252143859863,0.6239349842071533,0.7196248990725257,-0.04533541202545166
default,pastoral,8,ET0414,9,0.7115757465362549,0.8992818099380502,-3.4346818923950195,0.3552325963973999,0.42785567910728467,-0.0038422346115112305
default,pastoral,8,ET0415,9,0.6184070706367493,0.7222847885964788,-2.1905088424682617,0.42065611481666565,0.5159348221726129,-0.6279188394546509
default,pastoral,8,ET0421,9,0.9418444037437439,1.0282249007923787,-3.507978916168213,0.4334751069545746,0.5305064270841848,-0.20001590251922607
default,pastoral,8,ET0501,9,0.2935164272785187,0.4444402216008691,-0.8907439708709717,0.32192909717559814,0.38985913538721906,-0.4548609256744385
default,pastoral,8,ET0503,9,0.6579355597496033,0.766567428703652,-2.208014726638794,0.44371476769447327,0.6324163067898305,-1.1834425926208496
default,pastoral,8,ET0504,9,0.8416043519973755,0.8763781321356294,-42.479087829589844,0.13968521356582642,0.21215534976493466,-1.548034429550171
default,pastoral,8,ET0505,9,1.2759819030761719,1.458837458351312,-8.725998878479004,0.5202195644378662,0.6955527844092824,-1.210958480834961
default,pastoral,8,ET0506,9,2.452847480773926,2.5101719864970278,-63.911285400390625,0.311900794506073,0.38586064704767215,-0.533819317817688
default,pastoral,8,ET0507,9,0.8041877746582031,0.8998843608845695,-1.8074495792388916,0.5405809283256531,0.8435107351071095,-1.466719388961792
default,pastoral,8,ET0508,9,1.3630281686782837,1.6216184938782952,-4.269047737121582,0.639703631401062,0.7729061497866486,-0.19698381423950195
default,pastoral,8,ET0509,9,1.7353992462158203,1.8931849779291876,-8.257320404052734,0.5016770958900452,0.6620810398576631,-0.13219571113586426
default,pastoral,8,ET0510,9,0.8068259358406067,0.8492049383673912,-11.969898223876953,0.15721440315246582,0.3204483697735488,-0.8468332290649414
default,pastoral,8,ET0511,9,1.0825608968734741,1.2306866165319919,-4.813604354858398,0.4117778539657593,0.599236686269002,-0.37831127643585205
default,pastoral,12,ET0201,9,1.1865174770355225,1.3939458221952008,-10.029180526733398,0.37887609004974365,0.5166328290913283,-0.515009880065918
default,pastoral,12,ET0202,9,1.5060067176818848,1.674633353230514,-11.938457489013672,0.47472116351127625,0.5868010197852283,-0.5886373519897461
default,pastoral,12,ET0203,9,1.115810751914978,1.2621255224830745,-3.509197235107422,0.6697573065757751,0.8586446259327478,-1.0869932174682617
default,pastoral,12,ET0204,9,1.5829086303710938,1.8661015117668782,-6.366398334503174,0.7218679189682007,0.9098269149163489,-0.7510648965835571
default,pastoral,12,ET0205,9,0.6185922622680664,0.8354413351537557,-2.9994056224823,0.34264734387397766,0.5666014499394628,-0.8395808935165405
default,pastoral,12,ET0411,9,0.41150394082069397,0.47740046512299833,-0.8142017126083374,0.4000459909439087,0.4583648558816093,-0.6724090576171875
default,pastoral,12,ET0412,9,1.3024649620056152,1.4979202634779714,-3.529191493988037,0.7299428582191467,0.8857277192907715,-0.5835937261581421
default,pastoral,12,ET0414,9,0.5952498316764832,0.717029835110846,-1.8193259239196777,0.5094221830368042,0.585766322245126,-0.8815668821334839
default,pastoral,12,ET0415,9,0.808336079120636,0.8822484197605127,-3.760195732116699,0.6107428073883057,0.6556947493566481,-1.629338264465332
default,pastoral,12,ET0421,9,0.990375280380249,1.097051379159438,-4.131680488586426,0.5375863313674927,0.6329954142005138,-0.7084678411483765
default,pastoral,12,ET0501,9,0.6930369138717651,0.8049381569392363,-5.201990127563477,0.4566081464290619,0.5530200934200064,-1.9274389743804932
default,pastoral,12,ET0503,9,0.8810064196586609,1.0210204374675864,-4.691208362579346,0.4232455790042877,0.6111585729283434,-1.039123296737671
default,pastoral,12,ET0504,9,0.9901662468910217,1.0239279350872972,-58.35210418701172,0.11964448541402817,0.18962524893020757,-1.0355868339538574
default,pastoral,12,ET0505,9,1.209140419960022,1.3925956307657805,-7.862790107727051,0.35715341567993164,0.4897313063453299,-0.09606456756591797
default,pastoral,12,ET0506,9,2.5504157543182373,2.5892114111851745,-68.06344604492188,0.4040271043777466,0.4843349440224721,-1.416600227355957
default,pastoral,12,ET0507,9,1.02522611618042,1.1754600111415823,-3.7902069091796875,0.32675451040267944,0.5527896651257671,-0.05939602851867676
default,pastoral,12,ET0508,9,1.6910988092422485,2.08365348899058,-7.699329376220703,0.5641982555389404,0.7267057626236705,-0.05816149711608887
default,pastoral,12,ET0509,9,1.758647084236145,1.9597231079623447,-8.919473648071289,0.5287459492683411,0.6800095463882051,-0.1943434476852417
default,pastoral,12,ET0510,9,1.031402349472046,1.098176771668512,-20.68982696533203,0.1681632399559021,0.32166555775482547,-0.8608897924423218
default,pastoral,12,ET0511,9,1.447878360748291,1.6118479866879325,-8.972376823425293,0.41091135144233704,0.5996924227879741,-0.3804086446762085
extended,agropastoral,0,ET0410,15,0.48466065526008606,0.6134826912462985,-0.9287378787994385,0.5365703701972961,0.6464522431562383,-1.1416151523590088
extended,agropastoral,0,ET0502,15,0.46915900707244873,0.5659523296045719,-3.070828914642334,0.25375038385391235,0.4361136302838118,-1.417255163192749
extended,agropastoral,0,ET0707,15,1.563265323638916,1.6362910110078457,-18.703105926513672,0.3307347595691681,0.4281269170899175,-0.3488345146179199
extended,agropastoral,0,ET0712,15,1.9126415252685547,1.9781647471793222,-16.518051147460938,0.537653386592865,0.7011448847004328,-1.2007787227630615
extended,agropastoral,0,ET1201,15,0.33392417430877686,0.42520254511852,-4.045081615447998,0.1270330250263214,0.2460490064968934,-0.6893501281738281
extended,agropastoral,1,ET0410,15,1.1180821657180786,1.2547166528794704,-7.067888259887695,0.5365703701972961,0.6464522431562383,-1.1416151523590088
extended,agropastoral,1,ET0502,15,0.8202088475227356,0.9399550399782327,-10.228902816772461,0.25375038385391235,0.4361136302838118,-1.417255163192749
extended,agropastoral,1,ET0707,15,1.6174741983413696,1.7077130455382394,-20.460676193237305,0.3307347595691681,0.4281269170899175,-0.3488345146179199
extended,agropastoral,1,ET0712,15,1.8515510559082031,1.9662670645485618,-16.307958602905273,0.537653386592865,0.7011448847004328,-1.2007787227630615
extended,agropastoral,1,ET1201,15,0.4088338613510132,0.45614381364455253,-4.806040287017822,0.1270330250263214,0.2460490064968934,-0.6893501281738281
extended,agropastoral,2,ET0410,15,0.8138814568519592,0.9287608360900855,-3.4205503463745117,0.5365703701972961,0.6464522431562383,-1.1416151523590088
extended,agropastoral,2,ET0502,15,0.5787060856819153,0.7759688213047709,-6.652647018432617,0.25375038385391235,0.4361136302838118,-1.417255163192749
extended,agropastoral,2,ET0707,15,1.7521960735321045,1.8036252813648996,-22.93901252746582,0.3307347595691681,0.4281269170899175,-0.3488345146179199
extended,agropastoral,2,ET0712,15,1.9012486934661865,1.9752268745392514,-16.466054916381836,0.537653386592865,0.7011448847004328,-1.2007787227630615
extended,agropastoral,2,ET1201,15,0.32802093029022217,0.40381372303224716,-3.5502853393554688,0.1270330250263214,0.2460490064968934,-0.6893501281738281
extended,agropastoral,3,ET0410,15,0.6341878771781921,0.7824056851277988,-2.1371302604675293,0.5365703701972961,0.6464522431562383,-1.1416151523590088
extended,agropastoral,3,ET0502,15,0.6728925108909607,0.7683181883532254,-6.50248908996582,0.25375038385391235,0.4361136302838118,-1.417255163192749
extended,agropastoral,3,ET0707,15,1.2898629903793335,1.3567794926440868,-12.546656608581543,0.3307347595691681,0.4281269170899175,-0.3488345146179199
extended,agropastoral,3,ET0712,15,1.535266399383545,1.6345085570869025,-10.960111618041992,0.537653386592865,0.7011448847004328,-1.2007787227630615
extended,agropastoral,3,ET1201,15,0.21248522400856018,0.24831417279576562,-0.7205982208251953,0.1270330250263214,0.2460490064968934,-0.6893501281738281
extended,agropastoral,4,ET0410,15,0.7420050501823425,0.9020464188479655,-3.1699066162109375,0.5069678425788879,0.6217228324700496,-0.980898380279541
extended,agropastoral,4,ET0502,15,0.4659488797187805,0.7432021182689106,-6.019999027252197,0.27455246448516846,0.434138634405812,-1.3954110145568848
extended,agropastoral,4,ET0707,15,1.8339985609054565,1.905239963286317,-25.71240234375,0.3385130763053894,0.456518048100971,-0.5336613655090332
extended,agropastoral,4,ET0712,15,2.070329427719116,2.1499785843603205,-19.693269729614258,0.5021969676017761,0.6645519023944667,-0.9770545959472656
extended,agropastoral,4,ET1201,15,0.5316975712776184,0.6010446177057007,-9.080680847167969,0.18926098942756653,0.2993033999033276,-1.4997682571411133
extended,agropastoral,8,ET0410,15,0.7557252645492554,0.8781635452444778,-2.952022075653076,0.45293891429901123,0.5704698998620662,-0.6677618026733398
extended,agropastoral,8,ET0502,15,0.6234531998634338,0.8107016542025618,-7.353054046630859,0.23664042353630066,0.396887982524081,-1.0019769668579102
extended,agropastoral,8,ET0707,15,1.462636947631836,1.5616566480127276,-16.946704864501953,0.4394223093986511,0.5749102470589523,-1.4322807788848877
extended,agropastoral,8,ET0712,15,0.8999783396720886,0.9987163948163327,-3.4652442932128906,0.5368136167526245,0.7684589796566352,-1.6436395645141602
extended,agropastoral,8,ET1201,15,0.4345143735408783,0.4906528859808836,-5.717770576477051,0.18926098942756653,0.2993033999033276,-1.4997682571411133
extended,agropastoral,12,ET0410,15,0.839397132396698,0.919705407982236,-3.3347702026367188,0.6671727299690247,0.767921235175643,-2.022052049636841
extended,agropastoral,12,ET0502,15,0.6927793622016907,0.911477435683848,-9.558810234069824,0.3529232144355774,0.508342612942696,-2.284250020980835
extended,agropastoral,12,ET0707,15,1.5215305089950562,1.652679265004394,-19.099754333496094,0.5700340270996094,0.6687642764412587,-2.291241407394409
extended,agropastoral,12,ET0712,15,1.1967192888259888,1.2837357018258602,-6.377548694610596,0.6188101172447205,0.850594801916801,-2.2389652729034424
extended,agropastoral,12,ET1201,15,0.44192299246788025,0.5258468008911256,-6.716047763824463,0.18926098942756653,0.2993033999033276,-1.4997682571411133
extended,crop_farming,0,ET0101,15,1.5268409252166748,1.8344666128335707,-2.053121328353882,0.5571758151054382,0.80353341164048,0.4142230153083801
extended,crop_farming,0,ET0102,15,1.913641333580017,2.164750964001407,-3.360145092010498,0.6533507108688354,0.8979134067614887,0.24983984231948853
extended,crop_farming,0,ET0103,15,1.960884690284729,2.243929621485308,-5.007582664489746,0.6921597719192505,0.8877794416826061,0.059645891189575195
extended,crop_farming,0,ET0104,15,1.7281244993209839,1.9843047122071376,-4.643881797790527,0.6507688760757446,0.7854791612999394,0.11563706398010254
extended,crop_farming,0,ET0105,15,1.678709864616394,1.8930632576708404,-3.959566116333008,0.46559008955955505,0.770399272124718,0.17861813306808472
extended,crop_farming,0,ET0106,15,2.5010225772857666,2.6951333691323867,-6.350159168243408,0.7500736117362976,0.9970655599960959,-0.005966782569885254
extended,crop_farming,0,ET0107,15,0.9119186997413635,1.16905794421677,-1.8401358127593994,0.5597915649414062,0.8535331532230122,-0.5139371156692505
extended,crop_farming,0,ET0301,15,0.7444216012954712,0.9060230299757314,-1.0271751880645752,0.7016899585723877,0.8250927020499974,-0.681195855140686
extended,crop_farming,0,ET0302,15,0.47667163610458374,0.5493433424385391,-3.0663228034973145,0.26236429810523987,0.3414879192726038,-0.571320652961731
extended,crop_farming,0,ET0303,15,1.485247015953064,1.6928781355762827,-3.88657283782959,0.8043172359466553,0.8993317507378086,-0.3790907859802246
extended,crop_farming,0,ET0304,15,0.6647176146507263,0.79972117899805,-1.0475194454193115,0.6097732782363892,0.7366759998786099,-0.7374163866043091
extended,crop_farming,0,ET0305,15,0.4861334562301636,0.6009080968716641,-0.838114857673645,0.3782303035259247,0.5192593314664378,-0.3725404739379883
extended,crop_farming,0,ET0306,15,0.3288584351539612,0.45164702525253514,-21.336132049560547,0.11335696280002594,0.14634267311058388,-1.3450472354888916
extended,crop_farming,0,ET0307,15,0.4205108880996704,0.43571899844799117,-64299.890625,0.0006891091470606625,0.0017808450696089701,-0.07412862777709961
extended,crop_farming,0,ET0308,15,1.3864768743515015,1.6701821286143976,-3.352132797241211,0.7400608062744141,0.8716734937019998,-0.185447096824646
extended,crop_farming,0,ET0309,15,0.42051973938941956,0.4342033637177014,-48947.69921875,0.0010939915664494038,0.0022316388591039774,-0.2930121421813965
extended,crop_farming,0,ET0310,15,1.1913365125656128,1.3868536225399466,-2.8011200428009033,0.6929817199707031,0.8694823889701024,-0.4940732717514038
extended,crop_farming,0,ET0311,15,0.5781364440917969,0.6102146819168529,-32.59956359863281,0.12592598795890808,0.1677918667158193,-1.5404469966888428
extended,crop_farming,0,ET0312,15,0.4382723569869995,0.4463784193069817,-226255.875,0.0006142854690551758,0.0009735178879453924,-0.07617592811584473
extended,crop_farming,0,ET0401,15,0.5188180208206177,0.5419494887020072,-18.70827293395996,0.0664207711815834,0.1359091699062443,-0.23944854736328125
extended,crop_farming,0,ET0402,15,0.5134119987487793,0.5456281344224317,-14.483158111572266,0.05280590057373047,0.11792233466608093,0.27680039405822754
extended,crop_farming,0,ET0403,15,0.4085243344306946,0.42520801208062803,-480331.78125,0.0004491011204663664,0.00082014234241252,-0.7869722843170166
extended,crop_farming,0,ET0404,15,0.4149506986141205,0.4278397800394276,-247005.34375,0.000774598098360002,0.0009796936508602333,-0.2951688766479492
extended,crop_farming,0,ET0405,15,0.3964453935623169,0.41193639370042345,-25199.29296875,0.00160303118173033,0.003172154885310271,-0.4943559169769287
extended,crop_farming,0,ET0406,15,0.798454999923706,0.8972414098983693,-16.529312133789062,0.10346733033657074,0.21966592587802916,-0.050682902336120605
extended,crop_farming,0,ET0407,15,0.44581615924835205,0.5395239361605049,-6.160986423492432,0.2243478149175644,0.2845372575505888,-0.9917266368865967
extended,crop_farming,0,ET0408,15,0.8693074584007263,0.9246845429151771,-11.434281349182129,0.30926644802093506,0.3656953157154649,-0.9447880983352661
extended,crop_farming,0,ET0409,15,0.5155183672904968,0.6243762480042656,-1.3909916877746582,0.4401513338088989,0.5562995267100415,-0.8980283737182617
extended,crop_farming,0,ET0413,15,0.4333830773830414,0.45160561722023296,-122.65814971923828,0.03440214693546295,0.06245842869869077,-1.3652997016906738
extended,crop_farming,0,ET0416,15,0.42192497849464417,0.43022789352630325,-81808.421875,0.0005682309274561703,0.0013941061545046827,0.14099067449569702
extended,crop_farming,0,ET0417,15,0.541299045085907,0.6260400463174256,-6.786172866821289,0.25993597507476807,0.3246435117617537,-1.0937907695770264
extended,crop_farming,0,ET0418,15,0.4471290409564972,0.47329788163672387,-23.880725860595703,0.07805421948432922,0.13685752773464555,-1.0803256034851074
extended,crop_farming,0,ET0419,15,0.4872349798679352,0.5136645356440831,-15.850883483886719,0.019835153594613075,0.07193842478844585,0.6694893836975098
extended,crop_farming,0,ET0420,15,0.4513678550720215,0.4713484270227597,-41.76008605957031,0.028642987832427025,0.07721624533158492,-0.1475505828857422
extended,crop_farming,0,ET0602,15,0.5627689957618713,0.6602198101798418,-3.0448527336120605,0.19783976674079895,0.38051797286005445,-0.3436185121536255
extended,crop_farming,0,ET0603,15,0.56226646900177,0.7188936587522154,-13048.2451171875,0.0022491374984383583,0.0050738875913195055,0.3499634861946106
extended,crop_farming,0,ET0604,15,0.49341127276420593,0.5547801464239371,-4.708525657653809,0.09683260321617126,0.22453853485193018,0.06488734483718872
extended,crop_farming,0,ET0605,15,0.4432688057422638,0.45775418284435876,-202.0874786376953,0.004542612936347723,0.017593464847057042,0.699999988079071
extended,crop_farming,0,ET0701,15,0.541146993637085,0.6133195658577736,-3.8591113090515137,0.2041153609752655,0.310724723320366,-0.24719643592834473
extended,crop_farming,0,ET0702,15,0.5523985028266907,0.6345312067147855,-3.069552421569824,0.41126424074172974,0.5113916297918345,-1.6433088779449463
extended,crop_farming,0,ET0703,15,1.3998230695724487,1.461099217893853,-10.926172256469727,0.5585119724273682,0.7033756021443162,-1.7638614177703857
extended,crop_farming,0,ET0705,15,0.497058242559433,0.6169377558053296,-1.3751060962677002,0.5376654267311096,0.631840371259318,-1.4912371635437012
extended,crop_farming,0,ET0706,15,0.9284297823905945,1.0423163041298547,-4.083518981933594,0.5607424378395081,0.7002946259150902,-1.2947056293487549
extended,crop_farming,0,ET0710,15,0.6276117563247681,0.7307599960932856,-1.2272346019744873,0.6309371590614319,0.7520782366621318,-1.3590788841247559
extended,crop_farming,0,ET0713,15,1.862674355506897,1.9236596358047435,-14.710319519042969,0.44070950150489807,0.6128078018156222,-0.5943259000778198
extended,crop_farming,0,ET0714,15,1.554660439491272,1.5960483807852985,-30.680665969848633,0.22851835191249847,0.32977549657662086,-0.3525052070617676
extended,crop_farming,0,ET0715,15,0.48069268465042114,0.5801875720826926,-2.360555410385132,0.47237151861190796,0.5446200885301719,-1.9611577987670898
extended,crop_farming,0,ET0716,15,0.668844997882843,0.774310418946674,-2.9328346252441406,0.2643284499645233,0.5008892853320291,-0.6457315683364868
extended,crop_farming,0,ET0720,15,0.6139587759971619,0.7661954739634345,-4.5356292724609375,0.3613807260990143,0.45545943497674113,-0.9560827016830444
extended,crop_farming,0,ET0721,15,1.8597733974456787,1.946867294663662,-14.58141040802002,0.4031394422054291,0.6261391748372475,-0.6116688251495361
extended,crop_farming,0,ET0722,15,2.0753915309906006,2.168507661939177,-14.074076652526855,0.6455373764038086,0.7902411165953975,-1.0018339157104492
extended,crop_farming,0,ET0723,15,1.9462577104568481,2.014743345967935,-16.488534927368164,0.5418647527694702,0.7215215073444505,-1.2429134845733643
extended,crop_farming,0,ET0724,15,0.42581892013549805,0.4443715678590844,-1001.865478515625,0.013722570613026619,0.01979735708571777,-0.9905110597610474
extended,crop_farming,0,ET1101,15,0.42822152376174927,0.4405265921415269,0.0,0.0,0.0,1.0
extended,crop_farming,0,ET1102,15,0.41958901286125183,0.43105151681291326,-5713143.0,0.00012022654118482023,0.00023281769573449027,-0.6666667461395264
extended,crop_farming,0,ET1103,15,0.41569480299949646,0.4271397223889538,-241880.90625,0.0003406524774618447,0.0009329152050908098,-0.1538459062576294
extended,crop_farming,0,ET1104,15,1.2395838499069214,1.3548810052880274,-5.798158168792725,0.657179594039917,0.7677674581740784,-1.1829729080200195
extended,crop_farming,0,ET1105,15,0.4721795618534088,0.49165922909569165,-50.03683090209961,0.021503161638975143,0.057119329986675786,0.31115496158599854
extended,crop_farming,0,ET1106,15,0.44606584310531616,0.4607608100908349,-369.10699462890625,0.028846224769949913,0.035001620006109596,-1.1357603073120117
extended,crop_farming,0,ET1202,15,0.8620321750640869,0.9651100007546659,-274.21636962890625,0.03606823459267616,0.06886956698179478,-0.4014427661895752
extended,crop_farming,0,ET1203,15,0.1937587708234787,0.24384227833834812,-375859.15625,0.00015600521874148399,0.00042723789470651966,-0.1538459062576294
extended,crop_farming,0,ET1204,15,0.4301460385322571,0.44042283621658873,-4366.20458984375,0.004957342054694891,0.008695678350807794,-0.7024362087249756
extended,crop_farming,0,ET1301,15,0.2930935323238373,0.3862874294095656,-2.107661247253418,0.11293753981590271,0.20499887297483332,0.12478351593017578
extended,crop_farming,0,ET1401,15,0.3423478305339813,0.3646976586882526,-24505692.0,2.8896331059513614e-05,7.913586262242059e-05,-0.1538456678390503
extended,crop_farming,0,ET1501,15,0.3588133156299591,0.5441296468861,-6.326706409454346,0.1372966766357422,0.2657525233286206,-0.747667670249939
extended,crop_farming,0,ET1502,15,1.3997478485107422,1.4898129888598477,-16.625484466552734,0.27767863869667053,0.41544377958126577,-0.37057268619537354
extended,crop_farming,0,ET1600,15,0.6328665018081665,0.6859126840329898,-3.0224709510803223,0.492805540561676,0.5605511017218013,-1.686492681503296
extended,crop_farming,1,ET0101,15,1.7313957214355469,2.0044289663797534,-2.645069122314453,0.5571758151054382,0.80353341164048,0.4142230153083801
extended,crop_farming,1,ET0102,15,2.1059019565582275,2.4027141998738917,-4.37142276763916,0.6533507108688354,0.8979134067614887,0.24983984231948853
extended,crop_farming,1,ET0103,15,2.1683175563812256,2.414421277097682,-5.955163955688477,0.6921597719192505,0.8877794416826061,0.059645891189575195
extended,crop_farming,1,ET0104,15,2.0276057720184326,2.248602645142847,-6.24747371673584,0.6507688760757446,0.7854791612999394,0.11563706398010254
extended,crop_farming,1,ET0105,15,1.710817575454712,1.9210095201342792,-4.107077598571777,0.46559008955955505,0.770399272124718,0.17861813306808472
extended,crop_farming,1,ET0106,15,2.488804340362549,2.7147905303349265,-6.457767963409424,0.7500736117362976,0.9970655599960959,-0.005966782569885254
extended,crop_farming,1,ET0107,15,1.2319010496139526,1.4522187883566242,-3.3825931549072266,0.5597915649414062,0.8535331532230122,-0.5139371156692505
extended,crop_farming,1,ET0301,15,0.5962931513786316,0.7528505197111156,-0.3996850252151489,0.7016899585723877,0.8250927020499974,-0.681195855140686
extended,crop_farming,1,ET0302,15,0.4546580910682678,0.5341871634174651,-2.845041275024414,0.26236429810523987,0.3414879192726038,-0.571320652961731
extended,crop_farming,1,ET0303,15,1.4754189252853394,1.7569936922163139,-4.263727188110352,0.8043172359466553,0.8993317507378086,-0.3790907859802246
extended,crop_farming,1,ET0304,15,0.6321464776992798,0.7807361438754162,-0.9514590501785278,0.6097732782363892,0.7366759998786099,-0.7374163866043091
extended,crop_farming,1,ET0305,15,0.4554832875728607,0.5348179715647783,-0.45602405071258545,0.3782303035259247,0.5192593314664378,-0.3725404739379883
extended,crop_farming,1,ET0306,15,0.3578953444957733,0.4310112243781714,-19.341678619384766,0.11335696280002594,0.14634267311058388,-1.3450472354888916
extended,crop_farming,1,ET0307,15,0.45199769735336304,0.4595529321966093,-71526.8359375,0.0006891091470606625,0.0017808450696089701,-0.07412862777709961
extended,crop_farming,1,ET0308,15,1.5537430047988892,1.814642527768435,-4.137557029724121,0.7400608062744141,0.8716734937019998,-0.185447096824646
extended,crop_farming,1,ET0309,15,0.4704607129096985,0.47263933577105227,-57997.19921875,0.0010939915664494038,0.0022316388591039774,-0.2930121421813965
extended,crop_farming,1,ET0310,15,1.2994145154953003,1.5219593408544898,-3.57779598236084,0.6929817199707031,0.8694823889701024,-0.4940732717514038
extended,crop_farming,1,ET0311,15,0.558337926864624,0.5981789839806682,-31.287216186523438,0.12592598795890808,0.1677918667158193,-1.5404469966888428
extended,crop_farming,1,ET0312,15,0.455035001039505,0.45729425801764534,-237457.0625,0.0006142854690551758,0.0009735178879453924,-0.07617592811584473
extended,crop_farming,1,ET0401,15,0.5191777944564819,0.5636013692748504,-20.314495086669922,0.0664207711815834,0.1359091699062443,-0.23944854736328125
extended,crop_farming,1,ET0402,15,0.5645047426223755,0.5927386705738915,-17.27227210998535,0.05280590057373047,0.11792233466608093,0.27680039405822754
extended,crop_farming,1,ET0403,15,0.4373534619808197,0.4484518886211656,-534281.625,0.0004491011204663664,0.00082014234241252,-0.7869722843170166
extended,crop_farming,1,ET0404,15,0.4440951943397522,0.45437966311553063,-278600.5625,0.000774598098360002,0.0009796936508602333,-0.2951688766479492
extended,crop_farming,1,ET0405,15,0.45397278666496277,0.46089370972120663,-31545.18359375,0.00160303118173033,0.003172154885310271,-0.4943559169769287
extended,crop_farming,1,ET0406,15,0.32220369577407837,0.41681165159536376,-2.782909631729126,0.10346733033657074,0.21966592587802916,-0.050682902336120605
extended,crop_farming,1,ET0407,15,0.222993403673172,0.2922528611990255,-1.1012077331542969,0.2243478149175644,0.2845372575505888,-0.9917266368865967
extended,crop_farming,1,ET0408,15,0.8892570734024048,0.9483997280888709,-12.0802583694458,0.30926644802093506,0.3656953157154649,-0.9447880983352661
extended,crop_farming,1,ET0409,15,1.0673004388809204,1.1955621994602874,-7.766570091247559,0.4401513338088989,0.5562995267100415,-0.8980283737182617
extended,crop_farming,1,ET0413,15,0.4838668406009674,0.4899087105346334,-144.52392578125,0.03440214693546295,0.06245842869869077,-1.3652997016906738
extended,crop_farming,1,ET0416,15,0.45984023809432983,0.46459072503452026,-95398.7578125,0.0005682309274561703,0.0013941061545046827,0.14099067449569702
extended,crop_farming,1,ET0417,15,0.36431223154067993,0.41541077965812423,-2.4282724857330322,0.25993597507476807,0.3246435117617537,-1.0937907695770264
extended,crop_farming,1,ET0418,15,0.48697373270988464,0.509063383163707,-27.783103942871094,0.07805421948432922,0.13685752773464555,-1.0803256034851074
extended,crop_farming,1,ET0419,15,0.5545764565467834,0.5763607685348281,-20.2154541015625,0.019835153594613075,0.07193842478844585,0.6694893836975098
extended,crop_farming,1,ET0420,15,0.5037627816200256,0.5095747959558206,-48.977020263671875,0.028642987832427025,0.07721624533158492,-0.1475505828857422
extended,crop_farming,1,ET0602,15,0.6440999507904053,0.7442059826121153,-4.139394283294678,0.19783976674079895,0.38051797286005445,-0.3436185121536255
extended,crop_farming,1,ET0603,15,0.35478612780570984,0.4332834800445472,-4739.240234375,0.0022491374984383583,0.0050738875913195055,0.3499634861946106
extended,crop_farming,1,ET0604,15,0.47428157925605774,0.509810259388654,-3.820580005645752,0.09683260321617126,0.22453853485193018,0.06488734483718872
extended,crop_farming,1,ET0605,15,0.47438815236091614,0.47899166484282296,-221.3690948486328,0.004542612936347723,0.017593464847057042,0.699999988079071
extended,crop_farming,1,ET0701,15,0.4196210205554962,0.48772019768511843,-2.0727322101593018,0.2041153609752655,0.310724723320366,-0.24719643592834473
extended,crop_farming,1,ET0702,15,0.430675208568573,0.6022582303898482,-2.6661159992218018,0.41126424074172974,0.5113916297918345,-1.6433088779449463
extended,crop_farming,1,ET0703,15,1.3198617696762085,1.4199792149862764,-10.264337539672852,0.5585119724273682,0.7033756021443162,-1.7638614177703857
extended,crop_farming,1,ET0705,15,0.9505308270454407,1.0911224411283151,-6.429290294647217,0.5376654267311096,0.631840371259318,-1.4912371635437012
extended,crop_farming,1,ET0706,15,0.733167290687561,0.8703053075195287,-2.5441219806671143,0.5607424378395081,0.7002946259150902,-1.2947056293487549
extended,crop_farming,1,ET0710,15,0.7329051494598389,0.933825252671836,-2.6370365619659424,0.6309371590614319,0.7520782366621318,-1.3590788841247559
extended,crop_farming,1,ET0713,15,1.8958202600479126,1.9963531027045542,-15.920114517211914,0.44070950150489807,0.6128078018156222,-0.5943259000778198
extended,crop_farming,1,ET0714,15,1.4880400896072388,1.593316262258805,-30.572296142578125,0.22851835191249847,0.32977549657662086,-0.3525052070617676
extended,crop_farming,1,ET0715,15,0.6289123296737671,0.6950208931122055,-3.822474479675293,0.47237151861190796,0.5446200885301719,-1.9611577987670898
extended,crop_farming,1,ET0716,15,0.7260043621063232,0.8196221489402212,-3.40659236907959,0.2643284499645233,0.5008892853320291,-0.6457315683364868
extended,crop_farming,1,ET0720,15,0.5811306834220886,0.6974336865051901,-3.5866293907165527,0.3613807260990143,0.45545943497674113,-0.9560827016830444
extended,crop_farming,1,ET0721,15,1.8097139596939087,1.9813048273917924,-15.137516021728516,0.4031394422054291,0.6261391748372475,-0.6116688251495361
extended,crop_farming,1,ET0722,15,1.9890860319137573,2.1193310911309324,-13.398140907287598,0.6455373764038086,0.7902411165953975,-1.0018339157104492
extended,crop_farming,1,ET0723,15,1.8910785913467407,1.967677414588756,-15.680988311767578,0.5418647527694702,0.7215215073444505,-1.2429134845733643
extended,crop_farming,1,ET0724,15,0.46702930331230164,0.4718572625874919,-1129.7626953125,0.013722570613026619,0.01979735708571777,-0.9905110597610474
extended,crop_farming,1,ET1101,15,0.45409446954727173,0.46040528493365934,0.0,0.0,0.0,1.0
extended,crop_farming,1,ET1102,15,0.4422173500061035,0.4537869912299163,-6331707.0,0.00012022654118482023,0.00023281769573449027,-0.6666667461395264
extended,crop_farming,1,ET1103,15,0.4382244050502777,0.44844773510141833,-266615.59375,0.0003406524774618447,0.0009329152050908098,-0.1538459062576294
extended,crop_farming,1,ET1104,15,1.1948660612106323,1.3420087044656728,-5.669597625732422,0.657179594039917,0.7677674581740784,-1.1829729080200195
extended,crop_farming,1,ET1105,15,0.4849790930747986,0.5038772692959294,-52.60494613647461,0.021503161638975143,0.057119329986675786,0.31115496158599854
extended,crop_farming,1,ET1106,15,0.48974597454071045,0.4970934849342258,-429.77685546875,0.028846224769949913,0.035001620006109596,-1.1357603073120117
extended,crop_farming,1,ET1202,15,0.4537659287452698,0.5364965375857867,-84.0461196899414,0.03606823459267616,0.06886956698179478,-0.4014427661895752
extended,crop_farming,1,ET1203,15,0.34612104296684265,0.36387462761931005,-836972.6875,0.00015600521874148399,0.00042723789470651966,-0.1538459062576294
extended,crop_farming,1,ET1204,15,0.45609885454177856,0.4594562296510314,-4751.82861328125,0.004957342054694891,0.008695678350807794,-0.7024362087249756
extended,crop_farming,1,ET1301,15,0.604233980178833,0.6638555765329048,-8.178247451782227,0.11293753981590271,0.20499887297483332,0.12478351593017578
extended,crop_farming,1,ET1401,15,0.36215466260910034,0.3997089444656867,-29436676.0,2.8896331059513614e-05,7.913586262242059e-05,-0.1538456678390503
extended,crop_farming,1,ET1501,15,0.2992807924747467,0.3590659180720015,-2.190453290939331,0.1372966766357422,0.2657525233286206,-0.747667670249939
extended,crop_farming,1,ET1502,15,1.3820570707321167,1.491690987472175,-16.66994857788086,0.27767863869667053,0.41544377958126577,-0.37057268619537354
extended,crop_farming,1,ET1600,15,0.5556963682174683,0.670817318916694,-2.8473684787750244,0.492805540561676,0.5605511017218013,-1.686492681503296
extended,crop_farming,2,ET0101,15,1.7957521677017212,2.062577217274951,-2.8596229553222656,0.5571758151054382,0.80353341164048,0.4142230153083801
extended,crop_farming,2,ET0102,15,2.0537326335906982,2.323568403793121,-4.023379802703857,0.6533507108688354,0.8979134067614887,0.24983984231948853
extended,crop_farming,2,ET0103,15,2.014782190322876,2.3037718942298326,-5.332281589508057,0.6921597719192505,0.8877794416826061,0.059645891189575195
extended,crop_farming,2,ET0104,15,1.8099033832550049,2.0943259969936268,-5.287091255187988,0.6507688760757446,0.7854791612999394,0.11563706398010254
extended,crop_farming,2,ET0105,15,1.665709376335144,1.8897532825807337,-3.9422378540039062,0.46559008955955505,0.770399272124718,0.17861813306808472
extended,crop_farming,2,ET0106,15,2.4185938835144043,2.655386212091147,-6.134960651397705,0.7500736117362976,0.9970655599960959,-0.005966782569885254
extended,crop_farming,2,ET0107,15,1.269232988357544,1.442849282036914,-3.326223850250244,0.5597915649414062,0.8535331532230122,-0.5139371156692505
extended,crop_farming,2,ET0301,15,0.6612602472305298,0.8213588399195761,-0.6660140752792358,0.7016899585723877,0.8250927020499974,-0.681195855140686
extended,crop_farming,2,ET0302,15,0.41265758872032166,0.4851003722171539,-2.1708619594573975,0.26236429810523987,0.3414879192726038,-0.571320652961731
extended,crop_farming,2,ET0303,15,1.5952204465866089,1.8715760439670734,-4.972662448883057,0.8043172359466553,0.8993317507378086,-0.3790907859802246
extended,crop_farming,2,ET0304,15,0.5846549272537231,0.7264264297226045,-0.6894063949584961,0.6097732782363892,0.7366759998786099,-0.7374163866043091
extended,crop_farming,2,ET0305,15,0.380456805229187,0.4270919783422828,0.07146269083023071,0.3782303035259247,0.5192593314664378,-0.3725404739379883
extended,crop_farming,2,ET0306,15,0.3360558748245239,0.4099394997584169,-17.401329040527344,0.11335696280002594,0.14634267311058388,-1.3450472354888916
extended,crop_farming,2,ET0307,15,0.3985592722892761,0.4111171366043107,-57243.68359375,0.0006891091470606625,0.0017808450696089701,-0.07412862777709961
extended,crop_farming,2,ET0308,15,1.5218231678009033,1.8360493078072448,-4.259483814239502,0.7400608062744141,0.8716734937019998,-0.185447096824646
extended,crop_farming,2,ET0309,15,0.41230714321136475,0.417345866316125,-45220.7109375,0.0010939915664494038,0.0022316388591039774,-0.2930121421813965
extended,crop_farming,2,ET0310,15,1.3991389274597168,1.612661395017143,-4.1396870613098145,0.6929817199707031,0.8694823889701024,-0.4940732717514038
extended,crop_farming,2,ET0311,15,0.5012381672859192,0.5457830972582912,-25.878713607788086,0.12592598795890808,0.1677918667158193,-1.5404469966888428
extended,crop_farming,2,ET0312,15,0.41654172539711,0.42200319673583914,-202220.296875,0.0006142854690551758,0.0009735178879453924,-0.07617592811584473
extended,crop_farming,2,ET0401,15,0.49461454153060913,0.5330630387392832,-18.067251205444336,0.0664207711815834,0.1359091699062443,-0.23944854736328125
extended,crop_farming,2,ET0402,15,0.5167301297187805,0.5566301846779955,-15.11385726928711,0.05280590057373047,0.11792233466608093,0.27680039405822754
extended,crop_farming,2,ET0403,15,0.4081360697746277,0.4148560064197066,-457228.34375,0.0004491011204663664,0.00082014234241252,-0.7869722843170166
extended,crop_farming,2,ET0404,15,0.386208713054657,0.4080109394806443,-224640.203125,0.000774598098360002,0.0009796936508602333,-0.2951688766479492
extended,crop_farming,2,ET0405,15,0.4199259579181671,0.42454127771962086,-26765.099609375,0.00160303118173033,0.003172154885310271,-0.4943559169769287
extended,crop_farming,2,ET0406,15,0.4932960867881775,0.5316926850805636,-5.1555609703063965,0.10346733033657074,0.21966592587802916,-0.050682902336120605
extended,crop_farming,2,ET0407,15,0.2616938352584839,0.31996555845239455,-1.518592357635498,0.2243478149175644,0.2845372575505888,-0.9917266368865967
extended,crop_farming,2,ET0408,15,0.8369152545928955,0.9053733466034659,-10.9203462600708,0.30926644802093506,0.3656953157154649,-0.9447880983352661
extended,crop_farming,2,ET0409,15,0.7540798187255859,0.8952177986270197,-3.915217876434326,0.4401513338088989,0.5562995267100415,-0.8980283737182617
extended,crop_farming,2,ET0413,15,0.42867621779441833,0.4345652719269646,-113.50226593017578,0.03440214693546295,0.06245842869869077,-1.3652997016906738
extended,crop_farming,2,ET0416,15,0.4085488021373749,0.41530073107598353,-76230.0,0.0005682309274561703,0.0013941061545046827,0.14099067449569702
extended,crop_farming,2,ET0417,15,0.30515021085739136,0.3786716521466896,-1.848691463470459,0.25993597507476807,0.3246435117617537,-1.0937907695770264
extended,crop_farming,2,ET0418,15,0.4523117244243622,0.4731866524512032,-23.869033813476562,0.07805421948432922,0.13685752773464555,-1.0803256034851074
extended,crop_farming,2,ET0419,15,0.5075170397758484,0.531141438331034,-17.017059326171875,0.019835153594613075,0.07193842478844585,0.6694893836975098
extended,crop_farming,2,ET0420,15,0.4546053111553192,0.4569284535408528,-39.18378829956055,0.028642987832427025,0.07721624533158492,-0.1475505828857422
extended,crop_farming,2,ET0602,15,0.6289037466049194,0.7158711872002624,-3.755491256713867,0.19783976674079895,0.38051797286005445,-0.3436185121536255
extended,crop_farming,2,ET0603,15,0.4053244888782501,0.4382847831706059,-4849.30322265625,0.0022491374984383583,0.0050738875913195055,0.3499634861946106
extended,crop_farming,2,ET0604,15,0.44934314489364624,0.481562741333383,-3.3011832237243652,0.09683260321617126,0.22453853485193018,0.06488734483718872
extended,crop_farming,2,ET0605,15,0.4227677881717682,0.43543702181399313,-182.76771545410156,0.004542612936347723,0.017593464847057042,0.699999988079071
extended,crop_farming,2,ET0701,15,0.35716792941093445,0.39041383757867304,-0.9689452648162842,0.2041153609752655,0.310724723320366,-0.24719643592834473
extended,crop_farming,2,ET0702,15,0.403895765542984,0.6113710236046668,-2.7778995037078857,0.41126424074172974,0.5113916297918345,-1.6433088779449463
extended,crop_farming,2,ET0703,15,1.3314212560653687,1.4014062324427803,-9.97159481048584,0.5585119724273682,0.7033756021443162,-1.7638614177703857
extended,crop_farming,2,ET0705,15,0.6878617405891418,0.781392427813062,-2.8101208209991455,0.5376654267311096,0.631840371259318,-1.4912371635437012
extended,crop_farming,2,ET0706,15,0.525387704372406,0.7011869636123528,-1.3005573749542236,0.5607424378395081,0.7002946259150902,-1.2947056293487549
extended,crop_farming,2,ET0710,15,0.6969085335731506,0.8779364427554867,-2.2147157192230225,0.6309371590614319,0.7520782366621318,-1.3590788841247559
extended,crop_farming,2,ET0713,15,2.0098116397857666,2.0775784799233166,-17.324975967407227,0.44070950150489807,0.6128078018156222,-0.5943259000778198
extended,crop_farming,2,ET0714,15,1.4674111604690552,1.553382057086118,-29.00950050354004,0.22851835191249847,0.32977549657662086,-0.3525052070617676
extended,crop_farming,2,ET0715,15,0.6002694368362427,0.7062991867829305,-3.980255603790283,0.47237151861190796,0.5446200885301719,-1.9611577987670898
extended,crop_farming,2,ET0716,15,0.6522372961044312,0.7646506590829197,-2.835319995880127,0.2643284499645233,0.5008892853320291,-0.6457315683364868
extended,crop_farming,2,ET0720,15,0.4873223602771759,0.6137286698389331,-2.5517356395721436,0.3613807260990143,0.45545943497674113,-0.9560827016830444
extended,crop_farming,2,ET0721,15,1.8223010301589966,1.9629214156283727,-14.839442253112793,0.4031394422054291,0.6261391748372475,-0.6116688251495361
extended,crop_farming,2,ET0722,15,2.0162222385406494,2.1128285711157098,-13.309924125671387,0.6455373764038086,0.7902411165953975,-1.0018339157104492
extended,crop_farming,2,ET0723,15,1.8969199657440186,1.9588487298618347,-15.531633377075195,0.5418647527694702,0.7215215073444505,-1.2429134845733643
extended,crop_farming,2,ET0724,15,0.41217562556266785,0.4201673100931995,-895.5916137695312,0.013722570613026619,0.01979735708571777,-0.9905110597610474
extended,crop_farming,2,ET1101,15,0.4101531207561493,0.4170848377224788,0.0,0.0,0.0,1.0
extended,crop_farming,2,ET1102,15,0.38491466641426086,0.4098007478016462,-5163714.5,0.00012022654118482023,0.00023281769573449027,-0.6666667461395264
extended,crop_farming,2,ET1103,15,0.403799444437027,0.4168305094768309,-230345.953125,0.0003406524774618447,0.0009329152050908098,-0.1538459062576294
extended,crop_farming,2,ET1104,15,1.1895769834518433,1.3155112011185042,-5.408820152282715,0.657179594039917,0.7677674581740784,-1.1829729080200195
extended,crop_farming,2,ET1105,15,0.43223312497138977,0.46365451153555703,-44.388336181640625,0.021503161638975143,0.057119329986675786,0.31115496158599854
extended,crop_farming,2,ET1106,15,0.4444451630115509,0.4544558547857546,-359.04736328125,0.028846224769949913,0.035001620006109596,-1.1357603073120117
extended,crop_farming,2,ET1202,15,0.47242310643196106,0.5158615147847974,-77.62975311279297,0.03606823459267616,0.06886956698179478,-0.4014427661895752
extended,crop_farming,2,ET1203,15,0.4622339606285095,0.48683995961839693,-1498236.625,0.00015600521874148399,0.00042723789470651966,-0.1538459062576294
extended,crop_farming,2,ET1204,15,0.4068312346935272,0.41441294397128925,-3865.611328125,0.004957342054694891,0.008695678350807794,-0.7024362087249756
extended,crop_farming,2,ET1301,15,0.3765160143375397,0.48091779055001643,-3.816751480102539,0.11293753981590271,0.20499887297483332,0.12478351593017578
extended,crop_farming,2,ET1401,15,0.38155481219291687,0.4143476224287207,-31632296.0,2.8896331059513614e-05,7.913586262242059e-05,-0.1538456678390503
extended,crop_farming,2,ET1501,15,0.3633250594139099,0.43674419035538553,-3.720177173614502,0.1372966766357422,0.2657525233286206,-0.747667670249939
extended,crop_farming,2,ET1502,15,1.3095040321350098,1.4481388808874696,-15.65321159362793,0.27767863869667053,0.41544377958126577,-0.37057268619537354
extended,crop_farming,2,ET1600,15,0.46434515714645386,0.5837613959088416,-1.9135737419128418,0.492805540561676,0.5605511017218013,-1.686492681503296
extended,crop_farming,3,ET0101,15,1.6555588245391846,1.95961123902539,-2.483888864517212,0.5571758151054382,0.80353341164048,0.4142230153083801
extended,crop_farming,3,ET0102,15,1.9661628007888794,2.170047897126691,-3.381509304046631,0.6533507108688354,0.8979134067614887,0.24983984231948853
extended,crop_farming,3,ET0103,15,1.8445717096328735,2.0840635418714126,-4.182068824768066,0.6921597719192505,0.8877794416826061,0.059645891189575195
extended,crop_farming,3,ET0104,15,1.7435444593429565,1.9916983808070068,-4.686019420623779,0.6507688760757446,0.7854791612999394,0.11563706398010254
extended,crop_farming,3,ET0105,15,1.351643681526184,1.5951312942039917,-2.5213263034820557,0.46559008955955505,0.770399272124718,0.17861813306808472
extended,crop_farming,3,ET0106,15,2.113063335418701,2.3370941258525475,-4.526989459991455,0.7500736117362976,0.9970655599960959,-0.005966782569885254
extended,crop_farming,3,ET0107,15,1.1794705390930176,1.336880000079677,-2.714085340499878,0.5597915649414062,0.8535331532230122,-0.5139371156692505
extended,crop_farming,3,ET0301,15,0.6646705269813538,0.8140302333184749,-0.6364165544509888,0.7016899585723877,0.8250927020499974,-0.681195855140686
extended,crop_farming,3,ET0302,15,0.26794496178627014,0.3272838369271092,-0.4433220624923706,0.26236429810523987,0.3414879192726038,-0.571320652961731
extended,crop_farming,3,ET0303,15,1.342175841331482,1.5768369951782566,-3.239616870880127,0.8043172359466553,0.8993317507378086,-0.3790907859802246
extended,crop_farming,3,ET0304,15,0.5969797372817993,0.698954377729325,-0.564042329788208,0.6097732782363892,0.7366759998786099,-0.7374163866043091
extended,crop_farming,3,ET0305,15,0.36629289388656616,0.41392027013585,0.12785249948501587,0.3782303035259247,0.5192593314664378,-0.3725404739379883
extended,crop_farming,3,ET0306,15,0.20065641403198242,0.2563944601292525,-6.198249340057373,0.11335696280002594,0.14634267311058388,-1.3450472354888916
extended,crop_farming,3,ET0307,15,0.16550979018211365,0.1856055919699394,-11666.72265625,0.0006891091470606625,0.0017808450696089701,-0.07412862777709961
extended,crop_farming,3,ET0308,15,1.4878488779067993,1.76537483266003,-3.8623738288879395,0.7400608062744141,0.8716734937019998,-0.185447096824646
extended,crop_farming,3,ET0309,15,0.12301716953516006,0.1664857714669184,-7195.29638671875,0.0010939915664494038,0.0022316388591039774,-0.2930121421813965
extended,crop_farming,3,ET0310,15,1.0750184059143066,1.273643710986715,-2.2058725357055664,0.6929817199707031,0.8694823889701024,-0.4940732717514038
extended,crop_farming,3,ET0311,15,0.20827166736125946,0.24314216913532483,-4.3344407081604,0.12592598795890808,0.1677918667158193,-1.5404469966888428
extended,crop_farming,3,ET0312,15,0.15358980000019073,0.17975429661686418,-36689.52734375,0.0006142854690551758,0.0009735178879453924,-0.07617592811584473
extended,crop_farming,3,ET0401,15,0.2564442455768585,0.3178675192823879,-5.779899597167969,0.0664207711815834,0.1359091699062443,-0.23944854736328125
extended,crop_farming,3,ET0402,15,0.2956691384315491,0.3430461070730414,-5.120275974273682,0.05280590057373047,0.11792233466608093,0.27680039405822754
extended,crop_farming,3,ET0403,15,0.08785296231508255,0.11373274949420596,-34363.53125,0.0004491011204663664,0.00082014234241252,-0.7869722843170166
extended,crop_farming,3,ET0404,15,0.11912748962640762,0.14879926091237802,-29876.712890625,0.000774598098360002,0.0009796936508602333,-0.2951688766479492
extended,crop_farming,3,ET0405,15,0.1901833564043045,0.20939905256213695,-6510.70458984375,0.00160303118173033,0.003172154885310271,-0.4943559169769287
extended,crop_farming,3,ET0406,15,0.64637690782547,0.720422747071352,-10.30111026763916,0.10346733033657074,0.21966592587802916,-0.050682902336120605
extended,crop_farming,3,ET0407,15,0.3487197160720825,0.41521588317519925,-3.2413034439086914,0.2243478149175644,0.2845372575505888,-0.9917266368865967
extended,crop_farming,3,ET0408,15,0.552127480506897,0.6400065344238484,-4.956653118133545,0.30926644802093506,0.3656953157154649,-0.9447880983352661
extended,crop_farming,3,ET0409,15,0.6089802384376526,0.7743574509006091,-2.6776323318481445,0.4401513338088989,0.5562995267100415,-0.8980283737182617
extended,crop_farming,3,ET0413,15,0.1670723855495453,0.18990825765884625,-20.867128372192383,0.03440214693546295,0.06245842869869077,-1.3652997016906738
extended,crop_farming,3,ET0416,15,0.1430884748697281,0.19396642318419016,-16627.73828125,0.0005682309274561703,0.0013941061545046827,0.14099067449569702
extended,crop_farming,3,ET0417,15,0.31216901540756226,0.3976244203610649,-2.1409854888916016,0.25993597507476807,0.3246435117617537,-1.0937907695770264
extended,crop_farming,3,ET0418,15,0.18263335525989532,0.23534386175069663,-5.151764392852783,0.07805421948432922,0.13685752773464555,-1.0803256034851074
extended,crop_farming,3,ET0419,15,0.27654770016670227,0.3205990091463818,-5.5642924308776855,0.019835153594613075,0.07193842478844585,0.6694893836975098
extended,crop_farming,3,ET0420,15,0.15877269208431244,0.21001684642101956,-7.489121437072754,0.028642987832427025,0.07721624533158492,-0.1475505828857422
extended,crop_farming,3,ET0602,15,0.3349321782588959,0.4487859880473397,-0.8689781427383423,0.19783976674079895,0.38051797286005445,-0.3436185121536255
extended,crop_farming,3,ET0603,15,0.3531813621520996,0.4446421479872248,-4991.03173828125,0.0022491374984383583,0.0050738875913195055,0.3499634861946106
extended,crop_farming,3,ET0604,15,0.10700623691082001,0.18486945317802458,0.3661120533943176,0.09683260321617126,0.22453853485193018,0.06488734483718872
extended,crop_farming,3,ET0605,15,0.14613336324691772,0.1796304881830998,-30.27365493774414,0.004542612936347723,0.017593464847057042,0.699999988079071
extended,crop_farming,3,ET0701,15,0.3531237244606018,0.4056148148361503,-1.1252541542053223,0.2041153609752655,0.310724723320366,-0.24719643592834473
extended,crop_farming,3,ET0702,15,0.33362388610839844,0.38436339988882284,-0.49322330951690674,0.41126424074172974,0.5113916297918345,-1.6433088779449463
extended,crop_farming,3,ET0703,15,0.9863969683647156,1.0658869334729764,-5.346933364868164,0.5585119724273682,0.7033756021443162,-1.7638614177703857
extended,crop_farming,3,ET0705,15,0.5254457592964172,0.6529228700766301,-1.6602602005004883,0.5376654267311096,0.631840371259318,-1.4912371635437012
extended,crop_farming,3,ET0706,15,0.6167417764663696,0.7407898039485868,-1.567765474319458,0.5607424378395081,0.7002946259150902,-1.2947056293487549
extended,crop_farming,3,ET0710,15,0.5515041947364807,0.7593550958104882,-1.4049510955810547,0.6309371590614319,0.7520782366621318,-1.3590788841247559
extended,crop_farming,3,ET0713,15,1.5848616361618042,1.6576623472910106,-10.66596508026123,0.44070950150489807,0.6128078018156222,-0.5943259000778198
extended,crop_farming,3,ET0714,15,1.1133240461349487,1.1815023546264019,-16.360864639282227,0.22851835191249847,0.32977549657662086,-0.3525052070617676
extended,crop_farming,3,ET0715,15,0.40910813212394714,0.5201644480624437,-1.7011923789978027,0.47237151861190796,0.5446200885301719,-1.9611577987670898
extended,crop_farming,3,ET0716,15,0.30647194385528564,0.5261153997232819,-0.8156726360321045,0.2643284499645233,0.5008892853320291,-0.6457315683364868
extended,crop_farming,3,ET0720,15,0.3961116671562195,0.48707595074228033,-1.2370781898498535,0.3613807260990143,0.45545943497674113,-0.9560827016830444
extended,crop_farming,3,ET0721,15,1.4969193935394287,1.64527466704225,-10.127840042114258,0.4031394422054291,0.6261391748372475,-0.6116688251495361
extended,crop_farming,3,ET0722,15,1.6384625434875488,1.7285461078261997,-8.577909469604492,0.6455373764038086,0.7902411165953975,-1.0018339157104492
extended,crop_farming,3,ET0723,15,1.534416675567627,1.598495971564836,-10.0087251663208,0.5418647527694702,0.7215215073444505,-1.2429134845733643
extended,crop_farming,3,ET0724,15,0.12386556714773178,0.15539210960825886,-121.63320922851562,0.013722570613026619,0.01979735708571777,-0.9905110597610474
extended,crop_farming,3,ET1101,15,0.08542168140411377,0.15737283311924632,0.0,0.0,0.0,1.0
extended,crop_farming,3,ET1102,15,0.10041200369596481,0.12451668897694303,-476728.375,0.00012022654118482023,0.00023281769573449027,-0.6666667461395264
extended,crop_farming,3,ET1103,15,0.08149191737174988,0.12344753791942611,-20202.580078125,0.0003406524774618447,0.0009329152050908098,-0.1538459062576294
extended,crop_farming,3,ET1104,15,0.8154749274253845,0.9622722752669519,-2.4291374683380127,0.657179594039917,0.7677674581740784,-1.1829729080200195
extended,crop_farming,3,ET1105,15,0.1649973839521408,0.20559512773600974,-7.924439430236816,0.021503161638975143,0.057119329986675786,0.31115496158599854
extended,crop_farming,3,ET1106,15,0.08888652175664902,0.15323326044969685,-39.93382263183594,0.028846224769949913,0.035001620006109596,-1.1357603073120117
extended,crop_farming,3,ET1202,15,0.5880540013313293,0.6464223687898786,-122.46771240234375,0.03606823459267616,0.06886956698179478,-0.4014427661895752
extended,crop_farming,3,ET1203,15,0.18671512603759766,0.2069789442529301,-270806.4375,0.00015600521874148399,0.00042723789470651966,-0.1538459062576294
extended,crop_farming,3,ET1204,15,0.12540100514888763,0.15560193970083822,-544.1222534179688,0.004957342054694891,0.008695678350807794,-0.7024362087249756
extended,crop_farming,3,ET1301,15,0.3089478313922882,0.39382111497545386,-2.2300596237182617,0.11293753981590271,0.20499887297483332,0.12478351593017578
extended,crop_farming,3,ET1401,15,0.2328363060951233,0.3186625225044236,-18709536.0,2.8896331059513614e-05,7.913586262242059e-05,-0.1538456678390503
extended,crop_farming,3,ET1501,15,0.33602750301361084,0.42705802920053115,-3.513129711151123,0.1372966766357422,0.2657525233286206,-0.747667670249939
extended,crop_farming,3,ET1502,15,0.9577617645263672,1.0719958801617384,-8.125649452209473,0.27767863869667053,0.41544377958126577,-0.37057268619537354
extended,crop_farming,3,ET1600,15,0.5659096837043762,0.63495473538916,-2.446995973587036,0.492805540561676,0.5605511017218013,-1.686492681503296
extended,crop_farming,4,ET0101,15,1.741199016571045,2.0997253102076034,-2.9999027252197266,0.5942538380622864,1.022490609366052,0.05148738622665405
extended,crop_farming,4,ET0102,15,2.064938545227051,2.394700111297211,-4.335650444030762,0.5978606939315796,1.0271361978994507,0.018384993076324463
extended,crop_farming,4,ET0103,15,2.0725655555725098,2.410125484919377,-5.930436134338379,0.5786625742912292,0.959137199329244,-0.09759664535522461
extended,crop_farming,4,ET0104,15,1.9417133331298828,2.241624289564691,-6.202559471130371,0.5432435870170593,0.7354922622284014,0.2246149778366089
extended,crop_farming,4,ET0105,15,1.8448913097381592,2.0688041518577576,-4.923141956329346,0.55147385597229,0.8161592976997822,0.07814359664916992
extended,crop_farming,4,ET0106,15,2.62052845954895,2.8541697666866055,-7.243199348449707,0.5800257921218872,0.9669247012935647,0.053933799266815186
extended,crop_farming,4,ET0107,15,1.082857608795166,1.3420032414711294,-2.7426066398620605,0.4306005537509918,0.7243542491978587,-0.09035789966583252
extended,crop_farming,4,ET0301,15,0.5500041842460632,0.6670395930633667,-0.09879326820373535,0.7495263814926147,0.9123857230651111,-1.0557475090026855
extended,crop_farming,4,ET0302,15,0.6748695969581604,0.7659795679674155,-6.905848979949951,0.2978458106517792,0.36286510710415854,-0.7742079496383667
extended,crop_farming,4,ET0303,15,1.6991665363311768,1.9258091056000743,-5.323819637298584,0.8062376379966736,1.003968589420551,-0.7186729907989502
extended,crop_farming,4,ET0304,15,0.5762059092521667,0.7105800862071667,-0.6165045499801636,0.702312171459198,0.7741404719963234,-0.9186263084411621
extended,crop_farming,4,ET0305,15,0.4532778859138489,0.4904155624342646,-0.22429203987121582,0.5218058824539185,0.6440978240164259,-1.1118361949920654
extended,crop_farming,4,ET0306,15,0.5057078003883362,0.5700091508917169,-34.57732391357422,0.1411343216896057,0.16532136823018645,-1.9927306175231934
extended,crop_farming,4,ET0307,15,0.5989888906478882,0.619615847763366,-130030.6328125,0.0010112046729773283,0.0021799994660175173,-0.609595537185669
extended,crop_farming,4,ET0308,15,1.5425366163253784,1.8838170327838613,-4.536711692810059,0.9010623097419739,1.0391710841297355,-0.6848008632659912
extended,crop_farming,4,ET0309,15,0.6163772344589233,0.6283313896096856,-102500.9921875,0.0021879831328988075,0.003156013652685362,-1.5860238075256348
extended,crop_farming,4,ET0310,15,1.5039703845977783,1.671926479794824,-4.524394512176514,0.8177481293678284,0.9838405248053971,-0.9129328727722168
extended,crop_farming,4,ET0311,15,0.7020326852798462,0.7568400721283232,-50.686431884765625,0.11853387951850891,0.14401031382616267,-0.8713521957397461
extended,crop_farming,4,ET0312,15,0.6077187061309814,0.6219139681161258,-439192.65625,0.0008846362470649183,0.001201639620043156,-0.639622688293457
extended,crop_farming,4,ET0401,15,0.7008433938026428,0.7400928049917864,-35.75389099121094,0.08001712709665298,0.12514261216667194,-0.05085158348083496
extended,crop_farming,4,ET0402,15,0.7052834630012512,0.7600830905441177,-29.046104431152344,0.07216101139783859,0.11965450090916747,0.255398154258728
extended,crop_farming,4,ET0403,15,0.6217308640480042,0.6349094873409554,-1070933.625,0.0005989233613945544,0.0009827090938452237,-1.5656018257141113
extended,crop_farming,4,ET0404,15,0.6045380234718323,0.6322790652616161,-539464.125,0.0010897795436903834,0.001242407519829405,-1.0829265117645264
extended,crop_farming,4,ET0405,15,0.6011225581169128,0.615398203517522,-56240.60546875,0.0022194148041307926,0.003987030036640299,-1.3607192039489746
extended,crop_farming,4,ET0406,15,0.6957536339759827,0.756683019140671,-11.467352867126465,0.20437787473201752,0.31006111684658705,-1.0933454036712646
extended,crop_farming,4,ET0407,15,0.3606317341327667,0.42211606944055186,-3.38344144821167,0.24346300959587097,0.342646887912698,-1.8883183002471924
extended,crop_farming,4,ET0408,15,1.0370972156524658,1.1153039593207923,-17.08922576904297,0.3574264943599701,0.41199473734614817,-1.468407154083252
extended,crop_farming,4,ET0409,15,0.75551438331604,0.9247992091434556,-4.245419979095459,0.40913254022598267,0.4983718709280554,-0.5233243703842163
extended,crop_farming,4,ET0413,15,0.6364127993583679,0.6476565104485185,-253.32763671875,0.034496426582336426,0.06099058049375225,-1.2554311752319336
extended,crop_farming,4,ET0416,15,0.6257829070091248,0.6351230729976102,-178286.9375,0.0010733604431152344,0.0019639757334353586,-0.7048195600509644
extended,crop_farming,4,ET0417,15,0.36180564761161804,0.43382490715043887,-2.7389426231384277,0.3023718595504761,0.3320048714425424,-1.189821720123291
extended,crop_farming,4,ET0418,15,0.6453927755355835,0.6816250818442444,-50.60420227050781,0.09652435034513474,0.14813122397235418,-1.4371776580810547
extended,crop_farming,4,ET0419,15,0.7104060649871826,0.7381539613499244,-33.79825210571289,0.03734159469604492,0.09850127353093023,0.38034892082214355
extended,crop_farming,4,ET0420,15,0.6361448168754578,0.6510811196135003,-80.58769226074219,0.0568305179476738,0.10920038504771713,-1.2951061725616455
extended,crop_farming,4,ET0602,15,0.7818701267242432,0.8787794911847295,-6.16614294052124,0.3704215884208679,0.5245398968940389,-1.553187370300293
extended,crop_farming,4,ET0603,15,0.5313782095909119,0.5569771268212848,-7832.04833984375,0.0031404653564095497,0.005773635361970818,0.15830492973327637
extended,crop_farming,4,ET0604,15,0.6702306866645813,0.7004838718651519,-8.100776672363281,0.17890864610671997,0.3109554386235902,-0.7934054136276245
extended,crop_farming,4,ET0605,15,0.6065288782119751,0.6336860279096629,-388.194580078125,0.009085225872695446,0.02488091659584236,0.3999999761581421
extended,crop_farming,4,ET0701,15,0.3966525197029114,0.4966312710365852,-2.1860411167144775,0.241829052567482,0.33733268935219984,-0.4699416160583496
extended,crop_farming,4,ET0702,15,0.401738703250885,0.4792628468168159,-1.3216042518615723,0.43265068531036377,0.4903102983142054,-1.429868221282959
extended,crop_farming,4,ET0703,15,1.5171452760696411,1.5939185857431035,-13.19299030303955,0.6068292260169983,0.6822430809329925,-1.6002788543701172
extended,crop_farming,4,ET0705,15,0.602591872215271,0.7028464083296282,-2.0826284885406494,0.5314051508903503,0.6289313648966741,-1.4683506488800049
extended,crop_farming,4,ET0706,15,0.48170775175094604,0.6329678474293651,-0.8746867179870605,0.4931686520576477,0.5949904634609036,-0.6564769744873047
extended,crop_farming,4,ET0710,15,0.540397584438324,0.7243598035217294,-1.188391923904419,0.7133591175079346,0.8411869751559926,-1.9512193202972412
extended,crop_farming,4,ET0713,15,2.1245527267456055,2.1942110930148058,-19.440210342407227,0.5984523296356201,0.7063021404295495,-1.117920160293579
extended,crop_farming,4,ET0714,15,1.664176344871521,1.757873059395185,-37.43060302734375,0.29355305433273315,0.4134737183153647,-1.1261701583862305
extended,crop_farming,4,ET0715,15,0.3743338882923126,0.43890242933794765,-0.923136830329895,0.3055354356765747,0.39893943361712886,-0.5888690948486328
extended,crop_farming,4,ET0716,15,0.8464106917381287,0.9423263611957834,-4.824762344360352,0.4052980840206146,0.6169890555519344,-1.4970684051513672
extended,crop_farming,4,ET0720,15,0.40102988481521606,0.5066336226144852,-1.4203369617462158,0.3656822144985199,0.48656053619870476,-1.2323462963104248
extended,crop_farming,4,ET0721,15,2.025228977203369,2.1558414016806617,-18.105907440185547,0.27129966020584106,0.506153889940194,-0.053171753883361816
extended,crop_farming,4,ET0722,15,2.1964099407196045,2.29900577866673,-15.94294548034668,0.5777360200881958,0.7422086210759087,-0.7658783197402954
extended,crop_farming,4,ET0723,15,2.067380428314209,2.132751128602772,-18.597211837768555,0.6097252368927002,0.7662716295260593,-1.5297605991363525
extended,crop_farming,4,ET0724,15,0.6315221786499023,0.6413536812245193,-2088.033203125,0.01472644042223692,0.020742675867321123,-1.1851425170898438
extended,crop_farming,4,ET1101,15,0.6103631258010864,0.6271676620440356,0.0,0.0,0.0,1.0
extended,crop_farming,4,ET1102,15,0.5998378396034241,0.6283979316368398,-12141888.0,0.000138433781103231,0.0002432624673931913,-0.8195626735687256
extended,crop_farming,4,ET1103,15,0.6130101084709167,0.6302701247216573,-526642.6875,0.0006813049549236894,0.0013193413355835006,-1.3076918125152588
extended,crop_farming,4,ET1104,15,1.3783621788024902,1.5034560285150826,-7.370866775512695,0.7461717128753662,0.852018181906821,-1.6883554458618164
extended,crop_farming,4,ET1105,15,0.6600989103317261,0.6856160359939835,-98.24696350097656,0.042276643216609955,0.08052643449053949,-0.3690907955169678
extended,crop_farming,4,ET1106,15,0.643273115158081,0.6610990259279627,-760.9197998046875,0.02740504778921604,0.03716292251061801,-1.4076642990112305
extended,crop_farming,4,ET1202,15,0.6172215938568115,0.6645769258467294,-129.5001983642578,0.05765969678759575,0.09073254230619787,-1.4324662685394287
extended,crop_farming,4,ET1203,15,0.5068321824073792,0.5177583488645886,-1694580.625,0.00031201043748296797,0.0006042056250536885,-1.3076918125152588
extended,crop_farming,4,ET1204,15,0.6159544587135315,0.6258942881774402,-8818.9453125,0.007123446557670832,0.010376911612060032,-1.4243767261505127
extended,crop_farming,4,ET1301,15,0.22551539540290833,0.3285396544459971,-1.247957706451416,0.10142604261636734,0.17170656686003172,0.38597458600997925
extended,crop_farming,4,ET1401,15,0.511428952217102,0.5674006185183349,-59317200.0,5.779266211902723e-05,0.00011191501019072127,-1.3076913356781006
extended,crop_farming,4,ET1501,15,0.4633118212223053,0.514948979739297,-5.561943054199219,0.18758754432201385,0.3334790360876337,-1.7519536018371582
extended,crop_farming,4,ET1502,15,1.5047780275344849,1.6390728829257724,-20.334087371826172,0.2841562330722809,0.4178222863100472,-0.38631129264831543
extended,crop_farming,4,ET1600,15,0.42355042695999146,0.5218622503036673,-1.3284504413604736,0.38232171535491943,0.49209378879280735,-1.0703845024108887
extended,crop_farming,8,ET0101,15,1.7873302698135376,2.0389973714080973,-2.771878957748413,0.8615272641181946,1.2653335895132751,-0.45256149768829346
extended,crop_farming,8,ET0102,15,1.6026206016540527,1.8609752020231667,-2.222302198410034,0.88906329870224,1.26534984093548,-0.4897257089614868
extended,crop_farming,8,ET0103,15,1.6208382844924927,1.8301604587269118,-2.99631404876709,0.9047900438308716,1.171130083473517,-0.6364078521728516
extended,crop_farming,8,ET0104,15,1.5039716958999634,1.7021598531019597,-3.1529998779296875,0.8455350399017334,1.0372967739302557,-0.5422942638397217
extended,crop_farming,8,ET0105,15,0.8756096363067627,1.1766306195037264,-0.9159919023513794,0.7507374286651611,1.0624380093610386,-0.5621423721313477
extended,crop_farming,8,ET0106,15,1.4573191404342651,1.5983506910928273,-1.5851178169250488,0.8731849193572998,1.2246092289828712,-0.5175089836120605
extended,crop_farming,8,ET0107,15,0.980606734752655,1.167239009021903,-1.8313047885894775,0.5848485231399536,0.8914266960079339,-0.6513469219207764
extended,crop_farming,8,ET0301,15,0.6560953259468079,0.8153549799703358,-0.6417471170425415,0.6393887400627136,0.8030787933356922,-0.5926821231842041
extended,crop_farming,8,ET0302,15,0.38213014602661133,0.4825253394988852,-2.1372878551483154,0.30071958899497986,0.3440225452746346,-0.5947328805923462
extended,crop_farming,8,ET0303,15,1.3391404151916504,1.6155617323391067,-3.450410842895508,0.8027478456497192,1.0797068835670156,-0.987763524055481
extended,crop_farming,8,ET0304,15,0.4692472815513611,0.5871827943216426,-0.10381805896759033,0.6642023324966431,0.7428827342273135,-0.7668161392211914
extended,crop_farming,8,ET0305,15,0.35747018456459045,0.4035149905706627,0.1711500883102417,0.41664716601371765,0.5439070409052884,-0.5059338808059692
extended,crop_farming,8,ET0306,15,0.4600313603878021,0.4961009738426208,-25.949443817138672,0.08766801655292511,0.1274833317922144,-0.7795755863189697
extended,crop_farming,8,ET0307,15,0.22309371829032898,0.26536697590017333,-23849.513671875,0.0007010380504652858,0.001826115119619176,-0.1294325590133667
extended,crop_farming,8,ET0308,15,1.528277039527893,1.8486126285505033,-4.331707000732422,1.0302197933197021,1.250819748066205,-1.4409782886505127
extended,crop_farming,8,ET0309,15,0.3511051833629608,0.4631057110783753,-55681.03125,0.0025538443587720394,0.003311242924297608,-1.8466682434082031
extended,crop_farming,8,ET0310,15,1.0068453550338745,1.2682414853896582,-2.178734302520752,0.609714925289154,0.7762682197877414,-0.19089627265930176
extended,crop_farming,8,ET0311,15,0.46854883432388306,0.5004316791068688,-21.59737205505371,0.09257280081510544,0.1281750851524112,-0.4824347496032715
extended,crop_farming,8,ET0312,15,0.6830304265022278,0.701061760801946,-558093.8125,0.0011727969394996762,0.0014218119100875976,-1.2955126762390137
extended,crop_farming,8,ET0401,15,0.16164176166057587,0.22820990236660124,-2.494619846343994,0.06845807284116745,0.11530207003355775,0.1079171895980835
extended,crop_farming,8,ET0402,15,0.16198429465293884,0.20821554708729714,-1.254718542098999,0.11234518140554428,0.19374819877771685,-0.9522768259048462
extended,crop_farming,8,ET0403,15,0.19482974708080292,0.2267126950271078,-136548.78125,0.0007487455732189119,0.0011412351022863998,-2.4601073265075684
extended,crop_farming,8,ET0404,15,0.21857255697250366,0.2821334236393397,-107411.5078125,0.001137987826950848,0.001364472548524619,-1.5123226642608643
extended,crop_farming,8,ET0405,15,0.3229389786720276,0.37578621541825064,-20970.376953125,0.002142437268048525,0.0038827960580254256,-1.238898754119873
extended,crop_farming,8,ET0406,15,0.5073407292366028,0.5414947976807335,-5.384616851806641,0.23736979067325592,0.3345756316555502,-1.4374454021453857
extended,crop_farming,8,ET0407,15,0.26286929845809937,0.333388818156244,-1.7343461513519287,0.2108404040336609,0.2726125807891506,-0.8282822370529175
extended,crop_farming,8,ET0408,15,0.26241061091423035,0.3486840453557094,-0.7680625915527344,0.22099319100379944,0.272910536753024,-0.08311378955841064
extended,crop_farming,8,ET0409,15,0.6843843460083008,0.8282122655989709,-3.2069625854492188,0.4318940341472626,0.553615097551635,-0.8797547817230225
extended,crop_farming,8,ET0413,15,0.4833572208881378,0.5526702088762863,-184.1979522705078,0.0251250509172678,0.04637144740846043,-0.3037831783294678
extended,crop_farming,8,ET0416,15,0.20363031327724457,0.2528770274129575,-28262.43359375,0.0015866359462961555,0.002415281737999851,-1.5783495903015137
extended,crop_farming,8,ET0417,15,0.29896676540374756,0.38130031394400327,-1.888378620147705,0.2589966356754303,0.3186353996371047,-1.0170092582702637
extended,crop_farming,8,ET0418,15,0.2489243894815445,0.346059518503274,-12.301344871520996,0.11480218917131424,0.16421323618175385,-1.9950926303863525
extended,crop_farming,8,ET0419,15,0.23255153000354767,0.27573384209792845,-3.8556084632873535,0.05492288991808891,0.11931021143045732,0.09088510274887085
extended,crop_farming,8,ET0420,15,0.5489664673805237,0.6072655136165225,-69.97602844238281,0.05732016637921333,0.10918499416768723,-1.294459342956543
extended,crop_farming,8,ET0602,15,0.439334899187088,0.5107841401530383,-1.4210317134857178,0.42144954204559326,0.5516431571190287,-1.8238530158996582
extended,crop_farming,8,ET0603,15,0.314969539642334,0.42984377013427955,-4664.2763671875,0.0026739835739135742,0.005205577946336037,0.3157827854156494
extended,crop_farming,8,ET0604,15,0.32351547479629517,0.3595173595253494,-1.3972973823547363,0.26075124740600586,0.3889533130987184,-1.805931806564331
extended,crop_farming,8,ET0605,15,0.20215314626693726,0.23669936443808806,-53.30160903930664,0.013627839274704456,0.03047277404120332,0.10000002384185791
extended,crop_farming,8,ET0701,15,0.2475040853023529,0.31068098423382856,-0.24684524536132812,0.2885044515132904,0.3580866816793744,-0.6563785076141357
extended,crop_farming,8,ET0702,15,0.365702748298645,0.5087871002335151,-1.6164524555206299,0.35884150862693787,0.47025586481102793,-1.2351627349853516
extended,crop_farming,8,ET0703,15,0.6788873076438904,0.7845763916813311,-2.4388411045074463,0.5260926485061646,0.6320613830324178,-1.2318251132965088
extended,crop_farming,8,ET0705,15,0.5373362898826599,0.6212804022014223,-1.408660888671875,0.41948941349983215,0.5647188504947085,-0.9900542497634888
extended,crop_farming,8,ET0706,15,0.4345971941947937,0.5697203658391073,-0.5187591314315796,0.4144163727760315,0.5250597056998,-0.28997933864593506
extended,crop_farming,8,ET0710,15,0.5195642709732056,0.6869397915383789,-0.9681299924850464,0.5199757218360901,0.7396872720528668,-1.281984567642212
extended,crop_farming,8,ET0713,15,1.5350784063339233,1.629331976787504,-10.27061653137207,0.6012591123580933,0.7019339964844333,-1.0918045043945312
extended,crop_farming,8,ET0714,15,0.5493937730789185,0.6486587836244615,-4.2328081130981445,0.4064779281616211,0.5230082274696071,-2.4018819332122803
extended,crop_farming,8,ET0715,15,0.39080026745796204,0.4893107890002821,-1.3902525901794434,0.49168726801872253,0.5721025201933011,-2.267547607421875
extended,crop_farming,8,ET0716,15,0.4139770567417145,0.46946791667619236,-0.44573044776916504,0.4100664556026459,0.6182419425032069,-1.5072197914123535
extended,crop_farming,8,ET0720,15,0.46340760588645935,0.5870755650981264,-2.249943494796753,0.30314376950263977,0.3822424595352924,-0.377734899520874
extended,crop_farming,8,ET0721,15,0.8308517932891846,0.9255955183857867,-2.5218963623046875,0.4647095501422882,0.6727178078018985,-0.8603724241256714
extended,crop_farming,8,ET0722,15,1.0917410850524902,1.188693400578902,-3.5294814109802246,0.6469082236289978,0.8601463670708531,-1.3716659545898438
extended,crop_farming,8,ET0723,15,1.102522611618042,1.190417169969822,-5.105374813079834,0.5921881198883057,0.8384181142891257,-2.0285537242889404
extended,crop_farming,8,ET0724,15,0.37605464458465576,0.4948854223735503,-1242.8255615234375,0.009952997788786888,0.0154790774590906,-0.21685922145843506
extended,crop_farming,8,ET1101,15,0.2950609624385834,0.3619400204501747,0.0,0.0,0.0,1.0
extended,crop_farming,8,ET1102,15,0.19934649765491486,0.22243387427755393,-1521312.25,0.00015664100646972656,0.00025327687742336295,-0.9724584817886353
extended,crop_farming,8,ET1103,15,0.2283368706703186,0.27544575673697297,-100584.5625,0.0006813049549236894,0.0013193413355835006,-1.3076918125152588
extended,crop_farming,8,ET1104,15,0.7210255265235901,0.8824646526098221,-1.8839225769042969,0.6170901656150818,0.766238881228055,-1.1742894649505615
extended,crop_farming,8,ET1105,15,0.241523876786232,0.3246554340870396,-21.253620147705078,0.06288539618253708,0.0985199263402819,-1.0492901802062988
extended,crop_farming,8,ET1106,15,0.31334081292152405,0.35725173652926284,-221.4973907470703,0.02687094174325466,0.03410737187267702,-1.028022289276123
extended,crop_farming,8,ET1202,15,0.5540197491645813,0.6234846341091209,-113.86088562011719,0.057119403034448624,0.09025282093279666,-1.4068124294281006
extended,crop_farming,8,ET1203,15,0.3318861126899719,0.3637881485444103,-836574.9375,0.00031201043748296797,0.0006042056250536885,-1.3076918125152588
extended,crop_farming,8,ET1204,15,0.5641005039215088,0.589047835999767,-7811.05029296875,0.006873385049402714,0.010225249235035136,-1.3540284633636475
extended,crop_farming,8,ET1301,15,0.33665260672569275,0.4494366656292876,-3.206777572631836,0.12239999324083328,0.20561667980591022,0.11950027942657471
extended,crop_farming,8,ET1401,15,0.5227084755897522,0.5614295151155543,-58075304.0,5.779266211902723e-05,0.00011191501019072127,-1.3076913356781006
extended,crop_farming,8,ET1501,15,0.5481206178665161,0.6082895833661386,-8.156400680541992,0.21642853319644928,0.34254806804270865,-1.9036688804626465
extended,crop_farming,8,ET1502,15,0.3816515803337097,0.49865565772492654,-0.9745997190475464,0.37136754393577576,0.49096104539322166,-0.9141308069229126
extended,crop_farming,8,ET1600,15,0.35734322667121887,0.43461447502077405,-0.614966869354248,0.4283355176448822,0.5019169953995579,-1.1538679599761963
extended,crop_farming,12,ET0101,15,1.957489013671875,2.2893125638328846,-3.754826068878174,1.0762925148010254,1.4892045008388215,-1.012023687362671
extended,crop_farming,12,ET0102,15,1.8608499765396118,2.1136463012163382,-3.156710147857666,1.1259504556655884,1.4818457487864285,-1.043107032775879
extended,crop_farming,12,ET0103,15,1.7610185146331787,1.992289222663397,-3.735720157623291,1.0153981447219849,1.3083822506468352,-1.0424458980560303
extended,crop_farming,12,ET0104,15,1.4986166954040527,1.7288364263570806,-3.2841925621032715,1.0141652822494507,1.2012266069053708,-1.0682883262634277
extended,crop_farming,12,ET0105,15,1.0586163997650146,1.3714081493415384,-1.6028363704681396,0.9502518177032471,1.2081927787764506,-1.020160436630249
extended,crop_farming,12,ET0106,15,1.739194393157959,1.9187464487247967,-2.72538685798645,1.1424827575683594,1.450777187557418,-1.1297943592071533
extended,crop_farming,12,ET0107,15,1.2343194484710693,1.438174048245933,-3.2982330322265625,0.8924912810325623,1.0966190311169868,-1.4990708827972412
extended,crop_farming,12,ET0301,15,0.678839385509491,0.8377031948068296,-0.732978343963623,0.8063472509384155,0.9056909086202629,-1.0256891250610352
extended,crop_farming,12,ET0302,15,0.4494239091873169,0.5139882089101078,-2.559757709503174,0.32514896988868713,0.38881410459657345,-1.0370333194732666
extended,crop_farming,12,ET0303,15,1.3781613111495972,1.5969228390211068,-3.348313331604004,1.07942533493042,1.2550960137012241,-1.6860055923461914
extended,crop_farming,12,ET0304,15,0.45108911395072937,0.545646704977247,0.046822190284729004,0.7009519338607788,0.8154945210706073,-1.129084825515747
extended,crop_farming,12,ET0305,15,0.3722465932369232,0.4514015075761941,-0.03724789619445801,0.38681498169898987,0.4831377347523721,-0.1882244348526001
extended,crop_farming,12,ET0306,15,0.5285978317260742,0.5797204864247284,-35.7999267578125,0.10916422307491302,0.14179989309750765,-1.201716661453247
extended,crop_farming,12,ET0307,15,0.269644558429718,0.29068492815023733,-28617.64453125,0.000978573109023273,0.002099826478892181,-0.4933816194534302
extended,crop_farming,12,ET0308,15,1.6613800525665283,1.9803942905250493,-5.118962287902832,1.0525575876235962,1.2754116085832443,-1.5379040241241455
extended,crop_farming,12,ET0309,15,0.19772538542747498,0.24603260885362702,-15714.931640625,0.0021879831328988075,0.0029943900466939243,-1.3279387950897217
extended,crop_farming,12,ET0310,15,1.190923810005188,1.456410129895141,-3.1919655799865723,0.752056360244751,0.8759500590964284,-0.5163834095001221
extended,crop_farming,12,ET0311,15,0.136300727725029,0.1762885138944563,-1.8042476177215576,0.15614888072013855,0.19195926341270422,-2.324960231781006
extended,crop_farming,12,ET0312,15,0.2588462829589844,0.3009299864182577,-102830.5390625,0.0011622905731201172,0.001356476340509094,-1.0893917083740234
extended,crop_farming,12,ET0401,15,0.162359818816185,0.20142238722462277,-1.7223656177520752,0.08205442875623703,0.1452422951749253,-0.4155237674713135
extended,crop_farming,12,ET0402,15,0.21261774003505707,0.2526839251627459,-2.320636034011841,0.1317002922296524,0.21165064071607406,-1.3297278881072998
extended,crop_farming,12,ET0403,15,0.21821151673793793,0.27666658016331785,-203353.015625,0.0009426434990018606,0.0012759339533422185,-3.3250956535339355
extended,crop_farming,12,ET0404,15,0.2558711767196655,0.30476725585939235,-125336.890625,0.0011985779274255037,0.0013712588563158158,-1.5373749732971191
extended,crop_farming,12,ET0405,15,0.1550540328025818,0.17678811672361786,-4640.42578125,0.00212679710239172,0.003848156697725413,-1.199129343032837
extended,crop_farming,12,ET0406,15,0.49061211943626404,0.5890350608607289,-6.554897308349609,0.25805237889289856,0.3517088161745084,-1.6934740543365479
extended,crop_farming,12,ET0407,15,0.2922588288784027,0.3546898030949907,-2.0949158668518066,0.27759894728660583,0.31235272990490637,-1.4001703262329102
extended,crop_farming,12,ET0408,15,0.2658705413341522,0.3380453383973059,-0.6618177890777588,0.29014453291893005,0.33151402297933913,-0.5982226133346558
extended,crop_farming,12,ET0409,15,0.7691213488578796,0.8507124831867008,-3.438650608062744,0.5941352248191833,0.6741439521469609,-1.787344217300415
extended,crop_farming,12,ET0413,15,0.2317754179239273,0.25734979838968713,-39.15612030029297,0.03586669638752937,0.06217608108587215,-1.3439631462097168
extended,crop_farming,12,ET0416,15,0.21927426755428314,0.27842406631156297,-34261.5546875,0.0020917654037475586,0.0031082026561428024,-3.269969940185547
extended,crop_farming,12,ET0417,15,0.331092894077301,0.4210943310508895,-2.522723913192749,0.3775302767753601,0.4500907561389271,-3.0245747566223145
extended,crop_farming,12,ET0418,15,0.20161117613315582,0.28457824706442175,-7.99492073059082,0.14317633211612701,0.18669642670115313,-2.8713815212249756
extended,crop_farming,12,ET0419,15,0.12234626710414886,0.16891375561181646,-0.8221896886825562,0.07242932915687561,0.13724427718858612,-0.20296239852905273
extended,crop_farming,12,ET0420,15,0.22826315462589264,0.26161660151026267,-12.17301082611084,0.057718243449926376,0.10921295542892176,-1.2956347465515137
extended,crop_farming,12,ET0602,15,0.5012187957763672,0.5759253540248604,-2.077924966812134,0.3451923131942749,0.4845074349522825,-1.1783442497253418
extended,crop_farming,12,ET0603,15,0.38945674896240234,0.4765228661487543,-5732.5498046875,0.0035653114318847656,0.006246200434301939,0.01488274335861206
extended,crop_farming,12,ET0604,15,0.270407110452652,0.31363517099934013,-0.824448823928833,0.3424435257911682,0.49851302229478806,-3.609302520751953
extended,crop_farming,12,ET0605,15,0.33872491121292114,0.39442278060201624,-149.77957153320312,0.018170451745390892,0.035186929694114084,-0.20000004768371582
extended,crop_farming,12,ET0701,15,0.45269858837127686,0.6066713510802302,-3.7543396949768066,0.2484009861946106,0.3152832305374122,-0.2840590476989746
extended,crop_farming,12,ET0702,15,0.5221217274665833,0.7099543470158128,-4.094499588012695,0.467920184135437,0.583354955227085,-2.4395885467529297
extended,crop_farming,12,ET0703,15,0.7488406896591187,0.889087454071874,-3.416015625,0.6191816926002502,0.7330417705489486,-2.001919746398926
extended,crop_farming,12,ET0705,15,0.5646347403526306,0.6875052235144803,-1.9495267868041992,0.5986305475234985,0.7177769252147408,-2.2149877548217773
extended,crop_farming,12,ET0706,15,0.5447552800178528,0.6959672481103922,-1.2664337158203125,0.6015942692756653,0.7267488220200048,-1.4713490009307861
extended,crop_farming,12,ET0710,15,0.6066843271255493,0.7796359364309946,-1.5351293087005615,0.6365706920623779,0.8141727468041665,-1.764709711074829
extended,crop_farming,12,ET0713,15,1.82460355758667,1.9568966878287999,-15.257896423339844,0.7593507170677185,0.9354622947988801,-2.715190887451172
extended,crop_farming,12,ET0714,15,0.8545998334884644,0.8832360323512263,-8.701876640319824,0.46269258856773376,0.5836753665583231,-3.236867904663086
extended,crop_farming,12,ET0715,15,0.5178077816963196,0.6239304689693084,-2.8863918781280518,0.46341338753700256,0.5389621751832916,-1.8999519348144531
extended,crop_farming,12,ET0716,15,0.35530754923820496,0.4690846678993314,-0.443371057510376,0.3961186707019806,0.60475581865007,-1.3990294933319092
extended,crop_farming,12,ET0720,15,0.4902861416339874,0.6310303872570638,-2.7548131942749023,0.41770240664482117,0.5129897080740556,-1.481447458267212
extended,crop_farming,12,ET0721,15,0.9270912408828735,1.0671461284431922,-3.6814656257629395,0.46146461367607117,0.6674435653475227,-0.8313155174255371
extended,crop_farming,12,ET0722,15,1.2985554933547974,1.4324703128261667,-5.577791213989258,0.5316421389579773,0.7910873192215561,-1.0061233043670654
extended,crop_farming,12,ET0723,15,1.2164795398712158,1.31788601889821,-6.4828948974609375,0.7278611660003662,0.9793267153076376,-3.132084369659424
extended,crop_farming,12,ET0724,15,0.22096945345401764,0.25761142750302596,-336.0391845703125,0.015347456559538841,0.021680174722222792,-1.3871281147003174
extended,crop_farming,12,ET1101,15,0.20672443509101868,0.2548852386943764,0.0,0.0,0.0,1.0
extended,crop_farming,12,ET1102,15,0.1888100653886795,0.258759061405905,-2058769.375,0.00023496150970458984,0.0003101995566663399,-1.9586877822875977
extended,crop_farming,12,ET1103,15,0.26047810912132263,0.31450229757876724,-131131.734375,0.0006813049549236894,0.0013193413355835006,-1.3076918125152588
extended,crop_farming,12,ET1104,15,0.7210004329681396,0.838211887188312,-1.601935863494873,0.6728947758674622,0.8174101575427062,-1.4743950366973877
extended,crop_farming,12,ET1105,15,0.20167241990566254,0.315034778563479,-19.954259872436523,0.08382570743560791,0.11391065301221374,-1.7395801544189453
extended,crop_farming,12,ET1106,15,0.18811729550361633,0.23517041337966516,-95.4143295288086,0.027253491804003716,0.03370957817451117,-0.9809925556182861
extended,crop_farming,12,ET1202,15,0.4601825177669525,0.5632335859600021,-92.73412322998047,0.05808285251259804,0.09024250130164958,-1.406261920928955
extended,crop_farming,12,ET1203,15,0.5058429837226868,0.5874101570098091,-2181177.25,0.00031201043748296797,0.0006042056250536885,-1.3076918125152588
extended,crop_farming,12,ET1204,15,0.2816682755947113,0.3287230219124164,-2431.8994140625,0.006873369216918945,0.010047990802990608,-1.2731199264526367
extended,crop_farming,12,ET1301,15,0.32779592275619507,0.40629507695050215,-2.4379191398620605,0.1627976894378662,0.24823944246348598,-0.28337669372558594
extended,crop_farming,12,ET1401,15,0.3416140377521515,0.4097501470008107,-30934228.0,5.779266211902723e-05,0.00011191501019072127,-1.3076913356781006
extended,crop_farming,12,ET1501,15,0.53071129322052,0.588239724566801,-7.562739372253418,0.30095455050468445,0.4247648198504427,-3.4647908210754395
extended,crop_farming,12,ET1502,15,0.5068756937980652,0.6558666926345516,-2.4159281253814697,0.46490877866744995,0.5644184088673276,-1.5297634601593018
extended,crop_farming,12,ET1600,15,0.4284842610359192,0.5205951781965161,-1.31715726852417,0.4454628527164459,0.5606735299070601,-1.687666416168213
extended,pastoral,0,ET0201,15,0.8752465844154358,0.9821746697165865,-5.025552272796631,0.2650483548641205,0.3496558089294843,0.23633849620819092
extended,pastoral,0,ET0202,15,2.236955404281616,2.3614624086223404,-29.425411224365234,0.31308427453041077,0.4335805701924693,-0.02568507194519043
extended,pastoral,0,ET0203,15,1.0152007341384888,1.2694098781375043,-4.3714776039123535,0.3554128408432007,0.5227637438433697,0.08903658390045166
extended,pastoral,0,ET0204,15,2.2175955772399902,2.291854145588698,-11.721641540527344,0.37561124563217163,0.5340684848224619,0.30918288230895996
extended,pastoral,0,ET0205,15,1.081729531288147,1.248922551236147,-8.428815841674805,0.39142513275146484,0.5964740454997851,-1.1506476402282715
extended,pastoral,0,ET0411,15,0.5404374599456787,0.6164752858692845,-3.02665376663208,0.3488737642765045,0.4036085008974524,-0.7259711027145386
extended,pastoral,0,ET0412,15,1.3781901597976685,1.6409758419743665,-5.143645286560059,0.2666264474391937,0.3391607260925796,0.7375583052635193
extended,pastoral,0,ET0414,15,0.660038948059082,0.859497755126507,-3.399005889892578,0.3812071979045868,0.45480371150261245,-0.23172295093536377
extended,pastoral,0,ET0415,15,1.6753495931625366,1.7837595076865622,-14.41585922241211,0.4301814138889313,0.575106550793392,-0.6024768352508545
extended,pastoral,0,ET0421,15,0.61417555809021,0.7683067455021944,-2.144502878189087,0.39472121000289917,0.5252698170910275,-0.4697638750076294
extended,pastoral,0,ET0501,15,1.6159838438034058,1.6961761946564078,-23.28058433532715,0.3247806429862976,0.4475348382846864,-0.6903277635574341
extended,pastoral,0,ET0503,15,2.1396095752716064,2.243520944958783,-21.987903594970703,0.3944307267665863,0.5969302436468252,-0.6273698806762695
extended,pastoral,0,ET0504,15,2.247459650039673,2.306044770493519,-151.60394287109375,0.16567467153072357,0.2646812756424678,-1.0103733539581299
extended,pastoral,0,ET0505,15,1.773960828781128,1.8709944855992553,-13.813491821289062,0.4889574944972992,0.5783034899685953,-0.4152202606201172
extended,pastoral,0,ET0506,15,2.32745099067688,2.3978266730325295,-30.115507125854492,0.21566632390022278,0.3322904808995885,0.40244609117507935
extended,pastoral,0,ET0507,15,2.2988805770874023,2.3991349290411663,-22.043201446533203,0.5154233574867249,0.7032163348746181,-0.9797548055648804
extended,pastoral,0,ET0508,15,2.540712833404541,2.681210365980604,-14.984097480773926,0.26429682970046997,0.47668397637206916,0.49477195739746094
extended,pastoral,0,ET0509,15,1.5772489309310913,1.6703714044531226,-6.765928745269775,0.25906047224998474,0.4426105073292257,0.4547310471534729
extended,pastoral,0,ET0510,15,2.2393739223480225,2.3397623344101977,-33.60093307495117,0.35654717683792114,0.5625779574732617,-1.0003671646118164
extended,pastoral,0,ET0511,15,2.70552659034729,2.8314435677958167,-28.669660568237305,0.17980904877185822,0.36571947817064576,0.5050139427185059
extended,pastoral,1,ET0201,15,1.2922474145889282,1.4242657693957819,-11.67072582244873,0.2650483548641205,0.3496558089294843,0.23633849620819092
extended,pastoral,1,ET0202,15,2.3552350997924805,2.4340963808973965,-31.325847625732422,0.31308427453041077,0.4335805701924693,-0.02568507194519043
extended,pastoral,1,ET0203,15,1.1468746662139893,1.3863273390582047,-5.406511306762695,0.3554128408432007,0.5227637438433697,0.08903658390045166
extended,pastoral,1,ET0204,15,2.359546661376953,2.452447105093949,-13.56694507598877,0.37561124563217163,0.5340684848224619,0.30918288230895996
extended,pastoral,1,ET0205,15,1.1066279411315918,1.2877075935332432,-9.023528099060059,0.39142513275146484,0.5964740454997851,-1.1506476402282715
extended,pastoral,1,ET0411,15,0.6726964712142944,0.7849795394101894,-5.528743267059326,0.3488737642765045,0.4036085008974524,-0.7259711027145386
extended,pastoral,1,ET0412,15,1.6997501850128174,1.8373976075585052,-6.70243501663208,0.2666264474391937,0.3391607260925796,0.7375583052635193
extended,pastoral,1,ET0414,15,0.8551163077354431,0.9213868804753601,-4.055325031280518,0.3812071979045868,0.45480371150261245,-0.23172295093536377
extended,pastoral,1,ET0415,15,1.613629937171936,1.772923600944947,-14.229132652282715,0.4301814138889313,0.575106550793392,-0.6024768352508545
extended,pastoral,1,ET0421,15,1.1145663261413574,1.2634963041854566,-7.504144668579102,0.39472121000289917,0.5252698170910275,-0.4697638750076294
extended,pastoral,1,ET0501,15,1.5436700582504272,1.6777279801518843,-22.75528907775879,0.3247806429862976,0.4475348382846864,-0.6903277635574341
extended,pastoral,1,ET0503,15,2.090365409851074,2.265422943576155,-22.43892478942871,0.3944307267665863,0.5969302436468252,-0.6273698806762695
extended,pastoral,1,ET0504,15,2.211122751235962,2.3025794781978686,-151.14564514160156,0.16567467153072357,0.2646812756424678,-1.0103733539581299
extended,pastoral,1,ET0505,15,1.932594656944275,1.9844067188040777,-15.66379165649414,0.4889574944972992,0.5783034899685953,-0.4152202606201172
extended,pastoral,1,ET0506,15,2.5666041374206543,2.6374883136219176,-36.64630889892578,0.21566632390022278,0.3322904808995885,0.40244609117507935
extended,pastoral,1,ET0507,15,2.2308316230773926,2.3789913368981352,-21.65787696838379,0.5154233574867249,0.7032163348746181,-0.9797548055648804
extended,pastoral,1,ET0508,15,2.5677220821380615,2.7753202683123477,-16.125865936279297,0.26429682970046997,0.47668397637206916,0.49477195739746094
extended,pastoral,1,ET0509,15,1.774849534034729,1.8661011923595494,-8.69254207611084,0.25906047224998474,0.4426105073292257,0.4547310471534729
extended,pastoral,1,ET0510,15,2.1663568019866943,2.305009205235038,-32.580692291259766,0.35654717683792114,0.5625779574732617,-1.0003671646118164
extended,pastoral,1,ET0511,15,2.6455957889556885,2.831373172463857,-28.66818618774414,0.17980904877185822,0.36571947817064576,0.5050139427185059
extended,pastoral,2,ET0201,15,1.2546231746673584,1.395285309017215,-11.160332679748535,0.2650483548641205,0.3496558089294843,0.23633849620819092
extended,pastoral,2,ET0202,15,2.26540207862854,2.3634562782228583,-29.47681427001953,0.31308427453041077,0.4335805701924693,-0.02568507194519043
extended,pastoral,2,ET0203,15,1.2280101776123047,1.3981019368697356,-5.515799045562744,0.3554128408432007,0.5227637438433697,0.08903658390045166
extended,pastoral,2,ET0204,15,2.3334014415740967,2.4709557445581543,-13.787649154663086,0.37561124563217163,0.5340684848224619,0.30918288230895996
extended,pastoral,2,ET0205,15,1.0674806833267212,1.2464467089875713,-8.391469955444336,0.39142513275146484,0.5964740454997851,-1.1506476402282715
extended,pastoral,2,ET0411,15,0.4433341324329376,0.5487322469024986,-2.190317392349243,0.3488737642765045,0.4036085008974524,-0.7259711027145386
extended,pastoral,2,ET0412,15,1.510382890701294,1.6648745995343561,-5.323896884918213,0.2666264474391937,0.3391607260925796,0.7375583052635193
extended,pastoral,2,ET0414,15,0.6151014566421509,0.819816584775915,-3.002196788787842,0.3812071979045868,0.45480371150261245,-0.23172295093536377
extended,pastoral,2,ET0415,15,1.621264934539795,1.7492556351269288,-13.825239181518555,0.4301814138889313,0.575106550793392,-0.6024768352508545
extended,pastoral,2,ET0421,15,0.9519994854927063,1.0991025471488864,-5.435156345367432,0.39472121000289917,0.5252698170910275,-0.4697638750076294
extended,pastoral,2,ET0501,15,1.5147812366485596,1.6434771496258058,-21.79526138305664,0.3247806429862976,0.4475348382846864,-0.6903277635574341
extended,pastoral,2,ET0503,15,2.0700016021728516,2.2257893608697974,-21.6259708404541,0.3944307267665863,0.5969302436468252,-0.6273698806762695
extended,pastoral,2,ET0504,15,2.221952199935913,2.2822592606036425,-148.47213745117188,0.16567467153072357,0.2646812756424678,-1.0103733539581299
extended,pastoral,2,ET0505,15,1.7603152990341187,1.851441520247431,-13.50549030303955,0.4889574944972992,0.5783034899685953,-0.4152202606201172
extended,pastoral,2,ET0506,15,2.428361415863037,2.49778974102967,-32.76393508911133,0.21566632390022278,0.3322904808995885,0.40244609117507935
extended,pastoral,2,ET0507,15,2.220802068710327,2.356671432731302,-21.23471450805664,0.5154233574867249,0.7032163348746181,-0.9797548055648804
extended,pastoral,2,ET0508,15,2.5545578002929688,2.7647501105851706,-15.995662689208984,0.26429682970046997,0.47668397637206916,0.49477195739746094
extended,pastoral,2,ET0509,15,1.8983887434005737,2.0022534549877182,-10.158489227294922,0.25906047224998474,0.4426105073292257,0.4547310471534729
extended,pastoral,2,ET0510,15,2.18914532661438,2.288160439294712,-32.09156036376953,0.35654717683792114,0.5625779574732617,-1.0003671646118164
extended,pastoral,2,ET0511,15,2.646691083908081,2.7916327422249076,-27.841201782226562,0.17980904877185822,0.36571947817064576,0.5050139427185059
extended,pastoral,3,ET0201,15,1.1166529655456543,1.2452021551125194,-8.684988975524902,0.2650483548641205,0.3496558089294843,0.23633849620819092
extended,pastoral,3,ET0202,15,2.022595167160034,2.146626322862767,-24.14127540588379,0.31308427453041077,0.4335805701924693,-0.02568507194519043
extended,pastoral,3,ET0203,15,1.0440611839294434,1.20362318549424,-3.8291544914245605,0.3554128408432007,0.5227637438433697,0.08903658390045166
extended,pastoral,3,ET0204,15,1.9769253730773926,2.1404278518219155,-10.096100807189941,0.37561124563217163,0.5340684848224619,0.30918288230895996
extended,pastoral,3,ET0205,15,0.928065299987793,1.1158642167785762,-6.526772975921631,0.39142513275146484,0.5964740454997851,-1.1506476402282715
extended,pastoral,3,ET0411,15,0.43438446521759033,0.5593857652278286,-2.3153984546661377,0.3488737642765045,0.4036085008974524,-0.7259711027145386
extended,pastoral,3,ET0412,15,1.5671581029891968,1.763195290285041,-6.092879772186279,0.2666264474391937,0.3391607260925796,0.7375583052635193
extended,pastoral,3,ET0414,15,0.7533396482467651,0.9852755529540307,-4.78070068359375,0.3812071979045868,0.45480371150261245,-0.23172295093536377
extended,pastoral,3,ET0415,15,1.3532832860946655,1.5127682849874005,-10.087661743164062,0.4301814138889313,0.575106550793392,-0.6024768352508545
extended,pastoral,3,ET0421,15,0.8498910069465637,1.030286454394221,-4.654557704925537,0.39472121000289917,0.5252698170910275,-0.4697638750076294
extended,pastoral,3,ET0501,15,1.304426908493042,1.4258595902332671,-16.158161163330078,0.3247806429862976,0.4475348382846864,-0.6903277635574341
extended,pastoral,3,ET0503,15,1.8309522867202759,1.990901217617272,-17.10249900817871,0.3944307267665863,0.5969302436468252,-0.6273698806762695
extended,pastoral,3,ET0504,15,1.941753625869751,2.016322052360547,-115.66755676269531,0.16567467153072357,0.2646812756424678,-1.0103733539581299
extended,pastoral,3,ET0505,15,1.5889077186584473,1.685980218411533,-11.028663635253906,0.4889574944972992,0.5783034899685953,-0.4152202606201172
extended,pastoral,3,ET0506,15,2.217130184173584,2.2767969852457037,-27.05368423461914,0.21566632390022278,0.3322904808995885,0.40244609117507935
extended,pastoral,3,ET0507,15,1.9928778409957886,2.131265827019507,-17.18480682373047,0.5154233574867249,0.7032163348746181,-0.9797548055648804
extended,pastoral,3,ET0508,15,2.2072014808654785,2.4123556775817976,-11.939247131347656,0.26429682970046997,0.47668397637206916,0.49477195739746094
extended,pastoral,3,ET0509,15,1.715808629989624,1.8200948036570284,-8.220519065856934,0.25906047224998474,0.4426105073292257,0.4547310471534729
extended,pastoral,3,ET0510,15,1.8759533166885376,2.002032677535246,-24.33300018310547,0.35654717683792114,0.5625779574732617,-1.0003671646118164
extended,pastoral,3,ET0511,15,2.3924214839935303,2.557608424896692,-23.20833396911621,0.17980904877185822,0.36571947817064576,0.5050139427185059
extended,pastoral,4,ET0201,15,1.0987008810043335,1.2718553133853887,-9.104034423828125,0.33638617396354675,0.4471834598681313,-0.24908173084259033
extended,pastoral,4,ET0202,15,2.4213130474090576,2.540300460676153,-34.20825958251953,0.5363829731941223,0.6160824213962453,-1.0708661079406738
extended,pastoral,4,ET0203,15,1.2263275384902954,1.449322884409373,-6.001971244812012,0.4578699469566345,0.583753099862145,-0.13592171669006348
extended,pastoral,4,ET0204,15,2.379960060119629,2.533137241939138,-14.541274070739746,0.5033273100852966,0.6190710419744795,0.07178157567977905
extended,pastoral,4,ET0205,15,1.1605783700942993,1.3308790039191447,-9.706889152526855,0.4558478593826294,0.638915945657297,-1.4675934314727783
extended,pastoral,4,ET0411,15,0.36160963773727417,0.4839527227536587,-1.4815256595611572,0.364837646484375,0.42581957023436234,-0.9211627244949341
extended,pastoral,4,ET0412,15,1.3641164302825928,1.5297580379319173,-4.339089870452881,0.4505002200603485,0.5516003139166461,0.3058221936225891
extended,pastoral,4,ET0414,15,0.6058920621871948,0.7485777562231739,-2.336867094039917,0.3740789592266083,0.44780733378399157,-0.19411849975585938
extended,pastoral,4,ET0415,15,1.832268476486206,1.9568151175718953,-17.552169799804688,0.5045368075370789,0.5922994965706521,-0.6997218132019043
extended,pastoral,4,ET0421,15,0.8510100841522217,0.9833204888189196,-4.150778770446777,0.324948251247406,0.45775104149242113,-0.11619830131530762
extended,pastoral,4,ET0501,15,1.7210667133331299,1.8457454293060236,-27.75152015686035,0.4064314067363739,0.5303206168134097,-1.3735272884368896
extended,pastoral,4,ET0503,15,2.277613401412964,2.4422295486823167,-26.240310668945312,0.5078586339950562,0.6862194750377362,-1.1506273746490479
extended,pastoral,4,ET0504,15,2.4590461254119873,2.5079328561583414,-179.49371337890625,0.13937512040138245,0.25725532782202526,-0.8991490602493286
extended,pastoral,4,ET0505,15,1.9057211875915527,1.9943416542701276,-15.831064224243164,0.5440183281898499,0.7166660199790816,-1.1734318733215332
extended,pastoral,4,ET0506,15,2.543548583984375,2.604308366099311,-35.705074310302734,0.3329620957374573,0.4533473324396503,-0.11225271224975586
extended,pastoral,4,ET0507,15,2.4580471515655518,2.5925059264951265,-25.907480239868164,0.520460844039917,0.707076729844983,-1.0015506744384766
extended,pastoral,4,ET0508,15,2.7480990886688232,2.937764744292854,-18.189353942871094,0.5125824809074402,0.6839036511552015,-0.039958834648132324
extended,pastoral,4,ET0509,15,1.7519763708114624,1.840477900949883,-8.428194046020508,0.44004127383232117,0.6162807225583482,-0.057120561599731445
extended,pastoral,4,ET0510,15,2.421771764755249,2.513451152320028,-38.92870330810547,0.36167019605636597,0.6651653556388655,-1.7964274883270264
extended,pastoral,4,ET0511,15,2.8684890270233154,3.0072079533992646,-32.467533111572266,0.3144773542881012,0.5175156753580096,0.008839905261993408
extended,pastoral,8,ET0201,15,1.1688328981399536,1.3416192216164957,-10.242889404296875,0.41350072622299194,0.5177759044563984,-0.6745692491531372
extended,pastoral,8,ET0202,15,1.651767611503601,1.80093058796446,-16.695724487304688,0.5832716226577759,0.6435320188845347,-1.2595124244689941
extended,pastoral,8,ET0203,15,1.0560803413391113,1.1276084541550573,-3.23844575881958,0.5523216724395752,0.7131305447629497,-0.6952279806137085
extended,pastoral,8,ET0204,15,2.0033936500549316,2.1526417050033264,-10.22309684753418,0.6162146329879761,0.7833353820395227,-0.4861569404602051
extended,pastoral,8,ET0205,15,0.8419177532196045,1.0396864888926143,-5.534177780151367,0.26677167415618896,0.4607232129118162,-0.2831171751022339
extended,pastoral,8,ET0411,15,0.29845231771469116,0.37097838766969143,-0.4581766128540039,0.2521291673183441,0.36909571379485606,-0.44341397285461426
extended,pastoral,8,ET0412,15,1.4011461734771729,1.49459038242067,-4.096430778503418,0.6145011186599731,0.7142663927530377,-0.16397106647491455
extended,pastoral,8,ET0414,15,0.5798439383506775,0.7529580275450332,-2.3760321140289307,0.3829222619533539,0.4537559588753009,-0.22605443000793457
extended,pastoral,8,ET0415,15,0.6460551023483276,0.7534783685866158,-1.7506585121154785,0.4201904535293579,0.5200577269661634,-0.3103829622268677
extended,pastoral,8,ET0421,15,0.8487287759780884,0.9523133433418923,-3.8310599327087402,0.450143426656723,0.5638897205867595,-0.6938347816467285
extended,pastoral,8,ET0501,15,0.337247371673584,0.4984046698015475,-1.0964350700378418,0.3139980435371399,0.41651154451868266,-0.46410179138183594
extended,pastoral,8,ET0503,15,0.9015200138092041,1.028220842990079,-3.828495979309082,0.40272724628448486,0.6069559598010265,-0.6824938058853149
extended,pastoral,8,ET0504,15,1.0324982404708862,1.0998323529543503,-33.7122917175293,0.1628568172454834,0.263916283818196,-0.9987691640853882
extended,pastoral,8,ET0505,15,1.3951184749603271,1.5375105880744893,-9.003423690795898,0.5304977893829346,0.6663665070930834,-0.8790518045425415
extended,pastoral,8,ET0506,15,2.551508903503418,2.597402184473971,-35.51066207885742,0.41071948409080505,0.5030014727572804,-0.36924076080322266
extended,pastoral,8,ET0507,15,1.0024433135986328,1.106926378277928,-3.905360698699951,0.4003027379512787,0.7034184585224286,-0.9808928966522217
extended,pastoral,8,ET0508,15,1.9375507831573486,2.1784890000698405,-9.552056312561035,0.5299406051635742,0.7035407214901575,-0.10053741931915283
extended,pastoral,8,ET0509,15,1.7339400053024292,1.8409049502881683,-8.432570457458496,0.5055360794067383,0.6887340091365192,-0.3202931880950928
extended,pastoral,8,ET0510,15,0.9436517357826233,1.048961552776307,-5.954460620880127,0.2903585135936737,0.5016346674542939,-0.5904476642608643
extended,pastoral,8,ET0511,15,1.3681975603103638,1.523558782982743,-7.590435981750488,0.3894282579421997,0.5919871512223654,-0.29694437980651855
extended,pastoral,12,ET0201,15,1.1518549919128418,1.3144463231447807,-9.792078971862793,0.46761220693588257,0.5767945626367634,-1.0780773162841797
extended,pastoral,12,ET0202,15,1.6413646936416626,1.7814583238281896,-16.315128326416016,0.4585508406162262,0.5742838816132276,-0.799399733543396
extended,pastoral,12,ET0203,15,1.040876030921936,1.1589211205275087,-3.4771103858947754,0.6521583199501038,0.8176303793971209,-1.2284560203552246
extended,pastoral,12,ET0204,15,1.9290424585342407,2.135559771945234,-10.045684814453125,0.6118962168693542,0.8023654804797138,-0.5592424869537354
extended,pastoral,12,ET0205,15,0.81854647397995,1.0185429251440623,-5.271115779876709,0.38613954186439514,0.5817275567096395,-1.0456221103668213
extended,pastoral,12,ET0411,15,0.3497038185596466,0.41301039417570845,-0.8073192834854126,0.40594932436943054,0.45754236186741604,-1.218071460723877
extended,pastoral,12,ET0412,15,1.4451342821121216,1.6077353263402463,-4.897267818450928,0.7734079957008362,0.8916455495122295,-0.8138704299926758
extended,pastoral,12,ET0414,15,0.5301576256752014,0.6400524697923565,-1.439474105834961,0.5475014448165894,0.6352488864286917,-1.4029951095581055
extended,pastoral,12,ET0415,15,0.8655491471290588,0.9563318304814837,-3.431107997894287,0.5700748562812805,0.721389898156575,-1.5213623046875
extended,pastoral,12,ET0421,15,0.8532199859619141,0.9612234667029144,-3.921884536743164,0.5274903178215027,0.6300963756852984,-1.1149332523345947
extended,pastoral,12,ET0501,15,0.6511811017990112,0.7882386618566116,-4.243638038635254,0.48939037322998047,0.5903072935715864,-1.9408543109893799
extended,pastoral,12,ET0503,15,1.2070437669754028,1.3515120921354324,-7.342168807983398,0.39301177859306335,0.5976020189999941,-0.6310347318649292
extended,pastoral,12,ET0504,15,1.289166808128357,1.3619534822550063,-52.22979736328125,0.15128929913043976,0.25444793140708416,-0.8579249382019043
extended,pastoral,12,ET0505,15,1.5238286256790161,1.703838583867644,-11.284834861755371,0.40559688210487366,0.5374436604004457,-0.22230148315429688
extended,pastoral,12,ET0506,15,2.699323892593384,2.73979930727428,-39.62363815307617,0.5025948286056519,0.5935626738332024,-0.9066653251647949
extended,pastoral,12,ET0507,15,1.2477562427520752,1.370980412942214,-6.524817943572998,0.3871225416660309,0.6053228140894128,-0.46692395210266113
extended,pastoral,12,ET0508,15,2.2885711193084717,2.5966562741340558,-13.991851806640625,0.5496633052825928,0.7209111768846945,-0.15555298328399658
extended,pastoral,12,ET0509,15,1.7933499813079834,1.9369039541605624,-9.441994667053223,0.5886842012405396,0.7456188987616608,-0.547394871711731
extended,pastoral,12,ET0510,15,1.2248306274414062,1.3250321672241667,-10.096784591674805,0.2965383529663086,0.5011899318995227,-0.587628960609436
extended,pastoral,12,ET0511,15,1.77616286277771,1.9289315167576433,-12.769887924194336,0.4555763304233551,0.6461005555316855,-0.5448880195617676
