zone_code,dominant_livelihood_zone,scenario,collection_date,projection_end,lead_end,cs_date,pred_phase,obs_phase,pred_continuous,obs_continuous
ET0101,crop_farming,ML1,2025-12-01,2026-01-31,1,2026-02-01,2,2,1.994377880599762,2.10322301507884
ET0101,crop_farming,ML1,2025-11-01,2026-01-31,2,2026-02-01,2,2,1.994377880599762,2.10322301507884
ET0101,crop_farming,ML1,2025-10-01,2026-01-31,3,2026-02-01,2,2,1.994377880599762,2.10322301507884
ET0101,crop_farming,ML1,2026-01-01,2026-01-31,0,2026-02-01,2,2,1.994377880599762,2.10322301507884
ET0101,crop_farming,ML2,2025-10-01,2026-05-31,7,2026-06-01,2,3,2.192719861837256,2.5764374690973666
ET0101,crop_farming,ML2,2025-11-01,2026-05-31,6,2026-06-01,2,3,2.192719861837256,2.5764374690973666
ET0101,crop_farming,ML2,2025-12-01,2026-05-31,5,2026-06-01,2,3,2.192719861837256,2.5764374690973666
ET0101,crop_farming,ML1,2026-04-01,2026-05-31,1,2026-06-01,2,3,2.10322301507884,2.5764374690973666
ET0101,crop_farming,ML1,2026-05-01,2026-05-31,0,2026-06-01,2,3,2.10322301507884,2.5764374690973666
ET0101,crop_farming,ML2,2026-01-01,2026-05-31,4,2026-06-01,2,3,2.192719861837256,2.5764374690973666
ET0101,crop_farming,ML1,2026-03-01,2026-05-31,2,2026-06-01,2,3,2.192719861837256,2.5764374690973666
ET0101,crop_farming,ML1,2026-02-01,2026-05-31,3,2026-06-01,2,3,2.192719861837256,2.5764374690973666
ET0102,crop_farming,ML1,2025-12-01,2026-01-31,1,2026-02-01,2,3,2.0,2.5548342255782797
ET0102,crop_farming,ML1,2025-11-01,2026-01-31,2,2026-02-01,2,3,2.0,2.5548342255782797
ET0102,crop_farming,ML1,2025-10-01,2026-01-31,3,2026-02-01,2,3,2.0,2.5548342255782797
ET0102,crop_farming,ML1,2026-01-01,2026-01-31,0,2026-02-01,2,3,2.0,2.5548342255782797
ET0102,crop_farming,ML2,2025-10-01,2026-05-31,7,2026-06-01,3,3,2.3442905609730498,2.999875804150759
ET0102,crop_farming,ML2,2025-11-01,2026-05-31,6,2026-06-01,3,3,2.3442905609730498,2.999875804150759
ET0102,crop_farming,ML2,2025-12-01,2026-05-31,5,2026-06-01,3,3,2.3442905609730498,2.999875804150759
ET0102,crop_farming,ML1,2026-04-01,2026-05-31,1,2026-06-01,3,3,2.5282913520596035,2.999875804150759
ET0102,crop_farming,ML1,2026-05-01,2026-05-31,0,2026-06-01,3,3,2.5282913520596035,2.999875804150759
ET0102,crop_farming,ML2,2026-01-01,2026-05-31,4,2026-06-01,3,3,2.3442905609730498,2.999875804150759
ET0102,crop_farming,ML1,2026-03-01,2026-05-31,2,2026-06-01,3,3,2.7060116679664383,2.999875804150759
ET0102,crop_farming,ML1,2026-02-01,2026-05-31,3,2026-06-01,3,3,2.7060116679664383,2.999875804150759
ET0103,crop_farming,ML1,2025-12-01,2026-01-31,1,2026-02-01,2,3,2.007212219758048,2.3545127991366934
ET0103,crop_farming,ML1,2025-11-01,2026-01-31,2,2026-02-01,2,3,2.007212219758048,2.3545127991366934
ET0103,crop_farming,ML1,2025-10-01,2026-01-31,3,2026-02-01,2,3,2.007212219758048,2.3545127991366934
ET0103,crop_farming,ML1,2026-01-01,2026-01-31,0,2026-02-01,2,3,2.007212219758048,2.3545127991366934
ET0103,crop_farming,ML2,2025-10-01,2026-05-31,7,2026-06-01,3,3,2.3084328127212417,2.9999999999999996
ET0103,crop_farming,ML2,2025-11-01,2026-05-31,6,2026-06-01,3,3,2.3084328127212417,2.9999999999999996
ET0103,crop_farming,ML2,2025-12-01,2026-05-31,5,2026-06-01,3,3,2.3084328127212417,2.9999999999999996
ET0103,crop_farming,ML1,2026-04-01,2026-05-31,1,2026-06-01,3,3,2.287508262833928,2.9999999999999996
ET0103,crop_farming,ML1,2026-05-01,2026-05-31,0,2026-06-01,3,3,2.287508262833928,2.9999999999999996
ET0103,crop_farming,ML2,2026-01-01,2026-05-31,4,2026-06-01,3,3,2.3084328127212417,2.9999999999999996
ET0103,crop_farming,ML1,2026-03-01,2026-05-31,2,2026-06-01,3,3,2.479412644362495,2.9999999999999996
ET0103,crop_farming,ML1,2026-02-01,2026-05-31,3,2026-06-01,3,3,2.479412644362495,2.9999999999999996
ET0104,crop_farming,ML1,2025-12-01,2026-01-31,1,2026-02-01,2,3,2.005016049670287,2.420749398480955
ET0104,crop_farming,ML1,2025-11-01,2026-01-31,2,2026-02-01,2,3,2.005016049670287,2.420749398480955
ET0104,crop_farming,ML1,2025-10-01,2026-01-31,3,2026-02-01,2,3,2.005016049670287,2.420749398480955
ET0104,crop_farming,ML1,2026-01-01,2026-01-31,0,2026-02-01,2,3,2.005016049670287,2.420749398480955
ET0104,crop_farming,ML2,2025-10-01,2026-05-31,7,2026-06-01,3,3,2.408994554699919,2.95490937914915
ET0104,crop_farming,ML2,2025-11-01,2026-05-31,6,2026-06-01,3,3,2.408994554699919,2.95490937914915
ET0104,crop_farming,ML2,2025-12-01,2026-05-31,5,2026-06-01,3,3,2.408994554699919,2.95490937914915
ET0104,crop_farming,ML1,2026-04-01,2026-05-31,1,2026-06-01,3,3,2.420559200155815,2.95490937914915
ET0104,crop_farming,ML1,2026-05-01,2026-05-31,0,2026-06-01,3,3,2.420559200155815,2.95490937914915
ET0104,crop_farming,ML2,2026-01-01,2026-05-31,4,2026-06-01,3,3,2.408994554699919,2.95490937914915
ET0104,crop_farming,ML1,2026-03-01,2026-05-31,2,2026-06-01,3,3,2.4265828390045687,2.95490937914915
ET0104,crop_farming,ML1,2026-02-01,2026-05-31,3,2026-06-01,3,3,2.4265828390045687,2.95490937914915
ET0105,crop_farming,ML1,2025-12-01,2026-01-31,1,2026-02-01,1,1,1.004191181696267,1.004450819439484
ET0105,crop_farming,ML1,2025-11-01,2026-01-31,2,2026-02-01,1,1,1.004191181696267,1.004450819439484
ET0105,crop_farming,ML1,2025-10-01,2026-01-31,3,2026-02-01,1,1,1.004191181696267,1.004450819439484
ET0105,crop_farming,ML1,2026-01-01,2026-01-31,0,2026-02-01,1,1,1.004191181696267,1.004450819439484
ET0105,crop_farming,ML2,2025-10-01,2026-05-31,7,2026-06-01,1,2,1.004450819439484,1.8698772901418683
ET0105,crop_farming,ML2,2025-11-01,2026-05-31,6,2026-06-01,1,2,1.004450819439484,1.8698772901418683
ET0105,crop_farming,ML2,2025-12-01,2026-05-31,5,2026-06-01,1,2,1.004450819439484,1.8698772901418683
ET0105,crop_farming,ML1,2026-04-01,2026-05-31,1,2026-06-01,1,2,1.004450819439484,1.8698772901418683
ET0105,crop_farming,ML1,2026-05-01,2026-05-31,0,2026-06-01,1,2,1.004450819439484,1.8698772901418683
ET0105,crop_farming,ML2,2026-01-01,2026-05-31,4,2026-06-01,1,2,1.004450819439484,1.8698772901418683
ET0105,crop_farming,ML1,2026-03-01,2026-05-31,2,2026-06-01,1,2,1.004450819439484,1.8698772901418683
ET0105,crop_farming,ML1,2026-02-01,2026-05-31,3,2026-06-01,1,2,1.004450819439484,1.8698772901418683
ET0106,crop_farming,ML1,2025-12-01,2026-01-31,1,2026-02-01,2,3,2.0018216877499047,2.3113572307024604
ET0106,crop_farming,ML1,2025-11-01,2026-01-31,2,2026-02-01,2,3,2.0018216877499047,2.3113572307024604
ET0106,crop_farming,ML1,2025-10-01,2026-01-31,3,2026-02-01,2,3,2.0018216877499047,2.3113572307024604
ET0106,crop_farming,ML1,2026-01-01,2026-01-31,0,2026-02-01,2,3,2.0018216877499047,2.3113572307024604
ET0106,crop_farming,ML2,2025-10-01,2026-05-31,7,2026-06-01,3,3,2.412266134352272,2.973700819692214
ET0106,crop_farming,ML2,2025-11-01,2026-05-31,6,2026-06-01,3,3,2.412266134352272,2.973700819692214
ET0106,crop_farming,ML2,2025-12-01,2026-05-31,5,2026-06-01,3,3,2.412266134352272,2.973700819692214
ET0106,crop_farming,ML1,2026-04-01,2026-05-31,1,2026-06-01,3,3,2.4152096055408796,2.973700819692214
ET0106,crop_farming,ML1,2026-05-01,2026-05-31,0,2026-06-01,3,3,2.4152096055408796,2.973700819692214
ET0106,crop_farming,ML2,2026-01-01,2026-05-31,4,2026-06-01,3,3,2.412266134352272,2.973700819692214
ET0106,crop_farming,ML1,2026-03-01,2026-05-31,2,2026-06-01,3,3,2.423418427518141,2.973700819692214
ET0106,crop_farming,ML1,2026-02-01,2026-05-31,3,2026-06-01,3,3,2.423418427518141,2.973700819692214
ET0107,crop_farming,ML1,2025-12-01,2026-01-31,1,2026-02-01,2,2,1.9999999999999991,1.9999999999999991
ET0107,crop_farming,ML1,2025-11-01,2026-01-31,2,2026-02-01,2,2,1.9999999999999991,1.9999999999999991
ET0107,crop_farming,ML1,2025-10-01,2026-01-31,3,2026-02-01,2,2,1.9999999999999991,1.9999999999999991
ET0107,crop_farming,ML1,2026-01-01,2026-01-31,0,2026-02-01,2,2,1.9999999999999991,1.9999999999999991
ET0107,crop_farming,ML2,2025-10-01,2026-05-31,7,2026-06-01,2,2,1.9999999999999991,2.082165933127929
ET0107,crop_farming,ML2,2025-11-01,2026-05-31,6,2026-06-01,2,2,1.9999999999999991,2.082165933127929
ET0107,crop_farming,ML2,2025-12-01,2026-05-31,5,2026-06-01,2,2,1.9999999999999991,2.082165933127929
ET0107,crop_farming,ML1,2026-04-01,2026-05-31,1,2026-06-01,2,2,1.9999999999999991,2.082165933127929
ET0107,crop_farming,ML1,2026-05-01,2026-05-31,0,2026-06-01,2,2,1.9999999999999991,2.082165933127929
ET0107,crop_farming,ML2,2026-01-01,2026-05-31,4,2026-06-01,2,2,1.9999999999999991,2.082165933127929
ET0107,crop_farming,ML1,2026-03-01,2026-05-31,2,2026-06-01,2,2,1.9999999999999991,2.082165933127929
ET0107,crop_farming,ML1,2026-02-01,2026-05-31,3,2026-06-01,2,2,1.9999999999999991,2.082165933127929
ET0201,pastoral,ML1,2025-12-01,2026-01-31,1,2026-02-01,2,2,2.1902761628209144,2.1626021010863585
ET0201,pastoral,ML1,2025-11-01,2026-01-31,2,2026-02-01,2,2,2.1902761628209144,2.1626021010863585
ET0201,pastoral,ML1,2025-10-01,2026-01-31,3,2026-02-01,2,2,2.1902761628209144,2.1626021010863585
ET0201,pastoral,ML1,2026-01-01,2026-01-31,0,2026-02-01,2,2,2.1902761628209144,2.1626021010863585
ET0201,pastoral,ML2,2025-10-01,2026-05-31,7,2026-06-01,2,2,2.1902761628209144,2.1700921241864357
ET0201,pastoral,ML2,2025-11-01,2026-05-31,6,2026-06-01,2,2,2.1902761628209144,2.1700921241864357
ET0201,pastoral,ML2,2025-12-01,2026-05-31,5,2026-06-01,2,2,2.1902761628209144,2.1700921241864357
ET0201,pastoral,ML1,2026-04-01,2026-05-31,1,2026-06-01,2,2,2.1626021010863585,2.1700921241864357
ET0201,pastoral,ML1,2026-05-01,2026-05-31,0,2026-06-01,2,2,2.1626021010863585,2.1700921241864357
ET0201,pastoral,ML2,2026-01-01,2026-05-31,4,2026-06-01,2,2,2.1902761628209144,2.1700921241864357
ET0201,pastoral,ML1,2026-03-01,2026-05-31,2,2026-06-01,2,2,2.1626021010863585,2.1700921241864357
ET0201,pastoral,ML1,2026-02-01,2026-05-31,3,2026-06-01,2,2,2.1626021010863585,2.1700921241864357
ET0202,pastoral,ML1,2025-12-01,2026-01-31,1,2026-02-01,3,3,2.921009131085303,2.3248443313042753
ET0202,pastoral,ML1,2025-11-01,2026-01-31,2,2026-02-01,3,3,2.921009131085303,2.3248443313042753
ET0202,pastoral,ML1,2025-10-01,2026-01-31,3,2026-02-01,3,3,2.921009131085303,2.3248443313042753
ET0202,pastoral,ML1,2026-01-01,2026-01-31,0,2026-02-01,3,3,2.921009131085303,2.3248443313042753
ET0202,pastoral,ML2,2025-10-01,2026-05-31,7,2026-06-01,3,3,2.949905805168158,2.958621022366102
ET0202,pastoral,ML2,2025-11-01,2026-05-31,6,2026-06-01,3,3,2.949905805168158,2.958621022366102
ET0202,pastoral,ML2,2025-12-01,2026-05-31,5,2026-06-01,3,3,2.949905805168158,2.958621022366102
ET0202,pastoral,ML1,2026-04-01,2026-05-31,1,2026-06-01,3,3,2.726845531171515,2.958621022366102
ET0202,pastoral,ML1,2026-05-01,2026-05-31,0,2026-06-01,3,3,2.726845531171515,2.958621022366102
ET0202,pastoral,ML2,2026-01-01,2026-05-31,4,2026-06-01,3,3,2.949905805168158,2.958621022366102
ET0202,pastoral,ML1,2026-03-01,2026-05-31,2,2026-06-01,3,3,2.949905805168158,2.958621022366102
ET0202,pastoral,ML1,2026-02-01,2026-05-31,3,2026-06-01,3,3,2.949905805168158,2.958621022366102
ET0203,pastoral,ML1,2025-12-01,2026-01-31,1,2026-02-01,3,3,2.2776384296662817,2.2565982506795517
ET0203,pastoral,ML1,2025-11-01,2026-01-31,2,2026-02-01,3,3,2.2776384296662817,2.2565982506795517
ET0203,pastoral,ML1,2025-10-01,2026-01-31,3,2026-02-01,3,3,2.2776384296662817,2.2565982506795517
ET0203,pastoral,ML1,2026-01-01,2026-01-31,0,2026-02-01,3,3,2.2776384296662817,2.2565982506795517
ET0203,pastoral,ML2,2025-10-01,2026-05-31,7,2026-06-01,3,3,2.285435501638663,2.3506687418298227
ET0203,pastoral,ML2,2025-11-01,2026-05-31,6,2026-06-01,3,3,2.285435501638663,2.3506687418298227
ET0203,pastoral,ML2,2025-12-01,2026-05-31,5,2026-06-01,3,3,2.285435501638663,2.3506687418298227
ET0203,pastoral,ML1,2026-04-01,2026-05-31,1,2026-06-01,3,3,2.2565982506795517,2.3506687418298227
ET0203,pastoral,ML1,2026-05-01,2026-05-31,0,2026-06-01,3,3,2.2565982506795517,2.3506687418298227
ET0203,pastoral,ML2,2026-01-01,2026-05-31,4,2026-06-01,3,3,2.285435501638663,2.3506687418298227
ET0203,pastoral,ML1,2026-03-01,2026-05-31,2,2026-06-01,3,3,2.2565982506795517,2.3506687418298227
ET0203,pastoral,ML1,2026-02-01,2026-05-31,3,2026-06-01,3,3,2.2565982506795517,2.3506687418298227
ET0204,pastoral,ML1,2025-12-01,2026-01-31,1,2026-02-01,3,3,2.9802860477170547,2.970479008106108
ET0204,pastoral,ML1,2025-11-01,2026-01-31,2,2026-02-01,3,3,2.9802860477170547,2.970479008106108
ET0204,pastoral,ML1,2025-10-01,2026-01-31,3,2026-02-01,3,3,2.9802860477170547,2.970479008106108
ET0204,pastoral,ML1,2026-01-01,2026-01-31,0,2026-02-01,3,3,2.9802860477170547,2.970479008106108
ET0204,pastoral,ML2,2025-10-01,2026-05-31,7,2026-06-01,3,3,2.9820711941781535,2.9916383871058785
ET0204,pastoral,ML2,2025-11-01,2026-05-31,6,2026-06-01,3,3,2.9820711941781535,2.9916383871058785
ET0204,pastoral,ML2,2025-12-01,2026-05-31,5,2026-06-01,3,3,2.9820711941781535,2.9916383871058785
ET0204,pastoral,ML1,2026-04-01,2026-05-31,1,2026-06-01,3,3,2.8984155159241625,2.9916383871058785
ET0204,pastoral,ML1,2026-05-01,2026-05-31,0,2026-06-01,3,3,2.8984155159241625,2.9916383871058785
ET0204,pastoral,ML2,2026-01-01,2026-05-31,4,2026-06-01,3,3,2.9820711941781535,2.9916383871058785
ET0204,pastoral,ML1,2026-03-01,2026-05-31,2,2026-06-01,3,3,2.9820711941781535,2.9916383871058785
ET0204,pastoral,ML1,2026-02-01,2026-05-31,3,2026-06-01,3,3,2.9820711941781535,2.9916383871058785
ET0205,pastoral,ML1,2025-12-01,2026-01-31,1,2026-02-01,2,2,1.9533625370249508,1.9533625370249508
ET0205,pastoral,ML1,2025-11-01,2026-01-31,2,2026-02-01,2,2,1.9533625370249508,1.9533625370249508
ET0205,pastoral,ML1,2025-10-01,2026-01-31,3,2026-02-01,2,2,1.9533625370249508,1.9533625370249508
ET0205,pastoral,ML1,2026-01-01,2026-01-31,0,2026-02-01,2,2,1.9533625370249508,1.9533625370249508
ET0205,pastoral,ML2,2025-10-01,2026-05-31,7,2026-06-01,2,2,1.9533625370249508,2.0150351137568348
ET0205,pastoral,ML2,2025-11-01,2026-05-31,6,2026-06-01,2,2,1.9533625370249508,2.0150351137568348
ET0205,pastoral,ML2,2025-12-01,2026-05-31,5,2026-06-01,2,2,1.9533625370249508,2.0150351137568348
ET0205,pastoral,ML1,2026-04-01,2026-05-31,1,2026-06-01,2,2,1.9533625370249508,2.0150351137568348
ET0205,pastoral,ML1,2026-05-01,2026-05-31,0,2026-06-01,2,2,1.9533625370249508,2.0150351137568348
ET0205,pastoral,ML2,2026-01-01,2026-05-31,4,2026-06-01,2,2,1.9533625370249508,2.0150351137568348
ET0205,pastoral,ML1,2026-03-01,2026-05-31,2,2026-06-01,2,2,1.9533625370249508,2.0150351137568348
ET0205,pastoral,ML1,2026-02-01,2026-05-31,3,2026-06-01,2,2,1.9533625370249508,2.0150351137568348
ET0301,crop_farming,ML1,2025-12-01,2026-01-31,1,2026-02-01,2,3,1.7891041686562257,2.3933204681562414
ET0301,crop_farming,ML1,2025-11-01,2026-01-31,2,2026-02-01,2,3,1.7891041686562257,2.3933204681562414
ET0301,crop_farming,ML1,2025-10-01,2026-01-31,3,2026-02-01,2,3,1.7891041686562257,2.3933204681562414
ET0301,crop_farming,ML1,2026-01-01,2026-01-31,0,2026-02-01,2,3,1.7891041686562257,2.3933204681562414
ET0301,crop_farming,ML2,2025-10-01,2026-05-31,7,2026-06-01,3,3,2.400415031105546,2.786955278701802
ET0301,crop_farming,ML2,2025-11-01,2026-05-31,6,2026-06-01,3,3,2.400415031105546,2.786955278701802
ET0301,crop_farming,ML2,2025-12-01,2026-05-31,5,2026-06-01,3,3,2.400415031105546,2.786955278701802
ET0301,crop_farming,ML1,2026-04-01,2026-05-31,1,2026-06-01,3,3,2.3933204681562414,2.786955278701802
ET0301,crop_farming,ML1,2026-05-01,2026-05-31,0,2026-06-01,3,3,2.3933204681562414,2.786955278701802
ET0301,crop_farming,ML2,2026-01-01,2026-05-31,4,2026-06-01,3,3,2.400415031105546,2.786955278701802
ET0301,crop_farming,ML1,2026-03-01,2026-05-31,2,2026-06-01,3,3,2.400415031105546,2.786955278701802
ET0301,crop_farming,ML1,2026-02-01,2026-05-31,3,2026-06-01,3,3,2.400415031105546,2.786955278701802
ET0302,crop_farming,ML1,2025-12-01,2026-01-31,1,2026-02-01,2,2,1.3577731431264068,1.3577731431264068
ET0302,crop_farming,ML1,2025-11-01,2026-01-31,2,2026-02-01,2,2,1.3577731431264068,1.3577731431264068
ET0302,crop_farming,ML1,2025-10-01,2026-01-31,3,2026-02-01,2,2,1.3577731431264068,1.3577731431264068
ET0302,crop_farming,ML1,2026-01-01,2026-01-31,0,2026-02-01,2,2,1.3577731431264068,1.3577731431264068
ET0302,crop_farming,ML2,2025-10-01,2026-05-31,7,2026-06-01,2,3,1.3577731431264068,1.72691109485647
ET0302,crop_farming,ML2,2025-11-01,2026-05-31,6,2026-06-01,2,3,1.3577731431264068,1.72691109485647
ET0302,crop_farming,ML2,2025-12-01,2026-05-31,5,2026-06-01,2,3,1.3577731431264068,1.72691109485647
ET0302,crop_farming,ML1,2026-04-01,2026-05-31,1,2026-06-01,2,3,1.3577731431264068,1.72691109485647
ET0302,crop_farming,ML1,2026-05-01,2026-05-31,0,2026-06-01,2,3,1.3577731431264068,1.72691109485647
ET0302,crop_farming,ML2,2026-01-01,2026-05-31,4,2026-06-01,2,3,1.3577731431264068,1.72691109485647
ET0302,crop_farming,ML1,2026-03-01,2026-05-31,2,2026-06-01,2,3,1.3577731431264068,1.72691109485647
ET0302,crop_farming,ML1,2026-02-01,2026-05-31,3,2026-06-01,2,3,1.3577731431264068,1.72691109485647
ET0303,crop_farming,ML1,2025-12-01,2026-01-31,1,2026-02-01,2,3,2.0391094492920625,2.2321606913796104
ET0303,crop_farming,ML1,2025-11-01,2026-01-31,2,2026-02-01,2,3,2.0391094492920625,2.2321606913796104
ET0303,crop_farming,ML1,2025-10-01,2026-01-31,3,2026-02-01,2,3,2.0391094492920625,2.2321606913796104
ET0303,crop_farming,ML1,2026-01-01,2026-01-31,0,2026-02-01,2,3,2.0391094492920625,2.2321606913796104
ET0303,crop_farming,ML2,2025-10-01,2026-05-31,7,2026-06-01,3,3,2.2321606913796104,2.7141033393420075
ET0303,crop_farming,ML2,2025-11-01,2026-05-31,6,2026-06-01,3,3,2.2321606913796104,2.7141033393420075
ET0303,crop_farming,ML2,2025-12-01,2026-05-31,5,2026-06-01,3,3,2.2321606913796104,2.7141033393420075
ET0303,crop_farming,ML1,2026-04-01,2026-05-31,1,2026-06-01,3,3,2.2097433236063195,2.7141033393420075
ET0303,crop_farming,ML1,2026-05-01,2026-05-31,0,2026-06-01,3,3,2.2097433236063195,2.7141033393420075
ET0303,crop_farming,ML2,2026-01-01,2026-05-31,4,2026-06-01,3,3,2.2321606913796104,2.7141033393420075
ET0303,crop_farming,ML1,2026-03-01,2026-05-31,2,2026-06-01,3,3,2.2321606913796104,2.7141033393420075
ET0303,crop_farming,ML1,2026-02-01,2026-05-31,3,2026-06-01,3,3,2.2321606913796104,2.7141033393420075
ET0304,crop_farming,ML1,2025-12-01,2026-01-31,1,2026-02-01,3,3,1.7589009150581252,1.930527536495463
ET0304,crop_farming,ML1,2025-11-01,2026-01-31,2,2026-02-01,3,3,1.7589009150581252,1.930527536495463
ET0304,crop_farming,ML1,2025-10-01,2026-01-31,3,2026-02-01,3,3,1.7589009150581252,1.930527536495463
ET0304,crop_farming,ML1,2026-01-01,2026-01-31,0,2026-02-01,3,3,1.7589009150581252,1.930527536495463
ET0304,crop_farming,ML2,2025-10-01,2026-05-31,7,2026-06-01,3,3,1.930527536495463,2.3236366672566824
ET0304,crop_farming,ML2,2025-11-01,2026-05-31,6,2026-06-01,3,3,1.930527536495463,2.3236366672566824
ET0304,crop_farming,ML2,2025-12-01,2026-05-31,5,2026-06-01,3,3,1.930527536495463,2.3236366672566824
ET0304,crop_farming,ML1,2026-04-01,2026-05-31,1,2026-06-01,3,3,1.9303454522255508,2.3236366672566824
ET0304,crop_farming,ML1,2026-05-01,2026-05-31,0,2026-06-01,3,3,1.9303454522255508,2.3236366672566824
ET0304,crop_farming,ML2,2026-01-01,2026-05-31,4,2026-06-01,3,3,1.930527536495463,2.3236366672566824
ET0304,crop_farming,ML1,2026-03-01,2026-05-31,2,2026-06-01,3,3,1.930527536495463,2.3236366672566824
ET0304,crop_farming,ML1,2026-02-01,2026-05-31,3,2026-06-01,3,3,1.930527536495463,2.3236366672566824
ET0305,crop_farming,ML1,2025-12-01,2026-01-31,1,2026-02-01,1,2,1.1826964498109631,1.2039441963750268
ET0305,crop_farming,ML1,2025-11-01,2026-01-31,2,2026-02-01,1,2,1.1826964498109631,1.2039441963750268
ET0305,crop_farming,ML1,2025-10-01,2026-01-31,3,2026-02-01,1,2,1.1826964498109631,1.2039441963750268
ET0305,crop_farming,ML1,2026-01-01,2026-01-31,0,2026-02-01,1,2,1.1826964498109631,1.2039441963750268
ET0305,crop_farming,ML2,2025-10-01,2026-05-31,7,2026-06-01,2,3,1.2090502837116346,2.0276849020209275
ET0305,crop_farming,ML2,2025-11-01,2026-05-31,6,2026-06-01,2,3,1.2090502837116346,2.0276849020209275
ET0305,crop_farming,ML2,2025-12-01,2026-05-31,5,2026-06-01,2,3,1.2090502837116346,2.0276849020209275
ET0305,crop_farming,ML1,2026-04-01,2026-05-31,1,2026-06-01,2,3,1.2039441963750268,2.0276849020209275
ET0305,crop_farming,ML1,2026-05-01,2026-05-31,0,2026-06-01,2,3,1.2039441963750268,2.0276849020209275
ET0305,crop_farming,ML2,2026-01-01,2026-05-31,4,2026-06-01,2,3,1.2090502837116346,2.0276849020209275
ET0305,crop_farming,ML1,2026-03-01,2026-05-31,2,2026-06-01,2,3,1.2039441963750268,2.0276849020209275
ET0305,crop_farming,ML1,2026-02-01,2026-05-31,3,2026-06-01,2,3,1.2039441963750268,2.0276849020209275
ET0306,crop_farming,ML1,2025-12-01,2026-01-31,1,2026-02-01,1,1,1.002315395198807,1.002315395198807
ET0306,crop_farming,ML1,2025-11-01,2026-01-31,2,2026-02-01,1,1,1.002315395198807,1.002315395198807
ET0306,crop_farming,ML1,2025-10-01,2026-01-31,3,2026-02-01,1,1,1.002315395198807,1.002315395198807
ET0306,crop_farming,ML1,2026-01-01,2026-01-31,0,2026-02-01,1,1,1.002315395198807,1.002315395198807
ET0306,crop_farming,ML2,2025-10-01,2026-05-31,7,2026-06-01,1,1,1.002315395198807,1.1639191014567294
ET0306,crop_farming,ML2,2025-11-01,2026-05-31,6,2026-06-01,1,1,1.002315395198807,1.1639191014567294
ET0306,crop_farming,ML2,2025-12-01,2026-05-31,5,2026-06-01,1,1,1.002315395198807,1.1639191014567294
ET0306,crop_farming,ML1,2026-04-01,2026-05-31,1,2026-06-01,1,1,1.002315395198807,1.1639191014567294
ET0306,crop_farming,ML1,2026-05-01,2026-05-31,0,2026-06-01,1,1,1.002315395198807,1.1639191014567294
ET0306,crop_farming,ML2,2026-01-01,2026-05-31,4,2026-06-01,1,1,1.002315395198807,1.1639191014567294
ET0306,crop_farming,ML1,2026-03-01,2026-05-31,2,2026-06-01,1,1,1.002315395198807,1.1639191014567294
ET0306,crop_farming,ML1,2026-02-01,2026-05-31,3,2026-06-01,1,1,1.002315395198807,1.1639191014567294
ET0307,crop_farming,ML1,2025-12-01,2026-01-31,1,2026-02-01,1,1,1.000247971461409,1.000247971461409
ET0307,crop_farming,ML1,2025-11-01,2026-01-31,2,2026-02-01,1,1,1.000247971461409,1.000247971461409
ET0307,crop_farming,ML1,2025-10-01,2026-01-31,3,2026-02-01,1,1,1.000247971461409,1.000247971461409
ET0307,crop_farming,ML1,2026-01-01,2026-01-31,0,2026-02-01,1,1,1.000247971461409,1.000247971461409
ET0307,crop_farming,ML2,2025-10-01,2026-05-31,7,2026-06-01,1,1,1.000247971461409,1.000247971461409
ET0307,crop_farming,ML2,2025-11-01,2026-05-31,6,2026-06-01,1,1,1.000247971461409,1.000247971461409
ET0307,crop_farming,ML2,2025-12-01,2026-05-31,5,2026-06-01,1,1,1.000247971461409,1.000247971461409
ET0307,crop_farming,ML1,2026-04-01,2026-05-31,1,2026-06-01,1,1,1.000247971461409,1.000247971461409
ET0307,crop_farming,ML1,2026-05-01,2026-05-31,0,2026-06-01,1,1,1.000247971461409,1.000247971461409
ET0307,crop_farming,ML2,2026-01-01,2026-05-31,4,2026-06-01,1,1,1.000247971461409,1.000247971461409
ET0307,crop_farming,ML1,2026-03-01,2026-05-31,2,2026-06-01,1,1,1.000247971461409,1.000247971461409
ET0307,crop_farming,ML1,2026-02-01,2026-05-31,3,2026-06-01,1,1,1.000247971461409,1.000247971461409
ET0308,crop_farming,ML1,2025-12-01,2026-01-31,1,2026-02-01,2,3,1.9609541892714717,2.4293525828638716
ET0308,crop_farming,ML1,2025-11-01,2026-01-31,2,2026-02-01,2,3,1.9609541892714717,2.4293525828638716
ET0308,crop_farming,ML1,2025-10-01,2026-01-31,3,2026-02-01,2,3,1.9609541892714717,2.4293525828638716
ET0308,crop_farming,ML1,2026-01-01,2026-01-31,0,2026-02-01,2,3,1.9609541892714717,2.4293525828638716
ET0308,crop_farming,ML2,2025-10-01,2026-05-31,7,2026-06-01,3,3,2.5292981207730865,3.0
ET0308,crop_farming,ML2,2025-11-01,2026-05-31,6,2026-06-01,3,3,2.5292981207730865,3.0
ET0308,crop_farming,ML2,2025-12-01,2026-05-31,5,2026-06-01,3,3,2.5292981207730865,3.0
ET0308,crop_farming,ML1,2026-04-01,2026-05-31,1,2026-06-01,3,3,2.3898536465007525,3.0
ET0308,crop_farming,ML1,2026-05-01,2026-05-31,0,2026-06-01,3,3,2.3898536465007525,3.0
ET0308,crop_farming,ML2,2026-01-01,2026-05-31,4,2026-06-01,3,3,2.5292981207730865,3.0
ET0308,crop_farming,ML1,2026-03-01,2026-05-31,2,2026-06-01,3,3,2.5344474720615695,3.0
ET0308,crop_farming,ML1,2026-02-01,2026-05-31,3,2026-06-01,3,3,2.5344474720615695,3.0
ET0309,crop_farming,ML1,2025-12-01,2026-01-31,1,2026-02-01,1,1,1.0000000000000002,1.0000000000000002
ET0309,crop_farming,ML1,2025-11-01,2026-01-31,2,2026-02-01,1,1,1.0000000000000002,1.0000000000000002
ET0309,crop_farming,ML1,2025-10-01,2026-01-31,3,2026-02-01,1,1,1.0000000000000002,1.0000000000000002
ET0309,crop_farming,ML1,2026-01-01,2026-01-31,0,2026-02-01,1,1,1.0000000000000002,1.0000000000000002
ET0309,crop_farming,ML2,2025-10-01,2026-05-31,7,2026-06-01,1,1,1.0000000000000002,1.0000000000000002
ET0309,crop_farming,ML2,2025-11-01,2026-05-31,6,2026-06-01,1,1,1.0000000000000002,1.0000000000000002
ET0309,crop_farming,ML2,2025-12-01,2026-05-31,5,2026-06-01,1,1,1.0000000000000002,1.0000000000000002
ET0309,crop_farming,ML1,2026-04-01,2026-05-31,1,2026-06-01,1,1,1.0000000000000002,1.0000000000000002
ET0309,crop_farming,ML1,2026-05-01,2026-05-31,0,2026-06-01,1,1,1.0000000000000002,1.0000000000000002
ET0309,crop_farming,ML2,2026-01-01,2026-05-31,4,2026-06-01,1,1,1.0000000000000002,1.0000000000000002
ET0309,crop_farming,ML1,2026-03-01,2026-05-31,2,2026-06-01,1,1,1.0000000000000002,1.0000000000000002
ET0309,crop_farming,ML1,2026-02-01,2026-05-31,3,2026-06-01,1,1,1.0000000000000002,1.0000000000000002
ET0310,crop_farming,ML1,2025-12-01,2026-01-31,1,2026-02-01,2,2,1.7253642122868225,1.7323937883865903
ET0310,crop_farming,ML1,2025-11-01,2026-01-31,2,2026-02-01,2,2,1.7253642122868225,1.7323937883865903
ET0310,crop_farming,ML1,2025-10-01,2026-01-31,3,2026-02-01,2,2,1.7253642122868225,1.7323937883865903
ET0310,crop_farming,ML1,2026-01-01,2026-01-31,0,2026-02-01,2,2,1.7253642122868225,1.7323937883865903
ET0310,crop_farming,ML2,2025-10-01,2026-05-31,7,2026-06-01,2,3,1.7323937883865903,2.6463163781982297
ET0310,crop_farming,ML2,2025-11-01,2026-05-31,6,2026-06-01,2,3,1.7323937883865903,2.6463163781982297
ET0310,crop_farming,ML2,2025-12-01,2026-05-31,5,2026-06-01,2,3,1.7323937883865903,2.6463163781982297
ET0310,crop_farming,ML1,2026-04-01,2026-05-31,1,2026-06-01,2,3,1.7323937883865903,2.6463163781982297
ET0310,crop_farming,ML1,2026-05-01,2026-05-31,0,2026-06-01,2,3,1.7323937883865903,2.6463163781982297
ET0310,crop_farming,ML2,2026-01-01,2026-05-31,4,2026-06-01,2,3,1.7323937883865903,2.6463163781982297
ET0310,crop_farming,ML1,2026-03-01,2026-05-31,2,2026-06-01,2,3,1.7323937883865903,2.6463163781982297
ET0310,crop_farming,ML1,2026-02-01,2026-05-31,3,2026-06-01,2,3,1.7323937883865903,2.6463163781982297
ET0311,crop_farming,ML1,2025-12-01,2026-01-31,1,2026-02-01,1,1,1.1609346492197192,1.164957542120475
ET0311,crop_farming,ML1,2025-11-01,2026-01-31,2,2026-02-01,1,1,1.1609346492197192,1.164957542120475
ET0311,crop_farming,ML1,2025-10-01,2026-01-31,3,2026-02-01,1,1,1.1609346492197192,1.164957542120475
ET0311,crop_farming,ML1,2026-01-01,2026-01-31,0,2026-02-01,1,1,1.1609346492197192,1.164957542120475
ET0311,crop_farming,ML2,2025-10-01,2026-05-31,7,2026-06-01,1,1,1.164957542120475,1.466117698316821
ET0311,crop_farming,ML2,2025-11-01,2026-05-31,6,2026-06-01,1,1,1.164957542120475,1.466117698316821
ET0311,crop_farming,ML2,2025-12-01,2026-05-31,5,2026-06-01,1,1,1.164957542120475,1.466117698316821
ET0311,crop_farming,ML1,2026-04-01,2026-05-31,1,2026-06-01,1,1,1.164957542120475,1.466117698316821
ET0311,crop_farming,ML1,2026-05-01,2026-05-31,0,2026-06-01,1,1,1.164957542120475,1.466117698316821
ET0311,crop_farming,ML2,2026-01-01,2026-05-31,4,2026-06-01,1,1,1.164957542120475,1.466117698316821
ET0311,crop_farming,ML1,2026-03-01,2026-05-31,2,2026-06-01,1,1,1.164957542120475,1.466117698316821
ET0311,crop_farming,ML1,2026-02-01,2026-05-31,3,2026-06-01,1,1,1.164957542120475,1.466117698316821
ET0312,crop_farming,ML1,2025-12-01,2026-01-31,1,2026-02-01,1,1,1.0000000000000002,1.0000000000000002
ET0312,crop_farming,ML1,2025-11-01,2026-01-31,2,2026-02-01,1,1,1.0000000000000002,1.0000000000000002
ET0312,crop_farming,ML1,2025-10-01,2026-01-31,3,2026-02-01,1,1,1.0000000000000002,1.0000000000000002
ET0312,crop_farming,ML1,2026-01-01,2026-01-31,0,2026-02-01,1,1,1.0000000000000002,1.0000000000000002
ET0312,crop_farming,ML2,2025-10-01,2026-05-31,7,2026-06-01,1,1,1.0000000000000002,1.000031720550165
ET0312,crop_farming,ML2,2025-11-01,2026-05-31,6,2026-06-01,1,1,1.0000000000000002,1.000031720550165
ET0312,crop_farming,ML2,2025-12-01,2026-05-31,5,2026-06-01,1,1,1.0000000000000002,1.000031720550165
ET0312,crop_farming,ML1,2026-04-01,2026-05-31,1,2026-06-01,1,1,1.0000000000000002,1.000031720550165
ET0312,crop_farming,ML1,2026-05-01,2026-05-31,0,2026-06-01,1,1,1.0000000000000002,1.000031720550165
ET0312,crop_farming,ML2,2026-01-01,2026-05-31,4,2026-06-01,1,1,1.0000000000000002,1.000031720550165
ET0312,crop_farming,ML1,2026-03-01,2026-05-31,2,2026-06-01,1,1,1.0000000000000002,1.000031720550165
ET0312,crop_farming,ML1,2026-02-01,2026-05-31,3,2026-06-01,1,1,1.0000000000000002,1.000031720550165
ET0401,crop_farming,ML1,2025-12-01,2026-01-31,1,2026-02-01,1,1,1.1977281529190875,1.1977281529190875
ET0401,crop_farming,ML1,2025-11-01,2026-01-31,2,2026-02-01,1,1,1.1977281529190875,1.1977281529190875
ET0401,crop_farming,ML1,2025-10-01,2026-01-31,3,2026-02-01,1,1,1.1977281529190875,1.1977281529190875
ET0401,crop_farming,ML1,2026-01-01,2026-01-31,0,2026-02-01,1,1,1.1977281529190875,1.1977281529190875
ET0401,crop_farming,ML2,2025-10-01,2026-05-31,7,2026-06-01,1,1,1.1977281529190875,1.1977281529190875
ET0401,crop_farming,ML2,2025-11-01,2026-05-31,6,2026-06-01,1,1,1.1977281529190875,1.1977281529190875
ET0401,crop_farming,ML2,2025-12-01,2026-05-31,5,2026-06-01,1,1,1.1977281529190875,1.1977281529190875
ET0401,crop_farming,ML1,2026-04-01,2026-05-31,1,2026-06-01,1,1,1.1977281529190875,1.1977281529190875
ET0401,crop_farming,ML1,2026-05-01,2026-05-31,0,2026-06-01,1,1,1.1977281529190875,1.1977281529190875
ET0401,crop_farming,ML2,2026-01-01,2026-05-31,4,2026-06-01,1,1,1.1977281529190875,1.1977281529190875
ET0401,crop_farming,ML1,2026-03-01,2026-05-31,2,2026-06-01,1,1,1.1977281529190875,1.1977281529190875
ET0401,crop_farming,ML1,2026-02-01,2026-05-31,3,2026-06-01,1,1,1.1977281529190875,1.1977281529190875
ET0402,crop_farming,ML1,2025-12-01,2026-01-31,1,2026-02-01,1,1,1.1710172353290142,1.1710172353290142
ET0402,crop_farming,ML1,2025-11-01,2026-01-31,2,2026-02-01,1,1,1.1710172353290142,1.1710172353290142
ET0402,crop_farming,ML1,2025-10-01,2026-01-31,3,2026-02-01,1,1,1.1710172353290142,1.1710172353290142
ET0402,crop_farming,ML1,2026-01-01,2026-01-31,0,2026-02-01,1,1,1.1710172353290142,1.1710172353290142
ET0402,crop_farming,ML2,2025-10-01,2026-05-31,7,2026-06-01,1,1,1.1710172353290142,1.1710172353290142
ET0402,crop_farming,ML2,2025-11-01,2026-05-31,6,2026-06-01,1,1,1.1710172353290142,1.1710172353290142
ET0402,crop_farming,ML2,2025-12-01,2026-05-31,5,2026-06-01,1,1,1.1710172353290142,1.1710172353290142
ET0402,crop_farming,ML1,2026-04-01,2026-05-31,1,2026-06-01,1,1,1.1710172353290142,1.1710172353290142
ET0402,crop_farming,ML1,2026-05-01,2026-05-31,0,2026-06-01,1,1,1.1710172353290142,1.1710172353290142
ET0402,crop_farming,ML2,2026-01-01,2026-05-31,4,2026-06-01,1,1,1.1710172353290142,1.1710172353290142
ET0402,crop_farming,ML1,2026-03-01,2026-05-31,2,2026-06-01,1,1,1.1710172353290142,1.1710172353290142
ET0402,crop_farming,ML1,2026-02-01,2026-05-31,3,2026-06-01,1,1,1.1710172353290142,1.1710172353290142
ET0403,crop_farming,ML1,2025-12-01,2026-01-31,1,2026-02-01,1,1,1.0,1.0
ET0403,crop_farming,ML1,2025-11-01,2026-01-31,2,2026-02-01,1,1,1.0,1.0
ET0403,crop_farming,ML1,2025-10-01,2026-01-31,3,2026-02-01,1,1,1.0,1.0
ET0403,crop_farming,ML1,2026-01-01,2026-01-31,0,2026-02-01,1,1,1.0,1.0
ET0403,crop_farming,ML2,2025-10-01,2026-05-31,7,2026-06-01,1,1,1.0,1.0
ET0403,crop_farming,ML2,2025-11-01,2026-05-31,6,2026-06-01,1,1,1.0,1.0
ET0403,crop_farming,ML2,2025-12-01,2026-05-31,5,2026-06-01,1,1,1.0,1.0
ET0403,crop_farming,ML1,2026-04-01,2026-05-31,1,2026-06-01,1,1,1.0,1.0
ET0403,crop_farming,ML1,2026-05-01,2026-05-31,0,2026-06-01,1,1,1.0,1.0
ET0403,crop_farming,ML2,2026-01-01,2026-05-31,4,2026-06-01,1,1,1.0,1.0
ET0403,crop_farming,ML1,2026-03-01,2026-05-31,2,2026-06-01,1,1,1.0,1.0
ET0403,crop_farming,ML1,2026-02-01,2026-05-31,3,2026-06-01,1,1,1.0,1.0
ET0404,crop_farming,ML1,2025-12-01,2026-01-31,1,2026-02-01,1,1,1.0000000000000002,1.0000000000000002
ET0404,crop_farming,ML1,2025-11-01,2026-01-31,2,2026-02-01,1,1,1.0000000000000002,1.0000000000000002
ET0404,crop_farming,ML1,2025-10-01,2026-01-31,3,2026-02-01,1,1,1.0000000000000002,1.0000000000000002
ET0404,crop_farming,ML1,2026-01-01,2026-01-31,0,2026-02-01,1,1,1.0000000000000002,1.0000000000000002
ET0404,crop_farming,ML2,2025-10-01,2026-05-31,7,2026-06-01,1,1,1.0010077266158597,1.0000000000000002
ET0404,crop_farming,ML2,2025-11-01,2026-05-31,6,2026-06-01,1,1,1.0010077266158597,1.0000000000000002
ET0404,crop_farming,ML2,2025-12-01,2026-05-31,5,2026-06-01,1,1,1.0010077266158597,1.0000000000000002
ET0404,crop_farming,ML1,2026-04-01,2026-05-31,1,2026-06-01,1,1,1.0000000000000002,1.0000000000000002
ET0404,crop_farming,ML1,2026-05-01,2026-05-31,0,2026-06-01,1,1,1.0000000000000002,1.0000000000000002
ET0404,crop_farming,ML2,2026-01-01,2026-05-31,4,2026-06-01,1,1,1.0010077266158597,1.0000000000000002
ET0404,crop_farming,ML1,2026-03-01,2026-05-31,2,2026-06-01,1,1,1.0000000000000002,1.0000000000000002
ET0404,crop_farming,ML1,2026-02-01,2026-05-31,3,2026-06-01,1,1,1.0000000000000002,1.0000000000000002
ET0405,crop_farming,ML1,2025-12-01,2026-01-31,1,2026-02-01,1,1,1.0000000000000002,1.0000000000000002
ET0405,crop_farming,ML1,2025-11-01,2026-01-31,2,2026-02-01,1,1,1.0000000000000002,1.0000000000000002
ET0405,crop_farming,ML1,2025-10-01,2026-01-31,3,2026-02-01,1,1,1.0000000000000002,1.0000000000000002
ET0405,crop_farming,ML1,2026-01-01,2026-01-31,0,2026-02-01,1,1,1.0000000000000002,1.0000000000000002
ET0405,crop_farming,ML2,2025-10-01,2026-05-31,7,2026-06-01,1,1,1.0000000000000002,1.0000000000000002
ET0405,crop_farming,ML2,2025-11-01,2026-05-31,6,2026-06-01,1,1,1.0000000000000002,1.0000000000000002
ET0405,crop_farming,ML2,2025-12-01,2026-05-31,5,2026-06-01,1,1,1.0000000000000002,1.0000000000000002
ET0405,crop_farming,ML1,2026-04-01,2026-05-31,1,2026-06-01,1,1,1.0000000000000002,1.0000000000000002
ET0405,crop_farming,ML1,2026-05-01,2026-05-31,0,2026-06-01,1,1,1.0000000000000002,1.0000000000000002
ET0405,crop_farming,ML2,2026-01-01,2026-05-31,4,2026-06-01,1,1,1.0000000000000002,1.0000000000000002
ET0405,crop_farming,ML1,2026-03-01,2026-05-31,2,2026-06-01,1,1,1.0000000000000002,1.0000000000000002
ET0405,crop_farming,ML1,2026-02-01,2026-05-31,3,2026-06-01,1,1,1.0000000000000002,1.0000000000000002
ET0406,crop_farming,ML1,2025-12-01,2026-01-31,1,2026-02-01,1,1,1.0006889560724532,1.0006889560724532
ET0406,crop_farming,ML1,2025-11-01,2026-01-31,2,2026-02-01,1,1,1.0006889560724532,1.0006889560724532
ET0406,crop_farming,ML1,2025-10-01,2026-01-31,3,2026-02-01,1,1,1.0006889560724532,1.0006889560724532
ET0406,crop_farming,ML1,2026-01-01,2026-01-31,0,2026-02-01,1,1,1.0006889560724532,1.0006889560724532
ET0406,crop_farming,ML2,2025-10-01,2026-05-31,7,2026-06-01,2,1,1.2409336819078405,1.013886523068095
ET0406,crop_farming,ML2,2025-11-01,2026-05-31,6,2026-06-01,2,1,1.2409336819078405,1.013886523068095
ET0406,crop_farming,ML2,2025-12-01,2026-05-31,5,2026-06-01,2,1,1.2409336819078405,1.013886523068095
ET0406,crop_farming,ML1,2026-04-01,2026-05-31,1,2026-06-01,1,1,1.0006889560724532,1.013886523068095
ET0406,crop_farming,ML1,2026-05-01,2026-05-31,0,2026-06-01,1,1,1.0006889560724532,1.013886523068095
ET0406,crop_farming,ML2,2026-01-01,2026-05-31,4,2026-06-01,2,1,1.2409336819078405,1.013886523068095
ET0406,crop_farming,ML1,2026-03-01,2026-05-31,2,2026-06-01,1,1,1.0006889560724532,1.013886523068095
ET0406,crop_farming,ML1,2026-02-01,2026-05-31,3,2026-06-01,1,1,1.0006889560724532,1.013886523068095
ET0407,crop_farming,ML1,2025-12-01,2026-01-31,1,2026-02-01,1,2,1.006803529526349,1.246803731703714
ET0407,crop_farming,ML1,2025-11-01,2026-01-31,2,2026-02-01,1,2,1.006803529526349,1.246803731703714
ET0407,crop_farming,ML1,2025-10-01,2026-01-31,3,2026-02-01,1,2,1.006803529526349,1.246803731703714
ET0407,crop_farming,ML1,2026-01-01,2026-01-31,0,2026-02-01,1,2,1.006803529526349,1.246803731703714
ET0407,crop_farming,ML2,2025-10-01,2026-05-31,7,2026-06-01,2,2,1.244753210839484,1.5466400645502534
ET0407,crop_farming,ML2,2025-11-01,2026-05-31,6,2026-06-01,2,2,1.244753210839484,1.5466400645502534
ET0407,crop_farming,ML2,2025-12-01,2026-05-31,5,2026-06-01,2,2,1.244753210839484,1.5466400645502534
ET0407,crop_farming,ML1,2026-04-01,2026-05-31,1,2026-06-01,2,2,1.246803731703714,1.5466400645502534
ET0407,crop_farming,ML1,2026-05-01,2026-05-31,0,2026-06-01,2,2,1.246803731703714,1.5466400645502534
ET0407,crop_farming,ML2,2026-01-01,2026-05-31,4,2026-06-01,2,2,1.244753210839484,1.5466400645502534
ET0407,crop_farming,ML1,2026-03-01,2026-05-31,2,2026-06-01,2,2,1.246803731703714,1.5466400645502534
ET0407,crop_farming,ML1,2026-02-01,2026-05-31,3,2026-06-01,2,2,1.246803731703714,1.5466400645502534
ET0408,crop_farming,ML1,2025-12-01,2026-01-31,1,2026-02-01,1,1,1.083423975987205,1.336425605533019
ET0408,crop_farming,ML1,2025-11-01,2026-01-31,2,2026-02-01,1,1,1.083423975987205,1.336425605533019
ET0408,crop_farming,ML1,2025-10-01,2026-01-31,3,2026-02-01,1,1,1.083423975987205,1.336425605533019
ET0408,crop_farming,ML1,2026-01-01,2026-01-31,0,2026-02-01,1,1,1.083423975987205,1.336425605533019
ET0408,crop_farming,ML2,2025-10-01,2026-05-31,7,2026-06-01,1,1,1.3368160925980894,1.4151440474773735
ET0408,crop_farming,ML2,2025-11-01,2026-05-31,6,2026-06-01,1,1,1.3368160925980894,1.4151440474773735
ET0408,crop_farming,ML2,2025-12-01,2026-05-31,5,2026-06-01,1,1,1.3368160925980894,1.4151440474773735
ET0408,crop_farming,ML1,2026-04-01,2026-05-31,1,2026-06-01,1,1,1.3368100442026114,1.4151440474773735
ET0408,crop_farming,ML1,2026-05-01,2026-05-31,0,2026-06-01,1,1,1.3368100442026114,1.4151440474773735
ET0408,crop_farming,ML2,2026-01-01,2026-05-31,4,2026-06-01,1,1,1.3368160925980894,1.4151440474773735
ET0408,crop_farming,ML1,2026-03-01,2026-05-31,2,2026-06-01,1,1,1.3368905338537502,1.4151440474773735
ET0408,crop_farming,ML1,2026-02-01,2026-05-31,3,2026-06-01,1,1,1.3368905338537502,1.4151440474773735
ET0409,crop_farming,ML1,2025-12-01,2026-01-31,1,2026-02-01,2,3,1.776540565184091,2.594543359780498
ET0409,crop_farming,ML1,2025-11-01,2026-01-31,2,2026-02-01,2,3,1.776540565184091,2.594543359780498
ET0409,crop_farming,ML1,2025-10-01,2026-01-31,3,2026-02-01,2,3,1.776540565184091,2.594543359780498
ET0409,crop_farming,ML1,2026-01-01,2026-01-31,0,2026-02-01,2,3,1.776540565184091,2.594543359780498
ET0409,crop_farming,ML2,2025-10-01,2026-05-31,7,2026-06-01,3,3,2.592822469000255,2.338035677822805
ET0409,crop_farming,ML2,2025-11-01,2026-05-31,6,2026-06-01,3,3,2.592822469000255,2.338035677822805
ET0409,crop_farming,ML2,2025-12-01,2026-05-31,5,2026-06-01,3,3,2.592822469000255,2.338035677822805
ET0409,crop_farming,ML1,2026-04-01,2026-05-31,1,2026-06-01,3,3,2.593837994497225,2.338035677822805
ET0409,crop_farming,ML1,2026-05-01,2026-05-31,0,2026-06-01,3,3,2.593837994497225,2.338035677822805
ET0409,crop_farming,ML2,2026-01-01,2026-05-31,4,2026-06-01,3,3,2.592822469000255,2.338035677822805
ET0409,crop_farming,ML1,2026-03-01,2026-05-31,2,2026-06-01,3,3,2.594543359780498,2.338035677822805
ET0409,crop_farming,ML1,2026-02-01,2026-05-31,3,2026-06-01,3,3,2.594543359780498,2.338035677822805
ET0410,agropastoral,ML1,2025-12-01,2026-01-31,1,2026-02-01,3,2,1.5674586947575957,2.3712974162766756
ET0410,agropastoral,ML1,2025-11-01,2026-01-31,2,2026-02-01,3,2,1.5674586947575957,2.3712974162766756
ET0410,agropastoral,ML1,2025-10-01,2026-01-31,3,2026-02-01,3,2,1.5674586947575957,2.3712974162766756
ET0410,agropastoral,ML1,2026-01-01,2026-01-31,0,2026-02-01,3,2,1.5674586947575957,2.3712974162766756
ET0410,agropastoral,ML2,2025-10-01,2026-05-31,7,2026-06-01,2,3,2.35275406128162,2.156015408549162
ET0410,agropastoral,ML2,2025-11-01,2026-05-31,6,2026-06-01,2,3,2.35275406128162,2.156015408549162
ET0410,agropastoral,ML2,2025-12-01,2026-05-31,5,2026-06-01,2,3,2.35275406128162,2.156015408549162
ET0410,agropastoral,ML1,2026-04-01,2026-05-31,1,2026-06-01,2,3,2.3340966395486804,2.156015408549162
ET0410,agropastoral,ML1,2026-05-01,2026-05-31,0,2026-06-01,2,3,2.3340966395486804,2.156015408549162
ET0410,agropastoral,ML2,2026-01-01,2026-05-31,4,2026-06-01,2,3,2.35275406128162,2.156015408549162
ET0410,agropastoral,ML1,2026-03-01,2026-05-31,2,2026-06-01,2,3,2.371949085863764,2.156015408549162
ET0410,agropastoral,ML1,2026-02-01,2026-05-31,3,2026-06-01,2,3,2.371949085863764,2.156015408549162
ET0411,pastoral,ML1,2025-12-01,2026-01-31,1,2026-02-01,1,3,1.364771516880391,1.6665630877131552
ET0411,pastoral,ML1,2025-11-01,2026-01-31,2,2026-02-01,1,3,1.364771516880391,1.6665630877131552
ET0411,pastoral,ML1,2025-10-01,2026-01-31,3,2026-02-01,1,3,1.364771516880391,1.6665630877131552
ET0411,pastoral,ML1,2026-01-01,2026-01-31,0,2026-02-01,1,3,1.364771516880391,1.6665630877131552
ET0411,pastoral,ML2,2025-10-01,2026-05-31,7,2026-06-01,3,3,1.670225137948277,1.8448762604004123
ET0411,pastoral,ML2,2025-11-01,2026-05-31,6,2026-06-01,3,3,1.670225137948277,1.8448762604004123
ET0411,pastoral,ML2,2025-12-01,2026-05-31,5,2026-06-01,3,3,1.670225137948277,1.8448762604004123
ET0411,pastoral,ML1,2026-04-01,2026-05-31,1,2026-06-01,3,3,1.632713282572508,1.8448762604004123
ET0411,pastoral,ML1,2026-05-01,2026-05-31,0,2026-06-01,3,3,1.632713282572508,1.8448762604004123
ET0411,pastoral,ML2,2026-01-01,2026-05-31,4,2026-06-01,3,3,1.670225137948277,1.8448762604004123
ET0411,pastoral,ML1,2026-03-01,2026-05-31,2,2026-06-01,3,3,1.670225137948277,1.8448762604004123
ET0411,pastoral,ML1,2026-02-01,2026-05-31,3,2026-06-01,3,3,1.670225137948277,1.8448762604004123
ET0412,pastoral,ML1,2025-12-01,2026-01-31,1,2026-02-01,3,3,2.6399795569569764,2.54547201318819
ET0412,pastoral,ML1,2025-11-01,2026-01-31,2,2026-02-01,3,3,2.6399795569569764,2.54547201318819
ET0412,pastoral,ML1,2025-10-01,2026-01-31,3,2026-02-01,3,3,2.6399795569569764,2.54547201318819
ET0412,pastoral,ML1,2026-01-01,2026-01-31,0,2026-02-01,3,3,2.6399795569569764,2.54547201318819
ET0412,pastoral,ML2,2025-10-01,2026-05-31,7,2026-06-01,3,3,2.6473902413040955,2.640266660324291
ET0412,pastoral,ML2,2025-11-01,2026-05-31,6,2026-06-01,3,3,2.6473902413040955,2.640266660324291
ET0412,pastoral,ML2,2025-12-01,2026-05-31,5,2026-06-01,3,3,2.6473902413040955,2.640266660324291
ET0412,pastoral,ML1,2026-04-01,2026-05-31,1,2026-06-01,3,3,2.546728438749931,2.640266660324291
ET0412,pastoral,ML1,2026-05-01,2026-05-31,0,2026-06-01,3,3,2.546728438749931,2.640266660324291
ET0412,pastoral,ML2,2026-01-01,2026-05-31,4,2026-06-01,3,3,2.6473902413040955,2.640266660324291
ET0412,pastoral,ML1,2026-03-01,2026-05-31,2,2026-06-01,3,3,2.6473902413040955,2.640266660324291
ET0412,pastoral,ML1,2026-02-01,2026-05-31,3,2026-06-01,3,3,2.6473902413040955,2.640266660324291
ET0413,crop_farming,ML1,2025-12-01,2026-01-31,1,2026-02-01,1,1,1.0087990336794117,1.0087990336794117
ET0413,crop_farming,ML1,2025-11-01,2026-01-31,2,2026-02-01,1,1,1.0087990336794117,1.0087990336794117
ET0413,crop_farming,ML1,2025-10-01,2026-01-31,3,2026-02-01,1,1,1.0087990336794117,1.0087990336794117
ET0413,crop_farming,ML1,2026-01-01,2026-01-31,0,2026-02-01,1,1,1.0087990336794117,1.0087990336794117
ET0413,crop_farming,ML2,2025-10-01,2026-05-31,7,2026-06-01,1,1,1.0087990336794117,1.0059130927193125
ET0413,crop_farming,ML2,2025-11-01,2026-05-31,6,2026-06-01,1,1,1.0087990336794117,1.0059130927193125
ET0413,crop_farming,ML2,2025-12-01,2026-05-31,5,2026-06-01,1,1,1.0087990336794117,1.0059130927193125
ET0413,crop_farming,ML1,2026-04-01,2026-05-31,1,2026-06-01,1,1,1.0087990336794117,1.0059130927193125
ET0413,crop_farming,ML1,2026-05-01,2026-05-31,0,2026-06-01,1,1,1.0087990336794117,1.0059130927193125
ET0413,crop_farming,ML2,2026-01-01,2026-05-31,4,2026-06-01,1,1,1.0087990336794117,1.0059130927193125
ET0413,crop_farming,ML1,2026-03-01,2026-05-31,2,2026-06-01,1,1,1.0087990336794117,1.0059130927193125
ET0413,crop_farming,ML1,2026-02-01,2026-05-31,3,2026-06-01,1,1,1.0087990336794117,1.0059130927193125
ET0414,pastoral,ML1,2025-12-01,2026-01-31,1,2026-02-01,2,2,1.4737603738486216,1.4692828845520685
ET0414,pastoral,ML1,2025-11-01,2026-01-31,2,2026-02-01,2,2,1.4737603738486216,1.4692828845520685
ET0414,pastoral,ML1,2025-10-01,2026-01-31,3,2026-02-01,2,2,1.4737603738486216,1.4692828845520685
ET0414,pastoral,ML1,2026-01-01,2026-01-31,0,2026-02-01,2,2,1.4737603738486216,1.4692828845520685
ET0414,pastoral,ML2,2025-10-01,2026-05-31,7,2026-06-01,2,3,1.489367867078071,1.6580512625059594
ET0414,pastoral,ML2,2025-11-01,2026-05-31,6,2026-06-01,2,3,1.489367867078071,1.6580512625059594
ET0414,pastoral,ML2,2025-12-01,2026-05-31,5,2026-06-01,2,3,1.489367867078071,1.6580512625059594
ET0414,pastoral,ML1,2026-04-01,2026-05-31,1,2026-06-01,2,3,1.4884604296166248,1.6580512625059594
ET0414,pastoral,ML1,2026-05-01,2026-05-31,0,2026-06-01,2,3,1.4884604296166248,1.6580512625059594
ET0414,pastoral,ML2,2026-01-01,2026-05-31,4,2026-06-01,2,3,1.489367867078071,1.6580512625059594
ET0414,pastoral,ML1,2026-03-01,2026-05-31,2,2026-06-01,2,3,1.489367867078071,1.6580512625059594
ET0414,pastoral,ML1,2026-02-01,2026-05-31,3,2026-06-01,2,3,1.489367867078071,1.6580512625059594
ET0415,pastoral,ML1,2025-12-01,2026-01-31,1,2026-02-01,2,2,1.2528785834684464,1.4419507806475602
ET0415,pastoral,ML1,2025-11-01,2026-01-31,2,2026-02-01,2,2,1.2528785834684464,1.4419507806475602
ET0415,pastoral,ML1,2025-10-01,2026-01-31,3,2026-02-01,2,2,1.2528785834684464,1.4419507806475602
ET0415,pastoral,ML1,2026-01-01,2026-01-31,0,2026-02-01,2,2,1.2528785834684464,1.4419507806475602
ET0415,pastoral,ML2,2025-10-01,2026-05-31,7,2026-06-01,2,2,1.4419507806475602,1.9447728724692956
ET0415,pastoral,ML2,2025-11-01,2026-05-31,6,2026-06-01,2,2,1.4419507806475602,1.9447728724692956
ET0415,pastoral,ML2,2025-12-01,2026-05-31,5,2026-06-01,2,2,1.4419507806475602,1.9447728724692956
ET0415,pastoral,ML1,2026-04-01,2026-05-31,1,2026-06-01,2,2,1.4419507806475602,1.9447728724692956
ET0415,pastoral,ML1,2026-05-01,2026-05-31,0,2026-06-01,2,2,1.4419507806475602,1.9447728724692956
ET0415,pastoral,ML2,2026-01-01,2026-05-31,4,2026-06-01,2,2,1.4419507806475602,1.9447728724692956
ET0415,pastoral,ML1,2026-03-01,2026-05-31,2,2026-06-01,2,2,1.4419507806475602,1.9447728724692956
ET0415,pastoral,ML1,2026-02-01,2026-05-31,3,2026-06-01,2,2,1.4419507806475602,1.9447728724692956
ET0416,crop_farming,ML1,2025-12-01,2026-01-31,1,2026-02-01,1,1,1.0,1.0
ET0416,crop_farming,ML1,2025-11-01,2026-01-31,2,2026-02-01,1,1,1.0,1.0
ET0416,crop_farming,ML1,2025-10-01,2026-01-31,3,2026-02-01,1,1,1.0,1.0
ET0416,crop_farming,ML1,2026-01-01,2026-01-31,0,2026-02-01,1,1,1.0,1.0
ET0416,crop_farming,ML2,2025-10-01,2026-05-31,7,2026-06-01,1,1,1.0,1.0
ET0416,crop_farming,ML2,2025-11-01,2026-05-31,6,2026-06-01,1,1,1.0,1.0
ET0416,crop_farming,ML2,2025-12-01,2026-05-31,5,2026-06-01,1,1,1.0,1.0
ET0416,crop_farming,ML1,2026-04-01,2026-05-31,1,2026-06-01,1,1,1.0,1.0
ET0416,crop_farming,ML1,2026-05-01,2026-05-31,0,2026-06-01,1,1,1.0,1.0
ET0416,crop_farming,ML2,2026-01-01,2026-05-31,4,2026-06-01,1,1,1.0,1.0
ET0416,crop_farming,ML1,2026-03-01,2026-05-31,2,2026-06-01,1,1,1.0,1.0
ET0416,crop_farming,ML1,2026-02-01,2026-05-31,3,2026-06-01,1,1,1.0,1.0
ET0417,crop_farming,ML1,2025-12-01,2026-01-31,1,2026-02-01,1,2,1.0035440060641576,1.258326004011023
ET0417,crop_farming,ML1,2025-11-01,2026-01-31,2,2026-02-01,1,2,1.0035440060641576,1.258326004011023
ET0417,crop_farming,ML1,2025-10-01,2026-01-31,3,2026-02-01,1,2,1.0035440060641576,1.258326004011023
ET0417,crop_farming,ML1,2026-01-01,2026-01-31,0,2026-02-01,1,2,1.0035440060641576,1.258326004011023
ET0417,crop_farming,ML2,2025-10-01,2026-05-31,7,2026-06-01,1,3,1.0179516132911448,1.671989886468731
ET0417,crop_farming,ML2,2025-11-01,2026-05-31,6,2026-06-01,1,3,1.0179516132911448,1.671989886468731
ET0417,crop_farming,ML2,2025-12-01,2026-05-31,5,2026-06-01,1,3,1.0179516132911448,1.671989886468731
ET0417,crop_farming,ML1,2026-04-01,2026-05-31,1,2026-06-01,2,3,1.2621971498247675,1.671989886468731
ET0417,crop_farming,ML1,2026-05-01,2026-05-31,0,2026-06-01,2,3,1.2621971498247675,1.671989886468731
ET0417,crop_farming,ML2,2026-01-01,2026-05-31,4,2026-06-01,1,3,1.0179516132911448,1.671989886468731
ET0417,crop_farming,ML1,2026-03-01,2026-05-31,2,2026-06-01,2,3,1.2621971498247675,1.671989886468731
ET0417,crop_farming,ML1,2026-02-01,2026-05-31,3,2026-06-01,2,3,1.2621971498247675,1.671989886468731
ET0418,crop_farming,ML1,2025-12-01,2026-01-31,1,2026-02-01,1,1,1.001442165543118,1.001442165543118
ET0418,crop_farming,ML1,2025-11-01,2026-01-31,2,2026-02-01,1,1,1.001442165543118,1.001442165543118
ET0418,crop_farming,ML1,2025-10-01,2026-01-31,3,2026-02-01,1,1,1.001442165543118,1.001442165543118
ET0418,crop_farming,ML1,2026-01-01,2026-01-31,0,2026-02-01,1,1,1.001442165543118,1.001442165543118
ET0418,crop_farming,ML2,2025-10-01,2026-05-31,7,2026-06-01,1,1,1.001442165543118,1.001442165543118
ET0418,crop_farming,ML2,2025-11-01,2026-05-31,6,2026-06-01,1,1,1.001442165543118,1.001442165543118
ET0418,crop_farming,ML2,2025-12-01,2026-05-31,5,2026-06-01,1,1,1.001442165543118,1.001442165543118
ET0418,crop_farming,ML1,2026-04-01,2026-05-31,1,2026-06-01,1,1,1.001442165543118,1.001442165543118
ET0418,crop_farming,ML1,2026-05-01,2026-05-31,0,2026-06-01,1,1,1.001442165543118,1.001442165543118
ET0418,crop_farming,ML2,2026-01-01,2026-05-31,4,2026-06-01,1,1,1.001442165543118,1.001442165543118
ET0418,crop_farming,ML1,2026-03-01,2026-05-31,2,2026-06-01,1,1,1.001442165543118,1.001442165543118
ET0418,crop_farming,ML1,2026-02-01,2026-05-31,3,2026-06-01,1,1,1.001442165543118,1.001442165543118
ET0419,crop_farming,ML1,2025-12-01,2026-01-31,1,2026-02-01,2,2,1.2625966495503,1.2625966495503
ET0419,crop_farming,ML1,2025-11-01,2026-01-31,2,2026-02-01,2,2,1.2625966495503,1.2625966495503
ET0419,crop_farming,ML1,2025-10-01,2026-01-31,3,2026-02-01,2,2,1.2625966495503,1.2625966495503
ET0419,crop_farming,ML1,2026-01-01,2026-01-31,0,2026-02-01,2,2,1.2625966495503,1.2625966495503
ET0419,crop_farming,ML2,2025-10-01,2026-05-31,7,2026-06-01,2,2,1.2625966495503,1.2625966495503
ET0419,crop_farming,ML2,2025-11-01,2026-05-31,6,2026-06-01,2,2,1.2625966495503,1.2625966495503
ET0419,crop_farming,ML2,2025-12-01,2026-05-31,5,2026-06-01,2,2,1.2625966495503,1.2625966495503
ET0419,crop_farming,ML1,2026-04-01,2026-05-31,1,2026-06-01,2,2,1.2625966495503,1.2625966495503
ET0419,crop_farming,ML1,2026-05-01,2026-05-31,0,2026-06-01,2,2,1.2625966495503,1.2625966495503
ET0419,crop_farming,ML2,2026-01-01,2026-05-31,4,2026-06-01,2,2,1.2625966495503,1.2625966495503
ET0419,crop_farming,ML1,2026-03-01,2026-05-31,2,2026-06-01,2,2,1.2625966495503,1.2625966495503
ET0419,crop_farming,ML1,2026-02-01,2026-05-31,3,2026-06-01,2,2,1.2625966495503,1.2625966495503
ET0420,crop_farming,ML1,2025-12-01,2026-01-31,1,2026-02-01,1,1,1.0,1.0
ET0420,crop_farming,ML1,2025-11-01,2026-01-31,2,2026-02-01,1,1,1.0,1.0
ET0420,crop_farming,ML1,2025-10-01,2026-01-31,3,2026-02-01,1,1,1.0,1.0
ET0420,crop_farming,ML1,2026-01-01,2026-01-31,0,2026-02-01,1,1,1.0,1.0
ET0420,crop_farming,ML2,2025-10-01,2026-05-31,7,2026-06-01,1,1,1.005179588215943,1.0
ET0420,crop_farming,ML2,2025-11-01,2026-05-31,6,2026-06-01,1,1,1.005179588215943,1.0
ET0420,crop_farming,ML2,2025-12-01,2026-05-31,5,2026-06-01,1,1,1.005179588215943,1.0
ET0420,crop_farming,ML1,2026-04-01,2026-05-31,1,2026-06-01,1,1,1.0,1.0
ET0420,crop_farming,ML1,2026-05-01,2026-05-31,0,2026-06-01,1,1,1.0,1.0
ET0420,crop_farming,ML2,2026-01-01,2026-05-31,4,2026-06-01,1,1,1.005179588215943,1.0
ET0420,crop_farming,ML1,2026-03-01,2026-05-31,2,2026-06-01,1,1,1.0,1.0
ET0420,crop_farming,ML1,2026-02-01,2026-05-31,3,2026-06-01,1,1,1.0,1.0
ET0421,pastoral,ML1,2025-12-01,2026-01-31,1,2026-02-01,3,2,2.209816785458283,1.8490323909152604
ET0421,pastoral,ML1,2025-11-01,2026-01-31,2,2026-02-01,3,2,2.209816785458283,1.8490323909152604
ET0421,pastoral,ML1,2025-10-01,2026-01-31,3,2026-02-01,3,2,2.209816785458283,1.8490323909152604
ET0421,pastoral,ML1,2026-01-01,2026-01-31,0,2026-02-01,3,2,2.209816785458283,1.8490323909152604
ET0421,pastoral,ML2,2025-10-01,2026-05-31,7,2026-06-01,3,3,2.416909875097145,2.6753670293807272
ET0421,pastoral,ML2,2025-11-01,2026-05-31,6,2026-06-01,3,3,2.416909875097145,2.6753670293807272
ET0421,pastoral,ML2,2025-12-01,2026-05-31,5,2026-06-01,3,3,2.416909875097145,2.6753670293807272
ET0421,pastoral,ML1,2026-04-01,2026-05-31,1,2026-06-01,3,3,1.9949375015631952,2.6753670293807272
ET0421,pastoral,ML1,2026-05-01,2026-05-31,0,2026-06-01,3,3,1.9949375015631952,2.6753670293807272
ET0421,pastoral,ML2,2026-01-01,2026-05-31,4,2026-06-01,3,3,2.416909875097145,2.6753670293807272
ET0421,pastoral,ML1,2026-03-01,2026-05-31,2,2026-06-01,3,3,2.416909875097145,2.6753670293807272
ET0421,pastoral,ML1,2026-02-01,2026-05-31,3,2026-06-01,3,3,2.416909875097145,2.6753670293807272
ET0501,pastoral,ML1,2025-12-01,2026-01-31,1,2026-02-01,2,2,1.9804519701420655,2.064721194269653
ET0501,pastoral,ML1,2025-11-01,2026-01-31,2,2026-02-01,2,2,1.9804519701420655,2.064721194269653
ET0501,pastoral,ML1,2025-10-01,2026-01-31,3,2026-02-01,2,2,1.9804519701420655,2.064721194269653
ET0501,pastoral,ML1,2026-01-01,2026-01-31,0,2026-02-01,2,2,1.9804519701420655,2.064721194269653
ET0501,pastoral,ML2,2025-10-01,2026-05-31,7,2026-06-01,2,2,1.9918901603361747,2.0611794586338483
ET0501,pastoral,ML2,2025-11-01,2026-05-31,6,2026-06-01,2,2,1.9918901603361747,2.0611794586338483
ET0501,pastoral,ML2,2025-12-01,2026-05-31,5,2026-06-01,2,2,1.9918901603361747,2.0611794586338483
ET0501,pastoral,ML1,2026-04-01,2026-05-31,1,2026-06-01,2,2,2.064721194269653,2.0611794586338483
ET0501,pastoral,ML1,2026-05-01,2026-05-31,0,2026-06-01,2,2,2.064721194269653,2.0611794586338483
ET0501,pastoral,ML2,2026-01-01,2026-05-31,4,2026-06-01,2,2,1.9918901603361747,2.0611794586338483
ET0501,pastoral,ML1,2026-03-01,2026-05-31,2,2026-06-01,2,2,2.064721194269653,2.0611794586338483
ET0501,pastoral,ML1,2026-02-01,2026-05-31,3,2026-06-01,2,2,2.064721194269653,2.0611794586338483
ET0502,agropastoral,ML1,2025-12-01,2026-01-31,1,2026-02-01,2,2,2.0373673772364533,1.914719837735031
ET0502,agropastoral,ML1,2025-11-01,2026-01-31,2,2026-02-01,2,2,2.0373673772364533,1.914719837735031
ET0502,agropastoral,ML1,2025-10-01,2026-01-31,3,2026-02-01,2,2,2.0373673772364533,1.914719837735031
ET0502,agropastoral,ML1,2026-01-01,2026-01-31,0,2026-02-01,2,2,2.0373673772364533,1.914719837735031
ET0502,agropastoral,ML2,2025-10-01,2026-05-31,7,2026-06-01,2,2,2.0454520680152903,1.9364397956425272
ET0502,agropastoral,ML2,2025-11-01,2026-05-31,6,2026-06-01,2,2,2.0454520680152903,1.9364397956425272
ET0502,agropastoral,ML2,2025-12-01,2026-05-31,5,2026-06-01,2,2,2.0454520680152903,1.9364397956425272
ET0502,agropastoral,ML1,2026-04-01,2026-05-31,1,2026-06-01,2,2,1.9349801417902257,1.9364397956425272
ET0502,agropastoral,ML1,2026-05-01,2026-05-31,0,2026-06-01,2,2,1.9349801417902257,1.9364397956425272
ET0502,agropastoral,ML2,2026-01-01,2026-05-31,4,2026-06-01,2,2,2.0454520680152903,1.9364397956425272
ET0502,agropastoral,ML1,2026-03-01,2026-05-31,2,2026-06-01,2,2,1.940632748489529,1.9364397956425272
ET0502,agropastoral,ML1,2026-02-01,2026-05-31,3,2026-06-01,2,2,1.940632748489529,1.9364397956425272
ET0503,pastoral,ML1,2025-12-01,2026-01-31,1,2026-02-01,3,3,2.97912036793971,2.796846378770159
ET0503,pastoral,ML1,2025-11-01,2026-01-31,2,2026-02-01,3,3,2.97912036793971,2.796846378770159
ET0503,pastoral,ML1,2025-10-01,2026-01-31,3,2026-02-01,3,3,2.97912036793971,2.796846378770159
ET0503,pastoral,ML1,2026-01-01,2026-01-31,0,2026-02-01,3,3,2.97912036793971,2.796846378770159
ET0503,pastoral,ML2,2025-10-01,2026-05-31,7,2026-06-01,3,3,2.796846378770159,2.796846378770159
ET0503,pastoral,ML2,2025-11-01,2026-05-31,6,2026-06-01,3,3,2.796846378770159,2.796846378770159
ET0503,pastoral,ML2,2025-12-01,2026-05-31,5,2026-06-01,3,3,2.796846378770159,2.796846378770159
ET0503,pastoral,ML1,2026-04-01,2026-05-31,1,2026-06-01,3,3,2.796846378770159,2.796846378770159
ET0503,pastoral,ML1,2026-05-01,2026-05-31,0,2026-06-01,3,3,2.796846378770159,2.796846378770159
ET0503,pastoral,ML2,2026-01-01,2026-05-31,4,2026-06-01,3,3,2.796846378770159,2.796846378770159
ET0503,pastoral,ML1,2026-03-01,2026-05-31,2,2026-06-01,3,3,2.796846378770159,2.796846378770159
ET0503,pastoral,ML1,2026-02-01,2026-05-31,3,2026-06-01,3,3,2.796846378770159,2.796846378770159
ET0504,pastoral,ML1,2025-12-01,2026-01-31,1,2026-02-01,3,3,3.0,3.002327415774664
ET0504,pastoral,ML1,2025-11-01,2026-01-31,2,2026-02-01,3,3,3.0,3.002327415774664
ET0504,pastoral,ML1,2025-10-01,2026-01-31,3,2026-02-01,3,3,3.0,3.002327415774664
ET0504,pastoral,ML1,2026-01-01,2026-01-31,0,2026-02-01,3,3,3.0,3.002327415774664
ET0504,pastoral,ML2,2025-10-01,2026-05-31,7,2026-06-01,3,3,3.005323902413168,3.0
ET0504,pastoral,ML2,2025-11-01,2026-05-31,6,2026-06-01,3,3,3.005323902413168,3.0
ET0504,pastoral,ML2,2025-12-01,2026-05-31,5,2026-06-01,3,3,3.005323902413168,3.0
ET0504,pastoral,ML1,2026-04-01,2026-05-31,1,2026-06-01,3,3,2.999741558699167,3.0
ET0504,pastoral,ML1,2026-05-01,2026-05-31,0,2026-06-01,3,3,2.999741558699167,3.0
ET0504,pastoral,ML2,2026-01-01,2026-05-31,4,2026-06-01,3,3,3.005323902413168,3.0
ET0504,pastoral,ML1,2026-03-01,2026-05-31,2,2026-06-01,3,3,3.005323902413168,3.0
ET0504,pastoral,ML1,2026-02-01,2026-05-31,3,2026-06-01,3,3,3.005323902413168,3.0
ET0505,pastoral,ML1,2025-12-01,2026-01-31,1,2026-02-01,3,3,2.9560595575271056,2.9560595575271056
ET0505,pastoral,ML1,2025-11-01,2026-01-31,2,2026-02-01,3,3,2.9560595575271056,2.9560595575271056
ET0505,pastoral,ML1,2025-10-01,2026-01-31,3,2026-02-01,3,3,2.9560595575271056,2.9560595575271056
ET0505,pastoral,ML1,2026-01-01,2026-01-31,0,2026-02-01,3,3,2.9560595575271056,2.9560595575271056
ET0505,pastoral,ML2,2025-10-01,2026-05-31,7,2026-06-01,3,3,2.9560595575271056,2.9560595575271056
ET0505,pastoral,ML2,2025-11-01,2026-05-31,6,2026-06-01,3,3,2.9560595575271056,2.9560595575271056
ET0505,pastoral,ML2,2025-12-01,2026-05-31,5,2026-06-01,3,3,2.9560595575271056,2.9560595575271056
ET0505,pastoral,ML1,2026-04-01,2026-05-31,1,2026-06-01,3,3,2.9560595575271056,2.9560595575271056
ET0505,pastoral,ML1,2026-05-01,2026-05-31,0,2026-06-01,3,3,2.9560595575271056,2.9560595575271056
ET0505,pastoral,ML2,2026-01-01,2026-05-31,4,2026-06-01,3,3,2.9560595575271056,2.9560595575271056
ET0505,pastoral,ML1,2026-03-01,2026-05-31,2,2026-06-01,3,3,2.9560595575271056,2.9560595575271056
ET0505,pastoral,ML1,2026-02-01,2026-05-31,3,2026-06-01,3,3,2.9560595575271056,2.9560595575271056
ET0506,pastoral,ML1,2025-12-01,2026-01-31,1,2026-02-01,3,3,2.9367092564508024,2.9363734011129066
ET0506,pastoral,ML1,2025-11-01,2026-01-31,2,2026-02-01,3,3,2.9367092564508024,2.9363734011129066
ET0506,pastoral,ML1,2025-10-01,2026-01-31,3,2026-02-01,3,3,2.9367092564508024,2.9363734011129066
ET0506,pastoral,ML1,2026-01-01,2026-01-31,0,2026-02-01,3,3,2.9367092564508024,2.9363734011129066
ET0506,pastoral,ML2,2025-10-01,2026-05-31,7,2026-06-01,3,3,2.9367092564508024,2.9367092564508024
ET0506,pastoral,ML2,2025-11-01,2026-05-31,6,2026-06-01,3,3,2.9367092564508024,2.9367092564508024
ET0506,pastoral,ML2,2025-12-01,2026-05-31,5,2026-06-01,3,3,2.9367092564508024,2.9367092564508024
ET0506,pastoral,ML1,2026-04-01,2026-05-31,1,2026-06-01,3,3,2.9363734011129066,2.9367092564508024
ET0506,pastoral,ML1,2026-05-01,2026-05-31,0,2026-06-01,3,3,2.9363734011129066,2.9367092564508024
ET0506,pastoral,ML2,2026-01-01,2026-05-31,4,2026-06-01,3,3,2.9367092564508024,2.9367092564508024
ET0506,pastoral,ML1,2026-03-01,2026-05-31,2,2026-06-01,3,3,2.9367092564508024,2.9367092564508024
ET0506,pastoral,ML1,2026-02-01,2026-05-31,3,2026-06-01,3,3,2.9367092564508024,2.9367092564508024
ET0507,pastoral,ML1,2025-12-01,2026-01-31,1,2026-02-01,3,3,3.0000000000000004,3.0000000000000004
ET0507,pastoral,ML1,2025-11-01,2026-01-31,2,2026-02-01,3,3,3.0000000000000004,3.0000000000000004
ET0507,pastoral,ML1,2025-10-01,2026-01-31,3,2026-02-01,3,3,3.0000000000000004,3.0000000000000004
ET0507,pastoral,ML1,2026-01-01,2026-01-31,0,2026-02-01,3,3,3.0000000000000004,3.0000000000000004
ET0507,pastoral,ML2,2025-10-01,2026-05-31,7,2026-06-01,3,3,3.0000000000000004,3.0000000000000004
ET0507,pastoral,ML2,2025-11-01,2026-05-31,6,2026-06-01,3,3,3.0000000000000004,3.0000000000000004
ET0507,pastoral,ML2,2025-12-01,2026-05-31,5,2026-06-01,3,3,3.0000000000000004,3.0000000000000004
ET0507,pastoral,ML1,2026-04-01,2026-05-31,1,2026-06-01,3,3,3.0000000000000004,3.0000000000000004
ET0507,pastoral,ML1,2026-05-01,2026-05-31,0,2026-06-01,3,3,3.0000000000000004,3.0000000000000004
ET0507,pastoral,ML2,2026-01-01,2026-05-31,4,2026-06-01,3,3,3.0000000000000004,3.0000000000000004
ET0507,pastoral,ML1,2026-03-01,2026-05-31,2,2026-06-01,3,3,3.0000000000000004,3.0000000000000004
ET0507,pastoral,ML1,2026-02-01,2026-05-31,3,2026-06-01,3,3,3.0000000000000004,3.0000000000000004
ET0508,pastoral,ML1,2025-12-01,2026-01-31,1,2026-02-01,3,3,2.9999999999999996,2.999018368981202
ET0508,pastoral,ML1,2025-11-01,2026-01-31,2,2026-02-01,3,3,2.9999999999999996,2.999018368981202
ET0508,pastoral,ML1,2025-10-01,2026-01-31,3,2026-02-01,3,3,2.9999999999999996,2.999018368981202
ET0508,pastoral,ML1,2026-01-01,2026-01-31,0,2026-02-01,3,3,2.9999999999999996,2.999018368981202
ET0508,pastoral,ML2,2025-10-01,2026-05-31,7,2026-06-01,3,3,2.9999999999999996,2.9999999999999996
ET0508,pastoral,ML2,2025-11-01,2026-05-31,6,2026-06-01,3,3,2.9999999999999996,2.9999999999999996
ET0508,pastoral,ML2,2025-12-01,2026-05-31,5,2026-06-01,3,3,2.9999999999999996,2.9999999999999996
ET0508,pastoral,ML1,2026-04-01,2026-05-31,1,2026-06-01,3,3,2.999916010363258,2.9999999999999996
ET0508,pastoral,ML1,2026-05-01,2026-05-31,0,2026-06-01,3,3,2.999916010363258,2.9999999999999996
ET0508,pastoral,ML2,2026-01-01,2026-05-31,4,2026-06-01,3,3,2.9999999999999996,2.9999999999999996
ET0508,pastoral,ML1,2026-03-01,2026-05-31,2,2026-06-01,3,3,2.9999999999999996,2.9999999999999996
ET0508,pastoral,ML1,2026-02-01,2026-05-31,3,2026-06-01,3,3,2.9999999999999996,2.9999999999999996
ET0509,pastoral,ML1,2025-12-01,2026-01-31,1,2026-02-01,3,3,2.9978886936537004,2.863805729989668
ET0509,pastoral,ML1,2025-11-01,2026-01-31,2,2026-02-01,3,3,2.9978886936537004,2.863805729989668
ET0509,pastoral,ML1,2025-10-01,2026-01-31,3,2026-02-01,3,3,2.9978886936537004,2.863805729989668
ET0509,pastoral,ML1,2026-01-01,2026-01-31,0,2026-02-01,3,3,2.9978886936537004,2.863805729989668
ET0509,pastoral,ML2,2025-10-01,2026-05-31,7,2026-06-01,3,3,3.0,3.0
ET0509,pastoral,ML2,2025-11-01,2026-05-31,6,2026-06-01,3,3,3.0,3.0
ET0509,pastoral,ML2,2025-12-01,2026-05-31,5,2026-06-01,3,3,3.0,3.0
ET0509,pastoral,ML1,2026-04-01,2026-05-31,1,2026-06-01,3,3,2.874480915884764,3.0
ET0509,pastoral,ML1,2026-05-01,2026-05-31,0,2026-06-01,3,3,2.874480915884764,3.0
ET0509,pastoral,ML2,2026-01-01,2026-05-31,4,2026-06-01,3,3,3.0,3.0
ET0509,pastoral,ML1,2026-03-01,2026-05-31,2,2026-06-01,3,3,3.0,3.0
ET0509,pastoral,ML1,2026-02-01,2026-05-31,3,2026-06-01,3,3,3.0,3.0
ET0510,pastoral,ML1,2025-12-01,2026-01-31,1,2026-02-01,3,3,2.9999999999999996,2.9994232381059085
ET0510,pastoral,ML1,2025-11-01,2026-01-31,2,2026-02-01,3,3,2.9999999999999996,2.9994232381059085
ET0510,pastoral,ML1,2025-10-01,2026-01-31,3,2026-02-01,3,3,2.9999999999999996,2.9994232381059085
ET0510,pastoral,ML1,2026-01-01,2026-01-31,0,2026-02-01,3,3,2.9999999999999996,2.9994232381059085
ET0510,pastoral,ML2,2025-10-01,2026-05-31,7,2026-06-01,3,3,2.9999999999999996,2.9999999999999996
ET0510,pastoral,ML2,2025-11-01,2026-05-31,6,2026-06-01,3,3,2.9999999999999996,2.9999999999999996
ET0510,pastoral,ML2,2025-12-01,2026-05-31,5,2026-06-01,3,3,2.9999999999999996,2.9999999999999996
ET0510,pastoral,ML1,2026-04-01,2026-05-31,1,2026-06-01,3,3,2.9994232381059085,2.9999999999999996
ET0510,pastoral,ML1,2026-05-01,2026-05-31,0,2026-06-01,3,3,2.9994232381059085,2.9999999999999996
ET0510,pastoral,ML2,2026-01-01,2026-05-31,4,2026-06-01,3,3,2.9999999999999996,2.9999999999999996
ET0510,pastoral,ML1,2026-03-01,2026-05-31,2,2026-06-01,3,3,2.9999999999999996,2.9999999999999996
ET0510,pastoral,ML1,2026-02-01,2026-05-31,3,2026-06-01,3,3,2.9999999999999996,2.9999999999999996
ET0511,pastoral,ML1,2025-12-01,2026-01-31,1,2026-02-01,3,3,2.9999999999999996,2.2425414426475117
ET0511,pastoral,ML1,2025-11-01,2026-01-31,2,2026-02-01,3,3,2.9999999999999996,2.2425414426475117
ET0511,pastoral,ML1,2025-10-01,2026-01-31,3,2026-02-01,3,3,2.9999999999999996,2.2425414426475117
ET0511,pastoral,ML1,2026-01-01,2026-01-31,0,2026-02-01,3,3,2.9999999999999996,2.2425414426475117
ET0511,pastoral,ML2,2025-10-01,2026-05-31,7,2026-06-01,3,3,2.9999999999999996,2.9999999999999996
ET0511,pastoral,ML2,2025-11-01,2026-05-31,6,2026-06-01,3,3,2.9999999999999996,2.9999999999999996
ET0511,pastoral,ML2,2025-12-01,2026-05-31,5,2026-06-01,3,3,2.9999999999999996,2.9999999999999996
ET0511,pastoral,ML1,2026-04-01,2026-05-31,1,2026-06-01,3,3,2.5733522272445404,2.9999999999999996
ET0511,pastoral,ML1,2026-05-01,2026-05-31,0,2026-06-01,3,3,2.5733522272445404,2.9999999999999996
ET0511,pastoral,ML2,2026-01-01,2026-05-31,4,2026-06-01,3,3,2.9999999999999996,2.9999999999999996
ET0511,pastoral,ML1,2026-03-01,2026-05-31,2,2026-06-01,3,3,2.9999999999999996,2.9999999999999996
ET0511,pastoral,ML1,2026-02-01,2026-05-31,3,2026-06-01,3,3,2.9999999999999996,2.9999999999999996
ET0602,crop_farming,ML1,2025-12-01,2026-01-31,1,2026-02-01,1,1,1.0,1.0
ET0602,crop_farming,ML1,2025-11-01,2026-01-31,2,2026-02-01,1,1,1.0,1.0
ET0602,crop_farming,ML1,2025-10-01,2026-01-31,3,2026-02-01,1,1,1.0,1.0
ET0602,crop_farming,ML1,2026-01-01,2026-01-31,0,2026-02-01,1,1,1.0,1.0
ET0602,crop_farming,ML2,2025-10-01,2026-05-31,7,2026-06-01,1,1,1.0,1.0
ET0602,crop_farming,ML2,2025-11-01,2026-05-31,6,2026-06-01,1,1,1.0,1.0
ET0602,crop_farming,ML2,2025-12-01,2026-05-31,5,2026-06-01,1,1,1.0,1.0
ET0602,crop_farming,ML1,2026-04-01,2026-05-31,1,2026-06-01,1,1,1.0,1.0
ET0602,crop_farming,ML1,2026-05-01,2026-05-31,0,2026-06-01,1,1,1.0,1.0
ET0602,crop_farming,ML2,2026-01-01,2026-05-31,4,2026-06-01,1,1,1.0,1.0
ET0602,crop_farming,ML1,2026-03-01,2026-05-31,2,2026-06-01,1,1,1.0,1.0
ET0602,crop_farming,ML1,2026-02-01,2026-05-31,3,2026-06-01,1,1,1.0,1.0
ET0603,crop_farming,ML1,2025-12-01,2026-01-31,1,2026-02-01,1,1,1.013369968739885,1.013369968739885
ET0603,crop_farming,ML1,2025-11-01,2026-01-31,2,2026-02-01,1,1,1.013369968739885,1.013369968739885
ET0603,crop_farming,ML1,2025-10-01,2026-01-31,3,2026-02-01,1,1,1.013369968739885,1.013369968739885
ET0603,crop_farming,ML1,2026-01-01,2026-01-31,0,2026-02-01,1,1,1.013369968739885,1.013369968739885
ET0603,crop_farming,ML2,2025-10-01,2026-05-31,7,2026-06-01,1,1,1.013369968739885,1.013369968739885
ET0603,crop_farming,ML2,2025-11-01,2026-05-31,6,2026-06-01,1,1,1.013369968739885,1.013369968739885
ET0603,crop_farming,ML2,2025-12-01,2026-05-31,5,2026-06-01,1,1,1.013369968739885,1.013369968739885
ET0603,crop_farming,ML1,2026-04-01,2026-05-31,1,2026-06-01,1,1,1.013369968739885,1.013369968739885
ET0603,crop_farming,ML1,2026-05-01,2026-05-31,0,2026-06-01,1,1,1.013369968739885,1.013369968739885
ET0603,crop_farming,ML2,2026-01-01,2026-05-31,4,2026-06-01,1,1,1.013369968739885,1.013369968739885
ET0603,crop_farming,ML1,2026-03-01,2026-05-31,2,2026-06-01,1,1,1.013369968739885,1.013369968739885
ET0603,crop_farming,ML1,2026-02-01,2026-05-31,3,2026-06-01,1,1,1.013369968739885,1.013369968739885
ET0604,crop_farming,ML1,2025-12-01,2026-01-31,1,2026-02-01,1,1,1.0352314905020847,1.0352314905020847
ET0604,crop_farming,ML1,2025-11-01,2026-01-31,2,2026-02-01,1,1,1.0352314905020847,1.0352314905020847
ET0604,crop_farming,ML1,2025-10-01,2026-01-31,3,2026-02-01,1,1,1.0352314905020847,1.0352314905020847
ET0604,crop_farming,ML1,2026-01-01,2026-01-31,0,2026-02-01,1,1,1.0352314905020847,1.0352314905020847
ET0604,crop_farming,ML2,2025-10-01,2026-05-31,7,2026-06-01,1,1,1.0352314905020847,1.0352314905020847
ET0604,crop_farming,ML2,2025-11-01,2026-05-31,6,2026-06-01,1,1,1.0352314905020847,1.0352314905020847
ET0604,crop_farming,ML2,2025-12-01,2026-05-31,5,2026-06-01,1,1,1.0352314905020847,1.0352314905020847
ET0604,crop_farming,ML1,2026-04-01,2026-05-31,1,2026-06-01,1,1,1.0352314905020847,1.0352314905020847
ET0604,crop_farming,ML1,2026-05-01,2026-05-31,0,2026-06-01,1,1,1.0352314905020847,1.0352314905020847
ET0604,crop_farming,ML2,2026-01-01,2026-05-31,4,2026-06-01,1,1,1.0352314905020847,1.0352314905020847
ET0604,crop_farming,ML1,2026-03-01,2026-05-31,2,2026-06-01,1,1,1.0352314905020847,1.0352314905020847
ET0604,crop_farming,ML1,2026-02-01,2026-05-31,3,2026-06-01,1,1,1.0352314905020847,1.0352314905020847
ET0605,crop_farming,ML1,2025-12-01,2026-01-31,1,2026-02-01,1,1,1.0681391480340157,1.0681391480340157
ET0605,crop_farming,ML1,2025-11-01,2026-01-31,2,2026-02-01,1,1,1.0681391480340157,1.0681391480340157
ET0605,crop_farming,ML1,2025-10-01,2026-01-31,3,2026-02-01,1,1,1.0681391480340157,1.0681391480340157
ET0605,crop_farming,ML1,2026-01-01,2026-01-31,0,2026-02-01,1,1,1.0681391480340157,1.0681391480340157
ET0605,crop_farming,ML2,2025-10-01,2026-05-31,7,2026-06-01,1,1,1.0681391480340157,1.0681391480340157
ET0605,crop_farming,ML2,2025-11-01,2026-05-31,6,2026-06-01,1,1,1.0681391480340157,1.0681391480340157
ET0605,crop_farming,ML2,2025-12-01,2026-05-31,5,2026-06-01,1,1,1.0681391480340157,1.0681391480340157
ET0605,crop_farming,ML1,2026-04-01,2026-05-31,1,2026-06-01,1,1,1.0681391480340157,1.0681391480340157
ET0605,crop_farming,ML1,2026-05-01,2026-05-31,0,2026-06-01,1,1,1.0681391480340157,1.0681391480340157
ET0605,crop_farming,ML2,2026-01-01,2026-05-31,4,2026-06-01,1,1,1.0681391480340157,1.0681391480340157
ET0605,crop_farming,ML1,2026-03-01,2026-05-31,2,2026-06-01,1,1,1.0681391480340157,1.0681391480340157
ET0605,crop_farming,ML1,2026-02-01,2026-05-31,3,2026-06-01,1,1,1.0681391480340157,1.0681391480340157
ET0701,crop_farming,ML1,2025-12-01,2026-01-31,1,2026-02-01,2,2,1.274749603844178,1.2761015063285406
ET0701,crop_farming,ML1,2025-11-01,2026-01-31,2,2026-02-01,2,2,1.274749603844178,1.2761015063285406
ET0701,crop_farming,ML1,2025-10-01,2026-01-31,3,2026-02-01,2,2,1.274749603844178,1.2761015063285406
ET0701,crop_farming,ML1,2026-01-01,2026-01-31,0,2026-02-01,2,2,1.274749603844178,1.2761015063285406
ET0701,crop_farming,ML2,2025-10-01,2026-05-31,7,2026-06-01,2,3,1.286820006445066,1.5192963963011137
ET0701,crop_farming,ML2,2025-11-01,2026-05-31,6,2026-06-01,2,3,1.286820006445066,1.5192963963011137
ET0701,crop_farming,ML2,2025-12-01,2026-05-31,5,2026-06-01,2,3,1.286820006445066,1.5192963963011137
ET0701,crop_farming,ML1,2026-04-01,2026-05-31,1,2026-06-01,2,3,1.286820006445066,1.5192963963011137
ET0701,crop_farming,ML1,2026-05-01,2026-05-31,0,2026-06-01,2,3,1.286820006445066,1.5192963963011137
ET0701,crop_farming,ML2,2026-01-01,2026-05-31,4,2026-06-01,2,3,1.286820006445066,1.5192963963011137
ET0701,crop_farming,ML1,2026-03-01,2026-05-31,2,2026-06-01,2,3,1.286820006445066,1.5192963963011137
ET0701,crop_farming,ML1,2026-02-01,2026-05-31,3,2026-06-01,2,3,1.286820006445066,1.5192963963011137
ET0702,crop_farming,ML1,2025-12-01,2026-01-31,1,2026-02-01,1,2,1.1845629876714383,1.3085947473835138
ET0702,crop_farming,ML1,2025-11-01,2026-01-31,2,2026-02-01,1,2,1.1845629876714383,1.3085947473835138
ET0702,crop_farming,ML1,2025-10-01,2026-01-31,3,2026-02-01,1,2,1.1845629876714383,1.3085947473835138
ET0702,crop_farming,ML1,2026-01-01,2026-01-31,0,2026-02-01,1,2,1.1845629876714383,1.3085947473835138
ET0702,crop_farming,ML2,2025-10-01,2026-05-31,7,2026-06-01,1,2,1.4763849904403974,1.280318906847283
ET0702,crop_farming,ML2,2025-11-01,2026-05-31,6,2026-06-01,1,2,1.4763849904403974,1.280318906847283
ET0702,crop_farming,ML2,2025-12-01,2026-05-31,5,2026-06-01,1,2,1.4763849904403974,1.280318906847283
ET0702,crop_farming,ML1,2026-04-01,2026-05-31,1,2026-06-01,2,2,1.3173305504693162,1.280318906847283
ET0702,crop_farming,ML1,2026-05-01,2026-05-31,0,2026-06-01,2,2,1.3173305504693162,1.280318906847283
ET0702,crop_farming,ML2,2026-01-01,2026-05-31,4,2026-06-01,1,2,1.4763849904403974,1.280318906847283
ET0702,crop_farming,ML1,2026-03-01,2026-05-31,2,2026-06-01,2,2,1.3173305504693162,1.280318906847283
ET0702,crop_farming,ML1,2026-02-01,2026-05-31,3,2026-06-01,2,2,1.3173305504693162,1.280318906847283
ET0703,crop_farming,ML1,2025-12-01,2026-01-31,1,2026-02-01,2,3,1.4355045634641246,2.191692591982263
ET0703,crop_farming,ML1,2025-11-01,2026-01-31,2,2026-02-01,2,3,1.4355045634641246,2.191692591982263
ET0703,crop_farming,ML1,2025-10-01,2026-01-31,3,2026-02-01,2,3,1.4355045634641246,2.191692591982263
ET0703,crop_farming,ML1,2026-01-01,2026-01-31,0,2026-02-01,2,3,1.4355045634641246,2.191692591982263
ET0703,crop_farming,ML2,2025-10-01,2026-05-31,7,2026-06-01,3,2,2.3981449060737585,1.4126816560783173
ET0703,crop_farming,ML2,2025-11-01,2026-05-31,6,2026-06-01,3,2,2.3981449060737585,1.4126816560783173
ET0703,crop_farming,ML2,2025-12-01,2026-05-31,5,2026-06-01,3,2,2.3981449060737585,1.4126816560783173
ET0703,crop_farming,ML1,2026-04-01,2026-05-31,1,2026-06-01,3,2,2.19858936275852,1.4126816560783173
ET0703,crop_farming,ML1,2026-05-01,2026-05-31,0,2026-06-01,3,2,2.19858936275852,1.4126816560783173
ET0703,crop_farming,ML2,2026-01-01,2026-05-31,4,2026-06-01,3,2,2.3981449060737585,1.4126816560783173
ET0703,crop_farming,ML1,2026-03-01,2026-05-31,2,2026-06-01,3,2,2.19858936275852,1.4126816560783173
ET0703,crop_farming,ML1,2026-02-01,2026-05-31,3,2026-06-01,3,2,2.19858936275852,1.4126816560783173
ET0705,crop_farming,ML1,2025-12-01,2026-01-31,1,2026-02-01,1,2,1.0441021883959234,2.024340273374029
ET0705,crop_farming,ML1,2025-11-01,2026-01-31,2,2026-02-01,1,2,1.0441021883959234,2.024340273374029
ET0705,crop_farming,ML1,2025-10-01,2026-01-31,3,2026-02-01,1,2,1.0441021883959234,2.024340273374029
ET0705,crop_farming,ML1,2026-01-01,2026-01-31,0,2026-02-01,1,2,1.0441021883959234,2.024340273374029
ET0705,crop_farming,ML2,2025-10-01,2026-05-31,7,2026-06-01,2,1,2.024340273374029,1.0918593666399283
ET0705,crop_farming,ML2,2025-11-01,2026-05-31,6,2026-06-01,2,1,2.024340273374029,1.0918593666399283
ET0705,crop_farming,ML2,2025-12-01,2026-05-31,5,2026-06-01,2,1,2.024340273374029,1.0918593666399283
ET0705,crop_farming,ML1,2026-04-01,2026-05-31,1,2026-06-01,2,1,2.024340273374029,1.0918593666399283
ET0705,crop_farming,ML1,2026-05-01,2026-05-31,0,2026-06-01,2,1,2.024340273374029,1.0918593666399283
ET0705,crop_farming,ML2,2026-01-01,2026-05-31,4,2026-06-01,2,1,2.024340273374029,1.0918593666399283
ET0705,crop_farming,ML1,2026-03-01,2026-05-31,2,2026-06-01,2,1,2.024340273374029,1.0918593666399283
ET0705,crop_farming,ML1,2026-02-01,2026-05-31,3,2026-06-01,2,1,2.024340273374029,1.0918593666399283
ET0706,crop_farming,ML1,2025-12-01,2026-01-31,1,2026-02-01,2,3,1.5609187983306885,2.512339998514149
ET0706,crop_farming,ML1,2025-11-01,2026-01-31,2,2026-02-01,2,3,1.5609187983306885,2.512339998514149
ET0706,crop_farming,ML1,2025-10-01,2026-01-31,3,2026-02-01,2,3,1.5609187983306885,2.512339998514149
ET0706,crop_farming,ML1,2026-01-01,2026-01-31,0,2026-02-01,2,3,1.5609187983306885,2.512339998514149
ET0706,crop_farming,ML2,2025-10-01,2026-05-31,7,2026-06-01,3,2,2.5243183798011435,1.5639345197937506
ET0706,crop_farming,ML2,2025-11-01,2026-05-31,6,2026-06-01,3,2,2.5243183798011435,1.5639345197937506
ET0706,crop_farming,ML2,2025-12-01,2026-05-31,5,2026-06-01,3,2,2.5243183798011435,1.5639345197937506
ET0706,crop_farming,ML1,2026-04-01,2026-05-31,1,2026-06-01,3,2,2.512339998514149,1.5639345197937506
ET0706,crop_farming,ML1,2026-05-01,2026-05-31,0,2026-06-01,3,2,2.512339998514149,1.5639345197937506
ET0706,crop_farming,ML2,2026-01-01,2026-05-31,4,2026-06-01,3,2,2.5243183798011435,1.5639345197937506
ET0706,crop_farming,ML1,2026-03-01,2026-05-31,2,2026-06-01,3,2,2.512339998514149,1.5639345197937506
ET0706,crop_farming,ML1,2026-02-01,2026-05-31,3,2026-06-01,3,2,2.512339998514149,1.5639345197937506
ET0707,agropastoral,ML1,2025-12-01,2026-01-31,1,2026-02-01,2,2,2.0014407526784894,2.0224668704990587
ET0707,agropastoral,ML1,2025-11-01,2026-01-31,2,2026-02-01,2,2,2.0014407526784894,2.0224668704990587
ET0707,agropastoral,ML1,2025-10-01,2026-01-31,3,2026-02-01,2,2,2.0014407526784894,2.0224668704990587
ET0707,agropastoral,ML1,2026-01-01,2026-01-31,0,2026-02-01,2,2,2.0014407526784894,2.0224668704990587
ET0707,agropastoral,ML2,2025-10-01,2026-05-31,7,2026-06-01,2,2,2.0224668704990587,1.6958695742337493
ET0707,agropastoral,ML2,2025-11-01,2026-05-31,6,2026-06-01,2,2,2.0224668704990587,1.6958695742337493
ET0707,agropastoral,ML2,2025-12-01,2026-05-31,5,2026-06-01,2,2,2.0224668704990587,1.6958695742337493
ET0707,agropastoral,ML1,2026-04-01,2026-05-31,1,2026-06-01,2,2,2.0224668704990587,1.6958695742337493
ET0707,agropastoral,ML1,2026-05-01,2026-05-31,0,2026-06-01,2,2,2.0224668704990587,1.6958695742337493
ET0707,agropastoral,ML2,2026-01-01,2026-05-31,4,2026-06-01,2,2,2.0224668704990587,1.6958695742337493
ET0707,agropastoral,ML1,2026-03-01,2026-05-31,2,2026-06-01,2,2,2.0224668704990587,1.6958695742337493
ET0707,agropastoral,ML1,2026-02-01,2026-05-31,3,2026-06-01,2,2,2.0224668704990587,1.6958695742337493
ET0710,crop_farming,ML1,2025-12-01,2026-01-31,1,2026-02-01,2,3,1.852000604954736,2.7497855275126986
ET0710,crop_farming,ML1,2025-11-01,2026-01-31,2,2026-02-01,2,3,1.852000604954736,2.7497855275126986
ET0710,crop_farming,ML1,2025-10-01,2026-01-31,3,2026-02-01,2,3,1.852000604954736,2.7497855275126986
ET0710,crop_farming,ML1,2026-01-01,2026-01-31,0,2026-02-01,2,3,1.852000604954736,2.7497855275126986
ET0710,crop_farming,ML2,2025-10-01,2026-05-31,7,2026-06-01,3,2,2.7497855275126986,1.8725327761804649
ET0710,crop_farming,ML2,2025-11-01,2026-05-31,6,2026-06-01,3,2,2.7497855275126986,1.8725327761804649
ET0710,crop_farming,ML2,2025-12-01,2026-05-31,5,2026-06-01,3,2,2.7497855275126986,1.8725327761804649
ET0710,crop_farming,ML1,2026-04-01,2026-05-31,1,2026-06-01,3,2,2.7497855275126986,1.8725327761804649
ET0710,crop_farming,ML1,2026-05-01,2026-05-31,0,2026-06-01,3,2,2.7497855275126986,1.8725327761804649
ET0710,crop_farming,ML2,2026-01-01,2026-05-31,4,2026-06-01,3,2,2.7497855275126986,1.8725327761804649
ET0710,crop_farming,ML1,2026-03-01,2026-05-31,2,2026-06-01,3,2,2.7497855275126986,1.8725327761804649
ET0710,crop_farming,ML1,2026-02-01,2026-05-31,3,2026-06-01,3,2,2.7497855275126986,1.8725327761804649
ET0712,agropastoral,ML1,2025-12-01,2026-01-31,1,2026-02-01,2,3,2.0,2.9841498181892363
ET0712,agropastoral,ML1,2025-11-01,2026-01-31,2,2026-02-01,2,3,2.0,2.9841498181892363
ET0712,agropastoral,ML1,2025-10-01,2026-01-31,3,2026-02-01,2,3,2.0,2.9841498181892363
ET0712,agropastoral,ML1,2026-01-01,2026-01-31,0,2026-02-01,2,3,2.0,2.9841498181892363
ET0712,agropastoral,ML2,2025-10-01,2026-05-31,7,2026-06-01,3,2,2.9841498181892363,2.0
ET0712,agropastoral,ML2,2025-11-01,2026-05-31,6,2026-06-01,3,2,2.9841498181892363,2.0
ET0712,agropastoral,ML2,2025-12-01,2026-05-31,5,2026-06-01,3,2,2.9841498181892363,2.0
ET0712,agropastoral,ML1,2026-04-01,2026-05-31,1,2026-06-01,3,2,2.9841498181892363,2.0
ET0712,agropastoral,ML1,2026-05-01,2026-05-31,0,2026-06-01,3,2,2.9841498181892363,2.0
ET0712,agropastoral,ML2,2026-01-01,2026-05-31,4,2026-06-01,3,2,2.9841498181892363,2.0
ET0712,agropastoral,ML1,2026-03-01,2026-05-31,2,2026-06-01,3,2,2.9841498181892363,2.0
ET0712,agropastoral,ML1,2026-02-01,2026-05-31,3,2026-06-01,3,2,2.9841498181892363,2.0
ET0713,crop_farming,ML1,2025-12-01,2026-01-31,1,2026-02-01,2,3,2.002221539351379,2.99112914630372
ET0713,crop_farming,ML1,2025-11-01,2026-01-31,2,2026-02-01,2,3,2.002221539351379,2.99112914630372
ET0713,crop_farming,ML1,2025-10-01,2026-01-31,3,2026-02-01,2,3,2.002221539351379,2.99112914630372
ET0713,crop_farming,ML1,2026-01-01,2026-01-31,0,2026-02-01,2,3,2.002221539351379,2.99112914630372
ET0713,crop_farming,ML2,2025-10-01,2026-05-31,7,2026-06-01,3,2,2.99112914630372,2.002221539351379
ET0713,crop_farming,ML2,2025-11-01,2026-05-31,6,2026-06-01,3,2,2.99112914630372,2.002221539351379
ET0713,crop_farming,ML2,2025-12-01,2026-05-31,5,2026-06-01,3,2,2.99112914630372,2.002221539351379
ET0713,crop_farming,ML1,2026-04-01,2026-05-31,1,2026-06-01,3,2,2.99112914630372,2.002221539351379
ET0713,crop_farming,ML1,2026-05-01,2026-05-31,0,2026-06-01,3,2,2.99112914630372,2.002221539351379
ET0713,crop_farming,ML2,2026-01-01,2026-05-31,4,2026-06-01,3,2,2.99112914630372,2.002221539351379
ET0713,crop_farming,ML1,2026-03-01,2026-05-31,2,2026-06-01,3,2,2.99112914630372,2.002221539351379
ET0713,crop_farming,ML1,2026-02-01,2026-05-31,3,2026-06-01,3,2,2.99112914630372,2.002221539351379
ET0714,crop_farming,ML1,2025-12-01,2026-01-31,1,2026-02-01,1,1,1.0075695194915262,1.1191894003368952
ET0714,crop_farming,ML1,2025-11-01,2026-01-31,2,2026-02-01,1,1,1.0075695194915262,1.1191894003368952
ET0714,crop_farming,ML1,2025-10-01,2026-01-31,3,2026-02-01,1,1,1.0075695194915262,1.1191894003368952
ET0714,crop_farming,ML1,2026-01-01,2026-01-31,0,2026-02-01,1,1,1.0075695194915262,1.1191894003368952
ET0714,crop_farming,ML2,2025-10-01,2026-05-31,7,2026-06-01,1,3,1.1119343963850177,2.9225400453105403
ET0714,crop_farming,ML2,2025-11-01,2026-05-31,6,2026-06-01,1,3,1.1119343963850177,2.9225400453105403
ET0714,crop_farming,ML2,2025-12-01,2026-05-31,5,2026-06-01,1,3,1.1119343963850177,2.9225400453105403
ET0714,crop_farming,ML1,2026-04-01,2026-05-31,1,2026-06-01,2,3,1.988895746789643,2.9225400453105403
ET0714,crop_farming,ML1,2026-05-01,2026-05-31,0,2026-06-01,2,3,1.988895746789643,2.9225400453105403
ET0714,crop_farming,ML2,2026-01-01,2026-05-31,4,2026-06-01,1,3,1.1119343963850177,2.9225400453105403
ET0714,crop_farming,ML1,2026-03-01,2026-05-31,2,2026-06-01,2,3,1.988895746789643,2.9225400453105403
ET0714,crop_farming,ML1,2026-02-01,2026-05-31,3,2026-06-01,2,3,1.988895746789643,2.9225400453105403
ET0715,crop_farming,ML1,2025-12-01,2026-01-31,1,2026-02-01,1,2,1.015289559756081,1.9139760230568432
ET0715,crop_farming,ML1,2025-11-01,2026-01-31,2,2026-02-01,1,2,1.015289559756081,1.9139760230568432
ET0715,crop_farming,ML1,2025-10-01,2026-01-31,3,2026-02-01,1,2,1.015289559756081,1.9139760230568432
ET0715,crop_farming,ML1,2026-01-01,2026-01-31,0,2026-02-01,1,2,1.015289559756081,1.9139760230568432
ET0715,crop_farming,ML2,2025-10-01,2026-05-31,7,2026-06-01,2,1,1.9157299677527264,1.008777884545693
ET0715,crop_farming,ML2,2025-11-01,2026-05-31,6,2026-06-01,2,1,1.9157299677527264,1.008777884545693
ET0715,crop_farming,ML2,2025-12-01,2026-05-31,5,2026-06-01,2,1,1.9157299677527264,1.008777884545693
ET0715,crop_farming,ML1,2026-04-01,2026-05-31,1,2026-06-01,2,1,1.9139760230568432,1.008777884545693
ET0715,crop_farming,ML1,2026-05-01,2026-05-31,0,2026-06-01,2,1,1.9139760230568432,1.008777884545693
ET0715,crop_farming,ML2,2026-01-01,2026-05-31,4,2026-06-01,2,1,1.9157299677527264,1.008777884545693
ET0715,crop_farming,ML1,2026-03-01,2026-05-31,2,2026-06-01,2,1,1.9139760230568432,1.008777884545693
ET0715,crop_farming,ML1,2026-02-01,2026-05-31,3,2026-06-01,2,1,1.9139760230568432,1.008777884545693
ET0716,crop_farming,ML1,2025-12-01,2026-01-31,1,2026-02-01,1,1,1.022884137876653,1.0335791258525793
ET0716,crop_farming,ML1,2025-11-01,2026-01-31,2,2026-02-01,1,1,1.022884137876653,1.0335791258525793
ET0716,crop_farming,ML1,2025-10-01,2026-01-31,3,2026-02-01,1,1,1.022884137876653,1.0335791258525793
ET0716,crop_farming,ML1,2026-01-01,2026-01-31,0,2026-02-01,1,1,1.022884137876653,1.0335791258525793
ET0716,crop_farming,ML2,2025-10-01,2026-05-31,7,2026-06-01,1,1,1.0335791258525793,1.0010100041729018
ET0716,crop_farming,ML2,2025-11-01,2026-05-31,6,2026-06-01,1,1,1.0335791258525793,1.0010100041729018
ET0716,crop_farming,ML2,2025-12-01,2026-05-31,5,2026-06-01,1,1,1.0335791258525793,1.0010100041729018
ET0716,crop_farming,ML1,2026-04-01,2026-05-31,1,2026-06-01,1,1,1.0335791258525793,1.0010100041729018
ET0716,crop_farming,ML1,2026-05-01,2026-05-31,0,2026-06-01,1,1,1.0335791258525793,1.0010100041729018
ET0716,crop_farming,ML2,2026-01-01,2026-05-31,4,2026-06-01,1,1,1.0335791258525793,1.0010100041729018
ET0716,crop_farming,ML1,2026-03-01,2026-05-31,2,2026-06-01,1,1,1.0335791258525793,1.0010100041729018
ET0716,crop_farming,ML1,2026-02-01,2026-05-31,3,2026-06-01,1,1,1.0335791258525793,1.0010100041729018
ET0720,crop_farming,ML1,2025-12-01,2026-01-31,1,2026-02-01,2,2,1.456994867630776,1.4748491843489815
ET0720,crop_farming,ML1,2025-11-01,2026-01-31,2,2026-02-01,2,2,1.456994867630776,1.4748491843489815
ET0720,crop_farming,ML1,2025-10-01,2026-01-31,3,2026-02-01,2,2,1.456994867630776,1.4748491843489815
ET0720,crop_farming,ML1,2026-01-01,2026-01-31,0,2026-02-01,2,2,1.456994867630776,1.4748491843489815
ET0720,crop_farming,ML2,2025-10-01,2026-05-31,7,2026-06-01,2,3,1.7658204939202575,2.520353031896375
ET0720,crop_farming,ML2,2025-11-01,2026-05-31,6,2026-06-01,2,3,1.7658204939202575,2.520353031896375
ET0720,crop_farming,ML2,2025-12-01,2026-05-31,5,2026-06-01,2,3,1.7658204939202575,2.520353031896375
ET0720,crop_farming,ML1,2026-04-01,2026-05-31,1,2026-06-01,2,3,1.94401165689683,2.520353031896375
ET0720,crop_farming,ML1,2026-05-01,2026-05-31,0,2026-06-01,2,3,1.94401165689683,2.520353031896375
ET0720,crop_farming,ML2,2026-01-01,2026-05-31,4,2026-06-01,2,3,1.7658204939202575,2.520353031896375
ET0720,crop_farming,ML1,2026-03-01,2026-05-31,2,2026-06-01,2,3,1.94401165689683,2.520353031896375
ET0720,crop_farming,ML1,2026-02-01,2026-05-31,3,2026-06-01,2,3,1.94401165689683,2.520353031896375
ET0721,crop_farming,ML1,2025-12-01,2026-01-31,1,2026-02-01,2,3,2.0,2.9882274458725484
ET0721,crop_farming,ML1,2025-11-01,2026-01-31,2,2026-02-01,2,3,2.0,2.9882274458725484
ET0721,crop_farming,ML1,2025-10-01,2026-01-31,3,2026-02-01,2,3,2.0,2.9882274458725484
ET0721,crop_farming,ML1,2026-01-01,2026-01-31,0,2026-02-01,2,3,2.0,2.9882274458725484
ET0721,crop_farming,ML2,2025-10-01,2026-05-31,7,2026-06-01,3,2,2.9882274458725484,2.0
ET0721,crop_farming,ML2,2025-11-01,2026-05-31,6,2026-06-01,3,2,2.9882274458725484,2.0
ET0721,crop_farming,ML2,2025-12-01,2026-05-31,5,2026-06-01,3,2,2.9882274458725484,2.0
ET0721,crop_farming,ML1,2026-04-01,2026-05-31,1,2026-06-01,3,2,2.9882274458725484,2.0
ET0721,crop_farming,ML1,2026-05-01,2026-05-31,0,2026-06-01,3,2,2.9882274458725484,2.0
ET0721,crop_farming,ML2,2026-01-01,2026-05-31,4,2026-06-01,3,2,2.9882274458725484,2.0
ET0721,crop_farming,ML1,2026-03-01,2026-05-31,2,2026-06-01,3,2,2.9882274458725484,2.0
ET0721,crop_farming,ML1,2026-02-01,2026-05-31,3,2026-06-01,3,2,2.9882274458725484,2.0
ET0722,crop_farming,ML1,2025-12-01,2026-01-31,1,2026-02-01,2,3,2.0,2.9905049835392696
ET0722,crop_farming,ML1,2025-11-01,2026-01-31,2,2026-02-01,2,3,2.0,2.9905049835392696
ET0722,crop_farming,ML1,2025-10-01,2026-01-31,3,2026-02-01,2,3,2.0,2.9905049835392696
ET0722,crop_farming,ML1,2026-01-01,2026-01-31,0,2026-02-01,2,3,2.0,2.9905049835392696
ET0722,crop_farming,ML2,2025-10-01,2026-05-31,7,2026-06-01,3,2,2.9905049835392696,2.0
ET0722,crop_farming,ML2,2025-11-01,2026-05-31,6,2026-06-01,3,2,2.9905049835392696,2.0
ET0722,crop_farming,ML2,2025-12-01,2026-05-31,5,2026-06-01,3,2,2.9905049835392696,2.0
ET0722,crop_farming,ML1,2026-04-01,2026-05-31,1,2026-06-01,3,2,2.9905049835392696,2.0
ET0722,crop_farming,ML1,2026-05-01,2026-05-31,0,2026-06-01,3,2,2.9905049835392696,2.0
ET0722,crop_farming,ML2,2026-01-01,2026-05-31,4,2026-06-01,3,2,2.9905049835392696,2.0
ET0722,crop_farming,ML1,2026-03-01,2026-05-31,2,2026-06-01,3,2,2.9905049835392696,2.0
ET0722,crop_farming,ML1,2026-02-01,2026-05-31,3,2026-06-01,3,2,2.9905049835392696,2.0
ET0723,crop_farming,ML1,2025-12-01,2026-01-31,1,2026-02-01,2,3,2.0,3.0
ET0723,crop_farming,ML1,2025-11-01,2026-01-31,2,2026-02-01,2,3,2.0,3.0
ET0723,crop_farming,ML1,2025-10-01,2026-01-31,3,2026-02-01,2,3,2.0,3.0
ET0723,crop_farming,ML1,2026-01-01,2026-01-31,0,2026-02-01,2,3,2.0,3.0
ET0723,crop_farming,ML2,2025-10-01,2026-05-31,7,2026-06-01,3,2,3.0,2.0
ET0723,crop_farming,ML2,2025-11-01,2026-05-31,6,2026-06-01,3,2,3.0,2.0
ET0723,crop_farming,ML2,2025-12-01,2026-05-31,5,2026-06-01,3,2,3.0,2.0
ET0723,crop_farming,ML1,2026-04-01,2026-05-31,1,2026-06-01,3,2,3.0,2.0
ET0723,crop_farming,ML1,2026-05-01,2026-05-31,0,2026-06-01,3,2,3.0,2.0
ET0723,crop_farming,ML2,2026-01-01,2026-05-31,4,2026-06-01,3,2,3.0,2.0
ET0723,crop_farming,ML1,2026-03-01,2026-05-31,2,2026-06-01,3,2,3.0,2.0
ET0723,crop_farming,ML1,2026-02-01,2026-05-31,3,2026-06-01,3,2,3.0,2.0
ET0724,crop_farming,ML1,2025-12-01,2026-01-31,1,2026-02-01,1,1,1.0,1.0
ET0724,crop_farming,ML1,2025-11-01,2026-01-31,2,2026-02-01,1,1,1.0,1.0
ET0724,crop_farming,ML1,2025-10-01,2026-01-31,3,2026-02-01,1,1,1.0,1.0
ET0724,crop_farming,ML1,2026-01-01,2026-01-31,0,2026-02-01,1,1,1.0,1.0
ET0724,crop_farming,ML2,2025-10-01,2026-05-31,7,2026-06-01,1,1,1.0,1.0
ET0724,crop_farming,ML2,2025-11-01,2026-05-31,6,2026-06-01,1,1,1.0,1.0
ET0724,crop_farming,ML2,2025-12-01,2026-05-31,5,2026-06-01,1,1,1.0,1.0
ET0724,crop_farming,ML1,2026-04-01,2026-05-31,1,2026-06-01,1,1,1.0,1.0
ET0724,crop_farming,ML1,2026-05-01,2026-05-31,0,2026-06-01,1,1,1.0,1.0
ET0724,crop_farming,ML2,2026-01-01,2026-05-31,4,2026-06-01,1,1,1.0,1.0
ET0724,crop_farming,ML1,2026-03-01,2026-05-31,2,2026-06-01,1,1,1.0,1.0
ET0724,crop_farming,ML1,2026-02-01,2026-05-31,3,2026-06-01,1,1,1.0,1.0
ET1101,crop_farming,ML1,2025-12-01,2026-01-31,1,2026-02-01,1,1,1.0,1.0
ET1101,crop_farming,ML1,2025-11-01,2026-01-31,2,2026-02-01,1,1,1.0,1.0
ET1101,crop_farming,ML1,2025-10-01,2026-01-31,3,2026-02-01,1,1,1.0,1.0
ET1101,crop_farming,ML1,2026-01-01,2026-01-31,0,2026-02-01,1,1,1.0,1.0
ET1101,crop_farming,ML2,2025-10-01,2026-05-31,7,2026-06-01,1,1,1.0,1.0
ET1101,crop_farming,ML2,2025-11-01,2026-05-31,6,2026-06-01,1,1,1.0,1.0
ET1101,crop_farming,ML2,2025-12-01,2026-05-31,5,2026-06-01,1,1,1.0,1.0
ET1101,crop_farming,ML1,2026-04-01,2026-05-31,1,2026-06-01,1,1,1.0,1.0
ET1101,crop_farming,ML1,2026-05-01,2026-05-31,0,2026-06-01,1,1,1.0,1.0
ET1101,crop_farming,ML2,2026-01-01,2026-05-31,4,2026-06-01,1,1,1.0,1.0
ET1101,crop_farming,ML1,2026-03-01,2026-05-31,2,2026-06-01,1,1,1.0,1.0
ET1101,crop_farming,ML1,2026-02-01,2026-05-31,3,2026-06-01,1,1,1.0,1.0
ET1102,crop_farming,ML1,2025-12-01,2026-01-31,1,2026-02-01,1,1,1.0004508208716103,1.0004508208716103
ET1102,crop_farming,ML1,2025-11-01,2026-01-31,2,2026-02-01,1,1,1.0004508208716103,1.0004508208716103
ET1102,crop_farming,ML1,2025-10-01,2026-01-31,3,2026-02-01,1,1,1.0004508208716103,1.0004508208716103
ET1102,crop_farming,ML1,2026-01-01,2026-01-31,0,2026-02-01,1,1,1.0004508208716103,1.0004508208716103
ET1102,crop_farming,ML2,2025-10-01,2026-05-31,7,2026-06-01,1,1,1.0004508208716103,1.0004508208716103
ET1102,crop_farming,ML2,2025-11-01,2026-05-31,6,2026-06-01,1,1,1.0004508208716103,1.0004508208716103
ET1102,crop_farming,ML2,2025-12-01,2026-05-31,5,2026-06-01,1,1,1.0004508208716103,1.0004508208716103
ET1102,crop_farming,ML1,2026-04-01,2026-05-31,1,2026-06-01,1,1,1.0004508208716103,1.0004508208716103
ET1102,crop_farming,ML1,2026-05-01,2026-05-31,0,2026-06-01,1,1,1.0004508208716103,1.0004508208716103
ET1102,crop_farming,ML2,2026-01-01,2026-05-31,4,2026-06-01,1,1,1.0004508208716103,1.0004508208716103
ET1102,crop_farming,ML1,2026-03-01,2026-05-31,2,2026-06-01,1,1,1.0004508208716103,1.0004508208716103
ET1102,crop_farming,ML1,2026-02-01,2026-05-31,3,2026-06-01,1,1,1.0004508208716103,1.0004508208716103
ET1103,crop_farming,ML1,2025-12-01,2026-01-31,1,2026-02-01,1,1,1.0,1.0
ET1103,crop_farming,ML1,2025-11-01,2026-01-31,2,2026-02-01,1,1,1.0,1.0
ET1103,crop_farming,ML1,2025-10-01,2026-01-31,3,2026-02-01,1,1,1.0,1.0
ET1103,crop_farming,ML1,2026-01-01,2026-01-31,0,2026-02-01,1,1,1.0,1.0
ET1103,crop_farming,ML2,2025-10-01,2026-05-31,7,2026-06-01,1,1,1.0,1.0
ET1103,crop_farming,ML2,2025-11-01,2026-05-31,6,2026-06-01,1,1,1.0,1.0
ET1103,crop_farming,ML2,2025-12-01,2026-05-31,5,2026-06-01,1,1,1.0,1.0
ET1103,crop_farming,ML1,2026-04-01,2026-05-31,1,2026-06-01,1,1,1.0,1.0
ET1103,crop_farming,ML1,2026-05-01,2026-05-31,0,2026-06-01,1,1,1.0,1.0
ET1103,crop_farming,ML2,2026-01-01,2026-05-31,4,2026-06-01,1,1,1.0,1.0
ET1103,crop_farming,ML1,2026-03-01,2026-05-31,2,2026-06-01,1,1,1.0,1.0
ET1103,crop_farming,ML1,2026-02-01,2026-05-31,3,2026-06-01,1,1,1.0,1.0
ET1104,crop_farming,ML1,2025-12-01,2026-01-31,1,2026-02-01,1,1,1.0086496310458386,1.0228649706227135
ET1104,crop_farming,ML1,2025-11-01,2026-01-31,2,2026-02-01,1,1,1.0086496310458386,1.0228649706227135
ET1104,crop_farming,ML1,2025-10-01,2026-01-31,3,2026-02-01,1,1,1.0086496310458386,1.0228649706227135
ET1104,crop_farming,ML1,2026-01-01,2026-01-31,0,2026-02-01,1,1,1.0086496310458386,1.0228649706227135
ET1104,crop_farming,ML2,2025-10-01,2026-05-31,7,2026-06-01,2,1,1.5843945180817307,1.0031352113141303
ET1104,crop_farming,ML2,2025-11-01,2026-05-31,6,2026-06-01,2,1,1.5843945180817307,1.0031352113141303
ET1104,crop_farming,ML2,2025-12-01,2026-05-31,5,2026-06-01,2,1,1.5843945180817307,1.0031352113141303
ET1104,crop_farming,ML1,2026-04-01,2026-05-31,1,2026-06-01,1,1,1.0228649706227135,1.0031352113141303
ET1104,crop_farming,ML1,2026-05-01,2026-05-31,0,2026-06-01,1,1,1.0228649706227135,1.0031352113141303
ET1104,crop_farming,ML2,2026-01-01,2026-05-31,4,2026-06-01,2,1,1.5843945180817307,1.0031352113141303
ET1104,crop_farming,ML1,2026-03-01,2026-05-31,2,2026-06-01,1,1,1.0228649706227135,1.0031352113141303
ET1104,crop_farming,ML1,2026-02-01,2026-05-31,3,2026-06-01,1,1,1.0228649706227135,1.0031352113141303
ET1105,crop_farming,ML1,2025-12-01,2026-01-31,1,2026-02-01,1,1,1.002679085217821,1.002679085217821
ET1105,crop_farming,ML1,2025-11-01,2026-01-31,2,2026-02-01,1,1,1.002679085217821,1.002679085217821
ET1105,crop_farming,ML1,2025-10-01,2026-01-31,3,2026-02-01,1,1,1.002679085217821,1.002679085217821
ET1105,crop_farming,ML1,2026-01-01,2026-01-31,0,2026-02-01,1,1,1.002679085217821,1.002679085217821
ET1105,crop_farming,ML2,2025-10-01,2026-05-31,7,2026-06-01,1,1,1.002679085217821,1.002679085217821
ET1105,crop_farming,ML2,2025-11-01,2026-05-31,6,2026-06-01,1,1,1.002679085217821,1.002679085217821
ET1105,crop_farming,ML2,2025-12-01,2026-05-31,5,2026-06-01,1,1,1.002679085217821,1.002679085217821
ET1105,crop_farming,ML1,2026-04-01,2026-05-31,1,2026-06-01,1,1,1.002679085217821,1.002679085217821
ET1105,crop_farming,ML1,2026-05-01,2026-05-31,0,2026-06-01,1,1,1.002679085217821,1.002679085217821
ET1105,crop_farming,ML2,2026-01-01,2026-05-31,4,2026-06-01,1,1,1.002679085217821,1.002679085217821
ET1105,crop_farming,ML1,2026-03-01,2026-05-31,2,2026-06-01,1,1,1.002679085217821,1.002679085217821
ET1105,crop_farming,ML1,2026-02-01,2026-05-31,3,2026-06-01,1,1,1.002679085217821,1.002679085217821
ET1106,crop_farming,ML1,2025-12-01,2026-01-31,1,2026-02-01,1,1,1.0,1.0076740614662985
ET1106,crop_farming,ML1,2025-11-01,2026-01-31,2,2026-02-01,1,1,1.0,1.0076740614662985
ET1106,crop_farming,ML1,2025-10-01,2026-01-31,3,2026-02-01,1,1,1.0,1.0076740614662985
ET1106,crop_farming,ML1,2026-01-01,2026-01-31,0,2026-02-01,1,1,1.0,1.0076740614662985
ET1106,crop_farming,ML2,2025-10-01,2026-05-31,7,2026-06-01,1,1,1.0497823977549998,1.0
ET1106,crop_farming,ML2,2025-11-01,2026-05-31,6,2026-06-01,1,1,1.0497823977549998,1.0
ET1106,crop_farming,ML2,2025-12-01,2026-05-31,5,2026-06-01,1,1,1.0497823977549998,1.0
ET1106,crop_farming,ML1,2026-04-01,2026-05-31,1,2026-06-01,1,1,1.0076740614662985,1.0
ET1106,crop_farming,ML1,2026-05-01,2026-05-31,0,2026-06-01,1,1,1.0076740614662985,1.0
ET1106,crop_farming,ML2,2026-01-01,2026-05-31,4,2026-06-01,1,1,1.0497823977549998,1.0
ET1106,crop_farming,ML1,2026-03-01,2026-05-31,2,2026-06-01,1,1,1.0076740614662985,1.0
ET1106,crop_farming,ML1,2026-02-01,2026-05-31,3,2026-06-01,1,1,1.0076740614662985,1.0
ET1201,agropastoral,ML1,2025-12-01,2026-01-31,1,2026-02-01,1,1,1.0,1.0
ET1201,agropastoral,ML1,2025-11-01,2026-01-31,2,2026-02-01,1,1,1.0,1.0
ET1201,agropastoral,ML1,2025-10-01,2026-01-31,3,2026-02-01,1,1,1.0,1.0
ET1201,agropastoral,ML1,2026-01-01,2026-01-31,0,2026-02-01,1,1,1.0,1.0
ET1201,agropastoral,ML2,2025-10-01,2026-05-31,7,2026-06-01,1,1,1.0,1.0
ET1201,agropastoral,ML2,2025-11-01,2026-05-31,6,2026-06-01,1,1,1.0,1.0
ET1201,agropastoral,ML2,2025-12-01,2026-05-31,5,2026-06-01,1,1,1.0,1.0
ET1201,agropastoral,ML1,2026-04-01,2026-05-31,1,2026-06-01,1,1,1.0,1.0
ET1201,agropastoral,ML1,2026-05-01,2026-05-31,0,2026-06-01,1,1,1.0,1.0
ET1201,agropastoral,ML2,2026-01-01,2026-05-31,4,2026-06-01,1,1,1.0,1.0
ET1201,agropastoral,ML1,2026-03-01,2026-05-31,2,2026-06-01,1,1,1.0,1.0
ET1201,agropastoral,ML1,2026-02-01,2026-05-31,3,2026-06-01,1,1,1.0,1.0
ET1202,crop_farming,ML1,2025-12-01,2026-01-31,1,2026-02-01,1,1,0.9999999999999998,0.9999999999999998
ET1202,crop_farming,ML1,2025-11-01,2026-01-31,2,2026-02-01,1,1,0.9999999999999998,0.9999999999999998
ET1202,crop_farming,ML1,2025-10-01,2026-01-31,3,2026-02-01,1,1,0.9999999999999998,0.9999999999999998
ET1202,crop_farming,ML1,2026-01-01,2026-01-31,0,2026-02-01,1,1,0.9999999999999998,0.9999999999999998
ET1202,crop_farming,ML2,2025-10-01,2026-05-31,7,2026-06-01,1,1,0.9999999999999998,0.9999999999999998
ET1202,crop_farming,ML2,2025-11-01,2026-05-31,6,2026-06-01,1,1,0.9999999999999998,0.9999999999999998
ET1202,crop_farming,ML2,2025-12-01,2026-05-31,5,2026-06-01,1,1,0.9999999999999998,0.9999999999999998
ET1202,crop_farming,ML1,2026-04-01,2026-05-31,1,2026-06-01,1,1,0.9999999999999998,0.9999999999999998
ET1202,crop_farming,ML1,2026-05-01,2026-05-31,0,2026-06-01,1,1,0.9999999999999998,0.9999999999999998
ET1202,crop_farming,ML2,2026-01-01,2026-05-31,4,2026-06-01,1,1,0.9999999999999998,0.9999999999999998
ET1202,crop_farming,ML1,2026-03-01,2026-05-31,2,2026-06-01,1,1,0.9999999999999998,0.9999999999999998
ET1202,crop_farming,ML1,2026-02-01,2026-05-31,3,2026-06-01,1,1,0.9999999999999998,0.9999999999999998
ET1203,crop_farming,ML1,2025-12-01,2026-01-31,1,2026-02-01,1,1,0.9999999999999998,0.9999999999999998
ET1203,crop_farming,ML1,2025-11-01,2026-01-31,2,2026-02-01,1,1,0.9999999999999998,0.9999999999999998
ET1203,crop_farming,ML1,2025-10-01,2026-01-31,3,2026-02-01,1,1,0.9999999999999998,0.9999999999999998
ET1203,crop_farming,ML1,2026-01-01,2026-01-31,0,2026-02-01,1,1,0.9999999999999998,0.9999999999999998
ET1203,crop_farming,ML2,2025-10-01,2026-05-31,7,2026-06-01,1,1,0.9999999999999998,0.9999999999999998
ET1203,crop_farming,ML2,2025-11-01,2026-05-31,6,2026-06-01,1,1,0.9999999999999998,0.9999999999999998
ET1203,crop_farming,ML2,2025-12-01,2026-05-31,5,2026-06-01,1,1,0.9999999999999998,0.9999999999999998
ET1203,crop_farming,ML1,2026-04-01,2026-05-31,1,2026-06-01,1,1,0.9999999999999998,0.9999999999999998
ET1203,crop_farming,ML1,2026-05-01,2026-05-31,0,2026-06-01,1,1,0.9999999999999998,0.9999999999999998
ET1203,crop_farming,ML2,2026-01-01,2026-05-31,4,2026-06-01,1,1,0.9999999999999998,0.9999999999999998
ET1203,crop_farming,ML1,2026-03-01,2026-05-31,2,2026-06-01,1,1,0.9999999999999998,0.9999999999999998
ET1203,crop_farming,ML1,2026-02-01,2026-05-31,3,2026-06-01,1,1,0.9999999999999998,0.9999999999999998
ET1204,crop_farming,ML1,2025-12-01,2026-01-31,1,2026-02-01,1,1,1.0000000000000002,1.0000000000000002
ET1204,crop_farming,ML1,2025-11-01,2026-01-31,2,2026-02-01,1,1,1.0000000000000002,1.0000000000000002
ET1204,crop_farming,ML1,2025-10-01,2026-01-31,3,2026-02-01,1,1,1.0000000000000002,1.0000000000000002
ET1204,crop_farming,ML1,2026-01-01,2026-01-31,0,2026-02-01,1,1,1.0000000000000002,1.0000000000000002
ET1204,crop_farming,ML2,2025-10-01,2026-05-31,7,2026-06-01,1,1,1.0000000000000002,1.0000000000000002
ET1204,crop_farming,ML2,2025-11-01,2026-05-31,6,2026-06-01,1,1,1.0000000000000002,1.0000000000000002
ET1204,crop_farming,ML2,2025-12-01,2026-05-31,5,2026-06-01,1,1,1.0000000000000002,1.0000000000000002
ET1204,crop_farming,ML1,2026-04-01,2026-05-31,1,2026-06-01,1,1,1.0000000000000002,1.0000000000000002
ET1204,crop_farming,ML1,2026-05-01,2026-05-31,0,2026-06-01,1,1,1.0000000000000002,1.0000000000000002
ET1204,crop_farming,ML2,2026-01-01,2026-05-31,4,2026-06-01,1,1,1.0000000000000002,1.0000000000000002
ET1204,crop_farming,ML1,2026-03-01,2026-05-31,2,2026-06-01,1,1,1.0000000000000002,1.0000000000000002
ET1204,crop_farming,ML1,2026-02-01,2026-05-31,3,2026-06-01,1,1,1.0000000000000002,1.0000000000000002
ET1301,crop_farming,ML1,2025-12-01,2026-01-31,1,2026-02-01,1,1,1.095206694977141,1.1510671301390965
ET1301,crop_farming,ML1,2025-11-01,2026-01-31,2,2026-02-01,1,1,1.095206694977141,1.1510671301390965
ET1301,crop_farming,ML1,2025-10-01,2026-01-31,3,2026-02-01,1,1,1.095206694977141,1.1510671301390965
ET1301,crop_farming,ML1,2026-01-01,2026-01-31,0,2026-02-01,1,1,1.095206694977141,1.1510671301390965
ET1301,crop_farming,ML2,2025-10-01,2026-05-31,7,2026-06-01,1,1,1.1510671301390965,1.114871654137482
ET1301,crop_farming,ML2,2025-11-01,2026-05-31,6,2026-06-01,1,1,1.1510671301390965,1.114871654137482
ET1301,crop_farming,ML2,2025-12-01,2026-05-31,5,2026-06-01,1,1,1.1510671301390965,1.114871654137482
ET1301,crop_farming,ML1,2026-04-01,2026-05-31,1,2026-06-01,1,1,1.1304429689076634,1.114871654137482
ET1301,crop_farming,ML1,2026-05-01,2026-05-31,0,2026-06-01,1,1,1.1304429689076634,1.114871654137482
ET1301,crop_farming,ML2,2026-01-01,2026-05-31,4,2026-06-01,1,1,1.1510671301390965,1.114871654137482
ET1301,crop_farming,ML1,2026-03-01,2026-05-31,2,2026-06-01,1,1,1.1510671301390965,1.114871654137482
ET1301,crop_farming,ML1,2026-02-01,2026-05-31,3,2026-06-01,1,1,1.1510671301390965,1.114871654137482
ET1401,crop_farming,ML1,2025-12-01,2026-01-31,1,2026-02-01,1,1,1.0,1.0
ET1401,crop_farming,ML1,2025-11-01,2026-01-31,2,2026-02-01,1,1,1.0,1.0
ET1401,crop_farming,ML1,2025-10-01,2026-01-31,3,2026-02-01,1,1,1.0,1.0
ET1401,crop_farming,ML1,2026-01-01,2026-01-31,0,2026-02-01,1,1,1.0,1.0
ET1401,crop_farming,ML2,2025-10-01,2026-05-31,7,2026-06-01,1,1,1.0,1.0
ET1401,crop_farming,ML2,2025-11-01,2026-05-31,6,2026-06-01,1,1,1.0,1.0
ET1401,crop_farming,ML2,2025-12-01,2026-05-31,5,2026-06-01,1,1,1.0,1.0
ET1401,crop_farming,ML1,2026-04-01,2026-05-31,1,2026-06-01,1,1,1.0,1.0
ET1401,crop_farming,ML1,2026-05-01,2026-05-31,0,2026-06-01,1,1,1.0,1.0
ET1401,crop_farming,ML2,2026-01-01,2026-05-31,4,2026-06-01,1,1,1.0,1.0
ET1401,crop_farming,ML1,2026-03-01,2026-05-31,2,2026-06-01,1,1,1.0,1.0
ET1401,crop_farming,ML1,2026-02-01,2026-05-31,3,2026-06-01,1,1,1.0,1.0
ET1501,crop_farming,ML1,2025-12-01,2026-01-31,1,2026-02-01,1,2,1.0074717474047208,1.223383942353394
ET1501,crop_farming,ML1,2025-11-01,2026-01-31,2,2026-02-01,1,2,1.0074717474047208,1.223383942353394
ET1501,crop_farming,ML1,2025-10-01,2026-01-31,3,2026-02-01,1,2,1.0074717474047208,1.223383942353394
ET1501,crop_farming,ML1,2026-01-01,2026-01-31,0,2026-02-01,1,2,1.0074717474047208,1.223383942353394
ET1501,crop_farming,ML2,2025-10-01,2026-05-31,7,2026-06-01,1,2,1.0074717474047208,1.223383942353394
ET1501,crop_farming,ML2,2025-11-01,2026-05-31,6,2026-06-01,1,2,1.0074717474047208,1.223383942353394
ET1501,crop_farming,ML2,2025-12-01,2026-05-31,5,2026-06-01,1,2,1.0074717474047208,1.223383942353394
ET1501,crop_farming,ML1,2026-04-01,2026-05-31,1,2026-06-01,2,2,1.223383942353394,1.223383942353394
ET1501,crop_farming,ML1,2026-05-01,2026-05-31,0,2026-06-01,2,2,1.223383942353394,1.223383942353394
ET1501,crop_farming,ML2,2026-01-01,2026-05-31,4,2026-06-01,1,2,1.0074717474047208,1.223383942353394
ET1501,crop_farming,ML1,2026-03-01,2026-05-31,2,2026-06-01,2,2,1.223383942353394,1.223383942353394
ET1501,crop_farming,ML1,2026-02-01,2026-05-31,3,2026-06-01,2,2,1.223383942353394,1.223383942353394
ET1502,crop_farming,ML1,2025-12-01,2026-01-31,1,2026-02-01,1,2,1.023756473581004,1.7842418511681712
ET1502,crop_farming,ML1,2025-11-01,2026-01-31,2,2026-02-01,1,2,1.023756473581004,1.7842418511681712
ET1502,crop_farming,ML1,2025-10-01,2026-01-31,3,2026-02-01,1,2,1.023756473581004,1.7842418511681712
ET1502,crop_farming,ML1,2026-01-01,2026-01-31,0,2026-02-01,1,2,1.023756473581004,1.7842418511681712
ET1502,crop_farming,ML2,2025-10-01,2026-05-31,7,2026-06-01,1,2,1.0887605230977724,1.7842418511681712
ET1502,crop_farming,ML2,2025-11-01,2026-05-31,6,2026-06-01,1,2,1.0887605230977724,1.7842418511681712
ET1502,crop_farming,ML2,2025-12-01,2026-05-31,5,2026-06-01,1,2,1.0887605230977724,1.7842418511681712
ET1502,crop_farming,ML1,2026-04-01,2026-05-31,1,2026-06-01,2,2,1.7842418511681712,1.7842418511681712
ET1502,crop_farming,ML1,2026-05-01,2026-05-31,0,2026-06-01,2,2,1.7842418511681712,1.7842418511681712
ET1502,crop_farming,ML2,2026-01-01,2026-05-31,4,2026-06-01,1,2,1.0887605230977724,1.7842418511681712
ET1502,crop_farming,ML1,2026-03-01,2026-05-31,2,2026-06-01,2,2,1.7842418511681712,1.7842418511681712
ET1502,crop_farming,ML1,2026-02-01,2026-05-31,3,2026-06-01,2,2,1.7842418511681712,1.7842418511681712
ET1600,crop_farming,ML1,2025-12-01,2026-01-31,1,2026-02-01,2,3,1.2472358496035718,1.8977353967969497
ET1600,crop_farming,ML1,2025-11-01,2026-01-31,2,2026-02-01,2,3,1.2472358496035718,1.8977353967969497
ET1600,crop_farming,ML1,2025-10-01,2026-01-31,3,2026-02-01,2,3,1.2472358496035718,1.8977353967969497
ET1600,crop_farming,ML1,2026-01-01,2026-01-31,0,2026-02-01,2,3,1.2472358496035718,1.8977353967969497
ET1600,crop_farming,ML2,2025-10-01,2026-05-31,7,2026-06-01,3,2,1.8945721663690993,1.2221410269306467
ET1600,crop_farming,ML2,2025-11-01,2026-05-31,6,2026-06-01,3,2,1.8945721663690993,1.2221410269306467
ET1600,crop_farming,ML2,2025-12-01,2026-05-31,5,2026-06-01,3,2,1.8945721663690993,1.2221410269306467
ET1600,crop_farming,ML1,2026-04-01,2026-05-31,1,2026-06-01,3,2,1.8977353967969497,1.2221410269306467
ET1600,crop_farming,ML1,2026-05-01,2026-05-31,0,2026-06-01,3,2,1.8977353967969497,1.2221410269306467
ET1600,crop_farming,ML2,2026-01-01,2026-05-31,4,2026-06-01,3,2,1.8945721663690993,1.2221410269306467
ET1600,crop_farming,ML1,2026-03-01,2026-05-31,2,2026-06-01,3,2,1.8977353967969497,1.2221410269306467
ET1600,crop_farming,ML1,2026-02-01,2026-05-31,3,2026-06-01,3,2,1.8977353967969497,1.2221410269306467
