lhz,lead,zone_code,n,mae,rmse,r2,mae_baseline,rmse_baseline,r2_baseline,mae_baseline2,rmse_baseline2,r2_baseline2
agropastoral,0,ET0410,9,0.6018438644019874,0.7123308708265231,-1.1751983586876737,0.47078595267357115,0.6178881294897649,-0.6366470741235912,0.3838988812546704,0.46247937433031616,0.08310401219606922
agropastoral,0,ET0502,9,0.22365834313403316,0.281241857426426,-0.15515722627511486,0.23186193341477818,0.4058041647488971,-1.4049950340096635,0.281419007249883,0.34298949542952734,-0.718077786947604
agropastoral,0,ET0707,9,0.3330155517516201,0.4317762591180211,-0.426046913290981,0.28454692502762835,0.32448189997039745,0.19462666429746267,0.6560875104387858,0.7382675958471164,-3.169115316504117
agropastoral,0,ET0712,9,0.5531654186529179,0.731400079826586,-1.5151193213002117,0.553350763830526,0.7095363986036284,-1.3669982960889788,0.7419042139902897,0.8631931647245066,-2.5031970952440945
agropastoral,0,ET1201,9,0.20859109248126761,0.25440874521789203,-0.30026766801861604,0.15771750826377223,0.2732253817325206,-0.499722042117031,0.14548333434829566,0.23533204620653717,-0.11257893700421295
agropastoral,1,ET0410,9,0.47172407070459205,0.531016584282209,-0.2087917974466864,0.47078595267357115,0.6178881294897649,-0.6366470741235912,0.3838988812546704,0.46247937433031616,0.08310401219606922
agropastoral,1,ET0502,9,0.20383189214493772,0.26900812664816287,-0.05684667263886367,0.23186193341477818,0.4058041647488971,-1.4049950340096635,0.281419007249883,0.34298949542952734,-0.718077786947604
agropastoral,1,ET0707,9,0.29963147470519463,0.3510548872807093,0.057315554108248734,0.28454692502762835,0.32448189997039745,0.19462666429746267,0.6560875104387858,0.7382675958471164,-3.169115316504117
agropastoral,1,ET0712,9,0.5073670772197106,0.6675411989124497,-1.095099896942573,0.553350763830526,0.7095363986036284,-1.3669982960889788,0.7419042139902897,0.8631931647245066,-2.5031970952440945
agropastoral,1,ET1201,9,0.29238530124641077,0.3312843655073074,-1.2048069674937558,0.15771750826377223,0.2732253817325206,-0.499722042117031,0.14548333434829566,0.23533204620653717,-0.11257893700421295
agropastoral,2,ET0410,9,0.3889745911102936,0.4558994007319167,0.10900887662442438,0.47078595267357115,0.6178881294897649,-0.6366470741235912,0.3838988812546704,0.46247937433031616,0.08310401219606922
agropastoral,2,ET0502,9,0.23256789082008142,0.2786227816211155,-0.13374251165337814,0.23186193341477818,0.4058041647488971,-1.4049950340096635,0.281419007249883,0.34298949542952734,-0.718077786947604
agropastoral,2,ET0707,9,0.3800756914334051,0.3978250677823572,-0.21059976479797826,0.28454692502762835,0.32448189997039745,0.19462666429746267,0.6560875104387858,0.7382675958471164,-3.169115316504117
agropastoral,2,ET0712,9,0.5932298462406389,0.7485820024254689,-1.6346768150690636,0.553350763830526,0.7095363986036284,-1.3669982960889788,0.7419042139902897,0.8631931647245066,-2.5031970952440945
agropastoral,2,ET1201,9,0.38784640582473956,0.4523709400313917,-3.111100451400679,0.15771750826377223,0.2732253817325206,-0.499722042117031,0.14548333434829566,0.23533204620653717,-0.11257893700421295
agropastoral,3,ET0410,9,0.3507220853665929,0.4170114082220849,0.25452822131822705,0.47078595267357115,0.6178881294897649,-0.6366470741235912,0.3838988812546704,0.46247937433031616,0.08310401219606922
agropastoral,3,ET0502,9,0.2752944402948898,0.304190488053843,-0.3513643059262441,0.23186193341477818,0.4058041647488971,-1.4049950340096635,0.281419007249883,0.34298949542952734,-0.718077786947604
agropastoral,3,ET0707,9,0.3455361473142056,0.4720570532408517,-0.7045324611802319,0.28454692502762835,0.32448189997039745,0.19462666429746267,0.6560875104387858,0.7382675958471164,-3.169115316504117
agropastoral,3,ET0712,9,0.5143484680024453,0.7015305393763558,-1.3138848900909497,0.553350763830526,0.7095363986036284,-1.3669982960889788,0.7419042139902897,0.8631931647245066,-2.5031970952440945
agropastoral,3,ET1201,9,0.36040626756432936,0.3982157032502834,-2.1857042563111757,0.15771750826377223,0.2732253817325206,-0.499722042117031,0.14548333434829566,0.23533204620653717,-0.11257893700421295
agropastoral,4,ET0410,9,0.45860078360962814,0.5952622307136632,-0.5189797693028397,0.5438027780105721,0.6679881776311061,-0.9128146400340305,0.3838988812546704,0.46247937433031616,0.08310401219606922
agropastoral,4,ET0502,9,0.2031324068474675,0.3083135003298697,-0.38824547959226363,0.17208766580666246,0.29226875783706635,-0.24751556175364375,0.281419007249883,0.34298949542952734,-0.718077786947604
agropastoral,4,ET0707,9,0.5184907279790937,0.5789012303833294,-1.563452293502512,0.35993684319734626,0.4426034627891626,-0.4984626040792324,0.6560875104387858,0.7382675958471164,-3.169115316504117
agropastoral,4,ET0712,9,0.7440730774688021,0.8462900550542812,-2.3673407153063195,0.486977432787138,0.6593487929927393,-1.043991181237112,0.7419042139902897,0.8631931647245066,-2.5031970952440945
agropastoral,4,ET1201,9,0.27536943441038547,0.2876213496431939,-0.6619231270517429,0.2614308096838708,0.3507935706857162,-1.472133625581702,0.14548333434829566,0.23533204620653717,-0.11257893700421295
agropastoral,8,ET0410,9,0.48407959313454135,0.5732859534866318,-0.4088927572059444,0.5131563320000415,0.6026206169901004,-0.5567658861568165,0.3838988812546704,0.46247937433031616,0.08310401219606922
agropastoral,8,ET0502,9,0.2977296550793001,0.3286731549580813,-0.5776463300870671,0.2914860878864886,0.43383269727134727,-1.7486898971976257,0.281419007249883,0.34298949542952734,-0.718077786947604
agropastoral,8,ET0707,9,0.44536058109753845,0.5521764313376749,-1.3322334801922198,0.4246623487116286,0.5565204330009416,-1.3690734356486125,0.6560875104387858,0.7382675958471164,-3.169115316504117
agropastoral,8,ET0712,9,0.5913375924978617,0.6598667970836007,-1.0472040837724945,0.6528235359623087,0.8979779854588763,-2.791228550656869,0.7419042139902897,0.8631931647245066,-2.5031970952440945
agropastoral,8,ET1201,9,0.30083059157336967,0.325176674703489,-1.124258980453222,0.2614308096838708,0.3507935706857162,-1.472133625581702,0.14548333434829566,0.23533204620653717,-0.11257893700421295
agropastoral,12,ET0410,9,0.4709879754770583,0.5348074317265562,-0.22611216659819244,0.7367069842554301,0.8286254383364767,-1.9434174360643897,0.3838988812546704,0.46247937433031616,0.08310401219606922
agropastoral,12,ET0502,9,0.33378818694643336,0.34977907955306503,-0.7867707954129872,0.3056110799401711,0.44633940195922517,-1.9094549609765132,0.281419007249883,0.34298949542952734,-0.718077786947604
agropastoral,12,ET0707,9,0.425541152131044,0.48847787129706743,-0.8251816048075682,0.46779406053944267,0.5906269817892351,-1.6683504074062947,0.6560875104387858,0.7382675958471164,-3.169115316504117
agropastoral,12,ET0712,9,0.5456896402061611,0.6595163111985162,-1.0450299310939295,0.5902134400306696,0.8897148694674853,-2.7217764573308005,0.7419042139902897,0.8631931647245066,-2.5031970952440945
agropastoral,12,ET1201,9,0.3970058349230228,0.48347529637399356,-3.6958830065919486,0.2614308096838708,0.3507935706857162,-1.472133625581702,0.14548333434829566,0.23533204620653717,-0.11257893700421295
crop_farming,0,ET0101,9,1.144287882431441,1.3789468045337032,-0.16607022860172616,0.4225214915966362,0.7902979390161585,0.6169888822374492,1.686951236566287,1.9893291481745046,-1.4268502229125777
crop_farming,0,ET0102,9,1.2009294947631015,1.3537760392317446,-0.1692207749673349,0.5292166354902843,0.9185656607706947,0.46170135214316854,1.6122786466978276,1.846034282464246,-1.1741144425948744
crop_farming,0,ET0103,9,1.1892440234478423,1.2876717766416077,-0.37291267151191776,0.6204403255058286,0.9139340532475596,0.3083883844104768,1.4509079855522349,1.6464866692322606,-1.2446518844260703
crop_farming,0,ET0104,9,1.0025067308946207,1.129877787443759,-0.3583371885660602,0.583600359492785,0.760148491578458,0.3851891468745011,1.3130454207252698,1.5194418354633314,-1.4564776043796317
crop_farming,0,ET0105,9,0.6445339466968796,0.8782373128361981,0.29980326899205534,0.3323628658814024,0.5742461941027708,0.700640833696573,1.3195428086921845,1.6726593576141606,-1.5398690073841377
crop_farming,0,ET0106,9,1.2948267090046928,1.374048383107954,-0.2960873842548297,0.7375060679223817,1.103513370563227,0.16404012623445452,1.5473477357388743,1.707261508410689,-1.0009227882062048
crop_farming,0,ET0107,9,0.7300220048571218,0.8421141552402531,-0.037982803329185355,0.5964927706682717,0.9446502264089013,-0.3061416829896497,1.0404628628073747,1.1536133990368667,-0.9479096391488848
crop_farming,0,ET0301,9,0.4460661787128508,0.5031340020671989,0.16813104470156293,0.6443601062551703,0.7654896317148029,-0.925600571412005,0.40357119430163885,0.4971651382556202,0.1877515029424578
crop_farming,0,ET0302,9,0.22305318742915048,0.2830652681572183,-0.15953318967382102,0.1756684325698628,0.24400093910137213,0.13842515703702385,0.2197487714862469,0.2698065131211377,-0.05345229235431703
crop_farming,0,ET0303,9,0.4965919078157859,0.7372348056889336,0.24661073480679863,0.7433272304525297,0.8322030440483732,0.04001075685541988,0.6795380700839253,0.8958253724698553,-0.11238336151039818
crop_farming,0,ET0304,9,0.49354952150509135,0.590669164922991,0.09441903105704053,0.5560177647525875,0.6404141109833164,-0.06453629473642719,0.5098726432303168,0.5925589057110673,0.08861527180652995
crop_farming,0,ET0305,9,0.2654124686828801,0.3564754886697926,0.27332134319230517,0.3248427432512396,0.43355073034554087,-0.07488722915263124,0.3353282540550806,0.4229224034731326,-0.02283231846305611
crop_farming,0,ET0306,9,0.11662776184683568,0.1357502088932126,-1.3378300709336068,0.11862931697695021,0.14479991654951696,-1.6599198507915567,0.09499726415761864,0.09813605129421389,-0.22176895614667513
crop_farming,0,ET0307,9,0.013453840778639363,0.014111223003415142,-68263.39699197069,1.9227112677963928e-05,4.891085108097435e-05,0.1798838057344626,0.0005614464993271254,0.000691231801710919,-162.7994236091647
crop_farming,0,ET0308,9,0.6937457617321278,0.8992980182331782,-0.2071649280477108,0.5675532429475068,0.6918606103971913,0.28550935317327697,0.7135126582683375,0.9830975261901767,-0.4426219741892299
crop_farming,0,ET0309,9,0.033965609277363105,0.041837432235433104,-338.3383092763947,0.0015184397779480897,0.0027320042434063685,-0.4469901904898852,0.001521113616683451,0.0027293527970052816,-0.4441829070104437
crop_farming,0,ET0310,9,0.541591873922133,0.677753107416387,0.15745807237626408,0.6783285269594508,0.8163796703832267,-0.22245491136332318,0.6007611519946394,0.7782044679109592,-0.11080014272863603
crop_farming,0,ET0311,9,0.11169327434992285,0.14538326376290742,-1.0865193064293748,0.15170490091364142,0.19726445246643934,-2.8414151230334554,0.09138785400643543,0.11211267734254247,-0.24080354909877721
crop_farming,0,ET0312,9,0.026902787558791965,0.02929927803202452,-800.6299679785151,0.0006254384743958279,0.0010040401730347626,0.05862581151150603,0.00113229941748447,0.0014393687010417272,-0.9346580553816723
crop_farming,0,ET0401,9,0.035872104352374964,0.040093722028394944,0.7340045357891476,0.02191605552025671,0.06292117966094996,0.3448885448629688,0.04313782336941638,0.08858020558060706,-0.29835916720069644
crop_farming,0,ET0402,9,0.05231991020267235,0.061810912899375445,-0.289993189092824,0.015507296840387244,0.0441614665174872,0.34151774530128054,0.07842627154225368,0.10435078003911596,-2.676617934260363
crop_farming,0,ET0403,9,0.02353465811247668,0.02431076835516061,-1615.802314019049,0.00021377573203677316,0.0005094173591400412,0.2900838895492204,0.0005786705399768196,0.000694903061208957,-0.32101576780079855
crop_farming,0,ET0404,9,0.020985894205079052,0.021482090499067758,-510.1555623487511,0.0007852004808180072,0.0010296501136303857,-0.17430078435313945,0.0008928865053588167,0.0010917916153935128,-0.3203209575524044
crop_farming,0,ET0405,9,0.05348539789188586,0.07415978523097067,-542.446810130175,0.0022689691479202225,0.004034395666163386,-0.608337152903615,0.0019342256028700433,0.0034393258104507443,-0.16887146039257228
crop_farming,0,ET0406,9,0.14210988130309862,0.17307527297398867,0.538146029809195,0.09745876539934274,0.1868950720939936,0.4614446661168159,0.313227774040634,0.323349925994168,-0.612056141660841
crop_farming,0,ET0407,9,0.24184134454921946,0.2742594641231273,-0.7332964477966271,0.253582385736178,0.30986274222040183,-1.212525683145071,0.1365722754414559,0.20399334689585294,0.04108169809324291
crop_farming,0,ET0408,9,0.18120669823151178,0.21105160616255933,0.3702760332605768,0.3278557092897205,0.36747471733715925,-0.9090962663865689,0.21639640120945736,0.2536339278743519,0.09053164139642556
crop_farming,0,ET0409,9,0.30070119920376914,0.3748038703088465,0.17476175390081228,0.3213166744030395,0.41586902337116044,-0.015978128208884224,0.3523299288247268,0.4353115267175427,-0.11319577113219936
crop_farming,0,ET0413,9,0.08450970815801166,0.10491636393906757,-3.519346287151226,0.05398056340970303,0.0803803484595931,-1.6527048227828276,0.027494673380741914,0.05365306650613197,-0.18189325851788585
crop_farming,0,ET0416,9,0.02822913644061166,0.031233047804965764,-304.8561735178353,0.0008418786259998997,0.0017858942561416271,5.850875339774575e-14,0.0018742366193367469,0.0018781481207707747,-0.10598235736533623
crop_farming,0,ET0417,9,0.14423835626425893,0.19371712508110508,0.34616103857588276,0.27402752439668593,0.34182675852729666,-1.0358551699206786,0.2342412913574402,0.28256902753355856,-0.3911817754699365
crop_farming,0,ET0418,9,0.06807552247892372,0.09765982351224531,-0.21027055771202208,0.04462465193911188,0.09485279164655414,-0.14169692853551297,0.08297694914877847,0.0965717949286635,-0.18345351819778855
crop_farming,0,ET0419,9,0.039885950939433416,0.04699259258056543,-3560.5782311444514,0.0002104476806637439,0.0006313430419912317,0.3571428571428571,0.000830130245336279,0.0011400033527189956,-1.096022469304097
crop_farming,0,ET0420,9,0.05896311645472512,0.09099364088342002,-0.07334580815618152,0.04738716224316435,0.09968129332859356,-0.2880861415107827,0.04790437938332778,0.09939403963871184,-0.2806730280672376
crop_farming,0,ET0602,9,0.29513212563503005,0.3974980961552732,-0.051745516226474164,0.2661852187628876,0.4701915798470439,-0.4716016242006127,0.26674589217030276,0.46951788029246844,-0.4673875670364569
crop_farming,0,ET0603,9,0.0419644161356654,0.04393022073197489,-106.66635659071943,0.001131512508135726,0.0033945375244071783,0.3571428571428572,0.004725009908627638,0.007612127103710265,-2.2326992959711864
crop_farming,0,ET0604,9,0.28797926697074516,0.3764165264229168,-0.8022238987236121,0.14376485686555537,0.28798267795722854,-0.05488255631286765,0.2887898603033231,0.29146543510663525,-0.08055156662164542
crop_farming,0,ET0605,9,0.029775089687771268,0.029975347066573933,0.0,0.0,0.0,1.0,0.0,0.0,1.0
crop_farming,0,ET0701,9,0.13410824834702345,0.1899819450821166,0.3902162707107296,0.13091860228633662,0.19936133028684733,0.32852009810043203,0.21601124258844318,0.25184611184830724,-0.07157277996881839
crop_farming,0,ET0702,9,0.3138134243751112,0.37656082374221644,-0.2717108111764577,0.46513320383177426,0.5759476779545638,-1.974980723451989,0.27212846260519274,0.32865320508854384,0.03128988038584313
crop_farming,0,ET0703,9,0.46967709618999787,0.5463472083693071,-0.6634536978180408,0.5790632102274154,0.7271817793770037,-1.9468581899672426,0.539542827432755,0.6152023771415612,-1.109158754601589
crop_farming,0,ET0705,9,0.32619878405187874,0.4276986466258418,-0.18290390961991498,0.5367287764781364,0.6196795787029965,-1.4831793265480933,0.2603490991752394,0.29426520973938897,0.4400470277178514
crop_farming,0,ET0706,9,0.34540882093026387,0.415715745979333,-0.4867428346768228,0.42362858247069796,0.5479174989143726,-1.5826957427501624,0.24124042168002052,0.2671233400226852,0.3861438972401652
crop_farming,0,ET0710,9,0.5926444122042366,0.7158120530157643,-0.8506695505433823,0.6428766570799779,0.7990972923351417,-1.3063763918520914,0.3715725373726235,0.46441985100226163,0.2209731697696723
crop_farming,0,ET0713,9,0.45310686586004933,0.633476221874874,-0.8888676503619846,0.3976161235432188,0.585889014474505,-0.6157404696998727,0.6627884797918622,0.7907577560397462,-1.9432544793284618
crop_farming,0,ET0714,9,0.2643472282340593,0.30616220305314246,-0.6028029799904897,0.1874970154996306,0.2519723385254834,-0.08563222460650421,0.28657691355831405,0.3737135557823426,-1.3881120248203427
crop_farming,0,ET0715,9,0.4604396533836204,0.5204552593254609,-1.7655195162575272,0.4459251910498138,0.5361666049495606,-1.9350090559347999,0.32125449931453015,0.3898515962532527,-0.5517028511237874
crop_farming,0,ET0716,9,0.265437234008396,0.3625904308157747,-0.4277481695114782,0.21967954023592745,0.4561112202307362,-1.2592300040442654,0.3167453884615188,0.35763627830757533,-0.38899943443251717
crop_farming,0,ET0720,9,0.35381260301842815,0.37180952667553707,-0.27815175453900487,0.46356558050649493,0.5194104677244236,-1.4943809983253402,0.21564023360815499,0.254072285753783,0.4031626637173632
crop_farming,0,ET0721,9,0.6036314448819191,0.7134687209106614,-1.358448891660807,0.5507039870881304,0.7362066131959506,-1.5111694656633876,0.5493284954237372,0.6892372096744389,-1.2009695005424645
crop_farming,0,ET0722,9,0.602211716811461,0.7124019409710196,-1.2029404773743235,0.7540591518106283,0.8550555191485218,-2.1735197388447984,0.6304421805509752,0.7722225380247919,-1.5884365297830687
crop_farming,0,ET0723,9,0.5896517355333926,0.7582510513791042,-1.3515698595333863,0.6622589046997889,0.806487782554584,-1.6602804820273036,0.6144522062643077,0.7498349201202202,-1.2996575389623062
crop_farming,0,ET0724,9,0.07801347510561335,0.09171155830193882,-35.571454243288855,0.018251212333075386,0.024564142585574555,-1.6235980770626255,0.04405823582961599,0.063062483832663,-16.291641747498367
crop_farming,0,ET1101,9,0.042289402749803334,0.049251965626975536,0.0,0.0,0.0,1.0,0.0,0.0,1.0
crop_farming,0,ET1102,9,0.021141047540350424,0.021375161190447176,-13005.718810081671,5.0091207956675594e-05,0.0001502736238700268,0.3571428571428571,0.0004355537198740884,0.0004695205069793224,-5.275640909913101
crop_farming,0,ET1103,9,0.04847744181659605,0.05366304576198706,-2551.514534143082,0.0005677500541993021,0.0012043797400300691,-0.2857142857142858,0.0005677500541993021,0.0012043797400300691,-0.2857142857142858
crop_farming,0,ET1104,9,0.5680307593512333,0.6253676760498393,-0.36747968698201516,0.5954776178200668,0.728243142737505,-0.8543974965718781,0.6116535864381474,0.7432462088665004,-0.9315921410982722
crop_farming,0,ET1105,9,0.03924734051881505,0.052900890371877465,0.3344452386950014,0.017929931118717473,0.05207739276014568,0.3550050744595463,0.036489142374518786,0.07425287192653827,-0.31124650284767563
crop_farming,0,ET1106,9,0.04386609483371536,0.050823163604432384,-4.659014745143798,0.026804214145411183,0.032909655328240084,-1.3728162219253917,0.021209727536286114,0.02503244530009677,-0.37285284098256555
crop_farming,0,ET1202,9,0.2046773284057649,0.25710695748170087,-12.884331065419257,0.04802533162502417,0.08319455055500229,-0.45374107760756277,0.04754271165829733,0.08092077612803945,-0.3753631417614378
crop_farming,0,ET1203,9,0.11142424394860052,0.12272606463359213,-63658.38397304958,0.0002599989357177337,0.0005515410316418843,-0.2857142857142856,0.0002599989357177337,0.0005515410316418843,-0.2857142857142856
crop_farming,0,ET1204,9,0.061957007002533135,0.07230605567755367,-83.99040671964924,0.005832017774349237,0.009421071113674523,-0.44284981824876635,0.005498224264748799,0.007975922240497542,-0.03414726466624285
crop_farming,0,ET1301,9,0.15964980374707763,0.19879753878197903,-57.377201876176976,0.027076568189023337,0.03803100534138808,-1.1364703995977385,0.2286948060382908,0.2583191149499834,-97.56763948318051
crop_farming,0,ET1401,9,0.046619495883584605,0.05358662380617187,-353542.85544246266,4.817267093335273e-05,0.00010218966685452542,-0.2857142857142856,4.817267093335273e-05,0.00010218966685452542,-0.2857142857142856
crop_farming,0,ET1501,9,0.2590310247108276,0.29817773162368183,-0.5433440464469448,0.15025149057266451,0.3193105379228987,-0.7698597011852157,0.7857195197306025,0.8594214612521028,-11.821083452660309
crop_farming,0,ET1502,9,0.24093824917618445,0.3745571604333423,0.0018895887690040247,0.12020658207099776,0.21454310064548396,0.6725300272563164,0.3757683432560246,0.42608053541668306,-0.2915932525353018
crop_farming,0,ET1600,9,0.4205485260525101,0.47740708658325165,-0.6148955393194957,0.5233294524142474,0.5948764562159248,-1.5073806736994513,0.2769600701848969,0.3251642003946487,0.25084417221793964
crop_farming,1,ET0101,9,1.2334918513075372,1.4814497631055208,-0.34587132297569645,0.4225214915966362,0.7902979390161585,0.6169888822374492,1.686951236566287,1.9893291481745046,-1.4268502229125777
crop_farming,1,ET0102,9,1.2759181645824036,1.4556093816771447,-0.3517381441288905,0.5292166354902843,0.9185656607706947,0.46170135214316854,1.6122786466978276,1.846034282464246,-1.1741144425948744
crop_farming,1,ET0103,9,1.256651869898648,1.35259719631499,-0.5148496308878279,0.6204403255058286,0.9139340532475596,0.3083883844104768,1.4509079855522349,1.6464866692322606,-1.2446518844260703
crop_farming,1,ET0104,9,1.0665453387038992,1.2370846279064591,-0.628333920932608,0.583600359492785,0.760148491578458,0.3851891468745011,1.3130454207252698,1.5194418354633314,-1.4564776043796317
crop_farming,1,ET0105,9,0.7974797566108897,1.0415411403863228,0.01519744262466638,0.3323628658814024,0.5742461941027708,0.700640833696573,1.3195428086921845,1.6726593576141606,-1.5398690073841377
crop_farming,1,ET0106,9,1.3855256134660234,1.49647439184234,-0.5373360502548437,0.7375060679223817,1.103513370563227,0.16404012623445452,1.5473477357388743,1.707261508410689,-1.0009227882062048
crop_farming,1,ET0107,9,0.8152996681939816,0.8790733779356552,-0.13109342877858876,0.5964927706682717,0.9446502264089013,-0.3061416829896497,1.0404628628073747,1.1536133990368667,-0.9479096391488848
crop_farming,1,ET0301,9,0.5263675243796363,0.5847584431661877,-0.12367464938599682,0.6443601062551703,0.7654896317148029,-0.925600571412005,0.40357119430163885,0.4971651382556202,0.1877515029424578
crop_farming,1,ET0302,9,0.21721156656870982,0.2637146531781501,-0.006418328870094303,0.1756684325698628,0.24400093910137213,0.13842515703702385,0.2197487714862469,0.2698065131211377,-0.05345229235431703
crop_farming,1,ET0303,9,0.5776149961857134,0.8507503876608261,-0.00325672134150512,0.7433272304525297,0.8322030440483732,0.04001075685541988,0.6795380700839253,0.8958253724698553,-0.11238336151039818
crop_farming,1,ET0304,9,0.5350209956271768,0.6591470156343677,-0.12772515502758996,0.5560177647525875,0.6404141109833164,-0.06453629473642719,0.5098726432303168,0.5925589057110673,0.08861527180652995
crop_farming,1,ET0305,9,0.26641596030316234,0.36353662321763963,0.2442478411525858,0.3248427432512396,0.43355073034554087,-0.07488722915263124,0.3353282540550806,0.4229224034731326,-0.02283231846305611
crop_farming,1,ET0306,9,0.10965204483209907,0.12583215118474414,-1.0087004177393983,0.11862931697695021,0.14479991654951696,-1.6599198507915567,0.09499726415761864,0.09813605129421389,-0.22176895614667513
crop_farming,1,ET0307,9,0.024065467615628024,0.02582450073512932,-228626.68350460654,1.9227112677963928e-05,4.891085108097435e-05,0.1798838057344626,0.0005614464993271254,0.000691231801710919,-162.7994236091647
crop_farming,1,ET0308,9,0.7789260990510501,1.0168092903943364,-0.5432573280146045,0.5675532429475068,0.6918606103971913,0.28550935317327697,0.7135126582683375,0.9830975261901767,-0.4426219741892299
crop_farming,1,ET0309,9,0.02492335949183386,0.02657430500044996,-135.9073228773627,0.0015184397779480897,0.0027320042434063685,-0.4469901904898852,0.001521113616683451,0.0027293527970052816,-0.4441829070104437
crop_farming,1,ET0310,9,0.5032754651290016,0.6389176140801077,0.25124763097148384,0.6783285269594508,0.8163796703832267,-0.22245491136332318,0.6007611519946394,0.7782044679109592,-0.11080014272863603
crop_farming,1,ET0311,9,0.12620377090949708,0.15422881784072492,-1.3481435242236417,0.15170490091364142,0.19726445246643934,-2.8414151230334554,0.09138785400643543,0.11211267734254247,-0.24080354909877721
crop_farming,1,ET0312,9,0.019153004890572294,0.02097444497797692,-409.810051657519,0.0006254384743958279,0.0010040401730347626,0.05862581151150603,0.00113229941748447,0.0014393687010417272,-0.9346580553816723
crop_farming,1,ET0401,9,0.05980619051621367,0.07880050218136637,-0.027494370869717732,0.02191605552025671,0.06292117966094996,0.3448885448629688,0.04313782336941638,0.08858020558060706,-0.29835916720069644
crop_farming,1,ET0402,9,0.061255591635343616,0.06919380420084772,-0.6165588453572424,0.015507296840387244,0.0441614665174872,0.34151774530128054,0.07842627154225368,0.10435078003911596,-2.676617934260363
crop_farming,1,ET0403,9,0.027509519681351464,0.029733244872244335,-2417.4892808383306,0.00021377573203677316,0.0005094173591400412,0.2900838895492204,0.0005786705399768196,0.000694903061208957,-0.32101576780079855
crop_farming,1,ET0404,9,0.024886249967984594,0.026883812405238416,-799.5375724528103,0.0007852004808180072,0.0010296501136303857,-0.17430078435313945,0.0008928865053588167,0.0010917916153935128,-0.3203209575524044
crop_farming,1,ET0405,9,0.03406922459273222,0.03729700843921696,-136.45739675683595,0.0022689691479202225,0.004034395666163386,-0.608337152903615,0.0019342256028700433,0.0034393258104507443,-0.16887146039257228
crop_farming,1,ET0406,9,0.16506528569067863,0.19630961783832984,0.4058203331112443,0.09745876539934274,0.1868950720939936,0.4614446661168159,0.313227774040634,0.323349925994168,-0.612056141660841
crop_farming,1,ET0407,9,0.2003131921935319,0.24621409571568217,-0.3969325145241118,0.253582385736178,0.30986274222040183,-1.212525683145071,0.1365722754414559,0.20399334689585294,0.04108169809324291
crop_farming,1,ET0408,9,0.22210173649042736,0.24713144649282293,0.1365664464537526,0.3278557092897205,0.36747471733715925,-0.9090962663865689,0.21639640120945736,0.2536339278743519,0.09053164139642556
crop_farming,1,ET0409,9,0.4628677681718003,0.5391858599324791,-0.7078440160806192,0.3213166744030395,0.41586902337116044,-0.015978128208884224,0.3523299288247268,0.4353115267175427,-0.11319577113219936
crop_farming,1,ET0413,9,0.0791089975222966,0.09183971504248893,-2.46298183022603,0.05398056340970303,0.0803803484595931,-1.6527048227828276,0.027494673380741914,0.05365306650613197,-0.18189325851788585
crop_farming,1,ET0416,9,0.04588995295113005,0.056293483722068306,-992.5844148787892,0.0008418786259998997,0.0017858942561416271,5.850875339774575e-14,0.0018742366193367469,0.0018781481207707747,-0.10598235736533623
crop_farming,1,ET0417,9,0.1455908731727165,0.20129471776172075,0.29400841761277985,0.27402752439668593,0.34182675852729666,-1.0358551699206786,0.2342412913574402,0.28256902753355856,-0.3911817754699365
crop_farming,1,ET0418,9,0.08439891672449527,0.10964345954229843,-0.525513511560026,0.04462465193911188,0.09485279164655414,-0.14169692853551297,0.08297694914877847,0.0965717949286635,-0.18345351819778855
crop_farming,1,ET0419,9,0.03513482496795718,0.03665672256622152,-2166.159829492339,0.0002104476806637439,0.0006313430419912317,0.3571428571428571,0.000830130245336279,0.0011400033527189956,-1.096022469304097
crop_farming,1,ET0420,9,0.07447840417190855,0.0962212045647151,-0.20021529846230846,0.04738716224316435,0.09968129332859356,-0.2880861415107827,0.04790437938332778,0.09939403963871184,-0.2806730280672376
crop_farming,1,ET0602,9,0.3058637564901665,0.4059157616352174,-0.09676199743684766,0.2661852187628876,0.4701915798470439,-0.4716016242006127,0.26674589217030276,0.46951788029246844,-0.4673875670364569
crop_farming,1,ET0603,9,0.05551476388770668,0.06299800649895557,-220.41490850162728,0.001131512508135726,0.0033945375244071783,0.3571428571428572,0.004725009908627638,0.007612127103710265,-2.2326992959711864
crop_farming,1,ET0604,9,0.25285863377608475,0.31734720042213205,-0.28097520014574306,0.14376485686555537,0.28798267795722854,-0.05488255631286765,0.2887898603033231,0.29146543510663525,-0.08055156662164542
crop_farming,1,ET0605,9,0.03807134098476834,0.03856700253810319,0.0,0.0,0.0,1.0,0.0,0.0,1.0
crop_farming,1,ET0701,9,0.14700248141485386,0.1974156963642964,0.341562537297293,0.13091860228633662,0.19936133028684733,0.32852009810043203,0.21601124258844318,0.25184611184830724,-0.07157277996881839
crop_farming,1,ET0702,9,0.31892783403375513,0.3942162221398212,-0.3937570464272582,0.46513320383177426,0.5759476779545638,-1.974980723451989,0.27212846260519274,0.32865320508854384,0.03128988038584313
crop_farming,1,ET0703,9,0.4219174175612883,0.505787835930626,-0.4256404889155543,0.5790632102274154,0.7271817793770037,-1.9468581899672426,0.539542827432755,0.6152023771415612,-1.109158754601589
crop_farming,1,ET0705,9,0.3231323837979345,0.4132615984395034,-0.10439343786948041,0.5367287764781364,0.6196795787029965,-1.4831793265480933,0.2603490991752394,0.29426520973938897,0.4400470277178514
crop_farming,1,ET0706,9,0.3500307210386191,0.3990086049912148,-0.3696431462270544,0.42362858247069796,0.5479174989143726,-1.5826957427501624,0.24124042168002052,0.2671233400226852,0.3861438972401652
crop_farming,1,ET0710,9,0.514964889350765,0.6658423312730659,-0.6013035635629658,0.6428766570799779,0.7990972923351417,-1.3063763918520914,0.3715725373726235,0.46441985100226163,0.2209731697696723
crop_farming,1,ET0713,9,0.5477118095616452,0.6963860551295145,-1.2826589294524515,0.3976161235432188,0.585889014474505,-0.6157404696998727,0.6627884797918622,0.7907577560397462,-1.9432544793284618
crop_farming,1,ET0714,9,0.30612296259952915,0.36210973480550357,-1.2421124662339458,0.1874970154996306,0.2519723385254834,-0.08563222460650421,0.28657691355831405,0.3737135557823426,-1.3881120248203427
crop_farming,1,ET0715,9,0.4515558327439042,0.5456579478632542,-2.0398411890190897,0.4459251910498138,0.5361666049495606,-1.9350090559347999,0.32125449931453015,0.3898515962532527,-0.5517028511237874
crop_farming,1,ET0716,9,0.2365941755282392,0.33945051064480214,-0.2513300324873826,0.21967954023592745,0.4561112202307362,-1.2592300040442654,0.3167453884615188,0.35763627830757533,-0.38899943443251717
crop_farming,1,ET0720,9,0.2868806400515092,0.3371119671562867,-0.05072661631102826,0.46356558050649493,0.5194104677244236,-1.4943809983253402,0.21564023360815499,0.254072285753783,0.4031626637173632
crop_farming,1,ET0721,9,0.6088876548469369,0.7924286000737,-1.9093560671752394,0.5507039870881304,0.7362066131959506,-1.5111694656633876,0.5493284954237372,0.6892372096744389,-1.2009695005424645
crop_farming,1,ET0722,9,0.7533345517588352,0.8743957423076331,-2.318704950859215,0.7540591518106283,0.8550555191485218,-2.1735197388447984,0.6304421805509752,0.7722225380247919,-1.5884365297830687
crop_farming,1,ET0723,9,0.7196633828410588,0.8606955835997483,-2.029918813963906,0.6622589046997889,0.806487782554584,-1.6602804820273036,0.6144522062643077,0.7498349201202202,-1.2996575389623062
crop_farming,1,ET0724,9,0.06367986933931696,0.07416099655220755,-22.91361311901084,0.018251212333075386,0.024564142585574555,-1.6235980770626255,0.04405823582961599,0.063062483832663,-16.291641747498367
crop_farming,1,ET1101,9,0.03250737984975179,0.03444046553352793,0.0,0.0,0.0,1.0,0.0,0.0,1.0
crop_farming,1,ET1102,9,0.02233430603780051,0.024114191554287727,-16552.672830227122,5.0091207956675594e-05,0.0001502736238700268,0.3571428571428571,0.0004355537198740884,0.0004695205069793224,-5.275640909913101
crop_farming,1,ET1103,9,0.0509738300400322,0.05587639938469804,-2766.4157781227746,0.0005677500541993021,0.0012043797400300691,-0.2857142857142858,0.0005677500541993021,0.0012043797400300691,-0.2857142857142858
crop_farming,1,ET1104,9,0.5809212969310875,0.6506087144732914,-0.4800956308375015,0.5954776178200668,0.728243142737505,-0.8543974965718781,0.6116535864381474,0.7432462088665004,-0.9315921410982722
crop_farming,1,ET1105,9,0.046704596835953724,0.05665122115541419,0.23673318109639485,0.017929931118717473,0.05207739276014568,0.3550050744595463,0.036489142374518786,0.07425287192653827,-0.31124650284767563
crop_farming,1,ET1106,9,0.037359214709305366,0.045294613064882305,-3.494801768805238,0.026804214145411183,0.032909655328240084,-1.3728162219253917,0.021209727536286114,0.02503244530009677,-0.37285284098256555
crop_farming,1,ET1202,9,0.2092570976462502,0.2613383919404822,-13.345105000438055,0.04802533162502417,0.08319455055500229,-0.45374107760756277,0.04754271165829733,0.08092077612803945,-0.3753631417614378
crop_farming,1,ET1203,9,0.0819629131109269,0.08941003467965916,-33786.91102390332,0.0002599989357177337,0.0005515410316418843,-0.2857142857142856,0.0002599989357177337,0.0005515410316418843,-0.2857142857142856
crop_farming,1,ET1204,9,0.07288220725294682,0.09786360405972046,-154.69080936089898,0.005832017774349237,0.009421071113674523,-0.44284981824876635,0.005498224264748799,0.007975922240497542,-0.03414726466624285
crop_farming,1,ET1301,9,0.2263203069211224,0.28201716354598266,-116.48227518141583,0.027076568189023337,0.03803100534138808,-1.1364703995977385,0.2286948060382908,0.2583191149499834,-97.56763948318051
crop_farming,1,ET1401,9,0.03266657836073033,0.035892831060067014,-158614.61243402748,4.817267093335273e-05,0.00010218966685452542,-0.2857142857142856,4.817267093335273e-05,0.00010218966685452542,-0.2857142857142856
crop_farming,1,ET1501,9,0.3155883224174316,0.3674555068206148,-1.3438070615756912,0.15025149057266451,0.3193105379228987,-0.7698597011852157,0.7857195197306025,0.8594214612521028,-11.821083452660309
crop_farming,1,ET1502,9,0.312102739660918,0.4148371122111633,-0.22432743846031866,0.12020658207099776,0.21454310064548396,0.6725300272563164,0.3757683432560246,0.42608053541668306,-0.2915932525353018
crop_farming,1,ET1600,9,0.4188393165044076,0.47017427783313875,-0.5663342504386899,0.5233294524142474,0.5948764562159248,-1.5073806736994513,0.2769600701848969,0.3251642003946487,0.25084417221793964
crop_farming,2,ET0101,9,1.1248862129291828,1.3330518439892944,-0.08974218140037027,0.4225214915966362,0.7902979390161585,0.6169888822374492,1.686951236566287,1.9893291481745046,-1.4268502229125777
crop_farming,2,ET0102,9,1.1640684194677593,1.3164935744239856,-0.10570777781717244,0.5292166354902843,0.9185656607706947,0.46170135214316854,1.6122786466978276,1.846034282464246,-1.1741144425948744
crop_farming,2,ET0103,9,1.1181673521653919,1.1923649944650587,-0.1772020092401383,0.6204403255058286,0.9139340532475596,0.3083883844104768,1.4509079855522349,1.6464866692322606,-1.2446518844260703
crop_farming,2,ET0104,9,0.977359266354351,1.0987251696044358,-0.2844665421764798,0.583600359492785,0.760148491578458,0.3851891468745011,1.3130454207252698,1.5194418354633314,-1.4564776043796317
crop_farming,2,ET0105,9,0.6146301904691254,0.8044627779912902,0.41249953006963724,0.3323628658814024,0.5742461941027708,0.700640833696573,1.3195428086921845,1.6726593576141606,-1.5398690073841377
crop_farming,2,ET0106,9,1.279294599532206,1.3613870354820379,-0.272311502553392,0.7375060679223817,1.103513370563227,0.16404012623445452,1.5473477357388743,1.707261508410689,-1.0009227882062048
crop_farming,2,ET0107,9,0.7123130145481482,0.7927833478319418,0.08006474656351992,0.5964927706682717,0.9446502264089013,-0.3061416829896497,1.0404628628073747,1.1536133990368667,-0.9479096391488848
crop_farming,2,ET0301,9,0.4083436176183548,0.5338042569188606,0.06362104078873332,0.6443601062551703,0.7654896317148029,-0.925600571412005,0.40357119430163885,0.4971651382556202,0.1877515029424578
crop_farming,2,ET0302,9,0.20458196742130647,0.24944889233640638,0.09952186173399591,0.1756684325698628,0.24400093910137213,0.13842515703702385,0.2197487714862469,0.2698065131211377,-0.05345229235431703
crop_farming,2,ET0303,9,0.5023936782379796,0.7027444162572565,0.31545409982560235,0.7433272304525297,0.8322030440483732,0.04001075685541988,0.6795380700839253,0.8958253724698553,-0.11238336151039818
crop_farming,2,ET0304,9,0.42553878458688454,0.5673493225403133,0.16451286111350816,0.5560177647525875,0.6404141109833164,-0.06453629473642719,0.5098726432303168,0.5925589057110673,0.08861527180652995
crop_farming,2,ET0305,9,0.23344408807941422,0.3193468492181972,0.41681233459838996,0.3248427432512396,0.43355073034554087,-0.07488722915263124,0.3353282540550806,0.4229224034731326,-0.02283231846305611
crop_farming,2,ET0306,9,0.11748959202838136,0.14074952288162082,-1.5131927032122623,0.11862931697695021,0.14479991654951696,-1.6599198507915567,0.09499726415761864,0.09813605129421389,-0.22176895614667513
crop_farming,2,ET0307,9,0.020370509458618475,0.020744912635315235,-147531.65847374033,1.9227112677963928e-05,4.891085108097435e-05,0.1798838057344626,0.0005614464993271254,0.000691231801710919,-162.7994236091647
crop_farming,2,ET0308,9,0.633383263766633,0.8844293711758769,-0.16757731922837737,0.5675532429475068,0.6918606103971913,0.28550935317327697,0.7135126582683375,0.9830975261901767,-0.4426219741892299
crop_farming,2,ET0309,9,0.027534983361835758,0.027967861117777625,-150.64264694842575,0.0015184397779480897,0.0027320042434063685,-0.4469901904898852,0.001521113616683451,0.0027293527970052816,-0.4441829070104437
crop_farming,2,ET0310,9,0.5493785055063005,0.6304683473621185,0.2709202054324361,0.6783285269594508,0.8163796703832267,-0.22245491136332318,0.6007611519946394,0.7782044679109592,-0.11080014272863603
crop_farming,2,ET0311,9,0.13695886020385054,0.18687501845602417,-2.447434918003679,0.15170490091364142,0.19726445246643934,-2.8414151230334554,0.09138785400643543,0.11211267734254247,-0.24080354909877721
crop_farming,2,ET0312,9,0.02179147734167635,0.02268818174123835,-479.6838060351788,0.0006254384743958279,0.0010040401730347626,0.05862581151150603,0.00113229941748447,0.0014393687010417272,-0.9346580553816723
crop_farming,2,ET0401,9,0.0820513989385566,0.10466368527062916,-0.8126482070520764,0.02191605552025671,0.06292117966094996,0.3448885448629688,0.04313782336941638,0.08858020558060706,-0.29835916720069644
crop_farming,2,ET0402,9,0.08352812547594692,0.1096098528359084,-3.0565449338657658,0.015507296840387244,0.0441614665174872,0.34151774530128054,0.07842627154225368,0.10435078003911596,-2.676617934260363
crop_farming,2,ET0403,9,0.022770023238344737,0.023347507304951345,-1490.2161265231393,0.00021377573203677316,0.0005094173591400412,0.2900838895492204,0.0005786705399768196,0.000694903061208957,-0.32101576780079855
crop_farming,2,ET0404,9,0.021896586949863937,0.022974164627484625,-583.6278028449346,0.0007852004808180072,0.0010296501136303857,-0.17430078435313945,0.0008928865053588167,0.0010917916153935128,-0.3203209575524044
crop_farming,2,ET0405,9,0.023435994383381634,0.024692927335012705,-59.251140743913325,0.0022689691479202225,0.004034395666163386,-0.608337152903615,0.0019342256028700433,0.0034393258104507443,-0.16887146039257228
crop_farming,2,ET0406,9,0.16344501951805765,0.189510472821117,0.4462661651234039,0.09745876539934274,0.1868950720939936,0.4614446661168159,0.313227774040634,0.323349925994168,-0.612056141660841
crop_farming,2,ET0407,9,0.17658364941668866,0.24497693291247724,-0.3829293277733836,0.253582385736178,0.30986274222040183,-1.212525683145071,0.1365722754414559,0.20399334689585294,0.04108169809324291
crop_farming,2,ET0408,9,0.2293905723903693,0.28910616781943665,-0.18164661000030624,0.3278557092897205,0.36747471733715925,-0.9090962663865689,0.21639640120945736,0.2536339278743519,0.09053164139642556
crop_farming,2,ET0409,9,0.307070908707249,0.38495295455370254,0.12946441582943302,0.3213166744030395,0.41586902337116044,-0.015978128208884224,0.3523299288247268,0.4353115267175427,-0.11319577113219936
crop_farming,2,ET0413,9,0.07375145389487553,0.0862972768502596,-2.0576188065197996,0.05398056340970303,0.0803803484595931,-1.6527048227828276,0.027494673380741914,0.05365306650613197,-0.18189325851788585
crop_farming,2,ET0416,9,0.06738467266836773,0.09468311056661478,-2809.823353931933,0.0008418786259998997,0.0017858942561416271,5.850875339774575e-14,0.0018742366193367469,0.0018781481207707747,-0.10598235736533623
crop_farming,2,ET0417,9,0.25665931542842163,0.29071637614595797,-0.4725625745147106,0.27402752439668593,0.34182675852729666,-1.0358551699206786,0.2342412913574402,0.28256902753355856,-0.3911817754699365
crop_farming,2,ET0418,9,0.09048236545242089,0.1267583766291272,-1.0389376028355453,0.04462465193911188,0.09485279164655414,-0.14169692853551297,0.08297694914877847,0.0965717949286635,-0.18345351819778855
crop_farming,2,ET0419,9,0.02335794057108625,0.024086756277061253,-934.7079368214064,0.0002104476806637439,0.0006313430419912317,0.3571428571428571,0.000830130245336279,0.0011400033527189956,-1.096022469304097
crop_farming,2,ET0420,9,0.07183970654770201,0.09146074360438303,-0.08439382380412064,0.04738716224316435,0.09968129332859356,-0.2880861415107827,0.04790437938332778,0.09939403963871184,-0.2806730280672376
crop_farming,2,ET0602,9,0.2770343143599717,0.4029937238363137,-0.08102846205690262,0.2661852187628876,0.4701915798470439,-0.4716016242006127,0.26674589217030276,0.46951788029246844,-0.4673875670364569
crop_farming,2,ET0603,9,0.02471948109995983,0.028758538796978858,-45.14098676961498,0.001131512508135726,0.0033945375244071783,0.3571428571428572,0.004725009908627638,0.007612127103710265,-2.2326992959711864
crop_farming,2,ET0604,9,0.26301290266071153,0.33925920334896403,-0.46397835228013595,0.14376485686555537,0.28798267795722854,-0.05488255631286765,0.2887898603033231,0.29146543510663525,-0.08055156662164542
crop_farming,2,ET0605,9,0.028521140416463215,0.028811506423619477,0.0,0.0,0.0,1.0,0.0,0.0,1.0
crop_farming,2,ET0701,9,0.17575716663603091,0.2314166072334468,0.09522578171035667,0.13091860228633662,0.19936133028684733,0.32852009810043203,0.21601124258844318,0.25184611184830724,-0.07157277996881839
crop_farming,2,ET0702,9,0.3468326394215735,0.4518490302475782,-0.831069386561964,0.46513320383177426,0.5759476779545638,-1.974980723451989,0.27212846260519274,0.32865320508854384,0.03128988038584313
crop_farming,2,ET0703,9,0.4597399587967901,0.5703100024420821,-0.8125718764512597,0.5790632102274154,0.7271817793770037,-1.9468581899672426,0.539542827432755,0.6152023771415612,-1.109158754601589
crop_farming,2,ET0705,9,0.3518810959459373,0.43377138759584494,-0.2167336486363758,0.5367287764781364,0.6196795787029965,-1.4831793265480933,0.2603490991752394,0.29426520973938897,0.4400470277178514
crop_farming,2,ET0706,9,0.3694955317279095,0.4361342574099795,-0.6363767749084894,0.42362858247069796,0.5479174989143726,-1.5826957427501624,0.24124042168002052,0.2671233400226852,0.3861438972401652
crop_farming,2,ET0710,9,0.5476861306659708,0.6653395296570871,-0.5988860722524316,0.6428766570799779,0.7990972923351417,-1.3063763918520914,0.3715725373726235,0.46441985100226163,0.2209731697696723
crop_farming,2,ET0713,9,0.500182240177873,0.6625983340288806,-1.0665293235254496,0.3976161235432188,0.585889014474505,-0.6157404696998727,0.6627884797918622,0.7907577560397462,-1.9432544793284618
crop_farming,2,ET0714,9,0.1762605324577221,0.21368612672660614,0.21921826202592698,0.1874970154996306,0.2519723385254834,-0.08563222460650421,0.28657691355831405,0.3737135557823426,-1.3881120248203427
crop_farming,2,ET0715,9,0.4814553111350805,0.5130269932637147,-1.6871403935116382,0.4459251910498138,0.5361666049495606,-1.9350090559347999,0.32125449931453015,0.3898515962532527,-0.5517028511237874
crop_farming,2,ET0716,9,0.25549406663982505,0.37576496389100705,-0.5333860355995423,0.21967954023592745,0.4561112202307362,-1.2592300040442654,0.3167453884615188,0.35763627830757533,-0.38899943443251717
crop_farming,2,ET0720,9,0.2773953555641028,0.3434707572396569,-0.09073921913684391,0.46356558050649493,0.5194104677244236,-1.4943809983253402,0.21564023360815499,0.254072285753783,0.4031626637173632
crop_farming,2,ET0721,9,0.48730247379245256,0.6295535890380605,-0.8362930971371991,0.5507039870881304,0.7362066131959506,-1.5111694656633876,0.5493284954237372,0.6892372096744389,-1.2009695005424645
crop_farming,2,ET0722,9,0.6477701296812324,0.7130107010050966,-1.2067069890120496,0.7540591518106283,0.8550555191485218,-2.1735197388447984,0.6304421805509752,0.7722225380247919,-1.5884365297830687
crop_farming,2,ET0723,9,0.6320921764530567,0.7652022786470879,-1.3948832803693616,0.6622589046997889,0.806487782554584,-1.6602804820273036,0.6144522062643077,0.7498349201202202,-1.2996575389623062
crop_farming,2,ET0724,9,0.06198171776231506,0.07247375735430617,-21.837872281623394,0.018251212333075386,0.024564142585574555,-1.6235980770626255,0.04405823582961599,0.063062483832663,-16.291641747498367
crop_farming,2,ET1101,9,0.04068030251397027,0.04092525539010348,0.0,0.0,0.0,1.0,0.0,0.0,1.0
crop_farming,2,ET1102,9,0.019832937515156468,0.02048675117184218,-11946.997959635752,5.0091207956675594e-05,0.0001502736238700268,0.3571428571428571,0.0004355537198740884,0.0004695205069793224,-5.275640909913101
crop_farming,2,ET1103,9,0.07561925128009703,0.09898479880107346,-8683.695506266376,0.0005677500541993021,0.0012043797400300691,-0.2857142857142858,0.0005677500541993021,0.0012043797400300691,-0.2857142857142858
crop_farming,2,ET1104,9,0.5201942569581465,0.6033365246873197,-0.2728266480940651,0.5954776178200668,0.728243142737505,-0.8543974965718781,0.6116535864381474,0.7432462088665004,-0.9315921410982722
crop_farming,2,ET1105,9,0.07816664816941518,0.09742167098369062,-1.2571944825371775,0.017929931118717473,0.05207739276014568,0.3550050744595463,0.036489142374518786,0.07425287192653827,-0.31124650284767563
crop_farming,2,ET1106,9,0.04214827625739995,0.05056305393956351,-4.6012380301445805,0.026804214145411183,0.032909655328240084,-1.3728162219253917,0.021209727536286114,0.02503244530009677,-0.37285284098256555
crop_farming,2,ET1202,9,0.20133031220874537,0.25492220776807006,-12.649371195686452,0.04802533162502417,0.08319455055500229,-0.45374107760756277,0.04754271165829733,0.08092077612803945,-0.3753631417614378
crop_farming,2,ET1203,9,0.07715367923353297,0.09990623187480673,-42185.54641729111,0.0002599989357177337,0.0005515410316418843,-0.2857142857142856,0.0002599989357177337,0.0005515410316418843,-0.2857142857142856
crop_farming,2,ET1204,9,0.12256078457007871,0.15659280301357778,-397.6246593891222,0.005832017774349237,0.009421071113674523,-0.44284981824876635,0.005498224264748799,0.007975922240497542,-0.03414726466624285
crop_farming,2,ET1301,9,0.16638947738149543,0.19509132474384974,-55.22082102371047,0.027076568189023337,0.03803100534138808,-1.1364703995977385,0.2286948060382908,0.2583191149499834,-97.56763948318051
crop_farming,2,ET1401,9,0.04730171740220711,0.04826246321029957,-286779.4024876523,4.817267093335273e-05,0.00010218966685452542,-0.2857142857142856,4.817267093335273e-05,0.00010218966685452542,-0.2857142857142856
crop_farming,2,ET1501,9,0.38060031381232234,0.42724710174007213,-2.1686231332708235,0.15025149057266451,0.3193105379228987,-0.7698597011852157,0.7857195197306025,0.8594214612521028,-11.821083452660309
crop_farming,2,ET1502,9,0.30265185109998033,0.36883122321423734,0.03217299555254394,0.12020658207099776,0.21454310064548396,0.6725300272563164,0.3757683432560246,0.42608053541668306,-0.2915932525353018
crop_farming,2,ET1600,9,0.4296490996068756,0.5041672908362306,-0.8010096705658802,0.5233294524142474,0.5948764562159248,-1.5073806736994513,0.2769600701848969,0.3251642003946487,0.25084417221793964
crop_farming,3,ET0101,9,1.1870498043140705,1.3861332639376311,-0.178255981579017,0.4225214915966362,0.7902979390161585,0.6169888822374492,1.686951236566287,1.9893291481745046,-1.4268502229125777
crop_farming,3,ET0102,9,1.2107664248241818,1.3851423800218385,-0.2240290117071888,0.5292166354902843,0.9185656607706947,0.46170135214316854,1.6122786466978276,1.846034282464246,-1.1741144425948744
crop_farming,3,ET0103,9,1.2134190845677695,1.322922126936608,-0.44910922296709344,0.6204403255058286,0.9139340532475596,0.3083883844104768,1.4509079855522349,1.6464866692322606,-1.2446518844260703
crop_farming,3,ET0104,9,1.074288763543343,1.2049092234658236,-0.5447325825655416,0.583600359492785,0.760148491578458,0.3851891468745011,1.3130454207252698,1.5194418354633314,-1.4564776043796317
crop_farming,3,ET0105,9,0.6974999983482554,0.8803097526159187,0.29649476071385816,0.3323628658814024,0.5742461941027708,0.700640833696573,1.3195428086921845,1.6726593576141606,-1.5398690073841377
crop_farming,3,ET0106,9,1.3471007242194009,1.4230547111309344,-0.3901876541039484,0.7375060679223817,1.103513370563227,0.16404012623445452,1.5473477357388743,1.707261508410689,-1.0009227882062048
crop_farming,3,ET0107,9,0.715542182274453,0.8222968967070943,0.010295543396816265,0.5964927706682717,0.9446502264089013,-0.3061416829896497,1.0404628628073747,1.1536133990368667,-0.9479096391488848
crop_farming,3,ET0301,9,0.35103229939694036,0.4737892568616365,0.2623370033305592,0.6443601062551703,0.7654896317148029,-0.925600571412005,0.40357119430163885,0.4971651382556202,0.1877515029424578
crop_farming,3,ET0302,9,0.17131597938928336,0.19368225435498973,0.4571377070967231,0.1756684325698628,0.24400093910137213,0.13842515703702385,0.2197487714862469,0.2698065131211377,-0.05345229235431703
crop_farming,3,ET0303,9,0.6218190147578567,0.815632761512162,0.07785951335299668,0.7433272304525297,0.8322030440483732,0.04001075685541988,0.6795380700839253,0.8958253724698553,-0.11238336151039818
crop_farming,3,ET0304,9,0.45952940698156947,0.5662335401468427,0.16779586550433856,0.5560177647525875,0.6404141109833164,-0.06453629473642719,0.5098726432303168,0.5925589057110673,0.08861527180652995
crop_farming,3,ET0305,9,0.22125350664505183,0.28648035931844507,0.530675999269119,0.3248427432512396,0.43355073034554087,-0.07488722915263124,0.3353282540550806,0.4229224034731326,-0.02283231846305611
crop_farming,3,ET0306,9,0.13594760808088519,0.1492202442115818,-1.8247981509241393,0.11862931697695021,0.14479991654951696,-1.6599198507915567,0.09499726415761864,0.09813605129421389,-0.22176895614667513
crop_farming,3,ET0307,9,0.05153175151980961,0.07167859635523992,-1761341.9777226278,1.9227112677963928e-05,4.891085108097435e-05,0.1798838057344626,0.0005614464993271254,0.000691231801710919,-162.7994236091647
crop_farming,3,ET0308,9,0.740689873693463,0.9610682674829386,-0.37869376812545674,0.5675532429475068,0.6918606103971913,0.28550935317327697,0.7135126582683375,0.9830975261901767,-0.4426219741892299
crop_farming,3,ET0309,9,0.059579831168130516,0.08084108131516814,-1265.972170794687,0.0015184397779480897,0.0027320042434063685,-0.4469901904898852,0.001521113616683451,0.0027293527970052816,-0.4441829070104437
crop_farming,3,ET0310,9,0.53234367022069,0.6250833688446371,0.28332150127919675,0.6783285269594508,0.8163796703832267,-0.22245491136332318,0.6007611519946394,0.7782044679109592,-0.11080014272863603
crop_farming,3,ET0311,9,0.15182636394148627,0.1795752720693542,-2.183366525837582,0.15170490091364142,0.19726445246643934,-2.8414151230334554,0.09138785400643543,0.11211267734254247,-0.24080354909877721
crop_farming,3,ET0312,9,0.06089665426733553,0.07527539184900899,-5290.345944419449,0.0006254384743958279,0.0010040401730347626,0.05862581151150603,0.00113229941748447,0.0014393687010417272,-0.9346580553816723
crop_farming,3,ET0401,9,0.10009459159488235,0.10861956445896187,-0.9522597253409397,0.02191605552025671,0.06292117966094996,0.3448885448629688,0.04313782336941638,0.08858020558060706,-0.29835916720069644
crop_farming,3,ET0402,9,0.11591373490716046,0.12504993116822893,-4.279879557360459,0.015507296840387244,0.0441614665174872,0.34151774530128054,0.07842627154225368,0.10435078003911596,-2.676617934260363
crop_farming,3,ET0403,9,0.059733234403878864,0.07574946609590755,-15696.073941636043,0.00021377573203677316,0.0005094173591400412,0.2900838895492204,0.0005786705399768196,0.000694903061208957,-0.32101576780079855
crop_farming,3,ET0404,9,0.059172219172357425,0.08240520678240772,-7520.584077152914,0.0007852004808180072,0.0010296501136303857,-0.17430078435313945,0.0008928865053588167,0.0010917916153935128,-0.3203209575524044
crop_farming,3,ET0405,9,0.07136406275632,0.09147653951819826,-825.8744479703629,0.0022689691479202225,0.004034395666163386,-0.608337152903615,0.0019342256028700433,0.0034393258104507443,-0.16887146039257228
crop_farming,3,ET0406,9,0.13834233278854235,0.14717415246263027,0.6660374890078897,0.09745876539934274,0.1868950720939936,0.4614446661168159,0.313227774040634,0.323349925994168,-0.612056141660841
crop_farming,3,ET0407,9,0.195457735852902,0.25886393778794836,-0.5441614544954632,0.253582385736178,0.30986274222040183,-1.212525683145071,0.1365722754414559,0.20399334689585294,0.04108169809324291
crop_farming,3,ET0408,9,0.23329164751299233,0.2578657236507928,0.05993012537930842,0.3278557092897205,0.36747471733715925,-0.9090962663865689,0.21639640120945736,0.2536339278743519,0.09053164139642556
crop_farming,3,ET0409,9,0.36426342678302337,0.4284425246680688,-0.07834158412596715,0.3213166744030395,0.41586902337116044,-0.015978128208884224,0.3523299288247268,0.4353115267175427,-0.11319577113219936
crop_farming,3,ET0413,9,0.12177238630437397,0.16308262279034014,-9.919544754474286,0.05398056340970303,0.0803803484595931,-1.6527048227828276,0.027494673380741914,0.05365306650613197,-0.18189325851788585
crop_farming,3,ET0416,9,0.10063428929129253,0.11350236208065968,-4038.2275361436496,0.0008418786259998997,0.0017858942561416271,5.850875339774575e-14,0.0018742366193367469,0.0018781481207707747,-0.10598235736533623
crop_farming,3,ET0417,9,0.22581047164954293,0.2665293624728045,-0.2377270624897765,0.27402752439668593,0.34182675852729666,-1.0358551699206786,0.2342412913574402,0.28256902753355856,-0.3911817754699365
crop_farming,3,ET0418,9,0.08961599402957493,0.1067327425582729,-0.4455926656861464,0.04462465193911188,0.09485279164655414,-0.14169692853551297,0.08297694914877847,0.0965717949286635,-0.18345351819778855
crop_farming,3,ET0419,9,0.07213675266164207,0.09268865430445719,-13854.966690312944,0.0002104476806637439,0.0006313430419912317,0.3571428571428571,0.000830130245336279,0.0011400033527189956,-1.096022469304097
crop_farming,3,ET0420,9,0.1112537495212518,0.1510759069445747,-1.958748151198224,0.04738716224316435,0.09968129332859356,-0.2880861415107827,0.04790437938332778,0.09939403963871184,-0.2806730280672376
crop_farming,3,ET0602,9,0.2992347265803968,0.4171433434506485,-0.15827370957620124,0.2661852187628876,0.4701915798470439,-0.4716016242006127,0.26674589217030276,0.46951788029246844,-0.4673875670364569
crop_farming,3,ET0603,9,0.08500320821601479,0.10065577380485088,-564.2370612655468,0.001131512508135726,0.0033945375244071783,0.3571428571428572,0.004725009908627638,0.007612127103710265,-2.2326992959711864
crop_farming,3,ET0604,9,0.3163672057028054,0.3583029582194564,-0.6329472910466607,0.14376485686555537,0.28798267795722854,-0.05488255631286765,0.2887898603033231,0.29146543510663525,-0.08055156662164542
crop_farming,3,ET0605,9,0.07702896330091688,0.09712949234559153,0.0,0.0,0.0,1.0,0.0,0.0,1.0
crop_farming,3,ET0701,9,0.19164242831637476,0.23565791895693966,0.0617571816146576,0.13091860228633662,0.19936133028684733,0.32852009810043203,0.21601124258844318,0.25184611184830724,-0.07157277996881839
crop_farming,3,ET0702,9,0.3417037946106904,0.42784604738234633,-0.6416975157266533,0.46513320383177426,0.5759476779545638,-1.974980723451989,0.27212846260519274,0.32865320508854384,0.03128988038584313
crop_farming,3,ET0703,9,0.43472962467593373,0.5534577945461627,-0.7070344132318978,0.5790632102274154,0.7271817793770037,-1.9468581899672426,0.539542827432755,0.6152023771415612,-1.109158754601589
crop_farming,3,ET0705,9,0.44480706872594017,0.5229408848405659,-0.7683935001249378,0.5367287764781364,0.6196795787029965,-1.4831793265480933,0.2603490991752394,0.29426520973938897,0.4400470277178514
crop_farming,3,ET0706,9,0.3219171384974555,0.3747294457329977,-0.20803230012572138,0.42362858247069796,0.5479174989143726,-1.5826957427501624,0.24124042168002052,0.2671233400226852,0.3861438972401652
crop_farming,3,ET0710,9,0.5175506852031172,0.6040995499167074,-0.31809857362416394,0.6428766570799779,0.7990972923351417,-1.3063763918520914,0.3715725373726235,0.46441985100226163,0.2209731697696723
crop_farming,3,ET0713,9,0.5258558285377304,0.6413360372228109,-0.936030438048943,0.3976161235432188,0.585889014474505,-0.6157404696998727,0.6627884797918622,0.7907577560397462,-1.9432544793284618
crop_farming,3,ET0714,9,0.1453548201174008,0.19161071047079292,0.37220687552452314,0.1874970154996306,0.2519723385254834,-0.08563222460650421,0.28657691355831405,0.3737135557823426,-1.3881120248203427
crop_farming,3,ET0715,9,0.4904909911642078,0.5332023850132916,-1.90264611843735,0.4459251910498138,0.5361666049495606,-1.9350090559347999,0.32125449931453015,0.3898515962532527,-0.5517028511237874
crop_farming,3,ET0716,9,0.3240352490518666,0.4101731018907397,-0.8270620180964725,0.21967954023592745,0.4561112202307362,-1.2592300040442654,0.3167453884615188,0.35763627830757533,-0.38899943443251717
crop_farming,3,ET0720,9,0.2883083648962934,0.3518598817220041,-0.14467157596259717,0.46356558050649493,0.5194104677244236,-1.4943809983253402,0.21564023360815499,0.254072285753783,0.4031626637173632
crop_farming,3,ET0721,9,0.4714022343620237,0.5554972629648908,-0.42968526188840683,0.5507039870881304,0.7362066131959506,-1.5111694656633876,0.5493284954237372,0.6892372096744389,-1.2009695005424645
crop_farming,3,ET0722,9,0.5286485781675605,0.6080225259358039,-0.6046928341345899,0.7540591518106283,0.8550555191485218,-2.1735197388447984,0.6304421805509752,0.7722225380247919,-1.5884365297830687
crop_farming,3,ET0723,9,0.593486844078484,0.7193705783336224,-1.116592173485932,0.6622589046997889,0.806487782554584,-1.6602804820273036,0.6144522062643077,0.7498349201202202,-1.2996575389623062
crop_farming,3,ET0724,9,0.09644226435037112,0.11922387436684334,-60.80456388835521,0.018251212333075386,0.024564142585574555,-1.6235980770626255,0.04405823582961599,0.063062483832663,-16.291641747498367
crop_farming,3,ET1101,9,0.08402252197265625,0.10348136879487106,0.0,0.0,0.0,1.0,0.0,0.0,1.0
crop_farming,3,ET1102,9,0.05985050260660748,0.07816594261104907,-173932.84332953763,5.0091207956675594e-05,0.0001502736238700268,0.3571428571428571,0.0004355537198740884,0.0004695205069793224,-5.275640909913101
crop_farming,3,ET1103,9,0.10429324449671758,0.11862019714072153,-12470.964611439937,0.0005677500541993021,0.0012043797400300691,-0.2857142857142858,0.0005677500541993021,0.0012043797400300691,-0.2857142857142858
crop_farming,3,ET1104,9,0.5313520875143802,0.6048268944192882,-0.2791227207097142,0.5954776178200668,0.728243142737505,-0.8543974965718781,0.6116535864381474,0.7432462088665004,-0.9315921410982722
crop_farming,3,ET1105,9,0.072718558463842,0.08611083404764336,-0.7634917112785926,0.017929931118717473,0.05207739276014568,0.3550050744595463,0.036489142374518786,0.07425287192653827,-0.31124650284767563
crop_farming,3,ET1106,9,0.08262031095745284,0.10979074972586489,-25.408816359608142,0.026804214145411183,0.032909655328240084,-1.3728162219253917,0.021209727536286114,0.02503244530009677,-0.37285284098256555
crop_farming,3,ET1202,9,0.2731878740303919,0.3306088599081788,-21.95758909251773,0.04802533162502417,0.08319455055500229,-0.45374107760756277,0.04754271165829733,0.08092077612803945,-0.3753631417614378
crop_farming,3,ET1203,9,0.1276598339296796,0.15491376460274275,-101429.56184849393,0.0002599989357177337,0.0005515410316418843,-0.2857142857142856,0.0002599989357177337,0.0005515410316418843,-0.2857142857142856
crop_farming,3,ET1204,9,0.16432153385715417,0.18537393441674693,-557.6218261888718,0.005832017774349237,0.009421071113674523,-0.44284981824876635,0.005498224264748799,0.007975922240497542,-0.03414726466624285
crop_farming,3,ET1301,9,0.14194178992383205,0.1688022232415225,-41.089870797742215,0.027076568189023337,0.03803100534138808,-1.1364703995977385,0.2286948060382908,0.2583191149499834,-97.56763948318051
crop_farming,3,ET1401,9,0.07919183155066495,0.10177574791059789,-1275318.815981931,4.817267093335273e-05,0.00010218966685452542,-0.2857142857142856,4.817267093335273e-05,0.00010218966685452542,-0.2857142857142856
crop_farming,3,ET1501,9,0.44851925022386196,0.4617471530159609,-2.7010145348002186,0.15025149057266451,0.3193105379228987,-0.7698597011852157,0.7857195197306025,0.8594214612521028,-11.821083452660309
crop_farming,3,ET1502,9,0.261647988083216,0.32706591126533147,0.23895043618983125,0.12020658207099776,0.21454310064548396,0.6725300272563164,0.3757683432560246,0.42608053541668306,-0.2915932525353018
crop_farming,3,ET1600,9,0.433022804145854,0.4945906625561587,-0.7332393416491805,0.5233294524142474,0.5948764562159248,-1.5073806736994513,0.2769600701848969,0.3251642003946487,0.25084417221793964
crop_farming,4,ET0101,9,1.41029444487634,1.6912168082287258,-0.7539946093117595,0.6632959702749764,1.1911825643446583,0.12986560166028904,1.686951236566287,1.9893291481745046,-1.4268502229125777
crop_farming,4,ET0102,9,1.386457336013203,1.604225160262795,-0.6418501762507258,0.6675120482492041,1.1801852196655358,0.11140632059832345,1.6122786466978276,1.846034282464246,-1.1741144425948744
crop_farming,4,ET0103,9,1.2641441472559611,1.4307511952342524,-0.6949652331389484,0.6330114049751889,1.1015004964183277,-0.004620310547398754,1.4509079855522349,1.6464866692322606,-1.2446518844260703
crop_farming,4,ET0104,9,1.070066344016501,1.235269972176087,-0.6235602810437886,0.5703470580407137,0.7480739521851318,0.40456588283239825,1.3130454207252698,1.5194418354633314,-1.4564776043796317
crop_farming,4,ET0105,9,0.9776324642406232,1.2165424119760355,-0.34354067203525185,0.5870437164600015,0.8839375281938079,0.29068449252144624,1.3195428086921845,1.6726593576141606,-1.5398690073841377
crop_farming,4,ET0106,9,1.3997704215570812,1.510312483858903,-0.5658993970360067,0.6564639180059766,1.1179545675257236,0.1420172786356979,1.5473477357388743,1.707261508410689,-1.0009227882062048
crop_farming,4,ET0107,9,0.8560152699031355,0.8883810361921574,-0.15517234157545068,0.4863158804907304,0.8148808537092628,0.02806672464954396,1.0404628628073747,1.1536133990368667,-0.9479096391488848
crop_farming,4,ET0301,9,0.47041152093092936,0.5371157246582768,0.05196730598153376,0.5672573619516136,0.663011879670319,-0.44454209100088327,0.40357119430163885,0.4971651382556202,0.1877515029424578
crop_farming,4,ET0302,9,0.2316144435199199,0.2596981028535042,0.024005055838938638,0.3104268075876457,0.3509605487092685,-0.7824879994933756,0.2197487714862469,0.2698065131211377,-0.05345229235431703
crop_farming,4,ET0303,9,0.6485015147917318,0.887915533154562,-0.09282613797746864,0.7692723419218237,1.0013288594354777,-0.3898285637996115,0.6795380700839253,0.8958253724698553,-0.11238336151039818
crop_farming,4,ET0304,9,0.5893899014754697,0.7203551145217387,-0.34688952620548563,0.6438755403289644,0.7099806812146918,-0.30837353504854925,0.5098726432303168,0.5925589057110673,0.08861527180652995
crop_farming,4,ET0305,9,0.25285655529558326,0.35573296318248915,0.2763454807883501,0.39416062586967937,0.5401344106922866,-0.6683484061753424,0.3353282540550806,0.4229224034731326,-0.02283231846305611
crop_farming,4,ET0306,9,0.10031447427918362,0.11923775957372669,-0.8036802169905455,0.12130940230331046,0.1482450025953319,-1.7879953911462048,0.09499726415761864,0.09813605129421389,-0.22176895614667513
crop_farming,4,ET0307,9,0.05936164283060741,0.08597641360592465,-2534098.1204228518,2.2478004590888014e-05,5.850001232004766e-05,-0.17321299020395164,0.0005614464993271254,0.000691231801710919,-162.7994236091647
crop_farming,4,ET0308,9,0.8059502368077678,1.0684279236694103,-0.7039223378363231,0.967267439394086,1.0781720719996577,-0.7351438797289662,0.7135126582683375,0.9830975261901767,-0.4426219741892299
crop_farming,4,ET0309,9,0.030488684910941935,0.03484936274716731,-234.4466577562185,0.0027320010005291964,0.0037538161875985453,-1.7317997024538796,0.001521113616683451,0.0027293527970052816,-0.4441829070104437
crop_farming,4,ET0310,9,0.5587724359414812,0.7475402309747311,-0.024985278687306822,0.7753601442575114,0.9526362714924815,-0.6645724923242149,0.6007611519946394,0.7782044679109592,-0.11080014272863603
crop_farming,4,ET0311,9,0.10015151615762659,0.1140806338734,-0.28474646163185047,0.11894754429348839,0.15457330051475393,-1.3586447799274222,0.09138785400643543,0.11211267734254247,-0.24080354909877721
crop_farming,4,ET0312,9,0.02709357540397968,0.03278418129366457,-1002.6650282040719,0.0009755691016584874,0.0013150342113509037,-0.6148575162358896,0.00113229941748447,0.0014393687010417272,-0.9346580553816723
crop_farming,4,ET0401,9,0.05955742721987442,0.0681779075117007,0.2308539452230648,0.04356969984435705,0.08897402862204862,-0.30992970742063997,0.04313782336941638,0.08858020558060706,-0.29835916720069644
crop_farming,4,ET0402,9,0.08732231874376918,0.10203090208045322,-2.5149613536940802,0.0317492586680965,0.0625348036856828,-0.32038530802510157,0.07842627154225368,0.10435078003911596,-2.676617934260363
crop_farming,4,ET0403,9,0.03606287892495633,0.03897750213548947,-4155.115035784056,0.0006250605940186906,0.0010274437202751762,-1.88785667906786,0.0005786705399768196,0.000694903061208957,-0.32101576780079855
crop_farming,4,ET0404,9,0.059122535389567986,0.07782065149157948,-6706.948690148231,0.001083664496674075,0.0012396922343489705,-0.7022673482209001,0.0008928865053588167,0.0010917916153935128,-0.3203209575524044
crop_farming,4,ET0405,9,0.06322547236749215,0.08787974398418671,-762.1285176613503,0.0033734666424806038,0.005114984186471027,-1.5852866756019264,0.0019342256028700433,0.0034393258104507443,-0.16887146039257228
crop_farming,4,ET0406,9,0.20142577468824402,0.23010811225698838,0.18360847062466812,0.19358442546607382,0.26384597870748583,-0.07333573727726095,0.313227774040634,0.323349925994168,-0.612056141660841
crop_farming,4,ET0407,9,0.18817041838855061,0.2183663231203642,-0.098805750724553,0.24834839847206572,0.31830993946822284,-1.3348016996222785,0.1365722754414559,0.20399334689585294,0.04108169809324291
crop_farming,4,ET0408,9,0.18502085251063,0.2208341006978322,0.31054619418620855,0.33536090339382585,0.41343413122502914,-1.4164930673275498,0.21639640120945736,0.2536339278743519,0.09053164139642556
crop_farming,4,ET0409,9,0.39945068540325085,0.4935248980811403,-0.43083432016131784,0.40782508478726437,0.4468145756324327,-0.17280518525920363,0.3523299288247268,0.4353115267175427,-0.11319577113219936
crop_farming,4,ET0413,9,0.07982451816913362,0.09807446627918003,-2.9491266736658,0.05245954939206121,0.07832745087001015,-1.5189360594046608,0.027494673380741914,0.05365306650613197,-0.18189325851788585
crop_farming,4,ET0416,9,0.06872079687660612,0.0809454376779246,-2053.344484369029,0.0016837572519997994,0.002525635877999699,-0.9999999999998828,0.0018742366193367469,0.0018781481207707747,-0.10598235736533623
crop_farming,4,ET0417,9,0.17027215668835305,0.21476606896901618,0.1963515679028176,0.3205517057282587,0.356892914810485,-1.2192724316249515,0.2342412913574402,0.28256902753355856,-0.3911817754699365
crop_farming,4,ET0418,9,0.12741908566472152,0.15686317593186003,-2.1224292420681166,0.09897319412301663,0.1500103811880705,-1.8555727396955763,0.08297694914877847,0.0965717949286635,-0.18345351819778855
crop_farming,4,ET0419,9,0.06847587511596744,0.08691967853115506,-12183.841931541745,0.0004208953613274878,0.0008928538924938864,-0.2857142857142858,0.000830130245336279,0.0011400033527189956,-1.096022469304097
crop_farming,4,ET0420,9,0.12473225380812382,0.1549567493956571,-2.112709378188155,0.09405404079137886,0.14097038003735057,-1.5761628934723682,0.04790437938332778,0.09939403963871184,-0.2806730280672376
crop_farming,4,ET0602,9,0.3724118390537787,0.484779716129637,-0.5643338519623973,0.46882272729705715,0.6370364512649963,-1.7012770584329626,0.26674589217030276,0.46951788029246844,-0.4673875670364569
crop_farming,4,ET0603,9,0.06052185869480168,0.07639289407444257,-324.5810896850376,0.002263025016271452,0.004800601005001022,-0.2857142857142856,0.004725009908627638,0.007612127103710265,-2.2326992959711864
crop_farming,4,ET0604,9,0.37086248416247325,0.4821310665699441,-1.9566615404569556,0.28174341208802745,0.4005964474027708,-1.0412000302218996,0.2887898603033231,0.29146543510663525,-0.08055156662164542
crop_farming,4,ET0605,9,0.04615485668182373,0.04871481383711668,0.0,0.0,0.0,1.0,0.0,0.0,1.0
crop_farming,4,ET0701,9,0.13273013597790995,0.18229847038065114,0.43854206802068785,0.18918681972940057,0.2611098040942524,-0.15185425329656144,0.21601124258844318,0.25184611184830724,-0.07157277996881839
crop_farming,4,ET0702,9,0.34658282239560534,0.4141635392646251,-0.5383736031390693,0.4838694198898293,0.5462372943854351,-1.6759672210568284,0.27212846260519274,0.32865320508854384,0.03128988038584313
crop_farming,4,ET0703,9,0.411383021296033,0.5062475869212545,-0.42823342402078435,0.6024255276992488,0.6768602954253844,-1.5531206511192615,0.539542827432755,0.6152023771415612,-1.109158754601589
crop_farming,4,ET0705,9,0.4093925241150135,0.44114695954759203,-0.25846254926010204,0.5876061833129583,0.6752054739645956,-1.9481231710681217,0.2603490991752394,0.29426520973938897,0.4400470277178514
crop_farming,4,ET0706,9,0.2503987757464642,0.29771878261141904,0.23747274014477437,0.41814397690661825,0.5057968106183939,-1.2008734841086177,0.24124042168002052,0.2671233400226852,0.3861438972401652
crop_farming,4,ET0710,9,0.524788093099371,0.6857061947888057,-0.6982710708567894,0.7832987583137118,0.9198435287760702,-2.0560382137295004,0.3715725373726235,0.46441985100226163,0.2209731697696723
crop_farming,4,ET0713,9,0.5924567352299811,0.7581609320716689,-1.70560065911569,0.656670964337381,0.7733271497817858,-1.8149287590607441,0.6627884797918622,0.7907577560397462,-1.9432544793284618
crop_farming,4,ET0714,9,0.2183487902572167,0.2451781379340794,-0.0278754120841469,0.23997323336770002,0.35792743801751936,-1.1906196364570736,0.28657691355831405,0.3737135557823426,-1.3881120248203427
crop_farming,4,ET0715,9,0.384288111963878,0.4645244241498868,-1.2030635840698158,0.27263012960232014,0.3496013639882105,-0.2478321224740545,0.32125449931453015,0.3898515962532527,-0.5517028511237874
crop_farming,4,ET0716,9,0.30489429026585585,0.41633402461213154,-0.8823602568429618,0.2412230420734229,0.4607644539010898,-1.3055623454394434,0.3167453884615188,0.35763627830757533,-0.38899943443251717
crop_farming,4,ET0720,9,0.20377242344122173,0.257744407603377,0.3857857388108753,0.40487041695696135,0.5000731989166057,-1.312110323853989,0.21564023360815499,0.254072285753783,0.4031626637173632
crop_farming,4,ET0721,9,0.527688737352057,0.6532727362196025,-0.9772685592791539,0.22345189052658843,0.4591487699402165,0.02324994646002665,0.5493284954237372,0.6892372096744389,-1.2009695005424645
crop_farming,4,ET0722,9,0.592903310100457,0.7364051910391776,-1.3538905059652078,0.5335211501915358,0.7098948844320361,-1.1874627588749216,0.6304421805509752,0.7722225380247919,-1.5884365297830687
crop_farming,4,ET0723,9,0.5728841327048664,0.7500035335525851,-1.3006918912897976,0.6722721965763703,0.810956977115478,-1.6898463451206238,0.6144522062643077,0.7498349201202202,-1.2996575389623062
crop_farming,4,ET0724,9,0.07587132390881567,0.09520356860513288,-38.40946509029715,0.021208629049740167,0.026117310805067816,-1.9658624074700293,0.04405823582961599,0.063062483832663,-16.291641747498367
crop_farming,4,ET1101,9,0.08437478542327881,0.10243069262615456,0.0,0.0,0.0,1.0,0.0,0.0,1.0
crop_farming,4,ET1102,9,0.031375218030191464,0.03788854954210705,-40865.261925449384,0.00013052312420391843,0.00023119115743950984,-0.5215680944574634,0.0004355537198740884,0.0004695205069793224,-5.275640909913101
crop_farming,4,ET1103,9,0.08228032199780265,0.09712179913260965,-8359.861412416112,0.0011355001083986041,0.0017032501625979062,-1.5714285714285716,0.0005677500541993021,0.0012043797400300691,-0.2857142857142858
crop_farming,4,ET1104,9,0.5871911956748064,0.6779510102032743,-0.6071138686844149,0.7303452864979886,0.8560770116657578,-1.562569746327085,0.6116535864381474,0.7432462088665004,-0.9315921410982722
crop_farming,4,ET1105,9,0.0398947831434243,0.05527894907979928,0.2732628067387215,0.03566343189162686,0.0737375885378153,-0.29311066203801595,0.036489142374518786,0.07425287192653827,-0.31124650284767563
crop_farming,4,ET1106,9,0.033517528285915796,0.0379685781297685,-2.1583925207410033,0.0286061041757169,0.03428953190059419,-1.5759684999728432,0.021209727536286114,0.02503244530009677,-0.37285284098256555
crop_farming,4,ET1202,9,0.2608954666206731,0.31465151502019895,-19.79490577482574,0.0848627851128149,0.11353253272565193,-1.707309799218819,0.04754271165829733,0.08092077612803945,-0.3753631417614378
crop_farming,4,ET1203,9,0.07656222896616509,0.0842544999014938,-30002.71458384927,0.0005199978714354674,0.0007799968071532012,-1.5714285714285712,0.0002599989357177337,0.0005515410316418843,-0.2857142857142856
crop_farming,4,ET1204,9,0.06088507707089251,0.07028260301283425,-79.30012857696309,0.009650569221476482,0.01222131682312078,-1.4280441011607854,0.005498224264748799,0.007975922240497542,-0.03414726466624285
crop_farming,4,ET1301,9,0.1121031188450209,0.12417784514799214,-21.77768101133786,0.05724524734853779,0.07739725462960372,-7.84855551776506,0.2286948060382908,0.2583191149499834,-97.56763948318051
crop_farming,4,ET1401,9,0.07473784135613235,0.08318251602039049,-851910.7483031916,9.634534186670546e-05,0.0001445180128000582,-1.5714285714285712,4.817267093335273e-05,0.00010218966685452542,-0.2857142857142856
crop_farming,4,ET1501,9,0.3751775916247826,0.4252759038029825,-2.1394523103291987,0.2588720192155353,0.417746605324876,-2.029271484692985,0.7857195197306025,0.8594214612521028,-11.821083452660309
crop_farming,4,ET1502,9,0.3120958626822489,0.4002689127438981,-0.1398457937301827,0.24506551515804922,0.3570722953667794,0.09290099925993789,0.3757683432560246,0.42608053541668306,-0.2915932525353018
crop_farming,4,ET1600,9,0.36631048767270025,0.42111220475551747,-0.2564996416184895,0.4240812587320335,0.5546531241566268,-1.1797648213788472,0.2769600701848969,0.3251642003946487,0.25084417221793964
crop_farming,8,ET0101,9,1.5262953904776966,1.8208206131928975,-1.0331246433105847,0.9736756714026191,1.5007239141480713,-0.38111959831923925,1.686951236566287,1.9893291481745046,-1.4268502229125777
crop_farming,8,ET0102,9,1.547549061044738,1.7517525766374071,-0.9577102154515893,0.9975778909742556,1.4948201054506358,-0.4255443662177447,1.6122786466978276,1.846034282464246,-1.1741144425948744
crop_farming,8,ET0103,9,1.4446668805204606,1.5977196675569598,-1.1136531551904043,1.0625472793104251,1.3830173155302659,-0.5837542553786264,1.4509079855522349,1.6464866692322606,-1.2446518844260703
crop_farming,8,ET0104,9,1.316349146704252,1.4595228621658896,-1.266556000539477,0.9640943271465959,1.1803241815174772,-0.4823380571198632,1.3130454207252698,1.5194418354633314,-1.4564776043796317
crop_farming,8,ET0105,9,1.0485141091253685,1.2962825576553083,-0.5254418758892003,0.8081653624631827,1.1055729161168577,-0.1096118640360273,1.3195428086921845,1.6726593576141606,-1.5398690073841377
crop_farming,8,ET0106,9,1.6029721261121688,1.7278101457665456,-1.0493789556024447,0.9900067570142456,1.4432882975985812,-0.4300012370106856,1.5473477357388743,1.707261508410689,-1.0009227882062048
crop_farming,8,ET0107,9,0.9734066177882674,1.0329714128468013,-0.5617978793738856,0.6389228943698391,1.0075251543161905,-0.4857988532605282,1.0404628628073747,1.1536133990368667,-0.9479096391488848
crop_farming,8,ET0301,9,0.48350671910254067,0.5843520551571971,-0.12211335777518983,0.49180697125910977,0.6080451553202931,-0.21495235106974064,0.40357119430163885,0.4971651382556202,0.1877515029424578
crop_farming,8,ET0302,9,0.25512424168312453,0.3162109432267963,-0.4469842539586075,0.3546117826201632,0.37444604905033696,-1.0290302364175212,0.2197487714862469,0.2698065131211377,-0.05345229235431703
crop_farming,8,ET0303,9,0.7988141377940576,1.1170650280337144,-0.7296756748032074,0.8895686710129669,1.1774134189769903,-0.9216121187581257,0.6795380700839253,0.8958253724698553,-0.11238336151039818
crop_farming,8,ET0304,9,0.6232083372685447,0.7652596506685474,-0.5200445551974255,0.6217188168581106,0.7175159833011419,-0.33629347356049655,0.5098726432303168,0.5925589057110673,0.08861527180652995
crop_farming,8,ET0305,9,0.3875816155167471,0.4646475013358448,-0.23461136595387555,0.29821784161267195,0.45143225014638266,-0.1653817750969595,0.3353282540550806,0.4229224034731326,-0.02283231846305611
crop_farming,8,ET0306,9,0.08451634323653484,0.09736578282859164,-0.20266493096007254,0.05700890702877978,0.09505220477490296,-0.14618921416966213,0.09499726415761864,0.09813605129421389,-0.22176895614667513
crop_farming,8,ET0307,9,0.05117517004380999,0.061816497381052854,-1310006.3584655903,2.57288965038121e-05,5.9307386770210714e-05,-0.20582011589715,0.0005614464993271254,0.000691231801710919,-162.7994236091647
crop_farming,8,ET0308,9,0.9055917205873292,1.2221916983877943,-1.2296566776900155,1.0553600975577242,1.2946399921669376,-1.5018275669171013,0.7135126582683375,0.9830975261901767,-0.4426219741892299
crop_farming,8,ET0309,9,0.06347780274524505,0.07478262664607822,-1083.1872060378637,0.0027320010005291964,0.0037538161875985453,-1.7317997024538796,0.001521113616683451,0.0027293527970052816,-0.4441829070104437
crop_farming,8,ET0310,9,0.5734555765902171,0.73837953617312,-1.7939480571715904e-05,0.4920855928262301,0.7473656362786977,-0.024506545671330038,0.6007611519946394,0.7782044679109592,-0.11080014272863603
crop_farming,8,ET0311,9,0.08855775867227604,0.106776604672175,-0.12550076039840974,0.08920572862682787,0.12543355009336282,-0.5531772020357435,0.09138785400643543,0.11211267734254247,-0.24080354909877721
crop_farming,8,ET0312,9,0.044783558454008165,0.044937612977446625,-1884.732585013341,0.0011021768018466055,0.0013687879911606518,-0.7495746567007167,0.00113229941748447,0.0014393687010417272,-0.9346580553816723
crop_farming,8,ET0401,9,0.10788225059939102,0.12043879938611173,-1.4002380489386654,0.04426049280544459,0.08898713644757203,-0.31031569859361063,0.04313782336941638,0.08858020558060706,-0.29835916720069644
crop_farming,8,ET0402,9,0.1427167250788049,0.1561995479403259,-7.237902488573077,0.09741599272658363,0.20555085102322454,-13.265784525646591,0.07842627154225368,0.10435078003911596,-2.676617934260363
crop_farming,8,ET0403,9,0.06167002773121041,0.0674170903841845,-12432.676451075116,0.0008747585347609209,0.0012715274880359796,-3.4229401048277976,0.0005786705399768196,0.000694903061208957,-0.32101576780079855
crop_farming,8,ET0404,9,0.05547579076744342,0.061519888083555095,-4191.094661798079,0.0010814480812319073,0.0013261001203785045,-0.9478371131051768,0.0008928865053588167,0.0010917916153935128,-0.3203209575524044
crop_farming,8,ET0405,9,0.04763120187324302,0.050332284923531354,-249.33029429524674,0.00323213395068716,0.004979388691293441,-1.4500343561176665,0.0019342256028700433,0.0034393258104507443,-0.16887146039257228
crop_farming,8,ET0406,9,0.3010271229294143,0.33770851345533837,-0.7584039431770935,0.23346250895510975,0.30561237317822054,-0.44004643848095837,0.313227774040634,0.323349925994168,-0.612056141660841
crop_farming,8,ET0407,9,0.24814278744141088,0.3264412472669875,-1.455611495881321,0.17285387664620824,0.21798928737348083,-0.09501458566731791,0.1365722754414559,0.20399334689585294,0.04108169809324291
crop_farming,8,ET0408,9,0.260306037567885,0.29676865124506036,-0.2451135090943546,0.25115214332204777,0.2973782744282111,-0.25023419606201003,0.21639640120945736,0.2536339278743519,0.09053164139642556
crop_farming,8,ET0409,9,0.44016523271322366,0.6108670766312717,-1.1921216515028727,0.42649653645279195,0.5188209011500031,-0.5812703986961507,0.3523299288247268,0.4353115267175427,-0.11319577113219936
crop_farming,8,ET0413,9,0.054464265047015833,0.05826385340032028,-0.3937586194038891,0.035681615595508566,0.059227144593090635,-0.4402263368836019,0.027494673380741914,0.05365306650613197,-0.18189325851788585
crop_farming,8,ET0416,9,0.09673882110925858,0.11212860320733573,-3941.0428735885707,0.002539216790902928,0.0031101151386676478,-2.0327838131495417,0.0018742366193367469,0.0018781481207707747,-0.10598235736533623
crop_farming,8,ET0417,9,0.29129028019209474,0.3430492947217919,-1.0504435971331412,0.3129451804933412,0.37208684834126327,-1.4122560567445408,0.2342412913574402,0.28256902753355856,-0.3911817754699365
crop_farming,8,ET0418,9,0.131814636816421,0.14631924294922855,-1.716773854241568,0.12959649255148864,0.17590677111454106,-2.926591407998497,0.08297694914877847,0.0965717949286635,-0.18345351819778855
crop_farming,8,ET0419,9,0.05899125290239186,0.06257535939800284,-6314.24759384873,0.0009665418733392093,0.0018646069607229576,-4.6073579315266135,0.000830130245336279,0.0011400033527189956,-1.096022469304097
crop_farming,8,ET0420,9,0.09230341963470938,0.11595850194284382,-0.7431018811551908,0.09453839532577546,0.1409470563255888,-1.5753105057560228,0.04790437938332778,0.09939403963871184,-0.2806730280672376
crop_farming,8,ET0602,9,0.31696236652044674,0.44566102505862454,-0.3220560657764049,0.46887044376394155,0.6370364593068245,-1.7012771266337885,0.26674589217030276,0.46951788029246844,-0.4673875670364569
crop_farming,8,ET0603,9,0.08915122790070039,0.12316193820721621,-845.2647973515571,0.002263025016271452,0.004800601005001022,-0.2857142857142856,0.004725009908627638,0.007612127103710265,-2.2326992959711864
crop_farming,8,ET0604,9,0.30007667030105023,0.33014911539708675,-0.3864099128941092,0.42107731157718675,0.5015976000223616,-2.200238007348104,0.2887898603033231,0.29146543510663525,-0.08055156662164542
crop_farming,8,ET0605,9,0.050830099317762584,0.05178957230122363,0.0,0.0,0.0,1.0,0.0,0.0,1.0
crop_farming,8,ET0701,9,0.18936365203797162,0.2481035701379377,-0.039961351732323624,0.22701952290630315,0.2878865541373396,-0.40021245156244545,0.21601124258844318,0.25184611184830724,-0.07157277996881839
crop_farming,8,ET0702,9,0.37451139308575826,0.42020282022905203,-0.5835654523860534,0.40625582448919506,0.5517760761559294,-1.73051034085517,0.27212846260519274,0.32865320508854384,0.03128988038584313
crop_farming,8,ET0703,9,0.4631453246477609,0.5630809120297149,-0.7669117990419145,0.5742358507011796,0.7168644713193958,-1.8638309193507823,0.539542827432755,0.6152023771415612,-1.109158754601589
crop_farming,8,ET0705,9,0.4710594809025053,0.5500124430187471,-0.9562247289597008,0.592591763066578,0.7086675679012527,-2.2475723168037702,0.2603490991752394,0.29426520973938897,0.4400470277178514
crop_farming,8,ET0706,9,0.40196110885345887,0.4438592871988319,-0.6948588203906485,0.4583339220724658,0.5551181102566828,-1.6510242303862719,0.24124042168002052,0.2671233400226852,0.3861438972401652
crop_farming,8,ET0710,9,0.562831904045023,0.6992692800338393,-0.7661181944123079,0.6482836069364134,0.8646525789555128,-1.7003132539133512,0.3715725373726235,0.46441985100226163,0.2209731697696723
crop_farming,8,ET0713,9,0.6864460675040758,0.8300179052679535,-2.242767526396704,0.7084738729243765,0.8128924698560135,-2.1103344745013337,0.6627884797918622,0.7907577560397462,-1.9432544793284618
crop_farming,8,ET0714,9,0.3527773092056224,0.4543160804828667,-2.529337661194459,0.39523398151991546,0.5209388545443744,-3.640347388347414,0.28657691355831405,0.3737135557823426,-1.3881120248203427
crop_farming,8,ET0715,9,0.5242322798791466,0.5827687101639644,-2.4673874741964226,0.5619536151787111,0.6451651174441847,-3.249635493872783,0.32125449931453015,0.3898515962532527,-0.5517028511237874
crop_farming,8,ET0716,9,0.30161358439003527,0.39125716000595745,-0.6624306286010291,0.2452733728916424,0.460677515362548,-1.3046923854888135,0.3167453884615188,0.35763627830757533,-0.38899943443251717
crop_farming,8,ET0720,9,0.2516152326722044,0.2917983777176502,0.21276002278619643,0.2803815147610646,0.33152791267555326,-0.01620562038575346,0.21564023360815499,0.254072285753783,0.4031626637173632
crop_farming,8,ET0721,9,0.570722946497497,0.7554742402244242,-1.6443315975883666,0.5486914066076477,0.7297079891180233,-1.4670320724706358,0.5493284954237372,0.6892372096744389,-1.2009695005424645
crop_farming,8,ET0722,9,0.628610055354126,0.7660661262648681,-1.547329312976848,0.6488081441039774,0.7858669117654586,-1.6807146137746405,0.6304421805509752,0.7722225380247919,-1.5884365297830687
crop_farming,8,ET0723,9,0.6958596478957764,0.8394543098839372,-1.882212312841565,0.6595270888942406,0.9248071938941469,-2.4981162791622866,0.6144522062643077,0.7498349201202202,-1.2996575389623062
crop_farming,8,ET0724,9,0.09030883843729606,0.1024439692857408,-44.63172422365499,0.011968596926333008,0.018695146254104126,-0.5196788481403452,0.04405823582961599,0.063062483832663,-16.291641747498367
crop_farming,8,ET1101,9,0.08830426798926459,0.09646685809513066,0.0,0.0,0.0,1.0,0.0,0.0,1.0
crop_farming,8,ET1102,9,0.03872779534562793,0.03913281815447011,-43593.450128566576,0.00016086383249448567,0.00024846403863412487,-0.7574219032006415,0.0004355537198740884,0.0004695205069793224,-5.275640909913101
crop_farming,8,ET1103,9,0.13834793443388527,0.16984783135166298,-25569.404553693304,0.0011355001083986041,0.0017032501625979062,-1.5714285714285716,0.0005677500541993021,0.0012043797400300691,-0.2857142857142858
crop_farming,8,ET1104,9,0.5744038989967225,0.6949160476221596,-0.6885530371271715,0.6366316161414098,0.7594444068743595,-1.0167032604490944,0.6116535864381474,0.7432462088665004,-0.9315921410982722
crop_farming,8,ET1105,9,0.0857081809559624,0.09439667988723041,-1.1191967072861044,0.035766281448039755,0.07382917362408628,-0.2963248490249881,0.036489142374518786,0.07425287192653827,-0.31124650284767563
crop_farming,8,ET1106,9,0.027818595744174533,0.03385804513715012,-1.511546332581685,0.02819076762491589,0.03585564474730504,-1.8166475565314264,0.021209727536286114,0.02503244530009677,-0.37285284098256555
crop_farming,8,ET1202,9,0.33194626948729095,0.38393501050672696,-29.960840052287697,0.08396228817748118,0.11224429393859438,-1.6462193894573565,0.04754271165829733,0.08092077612803945,-0.3753631417614378
crop_farming,8,ET1203,9,0.11210647871269964,0.12594687146642225,-67043.56592061347,0.0005199978714354674,0.0007799968071532012,-1.5714285714285712,0.0002599989357177337,0.0005515410316418843,-0.2857142857142856
crop_farming,8,ET1204,9,0.1693261914965517,0.22096204142066045,-792.699144613227,0.009233806806842666,0.011721030402055754,-1.2333261437260163,0.005498224264748799,0.007975922240497542,-0.03414726466624285
crop_farming,8,ET1301,9,0.13903226345375347,0.16334520142951053,-38.4125041614112,0.05342584018573667,0.0737803870268804,-7.040871581085213,0.2286948060382908,0.2583191149499834,-97.56763948318051
crop_farming,8,ET1401,9,0.0739577092743588,0.07576063302665723,-706670.6884000174,9.634534186670546e-05,0.0001445180128000582,-1.5714285714285712,4.817267093335273e-05,0.00010218966685452542,-0.2857142857142856
crop_farming,8,ET1501,9,0.5206927794249457,0.5514496523803137,-4.278664650205446,0.291216035722821,0.42589283774408393,-2.1485675201069716,0.7857195197306025,0.8594214612521028,-11.821083452660309
crop_farming,8,ET1502,9,0.36520864512777007,0.48473088216353044,-0.671643857383581,0.377619554989037,0.47884315140806055,-0.631281603711197,0.3757683432560246,0.42608053541668306,-0.2915932525353018
crop_farming,8,ET1600,9,0.41451893370914933,0.48440310867972597,-0.6625723571678042,0.5077201238629567,0.554771010242137,-1.1806914951449055,0.2769600701848969,0.3251642003946487,0.25084417221793964
crop_farming,12,ET0101,9,1.5744548043452231,1.878303617065411,-1.1635217795007478,1.2845899409493682,1.744168101981361,-0.8655477138188608,1.686951236566287,1.9893291481745046,-1.4268502229125777
crop_farming,12,ET0102,9,1.5716606942376001,1.7950921337373167,-1.0557787126663967,1.3918962700769855,1.7420064973331049,-0.9359869168864823,1.6122786466978276,1.846034282464246,-1.1741144425948744
crop_farming,12,ET0103,9,1.447864298839315,1.6727100479178034,-1.3167218307331439,1.2022675441624673,1.5083050040414558,-0.8836963812518199,1.4509079855522349,1.6464866692322606,-1.2446518844260703
crop_farming,12,ET0104,9,1.3419983763897174,1.5836543469557214,-1.6684891649613562,1.1370195861709291,1.2981142473101195,-0.7929595109285339,1.3130454207252698,1.5194418354633314,-1.4564776043796317
crop_farming,12,ET0105,9,1.2040335151261417,1.4811269430511103,-0.9915025831587327,1.0307429179463283,1.2900985211760316,-0.5109220681140778,1.3195428086921845,1.6726593576141606,-1.5398690073841377
crop_farming,12,ET0106,9,1.618706123139248,1.787622897523364,-1.1937243216521072,1.420157316106211,1.7029436185456492,-0.9908143910650071,1.5473477357388743,1.707261508410689,-1.0009227882062048
crop_farming,12,ET0107,9,0.9843207448202295,1.0390188979377786,-0.5801383615797258,1.0468539044067615,1.2567975647729828,-1.3119523792516943,1.0404628628073747,1.1536133990368667,-0.9479096391488848
crop_farming,12,ET0301,9,0.4779702905808588,0.5710600403056362,-0.0716454491317462,0.773342521153611,0.8720291737285195,-1.4989042156894787,0.40357119430163885,0.4971651382556202,0.1877515029424578
crop_farming,12,ET0302,9,0.2209575681972768,0.28639807283284957,-0.18699857191198754,0.33141137544010746,0.3897256591629364,-1.1980016515436565,0.2197487714862469,0.2698065131211377,-0.05345229235431703
crop_farming,12,ET0303,9,0.8421850244271553,1.0957773452481856,-0.6643796660342209,1.0296186607252475,1.1731685705572081,-0.9077813806632018,0.6795380700839253,0.8958253724698553,-0.11238336151039818
crop_farming,12,ET0304,9,0.5414567125254011,0.6962258809463815,-0.2581690986010403,0.8080151451692958,0.9097139205253486,-1.148069696704448,0.5098726432303168,0.5925589057110673,0.08861527180652995
crop_farming,12,ET0305,9,0.3268035721345393,0.37063052504490523,0.21446520197855612,0.3598498400528478,0.4667577559924314,-0.24585111490343814,0.3353282540550806,0.4229224034731326,-0.02283231846305611
crop_farming,12,ET0306,9,0.1445203530067179,0.17272560338337517,-2.784821171569398,0.13217489895074713,0.15573951621397153,-2.0770146926945174,0.09499726415761864,0.09813605129421389,-0.22176895614667513
crop_farming,12,ET0307,9,0.05671403100063779,0.07036914119170107,-1697575.8710483417,0.00046073822539617463,0.0013063749125484475,-584.0602753941264,0.0005614464993271254,0.000691231801710919,-162.7994236091647
crop_farming,12,ET0308,9,0.9627212965692633,1.3048288470874598,-1.5413614369958792,1.0979770129191901,1.3054728255780623,-1.543870556810429,0.7135126582683375,0.9830975261901767,-0.4426219741892299
crop_farming,12,ET0309,9,0.05034675380098371,0.061984063189724534,-743.8398969875044,0.0021222438897952303,0.0032804324164304346,-1.0862436964763376,0.001521113616683451,0.0027293527970052816,-0.4441829070104437
crop_farming,12,ET0310,9,0.5931084109643832,0.7120071782580613,0.07014071658370069,0.7230750761185019,0.8843185504092258,-0.43438573585501206,0.6007611519946394,0.7782044679109592,-0.11080014272863603
crop_farming,12,ET0311,9,0.18970768531871066,0.21488327695910156,-3.558257085404602,0.19406437920392097,0.21932963635758415,-3.748847422335051,0.09138785400643543,0.11211267734254247,-0.24080354909877721
crop_farming,12,ET0312,9,0.03799240391044941,0.04139431843043995,-1599.079565379756,0.0010213307439298368,0.0012389122482384738,-0.4333135268098878,0.00113229941748447,0.0014393687010417272,-0.9346580553816723
crop_farming,12,ET0401,9,0.11230389534002552,0.128471595336962,-1.73108813319738,0.04495128576653213,0.08902312006447162,-0.3113756142841466,0.04313782336941638,0.08858020558060706,-0.29835916720069644
crop_farming,12,ET0402,9,0.15801638968214418,0.16921888012455974,-8.668402786424725,0.09894827421715514,0.2055894197355612,-13.271138573627693,0.07842627154225368,0.10435078003911596,-2.676617934260363
crop_farming,12,ET0403,9,0.04856901952791586,0.06074297094448427,-10092.728308388481,0.0008747585347609209,0.0012715274880359794,-3.4229401048277968,0.0005786705399768196,0.000694903061208957,-0.32101576780079855
crop_farming,12,ET0404,9,0.042312568560479984,0.05784814101802094,-3705.6264619189838,0.0011552455522758137,0.001380333921222232,-1.1104172544538446,0.0008928865053588167,0.0010917916153935128,-0.3203209575524044
crop_farming,12,ET0405,9,0.05480938924354331,0.06642271094574105,-434.96669224638975,0.003103828844636188,0.004919772614225458,-1.3917191368635047,0.0019342256028700433,0.0034393258104507443,-0.16887146039257228
crop_farming,12,ET0406,9,0.28361183267325374,0.32278089179057856,-0.6063873113365938,0.25439449016616933,0.33559794723681063,-0.7364937404930045,0.313227774040634,0.323349925994168,-0.612056141660841
crop_farming,12,ET0407,9,0.13552641013953182,0.16558537857120595,0.3681797058450179,0.27240379516766516,0.30205136433617547,-1.1023799409332837,0.1365722754414559,0.20399334689585294,0.04108169809324291
crop_farming,12,ET0408,9,0.15279835637195135,0.18866235530035694,0.4967967896301293,0.24766112491637043,0.29217999144668433,-0.20690710322201533,0.21639640120945736,0.2536339278743519,0.09053164139642556
crop_farming,12,ET0409,9,0.45190288496782344,0.582327953303675,-0.9920786889841327,0.59491587416307,0.6597317460493973,-1.55685428905581,0.3523299288247268,0.4353115267175427,-0.11319577113219936
crop_farming,12,ET0413,9,0.057274981676044154,0.07435982700979446,-1.270209304547274,0.05389566885927345,0.07983045588733674,-1.6165339646682302,0.027494673380741914,0.05365306650613197,-0.18189325851788585
crop_farming,12,ET0416,9,0.08273237861539601,0.10990852151599731,-3786.4878701559687,0.0033810954169028276,0.004006451392942262,-4.0327838131494245,0.0018742366193367469,0.0018781481207707747,-0.10598235736533623
crop_farming,12,ET0417,9,0.2220429003782166,0.2693842773101633,-0.2643847660431664,0.43760410295527974,0.49823639699731664,-3.325194742104058,0.2342412913574402,0.28256902753355856,-0.3911817754699365
crop_farming,12,ET0418,9,0.18986479245606944,0.22043391099872156,-5.166055228056907,0.12959649255148864,0.17590677111454106,-2.926591407998497,0.08297694914877847,0.0965717949286635,-0.18345351819778855
crop_farming,12,ET0419,9,0.07793660248972639,0.09666219358138178,-15068.435006042238,0.0009665418733392093,0.0018646069607229576,-4.6073579315266135,0.000830130245336279,0.0011400033527189956,-1.096022469304097
crop_farming,12,ET0420,9,0.09709226872359013,0.1304442014548769,-1.205805098991354,0.09488952920679429,0.14098001696798362,-1.5765151256459284,0.04790437938332778,0.09939403963871184,-0.2806730280672376
crop_farming,12,ET0602,9,0.31502880508940967,0.4521850631059184,-0.361046578243426,0.3417750233065054,0.5384028350193678,-0.9295464574483365,0.26674589217030276,0.46951788029246844,-0.4673875670364569
crop_farming,12,ET0603,9,0.059078671299070074,0.06693789374162483,-248.9754342954269,0.002263025016271452,0.004800601005001022,-0.2857142857142856,0.004725009908627638,0.007612127103710265,-2.2326992959711864
crop_farming,12,ET0604,9,0.27580175499786186,0.30815660827354074,-0.20785374401349377,0.5504606993362611,0.6426176801558636,-4.252628902239041,0.2887898603033231,0.29146543510663525,-0.08055156662164542
crop_farming,12,ET0605,9,0.05021844969855414,0.053375837447464186,0.0,0.0,0.0,1.0,0.0,0.0,1.0
crop_farming,12,ET0701,9,0.20931268017429924,0.24373675813771362,-0.0036752926602769964,0.22018084322880555,0.2877841643368582,-0.3992166288924941,0.21601124258844318,0.25184611184830724,-0.07157277996881839
crop_farming,12,ET0702,9,0.33169133094716563,0.3943970229900511,-0.3950357875392221,0.5768621379785628,0.701385934675016,-3.4119664128178284,0.27212846260519274,0.32865320508854384,0.03128988038584313
crop_farming,12,ET0703,9,0.4485527199989646,0.5227779220829096,-0.523027470011185,0.62962097156489,0.798356562379185,-2.5519517617495238,0.539542827432755,0.6152023771415612,-1.109158754601589
crop_farming,12,ET0705,9,0.418358534564254,0.5022046284620294,-0.6309293079643605,0.6864852272076506,0.8109765820871527,-3.2529506410434976,0.2603490991752394,0.29426520973938897,0.4400470277178514
crop_farming,12,ET0706,9,0.309255966232775,0.3531136942666186,-0.07268455139007224,0.6164211416077126,0.7024538732046668,-3.245008146606226,0.24124042168002052,0.2671233400226852,0.3861438972401652
crop_farming,12,ET0710,9,0.4275811515400064,0.5844117226612148,-0.2335839306662355,0.7002088970171426,0.9407284880039958,-2.1963877501024607,0.3715725373726235,0.46441985100226163,0.2209731697696723
crop_farming,12,ET0713,9,0.7218628460360852,0.8193091621803271,-2.159632090371461,0.8199061215804002,0.9930923931680422,-3.642161053356502,0.6627884797918622,0.7907577560397462,-1.9432544793284618
crop_farming,12,ET0714,9,0.4764396190300915,0.520226529509199,-3.627665762920884,0.5064668228853618,0.6365788610909757,-5.929173222760894,0.28657691355831405,0.3737135557823426,-1.3881120248203427
crop_farming,12,ET0715,9,0.4095862305551866,0.46375526308822856,-1.1957739443910405,0.4688518198423883,0.5731878620864518,-2.3543153901645923,0.32125449931453015,0.3898515962532527,-0.5517028511237874
crop_farming,12,ET0716,9,0.3929450679677952,0.476140753092758,-1.46200904615699,0.2169416676697401,0.42385050856968154,-0.9509419736467737,0.3167453884615188,0.35763627830757533,-0.38899943443251717
crop_farming,12,ET0720,9,0.24354902174232518,0.28214841528285534,0.2639681213689342,0.45333644850510624,0.5461766895172834,-1.7580854394464467,0.21564023360815499,0.254072285753783,0.4031626637173632
crop_farming,12,ET0721,9,0.5822775883491084,0.7780309774799884,-1.8045963925235582,0.4338587112299965,0.6441108646834116,-0.9221967689203061,0.5493284954237372,0.6892372096744389,-1.2009695005424645
crop_farming,12,ET0722,9,0.7725338413055284,0.8814730557723903,-2.3726452148700186,0.34642200660980804,0.5564999678826389,-0.3442587187388466,0.6304421805509752,0.7722225380247919,-1.5884365297830687
crop_farming,12,ET0723,9,0.6193061839599243,0.7405931740951497,-1.2433201259530393,0.7696513535220113,1.086492599446172,-3.828201512963182,0.6144522062643077,0.7498349201202202,-1.2996575389623062
crop_farming,12,ET0724,9,0.07320662341213602,0.0797605592724082,-26.661164902995836,0.02249293814302342,0.027409502392531024,-2.2666032289926608,0.04405823582961599,0.063062483832663,-16.291641747498367
crop_farming,12,ET1101,9,0.057603809568617076,0.06197395222221846,0.0,0.0,0.0,1.0,0.0,0.0,1.0
crop_farming,12,ET1102,9,0.03401738596927159,0.03685817463096453,-38672.77812040724,0.0001912045407850529,0.0002646118019109117,-0.9932757119438196,0.0004355537198740884,0.0004695205069793224,-5.275640909913101
crop_farming,12,ET1103,9,0.11027474279112405,0.1370635827731622,-16650.821495670734,0.0011355001083986041,0.0017032501625979062,-1.5714285714285716,0.0005677500541993021,0.0012043797400300691,-0.2857142857142858
crop_farming,12,ET1104,9,0.5681199014088639,0.6823687670038681,-0.6281270999722102,0.6559670269048521,0.7964564630453781,-1.2180641683430626,0.6116535864381474,0.7432462088665004,-0.9315921410982722
crop_farming,12,ET1105,9,0.06503880013219125,0.07057676510500885,-0.1846261858818119,0.035869131004452645,0.07383151667833221,-0.29640713106851035,0.036489142374518786,0.07425287192653827,-0.31124650284767563
crop_farming,12,ET1106,9,0.03311952308095521,0.04509429224389251,-3.455132092817834,0.02882835465092801,0.035223084255925206,-1.7181423577784032,0.021209727536286114,0.02503244530009677,-0.37285284098256555
crop_farming,12,ET1202,9,0.2971896396993712,0.3512227542349519,-24.90971232070482,0.08386466113445598,0.11217227587134825,-1.6428247497693729,0.04754271165829733,0.08092077612803945,-0.3753631417614378
crop_farming,12,ET1203,9,0.09688235306250569,0.13130352677386514,-72867.79665836046,0.0005199978714354674,0.0007799968071532012,-1.5714285714285712,0.0002599989357177337,0.0005515410316418843,-0.2857142857142856
crop_farming,12,ET1204,9,0.1127276341302865,0.13552072645307586,-297.5602646710465,0.008817044392208798,0.01142855760746706,-1.1232611264197958,0.005498224264748799,0.007975922240497542,-0.03414726466624285
crop_farming,12,ET1301,9,0.12342278263455812,0.17004186921662548,-41.71033804478009,0.06190488753283262,0.08065953668481622,-8.610206377056778,0.2286948060382908,0.2583191149499834,-97.56763948318051
crop_farming,12,ET1401,9,0.07636722041666566,0.08294537636779335,-847060.3518525064,9.634534186670546e-05,0.0001445180128000582,-1.5714285714285712,4.817267093335273e-05,0.00010218966685452542,-0.2857142857142856
crop_farming,12,ET1501,9,0.578433480994397,0.6205009059892266,-5.683395744002973,0.3391965234891929,0.4675971840107567,-2.795387404617645,0.7857195197306025,0.8594214612521028,-11.821083452660309
crop_farming,12,ET1502,9,0.38157465264756063,0.463747295136023,-0.5300483574046653,0.442535059466709,0.5317198550749095,-1.0114448673448204,0.3757683432560246,0.42608053541668306,-0.2915932525353018
crop_farming,12,ET1600,9,0.281869690038934,0.3462369816102324,0.15059733675875087,0.5679216448826269,0.6610681059418458,-2.0964147059879834,0.2769600701848969,0.3251642003946487,0.25084417221793964
pastoral,0,ET0201,9,0.18615345540523479,0.246555121340934,0.6549519674503654,0.260410606180529,0.3145421759147645,0.43842305091565315,0.4777336811431254,0.595122494361105,-1.010315547712072
pastoral,0,ET0202,9,0.497019045965921,0.5819495576476829,-0.5624773369390035,0.3005374752851057,0.420161103679156,0.1855306747905875,0.7400512415579339,0.8704380455968146,-2.4955761884054786
pastoral,0,ET0203,9,0.4236501471920079,0.5196848431312833,0.2355056073104287,0.40915369112594346,0.5563606674321124,0.12379234703328978,0.50417184246259,0.673110546573692,-0.2825284088591704
pastoral,0,ET0204,9,0.6869209463605129,0.817917079558787,-0.41515268541095884,0.4257905846846547,0.5847980192200324,0.27656997190757204,0.9777081881932881,1.156470226428918,-1.829134912445849
pastoral,0,ET0205,9,0.3743909330918006,0.521413240587524,-0.5578573131427038,0.45742271470233375,0.6605253675138774,-1.5000147415230418,0.35610686877347747,0.5022909935611047,-0.44568724322276787
pastoral,0,ET0411,9,0.20627693011461015,0.24470758615144406,0.5233334479422671,0.36319371302929254,0.4203831071956298,-0.4067286220808657,0.2994621595432143,0.39244054270500484,-0.2259352914814341
pastoral,0,ET0412,9,0.5478084859944078,0.6339274711006943,0.188810191521664,0.3059003014955986,0.3743839046671166,0.7170708595284798,0.7648078746051374,0.9974386860642294,-1.0082406711672025
pastoral,0,ET0414,9,0.3300146832167807,0.37666822121851967,0.22198337666333412,0.3647992575730059,0.42684634651814163,0.0008882853346132702,0.5361315660668383,0.64870922087999,-1.3076559300687056
pastoral,0,ET0415,9,0.3560366754700361,0.47230994855518504,-0.3642604028730718,0.35939213127978015,0.481349711035175,-0.4169826022007934,0.5372170210737802,0.6574734046842197,-1.643622667573747
pastoral,0,ET0421,9,0.29209207647950913,0.3662389417158516,0.428080686839718,0.28941486437572117,0.3757325539389116,0.3980459084747989,0.7270266271711008,0.837174234058473,-1.9883910609450393
pastoral,0,ET0501,9,0.23614604862728245,0.3138807642920215,0.05694833519771225,0.3375770383046086,0.43803419328192034,-0.8366318424109653,0.3832104215183645,0.4256105704541339,-0.7339273393663053
pastoral,0,ET0503,9,0.43674178451637974,0.5292845990236352,-0.5293756189772529,0.42641509882171424,0.6152281853307086,-1.0663700335095125,0.42209887884724245,0.44625350597865143,-0.08717368154564675
pastoral,0,ET0504,9,0.1671963355346928,0.20894026237353183,-1.4713917335742326,0.13920422560442608,0.21168292999330787,-1.5366993318533253,0.4144783508827026,0.4422831689169043,-10.073837427858253
pastoral,0,ET0505,9,0.4794414898025092,0.5466752347449859,-0.3657750343795394,0.5118612828871035,0.634921029446034,-0.8422976284432697,0.44337422347179495,0.49484663933818207,-0.11908125168035033
pastoral,0,ET0506,9,0.2776344584019785,0.3382843138371564,-0.17890005005768717,0.1894150603912507,0.2883152309312585,0.14365564909029427,0.586255253608991,0.6622438713127438,-3.518030533051501
pastoral,0,ET0507,9,0.5751439254787548,0.6304910775092019,-0.37814976689329693,0.6365519688914341,0.7760778349604897,-1.0880893872787643,0.4925118974840953,0.5719793826542149,-0.13422515623350884
pastoral,0,ET0508,9,0.5348876788588929,0.6162141679753308,0.23915164762785923,0.32499518580297126,0.5403083288478997,0.41505090930774213,0.8411827859273726,0.9913363281167008,-0.9691408811890698
pastoral,0,ET0509,9,0.6113333451819137,0.6776463591170597,-0.18605647292775296,0.30653516273004733,0.49131818811632866,0.3765166895786697,0.7807403938834607,0.9760038446475016,-1.4603801035459427
pastoral,0,ET0510,9,0.2905001164753774,0.33808906808219963,-1.0557663399704862,0.16900865697278888,0.3486069688386219,-1.1856651294250118,0.5144939151041462,0.5261986736168028,-3.979789581787431
pastoral,0,ET0511,9,0.49935694653663926,0.5782738817535836,-0.28356424937445013,0.18819376623954748,0.37012422994585853,0.474169841411862,0.6672122159710222,0.8409180299456431,-1.71429961963368
pastoral,1,ET0201,9,0.25334521309967833,0.3152876986617494,0.43575781501202293,0.260410606180529,0.3145421759147645,0.43842305091565315,0.4777336811431254,0.595122494361105,-1.010315547712072
pastoral,1,ET0202,9,0.49264374714796855,0.6062384504707765,-0.695625728780026,0.3005374752851057,0.420161103679156,0.1855306747905875,0.7400512415579339,0.8704380455968146,-2.4955761884054786
pastoral,1,ET0203,9,0.3899232367939179,0.4923106082211399,0.3139234252551414,0.40915369112594346,0.5563606674321124,0.12379234703328978,0.50417184246259,0.673110546573692,-0.2825284088591704
pastoral,1,ET0204,9,0.72901035565888,0.847546811783465,-0.5195399923428159,0.4257905846846547,0.5847980192200324,0.27656997190757204,0.9777081881932881,1.156470226428918,-1.829134912445849
pastoral,1,ET0205,9,0.38811920398365435,0.535866021743109,-0.6454171023494522,0.45742271470233375,0.6605253675138774,-1.5000147415230418,0.35610686877347747,0.5022909935611047,-0.44568724322276787
pastoral,1,ET0411,9,0.23480662710896777,0.2696046878120953,0.42140498067868115,0.36319371302929254,0.4203831071956298,-0.4067286220808657,0.2994621595432143,0.39244054270500484,-0.2259352914814341
pastoral,1,ET0412,9,0.5923253937923272,0.7089798466261671,-0.014637995689924743,0.3059003014955986,0.3743839046671166,0.7170708595284798,0.7648078746051374,0.9974386860642294,-1.0082406711672025
pastoral,1,ET0414,9,0.3993912843299941,0.4340372459393362,-0.03305849257405846,0.3647992575730059,0.42684634651814163,0.0008882853346132702,0.5361315660668383,0.64870922087999,-1.3076559300687056
pastoral,1,ET0415,9,0.3227586812624216,0.4525598923088436,-0.2525504054860932,0.35939213127978015,0.481349711035175,-0.4169826022007934,0.5372170210737802,0.6574734046842197,-1.643622667573747
pastoral,1,ET0421,9,0.3503270197634379,0.3990535277718141,0.32100272606874924,0.28941486437572117,0.3757325539389116,0.3980459084747989,0.7270266271711008,0.837174234058473,-1.9883910609450393
pastoral,1,ET0501,9,0.22691966882677392,0.25957896276469994,0.3550217513404206,0.3375770383046086,0.43803419328192034,-0.8366318424109653,0.3832104215183645,0.4256105704541339,-0.7339273393663053
pastoral,1,ET0503,9,0.4553940911790452,0.5419857910658423,-0.6036568738453989,0.42641509882171424,0.6152281853307086,-1.0663700335095125,0.42209887884724245,0.44625350597865143,-0.08717368154564675
pastoral,1,ET0504,9,0.2677833856547286,0.2821039578380141,-3.5052166107391125,0.13920422560442608,0.21168292999330787,-1.5366993318533253,0.4144783508827026,0.4422831689169043,-10.073837427858253
pastoral,1,ET0505,9,0.42957936991589896,0.5017862954760524,-0.15068899980855455,0.5118612828871035,0.634921029446034,-0.8422976284432697,0.44337422347179495,0.49484663933818207,-0.11908125168035033
pastoral,1,ET0506,9,0.30890910616215167,0.3612033603897214,-0.3440543474637947,0.1894150603912507,0.2883152309312585,0.14365564909029427,0.586255253608991,0.6622438713127438,-3.518030533051501
pastoral,1,ET0507,9,0.4447232671552549,0.5244277443180385,0.04652382602690264,0.6365519688914341,0.7760778349604897,-1.0880893872787643,0.4925118974840953,0.5719793826542149,-0.13422515623350884
pastoral,1,ET0508,9,0.5338211000998054,0.6252145330344039,0.21676357781622047,0.32499518580297126,0.5403083288478997,0.41505090930774213,0.8411827859273726,0.9913363281167008,-0.9691408811890698
pastoral,1,ET0509,9,0.5965463599965024,0.6778481762562085,-0.18676304255709386,0.30653516273004733,0.49131818811632866,0.3765166895786697,0.7807403938834607,0.9760038446475016,-1.4603801035459427
pastoral,1,ET0510,9,0.29576686236059063,0.3386167863215371,-1.0621889792754016,0.16900865697278888,0.3486069688386219,-1.1856651294250118,0.5144939151041462,0.5261986736168028,-3.979789581787431
pastoral,1,ET0511,9,0.574426909180623,0.6674407427788533,-0.7099203668687013,0.18819376623954748,0.37012422994585853,0.474169841411862,0.6672122159710222,0.8409180299456431,-1.71429961963368
pastoral,2,ET0201,9,0.19316963530019915,0.2610272729496485,0.6132562786140805,0.260410606180529,0.3145421759147645,0.43842305091565315,0.4777336811431254,0.595122494361105,-1.010315547712072
pastoral,2,ET0202,9,0.5017027259704647,0.6007375859039453,-0.6649939200052446,0.3005374752851057,0.420161103679156,0.1855306747905875,0.7400512415579339,0.8704380455968146,-2.4955761884054786
pastoral,2,ET0203,9,0.4136049975705362,0.49760557008010764,0.29908610532358837,0.40915369112594346,0.5563606674321124,0.12379234703328978,0.50417184246259,0.673110546573692,-0.2825284088591704
pastoral,2,ET0204,9,0.6670390091216079,0.8287236427649974,-0.452794555808089,0.4257905846846547,0.5847980192200324,0.27656997190757204,0.9777081881932881,1.156470226428918,-1.829134912445849
pastoral,2,ET0205,9,0.2948171031230302,0.40704153084314687,0.05061795767470345,0.45742271470233375,0.6605253675138774,-1.5000147415230418,0.35610686877347747,0.5022909935611047,-0.44568724322276787
pastoral,2,ET0411,9,0.2846092848574193,0.322180243195464,0.17373830006708368,0.36319371302929254,0.4203831071956298,-0.4067286220808657,0.2994621595432143,0.39244054270500484,-0.2259352914814341
pastoral,2,ET0412,9,0.5137929894225491,0.6237190975018246,0.21472562676528983,0.3059003014955986,0.3743839046671166,0.7170708595284798,0.7648078746051374,0.9974386860642294,-1.0082406711672025
pastoral,2,ET0414,9,0.3219496979415121,0.3637770808596693,0.27432596962998246,0.3647992575730059,0.42684634651814163,0.0008882853346132702,0.5361315660668383,0.64870922087999,-1.3076559300687056
pastoral,2,ET0415,9,0.32437926532648137,0.4443084869676855,-0.2072919507788198,0.35939213127978015,0.481349711035175,-0.4169826022007934,0.5372170210737802,0.6574734046842197,-1.643622667573747
pastoral,2,ET0421,9,0.2680660992168979,0.3390650509350407,0.5098017277156222,0.28941486437572117,0.3757325539389116,0.3980459084747989,0.7270266271711008,0.837174234058473,-1.9883910609450393
pastoral,2,ET0501,9,0.21502557520732132,0.3311231025615282,-0.04950629669569806,0.3375770383046086,0.43803419328192034,-0.8366318424109653,0.3832104215183645,0.4256105704541339,-0.7339273393663053
pastoral,2,ET0503,9,0.44919026294590225,0.5556353671607341,-0.6854482060903071,0.42641509882171424,0.6152281853307086,-1.0663700335095125,0.42209887884724245,0.44625350597865143,-0.08717368154564675
pastoral,2,ET0504,9,0.2188149910573572,0.24912885152175568,-2.5135437859655645,0.13920422560442608,0.21168292999330787,-1.5366993318533253,0.4144783508827026,0.4422831689169043,-10.073837427858253
pastoral,2,ET0505,9,0.4820014165772759,0.5415993235663784,-0.340530180582703,0.5118612828871035,0.634921029446034,-0.8422976284432697,0.44337422347179495,0.49484663933818207,-0.11908125168035033
pastoral,2,ET0506,9,0.2694131740829386,0.3242867828420405,-0.08335742037739813,0.1894150603912507,0.2883152309312585,0.14365564909029427,0.586255253608991,0.6622438713127438,-3.518030533051501
pastoral,2,ET0507,9,0.6120573733886397,0.6913052188653709,-0.656830943802664,0.6365519688914341,0.7760778349604897,-1.0880893872787643,0.4925118974840953,0.5719793826542149,-0.13422515623350884
pastoral,2,ET0508,9,0.49936188006128546,0.5921454453391907,0.2974268767164714,0.32499518580297126,0.5403083288478997,0.41505090930774213,0.8411827859273726,0.9913363281167008,-0.9691408811890698
pastoral,2,ET0509,9,0.5982935973079716,0.681671414288403,-0.20018809396279424,0.30653516273004733,0.49131818811632866,0.3765166895786697,0.7807403938834607,0.9760038446475016,-1.4603801035459427
pastoral,2,ET0510,9,0.28124126341073447,0.32564417699103226,-0.9072082983398226,0.16900865697278888,0.3486069688386219,-1.1856651294250118,0.5144939151041462,0.5261986736168028,-3.979789581787431
pastoral,2,ET0511,9,0.5116834838113602,0.6059431569467303,-0.4093349689646706,0.18819376623954748,0.37012422994585853,0.474169841411862,0.6672122159710222,0.8409180299456431,-1.71429961963368
pastoral,3,ET0201,9,0.25128711127284575,0.3472492467943316,0.31556198305189165,0.260410606180529,0.3145421759147645,0.43842305091565315,0.4777336811431254,0.595122494361105,-1.010315547712072
pastoral,3,ET0202,9,0.5632753994847568,0.6830317357989776,-1.1524090413414716,0.3005374752851057,0.420161103679156,0.1855306747905875,0.7400512415579339,0.8704380455968146,-2.4955761884054786
pastoral,3,ET0203,9,0.4961974716241535,0.5900739972423762,0.01438533391211394,0.40915369112594346,0.5563606674321124,0.12379234703328978,0.50417184246259,0.673110546573692,-0.2825284088591704
pastoral,3,ET0204,9,0.7136207614689555,0.8705588065534018,-0.6031751481371992,0.4257905846846547,0.5847980192200324,0.27656997190757204,0.9777081881932881,1.156470226428918,-1.829134912445849
pastoral,3,ET0205,9,0.3330861706521395,0.49069335568715344,-0.3796976404019903,0.45742271470233375,0.6605253675138774,-1.5000147415230418,0.35610686877347747,0.5022909935611047,-0.44568724322276787
pastoral,3,ET0411,9,0.24635571260535766,0.3016818043983063,0.27553393698890183,0.36319371302929254,0.4203831071956298,-0.4067286220808657,0.2994621595432143,0.39244054270500484,-0.2259352914814341
pastoral,3,ET0412,9,0.5906524900956313,0.7283817932329201,-0.0709310349179586,0.3059003014955986,0.3743839046671166,0.7170708595284798,0.7648078746051374,0.9974386860642294,-1.0082406711672025
pastoral,3,ET0414,9,0.2857376794319759,0.3188073405360749,0.44265059865053114,0.3647992575730059,0.42684634651814163,0.0008882853346132702,0.5361315660668383,0.64870922087999,-1.3076559300687056
pastoral,3,ET0415,9,0.40928699041974625,0.5629790265238567,-0.9383291123756634,0.35939213127978015,0.481349711035175,-0.4169826022007934,0.5372170210737802,0.6574734046842197,-1.643622667573747
pastoral,3,ET0421,9,0.4382229032176548,0.4768546038895834,0.030433321148100823,0.28941486437572117,0.3757325539389116,0.3980459084747989,0.7270266271711008,0.837174234058473,-1.9883910609450393
pastoral,3,ET0501,9,0.32074532917809045,0.4559624696637209,-0.9900513270525166,0.3375770383046086,0.43803419328192034,-0.8366318424109653,0.3832104215183645,0.4256105704541339,-0.7339273393663053
pastoral,3,ET0503,9,0.5269863964401101,0.6357104250805053,-1.206247929369539,0.42641509882171424,0.6152281853307086,-1.0663700335095125,0.42209887884724245,0.44625350597865143,-0.08717368154564675
pastoral,3,ET0504,9,0.3054901669113495,0.36457595514231983,-6.524425780676118,0.13920422560442608,0.21168292999330787,-1.5366993318533253,0.4144783508827026,0.4422831689169043,-10.073837427858253
pastoral,3,ET0505,9,0.4489791464538949,0.5365833326610867,-0.3158146777010187,0.5118612828871035,0.634921029446034,-0.8422976284432697,0.44337422347179495,0.49484663933818207,-0.11908125168035033
pastoral,3,ET0506,9,0.37640202796138367,0.4264992547027874,-0.8739147043472519,0.1894150603912507,0.2883152309312585,0.14365564909029427,0.586255253608991,0.6622438713127438,-3.518030533051501
pastoral,3,ET0507,9,0.570515823494095,0.6796061462563092,-0.6012278010292456,0.6365519688914341,0.7760778349604897,-1.0880893872787643,0.4925118974840953,0.5719793826542149,-0.13422515623350884
pastoral,3,ET0508,9,0.6085816695662903,0.6763194961581449,0.08348714739622998,0.32499518580297126,0.5403083288478997,0.41505090930774213,0.8411827859273726,0.9913363281167008,-0.9691408811890698
pastoral,3,ET0509,9,0.6164645898413376,0.6968026260610599,-0.25406112997522734,0.30653516273004733,0.49131818811632866,0.3765166895786697,0.7807403938834607,0.9760038446475016,-1.4603801035459427
pastoral,3,ET0510,9,0.2962616446004685,0.378628742635551,-1.5783308955378623,0.16900865697278888,0.3486069688386219,-1.1856651294250118,0.5144939151041462,0.5261986736168028,-3.979789581787431
pastoral,3,ET0511,9,0.5308980821126754,0.6202937866893854,-0.4768803744484271,0.18819376623954748,0.37012422994585853,0.474169841411862,0.6672122159710222,0.8409180299456431,-1.71429961963368
pastoral,4,ET0201,9,0.2856429166379143,0.383315829833495,0.16600200034256696,0.2779246997284173,0.3972083568908893,0.10445326748550543,0.4777336811431254,0.595122494361105,-1.010315547712072
pastoral,4,ET0202,9,0.5737981465959394,0.6833072326653787,-1.1541457147723593,0.4406134783966463,0.5099076910774665,-0.19957157777684342,0.7400512415579339,0.8704380455968146,-2.4955761884054786
pastoral,4,ET0203,9,0.5285362630475272,0.6143839481652511,-0.06849851800427831,0.47380227453617363,0.6085124790979081,-0.048173513215311825,0.50417184246259,0.673110546573692,-0.2825284088591704
pastoral,4,ET0204,9,0.7040881436939548,0.859389539454439,-0.5623015794200898,0.5124755060130403,0.6361882629739599,0.14383779785183037,0.9777081881932881,1.156470226428918,-1.829134912445849
pastoral,4,ET0205,9,0.3412844362805144,0.47271974444693055,-0.28047484503995945,0.3658127052782008,0.5865244266454361,-0.9712230737562266,0.35610686877347747,0.5022909935611047,-0.44568724322276787
pastoral,4,ET0411,9,0.20617733805739705,0.26630103711723496,0.4354979442872551,0.38132785960599563,0.4564718433717297,-0.6586234462151235,0.2994621595432143,0.39244054270500484,-0.2259352914814341
pastoral,4,ET0412,9,0.6015897834661961,0.7024076639110937,0.004086030508490102,0.48361043292473016,0.5773952278327196,0.327039270998982,0.7648078746051374,0.9974386860642294,-1.0082406711672025
pastoral,4,ET0414,9,0.2853075545819709,0.34025862637656523,0.3651235716589978,0.3732282030956188,0.44556404762433366,-0.08865731517427933,0.5361315660668383,0.64870922087999,-1.3076559300687056
pastoral,4,ET0415,9,0.3994334618262827,0.5018000193941085,-0.5399422505524716,0.41741365870104896,0.49801822378719834,-0.5168182912171853,0.5372170210737802,0.6574734046842197,-1.643622667573747
pastoral,4,ET0421,9,0.5183382347614712,0.5546744847046691,-0.31184371477577466,0.3251965395955469,0.405802649048573,0.2978409832383999,0.7270266271711008,0.837174234058473,-1.9883910609450393
pastoral,4,ET0501,9,0.3008715462915339,0.3719743149047367,-0.324439084354085,0.36484975671056774,0.4791118024501739,-1.1972517651400771,0.3832104215183645,0.4256105704541339,-0.7339273393663053
pastoral,4,ET0503,9,0.4837145369532123,0.5305489966633675,-0.5366913378250726,0.6148863237631859,0.7463971837876419,-2.041414641388145,0.42209887884724245,0.44625350597865143,-0.08717368154564675
pastoral,4,ET0504,9,0.29034589823967794,0.3040312671876169,-4.232796160742254,0.09632814627676077,0.18174947722760537,-0.8700088373723416,0.4144783508827026,0.4422831689169043,-10.073837427858253
pastoral,4,ET0505,9,0.4712902234925591,0.5362369788823367,-0.31411656196258786,0.6125199386289333,0.7515412391234353,-1.5812258311384557,0.44337422347179495,0.49484663933818207,-0.11908125168035033
pastoral,4,ET0506,9,0.3416976477440473,0.40535061198525,-0.6926802696117345,0.24761701304326517,0.35148771303759324,-0.2727220309423404,0.586255253608991,0.6622438713127438,-3.518030533051501
pastoral,4,ET0507,9,0.5429197355527337,0.625197987578304,-0.35510725017993283,0.5490594420470676,0.7266113802960176,-0.8303869770134971,0.4925118974840953,0.5719793826542149,-0.13422515623350884
pastoral,4,ET0508,9,0.612133232193447,0.6811916710477623,0.07023454935503493,0.6278095738306799,0.7623763653650758,-0.16459144111561308,0.8411827859273726,0.9913363281167008,-0.9691408811890698
pastoral,4,ET0509,9,0.6615466821264938,0.7586371290227594,-0.48650829676147533,0.4853518975779749,0.6412013908390933,-0.06191085663919904,0.7807403938834607,0.9760038446475016,-1.4603801035459427
pastoral,4,ET0510,9,0.3367468527206562,0.40922230150447675,-2.0118274095371325,0.17598730578831834,0.3558392760422432,-1.277294819545327,0.5144939151041462,0.5261986736168028,-3.979789581787431
pastoral,4,ET0511,9,0.5364930562431365,0.6375673494153503,-0.5602801876388734,0.3014705652904599,0.4986647619924337,0.04551783574151169,0.6672122159710222,0.8409180299456431,-1.71429961963368
pastoral,8,ET0201,9,0.4679203781456756,0.5545403062202503,-0.745491488164397,0.3622327445397151,0.45054683777012905,-0.1522093397644,0.4777336811431254,0.595122494361105,-1.010315547712072
pastoral,8,ET0202,9,0.7077175868999857,0.8825472139245565,-2.5935106685870433,0.5469642033320904,0.6032056696508622,-0.6787030202534561,0.7400512415579339,0.8704380455968146,-2.4955761884054786
pastoral,8,ET0203,9,0.5947162689258112,0.6857713200127555,-0.3312292142858817,0.5462716477924485,0.7825407103887893,-0.7334370854266299,0.50417184246259,0.673110546573692,-0.2825284088591704
pastoral,8,ET0204,9,0.8893068294739874,1.0677219920768197,-1.4115769361499169,0.75890953427653,0.904076305670788,-0.7289997086782352,0.9777081881932881,1.156470226428918,-1.829134912445849
pastoral,8,ET0205,9,0.27909661046995,0.47879144490393744,-0.31357940385086946,0.13611818317637223,0.31806091717123036,0.42032552054417227,0.35610686877347747,0.5022909935611047,-0.44568724322276787
pastoral,8,ET0411,9,0.2663238155447492,0.3303582868993882,0.13125919099044336,0.2743947243638656,0.3925900801206556,-0.2268697419393384,0.2994621595432143,0.39244054270500484,-0.2259352914814341
pastoral,8,ET0412,9,0.7774199991277221,0.9724885090584152,-0.9090279987671075,0.6239348893708477,0.7196248331333236,-0.0453353201772666,0.7648078746051374,0.9974386860642294,-1.0082406711672025
pastoral,8,ET0414,9,0.3867763446153279,0.44740502683264904,-0.09767211767077777,0.35523257746635095,0.4278556900456171,-0.0038424064669768665,0.5361315660668383,0.64870922087999,-1.3076559300687056
pastoral,8,ET0415,9,0.47955396438331693,0.6192197775341398,-1.344945346836231,0.42065607621167894,0.5159348038021183,-0.6279187972130711,0.5372170210737802,0.6574734046842197,-1.643622667573747
pastoral,8,ET0421,9,0.7495701626331752,0.8240663055901767,-1.8955431139734809,0.43347507914993677,0.5305064559317776,-0.20001608794876513,0.7270266271711008,0.837174234058473,-1.9883910609450393
pastoral,8,ET0501,9,0.3260160438450414,0.3742629369449066,-0.3407868003515673,0.32192909890767935,0.3898591470368144,-0.45486112635812925,0.3832104215183645,0.4256105704541339,-0.7339273393663053
pastoral,8,ET0503,9,0.47939482519120946,0.5226650113345904,-0.4913600473888611,0.44371472855459465,0.6324163031375174,-1.1834425145468899,0.42209887884724245,0.44625350597865143,-0.08717368154564675
pastoral,8,ET0504,9,0.24870344756958884,0.29126708717093097,-3.802641214838885,0.1396851957509043,0.21215534906979794,-1.5480344205313008,0.4144783508827026,0.4422831689169043,-10.073837427858253
pastoral,8,ET0505,9,0.4143248261454392,0.5055089481932218,-0.16782579774947504,0.5202195903297839,0.6955528034315542,-1.210958446294137,0.44337422347179495,0.49484663933818207,-0.11908125168035033
pastoral,8,ET0506,9,0.4885191595124905,0.5699681951029272,-2.346682481023755,0.3119007810977861,0.38586065746552584,-0.5338195388460198,0.586255253608991,0.6622438713127438,-3.518030533051501
pastoral,8,ET0507,9,0.4839470589576816,0.5600415823770987,-0.08737432454219873,0.5405809056180281,0.8435107145090084,-1.4667193068310738,0.4925118974840953,0.5719793826542149,-0.13422515623350884
pastoral,8,ET0508,9,0.7880074919302498,0.8905962630679085,-0.5892655986709825,0.6397036654043712,0.7729061321705843,-0.19698374200902746,0.8411827859273726,0.9913363281167008,-0.9691408811890698
pastoral,8,ET0509,9,0.7961301979541734,0.9071004199151863,-1.1252493178488168,0.5016771179126285,0.6620810595932151,-0.13219563849170402,0.7807403938834607,0.9760038446475016,-1.4603801035459427
pastoral,8,ET0510,9,0.5903070470907316,0.6050039185964198,-5.583060848409856,0.1572144145368892,0.3204483746036866,-0.8468330606249315,0.5144939151041462,0.5261986736168028,-3.979789581787431
pastoral,8,ET0511,9,0.7444515107625778,0.8541520008717792,-1.8004046014130028,0.4117778710676442,0.5992367266576762,-0.37831125796917364,0.6672122159710222,0.8409180299456431,-1.71429961963368
pastoral,12,ET0201,9,0.4425245083178207,0.5193041496274948,-0.5307176342807831,0.37887605874986263,0.5166328277597285,-0.5150099901217995,0.4777336811431254,0.595122494361105,-1.010315547712072
pastoral,12,ET0202,9,0.7302340379667585,0.8731697867831997,-2.5175513159173404,0.47472115466742715,0.5868010393940077,-0.5886374302900736,0.7400512415579339,0.8704380455968146,-2.4955761884054786
pastoral,12,ET0203,9,0.560360786553936,0.6510793934609577,-0.19994710869897503,0.6697572030920644,0.8586445858409512,-1.086993396183416,0.50417184246259,0.673110546573692,-0.2825284088591704
pastoral,12,ET0204,9,0.9569524780123277,1.1291729869763194,-1.697153760863261,0.7218679106978154,0.9098268719763632,-0.7510649896785571,0.9777081881932881,1.156470226428918,-1.829134912445849
pastoral,12,ET0205,9,0.3531985041000462,0.4619685358775079,-0.2228927249201007,0.34264731252946595,0.5666014059629293,-0.8395807760280487,0.35610686877347747,0.5022909935611047,-0.44568724322276787
pastoral,12,ET0411,9,0.31222885248573046,0.34988572930355655,0.025521479190233953,0.4000460178400348,0.4583648749213294,-0.6724089058696585,0.2994621595432143,0.39244054270500484,-0.2259352914814341
pastoral,12,ET0412,9,0.708074524884558,0.901351810360775,-0.6399553045748787,0.7299428303286626,0.8857276135697928,-0.5835934991821967,0.7648078746051374,0.9974386860642294,-1.0082406711672025
pastoral,12,ET0414,9,0.4087517691699408,0.4823331280619537,-0.27574859056783607,0.5094221681318495,0.5857662828492413,-0.8815668526553921,0.5361315660668383,0.64870922087999,-1.3076559300687056
pastoral,12,ET0415,9,0.3797842386017066,0.5340878130969555,-0.7444897566030388,0.6107428092906342,0.6556947284896695,-1.6293383231017362,0.5372170210737802,0.6574734046842197,-1.643622667573747
pastoral,12,ET0421,9,0.7026404323237949,0.7969513877568701,-1.7081292263238703,0.537586284803282,0.6329953805141252,-0.7084678197703838,0.7270266271711008,0.837174234058473,-1.9883910609450393
pastoral,12,ET0501,9,0.376264719721235,0.42133449081056257,-0.699261069893909,0.4566081900002364,0.5530200649818451,-1.927439045285582,0.3832104215183645,0.4256105704541339,-0.7339273393663053
pastoral,12,ET0503,9,0.4126233974008856,0.4728872389852261,-0.22081775623173683,0.42324560618629525,0.6111585633936919,-1.039123129420438,0.42209887884724245,0.44625350597865143,-0.08717368154564675
pastoral,12,ET0504,9,0.24193341065559493,0.24940366908094713,-2.5212997411340807,0.11964446967762339,0.18962524633544012,-1.0355868384497526,0.4144783508827026,0.4422831689169043,-10.073837427858253
pastoral,12,ET0505,9,0.40481841512282907,0.5057020730735425,-0.16871828165194303,0.3571534138926697,0.4897312736426843,-0.09606433501603173,0.44337422347179495,0.49484663933818207,-0.11908125168035033
pastoral,12,ET0506,9,0.35629502600350027,0.46293721927767545,-1.2077884813493567,0.40402709825505795,0.4843349208680391,-1.4166003390603672,0.586255253608991,0.6622438713127438,-3.518030533051501
pastoral,12,ET0507,9,0.5021940010539679,0.5921815482852089,-0.21576116971733206,0.3267545208747564,0.552789667324957,-0.059396074514898034,0.4925118974840953,0.5719793826542149,-0.13422515623350884
pastoral,12,ET0508,9,0.6853978575308357,0.8409951954603557,-0.41716942879190944,0.564198311300943,0.7267057780020441,-0.058161539159147235,0.8411827859273726,0.9913363281167008,-0.9691408811890698
pastoral,12,ET0509,9,0.6705845372994697,0.8281376034929135,-0.7713490956672757,0.528745966172425,0.6800096002236458,-0.19434346478214004,0.7807403938834607,0.9760038446475016,-1.4603801035459427
pastoral,12,ET0510,9,0.6201612917467645,0.6239619349040827,-6.0020899666323375,0.16816329632949628,0.32166559911031695,-0.860890114292042,0.5144939151041462,0.5261986736168028,-3.979789581787431
pastoral,12,ET0511,9,0.5913181449195466,0.7204870971186096,-0.9925208412964446,0.41091138563815194,0.5996924739169678,-0.38040859420805506,0.6672122159710222,0.8409180299456431,-1.71429961963368
