lhz,lead,county,n,mae,rmse,r2,mae_baseline,rmse_baseline,r2_baseline,mae_baseline2,rmse_baseline2,r2_baseline2
ap,0,Adan Yabaal,8,0.6036305817598453,0.7067114407355362,0.34185187779098614,0.7252010758570252,0.92414117369671,-0.1254236633625807,0.6565348672358808,0.9054405239559581,-0.08033701981861041
ap,0,Afgooye,8,0.23920807629401544,0.2798165189311042,0.43220487147528763,0.32014047771526105,0.4615763409711579,-0.5450126634830104,0.7025130812705902,0.8191974690824492,-3.8665609506353986
ap,0,Alle,8,0.6554040312767029,0.7648967710017549,-1.3402682811556446,0.625,0.7905694150420949,-1.5,0.6356881759828258,0.8073052955133374,-1.6069673606555082
ap,0,Balcad,8,0.32188045368542473,0.3961063769362836,0.5661966181787355,0.4517880497075235,0.5939857917236483,0.024513241999761015,0.7481818187444008,0.964032284987113,-1.569522481999226
ap,0,Baraawe,8,0.6244577828145847,0.7765675412640735,-0.4214705492158004,0.7423008523448855,0.9847221051527503,-1.2856344445894874,0.7620128801472681,0.8856813917607944,-0.8489894724670977
ap,0,Baringo,8,0.15915521909442198,0.2470155698299529,0.73491301514251,0.18323261302401217,0.24821673904047306,0.7323286557398951,0.3845065566592665,0.5233937413660115,-0.1901365659695209
ap,0,Baydhaba,8,0.45030494034290314,0.5035539136616933,0.5122603299911362,0.6782448124796165,0.8324903851359178,-0.33307499219551273,0.5956731261931127,0.7617919473811234,-0.11626905093268491
ap,0,Buur Hakaba,8,0.4088596402532566,0.46018552066456353,0.553124350288659,0.6528584637200221,0.7902454595287244,-0.31778575710799517,0.583412012021926,0.7257798013144454,-0.11155394873027746
ap,0,Cadale,8,0.5581764524681369,0.7130719811980927,0.3210734063406123,0.7388313015549767,0.9328297267403858,-0.16187880988463155,0.6638122158244961,0.9135852295100142,-0.11443364555473678
ap,0,Ceel Dheer,8,0.3721706122159958,0.49380974785848003,0.571520073424755,0.5170801105803289,0.7324575500192129,0.05729440755858961,0.6468971207844689,0.7951039291962334,-0.11085906346827668
ap,0,Diinsoor,8,0.418056920170784,0.46808766514392713,0.6075827294790113,0.6630913941513921,0.8122948377292084,-0.18173773974785434,0.6353866711280352,0.7982083633249613,-0.14110672941275948
ap,0,Doolow,8,0.4264529377731394,0.4867853324889992,0.3509672417201817,0.4839851596356291,0.5590091371012879,0.1440873153926241,0.7307622372326813,0.9265813997900829,-1.351574842386754
ap,0,East Hararge,8,0.401498148337574,0.5231501703312113,-0.14638001521594424,0.5129072436211294,0.6608179305566053,-0.829108641095301,0.3512952747842144,0.43794488544561905,0.1966315318281857
ap,0,Fafan,8,0.14796074532828343,0.1931279375819319,0.5633459138032328,0.16608048884520576,0.32644330560466117,-0.24756406596586844,0.30700135145110075,0.37849890412295145,-0.6771680329747192
ap,0,Jilib,8,0.23798387790499587,0.31771744179447653,0.7873049880715178,0.4300414134440752,0.48105025988161704,0.5124085313328859,0.6029559226581314,0.8232583052425544,-0.42806321469568265
ap,0,Jowhar,8,0.3163237019362252,0.3506863869496644,0.4901485353815067,0.35540250049642846,0.47678852805480704,0.057551883871600595,0.8058463413465855,0.998694577836107,-3.1349593069437303
ap,0,Laikipia,8,0.26527022316788473,0.30646763561323104,-0.1301404151429939,0.2277263254849845,0.36283636046155254,-0.5841079533719207,0.3805293009220497,0.4145962820616607,-1.0683021189581798
ap,0,Luuq,8,0.2763255317176977,0.40620655489618773,0.49326998684057277,0.4196214037024218,0.4760292311264391,0.3040949033717869,0.6920916288999219,0.8613865216223835,-1.2786567918004224
ap,0,Nuwer,8,0.36262079095866695,0.3943592302364884,-2.3428394402989943,0.12892491409803924,0.2498700808085351,-0.3420231625765806,0.12845775891252686,0.2406310021143687,-0.24461392730399423
ap,0,Qansax Dheere,8,0.3676711171865463,0.4846705643238344,0.65332536038589,0.6275008682232996,0.7906643435775306,0.07740076121515771,0.7451677906785124,0.9098303085863579,-0.22165783388584992
ap,0,Rab Dhuure,8,0.5262470617096736,0.6055967775255047,0.6092239339298693,0.7015339470209352,0.8119924770703578,0.29747002891803664,0.9306630589630585,1.063170580747697,-0.20438890677336463
ap,0,South Omo,8,0.3499205236258067,0.3745140662209419,-0.8341425336549295,0.29509341890596896,0.34023256440297517,-0.5137305351912858,0.5642903960472165,0.6478775863015922,-4.488867228531513
ap,0,Tayeeglow,8,0.40510375800187937,0.4694349956869373,0.648761980716881,0.623816524008815,0.774159595556812,0.04476198661046249,0.7077341593006996,0.8135684746213404,-0.054966860715948807
ap,0,Waajid,8,0.42881089950573315,0.4969889193178598,0.6075904688713909,0.6336829165864579,0.7858265534204734,0.018931041141615257,0.6969604602624964,0.8085805487646631,-0.03870617819922351
ap,0,Xudur,8,0.4971267111763805,0.5704815217090878,0.5914727740211181,0.6935917053453848,0.7947864161708004,0.20706294572619488,0.8150490467794924,0.9375914030379335,-0.10348154533794651
ap,1,Adan Yabaal,8,0.5799542459482303,0.6452638756928037,0.4513263456963914,0.7252010758570252,0.92414117369671,-0.1254236633625807,0.6565348672358808,0.9054405239559581,-0.08033701981861041
ap,1,Afgooye,8,0.22971760123545984,0.27220021101438463,0.4626937673414099,0.32014047771526105,0.4615763409711579,-0.5450126634830104,0.7025130812705902,0.8191974690824492,-3.8665609506353986
ap,1,Alle,8,0.5961064100265503,0.7350951097007735,-1.1614592812239692,0.625,0.7905694150420949,-1.5,0.6356881759828258,0.8073052955133374,-1.6069673606555082
ap,1,Balcad,8,0.27299248619361516,0.39077007618945253,0.5778061875860084,0.4517880497075235,0.5939857917236483,0.024513241999761015,0.7481818187444008,0.964032284987113,-1.569522481999226
ap,1,Baraawe,8,0.7119800362087116,0.8175582624443222,-0.5754942481502241,0.7423008523448855,0.9847221051527503,-1.2856344445894874,0.7620128801472681,0.8856813917607944,-0.8489894724670977
ap,1,Baringo,8,0.24389676592280185,0.32966277562680124,0.5278504607013581,0.18323261302401217,0.24821673904047306,0.7323286557398951,0.3845065566592665,0.5233937413660115,-0.1901365659695209
ap,1,Baydhaba,8,0.5033270120620728,0.6032402793238892,0.30003424454527294,0.6782448124796165,0.8324903851359178,-0.33307499219551273,0.5956731261931127,0.7617919473811234,-0.11626905093268491
ap,1,Buur Hakaba,8,0.5029976813919057,0.5809518596677316,0.2878014529063949,0.6528584637200221,0.7902454595287244,-0.31778575710799517,0.583412012021926,0.7257798013144454,-0.11155394873027746
ap,1,Cadale,8,0.5775255907162159,0.6451565643328201,0.4442412394028551,0.7388313015549767,0.9328297267403858,-0.16187880988463155,0.6638122158244961,0.9135852295100142,-0.11443364555473678
ap,1,Ceel Dheer,8,0.39673881232738495,0.520654669064352,0.5236669692139364,0.5170801105803289,0.7324575500192129,0.05729440755858961,0.6468971207844689,0.7951039291962334,-0.11085906346827668
ap,1,Diinsoor,8,0.42619094252586365,0.5136368736389761,0.5274953284898167,0.6630913941513921,0.8122948377292084,-0.18173773974785434,0.6353866711280352,0.7982083633249613,-0.14110672941275948
ap,1,Doolow,8,0.6094860464843821,0.6455546451649259,-0.14145204500765063,0.4839851596356291,0.5590091371012879,0.1440873153926241,0.7307622372326813,0.9265813997900829,-1.351574842386754
ap,1,East Hararge,8,0.37138871624570846,0.5134686889876365,-0.10434252464109361,0.5129072436211294,0.6608179305566053,-0.829108641095301,0.3512952747842144,0.43794488544561905,0.1966315318281857
ap,1,Fafan,8,0.13258661750731923,0.17367317541445187,0.646887726432369,0.16608048884520576,0.32644330560466117,-0.24756406596586844,0.30700135145110075,0.37849890412295145,-0.6771680329747192
ap,1,Jilib,8,0.2965107710683337,0.37870258656601985,0.6978158134250787,0.4300414134440752,0.48105025988161704,0.5124085313328859,0.6029559226581314,0.8232583052425544,-0.42806321469568265
ap,1,Jowhar,8,0.2751446318371706,0.33977151456510996,0.5213921823752754,0.35540250049642846,0.47678852805480704,0.057551883871600595,0.8058463413465855,0.998694577836107,-3.1349593069437303
ap,1,Laikipia,8,0.28839743844134624,0.32749726150586456,-0.29056093850047016,0.2277263254849845,0.36283636046155254,-0.5841079533719207,0.3805293009220497,0.4145962820616607,-1.0683021189581798
ap,1,Luuq,8,0.39451271196473126,0.5441263690170796,0.09075207405743058,0.4196214037024218,0.4760292311264391,0.3040949033717869,0.6920916288999219,0.8613865216223835,-1.2786567918004224
ap,1,Nuwer,8,0.2644213638308288,0.28085806503221106,-0.695529287778754,0.12892491409803924,0.2498700808085351,-0.3420231625765806,0.12845775891252686,0.2406310021143687,-0.24461392730399423
ap,1,Qansax Dheere,8,0.36630699038505554,0.47948995364558283,0.6606969149364526,0.6275008682232996,0.7906643435775306,0.07740076121515771,0.7451677906785124,0.9098303085863579,-0.22165783388584992
ap,1,Rab Dhuure,8,0.5757678522866084,0.6156992823632491,0.5960774120507757,0.7015339470209352,0.8119924770703578,0.29747002891803664,0.9306630589630585,1.063170580747697,-0.20438890677336463
ap,1,South Omo,8,0.28706761942525283,0.317014326317147,-0.31417921052473896,0.29509341890596896,0.34023256440297517,-0.5137305351912858,0.5642903960472165,0.6478775863015922,-4.488867228531513
ap,1,Tayeeglow,8,0.44660264256055704,0.5185058635529091,0.5714929826711074,0.623816524008815,0.774159595556812,0.04476198661046249,0.7077341593006996,0.8135684746213404,-0.054966860715948807
ap,1,Waajid,8,0.4714191457129704,0.5317537702183276,0.55077151040505,0.6336829165864579,0.7858265534204734,0.018931041141615257,0.6969604602624964,0.8085805487646631,-0.03870617819922351
ap,1,Xudur,8,0.6167027183041424,0.6835316894770115,0.4135173767821375,0.6935917053453848,0.7947864161708004,0.20706294572619488,0.8150490467794924,0.9375914030379335,-0.10348154533794651
ap,2,Adan Yabaal,8,0.549174288176929,0.6437073213146622,0.45397025718896644,0.7252010758570252,0.92414117369671,-0.1254236633625807,0.6565348672358808,0.9054405239559581,-0.08033701981861041
ap,2,Afgooye,8,0.2939167508440719,0.3421195169596381,0.15120920003056781,0.32014047771526105,0.4615763409711579,-0.5450126634830104,0.7025130812705902,0.8191974690824492,-3.8665609506353986
ap,2,Alle,8,0.6091087609529495,0.7364308931481797,-1.1693218415321027,0.625,0.7905694150420949,-1.5,0.6356881759828258,0.8073052955133374,-1.6069673606555082
ap,2,Balcad,8,0.21234662220825948,0.2612864075921753,0.8112430719977578,0.4517880497075235,0.5939857917236483,0.024513241999761015,0.7481818187444008,0.964032284987113,-1.569522481999226
ap,2,Baraawe,8,0.7657542589403019,0.8893259291348811,-0.8642377909703594,0.7423008523448855,0.9847221051527503,-1.2856344445894874,0.7620128801472681,0.8856813917607944,-0.8489894724670977
ap,2,Baringo,8,0.26472847093787444,0.32014688477866526,0.5547147505020875,0.18323261302401217,0.24821673904047306,0.7323286557398951,0.3845065566592665,0.5233937413660115,-0.1901365659695209
ap,2,Baydhaba,8,0.5181054770946503,0.6005822482296876,0.30618911125142345,0.6782448124796165,0.8324903851359178,-0.33307499219551273,0.5956731261931127,0.7617919473811234,-0.11626905093268491
ap,2,Buur Hakaba,8,0.5296972392923345,0.5624509535851582,0.3324403078564191,0.6528584637200221,0.7902454595287244,-0.31778575710799517,0.583412012021926,0.7257798013144454,-0.11155394873027746
ap,2,Cadale,8,0.5957786787136524,0.8030767742072116,0.1388670482608937,0.7388313015549767,0.9328297267403858,-0.16187880988463155,0.6638122158244961,0.9135852295100142,-0.11443364555473678
ap,2,Ceel Dheer,8,0.44735877215862274,0.5175825312788043,0.5292716184688369,0.5170801105803289,0.7324575500192129,0.05729440755858961,0.6468971207844689,0.7951039291962334,-0.11085906346827668
ap,2,Diinsoor,8,0.4450288712978363,0.5291700619111672,0.49848462662323656,0.6630913941513921,0.8122948377292084,-0.18173773974785434,0.6353866711280352,0.7982083633249613,-0.14110672941275948
ap,2,Doolow,8,0.547981205633552,0.6025402951790423,0.005593759083995842,0.4839851596356291,0.5590091371012879,0.1440873153926241,0.7307622372326813,0.9265813997900829,-1.351574842386754
ap,2,East Hararge,8,0.3313705932476003,0.44030840186125825,0.18793683844373088,0.5129072436211294,0.6608179305566053,-0.829108641095301,0.3512952747842144,0.43794488544561905,0.1966315318281857
ap,2,Fafan,8,0.2225565488232197,0.30160304049629666,-0.06492434158078697,0.16608048884520576,0.32644330560466117,-0.24756406596586844,0.30700135145110075,0.37849890412295145,-0.6771680329747192
ap,2,Jilib,8,0.31914519811449904,0.43043323339479983,0.6096206991424973,0.4300414134440752,0.48105025988161704,0.5124085313328859,0.6029559226581314,0.8232583052425544,-0.42806321469568265
ap,2,Jowhar,8,0.24532708962581568,0.3134966874240779,0.5925523959351698,0.35540250049642846,0.47678852805480704,0.057551883871600595,0.8058463413465855,0.998694577836107,-3.1349593069437303
ap,2,Laikipia,8,0.23813987485034285,0.2603966468336027,0.18410561293334415,0.2277263254849845,0.36283636046155254,-0.5841079533719207,0.3805293009220497,0.4145962820616607,-1.0683021189581798
ap,2,Luuq,8,0.3840301026927281,0.5235223379340831,0.15830798401483148,0.4196214037024218,0.4760292311264391,0.3040949033717869,0.6920916288999219,0.8613865216223835,-1.2786567918004224
ap,2,Nuwer,8,0.27869643783595577,0.2826530294045516,-0.7172708026440981,0.12892491409803924,0.2498700808085351,-0.3420231625765806,0.12845775891252686,0.2406310021143687,-0.24461392730399423
ap,2,Qansax Dheere,8,0.4118596635616022,0.5189135348026019,0.6026083100745904,0.6275008682232996,0.7906643435775306,0.07740076121515771,0.7451677906785124,0.9098303085863579,-0.22165783388584992
ap,2,Rab Dhuure,8,0.5024814381401851,0.5625958788238445,0.6627484623357129,0.7015339470209352,0.8119924770703578,0.29747002891803664,0.9306630589630585,1.063170580747697,-0.20438890677336463
ap,2,South Omo,8,0.28983887777943984,0.3230596133288346,-0.3647784378113508,0.29509341890596896,0.34023256440297517,-0.5137305351912858,0.5642903960472165,0.6478775863015922,-4.488867228531513
ap,2,Tayeeglow,8,0.44291123750264993,0.4945214123506095,0.6102188826153891,0.623816524008815,0.774159595556812,0.04476198661046249,0.7077341593006996,0.8135684746213404,-0.054966860715948807
ap,2,Waajid,8,0.49852055812847484,0.5420119624532971,0.5332719754013919,0.6336829165864579,0.7858265534204734,0.018931041141615257,0.6969604602624964,0.8085805487646631,-0.03870617819922351
ap,2,Xudur,8,0.5436090804800838,0.5944016796603648,0.5564956363210914,0.6935917053453848,0.7947864161708004,0.20706294572619488,0.8150490467794924,0.9375914030379335,-0.10348154533794651
ap,3,Adan Yabaal,8,0.6174883439142163,0.7249422410042194,0.30745784428396183,0.7252010758570252,0.92414117369671,-0.1254236633625807,0.6565348672358808,0.9054405239559581,-0.08033701981861041
ap,3,Afgooye,8,0.2687224486428008,0.3185895660892105,0.2639487406658332,0.32014047771526105,0.4615763409711579,-0.5450126634830104,0.7025130812705902,0.8191974690824492,-3.8665609506353986
ap,3,Alle,8,0.6231128424406052,0.7829184547388484,-1.4518452270826643,0.625,0.7905694150420949,-1.5,0.6356881759828258,0.8073052955133374,-1.6069673606555082
ap,3,Balcad,8,0.34708238788648793,0.52780789391645,0.22976894058242947,0.4517880497075235,0.5939857917236483,0.024513241999761015,0.7481818187444008,0.964032284987113,-1.569522481999226
ap,3,Baraawe,8,0.7070394072032795,0.9167027038402182,-0.980780822655545,0.7423008523448855,0.9847221051527503,-1.2856344445894874,0.7620128801472681,0.8856813917607944,-0.8489894724670977
ap,3,Baringo,8,0.3021227859422232,0.3764398270878745,0.3843542595675643,0.18323261302401217,0.24821673904047306,0.7323286557398951,0.3845065566592665,0.5233937413660115,-0.1901365659695209
ap,3,Baydhaba,8,0.4965803921222687,0.541063583587417,0.4368906507182698,0.6782448124796165,0.8324903851359178,-0.33307499219551273,0.5956731261931127,0.7617919473811234,-0.11626905093268491
ap,3,Buur Hakaba,8,0.4409871249324787,0.5224210362882589,0.42408007565258843,0.6528584637200221,0.7902454595287244,-0.31778575710799517,0.583412012021926,0.7257798013144454,-0.11155394873027746
ap,3,Cadale,8,0.6259199876173466,0.7252546457879273,0.29767663750109397,0.7388313015549767,0.9328297267403858,-0.16187880988463155,0.6638122158244961,0.9135852295100142,-0.11443364555473678
ap,3,Ceel Dheer,8,0.48051774501800537,0.592509112154687,0.3831192318010531,0.5170801105803289,0.7324575500192129,0.05729440755858961,0.6468971207844689,0.7951039291962334,-0.11085906346827668
ap,3,Diinsoor,8,0.3912711590528488,0.47684400892945134,0.59276379663872,0.6630913941513921,0.8122948377292084,-0.18173773974785434,0.6353866711280352,0.7982083633249613,-0.14110672941275948
ap,3,Doolow,8,0.5115348121983693,0.5932620005490198,0.03598295378968819,0.4839851596356291,0.5590091371012879,0.1440873153926241,0.7307622372326813,0.9265813997900829,-1.351574842386754
ap,3,East Hararge,8,0.39228342586536,0.4760431204160824,0.05077656699838884,0.5129072436211294,0.6608179305566053,-0.829108641095301,0.3512952747842144,0.43794488544561905,0.1966315318281857
ap,3,Fafan,8,0.1659099921631567,0.22209469584619682,0.4225376197679779,0.16608048884520576,0.32644330560466117,-0.24756406596586844,0.30700135145110075,0.37849890412295145,-0.6771680329747192
ap,3,Jilib,8,0.2353299139582835,0.3072463965941379,0.8010935862027537,0.4300414134440752,0.48105025988161704,0.5124085313328859,0.6029559226581314,0.8232583052425544,-0.42806321469568265
ap,3,Jowhar,8,0.1736024721403056,0.24090003084803943,0.7594088948016949,0.35540250049642846,0.47678852805480704,0.057551883871600595,0.8058463413465855,0.998694577836107,-3.1349593069437303
ap,3,Laikipia,8,0.23041450193984328,0.26827026076967,0.134019259581038,0.2277263254849845,0.36283636046155254,-0.5841079533719207,0.3805293009220497,0.4145962820616607,-1.0683021189581798
ap,3,Luuq,8,0.3595955396188779,0.45501366100077667,0.36418371825948537,0.4196214037024218,0.4760292311264391,0.3040949033717869,0.6920916288999219,0.8613865216223835,-1.2786567918004224
ap,3,Nuwer,8,0.31553584849860683,0.34914556235147726,-1.6202609834261623,0.12892491409803924,0.2498700808085351,-0.3420231625765806,0.12845775891252686,0.2406310021143687,-0.24461392730399423
ap,3,Qansax Dheere,8,0.4042612932479578,0.4849078596305915,0.6529858126214829,0.6275008682232996,0.7906643435775306,0.07740076121515771,0.7451677906785124,0.9098303085863579,-0.22165783388584992
ap,3,Rab Dhuure,8,0.43553037188461563,0.581209094093891,0.6400637003953502,0.7015339470209352,0.8119924770703578,0.29747002891803664,0.9306630589630585,1.063170580747697,-0.20438890677336463
ap,3,South Omo,8,0.3303508435310878,0.37848710046537914,-0.8732639682412837,0.29509341890596896,0.34023256440297517,-0.5137305351912858,0.5642903960472165,0.6478775863015922,-4.488867228531513
ap,3,Tayeeglow,8,0.41482971611078134,0.5003994061834318,0.6008977596130763,0.623816524008815,0.774159595556812,0.04476198661046249,0.7077341593006996,0.8135684746213404,-0.054966860715948807
ap,3,Waajid,8,0.4692296286917912,0.5521670318116275,0.5156190208797067,0.6336829165864579,0.7858265534204734,0.018931041141615257,0.6969604602624964,0.8085805487646631,-0.03870617819922351
ap,3,Xudur,8,0.47416843252037466,0.5807927118302038,0.5765714307007491,0.6935917053453848,0.7947864161708004,0.20706294572619488,0.8150490467794924,0.9375914030379335,-0.10348154533794651
ap,4,Adan Yabaal,8,0.4447301859819424,0.5624363861986093,0.5831438427496358,0.5922149096250003,0.808420671417074,0.13877977089885696,0.6565348672358808,0.9054405239559581,-0.08033701981861041
ap,4,Afgooye,8,0.23768801688431487,0.31088085958139744,0.29913732579309893,0.4364682941544502,0.5706932763238417,-1.3618400083505362,0.7025130812705902,0.8191974690824492,-3.8665609506353986
ap,4,Alle,8,0.6791475713253021,0.8321168592565907,-1.769673869836211,0.5076002032596239,0.7180964498143327,-1.0626500449437941,0.6356881759828258,0.8073052955133374,-1.6069673606555082
ap,4,Balcad,8,0.2962894459065045,0.33845081703061,0.6832910046463097,0.5005325346481717,0.620176866771491,-0.0634091433364623,0.7481818187444008,0.964032284987113,-1.569522481999226
ap,4,Baraawe,8,0.737328490134217,0.8433786273617212,-0.6765811543078633,0.734601704689771,0.8440691273339356,-0.6793276150709349,0.7620128801472681,0.8856813917607944,-0.8489894724670977
ap,4,Baringo,8,0.32473984688318436,0.3569994740483802,0.4462995186621518,0.4197297359506782,0.47426699063736816,0.022795303843582193,0.3845065566592665,0.5233937413660115,-0.1901365659695209
ap,4,Baydhaba,8,0.4275524765253067,0.5385842506986018,0.44203953448638333,0.75,0.9036656504536389,-0.570766670918122,0.5956731261931127,0.7617919473811234,-0.11626905093268491
ap,4,Buur Hakaba,8,0.38339893925878965,0.466694604466457,0.5403933002944563,0.7064403291252094,0.8331142774579356,-0.464636811637672,0.583412012021926,0.7257798013144454,-0.11155394873027746
ap,4,Cadale,8,0.480785642920348,0.6138076996370087,0.4969388952013811,0.5826555240734546,0.7884335465317805,0.1699843800521329,0.6638122158244961,0.9135852295100142,-0.11443364555473678
ap,4,Ceel Dheer,8,0.5183769464492798,0.569399753349879,0.43030066451968285,0.6420801105803289,0.7207037893613568,0.08730688465135927,0.6468971207844689,0.7951039291962334,-0.11085906346827668
ap,4,Diinsoor,8,0.40346210064433996,0.5148896685949734,0.525187576050936,0.75,0.9171136472077435,-0.506399042482891,0.6353866711280352,0.7982083633249613,-0.14110672941275948
ap,4,Doolow,8,0.2132366874354198,0.2857532679424897,0.7763473434404556,0.43514314765241585,0.6093535065794902,-0.017021839042981934,0.7307622372326813,0.9265813997900829,-1.351574842386754
ap,4,East Hararge,8,0.4146346599667715,0.5169275070222139,-0.11927073773339414,0.5990548190243338,0.7199870753043235,-1.171327161294947,0.3512952747842144,0.43794488544561905,0.1966315318281857
ap,4,Fafan,8,0.190461641570955,0.23435374535072284,0.3570293920011045,0.18655223722447756,0.3275240585255589,-0.255838338414093,0.30700135145110075,0.37849890412295145,-0.6771680329747192
ap,4,Jilib,8,0.3710383984575891,0.46744661576528385,0.5395958487392454,0.7323024433093704,0.8075810538957571,-0.3741920585035394,0.6029559226581314,0.8232583052425544,-0.42806321469568265
ap,4,Jowhar,8,0.21289115112798634,0.2710343042341186,0.6954529618888701,0.4773168553853903,0.5970180523591242,-0.47768131775593425,0.8058463413465855,0.998694577836107,-3.1349593069437303
ap,4,Laikipia,8,0.2660426568136912,0.3002792343971624,-0.08496010811016674,0.3274106612098052,0.41574400608265305,-1.0797693021911807,0.3805293009220497,0.4145962820616607,-1.0683021189581798
ap,4,Luuq,8,0.2806030590500036,0.348665780234326,0.6266626635205885,0.38974239245073566,0.5815183175143773,-0.03850734386745125,0.6920916288999219,0.8613865216223835,-1.2786567918004224
ap,4,Nuwer,8,0.42194499588038936,0.5571687658707791,-5.672752582027366,0.2534975045526241,0.35247684522554085,-1.670500616603824,0.12845775891252686,0.2406310021143687,-0.24461392730399423
ap,4,Qansax Dheere,8,0.4677237167668735,0.6278936143153117,0.4181635609007913,0.75,0.9926202693225524,-0.4541026387200999,0.7451677906785124,0.9098303085863579,-0.22165783388584992
ap,4,Rab Dhuure,8,0.6201402246952057,0.7314690187756223,0.42989779828026475,0.8588446490069783,1.0170210336167367,-0.10209927142633335,0.9306630589630585,1.063170580747697,-0.20438890677336463
ap,4,South Omo,8,0.39348746586923,0.4874558882573608,-2.1071874655668545,0.3124133848243489,0.38897362603689045,-0.978504878372108,0.5642903960472165,0.6478775863015922,-4.488867228531513
ap,4,Tayeeglow,8,0.4505993028508687,0.5417059600683845,0.5322887435662085,0.8139367367201833,0.8828342921272336,-0.2422499354691392,0.7077341593006996,0.8135684746213404,-0.054966860715948807
ap,4,Waajid,8,0.5224897762633549,0.599624003108528,0.4287790143803065,0.8168414582932289,0.8871011966068368,-0.25023733982724883,0.6969604602624964,0.8085805487646631,-0.03870617819922351
ap,4,Xudur,8,0.5488665528759807,0.6412304699117366,0.4838616333497998,0.8467958526726924,0.9488059071443843,-0.13003683751050055,0.8150490467794924,0.9375914030379335,-0.10348154533794651
ap,8,Adan Yabaal,8,0.7214378273167161,0.887635671240012,-0.038266630318114725,0.7158379590783763,0.9085265688854717,-0.08771387149528209,0.6565348672358808,0.9054405239559581,-0.08033701981861041
ap,8,Afgooye,8,0.32334858925577614,0.3543657112744497,0.08935659158214415,0.6248899676340894,0.7437508146641497,-3.0114360410554752,0.7025130812705902,0.8191974690824492,-3.8665609506353986
ap,8,Alle,8,0.7875694632530212,0.8891187496482552,-2.162128603904307,0.6326002032596239,0.9356613194509543,-2.5018484188668033,0.6356881759828258,0.8073052955133374,-1.6069673606555082
ap,8,Balcad,8,0.3308524997437975,0.5321569983205758,0.21702333193617873,0.654328591438429,0.7960857557904011,-0.7522213650837204,0.7481818187444008,0.964032284987113,-1.569522481999226
ap,8,Baraawe,8,0.7175314332208411,0.9090855765236067,-0.9479999109731774,0.6326991476551145,0.9234993162035913,-1.0102614962451604,0.7620128801472681,0.8856813917607944,-0.8489894724670977
ap,8,Baringo,8,0.28841334344595576,0.3723290967480643,0.3977265730312427,0.5040205246497886,0.6111740918275917,-0.6228172676820733,0.3845065566592665,0.5233937413660115,-0.1901365659695209
ap,8,Baydhaba,8,0.45789438845514996,0.5245543234063553,0.4707302530362024,0.6967551875203835,0.9115658382384764,-0.5983511990875783,0.5956731261931127,0.7617919473811234,-0.11626905093268491
ap,8,Buur Hakaba,8,0.41343310881350004,0.5177650279183782,0.4342999504250207,0.6676919476864894,0.8432364727245409,-0.5004431898759494,0.583412012021926,0.7257798013144454,-0.11155394873027746
ap,8,Cadale,8,0.7177528985797799,0.9190490294061198,-0.12780349949579595,0.7076555240734547,0.9026007430238427,-0.08779598058827665,0.6638122158244961,0.9135852295100142,-0.11443364555473678
ap,8,Ceel Dheer,8,0.570948642761115,0.6350556381585556,0.2913452282880983,0.7670801105803289,0.840087514066287,-0.24011003970185363,0.6468971207844689,0.7951039291962334,-0.11085906346827668
ap,8,Diinsoor,8,0.4400230235054392,0.5489824131914554,0.4602277136815397,0.7119086058486079,0.9628729048124406,-0.660472359096455,0.6353866711280352,0.7982083633249613,-0.14110672941275948
ap,8,Doolow,8,0.5946118512289836,0.7258348579557395,-0.443003192520395,0.5601431476524159,0.6757586848411603,-0.25076270034685777,0.7307622372326813,0.9265813997900829,-1.351574842386754
ap,8,East Hararge,8,0.2817317043697548,0.34714616107590407,0.49522179117324516,0.5269605612823434,0.6268571674699683,-0.6459364242441417,0.3512952747842144,0.43794488544561905,0.1966315318281857
ap,8,Fafan,8,0.2715129122185461,0.3504319592055715,-0.43765519071921966,0.3135445810534983,0.46610066695427094,-1.543353764617481,0.30700135145110075,0.37849890412295145,-0.6771680329747192
ap,8,Jilib,8,0.41360320087365343,0.4792527000170148,0.5160457283076216,0.9736983735127601,1.0805179162013778,-1.4600228197358738,0.6029559226581314,0.8232583052425544,-0.42806321469568265
ap,8,Jowhar,8,0.29694895838442487,0.3927513297075978,0.36049906456002745,0.6142991043254769,0.746890268412564,-1.3127008373653895,0.8058463413465855,0.998694577836107,-3.1349593069437303
ap,8,Laikipia,8,0.2466559077300701,0.2742664032464442,0.0948753493401322,0.2578646313468822,0.342625136708294,-0.4125427946902922,0.3805293009220497,0.4145962820616607,-1.0683021189581798
ap,8,Luuq,8,0.36360343180603316,0.40501866574616724,0.49622936274344087,0.5136977823935852,0.625738358559559,-0.20245361013436614,0.6920916288999219,0.8613865216223835,-1.2786567918004224
ap,8,Nuwer,8,0.6197529337408783,0.7716469827959708,-11.798787305143914,0.2534975045526241,0.35163235311146607,-1.6577195495470263,0.12845775891252686,0.2406310021143687,-0.24461392730399423
ap,8,Qansax Dheere,8,0.4622074112010395,0.5948521189463633,0.47778804497742045,0.7474991317767002,1.1069062703959245,-0.8082167142394698,0.7451677906785124,0.9098303085863579,-0.22165783388584992
ap,8,Rab Dhuure,8,0.9638818279702352,1.0563834800212881,-0.1890607604329677,0.7661553509930217,1.0916237835467395,-0.26971667710432023,0.9306630589630585,1.063170580747697,-0.20438890677336463
ap,8,South Omo,8,0.4107683541595872,0.5327785306525465,-2.7118485346917214,0.35113079968771366,0.4615449414186285,-1.7856388160014007,0.5642903960472165,0.6478775863015922,-4.488867228531513
ap,8,Tayeeglow,8,0.6538390467577707,0.7130533355235559,0.18960896874381883,0.6979020401989716,0.8990941321076472,-0.2884302745199081,0.7077341593006996,0.8135684746213404,-0.054966860715948807
ap,8,Waajid,8,0.561519066517412,0.6633592298199406,0.30089294030800495,0.6918414582932291,0.8964994265868881,-0.2768684835881847,0.6969604602624964,0.8085805487646631,-0.03870617819922351
ap,8,Xudur,8,0.594367516802296,0.7779726103023376,0.24025743999912863,0.7217958526726924,0.9998887357027996,-0.2549926807295124,0.8150490467794924,0.9375914030379335,-0.10348154533794651
ap,12,Adan Yabaal,8,0.6089883404018732,0.7796731482318255,0.19894090173371204,0.812752144496908,1.1338756383620363,-0.6942217444225027,0.6565348672358808,0.9054405239559581,-0.08033701981861041
ap,12,Afgooye,8,0.2545752942490457,0.34615314394837027,0.13107653737218783,0.7017232308397112,0.7830041446002105,-3.446037127142679,0.7025130812705902,0.8191974690824492,-3.8665609506353986
ap,12,Alle,8,0.7940848022699356,0.8917748649540057,-2.1810496390549403,0.6307753620954513,0.9317668058168879,-2.4727575216888242,0.6356881759828258,0.8073052955133374,-1.6069673606555082
ap,12,Balcad,8,0.35570918690744446,0.40210046143746786,0.5529682105161743,0.7666354931114102,0.9072267908145798,-1.2756265823402093,0.7481818187444008,0.964032284987113,-1.569522481999226
ap,12,Baraawe,8,0.5637023205718772,0.8292630975949056,-0.6209293170430994,1.109601704689771,1.2539104848060343,-2.706060166722908,0.7620128801472681,0.8856813917607944,-0.8489894724670977
ap,12,Baringo,8,0.1916056613812071,0.23535123557445495,0.7593572877589138,0.5271665175280109,0.6813395692576513,-1.0168192212157487,0.3845065566592665,0.5233937413660115,-0.1901365659695209
ap,12,Baydhaba,8,0.45797811448574066,0.5369724791121618,0.44537405156540866,0.75,1.1894376074240853,-1.7213190407299375,0.5956731261931127,0.7617919473811234,-0.11626905093268491
ap,12,Buur Hakaba,8,0.4738050807645562,0.5173214929016614,0.4352687308539035,0.7391100822813023,1.1267297580412696,-1.6789235501136668,0.583412012021926,0.7257798013144454,-0.11155394873027746
ap,12,Cadale,8,0.5819231518566048,0.747095966287697,0.2547382027078072,0.7958953973694209,1.107988244225776,-0.6391789996315178,0.6638122158244961,0.9135852295100142,-0.11443364555473678
ap,12,Ceel Dheer,8,0.6342681348323822,0.6802533563441034,0.18688391934769089,0.7841602211606578,0.9724475737749596,-0.6616653267536488,0.6468971207844689,0.7951039291962334,-0.11085906346827668
ap,12,Diinsoor,8,0.44434130757082013,0.5514809169288902,0.45530335931904686,0.75,1.2213514582860896,-1.6716221127228366,0.6353866711280352,0.7982083633249613,-0.14110672941275948
ap,12,Doolow,8,0.39396630867209603,0.4529423984887151,0.4380759752151687,0.6604530828136179,0.8961084303505699,-1.1994433253368544,0.7307622372326813,0.9265813997900829,-1.351574842386754
ap,12,East Hararge,8,0.3821419110439871,0.46600707586941215,0.09037814476879436,0.8346474919554833,0.8857792881578472,-2.2864490710333247,0.3512952747842144,0.43794488544561905,0.1966315318281857
ap,12,Fafan,8,0.22645139220279484,0.27050283593495333,0.14337455892754336,0.32722714994828284,0.4683539548863466,-1.568004065827755,0.30700135145110075,0.37849890412295145,-0.6771680329747192
ap,12,Jilib,8,0.39093322844944145,0.45783651213377896,0.5583318930585521,0.9036380695929634,1.1192698100545455,-1.6396404231541122,0.6029559226581314,0.8232583052425544,-0.42806321469568265
ap,12,Jowhar,8,0.3144952553997535,0.3834633088315545,0.390388028948794,0.7660493768452428,0.879596032413785,-2.2075422038166947,0.8058463413465855,0.998694577836107,-3.1349593069437303
ap,12,Laikipia,8,0.28984295606610677,0.32609323502597226,-0.2795190286296261,0.32406767707065165,0.4001141052732802,-0.9263309138784825,0.3805293009220497,0.4145962820616607,-1.0683021189581798
ap,12,Luuq,8,0.3530000289307881,0.4029709994890802,0.5013103458737127,0.6721355590954396,0.864524509432437,-1.2952890964047947,0.6920916288999219,0.8613865216223835,-1.2786567918004224
ap,12,Nuwer,8,0.7030912092926742,0.8450041283413471,-14.347906985835204,0.252254590635377,0.34990636647277007,-1.6316927616862422,0.12845775891252686,0.2406310021143687,-0.24461392730399423
ap,12,Qansax Dheere,8,0.4880264423644739,0.596207217803964,0.4754060921241754,0.7499999999999999,1.3153680827637,-1.5534266286084235,0.7451677906785124,0.9098303085863579,-0.22165783388584992
ap,12,Rab Dhuure,8,0.7674849629402161,0.8958317313804258,0.14490625689511694,1.1088446490069783,1.414927941922419,-1.1331897667814568,0.9306630589630585,1.063170580747697,-0.20438890677336463
ap,12,South Omo,8,0.33749279611752636,0.4049664754776652,-1.1445439902878074,0.4293528189488417,0.5653976207991945,-3.1802741820795353,0.5642903960472165,0.6478775863015922,-4.488867228531513
ap,12,Tayeeglow,8,0.6071989188605081,0.645336171633861,0.33622237151652157,0.9516269182550232,1.1954228014537167,-1.27768501740784,0.7077341593006996,0.8135684746213404,-0.054966860715948807
ap,12,Waajid,8,0.5623228947568529,0.6064305195265476,0.4157372012429016,0.9505243748796869,1.1991652441513871,-1.2845685862075045,0.6969604602624964,0.8085805487646631,-0.03870617819922351
ap,12,Xudur,8,0.6409980483517498,0.7695457280686644,0.2566271343365729,1.0403875580180773,1.3156776829711114,-1.1728855782223286,0.8150490467794924,0.9375914030379335,-0.10348154533794651
other,0,Agnewak,8,0.22091038966492804,0.2567958042735491,-7.779522738344545,0.05003706669493524,0.10007413338987048,-0.3333333333333335,0.07378382661445015,0.13047352007192664,-1.2664170029205843
other,0,Amaro,8,0.5979042798280716,0.7253387150263995,-1.8059533414194582,0.5,0.7071067811865476,-1.6666666666666665,0.4397530916309653,0.5600418301368861,-0.6727832080163882
other,0,Arsi,8,0.2029041880429841,0.23548284007485337,0.2505484930900612,0.31895168579943034,0.36358614781800436,-0.7866507444029147,0.2509740741031724,0.29459133940800697,-0.17291072407553498
other,0,Asosa,8,0.025235738869800822,0.02850929262448428,-2822.3390391151534,0.0007054998144702396,0.00085744305104693,-1.5538813699766503,0.02409029507755736,0.047439097088048755,-7816.411599527425
other,0,Awi,8,0.03517736494541168,0.04380625848599592,0.0,0.0,0.0,1.0,9.145195417004093e-06,1.8290390834008186e-05,0.0
other,0,Banadir,8,0.16749203205108643,0.2617622162168372,0.37353638547428347,0.125,0.3535533905932738,-0.1428571428571428,0.47159090909090906,0.5656762938478928,-1.9256198347107434
other,0,Basketo,8,0.2462451010942459,0.38934783223872665,-0.38598157228796026,0.25,0.5,-1.2857142857142856,0.3644289674974226,0.3927155856149814,-0.4100619994049626
other,0,Bench Sheko,8,0.03558836877346039,0.038532553139734915,0.0,0.0,0.0,1.0,0.0025914115164294427,0.005182823032858885,0.0
other,0,Bomet,8,0.01838032901287079,0.0197398065835428,0.0,0.0,0.0,1.0,0.0,0.0,1.0
other,0,Bossaso,8,0.42798125105823664,0.5319590386677279,-0.28275163978697493,0.4745410616966644,0.633579088383235,-0.819650004566171,0.3767259908243119,0.4567557889409258,0.0542979855537179
other,0,Bungoma,8,0.027276724576950073,0.029920302387588065,0.0,0.0,0.0,1.0,0.0053481797042245205,0.010696359408449041,0.0
other,0,Buno Bedele,8,0.03423236310482025,0.03661684966561257,0.0,0.0,0.0,1.0,0.0035714415883443262,0.0071428831766886525,0.0
other,0,Burji,8,0.8022021651268005,0.8772600929298366,-2.0783410825890627,0.75,0.8660254037844386,-2.0,0.5577963467009479,0.7324427060572338,-1.1458892706257737
other,0,Busia,8,0.029841452836990356,0.032886014000842845,0.0,0.0,0.0,1.0,0.0016921724527745874,0.002763306044061069,0.0
other,0,Caluula,8,0.33812154829502106,0.47471373594664495,-0.2018833658475785,0.375,0.6123724356957945,-1.0,0.40625,0.4279163576874439,0.02340048439206177
other,0,Central Gondar,8,0.15600879474407656,0.20045106925082518,-2.3233539463359802,0.17513481825426022,0.21583274216146678,-2.8529599955151084,0.11540316886332194,0.14842791729190158,-0.8221789696587338
other,0,Central Tigray,8,0.9944224910872401,1.1563690553129375,0.19690570043755318,0.574540238675971,0.9520314498979642,0.45565252689976454,1.546511920190625,1.786792992399141,-0.9174414069201442
other,0,Dawuro,8,0.5849640548390542,0.6498705553700982,-0.563852141220023,0.6867507844358959,0.7896366716632673,-1.3088546166379804,0.5463296313378583,0.648163685057701,-0.5556480847283691
other,0,Derashe,8,0.8009252697229385,0.9135372834278835,-2.338201472851189,0.75,0.8660254037844386,-2.0,0.6096894885317085,0.7751441502209284,-1.403393814486901
other,0,Dire Dawa rural,8,0.40907444059848785,0.5169321758508134,-0.4251673302925667,0.125,0.3535533905932738,0.33333333333333337,0.35984763546819115,0.4781945257902602,-0.21957335731078342
other,0,Dire Dawa urban,8,0.33265765756368637,0.46595095290983163,-0.985008370446447,0.25,0.5,-1.2857142857142856,1.0625,1.1437958648142306,-10.961316391918933
other,0,East Gojam,8,0.12148002496424509,0.14074380892314808,-2.1319386269810487,0.12320499044782307,0.14226486880111183,-2.1999999999999993,0.10227399772053833,0.10477780014334112,-0.735774064413707
other,0,East Shewa,8,0.17521000548622345,0.18881007431943575,0.08715936577252936,0.20477468980426794,0.2566027857719664,-0.6860380503435242,0.1323604652549492,0.19209920674192418,0.055078391344502764
other,0,East Wellega,8,0.058485306482298854,0.06289099044970307,-1.35871063027938,0.015477545242293361,0.043777108787788885,-0.14285714285714302,0.07493399824494532,0.10295041934890083,-5.320537838155344
other,0,Eastern Tigray,8,0.9969165850453297,1.0830904567091748,0.12128972312720221,0.6855030881701893,0.954781399315307,0.31715183515654444,1.3718066854412856,1.5918768560544465,-0.8981703469836146
other,0,Elgeyo Marakwet,8,0.03484107553958893,0.0457457717807152,0.0,0.0,0.0,1.0,0.025941078806344997,0.05120012320608271,0.0
other,0,Embu,8,0.16709972305102616,0.23699111961223998,-0.9186607331289067,0.09878075735764236,0.19756151471528471,-0.33333333333333326,0.14046214882390604,0.18728259974439176,-0.19819885646542224
other,0,Finfine Special,8,0.11154489128472533,0.1386980597140523,-0.4783625288989277,0.06585962979676452,0.13171925959352904,-0.33333333333333326,0.06861155481534517,0.12963354880484088,-0.29144226523126493
other,0,Gamo,8,0.7067919114257406,0.810650032192096,-1.1932721900855432,0.7215860095802565,0.8589120713548319,-1.4621989190738889,0.47200982575091466,0.5283936462929437,0.06816096989854248
other,0,Gedeo,8,0.37223391215075374,0.506923139121698,-0.3346582147960093,0.5784271751188592,0.6593760106312437,-1.2581465212898135,0.3035329032855766,0.34487868435554336,0.3822417714372617
other,0,Gofa,8,0.4658315233570085,0.49582653553078126,-1.6203986883512802,0.45139109747551626,0.5543268800540786,-2.2752142853931265,0.26559856713517044,0.30625025706502046,0.0003205463899039751
other,0,Guraghe,8,0.14451759741046705,0.16602530492987205,0.37242065841420124,0.11382741901174376,0.18875228742560884,0.1888437610047119,0.23960025102688337,0.2485024399072291,-0.4059872438739671
other,0,Hadiya,8,0.4427567741137315,0.5016054953865816,-0.9655125987427511,0.5288479774776838,0.6199328401045264,-2.002206401089352,0.32462339874703966,0.374118008223606,-0.09337335819719916
other,0,Halaba,8,0.3232106249115675,0.35140148446095965,-1.2861730974797978,0.1757989755423791,0.25676044425987327,-0.22055727379643297,0.18158235531787514,0.29295517340721694,-0.5889281889345179
other,0,Harari,8,0.2823781222105026,0.304585724273748,-8.882035450602626,0.0279702093905157,0.07911169892496521,0.33333333333333326,0.16183568662224868,0.19317158538951326,-2.974786508659164
other,0,Homa Bay,8,0.022185400128364563,0.024616738648909876,0.0,0.0,0.0,1.0,0.0,0.0,1.0
other,0,Horo Gudru Wellega,8,0.04597876965999603,0.0496155781371719,0.0,0.0,0.0,1.0,0.0007740535423642614,0.0011702638463226588,0.0
other,0,Ilu Aba Bora,8,0.030205443501472473,0.03152134972483987,0.0,0.0,0.0,1.0,0.00042517629184662953,0.000425332188427105,0.0
other,0,Itang Special woreda,8,0.02174217998981476,0.022449339108213905,0.0,0.0,0.0,1.0,0.08807483059977561,0.17614966119955122,0.0
other,0,Jamaame,8,0.4629908332869816,0.5619884205121725,-0.8435928015483611,0.2642054724808116,0.4041774678074636,0.04642585626462514,0.7535999473046997,0.9062732937137624,-3.7943378381529715
other,0,Jimma,8,0.04712711274623871,0.05181114084773472,0.0,0.0,0.0,1.0,0.00013534990910701872,0.00027069981821403744,0.0
other,0,Kakamega,8,0.02429962158203125,0.026875679383837205,0.0,0.0,0.0,1.0,0.0,0.0,1.0
other,0,Kamashi,8,0.2909906192528448,0.38012070757441363,-0.2502210319600644,0.17555471367920494,0.3511094273584099,-0.06666666666666665,0.34047706412850415,0.3429562906760764,-0.017703549418826903
other,0,Kefa,8,0.0395369678735733,0.040442826377672686,0.0,0.0,0.0,1.0,0.0001462471502113316,0.0002924943004226632,0.0
other,0,Kellem Wollega,8,0.09126186988125212,0.12967759747305388,-2.87167279728127,0.04781694271951903,0.09571768865330554,-1.1093718278473284,0.06344394696013053,0.07072776623034496,-0.15172453812450515
other,0,Kembata Tembaro,8,0.5191879562223034,0.6495552754813424,-1.2778878971675587,0.6420675650667017,0.7401730414575179,-1.9577852909341065,0.5794862558159348,0.6502824951503383,-1.2829912416840177
other,0,Kericho,8,0.02038291096687317,0.021814720001728512,0.0,0.0,0.0,1.0,0.0,0.0,1.0
other,0,Kiambu,8,0.1317888489484523,0.1464907570647049,-6.082313237728727,0.041610566997475285,0.08322113399495057,-1.2857142857142856,0.0567251881781399,0.09286461533012526,-1.8461331401758847
other,0,Kilifi,8,0.2737066128971967,0.3036710113135853,-0.614002849348543,0.1380051546681927,0.2760072916318709,-0.33333333317394187,0.30139207630633097,0.36209841803604315,-1.2948319111224702
other,0,Kirinyaga,8,0.07256409525871277,0.08361559738422976,0.0,0.0,0.0,1.0,0.025567965528995484,0.05113593105799097,0.0
other,0,Kisii,8,0.01933009922504425,0.021289302783811612,0.0,0.0,0.0,1.0,0.0,0.0,1.0
other,0,Kisumu,8,0.022661805152893066,0.0243655882693479,0.0,0.0,0.0,1.0,0.0,0.0,1.0
other,0,Kitui,8,0.5006124854043954,0.630365958803838,-0.40485418862006806,0.4314199282861211,0.8053821705237564,-1.2932413721391636,0.5366144831781502,0.5774996352059418,-0.17909602342240727
other,0,Konso,8,0.600188998326683,0.7441301627920843,-1.4775959136049357,0.44531535694007884,0.6283128183368877,-0.766381463206568,0.5634207512418179,0.7200116947959992,-1.319592840749162
other,0,Konta Special,8,0.04418545961380005,0.04569473253399183,0.0,0.0,0.0,1.0,0.02766307196281592,0.04398340196601189,0.0
other,0,Kwale,8,0.26254535203413243,0.2887685440712218,-257921849.15328515,1.857035377195171e-05,2.6262446162360468e-05,-1.1333333333333329,0.44211149151352147,0.4889905105967658,-739586935.4995741
other,0,Machakos,8,0.1646496808975497,0.20855341770633165,-6432.511540746396,0.0023151525656303074,0.0037982109437208465,-1.1338880103092968,0.3546571492654895,0.40128503597297016,-23817.773350480173
other,0,Majang,8,0.02646218240261078,0.028775670833678258,0.0,0.0,0.0,1.0,0.015303619695710091,0.030607239391420182,0.0
other,0,Makueni,8,0.45455244982350385,0.5791490345133347,-0.22633714475379696,0.42265303631897505,0.7028680794467606,-0.8062458003752144,0.49708752547313534,0.5765588673323067,-0.21539241384030516
other,0,Mao Komo Special,8,0.048482768388023234,0.05590218558544105,-139.4516017030364,0.0022694654010582682,0.004628819346167914,0.03703703703703709,0.003858091181799056,0.004760470786491867,-0.0185185185185186
other,0,Marka,8,0.5065809407130955,0.5748635520740306,-0.2424925752007665,0.6187549440647628,0.7800984241166484,-1.288037063481923,0.5234147876032749,0.5968748866401391,-0.33946344836683373
other,0,Mekelle Tigray,8,0.6369131274500016,0.7978314377361677,0.12062273404934332,0.6040311921334575,0.927886676706751,-0.18944077134407444,0.9853624768533831,1.1297381290992292,-0.763228173691215
other,0,Meru,8,0.3370153664698251,0.44489516451642735,-0.9463760895356903,0.32905308639869607,0.5768322507787224,-2.2719786223801055,0.27832342290682216,0.33727094396156837,-0.11858565642676755
other,0,Metekel,8,0.2844739556761935,0.412764533136119,0.03850171269098057,0.2431679669310786,0.48610673791099346,-0.333543079412,0.24427372829213678,0.48622543737146023,-0.3341944185428134
other,0,Migori,8,0.019486889243125916,0.02054335957700164,0.0,0.0,0.0,1.0,0.0019888153612625525,0.003977630722525105,0.0
other,0,Mirab Omo,8,0.04573757736126988,0.06240431190841921,-0.44576076121274855,0.019702581735660862,0.05536124869616139,-0.13783421852225874,0.02688655820358679,0.05717470316532899,-0.2135986171860922
other,0,Mombasa,8,0.30031142046160497,0.4161048710726328,-0.6015213683659424,0.25,0.4959242098145307,-1.2748761523170695,0.2004604262917277,0.3813156192065123,-0.34491961570497853
other,0,Muranga,8,0.07320934534072876,0.0910510748962783,0.0,0.0,0.0,1.0,0.027636149097560014,0.05527229819512003,0.0
other,0,Nairobi,8,0.2894477900176808,0.4059492273959454,-0.5216047361512244,0.24877215550533227,0.49754431101066454,-1.2857142857142856,0.19940055769785892,0.382470730272696,-0.3506873209985526
other,0,Nakuru,8,0.031707994639873505,0.03503899653637074,0.0,0.0,0.0,1.0,0.0005557145228370364,0.0006118559454722832,0.0
other,0,Nandi,8,0.022054240107536316,0.023637022164744722,0.0,0.0,0.0,1.0,0.0,0.0,1.0
other,0,North Gondar,8,0.6031269460898755,0.6558257888611568,-0.2712687259176665,0.6448223322954774,0.7769417523653648,-0.784174401940567,0.3896495164006214,0.5245723372886821,0.1866618337446303
other,0,North Shewa (AM),8,0.24210238287150732,0.29207170332868754,0.2971419325960265,0.3517541265921388,0.45150740335076295,-0.6796485478719483,0.3243167079374768,0.38923849439557434,-0.24830363507661324
other,0,North Shewa (OR),8,0.11566993118576913,0.1556577738574488,0.4721856869918112,0.10986879316218914,0.19801390117342782,0.1458563961295677,0.3535839829975802,0.3639032392052621,-1.88477121313921
other,0,North Wello,8,0.595021114976863,0.8579187633570307,0.1268518157311216,0.7156167756921488,0.8278026386545879,0.1870773290187283,0.7505630037532267,0.9402763139431077,-0.048833655854476854
other,0,North Western Tigray,8,0.9568417730115397,1.181815254752575,0.17533933743553798,0.4816367451712575,0.850766686153441,0.5726368743762988,1.5744436970770919,1.8799297911334707,-1.0866968283396243
other,0,Nyamira,8,0.019389837980270386,0.020610494615254125,0.0,0.0,0.0,1.0,0.0,0.0,1.0
other,0,Nyandarua,8,0.064847604123875,0.10012073592575581,-39.68235302220558,0.004052988501266147,0.011463582613265579,0.4666666666666667,0.03055344167600224,0.04375459826021089,-6.769720550451339
other,0,Nyeri,8,0.1353698272513011,0.1618780209706711,-0.9978981810023584,0.029570289816900797,0.08363740980472827,0.4666666666666667,0.13306630417605358,0.1436759338919676,-0.5738583274683893
other,0,Oromia,8,0.5728293607518604,0.680202811666962,-0.10756517471175919,0.7711742848860028,0.874447886750429,-0.8304602878818084,0.5362501082455151,0.6652508593712051,-0.0594082110036569
other,0,Qandala,8,0.3388770416185753,0.4766471001023766,-0.18501299181097952,0.3959428981526207,0.6133266774632282,-0.9620628374919296,0.41148572453815524,0.4346662240854985,0.014535485565047912
other,0,Region 14,8,0.18295292556285858,0.2449086760444571,0.0,0.0,0.0,1.0,0.07142857142857145,0.1428571428571429,0.0
other,0,Sheka,8,0.034433215856552124,0.038161397836359606,0.0,0.0,0.0,1.0,0.005427705640558889,0.010855411281117777,0.0
other,0,Siaya,8,0.019804969429969788,0.02087665046658519,0.0,0.0,0.0,1.0,0.0,0.0,1.0
other,0,Sidama,8,0.5135522207532618,0.5600843647095494,-1.0533381415129375,0.5616196082197519,0.6210035135804544,-1.524304206410446,0.31226028145768936,0.36470551143192675,0.12936077601347862
other,0,Siltie,8,0.2966326731032307,0.37228046741234866,-0.06499523776404814,0.4738982064110628,0.5347916709669226,-1.1977406158533808,0.290877497482509,0.3598913426566811,0.0047092587738024605
other,0,South Eastern Tigray,8,1.0779612392678803,1.189323232407222,0.10614085331862644,0.8308311142676406,1.171777793512266,0.13231955413806573,1.4926582152880001,1.654299210564089,-0.7294077803777055
other,0,South Gondar,8,0.18570464751066088,0.22233952228569068,0.05068873760963888,0.18128341474044565,0.25412864149375686,-0.24017372676920545,0.20599188397989288,0.24583231772181666,-0.16052165398302431
other,0,South Wello,8,0.44331564033846005,0.50789843182701,0.08603682342208163,0.48844769148435496,0.5755246811328509,-0.1735534118731905,0.4957358909974353,0.5577394424307387,-0.10214230030555438
other,0,South West Shewa,8,0.09600592016203746,0.1104849280823575,-2.820213243153619,0.059978015403420626,0.09049520242296415,-1.562905793214632,0.03315358960128312,0.06004128925093704,-0.12818819074261745
other,0,Southern Tigray,8,0.9202241112823981,1.056273874350214,-0.18980251492010947,0.6482769981864597,0.8214803304817342,0.28035859212445946,1.2576589468948223,1.4492422656258812,-1.2397718849133548
other,0,Taita Taveta,8,0.4267497879784371,0.51578519061109,-0.2045724965495066,0.49961110978039247,0.6803167966639107,-1.0956444103720675,0.3685708987160611,0.4110068783460262,0.2351198573849833
other,0,Tharaka-Nithi,8,0.3151788318500347,0.3533948835351738,-0.5589020044435282,0.25360667293151207,0.3881036118653725,-0.8801550671509162,0.37732443740533306,0.42158953694368506,-1.2185945838776018
other,0,Trans Nzoia,8,0.025414915995827958,0.02839123482674534,-7394.027021206944,0.0002859203263645693,0.0004669059377888208,-1.0,0.0005727616871464003,0.0009536280007376079,-7.343133456014577
other,0,Uasin Gishu,8,0.025254428386688232,0.02688391702271893,0.0,0.0,0.0,1.0,0.0,0.0,1.0
other,0,Vihiga,8,0.01972663402557373,0.021225624224456806,0.0,0.0,0.0,1.0,0.0,0.0,1.0
other,0,Wag Hamra,8,0.6221094854222381,0.8246203680684346,0.1306519958995782,0.6343826712494233,0.7467731705562272,0.28704362073674006,0.6962494390635076,0.9916439550624563,-0.25717890103516905
other,0,Welayta,8,0.4789147102117948,0.5219724853324778,-1.0799634071811846,0.4782858138950457,0.5867109626587299,-1.6279002680346544,0.27759833800619316,0.321679210553539,0.2100375253146718
other,0,West Arsi,8,0.22844540945069564,0.3110551594386813,-1.0145976158423324,0.24462700520712108,0.30452050674151115,-0.9308413220809735,0.2912000270678528,0.3313479484617864,-1.2860307557138166
other,0,West Gojam,8,0.03244881331920624,0.0374368431691425,0.0,0.0,0.0,1.0,0.0,0.0,1.0
other,0,West Gondar,8,0.017103682524331587,0.019934839831914842,-47.30251014071287,0.00253526240060048,0.0032068814608335015,-0.24999999999995892,0.003295841120780685,0.004198233774394883,-1.1422859297552925
other,0,West Hararge,8,0.27716697566228193,0.3519691895761238,0.19342877692122973,0.34538396147644257,0.43018776496404904,-0.20489592493705566,0.287751500011381,0.3696101036141192,0.11055090854569083
other,0,West Shewa,8,0.05462488532066345,0.05848077810662764,0.0,0.0,0.0,1.0,0.030409074343255293,0.0603876684585685,0.0
other,0,West Wellega,8,0.039328286030377774,0.04726053231077563,0.36942193240532417,0.022494697549428372,0.06362461271176485,-0.14285714285714302,0.022494697549428372,0.06362461271176485,-0.14285714285714302
other,0,Western Tigray,8,0.5661560595035553,0.7376278991229348,0.3668713686522014,0.25,0.5,0.7090909090909091,1.1152477545314752,1.4313016655280977,-1.383853914465171
other,0,Yem Special,8,0.044029802083969116,0.046498507172828024,0.0,0.0,0.0,1.0,0.022173011432486456,0.04434602286497291,0.0
other,1,Agnewak,8,0.2555075182946125,0.2996254163187857,-10.952324119108608,0.05003706669493524,0.10007413338987048,-0.3333333333333335,0.07378382661445015,0.13047352007192664,-1.2664170029205843
other,1,Amaro,8,0.5309193283319473,0.6575559707508914,-1.306025891574118,0.5,0.7071067811865476,-1.6666666666666665,0.4397530916309653,0.5600418301368861,-0.6727832080163882
other,1,Arsi,8,0.24026358962665567,0.3053687609141902,-0.2603008257541597,0.31895168579943034,0.36358614781800436,-0.7866507444029147,0.2509740741031724,0.29459133940800697,-0.17291072407553498
other,1,Asosa,8,0.05007518850020223,0.06130284548112377,-13053.23471399364,0.0007054998144702396,0.00085744305104693,-1.5538813699766503,0.02409029507755736,0.047439097088048755,-7816.411599527425
other,1,Awi,8,0.04346108436584473,0.047543501258239855,0.0,0.0,0.0,1.0,9.145195417004093e-06,1.8290390834008186e-05,0.0
other,1,Banadir,8,0.14247629046440125,0.23197444792414423,0.5080032503797806,0.125,0.3535533905932738,-0.1428571428571428,0.47159090909090906,0.5656762938478928,-1.9256198347107434
other,1,Basketo,8,0.30327025055885315,0.4200926453827245,-0.6135115950139931,0.25,0.5,-1.2857142857142856,0.3644289674974226,0.3927155856149814,-0.4100619994049626
other,1,Bench Sheko,8,0.03538699448108673,0.04036587650549023,0.0,0.0,0.0,1.0,0.0025914115164294427,0.005182823032858885,0.0
other,1,Bomet,8,0.03535398840904236,0.04074484128241638,0.0,0.0,0.0,1.0,0.0,0.0,1.0
other,1,Bossaso,8,0.3556262531470113,0.48511760415459665,-0.06679325970074257,0.4745410616966644,0.633579088383235,-0.819650004566171,0.3767259908243119,0.4567557889409258,0.0542979855537179
other,1,Bungoma,8,0.03146973252296448,0.03596505433649721,0.0,0.0,0.0,1.0,0.0053481797042245205,0.010696359408449041,0.0
other,1,Buno Bedele,8,0.04261615872383118,0.04754017030434298,0.0,0.0,0.0,1.0,0.0035714415883443262,0.0071428831766886525,0.0
other,1,Burji,8,0.6777988076210022,0.7670346064909538,-1.353368350218929,0.75,0.8660254037844386,-2.0,0.5577963467009479,0.7324427060572338,-1.1458892706257737
other,1,Busia,8,0.03200925886631012,0.03657318968747601,0.0,0.0,0.0,1.0,0.0016921724527745874,0.002763306044061069,0.0
other,1,Caluula,8,0.3692145049571991,0.49520991739755593,-0.3079085988741024,0.375,0.6123724356957945,-1.0,0.40625,0.4279163576874439,0.02340048439206177
other,1,Central Gondar,8,0.1846312113357603,0.22371726007768847,-3.139604271560634,0.17513481825426022,0.21583274216146678,-2.8529599955151084,0.11540316886332194,0.14842791729190158,-0.8221789696587338
other,1,Central Tigray,8,0.9462819503682078,1.144337188170197,0.21353093645337984,0.574540238675971,0.9520314498979642,0.45565252689976454,1.546511920190625,1.786792992399141,-0.9174414069201442
other,1,Dawuro,8,0.6149428367776071,0.6745248891577287,-0.6847595513048241,0.6867507844358959,0.7896366716632673,-1.3088546166379804,0.5463296313378583,0.648163685057701,-0.5556480847283691
other,1,Derashe,8,0.7183035314083099,0.8247219800627253,-1.7206653775943295,0.75,0.8660254037844386,-2.0,0.6096894885317085,0.7751441502209284,-1.403393814486901
other,1,Dire Dawa rural,8,0.3414609581232071,0.4564403931966801,-0.11113510688821293,0.125,0.3535533905932738,0.33333333333333337,0.35984763546819115,0.4781945257902602,-0.21957335731078342
other,1,Dire Dawa urban,8,0.3667707145214081,0.49369130686165114,-1.2283986877327089,0.25,0.5,-1.2857142857142856,1.0625,1.1437958648142306,-10.961316391918933
other,1,East Gojam,8,0.13144972136679484,0.16328285048845662,-3.215370867265885,0.12320499044782307,0.14226486880111183,-2.1999999999999993,0.10227399772053833,0.10477780014334112,-0.735774064413707
other,1,East Shewa,8,0.18986622889509813,0.21066352453548662,-0.13637934034079358,0.20477468980426794,0.2566027857719664,-0.6860380503435242,0.1323604652549492,0.19209920674192418,0.055078391344502764
other,1,East Wellega,8,0.05921394346235562,0.07123180323746742,-2.025838002303175,0.015477545242293361,0.043777108787788885,-0.14285714285714302,0.07493399824494532,0.10295041934890083,-5.320537838155344
other,1,Eastern Tigray,8,0.9776990938954273,1.0885051815152968,0.11248183890668384,0.6855030881701893,0.954781399315307,0.31715183515654444,1.3718066854412856,1.5918768560544465,-0.8981703469836146
other,1,Elgeyo Marakwet,8,0.06814676523208618,0.10123657065622935,0.0,0.0,0.0,1.0,0.025941078806344997,0.05120012320608271,0.0
other,1,Embu,8,0.16568300740914077,0.21515109573124466,-0.5813251075649997,0.09878075735764236,0.19756151471528471,-0.33333333333333326,0.14046214882390604,0.18728259974439176,-0.19819885646542224
other,1,Finfine Special,8,0.14614508955361571,0.17694598576840914,-1.4061439402331564,0.06585962979676452,0.13171925959352904,-0.33333333333333326,0.06861155481534517,0.12963354880484088,-0.29144226523126493
other,1,Gamo,8,0.6326817610542738,0.7406363789592183,-0.8307785003269266,0.7215860095802565,0.8589120713548319,-1.4621989190738889,0.47200982575091466,0.5283936462929437,0.06816096989854248
other,1,Gedeo,8,0.35172938367659456,0.47302661599596807,-0.1621360913281118,0.5784271751188592,0.6593760106312437,-1.2581465212898135,0.3035329032855766,0.34487868435554336,0.3822417714372617
other,1,Gofa,8,0.43459488969859944,0.4561848312979998,-1.21814290846685,0.45139109747551626,0.5543268800540786,-2.2752142853931265,0.26559856713517044,0.30625025706502046,0.0003205463899039751
other,1,Guraghe,8,0.1843002556298045,0.21171846353408844,-0.020557628427613883,0.11382741901174376,0.18875228742560884,0.1888437610047119,0.23960025102688337,0.2485024399072291,-0.4059872438739671
other,1,Hadiya,8,0.4230116525369195,0.4855553084672962,-0.8417414967076227,0.5288479774776838,0.6199328401045264,-2.002206401089352,0.32462339874703966,0.374118008223606,-0.09337335819719916
other,1,Halaba,8,0.249152108320163,0.2863236775257828,-0.5178066568513173,0.1757989755423791,0.25676044425987327,-0.22055727379643297,0.18158235531787514,0.29295517340721694,-0.5889281889345179
other,1,Harari,8,0.28465504944324493,0.2939007048100932,-8.200863206387474,0.0279702093905157,0.07911169892496521,0.33333333333333326,0.16183568662224868,0.19317158538951326,-2.974786508659164
other,1,Homa Bay,8,0.03206785023212433,0.03553862651554789,0.0,0.0,0.0,1.0,0.0,0.0,1.0
other,1,Horo Gudru Wellega,8,0.040052369236946106,0.046074729294786745,0.0,0.0,0.0,1.0,0.0007740535423642614,0.0011702638463226588,0.0
other,1,Ilu Aba Bora,8,0.042308226227760315,0.04750565064311232,0.0,0.0,0.0,1.0,0.00042517629184662953,0.000425332188427105,0.0
other,1,Itang Special woreda,8,0.042187005281448364,0.04740835618371869,0.0,0.0,0.0,1.0,0.08807483059977561,0.17614966119955122,0.0
other,1,Jamaame,8,0.43061347103569986,0.522911729479626,-0.5961255017895433,0.2642054724808116,0.4041774678074636,0.04642585626462514,0.7535999473046997,0.9062732937137624,-3.7943378381529715
other,1,Jimma,8,0.04321472346782684,0.04660656389508079,0.0,0.0,0.0,1.0,0.00013534990910701872,0.00027069981821403744,0.0
other,1,Kakamega,8,0.030458122491836548,0.03473425095070941,0.0,0.0,0.0,1.0,0.0,0.0,1.0
other,1,Kamashi,8,0.32151006002299404,0.38927214781034997,-0.31114404018329656,0.17555471367920494,0.3511094273584099,-0.06666666666666665,0.34047706412850415,0.3429562906760764,-0.017703549418826903
other,1,Kefa,8,0.0360577255487442,0.041041335791692404,0.0,0.0,0.0,1.0,0.0001462471502113316,0.0002924943004226632,0.0
other,1,Kellem Wollega,8,0.10030107817421324,0.1281036291337196,-2.778257927309906,0.04781694271951903,0.09571768865330554,-1.1093718278473284,0.06344394696013053,0.07072776623034496,-0.15172453812450515
other,1,Kembata Tembaro,8,0.4583452037656384,0.5905739918773985,-0.8829932059004757,0.6420675650667017,0.7401730414575179,-1.9577852909341065,0.5794862558159348,0.6502824951503383,-1.2829912416840177
other,1,Kericho,8,0.03287428617477417,0.03654871990159198,0.0,0.0,0.0,1.0,0.0,0.0,1.0
other,1,Kiambu,8,0.1481927624463771,0.18477200929182672,-10.267486518040746,0.041610566997475285,0.08322113399495057,-1.2857142857142856,0.0567251881781399,0.09286461533012526,-1.8461331401758847
other,1,Kilifi,8,0.2586075571009793,0.27173070020149104,-0.29233480631787545,0.1380051546681927,0.2760072916318709,-0.33333333317394187,0.30139207630633097,0.36209841803604315,-1.2948319111224702
other,1,Kirinyaga,8,0.07484108209609985,0.1252198483362868,0.0,0.0,0.0,1.0,0.025567965528995484,0.05113593105799097,0.0
other,1,Kisii,8,0.03586113452911377,0.04116453402658887,0.0,0.0,0.0,1.0,0.0,0.0,1.0
other,1,Kisumu,8,0.03290964663028717,0.03702707906968988,0.0,0.0,0.0,1.0,0.0,0.0,1.0
other,1,Kitui,8,0.43471157973316144,0.5807737347611255,-0.19250355098919392,0.4314199282861211,0.8053821705237564,-1.2932413721391636,0.5366144831781502,0.5774996352059418,-0.17909602342240727
other,1,Konso,8,0.5719030479043961,0.6788385764469559,-1.0618909228997246,0.44531535694007884,0.6283128183368877,-0.766381463206568,0.5634207512418179,0.7200116947959992,-1.319592840749162
other,1,Konta Special,8,0.03935109078884125,0.047660213370529315,0.0,0.0,0.0,1.0,0.02766307196281592,0.04398340196601189,0.0
other,1,Kwale,8,0.29853137319521184,0.3181736878015711,-313124385.57038784,1.857035377195171e-05,2.6262446162360468e-05,-1.1333333333333329,0.44211149151352147,0.4889905105967658,-739586935.4995741
other,1,Machakos,8,0.10413327877219111,0.1499055752723745,-3322.9082887102627,0.0023151525656303074,0.0037982109437208465,-1.1338880103092968,0.3546571492654895,0.40128503597297016,-23817.773350480173
other,1,Majang,8,0.03659048676490784,0.04089086229338643,0.0,0.0,0.0,1.0,0.015303619695710091,0.030607239391420182,0.0
other,1,Makueni,8,0.3884181162129692,0.515445360349659,0.02860809700094913,0.42265303631897505,0.7028680794467606,-0.8062458003752144,0.49708752547313534,0.5765588673323067,-0.21539241384030516
other,1,Mao Komo Special,8,0.0719866977646254,0.08733499537636902,-341.80387629019816,0.0022694654010582682,0.004628819346167914,0.03703703703703709,0.003858091181799056,0.004760470786491867,-0.0185185185185186
other,1,Marka,8,0.5146967706796828,0.5866989740964655,-0.29418067839123463,0.6187549440647628,0.7800984241166484,-1.288037063481923,0.5234147876032749,0.5968748866401391,-0.33946344836683373
other,1,Mekelle Tigray,8,0.6916371203937653,0.8668830102057047,-0.03818303126417666,0.6040311921334575,0.927886676706751,-0.18944077134407444,0.9853624768533831,1.1297381290992292,-0.763228173691215
other,1,Meru,8,0.3181545644154199,0.4225059291562492,-0.7554036847271632,0.32905308639869607,0.5768322507787224,-2.2719786223801055,0.27832342290682216,0.33727094396156837,-0.11858565642676755
other,1,Metekel,8,0.2637595683785632,0.39106691465177423,0.1369302042774867,0.2431679669310786,0.48610673791099346,-0.333543079412,0.24427372829213678,0.48622543737146023,-0.3341944185428134
other,1,Migori,8,0.033547163009643555,0.03827038049248599,0.0,0.0,0.0,1.0,0.0019888153612625525,0.003977630722525105,0.0
other,1,Mirab Omo,8,0.05831122188012211,0.0908025299471244,-2.0609986206670383,0.019702581735660862,0.05536124869616139,-0.13783421852225874,0.02688655820358679,0.05717470316532899,-0.2135986171860922
other,1,Mombasa,8,0.3219938765973548,0.4415723186291302,-0.8035609304268183,0.25,0.4959242098145307,-1.2748761523170695,0.2004604262917277,0.3813156192065123,-0.34491961570497853
other,1,Muranga,8,0.08916114270687103,0.1445337187609689,0.0,0.0,0.0,1.0,0.027636149097560014,0.05527229819512003,0.0
other,1,Nairobi,8,0.3077626284271046,0.4375505353130433,-0.7677256026182229,0.24877215550533227,0.49754431101066454,-1.2857142857142856,0.19940055769785892,0.382470730272696,-0.3506873209985526
other,1,Nakuru,8,0.06000879406929016,0.09143361404998152,0.0,0.0,0.0,1.0,0.0005557145228370364,0.0006118559454722832,0.0
other,1,Nandi,8,0.032320693135261536,0.03587830352983472,0.0,0.0,0.0,1.0,0.0,0.0,1.0
other,1,North Gondar,8,0.5950655221921323,0.6455787669896833,-0.2318529238434559,0.6448223322954774,0.7769417523653648,-0.784174401940567,0.3896495164006214,0.5245723372886821,0.1866618337446303
other,1,North Shewa (AM),8,0.2618529177924694,0.3201259538384309,0.15563458158882526,0.3517541265921388,0.45150740335076295,-0.6796485478719483,0.3243167079374768,0.38923849439557434,-0.24830363507661324
other,1,North Shewa (OR),8,0.1140806627398005,0.15247772610231936,0.49353160861803735,0.10986879316218914,0.19801390117342782,0.1458563961295677,0.3535839829975802,0.3639032392052621,-1.88477121313921
other,1,North Wello,8,0.609321666562045,0.8403307193161044,0.16228536512961478,0.7156167756921488,0.8278026386545879,0.1870773290187283,0.7505630037532267,0.9402763139431077,-0.048833655854476854
other,1,North Western Tigray,8,0.9111397030137522,1.1302629864453995,0.24571563273522834,0.4816367451712575,0.850766686153441,0.5726368743762988,1.5744436970770919,1.8799297911334707,-1.0866968283396243
other,1,Nyamira,8,0.03506891429424286,0.04038590304733349,0.0,0.0,0.0,1.0,0.0,0.0,1.0
other,1,Nyandarua,8,0.0860374651234592,0.14277719717334916,-81.73241505505463,0.004052988501266147,0.011463582613265579,0.4666666666666667,0.03055344167600224,0.04375459826021089,-6.769720550451339
other,1,Nyeri,8,0.15708370993600873,0.21828348483656596,-2.6327819912427617,0.029570289816900797,0.08363740980472827,0.4666666666666667,0.13306630417605358,0.1436759338919676,-0.5738583274683893
other,1,Oromia,8,0.5417081430435112,0.6242905556911523,0.06703365852083643,0.7711742848860028,0.874447886750429,-0.8304602878818084,0.5362501082455151,0.6652508593712051,-0.0594082110036569
other,1,Qandala,8,0.34416491238330765,0.47629419714712046,-0.18325890676995904,0.3959428981526207,0.6133266774632282,-0.9620628374919296,0.41148572453815524,0.4346662240854985,0.014535485565047912
other,1,Region 14,8,0.08730903267860413,0.119532496265911,0.0,0.0,0.0,1.0,0.07142857142857145,0.1428571428571429,0.0
other,1,Sheka,8,0.035806804895401,0.04039675648069434,0.0,0.0,0.0,1.0,0.005427705640558889,0.010855411281117777,0.0
other,1,Siaya,8,0.031472593545913696,0.03547764925762116,0.0,0.0,0.0,1.0,0.0,0.0,1.0
other,1,Sidama,8,0.4687250724349711,0.5312181164901574,-0.8471379517497115,0.5616196082197519,0.6210035135804544,-1.524304206410446,0.31226028145768936,0.36470551143192675,0.12936077601347862
other,1,Siltie,8,0.33473896801969816,0.43437285183639984,-0.4498815154975393,0.4738982064110628,0.5347916709669226,-1.1977406158533808,0.290877497482509,0.3598913426566811,0.0047092587738024605
other,1,South Eastern Tigray,8,1.0932579964891023,1.2184371375433685,0.06184296661531663,0.8308311142676406,1.171777793512266,0.13231955413806573,1.4926582152880001,1.654299210564089,-0.7294077803777055
other,1,South Gondar,8,0.15445856651605486,0.19399714231221402,0.27728684155568983,0.18128341474044565,0.25412864149375686,-0.24017372676920545,0.20599188397989288,0.24583231772181666,-0.16052165398302431
other,1,South Wello,8,0.41670013988832577,0.4764541499560671,0.19570164086795028,0.48844769148435496,0.5755246811328509,-0.1735534118731905,0.4957358909974353,0.5577394424307387,-0.10214230030555438
other,1,South West Shewa,8,0.11404234527571544,0.13119544902666408,-4.386653890875053,0.059978015403420626,0.09049520242296415,-1.562905793214632,0.03315358960128312,0.06004128925093704,-0.12818819074261745
other,1,Southern Tigray,8,0.9574151744480628,1.1041927254526025,-0.3002042146417436,0.6482769981864597,0.8214803304817342,0.28035859212445946,1.2576589468948223,1.4492422656258812,-1.2397718849133548
other,1,Taita Taveta,8,0.44166666989734427,0.5390882875226533,-0.3158760989597138,0.49961110978039247,0.6803167966639107,-1.0956444103720675,0.3685708987160611,0.4110068783460262,0.2351198573849833
other,1,Tharaka-Nithi,8,0.27583724800203513,0.30965727347871896,-0.19690828050315212,0.25360667293151207,0.3881036118653725,-0.8801550671509162,0.37732443740533306,0.42158953694368506,-1.2185945838776018
other,1,Trans Nzoia,8,0.030131878571740434,0.035485564015676686,-11551.464068351466,0.0002859203263645693,0.0004669059377888208,-1.0,0.0005727616871464003,0.0009536280007376079,-7.343133456014577
other,1,Uasin Gishu,8,0.028711363673210144,0.04247615981551567,0.0,0.0,0.0,1.0,0.0,0.0,1.0
other,1,Vihiga,8,0.03144332766532898,0.03571279287162488,0.0,0.0,0.0,1.0,0.0,0.0,1.0
other,1,Wag Hamra,8,0.6117517478810394,0.8084547953043489,0.1644026983922725,0.6343826712494233,0.7467731705562272,0.28704362073674006,0.6962494390635076,0.9916439550624563,-0.25717890103516905
other,1,Welayta,8,0.42294901840690896,0.463017907555228,-0.6366508827963158,0.4782858138950457,0.5867109626587299,-1.6279002680346544,0.27759833800619316,0.321679210553539,0.2100375253146718
other,1,West Arsi,8,0.22792252805792185,0.30999387065172507,-1.0008738607079248,0.24462700520712108,0.30452050674151115,-0.9308413220809735,0.2912000270678528,0.3313479484617864,-1.2860307557138166
other,1,West Gojam,8,0.04657454788684845,0.050465027400485134,0.0,0.0,0.0,1.0,0.0,0.0,1.0
other,1,West Gondar,8,0.04494451392540427,0.057772278884991785,-404.6796260323587,0.00253526240060048,0.0032068814608335015,-0.24999999999995892,0.003295841120780685,0.004198233774394883,-1.1422859297552925
other,1,West Hararge,8,0.28108222224707363,0.32181932387084305,0.3256930080894084,0.34538396147644257,0.43018776496404904,-0.20489592493705566,0.287751500011381,0.3696101036141192,0.11055090854569083
other,1,West Shewa,8,0.03701630234718323,0.04167034614788203,0.0,0.0,0.0,1.0,0.030409074343255293,0.0603876684585685,0.0
other,1,West Wellega,8,0.05052953360327664,0.05891810175899675,0.019970529039001428,0.022494697549428372,0.06362461271176485,-0.14285714285714302,0.022494697549428372,0.06362461271176485,-0.14285714285714302
other,1,Western Tigray,8,0.581332802772522,0.7530004940750112,0.3402068432556089,0.25,0.5,0.7090909090909091,1.1152477545314752,1.4313016655280977,-1.383853914465171
other,1,Yem Special,8,0.04752315580844879,0.059755003892228084,0.0,0.0,0.0,1.0,0.022173011432486456,0.04434602286497291,0.0
other,2,Agnewak,8,0.30430236900166663,0.3497037683684295,-15.281547673769118,0.05003706669493524,0.10007413338987048,-0.3333333333333335,0.07378382661445015,0.13047352007192664,-1.2664170029205843
other,2,Amaro,8,0.5046363770961761,0.5978402849747726,-0.906202700473159,0.5,0.7071067811865476,-1.6666666666666665,0.4397530916309653,0.5600418301368861,-0.6727832080163882
other,2,Arsi,8,0.2638939446403601,0.3437530817242248,-0.5970488766223196,0.31895168579943034,0.36358614781800436,-0.7866507444029147,0.2509740741031724,0.29459133940800697,-0.17291072407553498
other,2,Asosa,8,0.03557561360052877,0.045382189115087596,-7153.199266737771,0.0007054998144702396,0.00085744305104693,-1.5538813699766503,0.02409029507755736,0.047439097088048755,-7816.411599527425
other,2,Awi,8,0.029689177870750427,0.03251195887777422,0.0,0.0,0.0,1.0,9.145195417004093e-06,1.8290390834008186e-05,0.0
other,2,Banadir,8,0.14257629215717316,0.23668181509326325,0.4878328539808763,0.125,0.3535533905932738,-0.1428571428571428,0.47159090909090906,0.5656762938478928,-1.9256198347107434
other,2,Basketo,8,0.25254547595977783,0.3888515759780131,-0.38245072585677264,0.25,0.5,-1.2857142857142856,0.3644289674974226,0.3927155856149814,-0.4100619994049626
other,2,Bench Sheko,8,0.02968527376651764,0.032034512875506675,0.0,0.0,0.0,1.0,0.0025914115164294427,0.005182823032858885,0.0
other,2,Bomet,8,0.03352329134941101,0.035909090207298676,0.0,0.0,0.0,1.0,0.0,0.0,1.0
other,2,Bossaso,8,0.3916416700455108,0.506323350953094,-0.16209627029140794,0.4745410616966644,0.633579088383235,-0.819650004566171,0.3767259908243119,0.4567557889409258,0.0542979855537179
other,2,Bungoma,8,0.033366262912750244,0.035717648098886966,0.0,0.0,0.0,1.0,0.0053481797042245205,0.010696359408449041,0.0
other,2,Buno Bedele,8,0.03000567853450775,0.03279583312236545,0.0,0.0,0.0,1.0,0.0035714415883443262,0.0071428831766886525,0.0
other,2,Burji,8,0.6730876117944717,0.7717152126344171,-1.3821774776455342,0.75,0.8660254037844386,-2.0,0.5577963467009479,0.7324427060572338,-1.1458892706257737
other,2,Busia,8,0.061119839549064636,0.0833950447222744,0.0,0.0,0.0,1.0,0.0016921724527745874,0.002763306044061069,0.0
other,2,Caluula,8,0.319010466337204,0.4622302028538112,-0.13950272229480265,0.375,0.6123724356957945,-1.0,0.40625,0.4279163576874439,0.02340048439206177
other,2,Central Gondar,8,0.16486537235508555,0.19292896775860913,-2.0786103437016767,0.17513481825426022,0.21583274216146678,-2.8529599955151084,0.11540316886332194,0.14842791729190158,-0.8221789696587338
other,2,Central Tigray,8,0.9795881467001857,1.1596000109051456,0.19241165598579912,0.574540238675971,0.9520314498979642,0.45565252689976454,1.546511920190625,1.786792992399141,-0.9174414069201442
other,2,Dawuro,8,0.6195444643658792,0.6744877702017672,-0.6845741325132852,0.6867507844358959,0.7896366716632673,-1.3088546166379804,0.5463296313378583,0.648163685057701,-0.5556480847283691
other,2,Derashe,8,0.7044566720724106,0.8178048303295979,-1.67521896204169,0.75,0.8660254037844386,-2.0,0.6096894885317085,0.7751441502209284,-1.403393814486901
other,2,Dire Dawa rural,8,0.46752965450286865,0.6047969768147308,-0.9508233768759358,0.125,0.3535533905932738,0.33333333333333337,0.35984763546819115,0.4781945257902602,-0.21957335731078342
other,2,Dire Dawa urban,8,0.31304189562797546,0.43314426183992794,-0.7153275571643982,0.25,0.5,-1.2857142857142856,1.0625,1.1437958648142306,-10.961316391918933
other,2,East Gojam,8,0.11475323846999003,0.13700166005101716,-1.9676064204987886,0.12320499044782307,0.14226486880111183,-2.1999999999999993,0.10227399772053833,0.10477780014334112,-0.735774064413707
other,2,East Shewa,8,0.19854388904187492,0.2290271863880564,-0.34313205255721635,0.20477468980426794,0.2566027857719664,-0.6860380503435242,0.1323604652549492,0.19209920674192418,0.055078391344502764
other,2,East Wellega,8,0.06229015408037472,0.07727675528919631,-2.561193342023695,0.015477545242293361,0.043777108787788885,-0.14285714285714302,0.07493399824494532,0.10295041934890083,-5.320537838155344
other,2,Eastern Tigray,8,0.9647230882220188,1.0459813995432192,0.1804712937471823,0.6855030881701893,0.954781399315307,0.31715183515654444,1.3718066854412856,1.5918768560544465,-0.8981703469836146
other,2,Elgeyo Marakwet,8,0.04398961365222931,0.04564496637464356,0.0,0.0,0.0,1.0,0.025941078806344997,0.05120012320608271,0.0
other,2,Embu,8,0.12122435603532256,0.16711260027816663,0.045991078899284554,0.09878075735764236,0.19756151471528471,-0.33333333333333326,0.14046214882390604,0.18728259974439176,-0.19819885646542224
other,2,Finfine Special,8,0.10424525945069518,0.13156588620962173,-0.3302300849913651,0.06585962979676452,0.13171925959352904,-0.33333333333333326,0.06861155481534517,0.12963354880484088,-0.29144226523126493
other,2,Gamo,8,0.6307261922980856,0.7276920754503546,-0.7673436929019133,0.7215860095802565,0.8589120713548319,-1.4621989190738889,0.47200982575091466,0.5283936462929437,0.06816096989854248
other,2,Gedeo,8,0.32641676420797483,0.41477229715750624,0.10647786298291495,0.5784271751188592,0.6593760106312437,-1.2581465212898135,0.3035329032855766,0.34487868435554336,0.3822417714372617
other,2,Gofa,8,0.46784239035663466,0.5201983347628756,-1.8843353825998088,0.45139109747551626,0.5543268800540786,-2.2752142853931265,0.26559856713517044,0.30625025706502046,0.0003205463899039751
other,2,Guraghe,8,0.21176217780604306,0.24749088441971007,-0.39456410102515727,0.11382741901174376,0.18875228742560884,0.1888437610047119,0.23960025102688337,0.2485024399072291,-0.4059872438739671
other,2,Hadiya,8,0.40359385518844615,0.4830074370518311,-0.8224637385667477,0.5288479774776838,0.6199328401045264,-2.002206401089352,0.32462339874703966,0.374118008223606,-0.09337335819719916
other,2,Halaba,8,0.32419192598082713,0.34917395665833767,-1.2572809403197134,0.1757989755423791,0.25676044425987327,-0.22055727379643297,0.18158235531787514,0.29295517340721694,-0.5889281889345179
other,2,Harari,8,0.32394130527973175,0.374743573201904,-13.95876383649186,0.0279702093905157,0.07911169892496521,0.33333333333333326,0.16183568662224868,0.19317158538951326,-2.974786508659164
other,2,Homa Bay,8,0.03406167030334473,0.036187272127110245,0.0,0.0,0.0,1.0,0.0,0.0,1.0
other,2,Horo Gudru Wellega,8,0.03135378658771515,0.03340934072378813,0.0,0.0,0.0,1.0,0.0007740535423642614,0.0011702638463226588,0.0
other,2,Ilu Aba Bora,8,0.030724629759788513,0.0334947502724282,0.0,0.0,0.0,1.0,0.00042517629184662953,0.000425332188427105,0.0
other,2,Itang Special woreda,8,0.044745415449142456,0.06425360962803896,0.0,0.0,0.0,1.0,0.08807483059977561,0.17614966119955122,0.0
other,2,Jamaame,8,0.44365154004548074,0.5356461679188903,-0.6748128091251224,0.2642054724808116,0.4041774678074636,0.04642585626462514,0.7535999473046997,0.9062732937137624,-3.7943378381529715
other,2,Jimma,8,0.034227460622787476,0.03731093563312858,0.0,0.0,0.0,1.0,0.00013534990910701872,0.00027069981821403744,0.0
other,2,Kakamega,8,0.032042667269706726,0.03481824844934157,0.0,0.0,0.0,1.0,0.0,0.0,1.0
other,2,Kamashi,8,0.26443584706741047,0.31291969982373585,0.15275395050933116,0.17555471367920494,0.3511094273584099,-0.06666666666666665,0.34047706412850415,0.3429562906760764,-0.017703549418826903
other,2,Kefa,8,0.030676618218421936,0.03296712490337945,0.0,0.0,0.0,1.0,0.0001462471502113316,0.0002924943004226632,0.0
other,2,Kellem Wollega,8,0.10147505125770934,0.13773344238035895,-3.3676470878134417,0.04781694271951903,0.09571768865330554,-1.1093718278473284,0.06344394696013053,0.07072776623034496,-0.15172453812450515
other,2,Kembata Tembaro,8,0.4888156483167149,0.6344469700044837,-1.1731553516866056,0.6420675650667017,0.7401730414575179,-1.9577852909341065,0.5794862558159348,0.6502824951503383,-1.2829912416840177
other,2,Kericho,8,0.03753955662250519,0.03923054362957956,0.0,0.0,0.0,1.0,0.0,0.0,1.0
other,2,Kiambu,8,0.08266457827088577,0.09562271338023465,-2.017705191914907,0.041610566997475285,0.08322113399495057,-1.2857142857142856,0.0567251881781399,0.09286461533012526,-1.8461331401758847
other,2,Kilifi,8,0.25232762662860536,0.2680175868062546,-0.2572574293036016,0.1380051546681927,0.2760072916318709,-0.33333333317394187,0.30139207630633097,0.36209841803604315,-1.2948319111224702
other,2,Kirinyaga,8,0.043560683727264404,0.04457506965574655,0.0,0.0,0.0,1.0,0.025567965528995484,0.05113593105799097,0.0
other,2,Kisii,8,0.03331997990608215,0.035818926942100086,0.0,0.0,0.0,1.0,0.0,0.0,1.0
other,2,Kisumu,8,0.03191894292831421,0.03454225710032831,0.0,0.0,0.0,1.0,0.0,0.0,1.0
other,2,Kitui,8,0.3959098935083383,0.5081118817831844,0.08722350597668294,0.4314199282861211,0.8053821705237564,-1.2932413721391636,0.5366144831781502,0.5774996352059418,-0.17909602342240727
other,2,Konso,8,0.5663142630905151,0.7026337808676283,-1.2089745387990902,0.44531535694007884,0.6283128183368877,-0.766381463206568,0.5634207512418179,0.7200116947959992,-1.319592840749162
other,2,Konta Special,8,0.03000885248184204,0.0323601595332974,0.0,0.0,0.0,1.0,0.02766307196281592,0.04398340196601189,0.0
other,2,Kwale,8,0.25629476194814915,0.2788499254423155,-240507947.82387903,1.857035377195171e-05,2.6262446162360468e-05,-1.1333333333333329,0.44211149151352147,0.4889905105967658,-739586935.4995741
other,2,Machakos,8,0.08984427218134791,0.10111360909092218,-1511.2816621672835,0.0023151525656303074,0.0037982109437208465,-1.1338880103092968,0.3546571492654895,0.40128503597297016,-23817.773350480173
other,2,Majang,8,0.02786065638065338,0.031156847727674058,0.0,0.0,0.0,1.0,0.015303619695710091,0.030607239391420182,0.0
other,2,Makueni,8,0.39414725506413495,0.501976659367045,0.07871021131339673,0.42265303631897505,0.7028680794467606,-0.8062458003752144,0.49708752547313534,0.5765588673323067,-0.21539241384030516
other,2,Mao Komo Special,8,0.06643726691745744,0.09241362846014793,-382.83198829841155,0.0022694654010582682,0.004628819346167914,0.03703703703703709,0.003858091181799056,0.004760470786491867,-0.0185185185185186
other,2,Marka,8,0.46160949147912894,0.5662290244657223,-0.2054480769731275,0.6187549440647628,0.7800984241166484,-1.288037063481923,0.5234147876032749,0.5968748866401391,-0.33946344836683373
other,2,Mekelle Tigray,8,0.7220079816856507,0.8724321556102843,-0.05151693550770786,0.6040311921334575,0.927886676706751,-0.18944077134407444,0.9853624768533831,1.1297381290992292,-0.763228173691215
other,2,Meru,8,0.2652849762787469,0.39344711805843163,-0.5222434949104655,0.32905308639869607,0.5768322507787224,-2.2719786223801055,0.27832342290682216,0.33727094396156837,-0.11858565642676755
other,2,Metekel,8,0.2518680543156817,0.3921007010372604,0.13236111864558742,0.2431679669310786,0.48610673791099346,-0.333543079412,0.24427372829213678,0.48622543737146023,-0.3341944185428134
other,2,Migori,8,0.03445205092430115,0.03705909761060065,0.0,0.0,0.0,1.0,0.0019888153612625525,0.003977630722525105,0.0
other,2,Mirab Omo,8,0.03610237859370763,0.041136443629808006,0.37176703437566894,0.019702581735660862,0.05536124869616139,-0.13783421852225874,0.02688655820358679,0.05717470316532899,-0.2135986171860922
other,2,Mombasa,8,0.25134359707541265,0.3985419545570654,-0.4691807545978197,0.25,0.4959242098145307,-1.2748761523170695,0.2004604262917277,0.3813156192065123,-0.34491961570497853
other,2,Muranga,8,0.04605318605899811,0.04857724116876456,0.0,0.0,0.0,1.0,0.027636149097560014,0.05527229819512003,0.0
other,2,Nairobi,8,0.27875216864641156,0.4015551734607184,-0.4888428652760397,0.24877215550533227,0.49754431101066454,-1.2857142857142856,0.19940055769785892,0.382470730272696,-0.3506873209985526
other,2,Nakuru,8,0.04988715052604675,0.051490804277681164,0.0,0.0,0.0,1.0,0.0005557145228370364,0.0006118559454722832,0.0
other,2,Nandi,8,0.03263877332210541,0.035059849235611895,0.0,0.0,0.0,1.0,0.0,0.0,1.0
other,2,North Gondar,8,0.5888594716769574,0.6455400967042431,-0.23170535183546725,0.6448223322954774,0.7769417523653648,-0.784174401940567,0.3896495164006214,0.5245723372886821,0.1866618337446303
other,2,North Shewa (AM),8,0.18356917670323403,0.2760596538031264,0.3720941269430823,0.3517541265921388,0.45150740335076295,-0.6796485478719483,0.3243167079374768,0.38923849439557434,-0.24830363507661324
other,2,North Shewa (OR),8,0.12709087554720655,0.15593180161258155,0.4703256695989432,0.10986879316218914,0.19801390117342782,0.1458563961295677,0.3535839829975802,0.3639032392052621,-1.88477121313921
other,2,North Wello,8,0.6334205431060592,0.8781305471868507,0.0852260415364482,0.7156167756921488,0.8278026386545879,0.1870773290187283,0.7505630037532267,0.9402763139431077,-0.048833655854476854
other,2,North Western Tigray,8,0.9484042438052638,1.1843859421981062,0.17174782775054287,0.4816367451712575,0.850766686153441,0.5726368743762988,1.5744436970770919,1.8799297911334707,-1.0866968283396243
other,2,Nyamira,8,0.033787086606025696,0.03610258301034221,0.0,0.0,0.0,1.0,0.0,0.0,1.0
other,2,Nyandarua,8,0.059348086083306356,0.06429887860752911,-15.77895059360701,0.004052988501266147,0.011463582613265579,0.4666666666666667,0.03055344167600224,0.04375459826021089,-6.769720550451339
other,2,Nyeri,8,0.1118677771424803,0.12253287241640894,-0.14472932268830108,0.029570289816900797,0.08363740980472827,0.4666666666666667,0.13306630417605358,0.1436759338919676,-0.5738583274683893
other,2,Oromia,8,0.5267237077042988,0.6055020940241193,0.12234517455364691,0.7711742848860028,0.874447886750429,-0.8304602878818084,0.5362501082455151,0.6652508593712051,-0.0594082110036569
other,2,Qandala,8,0.3340594067976372,0.466082969678407,-0.1330672065855003,0.3959428981526207,0.6133266774632282,-0.9620628374919296,0.41148572453815524,0.4346662240854985,0.014535485565047912
other,2,Region 14,8,0.03987649083137512,0.042403387309344766,0.0,0.0,0.0,1.0,0.07142857142857145,0.1428571428571429,0.0
other,2,Sheka,8,0.029109090566635132,0.032144644728549276,0.0,0.0,0.0,1.0,0.005427705640558889,0.010855411281117777,0.0
other,2,Siaya,8,0.03238022327423096,0.035221234584355034,0.0,0.0,0.0,1.0,0.0,0.0,1.0
other,2,Sidama,8,0.45868465512139533,0.5144532762725718,-0.7323891334814623,0.5616196082197519,0.6210035135804544,-1.524304206410446,0.31226028145768936,0.36470551143192675,0.12936077601347862
other,2,Siltie,8,0.34749617751302075,0.40858622369469366,-0.282846234105701,0.4738982064110628,0.5347916709669226,-1.1977406158533808,0.290877497482509,0.3598913426566811,0.0047092587738024605
other,2,South Eastern Tigray,8,1.1502613902583665,1.248970200892771,0.014234903356811102,0.8308311142676406,1.171777793512266,0.13231955413806573,1.4926582152880001,1.654299210564089,-0.7294077803777055
other,2,South Gondar,8,0.18454909840598757,0.20414907165525195,0.19966812208954687,0.18128341474044565,0.25412864149375686,-0.24017372676920545,0.20599188397989288,0.24583231772181666,-0.16052165398302431
other,2,South Wello,8,0.4127218427739535,0.49997115222156324,0.11434445080275257,0.48844769148435496,0.5755246811328509,-0.1735534118731905,0.4957358909974353,0.5577394424307387,-0.10214230030555438
other,2,South West Shewa,8,0.06882089733107433,0.08604807998582881,-1.3172020263574318,0.059978015403420626,0.09049520242296415,-1.562905793214632,0.03315358960128312,0.06004128925093704,-0.12818819074261745
other,2,Southern Tigray,8,0.9459228773947257,1.0928294020982972,-0.27358093202924816,0.6482769981864597,0.8214803304817342,0.28035859212445946,1.2576589468948223,1.4492422656258812,-1.2397718849133548
other,2,Taita Taveta,8,0.411470390610006,0.5307862182005723,-0.2756586610227074,0.49961110978039247,0.6803167966639107,-1.0956444103720675,0.3685708987160611,0.4110068783460262,0.2351198573849833
other,2,Tharaka-Nithi,8,0.2598085713904129,0.30279073719638494,-0.1444148146220472,0.25360667293151207,0.3881036118653725,-0.8801550671509162,0.37732443740533306,0.42158953694368506,-1.2185945838776018
other,2,Trans Nzoia,8,0.03704622598194246,0.040292997931488744,-14893.652133608683,0.0002859203263645693,0.0004669059377888208,-1.0,0.0005727616871464003,0.0009536280007376079,-7.343133456014577
other,2,Uasin Gishu,8,0.04000508785247803,0.04254392680692569,0.0,0.0,0.0,1.0,0.0,0.0,1.0
other,2,Vihiga,8,0.062356725335121155,0.08306602131781798,0.0,0.0,0.0,1.0,0.0,0.0,1.0
other,2,Wag Hamra,8,0.6281564626297702,0.9027919184601341,-0.041983571238759065,0.6343826712494233,0.7467731705562272,0.28704362073674006,0.6962494390635076,0.9916439550624563,-0.25717890103516905
other,2,Welayta,8,0.4181626909256391,0.4776512137643422,-0.7417356633368812,0.4782858138950457,0.5867109626587299,-1.6279002680346544,0.27759833800619316,0.321679210553539,0.2100375253146718
other,2,West Arsi,8,0.22326738473160013,0.271900556023481,-0.5393369292551102,0.24462700520712108,0.30452050674151115,-0.9308413220809735,0.2912000270678528,0.3313479484617864,-1.2860307557138166
other,2,West Gojam,8,0.030795887112617493,0.03439828088235159,0.0,0.0,0.0,1.0,0.0,0.0,1.0
other,2,West Gondar,8,0.03677407313236686,0.05020635788096533,-305.3808622550666,0.00253526240060048,0.0032068814608335015,-0.24999999999995892,0.003295841120780685,0.004198233774394883,-1.1422859297552925
other,2,West Hararge,8,0.2600766204293313,0.3320288803333831,0.2822302545304003,0.34538396147644257,0.43018776496404904,-0.20489592493705566,0.287751500011381,0.3696101036141192,0.11055090854569083
other,2,West Shewa,8,0.03091108798980713,0.033441324704194454,0.0,0.0,0.0,1.0,0.030409074343255293,0.0603876684585685,0.0
other,2,West Wellega,8,0.04587844906100216,0.06318932943104563,-0.1272730820941148,0.022494697549428372,0.06362461271176485,-0.14285714285714302,0.022494697549428372,0.06362461271176485,-0.14285714285714302
other,2,Western Tigray,8,0.5986568853259087,0.7387703390490472,0.36490866750994133,0.25,0.5,0.7090909090909091,1.1152477545314752,1.4313016655280977,-1.383853914465171
other,2,Yem Special,8,0.03281134366989136,0.035001191820211,0.0,0.0,0.0,1.0,0.022173011432486456,0.04434602286497291,0.0
other,3,Agnewak,8,0.4222332581313053,0.47531428803276166,-29.078543303086352,0.05003706669493524,0.10007413338987048,-0.3333333333333335,0.07378382661445015,0.13047352007192664,-1.2664170029205843
other,3,Amaro,8,0.36102864146232605,0.4984243761049754,-0.32494324637671457,0.5,0.7071067811865476,-1.6666666666666665,0.4397530916309653,0.5600418301368861,-0.6727832080163882
other,3,Arsi,8,0.2866266563918924,0.32455006953538285,-0.42360144486035756,0.31895168579943034,0.36358614781800436,-0.7866507444029147,0.2509740741031724,0.29459133940800697,-0.17291072407553498
other,3,Asosa,8,0.12333282850436025,0.1558618384107738,-84384.87129793351,0.0007054998144702396,0.00085744305104693,-1.5538813699766503,0.02409029507755736,0.047439097088048755,-7816.411599527425
other,3,Awi,8,0.10891224443912506,0.1360400172154564,0.0,0.0,0.0,1.0,9.145195417004093e-06,1.8290390834008186e-05,0.0
other,3,Banadir,8,0.15971739590168,0.22789965458436817,0.5251359765972633,0.125,0.3535533905932738,-0.1428571428571428,0.47159090909090906,0.5656762938478928,-1.9256198347107434
other,3,Basketo,8,0.3742403984069824,0.476863782051352,-1.0790771806383481,0.25,0.5,-1.2857142857142856,0.3644289674974226,0.3927155856149814,-0.4100619994049626
other,3,Bench Sheko,8,0.10232122242450714,0.13009914611015452,0.0,0.0,0.0,1.0,0.0025914115164294427,0.005182823032858885,0.0
other,3,Bomet,8,0.012699469923973083,0.01381954815331904,0.0,0.0,0.0,1.0,0.0,0.0,1.0
other,3,Bossaso,8,0.40147701118480633,0.4349694759059144,0.14236251207061634,0.4745410616966644,0.633579088383235,-0.819650004566171,0.3767259908243119,0.4567557889409258,0.0542979855537179
other,3,Bungoma,8,0.019063487648963928,0.01941400511507556,0.0,0.0,0.0,1.0,0.0053481797042245205,0.010696359408449041,0.0
other,3,Buno Bedele,8,0.10758407413959503,0.13282028600249668,0.0,0.0,0.0,1.0,0.0035714415883443262,0.0071428831766886525,0.0
other,3,Burji,8,0.5944733768701553,0.7312202405973728,-1.1387321610371188,0.75,0.8660254037844386,-2.0,0.5577963467009479,0.7324427060572338,-1.1458892706257737
other,3,Busia,8,0.017948850989341736,0.019517580267132545,0.0,0.0,0.0,1.0,0.0016921724527745874,0.002763306044061069,0.0
other,3,Caluula,8,0.3465278744697571,0.3912378271098325,0.18364246740467627,0.375,0.6123724356957945,-1.0,0.40625,0.4279163576874439,0.02340048439206177
other,3,Central Gondar,8,0.29333844559918043,0.30179336418852,-6.533195104128022,0.17513481825426022,0.21583274216146678,-2.8529599955151084,0.11540316886332194,0.14842791729190158,-0.8221789696587338
other,3,Central Tigray,8,1.0940696148652278,1.2728075390861577,0.02703078635617384,0.574540238675971,0.9520314498979642,0.45565252689976454,1.546511920190625,1.786792992399141,-0.9174414069201442
other,3,Dawuro,8,0.4989423664126632,0.5378743141113725,-0.07128143615065619,0.6867507844358959,0.7896366716632673,-1.3088546166379804,0.5463296313378583,0.648163685057701,-0.5556480847283691
other,3,Derashe,8,0.6546601355075836,0.8372033495168028,-1.8036377937686154,0.75,0.8660254037844386,-2.0,0.6096894885317085,0.7751441502209284,-1.403393814486901
other,3,Dire Dawa rural,8,0.40276043117046356,0.49996704579528534,-0.33315758336674617,0.125,0.3535533905932738,0.33333333333333337,0.35984763546819115,0.4781945257902602,-0.21957335731078342
other,3,Dire Dawa urban,8,0.5535139441490173,0.6397720891073778,-2.742247552007484,0.25,0.5,-1.2857142857142856,1.0625,1.1437958648142306,-10.961316391918933
other,3,East Gojam,8,0.18703507593336893,0.22221565716184755,-6.807355491171602,0.12320499044782307,0.14226486880111183,-2.1999999999999993,0.10227399772053833,0.10477780014334112,-0.735774064413707
other,3,East Shewa,8,0.17109922398905814,0.1981817037160474,-0.005707648257210485,0.20477468980426794,0.2566027857719664,-0.6860380503435242,0.1323604652549492,0.19209920674192418,0.055078391344502764
other,3,East Wellega,8,0.15831115128518772,0.1825194818109471,-18.866266168126536,0.015477545242293361,0.043777108787788885,-0.14285714285714302,0.07493399824494532,0.10295041934890083,-5.320537838155344
other,3,Eastern Tigray,8,1.0740398097805897,1.1853053272941128,-0.05239001747651795,0.6855030881701893,0.954781399315307,0.31715183515654444,1.3718066854412856,1.5918768560544465,-0.8981703469836146
other,3,Elgeyo Marakwet,8,0.047156840562820435,0.06475462741042606,0.0,0.0,0.0,1.0,0.025941078806344997,0.05120012320608271,0.0
other,3,Embu,8,0.23027128594116897,0.31532506477924377,-2.396651806921335,0.09878075735764236,0.19756151471528471,-0.33333333333333326,0.14046214882390604,0.18728259974439176,-0.19819885646542224
other,3,Finfine Special,8,0.1876106858253479,0.2568449324124595,-4.069699033039111,0.06585962979676452,0.13171925959352904,-0.33333333333333326,0.06861155481534517,0.12963354880484088,-0.29144226523126493
other,3,Gamo,8,0.6383343675415479,0.7167066131935562,-0.7143857453507452,0.7215860095802565,0.8589120713548319,-1.4621989190738889,0.47200982575091466,0.5283936462929437,0.06816096989854248
other,3,Gedeo,8,0.3745749021431529,0.4490510361321427,-0.04731479419450535,0.5784271751188592,0.6593760106312437,-1.2581465212898135,0.3035329032855766,0.34487868435554336,0.3822417714372617
other,3,Gofa,8,0.43118459504661427,0.4571413418509865,-1.2274544913128351,0.45139109747551626,0.5543268800540786,-2.2752142853931265,0.26559856713517044,0.30625025706502046,0.0003205463899039751
other,3,Guraghe,8,0.21329842195251264,0.22921889342021137,-0.1962470761369257,0.11382741901174376,0.18875228742560884,0.1888437610047119,0.23960025102688337,0.2485024399072291,-0.4059872438739671
other,3,Hadiya,8,0.40711139828734677,0.48981787160872503,-0.8742197672536303,0.5288479774776838,0.6199328401045264,-2.002206401089352,0.32462339874703966,0.374118008223606,-0.09337335819719916
other,3,Halaba,8,0.19503489066021273,0.21860626901425814,0.1152365965445955,0.1757989755423791,0.25676044425987327,-0.22055727379643297,0.18158235531787514,0.29295517340721694,-0.5889281889345179
other,3,Harari,8,0.2273118793964386,0.2559597938015768,-5.978640427893326,0.0279702093905157,0.07911169892496521,0.33333333333333326,0.16183568662224868,0.19317158538951326,-2.974786508659164
other,3,Homa Bay,8,0.017481938004493713,0.017971433493399375,0.0,0.0,0.0,1.0,0.0,0.0,1.0
other,3,Horo Gudru Wellega,8,0.10822732746601105,0.13459989426874827,0.0,0.0,0.0,1.0,0.0007740535423642614,0.0011702638463226588,0.0
other,3,Ilu Aba Bora,8,0.10555240511894226,0.1315373719055129,0.0,0.0,0.0,1.0,0.00042517629184662953,0.000425332188427105,0.0
other,3,Itang Special woreda,8,0.10471498966217041,0.13141039026839196,0.0,0.0,0.0,1.0,0.08807483059977561,0.17614966119955122,0.0
other,3,Jamaame,8,0.5040331230151274,0.5565561939439807,-0.8081244131461613,0.2642054724808116,0.4041774678074636,0.04642585626462514,0.7535999473046997,0.9062732937137624,-3.7943378381529715
other,3,Jimma,8,0.15268507599830627,0.17298145193984135,0.0,0.0,0.0,1.0,0.00013534990910701872,0.00027069981821403744,0.0
other,3,Kakamega,8,0.015204384922981262,0.016210685941800584,0.0,0.0,0.0,1.0,0.0,0.0,1.0
other,3,Kamashi,8,0.4430420978771887,0.5165492786297825,-1.3086987155984726,0.17555471367920494,0.3511094273584099,-0.06666666666666665,0.34047706412850415,0.3429562906760764,-0.017703549418826903
other,3,Kefa,8,0.08830249309539795,0.1186024391162862,0.0,0.0,0.0,1.0,0.0001462471502113316,0.0002924943004226632,0.0
other,3,Kellem Wollega,8,0.18765172979603179,0.2081143433203823,-8.971781678551038,0.04781694271951903,0.09571768865330554,-1.1093718278473284,0.06344394696013053,0.07072776623034496,-0.15172453812450515
other,3,Kembata Tembaro,8,0.44725634978760404,0.5531696332724448,-0.6520256296285971,0.6420675650667017,0.7401730414575179,-1.9577852909341065,0.5794862558159348,0.6502824951503383,-1.2829912416840177
other,3,Kericho,8,0.01283147931098938,0.014031442687508795,0.0,0.0,0.0,1.0,0.0,0.0,1.0
other,3,Kiambu,8,0.1428309223174785,0.18060206323009562,-9.76465458848559,0.041610566997475285,0.08322113399495057,-1.2857142857142856,0.0567251881781399,0.09286461533012526,-1.8461331401758847
other,3,Kilifi,8,0.2140989211032071,0.23977691892498734,-0.006265020551113665,0.1380051546681927,0.2760072916318709,-0.33333333317394187,0.30139207630633097,0.36209841803604315,-1.2948319111224702
other,3,Kirinyaga,8,0.06857876479625702,0.09672405314434017,0.0,0.0,0.0,1.0,0.025567965528995484,0.05113593105799097,0.0
other,3,Kisii,8,0.016124054789543152,0.016980864897237602,0.0,0.0,0.0,1.0,0.0,0.0,1.0
other,3,Kisumu,8,0.015431016683578491,0.016278973580431073,0.0,0.0,0.0,1.0,0.0,0.0,1.0
other,3,Kitui,8,0.3314261466220849,0.4815801070343377,0.18005858311125633,0.4314199282861211,0.8053821705237564,-1.2932413721391636,0.5366144831781502,0.5774996352059418,-0.17909602342240727
other,3,Konso,8,0.5337557664066315,0.7132197684938484,-1.2760374457192074,0.44531535694007884,0.6283128183368877,-0.766381463206568,0.5634207512418179,0.7200116947959992,-1.319592840749162
other,3,Konta Special,8,0.09021835029125214,0.11995297096005224,0.0,0.0,0.0,1.0,0.02766307196281592,0.04398340196601189,0.0
other,3,Kwale,8,0.2484167117400574,0.2865498924094717,-253973770.62825948,1.857035377195171e-05,2.6262446162360468e-05,-1.1333333333333329,0.44211149151352147,0.4889905105967658,-739586935.4995741
other,3,Machakos,8,0.11926004354651362,0.14892513909582078,-3279.571370698364,0.0023151525656303074,0.0037982109437208465,-1.1338880103092968,0.3546571492654895,0.40128503597297016,-23817.773350480173
other,3,Majang,8,0.10352811217308044,0.13288606715134296,0.0,0.0,0.0,1.0,0.015303619695710091,0.030607239391420182,0.0
other,3,Makueni,8,0.36262642645943677,0.49655544921453443,0.09850211126934783,0.42265303631897505,0.7028680794467606,-0.8062458003752144,0.49708752547313534,0.5765588673323067,-0.21539241384030516
other,3,Mao Komo Special,8,0.15181642040752397,0.17270872720395947,-1339.5952866381751,0.0022694654010582682,0.004628819346167914,0.03703703703703709,0.003858091181799056,0.004760470786491867,-0.0185185185185186
other,3,Marka,8,0.4652315744058369,0.5742608642895803,-0.23988867883356568,0.6187549440647628,0.7800984241166484,-1.288037063481923,0.5234147876032749,0.5968748866401391,-0.33946344836683373
other,3,Mekelle Tigray,8,0.742202109841359,0.8722688195251067,-0.051123243961321174,0.6040311921334575,0.927886676706751,-0.18944077134407444,0.9853624768533831,1.1297381290992292,-0.763228173691215
other,3,Meru,8,0.25050158946865553,0.4166753745285615,-0.7072890649617178,0.32905308639869607,0.5768322507787224,-2.2719786223801055,0.27832342290682216,0.33727094396156837,-0.11858565642676755
other,3,Metekel,8,0.30892004077159907,0.4049243007392006,0.07468106364037708,0.2431679669310786,0.48610673791099346,-0.333543079412,0.24427372829213678,0.48622543737146023,-0.3341944185428134
other,3,Migori,8,0.017961278557777405,0.01845270733618071,0.0,0.0,0.0,1.0,0.0019888153612625525,0.003977630722525105,0.0
other,3,Mirab Omo,8,0.08175974510791356,0.1097990637469814,-3.4757364923954555,0.019702581735660862,0.05536124869616139,-0.13783421852225874,0.02688655820358679,0.05717470316532899,-0.2135986171860922
other,3,Mombasa,8,0.3163227330655555,0.4273620268771161,-0.6893475210044515,0.25,0.4959242098145307,-1.2748761523170695,0.2004604262917277,0.3813156192065123,-0.34491961570497853
other,3,Muranga,8,0.08246710896492004,0.12191218812641139,0.0,0.0,0.0,1.0,0.027636149097560014,0.05527229819512003,0.0
other,3,Nairobi,8,0.33537921868856396,0.4475931452819519,-0.8498020938628181,0.24877215550533227,0.49754431101066454,-1.2857142857142856,0.19940055769785892,0.382470730272696,-0.3506873209985526
other,3,Nakuru,8,0.04882575571537018,0.07245252673767562,0.0,0.0,0.0,1.0,0.0005557145228370364,0.0006118559454722832,0.0
other,3,Nandi,8,0.013620689511299133,0.015253774467679306,0.0,0.0,0.0,1.0,0.0,0.0,1.0
other,3,North Gondar,8,0.4632877655908798,0.5201691352880878,0.20025866873740295,0.6448223322954774,0.7769417523653648,-0.784174401940567,0.3896495164006214,0.5245723372886821,0.1866618337446303
other,3,North Shewa (AM),8,0.34334362817016256,0.3931024429633982,-0.2732103276492355,0.3517541265921388,0.45150740335076295,-0.6796485478719483,0.3243167079374768,0.38923849439557434,-0.24830363507661324
other,3,North Shewa (OR),8,0.17031672121338753,0.196927005432601,0.15520742802940968,0.10986879316218914,0.19801390117342782,0.1458563961295677,0.3535839829975802,0.3639032392052621,-1.88477121313921
other,3,North Wello,8,0.6057452432495848,0.7867972799887034,0.2656191857587735,0.7156167756921488,0.8278026386545879,0.1870773290187283,0.7505630037532267,0.9402763139431077,-0.048833655854476854
other,3,North Western Tigray,8,1.113843762657787,1.3172814703628828,-0.024550244423348966,0.4816367451712575,0.850766686153441,0.5726368743762988,1.5744436970770919,1.8799297911334707,-1.0866968283396243
other,3,Nyamira,8,0.014544785022735596,0.01549413361516861,0.0,0.0,0.0,1.0,0.0,0.0,1.0
other,3,Nyandarua,8,0.06240616062097201,0.10235673708130848,-41.51976580500227,0.004052988501266147,0.011463582613265579,0.4666666666666667,0.03055344167600224,0.04375459826021089,-6.769720550451339
other,3,Nyeri,8,0.1940216917799571,0.22216792900922117,-2.763226100463866,0.029570289816900797,0.08363740980472827,0.4666666666666667,0.13306630417605358,0.1436759338919676,-0.5738583274683893
other,3,Oromia,8,0.5291738375902107,0.5837452400888984,0.1842836810026911,0.7711742848860028,0.874447886750429,-0.8304602878818084,0.5362501082455151,0.6652508593712051,-0.0594082110036569
other,3,Qandala,8,0.38533501772140427,0.41694944011882024,0.09323240493825835,0.3959428981526207,0.6133266774632282,-0.9620628374919296,0.41148572453815524,0.4346662240854985,0.014535485565047912
other,3,Region 14,8,0.22035638988018036,0.251998629920371,0.0,0.0,0.0,1.0,0.07142857142857145,0.1428571428571429,0.0
other,3,Sheka,8,0.10419423878192902,0.13309313043445242,0.0,0.0,0.0,1.0,0.005427705640558889,0.010855411281117777,0.0
other,3,Siaya,8,0.01447625458240509,0.015706656081351942,0.0,0.0,0.0,1.0,0.0,0.0,1.0
other,3,Sidama,8,0.4237154865024393,0.4917313295882176,-0.5827391127888093,0.5616196082197519,0.6210035135804544,-1.524304206410446,0.31226028145768936,0.36470551143192675,0.12936077601347862
other,3,Siltie,8,0.3042018371409352,0.40215395883696153,-0.2427731487033742,0.4738982064110628,0.5347916709669226,-1.1977406158533808,0.290877497482509,0.3598913426566811,0.0047092587738024605
other,3,South Eastern Tigray,8,1.2508791417375154,1.3604537502542982,-0.1695986216778842,0.8308311142676406,1.171777793512266,0.13231955413806573,1.4926582152880001,1.654299210564089,-0.7294077803777055
other,3,South Gondar,8,0.21984890161805146,0.2833353645568699,-0.5416183309375271,0.18128341474044565,0.25412864149375686,-0.24017372676920545,0.20599188397989288,0.24583231772181666,-0.16052165398302431
other,3,South Wello,8,0.33992794877627996,0.41324428305577476,0.3949536256242525,0.48844769148435496,0.5755246811328509,-0.1735534118731905,0.4957358909974353,0.5577394424307387,-0.10214230030555438
other,3,South West Shewa,8,0.14759786783678874,0.1641442354419942,-7.432042793098237,0.059978015403420626,0.09049520242296415,-1.562905793214632,0.03315358960128312,0.06004128925093704,-0.12818819074261745
other,3,Southern Tigray,8,0.938887711369564,1.1052904060399666,-0.30279057169515045,0.6482769981864597,0.8214803304817342,0.28035859212445946,1.2576589468948223,1.4492422656258812,-1.2397718849133548
other,3,Taita Taveta,8,0.4535120350640084,0.5394965122492074,-0.31786974846152205,0.49961110978039247,0.6803167966639107,-1.0956444103720675,0.3685708987160611,0.4110068783460262,0.2351198573849833
other,3,Tharaka-Nithi,8,0.3815013224229641,0.42897691486809464,-1.2970272299467425,0.25360667293151207,0.3881036118653725,-0.8801550671509162,0.37732443740533306,0.42158953694368506,-1.2185945838776018
other,3,Trans Nzoia,8,0.021751450615159318,0.02469040229146891,-5591.7773963836125,0.0002859203263645693,0.0004669059377888208,-1.0,0.0005727616871464003,0.0009536280007376079,-7.343133456014577
other,3,Uasin Gishu,8,0.019383534789085388,0.02228063187045154,0.0,0.0,0.0,1.0,0.0,0.0,1.0
other,3,Vihiga,8,0.014589264988899231,0.016299260249404004,0.0,0.0,0.0,1.0,0.0,0.0,1.0
other,3,Wag Hamra,8,0.6550700673283277,0.9472695570329007,-0.14718301107130793,0.6343826712494233,0.7467731705562272,0.28704362073674006,0.6962494390635076,0.9916439550624563,-0.25717890103516905
other,3,Welayta,8,0.47059132130275505,0.5113913200161021,-0.9964901772237742,0.4782858138950457,0.5867109626587299,-1.6279002680346544,0.27759833800619316,0.321679210553539,0.2100375253146718
other,3,West Arsi,8,0.23756363328678354,0.2878181574578069,-0.724844206119559,0.24462700520712108,0.30452050674151115,-0.9308413220809735,0.2912000270678528,0.3313479484617864,-1.2860307557138166
other,3,West Gojam,8,0.12855802476406097,0.1494894671351214,0.0,0.0,0.0,1.0,0.0,0.0,1.0
other,3,West Gondar,8,0.12066948820003959,0.15435721489417945,-2894.996728056728,0.00253526240060048,0.0032068814608335015,-0.24999999999995892,0.003295841120780685,0.004198233774394883,-1.1422859297552925
other,3,West Hararge,8,0.26413661001866134,0.32258771056316116,0.32246916768441425,0.34538396147644257,0.43018776496404904,-0.20489592493705566,0.287751500011381,0.3696101036141192,0.11055090854569083
other,3,West Shewa,8,0.11310721933841705,0.13807929938806102,0.0,0.0,0.0,1.0,0.030409074343255293,0.0603876684585685,0.0
other,3,West Wellega,8,0.12513303158530178,0.14567480706722719,-4.991154876264388,0.022494697549428372,0.06362461271176485,-0.14285714285714302,0.022494697549428372,0.06362461271176485,-0.14285714285714302
other,3,Western Tigray,8,0.6554739326238632,0.768970129341145,0.3119242940288731,0.25,0.5,0.7090909090909091,1.1152477545314752,1.4313016655280977,-1.383853914465171
other,3,Yem Special,8,0.10856647789478302,0.13397903116172052,0.0,0.0,0.0,1.0,0.022173011432486456,0.04434602286497291,0.0
other,4,Agnewak,8,0.30709955537633093,0.386416407801623,-18.879533027014762,0.10007413338987048,0.14152619668268904,-1.666666666666667,0.07378382661445015,0.13047352007192664,-1.2664170029205843
other,4,Amaro,8,0.4563662260770798,0.6139210756412457,-1.010128464621355,0.2437140013234364,0.48759010744863035,-0.2679686020360901,0.4397530916309653,0.5600418301368861,-0.6727832080163882
other,4,Arsi,8,0.21505244371464965,0.2614886635922993,0.07587495986174242,0.35960173468635115,0.42686080881718946,-1.4626209681170348,0.2509740741031724,0.29459133940800697,-0.17291072407553498
other,4,Asosa,8,0.08198690436533743,0.130780344315635,-59411.12728060724,0.0005549879180076489,0.0007397213914436848,-0.9007565938599331,0.02409029507755736,0.047439097088048755,-7816.411599527425
other,4,Awi,8,0.03630286455154419,0.04240759133153498,0.0,0.0,0.0,1.0,9.145195417004093e-06,1.8290390834008186e-05,0.0
other,4,Banadir,8,0.17099720239639282,0.23025552005978964,0.5152676158353903,0.125,0.3535533905932738,-0.1428571428571428,0.47159090909090906,0.5656762938478928,-1.9256198347107434
other,4,Basketo,8,0.30561821162700653,0.39645361840185595,-0.4370328826873089,0.27307954110996563,0.504243316011995,-1.3246749416482078,0.3644289674974226,0.3927155856149814,-0.4100619994049626
other,4,Bench Sheko,8,0.025694027543067932,0.026360822937770468,0.0,0.0,0.0,1.0,0.0025914115164294427,0.005182823032858885,0.0
other,4,Bomet,8,0.03597645461559296,0.03755506696712229,0.0,0.0,0.0,1.0,0.0,0.0,1.0
other,4,Bossaso,8,0.36516082499515484,0.4501528636231536,0.08144275292313741,0.5,0.7194546366225514,-1.3463512410048462,0.3767259908243119,0.4567557889409258,0.0542979855537179
other,4,Bungoma,8,0.036943674087524414,0.03915094102580008,0.0,0.0,0.0,1.0,0.0053481797042245205,0.010696359408449041,0.0
other,4,Buno Bedele,8,0.04002656042575836,0.04382389838091686,0.0,0.0,0.0,1.0,0.0035714415883443262,0.0071428831766886525,0.0
other,4,Burji,8,0.7235627621412277,0.8490081931791859,-1.883259648341543,0.625,0.7905694150420949,-1.5,0.5577963467009479,0.7324427060572338,-1.1458892706257737
other,4,Busia,8,0.052809715270996094,0.05902336000052474,0.0,0.0,0.0,1.0,0.0016921724527745874,0.002763306044061069,0.0
other,4,Caluula,8,0.3341415226459503,0.3848994015404111,0.20987973703377827,0.5,0.7071067811865476,-1.6666666666666665,0.40625,0.4279163576874439,0.02340048439206177
other,4,Central Gondar,8,0.2400162793947279,0.2772657077694092,-5.358463191676228,0.135528745968408,0.1662743984941465,-1.286707487066706,0.11540316886332194,0.14842791729190158,-0.8221789696587338
other,4,Central Tigray,8,1.3319856225032054,1.5655577608283955,-0.472013562515911,0.7529343248280869,1.2593894940604018,0.047436902823781435,1.546511920190625,1.786792992399141,-0.9174414069201442
other,4,Dawuro,8,0.6106758223559361,0.7083481186809366,-0.8579561429167373,0.7933909114994283,0.9154048676143303,-2.1029044592802113,0.5463296313378583,0.648163685057701,-0.5556480847283691
other,4,Derashe,8,0.796178326010704,0.9488361100921324,-2.601159855259077,0.625,0.7905694150420949,-1.5,0.6096894885317085,0.7751441502209284,-1.403393814486901
other,4,Dire Dawa rural,8,0.46297119557857513,0.6479776736222854,-1.2393336827357282,0.25702967529254245,0.5003951745148515,-0.3354417636146596,0.35984763546819115,0.4781945257902602,-0.21957335731078342
other,4,Dire Dawa urban,8,0.41497478634119034,0.5475881142379643,-1.7415107918143065,0.375,0.6123724356957945,-2.4285714285714284,1.0625,1.1437958648142306,-10.961316391918933
other,4,East Gojam,8,0.15690300600748325,0.17848864928707206,-4.037045211348881,0.10481618505238402,0.13269419231630675,-1.7839310419907424,0.10227399772053833,0.10477780014334112,-0.735774064413707
other,4,East Shewa,8,0.18615089193453188,0.20492741151239274,-0.07533738950274071,0.23596285823330063,0.3139529866497631,-1.5239100643290726,0.1323604652549492,0.19209920674192418,0.055078391344502764
other,4,East Wellega,8,0.10290416361810398,0.1433997671850853,-11.26294239355985,0.016777518628838334,0.043931249700682365,-0.1509194011083821,0.07493399824494532,0.10295041934890083,-5.320537838155344
other,4,Eastern Tigray,8,1.2485763061814228,1.4742383273692905,-0.6279896627808312,0.725920148975475,1.1784146878459594,-0.04018968106568743,1.3718066854412856,1.5918768560544465,-0.8981703469836146
other,4,Elgeyo Marakwet,8,0.05303382873535156,0.06542661189921752,0.0,0.0,0.0,1.0,0.025941078806344997,0.05120012320608271,0.0
other,4,Embu,8,0.24550467729568481,0.30075694770012457,-2.0900490933709857,0.2086856355690838,0.29638128377879136,-2.0007899164723577,0.14046214882390604,0.18728259974439176,-0.19819885646542224
other,4,Finfine Special,8,0.18532489149453368,0.22417689634646035,-2.8620854578891524,0.13171925959352904,0.18627916334291117,-1.6666666666666665,0.06861155481534517,0.12963354880484088,-0.29144226523126493
other,4,Gamo,8,0.5538951229387769,0.7650753162805238,-0.9535930625829985,0.8534131030673623,0.9833744892014662,-2.2274802887378486,0.47200982575091466,0.5283936462929437,0.06816096989854248
other,4,Gedeo,8,0.2985608931475342,0.3585682742788315,0.3322259244276837,0.6602623268927102,0.7498791396675084,-1.9205750960711496,0.3035329032855766,0.34487868435554336,0.3822417714372617
other,4,Gofa,8,0.40338556920915214,0.48928346559070357,-1.5516959364627305,0.3043452736200649,0.36874636657480986,-0.4493168510608332,0.26559856713517044,0.30625025706502046,0.0003205463899039751
other,4,Guraghe,8,0.21407691081234959,0.2572109256551023,-0.5062563499983384,0.20367329148203636,0.25980787306149267,-0.5368259358244691,0.23960025102688337,0.2485024399072291,-0.4059872438739671
other,4,Hadiya,8,0.36393961517627726,0.470113529600738,-0.7264609535051332,0.531158616658141,0.5841088194458318,-1.6652551286968156,0.32462339874703966,0.374118008223606,-0.09337335819719916
other,4,Halaba,8,0.39731806323744945,0.4310559267838316,-2.4400849548966645,0.23663869200933607,0.4034515003949479,-2.0135929839388713,0.18158235531787514,0.29295517340721694,-0.5889281889345179
other,4,Harari,8,0.2929069840323818,0.3484287064162234,-11.931686747143138,0.06384871967970573,0.11409492363124868,-0.3866279909054917,0.16183568662224868,0.19317158538951326,-2.974786508659164
other,4,Homa Bay,8,0.037390440702438354,0.03901413555378662,0.0,0.0,0.0,1.0,0.0,0.0,1.0
other,4,Horo Gudru Wellega,8,0.03567376732826233,0.038310494610745253,0.0,0.0,0.0,1.0,0.0007740535423642614,0.0011702638463226588,0.0
other,4,Ilu Aba Bora,8,0.03548230230808258,0.037466656561673375,0.0,0.00021591219169789233,0.0006106918995617178,0.0,0.00042517629184662953,0.000425332188427105,0.0
other,4,Itang Special woreda,8,0.036487504839897156,0.043540899803885764,0.0,0.0,0.0,1.0,0.08807483059977561,0.17614966119955122,0.0
other,4,Jamaame,8,0.6127234742629148,0.6857756316099078,-1.7452023807143715,0.3210587927029229,0.5369989812699288,-0.6832832150428052,0.7535999473046997,0.9062732937137624,-3.7943378381529715
other,4,Jimma,8,0.06373223662376404,0.10167618813725002,0.0,0.0,0.0,1.0,0.00013534990910701872,0.00027069981821403744,0.0
other,4,Kakamega,8,0.03684920072555542,0.03893574652941088,0.0,0.0,0.0,1.0,0.0,0.0,1.0
other,4,Kamashi,8,0.37070029814116573,0.45458852783774656,-0.7880542266763233,0.3298447008985984,0.46936998729172635,-0.9062259397314443,0.34047706412850415,0.3429562906760764,-0.017703549418826903
other,4,Kefa,8,0.0290260910987854,0.029312976418260486,0.0,0.0,0.0,1.0,0.0001462471502113316,0.0002924943004226632,0.0
other,4,Kellem Wollega,8,0.18976387998829253,0.24798303903508329,-13.158351547273655,0.07959559964182741,0.13130476079494363,-2.969444016945001,0.06344394696013053,0.07072776623034496,-0.15172453812450515
other,4,Kembata Tembaro,8,0.4867073575252034,0.5765987499252067,-0.7949299799721266,0.6297548895924852,0.6837567758494411,-1.5240816799523236,0.5794862558159348,0.6502824951503383,-1.2829912416840177
other,4,Kericho,8,0.03869791328907013,0.04031009630410656,0.0,0.0,0.0,1.0,0.0,0.0,1.0
other,4,Kiambu,8,0.16167810471055252,0.18362445658961557,-10.127964490372168,0.041610566997475285,0.08322113399495057,-1.2857142857142856,0.0567251881781399,0.09286461533012526,-1.8461331401758847
other,4,Kilifi,8,0.21616367842115597,0.25297683334792065,-0.12010601509711671,0.2760088004593819,0.3903332551163269,-1.6666666660291005,0.30139207630633097,0.36209841803604315,-1.2948319111224702
other,4,Kirinyaga,8,0.06701760739088058,0.08531777605187742,0.0,0.0,0.0,1.0,0.025567965528995484,0.05113593105799097,0.0
other,4,Kisii,8,0.03722667694091797,0.03848846126592814,0.0,0.0,0.0,1.0,0.0,0.0,1.0
other,4,Kisumu,8,0.035370588302612305,0.03705205042743372,0.0,0.0,0.0,1.0,0.0,0.0,1.0
other,4,Kitui,8,0.46214767097988063,0.5225135474051245,0.034747675148467994,0.7379679687783667,0.961147883452426,-2.2660751556151117,0.5366144831781502,0.5774996352059418,-0.17909602342240727
other,4,Konso,8,0.7371282557100296,0.8594653668583391,-2.3051366545705574,0.7488079847586653,0.834918545408101,-2.1190394962682966,0.5634207512418179,0.7200116947959992,-1.319592840749162
other,4,Konta Special,8,0.03661128878593445,0.04358663965492346,0.0,0.0007987215342518394,0.002259125652596796,0.0,0.02766307196281592,0.04398340196601189,0.0
other,4,Kwale,8,0.3311487037463593,0.3613959768879464,-403975470.28413147,1.857035377195171e-05,2.6262446162360468e-05,-1.1333333333333329,0.44211149151352147,0.4889905105967658,-739586935.4995741
other,4,Machakos,8,0.2254401749819079,0.26903001072912636,-10704.696312199652,0.0032096010174906264,0.004207950012181996,-1.619115228843607,0.3546571492654895,0.40128503597297016,-23817.773350480173
other,4,Majang,8,0.02595341205596924,0.026860704621738358,0.0,0.0,0.0,1.0,0.015303619695710091,0.030607239391420182,0.0
other,4,Makueni,8,0.47332193756211316,0.5301326066820027,-0.027538832542563396,0.7211636822174774,0.8797446413160122,-1.8297135201591992,0.49708752547313534,0.5765588673323067,-0.21539241384030516
other,4,Mao Komo Special,8,0.07151239380382524,0.09381057071199342,-394.5238505341577,0.00499282388232819,0.006670838665792248,-1.0,0.003858091181799056,0.004760470786491867,-0.0185185185185186
other,4,Marka,8,0.3695696958200215,0.4127079668762691,0.35960201146230597,0.4959975525913264,0.5723811773903257,-0.2317850856625301,0.5234147876032749,0.5968748866401391,-0.33946344836683373
other,4,Mekelle Tigray,8,0.8883386172332887,0.9863380176693417,-0.3440161563504416,0.5541937615733085,0.8712583018783623,-0.048689216056764684,0.9853624768533831,1.1297381290992292,-0.763228173691215
other,4,Meru,8,0.3002950352128372,0.39916658022363166,-0.566822272459041,0.4753070722121246,0.638839018134391,-3.0132319108803953,0.27832342290682216,0.33727094396156837,-0.11858565642676755
other,4,Metekel,8,0.43871083860122706,0.5585453030830841,-0.7605995089184598,0.4861066703309664,0.6873776224976407,-1.6664567722734605,0.24427372829213678,0.48622543737146023,-0.3341944185428134
other,4,Migori,8,0.03607875108718872,0.03756664405642037,0.0,0.0,0.0,1.0,0.0019888153612625525,0.003977630722525105,0.0
other,4,Mirab Omo,8,0.049709407371684,0.06326681104510365,-0.48600107889632826,0.019806515894875948,0.05548367123877779,-0.14287205915684553,0.02688655820358679,0.05717470316532899,-0.2135986171860922
other,4,Mombasa,8,0.4129817228526572,0.4807728786556743,-1.1379968377975507,0.2520463390743454,0.49798309304083016,-1.2938041526555057,0.2004604262917277,0.3813156192065123,-0.34491961570497853
other,4,Muranga,8,0.11757110804319382,0.16334630207530784,0.0,0.0,0.0,1.0,0.027636149097560014,0.05527229819512003,0.0
other,4,Nairobi,8,0.3616261985212132,0.4478040959025306,-0.851546127963261,0.24877215550533227,0.49754431101066454,-1.2857142857142856,0.19940055769785892,0.382470730272696,-0.3506873209985526
other,4,Nakuru,8,0.05651897192001343,0.0703127717606097,0.0,0.0,0.0,1.0,0.0005557145228370364,0.0006118559454722832,0.0
other,4,Nandi,8,0.03840608894824982,0.039503426130654176,0.0,0.0,0.0,1.0,0.0,0.0,1.0
other,4,North Gondar,8,0.5695371725246643,0.6271875222224225,-0.1626666134486512,0.6288939086493069,0.7122646911686921,-0.4994887578824936,0.3896495164006214,0.5245723372886821,0.1866618337446303
other,4,North Shewa (AM),8,0.19426449907031668,0.22167326767979156,0.5951302647513416,0.3130137423024755,0.4491771709329797,-0.6623559344947474,0.3243167079374768,0.38923849439557434,-0.24830363507661324
other,4,North Shewa (OR),8,0.19142285410670057,0.2170921895880628,-0.026663047347351032,0.1573403153830358,0.2197479210749777,-0.05193543089277375,0.3535839829975802,0.3639032392052621,-1.88477121313921
other,4,North Wello,8,0.7386093862886075,1.0233554497836774,-0.2423633640484939,0.7793547004142901,1.0459768771965408,-0.29789569080405887,0.7505630037532267,0.9402763139431077,-0.048833655854476854
other,4,North Western Tigray,8,1.365367314436291,1.6826807937546453,-0.6717817154679435,0.7498592108977351,1.269932194446081,0.047780299995087816,1.5744436970770919,1.8799297911334707,-1.0866968283396243
other,4,Nyamira,8,0.03639119863510132,0.03792641782861377,0.0,0.0,0.0,1.0,0.0,0.0,1.0
other,4,Nyandarua,8,0.08175710657052646,0.11917700197523613,-56.64251349315208,0.008105977002532294,0.01621195400506459,-0.06666666666666665,0.03055344167600224,0.04375459826021089,-6.769720550451339
other,4,Nyeri,8,0.2165816194152388,0.2346838839919972,-3.1991763433877987,0.08871086945070239,0.14486424319524874,-0.6000000000000003,0.13306630417605358,0.1436759338919676,-0.5738583274683893
other,4,Oromia,8,0.4579158887147835,0.6105057479981667,0.10777998669527633,0.7125601436172023,0.8883315266820925,-0.8890462758347286,0.5362501082455151,0.6652508593712051,-0.0594082110036569
other,4,Qandala,8,0.3848411336347954,0.4177085347772032,0.08992769243094656,0.5,0.7076579273858629,-1.6120167265380467,0.41148572453815524,0.4346662240854985,0.014535485565047912
other,4,Region 14,8,0.14559414982795715,0.20431429976486273,0.0,0.0,0.0,1.0,0.07142857142857145,0.1428571428571429,0.0
other,4,Sheka,8,0.028193548321723938,0.02938494874321747,0.0,0.0,0.0,1.0,0.005427705640558889,0.010855411281117777,0.0
other,4,Siaya,8,0.0406489372253418,0.042022175148391995,0.0,0.0,0.0,1.0,0.0,0.0,1.0
other,4,Sidama,8,0.42354466274174185,0.48910366488578927,-0.565868942137782,0.421164675777214,0.5640563052002752,-1.0825646522656043,0.31226028145768936,0.36470551143192675,0.12936077601347862
other,4,Siltie,8,0.35265101552704914,0.41764895704625826,-0.34038625960417956,0.4978034524746435,0.5739060235861152,-1.5309801017937117,0.290877497482509,0.3598913426566811,0.0047092587738024605
other,4,South Eastern Tigray,8,1.4401192099347657,1.601932903288491,-0.6216529895105618,0.7499894647175731,1.2095687423081087,0.07545001902550852,1.4926582152880001,1.654299210564089,-0.7294077803777055
other,4,South Gondar,8,0.21982181964551858,0.27411034859226135,-0.4428665348510221,0.2950561612389626,0.3389769474735905,-1.2065594142835159,0.20599188397989288,0.24583231772181666,-0.16052165398302431
other,4,South Wello,8,0.4775151205882853,0.5662336385639898,-0.13596849540436362,0.6157314242605074,0.657627778596553,-0.5322698428749939,0.4957358909974353,0.5577394424307387,-0.10214230030555438
other,4,South West Shewa,8,0.07745252247864254,0.08932856281762974,-1.4972511668865889,0.059978015403420626,0.09049520242296415,-1.562905793214632,0.03315358960128312,0.06004128925093704,-0.12818819074261745
other,4,Southern Tigray,8,1.1844291085607486,1.3622963246721285,-0.9790874103002523,0.6476212706893631,0.818784569263365,0.285073977789419,1.2576589468948223,1.4492422656258812,-1.2397718849133548
other,4,Taita Taveta,8,0.3820062524406166,0.4571868377242526,0.05358275848122496,0.5438735302888399,0.712080615895028,-1.2959029890643596,0.3685708987160611,0.4110068783460262,0.2351198573849833
other,4,Tharaka-Nithi,8,0.36097279730890464,0.4021344978574789,-1.0185567485477827,0.43355455914350605,0.49825641006657745,-2.098875223681527,0.37732443740533306,0.42158953694368506,-1.2185945838776018
other,4,Trans Nzoia,8,0.027925411479703233,0.03423985860300647,-10754.611992412478,9.530677545485644e-05,0.00026956826886861035,0.33333333333333337,0.0005727616871464003,0.0009536280007376079,-7.343133456014577
other,4,Uasin Gishu,8,0.031537868082523346,0.03946150176905111,0.0,0.0,0.0,1.0,0.0,0.0,1.0
other,4,Vihiga,8,0.03654509782791138,0.03802026650441653,0.0,0.0,0.0,1.0,0.0,0.0,1.0
other,4,Wag Hamra,8,0.8888592877806364,1.2010859993564351,-0.8443092959517868,1.000645875083269,1.1286201326537686,-0.6284751368189301,0.6962494390635076,0.9916439550624563,-0.25717890103516905
other,4,Welayta,8,0.3510144525051526,0.40490021672437454,-0.25157388166328176,0.44803129431484917,0.5326888940998648,-1.1662459204691435,0.27759833800619316,0.321679210553539,0.2100375253146718
other,4,West Arsi,8,0.15753446391598952,0.19604140314835233,0.19978055281357254,0.308080686292302,0.33554351610939254,-1.3442892671602702,0.2912000270678528,0.3313479484617864,-1.2860307557138166
other,4,West Gojam,8,0.06128491461277008,0.08871636067850255,0.0,0.0,0.0,1.0,0.0,0.0,1.0
other,4,West Gondar,8,0.06745487857708427,0.0971341088850183,-1145.8000934012634,0.002028209920480417,0.002868321976883063,0.0,0.003295841120780685,0.004198233774394883,-1.1422859297552925
other,4,West Hararge,8,0.43253585452012316,0.5066291731011124,-0.6711437723964118,0.43919574367238245,0.46115505421461056,-0.38460970846532505,0.287751500011381,0.3696101036141192,0.11055090854569083
other,4,West Shewa,8,0.04041364789009094,0.04569913851399131,0.0,0.0,0.0,1.0,0.030409074343255293,0.0603876684585685,0.0
other,4,West Wellega,8,0.053620123841847805,0.06679211342675803,-0.2594821434363219,0.022494697549428372,0.06362461271176485,-0.14285714285714302,0.022494697549428372,0.06362461271176485,-0.14285714285714302
other,4,Western Tigray,8,0.9289023131132126,1.1082877510500233,-0.4292965691665669,0.5387191620757341,0.8729223264957632,0.11331678476244289,1.1152477545314752,1.4313016655280977,-1.383853914465171
other,4,Yem Special,8,0.044869646430015564,0.0578994834870294,0.0,0.0,0.0,1.0,0.022173011432486456,0.04434602286497291,0.0
other,8,Agnewak,8,0.4434489712683758,0.6085224232271157,-48.300149105031686,0.10007413338987048,0.14152619668268904,-1.666666666666667,0.07378382661445015,0.13047352007192664,-1.2664170029205843
other,8,Amaro,8,0.5344012826681137,0.6663118480487439,-1.3678478872007056,0.4937140013234364,0.6983867931753628,-1.6013019353694236,0.4397530916309653,0.5600418301368861,-0.6727832080163882
other,8,Arsi,8,0.20161139110685494,0.24754748276524038,0.17178701345301417,0.21079479608301277,0.25257145946731113,0.13782871446375344,0.2509740741031724,0.29459133940800697,-0.17291072407553498
other,8,Asosa,8,0.15248650334528738,0.22843931514519322,-181271.4685255887,0.0005437094058522163,0.0007940428455099388,-1.1901709989073832,0.02409029507755736,0.047439097088048755,-7816.411599527425
other,8,Awi,8,0.04624307155609131,0.048314036257015566,0.0,0.0,0.0,1.0,9.145195417004093e-06,1.8290390834008186e-05,0.0
other,8,Banadir,8,0.24691835045814514,0.2876340231715802,0.24358097110062515,0.25,0.5,-1.2857142857142856,0.47159090909090906,0.5656762938478928,-1.9256198347107434
other,8,Basketo,8,0.3677227944135666,0.42260890379722826,-0.6328986109137824,0.27307954110996563,0.504243316011995,-1.3246749416482078,0.3644289674974226,0.3927155856149814,-0.4100619994049626
other,8,Bench Sheko,8,0.04203365743160248,0.04418985506264762,0.0,0.0,0.0,1.0,0.0025914115164294427,0.005182823032858885,0.0
other,8,Bomet,8,0.03215418756008148,0.033353633691763834,0.0,0.0,0.0,1.0,0.0,0.0,1.0
other,8,Bossaso,8,0.39900285218250225,0.4298848587302159,0.16229618922151479,0.5663607077977763,0.7194546366225514,-1.3463512410048462,0.3767259908243119,0.4567557889409258,0.0542979855537179
other,8,Bungoma,8,0.03395816683769226,0.0345954176002122,0.0,0.0,0.0,1.0,0.0053481797042245205,0.010696359408449041,0.0
other,8,Buno Bedele,8,0.04438182711601257,0.04598743740120047,0.0,0.0,0.0,1.0,0.0035714415883443262,0.0071428831766886525,0.0
other,8,Burji,8,0.7549919039011002,0.8881528014209877,-2.1552615946877935,0.625,0.7905694150420949,-1.5,0.5577963467009479,0.7324427060572338,-1.1458892706257737
other,8,Busia,8,0.029755279421806335,0.030967106320092433,0.0,0.0,0.0,1.0,0.0016921724527745874,0.002763306044061069,0.0
other,8,Caluula,8,0.43442392349243164,0.4461094782189939,-0.06140622163638909,0.5,0.7071067811865476,-1.6666666666666665,0.40625,0.4279163576874439,0.02340048439206177
other,8,Central Gondar,8,0.24840725737343425,0.2783561468536948,-5.408575057365424,0.09662253427674525,0.1356466251715669,-0.5218709572370273,0.11540316886332194,0.14842791729190158,-0.8221789696587338
other,8,Central Tigray,8,1.3740318821804942,1.5927272012041542,-0.5235489595365965,1.1219781512482563,1.595213076463042,-0.5283084792433375,1.546511920190625,1.786792992399141,-0.9174414069201442
other,8,Dawuro,8,0.5234703482899902,0.6078378785461482,-0.3680988870031279,0.5544636436161716,0.6708825137592214,-0.666613568890736,0.5463296313378583,0.648163685057701,-0.5556480847283691
other,8,Derashe,8,0.8931793719530106,1.0212564257817411,-3.171858748801988,0.7332509145806972,0.9670821646695041,-2.7409916528874154,0.6096894885317085,0.7751441502209284,-1.403393814486901
other,8,Dire Dawa rural,8,0.4657846689224243,0.5652462923585263,-0.7040179788003229,0.38025186910575115,0.6098073491381261,-0.9832800163352982,0.35984763546819115,0.4781945257902602,-0.21957335731078342
other,8,Dire Dawa urban,8,0.45985397696495056,0.5471709436594332,-1.7373352373499853,0.2924102569187053,0.5141877469711669,-1.417271214951175,1.0625,1.1437958648142306,-10.961316391918933
other,8,East Gojam,8,0.17518497271318173,0.21687101249269822,-6.436312927115425,0.03801610634217076,0.07274422249395471,0.1633348957470092,0.10227399772053833,0.10477780014334112,-0.735774064413707
other,8,East Shewa,8,0.11507928392121514,0.16554835167122445,0.2982307094685964,0.17654792466714628,0.21372787492169754,-0.16967975443023264,0.1323604652549492,0.19209920674192418,0.055078391344502764
other,8,East Wellega,8,0.20444316385267544,0.29151668293566174,-49.678601629479026,0.0931382792657337,0.22040345011053147,-27.969071299792272,0.07493399824494532,0.10295041934890083,-5.320537838155344
other,8,Eastern Tigray,8,1.1842812825016895,1.366046427034399,-0.39780685730464405,1.1848269231335267,1.4817212870291367,-0.6445583518311098,1.3718066854412856,1.5918768560544465,-0.8981703469836146
other,8,Elgeyo Marakwet,8,0.07193899154663086,0.08315094569370278,0.0,0.0,0.0,1.0,0.025941078806344997,0.05120012320608271,0.0
other,8,Embu,8,0.15481734540072023,0.21065491261694777,-0.5159232900362405,0.1592952568902626,0.2613935525717221,-1.3341232498056912,0.14046214882390604,0.18728259974439176,-0.19819885646542224
other,8,Finfine Special,8,0.14527383355977264,0.1876466300734972,-1.7059621258329831,0.13233811861468622,0.18628738708683293,-1.666902124755202,0.06861155481534517,0.12963354880484088,-0.29144226523126493
other,8,Gamo,8,0.6091131489465138,0.7363835890307513,-0.809813927349962,0.7305463312869334,0.9237078174205173,-1.8477047628583594,0.47200982575091466,0.5283936462929437,0.06816096989854248
other,8,Gedeo,8,0.37103076836401827,0.4455276102228552,-0.030944009241952397,0.6268785555387862,0.7834665390798248,-2.188061852915168,0.3035329032855766,0.34487868435554336,0.3822417714372617
other,8,Gofa,8,0.4007861219030367,0.4676555149975941,-1.3310949465666635,0.5014495242881204,0.5888633131307955,-2.69604149667394,0.26559856713517044,0.30625025706502046,0.0003205463899039751
other,8,Guraghe,8,0.23185591836640385,0.24287254682333784,-0.3430028058795098,0.1856981491949936,0.23175900380598824,-0.22290662272101747,0.23960025102688337,0.2485024399072291,-0.4059872438739671
other,8,Hadiya,8,0.3494123289065866,0.41357598995990613,-0.33617055268883655,0.3999659531151438,0.5659085894208888,-1.5017495587089966,0.32462339874703966,0.374118008223606,-0.09337335819719916
other,8,Halaba,8,0.5316713582060545,0.5725316291525346,-5.068773015563017,0.3567554614814887,0.5118402259189827,-3.8503240542932513,0.18158235531787514,0.29295517340721694,-0.5889281889345179
other,8,Harari,8,0.2902655594956768,0.30120466908202664,-8.663861969613322,0.06384871967970573,0.11409492363124868,-0.3866279909054917,0.16183568662224868,0.19317158538951326,-2.974786508659164
other,8,Homa Bay,8,0.03106813132762909,0.03183238868643659,0.0,0.0,0.0,1.0,0.0,0.0,1.0
other,8,Horo Gudru Wellega,8,0.0459635853767395,0.04713389164873489,0.0,0.00028823900644309175,0.0008152630242335326,0.0,0.0007740535423642614,0.0011702638463226588,0.0
other,8,Ilu Aba Bora,8,0.04731515049934387,0.048949780529737044,0.0,0.00043182438339578466,0.0008636487667915693,0.0,0.00042517629184662953,0.000425332188427105,0.0
other,8,Itang Special woreda,8,0.051199883222579956,0.055021412627979716,0.0,0.0,0.0,1.0,0.08807483059977561,0.17614966119955122,0.0
other,8,Jamaame,8,0.6479276016938307,0.7050733672991188,-1.901876263064703,0.5362574245827201,0.7688369251448521,-2.45047381138922,0.7535999473046997,0.9062732937137624,-3.7943378381529715
other,8,Jimma,8,0.06489625573158264,0.0662446667010444,0.0,0.0,0.0,1.0,0.00013534990910701872,0.00027069981821403744,0.0
other,8,Kakamega,8,0.03166550397872925,0.032620864354602985,0.0,0.0,0.0,1.0,0.0,0.0,1.0
other,8,Kamashi,8,0.3425982997183256,0.42496375412441867,-0.5625989293626432,0.4841346881179919,0.5633280926427513,-1.7457852127962221,0.34047706412850415,0.3429562906760764,-0.017703549418826903
other,8,Kefa,8,0.040008604526519775,0.04058302000524089,0.0,0.0,0.0,1.0,0.0001462471502113316,0.0002924943004226632,0.0
other,8,Kellem Wollega,8,0.2297427268959082,0.26234595435852565,-14.845920700225745,0.1113742565641358,0.15912260836758424,-4.8295162060426735,0.06344394696013053,0.07072776623034496,-0.15172453812450515
other,8,Kembata Tembaro,8,0.3695613733613568,0.5038464985595008,-0.3705554410346097,0.5178389295084032,0.6919303451406876,-1.584787668921868,0.5794862558159348,0.6502824951503383,-1.2829912416840177
other,8,Kericho,8,0.032475367188453674,0.03361907697696923,0.0,0.0,0.0,1.0,0.0,0.0,1.0
other,8,Kiambu,8,0.12193669290539963,0.13483490309733878,-5.000111745786796,0.041610566997475285,0.08322113399495057,-1.2857142857142856,0.0567251881781399,0.09286461533012526,-1.8461331401758847
other,8,Kilifi,8,0.3271089109025646,0.36321506439330703,-1.30900743211276,0.373169618182544,0.47736725948856934,-2.9884383568667023,0.30139207630633097,0.36209841803604315,-1.2948319111224702
other,8,Kirinyaga,8,0.08595982193946838,0.09827841810757436,0.0,0.0,0.0,1.0,0.025567965528995484,0.05113593105799097,0.0
other,8,Kisii,8,0.03325177729129791,0.034360942784328746,0.0,0.0,0.0,1.0,0.0,0.0,1.0
other,8,Kisumu,8,0.03159479796886444,0.032682301242916996,0.0,0.0,0.0,1.0,0.0,0.0,1.0
other,8,Kitui,8,0.38335636555709773,0.41961153931108885,0.3774982283499524,0.6875142209210314,0.7709756561165803,-1.101488785203244,0.5366144831781502,0.5774996352059418,-0.17909602342240727
other,8,Konso,8,0.7492388168424606,0.8396083288578534,-2.1541775392843814,0.6848986630824795,0.7999462415415828,-1.8632169945820305,0.5634207512418179,0.7200116947959992,-1.319592840749162
other,8,Konta Special,8,0.03676888346672058,0.03721949204960515,0.0,0.0007987215342518394,0.002259125652596796,0.0,0.02766307196281592,0.04398340196601189,0.0
other,8,Kwale,8,0.3796326715274262,0.41949272210855393,-544298615.0988109,0.06573908115439589,0.18589880801505443,-106891107.08235268,0.44211149151352147,0.4889905105967658,-739586935.4995741
other,8,Machakos,8,0.136675462767438,0.14031935851435587,-2911.38404326194,0.0029107574875404663,0.003444851392909511,-0.7553124979236137,0.3546571492654895,0.40128503597297016,-23817.773350480173
other,8,Majang,8,0.04130978882312775,0.04187618872620869,0.0,0.0,0.0,1.0,0.015303619695710091,0.030607239391420182,0.0
other,8,Makueni,8,0.4078174198808029,0.4513028107331464,0.25532755124359263,0.6567510759653271,0.7226418001026899,-0.9093052539898197,0.49708752547313534,0.5765588673323067,-0.21539241384030516
other,8,Mao Komo Special,8,0.04854091271900163,0.049762684902858643,-110.29527566945625,0.005900610042751497,0.007147915375092071,-1.2962962962962963,0.003858091181799056,0.004760470786491867,-0.0185185185185186
other,8,Marka,8,0.5135547133567626,0.5671619420961282,-0.20942353618033582,0.6883437402408321,0.7915231391210085,-1.35554543132063,0.5234147876032749,0.5968748866401391,-0.33946344836683373
other,8,Mekelle Tigray,8,0.9280217803993348,1.005301873404233,-0.3961945136661744,0.6958062384266915,1.0659731815058018,-0.569804249737488,0.9853624768533831,1.1297381290992292,-0.763228173691215
other,8,Meru,8,0.23050395912014252,0.2699372828155329,0.2834654539405824,0.4102537048907391,0.5106604724596184,-1.5643415850072544,0.27832342290682216,0.33727094396156837,-0.11858565642676755
other,8,Metekel,8,0.41938453917228724,0.5590337986061432,-0.7636804445726098,0.4861639862137641,0.687377641614413,-1.6664569205879998,0.24427372829213678,0.48622543737146023,-0.3341944185428134
other,8,Migori,8,0.03232015669345856,0.03331120606355035,0.0,0.0,0.0,1.0,0.0019888153612625525,0.003977630722525105,0.0
other,8,Mirab Omo,8,0.04448645733478124,0.0475245970483382,0.16149796232726354,0.01991045005409106,0.05548445000726232,-0.14290414207305857,0.02688655820358679,0.05717470316532899,-0.2135986171860922
other,8,Mombasa,8,0.33382872154421606,0.434438208442791,-0.7457544835583265,0.2530695086115181,0.4979915018970972,-1.2938816188688893,0.2004604262917277,0.3813156192065123,-0.34491961570497853
other,8,Muranga,8,0.09389573335647583,0.10143150843026409,0.0,0.0,0.0,1.0,0.027636149097560014,0.05527229819512003,0.0
other,8,Nairobi,8,0.3806648161321446,0.46946132940272184,-1.03497023598668,0.24877215550533227,0.49754431101066454,-1.2857142857142856,0.19940055769785892,0.382470730272696,-0.3506873209985526
other,8,Nakuru,8,0.06955371797084808,0.0792394169428141,0.0,0.0,0.0,1.0,0.0005557145228370364,0.0006118559454722832,0.0
other,8,Nandi,8,0.03263404965400696,0.03382962872197302,0.0,0.0,0.0,1.0,0.0,0.0,1.0
other,8,North Gondar,8,0.5139399647694943,0.6360149135317151,-0.19562498275633677,0.5269599352395169,0.6403072304462375,-0.21181742909626333,0.3896495164006214,0.5245723372886821,0.1866618337446303
other,8,North Shewa (AM),8,0.29275806224273304,0.33602438053686196,0.06968452429737315,0.19606138586480232,0.27525125393546973,0.3757662014629317,0.3243167079374768,0.38923849439557434,-0.24830363507661324
other,8,North Shewa (OR),8,0.33086719040182844,0.35945319255267355,-1.8146488660310718,0.21090606721022154,0.2849917212494349,-0.7693103642238723,0.3535839829975802,0.3639032392052621,-1.88477121313921
other,8,North Wello,8,0.7849310167665128,1.0645448287676005,-0.34438460902460655,0.7964149781267156,1.1255375962684497,-0.50284999846937,0.7505630037532267,0.9402763139431077,-0.048833655854476854
other,8,North Western Tigray,8,1.4173364850066645,1.7298720443299391,-0.7668678004629763,1.098551997360583,1.597793124753499,-0.5073607125495256,1.5744436970770919,1.8799297911334707,-1.0866968283396243
other,8,Nyamira,8,0.032626450061798096,0.033683431203236115,0.0,0.0,0.0,1.0,0.0,0.0,1.0
other,8,Nyandarua,8,0.0666667751353229,0.07903086145156053,-24.34845123067703,0.012158965503798441,0.019855507522939186,-0.6000000000000001,0.03055344167600224,0.04375459826021089,-6.769720550451339
other,8,Nyeri,8,0.23642041620258958,0.29225963906545854,-5.5123130042702755,0.14785144908450398,0.18701893378537982,-1.6666666666666665,0.13306630417605358,0.1436759338919676,-0.5738583274683893
other,8,Oromia,8,0.4532220080375603,0.5493744262242147,0.27751418655294346,0.308959068653669,0.3795690517709971,0.6551152145118342,0.5362501082455151,0.6652508593712051,-0.0594082110036569
other,8,Qandala,8,0.41114713696693345,0.42199314721024855,0.07116194925982422,0.5139619321017471,0.7076579273858629,-1.6120167265380467,0.41148572453815524,0.4346662240854985,0.014535485565047912
other,8,Region 14,8,0.05153776705265045,0.06052309600880373,0.0,0.0,0.0,1.0,0.07142857142857145,0.1428571428571429,0.0
other,8,Sheka,8,0.036320120096206665,0.0383024698631464,0.0,0.0,0.0,1.0,0.005427705640558889,0.010855411281117777,0.0
other,8,Siaya,8,0.030729815363883972,0.03181279236321448,0.0,0.0,0.0,1.0,0.0,0.0,1.0
other,8,Sidama,8,0.437057348636708,0.495822548733689,-0.6091855466362763,0.526467623806612,0.5749746796747969,-1.1639689061325242,0.31226028145768936,0.36470551143192675,0.12936077601347862
other,8,Siltie,8,0.22874465163411448,0.27352698362962197,0.425079867181953,0.22487552485673878,0.28447307541510697,0.3781444702401602,0.290877497482509,0.3598913426566811,0.0047092587738024605
other,8,South Eastern Tigray,8,1.4479991078868455,1.5847503775427316,-0.5870514686023989,1.125010535282427,1.5547102666060333,-0.5274542682385122,1.4926582152880001,1.654299210564089,-0.7294077803777055
other,8,South Gondar,8,0.22949596720130436,0.27743068738235305,-0.478033551455616,0.33484556468823745,0.3546479452336689,-1.4152950582234305,0.20599188397989288,0.24583231772181666,-0.16052165398302431
other,8,South Wello,8,0.5090437425002878,0.6251482867605722,-0.38465330055845737,0.5218942426899942,0.6146454304789185,-0.3385181642009796,0.4957358909974353,0.5577394424307387,-0.10214230030555438
other,8,South West Shewa,8,0.06155020355208263,0.0716559383662655,-0.6068891060062691,0.041139439297097846,0.07133966518630404,-0.592735516963421,0.03315358960128312,0.06004128925093704,-0.12818819074261745
other,8,Southern Tigray,8,1.1615533525354342,1.363499480165504,-0.9825847424749108,1.105483748809771,1.2729215820345647,-0.727925866775152,1.2576589468948223,1.4492422656258812,-1.2397718849133548
other,8,Taita Taveta,8,0.36682494941632465,0.4125360609539734,0.22941767893849374,0.4171802064189972,0.5936805208016936,-0.595882106315367,0.3685708987160611,0.4110068783460262,0.2351198573849833
other,8,Tharaka-Nithi,8,0.41358830800806906,0.43545535381336686,-1.366930845861031,0.4645664437606648,0.4890841566285181,-1.9858328345035652,0.37732443740533306,0.42158953694368506,-1.2185945838776018
other,8,Trans Nzoia,8,0.03253565938972597,0.0337498660396595,-10448.97636861708,0.00019061355090971288,0.00038122710181942576,-0.33333333333333326,0.0005727616871464003,0.0009536280007376079,-7.343133456014577
other,8,Uasin Gishu,8,0.03100620210170746,0.03408656380989568,0.0,0.0,0.0,1.0,0.0,0.0,1.0
other,8,Vihiga,8,0.032168999314308167,0.033106980597482634,0.0,0.0,0.0,1.0,0.0,0.0,1.0
other,8,Wag Hamra,8,0.8437664104666742,1.1326636557088257,-0.6401647607324603,1.097774448078968,1.3565268075640446,-1.3525686611827656,0.6962494390635076,0.9916439550624563,-0.25717890103516905
other,8,Welayta,8,0.41029514343868034,0.45469438284593944,-0.5783366865286284,0.43717563496333867,0.5428405350947639,-1.2495984957099653,0.27759833800619316,0.321679210553539,0.2100375253146718
other,8,West Arsi,8,0.16902827733035103,0.21617732523419853,0.026953096384159436,0.2902670795157458,0.35597588022260196,-1.6384850766469339,0.2912000270678528,0.3313479484617864,-1.2860307557138166
other,8,West Gojam,8,0.07633444666862488,0.07761564590419114,0.0,0.0,0.0,1.0,0.0,0.0,1.0
other,8,West Gondar,8,0.13807040859112235,0.20260114247436767,-4988.166288088375,0.0025352624006005076,0.0032068814608335367,-0.24999999999998646,0.003295841120780685,0.004198233774394883,-1.1422859297552925
other,8,West Hararge,8,0.4625704562085082,0.5168601057305111,-0.7393198402920902,0.4006239903327452,0.502681705171928,-0.6452033531302022,0.287751500011381,0.3696101036141192,0.11055090854569083
other,8,West Shewa,8,0.04033204913139343,0.0408588825728624,0.0,0.0,0.0,1.0,0.030409074343255293,0.0603876684585685,0.0
other,8,West Wellega,8,0.05666539964922848,0.060710042108245016,-0.04054942038267639,0.022494697549428372,0.06362461271176485,-0.14285714285714302,0.022494697549428372,0.06362461271176485,-0.14285714285714302
other,8,Western Tigray,8,0.91055828332901,1.1585280637225868,-0.5618179193399928,0.7887191620757341,1.1233847907528283,-0.468501397055739,1.1152477545314752,1.4313016655280977,-1.383853914465171
other,8,Yem Special,8,0.045556217432022095,0.04935871561854054,0.0,0.0,0.0,1.0,0.022173011432486456,0.04434602286497291,0.0
other,12,Agnewak,8,0.4616025344101986,0.5545931969425175,-39.94907882751625,0.10007413338987048,0.14152619668268904,-1.666666666666667,0.07378382661445015,0.13047352007192664,-1.2664170029205843
other,12,Amaro,8,0.3707315921783447,0.5141854297427291,-0.4100621661851467,0.48114200397030926,0.6810760303483664,-1.473944315280474,0.4397530916309653,0.5600418301368861,-0.6727832080163882
other,12,Arsi,8,0.23192673485766568,0.3087655082051021,-0.2884944934592495,0.2511244884138003,0.29595621490942386,-0.18380436161155145,0.2509740741031724,0.29459133940800697,-0.17291072407553498
other,12,Asosa,8,0.24466030321768575,0.33444823193718154,-388549.9353039098,0.2503931975093896,0.7062239773967615,-1732506.2745153669,0.02409029507755736,0.047439097088048755,-7816.411599527425
other,12,Awi,8,0.07490193843841553,0.08964796976385567,0.0,0.0,0.0,1.0,9.145195417004093e-06,1.8290390834008186e-05,0.0
other,12,Banadir,8,0.24403110146522522,0.3131712845472436,0.10330282546312575,0.25,0.5,-1.2857142857142856,0.47159090909090906,0.5656762938478928,-1.9256198347107434
other,12,Basketo,8,0.4246496260166168,0.4511792304202985,-0.8611446670871115,0.22692045889003437,0.45618224376102307,-0.9026490470659794,0.3644289674974226,0.3927155856149814,-0.4100619994049626
other,12,Bench Sheko,8,0.07328900694847107,0.09218822406885406,0.0,0.0,0.0,1.0,0.0025914115164294427,0.005182823032858885,0.0
other,12,Bomet,8,0.0589330792427063,0.07858847506024003,0.0,0.0,0.0,1.0,0.0,0.0,1.0
other,12,Bossaso,8,0.30898701931942035,0.39185367841057467,0.3039602387960486,0.2831803538988881,0.5257589383325129,-0.253024385585805,0.3767259908243119,0.4567557889409258,0.0542979855537179
other,12,Bungoma,8,0.05225710570812225,0.05875887263757313,0.0,0.0,0.0,1.0,0.0053481797042245205,0.010696359408449041,0.0
other,12,Buno Bedele,8,0.05938740074634552,0.05980801843379842,0.0,0.0,0.0,1.0,0.0035714415883443262,0.0071428831766886525,0.0
other,12,Burji,8,0.6251562833786011,0.7661142154493518,-1.3477239644543033,0.4045658207368986,0.6180559052761905,-0.5279724081870856,0.5577963467009479,0.7324427060572338,-1.1458892706257737
other,12,Busia,8,0.052219703793525696,0.06829802511356506,0.0,0.0,0.0,1.0,0.0016921724527745874,0.002763306044061069,0.0
other,12,Caluula,8,0.3177919089794159,0.39394490714017016,0.17230618740438786,0.25,0.5,-0.33333333333333326,0.40625,0.4279163576874439,0.02340048439206177
other,12,Central Gondar,8,0.3726279862476408,0.4009010983426956,-12.293346804681546,0.20996471632620795,0.23567645243722132,-3.594013079897464,0.11540316886332194,0.14842791729190158,-0.8221789696587338
other,12,Central Tigray,8,1.445390686251565,1.6898214394907967,-0.7149649653414305,1.570223838959018,1.8624969874462036,-1.0833621919633343,1.546511920190625,1.786792992399141,-0.9174414069201442
other,12,Dawuro,8,0.42102648617450344,0.51526616708179,0.016882961419632303,0.7084588255701602,0.8388372108262623,-1.6055375937808964,0.5463296313378583,0.648163685057701,-0.5556480847283691
other,12,Derashe,8,0.8615449219942093,0.9964063626793649,-2.971302558351688,0.7332509145806972,1.0886909172128947,-3.7409916528874154,0.6096894885317085,0.7751441502209284,-1.403393814486901
other,12,Dire Dawa rural,8,0.48200635612010956,0.5697314503050653,-0.7311676024891369,0.38025186910575115,0.6098073491381261,-0.9832800163352982,0.35984763546819115,0.4781945257902602,-0.21957335731078342
other,12,Dire Dawa urban,8,0.5436695218086243,0.6286222659659102,-2.6129458584513423,0.4174102569187053,0.6240104479376004,-2.560128357808318,1.0625,1.1437958648142306,-10.961316391918933
other,12,East Gojam,8,0.29272460205335354,0.3322912884293776,-16.457922221122196,0.1396034874020989,0.15756991897751374,-2.925556806023303,0.10227399772053833,0.10477780014334112,-0.735774064413707
other,12,East Shewa,8,0.12287768742272576,0.1514404786386763,0.4127424826000733,0.2834003717899559,0.30255651414681684,-1.344000248741907,0.1323604652549492,0.19209920674192418,0.055078391344502764
other,12,East Wellega,8,0.2657151591586905,0.36501049882254044,-78.45267219303878,0.09443825265227868,0.22043411774739258,-27.977133558043512,0.07493399824494532,0.10295041934890083,-5.320537838155344
other,12,Eastern Tigray,8,1.3738772798352161,1.5935793215145015,-0.9022325927219923,1.4107377634743283,1.6486585043291169,-1.0359994745817631,1.3718066854412856,1.5918768560544465,-0.8981703469836146
other,12,Elgeyo Marakwet,8,0.06240996718406677,0.06686569357118127,0.0,0.0,0.0,1.0,0.025941078806344997,0.05120012320608271,0.0
other,12,Embu,8,0.2627703065575203,0.29370198735403635,-1.946780671108502,0.10990487821144143,0.20005129495896065,-0.3671519178346687,0.14046214882390604,0.18728259974439176,-0.19819885646542224
other,12,Finfine Special,8,0.12357211022259917,0.16003208397249988,-0.9681323345065584,0.09940830371630396,0.1613319835423397,-1.0002354580885355,0.06861155481534517,0.12963354880484088,-0.29144226523126493
other,12,Gamo,8,0.5037356699435199,0.649499853314472,-0.40793899662768807,0.6571987099482002,0.9230047800869875,-1.843371615851367,0.47200982575091466,0.5283936462929437,0.06816096989854248
other,12,Gedeo,8,0.374006709068364,0.4090218772773453,0.1310817716418069,0.7648669651470275,0.9148396581943012,-3.3468614575287248,0.3035329032855766,0.34487868435554336,0.3822417714372617
other,12,Gofa,8,0.32549264055309163,0.36641185570834117,-0.4310238667874102,0.5129980600568351,0.6104552429079947,-2.9720572404222425,0.26559856713517044,0.30625025706502046,0.0003205463899039751
other,12,Guraghe,8,0.3086776777095511,0.31187903007672285,-1.214585315913662,0.1902339236283629,0.2576972846121622,-0.5119580820134784,0.23960025102688337,0.2485024399072291,-0.4059872438739671
other,12,Hadiya,8,0.2673115529368315,0.35172885061467135,0.03357702486027825,0.6060999008635329,0.7407454397390554,-3.286365821949671,0.32462339874703966,0.374118008223606,-0.09337335819719916
other,12,Halaba,8,0.5203527192852705,0.5552066314085872,-4.707043932134903,0.5325544370238677,0.6531810667539498,-6.898945214972113,0.18158235531787514,0.29295517340721694,-0.5889281889345179
other,12,Harari,8,0.17267519170163992,0.18480936134640888,-2.6381051846825296,0.06384871967970573,0.11409492363124868,-0.3866279909054917,0.16183568662224868,0.19317158538951326,-2.974786508659164
other,12,Homa Bay,8,0.05528479814529419,0.07050127691488686,0.0,0.0,0.0,1.0,0.0,0.0,1.0
other,12,Horo Gudru Wellega,8,0.07268767058849335,0.08879619776289503,0.0,0.00028823900644309175,0.0008152630242335326,0.0,0.0007740535423642614,0.0011702638463226588,0.0
other,12,Ilu Aba Bora,8,0.06405292451381683,0.06457274602971849,0.0,0.00043182438339578466,0.0008636487667915693,0.0,0.00042517629184662953,0.000425332188427105,0.0
other,12,Itang Special woreda,8,0.11041916906833649,0.12799342199539576,0.0,0.0,0.0,1.0,0.08807483059977561,0.17614966119955122,0.0
other,12,Jamaame,8,0.7081353560673811,0.7736328577210435,-2.493655537957306,0.6605293963514615,0.8578400333917738,-3.295590655987098,0.7535999473046997,0.9062732937137624,-3.7943378381529715
other,12,Jimma,8,0.07935003936290741,0.08017250587724468,0.0,0.0,0.0,1.0,0.00013534990910701872,0.00027069981821403744,0.0
other,12,Kakamega,8,0.05131644010543823,0.06818592116814108,0.0,0.0,0.0,1.0,0.0,0.0,1.0
other,12,Kamashi,8,0.5079534367812433,0.6008073595971645,-2.123303805978834,0.6384246753373853,0.733243973675035,-3.652011152527666,0.34047706412850415,0.3429562906760764,-0.017703549418826903
other,12,Kefa,8,0.06331586837768555,0.06385121582859146,0.0,0.0,0.0,1.0,0.0001462471502113316,0.0002924943004226632,0.0
other,12,Kellem Wollega,8,0.3035177799202002,0.3544021932281628,-27.9175528042315,0.1113742565641358,0.15912260836758424,-4.8295162060426735,0.06344394696013053,0.07072776623034496,-0.15172453812450515
other,12,Kembata Tembaro,8,0.4170321820657776,0.5309201214618017,-0.5218031847229689,0.672221843972737,0.834268336790528,-2.7576094594495526,0.5794862558159348,0.6502824951503383,-1.2829912416840177
other,12,Kericho,8,0.04204288125038147,0.04570988008407238,0.0,0.0,0.0,1.0,0.0,0.0,1.0
other,12,Kiambu,8,0.09712478430268509,0.10662186594306566,-2.7518653296389473,0.041610566997475285,0.08322113399495057,-1.2857142857142856,0.0567251881781399,0.09286461533012526,-1.8461331401758847
other,12,Kilifi,8,0.37638412980529445,0.4259509316134523,-2.175534024652724,0.42916704084844765,0.5610590905689619,-4.509533554359942,0.30139207630633097,0.36209841803604315,-1.2948319111224702
other,12,Kirinyaga,8,0.05318085849285126,0.06607713440014115,0.0,0.0,0.0,1.0,0.025567965528995484,0.05113593105799097,0.0
other,12,Kisii,8,0.0318920761346817,0.03259379874673099,0.0,0.0,0.0,1.0,0.0,0.0,1.0
other,12,Kisumu,8,0.06453147530555725,0.08391187065873974,0.0,0.0,0.0,1.0,0.0,0.0,1.0
other,12,Kitui,8,0.422426864145908,0.4757626590863085,0.19974858293900777,0.5627492060922602,0.6854781616096542,-0.6612423455330978,0.5366144831781502,0.5774996352059418,-0.17909602342240727
other,12,Konso,8,0.7171719649881363,0.796988471486044,-1.8420828717205553,0.8462483567938536,1.0358417756459608,-3.800865101668384,0.5634207512418179,0.7200116947959992,-1.319592840749162
other,12,Konta Special,8,0.05999331176280975,0.0610281403393734,0.0,0.0007987215342518394,0.002259125652596796,0.0,0.02766307196281592,0.04398340196601189,0.0
other,12,Kwale,8,0.3356682110352921,0.42760363330504736,-565550175.7445042,0.1907390811543959,0.3994359548030073,-493494910.2467416,0.44211149151352147,0.4889905105967658,-739586935.4995741
other,12,Machakos,8,0.11426428024466426,0.12189826182498645,-2196.902827082047,0.0021825475811577955,0.002994697951211399,-0.32653744218822545,0.3546571492654895,0.40128503597297016,-23817.773350480173
other,12,Majang,8,0.059517815709114075,0.05960809893951272,0.0,0.0,0.0,1.0,0.015303619695710091,0.030607239391420182,0.0
other,12,Makueni,8,0.41984292518513944,0.45170964334913977,0.2539843573374092,0.5431490730499369,0.6159024165274317,-0.38692515673544836,0.49708752547313534,0.5765588673323067,-0.21539241384030516
other,12,Mao Komo Special,8,0.06877518460296617,0.07159573985641154,-229.37931553811092,0.006808396203174805,0.008017350286620577,-1.8888888888888884,0.003858091181799056,0.004760470786491867,-0.0185185185185186
other,12,Marka,8,0.3785575833190792,0.46501093779683195,0.18699991558788565,0.8455345592059245,0.9714542190058213,-2.5482068629228416,0.5234147876032749,0.5968748866401391,-0.33946344836683373
other,12,Mekelle Tigray,8,1.0585528530159118,1.1345773249803544,-0.7783659845947317,1.1791937615733086,1.3271393384605856,-1.43324583361608,0.9853624768533831,1.1297381290992292,-0.763228173691215
other,12,Meru,8,0.16774597332463417,0.1997558521517677,0.6076167926607756,0.36051619806652496,0.48341390745774643,-1.2979981301054897,0.27832342290682216,0.33727094396156837,-0.11858565642676755
other,12,Metekel,8,0.37927500908100154,0.5169107217312973,-0.5079080125928281,0.36472329245521906,0.595403508512257,-1.000628941606922,0.24427372829213678,0.48622543737146023,-0.3341944185428134
other,12,Migori,8,0.054675906896591187,0.07002818648101436,0.0,0.0,0.0,1.0,0.0019888153612625525,0.003977630722525105,0.0
other,12,Mirab Omo,8,0.07773419641139562,0.08247081200349275,-1.5250371787839012,0.01993606240023499,0.055485144514749535,-0.14293275406980777,0.02688655820358679,0.05717470316532899,-0.2135986171860922
other,12,Mombasa,8,0.3235494535178641,0.45258979027011836,-0.8946833706571027,0.2530695086115181,0.4979915018970971,-1.2938816188688889,0.2004604262917277,0.3813156192065123,-0.34491961570497853
other,12,Muranga,8,0.08848290145397186,0.09962232429355494,0.0,0.0,0.0,1.0,0.027636149097560014,0.05527229819512003,0.0
other,12,Nairobi,8,0.3674594368844792,0.5050775465354519,-1.355453512335747,0.24877215550533227,0.49754431101066454,-1.2857142857142856,0.19940055769785892,0.382470730272696,-0.3506873209985526
other,12,Nakuru,8,0.06356070935726166,0.06842762605901374,0.0,0.0,0.0,1.0,0.0005557145228370364,0.0006118559454722832,0.0
other,12,Nandi,8,0.0688648670911789,0.0884481470753629,0.0,0.0,0.0,1.0,0.0,0.0,1.0
other,12,North Gondar,8,0.5622811861917709,0.6481873255680606,-0.24182801196850878,0.8580859481772691,0.9318397538179746,-1.5665093513703856,0.3896495164006214,0.5245723372886821,0.1866618337446303
other,12,North Shewa (AM),8,0.3325486533114645,0.42124848116793995,-0.4620605643763176,0.3207444094471826,0.43906604279197825,-0.5883579007983397,0.3243167079374768,0.38923849439557434,-0.24830363507661324
other,12,North Shewa (OR),8,0.42576987565808205,0.46520006961586285,-3.714320180101522,0.21906885518836558,0.28592539243887494,-0.7809223515256016,0.3535839829975802,0.3639032392052621,-1.88477121313921
other,12,North Wello,8,0.7923104592198972,1.020730770466883,-0.23599876452327062,1.1385136762061485,1.258522174415721,-0.8789592722198443,0.7505630037532267,0.9402763139431077,-0.048833655854476854
other,12,North Western Tigray,8,1.4734968157790644,1.7955813610339193,-0.9036463600352229,1.4466112328632388,1.8515717701355139,-1.0242176020218663,1.5744436970770919,1.8799297911334707,-1.0866968283396243
other,12,Nyamira,8,0.050657615065574646,0.07126053451272987,0.0,0.0,0.0,1.0,0.0,0.0,1.0
other,12,Nyandarua,8,0.045648941958321615,0.057686398581827836,-12.505319113897716,0.012158965503798441,0.019855507522939186,-0.6000000000000001,0.03055344167600224,0.04375459826021089,-6.769720550451339
other,12,Nyeri,8,0.2818410611485991,0.3268481237771224,-7.144971546061999,0.17742173890140478,0.2048689774296351,-2.2000000000000006,0.13306630417605358,0.1436759338919676,-0.5738583274683893
other,12,Oromia,8,0.5008286419724043,0.6140209991583961,0.09747572019901174,0.7164018603545045,0.8954648435630016,-0.919506229542906,0.5362501082455151,0.6652508593712051,-0.0594082110036569
other,12,Qandala,8,0.36404981164192124,0.4000223575079251,0.16536281146300802,0.25698096605087356,0.5011682484835634,-0.3100754200535498,0.41148572453815524,0.4346662240854985,0.014535485565047912
other,12,Region 14,8,0.056869253516197205,0.058449712680482116,0.0,0.0,0.0,1.0,0.07142857142857145,0.1428571428571429,0.0
other,12,Sheka,8,0.062112897634506226,0.07553534146767482,0.0,0.0,0.0,1.0,0.005427705640558889,0.010855411281117777,0.0
other,12,Siaya,8,0.037100717425346375,0.04128598562387585,0.0,0.0,0.0,1.0,0.0,0.0,1.0
other,12,Sidama,8,0.3013737184153149,0.3525314242155339,0.1865155657472919,0.5937601466712518,0.687418622666601,-2.0931156819944636,0.31226028145768936,0.36470551143192675,0.12936077601347862
other,12,Siltie,8,0.2566900110314284,0.3077622989322886,0.2721565139137665,0.47146404021134425,0.5815955725521551,-1.5992577543507092,0.290877497482509,0.3598913426566811,0.0047092587738024605
other,12,South Eastern Tigray,8,1.5635835409656114,1.7254706708410692,-0.8814143266610845,1.6231589366948351,1.8366885794951688,-1.1317699432459092,1.4926582152880001,1.654299210564089,-0.7294077803777055
other,12,South Gondar,8,0.24252814112954132,0.2922391819934475,-0.6400314788172092,0.3168428900693824,0.38220870136700325,-1.8052814297958686,0.20599188397989288,0.24583231772181666,-0.16052165398302431
other,12,South Wello,8,0.47685062116721777,0.557876518317643,-0.10268411494860707,0.7231060711221649,0.8610858697682044,-1.6270472243688983,0.4957358909974353,0.5577394424307387,-0.10214230030555438
other,12,South West Shewa,8,0.05782610534651622,0.061548578030602506,-0.18554373190671924,0.0394082957548717,0.06931431836362571,-0.503583130970281,0.03315358960128312,0.06004128925093704,-0.12818819074261745
other,12,Southern Tigray,8,1.2210682590837973,1.4180571200534235,-1.1444170708672705,1.1567219787744683,1.3507442749975804,-0.9456650476818282,1.2576589468948223,1.4492422656258812,-1.2397718849133548
other,12,Taita Taveta,8,0.4473375326720924,0.5263109981041019,-0.25423841105511147,0.5200490877300123,0.6879998686924835,-1.1432454817092248,0.3685708987160611,0.4110068783460262,0.2351198573849833
other,12,Tharaka-Nithi,8,0.44001183679854305,0.47572834059929436,-1.8249863219833795,0.5106752730175684,0.53414617991888,-2.5613819565125637,0.37732443740533306,0.42158953694368506,-1.2185945838776018
other,12,Trans Nzoia,8,0.037675069885484025,0.03937983839779638,-14226.187686859783,0.00019061355090971288,0.00038122710181942576,-0.33333333333333326,0.0005727616871464003,0.0009536280007376079,-7.343133456014577
other,12,Uasin Gishu,8,0.035526856780052185,0.04480971816004283,0.0,0.0,0.0,1.0,0.0,0.0,1.0
other,12,Vihiga,8,0.05883054435253143,0.07678449413227749,0.0,0.0,0.0,1.0,0.0,0.0,1.0
other,12,Wag Hamra,8,0.8460258192104457,1.123694407194289,-0.614291591885993,1.2286027755767663,1.407582693159407,-1.5329894608952586,0.6962494390635076,0.9916439550624563,-0.25717890103516905
other,12,Welayta,8,0.30099682515319237,0.3637124248719039,-0.009896222637156837,0.6589497568393267,0.7446967477925929,-3.233693242903036,0.27759833800619316,0.321679210553539,0.2100375253146718
other,12,West Arsi,8,0.18637966706730608,0.21301824692078514,0.05518428229769512,0.45138342169447043,0.48732613858790874,-3.944847578134924,0.2912000270678528,0.3313479484617864,-1.2860307557138166
other,12,West Gojam,8,0.07858137786388397,0.07940047985094426,0.0,0.0,0.0,1.0,0.0,0.0,1.0
other,12,West Gondar,8,0.22860731590637656,0.3186850871334983,-12343.334496476076,0.1280423148807206,0.3535766600638766,-15194.373423713138,0.003295841120780685,0.004198233774394883,-1.1422859297552925
other,12,West Hararge,8,0.4403576390704476,0.5040809427236776,-0.6543750981595338,0.6011267771533135,0.6691543461107521,-1.915318662712762,0.287751500011381,0.3696101036141192,0.11055090854569083
other,12,West Shewa,8,0.05181014537811279,0.052341353379567114,0.0,0.0,0.0,1.0,0.030409074343255293,0.0603876684585685,0.0
other,12,West Wellega,8,0.06960686443098965,0.07275571854002867,-0.49443115133899673,0.022494697549428372,0.06362461271176485,-0.14285714285714302,0.022494697549428372,0.06362461271176485,-0.14285714285714302
other,12,Western Tigray,8,0.9937692582607269,1.253112816674841,-0.8272485600753499,1.0390089818740993,1.3274012430530944,-1.0503203607958107,1.1152477545314752,1.4313016655280977,-1.383853914465171
other,12,Yem Special,8,0.05875450372695923,0.05894849672475059,0.0,0.0,0.0,1.0,0.022173011432486456,0.04434602286497291,0.0
p,0,Afder,8,0.3725704953704771,0.4856590995906685,0.4902489444449418,0.369726968171575,0.5769389051853062,0.2806260199427564,0.7282439970726087,0.8845283221647086,-0.6909024749358599
p,0,Afmadow,8,0.24902372862666833,0.281193650344426,0.8335460503301436,0.21278933671161746,0.37268204333255345,0.7076116790265667,0.6579230212268675,0.8349169119483244,-0.4674712507500287
p,0,Awsi-Zone 1,8,0.26608064045374713,0.3025281471865415,0.4562955946379964,0.27021681020417143,0.32258821269610927,0.3818010467702846,0.4267651553032017,0.547016015236741,-0.7775890233886777
p,0,Baardheere,8,0.4058087453829043,0.4837356836155077,0.2913481585098412,0.5530730815465362,0.6210671726365241,-0.16813710478632315,0.7411006526609355,0.9071394196694609,-1.4920958905974855
p,0,Badhaadhe,8,0.30880228475487853,0.35285408343828,0.7381056076716871,0.2748889868513952,0.4253458001939031,0.6194425730891273,0.6409662490361552,0.7766293420379344,-0.26871330234588453
p,0,Baki,8,0.3163824328958752,0.33955441616512744,-1.5557927607621052,0.28835417305820055,0.3377455348110961,-1.5286347475305293,0.22191641071066343,0.2608691300534305,-0.5085240872860821
p,0,Bale,8,0.2829609742069294,0.3515936825686218,-0.17402251298420812,0.4225484280405143,0.46195543126915933,-1.0267232699864346,0.2532752216536607,0.32695746942465975,-0.015258947448924198
p,0,Bandarbeyla,8,0.4500029043517999,0.5483437608163958,0.23055126630143885,0.5542639406844958,0.6596613458447574,-0.11356596721721557,0.520348977756686,0.6845138808968347,-0.1990530424154744
p,0,Belet Weyne,8,0.38752265251940776,0.4247747785974152,0.6366472561670087,0.4766012450997059,0.5652244264802081,0.3566417959697179,0.6334472728899262,0.8081220027789353,-0.3151184259935682
p,0,Belet Xaawo,8,0.3871745652408045,0.5157870357554029,-0.12699238868951102,0.36474202009293644,0.5800806047561968,-0.4254658874757735,0.8175955002112192,0.9497260866469589,-2.820998553930827
p,0,Berbera,8,0.3882009016273099,0.4108376317590989,-1.7296147637529864,0.37300168776442943,0.43070524967795615,-1.9999999999999996,0.2487084818419258,0.3437808309273702,-0.9112796606735472
p,0,Borama,8,0.27592590826854313,0.3306570654203639,-0.2888254365518619,0.24500661725119366,0.37430851432482853,-0.6515734654356349,0.27440145048975473,0.28839266330193875,0.019591878487800085
p,0,Borena,8,0.4019897435113901,0.476270109159856,0.4608257179760764,0.3447188137124982,0.39741617504665455,0.6245832936934634,0.6443806029972887,0.850617701858573,-0.7198530844822211
p,0,Bu'aale,8,0.30508541939346706,0.34830114208139246,0.702705858699899,0.34065832650617534,0.43366769388901344,0.5391169939795362,0.7829840732589088,0.9683393725948617,-1.2979032263479886
p,0,Bulo Burto,8,0.2729512527656723,0.34192058954767124,0.7558020649536503,0.378240840819579,0.4704957791062053,0.5376158450186286,0.636878375140928,0.7694303488978647,-0.23660245562960958
p,0,Burco,8,0.28427251540708365,0.32104031048813475,0.6821259592767329,0.22422428654134152,0.4026608658814333,0.49994845286631684,0.361989588706309,0.6186319750039324,-0.1803224185736767
p,0,Burtinle,8,0.3609154522418976,0.5574606321114368,0.5856501915278898,0.25,0.7071067811865476,0.33333333333333337,0.7613636363636362,1.0588933682336745,-0.49500688705234164
p,0,Buuhoodle,8,0.3396124839782715,0.40225753544416165,0.6659383229489322,0.25,0.5,0.4838709677419355,0.4811625123847839,0.7277763439294209,-0.09348832368159954
p,0,Cabudwaaq,8,0.6761317700147629,0.8345816753488583,-0.013129560477246782,0.75,1.0,-0.4545454545454546,0.7926136363636362,1.0477679443890504,-0.5968256949661908
p,0,Cadaado,8,0.6033496558666229,0.7326510741691645,0.09569364003636027,0.6399236211644819,0.8595199130398665,-0.24460943609998953,0.7602694630573705,0.9786019884063007,-0.6133678247294212
p,0,Caynabo,8,0.4706084393512195,0.5282056820770223,0.3830794386195635,0.4419301831470285,0.6278958227393416,0.12823727541563534,0.5175674633350478,0.7104349883933644,-0.11601952202031374
p,0,Ceel Afweyn,8,0.42417483300091957,0.5054933206690891,-0.19192784655317352,0.5028228331647226,0.600951579191494,-0.684604997915665,0.4437234143553654,0.48167921687157766,-0.08226830381144312
p,0,Ceel Barde,8,0.5020832270383835,0.5579335825206857,0.5472147163572846,0.375,0.6123724356957945,0.4545454545454546,0.8323863636363636,0.9526157442528163,-0.3199661908339595
p,0,Ceel Buur,8,0.3612925097911942,0.4337773667357407,0.6358647989504187,0.5191911244878298,0.6223629997849637,0.25042271187162735,0.5572311167250477,0.7317150032441709,-0.036126564170794406
p,0,Ceel Waaq,8,0.339332585425939,0.46909111561986644,0.06580601275257014,0.36644183342246506,0.5852564795488491,-0.4541697749551947,0.7576237617741333,0.9364891240356196,-2.723300841026618
p,0,Ceerigaabo,8,0.42737919092178345,0.5217081876550408,0.1531371957269696,0.5581993090937509,0.6818307793787672,-0.44647508637744293,0.518123803202371,0.5888697974176517,-0.07893756446835964
p,0,Daawa,8,0.3801597700929483,0.4700376429056858,-0.025853513346470125,0.20917641772450624,0.37666170393700565,0.3412463961530411,0.5427312098645073,0.6916899728543547,-1.2214831862369127
p,0,Dhuusamarreeb,8,0.5580681029614729,0.6521742163470462,0.20144623173023257,0.5336826022939539,0.7377515292101292,-0.02187353126182967,0.727065614213964,0.9229735327783364,-0.5993937997775833
p,0,Doolo,8,0.4320147387008114,0.4909099845077693,0.24200340999820646,0.6060076122069558,0.7619485272722936,-0.8260589323517089,0.5203183186303335,0.5858144620601967,-0.07940319532464546
p,0,East Bale,8,0.25219809023119444,0.32275024950675985,0.4752582817136678,0.3291301060103607,0.4039235620091359,0.17811549114416136,0.6103421513018398,0.7132440977951194,-1.5626470335128322
p,0,Erer,8,0.2944313645497483,0.3318829585087543,-4.9937440591234346,0.15718109096606425,0.22108716686826344,-1.6598390464717747,0.3455846767008897,0.36421059668978667,-6.21827532350747
p,0,Eyl,8,0.40545234260118646,0.44648811311606007,0.516633763731935,0.423859361349316,0.5258007014507781,0.3296542949633561,0.5189319676900912,0.7205751381902942,-0.25896905740436416
p,0,Fanti-Zone 4,8,0.5549543850904971,0.6755578493246103,0.14760147720074268,0.40239335510639057,0.5925565391096016,0.3441912758013712,0.9678926772120444,1.1500727728030473,-1.4704054880225126
p,0,Gaalkacyo,8,0.5735475902279927,0.6994921441272686,0.1459035957486856,0.6087106259999149,0.8224905724249911,-0.18087266084370035,0.7617267611537311,0.9980611192600344,-0.7388234383337215
p,0,Gabi-Zone 3,8,0.4073648575118437,0.5579662722986484,0.2710622487447494,0.39663541494665844,0.5801291942878241,0.21200404163749964,0.5830359425230983,0.742431215343122,-0.29058613203543837
p,0,Galdogob,8,0.688976526260376,0.840873359439781,-0.028462555077153784,0.75,1.0,-0.4545454545454546,0.8863636363636362,1.1163579915462853,-0.8127347858752818
p,0,Garbahaarey,8,0.3400480036568315,0.4499051394079063,0.34488292479047933,0.47017944302935494,0.5588214570217287,-0.010702074951796092,0.7494584796797791,0.8825107114364694,-1.520675738265132
p,0,Garissa,8,0.15017871169199148,0.16856667357810015,0.8595669929820223,0.25,0.41818446722639385,0.1357058826245422,0.43911298989177816,0.5117724635467175,-0.294433043596086
p,0,Garoowe,8,0.5987716097983267,0.6520771142324372,0.11122765151447622,0.6743322926173789,0.7847556250555862,-0.28724582747518035,0.5701038414429309,0.662449084259205,0.08272907832789556
p,0,Gebiley,8,0.28928760384000013,0.371352567724249,-0.3118322409906076,0.25114405734767525,0.4101165282893872,-0.6000000000000001,0.2928471631807203,0.314847197737255,0.05701430949187558
p,0,Guji,8,0.3039192881194833,0.33173632136722003,0.14339155953453298,0.3563609940677507,0.39616840203480574,-0.22167579102062307,0.32713270431631686,0.39582007190758406,-0.21952842438988096
p,0,Hargeysa,8,0.29317953821175075,0.39360354423941585,-0.01739797797376319,0.2797929031990156,0.43301486465187694,-0.23134139484462657,0.32890317605471386,0.3682585392774043,0.10940854954955603
p,0,Hari-Zone 5,8,0.35124440491199493,0.49726947641915026,-0.3188103049502711,0.375,0.6123724356957945,-1.0,0.41116494932667297,0.5289453131654037,-0.49217676970478386
p,0,Hobyo,8,0.34345783422660947,0.404748151400038,0.5977240236721973,0.3631463664731575,0.4519757649203828,0.4983686774146078,0.6029065595941252,0.7859627429102954,-0.5169046023569579
p,0,Isiolo,8,0.28639817287494973,0.38316979350172703,0.37249760887296757,0.25,0.4994647199904475,-0.06620935598656619,0.6046712202192199,0.7062958639897441,-1.1320931816960713
p,0,Iskushuban,8,0.38970468011476905,0.47044855235251554,0.05811699700049244,0.47337789788022383,0.6165353555520638,-0.6176652633035149,0.3745165032327427,0.4822338154821031,0.010335461978930094
p,0,Jalalaqsi,8,0.26231261038278897,0.3102180384558951,0.7713975071611258,0.3804029426630059,0.477488004038893,0.45840855252619506,0.6251234720772068,0.7436245451503383,-0.31357326180019873
p,0,Jarar,8,0.4578974115837955,0.5296911010438016,-0.4273423951261057,0.4839374185902949,0.6594735829492889,-1.2124711621390283,0.4113332612519801,0.44541941623752873,-0.009301923229773745
p,0,Jariiban,8,0.4007722058702659,0.5309230950290442,0.5108990509895827,0.4242030816891097,0.6319092831006436,0.30714119339593404,0.6839132125297218,0.8990013564634666,-0.40234853330618825
p,0,Kajiado,8,0.12397741911628357,0.14233098519662574,-156.5794876599996,0.006546195723796999,0.013092391447593998,-0.33333333333333304,0.33380659603402957,0.38396341725569105,-1145.7809489670963
p,0,Kilbati-Zone 2,8,0.4334523803469855,0.5237383422453467,-0.21498993615547413,0.22056940824264892,0.33330438746391544,0.5079310026779003,0.7549968998967362,0.8917033503386386,-2.5219625928878977
p,0,Kismaayo,8,0.3268913234505618,0.4216862141945738,0.49174336052198797,0.3306416729917422,0.4470810566582391,0.42868346766555365,0.5513254896484943,0.8031560635459546,-0.8437589398507241
p,0,Korahe,8,0.45080715219927303,0.4787604145412466,-0.0010940720374437163,0.5090307273627062,0.6372740013709668,-0.773743525468289,0.4319080997054211,0.49522205147662113,-0.07112059755692668
p,0,Kurtunwaarey,8,0.4217185199419112,0.46424295100920127,-0.1316248486352778,0.49893068102269766,0.5774558542338676,-0.7508519170361585,0.5681768532831194,0.6343929678969858,-1.113141403775674
p,0,Laas Caanood,8,0.4633738696575165,0.506754607908732,0.5096773384294964,0.42296554322660096,0.6272204928860212,0.24884937699593057,0.5961120787099754,0.7582020939464871,-0.09763137352577655
p,0,Laasqoray,8,0.5282474550224661,0.6365140536918342,-0.2732739716434549,0.6754084733508707,0.8033231687711513,-1.0280864001671728,0.5771739431287248,0.6106386597893956,-0.17185657149208522
p,0,Lamu,8,0.2668633953638866,0.2968375465689722,-219662.5318765526,0.12516352878981185,0.353553693140548,-311623.11036204384,0.19223314533187938,0.2185143730335201,-119035.54477871295
p,0,Liban,8,0.37070767812487054,0.4538633620898429,0.42119420490793125,0.3480077944802302,0.5257977003978833,0.2231807420113464,0.6671821720798855,0.8570507399886919,-1.0639334385724353
p,0,Lughaye,8,0.5736849513726527,0.6403624073744401,-0.7154795904356057,0.7333719751468584,0.8468250145343325,-2.0,0.5757939730043264,0.7062315358608694,-1.0865467093974712
p,0,Mandera,8,0.2809705147474399,0.3341322878556966,0.45832512716025053,0.34094206778072617,0.5150383239199159,-0.2870069534470636,0.4507106272432423,0.5414208505418786,-0.4222362862347908
p,0,Marsabit,8,0.21348066029973078,0.257216476690634,0.6473503698295457,0.2500131383636234,0.43316538951745676,-0.0001228733300491225,0.48439160081440896,0.5692334115320001,-0.7271363689632329
p,0,Narok,8,0.4480227898655318,0.5018948790893989,-1.3300564041553256,0.33072619281452365,0.47508333099518735,-1.0877596069102204,0.25924779330304515,0.28205789545074744,0.2641023307578745
p,0,Nogob,8,0.3085508090749025,0.3666068798676099,-1.1211731461063827,0.19121226619092946,0.37509972932934893,-1.2205901049106678,0.4904058963210431,0.5055434177953694,-3.033590627048098
p,0,Owdweyne,8,0.2364910229927064,0.2799518971132345,0.6848047088474486,0.19924819369354257,0.3530461766584352,0.49872514935134626,0.31761679104086893,0.5502045417193342,-0.2174783106231657
p,0,Qardho,8,0.6376354396343231,0.7408289046669144,-0.13306315559221704,0.75,0.8660254037844386,-0.5483870967741935,0.59375,0.6652824386232481,0.08624366835510544
p,0,Qoryooley,8,0.39015168866132394,0.43451608653660395,-0.1945745373098362,0.4249303267401347,0.5043609252849793,-0.609475611463518,0.614339079488621,0.7274057419790799,-2.347765153138071
p,0,Saakow,8,0.2977124085322356,0.36939281455517237,0.5421932619299864,0.3176397837929789,0.42855359758034606,0.3838086686640175,0.728563354842371,0.9112083305063429,-1.785740491990167
p,0,Sablaale,8,0.3893025379431515,0.4934889828275033,0.10937387708058144,0.4464199315204969,0.6002561522794161,-0.31769150581857764,0.6073523382256141,0.7153554599281382,-0.8714761584280357
p,0,Samburu,8,0.20474132466020034,0.23593454189072086,0.6656146844027344,0.19243029640795778,0.28325564859437874,0.5180285654994152,0.5198652494531987,0.6534472240519725,-1.5649870426093933
p,0,Shabelle,8,0.2400934708176522,0.31009583605633023,-0.03169522864255492,0.20605467079840967,0.3023671207933635,0.01909108461077813,0.5685350739774719,0.6549453791861005,-3.6022448209912037
p,0,Sheikh,8,0.11905631921675042,0.1650068569701309,-13.670024579697982,0.017966051856950216,0.03593210371390043,0.30434782608695654,0.14429772948953712,0.1799542550480865,-16.448218761564572
p,0,Siti,8,0.1794659839921558,0.2363205844986463,0.46853628279141313,0.26197135707985764,0.3152228368882188,0.05440348499672787,0.3826019885230863,0.43018319388184134,-0.7610731505009358
p,0,Taleex,8,0.4953528642654419,0.5464211382090515,0.40284787943664924,0.5,0.7071067811865476,0.0,0.65625,0.7471931495941738,-0.11659520560092296
p,0,Tana River,8,0.1706658340379441,0.21686084076337442,0.7291092735321236,0.2215494616299432,0.3626681872713282,0.2423811238242355,0.43610359521468667,0.5676018902848796,-0.8557502585746837
p,0,Turkana,8,0.441542306227821,0.5680062184956882,0.169190390847335,0.3524255702884594,0.5631082482812243,0.18345691010495468,0.6890906019181746,0.8808823649449541,-0.9981641435324153
p,0,Wajir,8,0.22760835083955433,0.25511530400987154,0.6728595055181839,0.24912484093189402,0.44834770788737227,-0.010395001908186874,0.3959875527664101,0.4987114609314613,-0.2501438229920512
p,0,Wanla Weyn,8,0.34049582227313785,0.43225513226694834,0.06985993975532379,0.3104538932571621,0.44964977082939783,-0.006506966810806869,0.6563954449473167,0.8058691154137022,-2.2329356211027367
p,0,West Guji,8,0.27478355418645184,0.37213388091050026,0.2691637495615925,0.3020538915490577,0.4353352242397406,-0.00015952137716390702,0.525094867989107,0.6823085103207766,-1.4568759715564203
p,0,West Pokot,8,0.39491860517937055,0.4641100624871542,-0.5394923734740671,0.377879355423672,0.4628386734934186,-0.5310693165312479,0.43870676551701443,0.4716662235408192,-0.5900292985809323
p,0,Xarardheere,8,0.3341964930295944,0.4130422648709208,0.6530546661713366,0.3248487633308662,0.4690095261787483,0.5526624119834569,0.6781439045836417,0.8127528217263285,-0.3433495554222754
p,0,Xudun,8,0.49605605006217957,0.5464311940664736,0.4028259003021759,0.5,0.7071067811865476,0.0,0.65625,0.7511000558363649,-0.12830258775478076
p,0,Zeylac,8,0.5509955819536819,0.6012470645572935,-0.9923296961566876,0.63894521775531,0.7377903869369046,-2.0000000000000004,0.48634153104443956,0.5975684652007449,-0.9680250042061236
p,1,Afder,8,0.303577701810449,0.3910871978075505,0.6694461100547124,0.369726968171575,0.5769389051853062,0.2806260199427564,0.7282439970726087,0.8845283221647086,-0.6909024749358599
p,1,Afmadow,8,0.3042003965647947,0.3177448966000041,0.7874602069700629,0.21278933671161746,0.37268204333255345,0.7076116790265667,0.6579230212268675,0.8349169119483244,-0.4674712507500287
p,1,Awsi-Zone 1,8,0.22850690056746323,0.2807991606680323,0.5315935277367392,0.27021681020417143,0.32258821269610927,0.3818010467702846,0.4267651553032017,0.547016015236741,-0.7775890233886777
p,1,Baardheere,8,0.4269833252416842,0.4971689287455863,0.25144342761864746,0.5530730815465362,0.6210671726365241,-0.16813710478632315,0.7411006526609355,0.9071394196694609,-1.4920958905974855
p,1,Badhaadhe,8,0.36428777173913146,0.4189584711827693,0.6307862585968248,0.2748889868513952,0.4253458001939031,0.6194425730891273,0.6409662490361552,0.7766293420379344,-0.26871330234588453
p,1,Baki,8,0.26136445494291805,0.3105901346990072,-1.138366703914587,0.28835417305820055,0.3377455348110961,-1.5286347475305293,0.22191641071066343,0.2608691300534305,-0.5085240872860821
p,1,Bale,8,0.37515632735562354,0.43709124212244316,-0.8144228574071799,0.4225484280405143,0.46195543126915933,-1.0267232699864346,0.2532752216536607,0.32695746942465975,-0.015258947448924198
p,1,Bandarbeyla,8,0.3701114909015588,0.5008613159575612,0.35803868637121505,0.5542639406844958,0.6596613458447574,-0.11356596721721557,0.520348977756686,0.6845138808968347,-0.1990530424154744
p,1,Belet Weyne,8,0.39073578990763713,0.4030235843220617,0.6729064939398348,0.4766012450997059,0.5652244264802081,0.3566417959697179,0.6334472728899262,0.8081220027789353,-0.3151184259935682
p,1,Belet Xaawo,8,0.34197749559587654,0.46784875755629907,0.07276225962755112,0.36474202009293644,0.5800806047561968,-0.4254658874757735,0.8175955002112192,0.9497260866469589,-2.820998553930827
p,1,Berbera,8,0.3282961921689588,0.36568620443745753,-1.1626093580281238,0.37300168776442943,0.43070524967795615,-1.9999999999999996,0.2487084818419258,0.3437808309273702,-0.9112796606735472
p,1,Borama,8,0.22549613181541617,0.31023809538999747,-0.13456331183466097,0.24500661725119366,0.37430851432482853,-0.6515734654356349,0.27440145048975473,0.28839266330193875,0.019591878487800085
p,1,Borena,8,0.3807504330083841,0.4451759975723894,0.5289294025648239,0.3447188137124982,0.39741617504665455,0.6245832936934634,0.6443806029972887,0.850617701858573,-0.7198530844822211
p,1,Bu'aale,8,0.3594032215842477,0.4086039327943832,0.5908508639262499,0.34065832650617534,0.43366769388901344,0.5391169939795362,0.7829840732589088,0.9683393725948617,-1.2979032263479886
p,1,Bulo Burto,8,0.22176786512853391,0.276267963838046,0.84057642872459,0.378240840819579,0.4704957791062053,0.5376158450186286,0.636878375140928,0.7694303488978647,-0.23660245562960958
p,1,Burco,8,0.18999575935888113,0.2687799689536946,0.7771925398748865,0.22422428654134152,0.4026608658814333,0.49994845286631684,0.361989588706309,0.6186319750039324,-0.1803224185736767
p,1,Burtinle,8,0.380941778421402,0.580495069971089,0.5507006316523473,0.25,0.7071067811865476,0.33333333333333337,0.7613636363636362,1.0588933682336745,-0.49500688705234164
p,1,Buuhoodle,8,0.34717199206352234,0.4607426439972276,0.5617367040050457,0.25,0.5,0.4838709677419355,0.4811625123847839,0.7277763439294209,-0.09348832368159954
p,1,Cabudwaaq,8,0.6305573582649231,0.8031449948306967,0.06175726149585481,0.75,1.0,-0.4545454545454546,0.7926136363636362,1.0477679443890504,-0.5968256949661908
p,1,Cadaado,8,0.556154191493988,0.6604676726339557,0.26510662088158155,0.6399236211644819,0.8595199130398665,-0.24460943609998953,0.7602694630573705,0.9786019884063007,-0.6133678247294212
p,1,Caynabo,8,0.4511415623675769,0.5378007757552404,0.36046258628984995,0.4419301831470285,0.6278958227393416,0.12823727541563534,0.5175674633350478,0.7104349883933644,-0.11601952202031374
p,1,Ceel Afweyn,8,0.3784973725280862,0.4716915159346484,-0.03785158543448164,0.5028228331647226,0.600951579191494,-0.684604997915665,0.4437234143553654,0.48167921687157766,-0.08226830381144312
p,1,Ceel Barde,8,0.43838222324848175,0.5154973503282695,0.6134727008065939,0.375,0.6123724356957945,0.4545454545454546,0.8323863636363636,0.9526157442528163,-0.3199661908339595
p,1,Ceel Buur,8,0.2890528353285504,0.3674605596205431,0.7386934160327905,0.5191911244878298,0.6223629997849637,0.25042271187162735,0.5572311167250477,0.7317150032441709,-0.036126564170794406
p,1,Ceel Waaq,8,0.33768921086367554,0.4843583818483728,0.004006987459092115,0.36644183342246506,0.5852564795488491,-0.4541697749551947,0.7576237617741333,0.9364891240356196,-2.723300841026618
p,1,Ceerigaabo,8,0.4260216951370239,0.502274131379656,0.21505473195830738,0.5581993090937509,0.6818307793787672,-0.44647508637744293,0.518123803202371,0.5888697974176517,-0.07893756446835964
p,1,Daawa,8,0.3040308104371866,0.36180946468270364,0.3921730980696193,0.20917641772450624,0.37666170393700565,0.3412463961530411,0.5427312098645073,0.6916899728543547,-1.2214831862369127
p,1,Dhuusamarreeb,8,0.4609803918656629,0.5314669394647599,0.46969048291547266,0.5336826022939539,0.7377515292101292,-0.02187353126182967,0.727065614213964,0.9229735327783364,-0.5993937997775833
p,1,Doolo,8,0.5366133204917355,0.5790482210248238,-0.054612670626448034,0.6060076122069558,0.7619485272722936,-0.8260589323517089,0.5203183186303335,0.5858144620601967,-0.07940319532464546
p,1,East Bale,8,0.24490601005726223,0.3235088895705675,0.472788520923375,0.3291301060103607,0.4039235620091359,0.17811549114416136,0.6103421513018398,0.7132440977951194,-1.5626470335128322
p,1,Erer,8,0.26680046917354283,0.31094402564732393,-4.261295832776573,0.15718109096606425,0.22108716686826344,-1.6598390464717747,0.3455846767008897,0.36421059668978667,-6.21827532350747
p,1,Eyl,8,0.3494733291581933,0.39044957935310104,0.63035364554458,0.423859361349316,0.5258007014507781,0.3296542949633561,0.5189319676900912,0.7205751381902942,-0.25896905740436416
p,1,Fanti-Zone 4,8,0.5984025421582393,0.7127666708499395,0.05111765293782333,0.40239335510639057,0.5925565391096016,0.3441912758013712,0.9678926772120444,1.1500727728030473,-1.4704054880225126
p,1,Gaalkacyo,8,0.4951721017083241,0.5764586933572726,0.4199337511909427,0.6087106259999149,0.8224905724249911,-0.18087266084370035,0.7617267611537311,0.9980611192600344,-0.7388234383337215
p,1,Gabi-Zone 3,8,0.436831024604167,0.557249440290751,0.27293401156377917,0.39663541494665844,0.5801291942878241,0.21200404163749964,0.5830359425230983,0.742431215343122,-0.29058613203543837
p,1,Galdogob,8,0.6371919810771942,0.7761019002691624,0.12387758603432009,0.75,1.0,-0.4545454545454546,0.8863636363636362,1.1163579915462853,-0.8127347858752818
p,1,Garbahaarey,8,0.2887543325256975,0.3649635603678864,0.5689019881361985,0.47017944302935494,0.5588214570217287,-0.010702074951796092,0.7494584796797791,0.8825107114364694,-1.520675738265132
p,1,Garissa,8,0.13677293575942429,0.1521283552081759,0.8856210510688525,0.25,0.41818446722639385,0.1357058826245422,0.43911298989177816,0.5117724635467175,-0.294433043596086
p,1,Garoowe,8,0.5486131985339071,0.6194368302474231,0.1979772900880259,0.6743322926173789,0.7847556250555862,-0.28724582747518035,0.5701038414429309,0.662449084259205,0.08272907832789556
p,1,Gebiley,8,0.25407048259652326,0.36416466876328646,-0.26154008472272827,0.25114405734767525,0.4101165282893872,-0.6000000000000001,0.2928471631807203,0.314847197737255,0.05701430949187558
p,1,Guji,8,0.3617903119058402,0.4068306137717654,-0.2883194166704617,0.3563609940677507,0.39616840203480574,-0.22167579102062307,0.32713270431631686,0.39582007190758406,-0.21952842438988096
p,1,Hargeysa,8,0.24621037859136424,0.3499655543492303,0.19568999573212897,0.2797929031990156,0.43301486465187694,-0.23134139484462657,0.32890317605471386,0.3682585392774043,0.10940854954955603
p,1,Hari-Zone 5,8,0.3204587996006012,0.46765301347540844,-0.1663964854006963,0.375,0.6123724356957945,-1.0,0.41116494932667297,0.5289453131654037,-0.49217676970478386
p,1,Hobyo,8,0.2613964419879389,0.3126119793485975,0.7600252310111989,0.3631463664731575,0.4519757649203828,0.4983686774146078,0.6029065595941252,0.7859627429102954,-0.5169046023569579
p,1,Isiolo,8,0.22940671493580178,0.33570950199392796,0.5183183268407465,0.25,0.4994647199904475,-0.06620935598656619,0.6046712202192199,0.7062958639897441,-1.1320931816960713
p,1,Iskushuban,8,0.346313601404213,0.4617643323228179,0.09256932765206105,0.47337789788022383,0.6165353555520638,-0.6176652633035149,0.3745165032327427,0.4822338154821031,0.010335461978930094
p,1,Jalalaqsi,8,0.2959023057060214,0.3610587267437034,0.6903275574129859,0.3804029426630059,0.477488004038893,0.45840855252619506,0.6251234720772068,0.7436245451503383,-0.31357326180019873
p,1,Jarar,8,0.45874275445832247,0.5148361635482358,-0.3484067029945055,0.4839374185902949,0.6594735829492889,-1.2124711621390283,0.4113332612519801,0.44541941623752873,-0.009301923229773745
p,1,Jariiban,8,0.3589008746777737,0.469566304984525,0.6174139581560638,0.4242030816891097,0.6319092831006436,0.30714119339593404,0.6839132125297218,0.8990013564634666,-0.40234853330618825
p,1,Kajiado,8,0.19661169884421936,0.20482268613545235,-325.32991502520935,0.006546195723796999,0.013092391447593998,-0.33333333333333304,0.33380659603402957,0.38396341725569105,-1145.7809489670963
p,1,Kilbati-Zone 2,8,0.4377953237769324,0.5077137862251659,-0.14177848348096722,0.22056940824264892,0.33330438746391544,0.5079310026779003,0.7549968998967362,0.8917033503386386,-2.5219625928878977
p,1,Kismaayo,8,0.3379560018811191,0.43585677188550015,0.45700997667921905,0.3306416729917422,0.4470810566582391,0.42868346766555365,0.5513254896484943,0.8031560635459546,-0.8437589398507241
p,1,Korahe,8,0.3872626404042291,0.45354927483438434,0.10156352585119555,0.5090307273627062,0.6372740013709668,-0.773743525468289,0.4319080997054211,0.49522205147662113,-0.07112059755692668
p,1,Kurtunwaarey,8,0.400798384062714,0.4585870050684132,-0.10421928284914905,0.49893068102269766,0.5774558542338676,-0.7508519170361585,0.5681768532831194,0.6343929678969858,-1.113141403775674
p,1,Laas Caanood,8,0.4338480234146118,0.5148074292417931,0.4939701171500336,0.42296554322660096,0.6272204928860212,0.24884937699593057,0.5961120787099754,0.7582020939464871,-0.09763137352577655
p,1,Laasqoray,8,0.5175653902076365,0.6029141530237097,-0.1423963975650011,0.6754084733508707,0.8033231687711513,-1.0280864001671728,0.5771739431287248,0.6106386597893956,-0.17185657149208522
p,1,Lamu,8,0.4303855494566753,0.4858875275340245,-588560.4291502796,0.12516352878981185,0.353553693140548,-311623.11036204384,0.19223314533187938,0.2185143730335201,-119035.54477871295
p,1,Liban,8,0.3369682007288592,0.3868388838018692,0.5795224027939785,0.3480077944802302,0.5257977003978833,0.2231807420113464,0.6671821720798855,0.8570507399886919,-1.0639334385724353
p,1,Lughaye,8,0.5106471684651668,0.6085575521251476,-0.5493060289634155,0.7333719751468584,0.8468250145343325,-2.0,0.5757939730043264,0.7062315358608694,-1.0865467093974712
p,1,Mandera,8,0.26146536344801535,0.32562730678984914,0.4855496870113759,0.34094206778072617,0.5150383239199159,-0.2870069534470636,0.4507106272432423,0.5414208505418786,-0.4222362862347908
p,1,Marsabit,8,0.13638729749150325,0.16909253431825513,0.8475965742624073,0.2500131383636234,0.43316538951745676,-0.0001228733300491225,0.48439160081440896,0.5692334115320001,-0.7271363689632329
p,1,Narok,8,0.4398207884130858,0.5143847039222602,-1.447467854666146,0.33072619281452365,0.47508333099518735,-1.0877596069102204,0.25924779330304515,0.28205789545074744,0.2641023307578745
p,1,Nogob,8,0.29358712260868547,0.3665102839457887,-1.1200554928767308,0.19121226619092946,0.37509972932934893,-1.2205901049106678,0.4904058963210431,0.5055434177953694,-3.033590627048098
p,1,Owdweyne,8,0.17492452858133134,0.2855369095153812,0.6721030323986106,0.19924819369354257,0.3530461766584352,0.49872514935134626,0.31761679104086893,0.5502045417193342,-0.2174783106231657
p,1,Qardho,8,0.5964243113994598,0.6809911924685015,0.04258270096583905,0.75,0.8660254037844386,-0.5483870967741935,0.59375,0.6652824386232481,0.08624366835510544
p,1,Qoryooley,8,0.3728383231970717,0.4375690128089127,-0.2114197584606945,0.4249303267401347,0.5043609252849793,-0.609475611463518,0.614339079488621,0.7274057419790799,-2.347765153138071
p,1,Saakow,8,0.29589992572130774,0.3756030668946605,0.5266705208744373,0.3176397837929789,0.42855359758034606,0.3838086686640175,0.728563354842371,0.9112083305063429,-1.785740491990167
p,1,Sablaale,8,0.3628630521972237,0.46129056924131684,0.2218028104090919,0.4464199315204969,0.6002561522794161,-0.31769150581857764,0.6073523382256141,0.7153554599281382,-0.8714761584280357
p,1,Samburu,8,0.16756064588713748,0.19090990226107746,0.7810620479108565,0.19243029640795778,0.28325564859437874,0.5180285654994152,0.5198652494531987,0.6534472240519725,-1.5649870426093933
p,1,Shabelle,8,0.166022026737509,0.2414276882664325,0.37463480795075177,0.20605467079840967,0.3023671207933635,0.01909108461077813,0.5685350739774719,0.6549453791861005,-3.6022448209912037
p,1,Sheikh,8,0.05201103291895226,0.08026036208705052,-2.4707959890400324,0.017966051856950216,0.03593210371390043,0.30434782608695654,0.14429772948953712,0.1799542550480865,-16.448218761564572
p,1,Siti,8,0.19017942416565609,0.25027045147339455,0.4039404224644948,0.26197135707985764,0.3152228368882188,0.05440348499672787,0.3826019885230863,0.43018319388184134,-0.7610731505009358
p,1,Taleex,8,0.4532161056995392,0.555678337122139,0.382443171306349,0.5,0.7071067811865476,0.0,0.65625,0.7471931495941738,-0.11659520560092296
p,1,Tana River,8,0.17612079152314308,0.20117890760945903,0.7668707563163277,0.2215494616299432,0.3626681872713282,0.2423811238242355,0.43610359521468667,0.5676018902848796,-0.8557502585746837
p,1,Turkana,8,0.3698750522567211,0.5166624440728577,0.3126006481293988,0.3524255702884594,0.5631082482812243,0.18345691010495468,0.6890906019181746,0.8808823649449541,-0.9981641435324153
p,1,Wajir,8,0.23763027787202828,0.28180925337656365,0.60081723666884,0.24912484093189402,0.44834770788737227,-0.010395001908186874,0.3959875527664101,0.4987114609314613,-0.2501438229920512
p,1,Wanla Weyn,8,0.28654055785691523,0.385118540274644,0.26165916877912254,0.3104538932571621,0.44964977082939783,-0.006506966810806869,0.6563954449473167,0.8058691154137022,-2.2329356211027367
p,1,West Guji,8,0.28291695069276135,0.3859512756419539,0.21388403215415386,0.3020538915490577,0.4353352242397406,-0.00015952137716390702,0.525094867989107,0.6823085103207766,-1.4568759715564203
p,1,West Pokot,8,0.37283164212185255,0.4763355738396185,-0.6216667280302965,0.377879355423672,0.4628386734934186,-0.5310693165312479,0.43870676551701443,0.4716662235408192,-0.5900292985809323
p,1,Xarardheere,8,0.3449442535638809,0.42605939732434966,0.6308419345523899,0.3248487633308662,0.4690095261787483,0.5526624119834569,0.6781439045836417,0.8127528217263285,-0.3433495554222754
p,1,Xudun,8,0.5017998218536377,0.5838224585241857,0.318302673845551,0.5,0.7071067811865476,0.0,0.65625,0.7511000558363649,-0.12830258775478076
p,1,Zeylac,8,0.5030941154648437,0.5717682990906165,-0.8017536719816565,0.63894521775531,0.7377903869369046,-2.0000000000000004,0.48634153104443956,0.5975684652007449,-0.9680250042061236
p,2,Afder,8,0.3303616152177739,0.42414711091222745,0.6111983499693913,0.369726968171575,0.5769389051853062,0.2806260199427564,0.7282439970726087,0.8845283221647086,-0.6909024749358599
p,2,Afmadow,8,0.2045363045008909,0.24499817295629836,0.8736402445271509,0.21278933671161746,0.37268204333255345,0.7076116790265667,0.6579230212268675,0.8349169119483244,-0.4674712507500287
p,2,Awsi-Zone 1,8,0.22102234538246465,0.29489523635607917,0.4833852626531421,0.27021681020417143,0.32258821269610927,0.3818010467702846,0.4267651553032017,0.547016015236741,-0.7775890233886777
p,2,Baardheere,8,0.3166008526812552,0.39949653172974414,0.5166711751264272,0.5530730815465362,0.6210671726365241,-0.16813710478632315,0.7411006526609355,0.9071394196694609,-1.4920958905974855
p,2,Badhaadhe,8,0.2508065630570712,0.28326785240445607,0.8312163074373512,0.2748889868513952,0.4253458001939031,0.6194425730891273,0.6409662490361552,0.7766293420379344,-0.26871330234588453
p,2,Baki,8,0.25760083885786556,0.29666127702103834,-0.9508711804053989,0.28835417305820055,0.3377455348110961,-1.5286347475305293,0.22191641071066343,0.2608691300534305,-0.5085240872860821
p,2,Bale,8,0.2916155159141094,0.3594614112118786,-0.2271533825113179,0.4225484280405143,0.46195543126915933,-1.0267232699864346,0.2532752216536607,0.32695746942465975,-0.015258947448924198
p,2,Bandarbeyla,8,0.34856627446040434,0.5023685437371651,0.35416920093519855,0.5542639406844958,0.6596613458447574,-0.11356596721721557,0.520348977756686,0.6845138808968347,-0.1990530424154744
p,2,Belet Weyne,8,0.34814947820967723,0.3865801906038809,0.6990528801105109,0.4766012450997059,0.5652244264802081,0.3566417959697179,0.6334472728899262,0.8081220027789353,-0.3151184259935682
p,2,Belet Xaawo,8,0.31726083521551307,0.4411064822120088,0.1757346969795659,0.36474202009293644,0.5800806047561968,-0.4254658874757735,0.8175955002112192,0.9497260866469589,-2.820998553930827
p,2,Berbera,8,0.3579114751813489,0.401584982277303,-1.6080496283924175,0.37300168776442943,0.43070524967795615,-1.9999999999999996,0.2487084818419258,0.3437808309273702,-0.9112796606735472
p,2,Borama,8,0.23339409011706913,0.3156338845323664,-0.1743721005595189,0.24500661725119366,0.37430851432482853,-0.6515734654356349,0.27440145048975473,0.28839266330193875,0.019591878487800085
p,2,Borena,8,0.31630656504051596,0.37655676178183356,0.6629584697018625,0.3447188137124982,0.39741617504665455,0.6245832936934634,0.6443806029972887,0.850617701858573,-0.7198530844822211
p,2,Bu'aale,8,0.3485813128718606,0.38880140455023043,0.6295477780206646,0.34065832650617534,0.43366769388901344,0.5391169939795362,0.7829840732589088,0.9683393725948617,-1.2979032263479886
p,2,Bulo Burto,8,0.25027775020124204,0.2963056218591666,0.8166118527394688,0.378240840819579,0.4704957791062053,0.5376158450186286,0.636878375140928,0.7694303488978647,-0.23660245562960958
p,2,Burco,8,0.15227090904861507,0.1896303744704884,0.8890948446706928,0.22422428654134152,0.4026608658814333,0.49994845286631684,0.361989588706309,0.6186319750039324,-0.1803224185736767
p,2,Burtinle,8,0.2787820100784302,0.5014834656586287,0.6646857782280147,0.25,0.7071067811865476,0.33333333333333337,0.7613636363636362,1.0588933682336745,-0.49500688705234164
p,2,Buuhoodle,8,0.2479378581047058,0.3145626556633729,0.795716822011884,0.25,0.5,0.4838709677419355,0.4811625123847839,0.7277763439294209,-0.09348832368159954
p,2,Cabudwaaq,8,0.5795062184333801,0.7778844050020661,0.11984851266120955,0.75,1.0,-0.4545454545454546,0.7926136363636362,1.0477679443890504,-0.5968256949661908
p,2,Cadaado,8,0.5470028221607208,0.6816430258714387,0.21722815724663058,0.6399236211644819,0.8595199130398665,-0.24460943609998953,0.7602694630573705,0.9786019884063007,-0.6133678247294212
p,2,Caynabo,8,0.39441747596373017,0.4701586204774427,0.5112217023458377,0.4419301831470285,0.6278958227393416,0.12823727541563534,0.5175674633350478,0.7104349883933644,-0.11601952202031374
p,2,Ceel Afweyn,8,0.4089833077800486,0.5126111361015431,-0.22573107529940373,0.5028228331647226,0.600951579191494,-0.684604997915665,0.4437234143553654,0.48167921687157766,-0.08226830381144312
p,2,Ceel Barde,8,0.4561617374420166,0.5285670680354209,0.593624515765002,0.375,0.6123724356957945,0.4545454545454546,0.8323863636363636,0.9526157442528163,-0.3199661908339595
p,2,Ceel Buur,8,0.3008154220053393,0.3737217369444594,0.7297127214008247,0.5191911244878298,0.6223629997849637,0.25042271187162735,0.5572311167250477,0.7317150032441709,-0.036126564170794406
p,2,Ceel Waaq,8,0.31867233404692596,0.4628521183327787,0.09049065905671838,0.36644183342246506,0.5852564795488491,-0.4541697749551947,0.7576237617741333,0.9364891240356196,-2.723300841026618
p,2,Ceerigaabo,8,0.41093870997428894,0.5409046604854381,0.08966927736965769,0.5581993090937509,0.6818307793787672,-0.44647508637744293,0.518123803202371,0.5888697974176517,-0.07893756446835964
p,2,Daawa,8,0.3426239536619028,0.41318705691041624,0.20729154893681634,0.20917641772450624,0.37666170393700565,0.3412463961530411,0.5427312098645073,0.6916899728543547,-1.2214831862369127
p,2,Dhuusamarreeb,8,0.4705529872235578,0.5704361279206926,0.3890706920952788,0.5336826022939539,0.7377515292101292,-0.02187353126182967,0.727065614213964,0.9229735327783364,-0.5993937997775833
p,2,Doolo,8,0.5575801781634732,0.608045693505594,-0.16288282227010997,0.6060076122069558,0.7619485272722936,-0.8260589323517089,0.5203183186303335,0.5858144620601967,-0.07940319532464546
p,2,East Bale,8,0.23417361880400914,0.3401020447771372,0.4173189344179409,0.3291301060103607,0.4039235620091359,0.17811549114416136,0.6103421513018398,0.7132440977951194,-1.5626470335128322
p,2,Erer,8,0.25274542571460423,0.2754359971507006,-3.128285125501309,0.15718109096606425,0.22108716686826344,-1.6598390464717747,0.3455846767008897,0.36421059668978667,-6.21827532350747
p,2,Eyl,8,0.2238450663999383,0.2885252758761845,0.7981520984424132,0.423859361349316,0.5258007014507781,0.3296542949633561,0.5189319676900912,0.7205751381902942,-0.25896905740436416
p,2,Fanti-Zone 4,8,0.5635962012253932,0.7110752999200025,0.05561564051958967,0.40239335510639057,0.5925565391096016,0.3441912758013712,0.9678926772120444,1.1500727728030473,-1.4704054880225126
p,2,Gaalkacyo,8,0.49905421182719006,0.5981462859239773,0.3754660791408798,0.6087106259999149,0.8224905724249911,-0.18087266084370035,0.7617267611537311,0.9980611192600344,-0.7388234383337215
p,2,Gabi-Zone 3,8,0.3731381568482771,0.5078427209324413,0.396144520953584,0.39663541494665844,0.5801291942878241,0.21200404163749964,0.5830359425230983,0.742431215343122,-0.29058613203543837
p,2,Galdogob,8,0.5935772061347961,0.7611415021031247,0.1573288927653803,0.75,1.0,-0.4545454545454546,0.8863636363636362,1.1163579915462853,-0.8127347858752818
p,2,Garbahaarey,8,0.32832797215696885,0.42592727135371206,0.41285156620819474,0.47017944302935494,0.5588214570217287,-0.010702074951796092,0.7494584796797791,0.8825107114364694,-1.520675738265132
p,2,Garissa,8,0.13673150025665848,0.16241081823914089,0.8696366024561922,0.25,0.41818446722639385,0.1357058826245422,0.43911298989177816,0.5117724635467175,-0.294433043596086
p,2,Garoowe,8,0.3976306696089651,0.4845073198985809,0.5093257091493284,0.6743322926173789,0.7847556250555862,-0.28724582747518035,0.5701038414429309,0.662449084259205,0.08272907832789556
p,2,Gebiley,8,0.2533928820935554,0.3563942725676084,-0.20827800592911627,0.25114405734767525,0.4101165282893872,-0.6000000000000001,0.2928471631807203,0.314847197737255,0.05701430949187558
p,2,Guji,8,0.2685674156753305,0.3051126484971525,0.2753693093500429,0.3563609940677507,0.39616840203480574,-0.22167579102062307,0.32713270431631686,0.39582007190758406,-0.21952842438988096
p,2,Hargeysa,8,0.23951221641056514,0.370261739764717,0.09969317134648681,0.2797929031990156,0.43301486465187694,-0.23134139484462657,0.32890317605471386,0.3682585392774043,0.10940854954955603
p,2,Hari-Zone 5,8,0.27473296225070953,0.43508014662723615,-0.009571914608945464,0.375,0.6123724356957945,-1.0,0.41116494932667297,0.5289453131654037,-0.49217676970478386
p,2,Hobyo,8,0.2997941536731732,0.3398861021260073,0.716324934869858,0.3631463664731575,0.4519757649203828,0.4983686774146078,0.6029065595941252,0.7859627429102954,-0.5169046023569579
p,2,Isiolo,8,0.24206620504429177,0.36113267072255256,0.4426007056793577,0.25,0.4994647199904475,-0.06620935598656619,0.6046712202192199,0.7062958639897441,-1.1320931816960713
p,2,Iskushuban,8,0.27917866118167395,0.3942379295033969,0.33856145834705487,0.47337789788022383,0.6165353555520638,-0.6176652633035149,0.3745165032327427,0.4822338154821031,0.010335461978930094
p,2,Jalalaqsi,8,0.2775009825279118,0.3227178820701945,0.7526038547540654,0.3804029426630059,0.477488004038893,0.45840855252619506,0.6251234720772068,0.7436245451503383,-0.31357326180019873
p,2,Jarar,8,0.4629556759229665,0.5235909311406338,-0.3946558199262591,0.4839374185902949,0.6594735829492889,-1.2124711621390283,0.4113332612519801,0.44541941623752873,-0.009301923229773745
p,2,Jariiban,8,0.3202140846658897,0.45116591184219507,0.6468104640292212,0.4242030816891097,0.6319092831006436,0.30714119339593404,0.6839132125297218,0.8990013564634666,-0.40234853330618825
p,2,Kajiado,8,0.15357495844364166,0.1853616600419081,-266.26407973282534,0.006546195723796999,0.013092391447593998,-0.33333333333333304,0.33380659603402957,0.38396341725569105,-1145.7809489670963
p,2,Kilbati-Zone 2,8,0.3949699527499396,0.4873176610039337,-0.05188495691456452,0.22056940824264892,0.33330438746391544,0.5079310026779003,0.7549968998967362,0.8917033503386386,-2.5219625928878977
p,2,Kismaayo,8,0.30134353342944104,0.3820152280732223,0.5828755905935099,0.3306416729917422,0.4470810566582391,0.42868346766555365,0.5513254896484943,0.8031560635459546,-0.8437589398507241
p,2,Korahe,8,0.44408309261751644,0.49372507462609655,-0.06465473337034977,0.5090307273627062,0.6372740013709668,-0.773743525468289,0.4319080997054211,0.49522205147662113,-0.07112059755692668
p,2,Kurtunwaarey,8,0.41657463084883156,0.4747781429695504,-0.18356816097206208,0.49893068102269766,0.5774558542338676,-0.7508519170361585,0.5681768532831194,0.6343929678969858,-1.113141403775674
p,2,Laas Caanood,8,0.3941282331943512,0.4562867382252869,0.6024770142233804,0.42296554322660096,0.6272204928860212,0.24884937699593057,0.5961120787099754,0.7582020939464871,-0.09763137352577655
p,2,Laasqoray,8,0.5027027520157217,0.6387518877667445,-0.2822427751833747,0.6754084733508707,0.8033231687711513,-1.0280864001671728,0.5771739431287248,0.6106386597893956,-0.17185657149208522
p,2,Lamu,8,0.34470101156910204,0.44811794730145993,-500615.2828998877,0.12516352878981185,0.353553693140548,-311623.11036204384,0.19223314533187938,0.2185143730335201,-119035.54477871295
p,2,Liban,8,0.39676679901834894,0.4655963345340088,0.39088159247849985,0.3480077944802302,0.5257977003978833,0.2231807420113464,0.6671821720798855,0.8570507399886919,-1.0639334385724353
p,2,Lughaye,8,0.5554193463998134,0.6405786075774056,-0.7166381520285638,0.7333719751468584,0.8468250145343325,-2.0,0.5757939730043264,0.7062315358608694,-1.0865467093974712
p,2,Mandera,8,0.26869001158399436,0.31988754660744156,0.5035260483161168,0.34094206778072617,0.5150383239199159,-0.2870069534470636,0.4507106272432423,0.5414208505418786,-0.4222362862347908
p,2,Marsabit,8,0.19999826846547175,0.23637072257889313,0.7021941474860147,0.2500131383636234,0.43316538951745676,-0.0001228733300491225,0.48439160081440896,0.5692334115320001,-0.7271363689632329
p,2,Narok,8,0.42044671586135857,0.5141031458077755,-1.4447892530979,0.33072619281452365,0.47508333099518735,-1.0877596069102204,0.25924779330304515,0.28205789545074744,0.2641023307578745
p,2,Nogob,8,0.32516038790697577,0.3727304068100181,-1.1926259278460685,0.19121226619092946,0.37509972932934893,-1.2205901049106678,0.4904058963210431,0.5055434177953694,-3.033590627048098
p,2,Owdweyne,8,0.15913718788681042,0.21323414177771172,0.8171367744293788,0.19924819369354257,0.3530461766584352,0.49872514935134626,0.31761679104086893,0.5502045417193342,-0.2174783106231657
p,2,Qardho,8,0.462816059589386,0.586700867328489,0.2893565776020618,0.75,0.8660254037844386,-0.5483870967741935,0.59375,0.6652824386232481,0.08624366835510544
p,2,Qoryooley,8,0.37904500385736123,0.4354243370399652,-0.19957369335886166,0.4249303267401347,0.5043609252849793,-0.609475611463518,0.614339079488621,0.7274057419790799,-2.347765153138071
p,2,Saakow,8,0.3017874788171253,0.384637760725796,0.503625881161575,0.3176397837929789,0.42855359758034606,0.3838086686640175,0.728563354842371,0.9112083305063429,-1.785740491990167
p,2,Sablaale,8,0.37912823369624904,0.45718276517490253,0.23560083069102755,0.4464199315204969,0.6002561522794161,-0.31769150581857764,0.6073523382256141,0.7153554599281382,-0.8714761584280357
p,2,Samburu,8,0.18651978188583584,0.2332646984631178,0.6731396970496895,0.19243029640795778,0.28325564859437874,0.5180285654994152,0.5198652494531987,0.6534472240519725,-1.5649870426093933
p,2,Shabelle,8,0.24202685972052596,0.3071695837067214,-0.012315697043638885,0.20605467079840967,0.3023671207933635,0.01909108461077813,0.5685350739774719,0.6549453791861005,-3.6022448209912037
p,2,Sheikh,8,0.07147128885943399,0.12505254469145227,-7.42581510405514,0.017966051856950216,0.03593210371390043,0.30434782608695654,0.14429772948953712,0.1799542550480865,-16.448218761564572
p,2,Siti,8,0.11658924984829616,0.14219066671876532,0.8075966197434558,0.26197135707985764,0.3152228368882188,0.05440348499672787,0.3826019885230863,0.43018319388184134,-0.7610731505009358
p,2,Taleex,8,0.4535672068595886,0.5328940633016733,0.4320478345956644,0.5,0.7071067811865476,0.0,0.65625,0.7471931495941738,-0.11659520560092296
p,2,Tana River,8,0.20283086129884975,0.2541840404609281,0.6278410898322224,0.2215494616299432,0.3626681872713282,0.2423811238242355,0.43610359521468667,0.5676018902848796,-0.8557502585746837
p,2,Turkana,8,0.3452639368010937,0.4892831201686056,0.3835245352226102,0.3524255702884594,0.5631082482812243,0.18345691010495468,0.6890906019181746,0.8808823649449541,-0.9981641435324153
p,2,Wajir,8,0.27173572778696053,0.3208673724190123,0.48249756538418176,0.24912484093189402,0.44834770788737227,-0.010395001908186874,0.3959875527664101,0.4987114609314613,-0.2501438229920512
p,2,Wanla Weyn,8,0.3044185985282638,0.38016385863303953,0.280534975074886,0.3104538932571621,0.44964977082939783,-0.006506966810806869,0.6563954449473167,0.8058691154137022,-2.2329356211027367
p,2,West Guji,8,0.22524522494279187,0.3320134808553515,0.41825442004549185,0.3020538915490577,0.4353352242397406,-0.00015952137716390702,0.525094867989107,0.6823085103207766,-1.4568759715564203
p,2,West Pokot,8,0.2984728796076083,0.4025924799226065,-0.1584222471170449,0.377879355423672,0.4628386734934186,-0.5310693165312479,0.43870676551701443,0.4716662235408192,-0.5900292985809323
p,2,Xarardheere,8,0.31904514133930206,0.3989583436572432,0.676311575818722,0.3248487633308662,0.4690095261787483,0.5526624119834569,0.6781439045836417,0.8127528217263285,-0.3433495554222754
p,2,Xudun,8,0.4136044979095459,0.49429181208100526,0.5113512090193524,0.5,0.7071067811865476,0.0,0.65625,0.7511000558363649,-0.12830258775478076
p,2,Zeylac,8,0.5148422803570404,0.5801056700025266,-0.8546821440248697,0.63894521775531,0.7377903869369046,-2.0000000000000004,0.48634153104443956,0.5975684652007449,-0.9680250042061236
p,3,Afder,8,0.4058762893711027,0.437082771550561,0.5871213275640379,0.369726968171575,0.5769389051853062,0.2806260199427564,0.7282439970726087,0.8845283221647086,-0.6909024749358599
p,3,Afmadow,8,0.16875371385435922,0.2010156730754353,0.9149365630310657,0.21278933671161746,0.37268204333255345,0.7076116790265667,0.6579230212268675,0.8349169119483244,-0.4674712507500287
p,3,Awsi-Zone 1,8,0.16217055214554024,0.2204296749956846,0.7113501093116794,0.27021681020417143,0.32258821269610927,0.3818010467702846,0.4267651553032017,0.547016015236741,-0.7775890233886777
p,3,Baardheere,8,0.2933675432930945,0.35941914805647357,0.6087817638037114,0.5530730815465362,0.6210671726365241,-0.16813710478632315,0.7411006526609355,0.9071394196694609,-1.4920958905974855
p,3,Badhaadhe,8,0.2609498453301398,0.30859401421105126,0.7996861861978622,0.2748889868513952,0.4253458001939031,0.6194425730891273,0.6409662490361552,0.7766293420379344,-0.26871330234588453
p,3,Baki,8,0.22024159682069266,0.28487778794484986,-0.7989705183586677,0.28835417305820055,0.3377455348110961,-1.5286347475305293,0.22191641071066343,0.2608691300534305,-0.5085240872860821
p,3,Bale,8,0.3486612511998199,0.4182918340714225,-0.6617017280773192,0.4225484280405143,0.46195543126915933,-1.0267232699864346,0.2532752216536607,0.32695746942465975,-0.015258947448924198
p,3,Bandarbeyla,8,0.3114893138408661,0.42578909163419637,0.5360588031195157,0.5542639406844958,0.6596613458447574,-0.11356596721721557,0.520348977756686,0.6845138808968347,-0.1990530424154744
p,3,Belet Weyne,8,0.2801556882984071,0.3255314452261658,0.7865987827720418,0.4766012450997059,0.5652244264802081,0.3566417959697179,0.6334472728899262,0.8081220027789353,-0.3151184259935682
p,3,Belet Xaawo,8,0.2363620734662455,0.343537768863031,0.5000470670330717,0.36474202009293644,0.5800806047561968,-0.4254658874757735,0.8175955002112192,0.9497260866469589,-2.820998553930827
p,3,Berbera,8,0.2956360654828626,0.34987295577780353,-0.9796192682777438,0.37300168776442943,0.43070524967795615,-1.9999999999999996,0.2487084818419258,0.3437808309273702,-0.9112796606735472
p,3,Borama,8,0.21284358579024876,0.2968980378258426,-0.039089938278691116,0.24500661725119366,0.37430851432482853,-0.6515734654356349,0.27440145048975473,0.28839266330193875,0.019591878487800085
p,3,Borena,8,0.4230856154367441,0.4885294346064177,0.43271148880641397,0.3447188137124982,0.39741617504665455,0.6245832936934634,0.6443806029972887,0.850617701858573,-0.7198530844822211
p,3,Bu'aale,8,0.342901154137539,0.40186647076830273,0.6042325255610492,0.34065832650617534,0.43366769388901344,0.5391169939795362,0.7829840732589088,0.9683393725948617,-1.2979032263479886
p,3,Bulo Burto,8,0.20777170258042138,0.2813188659396939,0.834693779698706,0.378240840819579,0.4704957791062053,0.5376158450186286,0.636878375140928,0.7694303488978647,-0.23660245562960958
p,3,Burco,8,0.189865493409335,0.2641464690131056,0.7848082842182815,0.22422428654134152,0.4026608658814333,0.49994845286631684,0.361989588706309,0.6186319750039324,-0.1803224185736767
p,3,Burtinle,8,0.424054890871048,0.552629284905712,0.5928011646194686,0.25,0.7071067811865476,0.33333333333333337,0.7613636363636362,1.0588933682336745,-0.49500688705234164
p,3,Buuhoodle,8,0.27622678875923157,0.37463126325031143,0.7102480858745308,0.25,0.5,0.4838709677419355,0.4811625123847839,0.7277763439294209,-0.09348832368159954
p,3,Cabudwaaq,8,0.4816177189350128,0.6121648839586774,0.45491513432415853,0.75,1.0,-0.4545454545454546,0.7926136363636362,1.0477679443890504,-0.5968256949661908
p,3,Cadaado,8,0.4056738317012787,0.4933896719667284,0.5898890998475264,0.6399236211644819,0.8595199130398665,-0.24460943609998953,0.7602694630573705,0.9786019884063007,-0.6133678247294212
p,3,Caynabo,8,0.3604539596091693,0.44846405340913204,0.5552884761369313,0.4419301831470285,0.6278958227393416,0.12823727541563534,0.5175674633350478,0.7104349883933644,-0.11601952202031374
p,3,Ceel Afweyn,8,0.2697776135814402,0.37854834223680334,0.3315609388122378,0.5028228331647226,0.600951579191494,-0.684604997915665,0.4437234143553654,0.48167921687157766,-0.08226830381144312
p,3,Ceel Barde,8,0.44156335294246674,0.5205659969363539,0.6058342441216873,0.375,0.6123724356957945,0.4545454545454546,0.8323863636363636,0.9526157442528163,-0.3199661908339595
p,3,Ceel Buur,8,0.3512635800050833,0.45747892932579337,0.5949850257087413,0.5191911244878298,0.6223629997849637,0.25042271187162735,0.5572311167250477,0.7317150032441709,-0.036126564170794406
p,3,Ceel Waaq,8,0.22737691292342133,0.34199183923439247,0.5034601164498418,0.36644183342246506,0.5852564795488491,-0.4541697749551947,0.7576237617741333,0.9364891240356196,-2.723300841026618
p,3,Ceerigaabo,8,0.34400193337003915,0.4914876155844345,0.24840668051867043,0.5581993090937509,0.6818307793787672,-0.44647508637744293,0.518123803202371,0.5888697974176517,-0.07893756446835964
p,3,Daawa,8,0.43218297227381075,0.4457100945700383,0.07758785791995759,0.20917641772450624,0.37666170393700565,0.3412463961530411,0.5427312098645073,0.6916899728543547,-1.2214831862369127
p,3,Dhuusamarreeb,8,0.3913447003530864,0.4522797335757124,0.6159469939940894,0.5336826022939539,0.7377515292101292,-0.02187353126182967,0.727065614213964,0.9229735327783364,-0.5993937997775833
p,3,Doolo,8,0.5919538787822171,0.6116296058615455,-0.17663163291289696,0.6060076122069558,0.7619485272722936,-0.8260589323517089,0.5203183186303335,0.5858144620601967,-0.07940319532464546
p,3,East Bale,8,0.2510472202318682,0.3206129036592961,0.4821852532926282,0.3291301060103607,0.4039235620091359,0.17811549114416136,0.6103421513018398,0.7132440977951194,-1.5626470335128322
p,3,Erer,8,0.4323702216283005,0.4524961182535687,-10.141867877713452,0.15718109096606425,0.22108716686826344,-1.6598390464717747,0.3455846767008897,0.36421059668978667,-6.21827532350747
p,3,Eyl,8,0.23982837972200555,0.32869254051277524,0.7380392620773015,0.423859361349316,0.5258007014507781,0.3296542949633561,0.5189319676900912,0.7205751381902942,-0.25896905740436416
p,3,Fanti-Zone 4,8,0.6618206921063594,0.8306799919831743,-0.28879873055547356,0.40239335510639057,0.5925565391096016,0.3441912758013712,0.9678926772120444,1.1500727728030473,-1.4704054880225126
p,3,Gaalkacyo,8,0.43485884711352124,0.5263874390664313,0.5163265534437065,0.6087106259999149,0.8224905724249911,-0.18087266084370035,0.7617267611537311,0.9980611192600344,-0.7388234383337215
p,3,Gabi-Zone 3,8,0.4538547817042723,0.5391905281773596,0.3192948188948328,0.39663541494665844,0.5801291942878241,0.21200404163749964,0.5830359425230983,0.742431215343122,-0.29058613203543837
p,3,Galdogob,8,0.5156337022781372,0.6188969032763012,0.442860542712734,0.75,1.0,-0.4545454545454546,0.8863636363636362,1.1163579915462853,-0.8127347858752818
p,3,Garbahaarey,8,0.2295380865168245,0.30989531290888855,0.6891813813422152,0.47017944302935494,0.5588214570217287,-0.010702074951796092,0.7494584796797791,0.8825107114364694,-1.520675738265132
p,3,Garissa,8,0.15918554879367264,0.2467123666338353,0.6991793810227884,0.25,0.41818446722639385,0.1357058826245422,0.43911298989177816,0.5117724635467175,-0.294433043596086
p,3,Garoowe,8,0.3350507397803213,0.38802803612764997,0.6852839951271901,0.6743322926173789,0.7847556250555862,-0.28724582747518035,0.5701038414429309,0.662449084259205,0.08272907832789556
p,3,Gebiley,8,0.18338433597958753,0.23556673416195076,0.4721222461937159,0.25114405734767525,0.4101165282893872,-0.6000000000000001,0.2928471631807203,0.314847197737255,0.05701430949187558
p,3,Guji,8,0.2931609129638465,0.3520672922425816,0.03517697156459654,0.3563609940677507,0.39616840203480574,-0.22167579102062307,0.32713270431631686,0.39582007190758406,-0.21952842438988096
p,3,Hargeysa,8,0.14640055235378718,0.193207017214433,0.7548574717070764,0.2797929031990156,0.43301486465187694,-0.23134139484462657,0.32890317605471386,0.3682585392774043,0.10940854954955603
p,3,Hari-Zone 5,8,0.2822452187538147,0.3615201208198624,0.3029504119594245,0.375,0.6123724356957945,-1.0,0.41116494932667297,0.5289453131654037,-0.49217676970478386
p,3,Hobyo,8,0.3639566762275708,0.4050130369644837,0.5971973160561881,0.3631463664731575,0.4519757649203828,0.4983686774146078,0.6029065595941252,0.7859627429102954,-0.5169046023569579
p,3,Isiolo,8,0.29218798925449685,0.41902341763666473,0.24957128369720183,0.25,0.4994647199904475,-0.06620935598656619,0.6046712202192199,0.7062958639897441,-1.1320931816960713
p,3,Iskushuban,8,0.21626120732766457,0.35730570957275803,0.4566838694931955,0.47337789788022383,0.6165353555520638,-0.6176652633035149,0.3745165032327427,0.4822338154821031,0.010335461978930094
p,3,Jalalaqsi,8,0.18375488506126125,0.24047113584897092,0.8626360481672859,0.3804029426630059,0.477488004038893,0.45840855252619506,0.6251234720772068,0.7436245451503383,-0.31357326180019873
p,3,Jarar,8,0.5580323803414249,0.6117414463133809,-0.9037881667215744,0.4839374185902949,0.6594735829492889,-1.2124711621390283,0.4113332612519801,0.44541941623752873,-0.009301923229773745
p,3,Jariiban,8,0.2308421352316093,0.30173186164985377,0.8420289098483054,0.4242030816891097,0.6319092831006436,0.30714119339593404,0.6839132125297218,0.8990013564634666,-0.40234853330618825
p,3,Kajiado,8,0.15328259766101837,0.22245876331277037,-383.9459991746035,0.006546195723796999,0.013092391447593998,-0.33333333333333304,0.33380659603402957,0.38396341725569105,-1145.7809489670963
p,3,Kilbati-Zone 2,8,0.46519838039848393,0.5964337990538677,-0.575681495757465,0.22056940824264892,0.33330438746391544,0.5079310026779003,0.7549968998967362,0.8917033503386386,-2.5219625928878977
p,3,Kismaayo,8,0.2465113588836419,0.3228874234591318,0.7020066907643588,0.3306416729917422,0.4470810566582391,0.42868346766555365,0.5513254896484943,0.8031560635459546,-0.8437589398507241
p,3,Korahe,8,0.4820183915254177,0.5227804097044102,-0.19365007748752205,0.5090307273627062,0.6372740013709668,-0.773743525468289,0.4319080997054211,0.49522205147662113,-0.07112059755692668
p,3,Kurtunwaarey,8,0.3983776993991502,0.4781760812688493,-0.20057013572644466,0.49893068102269766,0.5774558542338676,-0.7508519170361585,0.5681768532831194,0.6343929678969858,-1.113141403775674
p,3,Laas Caanood,8,0.3035978376865387,0.37982180409316973,0.7245477415628343,0.42296554322660096,0.6272204928860212,0.24884937699593057,0.5961120787099754,0.7582020939464871,-0.09763137352577655
p,3,Laasqoray,8,0.3948372694469808,0.5030745756913467,0.20462743526119065,0.6754084733508707,0.8033231687711513,-1.0280864001671728,0.5771739431287248,0.6106386597893956,-0.17185657149208522
p,3,Lamu,8,0.48293401756962084,0.7091675183466729,-1253769.2676019226,0.12516352878981185,0.353553693140548,-311623.11036204384,0.19223314533187938,0.2185143730335201,-119035.54477871295
p,3,Liban,8,0.42389352850672174,0.4401910389140941,0.4555412103985632,0.3480077944802302,0.5257977003978833,0.2231807420113464,0.6671821720798855,0.8570507399886919,-1.0639334385724353
p,3,Lughaye,8,0.3993609157281215,0.47665111785622716,0.049537186378640574,0.7333719751468584,0.8468250145343325,-2.0,0.5757939730043264,0.7062315358608694,-1.0865467093974712
p,3,Mandera,8,0.36893523909470455,0.42516015586634875,0.12298521186680178,0.34094206778072617,0.5150383239199159,-0.2870069534470636,0.4507106272432423,0.5414208505418786,-0.4222362862347908
p,3,Marsabit,8,0.2591678887409692,0.3177859614601787,0.46171128094489133,0.2500131383636234,0.43316538951745676,-0.0001228733300491225,0.48439160081440896,0.5692334115320001,-0.7271363689632329
p,3,Narok,8,0.5154171209631346,0.6655765820160995,-3.097669916851081,0.33072619281452365,0.47508333099518735,-1.0877596069102204,0.25924779330304515,0.28205789545074744,0.2641023307578745
p,3,Nogob,8,0.40565270558351996,0.42782022071108794,-1.8886672227159345,0.19121226619092946,0.37509972932934893,-1.2205901049106678,0.4904058963210431,0.5055434177953694,-3.033590627048098
p,3,Owdweyne,8,0.21676109681148537,0.2988313716239141,0.6408587685645755,0.19924819369354257,0.3530461766584352,0.49872514935134626,0.31761679104086893,0.5502045417193342,-0.2174783106231657
p,3,Qardho,8,0.4395337998867035,0.5358769051385831,0.4071451716936134,0.75,0.8660254037844386,-0.5483870967741935,0.59375,0.6652824386232481,0.08624366835510544
p,3,Qoryooley,8,0.33700265904878274,0.37265135372202496,0.12136815237960119,0.4249303267401347,0.5043609252849793,-0.609475611463518,0.614339079488621,0.7274057419790799,-2.347765153138071
p,3,Saakow,8,0.24405051927679178,0.26077012543093003,0.7718497412525616,0.3176397837929789,0.42855359758034606,0.3838086686640175,0.728563354842371,0.9112083305063429,-1.785740491990167
p,3,Sablaale,8,0.4680754106295376,0.5499580399765237,-0.10611330754556159,0.4464199315204969,0.6002561522794161,-0.31769150581857764,0.6073523382256141,0.7153554599281382,-0.8714761584280357
p,3,Samburu,8,0.24838375562259885,0.3019322797184472,0.4523750417116188,0.19243029640795778,0.28325564859437874,0.5180285654994152,0.5198652494531987,0.6534472240519725,-1.5649870426093933
p,3,Shabelle,8,0.24511852476834017,0.2940428603402359,0.07235708843033328,0.20605467079840967,0.3023671207933635,0.01909108461077813,0.5685350739774719,0.6549453791861005,-3.6022448209912037
p,3,Sheikh,8,0.17942163846876458,0.24531297754775716,-31.42409814124717,0.017966051856950216,0.03593210371390043,0.30434782608695654,0.14429772948953712,0.1799542550480865,-16.448218761564572
p,3,Siti,8,0.11359898115190942,0.13188053979900594,0.8344870616783583,0.26197135707985764,0.3152228368882188,0.05440348499672787,0.3826019885230863,0.43018319388184134,-0.7610731505009358
p,3,Taleex,8,0.44610336422920227,0.5324490994188535,0.43299591305610363,0.5,0.7071067811865476,0.0,0.65625,0.7471931495941738,-0.11659520560092296
p,3,Tana River,8,0.2485677309152341,0.3120688744253307,0.4390388657156803,0.2215494616299432,0.3626681872713282,0.2423811238242355,0.43610359521468667,0.5676018902848796,-0.8557502585746837
p,3,Turkana,8,0.4622592055208301,0.5697791142602558,0.1639959492986186,0.3524255702884594,0.5631082482812243,0.18345691010495468,0.6890906019181746,0.8808823649449541,-0.9981641435324153
p,3,Wajir,8,0.25625534870625355,0.3144207476827502,0.5030832069176907,0.24912484093189402,0.44834770788737227,-0.010395001908186874,0.3959875527664101,0.4987114609314613,-0.2501438229920512
p,3,Wanla Weyn,8,0.3244615767821101,0.42655919969179074,0.09421180072617008,0.3104538932571621,0.44964977082939783,-0.006506966810806869,0.6563954449473167,0.8058691154137022,-2.2329356211027367
p,3,West Guji,8,0.28271974872552197,0.3460964514393459,0.3678561030067199,0.3020538915490577,0.4353352242397406,-0.00015952137716390702,0.525094867989107,0.6823085103207766,-1.4568759715564203
p,3,West Pokot,8,0.37145821579210997,0.5419285998337843,-1.0990351678669956,0.377879355423672,0.4628386734934186,-0.5310693165312479,0.43870676551701443,0.4716662235408192,-0.5900292985809323
p,3,Xarardheere,8,0.41546866297721863,0.4730636005868856,0.5448954997990616,0.3248487633308662,0.4690095261787483,0.5526624119834569,0.6781439045836417,0.8127528217263285,-0.3433495554222754
p,3,Xudun,8,0.3655005246400833,0.45102818118609334,0.5931471595519291,0.5,0.7071067811865476,0.0,0.65625,0.7511000558363649,-0.12830258775478076
p,3,Zeylac,8,0.39442212244764707,0.43873603328453714,-0.060869293076342146,0.63894521775531,0.7377903869369046,-2.0000000000000004,0.48634153104443956,0.5975684652007449,-0.9680250042061236
p,4,Afder,8,0.5326365933452544,0.5501279630149867,0.34593258357680623,0.7101658705162796,0.8132488164025309,-0.42936108098424186,0.7282439970726087,0.8845283221647086,-0.6909024749358599
p,4,Afmadow,8,0.2934494938763007,0.34313238067012336,0.7521399732049395,0.44920519771237755,0.6477078826177844,0.11683581177917068,0.6579230212268675,0.8349169119483244,-0.4674712507500287
p,4,Awsi-Zone 1,8,0.3179780731021191,0.38262708045070754,0.13027353652268248,0.31093837651837974,0.4149130406839961,-0.022693384163825492,0.4267651553032017,0.547016015236741,-0.7775890233886777
p,4,Baardheere,8,0.3407534841571574,0.5215554776999152,0.17620776908205615,0.3944118666053102,0.6625862352554271,-0.32954024791850256,0.7411006526609355,0.9071394196694609,-1.4920958905974855
p,4,Badhaadhe,8,0.374390720618427,0.4482471004099755,0.5773597234850473,0.4499986085997748,0.6065391587063025,0.22615569093781518,0.6409662490361552,0.7766293420379344,-0.26871330234588453
p,4,Baki,8,0.17840550335047267,0.21084666683826456,0.014536940782384544,0.2484701494709356,0.3560869682885199,-1.8107293556000643,0.22191641071066343,0.2608691300534305,-0.5085240872860821
p,4,Bale,8,0.28563306464014276,0.3297086161028397,-0.03241639308505806,0.37300067984173,0.45583239374141665,-0.9733524946149463,0.2532752216536607,0.32695746942465975,-0.015258947448924198
p,4,Bandarbeyla,8,0.41397836804389954,0.5356960419779123,0.2656370601828041,0.45106598517112395,0.7168436498995353,-0.3149909424788455,0.520348977756686,0.6845138808968347,-0.1990530424154744
p,4,Belet Weyne,8,0.34203810172224247,0.43400889344362875,0.6206778028199947,0.6296563573865465,0.7508447769458164,-0.13530180363126254,0.6334472728899262,0.8081220027789353,-0.3151184259935682
p,4,Belet Xaawo,8,0.17429128289222717,0.26923329245155136,0.6929298059655673,0.26025797990706356,0.502519081869106,-0.06975728877776932,0.8175955002112192,0.9497260866469589,-2.820998553930827
p,4,Berbera,8,0.22936166095710575,0.27687008046934564,-0.23968965794753982,0.31083473980369114,0.4652148401009748,-2.4999999999999987,0.2487084818419258,0.3437808309273702,-0.9112796606735472
p,4,Borama,8,0.1253510453115424,0.16546505875450526,0.6772612739204509,0.2395479046022707,0.37462680663071674,-0.6543834823772461,0.27440145048975473,0.28839266330193875,0.019591878487800085
p,4,Borena,8,0.4762492034837717,0.5526635783913664,0.2739873194313657,0.5010882044483967,0.6011135066209526,0.14111406746726307,0.6443806029972887,0.850617701858573,-0.7198530844822211
p,4,Bu'aale,8,0.5448347764977686,0.576167633856669,0.18646869368899777,0.7417729858434563,0.81067352078374,-0.610528925658893,0.7829840732589088,0.9683393725948617,-1.2979032263479886
p,4,Bulo Burto,8,0.408172332144294,0.4680528090255157,0.5424050826774216,0.592462350196862,0.6770935705819636,0.042389587326913114,0.636878375140928,0.7694303488978647,-0.23660245562960958
p,4,Burco,8,0.28839653322845515,0.34236721016277977,0.6384900484480083,0.44844857308268304,0.6873924498454493,-0.45728818668893867,0.361989588706309,0.6186319750039324,-0.1803224185736767
p,4,Burtinle,8,0.5993726253509521,0.7254501404599484,0.29829612494218816,0.625,1.0606601717798212,-0.5,0.7613636363636362,1.0588933682336745,-0.49500688705234164
p,4,Buuhoodle,8,0.44796228408813477,0.531515295814352,0.4167566251672402,0.5,0.8660254037844386,-0.5483870967741935,0.4811625123847839,0.7277763439294209,-0.09348832368159954
p,4,Cabudwaaq,8,0.5308712422847748,0.6630560060118506,0.3605188842059822,0.875,1.0606601717798212,-0.6363636363636365,0.7926136363636362,1.0477679443890504,-0.5968256949661908
p,4,Cadaado,8,0.42518705129623413,0.5185049736324394,0.5470742031337956,0.838307873721494,0.9409120442450851,-0.4914862689312465,0.7602694630573705,0.9786019884063007,-0.6133678247294212
p,4,Caynabo,8,0.5412785970221943,0.6206946525596523,0.14811864046677126,0.6842511599187218,0.9295207423625439,-0.9104746469021543,0.5175674633350478,0.7104349883933644,-0.11601952202031374
p,4,Ceel Afweyn,8,0.30205483283616114,0.3899798568582033,0.2905799241645629,0.4642030292006767,0.6382351550078812,-0.9001179803866197,0.4437234143553654,0.48167921687157766,-0.08226830381144312
p,4,Ceel Barde,8,0.46862030029296875,0.5912092131057194,0.49159515103842333,0.75,0.8660254037844386,-0.09090909090909083,0.8323863636363636,0.9526157442528163,-0.3199661908339595
p,4,Ceel Buur,8,0.3644556899338427,0.4509507691502579,0.6064615667427267,0.640985512840127,0.7258229737958859,-0.019507227856393694,0.5572311167250477,0.7317150032441709,-0.036126564170794406
p,4,Ceel Waaq,8,0.21640947461128235,0.3541396607708373,0.4675586373405667,0.25855816657753494,0.5017547340723872,-0.06882255470756227,0.7576237617741333,0.9364891240356196,-2.723300841026618
p,4,Ceerigaabo,8,0.3947481358389112,0.4957436022653167,0.23533363138810504,0.5754020727187474,0.7846638497762923,-0.9156891635119282,0.518123803202371,0.5888697974176517,-0.07893756446835964
p,4,Daawa,8,0.5283355460977396,0.5765273953705381,-0.5433341582638773,0.33417641772450624,0.512893459101517,-0.2214463380322682,0.5427312098645073,0.6916899728543547,-1.2214831862369127
p,4,Dhuusamarreeb,8,0.4878344576525096,0.5359877909574866,0.46063009858176585,0.80017655342834,0.8669299322352002,-0.41105814292242204,0.727065614213964,0.9229735327783364,-0.5993937997775833
p,4,Doolo,8,0.5081589571456356,0.5289676362830699,0.11992086572868155,0.6157203108183658,0.7682956832000469,-0.8566083850461037,0.5203183186303335,0.5858144620601967,-0.07940319532464546
p,4,East Bale,8,0.25565938606925487,0.27352260043738735,0.6231236777391396,0.3256495408213073,0.4145286467975323,0.1343914907144892,0.6103421513018398,0.7132440977951194,-1.5626470335128322
p,4,Erer,8,0.3862308469725383,0.42613499345840966,-8.88149571461028,0.10551389170031389,0.18660027741774457,-0.8947541129022729,0.3455846767008897,0.36421059668978667,-6.21827532350747
p,4,Eyl,8,0.2944058107814779,0.38808216727795763,0.6348226078759971,0.49465111346432006,0.6928063077958415,-0.16380488334613275,0.5189319676900912,0.7205751381902942,-0.25896905740436416
p,4,Fanti-Zone 4,8,0.8365376117669276,1.008355348846105,-0.8990867875558697,0.511057039641241,0.6486983606963488,0.21403501149923976,0.9678926772120444,1.1500727728030473,-1.4704054880225126
p,4,Gaalkacyo,8,0.44532205507365,0.5324960781182828,0.5050355155998973,0.827837921858507,0.9148390749364574,-0.46093408899683386,0.7617267611537311,0.9980611192600344,-0.7388234383337215
p,4,Gabi-Zone 3,8,0.49445632026324604,0.5962462128710521,0.16761199268746685,0.48582396405825656,0.6442855940422357,0.028078053317543872,0.5830359425230983,0.742431215343122,-0.29058613203543837
p,4,Galdogob,8,0.49268296360969543,0.5800246578409062,0.5106493037040578,0.875,1.0606601717798212,-0.6363636363636365,0.8863636363636362,1.1163579915462853,-0.8127347858752818
p,4,Garbahaarey,8,0.26290239737745835,0.4017341057227626,0.47765863794681507,0.3567704450274886,0.6251548265788699,-0.2648883357816276,0.7494584796797791,0.8825107114364694,-1.520675738265132
p,4,Garissa,8,0.2673432042991082,0.3586169981675728,0.3643947091041052,0.4454848079987864,0.576371452955199,-0.641839451009327,0.43911298989177816,0.5117724635467175,-0.294433043596086
p,4,Garoowe,8,0.4305114982582765,0.528354889609287,0.4164956744252991,0.5189169268456553,0.8523380498135962,-0.5185055062963222,0.5701038414429309,0.662449084259205,0.08272907832789556
p,4,Gebiley,8,0.15832564814319222,0.22322014975239457,0.5260066722514833,0.25114405734767525,0.4101165282893872,-0.6000000000000001,0.2928471631807203,0.314847197737255,0.05701430949187558
p,4,Guji,8,0.27205932799260646,0.32276180621035916,0.18911255781087954,0.3811843261960963,0.4514973343664814,-0.5867433308227645,0.32713270431631686,0.39582007190758406,-0.21952842438988096
p,4,Hargeysa,8,0.1651383312385734,0.2026714421477084,0.7302521543010678,0.3148823043049104,0.4930990414710962,-0.5967656666982832,0.32890317605471386,0.3682585392774043,0.10940854954955603
p,4,Hari-Zone 5,8,0.28061750531196594,0.3895604300459717,0.19062758049278727,0.375,0.6123724356957945,-1.0,0.41116494932667297,0.5289453131654037,-0.49217676970478386
p,4,Hobyo,8,0.3367481272735071,0.3972426546413478,0.6125050020303595,0.5585451184987092,0.6572194856932471,-0.06065760981656387,0.6029065595941252,0.7859627429102954,-0.5169046023569579
p,4,Isiolo,8,0.43468646754791573,0.5678796413230661,-0.3783053880801963,0.38995606106341885,0.6129596097056754,-0.6058189232079982,0.6046712202192199,0.7062958639897441,-1.1320931816960713
p,4,Iskushuban,8,0.3220062971851682,0.4338103933537905,0.19911051395213164,0.4841599923708051,0.6895674381589334,-1.0236070235157957,0.3745165032327427,0.4822338154821031,0.010335461978930094
p,4,Jalalaqsi,8,0.39114125953483303,0.4724861876311556,0.46969575773140193,0.5766977094132584,0.6872015161809653,-0.12179909448153547,0.6251234720772068,0.7436245451503383,-0.31357326180019873
p,4,Jarar,8,0.5763756112551889,0.5985318810154774,-0.822457412415835,0.6938949687632688,0.7984421696285697,-2.24317022507886,0.4113332612519801,0.44541941623752873,-0.009301923229773745
p,4,Jariiban,8,0.3749051311422538,0.44967059594761644,0.6491477626273916,0.5546210189089787,0.7947967438543475,-0.09609306254087446,0.6839132125297218,0.8990013564634666,-0.40234853330618825
p,4,Kajiado,8,0.14417729141495117,0.17202600965449943,-229.1913522102482,0.04340136563533903,0.09632839963326051,-71.17876774268163,0.33380659603402957,0.38396341725569105,-1145.7809489670963
p,4,Kilbati-Zone 2,8,0.6692416197535713,0.7982827874990283,-1.8226528740570127,0.37861564093119005,0.45579654594068214,0.07979200612986492,0.7549968998967362,0.8917033503386386,-2.5219625928878977
p,4,Kismaayo,8,0.25277472122304406,0.3633874331975473,0.6225633553710799,0.4299855372186816,0.5638300431880967,0.09134152737988543,0.5513254896484943,0.8031560635459546,-0.8437589398507241
p,4,Korahe,8,0.4432907382721948,0.4991126588219118,-0.08801677350759873,0.6288680018486048,0.7725776310248759,-1.6068898440761932,0.4319080997054211,0.49522205147662113,-0.07112059755692668
p,4,Kurtunwaarey,8,0.36338761817640725,0.39286152251341205,0.18961605256437764,0.42432477245362754,0.4982969331243186,-0.3037318257062884,0.5681768532831194,0.6343929678969858,-1.113141403775674
p,4,Laas Caanood,8,0.4997856020927429,0.5666094120616286,0.3870089667630624,0.7114827716133005,0.9790665903853716,-0.830252526035772,0.5961120787099754,0.7582020939464871,-0.09763137352577655
p,4,Laasqoray,8,0.44626685056911725,0.5145895489481996,0.16779984812006166,0.4254084733508708,0.7043756527494864,-0.559245642717562,0.5771739431287248,0.6106386597893956,-0.17185657149208522
p,4,Lamu,8,0.16754371383865618,0.2196964637960131,-120326.92530258883,0.1253270575796237,0.35355399568756335,-311623.64369537716,0.19223314533187938,0.2185143730335201,-119035.54477871295
p,4,Liban,8,0.5633630626654285,0.6141580668095796,-0.05984642679484864,0.5607115207813981,0.692602108013098,-0.34787692013777294,0.6671821720798855,0.8570507399886919,-1.0639334385724353
p,4,Lughaye,8,0.4402569943819632,0.5613766528056385,-0.31838602757228185,0.611143312622382,0.9146755560204126,-2.4999999999999996,0.5757939730043264,0.7062315358608694,-1.0865467093974712
p,4,Mandera,8,0.30083383405221614,0.40049072649563217,0.22180805731371644,0.33668325855947573,0.5390579444723802,-0.4098493327382855,0.4507106272432423,0.5414208505418786,-0.4222362862347908
p,4,Marsabit,8,0.3885659218203801,0.44122276530545373,-0.03767579639451313,0.44052100929464166,0.5334871393592001,-0.5170286108379756,0.48439160081440896,0.5692334115320001,-0.7271363689632329
p,4,Narok,8,0.4662881266174697,0.6004722233127024,-2.3352373858326207,0.4525995777628341,0.5387195788581152,-1.6845186423381118,0.25924779330304515,0.28205789545074744,0.2641023307578745
p,4,Nogob,8,0.454223547134347,0.4813939073769347,-2.6574304610705073,0.19876526941962247,0.38272276441123027,-1.3117639580357325,0.4904058963210431,0.5055434177953694,-3.033590627048098
p,4,Owdweyne,8,0.23260838387651261,0.26561708987661736,0.7162571546770413,0.3984963873870851,0.5986225851876352,-0.44118285621270514,0.31761679104086893,0.5502045417193342,-0.2174783106231657
p,4,Qardho,8,0.5556394755840302,0.6134911758732207,0.22297512696917277,0.5,0.8660254037844386,-0.5483870967741935,0.59375,0.6652824386232481,0.08624366835510544
p,4,Qoryooley,8,0.3459828693482329,0.39952097130298536,-0.009905404374621618,0.4251802818727076,0.48942537083357546,-0.5155647362965465,0.614339079488621,0.7274057419790799,-2.347765153138071
p,4,Saakow,8,0.39686508713406365,0.4189781887123832,0.4110368488770302,0.6739799660797025,0.7350641679483388,-0.8128246563327286,0.728563354842371,0.9112083305063429,-1.785740491990167
p,4,Sablaale,8,0.2887195425441649,0.4075061173140426,0.39269232245384156,0.4364761539273471,0.6040211260792353,-0.3342732021354051,0.6073523382256141,0.7153554599281382,-0.8714761584280357
p,4,Samburu,8,0.2901986198395674,0.3549816309530481,0.24303482162293488,0.3175629859614861,0.39964209358621416,0.04058480664130448,0.5198652494531987,0.6534472240519725,-1.5649870426093933
p,4,Shabelle,8,0.26581653376418135,0.3135543354290173,-0.05483655782502339,0.2773416820957469,0.3763386938745066,-0.5195580634299373,0.5685350739774719,0.6549453791861005,-3.6022448209912037
p,4,Sheikh,8,0.09227990605447456,0.15347550733957832,-11.691267934587414,0.03593210371390043,0.05081566839679465,-0.3913043478260869,0.14429772948953712,0.1799542550480865,-16.448218761564572
p,4,Siti,8,0.20830713773127824,0.27170665341415523,0.2974599889818149,0.36644597774876114,0.4941551516666651,-1.323791566322753,0.3826019885230863,0.43018319388184134,-0.7610731505009358
p,4,Taleex,8,0.6264938712120056,0.680427329847916,0.07403729759207067,0.75,1.0,-1.0,0.65625,0.7471931495941738,-0.11659520560092296
p,4,Tana River,8,0.21019746729581001,0.29095285070710203,0.5123849551094894,0.37305220099192055,0.5076565469015252,-0.48447143886390354,0.43610359521468667,0.5676018902848796,-0.8557502585746837
p,4,Turkana,8,0.5134715707619664,0.6170531693952338,0.01951601387091595,0.5345664671308124,0.6834109638191728,-0.20270526967798363,0.6890906019181746,0.8808823649449541,-0.9981641435324153
p,4,Wajir,8,0.33216314120769663,0.4038892206129558,0.18005295231663865,0.41545183027886157,0.541989349100211,-0.47653173528845816,0.3959875527664101,0.4987114609314613,-0.2501438229920512
p,4,Wanla Weyn,8,0.28987226897300455,0.38465812735635757,0.2634235006380372,0.3896597251028966,0.4898878043999287,-0.19470667027810928,0.6563954449473167,0.8058691154137022,-2.2329356211027367
p,4,West Guji,8,0.32455744588411906,0.39880466655575963,0.1606518848325884,0.376211906096651,0.46050907679014474,-0.11917511739426034,0.525094867989107,0.6823085103207766,-1.4568759715564203
p,4,West Pokot,8,0.38393021949045897,0.46230829689994385,-0.5275623578168207,0.3956296858713866,0.44916575127484215,-0.44194548248741894,0.43870676551701443,0.4716662235408192,-0.5900292985809323
p,4,Xarardheere,8,0.47453442215919495,0.5831951809200471,0.3083284424194994,0.4498487633308662,0.5873414131886274,0.2984585893667572,0.6781439045836417,0.8127528217263285,-0.3433495554222754
p,4,Xudun,8,0.5480261445045471,0.6077700216444248,0.2612312015806708,0.75,1.0,-1.0,0.65625,0.7511000558363649,-0.12830258775478076
p,4,Zeylac,8,0.34860487502606197,0.47439329943764763,-0.24031604709041687,0.532454348129425,0.7969046979193466,-2.4999999999999996,0.48634153104443956,0.5975684652007449,-0.9680250042061236
p,8,Afder,8,0.4137261316810545,0.5039282919706526,0.45117668055941007,0.5982253507448642,0.7457500473983749,-0.20193685553304208,0.7282439970726087,0.8845283221647086,-0.6909024749358599
p,8,Afmadow,8,0.40638985400159133,0.446558138076037,0.5802032208671513,0.6531909714397302,0.8429569550277949,-0.49587010188151015,0.6579230212268675,0.8349169119483244,-0.4674712507500287
p,8,Awsi-Zone 1,8,0.27448505924985744,0.32445000939704555,0.374644665517038,0.34043919397643385,0.4326617256798705,-0.1120600338883131,0.4267651553032017,0.547016015236741,-0.7775890233886777
p,8,Baardheere,8,0.2991947964416735,0.36519957386069685,0.5960968929013456,0.4565730237384021,0.5706844599431983,0.013700613160727904,0.7411006526609355,0.9071394196694609,-1.4920958905974855
p,8,Badhaadhe,8,0.3683514227048221,0.4162634866305723,0.6355209762690945,0.6251082303481544,0.7844037543548403,-0.29424123142616176,0.6409662490361552,0.7766293420379344,-0.26871330234588453
p,8,Baki,8,0.3241919925630329,0.39340381887621606,-2.4307100294784822,0.28835417305820055,0.3872434363075663,-2.3241070385626506,0.22191641071066343,0.2608691300534305,-0.5085240872860821
p,8,Bale,8,0.38358259836156167,0.4627927099741143,-1.0340766635658674,0.1905580179128211,0.22693800982697088,0.510887476704504,0.2532752216536607,0.32695746942465975,-0.015258947448924198
p,8,Bandarbeyla,8,0.3809128403663635,0.45128028250343794,0.4788453780049152,0.6521319703422479,0.7300829547794339,-0.36401232577234444,0.520348977756686,0.6845138808968347,-0.1990530424154744
p,8,Belet Weyne,8,0.3833840721715637,0.42877717340280486,0.629767692633158,0.5185766769077003,0.75769132110703,-0.15610059604648807,0.6334472728899262,0.8081220027789353,-0.3151184259935682
p,8,Belet Xaawo,8,0.294051173970167,0.38565399094694,0.36994886387328807,0.38525797990706356,0.5989099149762188,-0.5195085383660738,0.8175955002112192,0.9497260866469589,-2.820998553930827
p,8,Berbera,8,0.3646916670801562,0.44038066673871157,-2.1362986677700055,0.3730016877644294,0.4973355836859058,-2.9999999999999982,0.2487084818419258,0.3437808309273702,-0.9112796606735472
p,8,Borama,8,0.23191713158081229,0.33186954377349354,-0.29829469137936826,0.24500661725119366,0.38309661145160895,-0.7300358626507273,0.27440145048975473,0.28839266330193875,0.019591878487800085
p,8,Borena,8,0.47358073333949985,0.548473184193818,0.28495509762137516,0.587263105231036,0.6841040270768267,-0.11241493451479845,0.6443806029972887,0.850617701858573,-0.7198530844822211
p,8,Bu'aale,8,0.3253829889938154,0.3786791577442442,0.6485857577950302,0.9649217949821589,1.0574846189055533,-1.740467602795174,0.7829840732589088,0.9683393725948617,-1.2979032263479886
p,8,Bulo Burto,8,0.38380902186143073,0.450203082288962,0.576641378880121,0.5657006299339754,0.7632278594690286,-0.2167459497758113,0.636878375140928,0.7694303488978647,-0.23660245562960958
p,8,Burco,8,0.2687442239432317,0.36656514413567554,0.5855823324534397,0.5073954530523395,0.6974290779263199,-0.5001546414010496,0.361989588706309,0.6186319750039324,-0.1803224185736767
p,8,Burtinle,8,0.4767422676086426,0.6068904810029672,0.5089119254239829,0.625,1.0606601717798212,-0.5,0.7613636363636362,1.0588933682336745,-0.49500688705234164
p,8,Buuhoodle,8,0.47150397300720215,0.5259760059235927,0.4288500463332433,0.5,0.8660254037844386,-0.5483870967741935,0.4811625123847839,0.7277763439294209,-0.09348832368159954
p,8,Cabudwaaq,8,0.6012263298034668,0.7102232193798944,0.26630251440532116,0.375,0.7905694150420949,0.09090909090909094,0.7926136363636362,1.0477679443890504,-0.5968256949661908
p,8,Cadaado,8,0.5815389454364777,0.708606000953982,0.15407695629596085,0.5217685051140242,0.8173628253026991,-0.12551416984410468,0.7602694630573705,0.9786019884063007,-0.6133678247294212
p,8,Caynabo,8,0.5670106374274677,0.6524381847893453,0.05875680545564088,0.6842511599187218,0.9295207423625439,-0.9104746469021543,0.5175674633350478,0.7104349883933644,-0.11601952202031374
p,8,Ceel Afweyn,8,0.33075315799332666,0.4177743657950753,0.18585323695538325,0.5877541049649861,0.6811151465834532,-1.1640146657438812,0.4437234143553654,0.48167921687157766,-0.08226830381144312
p,8,Ceel Barde,8,0.6856686621904373,0.7704824200563077,0.1365190405588005,0.875,1.0606601717798212,-0.6363636363636365,0.8323863636363636,0.9526157442528163,-0.3199661908339595
p,8,Ceel Buur,8,0.45903560883490624,0.5255263710924496,0.4655366663629241,0.6463089966025898,0.83247715665342,-0.3411382181896425,0.5572311167250477,0.7317150032441709,-0.036126564170794406
p,8,Ceel Waaq,8,0.2740136582570929,0.36358800553693577,0.43876887552904675,0.38355816657753494,0.6006774138018539,-0.5318112574134073,0.7576237617741333,0.9364891240356196,-2.723300841026618
p,8,Ceerigaabo,8,0.41852106097738473,0.5279807072773053,0.1326510440239248,0.6918006909062491,0.8184692482980599,-1.0843108364880716,0.518123803202371,0.5888697974176517,-0.07893756446835964
p,8,Daawa,8,0.4107568385885326,0.5427123193936563,-0.3676010663048874,0.33997731164119555,0.5241996819595327,-0.27589100859698923,0.5427312098645073,0.6916899728543547,-1.2214831862369127
p,8,Dhuusamarreeb,8,0.5598559740838331,0.6706029747799074,0.15567846846762112,0.663413436245872,0.8880330831337641,-0.4805913380566138,0.727065614213964,0.9229735327783364,-0.5993937997775833
p,8,Doolo,8,0.48761940517229274,0.546575323331783,0.060355530007694,0.6060076122069558,0.8902700616253074,-1.4929126388093081,0.5203183186303335,0.5858144620601967,-0.07940319532464546
p,8,East Bale,8,0.23702019085549722,0.29411534696943936,0.5642395678301348,0.38869489545468855,0.48496805632465817,-0.18478265331856858,0.6103421513018398,0.7132440977951194,-1.5626470335128322
p,8,Erer,8,0.2540129184857529,0.2979924864942237,-3.832133411917594,0.15729284031326302,0.2216877509368601,-1.674309598767771,0.3455846767008897,0.36421059668978667,-6.21827532350747
p,8,Eyl,8,0.2615643161252801,0.32702720584868306,0.740687007909641,0.6086623758288491,0.7064748702365788,-0.21017992816346598,0.5189319676900912,0.7205751381902942,-0.25896905740436416
p,8,Fanti-Zone 4,8,0.7259943836218387,0.8860438055363224,-0.46631739605860467,0.7804092346268044,0.9431439711928401,-0.6613976257987964,0.9678926772120444,1.1500727728030473,-1.4704054880225126
p,8,Gaalkacyo,8,0.5617179755887105,0.6713912457672571,0.21314889479398358,0.5633530219293811,0.834193995039064,-0.2147176146156351,0.7617267611537311,0.9980611192600344,-0.7388234383337215
p,8,Gabi-Zone 3,8,0.5003374788335219,0.633295445917118,0.060953113093564326,0.5807615669087478,0.850747860229168,-0.6946354150064256,0.5830359425230983,0.742431215343122,-0.29058613203543837
p,8,Galdogob,8,0.5514038801193237,0.6833206710534973,0.3208332516523611,0.375,0.7905694150420949,0.09090909090909094,0.8863636363636362,1.1163579915462853,-0.8127347858752818
p,8,Garbahaarey,8,0.3185854439568193,0.3650082574606925,0.5687963885100211,0.447048376787246,0.5740827343602948,-0.06665993257125735,0.7494584796797791,0.8825107114364694,-1.520675738265132
p,8,Garissa,8,0.2507057896052758,0.30652984581735465,0.5356223650721162,0.5704848079987864,0.6823243853978819,-1.3009519375875511,0.43911298989177816,0.5117724635467175,-0.294433043596086
p,8,Garoowe,8,0.4482086975726034,0.4972356504795038,0.4832063892441063,0.7310830731543447,0.8523380498135962,-0.5185055062963222,0.5701038414429309,0.662449084259205,0.08272907832789556
p,8,Gebiley,8,0.22693654094613264,0.24835908521444816,0.41323318904685624,0.25114405734767525,0.4101165282893872,-0.6000000000000001,0.2928471631807203,0.314847197737255,0.05701430949187558
p,8,Guji,8,0.2926360054315147,0.36833714953909713,-0.056056967488137266,0.30176217526716953,0.34966304139447957,0.04830943887757255,0.32713270431631686,0.39582007190758406,-0.21952842438988096
p,8,Hargeysa,8,0.25522681709282374,0.3122562350264138,0.3596828893379227,0.3148823043049104,0.4693072907322877,-0.446396863788624,0.32890317605471386,0.3682585392774043,0.10940854954955603
p,8,Hari-Zone 5,8,0.2800331711769104,0.3748628086151933,0.2505486651580213,0.125,0.3535533905932738,0.33333333333333337,0.41116494932667297,0.5289453131654037,-0.49217676970478386
p,8,Hobyo,8,0.43875301294703006,0.5014315905994519,0.38258420931601167,0.6504984400319397,0.7807374171374921,-0.4968019385676501,0.6029065595941252,0.7859627429102954,-0.5169046023569579
p,8,Isiolo,8,0.42688313176204995,0.4861411014596914,-0.010084103848467585,0.5149560610634188,0.707615349699633,-1.1400668779015324,0.6046712202192199,0.7062958639897441,-1.1320931816960713
p,8,Iskushuban,8,0.40381950703241737,0.5056805222482145,-0.0882411363073019,0.5761452703396125,0.6910213444623966,-1.032149296513543,0.3745165032327427,0.4822338154821031,0.010335461978930094
p,8,Jalalaqsi,8,0.33408892299235526,0.40043779383080774,0.6190947249685571,0.5480969668888542,0.7288869819227339,-0.2620229553203084,0.6251234720772068,0.7436245451503383,-0.31357326180019873
p,8,Jarar,8,0.3328700414682577,0.423269169967645,0.08858518221188227,0.4964393524961837,0.672800526970017,-1.302795954902689,0.4113332612519801,0.44541941623752873,-0.009301923229773745
p,8,Jariiban,8,0.3499616303850364,0.4770664895187486,0.6050945806039673,0.5898105094544894,0.7697839465924916,-0.02818904038431902,0.6839132125297218,0.8990013564634666,-0.40234853330618825
p,8,Kajiado,8,0.2658284604549408,0.3324048732903588,-858.4795298122153,0.08122380949190533,0.15067914126404247,-175.60664732469584,0.33380659603402957,0.38396341725569105,-1145.7809489670963
p,8,Kilbati-Zone 2,8,0.5402593450166676,0.6769675253145673,-1.0299232303115775,0.48705056409377945,0.5521286005993109,-0.3502818531283898,0.7549968998967362,0.8917033503386386,-2.5219625928878977
p,8,Kismaayo,8,0.21249855113362914,0.2892752282126112,0.7608189633304943,0.5955445096624534,0.6775000260986812,-0.31196692554662064,0.5513254896484943,0.8031560635459546,-0.8437589398507241
p,8,Korahe,8,0.39608506154259504,0.5163186025837183,-0.16432431292456195,0.5825887010494877,0.7294892214781528,-1.3242143582599382,0.4319080997054211,0.49522205147662113,-0.07112059755692668
p,8,Kurtunwaarey,8,0.3445876807132811,0.3820496868783203,0.23360699000744567,0.5493247724536275,0.6696786662414336,-1.3547497898304632,0.5681768532831194,0.6343929678969858,-1.113141403775674
p,8,Laas Caanood,8,0.4812507927417755,0.5558202776691606,0.41013133437819727,0.7114827716133005,0.9790665903853716,-0.830252526035772,0.5961120787099754,0.7582020939464871,-0.09763137352577655
p,8,Laasqoray,8,0.4540682939075114,0.5095872963904813,0.1839006103069365,0.6754084733508707,0.8033231687711513,-1.0280864001671728,0.5771739431287248,0.6106386597893956,-0.17185657149208522
p,8,Lamu,8,0.3363424585171535,0.4725031200570577,-556581.6402384539,0.1594984403577613,0.3664053968804125,-334689.98844934284,0.19223314533187938,0.2185143730335201,-119035.54477871295
p,8,Liban,8,0.5040540569281238,0.6073061507797125,-0.036329779812646956,0.45098919882450456,0.6166507271626558,-0.06846700339975476,0.6671821720798855,0.8570507399886919,-1.0639334385724353
p,8,Lughaye,8,0.5262493306551566,0.5865663365612415,-0.4393558194582814,0.7333719751468584,0.977829300195811,-2.999999999999999,0.5757939730043264,0.7062315358608694,-1.0865467093974712
p,8,Mandera,8,0.2525922952801169,0.2955737630603956,0.5761291381926148,0.5518311569804359,0.6899933028276642,-1.3098913478871035,0.4507106272432423,0.5414208505418786,-0.4222362862347908
p,8,Marsabit,8,0.29254506534030567,0.3153921307530534,0.4697904217330495,0.5654947325673949,0.6399861335485448,-1.1831671669527326,0.48439160081440896,0.5692334115320001,-0.7271363689632329
p,8,Narok,8,0.5924733864640928,0.7562189048349746,-4.289759966089403,0.3461614862485803,0.3994045831766218,-0.47559438292988143,0.25924779330304515,0.28205789545074744,0.2641023307578745
p,8,Nogob,8,0.318122837696023,0.38802248916452603,-1.3762311972759638,0.17896544857175312,0.34543484006028075,-0.8832465227607849,0.4904058963210431,0.5055434177953694,-3.033590627048098
p,8,Owdweyne,8,0.23544189183769237,0.31840515491042126,0.5922696204048465,0.4608979279583913,0.6114939153903471,-0.5038245519459608,0.31761679104086893,0.5502045417193342,-0.2174783106231657
p,8,Qardho,8,0.4427684247493744,0.5027417368178179,0.4781950886428985,0.75,0.8660254037844386,-0.5483870967741935,0.59375,0.6652824386232481,0.08624366835510544
p,8,Qoryooley,8,0.29719771929711597,0.3274443360479759,0.32161458866085335,0.5501802818727076,0.6891663419784422,-2.0050358145062614,0.614339079488621,0.7274057419790799,-2.347765153138071
p,8,Saakow,8,0.2496245663579586,0.3094979087981365,0.6786186048456381,0.8483615223372087,0.9055884192057515,-1.7514841410407853,0.728563354842371,0.9112083305063429,-1.785740491990167
p,8,Sablaale,8,0.45772577317931007,0.5037989255631335,0.07177132573965794,0.5350374816045667,0.6351818077624731,-0.4754911477284929,0.6073523382256141,0.7153554599281382,-0.8714761584280357
p,8,Samburu,8,0.14802105177204428,0.19238695058096525,0.77766114607002,0.40258174944762026,0.5029136704877839,-0.5193261853377493,0.5198652494531987,0.6534472240519725,-1.5649870426093933
p,8,Shabelle,8,0.20222702348271693,0.3062354929166271,-0.006168232835924936,0.2834754947139836,0.3726013123674058,-0.4895267715395675,0.5685350739774719,0.6549453791861005,-3.6022448209912037
p,8,Sheikh,8,0.2768288851376246,0.38692280500992227,-79.66321219528594,0.05389815557085065,0.0622362292553099,-1.0869565217391304,0.14429772948953712,0.1799542550480865,-16.448218761564572
p,8,Siti,8,0.1800621118707431,0.2027594029498993,0.6087696627754736,0.3148316611953448,0.3930487369717202,-0.4701556815601331,0.3826019885230863,0.43018319388184134,-0.7610731505009358
p,8,Taleex,8,0.48675158619880676,0.5633532773805834,0.36526616972911086,0.75,1.0,-1.0,0.65625,0.7471931495941738,-0.11659520560092296
p,8,Tana River,8,0.21562943884592312,0.24986505801697084,0.6403807609000223,0.5255927757497851,0.6447690765825516,-1.3946401736924146,0.43610359521468667,0.5676018902848796,-0.8557502585746837
p,8,Turkana,8,0.45678863732005726,0.5289799601450063,0.279433994536771,0.6606391576911153,0.7610549012293062,-0.49151389827531045,0.6890906019181746,0.8808823649449541,-0.9981641435324153
p,8,Wajir,8,0.26855089079380523,0.2993877812053601,0.549464076757634,0.5395766712107556,0.6467780396198008,-1.1026733624146243,0.3959875527664101,0.4987114609314613,-0.2501438229920512
p,8,Wanla Weyn,8,0.3602786485775736,0.37207348422085357,0.31083141107979784,0.5120178471985913,0.6028982393877552,-0.8094894849949235,0.6563954449473167,0.8058691154137022,-2.2329356211027367
p,8,West Guji,8,0.382910269012082,0.4431419648510182,-0.03635229738545487,0.4768545020483332,0.5583821674473435,-0.6454501774372967,0.525094867989107,0.6823085103207766,-1.4568759715564203
p,8,West Pokot,8,0.48593205716579185,0.5453368581975234,-1.1255203932279287,0.43461030447128446,0.49573652905524285,-0.7564565704142707,0.43870676551701443,0.4716662235408192,-0.5900292985809323
p,8,Xarardheere,8,0.5079361945390701,0.614535716925229,0.2319909768781252,0.5748487633308662,0.7227789077502471,-0.062387628885726354,0.6781439045836417,0.8127528217263285,-0.3433495554222754
p,8,Xudun,8,0.5002665817737579,0.5615065281133506,0.36942083777218215,0.75,1.0,-1.0,0.65625,0.7511000558363649,-0.12830258775478076
p,8,Zeylac,8,0.46820454519779964,0.5509435078004282,-0.672897798997917,0.63894521775531,0.85192695700708,-3.0,0.48634153104443956,0.5975684652007449,-0.9680250042061236
p,12,Afder,8,0.4936629936729368,0.5097924979158389,0.4383290618170267,0.5155728968003193,0.6936230207319501,-0.039781461865572965,0.7282439970726087,0.8845283221647086,-0.6909024749358599
p,12,Afmadow,8,0.4540215289862882,0.46731694642440885,0.5402665056058784,0.7565709132574583,0.9698889818177828,-0.9802824416317033,0.6579230212268675,0.8349169119483244,-0.4674712507500287
p,12,Awsi-Zone 1,8,0.22589190620460706,0.28112321863745443,0.5305117692480112,0.41789671550063,0.5322374277931252,-0.6828371849583701,0.4267651553032017,0.547016015236741,-0.7775890233886777
p,12,Baardheere,8,0.3741995576892619,0.4595892431232266,0.3603294147864772,0.6908922626891367,0.8367566512746266,-1.1203864304521765,0.7411006526609355,0.9071394196694609,-1.4920958905974855
p,12,Badhaadhe,8,0.49338540364569444,0.5173494076641575,0.43700593531795007,0.8227735931294134,0.9900547089363162,-1.0618368224426376,0.6409662490361552,0.7766293420379344,-0.26871330234588453
p,12,Baki,8,0.3256274214208362,0.3449269647389322,-1.6373098866612819,0.32105419408127445,0.35886331529257476,-1.8547297387130235,0.22191641071066343,0.2608691300534305,-0.5085240872860821
p,12,Bale,8,0.5635378126235704,0.6417174108451006,-2.9109471209597686,0.40476626149469297,0.47284233410179705,-1.1233764864398563,0.2532752216536607,0.32695746942465975,-0.015258947448924198
p,12,Bandarbeyla,8,0.37421977519989014,0.4899261865441113,0.385764118488632,0.4728680296577521,0.7112588491661955,-0.29458103961685067,0.520348977756686,0.6845138808968347,-0.1990530424154744
p,12,Belet Weyne,8,0.4441313677896209,0.5197362403737663,0.4560274300463366,0.732177110560521,0.9790964545508637,-0.930465104145253,0.6334472728899262,0.8081220027789353,-0.3151184259935682
p,12,Belet Xaawo,8,0.21810808777809143,0.310718822946831,0.5910075744056921,0.6147420200929364,0.7791081233233562,-1.571435314964404,0.8175955002112192,0.9497260866469589,-2.820998553930827
p,12,Berbera,8,0.315890274763338,0.351955480980275,-1.003255712919052,0.3730016877644294,0.43070524967795604,-1.9999999999999987,0.2487084818419258,0.3437808309273702,-0.9112796606735472
p,12,Borama,8,0.3276766054023782,0.34667055796604546,-0.41668209044136484,0.386509511489631,0.4757925275964161,-1.6685400112944078,0.27440145048975473,0.28839266330193875,0.019591878487800085
p,12,Borena,8,0.39233707272426993,0.4867293776265093,0.43688429921220195,0.7285596452381626,0.8806571721705937,-0.8434708284575145,0.6443806029972887,0.850617701858573,-0.7198530844822211
p,12,Bu'aale,8,0.46596568701355373,0.5076772779109352,0.36838562442741196,0.8964475071138931,1.0603920534073563,-1.755557530541949,0.7829840732589088,0.9683393725948617,-1.2979032263479886
p,12,Bulo Burto,8,0.40424595596058077,0.4836113648454657,0.5114776063946841,0.7284572263804504,0.9444977682812958,-0.8633453420645301,0.636878375140928,0.7694303488978647,-0.23660245562960958
p,12,Burco,8,0.25922893619960374,0.33803495273985534,0.6475811366035988,0.47792201306751125,0.6636923230182294,-0.35853088882317863,0.361989588706309,0.6186319750039324,-0.1803224185736767
p,12,Burtinle,8,0.4899241328239441,0.5723887583302673,0.5631614791161799,0.625,1.0606601717798212,-0.5,0.7613636363636362,1.0588933682336745,-0.49500688705234164
p,12,Buuhoodle,8,0.4342741370201111,0.5163811482253889,0.44949782659598225,0.5,0.8660254037844386,-0.5483870967741935,0.4811625123847839,0.7277763439294209,-0.09348832368159954
p,12,Cabudwaaq,8,0.6105517148971558,0.6648332414043365,0.35708619799825925,1.0,1.224744871391589,-1.1818181818181817,0.7926136363636362,1.0477679443890504,-0.5968256949661908
p,12,Cadaado,8,0.5083571400554452,0.5874315530810411,0.4186525865048627,1.0,1.1816570919995302,-1.3523618934976458,0.7602694630573705,0.9786019884063007,-0.6133678247294212
p,12,Caynabo,8,0.4665865861426776,0.5236225843418181,0.3937386988266117,0.2850327471680514,0.6906901096658797,-0.05484726693414488,0.5175674633350478,0.7104349883933644,-0.11601952202031374
p,12,Ceel Afweyn,8,0.28994662608719873,0.3320905958314737,0.4855629038672583,0.24288606206946156,0.4646432551859029,-0.007067076021340268,0.4437234143553654,0.48167921687157766,-0.08226830381144312
p,12,Ceel Barde,8,0.6290359795093536,0.7972105654396818,0.07557136632922579,1.0,1.224744871391589,-1.1818181818181817,0.8323863636363636,0.9526157442528163,-0.3199661908339595
p,12,Ceel Buur,8,0.5313236749836642,0.5851507056258378,0.33738028334085757,0.8979118024264413,1.0823900284120918,-1.2672345629145116,0.5572311167250477,0.7317150032441709,-0.036126564170794406
p,12,Ceel Waaq,8,0.24988454580307007,0.34831611414438857,0.4849258129846864,0.6164418334224651,0.7807954149513061,-1.5881959965004175,0.7576237617741333,0.9364891240356196,-2.723300841026618
p,12,Ceerigaabo,8,0.42534521222114563,0.46408057599467367,0.32989241136060865,0.25,0.5669191449305939,0.0,0.518123803202371,0.5888697974176517,-0.07893756446835964
p,12,Daawa,8,0.5453840242242655,0.563078871645056,-0.4721719341653581,0.38141372915866995,0.5601836164687161,-0.4570715438508086,0.5427312098645073,0.6916899728543547,-1.2214831862369127
p,12,Dhuusamarreeb,8,0.5152717869448069,0.5853733490878097,0.35665666611356006,0.9979581042369455,1.1719398615388479,-1.5786213015004043,0.727065614213964,0.9229735327783364,-0.5993937997775833
p,12,Doolo,8,0.4439870766620083,0.4536260520204654,0.3527687197695114,0.2407203108183657,0.4639808798041434,0.32288304351939656,0.5203183186303335,0.5858144620601967,-0.07940319532464546
p,12,East Bale,8,0.21942433347367654,0.2716521007021181,0.6282606327824871,0.507950204459875,0.6105225449999924,-0.8776551449452528,0.6103421513018398,0.7132440977951194,-1.5626470335128322
p,12,Erer,8,0.31326418194301253,0.35583742108224004,-5.8901951793875895,0.08137703263730472,0.12923803198292896,0.09111494902957296,0.3455846767008897,0.36421059668978667,-6.21827532350747
p,12,Eyl,8,0.3495057838872735,0.42317595422501786,0.5657913476968333,0.49460492901695985,0.7127554266690119,-0.23179255249844166,0.5189319676900912,0.7205751381902942,-0.25896905740436416
p,12,Fanti-Zone 4,8,0.7336556437455348,0.8542494931916361,-0.36297239267263137,0.7734672279087078,0.9664946740591004,-0.7446830020378497,0.9678926772120444,1.1500727728030473,-1.4704054880225126
p,12,Gaalkacyo,8,0.5107759420594289,0.5931015043454927,0.3859563254707379,0.9999015697878029,1.1757828154452996,-1.4132117306395737,0.7617267611537311,0.9980611192600344,-0.7388234383337215
p,12,Gabi-Zone 3,8,0.4564653794426544,0.6031686454980605,0.14817170401703905,0.708849268567217,0.9230033365610373,-0.9947160824967667,0.5830359425230983,0.742431215343122,-0.29058613203543837
p,12,Galdogob,8,0.5939006209373474,0.6587162216193968,0.3688624572734046,1.0,1.224744871391589,-1.1818181818181817,0.8863636363636362,1.1163579915462853,-0.8127347858752818
p,12,Garbahaarey,8,0.32169352815863206,0.373235645889233,0.5491384088534292,0.6523309368950228,0.8109154883678658,-1.1282772443237774,0.7494584796797791,0.8825107114364694,-1.520675738265132
p,12,Garissa,8,0.15148885937581857,0.20019303671214242,0.8019277218823434,0.6243143340768905,0.7373188949838052,-1.6868071101411641,0.43911298989177816,0.5117724635467175,-0.294433043596086
p,12,Garoowe,8,0.45763325075881056,0.5130733881058794,0.4497607115407455,0.41283385369131054,0.7773949781998308,-0.2632115262005126,0.5701038414429309,0.662449084259205,0.08272907832789556
p,12,Gebiley,8,0.36633566822134783,0.4069717353827374,-0.5755563271973951,0.4185734289127921,0.5294581613563999,-1.6666666666666665,0.2928471631807203,0.314847197737255,0.05701430949187558
p,12,Guji,8,0.34011660352359385,0.40378534929276294,-0.26910459009571386,0.479494707162524,0.5465572295355475,-1.325238938126307,0.32713270431631686,0.39582007190758406,-0.21952842438988096
p,12,Hargeysa,8,0.3428742073364695,0.40181764956684346,-0.06030518988292344,0.47801797236699095,0.6103253075542526,-1.4462206422198078,0.32890317605471386,0.3682585392774043,0.10940854954955603
p,12,Hari-Zone 5,8,0.4136963486671448,0.518398772173656,-0.433265530619489,0.25,0.5,-0.33333333333333326,0.41116494932667297,0.5289453131654037,-0.49217676970478386
p,12,Hobyo,8,0.48984867744822025,0.526194168749467,0.32009785442263305,0.8085451184987092,0.9654870795763204,-1.28900785170369,0.6029065595941252,0.7859627429102954,-0.5169046023569579
p,12,Isiolo,8,0.22710192253162698,0.30124372444581266,0.6121454666483275,0.3902241327050913,0.613396324992772,-0.6081079337184485,0.6046712202192199,0.7062958639897441,-1.1320931816960713
p,12,Iskushuban,8,0.33211505976297767,0.3562639104966896,0.45984755282677714,0.33559265805739097,0.531453759220489,-0.2019977468368328,0.3745165032327427,0.4822338154821031,0.010335461978930094
p,12,Jalalaqsi,8,0.33730381117629726,0.44617513034605744,0.5271127709554844,0.6670511871079537,0.8696910260608548,-0.7967052826447891,0.6251234720772068,0.7436245451503383,-0.31357326180019873
p,12,Jarar,8,0.39558185815705293,0.4262498759377971,0.0757034261888132,0.3507602220084247,0.5472898996949234,-0.5237638935771614,0.4113332612519801,0.44541941623752873,-0.009301923229773745
p,12,Jariiban,8,0.4620160975862693,0.5677678866800767,0.4406586575794871,0.7121015408445548,0.9707099851173701,-0.634986851854316,0.6839132125297218,0.8990013564634666,-0.40234853330618825
p,12,Kajiado,8,0.36174148321151733,0.49853111469498984,-1932.2379467195494,0.1624476189838107,0.2704793800820215,-568.0744638645807,0.33380659603402957,0.38396341725569105,-1145.7809489670963
p,12,Kilbati-Zone 2,8,0.49148141974975024,0.5564573479206538,-0.37153755976886704,0.4865326719947951,0.5957872141604839,-0.5722670024330794,0.7549968998967362,0.8917033503386386,-2.5219625928878977
p,12,Kismaayo,8,0.3273862625298727,0.4418738648235031,0.44191431231896194,0.7205445096624535,0.8524453231194369,-1.0770039329410337,0.5513254896484943,0.8031560635459546,-0.8437589398507241
p,12,Korahe,8,0.299096236085564,0.3662754127568956,0.4140589110023445,0.2982491696860037,0.40959638230052425,0.26725874278825446,0.4319080997054211,0.49522205147662113,-0.07112059755692668
p,12,Kurtunwaarey,8,0.30969881787315684,0.34806545799671434,0.3638878498062662,0.7236495449072551,0.8213335139804983,-2.5420193341890926,0.5681768532831194,0.6343929678969858,-1.113141403775674
p,12,Laas Caanood,8,0.4346081018447876,0.5028523869191294,0.5171996404158437,0.36555168516009856,0.7478924222799205,-0.06798417819939329,0.5961120787099754,0.7582020939464871,-0.09763137352577655
p,12,Laasqoray,8,0.35894592676388043,0.4016650386213976,0.4929696792850221,0.3004084733508708,0.6092167596071739,-0.166405481683765,0.5771739431287248,0.6106386597893956,-0.17185657149208522
p,12,Lamu,8,0.36843081274708056,0.4345769529386775,-470817.6702613175,0.20370776914161504,0.38715453358477364,-373669.6554602127,0.19223314533187938,0.2185143730335201,-119035.54477871295
p,12,Liban,8,0.5568962269282001,0.5826679966237005,0.04605145803403021,0.4730077944802302,0.6321278121098941,-0.12277417837832072,0.6671821720798855,0.8570507399886919,-1.0639334385724353
p,12,Lughaye,8,0.35262933373451233,0.4050207584172477,0.3137403517245254,0.7333719751468584,0.8468250145343323,-1.9999999999999996,0.5757939730043264,0.7062315358608694,-1.0865467093974712
p,12,Mandera,8,0.23007059084476839,0.2927402888751865,0.5842169359580806,0.46155279505311997,0.6211916039615061,-0.872203080934584,0.4507106272432423,0.5414208505418786,-0.4222362862347908
p,12,Marsabit,8,0.1561637610001092,0.20962866132912486,0.7657674833478112,0.49997372327275325,0.6125771265155913,-1.0001723311701478,0.48439160081440896,0.5692334115320001,-0.7271363689632329
p,12,Narok,8,0.7882665085172391,0.9393819776995155,-7.162540570678781,0.364037078876032,0.45752745749867346,-0.9363115230356427,0.25924779330304515,0.28205789545074744,0.2641023307578745
p,12,Nogob,8,0.38040236011499884,0.38669633275846305,-1.3600163167310644,0.19121226619092946,0.3482313987652485,-0.9138625895577224,0.4904058963210431,0.5055434177953694,-3.033590627048098
p,12,Owdweyne,8,0.2154809678678552,0.2939791969597692,0.6524269543403844,0.4296971576727382,0.5761763064554577,-0.3351303903996503,0.31761679104086893,0.5502045417193342,-0.2174783106231657
p,12,Qardho,8,0.5063530504703522,0.5544864232824213,0.36525379384870726,0.375,0.7905694150420949,-0.29032258064516125,0.59375,0.6652824386232481,0.08624366835510544
p,12,Qoryooley,8,0.25051047822450295,0.308263883117148,0.39876144249350887,0.7065306566473057,0.7898096322083523,-2.9468115132004407,0.614339079488621,0.7274057419790799,-2.347765153138071
p,12,Saakow,8,0.2829351108199558,0.3271312787153666,0.6409545426760794,0.8095314852456024,0.9478030084518588,-2.0139875887115544,0.728563354842371,0.9112083305063429,-1.785740491990167
p,12,Sablaale,8,0.4998708593061354,0.5399776994596075,-0.06633129417930639,0.6514386723227803,0.7842021879505442,-1.2490370278191465,0.6073523382256141,0.7153554599281382,-0.8714761584280357
p,12,Samburu,8,0.15683787524657267,0.19276355183925561,0.7767898286912143,0.41882560674501795,0.5391820649863012,-0.7463649894235187,0.5198652494531987,0.6534472240519725,-1.5649870426093933
p,12,Shabelle,8,0.2625215612123589,0.3054882872477023,-0.0012641807454198961,0.37329667559166074,0.4743192192894267,-1.4137984153327778,0.5685350739774719,0.6549453791861005,-3.6022448209912037
p,12,Sheikh,8,0.284396310785449,0.38087814717114926,-77.1625949247373,0.04491512964237554,0.0568136444286603,-0.7391304347826086,0.14429772948953712,0.1799542550480865,-16.448218761564572
p,12,Siti,8,0.25250894878795,0.320518302389751,0.022366253789776858,0.43210074454445085,0.5369221738813155,-1.7434256594230368,0.3826019885230863,0.43018319388184134,-0.7610731505009358
p,12,Taleex,8,0.4413842260837555,0.4816499054443634,0.5360267371708716,0.25,0.7071067811865476,0.0,0.65625,0.7471931495941738,-0.11659520560092296
p,12,Tana River,8,0.20450790052156587,0.23306100274978236,0.6871248398865262,0.5475202939967134,0.6315339083047293,-1.297339663853351,0.43610359521468667,0.5676018902848796,-0.8557502585746837
p,12,Turkana,8,0.3872210016646541,0.5032061007941722,0.3479406513894747,0.5493842261102151,0.6947224290337032,-0.24284786529615654,0.6890906019181746,0.8808823649449541,-0.9981641435324153
p,12,Wajir,8,0.2329288700484624,0.26404912718396395,0.6495462156021239,0.5101362859429851,0.6414048617768862,-1.0678821128591447,0.3959875527664101,0.4987114609314613,-0.2501438229920512
p,12,Wanla Weyn,8,0.3002144892705754,0.36385022029980796,0.34095765953491475,0.6948298625514482,0.7269432579971414,-1.63068627293661,0.6563954449473167,0.8058691154137022,-2.2329356211027367
p,12,West Guji,8,0.32570337008439343,0.3296137306042963,0.42663359118865607,0.6346252955188016,0.6802235566068974,-1.441883790906171,0.525094867989107,0.6823085103207766,-1.4568759715564203
p,12,West Pokot,8,0.5778063287970328,0.6751080725967136,-2.2574831268516897,0.48554603257092616,0.5886578127730688,-1.4766315292799677,0.43870676551701443,0.4716662235408192,-0.5900292985809323
p,12,Xarardheere,8,0.5205954015254974,0.632212823313996,0.18717198247480427,0.6998487633308662,0.8629411696680988,-0.5143785239760639,0.6781439045836417,0.8127528217263285,-0.3433495554222754
p,12,Xudun,8,0.4999673068523407,0.5479376813085551,0.3995285948044085,0.25,0.7071067811865476,0.0,0.65625,0.7511000558363649,-0.12830258775478076
p,12,Zeylac,8,0.31080999970436096,0.37262666417632945,0.2347503714928919,0.63894521775531,0.7377903869369046,-2.0000000000000004,0.48634153104443956,0.5975684652007449,-0.9680250042061236
