feature,importance,lhz,lead
months_since_assessment,0.0,pastoral,0
pct_pastoral,0.0029813745,pastoral,0
pct_agropastoral,0.0010860433,pastoral,0
pct_crop_farming,0.0048197373,pastoral,0
is_harvest_season,4.8311656e-05,pastoral,0
is_lean_season,0.0032005887,pastoral,0
is_dry_season,0.0018515148,pastoral,0
months_since_harvest_start,0.010775919,pastoral,0
months_since_lean_start,0.011823287,pastoral,0
glofas_reach_count,0.0002242355,pastoral,0
agss_surveyed_flag,0.0052699666,pastoral,0
ipc_lag1,0.11269128,pastoral,0
ipc_lag4,0.018138254,pastoral,0
ipc_lag8,0.0046264012,pastoral,0
ipc_mean12,0.009621391,pastoral,0
ha_share_lag1,0.009637039,pastoral,0
ha_share_lag4,0.0034103894,pastoral,0
ha_share_lag8,0.003929108,pastoral,0
ha_share_mean12,0.003928397,pastoral,0
total_rainfall_mm,0.002515374,pastoral,0
wet_days,0.0019030427,pastoral,0
max_dry_spell_length,0.0020892294,pastoral,0
rainfall_sum_1m,0.0,pastoral,0
rainfall_sum_3m,0.0039071687,pastoral,0
rainfall_sum_6m,0.0013439794,pastoral,0
rainfall_sum_12m,0.045093525,pastoral,0
rainfall_sum_24m,0.011886446,pastoral,0
spi_1,0.004564885,pastoral,0
spi_3,0.0036926442,pastoral,0
spi_6,0.015338281,pastoral,0
spi_12,0.015719322,pastoral,0
spi_24,0.006965548,pastoral,0
pet_mm,0.0019034883,pastoral,0
sm_root,0.01449083,pastoral,0
precip_mm,0.0,pastoral,0
spei_balance_mm,0.00451675,pastoral,0
sm_mean_1m,0.0,pastoral,0
spei_balance_sum_1m,0.0,pastoral,0
sm_mean_3m,0.009044014,pastoral,0
spei_balance_sum_3m,0.0013986729,pastoral,0
sm_mean_6m,0.0051339,pastoral,0
spei_balance_sum_6m,0.0026395055,pastoral,0
sm_mean_12m,0.021227544,pastoral,0
spei_balance_sum_12m,0.010227333,pastoral,0
sm_mean_24m,0.010623194,pastoral,0
spei_balance_sum_24m,0.009389108,pastoral,0
ssmi_1,0.011324224,pastoral,0
ssmi_3,0.0041576237,pastoral,0
ssmi_6,0.0025081853,pastoral,0
ssmi_12,0.0057199355,pastoral,0
ssmi_24,0.0066698412,pastoral,0
spei_1,0.0029424254,pastoral,0
spei_3,0.0064007826,pastoral,0
spei_6,0.0015390102,pastoral,0
spei_12,0.020570537,pastoral,0
spei_24,0.002084283,pastoral,0
ndvi,0.0063834707,pastoral,0
ndvi_anomaly,0.0015180522,pastoral,0
ndvi_lag1,0.0034703484,pastoral,0
ndvi_lag3,0.0019852598,pastoral,0
ndvi_lag6,0.0031589572,pastoral,0
ndvi_lag12,0.0052691223,pastoral,0
ndvi_anomaly_lag1,0.0078658685,pastoral,0
ndvi_anomaly_lag3,0.006349818,pastoral,0
ndvi_anomaly_lag6,0.007426421,pastoral,0
ndvi_anomaly_lag12,0.005489169,pastoral,0
ndvi_cropland,0.003164122,pastoral,0
ndvi_cropland_anomaly,0.0020861293,pastoral,0
ndvi_cropland_lag1,0.0063744793,pastoral,0
ndvi_cropland_lag3,0.00424832,pastoral,0
ndvi_cropland_lag6,0.0074560847,pastoral,0
ndvi_cropland_lag12,0.004160338,pastoral,0
ndvi_cropland_anomaly_lag1,0.0020426372,pastoral,0
ndvi_cropland_anomaly_lag3,0.0020107562,pastoral,0
ndvi_cropland_anomaly_lag6,0.0041818875,pastoral,0
ndvi_cropland_anomaly_lag12,0.0030683004,pastoral,0
ndvi_rangeland,0.0,pastoral,0
ndvi_rangeland_anomaly,0.005437582,pastoral,0
ndvi_rangeland_lag1,0.006169407,pastoral,0
ndvi_rangeland_lag3,0.0019591718,pastoral,0
ndvi_rangeland_lag6,0.0032156678,pastoral,0
ndvi_rangeland_lag12,0.002382252,pastoral,0
ndvi_rangeland_anomaly_lag1,0.00740196,pastoral,0
ndvi_rangeland_anomaly_lag3,0.0026696965,pastoral,0
ndvi_rangeland_anomaly_lag6,0.004557244,pastoral,0
ndvi_rangeland_anomaly_lag12,0.0074605695,pastoral,0
acled_event_count,0.0,pastoral,0
acled_fatalities,0.0041860593,pastoral,0
acled_event_count_lag1,0.0018796163,pastoral,0
acled_fatalities_lag1,0.0022130548,pastoral,0
acled_event_count_lag3,0.00011799149,pastoral,0
acled_fatalities_lag3,0.0,pastoral,0
acled_event_count_lag6,0.0,pastoral,0
acled_fatalities_lag6,0.0,pastoral,0
acled_event_count_lag12,0.0,pastoral,0
acled_fatalities_lag12,0.0022438532,pastoral,0
maize_price_etb,0.0035409417,pastoral,0
maize_price_etb_lag1,0.0033263466,pastoral,0
maize_price_etb_lag3,0.0027584198,pastoral,0
maize_price_etb_lag6,0.0,pastoral,0
maize_price_etb_lag12,0.005712436,pastoral,0
maize_price_index,0.0,pastoral,0
maize_price_index_lag1,0.0,pastoral,0
maize_price_index_lag3,0.00162108,pastoral,0
maize_price_index_lag6,0.00745597,pastoral,0
maize_price_index_lag12,0.0,pastoral,0
maize_n_markets,0.0,pastoral,0
wheat_price_etb,0.0012772206,pastoral,0
wheat_price_etb_lag1,0.0,pastoral,0
wheat_price_etb_lag3,0.00063878426,pastoral,0
wheat_price_etb_lag6,0.0,pastoral,0
wheat_price_etb_lag12,0.0,pastoral,0
wheat_price_index,0.0,pastoral,0
wheat_price_index_lag1,0.0,pastoral,0
wheat_price_index_lag3,0.0,pastoral,0
wheat_price_index_lag6,0.0,pastoral,0
wheat_price_index_lag12,0.0033107311,pastoral,0
wheat_n_markets,0.0,pastoral,0
sorghum_price_etb,0.0,pastoral,0
sorghum_price_etb_lag1,0.0022681695,pastoral,0
sorghum_price_etb_lag3,0.0,pastoral,0
sorghum_price_etb_lag6,0.0,pastoral,0
sorghum_price_etb_lag12,0.0023331556,pastoral,0
sorghum_price_index,0.0019715242,pastoral,0
sorghum_price_index_lag1,0.0,pastoral,0
sorghum_price_index_lag3,0.0,pastoral,0
sorghum_price_index_lag6,0.0,pastoral,0
sorghum_price_index_lag12,0.0,pastoral,0
sorghum_n_markets,0.0,pastoral,0
teff_price_etb,0.0,pastoral,0
teff_price_etb_lag1,0.0,pastoral,0
teff_price_etb_lag3,0.0,pastoral,0
teff_price_etb_lag6,0.0,pastoral,0
teff_price_etb_lag12,0.0,pastoral,0
teff_price_index,0.0,pastoral,0
teff_price_index_lag1,0.0,pastoral,0
teff_price_index_lag3,0.0,pastoral,0
teff_price_index_lag6,0.0,pastoral,0
teff_price_index_lag12,0.0,pastoral,0
teff_n_markets,0.0,pastoral,0
fuel_diesel_price_etb,0.0,pastoral,0
fuel_diesel_price_etb_lag1,0.0,pastoral,0
fuel_diesel_price_etb_lag3,0.0,pastoral,0
fuel_diesel_price_etb_lag6,0.0,pastoral,0
fuel_diesel_price_etb_lag12,0.0,pastoral,0
fuel_diesel_price_index,0.0,pastoral,0
fuel_diesel_price_index_lag1,0.0,pastoral,0
fuel_diesel_price_index_lag3,0.0,pastoral,0
fuel_diesel_price_index_lag6,0.0,pastoral,0
fuel_diesel_price_index_lag12,0.0,pastoral,0
fuel_diesel_n_markets,0.0,pastoral,0
fuel_petrol_n_markets,0.0,pastoral,0
livestock_goat_price_etb,0.0,pastoral,0
livestock_goat_price_etb_lag1,0.0,pastoral,0
livestock_goat_price_etb_lag3,0.0,pastoral,0
livestock_goat_price_etb_lag6,0.0,pastoral,0
livestock_goat_price_etb_lag12,0.0,pastoral,0
livestock_goat_price_index,0.0,pastoral,0
livestock_goat_price_index_lag1,0.0,pastoral,0
livestock_goat_price_index_lag3,0.0,pastoral,0
livestock_goat_price_index_lag6,0.0,pastoral,0
livestock_goat_price_index_lag12,0.0,pastoral,0
livestock_goat_n_markets,0.0,pastoral,0
livestock_sheep_price_etb,0.0,pastoral,0
livestock_sheep_price_etb_lag1,0.0,pastoral,0
livestock_sheep_price_etb_lag3,0.0,pastoral,0
livestock_sheep_price_etb_lag6,0.0,pastoral,0
livestock_sheep_price_etb_lag12,0.0,pastoral,0
livestock_sheep_price_index,0.0,pastoral,0
livestock_sheep_price_index_lag1,0.0,pastoral,0
livestock_sheep_price_index_lag3,0.0,pastoral,0
livestock_sheep_price_index_lag6,0.0,pastoral,0
livestock_sheep_price_index_lag12,0.0,pastoral,0
livestock_sheep_n_markets,0.0,pastoral,0
goat_maize_tot,0.0,pastoral,0
goat_maize_tot_lag1,0.0,pastoral,0
goat_maize_tot_lag3,0.0,pastoral,0
goat_maize_tot_lag6,0.0,pastoral,0
goat_maize_tot_lag12,0.0,pastoral,0
sheep_maize_tot,0.0,pastoral,0
sheep_maize_tot_lag1,0.0,pastoral,0
sheep_maize_tot_lag3,0.0,pastoral,0
sheep_maize_tot_lag6,0.0,pastoral,0
sheep_maize_tot_lag12,0.0,pastoral,0
maize_yield,0.0,pastoral,0
maize_yield_anomaly,0.0,pastoral,0
wheat_yield,0.0,pastoral,0
wheat_yield_anomaly,0.0,pastoral,0
sorghum_yield,0.0010014423,pastoral,0
sorghum_yield_anomaly,0.0,pastoral,0
teff_yield,0.0,pastoral,0
teff_yield_anomaly,0.008087135,pastoral,0
headline_cpi,0.009848353,pastoral,0
headline_cpi_lag1,0.0,pastoral,0
headline_cpi_lag3,0.005059872,pastoral,0
headline_cpi_lag6,0.010679847,pastoral,0
headline_cpi_lag12,0.005096648,pastoral,0
headline_cpi_yoy_change,0.0010187903,pastoral,0
headline_cpi_yoy_change_lag1,0.017465591,pastoral,0
headline_cpi_yoy_change_lag3,0.00978972,pastoral,0
headline_cpi_yoy_change_lag6,0.01699493,pastoral,0
headline_cpi_yoy_change_lag12,0.006963778,pastoral,0
food_cpi,0.0,pastoral,0
food_cpi_lag1,0.013102556,pastoral,0
food_cpi_lag3,0.0045815622,pastoral,0
food_cpi_lag6,0.0060093305,pastoral,0
food_cpi_lag12,0.0,pastoral,0
food_cpi_yoy_change,0.0069611375,pastoral,0
food_cpi_yoy_change_lag1,0.02805505,pastoral,0
food_cpi_yoy_change_lag3,0.0,pastoral,0
food_cpi_yoy_change_lag6,0.0019237016,pastoral,0
food_cpi_yoy_change_lag12,0.009625519,pastoral,0
headline_cpi_chainlinked,0.0,pastoral,0
headline_cpi_chainlinked_lag1,0.0,pastoral,0
headline_cpi_chainlinked_lag3,0.0,pastoral,0
headline_cpi_chainlinked_lag6,0.0,pastoral,0
headline_cpi_chainlinked_lag12,0.0,pastoral,0
food_cpi_chainlinked,0.0,pastoral,0
food_cpi_chainlinked_lag1,0.0,pastoral,0
food_cpi_chainlinked_lag3,0.0,pastoral,0
food_cpi_chainlinked_lag6,0.0,pastoral,0
food_cpi_chainlinked_lag12,0.0,pastoral,0
exchange_rate,0.0,pastoral,0
exchange_rate_lag1,0.0,pastoral,0
exchange_rate_lag3,0.011152219,pastoral,0
exchange_rate_lag6,0.0032077238,pastoral,0
exchange_rate_lag12,0.0,pastoral,0
exchange_rate_yoy_change,0.014513356,pastoral,0
exchange_rate_yoy_change_lag1,0.0018436254,pastoral,0
exchange_rate_yoy_change_lag3,0.0045460076,pastoral,0
exchange_rate_yoy_change_lag6,0.006267774,pastoral,0
exchange_rate_yoy_change_lag12,0.008220956,pastoral,0
gdp_per_capita,0.0,pastoral,0
gdp_per_capita_yoy_change,0.0,pastoral,0
iod,0.008394425,pastoral,0
mei,0.018406529,pastoral,0
nino34,0.0007576956,pastoral,0
iod_lag1,0.0,pastoral,0
iod_lag3,0.027694805,pastoral,0
iod_lag6,0.024577832,pastoral,0
mei_lag1,0.0058537535,pastoral,0
mei_lag3,0.0023050385,pastoral,0
mei_lag6,0.011480393,pastoral,0
nino34_lag1,0.012234535,pastoral,0
nino34_lag3,0.0077487878,pastoral,0
nino34_lag6,0.007808656,pastoral,0
wvg,0.0,pastoral,0
wvg_lag1yr,0.004910941,pastoral,0
wvg_lag2yr,0.002397643,pastoral,0
wvg_lag3yr,0.0,pastoral,0
season_national_belg_meher,0.0,pastoral,0
season_somali_gu_deyr,0.0,pastoral,0
months_since_assessment,0.0,agropastoral,0
pct_pastoral,0.00070512854,agropastoral,0
pct_agropastoral,0.0012842742,agropastoral,0
pct_crop_farming,0.00018135567,agropastoral,0
is_harvest_season,0.00021030562,agropastoral,0
is_lean_season,0.0,agropastoral,0
is_dry_season,7.3912546e-05,agropastoral,0
months_since_harvest_start,0.00015945223,agropastoral,0
months_since_lean_start,0.0054374943,agropastoral,0
glofas_reach_count,0.009048693,agropastoral,0
agss_surveyed_flag,0.0,agropastoral,0
ipc_lag1,0.113686495,agropastoral,0
ipc_lag4,0.0046226536,agropastoral,0
ipc_lag8,0.0068346765,agropastoral,0
ipc_mean12,0.024829758,agropastoral,0
ha_share_lag1,0.0020983315,agropastoral,0
ha_share_lag4,0.009610148,agropastoral,0
ha_share_lag8,0.0018149046,agropastoral,0
ha_share_mean12,0.013063936,agropastoral,0
total_rainfall_mm,0.0010576241,agropastoral,0
wet_days,0.004148373,agropastoral,0
max_dry_spell_length,0.0072022597,agropastoral,0
rainfall_sum_1m,0.0,agropastoral,0
rainfall_sum_3m,0.0011673362,agropastoral,0
rainfall_sum_6m,0.0036892595,agropastoral,0
rainfall_sum_12m,0.017234959,agropastoral,0
rainfall_sum_24m,0.001486274,agropastoral,0
spi_1,0.0008259892,agropastoral,0
spi_3,0.0065600183,agropastoral,0
spi_6,0.009264069,agropastoral,0
spi_12,0.013529748,agropastoral,0
spi_24,0.0014119581,agropastoral,0
pet_mm,0.002083248,agropastoral,0
sm_root,0.005329082,agropastoral,0
precip_mm,0.0,agropastoral,0
spei_balance_mm,0.0021623056,agropastoral,0
sm_mean_1m,0.0,agropastoral,0
spei_balance_sum_1m,0.0,agropastoral,0
sm_mean_3m,0.005107462,agropastoral,0
spei_balance_sum_3m,0.0057718996,agropastoral,0
sm_mean_6m,0.0038487604,agropastoral,0
spei_balance_sum_6m,0.008171947,agropastoral,0
sm_mean_12m,0.06378196,agropastoral,0
spei_balance_sum_12m,0.024083083,agropastoral,0
sm_mean_24m,0.00022855123,agropastoral,0
spei_balance_sum_24m,0.002482391,agropastoral,0
ssmi_1,0.011744712,agropastoral,0
ssmi_3,0.016669527,agropastoral,0
ssmi_6,0.015653161,agropastoral,0
ssmi_12,0.00919954,agropastoral,0
ssmi_24,0.0040171132,agropastoral,0
spei_1,0.00097132457,agropastoral,0
spei_3,0.0014014917,agropastoral,0
spei_6,0.0021129716,agropastoral,0
spei_12,0.0154984165,agropastoral,0
spei_24,0.0052906466,agropastoral,0
ndvi,0.010695695,agropastoral,0
ndvi_anomaly,0.003079108,agropastoral,0
ndvi_lag1,0.0012204837,agropastoral,0
ndvi_lag3,0.0023426428,agropastoral,0
ndvi_lag6,0.006716228,agropastoral,0
ndvi_lag12,0.009964202,agropastoral,0
ndvi_anomaly_lag1,0.0054387366,agropastoral,0
ndvi_anomaly_lag3,0.008957094,agropastoral,0
ndvi_anomaly_lag6,0.0020959259,agropastoral,0
ndvi_anomaly_lag12,0.007021623,agropastoral,0
ndvi_cropland,0.0056900736,agropastoral,0
ndvi_cropland_anomaly,0.0073141493,agropastoral,0
ndvi_cropland_lag1,0.008421882,agropastoral,0
ndvi_cropland_lag3,0.014388418,agropastoral,0
ndvi_cropland_lag6,0.005351347,agropastoral,0
ndvi_cropland_lag12,0.007886612,agropastoral,0
ndvi_cropland_anomaly_lag1,0.0062496224,agropastoral,0
ndvi_cropland_anomaly_lag3,0.026416834,agropastoral,0
ndvi_cropland_anomaly_lag6,0.0042185187,agropastoral,0
ndvi_cropland_anomaly_lag12,0.0014280856,agropastoral,0
ndvi_rangeland,0.023766415,agropastoral,0
ndvi_rangeland_anomaly,0.0013006388,agropastoral,0
ndvi_rangeland_lag1,0.0009171168,agropastoral,0
ndvi_rangeland_lag3,0.0028355902,agropastoral,0
ndvi_rangeland_lag6,0.0,agropastoral,0
ndvi_rangeland_lag12,0.0035693368,agropastoral,0
ndvi_rangeland_anomaly_lag1,0.0030059102,agropastoral,0
ndvi_rangeland_anomaly_lag3,0.0026359155,agropastoral,0
ndvi_rangeland_anomaly_lag6,0.0009207528,agropastoral,0
ndvi_rangeland_anomaly_lag12,0.008573507,agropastoral,0
acled_event_count,0.0,agropastoral,0
acled_fatalities,0.0,agropastoral,0
acled_event_count_lag1,0.0,agropastoral,0
acled_fatalities_lag1,0.006597851,agropastoral,0
acled_event_count_lag3,0.0,agropastoral,0
acled_fatalities_lag3,0.0,agropastoral,0
acled_event_count_lag6,0.0013755946,agropastoral,0
acled_fatalities_lag6,0.001868684,agropastoral,0
acled_event_count_lag12,0.0023732139,agropastoral,0
acled_fatalities_lag12,0.0,agropastoral,0
maize_price_etb,0.0011722778,agropastoral,0
maize_price_etb_lag1,0.0050846157,agropastoral,0
maize_price_etb_lag3,0.0014510357,agropastoral,0
maize_price_etb_lag6,0.0016304265,agropastoral,0
maize_price_etb_lag12,0.0014232511,agropastoral,0
maize_price_index,0.002929133,agropastoral,0
maize_price_index_lag1,0.012148834,agropastoral,0
maize_price_index_lag3,0.025813205,agropastoral,0
maize_price_index_lag6,0.00473419,agropastoral,0
maize_price_index_lag12,0.0,agropastoral,0
maize_n_markets,0.0,agropastoral,0
wheat_price_etb,0.0,agropastoral,0
wheat_price_etb_lag1,0.0037295953,agropastoral,0
wheat_price_etb_lag3,0.0,agropastoral,0
wheat_price_etb_lag6,0.0,agropastoral,0
wheat_price_etb_lag12,0.0,agropastoral,0
wheat_price_index,0.0,agropastoral,0
wheat_price_index_lag1,0.0,agropastoral,0
wheat_price_index_lag3,0.0,agropastoral,0
wheat_price_index_lag6,0.0,agropastoral,0
wheat_price_index_lag12,0.0,agropastoral,0
wheat_n_markets,0.0,agropastoral,0
sorghum_price_etb,0.003813913,agropastoral,0
sorghum_price_etb_lag1,0.0041785836,agropastoral,0
sorghum_price_etb_lag3,0.0012970535,agropastoral,0
sorghum_price_etb_lag6,0.0007995374,agropastoral,0
sorghum_price_etb_lag12,0.0015177319,agropastoral,0
sorghum_price_index,0.003727042,agropastoral,0
sorghum_price_index_lag1,0.0012712728,agropastoral,0
sorghum_price_index_lag3,0.0,agropastoral,0
sorghum_price_index_lag6,0.042108554,agropastoral,0
sorghum_price_index_lag12,0.0018053051,agropastoral,0
sorghum_n_markets,0.0,agropastoral,0
teff_price_etb_lag3,0.0,agropastoral,0
teff_n_markets,0.0,agropastoral,0
fuel_diesel_price_etb,0.0,agropastoral,0
fuel_diesel_price_etb_lag1,0.0,agropastoral,0
fuel_diesel_price_etb_lag3,0.0,agropastoral,0
fuel_diesel_price_etb_lag6,0.0,agropastoral,0
fuel_diesel_price_etb_lag12,0.0,agropastoral,0
fuel_diesel_n_markets,0.0,agropastoral,0
fuel_petrol_n_markets,0.0,agropastoral,0
livestock_goat_price_etb,0.0,agropastoral,0
livestock_goat_price_etb_lag1,0.0,agropastoral,0
livestock_goat_price_etb_lag3,0.0,agropastoral,0
livestock_goat_price_etb_lag6,0.0,agropastoral,0
livestock_goat_price_etb_lag12,0.0,agropastoral,0
livestock_goat_price_index,0.0,agropastoral,0
livestock_goat_price_index_lag1,0.0,agropastoral,0
livestock_goat_price_index_lag3,0.0,agropastoral,0
livestock_goat_price_index_lag6,0.0,agropastoral,0
livestock_goat_price_index_lag12,0.0,agropastoral,0
livestock_goat_n_markets,0.0,agropastoral,0
livestock_sheep_price_etb,0.0,agropastoral,0
livestock_sheep_price_etb_lag1,0.0,agropastoral,0
livestock_sheep_price_etb_lag3,0.0,agropastoral,0
livestock_sheep_price_etb_lag6,0.0,agropastoral,0
livestock_sheep_price_etb_lag12,0.0011039369,agropastoral,0
livestock_sheep_price_index,0.0,agropastoral,0
livestock_sheep_price_index_lag1,0.0,agropastoral,0
livestock_sheep_price_index_lag3,0.0,agropastoral,0
livestock_sheep_price_index_lag6,0.0,agropastoral,0
livestock_sheep_price_index_lag12,0.0,agropastoral,0
livestock_sheep_n_markets,0.0,agropastoral,0
goat_maize_tot,0.0,agropastoral,0
goat_maize_tot_lag1,0.0,agropastoral,0
goat_maize_tot_lag3,0.0,agropastoral,0
goat_maize_tot_lag6,0.0,agropastoral,0
goat_maize_tot_lag12,0.0,agropastoral,0
sheep_maize_tot,0.0,agropastoral,0
sheep_maize_tot_lag1,0.0,agropastoral,0
sheep_maize_tot_lag3,0.0,agropastoral,0
sheep_maize_tot_lag6,0.0,agropastoral,0
sheep_maize_tot_lag12,0.0014532792,agropastoral,0
maize_yield,0.0328919,agropastoral,0
maize_yield_anomaly,0.0030869162,agropastoral,0
wheat_yield,0.0,agropastoral,0
wheat_yield_anomaly,0.0031864261,agropastoral,0
sorghum_yield,0.0027541902,agropastoral,0
sorghum_yield_anomaly,0.0075619407,agropastoral,0
teff_yield,0.0014390224,agropastoral,0
teff_yield_anomaly,0.0024683895,agropastoral,0
headline_cpi,0.0004727513,agropastoral,0
headline_cpi_lag1,0.0,agropastoral,0
headline_cpi_lag3,0.0032366365,agropastoral,0
headline_cpi_lag6,0.0,agropastoral,0
headline_cpi_lag12,0.0,agropastoral,0
headline_cpi_yoy_change,0.0012476568,agropastoral,0
headline_cpi_yoy_change_lag1,0.007339164,agropastoral,0
headline_cpi_yoy_change_lag3,0.0013738123,agropastoral,0
headline_cpi_yoy_change_lag6,0.008892957,agropastoral,0
headline_cpi_yoy_change_lag12,0.0016261903,agropastoral,0
food_cpi,0.007806572,agropastoral,0
food_cpi_lag1,0.0,agropastoral,0
food_cpi_lag3,0.0,agropastoral,0
food_cpi_lag6,0.00063605444,agropastoral,0
food_cpi_lag12,0.0,agropastoral,0
food_cpi_yoy_change,0.0025220069,agropastoral,0
food_cpi_yoy_change_lag1,0.0,agropastoral,0
food_cpi_yoy_change_lag3,0.0059969723,agropastoral,0
food_cpi_yoy_change_lag6,0.0,agropastoral,0
food_cpi_yoy_change_lag12,0.00193438,agropastoral,0
headline_cpi_chainlinked,0.0,agropastoral,0
headline_cpi_chainlinked_lag1,0.0,agropastoral,0
headline_cpi_chainlinked_lag3,0.0,agropastoral,0
headline_cpi_chainlinked_lag6,0.0,agropastoral,0
headline_cpi_chainlinked_lag12,0.0,agropastoral,0
food_cpi_chainlinked,0.0,agropastoral,0
food_cpi_chainlinked_lag1,0.0,agropastoral,0
food_cpi_chainlinked_lag3,0.0,agropastoral,0
food_cpi_chainlinked_lag6,0.0,agropastoral,0
food_cpi_chainlinked_lag12,0.0,agropastoral,0
exchange_rate,0.0,agropastoral,0
exchange_rate_lag1,0.0,agropastoral,0
exchange_rate_lag3,0.0,agropastoral,0
exchange_rate_lag6,0.0,agropastoral,0
exchange_rate_lag12,0.0,agropastoral,0
exchange_rate_yoy_change,0.0102118505,agropastoral,0
exchange_rate_yoy_change_lag1,0.0013914227,agropastoral,0
exchange_rate_yoy_change_lag3,8.5068845e-05,agropastoral,0
exchange_rate_yoy_change_lag6,0.004042891,agropastoral,0
exchange_rate_yoy_change_lag12,0.0030545318,agropastoral,0
gdp_per_capita,0.0,agropastoral,0
gdp_per_capita_yoy_change,0.0,agropastoral,0
iod,0.0011502269,agropastoral,0
mei,0.0,agropastoral,0
nino34,0.005574626,agropastoral,0
iod_lag1,0.0,agropastoral,0
iod_lag3,0.02088771,agropastoral,0
iod_lag6,0.0,agropastoral,0
mei_lag1,0.0,agropastoral,0
mei_lag3,0.0009955902,agropastoral,0
mei_lag6,0.0008950993,agropastoral,0
nino34_lag1,0.027996652,agropastoral,0
nino34_lag3,0.013213965,agropastoral,0
nino34_lag6,0.0016300089,agropastoral,0
wvg,0.0,agropastoral,0
wvg_lag1yr,0.015120345,agropastoral,0
wvg_lag2yr,0.0,agropastoral,0
wvg_lag3yr,0.002596503,agropastoral,0
season_national_belg_meher,0.0,agropastoral,0
season_somali_gu_deyr,0.0,agropastoral,0
months_since_assessment,0.0,crop_farming,0
pct_pastoral,2.196949e-05,crop_farming,0
pct_agropastoral,0.00044960214,crop_farming,0
pct_crop_farming,0.0012360034,crop_farming,0
is_harvest_season,0.00013534071,crop_farming,0
is_lean_season,0.023673765,crop_farming,0
is_dry_season,0.0040605757,crop_farming,0
months_since_harvest_start,0.002678914,crop_farming,0
months_since_lean_start,0.017874544,crop_farming,0
glofas_reach_count,0.004150994,crop_farming,0
agss_surveyed_flag,0.0008534445,crop_farming,0
ipc_lag1,0.093273796,crop_farming,0
ipc_lag4,0.004207619,crop_farming,0
ipc_lag8,0.0031952192,crop_farming,0
ipc_mean12,0.037057232,crop_farming,0
ha_share_lag1,0.006743197,crop_farming,0
ha_share_lag4,0.0046975664,crop_farming,0
ha_share_lag8,0.0036904141,crop_farming,0
ha_share_mean12,0.01915284,crop_farming,0
total_rainfall_mm,0.0021200394,crop_farming,0
wet_days,0.0036961653,crop_farming,0
max_dry_spell_length,0.001958992,crop_farming,0
rainfall_sum_1m,0.0,crop_farming,0
rainfall_sum_3m,0.0036214117,crop_farming,0
rainfall_sum_6m,0.0027298338,crop_farming,0
rainfall_sum_12m,0.011476675,crop_farming,0
rainfall_sum_24m,0.0067584086,crop_farming,0
spi_1,0.0049119415,crop_farming,0
spi_3,0.001647123,crop_farming,0
spi_6,0.007990241,crop_farming,0
spi_12,0.019216456,crop_farming,0
spi_24,0.0045152972,crop_farming,0
pet_mm,0.0013260674,crop_farming,0
sm_root,0.0013555048,crop_farming,0
precip_mm,0.0,crop_farming,0
spei_balance_mm,0.0020881055,crop_farming,0
sm_mean_1m,0.0,crop_farming,0
spei_balance_sum_1m,0.0,crop_farming,0
sm_mean_3m,0.004660504,crop_farming,0
spei_balance_sum_3m,0.0030909341,crop_farming,0
sm_mean_6m,0.008938155,crop_farming,0
spei_balance_sum_6m,0.011616175,crop_farming,0
sm_mean_12m,0.0028344963,crop_farming,0
spei_balance_sum_12m,0.0021241445,crop_farming,0
sm_mean_24m,0.0010136326,crop_farming,0
spei_balance_sum_24m,0.0025288009,crop_farming,0
ssmi_1,0.012615357,crop_farming,0
ssmi_3,0.005436237,crop_farming,0
ssmi_6,0.0085905865,crop_farming,0
ssmi_12,0.0027659282,crop_farming,0
ssmi_24,0.0010443708,crop_farming,0
spei_1,0.002669153,crop_farming,0
spei_3,0.0022245047,crop_farming,0
spei_6,0.0,crop_farming,0
spei_12,0.004893053,crop_farming,0
spei_24,0.00236077,crop_farming,0
ndvi,0.0029016945,crop_farming,0
ndvi_anomaly,0.003016381,crop_farming,0
ndvi_lag1,0.0044771084,crop_farming,0
ndvi_lag3,0.0044970475,crop_farming,0
ndvi_lag6,0.00276883,crop_farming,0
ndvi_lag12,0.0024629303,crop_farming,0
ndvi_anomaly_lag1,0.015458663,crop_farming,0
ndvi_anomaly_lag3,0.0034957654,crop_farming,0
ndvi_anomaly_lag6,0.003562684,crop_farming,0
ndvi_anomaly_lag12,0.0026846789,crop_farming,0
ndvi_cropland,0.0034936785,crop_farming,0
ndvi_cropland_anomaly,0.005508901,crop_farming,0
ndvi_cropland_lag1,0.013472652,crop_farming,0
ndvi_cropland_lag3,0.012691934,crop_farming,0
ndvi_cropland_lag6,0.0051815514,crop_farming,0
ndvi_cropland_lag12,0.0038047975,crop_farming,0
ndvi_cropland_anomaly_lag1,0.0067499806,crop_farming,0
ndvi_cropland_anomaly_lag3,0.0046752985,crop_farming,0
ndvi_cropland_anomaly_lag6,0.0019571076,crop_farming,0
ndvi_cropland_anomaly_lag12,0.004816583,crop_farming,0
ndvi_rangeland,0.010519946,crop_farming,0
ndvi_rangeland_anomaly,0.0054784575,crop_farming,0
ndvi_rangeland_lag1,0.007666168,crop_farming,0
ndvi_rangeland_lag3,0.022559604,crop_farming,0
ndvi_rangeland_lag6,0.004508995,crop_farming,0
ndvi_rangeland_lag12,0.011554515,crop_farming,0
ndvi_rangeland_anomaly_lag1,0.003610853,crop_farming,0
ndvi_rangeland_anomaly_lag3,0.005538557,crop_farming,0
ndvi_rangeland_anomaly_lag6,0.00232045,crop_farming,0
ndvi_rangeland_anomaly_lag12,0.002784493,crop_farming,0
acled_event_count,0.0016818645,crop_farming,0
acled_fatalities,0.0018676643,crop_farming,0
acled_event_count_lag1,0.0037207433,crop_farming,0
acled_fatalities_lag1,0.001136126,crop_farming,0
acled_event_count_lag3,0.001194893,crop_farming,0
acled_fatalities_lag3,0.0,crop_farming,0
acled_event_count_lag6,0.0,crop_farming,0
acled_fatalities_lag6,0.0,crop_farming,0
acled_event_count_lag12,0.0,crop_farming,0
acled_fatalities_lag12,0.0,crop_farming,0
maize_price_etb,0.0,crop_farming,0
maize_price_etb_lag1,0.0039936756,crop_farming,0
maize_price_etb_lag3,0.0043027024,crop_farming,0
maize_price_etb_lag6,0.0030680336,crop_farming,0
maize_price_etb_lag12,0.0029194774,crop_farming,0
maize_price_index,0.0021187991,crop_farming,0
maize_price_index_lag1,0.0029659271,crop_farming,0
maize_price_index_lag3,0.0007177354,crop_farming,0
maize_price_index_lag6,0.0018900151,crop_farming,0
maize_price_index_lag12,0.0022860123,crop_farming,0
maize_n_markets,0.0,crop_farming,0
wheat_price_etb,0.0,crop_farming,0
wheat_price_etb_lag1,0.0,crop_farming,0
wheat_price_etb_lag3,0.0011136091,crop_farming,0
wheat_price_etb_lag6,0.0021043639,crop_farming,0
wheat_price_etb_lag12,0.0004854207,crop_farming,0
wheat_price_index,0.0,crop_farming,0
wheat_price_index_lag1,0.0019915751,crop_farming,0
wheat_price_index_lag3,0.0014657025,crop_farming,0
wheat_price_index_lag6,0.0,crop_farming,0
wheat_price_index_lag12,0.0019262723,crop_farming,0
wheat_n_markets,0.0,crop_farming,0
sorghum_price_etb,0.0,crop_farming,0
sorghum_price_etb_lag1,0.0030226682,crop_farming,0
sorghum_price_etb_lag3,0.003059799,crop_farming,0
sorghum_price_etb_lag6,0.0015611371,crop_farming,0
sorghum_price_etb_lag12,0.0030873832,crop_farming,0
sorghum_price_index,0.0012626153,crop_farming,0
sorghum_price_index_lag1,0.0035567428,crop_farming,0
sorghum_price_index_lag3,0.003750411,crop_farming,0
sorghum_price_index_lag6,0.0012219672,crop_farming,0
sorghum_price_index_lag12,0.0020778708,crop_farming,0
sorghum_n_markets,0.0,crop_farming,0
teff_price_etb,0.0,crop_farming,0
teff_price_etb_lag1,0.0,crop_farming,0
teff_price_etb_lag3,0.0,crop_farming,0
teff_price_etb_lag6,0.0,crop_farming,0
teff_price_etb_lag12,0.0,crop_farming,0
teff_price_index,0.0,crop_farming,0
teff_price_index_lag1,0.0,crop_farming,0
teff_price_index_lag3,0.0,crop_farming,0
teff_price_index_lag6,0.0,crop_farming,0
teff_price_index_lag12,0.0,crop_farming,0
teff_n_markets,0.0,crop_farming,0
fuel_diesel_price_etb,0.0,crop_farming,0
fuel_diesel_price_etb_lag1,0.0,crop_farming,0
fuel_diesel_price_etb_lag3,0.0,crop_farming,0
fuel_diesel_price_etb_lag6,0.0,crop_farming,0
fuel_diesel_price_etb_lag12,0.0,crop_farming,0
fuel_diesel_price_index,0.0,crop_farming,0
fuel_diesel_price_index_lag1,0.0,crop_farming,0
fuel_diesel_price_index_lag3,0.0,crop_farming,0
fuel_diesel_price_index_lag6,0.0,crop_farming,0
fuel_diesel_price_index_lag12,0.0,crop_farming,0
fuel_diesel_n_markets,0.0,crop_farming,0
fuel_petrol_price_etb,0.0,crop_farming,0
fuel_petrol_price_etb_lag1,0.0,crop_farming,0
fuel_petrol_price_etb_lag3,0.0,crop_farming,0
fuel_petrol_price_etb_lag6,0.0,crop_farming,0
fuel_petrol_price_etb_lag12,0.0,crop_farming,0
fuel_petrol_price_index,0.0,crop_farming,0
fuel_petrol_price_index_lag1,0.0,crop_farming,0
fuel_petrol_price_index_lag3,0.0,crop_farming,0
fuel_petrol_price_index_lag6,0.0,crop_farming,0
fuel_petrol_price_index_lag12,0.0,crop_farming,0
fuel_petrol_n_markets,0.0,crop_farming,0
livestock_goat_price_etb,0.0,crop_farming,0
livestock_goat_price_etb_lag1,0.0,crop_farming,0
livestock_goat_price_etb_lag3,0.0,crop_farming,0
livestock_goat_price_etb_lag6,0.0,crop_farming,0
livestock_goat_price_etb_lag12,0.0,crop_farming,0
livestock_goat_price_index,0.0,crop_farming,0
livestock_goat_price_index_lag1,0.0,crop_farming,0
livestock_goat_price_index_lag3,0.0,crop_farming,0
livestock_goat_price_index_lag6,0.0,crop_farming,0
livestock_goat_price_index_lag12,0.0,crop_farming,0
livestock_goat_n_markets,0.0,crop_farming,0
livestock_sheep_price_etb,0.0,crop_farming,0
livestock_sheep_price_etb_lag1,0.0,crop_farming,0
livestock_sheep_price_etb_lag3,0.0,crop_farming,0
livestock_sheep_price_etb_lag6,0.0,crop_farming,0
livestock_sheep_price_etb_lag12,0.0,crop_farming,0
livestock_sheep_price_index,0.0,crop_farming,0
livestock_sheep_price_index_lag1,0.0,crop_farming,0
livestock_sheep_price_index_lag3,0.0,crop_farming,0
livestock_sheep_price_index_lag6,0.0,crop_farming,0
livestock_sheep_price_index_lag12,0.0,crop_farming,0
livestock_sheep_n_markets,0.0,crop_farming,0
goat_maize_tot,0.0,crop_farming,0
goat_maize_tot_lag1,0.0,crop_farming,0
goat_maize_tot_lag3,0.0,crop_farming,0
goat_maize_tot_lag6,0.0,crop_farming,0
goat_maize_tot_lag12,0.0,crop_farming,0
sheep_maize_tot,0.0,crop_farming,0
sheep_maize_tot_lag1,0.0,crop_farming,0
sheep_maize_tot_lag3,0.0,crop_farming,0
sheep_maize_tot_lag6,0.0,crop_farming,0
sheep_maize_tot_lag12,0.0,crop_farming,0
maize_yield,0.001737162,crop_farming,0
maize_yield_anomaly,0.0023811387,crop_farming,0
wheat_yield,0.0029006652,crop_farming,0
wheat_yield_anomaly,0.0020040316,crop_farming,0
sorghum_yield,0.0020081298,crop_farming,0
sorghum_yield_anomaly,0.0033242188,crop_farming,0
teff_yield,0.003758585,crop_farming,0
teff_yield_anomaly,0.0027219371,crop_farming,0
headline_cpi,0.0047463304,crop_farming,0
headline_cpi_lag1,0.023900835,crop_farming,0
headline_cpi_lag3,0.004710817,crop_farming,0
headline_cpi_lag6,0.0041603283,crop_farming,0
headline_cpi_lag12,0.009637251,crop_farming,0
headline_cpi_yoy_change,0.012772835,crop_farming,0
headline_cpi_yoy_change_lag1,0.02660437,crop_farming,0
headline_cpi_yoy_change_lag3,0.006961685,crop_farming,0
headline_cpi_yoy_change_lag6,0.0040673567,crop_farming,0
headline_cpi_yoy_change_lag12,0.021937441,crop_farming,0
food_cpi,0.0,crop_farming,0
food_cpi_lag1,0.0,crop_farming,0
food_cpi_lag3,0.0029544225,crop_farming,0
food_cpi_lag6,0.0,crop_farming,0
food_cpi_lag12,0.0018876698,crop_farming,0
food_cpi_yoy_change,0.01366003,crop_farming,0
food_cpi_yoy_change_lag1,0.0,crop_farming,0
food_cpi_yoy_change_lag3,0.0,crop_farming,0
food_cpi_yoy_change_lag6,0.0441735,crop_farming,0
food_cpi_yoy_change_lag12,0.0038834636,crop_farming,0
headline_cpi_chainlinked,0.0,crop_farming,0
headline_cpi_chainlinked_lag1,0.0,crop_farming,0
headline_cpi_chainlinked_lag3,0.0,crop_farming,0
headline_cpi_chainlinked_lag6,0.0,crop_farming,0
headline_cpi_chainlinked_lag12,0.0,crop_farming,0
food_cpi_chainlinked,0.0,crop_farming,0
food_cpi_chainlinked_lag1,0.0,crop_farming,0
food_cpi_chainlinked_lag3,0.0,crop_farming,0
food_cpi_chainlinked_lag6,0.0,crop_farming,0
food_cpi_chainlinked_lag12,0.0,crop_farming,0
exchange_rate,0.0,crop_farming,0
exchange_rate_lag1,0.0,crop_farming,0
exchange_rate_lag3,0.0043837745,crop_farming,0
exchange_rate_lag6,0.0,crop_farming,0
exchange_rate_lag12,0.0,crop_farming,0
exchange_rate_yoy_change,0.0053338422,crop_farming,0
exchange_rate_yoy_change_lag1,0.0039667436,crop_farming,0
exchange_rate_yoy_change_lag3,0.0024562664,crop_farming,0
exchange_rate_yoy_change_lag6,0.0027411235,crop_farming,0
exchange_rate_yoy_change_lag12,0.009990916,crop_farming,0
gdp_per_capita,0.0,crop_farming,0
gdp_per_capita_yoy_change,0.0,crop_farming,0
iod,0.002704077,crop_farming,0
mei,0.00517429,crop_farming,0
nino34,0.0043657185,crop_farming,0
iod_lag1,0.0042189304,crop_farming,0
iod_lag3,0.0013886157,crop_farming,0
iod_lag6,0.012799934,crop_farming,0
mei_lag1,0.013833128,crop_farming,0
mei_lag3,0.0034527436,crop_farming,0
mei_lag6,0.007845179,crop_farming,0
nino34_lag1,0.0044188197,crop_farming,0
nino34_lag3,0.021642704,crop_farming,0
nino34_lag6,0.005385076,crop_farming,0
wvg,0.011676747,crop_farming,0
wvg_lag1yr,0.0033073942,crop_farming,0
wvg_lag2yr,0.02756599,crop_farming,0
wvg_lag3yr,0.002710171,crop_farming,0
season_benishangul_meher_only,0.0,crop_farming,0
season_national_belg_meher,0.0,crop_farming,0
months_since_assessment,0.0,pastoral,1
pct_pastoral,0.0072360635,pastoral,1
pct_agropastoral,0.0015548163,pastoral,1
pct_crop_farming,0.004348635,pastoral,1
is_harvest_season,1.9387466e-05,pastoral,1
is_lean_season,0.00081974495,pastoral,1
is_dry_season,0.0,pastoral,1
months_since_harvest_start,0.009266928,pastoral,1
months_since_lean_start,0.014713634,pastoral,1
glofas_reach_count,0.0009868345,pastoral,1
agss_surveyed_flag,0.0027331945,pastoral,1
ipc_lag1,0.102695584,pastoral,1
ipc_lag4,0.0047556753,pastoral,1
ipc_lag8,0.005031771,pastoral,1
ipc_mean12,0.006995919,pastoral,1
ha_share_lag1,0.005093391,pastoral,1
ha_share_lag4,0.00792477,pastoral,1
ha_share_lag8,0.004795417,pastoral,1
ha_share_mean12,0.0058961846,pastoral,1
total_rainfall_mm,0.0016381877,pastoral,1
wet_days,0.0055742497,pastoral,1
max_dry_spell_length,0.006916336,pastoral,1
rainfall_sum_1m,0.0,pastoral,1
rainfall_sum_3m,0.0049480395,pastoral,1
rainfall_sum_6m,0.0054323263,pastoral,1
rainfall_sum_12m,0.034380637,pastoral,1
rainfall_sum_24m,0.0033945213,pastoral,1
spi_1,0.0014235382,pastoral,1
spi_3,0.011847727,pastoral,1
spi_6,0.015241866,pastoral,1
spi_12,0.035356987,pastoral,1
spi_24,0.008128369,pastoral,1
pet_mm,0.0027480947,pastoral,1
sm_root,0.0040736794,pastoral,1
precip_mm,0.0,pastoral,1
spei_balance_mm,0.0049512405,pastoral,1
sm_mean_1m,0.0,pastoral,1
spei_balance_sum_1m,0.0,pastoral,1
sm_mean_3m,0.010547473,pastoral,1
spei_balance_sum_3m,0.019252796,pastoral,1
sm_mean_6m,0.0127487015,pastoral,1
spei_balance_sum_6m,0.0052530942,pastoral,1
sm_mean_12m,0.019542154,pastoral,1
spei_balance_sum_12m,0.008721006,pastoral,1
sm_mean_24m,0.007823558,pastoral,1
spei_balance_sum_24m,0.010401043,pastoral,1
ssmi_1,0.009128466,pastoral,1
ssmi_3,0.0013279717,pastoral,1
ssmi_6,0.0037926736,pastoral,1
ssmi_12,0.0028362952,pastoral,1
ssmi_24,0.0050778985,pastoral,1
spei_1,0.003940868,pastoral,1
spei_3,0.0069223815,pastoral,1
spei_6,0.02527135,pastoral,1
spei_12,0.0121157905,pastoral,1
spei_24,0.0024422654,pastoral,1
ndvi,0.0046093357,pastoral,1
ndvi_anomaly,0.025833145,pastoral,1
ndvi_lag1,0.0046848306,pastoral,1
ndvi_lag3,0.0016376878,pastoral,1
ndvi_lag6,0.0019239275,pastoral,1
ndvi_lag12,0.0032180652,pastoral,1
ndvi_anomaly_lag1,0.0085724965,pastoral,1
ndvi_anomaly_lag3,0.004830913,pastoral,1
ndvi_anomaly_lag6,0.005099531,pastoral,1
ndvi_anomaly_lag12,0.004881741,pastoral,1
ndvi_cropland,0.011338612,pastoral,1
ndvi_cropland_anomaly,0.0028112764,pastoral,1
ndvi_cropland_lag1,0.0036714822,pastoral,1
ndvi_cropland_lag3,0.0014805692,pastoral,1
ndvi_cropland_lag6,0.0019949924,pastoral,1
ndvi_cropland_lag12,0.0030220903,pastoral,1
ndvi_cropland_anomaly_lag1,0.0063189585,pastoral,1
ndvi_cropland_anomaly_lag3,0.0027291358,pastoral,1
ndvi_cropland_anomaly_lag6,0.0019006256,pastoral,1
ndvi_cropland_anomaly_lag12,0.0027561,pastoral,1
ndvi_rangeland,0.007741472,pastoral,1
ndvi_rangeland_anomaly,0.0034149033,pastoral,1
ndvi_rangeland_lag1,0.0,pastoral,1
ndvi_rangeland_lag3,0.007935393,pastoral,1
ndvi_rangeland_lag6,0.0043069464,pastoral,1
ndvi_rangeland_lag12,0.0032416396,pastoral,1
ndvi_rangeland_anomaly_lag1,0.0021703364,pastoral,1
ndvi_rangeland_anomaly_lag3,0.0030742707,pastoral,1
ndvi_rangeland_anomaly_lag6,0.0031122314,pastoral,1
ndvi_rangeland_anomaly_lag12,0.006409627,pastoral,1
acled_event_count,0.0019776714,pastoral,1
acled_fatalities,0.0027940578,pastoral,1
acled_event_count_lag1,0.0,pastoral,1
acled_fatalities_lag1,0.0,pastoral,1
acled_event_count_lag3,0.00028653574,pastoral,1
acled_fatalities_lag3,0.010923065,pastoral,1
acled_event_count_lag6,0.0,pastoral,1
acled_fatalities_lag6,0.0,pastoral,1
acled_event_count_lag12,0.0019839506,pastoral,1
acled_fatalities_lag12,0.0010781996,pastoral,1
maize_price_etb,0.0028183616,pastoral,1
maize_price_etb_lag1,0.0026363858,pastoral,1
maize_price_etb_lag3,0.0022650284,pastoral,1
maize_price_etb_lag6,0.006706586,pastoral,1
maize_price_etb_lag12,0.0035942255,pastoral,1
maize_price_index,0.0,pastoral,1
maize_price_index_lag1,0.003214225,pastoral,1
maize_price_index_lag3,0.0,pastoral,1
maize_price_index_lag6,0.0,pastoral,1
maize_price_index_lag12,0.0015012373,pastoral,1
maize_n_markets,0.0,pastoral,1
wheat_price_etb,0.0,pastoral,1
wheat_price_etb_lag1,0.0,pastoral,1
wheat_price_etb_lag3,0.0,pastoral,1
wheat_price_etb_lag6,0.0032952814,pastoral,1
wheat_price_etb_lag12,0.0,pastoral,1
wheat_price_index,0.014314902,pastoral,1
wheat_price_index_lag1,0.0,pastoral,1
wheat_price_index_lag3,0.0,pastoral,1
wheat_price_index_lag6,0.0,pastoral,1
wheat_price_index_lag12,0.0,pastoral,1
wheat_n_markets,0.0,pastoral,1
sorghum_price_etb,0.0,pastoral,1
sorghum_price_etb_lag1,0.0,pastoral,1
sorghum_price_etb_lag3,0.0,pastoral,1
sorghum_price_etb_lag6,0.0028756603,pastoral,1
sorghum_price_etb_lag12,0.0025525817,pastoral,1
sorghum_price_index,0.0,pastoral,1
sorghum_price_index_lag1,0.0,pastoral,1
sorghum_price_index_lag3,0.0,pastoral,1
sorghum_price_index_lag6,0.0027512296,pastoral,1
sorghum_price_index_lag12,0.0,pastoral,1
sorghum_n_markets,0.0,pastoral,1
teff_price_etb,0.0,pastoral,1
teff_price_etb_lag1,0.0,pastoral,1
teff_price_etb_lag3,0.0,pastoral,1
teff_price_etb_lag6,0.0,pastoral,1
teff_price_etb_lag12,0.0,pastoral,1
teff_price_index,0.0,pastoral,1
teff_price_index_lag1,0.0,pastoral,1
teff_price_index_lag3,0.0,pastoral,1
teff_price_index_lag6,0.0,pastoral,1
teff_price_index_lag12,0.0,pastoral,1
teff_n_markets,0.0,pastoral,1
fuel_diesel_price_etb,0.0,pastoral,1
fuel_diesel_price_etb_lag1,0.0,pastoral,1
fuel_diesel_price_etb_lag3,0.0,pastoral,1
fuel_diesel_price_etb_lag6,0.0,pastoral,1
fuel_diesel_price_etb_lag12,0.0,pastoral,1
fuel_diesel_price_index,0.0,pastoral,1
fuel_diesel_price_index_lag1,0.0,pastoral,1
fuel_diesel_price_index_lag3,0.0,pastoral,1
fuel_diesel_price_index_lag6,0.0,pastoral,1
fuel_diesel_price_index_lag12,0.0,pastoral,1
fuel_diesel_n_markets,0.0,pastoral,1
fuel_petrol_n_markets,0.0,pastoral,1
livestock_goat_price_etb,0.0,pastoral,1
livestock_goat_price_etb_lag1,0.0,pastoral,1
livestock_goat_price_etb_lag3,0.0,pastoral,1
livestock_goat_price_etb_lag6,0.0,pastoral,1
livestock_goat_price_etb_lag12,0.0,pastoral,1
livestock_goat_price_index,0.0,pastoral,1
livestock_goat_price_index_lag1,0.0,pastoral,1
livestock_goat_price_index_lag3,0.0,pastoral,1
livestock_goat_price_index_lag6,0.0,pastoral,1
livestock_goat_price_index_lag12,0.0,pastoral,1
livestock_goat_n_markets,0.0,pastoral,1
livestock_sheep_price_etb,0.0,pastoral,1
livestock_sheep_price_etb_lag1,0.0,pastoral,1
livestock_sheep_price_etb_lag3,0.0,pastoral,1
livestock_sheep_price_etb_lag6,0.0,pastoral,1
livestock_sheep_price_etb_lag12,0.0,pastoral,1
livestock_sheep_price_index,0.0,pastoral,1
livestock_sheep_price_index_lag1,0.0,pastoral,1
livestock_sheep_price_index_lag3,0.0,pastoral,1
livestock_sheep_price_index_lag6,0.0,pastoral,1
livestock_sheep_price_index_lag12,0.0,pastoral,1
livestock_sheep_n_markets,0.0,pastoral,1
goat_maize_tot,0.0,pastoral,1
goat_maize_tot_lag1,0.0,pastoral,1
goat_maize_tot_lag3,0.0,pastoral,1
goat_maize_tot_lag6,0.0,pastoral,1
goat_maize_tot_lag12,0.0,pastoral,1
sheep_maize_tot,0.0,pastoral,1
sheep_maize_tot_lag1,0.0,pastoral,1
sheep_maize_tot_lag3,0.0,pastoral,1
sheep_maize_tot_lag6,0.0,pastoral,1
sheep_maize_tot_lag12,0.0,pastoral,1
maize_yield,0.0013477603,pastoral,1
maize_yield_anomaly,0.0,pastoral,1
wheat_yield,0.0,pastoral,1
wheat_yield_anomaly,0.0,pastoral,1
sorghum_yield,0.0,pastoral,1
sorghum_yield_anomaly,0.0,pastoral,1
teff_yield,0.0,pastoral,1
teff_yield_anomaly,0.0009821078,pastoral,1
headline_cpi,0.016050458,pastoral,1
headline_cpi_lag1,0.004242429,pastoral,1
headline_cpi_lag3,0.00077820226,pastoral,1
headline_cpi_lag6,0.006293589,pastoral,1
headline_cpi_lag12,0.005091141,pastoral,1
headline_cpi_yoy_change,0.0018471214,pastoral,1
headline_cpi_yoy_change_lag1,0.0045867125,pastoral,1
headline_cpi_yoy_change_lag3,0.014092418,pastoral,1
headline_cpi_yoy_change_lag6,0.0018634208,pastoral,1
headline_cpi_yoy_change_lag12,0.0039323485,pastoral,1
food_cpi,0.0,pastoral,1
food_cpi_lag1,0.0,pastoral,1
food_cpi_lag3,0.0043367725,pastoral,1
food_cpi_lag6,0.0,pastoral,1
food_cpi_lag12,0.0,pastoral,1
food_cpi_yoy_change,0.011703005,pastoral,1
food_cpi_yoy_change_lag1,0.0036383285,pastoral,1
food_cpi_yoy_change_lag3,0.0,pastoral,1
food_cpi_yoy_change_lag6,0.0036848965,pastoral,1
food_cpi_yoy_change_lag12,0.01392377,pastoral,1
headline_cpi_chainlinked,0.0,pastoral,1
headline_cpi_chainlinked_lag1,0.0,pastoral,1
headline_cpi_chainlinked_lag3,0.0,pastoral,1
headline_cpi_chainlinked_lag6,0.0,pastoral,1
headline_cpi_chainlinked_lag12,0.0,pastoral,1
food_cpi_chainlinked,0.0,pastoral,1
food_cpi_chainlinked_lag1,0.0,pastoral,1
food_cpi_chainlinked_lag3,0.0,pastoral,1
food_cpi_chainlinked_lag6,0.0,pastoral,1
food_cpi_chainlinked_lag12,0.0,pastoral,1
exchange_rate,0.0,pastoral,1
exchange_rate_lag1,0.0,pastoral,1
exchange_rate_lag3,0.0,pastoral,1
exchange_rate_lag6,0.0,pastoral,1
exchange_rate_lag12,0.0,pastoral,1
exchange_rate_yoy_change,0.00422808,pastoral,1
exchange_rate_yoy_change_lag1,0.0031483963,pastoral,1
exchange_rate_yoy_change_lag3,0.008795499,pastoral,1
exchange_rate_yoy_change_lag6,0.005915933,pastoral,1
exchange_rate_yoy_change_lag12,0.022479307,pastoral,1
gdp_per_capita,0.0,pastoral,1
gdp_per_capita_yoy_change,0.0,pastoral,1
iod,0.0013951471,pastoral,1
mei,0.0,pastoral,1
nino34,0.02076765,pastoral,1
iod_lag1,0.0059195585,pastoral,1
iod_lag3,0.010068354,pastoral,1
iod_lag6,0.005731314,pastoral,1
mei_lag1,0.0,pastoral,1
mei_lag3,0.0061791698,pastoral,1
mei_lag6,0.011847346,pastoral,1
nino34_lag1,0.013275108,pastoral,1
nino34_lag3,0.0025398948,pastoral,1
nino34_lag6,0.0078026317,pastoral,1
wvg,0.002921119,pastoral,1
wvg_lag1yr,0.0,pastoral,1
wvg_lag2yr,0.011134348,pastoral,1
wvg_lag3yr,0.010590703,pastoral,1
glofas_exceed_20yr,0.004761126,pastoral,1
glofas_exceed_2yr,0.0,pastoral,1
seasonal_overlaps_belg,0.0,pastoral,1
seasonal_overlaps_deyr,0.0,pastoral,1
seasonal_overlaps_gu,0.0,pastoral,1
seasonal_overlaps_kiremt,0.0,pastoral,1
seasonal_precip_prob_above,0.0032557861,pastoral,1
seasonal_precip_prob_below,0.0036394687,pastoral,1
seasonal_precip_prob_near,0.0042284857,pastoral,1
usgs_gefs_coverage_days,0.0,pastoral,1
usgs_gefs_precip_anom,0.003241107,pastoral,1
usgs_gefs_precip_mm,0.004053755,pastoral,1
season_national_belg_meher,0.013325147,pastoral,1
season_somali_gu_deyr,0.0,pastoral,1
months_since_assessment,0.0,agropastoral,1
pct_pastoral,0.00080257794,agropastoral,1
pct_agropastoral,0.0029752362,agropastoral,1
pct_crop_farming,0.0005313335,agropastoral,1
is_harvest_season,0.0009126169,agropastoral,1
is_lean_season,0.0030950794,agropastoral,1
is_dry_season,0.0014828513,agropastoral,1
months_since_harvest_start,0.0016021865,agropastoral,1
months_since_lean_start,0.008757684,agropastoral,1
glofas_reach_count,0.001938375,agropastoral,1
agss_surveyed_flag,0.0,agropastoral,1
ipc_lag1,0.09905217,agropastoral,1
ipc_lag4,0.0029396848,agropastoral,1
ipc_lag8,0.009477967,agropastoral,1
ipc_mean12,0.038609196,agropastoral,1
ha_share_lag1,0.0025420443,agropastoral,1
ha_share_lag4,0.002545878,agropastoral,1
ha_share_lag8,0.0022236495,agropastoral,1
ha_share_mean12,0.009397009,agropastoral,1
total_rainfall_mm,0.0007114935,agropastoral,1
wet_days,0.009095554,agropastoral,1
max_dry_spell_length,0.0022942277,agropastoral,1
rainfall_sum_1m,0.0,agropastoral,1
rainfall_sum_3m,0.0014318342,agropastoral,1
rainfall_sum_6m,0.0026398438,agropastoral,1
rainfall_sum_12m,0.017947603,agropastoral,1
rainfall_sum_24m,0.0043708812,agropastoral,1
spi_1,0.00017059328,agropastoral,1
spi_3,0.0008400416,agropastoral,1
spi_6,0.005593224,agropastoral,1
spi_12,0.019042928,agropastoral,1
spi_24,0.008023833,agropastoral,1
pet_mm,0.0065668635,agropastoral,1
sm_root,0.0017047959,agropastoral,1
precip_mm,0.0,agropastoral,1
spei_balance_mm,0.0018264119,agropastoral,1
sm_mean_1m,0.0,agropastoral,1
spei_balance_sum_1m,0.0,agropastoral,1
sm_mean_3m,0.0016508225,agropastoral,1
spei_balance_sum_3m,0.013723869,agropastoral,1
sm_mean_6m,0.005816112,agropastoral,1
spei_balance_sum_6m,0.0051659965,agropastoral,1
sm_mean_12m,0.054560255,agropastoral,1
spei_balance_sum_12m,0.0001804737,agropastoral,1
sm_mean_24m,0.0,agropastoral,1
spei_balance_sum_24m,0.006419246,agropastoral,1
ssmi_1,0.015855236,agropastoral,1
ssmi_3,0.007218809,agropastoral,1
ssmi_6,0.0054407325,agropastoral,1
ssmi_12,0.015711226,agropastoral,1
ssmi_24,0.00041645646,agropastoral,1
spei_1,0.009527011,agropastoral,1
spei_3,0.0,agropastoral,1
spei_6,0.005567899,agropastoral,1
spei_12,0.0073237657,agropastoral,1
spei_24,0.0027288476,agropastoral,1
ndvi,0.0012356057,agropastoral,1
ndvi_anomaly,0.007762628,agropastoral,1
ndvi_lag1,0.0042311144,agropastoral,1
ndvi_lag3,0.009877347,agropastoral,1
ndvi_lag6,0.0012399774,agropastoral,1
ndvi_lag12,0.007517243,agropastoral,1
ndvi_anomaly_lag1,0.0051092408,agropastoral,1
ndvi_anomaly_lag3,0.0017674039,agropastoral,1
ndvi_anomaly_lag6,0.0014450902,agropastoral,1
ndvi_anomaly_lag12,0.004231794,agropastoral,1
ndvi_cropland,0.019381449,agropastoral,1
ndvi_cropland_anomaly,0.0012878438,agropastoral,1
ndvi_cropland_lag1,0.0014746398,agropastoral,1
ndvi_cropland_lag3,0.008242602,agropastoral,1
ndvi_cropland_lag6,0.0022265513,agropastoral,1
ndvi_cropland_lag12,0.0009172672,agropastoral,1
ndvi_cropland_anomaly_lag1,0.008408302,agropastoral,1
ndvi_cropland_anomaly_lag3,0.0027103482,agropastoral,1
ndvi_cropland_anomaly_lag6,0.01668956,agropastoral,1
ndvi_cropland_anomaly_lag12,0.004236168,agropastoral,1
ndvi_rangeland,0.00019602907,agropastoral,1
ndvi_rangeland_anomaly,0.010339762,agropastoral,1
ndvi_rangeland_lag1,0.00124089,agropastoral,1
ndvi_rangeland_lag3,0.0020353377,agropastoral,1
ndvi_rangeland_lag6,0.016120533,agropastoral,1
ndvi_rangeland_lag12,0.00037332746,agropastoral,1
ndvi_rangeland_anomaly_lag1,0.0017234839,agropastoral,1
ndvi_rangeland_anomaly_lag3,0.0,agropastoral,1
ndvi_rangeland_anomaly_lag6,0.0021706377,agropastoral,1
ndvi_rangeland_anomaly_lag12,0.010337721,agropastoral,1
acled_event_count,0.0015137261,agropastoral,1
acled_fatalities,0.010620362,agropastoral,1
acled_event_count_lag1,0.0,agropastoral,1
acled_fatalities_lag1,0.0020295954,agropastoral,1
acled_event_count_lag3,0.0,agropastoral,1
acled_fatalities_lag3,0.003107502,agropastoral,1
acled_event_count_lag6,0.01860334,agropastoral,1
acled_fatalities_lag6,0.0,agropastoral,1
acled_event_count_lag12,0.013370124,agropastoral,1
acled_fatalities_lag12,0.0,agropastoral,1
maize_price_etb,0.01412043,agropastoral,1
maize_price_etb_lag1,0.0,agropastoral,1
maize_price_etb_lag3,0.012918921,agropastoral,1
maize_price_etb_lag6,0.01691894,agropastoral,1
maize_price_etb_lag12,0.0012646003,agropastoral,1
maize_price_index,0.0,agropastoral,1
maize_price_index_lag1,0.00090551964,agropastoral,1
maize_price_index_lag3,0.0,agropastoral,1
maize_price_index_lag6,0.0016139995,agropastoral,1
maize_price_index_lag12,0.00842538,agropastoral,1
maize_n_markets,0.0,agropastoral,1
wheat_price_etb,0.003130481,agropastoral,1
wheat_price_etb_lag1,0.0,agropastoral,1
wheat_price_etb_lag3,0.0,agropastoral,1
wheat_price_etb_lag6,0.0,agropastoral,1
wheat_price_etb_lag12,0.0,agropastoral,1
wheat_price_index,0.0,agropastoral,1
wheat_price_index_lag1,0.0,agropastoral,1
wheat_price_index_lag3,0.0,agropastoral,1
wheat_price_index_lag6,0.0,agropastoral,1
wheat_price_index_lag12,0.0,agropastoral,1
wheat_n_markets,0.0,agropastoral,1
sorghum_price_etb,0.000765138,agropastoral,1
sorghum_price_etb_lag1,0.0013077153,agropastoral,1
sorghum_price_etb_lag3,0.0,agropastoral,1
sorghum_price_etb_lag6,0.0,agropastoral,1
sorghum_price_etb_lag12,0.00082833477,agropastoral,1
sorghum_price_index,0.0018334759,agropastoral,1
sorghum_price_index_lag1,0.0,agropastoral,1
sorghum_price_index_lag3,0.0,agropastoral,1
sorghum_price_index_lag6,0.014786377,agropastoral,1
sorghum_price_index_lag12,0.0016763674,agropastoral,1
sorghum_n_markets,0.0,agropastoral,1
teff_price_etb_lag6,0.0,agropastoral,1
teff_n_markets,0.0,agropastoral,1
fuel_diesel_price_etb,0.0,agropastoral,1
fuel_diesel_price_etb_lag1,0.0,agropastoral,1
fuel_diesel_price_etb_lag3,0.0,agropastoral,1
fuel_diesel_price_etb_lag6,0.0,agropastoral,1
fuel_diesel_price_etb_lag12,0.0,agropastoral,1
fuel_diesel_n_markets,0.0,agropastoral,1
fuel_petrol_n_markets,0.0,agropastoral,1
livestock_goat_price_etb,0.0,agropastoral,1
livestock_goat_price_etb_lag1,0.0,agropastoral,1
livestock_goat_price_etb_lag3,0.0,agropastoral,1
livestock_goat_price_etb_lag6,0.0,agropastoral,1
livestock_goat_price_etb_lag12,0.0,agropastoral,1
livestock_goat_price_index,0.0,agropastoral,1
livestock_goat_price_index_lag1,0.0,agropastoral,1
livestock_goat_price_index_lag3,0.0,agropastoral,1
livestock_goat_price_index_lag6,0.0,agropastoral,1
livestock_goat_price_index_lag12,0.0,agropastoral,1
livestock_goat_n_markets,0.0,agropastoral,1
livestock_sheep_price_etb,0.0,agropastoral,1
livestock_sheep_price_etb_lag1,0.0,agropastoral,1
livestock_sheep_price_etb_lag3,0.0,agropastoral,1
livestock_sheep_price_etb_lag6,0.0,agropastoral,1
livestock_sheep_price_etb_lag12,0.0,agropastoral,1
livestock_sheep_price_index,0.0,agropastoral,1
livestock_sheep_price_index_lag1,0.0,agropastoral,1
livestock_sheep_price_index_lag3,0.0,agropastoral,1
livestock_sheep_price_index_lag6,0.0,agropastoral,1
livestock_sheep_price_index_lag12,0.0,agropastoral,1
livestock_sheep_n_markets,0.0,agropastoral,1
goat_maize_tot,0.0,agropastoral,1
goat_maize_tot_lag1,0.0,agropastoral,1
goat_maize_tot_lag3,0.0,agropastoral,1
goat_maize_tot_lag6,0.0,agropastoral,1
goat_maize_tot_lag12,0.0,agropastoral,1
sheep_maize_tot,0.0,agropastoral,1
sheep_maize_tot_lag1,0.0,agropastoral,1
sheep_maize_tot_lag3,0.0,agropastoral,1
sheep_maize_tot_lag6,0.0014280973,agropastoral,1
sheep_maize_tot_lag12,0.0,agropastoral,1
maize_yield,0.019286774,agropastoral,1
maize_yield_anomaly,0.0026922503,agropastoral,1
wheat_yield,0.0,agropastoral,1
wheat_yield_anomaly,0.0036350116,agropastoral,1
sorghum_yield,0.0009284951,agropastoral,1
sorghum_yield_anomaly,0.009685771,agropastoral,1
teff_yield,0.0015390189,agropastoral,1
teff_yield_anomaly,0.010735993,agropastoral,1
headline_cpi,0.0028381099,agropastoral,1
headline_cpi_lag1,0.0,agropastoral,1
headline_cpi_lag3,0.0,agropastoral,1
headline_cpi_lag6,0.0024168913,agropastoral,1
headline_cpi_lag12,0.0007599746,agropastoral,1
headline_cpi_yoy_change,0.003032959,agropastoral,1
headline_cpi_yoy_change_lag1,0.0094094435,agropastoral,1
headline_cpi_yoy_change_lag3,0.005743997,agropastoral,1
headline_cpi_yoy_change_lag6,0.012357148,agropastoral,1
headline_cpi_yoy_change_lag12,0.006252111,agropastoral,1
food_cpi,0.027936138,agropastoral,1
food_cpi_lag1,0.0,agropastoral,1
food_cpi_lag3,0.0,agropastoral,1
food_cpi_lag6,0.0,agropastoral,1
food_cpi_lag12,0.010132226,agropastoral,1
food_cpi_yoy_change,0.0055236444,agropastoral,1
food_cpi_yoy_change_lag1,0.0,agropastoral,1
food_cpi_yoy_change_lag3,0.0,agropastoral,1
food_cpi_yoy_change_lag6,0.0,agropastoral,1
food_cpi_yoy_change_lag12,0.0012084082,agropastoral,1
headline_cpi_chainlinked,0.0,agropastoral,1
headline_cpi_chainlinked_lag1,0.0,agropastoral,1
headline_cpi_chainlinked_lag3,0.0,agropastoral,1
headline_cpi_chainlinked_lag6,0.0,agropastoral,1
headline_cpi_chainlinked_lag12,0.0,agropastoral,1
food_cpi_chainlinked,0.0,agropastoral,1
food_cpi_chainlinked_lag1,0.0,agropastoral,1
food_cpi_chainlinked_lag3,0.0,agropastoral,1
food_cpi_chainlinked_lag6,0.0,agropastoral,1
food_cpi_chainlinked_lag12,0.0,agropastoral,1
exchange_rate,0.0,agropastoral,1
exchange_rate_lag1,0.0,agropastoral,1
exchange_rate_lag3,0.0,agropastoral,1
exchange_rate_lag6,0.0,agropastoral,1
exchange_rate_lag12,0.0,agropastoral,1
exchange_rate_yoy_change,0.0,agropastoral,1
exchange_rate_yoy_change_lag1,0.0021075571,agropastoral,1
exchange_rate_yoy_change_lag3,0.000902399,agropastoral,1
exchange_rate_yoy_change_lag6,0.000854189,agropastoral,1
exchange_rate_yoy_change_lag12,0.0045314613,agropastoral,1
gdp_per_capita,0.0,agropastoral,1
gdp_per_capita_yoy_change,0.0,agropastoral,1
iod,0.0075434837,agropastoral,1
mei,0.0,agropastoral,1
nino34,0.019888371,agropastoral,1
iod_lag1,0.009233798,agropastoral,1
iod_lag3,0.004798005,agropastoral,1
iod_lag6,0.007946682,agropastoral,1
mei_lag1,0.003497742,agropastoral,1
mei_lag3,0.004303205,agropastoral,1
mei_lag6,0.0,agropastoral,1
nino34_lag1,0.00087643735,agropastoral,1
nino34_lag3,0.043806855,agropastoral,1
nino34_lag6,0.0,agropastoral,1
wvg,0.0,agropastoral,1
wvg_lag1yr,0.003605931,agropastoral,1
wvg_lag2yr,0.022741118,agropastoral,1
wvg_lag3yr,0.001493649,agropastoral,1
glofas_exceed_20yr,0.0,agropastoral,1
glofas_exceed_2yr,0.0,agropastoral,1
seasonal_overlaps_belg,0.0,agropastoral,1
seasonal_overlaps_deyr,0.0,agropastoral,1
seasonal_overlaps_gu,0.0,agropastoral,1
seasonal_overlaps_kiremt,0.0,agropastoral,1
seasonal_precip_prob_above,0.0,agropastoral,1
seasonal_precip_prob_below,0.0,agropastoral,1
seasonal_precip_prob_near,0.0077373357,agropastoral,1
usgs_gefs_coverage_days,0.0,agropastoral,1
usgs_gefs_precip_anom,0.0011731804,agropastoral,1
usgs_gefs_precip_mm,0.0026934715,agropastoral,1
season_national_belg_meher,0.0,agropastoral,1
season_somali_gu_deyr,0.0,agropastoral,1
months_since_assessment,0.0,crop_farming,1
pct_pastoral,0.004774912,crop_farming,1
pct_agropastoral,0.0025957578,crop_farming,1
pct_crop_farming,0.0013973223,crop_farming,1
is_harvest_season,0.0004081431,crop_farming,1
is_lean_season,0.009802972,crop_farming,1
is_dry_season,0.00017923099,crop_farming,1
months_since_harvest_start,0.0070059346,crop_farming,1
months_since_lean_start,0.014178613,crop_farming,1
glofas_reach_count,0.004527325,crop_farming,1
agss_surveyed_flag,0.0,crop_farming,1
ipc_lag1,0.11728973,crop_farming,1
ipc_lag4,0.0025058037,crop_farming,1
ipc_lag8,0.0070001194,crop_farming,1
ipc_mean12,0.039855294,crop_farming,1
ha_share_lag1,0.009175446,crop_farming,1
ha_share_lag4,0.0016066275,crop_farming,1
ha_share_lag8,0.0038359477,crop_farming,1
ha_share_mean12,0.022218658,crop_farming,1
total_rainfall_mm,0.0047371187,crop_farming,1
wet_days,0.0034789792,crop_farming,1
max_dry_spell_length,0.005066874,crop_farming,1
rainfall_sum_1m,0.0,crop_farming,1
rainfall_sum_3m,0.0059989593,crop_farming,1
rainfall_sum_6m,0.03975104,crop_farming,1
rainfall_sum_12m,0.0058433255,crop_farming,1
rainfall_sum_24m,0.0063881143,crop_farming,1
spi_1,0.00648598,crop_farming,1
spi_3,0.0037898475,crop_farming,1
spi_6,0.020412901,crop_farming,1
spi_12,0.00446808,crop_farming,1
spi_24,0.004658715,crop_farming,1
pet_mm,0.0028708144,crop_farming,1
sm_root,0.0015891591,crop_farming,1
precip_mm,0.0,crop_farming,1
spei_balance_mm,0.0007221299,crop_farming,1
sm_mean_1m,0.0,crop_farming,1
spei_balance_sum_1m,0.0,crop_farming,1
sm_mean_3m,0.0023214752,crop_farming,1
spei_balance_sum_3m,0.0026870156,crop_farming,1
sm_mean_6m,0.0038022273,crop_farming,1
spei_balance_sum_6m,0.03211695,crop_farming,1
sm_mean_12m,0.0038356842,crop_farming,1
spei_balance_sum_12m,0.006367755,crop_farming,1
sm_mean_24m,0.003966936,crop_farming,1
spei_balance_sum_24m,0.0,crop_farming,1
ssmi_1,0.0067113275,crop_farming,1
ssmi_3,0.005900454,crop_farming,1
ssmi_6,0.0029275243,crop_farming,1
ssmi_12,0.0052916077,crop_farming,1
ssmi_24,0.006356533,crop_farming,1
spei_1,0.0037284875,crop_farming,1
spei_3,0.0025326859,crop_farming,1
spei_6,0.0049127433,crop_farming,1
spei_12,0.0029550293,crop_farming,1
spei_24,0.0048636324,crop_farming,1
ndvi,0.0064266855,crop_farming,1
ndvi_anomaly,0.0048140786,crop_farming,1
ndvi_lag1,0.00882031,crop_farming,1
ndvi_lag3,0.0044104853,crop_farming,1
ndvi_lag6,0.003630567,crop_farming,1
ndvi_lag12,0.008343824,crop_farming,1
ndvi_anomaly_lag1,0.004088557,crop_farming,1
ndvi_anomaly_lag3,0.0039054416,crop_farming,1
ndvi_anomaly_lag6,0.002184777,crop_farming,1
ndvi_anomaly_lag12,0.0026732525,crop_farming,1
ndvi_cropland,0.007864878,crop_farming,1
ndvi_cropland_anomaly,0.0031186473,crop_farming,1
ndvi_cropland_lag1,0.0035700619,crop_farming,1
ndvi_cropland_lag3,0.00445211,crop_farming,1
ndvi_cropland_lag6,0.0,crop_farming,1
ndvi_cropland_lag12,0.0022324813,crop_farming,1
ndvi_cropland_anomaly_lag1,0.0036637697,crop_farming,1
ndvi_cropland_anomaly_lag3,0.0019377363,crop_farming,1
ndvi_cropland_anomaly_lag6,0.0023835115,crop_farming,1
ndvi_cropland_anomaly_lag12,0.0014466628,crop_farming,1
ndvi_rangeland,0.0027040308,crop_farming,1
ndvi_rangeland_anomaly,0.0019711943,crop_farming,1
ndvi_rangeland_lag1,0.01052721,crop_farming,1
ndvi_rangeland_lag3,0.0019530049,crop_farming,1
ndvi_rangeland_lag6,0.0024665452,crop_farming,1
ndvi_rangeland_lag12,0.004234565,crop_farming,1
ndvi_rangeland_anomaly_lag1,0.0035591447,crop_farming,1
ndvi_rangeland_anomaly_lag3,0.0033910808,crop_farming,1
ndvi_rangeland_anomaly_lag6,0.0018745806,crop_farming,1
ndvi_rangeland_anomaly_lag12,0.002786147,crop_farming,1
acled_event_count,0.0,crop_farming,1
acled_fatalities,0.0015038825,crop_farming,1
acled_event_count_lag1,0.0,crop_farming,1
acled_fatalities_lag1,0.0062406226,crop_farming,1
acled_event_count_lag3,0.0,crop_farming,1
acled_fatalities_lag3,0.0,crop_farming,1
acled_event_count_lag6,0.0012305699,crop_farming,1
acled_fatalities_lag6,0.0,crop_farming,1
acled_event_count_lag12,0.0,crop_farming,1
acled_fatalities_lag12,0.0,crop_farming,1
maize_price_etb,0.0,crop_farming,1
maize_price_etb_lag1,0.0,crop_farming,1
maize_price_etb_lag3,0.0,crop_farming,1
maize_price_etb_lag6,0.0011732837,crop_farming,1
maize_price_etb_lag12,0.002811181,crop_farming,1
maize_price_index,0.0039654975,crop_farming,1
maize_price_index_lag1,0.0,crop_farming,1
maize_price_index_lag3,0.0018301532,crop_farming,1
maize_price_index_lag6,0.0,crop_farming,1
maize_price_index_lag12,0.0016218455,crop_farming,1
maize_n_markets,0.0,crop_farming,1
wheat_price_etb,0.0,crop_farming,1
wheat_price_etb_lag1,0.0023916832,crop_farming,1
wheat_price_etb_lag3,0.0,crop_farming,1
wheat_price_etb_lag6,0.0,crop_farming,1
wheat_price_etb_lag12,0.0,crop_farming,1
wheat_price_index,0.0,crop_farming,1
wheat_price_index_lag1,0.0,crop_farming,1
wheat_price_index_lag3,0.0024941058,crop_farming,1
wheat_price_index_lag6,0.0,crop_farming,1
wheat_price_index_lag12,0.0,crop_farming,1
wheat_n_markets,0.0,crop_farming,1
sorghum_price_etb,0.0,crop_farming,1
sorghum_price_etb_lag1,0.0020780175,crop_farming,1
sorghum_price_etb_lag3,0.0,crop_farming,1
sorghum_price_etb_lag6,0.0002256113,crop_farming,1
sorghum_price_etb_lag12,0.0,crop_farming,1
sorghum_price_index,0.0,crop_farming,1
sorghum_price_index_lag1,0.0033537461,crop_farming,1
sorghum_price_index_lag3,0.0,crop_farming,1
sorghum_price_index_lag6,0.009483407,crop_farming,1
sorghum_price_index_lag12,0.0014570019,crop_farming,1
sorghum_n_markets,0.0,crop_farming,1
teff_price_etb,0.0,crop_farming,1
teff_price_etb_lag1,0.0,crop_farming,1
teff_price_etb_lag3,0.0,crop_farming,1
teff_price_etb_lag6,0.0,crop_farming,1
teff_price_etb_lag12,0.0,crop_farming,1
teff_price_index,0.0,crop_farming,1
teff_price_index_lag1,0.0,crop_farming,1
teff_price_index_lag3,0.0,crop_farming,1
teff_price_index_lag6,0.0,crop_farming,1
teff_price_index_lag12,0.0,crop_farming,1
teff_n_markets,0.0,crop_farming,1
fuel_diesel_price_etb,0.0,crop_farming,1
fuel_diesel_price_etb_lag1,0.0,crop_farming,1
fuel_diesel_price_etb_lag3,0.0,crop_farming,1
fuel_diesel_price_etb_lag6,0.0,crop_farming,1
fuel_diesel_price_etb_lag12,0.0,crop_farming,1
fuel_diesel_price_index,0.0,crop_farming,1
fuel_diesel_price_index_lag1,0.0,crop_farming,1
fuel_diesel_price_index_lag3,0.0,crop_farming,1
fuel_diesel_price_index_lag6,0.0,crop_farming,1
fuel_diesel_price_index_lag12,0.0,crop_farming,1
fuel_diesel_n_markets,0.0,crop_farming,1
fuel_petrol_price_etb,0.0,crop_farming,1
fuel_petrol_price_etb_lag1,0.0,crop_farming,1
fuel_petrol_price_etb_lag3,0.0,crop_farming,1
fuel_petrol_price_etb_lag6,0.0,crop_farming,1
fuel_petrol_price_etb_lag12,0.0,crop_farming,1
fuel_petrol_price_index,0.0,crop_farming,1
fuel_petrol_price_index_lag1,0.0,crop_farming,1
fuel_petrol_price_index_lag3,0.0,crop_farming,1
fuel_petrol_price_index_lag6,0.0,crop_farming,1
fuel_petrol_price_index_lag12,0.0,crop_farming,1
fuel_petrol_n_markets,0.0,crop_farming,1
livestock_goat_price_etb,0.0,crop_farming,1
livestock_goat_price_etb_lag1,0.0,crop_farming,1
livestock_goat_price_etb_lag3,0.0,crop_farming,1
livestock_goat_price_etb_lag6,0.0,crop_farming,1
livestock_goat_price_etb_lag12,0.0,crop_farming,1
livestock_goat_price_index,0.0,crop_farming,1
livestock_goat_price_index_lag1,0.0,crop_farming,1
livestock_goat_price_index_lag3,0.0,crop_farming,1
livestock_goat_price_index_lag6,0.0,crop_farming,1
livestock_goat_price_index_lag12,0.0,crop_farming,1
livestock_goat_n_markets,0.0,crop_farming,1
livestock_sheep_price_etb,0.0,crop_farming,1
livestock_sheep_price_etb_lag1,0.0,crop_farming,1
livestock_sheep_price_etb_lag3,0.0,crop_farming,1
livestock_sheep_price_etb_lag6,0.0,crop_farming,1
livestock_sheep_price_etb_lag12,0.0,crop_farming,1
livestock_sheep_price_index,0.0,crop_farming,1
livestock_sheep_price_index_lag1,0.0,crop_farming,1
livestock_sheep_price_index_lag3,0.0,crop_farming,1
livestock_sheep_price_index_lag6,0.0,crop_farming,1
livestock_sheep_price_index_lag12,0.0,crop_farming,1
livestock_sheep_n_markets,0.0,crop_farming,1
goat_maize_tot,0.0,crop_farming,1
goat_maize_tot_lag1,0.0,crop_farming,1
goat_maize_tot_lag3,0.0,crop_farming,1
goat_maize_tot_lag6,0.0,crop_farming,1
goat_maize_tot_lag12,0.0,crop_farming,1
sheep_maize_tot,0.0,crop_farming,1
sheep_maize_tot_lag1,0.0,crop_farming,1
sheep_maize_tot_lag3,0.0,crop_farming,1
sheep_maize_tot_lag6,0.0,crop_farming,1
sheep_maize_tot_lag12,0.0,crop_farming,1
maize_yield,0.0028995352,crop_farming,1
maize_yield_anomaly,0.002526135,crop_farming,1
wheat_yield,0.003143189,crop_farming,1
wheat_yield_anomaly,0.0018100814,crop_farming,1
sorghum_yield,0.0021719753,crop_farming,1
sorghum_yield_anomaly,0.002578084,crop_farming,1
teff_yield,0.0018663768,crop_farming,1
teff_yield_anomaly,0.0019388628,crop_farming,1
headline_cpi,0.0154746175,crop_farming,1
headline_cpi_lag1,0.01226423,crop_farming,1
headline_cpi_lag3,0.0,crop_farming,1
headline_cpi_lag6,0.0,crop_farming,1
headline_cpi_lag12,0.0059113577,crop_farming,1
headline_cpi_yoy_change,0.015045345,crop_farming,1
headline_cpi_yoy_change_lag1,0.013219742,crop_farming,1
headline_cpi_yoy_change_lag3,0.0027198368,crop_farming,1
headline_cpi_yoy_change_lag6,0.016129885,crop_farming,1
headline_cpi_yoy_change_lag12,0.015924038,crop_farming,1
food_cpi,0.017977383,crop_farming,1
food_cpi_lag1,0.0,crop_farming,1
food_cpi_lag3,0.0,crop_farming,1
food_cpi_lag6,0.0,crop_farming,1
food_cpi_lag12,0.0,crop_farming,1
food_cpi_yoy_change,0.009721086,crop_farming,1
food_cpi_yoy_change_lag1,0.010336891,crop_farming,1
food_cpi_yoy_change_lag3,0.0094229765,crop_farming,1
food_cpi_yoy_change_lag6,0.0,crop_farming,1
food_cpi_yoy_change_lag12,0.0052829525,crop_farming,1
headline_cpi_chainlinked,0.0,crop_farming,1
headline_cpi_chainlinked_lag1,0.0,crop_farming,1
headline_cpi_chainlinked_lag3,0.0,crop_farming,1
headline_cpi_chainlinked_lag6,0.0,crop_farming,1
headline_cpi_chainlinked_lag12,0.0,crop_farming,1
food_cpi_chainlinked,0.0,crop_farming,1
food_cpi_chainlinked_lag1,0.0,crop_farming,1
food_cpi_chainlinked_lag3,0.0,crop_farming,1
food_cpi_chainlinked_lag6,0.0,crop_farming,1
food_cpi_chainlinked_lag12,0.0,crop_farming,1
exchange_rate,0.0,crop_farming,1
exchange_rate_lag1,0.0,crop_farming,1
exchange_rate_lag3,0.0,crop_farming,1
exchange_rate_lag6,0.0016015624,crop_farming,1
exchange_rate_lag12,0.0,crop_farming,1
exchange_rate_yoy_change,0.008763972,crop_farming,1
exchange_rate_yoy_change_lag1,0.0012196332,crop_farming,1
exchange_rate_yoy_change_lag3,0.005622844,crop_farming,1
exchange_rate_yoy_change_lag6,0.007765118,crop_farming,1
exchange_rate_yoy_change_lag12,0.0102002155,crop_farming,1
gdp_per_capita,0.0,crop_farming,1
gdp_per_capita_yoy_change,0.009784989,crop_farming,1
iod,0.00539833,crop_farming,1
mei,0.0070403703,crop_farming,1
nino34,0.004010289,crop_farming,1
iod_lag1,0.007979538,crop_farming,1
iod_lag3,0.015843702,crop_farming,1
iod_lag6,0.009651077,crop_farming,1
mei_lag1,0.0073645734,crop_farming,1
mei_lag3,0.0053357445,crop_farming,1
mei_lag6,0.00934955,crop_farming,1
nino34_lag1,0.0039840043,crop_farming,1
nino34_lag3,0.009421514,crop_farming,1
nino34_lag6,0.017038485,crop_farming,1
wvg,0.012060609,crop_farming,1
wvg_lag1yr,0.0,crop_farming,1
wvg_lag2yr,0.0,crop_farming,1
wvg_lag3yr,0.004075652,crop_farming,1
glofas_exceed_20yr,0.0,crop_farming,1
glofas_exceed_2yr,0.0,crop_farming,1
seasonal_overlaps_belg,0.0,crop_farming,1
seasonal_overlaps_deyr,0.0,crop_farming,1
seasonal_overlaps_gu,0.0,crop_farming,1
seasonal_overlaps_kiremt,0.0,crop_farming,1
seasonal_precip_prob_above,0.0042341645,crop_farming,1
seasonal_precip_prob_below,0.011264185,crop_farming,1
seasonal_precip_prob_near,0.008037893,crop_farming,1
usgs_gefs_coverage_days,0.0,crop_farming,1
usgs_gefs_precip_anom,0.008844658,crop_farming,1
usgs_gefs_precip_mm,0.012548897,crop_farming,1
season_benishangul_meher_only,0.0,crop_farming,1
season_national_belg_meher,0.0,crop_farming,1
months_since_assessment,0.0,pastoral,2
pct_pastoral,0.012174597,pastoral,2
pct_agropastoral,0.0015392798,pastoral,2
pct_crop_farming,0.003987303,pastoral,2
is_harvest_season,0.0007018013,pastoral,2
is_lean_season,7.804755e-05,pastoral,2
is_dry_season,0.0,pastoral,2
months_since_harvest_start,0.008687658,pastoral,2
months_since_lean_start,0.012288853,pastoral,2
glofas_reach_count,0.0016555381,pastoral,2
agss_surveyed_flag,0.008018497,pastoral,2
ipc_lag1,0.10772423,pastoral,2
ipc_lag4,0.011266971,pastoral,2
ipc_lag8,0.0044514323,pastoral,2
ipc_mean12,0.005686066,pastoral,2
ha_share_lag1,0.004309922,pastoral,2
ha_share_lag4,0.004748128,pastoral,2
ha_share_lag8,0.006237657,pastoral,2
ha_share_mean12,0.003184918,pastoral,2
total_rainfall_mm,0.012350326,pastoral,2
wet_days,0.0010598977,pastoral,2
max_dry_spell_length,0.004656753,pastoral,2
rainfall_sum_1m,0.0,pastoral,2
rainfall_sum_3m,0.0039764806,pastoral,2
rainfall_sum_6m,0.0104917325,pastoral,2
rainfall_sum_12m,0.022385567,pastoral,2
rainfall_sum_24m,0.002608382,pastoral,2
spi_1,0.0052635227,pastoral,2
spi_3,0.012226038,pastoral,2
spi_6,0.01826258,pastoral,2
spi_12,0.03583448,pastoral,2
spi_24,0.006647203,pastoral,2
pet_mm,0.0024857095,pastoral,2
sm_root,0.005167314,pastoral,2
precip_mm,0.0,pastoral,2
spei_balance_mm,0.008542513,pastoral,2
sm_mean_1m,0.0,pastoral,2
spei_balance_sum_1m,0.0,pastoral,2
sm_mean_3m,0.013150637,pastoral,2
spei_balance_sum_3m,0.0073769926,pastoral,2
sm_mean_6m,0.009335563,pastoral,2
spei_balance_sum_6m,0.015717193,pastoral,2
sm_mean_12m,0.024365744,pastoral,2
spei_balance_sum_12m,0.006945042,pastoral,2
sm_mean_24m,0.005444476,pastoral,2
spei_balance_sum_24m,0.009161409,pastoral,2
ssmi_1,0.0020480487,pastoral,2
ssmi_3,0.0024831179,pastoral,2
ssmi_6,0.0045244824,pastoral,2
ssmi_12,0.0035337643,pastoral,2
ssmi_24,0.005031536,pastoral,2
spei_1,0.0016062503,pastoral,2
spei_3,0.011329395,pastoral,2
spei_6,0.022338273,pastoral,2
spei_12,0.0066605858,pastoral,2
spei_24,0.0032698778,pastoral,2
ndvi,0.005510931,pastoral,2
ndvi_anomaly,0.0034385845,pastoral,2
ndvi_lag1,0.0012656939,pastoral,2
ndvi_lag3,0.010486485,pastoral,2
ndvi_lag6,0.0068174773,pastoral,2
ndvi_lag12,0.0048503163,pastoral,2
ndvi_anomaly_lag1,0.002095858,pastoral,2
ndvi_anomaly_lag3,0.0041971393,pastoral,2
ndvi_anomaly_lag6,0.0030545813,pastoral,2
ndvi_anomaly_lag12,0.0031959014,pastoral,2
ndvi_cropland,0.0028174648,pastoral,2
ndvi_cropland_anomaly,0.0025726014,pastoral,2
ndvi_cropland_lag1,0.00091147795,pastoral,2
ndvi_cropland_lag3,0.0053389496,pastoral,2
ndvi_cropland_lag6,0.0029409947,pastoral,2
ndvi_cropland_lag12,0.0028129963,pastoral,2
ndvi_cropland_anomaly_lag1,0.0031178019,pastoral,2
ndvi_cropland_anomaly_lag3,0.0025490033,pastoral,2
ndvi_cropland_anomaly_lag6,0.0019793394,pastoral,2
ndvi_cropland_anomaly_lag12,0.007753767,pastoral,2
ndvi_rangeland,0.0025933576,pastoral,2
ndvi_rangeland_anomaly,0.0019769827,pastoral,2
ndvi_rangeland_lag1,0.004080029,pastoral,2
ndvi_rangeland_lag3,0.0038033905,pastoral,2
ndvi_rangeland_lag6,0.0035699804,pastoral,2
ndvi_rangeland_lag12,0.004754151,pastoral,2
ndvi_rangeland_anomaly_lag1,0.00095705036,pastoral,2
ndvi_rangeland_anomaly_lag3,0.003156559,pastoral,2
ndvi_rangeland_anomaly_lag6,0.0024440237,pastoral,2
ndvi_rangeland_anomaly_lag12,0.0009822124,pastoral,2
acled_event_count,0.002195668,pastoral,2
acled_fatalities,0.0,pastoral,2
acled_event_count_lag1,0.0009330556,pastoral,2
acled_fatalities_lag1,0.0,pastoral,2
acled_event_count_lag3,0.0,pastoral,2
acled_fatalities_lag3,0.0051928503,pastoral,2
acled_event_count_lag6,0.0,pastoral,2
acled_fatalities_lag6,0.0,pastoral,2
acled_event_count_lag12,0.0007182235,pastoral,2
acled_fatalities_lag12,0.0,pastoral,2
maize_price_etb,0.0027714954,pastoral,2
maize_price_etb_lag1,0.0,pastoral,2
maize_price_etb_lag3,0.006679207,pastoral,2
maize_price_etb_lag6,0.005494467,pastoral,2
maize_price_etb_lag12,0.0037985207,pastoral,2
maize_price_index,0.0030597844,pastoral,2
maize_price_index_lag1,0.0,pastoral,2
maize_price_index_lag3,0.0,pastoral,2
maize_price_index_lag6,0.0018080893,pastoral,2
maize_price_index_lag12,0.0067895083,pastoral,2
maize_n_markets,0.0,pastoral,2
wheat_price_etb,0.0,pastoral,2
wheat_price_etb_lag1,0.0,pastoral,2
wheat_price_etb_lag3,0.0,pastoral,2
wheat_price_etb_lag6,0.0,pastoral,2
wheat_price_etb_lag12,0.0014550292,pastoral,2
wheat_price_index,0.0,pastoral,2
wheat_price_index_lag1,0.0017175447,pastoral,2
wheat_price_index_lag3,0.0013378154,pastoral,2
wheat_price_index_lag6,0.0,pastoral,2
wheat_price_index_lag12,0.007305431,pastoral,2
wheat_n_markets,0.0,pastoral,2
sorghum_price_etb,0.0,pastoral,2
sorghum_price_etb_lag1,0.0,pastoral,2
sorghum_price_etb_lag3,0.0035231074,pastoral,2
sorghum_price_etb_lag6,0.0032286688,pastoral,2
sorghum_price_etb_lag12,0.0055046813,pastoral,2
sorghum_price_index,0.0,pastoral,2
sorghum_price_index_lag1,0.0,pastoral,2
sorghum_price_index_lag3,0.0022370447,pastoral,2
sorghum_price_index_lag6,0.0025423996,pastoral,2
sorghum_price_index_lag12,0.002020756,pastoral,2
sorghum_n_markets,0.0,pastoral,2
teff_price_etb,0.0,pastoral,2
teff_price_etb_lag1,0.0,pastoral,2
teff_price_etb_lag3,0.0,pastoral,2
teff_price_etb_lag6,0.0,pastoral,2
teff_price_etb_lag12,0.0,pastoral,2
teff_price_index,0.0,pastoral,2
teff_price_index_lag1,0.0,pastoral,2
teff_price_index_lag3,0.0,pastoral,2
teff_price_index_lag6,0.0,pastoral,2
teff_price_index_lag12,0.0,pastoral,2
teff_n_markets,0.0,pastoral,2
fuel_diesel_price_etb,0.0,pastoral,2
fuel_diesel_price_etb_lag1,0.0,pastoral,2
fuel_diesel_price_etb_lag3,0.0,pastoral,2
fuel_diesel_price_etb_lag6,0.0,pastoral,2
fuel_diesel_price_etb_lag12,0.0,pastoral,2
fuel_diesel_price_index,0.0,pastoral,2
fuel_diesel_price_index_lag1,0.0,pastoral,2
fuel_diesel_price_index_lag3,0.0,pastoral,2
fuel_diesel_price_index_lag6,0.0,pastoral,2
fuel_diesel_price_index_lag12,0.0,pastoral,2
fuel_diesel_n_markets,0.0,pastoral,2
fuel_petrol_n_markets,0.0,pastoral,2
livestock_goat_price_etb,0.0,pastoral,2
livestock_goat_price_etb_lag1,0.0,pastoral,2
livestock_goat_price_etb_lag3,0.0,pastoral,2
livestock_goat_price_etb_lag6,0.0,pastoral,2
livestock_goat_price_etb_lag12,0.0,pastoral,2
livestock_goat_price_index,0.0,pastoral,2
livestock_goat_price_index_lag1,0.0,pastoral,2
livestock_goat_price_index_lag3,0.0,pastoral,2
livestock_goat_price_index_lag6,0.0,pastoral,2
livestock_goat_price_index_lag12,0.0,pastoral,2
livestock_goat_n_markets,0.0,pastoral,2
livestock_sheep_price_etb,0.0,pastoral,2
livestock_sheep_price_etb_lag1,0.0,pastoral,2
livestock_sheep_price_etb_lag3,0.0,pastoral,2
livestock_sheep_price_etb_lag6,0.0,pastoral,2
livestock_sheep_price_etb_lag12,0.0,pastoral,2
livestock_sheep_price_index,0.0,pastoral,2
livestock_sheep_price_index_lag1,0.0,pastoral,2
livestock_sheep_price_index_lag3,0.0,pastoral,2
livestock_sheep_price_index_lag6,0.0,pastoral,2
livestock_sheep_price_index_lag12,0.0,pastoral,2
livestock_sheep_n_markets,0.0,pastoral,2
goat_maize_tot,0.0,pastoral,2
goat_maize_tot_lag1,0.0,pastoral,2
goat_maize_tot_lag3,0.0,pastoral,2
goat_maize_tot_lag6,0.0,pastoral,2
goat_maize_tot_lag12,0.0,pastoral,2
sheep_maize_tot,0.0,pastoral,2
sheep_maize_tot_lag1,0.0,pastoral,2
sheep_maize_tot_lag3,0.0,pastoral,2
sheep_maize_tot_lag6,0.0,pastoral,2
sheep_maize_tot_lag12,0.0,pastoral,2
maize_yield,0.0030286484,pastoral,2
maize_yield_anomaly,0.003188991,pastoral,2
wheat_yield,0.0,pastoral,2
wheat_yield_anomaly,0.0018190602,pastoral,2
sorghum_yield,0.0016820605,pastoral,2
sorghum_yield_anomaly,0.0,pastoral,2
teff_yield,0.0,pastoral,2
teff_yield_anomaly,0.0,pastoral,2
headline_cpi,0.007855514,pastoral,2
headline_cpi_lag1,0.0,pastoral,2
headline_cpi_lag3,0.00089112966,pastoral,2
headline_cpi_lag6,0.021166664,pastoral,2
headline_cpi_lag12,0.0007181703,pastoral,2
headline_cpi_yoy_change,0.011995262,pastoral,2
headline_cpi_yoy_change_lag1,0.008275304,pastoral,2
headline_cpi_yoy_change_lag3,0.0,pastoral,2
headline_cpi_yoy_change_lag6,0.003472534,pastoral,2
headline_cpi_yoy_change_lag12,0.011925121,pastoral,2
food_cpi,0.016267067,pastoral,2
food_cpi_lag1,0.0074863387,pastoral,2
food_cpi_lag3,0.0041013556,pastoral,2
food_cpi_lag6,0.01979716,pastoral,2
food_cpi_lag12,0.0,pastoral,2
food_cpi_yoy_change,0.005011537,pastoral,2
food_cpi_yoy_change_lag1,0.0,pastoral,2
food_cpi_yoy_change_lag3,0.0019402015,pastoral,2
food_cpi_yoy_change_lag6,0.002860907,pastoral,2
food_cpi_yoy_change_lag12,0.014231285,pastoral,2
headline_cpi_chainlinked,0.0,pastoral,2
headline_cpi_chainlinked_lag1,0.0,pastoral,2
headline_cpi_chainlinked_lag3,0.0,pastoral,2
headline_cpi_chainlinked_lag6,0.0,pastoral,2
headline_cpi_chainlinked_lag12,0.0,pastoral,2
food_cpi_chainlinked,0.0,pastoral,2
food_cpi_chainlinked_lag1,0.0,pastoral,2
food_cpi_chainlinked_lag3,0.0,pastoral,2
food_cpi_chainlinked_lag6,0.0,pastoral,2
food_cpi_chainlinked_lag12,0.0,pastoral,2
exchange_rate,0.0,pastoral,2
exchange_rate_lag1,0.0119067505,pastoral,2
exchange_rate_lag3,0.0,pastoral,2
exchange_rate_lag6,0.0,pastoral,2
exchange_rate_lag12,0.0,pastoral,2
exchange_rate_yoy_change,0.005257484,pastoral,2
exchange_rate_yoy_change_lag1,0.0064832945,pastoral,2
exchange_rate_yoy_change_lag3,0.012102991,pastoral,2
exchange_rate_yoy_change_lag6,0.0,pastoral,2
exchange_rate_yoy_change_lag12,0.0049237637,pastoral,2
gdp_per_capita,0.0,pastoral,2
gdp_per_capita_yoy_change,0.00117072,pastoral,2
iod,0.004513312,pastoral,2
mei,0.0021334398,pastoral,2
nino34,0.02054501,pastoral,2
iod_lag1,0.0046435185,pastoral,2
iod_lag3,0.00709582,pastoral,2
iod_lag6,0.0028018958,pastoral,2
mei_lag1,0.0038074364,pastoral,2
mei_lag3,0.011659628,pastoral,2
mei_lag6,0.00945484,pastoral,2
nino34_lag1,0.01249492,pastoral,2
nino34_lag3,0.0064259395,pastoral,2
nino34_lag6,0.00423526,pastoral,2
wvg,0.0034508768,pastoral,2
wvg_lag1yr,0.002425784,pastoral,2
wvg_lag2yr,0.0026142423,pastoral,2
wvg_lag3yr,0.009004042,pastoral,2
season_national_belg_meher,0.023774564,pastoral,2
season_somali_gu_deyr,0.0,pastoral,2
months_since_assessment,0.0,agropastoral,2
pct_pastoral,0.00034406857,agropastoral,2
pct_agropastoral,0.0025341364,agropastoral,2
pct_crop_farming,0.00087223476,agropastoral,2
is_harvest_season,0.00031396575,agropastoral,2
is_lean_season,7.970064e-05,agropastoral,2
is_dry_season,0.00052239606,agropastoral,2
months_since_harvest_start,0.001607605,agropastoral,2
months_since_lean_start,0.007823797,agropastoral,2
glofas_reach_count,0.0023185941,agropastoral,2
agss_surveyed_flag,0.0,agropastoral,2
ipc_lag1,0.11759525,agropastoral,2
ipc_lag4,0.0016991465,agropastoral,2
ipc_lag8,0.011039807,agropastoral,2
ipc_mean12,0.013257473,agropastoral,2
ha_share_lag1,0.0028880986,agropastoral,2
ha_share_lag4,0.00076085463,agropastoral,2
ha_share_lag8,0.010880056,agropastoral,2
ha_share_mean12,0.008616088,agropastoral,2
total_rainfall_mm,0.0015293647,agropastoral,2
wet_days,0.0005519046,agropastoral,2
max_dry_spell_length,0.0017413178,agropastoral,2
rainfall_sum_1m,0.0,agropastoral,2
rainfall_sum_3m,0.004254637,agropastoral,2
rainfall_sum_6m,0.0018709442,agropastoral,2
rainfall_sum_12m,0.0133298095,agropastoral,2
rainfall_sum_24m,0.002574094,agropastoral,2
spi_1,0.0045376387,agropastoral,2
spi_3,0.0043520643,agropastoral,2
spi_6,0.0035107192,agropastoral,2
spi_12,0.019301562,agropastoral,2
spi_24,0.0347453,agropastoral,2
pet_mm,0.010490818,agropastoral,2
sm_root,0.0011241192,agropastoral,2
precip_mm,0.0,agropastoral,2
spei_balance_mm,0.0039623305,agropastoral,2
sm_mean_1m,0.0,agropastoral,2
spei_balance_sum_1m,0.0,agropastoral,2
sm_mean_3m,0.0063141966,agropastoral,2
spei_balance_sum_3m,0.0014266206,agropastoral,2
sm_mean_6m,0.00091226335,agropastoral,2
spei_balance_sum_6m,0.0013519154,agropastoral,2
sm_mean_12m,0.06030126,agropastoral,2
spei_balance_sum_12m,0.00077266607,agropastoral,2
sm_mean_24m,0.005075489,agropastoral,2
spei_balance_sum_24m,0.0048099523,agropastoral,2
ssmi_1,0.0021802844,agropastoral,2
ssmi_3,0.0036345713,agropastoral,2
ssmi_6,0.015638173,agropastoral,2
ssmi_12,0.009694205,agropastoral,2
ssmi_24,0.008667859,agropastoral,2
spei_1,0.00013598886,agropastoral,2
spei_3,0.009538512,agropastoral,2
spei_6,0.005975307,agropastoral,2
spei_12,0.010998966,agropastoral,2
spei_24,0.016421722,agropastoral,2
ndvi,0.0022343884,agropastoral,2
ndvi_anomaly,0.0009659908,agropastoral,2
ndvi_lag1,0.0006014383,agropastoral,2
ndvi_lag3,0.0020559414,agropastoral,2
ndvi_lag6,0.008077638,agropastoral,2
ndvi_lag12,0.0027438987,agropastoral,2
ndvi_anomaly_lag1,0.0046969047,agropastoral,2
ndvi_anomaly_lag3,0.007589369,agropastoral,2
ndvi_anomaly_lag6,0.008622821,agropastoral,2
ndvi_anomaly_lag12,0.0026301586,agropastoral,2
ndvi_cropland,0.014338737,agropastoral,2
ndvi_cropland_anomaly,0.006628568,agropastoral,2
ndvi_cropland_lag1,0.013791296,agropastoral,2
ndvi_cropland_lag3,0.0019659805,agropastoral,2
ndvi_cropland_lag6,0.000256002,agropastoral,2
ndvi_cropland_lag12,0.016717134,agropastoral,2
ndvi_cropland_anomaly_lag1,0.01945915,agropastoral,2
ndvi_cropland_anomaly_lag3,0.0042321836,agropastoral,2
ndvi_cropland_anomaly_lag6,0.0019833439,agropastoral,2
ndvi_cropland_anomaly_lag12,0.006591308,agropastoral,2
ndvi_rangeland,0.0013586179,agropastoral,2
ndvi_rangeland_anomaly,0.0006069199,agropastoral,2
ndvi_rangeland_lag1,0.0013014801,agropastoral,2
ndvi_rangeland_lag3,0.0062844018,agropastoral,2
ndvi_rangeland_lag6,0.0070573553,agropastoral,2
ndvi_rangeland_lag12,0.009916698,agropastoral,2
ndvi_rangeland_anomaly_lag1,0.0057309913,agropastoral,2
ndvi_rangeland_anomaly_lag3,0.0023629635,agropastoral,2
ndvi_rangeland_anomaly_lag6,0.0054818904,agropastoral,2
ndvi_rangeland_anomaly_lag12,0.0046297754,agropastoral,2
acled_event_count,0.0019880992,agropastoral,2
acled_fatalities,0.0,agropastoral,2
acled_event_count_lag1,0.0,agropastoral,2
acled_fatalities_lag1,0.0,agropastoral,2
acled_event_count_lag3,0.0,agropastoral,2
acled_fatalities_lag3,0.0017135051,agropastoral,2
acled_event_count_lag6,0.001698334,agropastoral,2
acled_fatalities_lag6,0.0,agropastoral,2
acled_event_count_lag12,0.012313605,agropastoral,2
acled_fatalities_lag12,0.012557602,agropastoral,2
maize_price_etb,0.006860855,agropastoral,2
maize_price_etb_lag1,0.003598913,agropastoral,2
maize_price_etb_lag3,0.0,agropastoral,2
maize_price_etb_lag6,0.0,agropastoral,2
maize_price_etb_lag12,0.0014888553,agropastoral,2
maize_price_index,0.0007214767,agropastoral,2
maize_price_index_lag1,0.0,agropastoral,2
maize_price_index_lag3,0.0,agropastoral,2
maize_price_index_lag6,0.0029737211,agropastoral,2
maize_price_index_lag12,0.0,agropastoral,2
maize_n_markets,0.0,agropastoral,2
wheat_price_etb,0.0,agropastoral,2
wheat_price_etb_lag1,0.0,agropastoral,2
wheat_price_etb_lag3,0.0,agropastoral,2
wheat_price_etb_lag6,0.0,agropastoral,2
wheat_price_etb_lag12,0.0,agropastoral,2
wheat_price_index,0.0,agropastoral,2
wheat_price_index_lag1,0.0,agropastoral,2
wheat_price_index_lag3,0.0,agropastoral,2
wheat_price_index_lag6,0.0,agropastoral,2
wheat_price_index_lag12,0.0,agropastoral,2
wheat_n_markets,0.0,agropastoral,2
sorghum_price_etb,0.0037301867,agropastoral,2
sorghum_price_etb_lag1,0.0,agropastoral,2
sorghum_price_etb_lag3,0.0,agropastoral,2
sorghum_price_etb_lag6,0.0,agropastoral,2
sorghum_price_etb_lag12,0.006609719,agropastoral,2
sorghum_price_index,0.0029652887,agropastoral,2
sorghum_price_index_lag1,0.0015799545,agropastoral,2
sorghum_price_index_lag3,0.026482433,agropastoral,2
sorghum_price_index_lag6,0.0,agropastoral,2
sorghum_price_index_lag12,0.03693813,agropastoral,2
sorghum_n_markets,0.0,agropastoral,2
teff_price_etb_lag1,0.0,agropastoral,2
teff_n_markets,0.0,agropastoral,2
fuel_diesel_price_etb,0.0,agropastoral,2
fuel_diesel_price_etb_lag1,0.0,agropastoral,2
fuel_diesel_price_etb_lag3,0.0,agropastoral,2
fuel_diesel_price_etb_lag6,0.0,agropastoral,2
fuel_diesel_price_etb_lag12,0.0,agropastoral,2
fuel_diesel_n_markets,0.0,agropastoral,2
fuel_petrol_n_markets,0.0,agropastoral,2
livestock_goat_price_etb,0.00022749108,agropastoral,2
livestock_goat_price_etb_lag1,0.0,agropastoral,2
livestock_goat_price_etb_lag3,0.0,agropastoral,2
livestock_goat_price_etb_lag6,0.0,agropastoral,2
livestock_goat_price_etb_lag12,0.0,agropastoral,2
livestock_goat_price_index,0.0,agropastoral,2
livestock_goat_price_index_lag1,0.0,agropastoral,2
livestock_goat_price_index_lag3,0.0,agropastoral,2
livestock_goat_price_index_lag6,0.0,agropastoral,2
livestock_goat_price_index_lag12,0.0,agropastoral,2
livestock_goat_n_markets,0.0,agropastoral,2
livestock_sheep_price_etb,0.0,agropastoral,2
livestock_sheep_price_etb_lag1,0.0,agropastoral,2
livestock_sheep_price_etb_lag3,0.0,agropastoral,2
livestock_sheep_price_etb_lag6,0.0,agropastoral,2
livestock_sheep_price_etb_lag12,0.0,agropastoral,2
livestock_sheep_price_index,0.0,agropastoral,2
livestock_sheep_price_index_lag1,0.0,agropastoral,2
livestock_sheep_price_index_lag3,0.0,agropastoral,2
livestock_sheep_price_index_lag6,0.0,agropastoral,2
livestock_sheep_price_index_lag12,0.0,agropastoral,2
livestock_sheep_n_markets,0.0,agropastoral,2
goat_maize_tot,0.0,agropastoral,2
goat_maize_tot_lag1,0.0,agropastoral,2
goat_maize_tot_lag3,0.0,agropastoral,2
goat_maize_tot_lag6,0.0,agropastoral,2
goat_maize_tot_lag12,0.0,agropastoral,2
sheep_maize_tot,0.0,agropastoral,2
sheep_maize_tot_lag1,0.0,agropastoral,2
sheep_maize_tot_lag3,0.0,agropastoral,2
sheep_maize_tot_lag6,0.0,agropastoral,2
sheep_maize_tot_lag12,0.0,agropastoral,2
maize_yield,0.00546365,agropastoral,2
maize_yield_anomaly,0.0053679687,agropastoral,2
wheat_yield,0.006707987,agropastoral,2
wheat_yield_anomaly,0.0018731889,agropastoral,2
sorghum_yield,0.0011644051,agropastoral,2
sorghum_yield_anomaly,0.02025476,agropastoral,2
teff_yield,0.0,agropastoral,2
teff_yield_anomaly,0.0012327742,agropastoral,2
headline_cpi,0.018633377,agropastoral,2
headline_cpi_lag1,0.0,agropastoral,2
headline_cpi_lag3,0.0,agropastoral,2
headline_cpi_lag6,0.0,agropastoral,2
headline_cpi_lag12,0.0009267079,agropastoral,2
headline_cpi_yoy_change,0.00093001034,agropastoral,2
headline_cpi_yoy_change_lag1,0.0,agropastoral,2
headline_cpi_yoy_change_lag3,0.00519705,agropastoral,2
headline_cpi_yoy_change_lag6,0.009544198,agropastoral,2
headline_cpi_yoy_change_lag12,0.011186686,agropastoral,2
food_cpi,0.0056068087,agropastoral,2
food_cpi_lag1,0.0,agropastoral,2
food_cpi_lag3,0.0,agropastoral,2
food_cpi_lag6,0.0,agropastoral,2
food_cpi_lag12,0.008289655,agropastoral,2
food_cpi_yoy_change,0.0005796367,agropastoral,2
food_cpi_yoy_change_lag1,0.0,agropastoral,2
food_cpi_yoy_change_lag3,0.003326447,agropastoral,2
food_cpi_yoy_change_lag6,0.0,agropastoral,2
food_cpi_yoy_change_lag12,0.00061905954,agropastoral,2
headline_cpi_chainlinked,0.0,agropastoral,2
headline_cpi_chainlinked_lag1,0.0,agropastoral,2
headline_cpi_chainlinked_lag3,0.0,agropastoral,2
headline_cpi_chainlinked_lag6,0.0,agropastoral,2
headline_cpi_chainlinked_lag12,0.0,agropastoral,2
food_cpi_chainlinked,0.0,agropastoral,2
food_cpi_chainlinked_lag1,0.0,agropastoral,2
food_cpi_chainlinked_lag3,0.0,agropastoral,2
food_cpi_chainlinked_lag6,0.0,agropastoral,2
food_cpi_chainlinked_lag12,0.0,agropastoral,2
exchange_rate,0.0,agropastoral,2
exchange_rate_lag1,0.0,agropastoral,2
exchange_rate_lag3,0.0,agropastoral,2
exchange_rate_lag6,0.0,agropastoral,2
exchange_rate_lag12,0.0,agropastoral,2
exchange_rate_yoy_change,0.0003478167,agropastoral,2
exchange_rate_yoy_change_lag1,0.005010289,agropastoral,2
exchange_rate_yoy_change_lag3,0.0,agropastoral,2
exchange_rate_yoy_change_lag6,0.0032334037,agropastoral,2
exchange_rate_yoy_change_lag12,0.0015875984,agropastoral,2
gdp_per_capita,0.0,agropastoral,2
gdp_per_capita_yoy_change,0.0070357798,agropastoral,2
iod,0.0015975632,agropastoral,2
mei,2.8767867e-05,agropastoral,2
nino34,0.0067506153,agropastoral,2
iod_lag1,0.0069283405,agropastoral,2
iod_lag3,0.028195102,agropastoral,2
iod_lag6,0.0,agropastoral,2
mei_lag1,0.012087379,agropastoral,2
mei_lag3,0.0,agropastoral,2
mei_lag6,0.0018583531,agropastoral,2
nino34_lag1,0.0040095868,agropastoral,2
nino34_lag3,0.0030835697,agropastoral,2
nino34_lag6,0.0014995921,agropastoral,2
wvg,0.0,agropastoral,2
wvg_lag1yr,0.0050333673,agropastoral,2
wvg_lag2yr,0.012433847,agropastoral,2
wvg_lag3yr,0.04213335,agropastoral,2
season_national_belg_meher,0.0,agropastoral,2
season_somali_gu_deyr,0.0,agropastoral,2
months_since_assessment,0.0,crop_farming,2
pct_pastoral,0.002723282,crop_farming,2
pct_agropastoral,0.0027657433,crop_farming,2
pct_crop_farming,0.0044474145,crop_farming,2
is_harvest_season,0.0025663052,crop_farming,2
is_lean_season,0.00518708,crop_farming,2
is_dry_season,0.0058564004,crop_farming,2
months_since_harvest_start,0.0,crop_farming,2
months_since_lean_start,0.010654619,crop_farming,2
glofas_reach_count,0.0055258996,crop_farming,2
agss_surveyed_flag,0.0,crop_farming,2
ipc_lag1,0.099662766,crop_farming,2
ipc_lag4,0.0024511635,crop_farming,2
ipc_lag8,0.007968135,crop_farming,2
ipc_mean12,0.02634019,crop_farming,2
ha_share_lag1,0.008574405,crop_farming,2
ha_share_lag4,0.003104733,crop_farming,2
ha_share_lag8,0.0034933218,crop_farming,2
ha_share_mean12,0.029130211,crop_farming,2
total_rainfall_mm,0.0024094302,crop_farming,2
wet_days,0.0024692167,crop_farming,2
max_dry_spell_length,0.0055598067,crop_farming,2
rainfall_sum_1m,0.0,crop_farming,2
rainfall_sum_3m,0.0053496785,crop_farming,2
rainfall_sum_6m,0.033736005,crop_farming,2
rainfall_sum_12m,0.0032672954,crop_farming,2
rainfall_sum_24m,0.003845703,crop_farming,2
spi_1,0.008391887,crop_farming,2
spi_3,0.015857866,crop_farming,2
spi_6,0.0053307153,crop_farming,2
spi_12,0.0036044447,crop_farming,2
spi_24,0.0018664711,crop_farming,2
pet_mm,0.0032162035,crop_farming,2
sm_root,0.002541451,crop_farming,2
precip_mm,0.0,crop_farming,2
spei_balance_mm,0.0018959303,crop_farming,2
sm_mean_1m,0.0,crop_farming,2
spei_balance_sum_1m,0.0,crop_farming,2
sm_mean_3m,0.008132573,crop_farming,2
spei_balance_sum_3m,0.0048120944,crop_farming,2
sm_mean_6m,0.00584304,crop_farming,2
spei_balance_sum_6m,0.061462104,crop_farming,2
sm_mean_12m,0.00244182,crop_farming,2
spei_balance_sum_12m,0.005112076,crop_farming,2
sm_mean_24m,0.0018535398,crop_farming,2
spei_balance_sum_24m,0.0012571679,crop_farming,2
ssmi_1,0.007957266,crop_farming,2
ssmi_3,0.008833934,crop_farming,2
ssmi_6,0.0015850737,crop_farming,2
ssmi_12,0.003983065,crop_farming,2
ssmi_24,0.0023546906,crop_farming,2
spei_1,0.0029877198,crop_farming,2
spei_3,0.005938565,crop_farming,2
spei_6,0.0015533235,crop_farming,2
spei_12,0.024597703,crop_farming,2
spei_24,0.0010914757,crop_farming,2
ndvi,0.008835895,crop_farming,2
ndvi_anomaly,0.0033698117,crop_farming,2
ndvi_lag1,0.0,crop_farming,2
ndvi_lag3,0.006430347,crop_farming,2
ndvi_lag6,0.0025866255,crop_farming,2
ndvi_lag12,0.0042439383,crop_farming,2
ndvi_anomaly_lag1,0.0027863267,crop_farming,2
ndvi_anomaly_lag3,0.0039019906,crop_farming,2
ndvi_anomaly_lag6,0.0016270247,crop_farming,2
ndvi_anomaly_lag12,0.0023481103,crop_farming,2
ndvi_cropland,0.0018962334,crop_farming,2
ndvi_cropland_anomaly,0.0039207297,crop_farming,2
ndvi_cropland_lag1,0.001720866,crop_farming,2
ndvi_cropland_lag3,0.0029210262,crop_farming,2
ndvi_cropland_lag6,0.0045480826,crop_farming,2
ndvi_cropland_lag12,0.0010066851,crop_farming,2
ndvi_cropland_anomaly_lag1,0.0027306008,crop_farming,2
ndvi_cropland_anomaly_lag3,0.0013835558,crop_farming,2
ndvi_cropland_anomaly_lag6,0.0011570348,crop_farming,2
ndvi_cropland_anomaly_lag12,0.0030367286,crop_farming,2
ndvi_rangeland,0.004920164,crop_farming,2
ndvi_rangeland_anomaly,0.0047618486,crop_farming,2
ndvi_rangeland_lag1,0.0013437726,crop_farming,2
ndvi_rangeland_lag3,0.0017014917,crop_farming,2
ndvi_rangeland_lag6,0.00355104,crop_farming,2
ndvi_rangeland_lag12,0.003055371,crop_farming,2
ndvi_rangeland_anomaly_lag1,0.0024793649,crop_farming,2
ndvi_rangeland_anomaly_lag3,0.0036541617,crop_farming,2
ndvi_rangeland_anomaly_lag6,0.0010845562,crop_farming,2
ndvi_rangeland_anomaly_lag12,0.001540013,crop_farming,2
acled_event_count,0.0,crop_farming,2
acled_fatalities,0.0038658308,crop_farming,2
acled_event_count_lag1,0.0035239535,crop_farming,2
acled_fatalities_lag1,0.0,crop_farming,2
acled_event_count_lag3,0.0010948644,crop_farming,2
acled_fatalities_lag3,0.0,crop_farming,2
acled_event_count_lag6,0.0,crop_farming,2
acled_fatalities_lag6,0.0,crop_farming,2
acled_event_count_lag12,0.0,crop_farming,2
acled_fatalities_lag12,0.0,crop_farming,2
maize_price_etb,0.0021631382,crop_farming,2
maize_price_etb_lag1,0.0019654578,crop_farming,2
maize_price_etb_lag3,0.00060075626,crop_farming,2
maize_price_etb_lag6,0.0,crop_farming,2
maize_price_etb_lag12,0.0021445462,crop_farming,2
maize_price_index,0.0008391193,crop_farming,2
maize_price_index_lag1,0.0020438498,crop_farming,2
maize_price_index_lag3,0.0017687773,crop_farming,2
maize_price_index_lag6,0.0022034058,crop_farming,2
maize_price_index_lag12,0.0,crop_farming,2
maize_n_markets,0.0,crop_farming,2
wheat_price_etb,0.0005383418,crop_farming,2
wheat_price_etb_lag1,0.0,crop_farming,2
wheat_price_etb_lag3,0.003208914,crop_farming,2
wheat_price_etb_lag6,0.0032425441,crop_farming,2
wheat_price_etb_lag12,0.0,crop_farming,2
wheat_price_index,0.0044054976,crop_farming,2
wheat_price_index_lag1,0.0022065577,crop_farming,2
wheat_price_index_lag3,8.1139566e-05,crop_farming,2
wheat_price_index_lag6,0.0011236538,crop_farming,2
wheat_price_index_lag12,0.0015160599,crop_farming,2
wheat_n_markets,0.0,crop_farming,2
sorghum_price_etb,0.0022134744,crop_farming,2
sorghum_price_etb_lag1,0.0,crop_farming,2
sorghum_price_etb_lag3,0.0034815378,crop_farming,2
sorghum_price_etb_lag6,0.0028433509,crop_farming,2
sorghum_price_etb_lag12,0.0,crop_farming,2
sorghum_price_index,0.003408295,crop_farming,2
sorghum_price_index_lag1,0.0041099736,crop_farming,2
sorghum_price_index_lag3,0.0,crop_farming,2
sorghum_price_index_lag6,0.0025521077,crop_farming,2
sorghum_price_index_lag12,0.0025208334,crop_farming,2
sorghum_n_markets,0.0,crop_farming,2
teff_price_etb,0.0,crop_farming,2
teff_price_etb_lag1,0.0,crop_farming,2
teff_price_etb_lag3,0.0,crop_farming,2
teff_price_etb_lag6,0.0,crop_farming,2
teff_price_etb_lag12,0.0,crop_farming,2
teff_price_index,0.0,crop_farming,2
teff_price_index_lag1,0.0,crop_farming,2
teff_price_index_lag3,0.0,crop_farming,2
teff_price_index_lag6,0.0,crop_farming,2
teff_price_index_lag12,0.0,crop_farming,2
teff_n_markets,0.0,crop_farming,2
fuel_diesel_price_etb,0.0,crop_farming,2
fuel_diesel_price_etb_lag1,0.0,crop_farming,2
fuel_diesel_price_etb_lag3,0.0,crop_farming,2
fuel_diesel_price_etb_lag6,0.0,crop_farming,2
fuel_diesel_price_etb_lag12,0.0,crop_farming,2
fuel_diesel_price_index,0.0,crop_farming,2
fuel_diesel_price_index_lag1,0.0,crop_farming,2
fuel_diesel_price_index_lag3,0.0,crop_farming,2
fuel_diesel_price_index_lag6,0.0,crop_farming,2
fuel_diesel_price_index_lag12,0.0,crop_farming,2
fuel_diesel_n_markets,0.0,crop_farming,2
fuel_petrol_price_etb,0.0,crop_farming,2
fuel_petrol_price_etb_lag1,0.0,crop_farming,2
fuel_petrol_price_etb_lag3,0.0,crop_farming,2
fuel_petrol_price_etb_lag6,0.0,crop_farming,2
fuel_petrol_price_etb_lag12,0.0,crop_farming,2
fuel_petrol_price_index,0.0,crop_farming,2
fuel_petrol_price_index_lag1,0.0,crop_farming,2
fuel_petrol_price_index_lag3,0.0,crop_farming,2
fuel_petrol_price_index_lag6,0.0,crop_farming,2
fuel_petrol_price_index_lag12,0.0,crop_farming,2
fuel_petrol_n_markets,0.0,crop_farming,2
livestock_goat_price_etb,0.0,crop_farming,2
livestock_goat_price_etb_lag1,0.0,crop_farming,2
livestock_goat_price_etb_lag3,0.0,crop_farming,2
livestock_goat_price_etb_lag6,0.0,crop_farming,2
livestock_goat_price_etb_lag12,0.0,crop_farming,2
livestock_goat_price_index,0.0,crop_farming,2
livestock_goat_price_index_lag1,0.0,crop_farming,2
livestock_goat_price_index_lag3,0.0,crop_farming,2
livestock_goat_price_index_lag6,0.0,crop_farming,2
livestock_goat_price_index_lag12,0.0,crop_farming,2
livestock_goat_n_markets,0.0,crop_farming,2
livestock_sheep_price_etb,0.0,crop_farming,2
livestock_sheep_price_etb_lag1,0.0,crop_farming,2
livestock_sheep_price_etb_lag3,0.0,crop_farming,2
livestock_sheep_price_etb_lag6,0.0,crop_farming,2
livestock_sheep_price_etb_lag12,0.0,crop_farming,2
livestock_sheep_price_index,0.0,crop_farming,2
livestock_sheep_price_index_lag1,0.0,crop_farming,2
livestock_sheep_price_index_lag3,0.0,crop_farming,2
livestock_sheep_price_index_lag6,0.0,crop_farming,2
livestock_sheep_price_index_lag12,0.0,crop_farming,2
livestock_sheep_n_markets,0.0,crop_farming,2
goat_maize_tot,0.0,crop_farming,2
goat_maize_tot_lag1,0.0,crop_farming,2
goat_maize_tot_lag3,0.0,crop_farming,2
goat_maize_tot_lag6,0.0,crop_farming,2
goat_maize_tot_lag12,0.0,crop_farming,2
sheep_maize_tot,0.0,crop_farming,2
sheep_maize_tot_lag1,0.0,crop_farming,2
sheep_maize_tot_lag3,0.0,crop_farming,2
sheep_maize_tot_lag6,0.0,crop_farming,2
sheep_maize_tot_lag12,0.0,crop_farming,2
maize_yield,0.0015481028,crop_farming,2
maize_yield_anomaly,0.0029095165,crop_farming,2
wheat_yield,0.0021953785,crop_farming,2
wheat_yield_anomaly,0.0026203808,crop_farming,2
sorghum_yield,0.0027637084,crop_farming,2
sorghum_yield_anomaly,0.0008134215,crop_farming,2
teff_yield,0.0058521377,crop_farming,2
teff_yield_anomaly,0.0029712105,crop_farming,2
headline_cpi,0.023081848,crop_farming,2
headline_cpi_lag1,0.0,crop_farming,2
headline_cpi_lag3,0.0019044505,crop_farming,2
headline_cpi_lag6,0.001995119,crop_farming,2
headline_cpi_lag12,0.008221749,crop_farming,2
headline_cpi_yoy_change,0.005057773,crop_farming,2
headline_cpi_yoy_change_lag1,0.014427552,crop_farming,2
headline_cpi_yoy_change_lag3,0.003459624,crop_farming,2
headline_cpi_yoy_change_lag6,0.0060880906,crop_farming,2
headline_cpi_yoy_change_lag12,0.017661665,crop_farming,2
food_cpi,0.015329365,crop_farming,2
food_cpi_lag1,0.0,crop_farming,2
food_cpi_lag3,0.0,crop_farming,2
food_cpi_lag6,0.0,crop_farming,2
food_cpi_lag12,0.0018410053,crop_farming,2
food_cpi_yoy_change,0.0017981393,crop_farming,2
food_cpi_yoy_change_lag1,0.015135736,crop_farming,2
food_cpi_yoy_change_lag3,0.041872334,crop_farming,2
food_cpi_yoy_change_lag6,0.013954561,crop_farming,2
food_cpi_yoy_change_lag12,0.0039370144,crop_farming,2
headline_cpi_chainlinked,0.0,crop_farming,2
headline_cpi_chainlinked_lag1,0.0,crop_farming,2
headline_cpi_chainlinked_lag3,0.0,crop_farming,2
headline_cpi_chainlinked_lag6,0.0,crop_farming,2
headline_cpi_chainlinked_lag12,0.0,crop_farming,2
food_cpi_chainlinked,0.0,crop_farming,2
food_cpi_chainlinked_lag1,0.0,crop_farming,2
food_cpi_chainlinked_lag3,0.0,crop_farming,2
food_cpi_chainlinked_lag6,0.0,crop_farming,2
food_cpi_chainlinked_lag12,0.0,crop_farming,2
exchange_rate,0.0,crop_farming,2
exchange_rate_lag1,0.0,crop_farming,2
exchange_rate_lag3,0.0,crop_farming,2
exchange_rate_lag6,0.0,crop_farming,2
exchange_rate_lag12,0.0,crop_farming,2
exchange_rate_yoy_change,0.008925319,crop_farming,2
exchange_rate_yoy_change_lag1,0.0033431896,crop_farming,2
exchange_rate_yoy_change_lag3,0.008486317,crop_farming,2
exchange_rate_yoy_change_lag6,0.018538827,crop_farming,2
exchange_rate_yoy_change_lag12,0.0068901256,crop_farming,2
gdp_per_capita,0.0,crop_farming,2
gdp_per_capita_yoy_change,0.0,crop_farming,2
iod,0.004345878,crop_farming,2
mei,0.0061303615,crop_farming,2
nino34,0.008882971,crop_farming,2
iod_lag1,0.012691114,crop_farming,2
iod_lag3,0.009372378,crop_farming,2
iod_lag6,0.0034314098,crop_farming,2
mei_lag1,0.00950385,crop_farming,2
mei_lag3,0.0063314233,crop_farming,2
mei_lag6,0.010471003,crop_farming,2
nino34_lag1,0.014875118,crop_farming,2
nino34_lag3,0.018513076,crop_farming,2
nino34_lag6,0.009079378,crop_farming,2
wvg,0.002227046,crop_farming,2
wvg_lag1yr,0.0045485036,crop_farming,2
wvg_lag2yr,0.0020897544,crop_farming,2
wvg_lag3yr,0.014082731,crop_farming,2
season_benishangul_meher_only,0.0,crop_farming,2
season_national_belg_meher,0.0,crop_farming,2
months_since_assessment,0.0,pastoral,3
pct_pastoral,0.006734901,pastoral,3
pct_agropastoral,0.001671981,pastoral,3
pct_crop_farming,0.003009315,pastoral,3
is_harvest_season,0.0013837527,pastoral,3
is_lean_season,0.0,pastoral,3
is_dry_season,0.0033356338,pastoral,3
months_since_harvest_start,0.007926715,pastoral,3
months_since_lean_start,0.011137773,pastoral,3
glofas_reach_count,0.0018402603,pastoral,3
agss_surveyed_flag,0.003545269,pastoral,3
ipc_lag1,0.077880315,pastoral,3
ipc_lag4,0.0020452552,pastoral,3
ipc_lag8,0.004628336,pastoral,3
ipc_mean12,0.0063229795,pastoral,3
ha_share_lag1,0.0024570979,pastoral,3
ha_share_lag4,0.0015997196,pastoral,3
ha_share_lag8,0.0035972255,pastoral,3
ha_share_mean12,0.0026078126,pastoral,3
total_rainfall_mm,0.00059782533,pastoral,3
wet_days,0.0012347016,pastoral,3
max_dry_spell_length,0.002719949,pastoral,3
rainfall_sum_1m,0.0,pastoral,3
rainfall_sum_3m,0.0062569627,pastoral,3
rainfall_sum_6m,0.0028207363,pastoral,3
rainfall_sum_12m,0.0061671836,pastoral,3
rainfall_sum_24m,0.004605876,pastoral,3
spi_1,0.0031008425,pastoral,3
spi_3,0.024145575,pastoral,3
spi_6,0.014011455,pastoral,3
spi_12,0.004650836,pastoral,3
spi_24,0.005134591,pastoral,3
pet_mm,0.0020509074,pastoral,3
sm_root,0.016565667,pastoral,3
precip_mm,0.0,pastoral,3
spei_balance_mm,0.0036469805,pastoral,3
sm_mean_1m,0.0,pastoral,3
spei_balance_sum_1m,0.0,pastoral,3
sm_mean_3m,0.005238622,pastoral,3
spei_balance_sum_3m,0.0018127782,pastoral,3
sm_mean_6m,0.006501988,pastoral,3
spei_balance_sum_6m,0.017950615,pastoral,3
sm_mean_12m,0.045607172,pastoral,3
spei_balance_sum_12m,0.011339161,pastoral,3
sm_mean_24m,0.004622455,pastoral,3
spei_balance_sum_24m,0.012175409,pastoral,3
ssmi_1,0.02031405,pastoral,3
ssmi_3,0.0024410407,pastoral,3
ssmi_6,0.0062247366,pastoral,3
ssmi_12,0.004908752,pastoral,3
ssmi_24,0.0044741947,pastoral,3
spei_1,0.0027968867,pastoral,3
spei_3,0.0041257394,pastoral,3
spei_6,0.01959395,pastoral,3
spei_12,0.016469592,pastoral,3
spei_24,0.0011088212,pastoral,3
ndvi,0.0015861798,pastoral,3
ndvi_anomaly,0.0037880247,pastoral,3
ndvi_lag1,0.0019314206,pastoral,3
ndvi_lag3,0.0018603745,pastoral,3
ndvi_lag6,0.0016099177,pastoral,3
ndvi_lag12,0.0030118218,pastoral,3
ndvi_anomaly_lag1,0.0006481236,pastoral,3
ndvi_anomaly_lag3,0.0038473967,pastoral,3
ndvi_anomaly_lag6,0.0046078176,pastoral,3
ndvi_anomaly_lag12,0.004061236,pastoral,3
ndvi_cropland,0.0057742028,pastoral,3
ndvi_cropland_anomaly,0.002775469,pastoral,3
ndvi_cropland_lag1,0.003906811,pastoral,3
ndvi_cropland_lag3,0.0035661557,pastoral,3
ndvi_cropland_lag6,0.0031699562,pastoral,3
ndvi_cropland_lag12,0.005857044,pastoral,3
ndvi_cropland_anomaly_lag1,0.002734103,pastoral,3
ndvi_cropland_anomaly_lag3,0.0053709876,pastoral,3
ndvi_cropland_anomaly_lag6,0.002620253,pastoral,3
ndvi_cropland_anomaly_lag12,0.004827707,pastoral,3
ndvi_rangeland,0.004739267,pastoral,3
ndvi_rangeland_anomaly,0.001183363,pastoral,3
ndvi_rangeland_lag1,0.0048132883,pastoral,3
ndvi_rangeland_lag3,0.0034087005,pastoral,3
ndvi_rangeland_lag6,0.003964875,pastoral,3
ndvi_rangeland_lag12,0.0,pastoral,3
ndvi_rangeland_anomaly_lag1,0.001212581,pastoral,3
ndvi_rangeland_anomaly_lag3,0.0051562283,pastoral,3
ndvi_rangeland_anomaly_lag6,0.013502419,pastoral,3
ndvi_rangeland_anomaly_lag12,0.002749422,pastoral,3
acled_event_count,0.0,pastoral,3
acled_fatalities,0.0,pastoral,3
acled_event_count_lag1,0.0,pastoral,3
acled_fatalities_lag1,0.0067834635,pastoral,3
acled_event_count_lag3,0.0024219386,pastoral,3
acled_fatalities_lag3,0.0,pastoral,3
acled_event_count_lag6,0.0,pastoral,3
acled_fatalities_lag6,0.002388878,pastoral,3
acled_event_count_lag12,0.0019141665,pastoral,3
acled_fatalities_lag12,0.0,pastoral,3
maize_price_etb,0.0014283886,pastoral,3
maize_price_etb_lag1,0.0022495692,pastoral,3
maize_price_etb_lag3,0.0032093187,pastoral,3
maize_price_etb_lag6,0.00644952,pastoral,3
maize_price_etb_lag12,0.0027038874,pastoral,3
maize_price_index,0.001160388,pastoral,3
maize_price_index_lag1,0.0019253426,pastoral,3
maize_price_index_lag3,0.0,pastoral,3
maize_price_index_lag6,0.0029813831,pastoral,3
maize_price_index_lag12,0.0,pastoral,3
maize_n_markets,0.0,pastoral,3
wheat_price_etb,0.002296814,pastoral,3
wheat_price_etb_lag1,0.0023546075,pastoral,3
wheat_price_etb_lag3,0.0004461935,pastoral,3
wheat_price_etb_lag6,0.0021600802,pastoral,3
wheat_price_etb_lag12,0.0063377237,pastoral,3
wheat_price_index,0.0020942157,pastoral,3
wheat_price_index_lag1,0.0,pastoral,3
wheat_price_index_lag3,0.0,pastoral,3
wheat_price_index_lag6,0.0,pastoral,3
wheat_price_index_lag12,0.0067488807,pastoral,3
wheat_n_markets,0.0,pastoral,3
sorghum_price_etb,0.0,pastoral,3
sorghum_price_etb_lag1,0.0,pastoral,3
sorghum_price_etb_lag3,0.0032062815,pastoral,3
sorghum_price_etb_lag6,0.003023627,pastoral,3
sorghum_price_etb_lag12,0.008503975,pastoral,3
sorghum_price_index,0.0,pastoral,3
sorghum_price_index_lag1,0.0,pastoral,3
sorghum_price_index_lag3,0.0,pastoral,3
sorghum_price_index_lag6,0.0,pastoral,3
sorghum_price_index_lag12,0.004944341,pastoral,3
sorghum_n_markets,0.0,pastoral,3
teff_price_etb,0.0,pastoral,3
teff_price_etb_lag1,0.0,pastoral,3
teff_price_etb_lag3,0.0,pastoral,3
teff_price_etb_lag6,0.0,pastoral,3
teff_price_etb_lag12,0.0,pastoral,3
teff_price_index,0.0,pastoral,3
teff_price_index_lag1,0.0,pastoral,3
teff_price_index_lag3,0.0,pastoral,3
teff_price_index_lag6,0.0,pastoral,3
teff_price_index_lag12,0.0,pastoral,3
teff_n_markets,0.0,pastoral,3
fuel_diesel_price_etb,0.0,pastoral,3
fuel_diesel_price_etb_lag1,0.0,pastoral,3
fuel_diesel_price_etb_lag3,0.0,pastoral,3
fuel_diesel_price_etb_lag6,0.0,pastoral,3
fuel_diesel_price_etb_lag12,0.0,pastoral,3
fuel_diesel_price_index,0.0,pastoral,3
fuel_diesel_price_index_lag1,0.0,pastoral,3
fuel_diesel_price_index_lag3,0.0,pastoral,3
fuel_diesel_price_index_lag6,0.0,pastoral,3
fuel_diesel_price_index_lag12,0.0,pastoral,3
fuel_diesel_n_markets,0.0,pastoral,3
fuel_petrol_n_markets,0.0,pastoral,3
livestock_goat_price_etb,0.0,pastoral,3
livestock_goat_price_etb_lag1,0.0,pastoral,3
livestock_goat_price_etb_lag3,0.0,pastoral,3
livestock_goat_price_etb_lag6,0.0,pastoral,3
livestock_goat_price_etb_lag12,0.0,pastoral,3
livestock_goat_price_index,0.0,pastoral,3
livestock_goat_price_index_lag1,0.0,pastoral,3
livestock_goat_price_index_lag3,0.0,pastoral,3
livestock_goat_price_index_lag6,0.0,pastoral,3
livestock_goat_price_index_lag12,0.0,pastoral,3
livestock_goat_n_markets,0.0,pastoral,3
livestock_sheep_price_etb,0.0,pastoral,3
livestock_sheep_price_etb_lag1,0.0,pastoral,3
livestock_sheep_price_etb_lag3,0.0,pastoral,3
livestock_sheep_price_etb_lag6,0.0,pastoral,3
livestock_sheep_price_etb_lag12,0.0,pastoral,3
livestock_sheep_price_index,0.0,pastoral,3
livestock_sheep_price_index_lag1,0.0,pastoral,3
livestock_sheep_price_index_lag3,0.0,pastoral,3
livestock_sheep_price_index_lag6,0.0,pastoral,3
livestock_sheep_price_index_lag12,0.0,pastoral,3
livestock_sheep_n_markets,0.0,pastoral,3
goat_maize_tot,0.0,pastoral,3
goat_maize_tot_lag1,0.0,pastoral,3
goat_maize_tot_lag3,0.0,pastoral,3
goat_maize_tot_lag6,0.0,pastoral,3
goat_maize_tot_lag12,0.0,pastoral,3
sheep_maize_tot,0.0,pastoral,3
sheep_maize_tot_lag1,0.0,pastoral,3
sheep_maize_tot_lag3,0.0,pastoral,3
sheep_maize_tot_lag6,0.0,pastoral,3
sheep_maize_tot_lag12,0.0,pastoral,3
maize_yield,0.005232577,pastoral,3
maize_yield_anomaly,0.002042691,pastoral,3
wheat_yield,0.00058767357,pastoral,3
wheat_yield_anomaly,0.0,pastoral,3
sorghum_yield,0.0,pastoral,3
sorghum_yield_anomaly,0.0,pastoral,3
teff_yield,0.0,pastoral,3
teff_yield_anomaly,0.0,pastoral,3
headline_cpi,0.0,pastoral,3
headline_cpi_lag1,0.023536887,pastoral,3
headline_cpi_lag3,0.004786448,pastoral,3
headline_cpi_lag6,0.023317007,pastoral,3
headline_cpi_lag12,0.0024911892,pastoral,3
headline_cpi_yoy_change,0.015066182,pastoral,3
headline_cpi_yoy_change_lag1,0.0071083177,pastoral,3
headline_cpi_yoy_change_lag3,0.012272558,pastoral,3
headline_cpi_yoy_change_lag6,0.0027390206,pastoral,3
headline_cpi_yoy_change_lag12,0.0036425416,pastoral,3
food_cpi,0.013418161,pastoral,3
food_cpi_lag1,0.0,pastoral,3
food_cpi_lag3,0.0,pastoral,3
food_cpi_lag6,0.0,pastoral,3
food_cpi_lag12,0.0,pastoral,3
food_cpi_yoy_change,0.0,pastoral,3
food_cpi_yoy_change_lag1,0.033825852,pastoral,3
food_cpi_yoy_change_lag3,0.0,pastoral,3
food_cpi_yoy_change_lag6,0.007833341,pastoral,3
food_cpi_yoy_change_lag12,0.016643746,pastoral,3
headline_cpi_chainlinked,0.0,pastoral,3
headline_cpi_chainlinked_lag1,0.0,pastoral,3
headline_cpi_chainlinked_lag3,0.0,pastoral,3
headline_cpi_chainlinked_lag6,0.0,pastoral,3
headline_cpi_chainlinked_lag12,0.0,pastoral,3
food_cpi_chainlinked,0.0,pastoral,3
food_cpi_chainlinked_lag1,0.0,pastoral,3
food_cpi_chainlinked_lag3,0.0,pastoral,3
food_cpi_chainlinked_lag6,0.0,pastoral,3
food_cpi_chainlinked_lag12,0.0,pastoral,3
exchange_rate,0.0035073122,pastoral,3
exchange_rate_lag1,0.0,pastoral,3
exchange_rate_lag3,0.0,pastoral,3
exchange_rate_lag6,0.0,pastoral,3
exchange_rate_lag12,0.0,pastoral,3
exchange_rate_yoy_change,0.0004180578,pastoral,3
exchange_rate_yoy_change_lag1,0.0052175284,pastoral,3
exchange_rate_yoy_change_lag3,0.0,pastoral,3
exchange_rate_yoy_change_lag6,0.0048276833,pastoral,3
exchange_rate_yoy_change_lag12,0.007341804,pastoral,3
gdp_per_capita,0.0,pastoral,3
gdp_per_capita_yoy_change,0.0022468602,pastoral,3
iod,0.021262253,pastoral,3
mei,0.010911546,pastoral,3
nino34,0.016017824,pastoral,3
iod_lag1,0.014516216,pastoral,3
iod_lag3,0.0023871183,pastoral,3
iod_lag6,0.008581304,pastoral,3
mei_lag1,0.0,pastoral,3
mei_lag3,0.0012780769,pastoral,3
mei_lag6,0.013604908,pastoral,3
nino34_lag1,0.0064089005,pastoral,3
nino34_lag3,0.0,pastoral,3
nino34_lag6,0.0,pastoral,3
wvg,0.0013833535,pastoral,3
wvg_lag1yr,0.023039704,pastoral,3
wvg_lag2yr,0.016512273,pastoral,3
wvg_lag3yr,0.007884281,pastoral,3
glofas_exceed_20yr,0.003950396,pastoral,3
glofas_exceed_2yr,0.0030458346,pastoral,3
seasonal_overlaps_belg,0.0031539612,pastoral,3
seasonal_overlaps_deyr,0.010512804,pastoral,3
seasonal_overlaps_gu,0.0,pastoral,3
seasonal_overlaps_kiremt,0.0,pastoral,3
seasonal_precip_prob_above,0.0029895885,pastoral,3
seasonal_precip_prob_below,0.007030888,pastoral,3
seasonal_precip_prob_near,0.0066605574,pastoral,3
season_national_belg_meher,0.0076062707,pastoral,3
season_somali_gu_deyr,0.0,pastoral,3
months_since_assessment,0.0,agropastoral,3
pct_pastoral,0.0013953156,agropastoral,3
pct_agropastoral,0.0017985746,agropastoral,3
pct_crop_farming,0.00021308211,agropastoral,3
is_harvest_season,2.711089e-06,agropastoral,3
is_lean_season,0.0010936772,agropastoral,3
is_dry_season,0.00091997645,agropastoral,3
months_since_harvest_start,0.0006799129,agropastoral,3
months_since_lean_start,0.010268913,agropastoral,3
glofas_reach_count,0.0037143277,agropastoral,3
agss_surveyed_flag,0.0,agropastoral,3
ipc_lag1,0.07924532,agropastoral,3
ipc_lag4,0.00045833868,agropastoral,3
ipc_lag8,0.00471905,agropastoral,3
ipc_mean12,0.005587509,agropastoral,3
ha_share_lag1,0.0048354417,agropastoral,3
ha_share_lag4,0.00066990685,agropastoral,3
ha_share_lag8,0.012694361,agropastoral,3
ha_share_mean12,0.020594861,agropastoral,3
total_rainfall_mm,0.0035281305,agropastoral,3
wet_days,0.006449197,agropastoral,3
max_dry_spell_length,0.004803828,agropastoral,3
rainfall_sum_1m,0.0,agropastoral,3
rainfall_sum_3m,0.0038553458,agropastoral,3
rainfall_sum_6m,0.0058434224,agropastoral,3
rainfall_sum_12m,0.01093124,agropastoral,3
rainfall_sum_24m,0.0018887833,agropastoral,3
spi_1,0.012280608,agropastoral,3
spi_3,0.0034207935,agropastoral,3
spi_6,0.008088081,agropastoral,3
spi_12,0.0047926093,agropastoral,3
spi_24,0.008985745,agropastoral,3
pet_mm,0.0013551003,agropastoral,3
sm_root,0.0013772602,agropastoral,3
precip_mm,0.0,agropastoral,3
spei_balance_mm,0.0010457474,agropastoral,3
sm_mean_1m,0.0,agropastoral,3
spei_balance_sum_1m,0.0,agropastoral,3
sm_mean_3m,0.0,agropastoral,3
spei_balance_sum_3m,0.002381467,agropastoral,3
sm_mean_6m,0.011829912,agropastoral,3
spei_balance_sum_6m,0.012259074,agropastoral,3
sm_mean_12m,0.053714834,agropastoral,3
spei_balance_sum_12m,0.010281163,agropastoral,3
sm_mean_24m,0.0014539458,agropastoral,3
spei_balance_sum_24m,0.0017072145,agropastoral,3
ssmi_1,0.0065551233,agropastoral,3
ssmi_3,0.002061554,agropastoral,3
ssmi_6,0.023231028,agropastoral,3
ssmi_12,0.0021516238,agropastoral,3
ssmi_24,0.0023859635,agropastoral,3
spei_1,0.0065566855,agropastoral,3
spei_3,0.0047180518,agropastoral,3
spei_6,0.020437246,agropastoral,3
spei_12,0.010300589,agropastoral,3
spei_24,0.00074985874,agropastoral,3
ndvi,0.006798262,agropastoral,3
ndvi_anomaly,0.005940831,agropastoral,3
ndvi_lag1,0.0019566,agropastoral,3
ndvi_lag3,0.0047442936,agropastoral,3
ndvi_lag6,0.0024865647,agropastoral,3
ndvi_lag12,0.005185667,agropastoral,3
ndvi_anomaly_lag1,0.0010478499,agropastoral,3
ndvi_anomaly_lag3,0.010029382,agropastoral,3
ndvi_anomaly_lag6,0.0018321797,agropastoral,3
ndvi_anomaly_lag12,0.0031203688,agropastoral,3
ndvi_cropland,0.017242087,agropastoral,3
ndvi_cropland_anomaly,0.002758364,agropastoral,3
ndvi_cropland_lag1,0.004030046,agropastoral,3
ndvi_cropland_lag3,0.0014344683,agropastoral,3
ndvi_cropland_lag6,0.007314079,agropastoral,3
ndvi_cropland_lag12,0.0052304,agropastoral,3
ndvi_cropland_anomaly_lag1,0.0036729246,agropastoral,3
ndvi_cropland_anomaly_lag3,0.005320108,agropastoral,3
ndvi_cropland_anomaly_lag6,0.0036214069,agropastoral,3
ndvi_cropland_anomaly_lag12,0.00031679746,agropastoral,3
ndvi_rangeland,0.00070901,agropastoral,3
ndvi_rangeland_anomaly,0.00552909,agropastoral,3
ndvi_rangeland_lag1,0.0054675313,agropastoral,3
ndvi_rangeland_lag3,0.00973745,agropastoral,3
ndvi_rangeland_lag6,0.009965472,agropastoral,3
ndvi_rangeland_lag12,0.0,agropastoral,3
ndvi_rangeland_anomaly_lag1,0.0,agropastoral,3
ndvi_rangeland_anomaly_lag3,0.0110093905,agropastoral,3
ndvi_rangeland_anomaly_lag6,0.008917653,agropastoral,3
ndvi_rangeland_anomaly_lag12,0.004683256,agropastoral,3
acled_event_count,0.0,agropastoral,3
acled_fatalities,0.0,agropastoral,3
acled_event_count_lag1,0.0,agropastoral,3
acled_fatalities_lag1,0.0,agropastoral,3
acled_event_count_lag3,0.0011663142,agropastoral,3
acled_fatalities_lag3,0.0017185928,agropastoral,3
acled_event_count_lag6,0.0,agropastoral,3
acled_fatalities_lag6,0.0,agropastoral,3
acled_event_count_lag12,0.01167058,agropastoral,3
acled_fatalities_lag12,0.0,agropastoral,3
maize_price_etb,0.0077104177,agropastoral,3
maize_price_etb_lag1,0.010871076,agropastoral,3
maize_price_etb_lag3,0.029783139,agropastoral,3
maize_price_etb_lag6,0.002821294,agropastoral,3
maize_price_etb_lag12,0.0010020146,agropastoral,3
maize_price_index,0.012684277,agropastoral,3
maize_price_index_lag1,0.0,agropastoral,3
maize_price_index_lag3,0.0019042451,agropastoral,3
maize_price_index_lag6,0.00090410316,agropastoral,3
maize_price_index_lag12,0.0,agropastoral,3
maize_n_markets,0.0,agropastoral,3
wheat_price_etb,0.0,agropastoral,3
wheat_price_etb_lag1,0.0,agropastoral,3
wheat_price_etb_lag3,0.0,agropastoral,3
wheat_price_etb_lag6,0.0,agropastoral,3
wheat_price_etb_lag12,0.0,agropastoral,3
wheat_price_index,0.0,agropastoral,3
wheat_price_index_lag1,0.0,agropastoral,3
wheat_price_index_lag3,0.0,agropastoral,3
wheat_price_index_lag6,0.0,agropastoral,3
wheat_price_index_lag12,0.0,agropastoral,3
wheat_n_markets,0.0,agropastoral,3
sorghum_price_etb,0.005435993,agropastoral,3
sorghum_price_etb_lag1,0.0,agropastoral,3
sorghum_price_etb_lag3,0.0,agropastoral,3
sorghum_price_etb_lag6,0.0017534555,agropastoral,3
sorghum_price_etb_lag12,0.0,agropastoral,3
sorghum_price_index,0.0021920442,agropastoral,3
sorghum_price_index_lag1,0.0,agropastoral,3
sorghum_price_index_lag3,0.008973884,agropastoral,3
sorghum_price_index_lag6,0.005971874,agropastoral,3
sorghum_price_index_lag12,0.004906003,agropastoral,3
sorghum_n_markets,0.0,agropastoral,3
teff_price_etb,0.0,agropastoral,3
teff_price_etb_lag12,0.0,agropastoral,3
teff_n_markets,0.0,agropastoral,3
fuel_diesel_price_etb,0.0,agropastoral,3
fuel_diesel_price_etb_lag1,0.0,agropastoral,3
fuel_diesel_price_etb_lag3,0.0,agropastoral,3
fuel_diesel_price_etb_lag6,0.0,agropastoral,3
fuel_diesel_price_etb_lag12,0.0,agropastoral,3
fuel_diesel_n_markets,0.0,agropastoral,3
fuel_petrol_n_markets,0.0,agropastoral,3
livestock_goat_price_etb,0.0,agropastoral,3
livestock_goat_price_etb_lag1,0.0,agropastoral,3
livestock_goat_price_etb_lag3,0.0,agropastoral,3
livestock_goat_price_etb_lag6,0.0006956395,agropastoral,3
livestock_goat_price_etb_lag12,0.0,agropastoral,3
livestock_goat_price_index,0.0,agropastoral,3
livestock_goat_price_index_lag1,0.0,agropastoral,3
livestock_goat_price_index_lag3,0.0,agropastoral,3
livestock_goat_price_index_lag6,0.0,agropastoral,3
livestock_goat_price_index_lag12,0.0,agropastoral,3
livestock_goat_n_markets,0.0,agropastoral,3
livestock_sheep_price_etb,0.0,agropastoral,3
livestock_sheep_price_etb_lag1,0.0,agropastoral,3
livestock_sheep_price_etb_lag3,0.0,agropastoral,3
livestock_sheep_price_etb_lag6,0.0,agropastoral,3
livestock_sheep_price_etb_lag12,0.0,agropastoral,3
livestock_sheep_price_index,0.0,agropastoral,3
livestock_sheep_price_index_lag1,0.0,agropastoral,3
livestock_sheep_price_index_lag3,0.0,agropastoral,3
livestock_sheep_price_index_lag6,0.0,agropastoral,3
livestock_sheep_price_index_lag12,0.0,agropastoral,3
livestock_sheep_n_markets,0.0,agropastoral,3
goat_maize_tot,0.0,agropastoral,3
goat_maize_tot_lag1,0.0,agropastoral,3
goat_maize_tot_lag3,0.0,agropastoral,3
goat_maize_tot_lag6,0.00076733984,agropastoral,3
goat_maize_tot_lag12,0.0,agropastoral,3
sheep_maize_tot,0.0,agropastoral,3
sheep_maize_tot_lag1,0.0,agropastoral,3
sheep_maize_tot_lag3,0.0,agropastoral,3
sheep_maize_tot_lag6,0.0,agropastoral,3
sheep_maize_tot_lag12,0.0,agropastoral,3
maize_yield,0.0018431133,agropastoral,3
maize_yield_anomaly,0.002937916,agropastoral,3
wheat_yield,0.0119718425,agropastoral,3
wheat_yield_anomaly,0.016278442,agropastoral,3
sorghum_yield,0.004814889,agropastoral,3
sorghum_yield_anomaly,0.0051207426,agropastoral,3
teff_yield,0.019331751,agropastoral,3
teff_yield_anomaly,0.018411705,agropastoral,3
headline_cpi,0.02210592,agropastoral,3
headline_cpi_lag1,0.0018090669,agropastoral,3
headline_cpi_lag3,0.0021233154,agropastoral,3
headline_cpi_lag6,0.0054069003,agropastoral,3
headline_cpi_lag12,0.00028707358,agropastoral,3
headline_cpi_yoy_change,0.029298287,agropastoral,3
headline_cpi_yoy_change_lag1,0.0017627829,agropastoral,3
headline_cpi_yoy_change_lag3,0.012824315,agropastoral,3
headline_cpi_yoy_change_lag6,0.011207268,agropastoral,3
headline_cpi_yoy_change_lag12,0.004035213,agropastoral,3
food_cpi,0.0,agropastoral,3
food_cpi_lag1,5.1220577e-05,agropastoral,3
food_cpi_lag3,0.013093472,agropastoral,3
food_cpi_lag6,0.0,agropastoral,3
food_cpi_lag12,0.0,agropastoral,3
food_cpi_yoy_change,0.0,agropastoral,3
food_cpi_yoy_change_lag1,0.023320425,agropastoral,3
food_cpi_yoy_change_lag3,0.03125436,agropastoral,3
food_cpi_yoy_change_lag6,0.013016342,agropastoral,3
food_cpi_yoy_change_lag12,0.0,agropastoral,3
headline_cpi_chainlinked,0.0,agropastoral,3
headline_cpi_chainlinked_lag1,0.0,agropastoral,3
headline_cpi_chainlinked_lag3,0.0,agropastoral,3
headline_cpi_chainlinked_lag6,0.0,agropastoral,3
headline_cpi_chainlinked_lag12,0.0,agropastoral,3
food_cpi_chainlinked,0.0,agropastoral,3
food_cpi_chainlinked_lag1,0.0,agropastoral,3
food_cpi_chainlinked_lag3,0.0,agropastoral,3
food_cpi_chainlinked_lag6,0.0,agropastoral,3
food_cpi_chainlinked_lag12,0.0,agropastoral,3
exchange_rate,0.0,agropastoral,3
exchange_rate_lag1,0.0,agropastoral,3
exchange_rate_lag3,0.0,agropastoral,3
exchange_rate_lag6,0.0,agropastoral,3
exchange_rate_lag12,0.0,agropastoral,3
exchange_rate_yoy_change,0.00092951505,agropastoral,3
exchange_rate_yoy_change_lag1,0.00087165384,agropastoral,3
exchange_rate_yoy_change_lag3,0.0,agropastoral,3
exchange_rate_yoy_change_lag6,0.0,agropastoral,3
exchange_rate_yoy_change_lag12,0.0,agropastoral,3
gdp_per_capita,0.0,agropastoral,3
gdp_per_capita_yoy_change,0.0,agropastoral,3
iod,0.0,agropastoral,3
mei,0.0020049051,agropastoral,3
nino34,0.0020613184,agropastoral,3
iod_lag1,0.00918183,agropastoral,3
iod_lag3,0.0039192187,agropastoral,3
iod_lag6,0.00088832696,agropastoral,3
mei_lag1,0.0027790638,agropastoral,3
mei_lag3,0.008624266,agropastoral,3
mei_lag6,0.0,agropastoral,3
nino34_lag1,0.0,agropastoral,3
nino34_lag3,0.008608475,agropastoral,3
nino34_lag6,0.0,agropastoral,3
wvg,0.0,agropastoral,3
wvg_lag1yr,0.0012971244,agropastoral,3
wvg_lag2yr,0.011977804,agropastoral,3
wvg_lag3yr,0.0,agropastoral,3
glofas_exceed_20yr,0.006754397,agropastoral,3
glofas_exceed_2yr,0.0026046946,agropastoral,3
seasonal_overlaps_belg,0.0,agropastoral,3
seasonal_overlaps_deyr,0.0,agropastoral,3
seasonal_overlaps_gu,0.0,agropastoral,3
seasonal_overlaps_kiremt,0.0,agropastoral,3
seasonal_precip_prob_above,0.0,agropastoral,3
seasonal_precip_prob_below,0.009885319,agropastoral,3
seasonal_precip_prob_near,0.011959456,agropastoral,3
season_national_belg_meher,0.0,agropastoral,3
season_somali_gu_deyr,0.0,agropastoral,3
months_since_assessment,0.0,crop_farming,3
pct_pastoral,0.0058552264,crop_farming,3
pct_agropastoral,0.0010660263,crop_farming,3
pct_crop_farming,0.0007654622,crop_farming,3
is_harvest_season,0.0023088038,crop_farming,3
is_lean_season,0.013327073,crop_farming,3
is_dry_season,8.551974e-05,crop_farming,3
months_since_harvest_start,3.7808226e-05,crop_farming,3
months_since_lean_start,0.016598107,crop_farming,3
glofas_reach_count,0.00467462,crop_farming,3
agss_surveyed_flag,0.0,crop_farming,3
ipc_lag1,0.080575734,crop_farming,3
ipc_lag4,0.0041288906,crop_farming,3
ipc_lag8,0.009125889,crop_farming,3
ipc_mean12,0.024347562,crop_farming,3
ha_share_lag1,0.0053555686,crop_farming,3
ha_share_lag4,0.0017841773,crop_farming,3
ha_share_lag8,0.0038179345,crop_farming,3
ha_share_mean12,0.009003288,crop_farming,3
total_rainfall_mm,0.004384481,crop_farming,3
wet_days,0.001999977,crop_farming,3
max_dry_spell_length,0.0022498323,crop_farming,3
rainfall_sum_1m,0.0,crop_farming,3
rainfall_sum_3m,0.015899621,crop_farming,3
rainfall_sum_6m,0.01759041,crop_farming,3
rainfall_sum_12m,0.008268789,crop_farming,3
rainfall_sum_24m,0.0051599354,crop_farming,3
spi_1,0.003777518,crop_farming,3
spi_3,0.009581334,crop_farming,3
spi_6,0.016191665,crop_farming,3
spi_12,0.0017665904,crop_farming,3
spi_24,0.0014872722,crop_farming,3
pet_mm,0.003495346,crop_farming,3
sm_root,0.018046793,crop_farming,3
precip_mm,0.0,crop_farming,3
spei_balance_mm,0.001742571,crop_farming,3
sm_mean_1m,0.0,crop_farming,3
spei_balance_sum_1m,0.0,crop_farming,3
sm_mean_3m,0.019813856,crop_farming,3
spei_balance_sum_3m,0.029566295,crop_farming,3
sm_mean_6m,0.0016190829,crop_farming,3
spei_balance_sum_6m,0.0019518269,crop_farming,3
sm_mean_12m,0.0027934995,crop_farming,3
spei_balance_sum_12m,0.0033153414,crop_farming,3
sm_mean_24m,0.00089586584,crop_farming,3
spei_balance_sum_24m,0.0,crop_farming,3
ssmi_1,0.0043380824,crop_farming,3
ssmi_3,0.007722327,crop_farming,3
ssmi_6,0.012152042,crop_farming,3
ssmi_12,0.0027060113,crop_farming,3
ssmi_24,0.0,crop_farming,3
spei_1,0.002359994,crop_farming,3
spei_3,0.0021338079,crop_farming,3
spei_6,0.0044624466,crop_farming,3
spei_12,0.0050792377,crop_farming,3
spei_24,0.0009795129,crop_farming,3
ndvi,0.0020654022,crop_farming,3
ndvi_anomaly,0.0027757874,crop_farming,3
ndvi_lag1,0.0012513371,crop_farming,3
ndvi_lag3,0.0014508681,crop_farming,3
ndvi_lag6,0.003671143,crop_farming,3
ndvi_lag12,0.002020355,crop_farming,3
ndvi_anomaly_lag1,0.0056312107,crop_farming,3
ndvi_anomaly_lag3,0.002802977,crop_farming,3
ndvi_anomaly_lag6,0.0024018425,crop_farming,3
ndvi_anomaly_lag12,0.0065734084,crop_farming,3
ndvi_cropland,0.0034088644,crop_farming,3
ndvi_cropland_anomaly,0.0019935952,crop_farming,3
ndvi_cropland_lag1,0.0065117544,crop_farming,3
ndvi_cropland_lag3,0.002136689,crop_farming,3
ndvi_cropland_lag6,0.0020443923,crop_farming,3
ndvi_cropland_lag12,0.0031275707,crop_farming,3
ndvi_cropland_anomaly_lag1,0.0021191344,crop_farming,3
ndvi_cropland_anomaly_lag3,0.0036396051,crop_farming,3
ndvi_cropland_anomaly_lag6,0.0011550424,crop_farming,3
ndvi_cropland_anomaly_lag12,0.012265633,crop_farming,3
ndvi_rangeland,0.008590076,crop_farming,3
ndvi_rangeland_anomaly,0.008497193,crop_farming,3
ndvi_rangeland_lag1,0.0048254547,crop_farming,3
ndvi_rangeland_lag3,0.002676645,crop_farming,3
ndvi_rangeland_lag6,0.007389959,crop_farming,3
ndvi_rangeland_lag12,0.003877799,crop_farming,3
ndvi_rangeland_anomaly_lag1,0.004819594,crop_farming,3
ndvi_rangeland_anomaly_lag3,0.0035773676,crop_farming,3
ndvi_rangeland_anomaly_lag6,0.0018900774,crop_farming,3
ndvi_rangeland_anomaly_lag12,0.0054502776,crop_farming,3
acled_event_count,0.0032838765,crop_farming,3
acled_fatalities,0.0,crop_farming,3
acled_event_count_lag1,0.0,crop_farming,3
acled_fatalities_lag1,0.0,crop_farming,3
acled_event_count_lag3,0.0,crop_farming,3
acled_fatalities_lag3,0.0,crop_farming,3
acled_event_count_lag6,0.0,crop_farming,3
acled_fatalities_lag6,0.0,crop_farming,3
acled_event_count_lag12,0.0,crop_farming,3
acled_fatalities_lag12,0.0012114793,crop_farming,3
maize_price_etb,0.0019106185,crop_farming,3
maize_price_etb_lag1,0.008300027,crop_farming,3
maize_price_etb_lag3,0.0012727192,crop_farming,3
maize_price_etb_lag6,0.00249287,crop_farming,3
maize_price_etb_lag12,0.0015251263,crop_farming,3
maize_price_index,0.0,crop_farming,3
maize_price_index_lag1,0.0,crop_farming,3
maize_price_index_lag3,0.0007181197,crop_farming,3
maize_price_index_lag6,0.00092762086,crop_farming,3
maize_price_index_lag12,0.0016785308,crop_farming,3
maize_n_markets,0.001066919,crop_farming,3
wheat_price_etb,0.0027126966,crop_farming,3
wheat_price_etb_lag1,0.0,crop_farming,3
wheat_price_etb_lag3,0.0029783077,crop_farming,3
wheat_price_etb_lag6,0.0030401552,crop_farming,3
wheat_price_etb_lag12,0.0010296108,crop_farming,3
wheat_price_index,0.00236689,crop_farming,3
wheat_price_index_lag1,0.00253714,crop_farming,3
wheat_price_index_lag3,0.0023988704,crop_farming,3
wheat_price_index_lag6,0.0013355444,crop_farming,3
wheat_price_index_lag12,0.0016310046,crop_farming,3
wheat_n_markets,0.0,crop_farming,3
sorghum_price_etb,0.0,crop_farming,3
sorghum_price_etb_lag1,0.0,crop_farming,3
sorghum_price_etb_lag3,0.00085974234,crop_farming,3
sorghum_price_etb_lag6,0.0022935756,crop_farming,3
sorghum_price_etb_lag12,0.00064553437,crop_farming,3
sorghum_price_index,0.0016481698,crop_farming,3
sorghum_price_index_lag1,0.0026892773,crop_farming,3
sorghum_price_index_lag3,0.0028956672,crop_farming,3
sorghum_price_index_lag6,0.0032914514,crop_farming,3
sorghum_price_index_lag12,0.0024296758,crop_farming,3
sorghum_n_markets,0.0,crop_farming,3
teff_price_etb,0.0,crop_farming,3
teff_price_etb_lag1,0.0,crop_farming,3
teff_price_etb_lag3,0.0,crop_farming,3
teff_price_etb_lag6,0.0,crop_farming,3
teff_price_etb_lag12,0.0,crop_farming,3
teff_price_index,0.0,crop_farming,3
teff_price_index_lag1,0.0,crop_farming,3
teff_price_index_lag3,0.0,crop_farming,3
teff_price_index_lag6,0.0,crop_farming,3
teff_price_index_lag12,0.0,crop_farming,3
teff_n_markets,0.0,crop_farming,3
fuel_diesel_price_etb,0.0,crop_farming,3
fuel_diesel_price_etb_lag1,0.0,crop_farming,3
fuel_diesel_price_etb_lag3,0.0,crop_farming,3
fuel_diesel_price_etb_lag6,0.0,crop_farming,3
fuel_diesel_price_etb_lag12,0.0,crop_farming,3
fuel_diesel_price_index,0.0,crop_farming,3
fuel_diesel_price_index_lag1,0.0,crop_farming,3
fuel_diesel_price_index_lag3,0.0,crop_farming,3
fuel_diesel_price_index_lag6,0.0,crop_farming,3
fuel_diesel_price_index_lag12,0.0,crop_farming,3
fuel_diesel_n_markets,0.0,crop_farming,3
fuel_petrol_price_etb,0.0,crop_farming,3
fuel_petrol_price_etb_lag1,0.0,crop_farming,3
fuel_petrol_price_etb_lag3,0.0,crop_farming,3
fuel_petrol_price_etb_lag6,0.0,crop_farming,3
fuel_petrol_price_etb_lag12,0.0,crop_farming,3
fuel_petrol_price_index,0.0,crop_farming,3
fuel_petrol_price_index_lag1,0.0,crop_farming,3
fuel_petrol_price_index_lag3,0.0,crop_farming,3
fuel_petrol_price_index_lag6,0.0,crop_farming,3
fuel_petrol_price_index_lag12,0.0,crop_farming,3
fuel_petrol_n_markets,0.0,crop_farming,3
livestock_goat_price_etb,0.0,crop_farming,3
livestock_goat_price_etb_lag1,0.0,crop_farming,3
livestock_goat_price_etb_lag3,0.0,crop_farming,3
livestock_goat_price_etb_lag6,0.0,crop_farming,3
livestock_goat_price_etb_lag12,0.0,crop_farming,3
livestock_goat_price_index,0.0,crop_farming,3
livestock_goat_price_index_lag1,0.0,crop_farming,3
livestock_goat_price_index_lag3,0.0,crop_farming,3
livestock_goat_price_index_lag6,0.0,crop_farming,3
livestock_goat_price_index_lag12,0.0,crop_farming,3
livestock_goat_n_markets,0.0,crop_farming,3
livestock_sheep_price_etb,0.0,crop_farming,3
livestock_sheep_price_etb_lag1,0.0,crop_farming,3
livestock_sheep_price_etb_lag3,0.0,crop_farming,3
livestock_sheep_price_etb_lag6,0.0,crop_farming,3
livestock_sheep_price_etb_lag12,0.0,crop_farming,3
livestock_sheep_price_index,0.0,crop_farming,3
livestock_sheep_price_index_lag1,0.0,crop_farming,3
livestock_sheep_price_index_lag3,0.0,crop_farming,3
livestock_sheep_price_index_lag6,0.0,crop_farming,3
livestock_sheep_price_index_lag12,0.0,crop_farming,3
livestock_sheep_n_markets,0.0,crop_farming,3
goat_maize_tot,0.0,crop_farming,3
goat_maize_tot_lag1,0.0,crop_farming,3
goat_maize_tot_lag3,0.0,crop_farming,3
goat_maize_tot_lag6,0.0,crop_farming,3
goat_maize_tot_lag12,0.0,crop_farming,3
sheep_maize_tot,0.0,crop_farming,3
sheep_maize_tot_lag1,0.0,crop_farming,3
sheep_maize_tot_lag3,0.0,crop_farming,3
sheep_maize_tot_lag6,0.0,crop_farming,3
sheep_maize_tot_lag12,0.0,crop_farming,3
maize_yield,0.0013279151,crop_farming,3
maize_yield_anomaly,0.0021340393,crop_farming,3
wheat_yield,0.0022253692,crop_farming,3
wheat_yield_anomaly,0.0014173745,crop_farming,3
sorghum_yield,0.0036463873,crop_farming,3
sorghum_yield_anomaly,0.002881128,crop_farming,3
teff_yield,0.0052309986,crop_farming,3
teff_yield_anomaly,0.002584556,crop_farming,3
headline_cpi,0.005255357,crop_farming,3
headline_cpi_lag1,0.0,crop_farming,3
headline_cpi_lag3,0.0015745083,crop_farming,3
headline_cpi_lag6,0.004967492,crop_farming,3
headline_cpi_lag12,0.008935961,crop_farming,3
headline_cpi_yoy_change,0.010241375,crop_farming,3
headline_cpi_yoy_change_lag1,0.006126871,crop_farming,3
headline_cpi_yoy_change_lag3,0.003364227,crop_farming,3
headline_cpi_yoy_change_lag6,0.011061107,crop_farming,3
headline_cpi_yoy_change_lag12,0.004472702,crop_farming,3
food_cpi,0.0,crop_farming,3
food_cpi_lag1,0.0,crop_farming,3
food_cpi_lag3,0.0,crop_farming,3
food_cpi_lag6,0.0,crop_farming,3
food_cpi_lag12,0.031292748,crop_farming,3
food_cpi_yoy_change,0.010015892,crop_farming,3
food_cpi_yoy_change_lag1,0.020714348,crop_farming,3
food_cpi_yoy_change_lag3,0.012073836,crop_farming,3
food_cpi_yoy_change_lag6,0.020060224,crop_farming,3
food_cpi_yoy_change_lag12,0.004078695,crop_farming,3
headline_cpi_chainlinked,0.0,crop_farming,3
headline_cpi_chainlinked_lag1,0.0,crop_farming,3
headline_cpi_chainlinked_lag3,0.0,crop_farming,3
headline_cpi_chainlinked_lag6,0.0,crop_farming,3
headline_cpi_chainlinked_lag12,0.0,crop_farming,3
food_cpi_chainlinked,0.0,crop_farming,3
food_cpi_chainlinked_lag1,0.0,crop_farming,3
food_cpi_chainlinked_lag3,0.0,crop_farming,3
food_cpi_chainlinked_lag6,0.0,crop_farming,3
food_cpi_chainlinked_lag12,0.0,crop_farming,3
exchange_rate,0.0,crop_farming,3
exchange_rate_lag1,0.0,crop_farming,3
exchange_rate_lag3,0.0,crop_farming,3
exchange_rate_lag6,0.0,crop_farming,3
exchange_rate_lag12,0.0,crop_farming,3
exchange_rate_yoy_change,0.013562231,crop_farming,3
exchange_rate_yoy_change_lag1,0.0024254422,crop_farming,3
exchange_rate_yoy_change_lag3,0.010817059,crop_farming,3
exchange_rate_yoy_change_lag6,0.0036458496,crop_farming,3
exchange_rate_yoy_change_lag12,0.0040539475,crop_farming,3
gdp_per_capita,0.0,crop_farming,3
gdp_per_capita_yoy_change,0.010891951,crop_farming,3
iod,0.017769957,crop_farming,3
mei,0.018362025,crop_farming,3
nino34,0.007570099,crop_farming,3
iod_lag1,0.009282946,crop_farming,3
iod_lag3,0.005176436,crop_farming,3
iod_lag6,0.008358446,crop_farming,3
mei_lag1,0.004893069,crop_farming,3
mei_lag3,0.0018401972,crop_farming,3
mei_lag6,0.007077249,crop_farming,3
nino34_lag1,0.0070306202,crop_farming,3
nino34_lag3,0.0037905548,crop_farming,3
nino34_lag6,0.0077598747,crop_farming,3
wvg,0.0096713435,crop_farming,3
wvg_lag1yr,0.0,crop_farming,3
wvg_lag2yr,0.024594057,crop_farming,3
wvg_lag3yr,0.032458063,crop_farming,3
glofas_exceed_20yr,0.0052677407,crop_farming,3
glofas_exceed_2yr,0.002739398,crop_farming,3
seasonal_overlaps_belg,0.0,crop_farming,3
seasonal_overlaps_deyr,0.0,crop_farming,3
seasonal_overlaps_gu,0.0,crop_farming,3
seasonal_overlaps_kiremt,0.0,crop_farming,3
seasonal_precip_prob_above,0.013500982,crop_farming,3
seasonal_precip_prob_below,0.008962294,crop_farming,3
seasonal_precip_prob_near,0.004613691,crop_farming,3
season_benishangul_meher_only,0.0,crop_farming,3
season_national_belg_meher,0.0,crop_farming,3
months_since_assessment,0.0,pastoral,4
pct_pastoral,0.0066828476,pastoral,4
pct_agropastoral,0.008521271,pastoral,4
pct_crop_farming,0.0067979437,pastoral,4
is_harvest_season,0.0011742759,pastoral,4
is_lean_season,0.006151162,pastoral,4
is_dry_season,0.0005569195,pastoral,4
months_since_harvest_start,0.0033167193,pastoral,4
months_since_lean_start,0.008297702,pastoral,4
glofas_reach_count,0.0026028052,pastoral,4
agss_surveyed_flag,0.0028111476,pastoral,4
ipc_lag1,0.051762957,pastoral,4
ipc_lag4,0.00802174,pastoral,4
ipc_lag8,0.005862133,pastoral,4
ipc_mean12,0.010906089,pastoral,4
ha_share_lag1,0.0031427965,pastoral,4
ha_share_lag4,0.0031907829,pastoral,4
ha_share_lag8,0.00545963,pastoral,4
ha_share_mean12,0.002931416,pastoral,4
total_rainfall_mm,0.003015683,pastoral,4
wet_days,0.0023856808,pastoral,4
max_dry_spell_length,0.0015308274,pastoral,4
rainfall_sum_1m,0.0,pastoral,4
rainfall_sum_3m,0.006228977,pastoral,4
rainfall_sum_6m,0.012891769,pastoral,4
rainfall_sum_12m,0.06111815,pastoral,4
rainfall_sum_24m,0.0070944745,pastoral,4
spi_1,0.0017282177,pastoral,4
spi_3,0.010290178,pastoral,4
spi_6,0.020807581,pastoral,4
spi_12,0.025171885,pastoral,4
spi_24,0.0046973126,pastoral,4
pet_mm,0.0010086404,pastoral,4
sm_root,0.0022850765,pastoral,4
precip_mm,0.0,pastoral,4
spei_balance_mm,0.0044694743,pastoral,4
sm_mean_1m,0.0,pastoral,4
spei_balance_sum_1m,0.0,pastoral,4
sm_mean_3m,0.0033692692,pastoral,4
spei_balance_sum_3m,0.003402477,pastoral,4
sm_mean_6m,0.012111531,pastoral,4
spei_balance_sum_6m,0.009804493,pastoral,4
sm_mean_12m,0.04622716,pastoral,4
spei_balance_sum_12m,0.03477321,pastoral,4
sm_mean_24m,0.020326495,pastoral,4
spei_balance_sum_24m,0.021889638,pastoral,4
ssmi_1,0.0011651475,pastoral,4
ssmi_3,0.007604127,pastoral,4
ssmi_6,0.0040568155,pastoral,4
ssmi_12,0.0046403375,pastoral,4
ssmi_24,0.0048312536,pastoral,4
spei_1,0.00293976,pastoral,4
spei_3,0.007189703,pastoral,4
spei_6,0.0066242027,pastoral,4
spei_12,0.05016269,pastoral,4
spei_24,0.0024726698,pastoral,4
ndvi,0.00078297936,pastoral,4
ndvi_anomaly,0.0015513939,pastoral,4
ndvi_lag1,0.0018693542,pastoral,4
ndvi_lag3,0.0030509224,pastoral,4
ndvi_lag6,0.0038497783,pastoral,4
ndvi_lag12,0.0018760855,pastoral,4
ndvi_anomaly_lag1,0.0034323654,pastoral,4
ndvi_anomaly_lag3,0.0023418108,pastoral,4
ndvi_anomaly_lag6,0.0016296625,pastoral,4
ndvi_anomaly_lag12,0.005185011,pastoral,4
ndvi_cropland,0.002867068,pastoral,4
ndvi_cropland_anomaly,0.0012558922,pastoral,4
ndvi_cropland_lag1,0.0028314097,pastoral,4
ndvi_cropland_lag3,0.0036810227,pastoral,4
ndvi_cropland_lag6,0.0019292323,pastoral,4
ndvi_cropland_lag12,0.0022727326,pastoral,4
ndvi_cropland_anomaly_lag1,0.0043028635,pastoral,4
ndvi_cropland_anomaly_lag3,0.0038228591,pastoral,4
ndvi_cropland_anomaly_lag6,0.002631161,pastoral,4
ndvi_cropland_anomaly_lag12,0.004923586,pastoral,4
ndvi_rangeland,0.0014787159,pastoral,4
ndvi_rangeland_anomaly,0.002409964,pastoral,4
ndvi_rangeland_lag1,0.003688663,pastoral,4
ndvi_rangeland_lag3,0.0022359604,pastoral,4
ndvi_rangeland_lag6,0.0016833806,pastoral,4
ndvi_rangeland_lag12,0.0,pastoral,4
ndvi_rangeland_anomaly_lag1,0.003456944,pastoral,4
ndvi_rangeland_anomaly_lag3,0.0030675388,pastoral,4
ndvi_rangeland_anomaly_lag6,0.002676819,pastoral,4
ndvi_rangeland_anomaly_lag12,0.0027514733,pastoral,4
acled_event_count,0.0027340485,pastoral,4
acled_fatalities,0.0031053587,pastoral,4
acled_event_count_lag1,0.0032863277,pastoral,4
acled_fatalities_lag1,0.0028281275,pastoral,4
acled_event_count_lag3,0.00215032,pastoral,4
acled_fatalities_lag3,0.00023720703,pastoral,4
acled_event_count_lag6,0.0009176948,pastoral,4
acled_fatalities_lag6,0.0,pastoral,4
acled_event_count_lag12,0.0021359706,pastoral,4
acled_fatalities_lag12,0.0,pastoral,4
maize_price_etb,0.0,pastoral,4
maize_price_etb_lag1,0.0,pastoral,4
maize_price_etb_lag3,0.00450163,pastoral,4
maize_price_etb_lag6,0.0018742848,pastoral,4
maize_price_etb_lag12,0.008846845,pastoral,4
maize_price_index,0.0,pastoral,4
maize_price_index_lag1,0.0,pastoral,4
maize_price_index_lag3,0.0021024568,pastoral,4
maize_price_index_lag6,0.0,pastoral,4
maize_price_index_lag12,0.0,pastoral,4
maize_n_markets,0.0,pastoral,4
wheat_price_etb,0.0,pastoral,4
wheat_price_etb_lag1,0.0,pastoral,4
wheat_price_etb_lag3,0.0,pastoral,4
wheat_price_etb_lag6,0.0,pastoral,4
wheat_price_etb_lag12,0.0033975935,pastoral,4
wheat_price_index,0.0,pastoral,4
wheat_price_index_lag1,0.0,pastoral,4
wheat_price_index_lag3,0.0,pastoral,4
wheat_price_index_lag6,0.003874807,pastoral,4
wheat_price_index_lag12,0.0035575435,pastoral,4
wheat_n_markets,0.0,pastoral,4
sorghum_price_etb,0.0,pastoral,4
sorghum_price_etb_lag1,0.00079906837,pastoral,4
sorghum_price_etb_lag3,0.0016893334,pastoral,4
sorghum_price_etb_lag6,0.0,pastoral,4
sorghum_price_etb_lag12,0.0062631234,pastoral,4
sorghum_price_index,0.0023639007,pastoral,4
sorghum_price_index_lag1,0.0011692792,pastoral,4
sorghum_price_index_lag3,0.0,pastoral,4
sorghum_price_index_lag6,0.0,pastoral,4
sorghum_price_index_lag12,0.0,pastoral,4
sorghum_n_markets,0.0,pastoral,4
teff_price_etb,0.0,pastoral,4
teff_price_etb_lag1,0.0,pastoral,4
teff_price_etb_lag3,0.0,pastoral,4
teff_price_etb_lag6,0.0,pastoral,4
teff_price_etb_lag12,0.0,pastoral,4
teff_price_index,0.0,pastoral,4
teff_price_index_lag1,0.0,pastoral,4
teff_price_index_lag3,0.0,pastoral,4
teff_price_index_lag6,0.0,pastoral,4
teff_price_index_lag12,0.0,pastoral,4
teff_n_markets,0.0,pastoral,4
fuel_diesel_price_etb,0.0,pastoral,4
fuel_diesel_price_etb_lag1,0.0,pastoral,4
fuel_diesel_price_etb_lag3,0.0,pastoral,4
fuel_diesel_price_etb_lag6,0.0,pastoral,4
fuel_diesel_price_etb_lag12,0.0,pastoral,4
fuel_diesel_price_index,0.0,pastoral,4
fuel_diesel_price_index_lag1,0.0,pastoral,4
fuel_diesel_price_index_lag3,0.0,pastoral,4
fuel_diesel_price_index_lag6,0.0,pastoral,4
fuel_diesel_price_index_lag12,0.0,pastoral,4
fuel_diesel_n_markets,0.0,pastoral,4
fuel_petrol_n_markets,0.0,pastoral,4
livestock_goat_price_etb,0.0,pastoral,4
livestock_goat_price_etb_lag1,0.0,pastoral,4
livestock_goat_price_etb_lag3,0.0,pastoral,4
livestock_goat_price_etb_lag6,0.0,pastoral,4
livestock_goat_price_etb_lag12,0.0,pastoral,4
livestock_goat_price_index,0.0,pastoral,4
livestock_goat_price_index_lag1,0.0,pastoral,4
livestock_goat_price_index_lag3,0.0,pastoral,4
livestock_goat_price_index_lag6,0.0,pastoral,4
livestock_goat_price_index_lag12,0.0,pastoral,4
livestock_goat_n_markets,0.0,pastoral,4
livestock_sheep_price_etb,0.0,pastoral,4
livestock_sheep_price_etb_lag1,0.0,pastoral,4
livestock_sheep_price_etb_lag3,0.0,pastoral,4
livestock_sheep_price_etb_lag6,0.0,pastoral,4
livestock_sheep_price_etb_lag12,0.0,pastoral,4
livestock_sheep_price_index,0.0,pastoral,4
livestock_sheep_price_index_lag1,0.0,pastoral,4
livestock_sheep_price_index_lag3,0.0,pastoral,4
livestock_sheep_price_index_lag6,0.0,pastoral,4
livestock_sheep_price_index_lag12,0.0,pastoral,4
livestock_sheep_n_markets,0.0,pastoral,4
goat_maize_tot,0.0,pastoral,4
goat_maize_tot_lag1,0.0,pastoral,4
goat_maize_tot_lag3,0.0,pastoral,4
goat_maize_tot_lag6,0.0,pastoral,4
goat_maize_tot_lag12,0.0,pastoral,4
sheep_maize_tot,0.0,pastoral,4
sheep_maize_tot_lag1,0.0,pastoral,4
sheep_maize_tot_lag3,0.0,pastoral,4
sheep_maize_tot_lag6,0.0,pastoral,4
sheep_maize_tot_lag12,0.0,pastoral,4
maize_yield,0.0023562245,pastoral,4
maize_yield_anomaly,0.0012409611,pastoral,4
wheat_yield,0.0,pastoral,4
wheat_yield_anomaly,0.0009548822,pastoral,4
sorghum_yield,0.0031136752,pastoral,4
sorghum_yield_anomaly,0.0070229745,pastoral,4
teff_yield,0.0,pastoral,4
teff_yield_anomaly,0.0,pastoral,4
headline_cpi,0.023415398,pastoral,4
headline_cpi_lag1,0.0074178977,pastoral,4
headline_cpi_lag3,0.0037525243,pastoral,4
headline_cpi_lag6,0.010261915,pastoral,4
headline_cpi_lag12,0.0030295348,pastoral,4
headline_cpi_yoy_change,0.011456527,pastoral,4
headline_cpi_yoy_change_lag1,0.013672691,pastoral,4
headline_cpi_yoy_change_lag3,0.0026128744,pastoral,4
headline_cpi_yoy_change_lag6,0.020432783,pastoral,4
headline_cpi_yoy_change_lag12,0.01406503,pastoral,4
food_cpi,0.0,pastoral,4
food_cpi_lag1,0.0024801951,pastoral,4
food_cpi_lag3,0.0,pastoral,4
food_cpi_lag6,0.021663122,pastoral,4
food_cpi_lag12,0.0,pastoral,4
food_cpi_yoy_change,0.003276198,pastoral,4
food_cpi_yoy_change_lag1,0.0018118578,pastoral,4
food_cpi_yoy_change_lag3,0.004121635,pastoral,4
food_cpi_yoy_change_lag6,0.005925098,pastoral,4
food_cpi_yoy_change_lag12,0.0,pastoral,4
headline_cpi_chainlinked,0.0,pastoral,4
headline_cpi_chainlinked_lag1,0.0,pastoral,4
headline_cpi_chainlinked_lag3,0.0,pastoral,4
headline_cpi_chainlinked_lag6,0.0,pastoral,4
headline_cpi_chainlinked_lag12,0.0,pastoral,4
food_cpi_chainlinked,0.0,pastoral,4
food_cpi_chainlinked_lag1,0.0,pastoral,4
food_cpi_chainlinked_lag3,0.0,pastoral,4
food_cpi_chainlinked_lag6,0.0,pastoral,4
food_cpi_chainlinked_lag12,0.0,pastoral,4
exchange_rate,0.0,pastoral,4
exchange_rate_lag1,0.0,pastoral,4
exchange_rate_lag3,0.0,pastoral,4
exchange_rate_lag6,0.0,pastoral,4
exchange_rate_lag12,0.0,pastoral,4
exchange_rate_yoy_change,0.0052164253,pastoral,4
exchange_rate_yoy_change_lag1,0.009006994,pastoral,4
exchange_rate_yoy_change_lag3,9.739965e-05,pastoral,4
exchange_rate_yoy_change_lag6,0.007980421,pastoral,4
exchange_rate_yoy_change_lag12,0.0098571945,pastoral,4
gdp_per_capita,0.0,pastoral,4
gdp_per_capita_yoy_change,0.0,pastoral,4
iod,0.0064028935,pastoral,4
mei,0.0053553567,pastoral,4
nino34,0.015929032,pastoral,4
iod_lag1,0.0057539013,pastoral,4
iod_lag3,0.0074488376,pastoral,4
iod_lag6,0.0035865037,pastoral,4
mei_lag1,0.0,pastoral,4
mei_lag3,0.004847368,pastoral,4
mei_lag6,0.003395157,pastoral,4
nino34_lag1,0.012424075,pastoral,4
nino34_lag3,0.0,pastoral,4
nino34_lag6,0.0033636538,pastoral,4
wvg,0.010277074,pastoral,4
wvg_lag1yr,0.0,pastoral,4
wvg_lag2yr,0.02965001,pastoral,4
wvg_lag3yr,0.0,pastoral,4
season_national_belg_meher,0.011446902,pastoral,4
season_somali_gu_deyr,0.0,pastoral,4
months_since_assessment,0.0,agropastoral,4
pct_pastoral,0.001404506,agropastoral,4
pct_agropastoral,0.017089738,agropastoral,4
pct_crop_farming,0.0063554985,agropastoral,4
is_harvest_season,0.00027156435,agropastoral,4
is_lean_season,0.0012355469,agropastoral,4
is_dry_season,0.0,agropastoral,4
months_since_harvest_start,0.0031524715,agropastoral,4
months_since_lean_start,0.004773824,agropastoral,4
glofas_reach_count,0.002485373,agropastoral,4
agss_surveyed_flag,0.0,agropastoral,4
ipc_lag1,0.043254297,agropastoral,4
ipc_lag4,0.0065157693,agropastoral,4
ipc_lag8,0.03153484,agropastoral,4
ipc_mean12,0.008355524,agropastoral,4
ha_share_lag1,0.00076607656,agropastoral,4
ha_share_lag4,0.0013812638,agropastoral,4
ha_share_lag8,0.008344912,agropastoral,4
ha_share_mean12,0.005493108,agropastoral,4
total_rainfall_mm,0.0008185657,agropastoral,4
wet_days,0.0,agropastoral,4
max_dry_spell_length,0.00923781,agropastoral,4
rainfall_sum_1m,0.0,agropastoral,4
rainfall_sum_3m,0.0016357588,agropastoral,4
rainfall_sum_6m,0.0012828698,agropastoral,4
rainfall_sum_12m,0.14585537,agropastoral,4
rainfall_sum_24m,0.0016631731,agropastoral,4
spi_1,0.012424973,agropastoral,4
spi_3,0.0041955044,agropastoral,4
spi_6,0.008578896,agropastoral,4
spi_12,0.01864751,agropastoral,4
spi_24,0.0068773404,agropastoral,4
pet_mm,0.001224621,agropastoral,4
sm_root,0.0,agropastoral,4
precip_mm,0.0,agropastoral,4
spei_balance_mm,0.0009999082,agropastoral,4
sm_mean_1m,0.0,agropastoral,4
spei_balance_sum_1m,0.0,agropastoral,4
sm_mean_3m,0.01918112,agropastoral,4
spei_balance_sum_3m,0.0,agropastoral,4
sm_mean_6m,0.00091085094,agropastoral,4
spei_balance_sum_6m,0.00933842,agropastoral,4
sm_mean_12m,0.001782748,agropastoral,4
spei_balance_sum_12m,0.018156897,agropastoral,4
sm_mean_24m,0.0017321511,agropastoral,4
spei_balance_sum_24m,0.0019648734,agropastoral,4
ssmi_1,0.007567741,agropastoral,4
ssmi_3,0.005876561,agropastoral,4
ssmi_6,0.037911672,agropastoral,4
ssmi_12,0.0028666502,agropastoral,4
ssmi_24,0.001249743,agropastoral,4
spei_1,0.0020630509,agropastoral,4
spei_3,0.0025705306,agropastoral,4
spei_6,0.04165552,agropastoral,4
spei_12,0.002494316,agropastoral,4
spei_24,0.0051079053,agropastoral,4
ndvi,0.0,agropastoral,4
ndvi_anomaly,0.0010592606,agropastoral,4
ndvi_lag1,0.0013399078,agropastoral,4
ndvi_lag3,0.014874991,agropastoral,4
ndvi_lag6,0.0014751785,agropastoral,4
ndvi_lag12,0.0353488,agropastoral,4
ndvi_anomaly_lag1,0.0058024935,agropastoral,4
ndvi_anomaly_lag3,0.004913848,agropastoral,4
ndvi_anomaly_lag6,0.012584198,agropastoral,4
ndvi_anomaly_lag12,0.0007286719,agropastoral,4
ndvi_cropland,0.00060298847,agropastoral,4
ndvi_cropland_anomaly,0.0011310951,agropastoral,4
ndvi_cropland_lag1,0.0011255067,agropastoral,4
ndvi_cropland_lag3,0.00687517,agropastoral,4
ndvi_cropland_lag6,0.0063007046,agropastoral,4
ndvi_cropland_lag12,0.0012321525,agropastoral,4
ndvi_cropland_anomaly_lag1,0.0062353415,agropastoral,4
ndvi_cropland_anomaly_lag3,0.031361077,agropastoral,4
ndvi_cropland_anomaly_lag6,0.0011478873,agropastoral,4
ndvi_cropland_anomaly_lag12,0.00894801,agropastoral,4
ndvi_rangeland,0.028686488,agropastoral,4
ndvi_rangeland_anomaly,0.015447866,agropastoral,4
ndvi_rangeland_lag1,0.0011368108,agropastoral,4
ndvi_rangeland_lag3,0.00071792235,agropastoral,4
ndvi_rangeland_lag6,0.009681881,agropastoral,4
ndvi_rangeland_lag12,0.0003829995,agropastoral,4
ndvi_rangeland_anomaly_lag1,0.0020128265,agropastoral,4
ndvi_rangeland_anomaly_lag3,0.0029995763,agropastoral,4
ndvi_rangeland_anomaly_lag6,0.005826105,agropastoral,4
ndvi_rangeland_anomaly_lag12,0.0,agropastoral,4
acled_event_count,0.0,agropastoral,4
acled_fatalities,0.00027192975,agropastoral,4
acled_event_count_lag1,0.0,agropastoral,4
acled_fatalities_lag1,0.005549024,agropastoral,4
acled_event_count_lag3,0.0009852645,agropastoral,4
acled_fatalities_lag3,0.0,agropastoral,4
acled_event_count_lag6,0.0029180401,agropastoral,4
acled_fatalities_lag6,0.0,agropastoral,4
acled_event_count_lag12,0.00020548212,agropastoral,4
acled_fatalities_lag12,0.0,agropastoral,4
maize_price_etb,0.008335427,agropastoral,4
maize_price_etb_lag1,0.0008306325,agropastoral,4
maize_price_etb_lag3,0.0,agropastoral,4
maize_price_etb_lag6,0.0038530997,agropastoral,4
maize_price_etb_lag12,0.00036514105,agropastoral,4
maize_price_index,0.0007861223,agropastoral,4
maize_price_index_lag1,0.0,agropastoral,4
maize_price_index_lag3,0.0032016204,agropastoral,4
maize_price_index_lag6,0.00065241434,agropastoral,4
maize_price_index_lag12,0.0014974514,agropastoral,4
maize_n_markets,0.0,agropastoral,4
wheat_price_etb,0.0,agropastoral,4
wheat_price_etb_lag1,0.0,agropastoral,4
wheat_price_etb_lag3,0.0,agropastoral,4
wheat_price_etb_lag6,0.0018343446,agropastoral,4
wheat_price_etb_lag12,0.00027257475,agropastoral,4
wheat_price_index,0.0,agropastoral,4
wheat_price_index_lag1,0.0,agropastoral,4
wheat_price_index_lag3,0.0,agropastoral,4
wheat_price_index_lag6,0.0,agropastoral,4
wheat_price_index_lag12,0.0,agropastoral,4
wheat_n_markets,0.0,agropastoral,4
sorghum_price_etb,0.0,agropastoral,4
sorghum_price_etb_lag1,0.0070457244,agropastoral,4
sorghum_price_etb_lag3,0.00016700916,agropastoral,4
sorghum_price_etb_lag6,0.0043785716,agropastoral,4
sorghum_price_etb_lag12,0.0013240417,agropastoral,4
sorghum_price_index,0.0013723238,agropastoral,4
sorghum_price_index_lag1,0.00050757517,agropastoral,4
sorghum_price_index_lag3,0.007571583,agropastoral,4
sorghum_price_index_lag6,0.0014326989,agropastoral,4
sorghum_price_index_lag12,0.00059719617,agropastoral,4
sorghum_n_markets,0.0,agropastoral,4
teff_price_etb_lag3,0.0,agropastoral,4
teff_n_markets,0.0,agropastoral,4
fuel_diesel_price_etb,0.0,agropastoral,4
fuel_diesel_price_etb_lag1,0.0,agropastoral,4
fuel_diesel_price_etb_lag3,0.0,agropastoral,4
fuel_diesel_price_etb_lag6,0.0,agropastoral,4
fuel_diesel_price_etb_lag12,0.0,agropastoral,4
fuel_diesel_n_markets,0.0,agropastoral,4
fuel_petrol_n_markets,0.0,agropastoral,4
livestock_goat_price_etb,0.0,agropastoral,4
livestock_goat_price_etb_lag1,0.0,agropastoral,4
livestock_goat_price_etb_lag3,0.0,agropastoral,4
livestock_goat_price_etb_lag6,0.0,agropastoral,4
livestock_goat_price_etb_lag12,0.0,agropastoral,4
livestock_goat_price_index,0.0,agropastoral,4
livestock_goat_price_index_lag1,0.0,agropastoral,4
livestock_goat_price_index_lag3,0.0,agropastoral,4
livestock_goat_price_index_lag6,0.0,agropastoral,4
livestock_goat_price_index_lag12,0.0,agropastoral,4
livestock_goat_n_markets,0.0,agropastoral,4
livestock_sheep_price_etb,0.0,agropastoral,4
livestock_sheep_price_etb_lag1,0.0,agropastoral,4
livestock_sheep_price_etb_lag3,0.0,agropastoral,4
livestock_sheep_price_etb_lag6,0.0,agropastoral,4
livestock_sheep_price_etb_lag12,0.0,agropastoral,4
livestock_sheep_price_index,0.0,agropastoral,4
livestock_sheep_price_index_lag1,0.0,agropastoral,4
livestock_sheep_price_index_lag3,0.0,agropastoral,4
livestock_sheep_price_index_lag6,0.0,agropastoral,4
livestock_sheep_price_index_lag12,0.0,agropastoral,4
livestock_sheep_n_markets,0.0,agropastoral,4
goat_maize_tot,0.0,agropastoral,4
goat_maize_tot_lag1,0.0,agropastoral,4
goat_maize_tot_lag3,0.0,agropastoral,4
goat_maize_tot_lag6,0.0,agropastoral,4
goat_maize_tot_lag12,0.0,agropastoral,4
sheep_maize_tot,0.0,agropastoral,4
sheep_maize_tot_lag1,0.0,agropastoral,4
sheep_maize_tot_lag3,0.0007477373,agropastoral,4
sheep_maize_tot_lag6,0.0,agropastoral,4
sheep_maize_tot_lag12,0.0,agropastoral,4
maize_yield,0.0010213279,agropastoral,4
maize_yield_anomaly,0.008186574,agropastoral,4
wheat_yield,0.0,agropastoral,4
wheat_yield_anomaly,0.003500957,agropastoral,4
sorghum_yield,0.009618899,agropastoral,4
sorghum_yield_anomaly,0.029069863,agropastoral,4
teff_yield,0.008530966,agropastoral,4
teff_yield_anomaly,0.0,agropastoral,4
headline_cpi,0.0036410517,agropastoral,4
headline_cpi_lag1,0.0,agropastoral,4
headline_cpi_lag3,0.00046664235,agropastoral,4
headline_cpi_lag6,0.0,agropastoral,4
headline_cpi_lag12,0.0,agropastoral,4
headline_cpi_yoy_change,0.00021536737,agropastoral,4
headline_cpi_yoy_change_lag1,0.0065310868,agropastoral,4
headline_cpi_yoy_change_lag3,0.0072281216,agropastoral,4
headline_cpi_yoy_change_lag6,0.025043948,agropastoral,4
headline_cpi_yoy_change_lag12,0.001711477,agropastoral,4
food_cpi,0.00040188653,agropastoral,4
food_cpi_lag1,0.0,agropastoral,4
food_cpi_lag3,0.0,agropastoral,4
food_cpi_lag6,0.0,agropastoral,4
food_cpi_lag12,0.0072291535,agropastoral,4
food_cpi_yoy_change,0.0,agropastoral,4
food_cpi_yoy_change_lag1,0.0,agropastoral,4
food_cpi_yoy_change_lag3,0.0,agropastoral,4
food_cpi_yoy_change_lag6,0.0,agropastoral,4
food_cpi_yoy_change_lag12,0.023118002,agropastoral,4
headline_cpi_chainlinked,0.0,agropastoral,4
headline_cpi_chainlinked_lag1,0.0,agropastoral,4
headline_cpi_chainlinked_lag3,0.0,agropastoral,4
headline_cpi_chainlinked_lag6,0.0,agropastoral,4
headline_cpi_chainlinked_lag12,0.0,agropastoral,4
food_cpi_chainlinked,0.0,agropastoral,4
food_cpi_chainlinked_lag1,0.0,agropastoral,4
food_cpi_chainlinked_lag3,0.0,agropastoral,4
food_cpi_chainlinked_lag6,0.0,agropastoral,4
food_cpi_chainlinked_lag12,0.0,agropastoral,4
exchange_rate,0.0,agropastoral,4
exchange_rate_lag1,0.0,agropastoral,4
exchange_rate_lag3,0.0,agropastoral,4
exchange_rate_lag6,0.0,agropastoral,4
exchange_rate_lag12,0.0,agropastoral,4
exchange_rate_yoy_change,0.004313918,agropastoral,4
exchange_rate_yoy_change_lag1,0.0,agropastoral,4
exchange_rate_yoy_change_lag3,0.0,agropastoral,4
exchange_rate_yoy_change_lag6,0.00017835855,agropastoral,4
exchange_rate_yoy_change_lag12,0.0022198742,agropastoral,4
gdp_per_capita,0.0,agropastoral,4
gdp_per_capita_yoy_change,0.0,agropastoral,4
iod,0.018304858,agropastoral,4
mei,0.00031498235,agropastoral,4
nino34,0.0,agropastoral,4
iod_lag1,0.0,agropastoral,4
iod_lag3,0.0033401225,agropastoral,4
iod_lag6,0.0008482462,agropastoral,4
mei_lag1,0.002951229,agropastoral,4
mei_lag3,0.00095438573,agropastoral,4
mei_lag6,0.005101102,agropastoral,4
nino34_lag1,0.0,agropastoral,4
nino34_lag3,0.0,agropastoral,4
nino34_lag6,0.007986262,agropastoral,4
wvg,0.021030959,agropastoral,4
wvg_lag1yr,0.0,agropastoral,4
wvg_lag2yr,0.011970256,agropastoral,4
wvg_lag3yr,0.0,agropastoral,4
season_national_belg_meher,0.0,agropastoral,4
season_somali_gu_deyr,0.0,agropastoral,4
months_since_assessment,0.0,crop_farming,4
pct_pastoral,0.0054478915,crop_farming,4
pct_agropastoral,0.0027402972,crop_farming,4
pct_crop_farming,0.006037536,crop_farming,4
is_harvest_season,0.00064210885,crop_farming,4
is_lean_season,0.00042275494,crop_farming,4
is_dry_season,0.00029434386,crop_farming,4
months_since_harvest_start,0.00025828852,crop_farming,4
months_since_lean_start,0.002354254,crop_farming,4
glofas_reach_count,0.007069378,crop_farming,4
agss_surveyed_flag,0.0,crop_farming,4
ipc_lag1,0.030388849,crop_farming,4
ipc_lag4,0.005790118,crop_farming,4
ipc_lag8,0.009100629,crop_farming,4
ipc_mean12,0.086828016,crop_farming,4
ha_share_lag1,0.009079811,crop_farming,4
ha_share_lag4,0.00776032,crop_farming,4
ha_share_lag8,0.0058769733,crop_farming,4
ha_share_mean12,0.016497198,crop_farming,4
total_rainfall_mm,0.012240229,crop_farming,4
wet_days,0.007324719,crop_farming,4
max_dry_spell_length,0.00047798446,crop_farming,4
rainfall_sum_1m,0.0,crop_farming,4
rainfall_sum_3m,0.03172261,crop_farming,4
rainfall_sum_6m,0.005648513,crop_farming,4
rainfall_sum_12m,0.018537706,crop_farming,4
rainfall_sum_24m,0.006868514,crop_farming,4
spi_1,0.0020466023,crop_farming,4
spi_3,0.0034925705,crop_farming,4
spi_6,0.004748304,crop_farming,4
spi_12,0.0032040365,crop_farming,4
spi_24,0.0020347622,crop_farming,4
pet_mm,0.0037234647,crop_farming,4
sm_root,0.0019374146,crop_farming,4
precip_mm,0.0,crop_farming,4
spei_balance_mm,0.02044463,crop_farming,4
sm_mean_1m,0.0,crop_farming,4
spei_balance_sum_1m,0.0,crop_farming,4
sm_mean_3m,0.0048000407,crop_farming,4
spei_balance_sum_3m,0.048294,crop_farming,4
sm_mean_6m,0.0029891522,crop_farming,4
spei_balance_sum_6m,0.033236504,crop_farming,4
sm_mean_12m,0.0023679635,crop_farming,4
spei_balance_sum_12m,0.0059946887,crop_farming,4
sm_mean_24m,0.0034173771,crop_farming,4
spei_balance_sum_24m,0.00441692,crop_farming,4
ssmi_1,0.0063291984,crop_farming,4
ssmi_3,0.0047277515,crop_farming,4
ssmi_6,0.007829359,crop_farming,4
ssmi_12,0.0015555735,crop_farming,4
ssmi_24,0.0018979044,crop_farming,4
spei_1,0.0014390822,crop_farming,4
spei_3,0.0021192355,crop_farming,4
spei_6,0.0024395098,crop_farming,4
spei_12,0.008789618,crop_farming,4
spei_24,0.0022706157,crop_farming,4
ndvi,0.0020837376,crop_farming,4
ndvi_anomaly,0.0056433957,crop_farming,4
ndvi_lag1,0.0015341865,crop_farming,4
ndvi_lag3,0.003180866,crop_farming,4
ndvi_lag6,0.0026959248,crop_farming,4
ndvi_lag12,0.0023380313,crop_farming,4
ndvi_anomaly_lag1,0.0037307867,crop_farming,4
ndvi_anomaly_lag3,0.004670212,crop_farming,4
ndvi_anomaly_lag6,0.0032207933,crop_farming,4
ndvi_anomaly_lag12,0.0032369415,crop_farming,4
ndvi_cropland,0.0046483153,crop_farming,4
ndvi_cropland_anomaly,0.0038879768,crop_farming,4
ndvi_cropland_lag1,0.0024424107,crop_farming,4
ndvi_cropland_lag3,0.002204297,crop_farming,4
ndvi_cropland_lag6,0.0021737225,crop_farming,4
ndvi_cropland_lag12,0.0017058352,crop_farming,4
ndvi_cropland_anomaly_lag1,0.00203852,crop_farming,4
ndvi_cropland_anomaly_lag3,0.0004851646,crop_farming,4
ndvi_cropland_anomaly_lag6,0.002415058,crop_farming,4
ndvi_cropland_anomaly_lag12,0.004209826,crop_farming,4
ndvi_rangeland,0.0066107856,crop_farming,4
ndvi_rangeland_anomaly,0.004944023,crop_farming,4
ndvi_rangeland_lag1,0.005289865,crop_farming,4
ndvi_rangeland_lag3,0.0016013145,crop_farming,4
ndvi_rangeland_lag6,0.008732037,crop_farming,4
ndvi_rangeland_lag12,0.0021534876,crop_farming,4
ndvi_rangeland_anomaly_lag1,0.005959525,crop_farming,4
ndvi_rangeland_anomaly_lag3,0.0029342473,crop_farming,4
ndvi_rangeland_anomaly_lag6,0.0020875474,crop_farming,4
ndvi_rangeland_anomaly_lag12,0.006474561,crop_farming,4
acled_event_count,0.0,crop_farming,4
acled_fatalities,0.0020986164,crop_farming,4
acled_event_count_lag1,0.0,crop_farming,4
acled_fatalities_lag1,0.0,crop_farming,4
acled_event_count_lag3,0.0,crop_farming,4
acled_fatalities_lag3,0.0,crop_farming,4
acled_event_count_lag6,0.002966279,crop_farming,4
acled_fatalities_lag6,0.0018495977,crop_farming,4
acled_event_count_lag12,0.0017089692,crop_farming,4
acled_fatalities_lag12,0.0,crop_farming,4
maize_price_etb,0.0,crop_farming,4
maize_price_etb_lag1,0.0015086913,crop_farming,4
maize_price_etb_lag3,0.0018016613,crop_farming,4
maize_price_etb_lag6,0.0,crop_farming,4
maize_price_etb_lag12,0.0030366243,crop_farming,4
maize_price_index,0.0022166264,crop_farming,4
maize_price_index_lag1,0.0010387187,crop_farming,4
maize_price_index_lag3,0.0008760066,crop_farming,4
maize_price_index_lag6,0.001008373,crop_farming,4
maize_price_index_lag12,0.0012941513,crop_farming,4
maize_n_markets,0.0,crop_farming,4
wheat_price_etb,0.0011902554,crop_farming,4
wheat_price_etb_lag1,0.0031390265,crop_farming,4
wheat_price_etb_lag3,0.0022177421,crop_farming,4
wheat_price_etb_lag6,0.0050260983,crop_farming,4
wheat_price_etb_lag12,0.0011601282,crop_farming,4
wheat_price_index,0.0015215708,crop_farming,4
wheat_price_index_lag1,0.0007122067,crop_farming,4
wheat_price_index_lag3,0.0068985345,crop_farming,4
wheat_price_index_lag6,0.0014952089,crop_farming,4
wheat_price_index_lag12,0.006472108,crop_farming,4
wheat_n_markets,0.0,crop_farming,4
sorghum_price_etb,0.0015357946,crop_farming,4
sorghum_price_etb_lag1,0.0019414094,crop_farming,4
sorghum_price_etb_lag3,0.0046233973,crop_farming,4
sorghum_price_etb_lag6,0.002092575,crop_farming,4
sorghum_price_etb_lag12,0.0,crop_farming,4
sorghum_price_index,0.0017818732,crop_farming,4
sorghum_price_index_lag1,0.0,crop_farming,4
sorghum_price_index_lag3,0.0066914833,crop_farming,4
sorghum_price_index_lag6,0.0039723506,crop_farming,4
sorghum_price_index_lag12,0.00556596,crop_farming,4
sorghum_n_markets,0.0,crop_farming,4
teff_price_etb,0.0,crop_farming,4
teff_price_etb_lag1,0.0,crop_farming,4
teff_price_etb_lag3,0.0,crop_farming,4
teff_price_etb_lag6,0.0,crop_farming,4
teff_price_etb_lag12,0.0,crop_farming,4
teff_price_index,0.0,crop_farming,4
teff_price_index_lag1,0.0,crop_farming,4
teff_price_index_lag3,0.0,crop_farming,4
teff_price_index_lag6,0.0,crop_farming,4
teff_price_index_lag12,0.0,crop_farming,4
teff_n_markets,0.0,crop_farming,4
fuel_diesel_price_etb,0.0,crop_farming,4
fuel_diesel_price_etb_lag1,0.0,crop_farming,4
fuel_diesel_price_etb_lag3,0.0,crop_farming,4
fuel_diesel_price_etb_lag6,0.0,crop_farming,4
fuel_diesel_price_etb_lag12,0.0,crop_farming,4
fuel_diesel_price_index,0.0,crop_farming,4
fuel_diesel_price_index_lag1,0.0,crop_farming,4
fuel_diesel_price_index_lag3,0.0,crop_farming,4
fuel_diesel_price_index_lag6,0.0,crop_farming,4
fuel_diesel_price_index_lag12,0.0,crop_farming,4
fuel_diesel_n_markets,0.0,crop_farming,4
fuel_petrol_price_etb,0.0,crop_farming,4
fuel_petrol_price_etb_lag1,0.0,crop_farming,4
fuel_petrol_price_etb_lag3,0.0,crop_farming,4
fuel_petrol_price_etb_lag6,0.0,crop_farming,4
fuel_petrol_price_etb_lag12,0.0,crop_farming,4
fuel_petrol_price_index,0.0,crop_farming,4
fuel_petrol_price_index_lag1,0.0,crop_farming,4
fuel_petrol_price_index_lag3,0.0,crop_farming,4
fuel_petrol_price_index_lag6,0.0,crop_farming,4
fuel_petrol_price_index_lag12,0.0,crop_farming,4
fuel_petrol_n_markets,0.0,crop_farming,4
livestock_goat_price_etb,0.0,crop_farming,4
livestock_goat_price_etb_lag1,0.0,crop_farming,4
livestock_goat_price_etb_lag3,0.0,crop_farming,4
livestock_goat_price_etb_lag6,0.0,crop_farming,4
livestock_goat_price_etb_lag12,0.0,crop_farming,4
livestock_goat_price_index,0.0,crop_farming,4
livestock_goat_price_index_lag1,0.0,crop_farming,4
livestock_goat_price_index_lag3,0.0,crop_farming,4
livestock_goat_price_index_lag6,0.0,crop_farming,4
livestock_goat_price_index_lag12,0.0,crop_farming,4
livestock_goat_n_markets,0.0,crop_farming,4
livestock_sheep_price_etb,0.0,crop_farming,4
livestock_sheep_price_etb_lag1,0.0,crop_farming,4
livestock_sheep_price_etb_lag3,0.0,crop_farming,4
livestock_sheep_price_etb_lag6,0.0,crop_farming,4
livestock_sheep_price_etb_lag12,0.0,crop_farming,4
livestock_sheep_price_index,0.0,crop_farming,4
livestock_sheep_price_index_lag1,0.0,crop_farming,4
livestock_sheep_price_index_lag3,0.0,crop_farming,4
livestock_sheep_price_index_lag6,0.0,crop_farming,4
livestock_sheep_price_index_lag12,0.0,crop_farming,4
livestock_sheep_n_markets,0.0,crop_farming,4
goat_maize_tot,0.0,crop_farming,4
goat_maize_tot_lag1,0.0,crop_farming,4
goat_maize_tot_lag3,0.0,crop_farming,4
goat_maize_tot_lag6,0.0,crop_farming,4
goat_maize_tot_lag12,0.0,crop_farming,4
sheep_maize_tot,0.0,crop_farming,4
sheep_maize_tot_lag1,0.0,crop_farming,4
sheep_maize_tot_lag3,0.0,crop_farming,4
sheep_maize_tot_lag6,0.0,crop_farming,4
sheep_maize_tot_lag12,0.0,crop_farming,4
maize_yield,0.002050341,crop_farming,4
maize_yield_anomaly,0.0037038724,crop_farming,4
wheat_yield,0.0036981786,crop_farming,4
wheat_yield_anomaly,0.0025156857,crop_farming,4
sorghum_yield,0.0030868284,crop_farming,4
sorghum_yield_anomaly,0.001949362,crop_farming,4
teff_yield,0.0031970108,crop_farming,4
teff_yield_anomaly,0.0032556562,crop_farming,4
headline_cpi,0.022123437,crop_farming,4
headline_cpi_lag1,0.014532596,crop_farming,4
headline_cpi_lag3,0.0,crop_farming,4
headline_cpi_lag6,0.011505457,crop_farming,4
headline_cpi_lag12,0.0037644429,crop_farming,4
headline_cpi_yoy_change,0.008663456,crop_farming,4
headline_cpi_yoy_change_lag1,0.008566298,crop_farming,4
headline_cpi_yoy_change_lag3,0.0028547852,crop_farming,4
headline_cpi_yoy_change_lag6,0.018567657,crop_farming,4
headline_cpi_yoy_change_lag12,0.0022871415,crop_farming,4
food_cpi,0.010904735,crop_farming,4
food_cpi_lag1,0.0,crop_farming,4
food_cpi_lag3,0.0,crop_farming,4
food_cpi_lag6,0.0,crop_farming,4
food_cpi_lag12,0.0,crop_farming,4
food_cpi_yoy_change,0.028260587,crop_farming,4
food_cpi_yoy_change_lag1,0.01915792,crop_farming,4
food_cpi_yoy_change_lag3,0.0027330883,crop_farming,4
food_cpi_yoy_change_lag6,0.0029294023,crop_farming,4
food_cpi_yoy_change_lag12,0.0,crop_farming,4
headline_cpi_chainlinked,0.0,crop_farming,4
headline_cpi_chainlinked_lag1,0.0,crop_farming,4
headline_cpi_chainlinked_lag3,0.0,crop_farming,4
headline_cpi_chainlinked_lag6,0.0,crop_farming,4
headline_cpi_chainlinked_lag12,0.0,crop_farming,4
food_cpi_chainlinked,0.0,crop_farming,4
food_cpi_chainlinked_lag1,0.0,crop_farming,4
food_cpi_chainlinked_lag3,0.0,crop_farming,4
food_cpi_chainlinked_lag6,0.0,crop_farming,4
food_cpi_chainlinked_lag12,0.0,crop_farming,4
exchange_rate,0.0,crop_farming,4
exchange_rate_lag1,0.0,crop_farming,4
exchange_rate_lag3,0.0,crop_farming,4
exchange_rate_lag6,0.0,crop_farming,4
exchange_rate_lag12,0.0,crop_farming,4
exchange_rate_yoy_change,0.003594184,crop_farming,4
exchange_rate_yoy_change_lag1,0.0057185604,crop_farming,4
exchange_rate_yoy_change_lag3,0.003018559,crop_farming,4
exchange_rate_yoy_change_lag6,0.007333694,crop_farming,4
exchange_rate_yoy_change_lag12,0.011510564,crop_farming,4
gdp_per_capita,0.0,crop_farming,4
gdp_per_capita_yoy_change,0.0,crop_farming,4
iod,0.0088279415,crop_farming,4
mei,0.014519877,crop_farming,4
nino34,0.0026427663,crop_farming,4
iod_lag1,0.008634206,crop_farming,4
iod_lag3,0.011519284,crop_farming,4
iod_lag6,0.007712755,crop_farming,4
mei_lag1,0.0,crop_farming,4
mei_lag3,0.018641388,crop_farming,4
mei_lag6,0.0035975634,crop_farming,4
nino34_lag1,0.02293875,crop_farming,4
nino34_lag3,0.008281306,crop_farming,4
nino34_lag6,0.011839185,crop_farming,4
wvg,0.0,crop_farming,4
wvg_lag1yr,0.0048008915,crop_farming,4
wvg_lag2yr,0.0021201225,crop_farming,4
wvg_lag3yr,0.009394547,crop_farming,4
season_benishangul_meher_only,0.002315178,crop_farming,4
season_national_belg_meher,0.0,crop_farming,4
months_since_assessment,0.0,pastoral,8
pct_pastoral,0.007248424,pastoral,8
pct_agropastoral,0.006392297,pastoral,8
pct_crop_farming,0.005443681,pastoral,8
is_harvest_season,6.69909e-05,pastoral,8
is_lean_season,0.001216933,pastoral,8
is_dry_season,0.0011565838,pastoral,8
months_since_harvest_start,0.0007527685,pastoral,8
months_since_lean_start,0.005561084,pastoral,8
glofas_reach_count,0.0058552893,pastoral,8
agss_surveyed_flag,0.0067343963,pastoral,8
ipc_lag1,0.016690148,pastoral,8
ipc_lag4,0.00986557,pastoral,8
ipc_lag8,0.0024485434,pastoral,8
ipc_mean12,0.02084884,pastoral,8
ha_share_lag1,0.0021645422,pastoral,8
ha_share_lag4,0.002834724,pastoral,8
ha_share_lag8,0.0058973045,pastoral,8
ha_share_mean12,0.0034148386,pastoral,8
total_rainfall_mm,0.0011522592,pastoral,8
wet_days,0.0019265793,pastoral,8
max_dry_spell_length,0.0027218068,pastoral,8
rainfall_sum_1m,0.0,pastoral,8
rainfall_sum_3m,0.002795582,pastoral,8
rainfall_sum_6m,0.0016715894,pastoral,8
rainfall_sum_12m,0.005085252,pastoral,8
rainfall_sum_24m,0.0194624,pastoral,8
spi_1,0.0017853772,pastoral,8
spi_3,0.0021374556,pastoral,8
spi_6,0.033210352,pastoral,8
spi_12,0.0064215767,pastoral,8
spi_24,0.009444375,pastoral,8
pet_mm,0.0111640375,pastoral,8
sm_root,0.024044642,pastoral,8
precip_mm,0.0,pastoral,8
spei_balance_mm,0.006058182,pastoral,8
sm_mean_1m,0.0,pastoral,8
spei_balance_sum_1m,0.0,pastoral,8
sm_mean_3m,0.021256091,pastoral,8
spei_balance_sum_3m,0.0020705832,pastoral,8
sm_mean_6m,0.008201433,pastoral,8
spei_balance_sum_6m,0.009914184,pastoral,8
sm_mean_12m,0.0065189535,pastoral,8
spei_balance_sum_12m,0.10148311,pastoral,8
sm_mean_24m,0.052721616,pastoral,8
spei_balance_sum_24m,0.020549117,pastoral,8
ssmi_1,0.004699155,pastoral,8
ssmi_3,0.009962846,pastoral,8
ssmi_6,0.007520925,pastoral,8
ssmi_12,0.007828484,pastoral,8
ssmi_24,0.007373358,pastoral,8
spei_1,0.0039468035,pastoral,8
spei_3,0.0022108012,pastoral,8
spei_6,0.013834292,pastoral,8
spei_12,0.0058874628,pastoral,8
spei_24,0.0023271507,pastoral,8
ndvi,0.0035570299,pastoral,8
ndvi_anomaly,0.0013960084,pastoral,8
ndvi_lag1,0.004933334,pastoral,8
ndvi_lag3,0.0022711325,pastoral,8
ndvi_lag6,0.004550702,pastoral,8
ndvi_lag12,0.0019587462,pastoral,8
ndvi_anomaly_lag1,0.001191083,pastoral,8
ndvi_anomaly_lag3,0.001855003,pastoral,8
ndvi_anomaly_lag6,0.0016552929,pastoral,8
ndvi_anomaly_lag12,0.0017718509,pastoral,8
ndvi_cropland,0.0037388997,pastoral,8
ndvi_cropland_anomaly,0.004057619,pastoral,8
ndvi_cropland_lag1,0.0030210458,pastoral,8
ndvi_cropland_lag3,0.0045054555,pastoral,8
ndvi_cropland_lag6,0.0029443745,pastoral,8
ndvi_cropland_lag12,0.0026534833,pastoral,8
ndvi_cropland_anomaly_lag1,0.0024533158,pastoral,8
ndvi_cropland_anomaly_lag3,0.0018491478,pastoral,8
ndvi_cropland_anomaly_lag6,0.0024474617,pastoral,8
ndvi_cropland_anomaly_lag12,0.0024859863,pastoral,8
ndvi_rangeland,0.0022326375,pastoral,8
ndvi_rangeland_anomaly,0.004082534,pastoral,8
ndvi_rangeland_lag1,0.0029667772,pastoral,8
ndvi_rangeland_lag3,0.0018698528,pastoral,8
ndvi_rangeland_lag6,0.002296725,pastoral,8
ndvi_rangeland_lag12,0.0032222539,pastoral,8
ndvi_rangeland_anomaly_lag1,0.0024505001,pastoral,8
ndvi_rangeland_anomaly_lag3,0.0013578426,pastoral,8
ndvi_rangeland_anomaly_lag6,0.0038216326,pastoral,8
ndvi_rangeland_anomaly_lag12,0.006709088,pastoral,8
acled_event_count,0.0,pastoral,8
acled_fatalities,0.0024466885,pastoral,8
acled_event_count_lag1,0.0015220843,pastoral,8
acled_fatalities_lag1,0.0,pastoral,8
acled_event_count_lag3,0.0,pastoral,8
acled_fatalities_lag3,0.0,pastoral,8
acled_event_count_lag6,0.0,pastoral,8
acled_fatalities_lag6,0.0,pastoral,8
acled_event_count_lag12,0.0,pastoral,8
acled_fatalities_lag12,0.0,pastoral,8
maize_price_etb,0.0069829603,pastoral,8
maize_price_etb_lag1,0.0,pastoral,8
maize_price_etb_lag3,0.0,pastoral,8
maize_price_etb_lag6,0.0,pastoral,8
maize_price_etb_lag12,0.0,pastoral,8
maize_price_index,0.0,pastoral,8
maize_price_index_lag1,0.0014125413,pastoral,8
maize_price_index_lag3,0.005785811,pastoral,8
maize_price_index_lag6,0.0,pastoral,8
maize_price_index_lag12,0.003790258,pastoral,8
maize_n_markets,0.011016816,pastoral,8
wheat_price_etb,0.0,pastoral,8
wheat_price_etb_lag1,0.0,pastoral,8
wheat_price_etb_lag3,0.0030551157,pastoral,8
wheat_price_etb_lag6,0.0029049576,pastoral,8
wheat_price_etb_lag12,0.0027468803,pastoral,8
wheat_price_index,0.0,pastoral,8
wheat_price_index_lag1,0.0022977646,pastoral,8
wheat_price_index_lag3,0.004328084,pastoral,8
wheat_price_index_lag6,0.008784917,pastoral,8
wheat_price_index_lag12,0.004073453,pastoral,8
wheat_n_markets,0.0,pastoral,8
sorghum_price_etb,0.0,pastoral,8
sorghum_price_etb_lag1,0.0,pastoral,8
sorghum_price_etb_lag3,0.0,pastoral,8
sorghum_price_etb_lag6,0.0031328246,pastoral,8
sorghum_price_etb_lag12,0.0,pastoral,8
sorghum_price_index,0.004116979,pastoral,8
sorghum_price_index_lag1,0.0,pastoral,8
sorghum_price_index_lag3,0.0,pastoral,8
sorghum_price_index_lag6,0.0,pastoral,8
sorghum_price_index_lag12,0.0,pastoral,8
sorghum_n_markets,0.0,pastoral,8
teff_price_etb,0.0,pastoral,8
teff_price_etb_lag1,0.0,pastoral,8
teff_price_etb_lag3,0.0,pastoral,8
teff_price_etb_lag6,0.0,pastoral,8
teff_price_etb_lag12,0.0,pastoral,8
teff_price_index,0.0,pastoral,8
teff_price_index_lag1,0.0,pastoral,8
teff_price_index_lag3,0.0,pastoral,8
teff_price_index_lag6,0.0,pastoral,8
teff_price_index_lag12,0.0,pastoral,8
teff_n_markets,0.0,pastoral,8
fuel_diesel_price_etb,0.0,pastoral,8
fuel_diesel_price_etb_lag1,0.0,pastoral,8
fuel_diesel_price_etb_lag3,0.0,pastoral,8
fuel_diesel_price_etb_lag6,0.0,pastoral,8
fuel_diesel_price_etb_lag12,0.0,pastoral,8
fuel_diesel_price_index,0.0,pastoral,8
fuel_diesel_price_index_lag1,0.0,pastoral,8
fuel_diesel_price_index_lag3,0.0,pastoral,8
fuel_diesel_price_index_lag6,0.0,pastoral,8
fuel_diesel_price_index_lag12,0.0,pastoral,8
fuel_diesel_n_markets,0.0,pastoral,8
fuel_petrol_n_markets,0.0,pastoral,8
livestock_goat_price_etb,0.0,pastoral,8
livestock_goat_price_etb_lag1,0.0,pastoral,8
livestock_goat_price_etb_lag3,0.0,pastoral,8
livestock_goat_price_etb_lag6,0.0,pastoral,8
livestock_goat_price_etb_lag12,0.0,pastoral,8
livestock_goat_price_index,0.0,pastoral,8
livestock_goat_price_index_lag1,0.0,pastoral,8
livestock_goat_price_index_lag3,0.0,pastoral,8
livestock_goat_price_index_lag6,0.0,pastoral,8
livestock_goat_price_index_lag12,0.0,pastoral,8
livestock_goat_n_markets,0.0,pastoral,8
livestock_sheep_price_etb,0.0,pastoral,8
livestock_sheep_price_etb_lag1,0.0,pastoral,8
livestock_sheep_price_etb_lag3,0.0,pastoral,8
livestock_sheep_price_etb_lag6,0.0,pastoral,8
livestock_sheep_price_etb_lag12,0.0,pastoral,8
livestock_sheep_price_index,0.0,pastoral,8
livestock_sheep_price_index_lag1,0.0,pastoral,8
livestock_sheep_price_index_lag3,0.0,pastoral,8
livestock_sheep_price_index_lag6,0.0,pastoral,8
livestock_sheep_price_index_lag12,0.0,pastoral,8
livestock_sheep_n_markets,0.0,pastoral,8
goat_maize_tot,0.0,pastoral,8
goat_maize_tot_lag1,0.0018871629,pastoral,8
goat_maize_tot_lag3,0.0,pastoral,8
goat_maize_tot_lag6,0.0,pastoral,8
goat_maize_tot_lag12,0.0,pastoral,8
sheep_maize_tot,0.0,pastoral,8
sheep_maize_tot_lag1,0.0,pastoral,8
sheep_maize_tot_lag3,0.0,pastoral,8
sheep_maize_tot_lag6,0.0,pastoral,8
sheep_maize_tot_lag12,0.0,pastoral,8
maize_yield,0.004845149,pastoral,8
maize_yield_anomaly,0.0039686635,pastoral,8
wheat_yield,0.0055741323,pastoral,8
wheat_yield_anomaly,0.0059899017,pastoral,8
sorghum_yield,0.016228525,pastoral,8
sorghum_yield_anomaly,0.0,pastoral,8
teff_yield,0.0,pastoral,8
teff_yield_anomaly,0.003834587,pastoral,8
headline_cpi,0.022736158,pastoral,8
headline_cpi_lag1,0.0073383567,pastoral,8
headline_cpi_lag3,0.0135172075,pastoral,8
headline_cpi_lag6,0.005081887,pastoral,8
headline_cpi_lag12,0.032160845,pastoral,8
headline_cpi_yoy_change,0.0,pastoral,8
headline_cpi_yoy_change_lag1,0.0055987383,pastoral,8
headline_cpi_yoy_change_lag3,0.0036756038,pastoral,8
headline_cpi_yoy_change_lag6,0.005623999,pastoral,8
headline_cpi_yoy_change_lag12,0.0066290298,pastoral,8
food_cpi,0.005321023,pastoral,8
food_cpi_lag1,0.005027416,pastoral,8
food_cpi_lag3,0.0,pastoral,8
food_cpi_lag6,0.0,pastoral,8
food_cpi_lag12,0.0,pastoral,8
food_cpi_yoy_change,0.0085365055,pastoral,8
food_cpi_yoy_change_lag1,0.0,pastoral,8
food_cpi_yoy_change_lag3,0.0,pastoral,8
food_cpi_yoy_change_lag6,0.011507261,pastoral,8
food_cpi_yoy_change_lag12,0.0023959444,pastoral,8
headline_cpi_chainlinked,0.0,pastoral,8
headline_cpi_chainlinked_lag1,0.0,pastoral,8
headline_cpi_chainlinked_lag3,0.0,pastoral,8
headline_cpi_chainlinked_lag6,0.0,pastoral,8
headline_cpi_chainlinked_lag12,0.0,pastoral,8
food_cpi_chainlinked,0.0,pastoral,8
food_cpi_chainlinked_lag1,0.0,pastoral,8
food_cpi_chainlinked_lag3,0.0,pastoral,8
food_cpi_chainlinked_lag6,0.0,pastoral,8
food_cpi_chainlinked_lag12,0.0,pastoral,8
exchange_rate,0.0,pastoral,8
exchange_rate_lag1,0.0,pastoral,8
exchange_rate_lag3,0.0,pastoral,8
exchange_rate_lag6,0.0,pastoral,8
exchange_rate_lag12,0.0,pastoral,8
exchange_rate_yoy_change,0.005871929,pastoral,8
exchange_rate_yoy_change_lag1,0.0038441196,pastoral,8
exchange_rate_yoy_change_lag3,0.017164575,pastoral,8
exchange_rate_yoy_change_lag6,0.0,pastoral,8
exchange_rate_yoy_change_lag12,0.0041317088,pastoral,8
gdp_per_capita,0.0,pastoral,8
gdp_per_capita_yoy_change,0.0,pastoral,8
iod,0.0038592215,pastoral,8
mei,0.012227445,pastoral,8
nino34,0.009393424,pastoral,8
iod_lag1,0.010788482,pastoral,8
iod_lag3,0.0072290087,pastoral,8
iod_lag6,0.0,pastoral,8
mei_lag1,0.0,pastoral,8
mei_lag3,0.0,pastoral,8
mei_lag6,0.010243171,pastoral,8
nino34_lag1,0.031149425,pastoral,8
nino34_lag3,0.0018396911,pastoral,8
nino34_lag6,0.0,pastoral,8
wvg,0.0,pastoral,8
wvg_lag1yr,0.0,pastoral,8
wvg_lag2yr,0.0,pastoral,8
wvg_lag3yr,0.0,pastoral,8
season_national_belg_meher,0.028094035,pastoral,8
season_somali_gu_deyr,0.0,pastoral,8
months_since_assessment,0.0,agropastoral,8
pct_pastoral,0.00020575209,agropastoral,8
pct_agropastoral,0.03462862,agropastoral,8
pct_crop_farming,0.0054632397,agropastoral,8
is_harvest_season,0.00016097477,agropastoral,8
is_lean_season,0.0,agropastoral,8
is_dry_season,0.003090557,agropastoral,8
months_since_harvest_start,0.0018684815,agropastoral,8
months_since_lean_start,0.004271537,agropastoral,8
glofas_reach_count,0.000918464,agropastoral,8
agss_surveyed_flag,0.0,agropastoral,8
ipc_lag1,0.065941855,agropastoral,8
ipc_lag4,0.005378972,agropastoral,8
ipc_lag8,0.012735723,agropastoral,8
ipc_mean12,0.0072853793,agropastoral,8
ha_share_lag1,0.0017020836,agropastoral,8
ha_share_lag4,0.0044841934,agropastoral,8
ha_share_lag8,0.0012102213,agropastoral,8
ha_share_mean12,0.0035759383,agropastoral,8
total_rainfall_mm,0.0026376292,agropastoral,8
wet_days,0.0008789225,agropastoral,8
max_dry_spell_length,0.0009885243,agropastoral,8
rainfall_sum_1m,0.0,agropastoral,8
rainfall_sum_3m,0.0015994237,agropastoral,8
rainfall_sum_6m,0.0009833329,agropastoral,8
rainfall_sum_12m,0.015967237,agropastoral,8
rainfall_sum_24m,0.0059516164,agropastoral,8
spi_1,0.00044297866,agropastoral,8
spi_3,0.0034087817,agropastoral,8
spi_6,0.010820446,agropastoral,8
spi_12,0.01020782,agropastoral,8
spi_24,0.009401182,agropastoral,8
pet_mm,0.01510495,agropastoral,8
sm_root,0.0042410437,agropastoral,8
precip_mm,0.0,agropastoral,8
spei_balance_mm,0.018914392,agropastoral,8
sm_mean_1m,0.0,agropastoral,8
spei_balance_sum_1m,0.0,agropastoral,8
sm_mean_3m,0.07308172,agropastoral,8
spei_balance_sum_3m,0.0057041654,agropastoral,8
sm_mean_6m,0.024173357,agropastoral,8
spei_balance_sum_6m,0.0021157109,agropastoral,8
sm_mean_12m,0.018962706,agropastoral,8
spei_balance_sum_12m,0.003996254,agropastoral,8
sm_mean_24m,0.007086139,agropastoral,8
spei_balance_sum_24m,0.01573079,agropastoral,8
ssmi_1,0.0001875691,agropastoral,8
ssmi_3,0.0015568631,agropastoral,8
ssmi_6,0.0036627946,agropastoral,8
ssmi_12,0.013186692,agropastoral,8
ssmi_24,0.009014331,agropastoral,8
spei_1,0.0013927367,agropastoral,8
spei_3,0.0018256779,agropastoral,8
spei_6,0.0041498505,agropastoral,8
spei_12,0.0024915447,agropastoral,8
spei_24,0.0018348745,agropastoral,8
ndvi,0.0018308267,agropastoral,8
ndvi_anomaly,0.0035485732,agropastoral,8
ndvi_lag1,0.002828044,agropastoral,8
ndvi_lag3,0.0010711573,agropastoral,8
ndvi_lag6,0.0022781915,agropastoral,8
ndvi_lag12,0.00025545695,agropastoral,8
ndvi_anomaly_lag1,0.0012366895,agropastoral,8
ndvi_anomaly_lag3,0.006586783,agropastoral,8
ndvi_anomaly_lag6,0.00316317,agropastoral,8
ndvi_anomaly_lag12,0.005378928,agropastoral,8
ndvi_cropland,0.0,agropastoral,8
ndvi_cropland_anomaly,0.0009820526,agropastoral,8
ndvi_cropland_lag1,0.0015063339,agropastoral,8
ndvi_cropland_lag3,0.004736011,agropastoral,8
ndvi_cropland_lag6,0.0010250362,agropastoral,8
ndvi_cropland_lag12,0.0015703529,agropastoral,8
ndvi_cropland_anomaly_lag1,0.0026331218,agropastoral,8
ndvi_cropland_anomaly_lag3,0.0005885411,agropastoral,8
ndvi_cropland_anomaly_lag6,0.0034780055,agropastoral,8
ndvi_cropland_anomaly_lag12,0.0062641567,agropastoral,8
ndvi_rangeland,0.007686272,agropastoral,8
ndvi_rangeland_anomaly,0.002508326,agropastoral,8
ndvi_rangeland_lag1,0.02475309,agropastoral,8
ndvi_rangeland_lag3,0.0031629417,agropastoral,8
ndvi_rangeland_lag6,0.002409421,agropastoral,8
ndvi_rangeland_lag12,0.0018857489,agropastoral,8
ndvi_rangeland_anomaly_lag1,0.0021879948,agropastoral,8
ndvi_rangeland_anomaly_lag3,0.0,agropastoral,8
ndvi_rangeland_anomaly_lag6,0.000625789,agropastoral,8
ndvi_rangeland_anomaly_lag12,0.0017284269,agropastoral,8
acled_event_count,0.0016351294,agropastoral,8
acled_fatalities,0.0,agropastoral,8
acled_event_count_lag1,0.0,agropastoral,8
acled_fatalities_lag1,0.0012954453,agropastoral,8
acled_event_count_lag3,0.0,agropastoral,8
acled_fatalities_lag3,0.0,agropastoral,8
acled_event_count_lag6,0.0,agropastoral,8
acled_fatalities_lag6,0.0,agropastoral,8
acled_event_count_lag12,0.0025082466,agropastoral,8
acled_fatalities_lag12,0.0,agropastoral,8
maize_price_etb,0.009223351,agropastoral,8
maize_price_etb_lag1,0.0,agropastoral,8
maize_price_etb_lag3,0.010131023,agropastoral,8
maize_price_etb_lag6,0.0049659004,agropastoral,8
maize_price_etb_lag12,0.0045882384,agropastoral,8
maize_price_index,0.004090775,agropastoral,8
maize_price_index_lag1,0.027108125,agropastoral,8
maize_price_index_lag3,0.002555757,agropastoral,8
maize_price_index_lag6,0.00518337,agropastoral,8
maize_price_index_lag12,0.0,agropastoral,8
maize_n_markets,0.0,agropastoral,8
wheat_price_etb,0.0,agropastoral,8
wheat_price_etb_lag1,0.0,agropastoral,8
wheat_price_etb_lag3,0.00030789725,agropastoral,8
wheat_price_etb_lag6,0.0,agropastoral,8
wheat_price_etb_lag12,0.0035988253,agropastoral,8
wheat_price_index,0.0,agropastoral,8
wheat_price_index_lag1,0.0,agropastoral,8
wheat_price_index_lag3,0.00018543619,agropastoral,8
wheat_price_index_lag6,0.009113107,agropastoral,8
wheat_price_index_lag12,0.0020801804,agropastoral,8
wheat_n_markets,0.0,agropastoral,8
sorghum_price_etb,0.00074523315,agropastoral,8
sorghum_price_etb_lag1,0.019555679,agropastoral,8
sorghum_price_etb_lag3,0.001996946,agropastoral,8
sorghum_price_etb_lag6,0.0051048095,agropastoral,8
sorghum_price_etb_lag12,0.00021479104,agropastoral,8
sorghum_price_index,0.0019141965,agropastoral,8
sorghum_price_index_lag1,0.0016425704,agropastoral,8
sorghum_price_index_lag3,0.004382649,agropastoral,8
sorghum_price_index_lag6,0.0018063473,agropastoral,8
sorghum_price_index_lag12,0.0032241696,agropastoral,8
sorghum_n_markets,0.0,agropastoral,8
teff_price_etb_lag3,0.0,agropastoral,8
teff_n_markets,0.0,agropastoral,8
fuel_diesel_price_etb,0.0,agropastoral,8
fuel_diesel_price_etb_lag1,0.0,agropastoral,8
fuel_diesel_price_etb_lag3,0.0,agropastoral,8
fuel_diesel_price_etb_lag6,0.0,agropastoral,8
fuel_diesel_price_etb_lag12,0.0,agropastoral,8
fuel_diesel_n_markets,0.0,agropastoral,8
fuel_petrol_n_markets,0.0,agropastoral,8
livestock_goat_price_etb,0.0010285128,agropastoral,8
livestock_goat_price_etb_lag1,0.0,agropastoral,8
livestock_goat_price_etb_lag3,0.0,agropastoral,8
livestock_goat_price_etb_lag6,0.0,agropastoral,8
livestock_goat_price_etb_lag12,0.0,agropastoral,8
livestock_goat_price_index,0.0,agropastoral,8
livestock_goat_price_index_lag1,0.0,agropastoral,8
livestock_goat_price_index_lag3,0.0,agropastoral,8
livestock_goat_price_index_lag6,0.0,agropastoral,8
livestock_goat_price_index_lag12,0.0,agropastoral,8
livestock_goat_n_markets,0.0,agropastoral,8
livestock_sheep_price_etb,0.0,agropastoral,8
livestock_sheep_price_etb_lag1,0.0,agropastoral,8
livestock_sheep_price_etb_lag3,0.0,agropastoral,8
livestock_sheep_price_etb_lag6,0.0,agropastoral,8
livestock_sheep_price_etb_lag12,0.0,agropastoral,8
livestock_sheep_price_index,0.0,agropastoral,8
livestock_sheep_price_index_lag1,0.0,agropastoral,8
livestock_sheep_price_index_lag3,0.0,agropastoral,8
livestock_sheep_price_index_lag6,0.0,agropastoral,8
livestock_sheep_price_index_lag12,0.0,agropastoral,8
livestock_sheep_n_markets,0.0,agropastoral,8
goat_maize_tot,0.0,agropastoral,8
goat_maize_tot_lag1,0.0,agropastoral,8
goat_maize_tot_lag3,0.0,agropastoral,8
goat_maize_tot_lag6,0.0,agropastoral,8
goat_maize_tot_lag12,0.0,agropastoral,8
sheep_maize_tot,0.0,agropastoral,8
sheep_maize_tot_lag1,0.0,agropastoral,8
sheep_maize_tot_lag3,0.0,agropastoral,8
sheep_maize_tot_lag6,0.0,agropastoral,8
sheep_maize_tot_lag12,0.0,agropastoral,8
maize_yield,0.007124411,agropastoral,8
maize_yield_anomaly,0.00035825805,agropastoral,8
wheat_yield,0.0,agropastoral,8
wheat_yield_anomaly,0.0,agropastoral,8
sorghum_yield,0.017743312,agropastoral,8
sorghum_yield_anomaly,0.014858429,agropastoral,8
teff_yield,0.0048823776,agropastoral,8
teff_yield_anomaly,0.0027432542,agropastoral,8
headline_cpi,0.0,agropastoral,8
headline_cpi_lag1,0.0,agropastoral,8
headline_cpi_lag3,0.0031754621,agropastoral,8
headline_cpi_lag6,0.0,agropastoral,8
headline_cpi_lag12,0.034866985,agropastoral,8
headline_cpi_yoy_change,0.015495746,agropastoral,8
headline_cpi_yoy_change_lag1,0.008016089,agropastoral,8
headline_cpi_yoy_change_lag3,0.042270433,agropastoral,8
headline_cpi_yoy_change_lag6,0.012277331,agropastoral,8
headline_cpi_yoy_change_lag12,0.013512123,agropastoral,8
food_cpi,0.0,agropastoral,8
food_cpi_lag1,0.0,agropastoral,8
food_cpi_lag3,0.0,agropastoral,8
food_cpi_lag6,0.004723961,agropastoral,8
food_cpi_lag12,0.0,agropastoral,8
food_cpi_yoy_change,0.004883135,agropastoral,8
food_cpi_yoy_change_lag1,0.0,agropastoral,8
food_cpi_yoy_change_lag3,0.0,agropastoral,8
food_cpi_yoy_change_lag6,5.5981203e-05,agropastoral,8
food_cpi_yoy_change_lag12,0.012601589,agropastoral,8
headline_cpi_chainlinked,0.0,agropastoral,8
headline_cpi_chainlinked_lag1,0.0,agropastoral,8
headline_cpi_chainlinked_lag3,0.0,agropastoral,8
headline_cpi_chainlinked_lag6,0.0,agropastoral,8
headline_cpi_chainlinked_lag12,0.0,agropastoral,8
food_cpi_chainlinked,0.0,agropastoral,8
food_cpi_chainlinked_lag1,0.0,agropastoral,8
food_cpi_chainlinked_lag3,0.0,agropastoral,8
food_cpi_chainlinked_lag6,0.0,agropastoral,8
food_cpi_chainlinked_lag12,0.0,agropastoral,8
exchange_rate,0.0,agropastoral,8
exchange_rate_lag1,0.0,agropastoral,8
exchange_rate_lag3,0.0,agropastoral,8
exchange_rate_lag6,0.0,agropastoral,8
exchange_rate_lag12,0.0,agropastoral,8
exchange_rate_yoy_change,0.0028222287,agropastoral,8
exchange_rate_yoy_change_lag1,0.00222932,agropastoral,8
exchange_rate_yoy_change_lag3,0.01101984,agropastoral,8
exchange_rate_yoy_change_lag6,0.0030361956,agropastoral,8
exchange_rate_yoy_change_lag12,0.0036472436,agropastoral,8
gdp_per_capita,0.0,agropastoral,8
gdp_per_capita_yoy_change,0.0,agropastoral,8
iod,0.00874265,agropastoral,8
mei,0.004980755,agropastoral,8
nino34,0.0045716995,agropastoral,8
iod_lag1,0.0584499,agropastoral,8
iod_lag3,0.0063634696,agropastoral,8
iod_lag6,0.00996646,agropastoral,8
mei_lag1,0.00014090106,agropastoral,8
mei_lag3,0.0,agropastoral,8
mei_lag6,1.6241349e-05,agropastoral,8
nino34_lag1,0.0,agropastoral,8
nino34_lag3,0.0013168447,agropastoral,8
nino34_lag6,0.010387171,agropastoral,8
wvg,0.0,agropastoral,8
wvg_lag1yr,0.0,agropastoral,8
wvg_lag2yr,0.0,agropastoral,8
wvg_lag3yr,0.0,agropastoral,8
season_national_belg_meher,0.0,agropastoral,8
season_somali_gu_deyr,0.0,agropastoral,8
months_since_assessment,0.0,crop_farming,8
pct_pastoral,0.005124941,crop_farming,8
pct_agropastoral,0.0033107041,crop_farming,8
pct_crop_farming,0.01034397,crop_farming,8
is_harvest_season,0.0015942033,crop_farming,8
is_lean_season,0.024355892,crop_farming,8
is_dry_season,1.4261118e-05,crop_farming,8
months_since_harvest_start,0.0020383843,crop_farming,8
months_since_lean_start,0.013015811,crop_farming,8
glofas_reach_count,0.0076643475,crop_farming,8
agss_surveyed_flag,0.0003455282,crop_farming,8
ipc_lag1,0.051588498,crop_farming,8
ipc_lag4,0.022440145,crop_farming,8
ipc_lag8,0.002667513,crop_farming,8
ipc_mean12,0.06492233,crop_farming,8
ha_share_lag1,0.00676499,crop_farming,8
ha_share_lag4,0.0028436217,crop_farming,8
ha_share_lag8,0.0030424863,crop_farming,8
ha_share_mean12,0.005822609,crop_farming,8
total_rainfall_mm,0.004760963,crop_farming,8
wet_days,0.002146517,crop_farming,8
max_dry_spell_length,0.0024614455,crop_farming,8
rainfall_sum_1m,0.0,crop_farming,8
rainfall_sum_3m,0.00432239,crop_farming,8
rainfall_sum_6m,0.0017940155,crop_farming,8
rainfall_sum_12m,0.014137487,crop_farming,8
rainfall_sum_24m,0.009506763,crop_farming,8
spi_1,0.0019670827,crop_farming,8
spi_3,0.0075699408,crop_farming,8
spi_6,0.005719221,crop_farming,8
spi_12,0.0023649167,crop_farming,8
spi_24,0.0039776987,crop_farming,8
pet_mm,0.002493418,crop_farming,8
sm_root,0.0018708333,crop_farming,8
precip_mm,0.0,crop_farming,8
spei_balance_mm,0.002227527,crop_farming,8
sm_mean_1m,0.0,crop_farming,8
spei_balance_sum_1m,0.0,crop_farming,8
sm_mean_3m,0.0037520898,crop_farming,8
spei_balance_sum_3m,0.007612468,crop_farming,8
sm_mean_6m,0.0045770537,crop_farming,8
spei_balance_sum_6m,0.0,crop_farming,8
sm_mean_12m,0.004062767,crop_farming,8
spei_balance_sum_12m,0.0035686772,crop_farming,8
sm_mean_24m,0.0018309727,crop_farming,8
spei_balance_sum_24m,0.0,crop_farming,8
ssmi_1,0.0035715313,crop_farming,8
ssmi_3,0.0035567428,crop_farming,8
ssmi_6,0.0024770293,crop_farming,8
ssmi_12,0.0020869854,crop_farming,8
ssmi_24,0.0023535218,crop_farming,8
spei_1,0.0016928954,crop_farming,8
spei_3,0.0049434705,crop_farming,8
spei_6,0.0045117065,crop_farming,8
spei_12,0.0022542742,crop_farming,8
spei_24,0.001782341,crop_farming,8
ndvi,0.0014137408,crop_farming,8
ndvi_anomaly,0.0020706325,crop_farming,8
ndvi_lag1,0.019350179,crop_farming,8
ndvi_lag3,0.007241131,crop_farming,8
ndvi_lag6,0.018453375,crop_farming,8
ndvi_lag12,0.0012966729,crop_farming,8
ndvi_anomaly_lag1,0.0023587812,crop_farming,8
ndvi_anomaly_lag3,0.0011263902,crop_farming,8
ndvi_anomaly_lag6,0.0016825123,crop_farming,8
ndvi_anomaly_lag12,0.0019494487,crop_farming,8
ndvi_cropland,0.0019477955,crop_farming,8
ndvi_cropland_anomaly,0.0026700252,crop_farming,8
ndvi_cropland_lag1,0.0015098996,crop_farming,8
ndvi_cropland_lag3,0.0016930371,crop_farming,8
ndvi_cropland_lag6,0.0046375715,crop_farming,8
ndvi_cropland_lag12,0.0032226366,crop_farming,8
ndvi_cropland_anomaly_lag1,0.004011121,crop_farming,8
ndvi_cropland_anomaly_lag3,0.0034761,crop_farming,8
ndvi_cropland_anomaly_lag6,0.0012301868,crop_farming,8
ndvi_cropland_anomaly_lag12,0.00448723,crop_farming,8
ndvi_rangeland,0.0061483732,crop_farming,8
ndvi_rangeland_anomaly,0.0022892903,crop_farming,8
ndvi_rangeland_lag1,0.020068083,crop_farming,8
ndvi_rangeland_lag3,0.0023733107,crop_farming,8
ndvi_rangeland_lag6,0.008645273,crop_farming,8
ndvi_rangeland_lag12,0.0,crop_farming,8
ndvi_rangeland_anomaly_lag1,0.0015144073,crop_farming,8
ndvi_rangeland_anomaly_lag3,0.0030749782,crop_farming,8
ndvi_rangeland_anomaly_lag6,0.0039254706,crop_farming,8
ndvi_rangeland_anomaly_lag12,0.004312946,crop_farming,8
acled_event_count,0.0,crop_farming,8
acled_fatalities,0.001582622,crop_farming,8
acled_event_count_lag1,0.0,crop_farming,8
acled_fatalities_lag1,0.0,crop_farming,8
acled_event_count_lag3,0.009826569,crop_farming,8
acled_fatalities_lag3,0.0,crop_farming,8
acled_event_count_lag6,0.0,crop_farming,8
acled_fatalities_lag6,0.0,crop_farming,8
acled_event_count_lag12,0.0,crop_farming,8
acled_fatalities_lag12,0.0,crop_farming,8
maize_price_etb,0.0010692123,crop_farming,8
maize_price_etb_lag1,0.002258637,crop_farming,8
maize_price_etb_lag3,0.002318396,crop_farming,8
maize_price_etb_lag6,0.0010799294,crop_farming,8
maize_price_etb_lag12,0.0040372093,crop_farming,8
maize_price_index,0.0,crop_farming,8
maize_price_index_lag1,0.0012441342,crop_farming,8
maize_price_index_lag3,0.0,crop_farming,8
maize_price_index_lag6,0.0,crop_farming,8
maize_price_index_lag12,0.00031070347,crop_farming,8
maize_n_markets,0.0,crop_farming,8
wheat_price_etb,0.0052656676,crop_farming,8
wheat_price_etb_lag1,0.004551391,crop_farming,8
wheat_price_etb_lag3,0.0,crop_farming,8
wheat_price_etb_lag6,0.007509437,crop_farming,8
wheat_price_etb_lag12,0.0018608823,crop_farming,8
wheat_price_index,0.0,crop_farming,8
wheat_price_index_lag1,0.0019055789,crop_farming,8
wheat_price_index_lag3,0.0006015709,crop_farming,8
wheat_price_index_lag6,0.0071439757,crop_farming,8
wheat_price_index_lag12,0.0027279821,crop_farming,8
wheat_n_markets,0.0,crop_farming,8
sorghum_price_etb,0.00076684606,crop_farming,8
sorghum_price_etb_lag1,0.0112918215,crop_farming,8
sorghum_price_etb_lag3,0.003457377,crop_farming,8
sorghum_price_etb_lag6,0.0023391452,crop_farming,8
sorghum_price_etb_lag12,0.013116626,crop_farming,8
sorghum_price_index,0.004654671,crop_farming,8
sorghum_price_index_lag1,0.0031981897,crop_farming,8
sorghum_price_index_lag3,0.0029414091,crop_farming,8
sorghum_price_index_lag6,0.0005848443,crop_farming,8
sorghum_price_index_lag12,0.0,crop_farming,8
sorghum_n_markets,0.0,crop_farming,8
teff_price_etb,0.0,crop_farming,8
teff_price_etb_lag1,0.0,crop_farming,8
teff_price_etb_lag3,0.0,crop_farming,8
teff_price_etb_lag6,0.0,crop_farming,8
teff_price_etb_lag12,0.0,crop_farming,8
teff_price_index,0.0,crop_farming,8
teff_price_index_lag1,0.0,crop_farming,8
teff_price_index_lag3,0.0,crop_farming,8
teff_price_index_lag6,0.0,crop_farming,8
teff_price_index_lag12,0.0,crop_farming,8
teff_n_markets,0.0,crop_farming,8
fuel_diesel_price_etb,0.0,crop_farming,8
fuel_diesel_price_etb_lag1,0.0,crop_farming,8
fuel_diesel_price_etb_lag3,0.0,crop_farming,8
fuel_diesel_price_etb_lag6,0.0,crop_farming,8
fuel_diesel_price_etb_lag12,0.0,crop_farming,8
fuel_diesel_price_index,0.0,crop_farming,8
fuel_diesel_price_index_lag1,0.0,crop_farming,8
fuel_diesel_price_index_lag3,0.0,crop_farming,8
fuel_diesel_price_index_lag6,0.0,crop_farming,8
fuel_diesel_price_index_lag12,0.0,crop_farming,8
fuel_diesel_n_markets,0.0,crop_farming,8
fuel_petrol_price_etb,0.0,crop_farming,8
fuel_petrol_price_etb_lag1,0.0,crop_farming,8
fuel_petrol_price_etb_lag3,0.0,crop_farming,8
fuel_petrol_price_etb_lag6,0.0,crop_farming,8
fuel_petrol_price_etb_lag12,0.0,crop_farming,8
fuel_petrol_price_index,0.0,crop_farming,8
fuel_petrol_price_index_lag1,0.0,crop_farming,8
fuel_petrol_price_index_lag3,0.0,crop_farming,8
fuel_petrol_price_index_lag6,0.0,crop_farming,8
fuel_petrol_price_index_lag12,0.0,crop_farming,8
fuel_petrol_n_markets,0.0,crop_farming,8
livestock_goat_price_etb,0.0,crop_farming,8
livestock_goat_price_etb_lag1,0.0,crop_farming,8
livestock_goat_price_etb_lag3,0.0,crop_farming,8
livestock_goat_price_etb_lag6,0.0,crop_farming,8
livestock_goat_price_etb_lag12,0.0,crop_farming,8
livestock_goat_price_index,0.0,crop_farming,8
livestock_goat_price_index_lag1,0.0,crop_farming,8
livestock_goat_price_index_lag3,0.0,crop_farming,8
livestock_goat_price_index_lag6,0.0,crop_farming,8
livestock_goat_price_index_lag12,0.0,crop_farming,8
livestock_goat_n_markets,0.0,crop_farming,8
livestock_sheep_price_etb,0.0,crop_farming,8
livestock_sheep_price_etb_lag1,0.0,crop_farming,8
livestock_sheep_price_etb_lag3,0.0,crop_farming,8
livestock_sheep_price_etb_lag6,0.0,crop_farming,8
livestock_sheep_price_etb_lag12,0.0,crop_farming,8
livestock_sheep_price_index,0.0,crop_farming,8
livestock_sheep_price_index_lag1,0.0,crop_farming,8
livestock_sheep_price_index_lag3,0.0,crop_farming,8
livestock_sheep_price_index_lag6,0.0,crop_farming,8
livestock_sheep_price_index_lag12,0.0,crop_farming,8
livestock_sheep_n_markets,0.0,crop_farming,8
goat_maize_tot,0.0,crop_farming,8
goat_maize_tot_lag1,0.0,crop_farming,8
goat_maize_tot_lag3,0.0,crop_farming,8
goat_maize_tot_lag6,0.0,crop_farming,8
goat_maize_tot_lag12,0.0,crop_farming,8
sheep_maize_tot,0.0,crop_farming,8
sheep_maize_tot_lag1,0.0,crop_farming,8
sheep_maize_tot_lag3,0.0,crop_farming,8
sheep_maize_tot_lag6,0.0,crop_farming,8
sheep_maize_tot_lag12,0.0,crop_farming,8
maize_yield,0.0025504364,crop_farming,8
maize_yield_anomaly,0.0025507554,crop_farming,8
wheat_yield,0.0027745734,crop_farming,8
wheat_yield_anomaly,0.008080928,crop_farming,8
sorghum_yield,0.0028969941,crop_farming,8
sorghum_yield_anomaly,0.0073141316,crop_farming,8
teff_yield,0.0026781217,crop_farming,8
teff_yield_anomaly,0.0037721605,crop_farming,8
headline_cpi,0.009637408,crop_farming,8
headline_cpi_lag1,0.0020111355,crop_farming,8
headline_cpi_lag3,0.013569723,crop_farming,8
headline_cpi_lag6,0.013079889,crop_farming,8
headline_cpi_lag12,0.008284015,crop_farming,8
headline_cpi_yoy_change,0.009887322,crop_farming,8
headline_cpi_yoy_change_lag1,0.0016788286,crop_farming,8
headline_cpi_yoy_change_lag3,0.011826869,crop_farming,8
headline_cpi_yoy_change_lag6,0.0121818,crop_farming,8
headline_cpi_yoy_change_lag12,0.0050779073,crop_farming,8
food_cpi,0.001354185,crop_farming,8
food_cpi_lag1,0.0,crop_farming,8
food_cpi_lag3,0.0,crop_farming,8
food_cpi_lag6,0.009765606,crop_farming,8
food_cpi_lag12,0.0,crop_farming,8
food_cpi_yoy_change,0.023795431,crop_farming,8
food_cpi_yoy_change_lag1,0.03012628,crop_farming,8
food_cpi_yoy_change_lag3,0.0021442657,crop_farming,8
food_cpi_yoy_change_lag6,0.007490632,crop_farming,8
food_cpi_yoy_change_lag12,0.016104972,crop_farming,8
headline_cpi_chainlinked,0.0,crop_farming,8
headline_cpi_chainlinked_lag1,0.0,crop_farming,8
headline_cpi_chainlinked_lag3,0.0,crop_farming,8
headline_cpi_chainlinked_lag6,0.0,crop_farming,8
headline_cpi_chainlinked_lag12,0.0,crop_farming,8
food_cpi_chainlinked,0.0,crop_farming,8
food_cpi_chainlinked_lag1,0.0,crop_farming,8
food_cpi_chainlinked_lag3,0.0,crop_farming,8
food_cpi_chainlinked_lag6,0.0,crop_farming,8
food_cpi_chainlinked_lag12,0.0,crop_farming,8
exchange_rate,0.0,crop_farming,8
exchange_rate_lag1,0.0,crop_farming,8
exchange_rate_lag3,0.0,crop_farming,8
exchange_rate_lag6,0.0,crop_farming,8
exchange_rate_lag12,0.0,crop_farming,8
exchange_rate_yoy_change,0.0072818412,crop_farming,8
exchange_rate_yoy_change_lag1,0.0115561,crop_farming,8
exchange_rate_yoy_change_lag3,0.005913282,crop_farming,8
exchange_rate_yoy_change_lag6,0.0048402855,crop_farming,8
exchange_rate_yoy_change_lag12,0.015216983,crop_farming,8
gdp_per_capita,0.0,crop_farming,8
gdp_per_capita_yoy_change,0.014283333,crop_farming,8
iod,0.006757899,crop_farming,8
mei,0.0050943745,crop_farming,8
nino34,0.035327896,crop_farming,8
iod_lag1,0.014135257,crop_farming,8
iod_lag3,0.0063026715,crop_farming,8
iod_lag6,0.0069200387,crop_farming,8
mei_lag1,0.0024232992,crop_farming,8
mei_lag3,0.0231461,crop_farming,8
mei_lag6,0.009774698,crop_farming,8
nino34_lag1,0.0015465218,crop_farming,8
nino34_lag3,0.009367651,crop_farming,8
nino34_lag6,0.00568297,crop_farming,8
wvg,0.010451462,crop_farming,8
wvg_lag1yr,0.007662528,crop_farming,8
wvg_lag2yr,0.0,crop_farming,8
wvg_lag3yr,0.0,crop_farming,8
season_benishangul_meher_only,0.0,crop_farming,8
season_national_belg_meher,0.0,crop_farming,8
months_since_assessment,0.0,pastoral,12
pct_pastoral,0.004637305,pastoral,12
pct_agropastoral,0.00628497,pastoral,12
pct_crop_farming,0.006030215,pastoral,12
is_harvest_season,0.0004740995,pastoral,12
is_lean_season,0.0,pastoral,12
is_dry_season,0.0,pastoral,12
months_since_harvest_start,0.00037893263,pastoral,12
months_since_lean_start,0.011091551,pastoral,12
glofas_reach_count,0.0038761157,pastoral,12
agss_surveyed_flag,0.006012692,pastoral,12
ipc_lag1,0.0034755806,pastoral,12
ipc_lag4,0.0033501089,pastoral,12
ipc_lag8,0.0028903694,pastoral,12
ipc_mean12,0.027877264,pastoral,12
ha_share_lag1,0.0019465992,pastoral,12
ha_share_lag4,0.0033722548,pastoral,12
ha_share_lag8,0.0024872934,pastoral,12
ha_share_mean12,0.0039308756,pastoral,12
total_rainfall_mm,0.0017115932,pastoral,12
wet_days,0.0008166342,pastoral,12
max_dry_spell_length,0.0048488956,pastoral,12
rainfall_sum_1m,0.0,pastoral,12
rainfall_sum_3m,0.0067037367,pastoral,12
rainfall_sum_6m,0.0388882,pastoral,12
rainfall_sum_12m,0.009460157,pastoral,12
rainfall_sum_24m,0.011118287,pastoral,12
spi_1,0.0017501091,pastoral,12
spi_3,0.001270673,pastoral,12
spi_6,0.005710523,pastoral,12
spi_12,0.0030510093,pastoral,12
spi_24,0.009051219,pastoral,12
pet_mm,0.0030291106,pastoral,12
sm_root,0.0017881056,pastoral,12
precip_mm,0.0,pastoral,12
spei_balance_mm,0.006884709,pastoral,12
sm_mean_1m,0.0,pastoral,12
spei_balance_sum_1m,0.0,pastoral,12
sm_mean_3m,0.007156028,pastoral,12
spei_balance_sum_3m,0.006020467,pastoral,12
sm_mean_6m,0.013491975,pastoral,12
spei_balance_sum_6m,0.033086453,pastoral,12
sm_mean_12m,0.0134470975,pastoral,12
spei_balance_sum_12m,0.009926661,pastoral,12
sm_mean_24m,0.061013784,pastoral,12
spei_balance_sum_24m,0.0107188085,pastoral,12
ssmi_1,0.0027184815,pastoral,12
ssmi_3,0.00542047,pastoral,12
ssmi_6,0.014637119,pastoral,12
ssmi_12,0.005207316,pastoral,12
ssmi_24,0.0035851672,pastoral,12
spei_1,0.0062728724,pastoral,12
spei_3,0.0033371558,pastoral,12
spei_6,0.005051783,pastoral,12
spei_12,0.0029811708,pastoral,12
spei_24,0.0009407989,pastoral,12
ndvi,0.0024040698,pastoral,12
ndvi_anomaly,0.0056141564,pastoral,12
ndvi_lag1,0.00197955,pastoral,12
ndvi_lag3,0.005172952,pastoral,12
ndvi_lag6,0.000551661,pastoral,12
ndvi_lag12,0.006289179,pastoral,12
ndvi_anomaly_lag1,0.0028299834,pastoral,12
ndvi_anomaly_lag3,0.0053608045,pastoral,12
ndvi_anomaly_lag6,0.008924011,pastoral,12
ndvi_anomaly_lag12,0.0035756778,pastoral,12
ndvi_cropland,0.0011151807,pastoral,12
ndvi_cropland_anomaly,0.002205744,pastoral,12
ndvi_cropland_lag1,0.004151201,pastoral,12
ndvi_cropland_lag3,0.003178659,pastoral,12
ndvi_cropland_lag6,0.0031538561,pastoral,12
ndvi_cropland_lag12,0.0034802444,pastoral,12
ndvi_cropland_anomaly_lag1,0.0042207893,pastoral,12
ndvi_cropland_anomaly_lag3,0.004905771,pastoral,12
ndvi_cropland_anomaly_lag6,0.003813092,pastoral,12
ndvi_cropland_anomaly_lag12,0.0028114165,pastoral,12
ndvi_rangeland,0.0026096893,pastoral,12
ndvi_rangeland_anomaly,0.004663,pastoral,12
ndvi_rangeland_lag1,0.006158099,pastoral,12
ndvi_rangeland_lag3,0.0024907775,pastoral,12
ndvi_rangeland_lag6,0.0011541194,pastoral,12
ndvi_rangeland_lag12,0.0025968908,pastoral,12
ndvi_rangeland_anomaly_lag1,0.0029750941,pastoral,12
ndvi_rangeland_anomaly_lag3,0.014315587,pastoral,12
ndvi_rangeland_anomaly_lag6,0.0015802507,pastoral,12
ndvi_rangeland_anomaly_lag12,0.008453783,pastoral,12
acled_event_count,0.0,pastoral,12
acled_fatalities,0.0,pastoral,12
acled_event_count_lag1,0.0,pastoral,12
acled_fatalities_lag1,0.0,pastoral,12
acled_event_count_lag3,0.0,pastoral,12
acled_fatalities_lag3,0.0,pastoral,12
acled_event_count_lag6,0.0016678498,pastoral,12
acled_fatalities_lag6,0.0,pastoral,12
acled_event_count_lag12,0.0,pastoral,12
acled_fatalities_lag12,0.0020609463,pastoral,12
maize_price_etb,0.0,pastoral,12
maize_price_etb_lag1,0.00088000594,pastoral,12
maize_price_etb_lag3,0.0029540572,pastoral,12
maize_price_etb_lag6,0.0047480618,pastoral,12
maize_price_etb_lag12,0.0074171214,pastoral,12
maize_price_index,0.0,pastoral,12
maize_price_index_lag1,0.0021122147,pastoral,12
maize_price_index_lag3,0.0037103766,pastoral,12
maize_price_index_lag6,0.0037991924,pastoral,12
maize_price_index_lag12,0.0,pastoral,12
maize_n_markets,0.0,pastoral,12
wheat_price_etb,0.0,pastoral,12
wheat_price_etb_lag1,0.0,pastoral,12
wheat_price_etb_lag3,0.0,pastoral,12
wheat_price_etb_lag6,0.0,pastoral,12
wheat_price_etb_lag12,0.0065577747,pastoral,12
wheat_price_index,0.0,pastoral,12
wheat_price_index_lag1,0.0,pastoral,12
wheat_price_index_lag3,0.0027257337,pastoral,12
wheat_price_index_lag6,0.0,pastoral,12
wheat_price_index_lag12,0.00039291847,pastoral,12
wheat_n_markets,0.0,pastoral,12
sorghum_price_etb,0.0,pastoral,12
sorghum_price_etb_lag1,0.0,pastoral,12
sorghum_price_etb_lag3,0.0008605593,pastoral,12
sorghum_price_etb_lag6,0.0,pastoral,12
sorghum_price_etb_lag12,0.0,pastoral,12
sorghum_price_index,0.0,pastoral,12
sorghum_price_index_lag1,0.0,pastoral,12
sorghum_price_index_lag3,0.0,pastoral,12
sorghum_price_index_lag6,0.0,pastoral,12
sorghum_price_index_lag12,0.0,pastoral,12
sorghum_n_markets,0.0,pastoral,12
teff_price_etb,0.0,pastoral,12
teff_price_etb_lag1,0.0,pastoral,12
teff_price_etb_lag3,0.0,pastoral,12
teff_price_etb_lag6,0.0,pastoral,12
teff_price_etb_lag12,0.0,pastoral,12
teff_price_index,0.0,pastoral,12
teff_price_index_lag1,0.0,pastoral,12
teff_price_index_lag3,0.0,pastoral,12
teff_price_index_lag6,0.0,pastoral,12
teff_price_index_lag12,0.0,pastoral,12
teff_n_markets,0.0,pastoral,12
fuel_diesel_price_etb,0.0,pastoral,12
fuel_diesel_price_etb_lag1,0.0,pastoral,12
fuel_diesel_price_etb_lag3,0.0,pastoral,12
fuel_diesel_price_etb_lag6,0.0,pastoral,12
fuel_diesel_price_etb_lag12,0.0,pastoral,12
fuel_diesel_price_index,0.0,pastoral,12
fuel_diesel_price_index_lag1,0.0,pastoral,12
fuel_diesel_price_index_lag3,0.0,pastoral,12
fuel_diesel_price_index_lag6,0.0,pastoral,12
fuel_diesel_price_index_lag12,0.0,pastoral,12
fuel_diesel_n_markets,0.0,pastoral,12
fuel_petrol_n_markets,0.0,pastoral,12
livestock_goat_price_etb,0.0,pastoral,12
livestock_goat_price_etb_lag1,0.0,pastoral,12
livestock_goat_price_etb_lag3,0.0,pastoral,12
livestock_goat_price_etb_lag6,0.0,pastoral,12
livestock_goat_price_etb_lag12,0.0,pastoral,12
livestock_goat_price_index,0.0,pastoral,12
livestock_goat_price_index_lag1,0.0,pastoral,12
livestock_goat_price_index_lag3,0.0,pastoral,12
livestock_goat_price_index_lag6,0.0,pastoral,12
livestock_goat_price_index_lag12,0.0,pastoral,12
livestock_goat_n_markets,0.0,pastoral,12
livestock_sheep_price_etb,0.0,pastoral,12
livestock_sheep_price_etb_lag1,0.0,pastoral,12
livestock_sheep_price_etb_lag3,0.0,pastoral,12
livestock_sheep_price_etb_lag6,0.0,pastoral,12
livestock_sheep_price_etb_lag12,0.0,pastoral,12
livestock_sheep_price_index,0.0,pastoral,12
livestock_sheep_price_index_lag1,0.0,pastoral,12
livestock_sheep_price_index_lag3,0.0,pastoral,12
livestock_sheep_price_index_lag6,0.0,pastoral,12
livestock_sheep_price_index_lag12,0.0,pastoral,12
livestock_sheep_n_markets,0.0,pastoral,12
goat_maize_tot,0.0,pastoral,12
goat_maize_tot_lag1,0.0,pastoral,12
goat_maize_tot_lag3,0.0,pastoral,12
goat_maize_tot_lag6,0.0,pastoral,12
goat_maize_tot_lag12,0.0,pastoral,12
sheep_maize_tot,0.0,pastoral,12
sheep_maize_tot_lag1,0.0,pastoral,12
sheep_maize_tot_lag3,0.0,pastoral,12
sheep_maize_tot_lag6,0.0,pastoral,12
sheep_maize_tot_lag12,0.0,pastoral,12
maize_yield,0.00404283,pastoral,12
maize_yield_anomaly,0.0020195055,pastoral,12
wheat_yield,0.0064342218,pastoral,12
wheat_yield_anomaly,0.0024306378,pastoral,12
sorghum_yield,0.008254817,pastoral,12
sorghum_yield_anomaly,0.0,pastoral,12
teff_yield,0.001536157,pastoral,12
teff_yield_anomaly,0.0,pastoral,12
headline_cpi,0.0040283166,pastoral,12
headline_cpi_lag1,0.0,pastoral,12
headline_cpi_lag3,0.005675819,pastoral,12
headline_cpi_lag6,0.026835263,pastoral,12
headline_cpi_lag12,0.011423715,pastoral,12
headline_cpi_yoy_change,0.023220157,pastoral,12
headline_cpi_yoy_change_lag1,0.0032495772,pastoral,12
headline_cpi_yoy_change_lag3,0.0,pastoral,12
headline_cpi_yoy_change_lag6,0.010956829,pastoral,12
headline_cpi_yoy_change_lag12,0.0049460824,pastoral,12
food_cpi,0.02824988,pastoral,12
food_cpi_lag1,0.0028801118,pastoral,12
food_cpi_lag3,0.0017368344,pastoral,12
food_cpi_lag6,0.11591379,pastoral,12
food_cpi_lag12,0.0,pastoral,12
food_cpi_yoy_change,0.0017408057,pastoral,12
food_cpi_yoy_change_lag1,0.0,pastoral,12
food_cpi_yoy_change_lag3,0.0025893613,pastoral,12
food_cpi_yoy_change_lag6,0.0,pastoral,12
food_cpi_yoy_change_lag12,0.002794241,pastoral,12
headline_cpi_chainlinked,0.0,pastoral,12
headline_cpi_chainlinked_lag1,0.0,pastoral,12
headline_cpi_chainlinked_lag3,0.0,pastoral,12
headline_cpi_chainlinked_lag6,0.0,pastoral,12
headline_cpi_chainlinked_lag12,0.0,pastoral,12
food_cpi_chainlinked,0.0,pastoral,12
food_cpi_chainlinked_lag1,0.0,pastoral,12
food_cpi_chainlinked_lag3,0.0,pastoral,12
food_cpi_chainlinked_lag6,0.0,pastoral,12
food_cpi_chainlinked_lag12,0.0,pastoral,12
exchange_rate,0.0,pastoral,12
exchange_rate_lag1,0.0,pastoral,12
exchange_rate_lag3,0.0,pastoral,12
exchange_rate_lag6,0.0,pastoral,12
exchange_rate_lag12,0.0,pastoral,12
exchange_rate_yoy_change,0.029525548,pastoral,12
exchange_rate_yoy_change_lag1,0.0067555676,pastoral,12
exchange_rate_yoy_change_lag3,0.0024037256,pastoral,12
exchange_rate_yoy_change_lag6,0.0,pastoral,12
exchange_rate_yoy_change_lag12,0.0015975885,pastoral,12
gdp_per_capita,0.0,pastoral,12
gdp_per_capita_yoy_change,0.0066261045,pastoral,12
iod,0.0,pastoral,12
mei,0.0034623698,pastoral,12
nino34,0.01724345,pastoral,12
iod_lag1,0.0016676721,pastoral,12
iod_lag3,0.0,pastoral,12
iod_lag6,0.0,pastoral,12
mei_lag1,0.0,pastoral,12
mei_lag3,0.023386149,pastoral,12
mei_lag6,0.009731478,pastoral,12
nino34_lag1,0.0071505173,pastoral,12
nino34_lag3,0.0029763442,pastoral,12
nino34_lag6,0.0030097875,pastoral,12
wvg,0.0024112833,pastoral,12
wvg_lag1yr,0.0,pastoral,12
wvg_lag2yr,0.0063393023,pastoral,12
wvg_lag3yr,0.010236156,pastoral,12
season_national_belg_meher,0.03268307,pastoral,12
season_somali_gu_deyr,0.0,pastoral,12
months_since_assessment,0.0,agropastoral,12
pct_pastoral,0.0014889608,agropastoral,12
pct_agropastoral,0.0043487707,agropastoral,12
pct_crop_farming,0.0036579375,agropastoral,12
is_harvest_season,0.00014053467,agropastoral,12
is_lean_season,0.0005930055,agropastoral,12
is_dry_season,0.0040993886,agropastoral,12
months_since_harvest_start,0.0020279412,agropastoral,12
months_since_lean_start,0.0044845357,agropastoral,12
glofas_reach_count,0.0016515399,agropastoral,12
agss_surveyed_flag,0.0,agropastoral,12
ipc_lag1,0.0062787114,agropastoral,12
ipc_lag4,0.004677148,agropastoral,12
ipc_lag8,0.008852411,agropastoral,12
ipc_mean12,0.0028093252,agropastoral,12
ha_share_lag1,0.00049101416,agropastoral,12
ha_share_lag4,0.0032616998,agropastoral,12
ha_share_lag8,0.0007495408,agropastoral,12
ha_share_mean12,0.00083986024,agropastoral,12
total_rainfall_mm,0.0024647545,agropastoral,12
wet_days,0.0032296476,agropastoral,12
max_dry_spell_length,0.0047253342,agropastoral,12
rainfall_sum_1m,0.0,agropastoral,12
rainfall_sum_3m,0.00119805,agropastoral,12
rainfall_sum_6m,0.001954547,agropastoral,12
rainfall_sum_12m,0.09354781,agropastoral,12
rainfall_sum_24m,0.015847487,agropastoral,12
spi_1,0.0025672514,agropastoral,12
spi_3,0.0051078214,agropastoral,12
spi_6,0.010510779,agropastoral,12
spi_12,0.020184321,agropastoral,12
spi_24,0.018346464,agropastoral,12
pet_mm,0.0018741554,agropastoral,12
sm_root,0.0,agropastoral,12
precip_mm,0.0,agropastoral,12
spei_balance_mm,0.005178666,agropastoral,12
sm_mean_1m,0.0,agropastoral,12
spei_balance_sum_1m,0.0,agropastoral,12
sm_mean_3m,6.08073e-05,agropastoral,12
spei_balance_sum_3m,0.0054580388,agropastoral,12
sm_mean_6m,0.07517555,agropastoral,12
spei_balance_sum_6m,0.0017101913,agropastoral,12
sm_mean_12m,0.021315303,agropastoral,12
spei_balance_sum_12m,0.0019317186,agropastoral,12
sm_mean_24m,0.002261874,agropastoral,12
spei_balance_sum_24m,0.064844295,agropastoral,12
ssmi_1,0.008644793,agropastoral,12
ssmi_3,0.023246083,agropastoral,12
ssmi_6,0.0022263352,agropastoral,12
ssmi_12,0.008235322,agropastoral,12
ssmi_24,0.0019456132,agropastoral,12
spei_1,0.0040399563,agropastoral,12
spei_3,0.0012943889,agropastoral,12
spei_6,0.002161744,agropastoral,12
spei_12,0.0012952948,agropastoral,12
spei_24,0.0,agropastoral,12
ndvi,0.0035094626,agropastoral,12
ndvi_anomaly,0.0012584347,agropastoral,12
ndvi_lag1,0.0026290242,agropastoral,12
ndvi_lag3,0.013841081,agropastoral,12
ndvi_lag6,0.0050866595,agropastoral,12
ndvi_lag12,0.0123133855,agropastoral,12
ndvi_anomaly_lag1,0.0074316044,agropastoral,12
ndvi_anomaly_lag3,0.0066322424,agropastoral,12
ndvi_anomaly_lag6,0.004824496,agropastoral,12
ndvi_anomaly_lag12,0.0014223263,agropastoral,12
ndvi_cropland,0.003957395,agropastoral,12
ndvi_cropland_anomaly,0.0040479065,agropastoral,12
ndvi_cropland_lag1,0.005209901,agropastoral,12
ndvi_cropland_lag3,0.010797303,agropastoral,12
ndvi_cropland_lag6,0.006713413,agropastoral,12
ndvi_cropland_lag12,0.0053840894,agropastoral,12
ndvi_cropland_anomaly_lag1,0.015431127,agropastoral,12
ndvi_cropland_anomaly_lag3,0.008905996,agropastoral,12
ndvi_cropland_anomaly_lag6,0.0012563474,agropastoral,12
ndvi_cropland_anomaly_lag12,0.0028428622,agropastoral,12
ndvi_rangeland,0.0014843143,agropastoral,12
ndvi_rangeland_anomaly,0.003035746,agropastoral,12
ndvi_rangeland_lag1,0.00048358052,agropastoral,12
ndvi_rangeland_lag3,0.0,agropastoral,12
ndvi_rangeland_lag6,0.0,agropastoral,12
ndvi_rangeland_lag12,0.0,agropastoral,12
ndvi_rangeland_anomaly_lag1,0.0020646567,agropastoral,12
ndvi_rangeland_anomaly_lag3,0.00036533,agropastoral,12
ndvi_rangeland_anomaly_lag6,0.028912487,agropastoral,12
ndvi_rangeland_anomaly_lag12,0.0011520631,agropastoral,12
acled_event_count,0.010913559,agropastoral,12
acled_fatalities,0.0,agropastoral,12
acled_event_count_lag1,0.0,agropastoral,12
acled_fatalities_lag1,0.0005037366,agropastoral,12
acled_event_count_lag3,0.0013042688,agropastoral,12
acled_fatalities_lag3,0.0013417074,agropastoral,12
acled_event_count_lag6,0.0,agropastoral,12
acled_fatalities_lag6,0.0,agropastoral,12
acled_event_count_lag12,0.011183711,agropastoral,12
acled_fatalities_lag12,0.0018870047,agropastoral,12
maize_price_etb,0.0014926852,agropastoral,12
maize_price_etb_lag1,0.0,agropastoral,12
maize_price_etb_lag3,0.0072866804,agropastoral,12
maize_price_etb_lag6,0.0,agropastoral,12
maize_price_etb_lag12,0.0,agropastoral,12
maize_price_index,0.0,agropastoral,12
maize_price_index_lag1,0.012066337,agropastoral,12
maize_price_index_lag3,0.0012784421,agropastoral,12
maize_price_index_lag6,0.0,agropastoral,12
maize_price_index_lag12,0.0033324983,agropastoral,12
maize_n_markets,0.0,agropastoral,12
wheat_price_etb,0.0,agropastoral,12
wheat_price_etb_lag1,0.0,agropastoral,12
wheat_price_etb_lag3,0.0008265326,agropastoral,12
wheat_price_etb_lag6,0.0,agropastoral,12
wheat_price_etb_lag12,0.00032075454,agropastoral,12
wheat_price_index,0.0,agropastoral,12
wheat_price_index_lag1,0.0,agropastoral,12
wheat_price_index_lag3,0.0,agropastoral,12
wheat_price_index_lag6,0.0,agropastoral,12
wheat_price_index_lag12,0.012383146,agropastoral,12
wheat_n_markets,0.0,agropastoral,12
sorghum_price_etb,0.0,agropastoral,12
sorghum_price_etb_lag1,0.0055549517,agropastoral,12
sorghum_price_etb_lag3,0.005427473,agropastoral,12
sorghum_price_etb_lag6,0.010804589,agropastoral,12
sorghum_price_etb_lag12,0.0038206503,agropastoral,12
sorghum_price_index,0.0010186258,agropastoral,12
sorghum_price_index_lag1,0.022276523,agropastoral,12
sorghum_price_index_lag3,0.010083618,agropastoral,12
sorghum_price_index_lag6,0.010462778,agropastoral,12
sorghum_price_index_lag12,0.0,agropastoral,12
sorghum_n_markets,0.0,agropastoral,12
teff_price_etb_lag3,0.0,agropastoral,12
teff_n_markets,0.0,agropastoral,12
fuel_diesel_price_etb,0.0,agropastoral,12
fuel_diesel_price_etb_lag1,0.0,agropastoral,12
fuel_diesel_price_etb_lag3,0.0,agropastoral,12
fuel_diesel_price_etb_lag6,0.0,agropastoral,12
fuel_diesel_price_etb_lag12,0.0,agropastoral,12
fuel_diesel_n_markets,0.0,agropastoral,12
fuel_petrol_n_markets,0.0,agropastoral,12
livestock_goat_price_etb,0.0,agropastoral,12
livestock_goat_price_etb_lag1,0.0,agropastoral,12
livestock_goat_price_etb_lag3,0.0,agropastoral,12
livestock_goat_price_etb_lag6,0.0,agropastoral,12
livestock_goat_price_etb_lag12,0.0,agropastoral,12
livestock_goat_price_index,0.0,agropastoral,12
livestock_goat_price_index_lag1,0.0,agropastoral,12
livestock_goat_price_index_lag3,0.0,agropastoral,12
livestock_goat_price_index_lag6,0.0,agropastoral,12
livestock_goat_price_index_lag12,0.0,agropastoral,12
livestock_goat_n_markets,0.0,agropastoral,12
livestock_sheep_price_etb,0.0,agropastoral,12
livestock_sheep_price_etb_lag1,0.0,agropastoral,12
livestock_sheep_price_etb_lag3,0.0,agropastoral,12
livestock_sheep_price_etb_lag6,0.0,agropastoral,12
livestock_sheep_price_etb_lag12,0.0,agropastoral,12
livestock_sheep_price_index,0.0,agropastoral,12
livestock_sheep_price_index_lag1,0.0,agropastoral,12
livestock_sheep_price_index_lag3,0.0,agropastoral,12
livestock_sheep_price_index_lag6,0.0,agropastoral,12
livestock_sheep_price_index_lag12,0.0,agropastoral,12
livestock_sheep_n_markets,0.0,agropastoral,12
goat_maize_tot,0.0,agropastoral,12
goat_maize_tot_lag1,0.0,agropastoral,12
goat_maize_tot_lag3,0.0,agropastoral,12
goat_maize_tot_lag6,0.0,agropastoral,12
goat_maize_tot_lag12,0.0,agropastoral,12
sheep_maize_tot,0.0,agropastoral,12
sheep_maize_tot_lag1,0.0,agropastoral,12
sheep_maize_tot_lag3,0.0,agropastoral,12
sheep_maize_tot_lag6,0.0,agropastoral,12
sheep_maize_tot_lag12,0.0,agropastoral,12
maize_yield,0.0027862692,agropastoral,12
maize_yield_anomaly,0.0,agropastoral,12
wheat_yield,0.025165524,agropastoral,12
wheat_yield_anomaly,0.0,agropastoral,12
sorghum_yield,0.0014508074,agropastoral,12
sorghum_yield_anomaly,0.009771396,agropastoral,12
teff_yield,0.028196303,agropastoral,12
teff_yield_anomaly,0.0025371658,agropastoral,12
headline_cpi,0.007279609,agropastoral,12
headline_cpi_lag1,0.0,agropastoral,12
headline_cpi_lag3,0.0,agropastoral,12
headline_cpi_lag6,0.040429004,agropastoral,12
headline_cpi_lag12,0.021308046,agropastoral,12
headline_cpi_yoy_change,0.030036261,agropastoral,12
headline_cpi_yoy_change_lag1,0.002787832,agropastoral,12
headline_cpi_yoy_change_lag3,0.0,agropastoral,12
headline_cpi_yoy_change_lag6,0.0077677984,agropastoral,12
headline_cpi_yoy_change_lag12,0.0019145845,agropastoral,12
food_cpi,0.0,agropastoral,12
food_cpi_lag1,0.0,agropastoral,12
food_cpi_lag3,0.0,agropastoral,12
food_cpi_lag6,0.0,agropastoral,12
food_cpi_lag12,0.0,agropastoral,12
food_cpi_yoy_change,0.0,agropastoral,12
food_cpi_yoy_change_lag1,0.0017840902,agropastoral,12
food_cpi_yoy_change_lag3,0.0077240216,agropastoral,12
food_cpi_yoy_change_lag6,0.0058383206,agropastoral,12
food_cpi_yoy_change_lag12,0.0,agropastoral,12
headline_cpi_chainlinked,0.0,agropastoral,12
headline_cpi_chainlinked_lag1,0.0,agropastoral,12
headline_cpi_chainlinked_lag3,0.0,agropastoral,12
headline_cpi_chainlinked_lag6,0.0,agropastoral,12
headline_cpi_chainlinked_lag12,0.0,agropastoral,12
food_cpi_chainlinked,0.0,agropastoral,12
food_cpi_chainlinked_lag1,0.0,agropastoral,12
food_cpi_chainlinked_lag3,0.0,agropastoral,12
food_cpi_chainlinked_lag6,0.0,agropastoral,12
food_cpi_chainlinked_lag12,0.0,agropastoral,12
exchange_rate,0.0,agropastoral,12
exchange_rate_lag1,0.0,agropastoral,12
exchange_rate_lag3,0.0,agropastoral,12
exchange_rate_lag6,0.0,agropastoral,12
exchange_rate_lag12,0.0,agropastoral,12
exchange_rate_yoy_change,0.0063403454,agropastoral,12
exchange_rate_yoy_change_lag1,0.0071368283,agropastoral,12
exchange_rate_yoy_change_lag3,0.002462755,agropastoral,12
exchange_rate_yoy_change_lag6,0.0019615234,agropastoral,12
exchange_rate_yoy_change_lag12,0.013738756,agropastoral,12
gdp_per_capita,0.0,agropastoral,12
gdp_per_capita_yoy_change,0.007048953,agropastoral,12
iod,0.0021296707,agropastoral,12
mei,0.0,agropastoral,12
nino34,4.845903e-06,agropastoral,12
iod_lag1,0.0,agropastoral,12
iod_lag3,0.0,agropastoral,12
iod_lag6,0.0,agropastoral,12
mei_lag1,0.0007619845,agropastoral,12
mei_lag3,0.0,agropastoral,12
mei_lag6,0.0,agropastoral,12
nino34_lag1,0.0,agropastoral,12
nino34_lag3,0.0,agropastoral,12
nino34_lag6,0.0020370074,agropastoral,12
wvg,0.0,agropastoral,12
wvg_lag1yr,0.0,agropastoral,12
wvg_lag2yr,0.0,agropastoral,12
wvg_lag3yr,0.0,agropastoral,12
season_national_belg_meher,0.0,agropastoral,12
season_somali_gu_deyr,0.0,agropastoral,12
months_since_assessment,0.0,crop_farming,12
pct_pastoral,0.0065319976,crop_farming,12
pct_agropastoral,0.0033967711,crop_farming,12
pct_crop_farming,0.008643666,crop_farming,12
is_harvest_season,0.0013954419,crop_farming,12
is_lean_season,0.0038741399,crop_farming,12
is_dry_season,0.00022926016,crop_farming,12
months_since_harvest_start,0.011482465,crop_farming,12
months_since_lean_start,0.02151267,crop_farming,12
glofas_reach_count,0.011340391,crop_farming,12
agss_surveyed_flag,0.0,crop_farming,12
ipc_lag1,0.036959987,crop_farming,12
ipc_lag4,0.0041149184,crop_farming,12
ipc_lag8,0.0022123416,crop_farming,12
ipc_mean12,0.057349462,crop_farming,12
ha_share_lag1,0.004056984,crop_farming,12
ha_share_lag4,0.0026978625,crop_farming,12
ha_share_lag8,0.0019119019,crop_farming,12
ha_share_mean12,0.0065281442,crop_farming,12
total_rainfall_mm,0.00063617097,crop_farming,12
wet_days,0.0024117217,crop_farming,12
max_dry_spell_length,0.0028144098,crop_farming,12
rainfall_sum_1m,0.0,crop_farming,12
rainfall_sum_3m,0.00029806854,crop_farming,12
rainfall_sum_6m,0.008820583,crop_farming,12
rainfall_sum_12m,0.018381162,crop_farming,12
rainfall_sum_24m,0.019002039,crop_farming,12
spi_1,0.0016332752,crop_farming,12
spi_3,0.0020528375,crop_farming,12
spi_6,0.0017633463,crop_farming,12
spi_12,0.0031914955,crop_farming,12
spi_24,0.0050857686,crop_farming,12
pet_mm,0.0009861945,crop_farming,12
sm_root,0.0037343286,crop_farming,12
precip_mm,0.0,crop_farming,12
spei_balance_mm,0.0026343833,crop_farming,12
sm_mean_1m,0.0,crop_farming,12
spei_balance_sum_1m,0.0,crop_farming,12
sm_mean_3m,0.0024392854,crop_farming,12
spei_balance_sum_3m,0.0,crop_farming,12
sm_mean_6m,0.0033774138,crop_farming,12
spei_balance_sum_6m,0.0017575249,crop_farming,12
sm_mean_12m,0.007885152,crop_farming,12
spei_balance_sum_12m,0.0065609245,crop_farming,12
sm_mean_24m,0.0062351367,crop_farming,12
spei_balance_sum_24m,0.0013170841,crop_farming,12
ssmi_1,0.0029768483,crop_farming,12
ssmi_3,0.0058399416,crop_farming,12
ssmi_6,0.0155407125,crop_farming,12
ssmi_12,0.0045486935,crop_farming,12
ssmi_24,0.0020312534,crop_farming,12
spei_1,0.0064009964,crop_farming,12
spei_3,0.002057835,crop_farming,12
spei_6,0.0016246677,crop_farming,12
spei_12,0.0006202612,crop_farming,12
spei_24,0.0036989213,crop_farming,12
ndvi,0.003036484,crop_farming,12
ndvi_anomaly,0.0020273759,crop_farming,12
ndvi_lag1,0.0052262307,crop_farming,12
ndvi_lag3,0.008664682,crop_farming,12
ndvi_lag6,0.00034014697,crop_farming,12
ndvi_lag12,0.007434758,crop_farming,12
ndvi_anomaly_lag1,0.0027128926,crop_farming,12
ndvi_anomaly_lag3,0.0025791856,crop_farming,12
ndvi_anomaly_lag6,0.0025911464,crop_farming,12
ndvi_anomaly_lag12,0.010343737,crop_farming,12
ndvi_cropland,0.00020268912,crop_farming,12
ndvi_cropland_anomaly,0.0025971397,crop_farming,12
ndvi_cropland_lag1,0.00754768,crop_farming,12
ndvi_cropland_lag3,0.007378269,crop_farming,12
ndvi_cropland_lag6,0.0033756422,crop_farming,12
ndvi_cropland_lag12,0.0010835457,crop_farming,12
ndvi_cropland_anomaly_lag1,0.0,crop_farming,12
ndvi_cropland_anomaly_lag3,0.002198789,crop_farming,12
ndvi_cropland_anomaly_lag6,0.0024652884,crop_farming,12
ndvi_cropland_anomaly_lag12,0.012599648,crop_farming,12
ndvi_rangeland,0.015571847,crop_farming,12
ndvi_rangeland_anomaly,0.0,crop_farming,12
ndvi_rangeland_lag1,0.013540656,crop_farming,12
ndvi_rangeland_lag3,0.008309812,crop_farming,12
ndvi_rangeland_lag6,0.0040359297,crop_farming,12
ndvi_rangeland_lag12,0.004171553,crop_farming,12
ndvi_rangeland_anomaly_lag1,0.0017060777,crop_farming,12
ndvi_rangeland_anomaly_lag3,0.004847219,crop_farming,12
ndvi_rangeland_anomaly_lag6,0.0044972054,crop_farming,12
ndvi_rangeland_anomaly_lag12,0.016679222,crop_farming,12
acled_event_count,0.0,crop_farming,12
acled_fatalities,0.0022072473,crop_farming,12
acled_event_count_lag1,0.00718433,crop_farming,12
acled_fatalities_lag1,0.0,crop_farming,12
acled_event_count_lag3,0.008051613,crop_farming,12
acled_fatalities_lag3,0.0,crop_farming,12
acled_event_count_lag6,0.0,crop_farming,12
acled_fatalities_lag6,0.0,crop_farming,12
acled_event_count_lag12,0.0,crop_farming,12
acled_fatalities_lag12,0.0,crop_farming,12
maize_price_etb,0.0021766366,crop_farming,12
maize_price_etb_lag1,0.0039337915,crop_farming,12
maize_price_etb_lag3,0.0013445388,crop_farming,12
maize_price_etb_lag6,0.001917625,crop_farming,12
maize_price_etb_lag12,0.0,crop_farming,12
maize_price_index,0.0010744479,crop_farming,12
maize_price_index_lag1,0.0012990541,crop_farming,12
maize_price_index_lag3,0.0,crop_farming,12
maize_price_index_lag6,0.0045643235,crop_farming,12
maize_price_index_lag12,0.0041125063,crop_farming,12
maize_n_markets,0.0,crop_farming,12
wheat_price_etb,0.0047029443,crop_farming,12
wheat_price_etb_lag1,0.0,crop_farming,12
wheat_price_etb_lag3,0.0047506276,crop_farming,12
wheat_price_etb_lag6,0.0026630412,crop_farming,12
wheat_price_etb_lag12,0.003265321,crop_farming,12
wheat_price_index,0.006604535,crop_farming,12
wheat_price_index_lag1,0.0025244204,crop_farming,12
wheat_price_index_lag3,0.0037277327,crop_farming,12
wheat_price_index_lag6,0.0031492002,crop_farming,12
wheat_price_index_lag12,0.0032187048,crop_farming,12
wheat_n_markets,0.0,crop_farming,12
sorghum_price_etb,0.0,crop_farming,12
sorghum_price_etb_lag1,0.0002540512,crop_farming,12
sorghum_price_etb_lag3,0.012076978,crop_farming,12
sorghum_price_etb_lag6,0.007912456,crop_farming,12
sorghum_price_etb_lag12,0.0,crop_farming,12
sorghum_price_index,0.0015994072,crop_farming,12
sorghum_price_index_lag1,0.0,crop_farming,12
sorghum_price_index_lag3,0.0025529864,crop_farming,12
sorghum_price_index_lag6,0.000823642,crop_farming,12
sorghum_price_index_lag12,0.0,crop_farming,12
sorghum_n_markets,0.0,crop_farming,12
teff_price_etb,0.0,crop_farming,12
teff_price_etb_lag1,0.0,crop_farming,12
teff_price_etb_lag3,0.0,crop_farming,12
teff_price_etb_lag6,0.0,crop_farming,12
teff_price_etb_lag12,0.0,crop_farming,12
teff_price_index,0.0,crop_farming,12
teff_price_index_lag1,0.0,crop_farming,12
teff_price_index_lag3,0.0,crop_farming,12
teff_price_index_lag6,0.0,crop_farming,12
teff_price_index_lag12,0.0,crop_farming,12
teff_n_markets,0.0,crop_farming,12
fuel_diesel_price_etb,0.0,crop_farming,12
fuel_diesel_price_etb_lag1,0.0,crop_farming,12
fuel_diesel_price_etb_lag3,0.0,crop_farming,12
fuel_diesel_price_etb_lag6,0.0,crop_farming,12
fuel_diesel_price_etb_lag12,0.0,crop_farming,12
fuel_diesel_price_index,0.0,crop_farming,12
fuel_diesel_price_index_lag1,0.0,crop_farming,12
fuel_diesel_price_index_lag3,0.0,crop_farming,12
fuel_diesel_price_index_lag6,0.0,crop_farming,12
fuel_diesel_price_index_lag12,0.0,crop_farming,12
fuel_diesel_n_markets,0.0,crop_farming,12
fuel_petrol_price_etb,0.0,crop_farming,12
fuel_petrol_price_etb_lag1,0.0,crop_farming,12
fuel_petrol_price_etb_lag3,0.0,crop_farming,12
fuel_petrol_price_etb_lag6,0.0,crop_farming,12
fuel_petrol_price_etb_lag12,0.0,crop_farming,12
fuel_petrol_price_index,0.0,crop_farming,12
fuel_petrol_price_index_lag1,0.0,crop_farming,12
fuel_petrol_price_index_lag3,0.0,crop_farming,12
fuel_petrol_price_index_lag6,0.0,crop_farming,12
fuel_petrol_price_index_lag12,0.0,crop_farming,12
fuel_petrol_n_markets,0.0,crop_farming,12
livestock_goat_price_etb,0.0,crop_farming,12
livestock_goat_price_etb_lag1,0.0,crop_farming,12
livestock_goat_price_etb_lag3,0.0,crop_farming,12
livestock_goat_price_etb_lag6,0.0,crop_farming,12
livestock_goat_price_etb_lag12,0.0,crop_farming,12
livestock_goat_price_index,0.0,crop_farming,12
livestock_goat_price_index_lag1,0.0,crop_farming,12
livestock_goat_price_index_lag3,0.0,crop_farming,12
livestock_goat_price_index_lag6,0.0,crop_farming,12
livestock_goat_price_index_lag12,0.0,crop_farming,12
livestock_goat_n_markets,0.0,crop_farming,12
livestock_sheep_price_etb,0.0,crop_farming,12
livestock_sheep_price_etb_lag1,0.0,crop_farming,12
livestock_sheep_price_etb_lag3,0.0,crop_farming,12
livestock_sheep_price_etb_lag6,0.0,crop_farming,12
livestock_sheep_price_etb_lag12,0.0,crop_farming,12
livestock_sheep_price_index,0.0,crop_farming,12
livestock_sheep_price_index_lag1,0.0,crop_farming,12
livestock_sheep_price_index_lag3,0.0,crop_farming,12
livestock_sheep_price_index_lag6,0.0,crop_farming,12
livestock_sheep_price_index_lag12,0.0,crop_farming,12
livestock_sheep_n_markets,0.0,crop_farming,12
goat_maize_tot,0.0,crop_farming,12
goat_maize_tot_lag1,0.0,crop_farming,12
goat_maize_tot_lag3,0.0,crop_farming,12
goat_maize_tot_lag6,0.0,crop_farming,12
goat_maize_tot_lag12,0.0,crop_farming,12
sheep_maize_tot,0.0,crop_farming,12
sheep_maize_tot_lag1,0.0,crop_farming,12
sheep_maize_tot_lag3,0.0,crop_farming,12
sheep_maize_tot_lag6,0.0,crop_farming,12
sheep_maize_tot_lag12,0.0,crop_farming,12
maize_yield,0.004577929,crop_farming,12
maize_yield_anomaly,0.0034008995,crop_farming,12
wheat_yield,0.0037836207,crop_farming,12
wheat_yield_anomaly,0.0034467962,crop_farming,12
sorghum_yield,0.004787425,crop_farming,12
sorghum_yield_anomaly,0.0076213116,crop_farming,12
teff_yield,0.00548494,crop_farming,12
teff_yield_anomaly,0.00917322,crop_farming,12
headline_cpi,0.00557591,crop_farming,12
headline_cpi_lag1,0.0,crop_farming,12
headline_cpi_lag3,0.0052491752,crop_farming,12
headline_cpi_lag6,0.0023796358,crop_farming,12
headline_cpi_lag12,0.013929803,crop_farming,12
headline_cpi_yoy_change,0.029374741,crop_farming,12
headline_cpi_yoy_change_lag1,0.008446964,crop_farming,12
headline_cpi_yoy_change_lag3,0.016238935,crop_farming,12
headline_cpi_yoy_change_lag6,0.008077924,crop_farming,12
headline_cpi_yoy_change_lag12,0.012585594,crop_farming,12
food_cpi,0.0,crop_farming,12
food_cpi_lag1,0.0,crop_farming,12
food_cpi_lag3,0.0,crop_farming,12
food_cpi_lag6,0.003984517,crop_farming,12
food_cpi_lag12,0.0008703294,crop_farming,12
food_cpi_yoy_change,0.0,crop_farming,12
food_cpi_yoy_change_lag1,0.023856064,crop_farming,12
food_cpi_yoy_change_lag3,0.0,crop_farming,12
food_cpi_yoy_change_lag6,0.0076232506,crop_farming,12
food_cpi_yoy_change_lag12,0.0,crop_farming,12
headline_cpi_chainlinked,0.0,crop_farming,12
headline_cpi_chainlinked_lag1,0.0,crop_farming,12
headline_cpi_chainlinked_lag3,0.0,crop_farming,12
headline_cpi_chainlinked_lag6,0.0,crop_farming,12
headline_cpi_chainlinked_lag12,0.0,crop_farming,12
food_cpi_chainlinked,0.0,crop_farming,12
food_cpi_chainlinked_lag1,0.0,crop_farming,12
food_cpi_chainlinked_lag3,0.0,crop_farming,12
food_cpi_chainlinked_lag6,0.0,crop_farming,12
food_cpi_chainlinked_lag12,0.0,crop_farming,12
exchange_rate,0.0,crop_farming,12
exchange_rate_lag1,0.0,crop_farming,12
exchange_rate_lag3,0.0,crop_farming,12
exchange_rate_lag6,0.0,crop_farming,12
exchange_rate_lag12,0.0,crop_farming,12
exchange_rate_yoy_change,0.0034565907,crop_farming,12
exchange_rate_yoy_change_lag1,0.0051919245,crop_farming,12
exchange_rate_yoy_change_lag3,0.0143685015,crop_farming,12
exchange_rate_yoy_change_lag6,0.002161746,crop_farming,12
exchange_rate_yoy_change_lag12,0.0073662666,crop_farming,12
gdp_per_capita,0.0,crop_farming,12
gdp_per_capita_yoy_change,0.017097216,crop_farming,12
iod,0.0143879885,crop_farming,12
mei,0.0137522025,crop_farming,12
nino34,0.005463806,crop_farming,12
iod_lag1,0.014534179,crop_farming,12
iod_lag3,0.018176898,crop_farming,12
iod_lag6,0.004375586,crop_farming,12
mei_lag1,0.0045228885,crop_farming,12
mei_lag3,0.008283809,crop_farming,12
mei_lag6,0.0043206485,crop_farming,12
nino34_lag1,0.0066801175,crop_farming,12
nino34_lag3,0.023003986,crop_farming,12
nino34_lag6,0.014936108,crop_farming,12
wvg,0.0,crop_farming,12
wvg_lag1yr,0.0022578249,crop_farming,12
wvg_lag2yr,0.008190475,crop_farming,12
wvg_lag3yr,0.038948376,crop_farming,12
season_benishangul_meher_only,0.0,crop_farming,12
season_national_belg_meher,0.0,crop_farming,12
