lhz,lead,zone_code,n,mae,rmse,r2,mae_baseline,rmse_baseline,r2_baseline,mae_baseline2,rmse_baseline2,r2_baseline2
agropastoral,0,ET0410,9,0.6027781208496735,0.7130382228730133,-1.179520493279823,0.47078595267357115,0.6178881294897649,-0.6366470741235912,0.3838988812546704,0.46247937433031616,0.08310401219606922
agropastoral,0,ET0502,9,0.22444467409886334,0.2835833433930856,-0.17447187476992942,0.23186193341477818,0.4058041647488971,-1.4049950340096635,0.281419007249883,0.34298949542952734,-0.718077786947604
agropastoral,0,ET0707,9,0.3366264408685431,0.43575998983487846,-0.45248280102754457,0.28454692502762835,0.32448189997039745,0.19462666429746267,0.6560875104387858,0.7382675958471164,-3.169115316504117
agropastoral,0,ET0712,9,0.5544071688402619,0.7339189677575848,-1.532472923078048,0.553350763830526,0.7095363986036284,-1.3669982960889788,0.7419042139902897,0.8631931647245066,-2.5031970952440945
agropastoral,0,ET1201,9,0.20751563925284694,0.25285027162131873,-0.2843859340750079,0.15771750826377223,0.2732253817325206,-0.499722042117031,0.14548333434829566,0.23533204620653717,-0.11257893700421295
agropastoral,1,ET0410,9,0.4757706167929167,0.549916531061461,-0.29636973994876525,0.47078595267357115,0.6178881294897649,-0.6366470741235912,0.3838988812546704,0.46247937433031616,0.08310401219606922
agropastoral,1,ET0502,9,0.2047368893347774,0.2548539273525434,0.05144210014483053,0.23186193341477818,0.4058041647488971,-1.4049950340096635,0.281419007249883,0.34298949542952734,-0.718077786947604
agropastoral,1,ET0707,9,0.33485559975236207,0.40323676381540624,-0.24375985693017932,0.28454692502762835,0.32448189997039745,0.19462666429746267,0.6560875104387858,0.7382675958471164,-3.169115316504117
agropastoral,1,ET0712,9,0.5528602296261913,0.703681224771017,-1.3280940122983953,0.553350763830526,0.7095363986036284,-1.3669982960889788,0.7419042139902897,0.8631931647245066,-2.5031970952440945
agropastoral,1,ET1201,9,0.26160498584724085,0.2969955616845037,-0.7720199631785716,0.15771750826377223,0.2732253817325206,-0.499722042117031,0.14548333434829566,0.23533204620653717,-0.11257893700421295
agropastoral,2,ET0410,9,0.3656407104738665,0.4458821511682096,0.14773331919074162,0.47078595267357115,0.6178881294897649,-0.6366470741235912,0.3838988812546704,0.46247937433031616,0.08310401219606922
agropastoral,2,ET0502,9,0.24106903544660088,0.31500405117289276,-0.4491504049938153,0.23186193341477818,0.4058041647488971,-1.4049950340096635,0.281419007249883,0.34298949542952734,-0.718077786947604
agropastoral,2,ET0707,9,0.4008309956639891,0.42490203209625604,-0.3810007375657698,0.28454692502762835,0.32448189997039745,0.19462666429746267,0.6560875104387858,0.7382675958471164,-3.169115316504117
agropastoral,2,ET0712,9,0.6100285146781729,0.7713836406328176,-1.797624580254365,0.553350763830526,0.7095363986036284,-1.3669982960889788,0.7419042139902897,0.8631931647245066,-2.5031970952440945
agropastoral,2,ET1201,9,0.43072271564343123,0.49312019768712995,-3.8851091752815803,0.15771750826377223,0.2732253817325206,-0.499722042117031,0.14548333434829566,0.23533204620653717,-0.11257893700421295
agropastoral,3,ET0410,9,0.4079168348808548,0.49312754992638863,-0.0424467200157046,0.47078595267357115,0.6178881294897649,-0.6366470741235912,0.3838988812546704,0.46247937433031616,0.08310401219606922
agropastoral,3,ET0502,9,0.2083064312357464,0.2725950410141818,-0.08521824390357802,0.23186193341477818,0.4058041647488971,-1.4049950340096635,0.281419007249883,0.34298949542952734,-0.718077786947604
agropastoral,3,ET0707,9,0.3878417360364346,0.5010066195395956,-0.9200088137725657,0.28454692502762835,0.32448189997039745,0.19462666429746267,0.6560875104387858,0.7382675958471164,-3.169115316504117
agropastoral,3,ET0712,9,0.5322755006434777,0.7221136804540118,-1.4516571259872504,0.553350763830526,0.7095363986036284,-1.3669982960889788,0.7419042139902897,0.8631931647245066,-2.5031970952440945
agropastoral,3,ET1201,9,0.35404952491737024,0.39156935679606963,-2.080250857476127,0.15771750826377223,0.2732253817325206,-0.499722042117031,0.14548333434829566,0.23533204620653717,-0.11257893700421295
agropastoral,4,ET0410,9,0.4562851564055808,0.5858391113347806,-0.47126891524925574,0.5438027780105721,0.6679881776311061,-0.9128146400340305,0.3838988812546704,0.46247937433031616,0.08310401219606922
agropastoral,4,ET0502,9,0.19517024736318436,0.3049454095768139,-0.3580800971363156,0.17208766580666246,0.29226875783706635,-0.24751556175364375,0.281419007249883,0.34298949542952734,-0.718077786947604
agropastoral,4,ET0707,9,0.5355321462665829,0.605049335163376,-1.80025686393803,0.35993684319734626,0.4426034627891626,-0.4984626040792324,0.6560875104387858,0.7382675958471164,-3.169115316504117
agropastoral,4,ET0712,9,0.7565379584121005,0.8549314466396429,-2.4364590292450568,0.486977432787138,0.6593487929927393,-1.043991181237112,0.7419042139902897,0.8631931647245066,-2.5031970952440945
agropastoral,4,ET1201,9,0.27791944032316623,0.2945888077898823,-0.7434166022796107,0.2614308096838708,0.3507935706857162,-1.472133625581702,0.14548333434829566,0.23533204620653717,-0.11257893700421295
agropastoral,8,ET0410,9,0.46953006682770265,0.5538329593301187,-0.3149006192513919,0.5131563320000415,0.6026206169901004,-0.5567658861568165,0.3838988812546704,0.46247937433031616,0.08310401219606922
agropastoral,8,ET0502,9,0.2956402076339605,0.3314119866960306,-0.604048917741322,0.2914860878864886,0.43383269727134727,-1.7486898971976257,0.281419007249883,0.34298949542952734,-0.718077786947604
agropastoral,8,ET0707,9,0.44610802334302185,0.5554767877357285,-1.3601962990390484,0.4246623487116286,0.5565204330009416,-1.3690734356486125,0.6560875104387858,0.7382675958471164,-3.169115316504117
agropastoral,8,ET0712,9,0.6348997928321987,0.7050624594590279,-1.3372424733885118,0.6528235359623087,0.8979779854588763,-2.791228550656869,0.7419042139902897,0.8631931647245066,-2.5031970952440945
agropastoral,8,ET1201,9,0.3143153609706814,0.33828218051752823,-1.2989362819883485,0.2614308096838708,0.3507935706857162,-1.472133625581702,0.14548333434829566,0.23533204620653717,-0.11257893700421295
agropastoral,12,ET0410,9,0.5040236644071459,0.559907609472258,-0.34390346713267217,0.7367069842554301,0.8286254383364767,-1.9434174360643897,0.3838988812546704,0.46247937433031616,0.08310401219606922
agropastoral,12,ET0502,9,0.276849830123042,0.2943135284793813,-0.2650323600579052,0.3056110799401711,0.44633940195922517,-1.9094549609765132,0.281419007249883,0.34298949542952734,-0.718077786947604
agropastoral,12,ET0707,9,0.5108188154679039,0.5902281916049096,-1.6647482939219542,0.46779406053944267,0.5906269817892351,-1.6683504074062947,0.6560875104387858,0.7382675958471164,-3.169115316504117
agropastoral,12,ET0712,9,0.6063042658190558,0.7264322665813296,-1.4810689830950134,0.5902134400306696,0.8897148694674853,-2.7217764573308005,0.7419042139902897,0.8631931647245066,-2.5031970952440945
agropastoral,12,ET1201,9,0.39968618957118907,0.4770288047501585,-3.5714913252558382,0.2614308096838708,0.3507935706857162,-1.472133625581702,0.14548333434829566,0.23533204620653717,-0.11257893700421295
crop_farming,0,ET0101,9,1.1421004449500909,1.3754914270629048,-0.16023365163592374,0.4225214915966362,0.7902979390161585,0.6169888822374492,1.686951236566287,1.9893291481745046,-1.4268502229125777
crop_farming,0,ET0102,9,1.1989492695179438,1.3511963917362946,-0.16476907296784593,0.5292166354902843,0.9185656607706947,0.46170135214316854,1.6122786466978276,1.846034282464246,-1.1741144425948744
crop_farming,0,ET0103,9,1.1879080979217531,1.2865509811321845,-0.3705237324740609,0.6204403255058286,0.9139340532475596,0.3083883844104768,1.4509079855522349,1.6464866692322606,-1.2446518844260703
crop_farming,0,ET0104,9,0.9992366611365233,1.1264060181939255,-0.3500025028557501,0.583600359492785,0.760148491578458,0.3851891468745011,1.3130454207252698,1.5194418354633314,-1.4564776043796317
crop_farming,0,ET0105,9,0.6433126144117404,0.876281337496575,0.3029186966685322,0.3323628658814024,0.5742461941027708,0.700640833696573,1.3195428086921845,1.6726593576141606,-1.5398690073841377
crop_farming,0,ET0106,9,1.2956138082071667,1.3748703706480925,-0.29763854701982373,0.7375060679223817,1.103513370563227,0.16404012623445452,1.5473477357388743,1.707261508410689,-1.0009227882062048
crop_farming,0,ET0107,9,0.7306255217536876,0.843283755081352,-0.04086808339386483,0.5964927706682717,0.9446502264089013,-0.3061416829896497,1.0404628628073747,1.1536133990368667,-0.9479096391488848
crop_farming,0,ET0301,9,0.4458874442513843,0.5008746405487436,0.17558541151355755,0.6443601062551703,0.7654896317148029,-0.925600571412005,0.40357119430163885,0.4971651382556202,0.1877515029424578
crop_farming,0,ET0302,9,0.2217934498845609,0.28211393695242964,-0.15175232377350767,0.1756684325698628,0.24400093910137213,0.13842515703702385,0.2197487714862469,0.2698065131211377,-0.05345229235431703
crop_farming,0,ET0303,9,0.49568958621222275,0.7355642567063837,0.25002117532907686,0.7433272304525297,0.8322030440483732,0.04001075685541988,0.6795380700839253,0.8958253724698553,-0.11238336151039818
crop_farming,0,ET0304,9,0.4948357102664846,0.5919338121609187,0.09053710681617444,0.5560177647525875,0.6404141109833164,-0.06453629473642719,0.5098726432303168,0.5925589057110673,0.08861527180652995
crop_farming,0,ET0305,9,0.26494012174125003,0.3572578254378185,0.270128241363191,0.3248427432512396,0.43355073034554087,-0.07488722915263124,0.3353282540550806,0.4229224034731326,-0.02283231846305611
crop_farming,0,ET0306,9,0.1163158043815579,0.13572659908243498,-1.337016946206841,0.11862931697695021,0.14479991654951696,-1.6599198507915567,0.09499726415761864,0.09813605129421389,-0.22176895614667513
crop_farming,0,ET0307,9,0.015793786677755033,0.01639772603685524,-92178.0441338418,1.9227112677963928e-05,4.891085108097435e-05,0.1798838057344626,0.0005614464993271254,0.000691231801710919,-162.7994236091647
crop_farming,0,ET0308,9,0.6938364137740929,0.8976025484858337,-0.2026174205140454,0.5675532429475068,0.6918606103971913,0.28550935317327697,0.7135126582683375,0.9830975261901767,-0.4426219741892299
crop_farming,0,ET0309,9,0.03488134854873897,0.04269404882281177,-352.37639227423836,0.0015184397779480897,0.0027320042434063685,-0.4469901904898852,0.001521113616683451,0.0027293527970052816,-0.4441829070104437
crop_farming,0,ET0310,9,0.5423019506780806,0.6785079015024622,0.15558039811863444,0.6783285269594508,0.8163796703832267,-0.22245491136332318,0.6007611519946394,0.7782044679109592,-0.11080014272863603
crop_farming,0,ET0311,9,0.11282737854880251,0.1464463834950105,-1.1171463564760113,0.15170490091364142,0.19726445246643934,-2.8414151230334554,0.09138785400643543,0.11211267734254247,-0.24080354909877721
crop_farming,0,ET0312,9,0.028861674341120254,0.03093497244838537,-892.633772854235,0.0006254384743958279,0.0010040401730347626,0.05862581151150603,0.00113229941748447,0.0014393687010417272,-0.9346580553816723
crop_farming,0,ET0401,9,0.03621259257428523,0.040588925992362065,0.7273932529573317,0.02191605552025671,0.06292117966094996,0.3448885448629688,0.04313782336941638,0.08858020558060706,-0.29835916720069644
crop_farming,0,ET0402,9,0.05442583502092321,0.06459121344599772,-0.40865288375771125,0.015507296840387244,0.0441614665174872,0.34151774530128054,0.07842627154225368,0.10435078003911596,-2.676617934260363
crop_farming,0,ET0403,9,0.024272285459787064,0.025159752094320142,-1730.6984446681304,0.00021377573203677316,0.0005094173591400412,0.2900838895492204,0.0005786705399768196,0.000694903061208957,-0.32101576780079855
crop_farming,0,ET0404,9,0.021774357691644534,0.022227172904107063,-546.2281919926608,0.0007852004808180072,0.0010296501136303857,-0.17430078435313945,0.0008928865053588167,0.0010917916153935128,-0.3203209575524044
crop_farming,0,ET0405,9,0.05652306251726564,0.07778520391578338,-596.880110655652,0.0022689691479202225,0.004034395666163386,-0.608337152903615,0.0019342256028700433,0.0034393258104507443,-0.16887146039257228
crop_farming,0,ET0406,9,0.14340042782629875,0.1749561284868374,0.5280533035211686,0.09745876539934274,0.1868950720939936,0.4614446661168159,0.313227774040634,0.323349925994168,-0.612056141660841
crop_farming,0,ET0407,9,0.2430108671525723,0.27560850719515706,-0.7503900597383613,0.253582385736178,0.30986274222040183,-1.212525683145071,0.1365722754414559,0.20399334689585294,0.04108169809324291
crop_farming,0,ET0408,9,0.1829292194836141,0.2114124949380481,0.36812059253349494,0.3278557092897205,0.36747471733715925,-0.9090962663865689,0.21639640120945736,0.2536339278743519,0.09053164139642556
crop_farming,0,ET0409,9,0.3025051801370645,0.3748300058483354,0.17464666011197683,0.3213166744030395,0.41586902337116044,-0.015978128208884224,0.3523299288247268,0.4353115267175427,-0.11319577113219936
crop_farming,0,ET0413,9,0.08508458833413199,0.10536577797644812,-3.558146864085927,0.05398056340970303,0.0803803484595931,-1.6527048227828276,0.027494673380741914,0.05365306650613197,-0.18189325851788585
crop_farming,0,ET0416,9,0.028783671564648658,0.03190116323170121,-318.0814504989497,0.0008418786259998997,0.0017858942561416271,5.850875339774575e-14,0.0018742366193367469,0.0018781481207707747,-0.10598235736533623
crop_farming,0,ET0417,9,0.14372436841456665,0.19309863161538077,0.35032948321482393,0.27402752439668593,0.34182675852729666,-1.0358551699206786,0.2342412913574402,0.28256902753355856,-0.3911817754699365
crop_farming,0,ET0418,9,0.0685909834469413,0.09760322859814682,-0.2088682346492119,0.04462465193911188,0.09485279164655414,-0.14169692853551297,0.08297694914877847,0.0965717949286635,-0.18345351819778855
crop_farming,0,ET0419,9,0.04015037038913367,0.04686855129243064,-3541.8008169108916,0.0002104476806637439,0.0006313430419912317,0.3571428571428571,0.000830130245336279,0.0011400033527189956,-1.096022469304097
crop_farming,0,ET0420,9,0.06036693307261628,0.09118985912267857,-0.07797991449053954,0.04738716224316435,0.09968129332859356,-0.2880861415107827,0.04790437938332778,0.09939403963871184,-0.2806730280672376
crop_farming,0,ET0602,9,0.2945436953363308,0.3964162598811826,-0.046028416632175606,0.2661852187628876,0.4701915798470439,-0.4716016242006127,0.26674589217030276,0.46951788029246844,-0.4673875670364569
crop_farming,0,ET0603,9,0.042591139107263705,0.044536149211724954,-109.65691864705956,0.001131512508135726,0.0033945375244071783,0.3571428571428572,0.004725009908627638,0.007612127103710265,-2.2326992959711864
crop_farming,0,ET0604,9,0.2881298150579712,0.3756819485702226,-0.7951966727801438,0.14376485686555537,0.28798267795722854,-0.05488255631286765,0.2887898603033231,0.29146543510663525,-0.08055156662164542
crop_farming,0,ET0605,9,0.030895511309305828,0.031037186596717333,0.0,0.0,0.0,1.0,0.0,0.0,1.0
crop_farming,0,ET0701,9,0.13647120163902243,0.19188629158588938,0.377930265895946,0.13091860228633662,0.19936133028684733,0.32852009810043203,0.21601124258844318,0.25184611184830724,-0.07157277996881839
crop_farming,0,ET0702,9,0.3121802438627889,0.3750156882010996,-0.2612958447538103,0.46513320383177426,0.5759476779545638,-1.974980723451989,0.27212846260519274,0.32865320508854384,0.03128988038584313
crop_farming,0,ET0703,9,0.4685318525452835,0.5462510999125005,-0.6628685098503799,0.5790632102274154,0.7271817793770037,-1.9468581899672426,0.539542827432755,0.6152023771415612,-1.109158754601589
crop_farming,0,ET0705,9,0.32657609469878357,0.4301400558821034,-0.1964470673990466,0.5367287764781364,0.6196795787029965,-1.4831793265480933,0.2603490991752394,0.29426520973938897,0.4400470277178514
crop_farming,0,ET0706,9,0.3458924265270181,0.4162171325702887,-0.49033125996366156,0.42362858247069796,0.5479174989143726,-1.5826957427501624,0.24124042168002052,0.2671233400226852,0.3861438972401652
crop_farming,0,ET0710,9,0.5923652372935853,0.7159516851977613,-0.8513916345890293,0.6428766570799779,0.7990972923351417,-1.3063763918520914,0.3715725373726235,0.46441985100226163,0.2209731697696723
crop_farming,0,ET0713,9,0.44964671026702496,0.6295806757575062,-0.8657079915010264,0.3976161235432188,0.585889014474505,-0.6157404696998727,0.6627884797918622,0.7907577560397462,-1.9432544793284618
crop_farming,0,ET0714,9,0.2618806158420577,0.30318832005977714,-0.5718167986427674,0.1874970154996306,0.2519723385254834,-0.08563222460650421,0.28657691355831405,0.3737135557823426,-1.3881120248203427
crop_farming,0,ET0715,9,0.4606004269787946,0.5198406334738674,-1.7589915540508665,0.4459251910498138,0.5361666049495606,-1.9350090559347999,0.32125449931453015,0.3898515962532527,-0.5517028511237874
crop_farming,0,ET0716,9,0.26477452307682997,0.3622663268995552,-0.4251969054807223,0.21967954023592745,0.4561112202307362,-1.2592300040442654,0.3167453884615188,0.35763627830757533,-0.38899943443251717
crop_farming,0,ET0720,9,0.3519441431049624,0.3699057280702767,-0.26509607115215905,0.46356558050649493,0.5194104677244236,-1.4943809983253402,0.21564023360815499,0.254072285753783,0.4031626637173632
crop_farming,0,ET0721,9,0.6036452996504602,0.7129827036938693,-1.355236819935243,0.5507039870881304,0.7362066131959506,-1.5111694656633876,0.5493284954237372,0.6892372096744389,-1.2009695005424645
crop_farming,0,ET0722,9,0.6033999950097032,0.712603335808877,-1.2041861886106924,0.7540591518106283,0.8550555191485218,-2.1735197388447984,0.6304421805509752,0.7722225380247919,-1.5884365297830687
crop_farming,0,ET0723,9,0.5902390399665793,0.7579945131498718,-1.3499789207139452,0.6622589046997889,0.806487782554584,-1.6602804820273036,0.6144522062643077,0.7498349201202202,-1.2996575389623062
crop_farming,0,ET0724,9,0.07832140594599964,0.09199898749939864,-35.80104746085671,0.018251212333075386,0.024564142585574555,-1.6235980770626255,0.04405823582961599,0.063062483832663,-16.291641747498367
crop_farming,0,ET1101,9,0.04277503490447998,0.049881307909399784,0.0,0.0,0.0,1.0,0.0,0.0,1.0
crop_farming,0,ET1102,9,0.020903052816500598,0.021180265412952527,-12769.613185499997,5.0091207956675594e-05,0.0001502736238700268,0.3571428571428571,0.0004355537198740884,0.0004695205069793224,-5.275640909913101
crop_farming,0,ET1103,9,0.048718641945787136,0.054389018969149765,-2621.044377331662,0.0005677500541993021,0.0012043797400300691,-0.2857142857142858,0.0005677500541993021,0.0012043797400300691,-0.2857142857142858
crop_farming,0,ET1104,9,0.5692587209974191,0.6262865452332942,-0.3715011870417577,0.5954776178200668,0.728243142737505,-0.8543974965718781,0.6116535864381474,0.7432462088665004,-0.9315921410982722
crop_farming,0,ET1105,9,0.04019941663085453,0.05311367837539594,0.329080228863308,0.017929931118717473,0.05207739276014568,0.3550050744595463,0.036489142374518786,0.07425287192653827,-0.31124650284767563
crop_farming,0,ET1106,9,0.04388702268676983,0.0509684008993015,-4.691404478728166,0.026804214145411183,0.032909655328240084,-1.3728162219253917,0.021209727536286114,0.02503244530009677,-0.37285284098256555
crop_farming,0,ET1202,9,0.20327460594109747,0.25622555786145323,-12.789299269732068,0.04802533162502417,0.08319455055500229,-0.45374107760756277,0.04754271165829733,0.08092077612803945,-0.3753631417614378
crop_farming,0,ET1203,9,0.1126925248256079,0.12368189708364867,-64653.84743020998,0.0002599989357177337,0.0005515410316418843,-0.2857142857142856,0.0002599989357177337,0.0005515410316418843,-0.2857142857142856
crop_farming,0,ET1204,9,0.06295925248169303,0.07366522245099949,-87.21563697276875,0.005832017774349237,0.009421071113674523,-0.44284981824876635,0.005498224264748799,0.007975922240497542,-0.03414726466624285
crop_farming,0,ET1301,9,0.15815829685264812,0.19809081872419926,-56.96288078215683,0.027076568189023337,0.03803100534138808,-1.1364703995977385,0.2286948060382908,0.2583191149499834,-97.56763948318051
crop_farming,0,ET1401,9,0.04830655899478388,0.0551371770290912,-374298.76679351844,4.817267093335273e-05,0.00010218966685452542,-0.2857142857142856,4.817267093335273e-05,0.00010218966685452542,-0.2857142857142856
crop_farming,0,ET1501,9,0.2568962777354587,0.29657328463842797,-0.5267797535140943,0.15025149057266451,0.3193105379228987,-0.7698597011852157,0.7857195197306025,0.8594214612521028,-11.821083452660309
crop_farming,0,ET1502,9,0.23842135695494557,0.3724842287194041,0.012906809177612444,0.12020658207099776,0.21454310064548396,0.6725300272563164,0.3757683432560246,0.42608053541668306,-0.2915932525353018
crop_farming,0,ET1600,9,0.4218982003833274,0.47795889054869484,-0.6186308033035495,0.5233294524142474,0.5948764562159248,-1.5073806736994513,0.2769600701848969,0.3251642003946487,0.25084417221793964
crop_farming,1,ET0101,9,1.2152454522757923,1.46030326937381,-0.3077231046404789,0.4225214915966362,0.7902979390161585,0.6169888822374492,1.686951236566287,1.9893291481745046,-1.4268502229125777
crop_farming,1,ET0102,9,1.2648714635749845,1.4422127434678433,-0.3269713137390522,0.5292166354902843,0.9185656607706947,0.46170135214316854,1.6122786466978276,1.846034282464246,-1.1741144425948744
crop_farming,1,ET0103,9,1.2500308535022313,1.3452547343211307,-0.4984477982168072,0.6204403255058286,0.9139340532475596,0.3083883844104768,1.4509079855522349,1.6464866692322606,-1.2446518844260703
crop_farming,1,ET0104,9,1.0629375755194579,1.233337127657274,-0.6184834402655477,0.583600359492785,0.760148491578458,0.3851891468745011,1.3130454207252698,1.5194418354633314,-1.4564776043796317
crop_farming,1,ET0105,9,0.7957847197227671,1.0395316840889093,0.018993756856684363,0.3323628658814024,0.5742461941027708,0.700640833696573,1.3195428086921845,1.6726593576141606,-1.5398690073841377
crop_farming,1,ET0106,9,1.3807427910690033,1.4905396785926213,-0.5251667042126937,0.7375060679223817,1.103513370563227,0.16404012623445452,1.5473477357388743,1.707261508410689,-1.0009227882062048
crop_farming,1,ET0107,9,0.8113955507157169,0.87175485044233,-0.11233849771845317,0.5964927706682717,0.9446502264089013,-0.3061416829896497,1.0404628628073747,1.1536133990368667,-0.9479096391488848
crop_farming,1,ET0301,9,0.5151438240681875,0.5660743155798238,-0.053014814109187514,0.6443601062551703,0.7654896317148029,-0.925600571412005,0.40357119430163885,0.4971651382556202,0.1877515029424578
crop_farming,1,ET0302,9,0.2132038827087787,0.2646185427544129,-0.013329207897637252,0.1756684325698628,0.24400093910137213,0.13842515703702385,0.2197487714862469,0.2698065131211377,-0.05345229235431703
crop_farming,1,ET0303,9,0.5759849018694427,0.84299100674255,0.014960491849705049,0.7433272304525297,0.8322030440483732,0.04001075685541988,0.6795380700839253,0.8958253724698553,-0.11238336151039818
crop_farming,1,ET0304,9,0.5162875877390993,0.637561891307017,-0.055075135367287364,0.5560177647525875,0.6404141109833164,-0.06453629473642719,0.5098726432303168,0.5925589057110673,0.08861527180652995
crop_farming,1,ET0305,9,0.25421408154356623,0.3558457089805598,0.2758866988135117,0.3248427432512396,0.43355073034554087,-0.07488722915263124,0.3353282540550806,0.4229224034731326,-0.02283231846305611
crop_farming,1,ET0306,9,0.10926944924002416,0.12625834185522228,-1.022330307199312,0.11862931697695021,0.14479991654951696,-1.6599198507915567,0.09499726415761864,0.09813605129421389,-0.22176895614667513
crop_farming,1,ET0307,9,0.026257713204990277,0.027699077244353946,-263023.10451952036,1.9227112677963928e-05,4.891085108097435e-05,0.1798838057344626,0.0005614464993271254,0.000691231801710919,-162.7994236091647
crop_farming,1,ET0308,9,0.765621269453577,1.0078742687039681,-0.5162543225682823,0.5675532429475068,0.6918606103971913,0.28550935317327697,0.7135126582683375,0.9830975261901767,-0.4426219741892299
crop_farming,1,ET0309,9,0.03061766936223588,0.032089793103928684,-198.63499896526363,0.0015184397779480897,0.0027320042434063685,-0.4469901904898852,0.001521113616683451,0.0027293527970052816,-0.4441829070104437
crop_farming,1,ET0310,9,0.5106841502833865,0.633917926268653,0.26292012518994057,0.6783285269594508,0.8163796703832267,-0.22245491136332318,0.6007611519946394,0.7782044679109592,-0.11080014272863603
crop_farming,1,ET0311,9,0.12869258272030842,0.1605149097494629,-1.543456631581186,0.15170490091364142,0.19726445246643934,-2.8414151230334554,0.09138785400643543,0.11211267734254247,-0.24080354909877721
crop_farming,1,ET0312,9,0.02515990800912969,0.02656617727145815,-658.0498098267201,0.0006254384743958279,0.0010040401730347626,0.05862581151150603,0.00113229941748447,0.0014393687010417272,-0.9346580553816723
crop_farming,1,ET0401,9,0.061445270992465356,0.07787046844422324,-0.0033837320179797015,0.02191605552025671,0.06292117966094996,0.3448885448629688,0.04313782336941638,0.08858020558060706,-0.29835916720069644
crop_farming,1,ET0402,9,0.06254140952339157,0.06908227275034069,-0.6113516784120503,0.015507296840387244,0.0441614665174872,0.34151774530128054,0.07842627154225368,0.10435078003911596,-2.676617934260363
crop_farming,1,ET0403,9,0.030467843901796885,0.03184816454598073,-2773.7788051476714,0.00021377573203677316,0.0005094173591400412,0.2900838895492204,0.0005786705399768196,0.000694903061208957,-0.32101576780079855
crop_farming,1,ET0404,9,0.03040701760375391,0.031161191305720388,-1074.5438284684283,0.0007852004808180072,0.0010296501136303857,-0.17430078435313945,0.0008928865053588167,0.0010917916153935128,-0.3203209575524044
crop_farming,1,ET0405,9,0.03795302350986682,0.039972343614825226,-156.88444371689627,0.0022689691479202225,0.004034395666163386,-0.608337152903615,0.0019342256028700433,0.0034393258104507443,-0.16887146039257228
crop_farming,1,ET0406,9,0.16255774477593118,0.19102084410878015,0.43740463422947107,0.09745876539934274,0.1868950720939936,0.4614446661168159,0.313227774040634,0.323349925994168,-0.612056141660841
crop_farming,1,ET0407,9,0.19634301952337946,0.2398046498060303,-0.32514926609453076,0.253582385736178,0.30986274222040183,-1.212525683145071,0.1365722754414559,0.20399334689585294,0.04108169809324291
crop_farming,1,ET0408,9,0.2131880870373702,0.23727117299270392,0.2040920296366988,0.3278557092897205,0.36747471733715925,-0.9090962663865689,0.21639640120945736,0.2536339278743519,0.09053164139642556
crop_farming,1,ET0409,9,0.43414263416996246,0.5025618534045382,-0.48371420645938934,0.3213166744030395,0.41586902337116044,-0.015978128208884224,0.3523299288247268,0.4353115267175427,-0.11319577113219936
crop_farming,1,ET0413,9,0.08065413535154736,0.09255001821481933,-2.5167554965731704,0.05398056340970303,0.0803803484595931,-1.6527048227828276,0.027494673380741914,0.05365306650613197,-0.18189325851788585
crop_farming,1,ET0416,9,0.04811952429359831,0.05658617918509896,-1002.9434716579735,0.0008418786259998997,0.0017858942561416271,5.850875339774575e-14,0.0018742366193367469,0.0018781481207707747,-0.10598235736533623
crop_farming,1,ET0417,9,0.15893334641473444,0.2178306017701913,0.173253151154393,0.27402752439668593,0.34182675852729666,-1.0358551699206786,0.2342412913574402,0.28256902753355856,-0.3911817754699365
crop_farming,1,ET0418,9,0.08866870403289795,0.11325418271673231,-0.6276427906126716,0.04462465193911188,0.09485279164655414,-0.14169692853551297,0.08297694914877847,0.0965717949286635,-0.18345351819778855
crop_farming,1,ET0419,9,0.03666225359497134,0.037647385985870335,-2284.8794861390274,0.0002104476806637439,0.0006313430419912317,0.3571428571428571,0.000830130245336279,0.0011400033527189956,-1.096022469304097
crop_farming,1,ET0420,9,0.07996756810047029,0.09822679934415869,-0.25077031527278626,0.04738716224316435,0.09968129332859356,-0.2880861415107827,0.04790437938332778,0.09939403963871184,-0.2806730280672376
crop_farming,1,ET0602,9,0.3028819480396796,0.4005140782672301,-0.06776611860861537,0.2661852187628876,0.4701915798470439,-0.4716016242006127,0.26674589217030276,0.46951788029246844,-0.4673875670364569
crop_farming,1,ET0603,9,0.05830116182166664,0.06465132146909017,-232.18899919750942,0.001131512508135726,0.0033945375244071783,0.3571428571428572,0.004725009908627638,0.007612127103710265,-2.2326992959711864
crop_farming,1,ET0604,9,0.261441530432545,0.32565151317058866,-0.34889324568705105,0.14376485686555537,0.28798267795722854,-0.05488255631286765,0.2887898603033231,0.29146543510663525,-0.08055156662164542
crop_farming,1,ET0605,9,0.03926319546169705,0.039371101684367325,0.0,0.0,0.0,1.0,0.0,0.0,1.0
crop_farming,1,ET0701,9,0.14893425470654764,0.19558821483771469,0.3536964548727075,0.13091860228633662,0.19936133028684733,0.32852009810043203,0.21601124258844318,0.25184611184830724,-0.07157277996881839
crop_farming,1,ET0702,9,0.31738074911944175,0.38182266647137775,-0.30749942075857595,0.46513320383177426,0.5759476779545638,-1.974980723451989,0.27212846260519274,0.32865320508854384,0.03128988038584313
crop_farming,1,ET0703,9,0.41812519786948193,0.5006773153676782,-0.39697646600304837,0.5790632102274154,0.7271817793770037,-1.9468581899672426,0.539542827432755,0.6152023771415612,-1.109158754601589
crop_farming,1,ET0705,9,0.3304331166907757,0.4146015669392488,-0.11156686785517667,0.5367287764781364,0.6196795787029965,-1.4831793265480933,0.2603490991752394,0.29426520973938897,0.4400470277178514
crop_farming,1,ET0706,9,0.3500214359595108,0.39193562129314824,-0.3215158545990906,0.42362858247069796,0.5479174989143726,-1.5826957427501624,0.24124042168002052,0.2671233400226852,0.3861438972401652
crop_farming,1,ET0710,9,0.5060562864242988,0.6527445944613016,-0.5389249252169421,0.6428766570799779,0.7990972923351417,-1.3063763918520914,0.3715725373726235,0.46441985100226163,0.2209731697696723
crop_farming,1,ET0713,9,0.5609206226991235,0.7011006544035587,-1.3136711857363723,0.3976161235432188,0.585889014474505,-0.6157404696998727,0.6627884797918622,0.7907577560397462,-1.9432544793284618
crop_farming,1,ET0714,9,0.2967468758353718,0.3671658529517236,-1.305162581104483,0.1874970154996306,0.2519723385254834,-0.08563222460650421,0.28657691355831405,0.3737135557823426,-1.3881120248203427
crop_farming,1,ET0715,9,0.4492983531822044,0.5391237737739802,-1.9674737865478265,0.4459251910498138,0.5361666049495606,-1.9350090559347999,0.32125449931453015,0.3898515962532527,-0.5517028511237874
crop_farming,1,ET0716,9,0.2422631732928266,0.3401116668942165,-0.2562092731752972,0.21967954023592745,0.4561112202307362,-1.2592300040442654,0.3167453884615188,0.35763627830757533,-0.38899943443251717
crop_farming,1,ET0720,9,0.2745479754557993,0.32494634881706685,0.023741750039163123,0.46356558050649493,0.5194104677244236,-1.4943809983253402,0.21564023360815499,0.254072285753783,0.4031626637173632
crop_farming,1,ET0721,9,0.6131273729662402,0.7963851866531036,-1.9384813577303817,0.5507039870881304,0.7362066131959506,-1.5111694656633876,0.5493284954237372,0.6892372096744389,-1.2009695005424645
crop_farming,1,ET0722,9,0.7367021537892714,0.8505570374730245,-2.1402155458122607,0.7540591518106283,0.8550555191485218,-2.1735197388447984,0.6304421805509752,0.7722225380247919,-1.5884365297830687
crop_farming,1,ET0723,9,0.6962012462545517,0.8350349281299682,-1.8519448706402843,0.6622589046997889,0.806487782554584,-1.6602804820273036,0.6144522062643077,0.7498349201202202,-1.2996575389623062
crop_farming,1,ET0724,9,0.06322230434959122,0.07394738466427525,-22.77605091092832,0.018251212333075386,0.024564142585574555,-1.6235980770626255,0.04405823582961599,0.063062483832663,-16.291641747498367
crop_farming,1,ET1101,9,0.034053670035468206,0.03469395603364715,0.0,0.0,0.0,1.0,0.0,0.0,1.0
crop_farming,1,ET1102,9,0.02874119605923063,0.02933968372712229,-24504.287973446844,5.0091207956675594e-05,0.0001502736238700268,0.3571428571428571,0.0004355537198740884,0.0004695205069793224,-5.275640909913101
crop_farming,1,ET1103,9,0.06063056397676587,0.07027373659592885,-4376.273468789628,0.0005677500541993021,0.0012043797400300691,-0.2857142857142858,0.0005677500541993021,0.0012043797400300691,-0.2857142857142858
crop_farming,1,ET1104,9,0.5783415681687788,0.646891568052906,-0.4632313760842821,0.5954776178200668,0.728243142737505,-0.8543974965718781,0.6116535864381474,0.7432462088665004,-0.9315921410982722
crop_farming,1,ET1105,9,0.05335794544079178,0.06191146964679158,0.08840893863534571,0.017929931118717473,0.05207739276014568,0.3550050744595463,0.036489142374518786,0.07425287192653827,-0.31124650284767563
crop_farming,1,ET1106,9,0.03746017173207826,0.04528498191801328,-3.4928904822043023,0.026804214145411183,0.032909655328240084,-1.3728162219253917,0.021209727536286114,0.02503244530009677,-0.37285284098256555
crop_farming,1,ET1202,9,0.2040731987520193,0.2551859156684195,-12.677625374090084,0.04802533162502417,0.08319455055500229,-0.45374107760756277,0.04754271165829733,0.08092077612803945,-0.3753631417614378
crop_farming,1,ET1203,9,0.08861459278571125,0.09696367390793748,-39737.08550291439,0.0002599989357177337,0.0005515410316418843,-0.2857142857142856,0.0002599989357177337,0.0005515410316418843,-0.2857142857142856
crop_farming,1,ET1204,9,0.08209039636953075,0.10873995987540634,-191.22014559680073,0.005832017774349237,0.009421071113674523,-0.44284981824876635,0.005498224264748799,0.007975922240497542,-0.03414726466624285
crop_farming,1,ET1301,9,0.22835334350959138,0.28725557417461917,-120.88722731019625,0.027076568189023337,0.03803100534138808,-1.1364703995977385,0.2286948060382908,0.2583191149499834,-97.56763948318051
crop_farming,1,ET1401,9,0.03569140811926847,0.03752536094297745,-173371.51900815387,4.817267093335273e-05,0.00010218966685452542,-0.2857142857142856,4.817267093335273e-05,0.00010218966685452542,-0.2857142857142856
crop_farming,1,ET1501,9,0.3202780423593126,0.3673258793177088,-1.3421537007669055,0.15025149057266451,0.3193105379228987,-0.7698597011852157,0.7857195197306025,0.8594214612521028,-11.821083452660309
crop_farming,1,ET1502,9,0.3169927312092443,0.4173801200717648,-0.2393840340168114,0.12020658207099776,0.21454310064548396,0.6725300272563164,0.3757683432560246,0.42608053541668306,-0.2915932525353018
crop_farming,1,ET1600,9,0.40463200635765195,0.4652231840209443,-0.5335198816469533,0.5233294524142474,0.5948764562159248,-1.5073806736994513,0.2769600701848969,0.3251642003946487,0.25084417221793964
crop_farming,2,ET0101,9,1.1102633391990533,1.3172390926053303,-0.06404232622579786,0.4225214915966362,0.7902979390161585,0.6169888822374492,1.686951236566287,1.9893291481745046,-1.4268502229125777
crop_farming,2,ET0102,9,1.1520625207801847,1.3043017444328417,-0.08532305176204846,0.5292166354902843,0.9185656607706947,0.46170135214316854,1.6122786466978276,1.846034282464246,-1.1741144425948744
crop_farming,2,ET0103,9,1.0998622491812813,1.1748147721036881,-0.14280296127866987,0.6204403255058286,0.9139340532475596,0.3083883844104768,1.4509079855522349,1.6464866692322606,-1.2446518844260703
crop_farming,2,ET0104,9,0.9652170187304835,1.0925800808643098,-0.2701388683046897,0.583600359492785,0.760148491578458,0.3851891468745011,1.3130454207252698,1.5194418354633314,-1.4564776043796317
crop_farming,2,ET0105,9,0.6092724216686017,0.7950060075293045,0.4262309334838682,0.3323628658814024,0.5742461941027708,0.700640833696573,1.3195428086921845,1.6726593576141606,-1.5398690073841377
crop_farming,2,ET0106,9,1.2670989593920963,1.3490296960600836,-0.2493187334646918,0.7375060679223817,1.103513370563227,0.16404012623445452,1.5473477357388743,1.707261508410689,-1.0009227882062048
crop_farming,2,ET0107,9,0.701859975802692,0.787922655557736,0.09131073035502124,0.5964927706682717,0.9446502264089013,-0.3061416829896497,1.0404628628073747,1.1536133990368667,-0.9479096391488848
crop_farming,2,ET0301,9,0.4047525967163569,0.5250894634939981,0.09394577831821882,0.6443601062551703,0.7654896317148029,-0.925600571412005,0.40357119430163885,0.4971651382556202,0.1877515029424578
crop_farming,2,ET0302,9,0.21059408925765088,0.25308543819263707,0.07307556795182601,0.1756684325698628,0.24400093910137213,0.13842515703702385,0.2197487714862469,0.2698065131211377,-0.05345229235431703
crop_farming,2,ET0303,9,0.5111927940547317,0.7180223612462961,0.28536594869665755,0.7433272304525297,0.8322030440483732,0.04001075685541988,0.6795380700839253,0.8958253724698553,-0.11238336151039818
crop_farming,2,ET0304,9,0.4246801269464826,0.5695344755402895,0.15806468907779847,0.5560177647525875,0.6404141109833164,-0.06453629473642719,0.5098726432303168,0.5925589057110673,0.08861527180652995
crop_farming,2,ET0305,9,0.23443261124479914,0.322557562176968,0.4050266476839257,0.3248427432512396,0.43355073034554087,-0.07488722915263124,0.3353282540550806,0.4229224034731326,-0.02283231846305611
crop_farming,2,ET0306,9,0.11956293297415502,0.14357744681354517,-1.6151968217120687,0.11862931697695021,0.14479991654951696,-1.6599198507915567,0.09499726415761864,0.09813605129421389,-0.22176895614667513
crop_farming,2,ET0307,9,0.02145496961113855,0.02190848294010833,-164545.84491645,1.9227112677963928e-05,4.891085108097435e-05,0.1798838057344626,0.0005614464993271254,0.000691231801710919,-162.7994236091647
crop_farming,2,ET0308,9,0.6318703919184206,0.8993603089976074,-0.2073321647787416,0.5675532429475068,0.6918606103971913,0.28550935317327697,0.7135126582683375,0.9830975261901767,-0.4426219741892299
crop_farming,2,ET0309,9,0.028071027800515774,0.028514286352483525,-156.62600229042465,0.0015184397779480897,0.0027320042434063685,-0.4469901904898852,0.001521113616683451,0.0027293527970052816,-0.4441829070104437
crop_farming,2,ET0310,9,0.5513670356652971,0.6334222847240619,0.26407227619623297,0.6783285269594508,0.8163796703832267,-0.22245491136332318,0.6007611519946394,0.7782044679109592,-0.11080014272863603
crop_farming,2,ET0311,9,0.1367300975772026,0.18758803061889573,-2.473792131022843,0.15170490091364142,0.19726445246643934,-2.8414151230334554,0.09138785400643543,0.11211267734254247,-0.24080354909877721
crop_farming,2,ET0312,9,0.022725680807455975,0.024070666027208032,-540.0486539500523,0.0006254384743958279,0.0010040401730347626,0.05862581151150603,0.00113229941748447,0.0014393687010417272,-0.9346580553816723
crop_farming,2,ET0401,9,0.08097602518299563,0.10299136754632829,-0.7551859372714047,0.02191605552025671,0.06292117966094996,0.3448885448629688,0.04313782336941638,0.08858020558060706,-0.29835916720069644
crop_farming,2,ET0402,9,0.08224628123088398,0.10742778847088903,-2.896640789586585,0.015507296840387244,0.0441614665174872,0.34151774530128054,0.07842627154225368,0.10435078003911596,-2.676617934260363
crop_farming,2,ET0403,9,0.022186533502423514,0.022616774449114734,-1398.3323864077734,0.00021377573203677316,0.0005094173591400412,0.2900838895492204,0.0005786705399768196,0.000694903061208957,-0.32101576780079855
crop_farming,2,ET0404,9,0.02168985155082965,0.02218764130534764,-544.2834041279524,0.0007852004808180072,0.0010296501136303857,-0.17430078435313945,0.0008928865053588167,0.0010917916153935128,-0.3203209575524044
crop_farming,2,ET0405,9,0.02629550734826607,0.02817965204407484,-77.46778068588718,0.0022689691479202225,0.004034395666163386,-0.608337152903615,0.0019342256028700433,0.0034393258104507443,-0.16887146039257228
crop_farming,2,ET0406,9,0.17600298967101854,0.20152847632830873,0.3738080596926814,0.09745876539934274,0.1868950720939936,0.4614446661168159,0.313227774040634,0.323349925994168,-0.612056141660841
crop_farming,2,ET0407,9,0.18368417855758493,0.2517632250313071,-0.46060972217827145,0.253582385736178,0.30986274222040183,-1.212525683145071,0.1365722754414559,0.20399334689585294,0.04108169809324291
crop_farming,2,ET0408,9,0.23360956133876748,0.29087938445229194,-0.19618619031630424,0.3278557092897205,0.36747471733715925,-0.9090962663865689,0.21639640120945736,0.2536339278743519,0.09053164139642556
crop_farming,2,ET0409,9,0.2960475727205818,0.3699611994125361,0.19594904672973368,0.3213166744030395,0.41586902337116044,-0.015978128208884224,0.3523299288247268,0.4353115267175427,-0.11319577113219936
crop_farming,2,ET0413,9,0.07372777098268478,0.0854428741700819,-1.9973734470187274,0.05398056340970303,0.0803803484595931,-1.6527048227828276,0.027494673380741914,0.05365306650613197,-0.18189325851788585
crop_farming,2,ET0416,9,0.06578485751164302,0.09082093897579396,-2585.1903945468985,0.0008418786259998997,0.0017858942561416271,5.850875339774575e-14,0.0018742366193367469,0.0018781481207707747,-0.10598235736533623
crop_farming,2,ET0417,9,0.2610676749560095,0.2938767548359118,-0.5047530653346171,0.27402752439668593,0.34182675852729666,-1.0358551699206786,0.2342412913574402,0.28256902753355856,-0.3911817754699365
crop_farming,2,ET0418,9,0.093104108866558,0.13061250219232726,-1.164811553462688,0.04462465193911188,0.09485279164655414,-0.14169692853551297,0.08297694914877847,0.0965717949286635,-0.18345351819778855
crop_farming,2,ET0419,9,0.02459374353942935,0.02523846071110329,-1026.3286609884597,0.0002104476806637439,0.0006313430419912317,0.3571428571428571,0.000830130245336279,0.0011400033527189956,-1.096022469304097
crop_farming,2,ET0420,9,0.07373310769363707,0.09197739724950914,-0.09667971648370499,0.04738716224316435,0.09968129332859356,-0.2880861415107827,0.04790437938332778,0.09939403963871184,-0.2806730280672376
crop_farming,2,ET0602,9,0.2767329797669406,0.40083498471040807,-0.0694778701744243,0.2661852187628876,0.4701915798470439,-0.4716016242006127,0.26674589217030276,0.46951788029246844,-0.4673875670364569
crop_farming,2,ET0603,9,0.022759720116174838,0.029878454325535275,-48.804604940110764,0.001131512508135726,0.0033945375244071783,0.3571428571428572,0.004725009908627638,0.007612127103710265,-2.2326992959711864
crop_farming,2,ET0604,9,0.26783354089347244,0.35160938980263345,-0.5725059883640864,0.14376485686555537,0.28798267795722854,-0.05488255631286765,0.2887898603033231,0.29146543510663525,-0.08055156662164542
crop_farming,2,ET0605,9,0.02858783139122857,0.02873438239573339,0.0,0.0,0.0,1.0,0.0,0.0,1.0
crop_farming,2,ET0701,9,0.17398142505888248,0.2276567616520528,0.12438683999329658,0.13091860228633662,0.19936133028684733,0.32852009810043203,0.21601124258844318,0.25184611184830724,-0.07157277996881839
crop_farming,2,ET0702,9,0.34155507105155825,0.443032118704499,-0.7603074131592666,0.46513320383177426,0.5759476779545638,-1.974980723451989,0.27212846260519274,0.32865320508854384,0.03128988038584313
crop_farming,2,ET0703,9,0.4539715669756706,0.5635765923016304,-0.7700239940960458,0.5790632102274154,0.7271817793770037,-1.9468581899672426,0.539542827432755,0.6152023771415612,-1.109158754601589
crop_farming,2,ET0705,9,0.3458288668063974,0.4283202125992091,-0.18634458959385958,0.5367287764781364,0.6196795787029965,-1.4831793265480933,0.2603490991752394,0.29426520973938897,0.4400470277178514
crop_farming,2,ET0706,9,0.36360850316598164,0.43082666227155675,-0.5967909031144722,0.42362858247069796,0.5479174989143726,-1.5826957427501624,0.24124042168002052,0.2671233400226852,0.3861438972401652
crop_farming,2,ET0710,9,0.5418303981720405,0.6606635730039023,-0.5764913395837254,0.6428766570799779,0.7990972923351417,-1.3063763918520914,0.3715725373726235,0.46441985100226163,0.2209731697696723
crop_farming,2,ET0713,9,0.5096447556909752,0.6621090379927583,-1.0634783914161217,0.3976161235432188,0.585889014474505,-0.6157404696998727,0.6627884797918622,0.7907577560397462,-1.9432544793284618
crop_farming,2,ET0714,9,0.18185801789405565,0.22226361411050433,0.15527813357171105,0.1874970154996306,0.2519723385254834,-0.08563222460650421,0.28657691355831405,0.3737135557823426,-1.3881120248203427
crop_farming,2,ET0715,9,0.4794335083388226,0.5122786955213281,-1.6793072203632597,0.4459251910498138,0.5361666049495606,-1.9350090559347999,0.32125449931453015,0.3898515962532527,-0.5517028511237874
crop_farming,2,ET0716,9,0.2525677434908857,0.37314374771978737,-0.5120678295071766,0.21967954023592745,0.4561112202307362,-1.2592300040442654,0.3167453884615188,0.35763627830757533,-0.38899943443251717
crop_farming,2,ET0720,9,0.2717789530267013,0.34112402226718264,-0.07588536952720393,0.46356558050649493,0.5194104677244236,-1.4943809983253402,0.21564023360815499,0.254072285753783,0.4031626637173632
crop_farming,2,ET0721,9,0.4834232445647507,0.6223522346137006,-0.7945232929943578,0.5507039870881304,0.7362066131959506,-1.5111694656633876,0.5493284954237372,0.6892372096744389,-1.2009695005424645
crop_farming,2,ET0722,9,0.6424182816087565,0.7081490945990451,-1.1767170706725074,0.7540591518106283,0.8550555191485218,-2.1735197388447984,0.6304421805509752,0.7722225380247919,-1.5884365297830687
crop_farming,2,ET0723,9,0.6364857805196935,0.770583771332978,-1.4286870641826566,0.6622589046997889,0.806487782554584,-1.6602804820273036,0.6144522062643077,0.7498349201202202,-1.2996575389623062
crop_farming,2,ET0724,9,0.061072258848729945,0.07136256091516884,-21.142922402508166,0.018251212333075386,0.024564142585574555,-1.6235980770626255,0.04405823582961599,0.063062483832663,-16.291641747498367
crop_farming,2,ET1101,9,0.03931592570410834,0.03952389768659512,0.0,0.0,0.0,1.0,0.0,0.0,1.0
crop_farming,2,ET1102,9,0.021226427882622016,0.021909951429848907,-13664.696905208184,5.0091207956675594e-05,0.0001502736238700268,0.3571428571428571,0.0004355537198740884,0.0004695205069793224,-5.275640909913101
crop_farming,2,ET1103,9,0.07470004169384757,0.09917792397882835,-8717.617271513433,0.0005677500541993021,0.0012043797400300691,-0.2857142857142858,0.0005677500541993021,0.0012043797400300691,-0.2857142857142858
crop_farming,2,ET1104,9,0.5226808965107926,0.6020236343221669,-0.2672932066537492,0.5954776178200668,0.728243142737505,-0.8543974965718781,0.6116535864381474,0.7432462088665004,-0.9315921410982722
crop_farming,2,ET1105,9,0.07510270451842777,0.09145082314144756,-0.9889921499266359,0.017929931118717473,0.05207739276014568,0.3550050744595463,0.036489142374518786,0.07425287192653827,-0.31124650284767563
crop_farming,2,ET1106,9,0.04269216201823708,0.051822778695810055,-4.883812528846884,0.026804214145411183,0.032909655328240084,-1.3728162219253917,0.021209727536286114,0.02503244530009677,-0.37285284098256555
crop_farming,2,ET1202,9,0.2080523518553179,0.2599904461685674,-13.19750666062845,0.04802533162502417,0.08319455055500229,-0.45374107760756277,0.04754271165829733,0.08092077612803945,-0.3753631417614378
crop_farming,2,ET1203,9,0.07803951021870821,0.09946347340840725,-41812.45534530759,0.0002599989357177337,0.0005515410316418843,-0.2857142857142856,0.0002599989357177337,0.0005515410316418843,-0.2857142857142856
crop_farming,2,ET1204,9,0.12121892507046526,0.15374456255398916,-383.25550253720996,0.005832017774349237,0.009421071113674523,-0.44284981824876635,0.005498224264748799,0.007975922240497542,-0.03414726466624285
crop_farming,2,ET1301,9,0.1785888808650043,0.21039028346010175,-64.38417157247629,0.027076568189023337,0.03803100534138808,-1.1364703995977385,0.2286948060382908,0.2583191149499834,-97.56763948318051
crop_farming,2,ET1401,9,0.044885689485404806,0.04576001353904158,-257810.80016882802,4.817267093335273e-05,0.00010218966685452542,-0.2857142857142856,4.817267093335273e-05,0.00010218966685452542,-0.2857142857142856
crop_farming,2,ET1501,9,0.386645536094732,0.43492908367940625,-2.2835923685084007,0.15025149057266451,0.3193105379228987,-0.7698597011852157,0.7857195197306025,0.8594214612521028,-11.821083452660309
crop_farming,2,ET1502,9,0.29841027800029735,0.36113958998121454,0.07211836488039602,0.12020658207099776,0.21454310064548396,0.6725300272563164,0.3757683432560246,0.42608053541668306,-0.2915932525353018
crop_farming,2,ET1600,9,0.42940066744745176,0.5036382234423995,-0.797231735931293,0.5233294524142474,0.5948764562159248,-1.5073806736994513,0.2769600701848969,0.3251642003946487,0.25084417221793964
crop_farming,3,ET0101,9,1.203299553709653,1.4029456690192117,-0.2070114424498315,0.4225214915966362,0.7902979390161585,0.6169888822374492,1.686951236566287,1.9893291481745046,-1.4268502229125777
crop_farming,3,ET0102,9,1.2191589839816594,1.399293020143201,-0.24916616593724816,0.5292166354902843,0.9185656607706947,0.46170135214316854,1.6122786466978276,1.846034282464246,-1.1741144425948744
crop_farming,3,ET0103,9,1.235898075652398,1.3379797299107823,-0.48228470624705566,0.6204403255058286,0.9139340532475596,0.3083883844104768,1.4509079855522349,1.6464866692322606,-1.2446518844260703
crop_farming,3,ET0104,9,1.0930714056959172,1.2193103060536665,-0.5818785553256218,0.583600359492785,0.760148491578458,0.3851891468745011,1.3130454207252698,1.5194418354633314,-1.4564776043796317
crop_farming,3,ET0105,9,0.71885754790965,0.9064861228328381,0.25403469370180864,0.3323628658814024,0.5742461941027708,0.700640833696573,1.3195428086921845,1.6726593576141606,-1.5398690073841377
crop_farming,3,ET0106,9,1.3667827077432995,1.4456698924305322,-0.43472446999180403,0.7375060679223817,1.103513370563227,0.16404012623445452,1.5473477357388743,1.707261508410689,-1.0009227882062048
crop_farming,3,ET0107,9,0.7238135055844573,0.8293497490665692,-0.006754683223604729,0.5964927706682717,0.9446502264089013,-0.3061416829896497,1.0404628628073747,1.1536133990368667,-0.9479096391488848
crop_farming,3,ET0301,9,0.36042660070546634,0.47846932366877676,0.24769182959858127,0.6443601062551703,0.7654896317148029,-0.925600571412005,0.40357119430163885,0.4971651382556202,0.1877515029424578
crop_farming,3,ET0302,9,0.1614992116665345,0.18594912220890897,0.49962191692958313,0.1756684325698628,0.24400093910137213,0.13842515703702385,0.2197487714862469,0.2698065131211377,-0.05345229235431703
crop_farming,3,ET0303,9,0.6194870028992345,0.8016153358570016,0.10928287740580056,0.7433272304525297,0.8322030440483732,0.04001075685541988,0.6795380700839253,0.8958253724698553,-0.11238336151039818
crop_farming,3,ET0304,9,0.45145602477677016,0.5646551633644755,0.17242893951135563,0.5560177647525875,0.6404141109833164,-0.06453629473642719,0.5098726432303168,0.5925589057110673,0.08861527180652995
crop_farming,3,ET0305,9,0.2030805935175765,0.2776334611640733,0.5592151356094885,0.3248427432512396,0.43355073034554087,-0.07488722915263124,0.3353282540550806,0.4229224034731326,-0.02283231846305611
crop_farming,3,ET0306,9,0.13083452296990294,0.14324509614443734,-1.6031036069138778,0.11862931697695021,0.14479991654951696,-1.6599198507915567,0.09499726415761864,0.09813605129421389,-0.22176895614667513
crop_farming,3,ET0307,9,0.05170057836476675,0.07407378382947478,-1881021.573974949,1.9227112677963928e-05,4.891085108097435e-05,0.1798838057344626,0.0005614464993271254,0.000691231801710919,-162.7994236091647
crop_farming,3,ET0308,9,0.7483345932411586,0.9674323025180005,-0.39701318603248703,0.5675532429475068,0.6918606103971913,0.28550935317327697,0.7135126582683375,0.9830975261901767,-0.4426219741892299
crop_farming,3,ET0309,9,0.05297101385567799,0.07238634057390238,-1014.8184381194332,0.0015184397779480897,0.0027320042434063685,-0.4469901904898852,0.001521113616683451,0.0027293527970052816,-0.4441829070104437
crop_farming,3,ET0310,9,0.5221005722796092,0.6154925155772626,0.30514523572335706,0.6783285269594508,0.8163796703832267,-0.22245491136332318,0.6007611519946394,0.7782044679109592,-0.11080014272863603
crop_farming,3,ET0311,9,0.15717651659295517,0.18446376952443577,-2.359044346314162,0.15170490091364142,0.19726445246643934,-2.8414151230334554,0.09138785400643543,0.11211267734254247,-0.24080354909877721
crop_farming,3,ET0312,9,0.061730920612041745,0.07458067723137668,-5193.129243330631,0.0006254384743958279,0.0010040401730347626,0.05862581151150603,0.00113229941748447,0.0014393687010417272,-0.9346580553816723
crop_farming,3,ET0401,9,0.10276178023929153,0.11264434171948118,-1.099617789191171,0.02191605552025671,0.06292117966094996,0.3448885448629688,0.04313782336941638,0.08858020558060706,-0.29835916720069644
crop_farming,3,ET0402,9,0.11420981030422807,0.12368085192266401,-4.164901431419159,0.015507296840387244,0.0441614665174872,0.34151774530128054,0.07842627154225368,0.10435078003911596,-2.676617934260363
crop_farming,3,ET0403,9,0.05781707752911622,0.07396441312491049,-14964.980777107277,0.00021377573203677316,0.0005094173591400412,0.2900838895492204,0.0005786705399768196,0.000694903061208957,-0.32101576780079855
crop_farming,3,ET0404,9,0.05569597032524371,0.07684661000838673,-6540.079615796326,0.0007852004808180072,0.0010296501136303857,-0.17430078435313945,0.0008928865053588167,0.0010917916153935128,-0.3203209575524044
crop_farming,3,ET0405,9,0.06368151412740697,0.08474211892170812,-708.6084120695378,0.0022689691479202225,0.004034395666163386,-0.608337152903615,0.0019342256028700433,0.0034393258104507443,-0.16887146039257228
crop_farming,3,ET0406,9,0.1285793436383891,0.13959592560314746,0.699544529257613,0.09745876539934274,0.1868950720939936,0.4614446661168159,0.313227774040634,0.323349925994168,-0.612056141660841
crop_farming,3,ET0407,9,0.21866216844635358,0.28187788392597624,-0.8309294316913982,0.253582385736178,0.30986274222040183,-1.212525683145071,0.1365722754414559,0.20399334689585294,0.04108169809324291
crop_farming,3,ET0408,9,0.2517725444627604,0.27607790472642746,-0.07754694452745081,0.3278557092897205,0.36747471733715925,-0.9090962663865689,0.21639640120945736,0.2536339278743519,0.09053164139642556
crop_farming,3,ET0409,9,0.3230108402063496,0.3939687215682649,0.0882102620139007,0.3213166744030395,0.41586902337116044,-0.015978128208884224,0.3523299288247268,0.4353115267175427,-0.11319577113219936
crop_farming,3,ET0413,9,0.1144078748145058,0.149000418196934,-8.115156561477274,0.05398056340970303,0.0803803484595931,-1.6527048227828276,0.027494673380741914,0.05365306650613197,-0.18189325851788585
crop_farming,3,ET0416,9,0.10019489709548497,0.11368541981573937,-4051.267055252325,0.0008418786259998997,0.0017858942561416271,5.850875339774575e-14,0.0018742366193367469,0.0018781481207707747,-0.10598235736533623
crop_farming,3,ET0417,9,0.22947115051306832,0.2777237374205656,-0.3438808578559276,0.27402752439668593,0.34182675852729666,-1.0358551699206786,0.2342412913574402,0.28256902753355856,-0.3911817754699365
crop_farming,3,ET0418,9,0.08842612637413873,0.10647161647062041,-0.43852791338146724,0.04462465193911188,0.09485279164655414,-0.14169692853551297,0.08297694914877847,0.0965717949286635,-0.18345351819778855
crop_farming,3,ET0419,9,0.06392133850843705,0.08252735716508318,-10983.48125277345,0.0002104476806637439,0.0006313430419912317,0.3571428571428571,0.000830130245336279,0.0011400033527189956,-1.096022469304097
crop_farming,3,ET0420,9,0.10733379045295346,0.14149005334026124,-1.5951914395809315,0.04738716224316435,0.09968129332859356,-0.2880861415107827,0.04790437938332778,0.09939403963871184,-0.2806730280672376
crop_farming,3,ET0602,9,0.3058947376599731,0.41843441884946836,-0.16545461228266456,0.2661852187628876,0.4701915798470439,-0.4716016242006127,0.26674589217030276,0.46951788029246844,-0.4673875670364569
crop_farming,3,ET0603,9,0.07156712919074623,0.08751791578426545,-426.31405634109024,0.001131512508135726,0.0033945375244071783,0.3571428571428572,0.004725009908627638,0.007612127103710265,-2.2326992959711864
crop_farming,3,ET0604,9,0.3132116298445833,0.35597306170120135,-0.6117795710846854,0.14376485686555537,0.28798267795722854,-0.05488255631286765,0.2887898603033231,0.29146543510663525,-0.08055156662164542
crop_farming,3,ET0605,9,0.07029598289065891,0.08819975602905097,0.0,0.0,0.0,1.0,0.0,0.0,1.0
crop_farming,3,ET0701,9,0.18937877636257158,0.23887050028681106,0.03600182718494538,0.13091860228633662,0.19936133028684733,0.32852009810043203,0.21601124258844318,0.25184611184830724,-0.07157277996881839
crop_farming,3,ET0702,9,0.34954188487151394,0.4348291176753819,-0.6957246338189755,0.46513320383177426,0.5759476779545638,-1.974980723451989,0.27212846260519274,0.32865320508854384,0.03128988038584313
crop_farming,3,ET0703,9,0.4542791666791415,0.5701377331884967,-0.8114770219218859,0.5790632102274154,0.7271817793770037,-1.9468581899672426,0.539542827432755,0.6152023771415612,-1.109158754601589
crop_farming,3,ET0705,9,0.47482942497119296,0.5463162559301361,-0.9300206774948485,0.5367287764781364,0.6196795787029965,-1.4831793265480933,0.2603490991752394,0.29426520973938897,0.4400470277178514
crop_farming,3,ET0706,9,0.34109035001902804,0.39875304674291867,-0.3678892416406818,0.42362858247069796,0.5479174989143726,-1.5826957427501624,0.24124042168002052,0.2671233400226852,0.3861438972401652
crop_farming,3,ET0710,9,0.5388602596482059,0.6296989476067202,-0.43217734889057535,0.6428766570799779,0.7990972923351417,-1.3063763918520914,0.3715725373726235,0.46441985100226163,0.2209731697696723
crop_farming,3,ET0713,9,0.508456742645159,0.6326425163623332,-0.8838991193787871,0.3976161235432188,0.585889014474505,-0.6157404696998727,0.6627884797918622,0.7907577560397462,-1.9432544793284618
crop_farming,3,ET0714,9,0.17862842429847856,0.22765484295345703,0.11380197089970367,0.1874970154996306,0.2519723385254834,-0.08563222460650421,0.28657691355831405,0.3737135557823426,-1.3881120248203427
crop_farming,3,ET0715,9,0.49787478806803,0.5449008428733126,-2.031411430848578,0.4459251910498138,0.5361666049495606,-1.9350090559347999,0.32125449931453015,0.3898515962532527,-0.5517028511237874
crop_farming,3,ET0716,9,0.3122283636504587,0.40298082698867854,-0.7635496978790592,0.21967954023592745,0.4561112202307362,-1.2592300040442654,0.3167453884615188,0.35763627830757533,-0.38899943443251717
crop_farming,3,ET0720,9,0.29192126732566215,0.3450183130339933,-0.1005903198678153,0.46356558050649493,0.5194104677244236,-1.4943809983253402,0.21564023360815499,0.254072285753783,0.4031626637173632
crop_farming,3,ET0721,9,0.49386444342777897,0.5639895510662113,-0.4737326635980825,0.5507039870881304,0.7362066131959506,-1.5111694656633876,0.5493284954237372,0.6892372096744389,-1.2009695005424645
crop_farming,3,ET0722,9,0.5506541626724297,0.6334443634827492,-0.7416846602948286,0.7540591518106283,0.8550555191485218,-2.1735197388447984,0.6304421805509752,0.7722225380247919,-1.5884365297830687
crop_farming,3,ET0723,9,0.6111073943400874,0.7299254895037981,-1.1791589152735038,0.6622589046997889,0.806487782554584,-1.6602804820273036,0.6144522062643077,0.7498349201202202,-1.2996575389623062
crop_farming,3,ET0724,9,0.09125740200160266,0.11496980149720072,-56.47270627837362,0.018251212333075386,0.024564142585574555,-1.6235980770626255,0.04405823582961599,0.063062483832663,-16.291641747498367
crop_farming,3,ET1101,9,0.08005674680074056,0.0994761790854106,0.0,0.0,0.0,1.0,0.0,0.0,1.0
crop_farming,3,ET1102,9,0.05546863403225309,0.0767235890368731,-167573.05361267243,5.0091207956675594e-05,0.0001502736238700268,0.3571428571428571,0.0004355537198740884,0.0004695205069793224,-5.275640909913101
crop_farming,3,ET1103,9,0.10862458157777904,0.12462192396064471,-13764.959594695501,0.0005677500541993021,0.0012043797400300691,-0.2857142857142858,0.0005677500541993021,0.0012043797400300691,-0.2857142857142858
crop_farming,3,ET1104,9,0.5410065101796417,0.6099367332815011,-0.3008271819129167,0.5954776178200668,0.728243142737505,-0.8543974965718781,0.6116535864381474,0.7432462088665004,-0.9315921410982722
crop_farming,3,ET1105,9,0.07491845993868873,0.08926625488747109,-0.8951014351056823,0.017929931118717473,0.05207739276014568,0.3550050744595463,0.036489142374518786,0.07425287192653827,-0.31124650284767563
crop_farming,3,ET1106,9,0.07585440229232561,0.1031882609500774,-22.328027664214158,0.026804214145411183,0.032909655328240084,-1.3728162219253917,0.021209727536286114,0.02503244530009677,-0.37285284098256555
crop_farming,3,ET1202,9,0.2592815540942754,0.3154271596815113,-19.897554814588062,0.04802533162502417,0.08319455055500229,-0.45374107760756277,0.04754271165829733,0.08092077612803945,-0.3753631417614378
crop_farming,3,ET1203,9,0.11990085890068793,0.1439557850233797,-87587.49408163,0.0002599989357177337,0.0005515410316418843,-0.2857142857142856,0.0002599989357177337,0.0005515410316418843,-0.2857142857142856
crop_farming,3,ET1204,9,0.16685436700950138,0.1902163310997035,-587.1880088883601,0.005832017774349237,0.009421071113674523,-0.44284981824876635,0.005498224264748799,0.007975922240497542,-0.03414726466624285
crop_farming,3,ET1301,9,0.17468115105104964,0.19707192038487034,-56.368139466059596,0.027076568189023337,0.03803100534138808,-1.1364703995977385,0.2286948060382908,0.2583191149499834,-97.56763948318051
crop_farming,3,ET1401,9,0.07169914358357647,0.09314493074033638,-1068190.089737623,4.817267093335273e-05,0.00010218966685452542,-0.2857142857142856,4.817267093335273e-05,0.00010218966685452542,-0.2857142857142856
crop_farming,3,ET1501,9,0.4456843076181016,0.46223251005634214,-2.708799130894566,0.15025149057266451,0.3193105379228987,-0.7698597011852157,0.7857195197306025,0.8594214612521028,-11.821083452660309
crop_farming,3,ET1502,9,0.24160429708386705,0.329489340015029,0.22763050171753918,0.12020658207099776,0.21454310064548396,0.6725300272563164,0.3757683432560246,0.42608053541668306,-0.2915932525353018
crop_farming,3,ET1600,9,0.4267977419202944,0.4891586881671186,-0.6953768766723853,0.5233294524142474,0.5948764562159248,-1.5073806736994513,0.2769600701848969,0.3251642003946487,0.25084417221793964
crop_farming,4,ET0101,9,1.4029424636073513,1.682284894301173,-0.7355166015665364,0.6632959702749764,1.1911825643446583,0.12986560166028904,1.686951236566287,1.9893291481745046,-1.4268502229125777
crop_farming,4,ET0102,9,1.4059661481758143,1.6137163229042122,-0.6613351773677789,0.6675120482492041,1.1801852196655358,0.11140632059832345,1.6122786466978276,1.846034282464246,-1.1741144425948744
crop_farming,4,ET0103,9,1.2785661268422446,1.4319172765653385,-0.6977291976149769,0.6330114049751889,1.1015004964183277,-0.004620310547398754,1.4509079855522349,1.6464866692322606,-1.2446518844260703
crop_farming,4,ET0104,9,1.1050345744759262,1.2616570710040929,-0.6936641756892621,0.5703470580407137,0.7480739521851318,0.40456588283239825,1.3130454207252698,1.5194418354633314,-1.4564776043796317
crop_farming,4,ET0105,9,0.9674999527838158,1.2109570014103936,-0.3312320185521789,0.5870437164600015,0.8839375281938079,0.29068449252144624,1.3195428086921845,1.6726593576141606,-1.5398690073841377
crop_farming,4,ET0106,9,1.439514851675218,1.5483760082514424,-0.645822894388653,0.6564639180059766,1.1179545675257236,0.1420172786356979,1.5473477357388743,1.707261508410689,-1.0009227882062048
crop_farming,4,ET0107,9,0.8938399138859169,0.9231652017964082,-0.24740383415403477,0.4863158804907304,0.8148808537092628,0.02806672464954396,1.0404628628073747,1.1536133990368667,-0.9479096391488848
crop_farming,4,ET0301,9,0.459963290293485,0.5250948043801672,0.09392734657502888,0.5672573619516136,0.663011879670319,-0.44454209100088327,0.40357119430163885,0.4971651382556202,0.1877515029424578
crop_farming,4,ET0302,9,0.23518191396449317,0.26204969111527576,0.006249596216379882,0.3104268075876457,0.3509605487092685,-0.7824879994933756,0.2197487714862469,0.2698065131211377,-0.05345229235431703
crop_farming,4,ET0303,9,0.6152897583181125,0.8574094892259649,-0.01902382496827726,0.7692723419218237,1.0013288594354777,-0.3898285637996115,0.6795380700839253,0.8958253724698553,-0.11238336151039818
crop_farming,4,ET0304,9,0.6027276250137026,0.7407419259239494,-0.42420511259213467,0.6438755403289644,0.7099806812146918,-0.30837353504854925,0.5098726432303168,0.5925589057110673,0.08861527180652995
crop_farming,4,ET0305,9,0.2435691184924013,0.3526209103084352,0.288951567754398,0.39416062586967937,0.5401344106922866,-0.6683484061753424,0.3353282540550806,0.4229224034731326,-0.02283231846305611
crop_farming,4,ET0306,9,0.09890364616503554,0.11327483664780386,-0.6277916507252304,0.12130940230331046,0.1482450025953319,-1.7879953911462048,0.09499726415761864,0.09813605129421389,-0.22176895614667513
crop_farming,4,ET0307,9,0.04680553366711118,0.06656523626670413,-1519006.448904464,2.2478004590888014e-05,5.850001232004766e-05,-0.17321299020395164,0.0005614464993271254,0.000691231801710919,-162.7994236091647
crop_farming,4,ET0308,9,0.801978502915617,1.0706447841420754,-0.7110005445719394,0.967267439394086,1.0781720719996577,-0.7351438797289662,0.7135126582683375,0.9830975261901767,-0.4426219741892299
crop_farming,4,ET0309,9,0.03181663666010778,0.03771509462129639,-274.76125764958834,0.0027320010005291964,0.0037538161875985453,-1.7317997024538796,0.001521113616683451,0.0027293527970052816,-0.4441829070104437
crop_farming,4,ET0310,9,0.5551051873215539,0.7319765251191201,0.01725058596511897,0.7753601442575114,0.9526362714924815,-0.6645724923242149,0.6007611519946394,0.7782044679109592,-0.11080014272863603
crop_farming,4,ET0311,9,0.10333999377976472,0.11984701139933991,-0.4179078150527822,0.11894754429348839,0.15457330051475393,-1.3586447799274222,0.09138785400643543,0.11211267734254247,-0.24080354909877721
crop_farming,4,ET0312,9,0.021591909369385584,0.027490579755357614,-704.7126531400153,0.0009755691016584874,0.0013150342113509037,-0.6148575162358896,0.00113229941748447,0.0014393687010417272,-0.9346580553816723
crop_farming,4,ET0401,9,0.06965324870645347,0.07901037288376478,-0.03297474521891175,0.04356969984435705,0.08897402862204862,-0.30992970742063997,0.04313782336941638,0.08858020558060706,-0.29835916720069644
crop_farming,4,ET0402,9,0.08993381015900491,0.10002635963433192,-2.378205217637122,0.0317492586680965,0.0625348036856828,-0.32038530802510157,0.07842627154225368,0.10435078003911596,-2.676617934260363
crop_farming,4,ET0403,9,0.03520030699672012,0.03921421700929719,-4205.749458256171,0.0006250605940186906,0.0010274437202751762,-1.88785667906786,0.0005786705399768196,0.000694903061208957,-0.32101576780079855
crop_farming,4,ET0404,9,0.05070524692724702,0.06437463041899283,-4589.177765045284,0.001083664496674075,0.0012396922343489705,-0.7022673482209001,0.0008928865053588167,0.0010917916153935128,-0.3203209575524044
crop_farming,4,ET0405,9,0.05525562935076173,0.07418409466630356,-542.8031501680531,0.0033734666424806038,0.005114984186471027,-1.5852866756019264,0.0019342256028700433,0.0034393258104507443,-0.16887146039257228
crop_farming,4,ET0406,9,0.1869679395967591,0.22509159021044514,0.2188163060489463,0.19358442546607382,0.26384597870748583,-0.07333573727726095,0.313227774040634,0.323349925994168,-0.612056141660841
crop_farming,4,ET0407,9,0.20728744259831489,0.232441237488205,-0.2450189409693193,0.24834839847206572,0.31830993946822284,-1.3348016996222785,0.1365722754414559,0.20399334689585294,0.04108169809324291
crop_farming,4,ET0408,9,0.18636247351362983,0.223196189704214,0.29571822226450695,0.33536090339382585,0.41343413122502914,-1.4164930673275498,0.21639640120945736,0.2536339278743519,0.09053164139642556
crop_farming,4,ET0409,9,0.37964169100407413,0.48620866814018127,-0.3887261327158962,0.40782508478726437,0.4468145756324327,-0.17280518525920363,0.3523299288247268,0.4353115267175427,-0.11319577113219936
crop_farming,4,ET0413,9,0.07061628931611984,0.08725954922742316,-2.1261879739608784,0.05245954939206121,0.07832745087001015,-1.5189360594046608,0.027494673380741914,0.05365306650613197,-0.18189325851788585
crop_farming,4,ET0416,9,0.05755670120993268,0.06595167733996413,-1362.7671019740192,0.0016837572519997994,0.002525635877999699,-0.9999999999998828,0.0018742366193367469,0.0018781481207707747,-0.10598235736533623
crop_farming,4,ET0417,9,0.17268409018234296,0.21541058794974188,0.19152078725820487,0.3205517057282587,0.356892914810485,-1.2192724316249515,0.2342412913574402,0.28256902753355856,-0.3911817754699365
crop_farming,4,ET0418,9,0.12689908149822438,0.15664935272342798,-2.113922557272524,0.09897319412301663,0.1500103811880705,-1.8555727396955763,0.08297694914877847,0.0965717949286635,-0.18345351819778855
crop_farming,4,ET0419,9,0.0580337771341966,0.07123603947689568,-8183.331439550635,0.0004208953613274878,0.0008928538924938864,-0.2857142857142858,0.000830130245336279,0.0011400033527189956,-1.096022469304097
crop_farming,4,ET0420,9,0.11293796485497848,0.1393402237800961,-1.5169268092945867,0.09405404079137886,0.14097038003735057,-1.5761628934723682,0.04790437938332778,0.09939403963871184,-0.2806730280672376
crop_farming,4,ET0602,9,0.3741476057824978,0.4893228483648347,-0.5937916735781217,0.46882272729705715,0.6370364512649963,-1.7012770584329626,0.26674589217030276,0.46951788029246844,-0.4673875670364569
crop_farming,4,ET0603,9,0.057649245953543274,0.07372927684943704,-302.27261397707946,0.002263025016271452,0.004800601005001022,-0.2857142857142856,0.004725009908627638,0.007612127103710265,-2.2326992959711864
crop_farming,4,ET0604,9,0.3836324349232087,0.4874232518716674,-2.021926273564179,0.28174341208802745,0.4005964474027708,-1.0412000302218996,0.2887898603033231,0.29146543510663525,-0.08055156662164542
crop_farming,4,ET0605,9,0.048723816871643066,0.05086359970128371,0.0,0.0,0.0,1.0,0.0,0.0,1.0
crop_farming,4,ET0701,9,0.13290312190252476,0.17460013630582671,0.48496074719890014,0.18918681972940057,0.2611098040942524,-0.15185425329656144,0.21601124258844318,0.25184611184830724,-0.07157277996881839
crop_farming,4,ET0702,9,0.3555533346797783,0.42013692686825715,-0.5830688433048117,0.4838694198898293,0.5462372943854351,-1.6759672210568284,0.27212846260519274,0.32865320508854384,0.03128988038584313
crop_farming,4,ET0703,9,0.4040486134910122,0.5079337327312302,-0.43776322859510297,0.6024255276992488,0.6768602954253844,-1.5531206511192615,0.539542827432755,0.6152023771415612,-1.109158754601589
crop_farming,4,ET0705,9,0.40457135606318784,0.4339072952113863,-0.21749621287725573,0.5876061833129583,0.6752054739645956,-1.9481231710681217,0.2603490991752394,0.29426520973938897,0.4400470277178514
crop_farming,4,ET0706,9,0.2655390707751507,0.307643085217242,0.18578852042129845,0.41814397690661825,0.5057968106183939,-1.2008734841086177,0.24124042168002052,0.2671233400226852,0.3861438972401652
crop_farming,4,ET0710,9,0.5322767279506148,0.6924896793978841,-0.7320382401491285,0.7832987583137118,0.9198435287760702,-2.0560382137295004,0.3715725373726235,0.46441985100226163,0.2209731697696723
crop_farming,4,ET0713,9,0.575386004702739,0.7415780663356447,-1.5885385991456453,0.656670964337381,0.7733271497817858,-1.8149287590607441,0.6627884797918622,0.7907577560397462,-1.9432544793284618
crop_farming,4,ET0714,9,0.2017203394396847,0.23571536062095408,0.04993621886249611,0.23997323336770002,0.35792743801751936,-1.1906196364570736,0.28657691355831405,0.3737135557823426,-1.3881120248203427
crop_farming,4,ET0715,9,0.39519149514065305,0.47738574720472027,-1.3267451736850124,0.27263012960232014,0.3496013639882105,-0.2478321224740545,0.32125449931453015,0.3898515962532527,-0.5517028511237874
crop_farming,4,ET0716,9,0.29322599228628904,0.41025966213218523,-0.8278332418371845,0.2412230420734229,0.4607644539010898,-1.3055623454394434,0.3167453884615188,0.35763627830757533,-0.38899943443251717
crop_farming,4,ET0720,9,0.20007714739277338,0.25633956359537646,0.39246307988821216,0.40487041695696135,0.5000731989166057,-1.312110323853989,0.21564023360815499,0.254072285753783,0.4031626637173632
crop_farming,4,ET0721,9,0.5228609730528763,0.6506319544009076,-0.9613150965418413,0.22345189052658843,0.4591487699402165,0.02324994646002665,0.5493284954237372,0.6892372096744389,-1.2009695005424645
crop_farming,4,ET0722,9,0.5959498889316,0.7456208697973505,-1.4131742663105888,0.5335211501915358,0.7098948844320361,-1.1874627588749216,0.6304421805509752,0.7722225380247919,-1.5884365297830687
crop_farming,4,ET0723,9,0.5769675277091388,0.7634662484510362,-1.3840289648455468,0.6722721965763703,0.810956977115478,-1.6898463451206238,0.6144522062643077,0.7498349201202202,-1.2996575389623062
crop_farming,4,ET0724,9,0.07615838187992836,0.09432852585167698,-37.688347450757,0.021208629049740167,0.026117310805067816,-1.9658624074700293,0.04405823582961599,0.063062483832663,-16.291641747498367
crop_farming,4,ET1101,9,0.07467781172858344,0.09560296035656013,0.0,0.0,0.0,1.0,0.0,0.0,1.0
crop_farming,4,ET1102,9,0.027748871442056695,0.03321427253375716,-31403.974440436614,0.00013052312420391843,0.00023119115743950984,-0.5215680944574634,0.0004355537198740884,0.0004695205069793224,-5.275640909913101
crop_farming,4,ET1103,9,0.08650366870800773,0.10125868367566035,-9087.289272225637,0.0011355001083986041,0.0017032501625979062,-1.5714285714285716,0.0005677500541993021,0.0012043797400300691,-0.2857142857142858
crop_farming,4,ET1104,9,0.5651574304527162,0.6591335218837878,-0.5191365859271275,0.7303452864979886,0.8560770116657578,-1.562569746327085,0.6116535864381474,0.7432462088665004,-0.9315921410982722
crop_farming,4,ET1105,9,0.047277796046939075,0.06343695667134745,0.04293262685515309,0.03566343189162686,0.0737375885378153,-0.29311066203801595,0.036489142374518786,0.07425287192653827,-0.31124650284767563
crop_farming,4,ET1106,9,0.029501950121921115,0.03320048816463596,-1.4149401607866539,0.0286061041757169,0.03428953190059419,-1.5759684999728432,0.021209727536286114,0.02503244530009677,-0.37285284098256555
crop_farming,4,ET1202,9,0.25105113699861636,0.29664550156693836,-17.483015867670826,0.0848627851128149,0.11353253272565193,-1.707309799218819,0.04754271165829733,0.08092077612803945,-0.3753631417614378
crop_farming,4,ET1203,9,0.0810582073215728,0.08865422121906041,-33218.08404473262,0.0005199978714354674,0.0007799968071532012,-1.5714285714285712,0.0002599989357177337,0.0005515410316418843,-0.2857142857142856
crop_farming,4,ET1204,9,0.06576794255279898,0.0774226933388182,-96.4444515376302,0.009650569221476482,0.01222131682312078,-1.4280441011607854,0.005498224264748799,0.007975922240497542,-0.03414726466624285
crop_farming,4,ET1301,9,0.12168202309158452,0.1429493964387489,-29.18463440568059,0.05724524734853779,0.07739725462960372,-7.84855551776506,0.2286948060382908,0.2583191149499834,-97.56763948318051
crop_farming,4,ET1401,9,0.07210025635196161,0.08172014306633892,-822220.3305744133,9.634534186670546e-05,0.0001445180128000582,-1.5714285714285712,4.817267093335273e-05,0.00010218966685452542,-0.2857142857142856
crop_farming,4,ET1501,9,0.3961444393624128,0.45930562473544373,-2.6619791366262886,0.2588720192155353,0.417746605324876,-2.029271484692985,0.7857195197306025,0.8594214612521028,-11.821083452660309
crop_farming,4,ET1502,9,0.32942299914583806,0.4097580241586248,-0.19453068903868043,0.24506551515804922,0.3570722953667794,0.09290099925993789,0.3757683432560246,0.42608053541668306,-0.2915932525353018
crop_farming,4,ET1600,9,0.3616481328855095,0.4252818613924396,-0.28150537609781345,0.4240812587320335,0.5546531241566268,-1.1797648213788472,0.2769600701848969,0.3251642003946487,0.25084417221793964
crop_farming,8,ET0101,9,1.5248541501670276,1.8209815968614398,-1.0334841672857031,0.9736756714026191,1.5007239141480713,-0.38111959831923925,1.686951236566287,1.9893291481745046,-1.4268502229125777
crop_farming,8,ET0102,9,1.5496092757231843,1.7556920010847776,-0.9665252997567835,0.9975778909742556,1.4948201054506358,-0.4255443662177447,1.6122786466978276,1.846034282464246,-1.1741144425948744
crop_farming,8,ET0103,9,1.4491944096011693,1.6000063676508336,-1.1197077212518454,1.0625472793104251,1.3830173155302659,-0.5837542553786264,1.4509079855522349,1.6464866692322606,-1.2446518844260703
crop_farming,8,ET0104,9,1.3183651214907985,1.462094400902267,-1.2745499434434873,0.9640943271465959,1.1803241815174772,-0.4823380571198632,1.3130454207252698,1.5194418354633314,-1.4564776043796317
crop_farming,8,ET0105,9,1.0361817889120506,1.2825082046727414,-0.4931952986824697,0.8081653624631827,1.1055729161168577,-0.1096118640360273,1.3195428086921845,1.6726593576141606,-1.5398690073841377
crop_farming,8,ET0106,9,1.6134017865913965,1.737608366507395,-1.0726884655374693,0.9900067570142456,1.4432882975985812,-0.4300012370106856,1.5473477357388743,1.707261508410689,-1.0009227882062048
crop_farming,8,ET0107,9,0.9733236348772635,1.0339212677440948,-0.5646714601980278,0.6389228943698391,1.0075251543161905,-0.4857988532605282,1.0404628628073747,1.1536133990368667,-0.9479096391488848
crop_farming,8,ET0301,9,0.4815578591460113,0.5779009264873074,-0.0974743080597511,0.49180697125910977,0.6080451553202931,-0.21495235106974064,0.40357119430163885,0.4971651382556202,0.1877515029424578
crop_farming,8,ET0302,9,0.2559932534560974,0.31956905518560996,-0.4778809504127224,0.3546117826201632,0.37444604905033696,-1.0290302364175212,0.2197487714862469,0.2698065131211377,-0.05345229235431703
crop_farming,8,ET0303,9,0.7998651173447036,1.1125219724273463,-0.7156352501650975,0.8895686710129669,1.1774134189769903,-0.9216121187581257,0.6795380700839253,0.8958253724698553,-0.11238336151039818
crop_farming,8,ET0304,9,0.6209906868550316,0.7564346438964251,-0.48518826623283795,0.6217188168581106,0.7175159833011419,-0.33629347356049655,0.5098726432303168,0.5925589057110673,0.08861527180652995
crop_farming,8,ET0305,9,0.390975980827416,0.4697076562844969,-0.2616483884038494,0.29821784161267195,0.45143225014638266,-0.1653817750969595,0.3353282540550806,0.4229224034731326,-0.02283231846305611
crop_farming,8,ET0306,9,0.08479211405969564,0.09751603005903361,-0.20637951093963913,0.05700890702877978,0.09505220477490296,-0.14618921416966213,0.09499726415761864,0.09813605129421389,-0.22176895614667513
crop_farming,8,ET0307,9,0.04767755624291345,0.056867793099139176,-1108657.260501451,2.57288965038121e-05,5.9307386770210714e-05,-0.20582011589715,0.0005614464993271254,0.000691231801710919,-162.7994236091647
crop_farming,8,ET0308,9,0.90881135157047,1.2244165265738192,-1.237781619249482,1.0553600975577242,1.2946399921669376,-1.5018275669171013,0.7135126582683375,0.9830975261901767,-0.4426219741892299
crop_farming,8,ET0309,9,0.05643955383540075,0.0635046765104498,-780.8334799276357,0.0027320010005291964,0.0037538161875985453,-1.7317997024538796,0.001521113616683451,0.0027293527970052816,-0.4441829070104437
crop_farming,8,ET0310,9,0.574619430129578,0.7390428786547414,-0.0018155308816576454,0.4920855928262301,0.7473656362786977,-0.024506545671330038,0.6007611519946394,0.7782044679109592,-0.11080014272863603
crop_farming,8,ET0311,9,0.08833183057762407,0.10502967931012262,-0.0889743688826401,0.08920572862682787,0.12543355009336282,-0.5531772020357435,0.09138785400643543,0.11211267734254247,-0.24080354909877721
crop_farming,8,ET0312,9,0.04314084119852178,0.04329509851483568,-1749.401072850513,0.0011021768018466055,0.0013687879911606518,-0.7495746567007167,0.00113229941748447,0.0014393687010417272,-0.9346580553816723
crop_farming,8,ET0401,9,0.10570042920012616,0.1189912208875984,-1.3428868888779344,0.04426049280544459,0.08898713644757203,-0.31031569859361063,0.04313782336941638,0.08858020558060706,-0.29835916720069644
crop_farming,8,ET0402,9,0.13579953982523774,0.15360050991589846,-6.966038784633823,0.09741599272658363,0.20555085102322454,-13.265784525646591,0.07842627154225368,0.10435078003911596,-2.676617934260363
crop_farming,8,ET0403,9,0.055592671922528494,0.06177436761072089,-10438.415134426656,0.0008747585347609209,0.0012715274880359796,-3.4229401048277976,0.0005786705399768196,0.000694903061208957,-0.32101576780079855
crop_farming,8,ET0404,9,0.0476321241609642,0.05250554431468926,-3052.5872783218024,0.0010814480812319073,0.0013261001203785045,-0.9478371131051768,0.0008928865053588167,0.0010917916153935128,-0.3203209575524044
crop_farming,8,ET0405,9,0.048563458253959975,0.050833079861119,-254.3365369820965,0.00323213395068716,0.004979388691293441,-1.4500343561176665,0.0019342256028700433,0.0034393258104507443,-0.16887146039257228
crop_farming,8,ET0406,9,0.3029102985674012,0.33943662436446254,-0.7764460814529104,0.23346250895510975,0.30561237317822054,-0.44004643848095837,0.313227774040634,0.323349925994168,-0.612056141660841
crop_farming,8,ET0407,9,0.24328694550505173,0.31389863775077703,-1.2705363688153852,0.17285387664620824,0.21798928737348083,-0.09501458566731791,0.1365722754414559,0.20399334689585294,0.04108169809324291
crop_farming,8,ET0408,9,0.25193946603552964,0.2885405803961631,-0.17702774811714406,0.25115214332204777,0.2973782744282111,-0.25023419606201003,0.21639640120945736,0.2536339278743519,0.09053164139642556
crop_farming,8,ET0409,9,0.4391197672438633,0.606577913808046,-1.1614460495536174,0.42649653645279195,0.5188209011500031,-0.5812703986961507,0.3523299288247268,0.4353115267175427,-0.11319577113219936
crop_farming,8,ET0413,9,0.05166745616843511,0.05512001891118526,-0.24740612904884918,0.035681615595508566,0.059227144593090635,-0.4402263368836019,0.027494673380741914,0.05365306650613197,-0.18189325851788585
crop_farming,8,ET0416,9,0.09131744753002138,0.10838376285595169,-3682.129325643035,0.002539216790902928,0.0031101151386676478,-2.0327838131495417,0.0018742366193367469,0.0018781481207707747,-0.10598235736533623
crop_farming,8,ET0417,9,0.303336074255239,0.3593682384385792,-1.250163871444856,0.3129451804933412,0.37208684834126327,-1.4122560567445408,0.2342412913574402,0.28256902753355856,-0.3911817754699365
crop_farming,8,ET0418,9,0.1294265171188502,0.14502577467945968,-1.6689533696155663,0.12959649255148864,0.17590677111454106,-2.926591407998497,0.08297694914877847,0.0965717949286635,-0.18345351819778855
crop_farming,8,ET0419,9,0.05296789890187645,0.05565097849519841,-4993.928621051024,0.0009665418733392093,0.0018646069607229576,-4.6073579315266135,0.000830130245336279,0.0011400033527189956,-1.096022469304097
crop_farming,8,ET0420,9,0.08858399708238868,0.1140037273183294,-0.6848284242516309,0.09453839532577546,0.1409470563255888,-1.5753105057560228,0.04790437938332778,0.09939403963871184,-0.2806730280672376
crop_farming,8,ET0602,9,0.3115836566213921,0.444982096821323,-0.31803104474905286,0.46887044376394155,0.6370364593068245,-1.7012771266337885,0.26674589217030276,0.46951788029246844,-0.4673875670364569
crop_farming,8,ET0603,9,0.08446509748298256,0.12363511134967786,-851.779780479118,0.002263025016271452,0.004800601005001022,-0.2857142857142856,0.004725009908627638,0.007612127103710265,-2.2326992959711864
crop_farming,8,ET0604,9,0.32262753134180133,0.3550357601469783,-0.6033028927068498,0.42107731157718675,0.5015976000223616,-2.200238007348104,0.2887898603033231,0.29146543510663525,-0.08055156662164542
crop_farming,8,ET0605,9,0.04533606105380588,0.04568267246357011,0.0,0.0,0.0,1.0,0.0,0.0,1.0
crop_farming,8,ET0701,9,0.19274822894142077,0.25220643558790506,-0.07464123570365588,0.22701952290630315,0.2878865541373396,-0.40021245156244545,0.21601124258844318,0.25184611184830724,-0.07157277996881839
crop_farming,8,ET0702,9,0.3867995793709891,0.42883344011221364,-0.6492837523739101,0.40625582448919506,0.5517760761559294,-1.73051034085517,0.27212846260519274,0.32865320508854384,0.03128988038584313
crop_farming,8,ET0703,9,0.46634621328148895,0.5659506823944855,-0.7849680050808814,0.5742358507011796,0.7168644713193958,-1.8638309193507823,0.539542827432755,0.6152023771415612,-1.109158754601589
crop_farming,8,ET0705,9,0.4748098668308067,0.5470778791351376,-0.9354057384399188,0.592591763066578,0.7086675679012527,-2.2475723168037702,0.2603490991752394,0.29426520973938897,0.4400470277178514
crop_farming,8,ET0706,9,0.4170455079708227,0.4537010975974437,-0.7708532177438501,0.4583339220724658,0.5551181102566828,-1.6510242303862719,0.24124042168002052,0.2671233400226852,0.3861438972401652
crop_farming,8,ET0710,9,0.5767769994299035,0.7093521947070686,-0.8174174735899797,0.6482836069364134,0.8646525789555128,-1.7003132539133512,0.3715725373726235,0.46441985100226163,0.2209731697696723
crop_farming,8,ET0713,9,0.6687839264458957,0.8130633941128355,-2.111642611851508,0.7084738729243765,0.8128924698560135,-2.1103344745013337,0.6627884797918622,0.7907577560397462,-1.9432544793284618
crop_farming,8,ET0714,9,0.36051450867105617,0.44765373325952557,-2.4265842474837953,0.39523398151991546,0.5209388545443744,-3.640347388347414,0.28657691355831405,0.3737135557823426,-1.3881120248203427
crop_farming,8,ET0715,9,0.5370530270427072,0.5829271947697682,-2.4692736504778448,0.5619536151787111,0.6451651174441847,-3.249635493872783,0.32125449931453015,0.3898515962532527,-0.5517028511237874
crop_farming,8,ET0716,9,0.2970252320807023,0.3908728956696902,-0.6591667951451232,0.2452733728916424,0.460677515362548,-1.3046923854888135,0.3167453884615188,0.35763627830757533,-0.38899943443251717
crop_farming,8,ET0720,9,0.253082579817285,0.2920677352897019,0.21130595767978022,0.2803815147610646,0.33152791267555326,-0.01620562038575346,0.21564023360815499,0.254072285753783,0.4031626637173632
crop_farming,8,ET0721,9,0.5490173323015674,0.738715791389515,-1.5283160362112942,0.5486914066076477,0.7297079891180233,-1.4670320724706358,0.5493284954237372,0.6892372096744389,-1.2009695005424645
crop_farming,8,ET0722,9,0.6175932361419542,0.753820347720833,-1.466540704818558,0.6488081441039774,0.7858669117654586,-1.6807146137746405,0.6304421805509752,0.7722225380247919,-1.5884365297830687
crop_farming,8,ET0723,9,0.6917612722574504,0.832026478639863,-1.8314320130641053,0.6595270888942406,0.9248071938941469,-2.4981162791622866,0.6144522062643077,0.7498349201202202,-1.2996575389623062
crop_farming,8,ET0724,9,0.07714585464891173,0.09152064174737352,-35.419350651744445,0.011968596926333008,0.018695146254104126,-0.5196788481403452,0.04405823582961599,0.063062483832663,-16.291641747498367
crop_farming,8,ET1101,9,0.08085563447740343,0.08993321475959451,0.0,0.0,0.0,1.0,0.0,0.0,1.0
crop_farming,8,ET1102,9,0.033193861706101564,0.03357059214803897,-32081.408042090974,0.00016086383249448567,0.00024846403863412487,-0.7574219032006415,0.0004355537198740884,0.0004695205069793224,-5.275640909913101
crop_farming,8,ET1103,9,0.12744556938515889,0.15543104457808407,-21412.769242603175,0.0011355001083986041,0.0017032501625979062,-1.5714285714285716,0.0005677500541993021,0.0012043797400300691,-0.2857142857142858
crop_farming,8,ET1104,9,0.5742682785616435,0.6972113536974072,-0.699726032333791,0.6366316161414098,0.7594444068743595,-1.0167032604490944,0.6116535864381474,0.7432462088665004,-0.9315921410982722
crop_farming,8,ET1105,9,0.08464341682717144,0.09588932401925501,-1.186746023188506,0.035766281448039755,0.07382917362408628,-0.2963248490249881,0.036489142374518786,0.07425287192653827,-0.31124650284767563
crop_farming,8,ET1106,9,0.022813659949768066,0.02581603913797939,-0.46014725626121966,0.02819076762491589,0.03585564474730504,-1.8166475565314264,0.021209727536286114,0.02503244530009677,-0.37285284098256555
crop_farming,8,ET1202,9,0.3475677594359875,0.40585262210010703,-33.596647355757376,0.08396228817748118,0.11224429393859438,-1.6462193894573565,0.04754271165829733,0.08092077612803945,-0.3753631417614378
crop_farming,8,ET1203,9,0.1092974839956315,0.1256902752793022,-66770.65949200114,0.0005199978714354674,0.0007799968071532012,-1.5714285714285712,0.0002599989357177337,0.0005515410316418843,-0.2857142857142856
crop_farming,8,ET1204,9,0.15848888822896678,0.2131860674538003,-737.8192490046638,0.009233806806842666,0.011721030402055754,-1.2333261437260163,0.005498224264748799,0.007975922240497542,-0.03414726466624285
crop_farming,8,ET1301,9,0.13699501643176049,0.15913662012021837,-36.40774490018849,0.05342584018573667,0.0737803870268804,-7.040871581085213,0.2286948060382908,0.2583191149499834,-97.56763948318051
crop_farming,8,ET1401,9,0.06879970875216913,0.07086814061659014,-618346.4572494206,9.634534186670546e-05,0.0001445180128000582,-1.5714285714285712,4.817267093335273e-05,0.00010218966685452542,-0.2857142857142856
crop_farming,8,ET1501,9,0.5098294355503322,0.5470185067077955,-4.194172602001698,0.291216035722821,0.42589283774408393,-2.1485675201069716,0.7857195197306025,0.8594214612521028,-11.821083452660309
crop_farming,8,ET1502,9,0.3529254930072823,0.4669936906425393,-0.5515450994560174,0.377619554989037,0.47884315140806055,-0.631281603711197,0.3757683432560246,0.42608053541668306,-0.2915932525353018
crop_farming,8,ET1600,9,0.4245546265623715,0.4860378409374189,-0.6738127750939222,0.5077201238629567,0.554771010242137,-1.1806914951449055,0.2769600701848969,0.3251642003946487,0.25084417221793964
crop_farming,12,ET0101,9,1.5704775567029188,1.8697271705853027,-1.1438093472691588,1.2845899409493682,1.744168101981361,-0.8655477138188608,1.686951236566287,1.9893291481745046,-1.4268502229125777
crop_farming,12,ET0102,9,1.5863614381247597,1.799615982538272,-1.066153389810665,1.3918962700769855,1.7420064973331049,-0.9359869168864823,1.6122786466978276,1.846034282464246,-1.1741144425948744
crop_farming,12,ET0103,9,1.4509120962543065,1.6717077078741678,-1.313946158627251,1.2022675441624673,1.5083050040414558,-0.8836963812518199,1.4509079855522349,1.6464866692322606,-1.2446518844260703
crop_farming,12,ET0104,9,1.3340254736678885,1.5736247756211938,-1.6347961403822726,1.1370195861709291,1.2981142473101195,-0.7929595109285339,1.3130454207252698,1.5194418354633314,-1.4564776043796317
crop_farming,12,ET0105,9,1.207505697611934,1.4867489998018115,-1.006649954706472,1.0307429179463283,1.2900985211760316,-0.5109220681140778,1.3195428086921845,1.6726593576141606,-1.5398690073841377
crop_farming,12,ET0106,9,1.6095746385777518,1.778306850494189,-1.1709190795169495,1.420157316106211,1.7029436185456492,-0.9908143910650071,1.5473477357388743,1.707261508410689,-1.0009227882062048
crop_farming,12,ET0107,9,0.9799073652570038,1.0329596231673934,-0.5617622288399191,1.0468539044067615,1.2567975647729828,-1.3119523792516943,1.0404628628073747,1.1536133990368667,-0.9479096391488848
crop_farming,12,ET0301,9,0.4732967301204503,0.569359694139849,-0.06527324542152924,0.773342521153611,0.8720291737285195,-1.4989042156894787,0.40357119430163885,0.4971651382556202,0.1877515029424578
crop_farming,12,ET0302,9,0.2193805404612258,0.2854555356722978,-0.17919859420286355,0.33141137544010746,0.3897256591629364,-1.1980016515436565,0.2197487714862469,0.2698065131211377,-0.05345229235431703
crop_farming,12,ET0303,9,0.8403224057688775,1.0889517838358986,-0.643709510507203,1.0296186607252475,1.1731685705572081,-0.9077813806632018,0.6795380700839253,0.8958253724698553,-0.11238336151039818
crop_farming,12,ET0304,9,0.5431938038017817,0.6928882610108844,-0.24613500178338477,0.8080151451692958,0.9097139205253486,-1.148069696704448,0.5098726432303168,0.5925589057110673,0.08861527180652995
crop_farming,12,ET0305,9,0.33403373475508374,0.3822945067653669,0.16424463343395512,0.3598498400528478,0.4667577559924314,-0.24585111490343814,0.3353282540550806,0.4229224034731326,-0.02283231846305611
crop_farming,12,ET0306,9,0.13944010343226856,0.16875925486421858,-2.612993046419852,0.13217489895074713,0.15573951621397153,-2.0770146926945174,0.09499726415761864,0.09813605129421389,-0.22176895614667513
crop_farming,12,ET0307,9,0.06868933263722769,0.09077835970825798,-2825071.5815067017,0.00046073822539617463,0.0013063749125484475,-584.0602753941264,0.0005614464993271254,0.000691231801710919,-162.7994236091647
crop_farming,12,ET0308,9,0.9588539087976569,1.3046481200585391,-1.5406574965588198,1.0979770129191901,1.3054728255780623,-1.543870556810429,0.7135126582683375,0.9830975261901767,-0.4426219741892299
crop_farming,12,ET0309,9,0.05077664899005706,0.06336724247549468,-777.4531222643566,0.0021222438897952303,0.0032804324164304346,-1.0862436964763376,0.001521113616683451,0.0027293527970052816,-0.4441829070104437
crop_farming,12,ET0310,9,0.6048907127611903,0.7196571396980187,0.05005215068021662,0.7230750761185019,0.8843185504092258,-0.43438573585501206,0.6007611519946394,0.7782044679109592,-0.11080014272863603
crop_farming,12,ET0311,9,0.1869821503498047,0.21204823567061337,-3.4387726930463245,0.19406437920392097,0.21932963635758415,-3.748847422335051,0.09138785400643543,0.11211267734254247,-0.24080354909877721
crop_farming,12,ET0312,9,0.03562858966247035,0.03757946738351829,-1317.7465835057137,0.0010213307439298368,0.0012389122482384738,-0.4333135268098878,0.00113229941748447,0.0014393687010417272,-0.9346580553816723
crop_farming,12,ET0401,9,0.11199189813831789,0.12904562215149235,-1.755548329161273,0.04495128576653213,0.08902312006447162,-0.3113756142841466,0.04313782336941638,0.08858020558060706,-0.29835916720069644
crop_farming,12,ET0402,9,0.15528216568057762,0.1674689887013822,-8.46947489795335,0.09894827421715514,0.2055894197355612,-13.271138573627693,0.07842627154225368,0.10435078003911596,-2.676617934260363
crop_farming,12,ET0403,9,0.056662773978396,0.07641810851039688,-15974.413921993377,0.0008747585347609209,0.0012715274880359794,-3.4229401048277968,0.0005786705399768196,0.000694903061208957,-0.32101576780079855
crop_farming,12,ET0404,9,0.039560529392863884,0.0540530947471742,-3235.2430851983318,0.0011552455522758137,0.001380333921222232,-1.1104172544538446,0.0008928865053588167,0.0010917916153935128,-0.3203209575524044
crop_farming,12,ET0405,9,0.05345923807556777,0.06545608247788602,-422.3700538237239,0.003103828844636188,0.004919772614225458,-1.3917191368635047,0.0019342256028700433,0.0034393258104507443,-0.16887146039257228
crop_farming,12,ET0406,9,0.28533998325291815,0.3245613938795614,-0.6241582797609388,0.25439449016616933,0.33559794723681063,-0.7364937404930045,0.313227774040634,0.323349925994168,-0.612056141660841
crop_farming,12,ET0407,9,0.13183997217561158,0.16974049563856536,0.3360726908791234,0.27240379516766516,0.30205136433617547,-1.1023799409332837,0.1365722754414559,0.20399334689585294,0.04108169809324291
crop_farming,12,ET0408,9,0.1520674657452049,0.1910286876973542,0.48409458803697913,0.24766112491637043,0.29217999144668433,-0.20690710322201533,0.21639640120945736,0.2536339278743519,0.09053164139642556
crop_farming,12,ET0409,9,0.4541005082206921,0.591188393390138,-1.053161026790106,0.59491587416307,0.6597317460493973,-1.55685428905581,0.3523299288247268,0.4353115267175427,-0.11319577113219936
crop_farming,12,ET0413,9,0.057057437968090596,0.0729301070292771,-1.1837497065287503,0.05389566885927345,0.07983045588733674,-1.6165339646682302,0.027494673380741914,0.05365306650613197,-0.18189325851788585
crop_farming,12,ET0416,9,0.08377573805397429,0.11226582034401204,-3950.696909982171,0.0033810954169028276,0.004006451392942262,-4.0327838131494245,0.0018742366193367469,0.0018781481207707747,-0.10598235736533623
crop_farming,12,ET0417,9,0.22787092631710631,0.27100220168176614,-0.27961818746993905,0.43760410295527974,0.49823639699731664,-3.325194742104058,0.2342412913574402,0.28256902753355856,-0.3911817754699365
crop_farming,12,ET0418,9,0.19148597256657698,0.22362230591970053,-5.345719061319317,0.12959649255148864,0.17590677111454106,-2.926591407998497,0.08297694914877847,0.0965717949286635,-0.18345351819778855
crop_farming,12,ET0419,9,0.07594497288920149,0.09569575802592296,-14768.610780971496,0.0009665418733392093,0.0018646069607229576,-4.6073579315266135,0.000830130245336279,0.0011400033527189956,-1.096022469304097
crop_farming,12,ET0420,9,0.09453496455319353,0.12527950491728262,-1.034593423069826,0.09488952920679429,0.14098001696798362,-1.5765151256459284,0.04790437938332778,0.09939403963871184,-0.2806730280672376
crop_farming,12,ET0602,9,0.32115392408677157,0.4564421795270087,-0.3867944800570071,0.3417750233065054,0.5384028350193678,-0.9295464574483365,0.26674589217030276,0.46951788029246844,-0.4673875670364569
crop_farming,12,ET0603,9,0.059810682564294955,0.06888629352869961,-263.7395838059841,0.002263025016271452,0.004800601005001022,-0.2857142857142856,0.004725009908627638,0.007612127103710265,-2.2326992959711864
crop_farming,12,ET0604,9,0.2808624674943015,0.3183718585647091,-0.28926064071426083,0.5504606993362611,0.6426176801558636,-4.252628902239041,0.2887898603033231,0.29146543510663525,-0.08055156662164542
crop_farming,12,ET0605,9,0.05164314640892877,0.05599396832150297,0.0,0.0,0.0,1.0,0.0,0.0,1.0
crop_farming,12,ET0701,9,0.2119378674123567,0.24598225913086103,-0.02225382459275549,0.22018084322880555,0.2877841643368582,-0.3992166288924941,0.21601124258844318,0.25184611184830724,-0.07157277996881839
crop_farming,12,ET0702,9,0.32725118227569755,0.38328474907762744,-0.3175319957450009,0.5768621379785628,0.701385934675016,-3.4119664128178284,0.27212846260519274,0.32865320508854384,0.03128988038584313
crop_farming,12,ET0703,9,0.4357493773916784,0.5099909798201231,-0.4494333500147074,0.62962097156489,0.798356562379185,-2.5519517617495238,0.539542827432755,0.6152023771415612,-1.109158754601589
crop_farming,12,ET0705,9,0.4077876640588151,0.49441850943481885,-0.5807498784724978,0.6864852272076506,0.8109765820871527,-3.2529506410434976,0.2603490991752394,0.29426520973938897,0.4400470277178514
crop_farming,12,ET0706,9,0.29873263374291364,0.3385599469112575,0.013915662013790242,0.6164211416077126,0.7024538732046668,-3.245008146606226,0.24124042168002052,0.2671233400226852,0.3861438972401652
crop_farming,12,ET0710,9,0.41484000969091245,0.5724667723565845,-0.18367216183818091,0.7002088970171426,0.9407284880039958,-2.1963877501024607,0.3715725373726235,0.46441985100226163,0.2209731697696723
crop_farming,12,ET0713,9,0.7161824041797009,0.8126930941387256,-2.1088089366430696,0.8199061215804002,0.9930923931680422,-3.642161053356502,0.6627884797918622,0.7907577560397462,-1.9432544793284618
crop_farming,12,ET0714,9,0.4734788973783785,0.5163156128303757,-3.558348322164802,0.5064668228853618,0.6365788610909757,-5.929173222760894,0.28657691355831405,0.3737135557823426,-1.3881120248203427
crop_farming,12,ET0715,9,0.4107077780422336,0.46751047715022365,-1.2314780574737418,0.4688518198423883,0.5731878620864518,-2.3543153901645923,0.32125449931453015,0.3898515962532527,-0.5517028511237874
crop_farming,12,ET0716,9,0.39518226706062853,0.4797866856778497,-1.4998578794813913,0.2169416676697401,0.42385050856968154,-0.9509419736467737,0.3167453884615188,0.35763627830757533,-0.38899943443251717
crop_farming,12,ET0720,9,0.2489641699475525,0.29067888360586724,0.21878897974940348,0.45333644850510624,0.5461766895172834,-1.7580854394464467,0.21564023360815499,0.254072285753783,0.4031626637173632
crop_farming,12,ET0721,9,0.584104573368394,0.7757744490372872,-1.7883516048537014,0.4338587112299965,0.6441108646834116,-0.9221967689203061,0.5493284954237372,0.6892372096744389,-1.2009695005424645
crop_farming,12,ET0722,9,0.7737749557099948,0.8772018535393741,-2.3400399091050788,0.34642200660980804,0.5564999678826389,-0.3442587187388466,0.6304421805509752,0.7722225380247919,-1.5884365297830687
crop_farming,12,ET0723,9,0.6210678455954292,0.7356305846209906,-1.2133566368446842,0.7696513535220113,1.086492599446172,-3.828201512963182,0.6144522062643077,0.7498349201202202,-1.2996575389623062
crop_farming,12,ET0724,9,0.0709427727761836,0.07651016565836398,-24.45261270750573,0.02249293814302342,0.027409502392531024,-2.2666032289926608,0.04405823582961599,0.063062483832663,-16.291641747498367
crop_farming,12,ET1101,9,0.05697724554273817,0.0613628694432816,0.0,0.0,0.0,1.0,0.0,0.0,1.0
crop_farming,12,ET1102,9,0.035300210379604166,0.039278846908420186,-43919.412906358535,0.0001912045407850529,0.0002646118019109117,-0.9932757119438196,0.0004355537198740884,0.0004695205069793224,-5.275640909913101
crop_farming,12,ET1103,9,0.1104577290505845,0.1390412478722429,-17134.820358562745,0.0011355001083986041,0.0017032501625979062,-1.5714285714285716,0.0005677500541993021,0.0012043797400300691,-0.2857142857142858
crop_farming,12,ET1104,9,0.566659998221642,0.6783366803510247,-0.6089428862183537,0.6559670269048521,0.7964564630453781,-1.2180641683430626,0.6116535864381474,0.7432462088665004,-0.9315921410982722
crop_farming,12,ET1105,9,0.06404860803675261,0.07067971450790334,-0.18808470389479837,0.035869131004452645,0.07383151667833221,-0.29640713106851035,0.036489142374518786,0.07425287192653827,-0.31124650284767563
crop_farming,12,ET1106,9,0.03498952000129643,0.045624577530553455,-3.5605282176856896,0.02882835465092801,0.035223084255925206,-1.7181423577784032,0.021209727536286114,0.02503244530009677,-0.37285284098256555
crop_farming,12,ET1202,9,0.2893541455519645,0.34138452580043976,-23.47850925818787,0.08386466113445598,0.11217227587134825,-1.6428247497693729,0.04754271165829733,0.08092077612803945,-0.3753631417614378
crop_farming,12,ET1203,9,0.10155429757476697,0.13701562632403094,-79345.72675724309,0.0005199978714354674,0.0007799968071532012,-1.5714285714285712,0.0002599989357177337,0.0005515410316418843,-0.2857142857142856
crop_farming,12,ET1204,9,0.11514277460015548,0.13847763308686165,-310.73088223557886,0.008817044392208798,0.01142855760746706,-1.1232611264197958,0.005498224264748799,0.007975922240497542,-0.03414726466624285
crop_farming,12,ET1301,9,0.1305565164539967,0.17088457014791797,-42.134718549173826,0.06190488753283262,0.08065953668481622,-8.610206377056778,0.2286948060382908,0.2583191149499834,-97.56763948318051
crop_farming,12,ET1401,9,0.08093623433013815,0.08870336262409119,-968746.6680574388,9.634534186670546e-05,0.0001445180128000582,-1.5714285714285712,4.817267093335273e-05,0.00010218966685452542,-0.2857142857142856
crop_farming,12,ET1501,9,0.5663808522653184,0.6054193987722081,-5.362459088564706,0.3391965234891929,0.4675971840107567,-2.795387404617645,0.7857195197306025,0.8594214612521028,-11.821083452660309
crop_farming,12,ET1502,9,0.3741112504292718,0.45266447334372106,-0.457790781863916,0.442535059466709,0.5317198550749095,-1.0114448673448204,0.3757683432560246,0.42608053541668306,-0.2915932525353018
crop_farming,12,ET1600,9,0.2777834472571889,0.3409596867869514,0.17629295757488828,0.5679216448826269,0.6610681059418458,-2.0964147059879834,0.2769600701848969,0.3251642003946487,0.25084417221793964
pastoral,0,ET0201,9,0.19182694338639528,0.24871232508176186,0.6488876427393646,0.260410606180529,0.3145421759147645,0.43842305091565315,0.4777336811431254,0.595122494361105,-1.010315547712072
pastoral,0,ET0202,9,0.49322649513719924,0.5763173706656879,-0.5323799520126338,0.3005374752851057,0.420161103679156,0.1855306747905875,0.7400512415579339,0.8704380455968146,-2.4955761884054786
pastoral,0,ET0203,9,0.42736563047323395,0.5237559319756996,0.22348095335156115,0.40915369112594346,0.5563606674321124,0.12379234703328978,0.50417184246259,0.673110546573692,-0.2825284088591704
pastoral,0,ET0204,9,0.6874348178713365,0.8145452264222874,-0.4035088365922861,0.4257905846846547,0.5847980192200324,0.27656997190757204,0.9777081881932881,1.156470226428918,-1.829134912445849
pastoral,0,ET0205,9,0.37352373849222514,0.5227423378136324,-0.5658094808662801,0.45742271470233375,0.6605253675138774,-1.5000147415230418,0.35610686877347747,0.5022909935611047,-0.44568724322276787
pastoral,0,ET0411,9,0.1937463383618161,0.23181406512077454,0.5722407812307029,0.36319371302929254,0.4203831071956298,-0.4067286220808657,0.2994621595432143,0.39244054270500484,-0.2259352914814341
pastoral,0,ET0412,9,0.5437356343895223,0.6289502420531629,0.20149816514990393,0.3059003014955986,0.3743839046671166,0.7170708595284798,0.7648078746051374,0.9974386860642294,-1.0082406711672025
pastoral,0,ET0414,9,0.3450062712794909,0.3876216766079147,0.1760762430152527,0.3647992575730059,0.42684634651814163,0.0008882853346132702,0.5361315660668383,0.64870922087999,-1.3076559300687056
pastoral,0,ET0415,9,0.3504396138889543,0.4657309904742216,-0.3265186558678306,0.35939213127978015,0.481349711035175,-0.4169826022007934,0.5372170210737802,0.6574734046842197,-1.643622667573747
pastoral,0,ET0421,9,0.2953209399380412,0.37087957285069556,0.4134952281719714,0.28941486437572117,0.3757325539389116,0.3980459084747989,0.7270266271711008,0.837174234058473,-1.9883910609450393
pastoral,0,ET0501,9,0.23748749751712075,0.31355598782060434,0.058898900956684375,0.3375770383046086,0.43803419328192034,-0.8366318424109653,0.3832104215183645,0.4256105704541339,-0.7339273393663053
pastoral,0,ET0503,9,0.43005321618921777,0.5269664972393716,-0.5160085766881253,0.42641509882171424,0.6152281853307086,-1.0663700335095125,0.42209887884724245,0.44625350597865143,-0.08717368154564675
pastoral,0,ET0504,9,0.1631322789262808,0.20227968650716338,-1.3163376271743736,0.13920422560442608,0.21168292999330787,-1.5366993318533253,0.4144783508827026,0.4422831689169043,-10.073837427858253
pastoral,0,ET0505,9,0.47537028063672415,0.546117798085919,-0.36299113321191334,0.5118612828871035,0.634921029446034,-0.8422976284432697,0.44337422347179495,0.49484663933818207,-0.11908125168035033
pastoral,0,ET0506,9,0.2633901933754621,0.32579760763402643,-0.09347547703040271,0.1894150603912507,0.2883152309312585,0.14365564909029427,0.586255253608991,0.6622438713127438,-3.518030533051501
pastoral,0,ET0507,9,0.565599208537769,0.6242518433064769,-0.35100884668668964,0.6365519688914341,0.7760778349604897,-1.0880893872787643,0.4925118974840953,0.5719793826542149,-0.13422515623350884
pastoral,0,ET0508,9,0.5328798235495125,0.615031251003901,0.24206997249694584,0.32499518580297126,0.5403083288478997,0.41505090930774213,0.8411827859273726,0.9913363281167008,-0.9691408811890698
pastoral,0,ET0509,9,0.5984141576361374,0.6631932891488529,-0.13600278310003833,0.30653516273004733,0.49131818811632866,0.3765166895786697,0.7807403938834607,0.9760038446475016,-1.4603801035459427
pastoral,0,ET0510,9,0.2737326146443227,0.32352592926147206,-0.8824770091097076,0.16900865697278888,0.3486069688386219,-1.1856651294250118,0.5144939151041462,0.5261986736168028,-3.979789581787431
pastoral,0,ET0511,9,0.4811724701080775,0.562950271450238,-0.21643952569705838,0.18819376623954748,0.37012422994585853,0.474169841411862,0.6672122159710222,0.8409180299456431,-1.71429961963368
pastoral,1,ET0201,9,0.25713544596999216,0.3234827393587598,0.40604475205404267,0.260410606180529,0.3145421759147645,0.43842305091565315,0.4777336811431254,0.595122494361105,-1.010315547712072
pastoral,1,ET0202,9,0.4895945059760257,0.6031883155610445,-0.678606429835326,0.3005374752851057,0.420161103679156,0.1855306747905875,0.7400512415579339,0.8704380455968146,-2.4955761884054786
pastoral,1,ET0203,9,0.3846362042030672,0.48810466799281954,0.3255960189654402,0.40915369112594346,0.5563606674321124,0.12379234703328978,0.50417184246259,0.673110546573692,-0.2825284088591704
pastoral,1,ET0204,9,0.7243030722150051,0.8425914677470029,-0.5018233753910433,0.4257905846846547,0.5847980192200324,0.27656997190757204,0.9777081881932881,1.156470226428918,-1.829134912445849
pastoral,1,ET0205,9,0.38250847307070407,0.5312759330238335,-0.6173494013640941,0.45742271470233375,0.6605253675138774,-1.5000147415230418,0.35610686877347747,0.5022909935611047,-0.44568724322276787
pastoral,1,ET0411,9,0.23184397161766868,0.26670504583776433,0.43378381838704316,0.36319371302929254,0.4203831071956298,-0.4067286220808657,0.2994621595432143,0.39244054270500484,-0.2259352914814341
pastoral,1,ET0412,9,0.5812062400278144,0.7010559816988124,0.007915328000643207,0.3059003014955986,0.3743839046671166,0.7170708595284798,0.7648078746051374,0.9974386860642294,-1.0082406711672025
pastoral,1,ET0414,9,0.4003367729418512,0.4317174346151072,-0.022045168308674645,0.3647992575730059,0.42684634651814163,0.0008882853346132702,0.5361315660668383,0.64870922087999,-1.3076559300687056
pastoral,1,ET0415,9,0.31450480120343366,0.445638168979651,-0.2145288888499639,0.35939213127978015,0.481349711035175,-0.4169826022007934,0.5372170210737802,0.6574734046842197,-1.643622667573747
pastoral,1,ET0421,9,0.3467837752955967,0.39248913518628076,0.3431578710127292,0.28941486437572117,0.3757325539389116,0.3980459084747989,0.7270266271711008,0.837174234058473,-1.9883910609450393
pastoral,1,ET0501,9,0.22036350228387297,0.2566903890229479,0.36929641506867394,0.3375770383046086,0.43803419328192034,-0.8366318424109653,0.3832104215183645,0.4256105704541339,-0.7339273393663053
pastoral,1,ET0503,9,0.46526162687613454,0.5449768007921767,-0.6214056360709366,0.42641509882171424,0.6152281853307086,-1.0663700335095125,0.42209887884724245,0.44625350597865143,-0.08717368154564675
pastoral,1,ET0504,9,0.27065831635439497,0.2842665600899764,-3.574555137104838,0.13920422560442608,0.21168292999330787,-1.5366993318533253,0.4144783508827026,0.4422831689169043,-10.073837427858253
pastoral,1,ET0505,9,0.4236936364174316,0.49535962757481733,-0.12140267020946793,0.5118612828871035,0.634921029446034,-0.8422976284432697,0.44337422347179495,0.49484663933818207,-0.11908125168035033
pastoral,1,ET0506,9,0.295378057069541,0.3502660177045275,-0.263889993309286,0.1894150603912507,0.2883152309312585,0.14365564909029427,0.586255253608991,0.6622438713127438,-3.518030533051501
pastoral,1,ET0507,9,0.4420041562425081,0.5271100717896442,0.036745258948076676,0.6365519688914341,0.7760778349604897,-1.0880893872787643,0.4925118974840953,0.5719793826542149,-0.13422515623350884
pastoral,1,ET0508,9,0.5355338991720711,0.6194910047117078,0.2310382191105408,0.32499518580297126,0.5403083288478997,0.41505090930774213,0.8411827859273726,0.9913363281167008,-0.9691408811890698
pastoral,1,ET0509,9,0.5868254782165139,0.6711367825356168,-0.1633790333137668,0.30653516273004733,0.49131818811632866,0.3765166895786697,0.7807403938834607,0.9760038446475016,-1.4603801035459427
pastoral,1,ET0510,9,0.30077121535402596,0.3458926145529766,-1.1517612014927425,0.16900865697278888,0.3486069688386219,-1.1856651294250118,0.5144939151041462,0.5261986736168028,-3.979789581787431
pastoral,1,ET0511,9,0.5729607408829613,0.6687128189896876,-0.7164444571475619,0.18819376623954748,0.37012422994585853,0.474169841411862,0.6672122159710222,0.8409180299456431,-1.71429961963368
pastoral,2,ET0201,9,0.19346339348060548,0.25079760697830705,0.6429752891337317,0.260410606180529,0.3145421759147645,0.43842305091565315,0.4777336811431254,0.595122494361105,-1.010315547712072
pastoral,2,ET0202,9,0.49797552832337,0.5937749595643608,-0.6266225905933707,0.3005374752851057,0.420161103679156,0.1855306747905875,0.7400512415579339,0.8704380455968146,-2.4955761884054786
pastoral,2,ET0203,9,0.38839370307845045,0.48144848053268763,0.34386403435564084,0.40915369112594346,0.5563606674321124,0.12379234703328978,0.50417184246259,0.673110546573692,-0.2825284088591704
pastoral,2,ET0204,9,0.670692058590602,0.8321540902378011,-0.4648469459623543,0.4257905846846547,0.5847980192200324,0.27656997190757204,0.9777081881932881,1.156470226428918,-1.829134912445849
pastoral,2,ET0205,9,0.293373885888765,0.3966841891265855,0.09831810695409526,0.45742271470233375,0.6605253675138774,-1.5000147415230418,0.35610686877347747,0.5022909935611047,-0.44568724322276787
pastoral,2,ET0411,9,0.28555678678172214,0.3220919213014628,0.17419125767035315,0.36319371302929254,0.4203831071956298,-0.4067286220808657,0.2994621595432143,0.39244054270500484,-0.2259352914814341
pastoral,2,ET0412,9,0.5240519289536635,0.6350482268382386,0.1859393605884413,0.3059003014955986,0.3743839046671166,0.7170708595284798,0.7648078746051374,0.9974386860642294,-1.0082406711672025
pastoral,2,ET0414,9,0.3433846938046849,0.3788087809996757,0.21311550246199862,0.3647992575730059,0.42684634651814163,0.0008882853346132702,0.5361315660668383,0.64870922087999,-1.3076559300687056
pastoral,2,ET0415,9,0.3197143938987334,0.4329068804787429,-0.14612520632230241,0.35939213127978015,0.481349711035175,-0.4169826022007934,0.5372170210737802,0.6574734046842197,-1.643622667573747
pastoral,2,ET0421,9,0.26147681898245506,0.334268471711553,0.5235727943746068,0.28941486437572117,0.3757325539389116,0.3980459084747989,0.7270266271711008,0.837174234058473,-1.9883910609450393
pastoral,2,ET0501,9,0.20933084831507903,0.32727385795903824,-0.025247491334596806,0.3375770383046086,0.43803419328192034,-0.8366318424109653,0.3832104215183645,0.4256105704541339,-0.7339273393663053
pastoral,2,ET0503,9,0.45295746193237957,0.5506108059552222,-0.655103315898433,0.42641509882171424,0.6152281853307086,-1.0663700335095125,0.42209887884724245,0.44625350597865143,-0.08717368154564675
pastoral,2,ET0504,9,0.1999949701697704,0.22848228184807343,-1.9553054388590092,0.13920422560442608,0.21168292999330787,-1.5366993318533253,0.4144783508827026,0.4422831689169043,-10.073837427858253
pastoral,2,ET0505,9,0.4643592364523573,0.5374397083683937,-0.32001805434922326,0.5118612828871035,0.634921029446034,-0.8422976284432697,0.44337422347179495,0.49484663933818207,-0.11908125168035033
pastoral,2,ET0506,9,0.2382697206968437,0.2999362748646009,0.07323152461297588,0.1894150603912507,0.2883152309312585,0.14365564909029427,0.586255253608991,0.6622438713127438,-3.518030533051501
pastoral,2,ET0507,9,0.5976478577958528,0.6798028512114925,-0.6021548527544114,0.6365519688914341,0.7760778349604897,-1.0880893872787643,0.4925118974840953,0.5719793826542149,-0.13422515623350884
pastoral,2,ET0508,9,0.4862287780681485,0.5838100389940333,0.3170673705726166,0.32499518580297126,0.5403083288478997,0.41505090930774213,0.8411827859273726,0.9913363281167008,-0.9691408811890698
pastoral,2,ET0509,9,0.5827720709713017,0.6688751262133236,-0.155551328887495,0.30653516273004733,0.49131818811632866,0.3765166895786697,0.7807403938834607,0.9760038446475016,-1.4603801035459427
pastoral,2,ET0510,9,0.2781976118299239,0.3196283948672612,-0.8373936108549067,0.16900865697278888,0.3486069688386219,-1.1856651294250118,0.5144939151041462,0.5261986736168028,-3.979789581787431
pastoral,2,ET0511,9,0.4979820184165984,0.59546916645877,-0.36103412547843927,0.18819376623954748,0.37012422994585853,0.474169841411862,0.6672122159710222,0.8409180299456431,-1.71429961963368
pastoral,3,ET0201,9,0.24283325847423073,0.340170944223241,0.34318066233157307,0.260410606180529,0.3145421759147645,0.43842305091565315,0.4777336811431254,0.595122494361105,-1.010315547712072
pastoral,3,ET0202,9,0.5553414914460876,0.6780918405678703,-1.1213878596957256,0.3005374752851057,0.420161103679156,0.1855306747905875,0.7400512415579339,0.8704380455968146,-2.4955761884054786
pastoral,3,ET0203,9,0.5058945468604512,0.5928293858488436,0.005159060182788333,0.40915369112594346,0.5563606674321124,0.12379234703328978,0.50417184246259,0.673110546573692,-0.2825284088591704
pastoral,3,ET0204,9,0.6970065627842631,0.867205438338436,-0.5908481637382417,0.4257905846846547,0.5847980192200324,0.27656997190757204,0.9777081881932881,1.156470226428918,-1.829134912445849
pastoral,3,ET0205,9,0.35462915881676266,0.51160527297464,-0.4998008339391171,0.45742271470233375,0.6605253675138774,-1.5000147415230418,0.35610686877347747,0.5022909935611047,-0.44568724322276787
pastoral,3,ET0411,9,0.2655809523590808,0.31389183081245114,0.2157042919104587,0.36319371302929254,0.4203831071956298,-0.4067286220808657,0.2994621595432143,0.39244054270500484,-0.2259352914814341
pastoral,3,ET0412,9,0.568655303222937,0.6942569339229627,0.027065075345058753,0.3059003014955986,0.3743839046671166,0.7170708595284798,0.7648078746051374,0.9974386860642294,-1.0082406711672025
pastoral,3,ET0414,9,0.2974864039455596,0.3246686501608737,0.42196834191183397,0.3647992575730059,0.42684634651814163,0.0008882853346132702,0.5361315660668383,0.64870922087999,-1.3076559300687056
pastoral,3,ET0415,9,0.4271891935378162,0.5767273793856417,-1.034155859592249,0.35939213127978015,0.481349711035175,-0.4169826022007934,0.5372170210737802,0.6574734046842197,-1.643622667573747
pastoral,3,ET0421,9,0.4334922282620748,0.47677516189117775,0.030756345809965224,0.28941486437572117,0.3757325539389116,0.3980459084747989,0.7270266271711008,0.837174234058473,-1.9883910609450393
pastoral,3,ET0501,9,0.3271387882862312,0.45965951272149763,-1.0224536989696125,0.3375770383046086,0.43803419328192034,-0.8366318424109653,0.3832104215183645,0.4256105704541339,-0.7339273393663053
pastoral,3,ET0503,9,0.5460051789498079,0.6504431126479399,-1.3096931532102976,0.42641509882171424,0.6152281853307086,-1.0663700335095125,0.42209887884724245,0.44625350597865143,-0.08717368154564675
pastoral,3,ET0504,9,0.3365878439302568,0.39259784987500457,-7.725556837351661,0.13920422560442608,0.21168292999330787,-1.5366993318533253,0.4144783508827026,0.4422831689169043,-10.073837427858253
pastoral,3,ET0505,9,0.457794196579017,0.5351607171854241,-0.30884682470786773,0.5118612828871035,0.634921029446034,-0.8422976284432697,0.44337422347179495,0.49484663933818207,-0.11908125168035033
pastoral,3,ET0506,9,0.38462635632035175,0.439664168812257,-0.991385831595663,0.1894150603912507,0.2883152309312585,0.14365564909029427,0.586255253608991,0.6622438713127438,-3.518030533051501
pastoral,3,ET0507,9,0.5788010810455001,0.6974777644475989,-0.6865501508934648,0.6365519688914341,0.7760778349604897,-1.0880893872787643,0.4925118974840953,0.5719793826542149,-0.13422515623350884
pastoral,3,ET0508,9,0.6014588350427714,0.6656121382840908,0.11227753124330442,0.32499518580297126,0.5403083288478997,0.41505090930774213,0.8411827859273726,0.9913363281167008,-0.9691408811890698
pastoral,3,ET0509,9,0.6087489672573124,0.6870041623951197,-0.21903980339588358,0.30653516273004733,0.49131818811632866,0.3765166895786697,0.7807403938834607,0.9760038446475016,-1.4603801035459427
pastoral,3,ET0510,9,0.3048183664264396,0.38124601397002195,-1.6140995217383227,0.16900865697278888,0.3486069688386219,-1.1856651294250118,0.5144939151041462,0.5261986736168028,-3.979789581787431
pastoral,3,ET0511,9,0.5215329473436596,0.6196052298313016,-0.4736033733932685,0.18819376623954748,0.37012422994585853,0.474169841411862,0.6672122159710222,0.8409180299456431,-1.71429961963368
pastoral,4,ET0201,9,0.3097387168257669,0.40407082427017205,0.0732416948562874,0.2779246997284173,0.3972083568908893,0.10445326748550543,0.4777336811431254,0.595122494361105,-1.010315547712072
pastoral,4,ET0202,9,0.5622645808029573,0.6587168203939615,-1.0018915603323024,0.4406134783966463,0.5099076910774665,-0.19957157777684342,0.7400512415579339,0.8704380455968146,-2.4955761884054786
pastoral,4,ET0203,9,0.5258595244144774,0.613879811463708,-0.06674571077098101,0.47380227453617363,0.6085124790979081,-0.048173513215311825,0.50417184246259,0.673110546573692,-0.2825284088591704
pastoral,4,ET0204,9,0.7173721983382588,0.8829529608539045,-0.6491489403728021,0.5124755060130403,0.6361882629739599,0.14383779785183037,0.9777081881932881,1.156470226428918,-1.829134912445849
pastoral,4,ET0205,9,0.3155772949344859,0.4510948277329951,-0.1660019098219665,0.3658127052782008,0.5865244266454361,-0.9712230737562266,0.35610686877347747,0.5022909935611047,-0.44568724322276787
pastoral,4,ET0411,9,0.21545065518250556,0.2877541529298802,0.34088224208709383,0.38132785960599563,0.4564718433717297,-0.6586234462151235,0.2994621595432143,0.39244054270500484,-0.2259352914814341
pastoral,4,ET0412,9,0.6105651038583808,0.7094653125044487,-0.016027995052072752,0.48361043292473016,0.5773952278327196,0.327039270998982,0.7648078746051374,0.9974386860642294,-1.0082406711672025
pastoral,4,ET0414,9,0.2968348147265225,0.3596296781897062,0.290778385518632,0.3732282030956188,0.44556404762433366,-0.08865731517427933,0.5361315660668383,0.64870922087999,-1.3076559300687056
pastoral,4,ET0415,9,0.39957786401235856,0.4993356182368792,-0.5248537038136385,0.41741365870104896,0.49801822378719834,-0.5168182912171853,0.5372170210737802,0.6574734046842197,-1.643622667573747
pastoral,4,ET0421,9,0.5288360961997987,0.5681330892891863,-0.3762771207520905,0.3251965395955469,0.405802649048573,0.2978409832383999,0.7270266271711008,0.837174234058473,-1.9883910609450393
pastoral,4,ET0501,9,0.29647296192568917,0.3794262164288668,-0.37803660350912005,0.36484975671056774,0.4791118024501739,-1.1972517651400771,0.3832104215183645,0.4256105704541339,-0.7339273393663053
pastoral,4,ET0503,9,0.4650526140745231,0.5235108768173722,-0.4961910987812923,0.6148863237631859,0.7463971837876419,-2.041414641388145,0.42209887884724245,0.44625350597865143,-0.08717368154564675
pastoral,4,ET0504,9,0.2782171742474362,0.28944431992089414,-3.742718857203567,0.09632814627676077,0.18174947722760537,-0.8700088373723416,0.4144783508827026,0.4422831689169043,-10.073837427858253
pastoral,4,ET0505,9,0.45485216315591637,0.5215810528391092,-0.24326578777419816,0.6125199386289333,0.7515412391234353,-1.5812258311384557,0.44337422347179495,0.49484663933818207,-0.11908125168035033
pastoral,4,ET0506,9,0.35007581148813605,0.4160034980671299,-0.7828189059244828,0.24761701304326517,0.35148771303759324,-0.2727220309423404,0.586255253608991,0.6622438713127438,-3.518030533051501
pastoral,4,ET0507,9,0.5445897252445739,0.6327048852844889,-0.38784479703113406,0.5490594420470676,0.7266113802960176,-0.8303869770134971,0.4925118974840953,0.5719793826542149,-0.13422515623350884
pastoral,4,ET0508,9,0.6096275588909025,0.666892675454617,0.10885855784515153,0.6278095738306799,0.7623763653650758,-0.16459144111561308,0.8411827859273726,0.9913363281167008,-0.9691408811890698
pastoral,4,ET0509,9,0.6577630587490116,0.7474048439975157,-0.44281605374142075,0.4853518975779749,0.6412013908390933,-0.06191085663919904,0.7807403938834607,0.9760038446475016,-1.4603801035459427
pastoral,4,ET0510,9,0.34169107125025144,0.40348224327498594,-1.9279276954769662,0.17598730578831834,0.3558392760422432,-1.277294819545327,0.5144939151041462,0.5261986736168028,-3.979789581787431
pastoral,4,ET0511,9,0.5197398330358747,0.6259339919065628,-0.50386042697809,0.3014705652904599,0.4986647619924337,0.04551783574151169,0.6672122159710222,0.8409180299456431,-1.71429961963368
pastoral,8,ET0201,9,0.465949901952193,0.5523492492478183,-0.731725434464237,0.3622327445397151,0.45054683777012905,-0.1522093397644,0.4777336811431254,0.595122494361105,-1.010315547712072
pastoral,8,ET0202,9,0.7105801083623341,0.8948118750291881,-2.6940819013892665,0.5469642033320904,0.6032056696508622,-0.6787030202534561,0.7400512415579339,0.8704380455968146,-2.4955761884054786
pastoral,8,ET0203,9,0.5962390881269628,0.6926995356819791,-0.35826339359892456,0.5462716477924485,0.7825407103887893,-0.7334370854266299,0.50417184246259,0.673110546573692,-0.2825284088591704
pastoral,8,ET0204,9,0.8951985234369323,1.0705248458170664,-1.4242547105665255,0.75890953427653,0.904076305670788,-0.7289997086782352,0.9777081881932881,1.156470226428918,-1.829134912445849
pastoral,8,ET0205,9,0.27648453625374314,0.4801004354626043,-0.3207717357801727,0.13611818317637223,0.31806091717123036,0.42032552054417227,0.35610686877347747,0.5022909935611047,-0.44568724322276787
pastoral,8,ET0411,9,0.2563712438877804,0.3183014568222327,0.19351356902270112,0.2743947243638656,0.3925900801206556,-0.2268697419393384,0.2994621595432143,0.39244054270500484,-0.2259352914814341
pastoral,8,ET0412,9,0.7831629198973076,0.9680212769081551,-0.8915296245254438,0.6239348893708477,0.7196248331333236,-0.0453353201772666,0.7648078746051374,0.9974386860642294,-1.0082406711672025
pastoral,8,ET0414,9,0.38593872716503763,0.446215479807326,-0.09184296197126995,0.35523257746635095,0.4278556900456171,-0.0038424064669768665,0.5361315660668383,0.64870922087999,-1.3076559300687056
pastoral,8,ET0415,9,0.4838019741709824,0.6316753110747944,-1.4402307355532384,0.42065607621167894,0.5159348038021183,-0.6279187972130711,0.5372170210737802,0.6574734046842197,-1.643622667573747
pastoral,8,ET0421,9,0.7604806206681144,0.8358357732055489,-1.9788431153875692,0.43347507914993677,0.5305064559317776,-0.20001608794876513,0.7270266271711008,0.837174234058473,-1.9883910609450393
pastoral,8,ET0501,9,0.32815087029327006,0.3745544013340675,-0.3428759400198069,0.32192909890767935,0.3898591470368144,-0.45486112635812925,0.3832104215183645,0.4256105704541339,-0.7339273393663053
pastoral,8,ET0503,9,0.47876192982750776,0.5224680315953845,-0.4902361445070078,0.44371472855459465,0.6324163031375174,-1.1834425145468899,0.42209887884724245,0.44625350597865143,-0.08717368154564675
pastoral,8,ET0504,9,0.2545669874025888,0.28681838942351207,-3.6570543221483174,0.1396851957509043,0.21215534906979794,-1.5480344205313008,0.4144783508827026,0.4422831689169043,-10.073837427858253
pastoral,8,ET0505,9,0.4173279465678025,0.5088213189226083,-0.18318040430506777,0.5202195903297839,0.6955528034315542,-1.210958446294137,0.44337422347179495,0.49484663933818207,-0.11908125168035033
pastoral,8,ET0506,9,0.4934125683937839,0.5763098905323804,-2.421569860919505,0.3119007810977861,0.38586065746552584,-0.5338195388460198,0.586255253608991,0.6622438713127438,-3.518030533051501
pastoral,8,ET0507,9,0.4682629576410176,0.5592881967295193,-0.08445075164928673,0.5405809056180281,0.8435107145090084,-1.4667193068310738,0.4925118974840953,0.5719793826542149,-0.13422515623350884
pastoral,8,ET0508,9,0.7689501385926439,0.8703806346231844,-0.5179350358051837,0.6397036654043712,0.7729061321705843,-0.19698374200902746,0.8411827859273726,0.9913363281167008,-0.9691408811890698
pastoral,8,ET0509,9,0.8018947353415975,0.9135805644240584,-1.155722492214743,0.5016771179126285,0.6620810595932151,-0.13219563849170402,0.7807403938834607,0.9760038446475016,-1.4603801035459427
pastoral,8,ET0510,9,0.5954900285818204,0.6103796325135179,-5.7005671066160994,0.1572144145368892,0.3204483746036866,-0.8468330606249315,0.5144939151041462,0.5261986736168028,-3.979789581787431
pastoral,8,ET0511,9,0.7516702425368019,0.8626592489864041,-1.8564657649402148,0.4117778710676442,0.5992367266576762,-0.37831125796917364,0.6672122159710222,0.8409180299456431,-1.71429961963368
pastoral,12,ET0201,9,0.4387182616662772,0.511929299421769,-0.4875496574966285,0.37887605874986263,0.5166328277597285,-0.5150099901217995,0.4777336811431254,0.595122494361105,-1.010315547712072
pastoral,12,ET0202,9,0.7238247902504906,0.8684313492885259,-2.4794774568954634,0.47472115466742715,0.5868010393940077,-0.5886374302900736,0.7400512415579339,0.8704380455968146,-2.4955761884054786
pastoral,12,ET0203,9,0.571692344781475,0.6658303702938692,-0.25493549838281027,0.6697572030920644,0.8586445858409512,-1.086993396183416,0.50417184246259,0.673110546573692,-0.2825284088591704
pastoral,12,ET0204,9,0.9428335151946059,1.114363261655928,-1.626868406305194,0.7218679106978154,0.9098268719763632,-0.7510649896785571,0.9777081881932881,1.156470226428918,-1.829134912445849
pastoral,12,ET0205,9,0.3612087988023642,0.4681675910081986,-0.25593238559694287,0.34264731252946595,0.5666014059629293,-0.8395807760280487,0.35610686877347747,0.5022909935611047,-0.44568724322276787
pastoral,12,ET0411,9,0.30548975266527556,0.34252385402811747,0.06609767593574156,0.4000460178400348,0.4583648749213294,-0.6724089058696585,0.2994621595432143,0.39244054270500484,-0.2259352914814341
pastoral,12,ET0412,9,0.7025072817368666,0.8881799368672153,-0.592374662357896,0.7299428303286626,0.8857276135697928,-0.5835934991821967,0.7648078746051374,0.9974386860642294,-1.0082406711672025
pastoral,12,ET0414,9,0.40386889044255775,0.4767284432939837,-0.24627258739211277,0.5094221681318495,0.5857662828492413,-0.8815668526553921,0.5361315660668383,0.64870922087999,-1.3076559300687056
pastoral,12,ET0415,9,0.37622325844067556,0.5374214328170578,-0.7663349083822772,0.6107428092906342,0.6556947284896695,-1.6293383231017362,0.5372170210737802,0.6574734046842197,-1.643622667573747
pastoral,12,ET0421,9,0.6985471429484897,0.7890078386293196,-1.6544121551745659,0.537586284803282,0.6329953805141252,-0.7084678197703838,0.7270266271711008,0.837174234058473,-1.9883910609450393
pastoral,12,ET0501,9,0.38349121334475655,0.4278622467071575,-0.7523224212066597,0.4566081900002364,0.5530200649818451,-1.927439045285582,0.3832104215183645,0.4256105704541339,-0.7339273393663053
pastoral,12,ET0503,9,0.4157563764759995,0.46795739393051783,-0.19549640779237465,0.42324560618629525,0.6111585633936919,-1.039123129420438,0.42209887884724245,0.44625350597865143,-0.08717368154564675
pastoral,12,ET0504,9,0.24093883430739613,0.24916862379496688,-2.514665717665521,0.11964446967762339,0.18962524633544012,-1.0355868384497526,0.4144783508827026,0.4422831689169043,-10.073837427858253
pastoral,12,ET0505,9,0.4099990919009866,0.505889598110837,-0.16958521333500376,0.3571534138926697,0.4897312736426843,-0.09606433501603173,0.44337422347179495,0.49484663933818207,-0.11908125168035033
pastoral,12,ET0506,9,0.3585335910245913,0.4676836518137751,-1.253292878643801,0.40402709825505795,0.4843349208680391,-1.4166003390603672,0.586255253608991,0.6622438713127438,-3.518030533051501
pastoral,12,ET0507,9,0.5023132898163785,0.5915206441366068,-0.2130489838035139,0.3267545208747564,0.552789667324957,-0.059396074514898034,0.4925118974840953,0.5719793826542149,-0.13422515623350884
pastoral,12,ET0508,9,0.693739169939283,0.8491802558366656,-0.4448891222066471,0.564198311300943,0.7267057780020441,-0.058161539159147235,0.8411827859273726,0.9913363281167008,-0.9691408811890698
pastoral,12,ET0509,9,0.6578770389609823,0.8150184178594303,-0.7156709414746174,0.528745966172425,0.6800096002236458,-0.19434346478214004,0.7807403938834607,0.9760038446475016,-1.4603801035459427
pastoral,12,ET0510,9,0.6183224487190139,0.6217430060052783,-5.952376955694954,0.16816329632949628,0.32166559911031695,-0.860890114292042,0.5144939151041462,0.5261986736168028,-3.979789581787431
pastoral,12,ET0511,9,0.591268156490795,0.7207796439693069,-0.9941392576179182,0.41091138563815194,0.5996924739169678,-0.38040859420805506,0.6672122159710222,0.8409180299456431,-1.71429961963368
