,0,1,2,3,4,5,6,7,8,9,10,11,12,13,14,15,16,17,18,19,20,21,22,23,24,25,26,27,28,29,30,31,32,33,34,35,36,37,38,39,40,41,42,43,44,45,46,47,48,49,50,51,52,53,54,55,56,57,58,59,60,61,62,63,64,65,66,67,68,69,70,71,72,73,74,75,76,77,78,79,80,81,82,83,84,85,86,87,88,89,90,91,92,93,94,95,96,97,98,99
acled_event_count,0.00024932771128183907,0.0002606389486520783,0.0002498560980524099,0.00023521555489150253,0.00024517367020223014,0.00024650045821611596,0.00024771971946705606,0.00024405703086517185,0.0002511196507538204,0.0002513841773769603,0.0002480547333179907,0.00023130061067695414,0.00025889598279214463,0.0002524072671007992,0.0002498740539307596,0.00022570263350390804,0.00024213426959494565,0.0002614791663954892,0.00024331548195615093,0.00023817194107048382,0.00024074743877199083,0.00023696036925642213,0.0002493962197705301,0.00021887028641584847,0.00025563404764890096,0.00024180517468782716,0.00025001574415177506,0.00025332561392643025,0.00024717574208181703,0.00023861200918441573,0.0002529836613527423,0.0002510413919597044,0.00024780852756616607,0.00022394130139960665,0.00024408896981845845,0.00025157352890645775,0.00025790436565731393,0.0002355179818924915,0.00025877077947933103,0.0002592460997434805,0.0002440677725888655,0.00024535488067329794,0.0002296922928952529,0.00023504290225214388,0.00023982983735792358,0.00025391993342639766,0.00026140978153804,0.0002638169998072314,0.00023429393054071615,0.00024135204648606743,0.0002275134485473328,0.0002455925207801698,0.0002654555224038383,0.0002680198257558274,0.0002531532599578507,0.0002490038257796032,0.00027162159787133604,0.0002611461272665664,0.0002495912866977997,0.00024957117998813136,0.00024831187190665373,0.00027115713552526197,0.0002583611584912852,0.000246633157221468,0.0002889108439058058,0.00023230260902157038,0.00022905319001174706,0.00026010036324854656,0.00024064578481656137,0.0002580040900629294,0.0002425662501781968,0.0002448009658062392,0.00025406293474585125,0.0002442695752954081,0.00023119316718832244,0.00026416138798387924,0.0002499972072010892,0.00025315135185930717,0.00024081495632446423,0.00024507706771971716,0.00027927053688007894,0.000251371601288444,0.0002605528446985184,0.0002524185259848977,0.0002514824380949037,0.00026292295684926135,0.00027407821070363014,0.0002493334981838461,0.0002707443443487551,0.0002487983557293121,0.00023858706589615944,0.00023719629547105597,0.00024553896358597886,0.00025804487648024756,0.00025452709307841406,0.0002544303892647592,0.0002495296781066692,0.00023479977288968563,0.00024242272016928475,0.0002456318973187612
acled_event_count_demonstrations,0.00013868420290342274,0.00014292990994171142,0.00012586859134883924,0.00013183981986501715,0.00013058923353268163,0.0001477552105443201,0.00012883213530259246,0.000139545434295329,0.00011924044932884706,0.0001242103657201241,0.00015210281569688093,0.00012500731022533588,0.00013525451006775297,0.00013637504763091388,0.00015320460549237566,0.00016488377637955507,0.00013613228681654744,0.00013087279177119787,0.00014474840668911272,0.0001495034717347311,0.00016111877487857973,0.00012961595179095318,0.0001376611191047943,0.00011964066046000227,0.00012009280029648312,0.0001328266493293532,0.00011218877800395154,0.00014448923243915444,0.00012115219201740929,0.00012645614610630132,0.00015373502077381824,0.00013070537577260458,0.00016307610834597142,0.00013709186649899942,0.00013699980664437828,0.0001246922528448343,0.0001428829755259998,0.00012490969529507838,0.00014340501790255657,0.00014617220062204604,0.00017403377940861562,0.0001439841997953038,0.00015908348934212026,0.0001483025750610656,0.00012496591055877583,0.00012126304109608452,0.00015824880586580995,0.00013386372570334075,0.00013209359281361516,0.00013732831734582896,0.00014987050634702786,0.00014854750132896495,0.00014645160542861438,0.00014113729298718947,0.00014425032192698486,0.00011966491863324343,0.0001328427274181174,0.000136312489138159,0.0001488193149567216,0.00014353784585655703,0.00013653064221195142,0.00013587923774790092,0.00012322858059836655,0.00012752267125842282,0.00013861604233505686,0.00013161536421513686,0.00014419606121949817,0.00012019314259108158,0.00012226539533495326,0.00011829070951288285,0.00014621073666450956,0.0001456048104203749,0.00016172077401372135,0.0001356999860309049,0.000130733303639593,0.00011646593541673046,0.00013740224918971458,0.00014712165401936132,0.000131282332999885,0.00013550632990629323,0.00015609007851131326,0.00012118855437130157,0.00011432551310620714,0.0001221947187816196,0.00015149175054782562,0.00013674183438864348,0.0001516388288137983,0.00013669263361005166,0.00013382380850435722,0.00013840305259010355,0.00012725874141444825,0.00012731414992558937,0.00013104908919833432,0.0001335203374611963,0.00015808453645526315,0.00012499028627212456,0.00013275451344689206,0.00012976861293083783,0.00014213463116380636,0.00013507535443959398
acled_event_count_demonstrations_lag1,8.441870824836858e-05,7.346168594605825e-05,9.076318919229314e-05,7.475054086288187e-05,8.599003421797002e-05,8.446557220428914e-05,7.101366350400275e-05,7.407220898856832e-05,7.63211971431009e-05,8.139996599789074e-05,7.649899937284454e-05,8.909400461564256e-05,8.091609941100029e-05,7.842842899545708e-05,7.866359308742507e-05,7.578512447069254e-05,7.729275993105561e-05,7.89557836546188e-05,7.718286965186325e-05,8.318538131099772e-05,8.057080208612484e-05,8.089591810393633e-05,6.955261473988072e-05,8.565336922177205e-05,7.002336487914464e-05,8.013618520600496e-05,9.450141982907485e-05,7.837994008571208e-05,7.043172620761346e-05,9.030576503216666e-05,7.367836330098848e-05,7.929432571732573e-05,8.10934266196326e-05,8.24715947045246e-05,7.881824730743132e-05,8.507484207482555e-05,8.313512849622117e-05,7.609267740139546e-05,7.833445439400541e-05,8.101769877415153e-05,7.078009122485144e-05,8.745275039657734e-05,8.667968207934269e-05,7.746411846427465e-05,8.610490103123042e-05,7.765255694896538e-05,6.414077232969093e-05,6.51645479920488e-05,7.347425671192779e-05,7.643325520573947e-05,8.367017158798827e-05,8.111055895398205e-05,9.415824963467605e-05,7.273060475489584e-05,8.358672465949099e-05,8.726707293945728e-05,8.35607033042948e-05,7.525123653385796e-05,7.129908904749476e-05,8.144310004385722e-05,8.027638424235461e-05,7.767825018809923e-05,7.629997086993388e-05,7.374532697683751e-05,8.069210865915984e-05,6.890178271141894e-05,8.64202925132612e-05,8.088263603161282e-05,8.35378500285865e-05,7.466739565815347e-05,6.994967502487208e-05,7.602439559719753e-05,7.423492386491084e-05,7.562603771119662e-05,8.662985780792474e-05,7.389970281237853e-05,8.168595421543825e-05,7.117291769588699e-05,8.228656701201135e-05,8.31830895199261e-05,8.182158308673143e-05,8.529709282333096e-05,6.766631996665301e-05,8.835255832323294e-05,7.666079766933952e-05,7.508172638511209e-05,6.561677162506566e-05,7.30928155227858e-05,8.390686309879055e-05,7.761666238541908e-05,7.502163888589628e-05,7.478206113477033e-05,7.482706863186313e-05,7.011429850189459e-05,8.016123599163915e-05,8.487329224421494e-05,8.01063942519872e-05,7.548683117773047e-05,7.114680013134098e-05,8.79334545279085e-05
acled_event_count_demonstrations_lag12,5.718165966171162e-05,6.215060946034759e-05,6.263056098952056e-05,5.8132675627414893e-05,5.716344905956767e-05,6.192252444832221e-05,6.258931573997126e-05,6.22904675661119e-05,6.705691865687127e-05,6.616813612085034e-05,5.209798429076469e-05,6.222637213401502e-05,6.040083045195184e-05,5.6553972991706586e-05,6.401574617062789e-05,6.211325757621979e-05,6.538318898181737e-05,6.004119050233343e-05,6.24649668224233e-05,6.548701152411142e-05,6.502028361857555e-05,5.687482679472289e-05,6.10005787301878e-05,5.7598544455668775e-05,5.97907492493744e-05,5.909881546188421e-05,6.685869863386645e-05,6.515521676973115e-05,5.5958782666567856e-05,6.213877317955199e-05,6.000024894492802e-05,6.399304445979511e-05,6.309213930467147e-05,6.0520877546178956e-05,6.58038813361141e-05,6.079194094186161e-05,5.4242081999305695e-05,5.708074838622345e-05,6.293826411928779e-05,5.989033392044986e-05,6.072251113315465e-05,5.88946041874099e-05,5.827951415334594e-05,5.963263844234356e-05,6.232109933762488e-05,6.0037055468666215e-05,6.11582463716457e-05,6.519747304095738e-05,6.274318963988556e-05,5.657574980731172e-05,6.080437303772048e-05,5.864370048683705e-05,6.10751880164431e-05,6.046111318183159e-05,5.789919646445269e-05,6.601304809509515e-05,6.495242626030252e-05,5.578368406015236e-05,6.215690568943037e-05,5.547915539704906e-05,5.5631749612183466e-05,5.965022623456701e-05,6.540492434103461e-05,5.571509205612172e-05,6.050856146393273e-05,6.354018933993936e-05,6.40279770905269e-05,6.0902801750445054e-05,5.5821724634507014e-05,5.907199189344548e-05,5.87497581390367e-05,6.22248180015199e-05,6.064619185124043e-05,5.060154430470522e-05,5.8805745472942576e-05,5.828724368080096e-05,6.149435548267339e-05,5.274830454172473e-05,5.4431714444036234e-05,6.183704201921337e-05,5.897383087972183e-05,5.967570745159298e-05,5.9467546251043935e-05,6.074267307783588e-05,6.468954102089275e-05,6.070044219463015e-05,6.0714120874432054e-05,6.148644856044225e-05,5.675681781221703e-05,5.9738472744236325e-05,6.0433202106287105e-05,5.646328666113096e-05,5.61852531290367e-05,5.762627267319223e-05,6.843168285898376e-05,6.348159925188173e-05,5.7191452688908394e-05,5.685278581515767e-05,5.8624648544975935e-05,6.048567239593604e-05
acled_event_count_demonstrations_lag3,2.2275586647230275e-05,2.0332646741306188e-05,1.9801354769738152e-05,1.6884667701823823e-05,1.7577578205026536e-05,1.9296484416398283e-05,1.448172377904503e-05,1.6481599454260885e-05,1.7426980805909165e-05,2.0342777927294938e-05,1.5968422518221674e-05,1.8320728146089943e-05,1.6552665263794882e-05,1.7885481305626074e-05,1.890281648513282e-05,2.0587963056593126e-05,1.686078167197168e-05,1.504762404134884e-05,2.075561485847804e-05,1.8965495088934034e-05,2.1021808655077708e-05,2.264992457353674e-05,1.897330704711383e-05,2.0051707405650962e-05,1.8190056325969324e-05,1.6362587243236288e-05,1.821078331479025e-05,1.981958312742808e-05,1.774511182406921e-05,1.5554125253638167e-05,2.0004546747326318e-05,1.763545855329603e-05,1.7055272226902514e-05,1.6119818716053512e-05,2.2033784150295705e-05,1.6662766118942046e-05,1.6578934875267426e-05,1.700048062055686e-05,1.864311029187168e-05,1.7389511060306456e-05,2.135464584479318e-05,1.6206110267802878e-05,1.7675930432322272e-05,1.7527937474535243e-05,1.742190022916219e-05,1.764511170535457e-05,1.9421185311534183e-05,1.7989690533181647e-05,1.868252937146575e-05,1.6498859210763824e-05,1.957139305274206e-05,2.0508047995421704e-05,1.6722443874789114e-05,1.876772080244094e-05,1.8712902522605397e-05,2.1368672726116688e-05,1.837580070783962e-05,1.8672037129261478e-05,1.6798918778841623e-05,1.786143298526317e-05,1.5680593829871952e-05,1.8357735685104332e-05,1.666345111344439e-05,2.0598227288663962e-05,2.001125802233908e-05,1.6815299193938492e-05,2.0101142220014e-05,2.043938448715613e-05,1.799720811887064e-05,1.925403749399283e-05,1.8014148516571465e-05,1.5647109200068595e-05,1.772364561000596e-05,1.6131651863517475e-05,1.866410714892312e-05,1.7906300526875888e-05,2.1995634230700875e-05,2.1119875026117366e-05,1.7115972734334716e-05,1.9586118667022042e-05,1.952695092115631e-05,1.9995001896064063e-05,1.7532716608709758e-05,1.8571407853621216e-05,1.9462755142105003e-05,1.8398403276845534e-05,1.9699608501537944e-05,1.6360362818795003e-05,1.6788212264958048e-05,1.905122561363556e-05,2.049098692428169e-05,1.7315246842241105e-05,1.828607036478257e-05,1.683225590103223e-05,1.832126852528567e-05,1.8296403771175073e-05,1.606583462551164e-05,1.739361966150929e-05,1.7912977817291594e-05,2.159893026175665e-05
acled_event_count_demonstrations_lag6,0.00020268384393017284,0.00019343780521017398,0.00021678713690862316,0.00019974384903252186,0.00019818912576379484,0.00020536303464284718,0.00022435284056909654,0.0002306225915131557,0.00021831026605122805,0.0001996530892695072,0.00020961501439014583,0.00020645831512262192,0.0002147088427799757,0.00020412829758572406,0.00020560308175098492,0.00019967506585509006,0.00023248472550753413,0.0002014394193547704,0.0002163037009539791,0.0002280526450107914,0.00021810686450195803,0.00019088000056878237,0.00018898494030028233,0.00023323873033376862,0.00019672772391738462,0.00020224633787725227,0.00022004781932177328,0.00020522363305948624,0.00020171268329328328,0.0002006386228601832,0.00022151844266363727,0.00022349901552960594,0.000191414143309753,0.00020987466203429325,0.000177827560239368,0.00023324847744560554,0.00022074756601145985,0.00020894839657660834,0.0001883099561096333,0.0002003264925738294,0.0002288056379115033,0.00023500124492931254,0.0001819243741699278,0.0002139792770768848,0.0002306739673863009,0.00021544888664536393,0.00023097515300548075,0.0002287714068658632,0.0001920326342137776,0.00021765117112594078,0.0001938842176377781,0.00019047267846197528,0.00023024929784996122,0.0002108600346600988,0.00022020398862814187,0.00025048729670513613,0.0002242097276146604,0.00019619589445892698,0.0001913624665162573,0.00024875050222307053,0.00022665041468631324,0.00021833596057583128,0.000201946194010502,0.00019357295482232394,0.0002350789013002492,0.00018975269629474114,0.00021471494048437922,0.00019472273838082218,0.00021700757604913132,0.0001970606547053402,0.0001890016921758626,0.00021381831672566436,0.00022496139736565858,0.00019598126566015682,0.00021806493433824823,0.00023530447462559507,0.00020882269803671136,0.00019900060794364439,0.0002089962533366943,0.0002217541388395063,0.00021888891549853593,0.00022165357108562772,0.00020594138786980202,0.00020692133872716426,0.00017901026426729013,0.00020633512429248354,0.00021045155231673798,0.0001887410783006124,0.00020280369613518884,0.00020686406662685731,0.00019612041780219932,0.0002025126962741905,0.0002186401287451119,0.00021029064780309426,0.00021494272202520075,0.00021412228592838564,0.00024975720528523475,0.00018797725357283664,0.00020186606524004412,0.0002223918778199016
acled_event_count_lag1,0.0005011082345441761,0.0005222440764659551,0.0004900189314961172,0.0005610051388200565,0.0005209107406526094,0.0005022789774400878,0.0005300826326544796,0.0005217663844706063,0.000555759417016851,0.0005053438551067082,0.0005152988611682581,0.0005193948826471086,0.0005317590426938998,0.0005360460289663347,0.0005549189956470542,0.0005379161888892904,0.0005199185589356046,0.0005213074618950486,0.0005114384818153059,0.0005577010283499874,0.0005264470612101921,0.000515860234891123,0.0005402960638185286,0.0005279306162134573,0.0005267467986476743,0.0004968293948135011,0.0005303698517893119,0.0005186035088841914,0.0005160937596079068,0.0005252414461809517,0.0004999105641978303,0.0005137602897621872,0.0005524079030150839,0.000514741695188423,0.0005317660283362859,0.0005057498326125311,0.00048608054307156375,0.0005304598934168165,0.0005282792403331197,0.00047756973993877725,0.0004982982870699739,0.0005487460379772855,0.0005139280497443555,0.0005089980713605979,0.0004989468177466855,0.0005387600629495327,0.0004985390973452214,0.0004985628159025143,0.0004910814600837275,0.0005043769481683792,0.0005327754819012401,0.0005176431826653899,0.0005263041333231774,0.0004896622110885138,0.0005556040594844035,0.0005067534803148048,0.0005032740984631997,0.0005038424371404276,0.0004962276364628449,0.0004876497542029896,0.0005418007806206368,0.0005102140063791439,0.0005082017820430669,0.0005237985970523129,0.0005207806642860138,0.0004886451302712631,0.000510182922042063,0.0005040450844003609,0.0004906903617254351,0.0005457044468297295,0.0005167924859361779,0.0004947979797450395,0.0004905258520927956,0.0004539538074922385,0.0005101976924067462,0.0005276415698642259,0.0004916837391700002,0.000514765937654835,0.000504197932093991,0.0005067693862711832,0.0005252086400781328,0.0005368675818146843,0.0005097920100366616,0.000513362773416758,0.0005162349774189206,0.0005057163797980952,0.0005079568537264507,0.0005269278521107071,0.0004995358310298566,0.0005386135860422101,0.0004971207901973629,0.0005145290724048101,0.000524086534483339,0.0005275590855916198,0.0004974892042790012,0.0005242630387505348,0.0005143774045310564,0.0005014803092811049,0.0005114646225584719,0.0005298131512699094
acled_event_count_lag12,0.0002718444003272362,0.000261838166342034,0.00030245471157145146,0.0002800034265860779,0.0002857979895086513,0.0002776486562112484,0.000285976836965609,0.0002561735786758543,0.00025819163317801757,0.00028283848482109553,0.0002794277960033811,0.00027242419846195873,0.0002783077188391172,0.0002631588679797153,0.0002958777491494967,0.0002733576591537971,0.00026723758147687514,0.00028425342590709425,0.0002911216837877512,0.00029774549014042367,0.000284853840962321,0.00028919773042543285,0.0002890607395993187,0.0002747484078263482,0.0002797150363886293,0.00024963651103751056,0.0002597154642270815,0.00027500773510742054,0.00028984203158647693,0.0002836485204863406,0.00025313803200623477,0.0002412846694313815,0.00029665022239483006,0.0002565736445489682,0.0002975653023405992,0.00027084880880224135,0.0002802045020182264,0.00027349382740001307,0.00028881215368040174,0.00029314618857446967,0.0002768910003707438,0.0002654421108204735,0.0002749936802671378,0.0002847273253258562,0.00026619179648963584,0.0002998833983339269,0.00023679525227966578,0.0002830366017052671,0.00029495530864615904,0.0002819941366034167,0.00026903847062779014,0.00028790130007679763,0.0002775585912444402,0.00027704007507110975,0.00030201729278985136,0.00027375150391744583,0.0002524831342991966,0.00029946424271811757,0.0002877979869620066,0.0002538207898721783,0.00032807550279521935,0.0002851492591623893,0.0002803544141014741,0.00028067735233328067,0.00024274689104572566,0.0002852546634747704,0.0002804717594001499,0.0002520855834670339,0.0002922336369461404,0.0002858136047480925,0.00027326449082285074,0.00027239532318394286,0.0002863623022965976,0.0002871599333428921,0.000300763903350908,0.0002637772332893632,0.00027395471160186313,0.00029221059868335235,0.00024908750527763315,0.0002830863111481145,0.00026789621602335084,0.0003149125897484652,0.00029210788449687077,0.00027445271716702516,0.000301213061942843,0.00027248826213894454,0.0002822888166226866,0.00030291451869054916,0.00030027459740071197,0.00026381740718051593,0.0002853433096649934,0.0002506411152696102,0.0003069486141075002,0.0003168049606543132,0.00029193635798895604,0.0002916792330985762,0.00029373090612021415,0.00028924496740850267,0.00029394493689452055,0.00027852088911217823
acled_event_count_lag3,0.00034800618093772844,0.0003267524860849084,0.00035391536241226453,0.000347813441715587,0.00028753499891266297,0.0002946719787240795,0.0003455894283859924,0.00030882536596771245,0.0003473178684643909,0.00034801862031958765,0.0003147703633611791,0.0003415775910347609,0.0003531668993349642,0.0003606562103061912,0.00034298241590722536,0.00031951547508759316,0.000327766049069548,0.00033147538650957344,0.00034951156004530207,0.00037938413080200006,0.0003182664686197367,0.00031246424021847183,0.00034093242930342783,0.00031852978118733483,0.0003338578717488621,0.0003534148079244922,0.0003566855933361997,0.0003352137670366055,0.00033698610039133023,0.0003121363589702073,0.00033021296525346616,0.0003191680765550369,0.00032020431087125207,0.00033981287589011005,0.00035097394235085233,0.000339625266131468,0.00036036750874897464,0.00033011674237232435,0.00032144087350455405,0.00034497006444614064,0.00036793196995934353,0.00035477792513619846,0.0003354740767552356,0.00032964716250230103,0.00032876212249869,0.00034659366044080883,0.0003478466964986928,0.0003580483955024562,0.00034915864504387283,0.0003125344253597041,0.00032141510774938024,0.0003332066982889338,0.0003421505032501471,0.000327650674327662,0.0003573926917132139,0.00032928083904330656,0.0003298219806378742,0.00029828309829346754,0.0003110922258048602,0.0003280027669048553,0.00033353838253562793,0.00031678000089598035,0.00032766393156557046,0.00036962468614787505,0.000377707630608996,0.00036710234730824175,0.00029536296228355657,0.000344720567513559,0.0003565643197284247,0.0003282137900347903,0.00034823086961157496,0.0003299555102158819,0.0003348470372650899,0.000307947562063377,0.00031025701059865507,0.00033268645093104024,0.0003339767500865347,0.00035794319111822584,0.0003532237773761354,0.00035362817939108796,0.00037155755933836854,0.0003337396584608307,0.00032650281721828496,0.0003509092489997403,0.00030377811935569676,0.00033993765698397407,0.00032674637469477514,0.00038898430075071024,0.00033319023007276246,0.000365718402425584,0.0002927465657238198,0.000336591834601306,0.00032759011994320115,0.0003195070277811449,0.00034270531963044825,0.00035443988581002593,0.00037420351373777225,0.00033980333550033044,0.00032478439555857494,0.0003101085452371431
acled_event_count_lag6,0.00044131807120773345,0.00046785369383979764,0.0004245886094031825,0.0004464736307300807,0.0004511732616154265,0.0004785591556068466,0.00046698630753005716,0.00044339247546582933,0.0004926108843406722,0.00046300270871514436,0.000455336742007252,0.0004611144856574866,0.00047135002833119095,0.00045179973986386106,0.0004451765511792315,0.0004659457877852772,0.0004912360703266208,0.0004733398217084259,0.0004929317933385304,0.000494184619591239,0.00046059795567496525,0.0004466531888306722,0.0004892510592269347,0.0004615722601281079,0.00041768926396172846,0.00047318941566347884,0.0004595660630768143,0.0004384067125008342,0.00047118608927623523,0.0004342407839626795,0.0004421856507295492,0.00044034359689186194,0.00044650782592317606,0.0004547104651758028,0.0004790699448236608,0.000477403765975731,0.0004383142497218577,0.0004820729124264501,0.0004364548519093368,0.000442931754337823,0.0004745956526052405,0.0004027341610074443,0.0004966363383704036,0.0004741171778895872,0.00046850703317630877,0.00045752608916232795,0.0004714120657067056,0.0004558877228105086,0.00043684352415504886,0.0004816062353371261,0.0004963469973875704,0.0004717152501303629,0.0004901622545544998,0.0005117511914466464,0.0004891249447573475,0.0005196895205069994,0.000435872958871257,0.00045195320064604947,0.00044485803544418493,0.0005037152800346507,0.00048017257267490013,0.0004697906762177383,0.0004625297356176777,0.00047536824195457106,0.000486105317280424,0.0004931511406636018,0.0005030517903807508,0.00047195459215853907,0.0004579192358357549,0.0004963340778879145,0.00048154987054722725,0.000460512516570192,0.0004704918314805968,0.0004875174092138996,0.00046630935749516925,0.0004279454493557095,0.0004590525932847365,0.00048723058635513557,0.00046450137462201183,0.0004905563830152177,0.0004868901967214166,0.00040830196925830043,0.00047695052674155247,0.0004131431403764947,0.0004915899063216772,0.0004164241953906227,0.0004574263426325791,0.0004580442814375425,0.000467317282014367,0.00046266710979486715,0.00046800472119829846,0.0004891863873321145,0.00043648046759851253,0.0004731467247529571,0.00048304408285500104,0.0004569594273598366,0.00045501730256201987,0.0004908349871450812,0.00046008657482086334,0.00047295004515412147
acled_event_count_political_violence,0.00018814268269771523,0.00020391407997647572,0.00018411672864047574,0.00020067519446438997,0.00017815569343461202,0.00018447359778090485,0.00019420857769915972,0.00022054771024873897,0.00018414624319848874,0.0001970794415191392,0.00018015801770807988,0.0002026919961159469,0.00021125760573840438,0.00020367249612985057,0.0001935531058894397,0.00016911524688449655,0.00020224521789195888,0.0002339364483920707,0.00022134813297301496,0.00017966235659806363,0.00021003731639314703,0.00019211274707655172,0.0002114201011208482,0.00018371049253436498,0.0002264040563251692,0.00016202379024174294,0.00020138587632082824,0.00018774672470272765,0.00019034416426205847,0.00019897660555872677,0.00019118917525972172,0.0002090556577495264,0.00019405899676487874,0.00019823015854935618,0.00021107037487186575,0.0001812029208030598,0.00021391501015513684,0.00018100947194030217,0.0002022948119438429,0.00020035070820606786,0.00020765270079338885,0.00019682109993197965,0.00018284081464445024,0.00016137111709974423,0.00017269513774001194,0.00020387697074478113,0.00018152375920052886,0.00021500945929775312,0.00019623251629686736,0.0002024636623856796,0.00017979864931387058,0.0001629998407238584,0.00022188878707842243,0.00021197001868023378,0.00021274943603122358,0.00023014322937169902,0.00021376410779849162,0.0002137133368993791,0.00020201837996601302,0.00020221562124467395,0.00019332644549886817,0.00020566305861949118,0.0002050656221173588,0.00019994765349610447,0.0002553625941935996,0.00020102957248564982,0.00016854573973567656,0.00022663961121991786,0.00023220768084285525,0.0002182456842296499,0.00020068139151147496,0.00019581140345348118,0.00019016451427049093,0.00022350594553526996,0.00020060274265774026,0.00021403338407035183,0.00023480466373918452,0.00020956407919197663,0.0001899549473890761,0.0001885917660696053,0.00022248954637833532,0.0002012652703687829,0.0001821419338589975,0.00016954121366030749,0.00022283462824648935,0.00018099236186064157,0.00021799749367291287,0.0002030943390574908,0.00018774784163503122,0.00019652717880161674,0.00018999230363174856,0.0001753625970581589,0.00018687144298976696,0.00018074235445360239,0.00017978981986649598,0.00019640639963257079,0.00021912911230360149,0.00019542699507961474,0.00018448208910965837,0.00019734243092174063
acled_event_count_political_violence_lag1,0.00020295759763252415,0.00016680498510403746,0.0001687989287397177,0.00018885582839726908,0.00020873232881536642,0.000202685693539859,0.00019160012944021088,0.00018740827609766263,0.0001957123113180375,0.00018689365288804448,0.00021462155675696783,0.0001604289867001887,0.00017639207046317017,0.00022249724208187695,0.0001989944550042279,0.00019920629071903443,0.00019308417332355445,0.00018460124639795516,0.0001854151047077197,0.00019645851698052972,0.00022240422037478314,0.00020006874491369995,0.0002101029004590564,0.00017767002644741058,0.00021374566105160326,0.00021930656050704034,0.00016702331661704986,0.00019712651564930537,0.00019403641434158843,0.00017956956890665556,0.0001998290585404104,0.0002304920373938263,0.00018166155593561008,0.00019188055940861946,0.00020230022883151958,0.00019154642767088426,0.00018197200547073362,0.00019673422349165685,0.00022356900250895259,0.00019054273124128641,0.0001800574717067537,0.00018805099215443336,0.0001842388279062456,0.00021066404930511945,0.00018126905296098124,0.00019838311339891146,0.00020064277319897035,0.00019781894562798092,0.00020074774077312547,0.0001911381283663136,0.00019723373632993756,0.0002091112787648264,0.0001855283796278216,0.000197613154832991,0.00018261113731747171,0.00017996770320132405,0.00017391240579031763,0.00020050596229840016,0.00019455492288244437,0.00017951186482837646,0.00021019246200391388,0.00019417364301971108,0.0001697693781103242,0.0002271708051543593,0.00020229258157410565,0.00018800088905667007,0.00021108425253831247,0.00018053568399583906,0.0001980135348426876,0.00017423506150005439,0.00018650823638480726,0.0001745884894188352,0.0002115289018643034,0.00020695784565619225,0.00019100333613474013,0.00019335265260439152,0.00018705327637118254,0.00016805973659822905,0.00021794812208757554,0.0001763555477068003,0.00019024892114334225,0.00019378375983170347,0.00016775828309927916,0.00019445121683581398,0.0001790313807935078,0.00021520525627121011,0.00018246099899161102,0.00020423886370044935,0.00016038396522361628,0.00018969709902045396,0.0001928064216306244,0.0002166691680970358,0.00019427275463805024,0.00019340107398682253,0.00018875213600875099,0.0001884700516412347,0.00017292619881453475,0.00020761471151729713,0.00020243520793820596,0.00021736362734983057
acled_event_count_political_violence_lag12,5.813764123499311e-05,6.39150089155587e-05,6.596228699768675e-05,5.209048261275943e-05,5.664020259989962e-05,5.9823089088342206e-05,5.077458680282797e-05,5.113600086089123e-05,6.32580707468005e-05,6.072439530991619e-05,5.7328716878123e-05,6.022419667371476e-05,6.368627618764334e-05,7.07987436267571e-05,6.037505245217996e-05,5.745315176143656e-05,5.6012893857895875e-05,6.620711091008575e-05,6.677986931228037e-05,6.755361937017298e-05,6.550101349946546e-05,6.407525970776012e-05,6.083358404418779e-05,5.9189333556653136e-05,6.191056958297518e-05,5.854476465643728e-05,7.304884323026289e-05,5.866742430652027e-05,5.8045816460587056e-05,6.187059068146083e-05,5.840403660926184e-05,6.302513260576872e-05,6.624101484393646e-05,6.173651124266529e-05,7.182182863051313e-05,6.364223745242121e-05,5.844719270906257e-05,5.91616813425075e-05,6.058473372028522e-05,6.537910279598707e-05,7.644290100651992e-05,6.612025270735996e-05,6.558176749009893e-05,6.024806334118419e-05,7.496548146832145e-05,5.979020790607663e-05,5.141475602336552e-05,8.120040651577929e-05,6.006000543577536e-05,6.136443341257574e-05,7.092643717497978e-05,6.879179746817522e-05,6.436802648660888e-05,6.928685342338967e-05,5.3635463369219694e-05,6.261787645960982e-05,6.345350355079579e-05,6.718519789708574e-05,6.164593578382473e-05,5.736389165915153e-05,6.351529220806844e-05,6.646899750046149e-05,5.716993409196741e-05,5.4431224198146804e-05,6.327531322980848e-05,5.3164554635169506e-05,7.707530277825537e-05,5.413774591198948e-05,6.711780684283472e-05,5.740679837789019e-05,5.9125315413403465e-05,5.8632016534164415e-05,5.6853739633446645e-05,4.9601497483395395e-05,5.539250286942601e-05,5.7774529714597516e-05,6.760874993872898e-05,5.08276972562342e-05,6.10988952857079e-05,6.729213545308433e-05,7.391124086427516e-05,6.313858283175897e-05,6.347377106465086e-05,7.496044274967156e-05,6.529253285977246e-05,6.424898125508928e-05,5.4490848285646745e-05,5.588881970943049e-05,5.838743557548054e-05,6.78101272352446e-05,6.544383855252492e-05,6.343647059929873e-05,6.642042716426467e-05,5.4616196173596085e-05,6.733057934346077e-05,5.649641127916268e-05,5.9642760871072076e-05,5.778280074603398e-05,6.389617245050444e-05,6.312790620503876e-05
acled_event_count_political_violence_lag3,6.674140646123039e-05,6.86163467234881e-05,6.968226762465346e-05,6.229994083279738e-05,6.686389546525158e-05,7.141733383329224e-05,6.978502840940051e-05,6.991264173629892e-05,6.920553270143793e-05,6.991757629175714e-05,6.578716730153904e-05,7.074000305843876e-05,6.249812578659034e-05,6.735977588839741e-05,6.830918750795744e-05,6.822888130255254e-05,6.558968461574338e-05,6.54551466259131e-05,6.859876170305803e-05,6.901595970966677e-05,6.655928392954341e-05,6.741388804382748e-05,6.322323332114558e-05,6.747088824727253e-05,6.880979187043579e-05,7.341539322059882e-05,6.666134421381356e-05,6.641765561191336e-05,6.475125560299168e-05,6.921749845310388e-05,6.574673756180631e-05,6.581772053890634e-05,7.34051971987476e-05,6.631828063303249e-05,6.931245925060485e-05,6.437007785473325e-05,6.850792999392834e-05,6.924187975021026e-05,6.396768455894303e-05,6.42790007414624e-05,6.572099792526159e-05,5.9937056233711785e-05,7.34878658960407e-05,6.435238851042782e-05,7.237759553759858e-05,6.622943087667998e-05,6.223842517708687e-05,7.5072370738876e-05,6.145531296526937e-05,7.054952140049102e-05,6.520195539238599e-05,7.222728937764036e-05,5.766323915752791e-05,6.738200711743267e-05,6.74094395966541e-05,6.472871248694516e-05,7.104022274779772e-05,6.16991288286394e-05,6.638444141273337e-05,6.790519199508266e-05,6.858747363478727e-05,6.628350503042114e-05,6.901886093374303e-05,6.881001714894676e-05,7.206976044636407e-05,7.17759294997132e-05,7.106668662583215e-05,6.71629380663565e-05,6.65183406447885e-05,6.602271321808741e-05,7.054575597944497e-05,7.233204300148352e-05,6.758986960703172e-05,6.780728815557927e-05,6.37574899868411e-05,6.788201004091914e-05,7.01753123023202e-05,6.52479606547526e-05,6.290976686970048e-05,6.764203732932247e-05,7.104128205491869e-05,7.645771379169306e-05,6.645553863592564e-05,7.072133563260957e-05,6.71371035862732e-05,6.659832978113365e-05,6.80285029764383e-05,7.428180047467074e-05,6.566506743320541e-05,7.254037673612754e-05,6.35760588368325e-05,7.315785232018693e-05,7.16357084095293e-05,6.823904771843682e-05,7.439108762769266e-05,7.587914386271834e-05,6.283573584381705e-05,7.05081597356199e-05,6.451191261071349e-05,6.226806030811176e-05
acled_event_count_political_violence_lag6,9.508507732453636e-05,0.00015244089189744595,0.0001434229645014241,0.0001465858556741554,0.00012075753138240574,0.00015301390675078431,0.0001240780032667273,0.00017451098975465164,0.00015250628485021054,0.00017848593540222295,0.00016729385538053685,0.00013092473108164602,0.00014228743322327312,0.00016778254504858667,0.00013215490938225352,0.00010215162892174811,0.0001488590638395566,0.00019062329691065395,0.00014165373537702302,0.00015245697231612343,0.0001427051299518351,0.00017628732623932195,0.0001299245610159582,0.00014265688821375164,0.00017754708142312252,0.00011958157787648376,0.00012206653321998706,0.00016123684942002457,0.00017680084137432407,0.00015054159351670182,0.00019055875606341268,0.00014885393529873292,0.0001225477453125827,0.00015181721830219956,0.00016734722260645417,0.00019953979836137973,9.747404891809898e-05,0.0001336513832725682,0.00015164205220864098,0.0001772944860448296,0.0001481525619881288,0.00016620311580130444,0.00015245550832716944,0.0001315822573526511,0.00013051598475509425,0.0001474605979921079,0.00016214287588520656,0.00020211040228091081,0.00014394793847127154,0.00017279467649572753,0.00016231877067922682,0.00011383804455373804,0.00017500868622468126,0.00017662187109478307,0.00014241050100988813,0.00017971112865252772,0.0001193697121138302,0.00015357029357548414,0.00014839229190669403,0.00013022837833243661,0.00016044038270771752,0.00013232256447815377,0.00018869126324842024,0.00013462099628465147,0.0002301390940970063,0.00017164322066206286,0.00014682960686234666,0.0001744166006294919,0.0001978844258319805,0.00017159685201356746,0.00016337401555623573,0.0001566515177529462,0.00015986985443423458,0.00016248178989044794,0.0001594499614812161,0.00018868791283313326,0.0001409195739200006,0.00018787225149186255,9.925150070815064e-05,0.00020685738606251175,0.0002149453428763513,0.00015872306999634102,0.0001477136624060453,0.0001581315699324598,0.00012581043181268613,0.00015235821211297937,0.0001604791788167074,0.00017360208608760267,0.0001883804147357341,0.00015736100173268012,0.00014453855975613954,0.00014856016971016647,0.00013443901784604916,0.00012244831329099757,0.00018472998503279365,0.00016887322308597192,0.00015870334527193678,0.00018253397476763623,0.0001660263290522097,0.00014855749625519813
acled_event_count_strategic_developments,3.145130002823593e-05,2.4404017456528894e-05,5.456934226040514e-05,4.2717015111061766e-05,3.3955926267112676e-05,2.810555690027943e-05,3.621931296430677e-05,3.819215132162654e-05,4.080106640681933e-05,3.1631310895249875e-05,4.11437674450609e-05,3.358722721297857e-05,4.75404473240799e-05,3.453712425791781e-05,4.022327647656922e-05,4.6776975758934204e-05,2.895423058186464e-05,3.320603685105172e-05,3.6606195063334735e-05,1.8011867049425903e-05,2.7367858996446416e-05,3.3198575866186906e-05,3.0653592797794514e-05,3.771794210474108e-05,2.4232721589942734e-05,3.137008929425906e-05,3.2820874147677604e-05,3.2399902685839115e-05,3.635463987080556e-05,3.955384282224276e-05,4.03918147702837e-05,3.491779424576635e-05,3.456673042571045e-05,4.232779590816612e-05,2.715862021100848e-05,3.0116035408238198e-05,3.38787278848179e-05,3.555585377000586e-05,3.97611923292125e-05,3.5283822737238256e-05,3.082852405216352e-05,2.405946690902844e-05,2.5005639306403916e-05,4.283038142000327e-05,2.1513052349955133e-05,3.780754265556044e-05,3.4563509200097385e-05,3.388303762180969e-05,3.357050799635503e-05,3.400741811369959e-05,5.1581257370315374e-05,3.929956235426039e-05,4.1178081805185975e-05,3.0090440949392964e-05,3.991715744680232e-05,4.2436464388872156e-05,3.1287993715460274e-05,2.7336719464523535e-05,3.095862042387656e-05,2.1712209922026937e-05,3.9357614674232e-05,2.3946575661369177e-05,3.2224638655581214e-05,4.480118532115536e-05,3.685644763348955e-05,4.154856730023691e-05,4.4608676919856306e-05,2.10629101730806e-05,2.5006498883718083e-05,2.4537166536851864e-05,3.225649809053462e-05,2.8159714770214756e-05,4.354440688275783e-05,3.003396156190633e-05,4.620076032783489e-05,2.9495552830074143e-05,2.7616415309396446e-05,3.2075161663551856e-05,3.168565314970113e-05,3.3066018342809833e-05,3.568365172244572e-05,3.742579889906026e-05,3.478104131183156e-05,2.976725321601153e-05,2.888348003369907e-05,3.722491345527081e-05,3.105161304722538e-05,3.507532799755287e-05,3.91561720999738e-05,4.007405143654073e-05,3.456678618294533e-05,4.533853233561146e-05,4.558416143390096e-05,3.8329535501374714e-05,3.089782021222463e-05,3.54056729834843e-05,4.2666863647512604e-05,4.224427783697216e-05,3.2527271693211185e-05,3.403830460900681e-05
acled_event_count_strategic_developments_lag1,7.831795543452803e-06,8.677641473571706e-06,5.483579114233732e-06,1.1431544330138187e-05,7.7937861417309e-06,6.758720402556341e-06,1.1892345257674191e-05,6.907078353308907e-06,8.536090083250595e-06,5.368221412349192e-06,7.95103825520778e-06,9.080464517848092e-06,6.972687425615049e-06,7.508611184428526e-06,8.3897027570762e-06,9.663670411843773e-06,9.627629063761259e-06,6.402876122685611e-06,9.019612967762312e-06,1.0581005794003226e-05,7.813260360287337e-06,6.4815243537710645e-06,9.303183016528584e-06,3.0871781503191646e-06,2.977880793883934e-06,5.602048616149329e-06,1.166801285217185e-05,7.822402618604335e-06,7.74740961973547e-06,4.019437510754175e-06,5.646516858832107e-06,5.5990920365473745e-06,9.254080656687089e-06,1.0547067473846274e-05,1.1265691783693102e-05,7.940528900192226e-06,6.766706381155097e-06,5.364716901418832e-06,7.898310228945717e-06,8.954363826885974e-06,5.980221499361771e-06,1.219867389929385e-05,9.766312571868475e-06,8.980148414688492e-06,1.0007888263797168e-05,8.003558678163012e-06,5.422924240964951e-06,5.491484750995478e-06,6.805232541572644e-06,3.108760538678732e-06,5.4287564155971536e-06,3.288275375190976e-06,1.265765074576239e-05,5.503101537892373e-06,9.019747299313793e-06,8.691213459414067e-06,5.673182635902947e-06,5.717285805278354e-06,6.82075329901351e-06,4.080558688044959e-06,7.928045064190324e-06,1.0776911329367474e-05,7.1162171533306855e-06,4.560104330257352e-06,8.83324304434906e-06,1.0522196212046882e-05,8.682688869139999e-06,6.639338217372315e-06,6.628244616518027e-06,1.6632553490792742e-05,9.115595110866265e-06,1.0084470102834734e-05,5.573947612502149e-06,6.7449465980194126e-06,1.1714225476819783e-05,9.388074772451728e-06,7.66933085159074e-06,9.033813548137436e-06,8.05345802902764e-06,9.940421688219363e-06,1.1891229470241803e-05,5.663949109259106e-06,1.2243030306139513e-05,5.723305015707115e-06,9.0606226550455e-06,7.0419999352399856e-06,4.172468464114569e-06,6.736321741132756e-06,5.933559603161282e-06,1.1082874897679762e-05,5.618480128654535e-06,8.723110454176276e-06,1.0969564627169575e-05,7.884430373183935e-06,6.786196668078934e-06,7.531642939527747e-06,9.886524527545137e-06,4.208693955687509e-06,9.135118177259602e-06,1.1238034909720912e-05
acled_event_count_strategic_developments_lag12,3.03144145080803e-05,2.3664896337224172e-05,1.7566870244989895e-05,3.7389662787781e-05,1.802968486032871e-05,3.1517632819809856e-05,2.404254410618992e-05,1.719979546177461e-05,1.8586750091500246e-05,2.432575422352639e-05,3.18684129930102e-05,1.7953004361515295e-05,2.4598552360153758e-05,2.4083894764229377e-05,2.4387911489147247e-05,2.400475548383612e-05,3.129101549246297e-05,2.9420786716552997e-05,2.376854534115028e-05,1.722453496296131e-05,2.414293540930896e-05,1.778402394667175e-05,2.3471133679336643e-05,2.534371550696895e-05,1.811335509896196e-05,2.5218585345397906e-05,1.6404565853073813e-05,1.781236147668709e-05,2.3331397371797252e-05,3.1304805365367295e-05,3.016936246323701e-05,1.8665994459016313e-05,3.107248151802128e-05,1.743606055827697e-05,1.849479693083865e-05,1.7628002348770512e-05,3.110259460263453e-05,2.5750035027991994e-05,2.4784165142095032e-05,2.43055022959877e-05,1.7804914109763647e-05,2.3899063226311186e-05,2.3696057722126722e-05,1.7341473149463503e-05,1.7929819635558406e-05,2.3696301639943883e-05,2.3671388921756594e-05,1.842165340105775e-05,3.080700959282715e-05,1.6917193371460633e-05,1.7831462909119798e-05,2.3865054526705016e-05,1.705779865630912e-05,1.7721801764846587e-05,2.4303674358512056e-05,2.4821570051835273e-05,2.4668274934514792e-05,3.093375912446495e-05,1.813614647128485e-05,2.2883708553428564e-05,3.130370050442474e-05,3.0819901565361054e-05,2.5059075626301057e-05,3.804279436030167e-05,1.755190352485705e-05,1.696550034711573e-05,3.15530381819106e-05,3.1061367992391414e-05,1.773236575231131e-05,2.9817393552216273e-05,2.3161374119909325e-05,2.455130557537984e-05,2.5013416717593798e-05,3.1479723684700546e-05,2.4116327799728114e-05,1.707310538309619e-05,3.200069936268736e-05,3.028354171105629e-05,3.1188126843682314e-05,2.985073927098344e-05,3.1024489160999914e-05,1.7215773524951737e-05,2.3972310879112855e-05,1.7868004947530557e-05,2.3527788814591737e-05,2.987549162686406e-05,2.4798055924346644e-05,1.7832337992408507e-05,3.0419832639257358e-05,1.7455916561242876e-05,1.7024067939459002e-05,1.7645307980462383e-05,1.74367765647284e-05,2.4568835521480642e-05,2.9801634018835813e-05,1.8344769155345676e-05,1.813854644264e-05,1.8492373178299746e-05,3.076304911055426e-05,1.7953319944251067e-05
acled_event_count_strategic_developments_lag3,9.641370329854198e-06,8.760637162141425e-06,8.619832107315215e-06,7.702586587500456e-06,8.2769764110374e-06,7.661522870331879e-06,9.546533861346003e-06,9.558201263600213e-06,8.139342408347039e-06,7.650267461017854e-06,7.774400901758954e-06,8.264146823939926e-06,7.883660698385383e-06,8.34765657975375e-06,8.721837598452533e-06,8.060613112348042e-06,1.023547901284127e-05,7.942469476923357e-06,9.867258996910335e-06,9.864828696511712e-06,9.000286296989546e-06,7.672190940646446e-06,7.7542593237334e-06,1.0221743410847839e-05,7.640654841416082e-06,8.180214188867e-06,1.0953308099185375e-05,8.980241530877586e-06,8.5666771847022e-06,7.230367277234052e-06,9.4452146100095e-06,1.0526157385978804e-05,7.870172549249942e-06,8.73418163965804e-06,8.646608314241024e-06,8.57165532560699e-06,9.387498159087511e-06,9.917097770029858e-06,7.456711964557054e-06,7.404559748240838e-06,8.872156331908238e-06,9.859663680494037e-06,8.168470984089572e-06,9.861705166572452e-06,9.041449437181423e-06,1.0225828431721512e-05,9.675293786771303e-06,9.424069763294288e-06,7.799390466913344e-06,8.783808390669694e-06,8.335887263879293e-06,7.839952650164389e-06,9.66809624279004e-06,8.838276299754037e-06,1.0323981411261465e-05,1.0200822195635943e-05,1.09396381766437e-05,7.9295932513895e-06,8.760548464753366e-06,9.798726285155413e-06,1.0134143130744507e-05,8.56044438549975e-06,8.910376791635964e-06,8.747304032580493e-06,9.316564793071824e-06,7.426586587642743e-06,8.333066743178316e-06,8.703402320361389e-06,8.89557951243737e-06,8.487793592205226e-06,7.3972902983154525e-06,9.58163239797121e-06,9.188642551810105e-06,8.759462725168017e-06,9.15214662961379e-06,9.924560602756926e-06,9.127475097621203e-06,9.404078384333023e-06,8.232152012991157e-06,9.557034378759486e-06,1.002905568656858e-05,8.910900901609695e-06,8.336323801250684e-06,9.833754964553339e-06,7.635678909911812e-06,8.67346088608291e-06,7.748641782318769e-06,8.70107887460599e-06,8.5074467722036e-06,9.1995290715795e-06,7.845890916192362e-06,8.350394709900875e-06,9.046910874406744e-06,8.961713417793777e-06,9.337017816228546e-06,8.763796404027236e-06,1.0187104750897676e-05,8.019255384226928e-06,9.331833277144479e-06,9.032513295847273e-06
acled_event_count_strategic_developments_lag6,3.1668181210406655e-06,3.186202035372302e-06,3.1200006830437254e-06,3.1954918013020498e-06,3.1933473169885888e-06,3.183981386997356e-06,3.193221983722854e-06,3.1675113104103844e-06,3.1730593963069205e-06,3.206079248583177e-06,3.1626744104550574e-06,3.12470035914144e-06,3.140738518012648e-06,3.1897534659354746e-06,3.173533091777929e-06,3.160986267775811e-06,3.1534534171377897e-06,3.1644052949915928e-06,3.17198313705834e-06,3.207885011711805e-06,3.138902867720652e-06,3.1828427824832554e-06,3.171051493116376e-06,3.1435164173690923e-06,3.1883310940530564e-06,3.1952665227910746e-06,3.205928205929599e-06,3.1538262032615143e-06,3.1869382879666577e-06,3.1640800712353775e-06,3.1604965039374005e-06,3.1848648258371137e-06,3.1609547737757035e-06,3.2170230922532787e-06,3.1571729228239867e-06,3.155904807268627e-06,3.1715711441181545e-06,3.2131866088523956e-06,3.155956868779009e-06,3.2141937741211483e-06,3.199954308296912e-06,3.1546068045498997e-06,3.1828508166669566e-06,3.183631417955342e-06,3.224725946218413e-06,3.1650223202998266e-06,3.165070204034684e-06,3.152929266993139e-06,3.190208843467645e-06,3.1475042647909015e-06,3.187283757865799e-06,3.161935908289265e-06,3.1575026457230743e-06,3.2205218185713738e-06,3.147959642323072e-06,3.163381097253394e-06,3.1671783738378165e-06,3.1477880321592197e-06,3.146195014214993e-06,3.209504703145919e-06,3.185209974368907e-06,3.2217709734531993e-06,3.195469948322383e-06,3.1959902420588573e-06,3.1908869285720063e-06,3.2012034631787374e-06,3.1958555891400293e-06,3.219211925260769e-06,3.20112440681112e-06,3.2209367038176915e-06,3.216980993130686e-06,3.17812028930383e-06,3.166949238918665e-06,3.1914821009005736e-06,3.171108053769631e-06,3.1975900087173927e-06,3.1458752537036944e-06,3.190590949244463e-06,3.1817678087040668e-06,3.225119299852412e-06,3.2062344690122793e-06,3.1968431510005514e-06,3.162514048148386e-06,3.196356279468273e-06,3.2121550196651923e-06,3.1758154426836984e-06,3.1525388056652723e-06,3.211460223458733e-06,3.1762929945628837e-06,3.156831952067718e-06,3.203637178105433e-06,3.179612397900773e-06,3.171516511668988e-06,3.197566227533638e-06,3.2010553128312915e-06,3.2000253304808285e-06,3.147571430566642e-06,3.200466567849685e-06,3.176913876279294e-06,3.1932075221921924e-06
acled_fatalities,0.0006551871745795104,0.0006077865682885545,0.0005836210696777397,0.0006168674316232815,0.0005328665852059499,0.0006443069726511518,0.0006183422486483537,0.0006156265089276142,0.0006562202311300251,0.0005922237129703941,0.0006000391642927476,0.0006287575715778716,0.0005521931947984078,0.0006009953903462391,0.0006396427924607882,0.0005719585628926837,0.0006418249762573346,0.000588937399944572,0.0005819242500800965,0.0006754459982196073,0.0006225941112371684,0.0006125278605740797,0.0005895367101991126,0.0006296316989594036,0.0005730111993112704,0.0005830346019051614,0.0006466924808688046,0.0006335422242724891,0.0005978152136272752,0.000569730734006226,0.0006208163432618172,0.0006190458589167256,0.0007296866502145561,0.0005607420324799113,0.0006284678802845436,0.0005970285360857567,0.0006223534520045746,0.0006400311119957931,0.0006055554165440599,0.0005594871736891964,0.0006450055464504453,0.0005310731893373181,0.0006083804787280587,0.0005634891389794596,0.0005999104068579193,0.000666463643899271,0.000573272062627839,0.0006113984601011692,0.0006028472644670913,0.000609449215208902,0.0006399478406543805,0.000555592170941243,0.0006710522237466487,0.0005810854178718358,0.0005806479584573517,0.0006114005093000639,0.0006725247558900474,0.0005989467265682772,0.0006217826044526314,0.0005894265456328887,0.0006558226308675471,0.0006109835575411856,0.0005806119687288995,0.0006280716079119477,0.0006527372825829077,0.0006477862820344198,0.0006258657540042362,0.0005088241992124952,0.0005790228942432296,0.0006555111178475271,0.0005441341226023228,0.0005637498965661708,0.0006017935793465061,0.0005748015358029197,0.0006001246365184432,0.000550338933279698,0.000610244853837895,0.0005725645700410481,0.000611900470044086,0.0006305220810612285,0.0005834024455597569,0.0006508061290654984,0.0006137568940838517,0.0005775112310055518,0.000571645702459715,0.0005889655393516173,0.0006072933719254994,0.0005778924283572184,0.0005963404061628815,0.0005361007263317057,0.0005857601958334065,0.0006563273104893659,0.0006898582451899708,0.0006198752612830637,0.0005647630609598929,0.0005572620421995744,0.000603979589945262,0.0006500212171965319,0.0006558667089300985,0.0006233085383287663
acled_fatalities_demonstrations,5.135854983829564e-06,8.184546662598664e-06,1.7445444163472345e-05,1.4126088709317873e-05,5.537540548377567e-06,5.244343297966108e-06,1.4073159507095937e-05,1.1116577334203253e-05,1.1224371655551708e-05,8.15922645061406e-06,1.1347984481188985e-05,5.420434608119698e-06,1.112854521492788e-05,1.1412054364581698e-05,5.283470576008161e-06,5.745047766373353e-06,8.313805109122608e-06,1.4357270899159978e-05,5.271785659233482e-06,8.321791087721364e-06,5.3352325720220205e-06,5.209143128917084e-06,5.271825026733617e-06,5.31723134070532e-06,8.222067585951547e-06,5.35415644899494e-06,8.221329244469428e-06,5.308456887318152e-06,8.354671627252245e-06,8.251945590349705e-06,1.1387570511120364e-05,8.167362989815372e-06,5.0793449459321095e-06,1.1150354327951487e-05,8.26057317885882e-06,8.197982388685455e-06,5.087580948327639e-06,5.3098569241698816e-06,5.388560591122872e-06,1.136751542108235e-05,5.5228685221028705e-06,1.4021223812030463e-05,1.112842454148869e-05,1.7269465171206896e-05,5.321341307719384e-06,1.153776266601186e-05,1.1397943124329328e-05,1.4072672474879984e-05,8.4750524614703e-06,1.4268796379357226e-05,1.140489783510823e-05,5.317974984748681e-06,1.4382773969165615e-05,8.386424649442533e-06,5.581228511139308e-06,8.433350870286784e-06,8.20691704369562e-06,5.113390120732283e-06,8.22930268974161e-06,5.2357553983244756e-06,5.4952582463961455e-06,8.26561093340667e-06,5.203605648143033e-06,1.123437678519819e-05,1.127224382118491e-05,1.1043788593974585e-05,8.34748247899295e-06,1.1430972617626026e-05,5.395690607790128e-06,5.377707694412265e-06,8.241617968569467e-06,5.272459405878645e-06,8.152430173937744e-06,5.238758094140873e-06,1.130694812041591e-05,5.210451576074623e-06,5.153818936533891e-06,5.131102764170444e-06,8.557409593119466e-06,1.1232991209877122e-05,8.195049429583582e-06,1.13099316948751e-05,5.433559089929914e-06,5.702591283289296e-06,8.110195434323832e-06,5.2747147619271785e-06,8.11128840467451e-06,1.1320934991504588e-05,5.684571894717431e-06,5.113053488435212e-06,8.35527788675432e-06,8.357072884076788e-06,8.310278584528908e-06,5.4335137771338406e-06,8.161320319570205e-06,5.410812548352078e-06,1.425300776223177e-05,5.105236067010503e-06,8.242840932012427e-06,1.4171254158462221e-05
acled_fatalities_demonstrations_lag1,3.1796676730846354e-05,1.4693641442525296e-05,2.325604894064146e-05,2.322190173170828e-05,1.7785120773430607e-05,7.665512364761348e-06,1.621364986715521e-05,1.1011934983804359e-05,1.629394799820549e-05,7.668489511873575e-06,2.32851879608228e-05,1.6218625919172235e-05,7.67166205033341e-06,9.333888381164267e-06,7.746966775529874e-06,1.6237274223644213e-05,9.256827704778122e-06,1.462158445574811e-05,2.3271140351305344e-05,7.658306666083629e-06,1.465096514417518e-05,9.37381120407639e-06,1.0985396468203342e-05,1.2517085953199757e-05,1.0864608622238997e-05,2.491696794910049e-05,1.7749967041963375e-05,7.628359728389316e-06,1.6309372345441947e-05,2.3191197009807294e-05,2.8481916508401484e-05,2.647202598217687e-05,7.608160505095707e-06,7.666338278845806e-06,9.42011573978586e-06,1.955011266934781e-05,1.4504281517305895e-05,7.666423762560384e-06,7.844841772313773e-06,1.4644737044970194e-05,1.0916317914007779e-05,4.411051711845266e-05,1.6180249515938873e-05,1.620263982181141e-05,1.4171036432083924e-05,2.1667594412756922e-05,1.4657451622727988e-05,1.7770372583094427e-05,1.08332830186216e-05,9.337918970443364e-06,2.1549068992922764e-05,7.690960802317817e-06,2.1569551662217345e-05,9.332884429568995e-06,7.650352824219676e-06,7.582961448601314e-06,1.4710837166584138e-05,1.4626732760663687e-05,9.378427324663614e-06,9.198810614702042e-06,1.6284968994501295e-05,1.4693624731423199e-05,2.8496586285104743e-05,1.6332820592624225e-05,1.0922458601294098e-05,1.4629803747041543e-05,7.697986535280635e-06,2.332233288437848e-05,7.575095018656029e-06,2.3187584840815344e-05,1.6358652100059557e-05,1.6261347208951076e-05,1.6295890342457037e-05,1.6208455285341513e-05,9.279573442937588e-06,2.152450752924688e-05,3.0171048999079513e-05,9.267238721385177e-06,2.158146796348261e-05,7.610483348287328e-06,1.6230341687212326e-05,1.6169727948964095e-05,1.6328600396609782e-05,1.9426694753007118e-05,1.4597758280564539e-05,2.8519110279794065e-05,1.4774629870639166e-05,1.7871240795357956e-05,7.746665332957414e-06,2.160134903310166e-05,2.1645191252190463e-05,9.15340076568951e-06,2.1169802817992295e-05,1.4627663440503607e-05,1.788207087498685e-05,1.4757444430335462e-05,2.169389511652039e-05,1.78501642392042e-05,1.6198418340327575e-05,1.4636585883554547e-05
acled_fatalities_demonstrations_lag12,2.0814528643796985e-05,2.871683346887882e-05,2.1061175512477724e-05,2.1144080575455297e-05,1.3445946853929261e-05,1.3551159952738271e-05,1.3500228369951741e-05,1.3553828587196382e-05,2.870917464224037e-05,2.869040164723735e-05,2.0989189226517107e-05,2.862714884032703e-05,4.377046932920742e-05,1.330886311248058e-05,2.8607563428668175e-05,1.3454280551998595e-05,1.3611774976455893e-05,2.8676168930127426e-05,3.601883437157994e-05,3.615121715146151e-05,2.1093503782221004e-05,2.8693101132960877e-05,2.1218793341996673e-05,1.3529826302706085e-05,2.1214490875941132e-05,3.6106395404695886e-05,2.110818255721001e-05,2.0951261452101607e-05,1.3289336832413762e-05,3.624080151340071e-05,2.105543846258054e-05,1.3412002749160045e-05,1.3497203660472004e-05,2.1068444841890356e-05,1.3429228039014907e-05,2.0973496216177693e-05,3.604653623698085e-05,2.108242432153003e-05,1.3588406428375929e-05,2.8666443068706388e-05,1.3486562544843753e-05,2.8545696357762593e-05,2.8585016295529794e-05,2.0932167089750553e-05,2.856597078101564e-05,2.1013473028804288e-05,2.105969850814614e-05,1.3435801929486382e-05,1.3508857725981271e-05,1.3450795644476464e-05,2.1041487263267496e-05,1.3403084162517281e-05,2.1007286064619852e-05,1.3455735703350513e-05,2.1069288109811607e-05,2.8710110463957857e-05,2.103486966683669e-05,2.1027228836769724e-05,1.3405887771261568e-05,2.103670917353686e-05,1.3491305926900801e-05,2.103454187214169e-05,1.349776283965759e-05,1.3500885244811133e-05,2.8679308046383064e-05,2.870990993073268e-05,2.105202939775255e-05,2.1067201792988142e-05,2.8598742537699215e-05,2.1114609904170775e-05,2.1067401040743925e-05,1.3692250502282295e-05,1.3576592964662035e-05,1.341496575610896e-05,2.861256904648122e-05,2.1149564387882224e-05,2.1140863045566735e-05,1.3565072587969552e-05,2.863784394566975e-05,2.089060786430222e-05,1.3472712897612688e-05,1.3630720224357458e-05,2.1181135516153525e-05,1.3390117632758625e-05,2.0922009310613753e-05,2.861580328747188e-05,2.1200115471728676e-05,2.095265875733088e-05,2.1077980453841353e-05,2.854656790601047e-05,1.3416875963625701e-05,3.6174849220766865e-05,2.1072158562964287e-05,3.622029827659586e-05,4.3802585496500985e-05,3.615500157335201e-05,3.609664640482579e-05,2.8526422029696635e-05,2.0991887426771238e-05,2.115199649597218e-05
acled_fatalities_demonstrations_lag3,1.8442020378107034e-06,1.81916045131685e-06,2.3137804717236835e-06,1.8626997816801235e-06,1.8247032346521433e-06,2.3282418417017406e-06,1.838752611690015e-06,2.3233029076134114e-06,2.3282834587733116e-06,1.8048512487780892e-06,1.8306345511112154e-06,1.796696230954265e-06,3.2604433560141043e-06,2.274647087702017e-06,3.322671643818881e-06,3.8043604848753427e-06,2.265965188111084e-06,1.8413785042908375e-06,1.8311267252047363e-06,2.3088087581658546e-06,2.3280760161501527e-06,1.8183531765385772e-06,2.318329747902516e-06,1.884058176998108e-06,2.7984790786781995e-06,1.8570229881606982e-06,1.8547170167548481e-06,2.3415689456248957e-06,2.814166947140045e-06,3.3425183271316927e-06,2.2959698112443694e-06,3.7662948438675344e-06,3.7946696524952427e-06,1.8524328983286646e-06,2.259099817454938e-06,1.7896483236444333e-06,2.7972270314902415e-06,1.8092493216196697e-06,2.337042486527774e-06,1.8079291445539275e-06,1.8113778982494023e-06,1.800565011773626e-06,2.794680837991733e-06,2.83002867533718e-06,2.8263056346101545e-06,2.801941490485966e-06,1.825919449380795e-06,2.312305395596187e-06,2.823285745640637e-06,2.8204156138553054e-06,2.832712414060649e-06,1.8467160945744084e-06,1.8021559408300905e-06,2.286268052374436e-06,1.8054089818106099e-06,1.830531070825147e-06,1.8148779100368892e-06,2.3001569064219628e-06,2.293364164786474e-06,1.8275062006617349e-06,1.8532406551579592e-06,1.7925753374503676e-06,1.8249445815305204e-06,2.7929325996184037e-06,1.8006434254065475e-06,2.3151584949120727e-06,2.346248375579684e-06,2.7914964089400198e-06,2.291523051249561e-06,1.7976248219064221e-06,2.7829792101149564e-06,2.252072638339055e-06,2.7758213951720955e-06,1.8096476564475632e-06,2.7638851691312505e-06,1.8188231762850836e-06,1.8090699986394641e-06,1.7904229796368801e-06,3.287114917697209e-06,1.790297164320123e-06,1.7983289377659745e-06,1.7867814055325821e-06,2.321070207962914e-06,2.788816205257379e-06,2.346993947827133e-06,2.329514617083647e-06,2.26803591861817e-06,1.802126535717745e-06,1.8125486394983065e-06,2.8179497621938063e-06,1.8514949877234143e-06,2.319383672120408e-06,1.835093683748923e-06,2.3292509351745814e-06,2.7847955783660697e-06,2.281202017499958e-06,1.756896491736441e-06,2.7998834539891275e-06,1.8298831942515015e-06,1.8405116158695038e-06
acled_fatalities_demonstrations_lag6,0.0,0.0,0.0,0.0,0.0,0.0,0.0,0.0,0.0,0.0,0.0,0.0,0.0,0.0,0.0,0.0,0.0,0.0,0.0,0.0,0.0,0.0,0.0,0.0,0.0,0.0,0.0,0.0,0.0,0.0,0.0,0.0,0.0,0.0,0.0,0.0,0.0,0.0,0.0,0.0,0.0,0.0,0.0,0.0,0.0,0.0,0.0,0.0,0.0,0.0,0.0,0.0,0.0,0.0,0.0,0.0,0.0,0.0,0.0,0.0,0.0,0.0,0.0,0.0,0.0,0.0,0.0,0.0,0.0,0.0,0.0,0.0,0.0,0.0,0.0,0.0,0.0,0.0,0.0,0.0,0.0,0.0,0.0,0.0,0.0,0.0,0.0,0.0,0.0,0.0,0.0,0.0,0.0,0.0,0.0,0.0,0.0,0.0,0.0,0.0
acled_fatalities_lag1,0.0010360588248175735,0.0009750413396140255,0.0010047899252836952,0.0010283750250037011,0.0010732735168027163,0.0009654901723385119,0.001072953625354309,0.00101371414222214,0.0010476661735169944,0.0009589508671800075,0.0009579482773387016,0.0009540577776502854,0.0010330708310752979,0.0009665525677595275,0.0010498859925030712,0.0010014638722728967,0.000993205790514489,0.0009947193444165318,0.0009631743431901154,0.0010207111520743803,0.0009633458031549037,0.0009783581149905118,0.0010425516683118209,0.00101498891142733,0.0009692465107398863,0.0009450315897275223,0.0009694430901424084,0.0009190275330326904,0.0009877033324946255,0.0010256387444461772,0.0010220341897112292,0.0009534493232493947,0.001061516807928297,0.0009311650765756386,0.0009990766694048757,0.0009047764845467523,0.0008991873765902901,0.0010652028457560493,0.001043613035939801,0.0009351057252972634,0.0009678357514264184,0.000961381377471679,0.000991392880336724,0.0010231683336666241,0.0009995170398853113,0.0010427674535309075,0.0009946772414576159,0.0009401517159680227,0.001002230250284338,0.0010106599980843458,0.0009899004206660393,0.0009951334516124144,0.0010691686534235064,0.0009674107102889971,0.0010251936294388133,0.0009837913794669255,0.0009559900533021321,0.0009547311062166137,0.000990298334462536,0.0009812758666279374,0.0010031990866318828,0.0009580041050132919,0.0010213378901684012,0.0010003014787216269,0.0010320406020954804,0.0010561897117147073,0.0010137472687282048,0.0009995639422647154,0.0010713046918415226,0.0011536687786433476,0.0010600385960388165,0.001063598807884433,0.0009307448359834914,0.0009194088119514071,0.0010048286980132105,0.000972239788343842,0.00095644722713718,0.001001827040815911,0.0009901413095959452,0.001033181191936715,0.0010552519837867089,0.0010507535731697582,0.0010189485283545363,0.0009767146988127835,0.0010303588075662293,0.001018767547560695,0.0009731767963085535,0.0010151051631330059,0.0010256411877619532,0.0010118601990378737,0.0010382740612458656,0.0009818290304996747,0.0010091718972997715,0.0011065879015504589,0.0009563794957749928,0.0010261285038256158,0.0010071845177528588,0.0010605565086440965,0.0010647665231785588,0.0010336595627804157
acled_fatalities_lag12,0.0004176220635988276,0.00041774290015203063,0.0004962104470857912,0.00042538304355739775,0.0005013666809673902,0.0003972371260314509,0.0003860955997649773,0.00037770891235755684,0.00037334500706143707,0.000433185931866869,0.00040479259325812905,0.0004565162518747174,0.00039136361110530626,0.00044470288810606856,0.0003929959595723372,0.00041382149561019734,0.0004487044704670512,0.00041653600419271194,0.0004007698250359234,0.00045692510240463176,0.00039370116498771207,0.00044908380914044683,0.00042193118207898374,0.0004085218620040178,0.0004027596630330061,0.0003980447115116927,0.0004523993213725288,0.000453402020960784,0.0004128109603227496,0.0004266516786432466,0.00043395416736149653,0.00045361462966448984,0.00044224027640991595,0.00046808386181437474,0.0004152736880124294,0.00047931031960598083,0.0004205660142674219,0.00036589356161476603,0.0004268393060971782,0.00048105933709427447,0.0004625882781232824,0.0004970782119963958,0.00044358053600243336,0.0004427762638396353,0.0004166654852062099,0.0003719075855963238,0.000425606173767822,0.0004566326779221796,0.00038698055300819174,0.00045628691146123236,0.00041573007313166333,0.000406014357378232,0.0004351915253300266,0.00039249372246287625,0.0004547648613094985,0.0004509737973383919,0.0004725040806423014,0.0004653992170760096,0.00047203455198015643,0.0004546713281060994,0.000465655466240366,0.0004591574783980386,0.00038989644348679214,0.0005029815616829448,0.0004463903242993709,0.00043003655129881656,0.0004766613652423831,0.00036299856003387356,0.0004976449266839014,0.00039090552220686313,0.0004342654045880756,0.0004398023639837752,0.00041684918794131806,0.00043795280053432624,0.00043853553325507285,0.000410831940846114,0.0004490698483904979,0.00039957507533629297,0.00044849801765532433,0.0003926862395210082,0.00045429369986020005,0.00048152289515280205,0.0004147613297195384,0.00041016913023137787,0.0004322696135320242,0.00039902582352953976,0.00044475571159851847,0.00046553259521090986,0.00040092185225862857,0.0004271202402708704,0.00036085812733916784,0.00042018314552434905,0.00040402497756060306,0.00040331028160504775,0.00044088064049537055,0.0004033443057302866,0.00048728471712978637,0.00043045330023472735,0.00046380155402787795,0.0004234987578724027
acled_fatalities_lag3,0.00030836919169558704,0.0002656896895138653,0.0003185626551212603,0.00033108917883005354,0.0002918773925639213,0.0002884541816072342,0.00029263283651331123,0.00029731784148859675,0.0003272205125982375,0.00030708076757169343,0.0002956465844340041,0.000303503098589766,0.00030619806657128135,0.0003191643236899135,0.00030552806666768765,0.00031770123213415824,0.0003330995242517593,0.00030675402037356515,0.00033252135484692757,0.0003120717239836739,0.0002891435613478113,0.00029201353277083617,0.0003292820456119934,0.0002877051189287615,0.0003034080732576845,0.00033126762029962335,0.00030851007205079996,0.0002928724294691298,0.00032537529984003174,0.0003405919821072933,0.00031624952929491,0.0003000746520769283,0.00028049133237890945,0.00030128174784639563,0.0003232128647700135,0.0002967887922794943,0.00034413840665094416,0.0003367359859237719,0.0002959616328563909,0.00031101027147454295,0.0003321460653920745,0.0003171291151209339,0.000285450689121181,0.0003082015756257341,0.00033320136682973665,0.0003166962941821531,0.0003349075268287523,0.00032162856594373374,0.0002863877130337471,0.0003058719275206883,0.0002953691341233902,0.0002834259038008531,0.0002928446280601929,0.00034582811258148386,0.0002929105240733699,0.0002596074974519799,0.00031110354015244373,0.00027325767910045626,0.00028934421185198385,0.00029659582556818605,0.00031032164007800667,0.0003165826181755154,0.00030076160754274455,0.0003545346400386212,0.000324952500762085,0.0003415154725780133,0.00025686816866490333,0.0003043707143859212,0.0003309199146076708,0.00029026170924345763,0.0003334767511901828,0.0003173663655297253,0.0003372875973100217,0.0003059131491095666,0.00027895519115272435,0.00029990584861498075,0.0003245011219033988,0.00032183784104368197,0.00031822307570483934,0.00028918437889759125,0.00033307112142391595,0.00028119948260380717,0.0003069466881529834,0.0003282715522228137,0.0002919555441016849,0.00032371636370828104,0.0003117148263419781,0.00032196674723142157,0.0003190839703238503,0.00030618479134809944,0.00027651868053095566,0.0003188938976259384,0.0002866124892676425,0.000276036795876757,0.0003299562675594638,0.000323005793386398,0.0003201984458142124,0.00033240414402040146,0.00029643640322083695,0.00030576443070516227
acled_fatalities_lag6,0.0002929661023668981,0.0003184502737228987,0.00029971254975043283,0.00035573869711912916,0.0003410995239873974,0.0003618894216718295,0.00028513416453805195,0.00029066405967687785,0.0003117003804779746,0.00034965120408275236,0.0002951068249148663,0.0003074835969830604,0.0003256373677217627,0.00027872872711760246,0.00036273467636636984,0.0003498419666157623,0.00035145120437175364,0.00033458964442840684,0.0003014957433305501,0.0003261960430033479,0.0003596614348734912,0.00026883604880705155,0.0003148556190103889,0.00028718588817504726,0.0003058748244866472,0.0003271450399786872,0.0003203900648715467,0.0003186526620410912,0.00028165125150202657,0.000299105435652238,0.0003012941713657634,0.00027747122672745756,0.000320899141120054,0.0002888822504669541,0.00032177651206222977,0.000356172744696992,0.0002897765390700908,0.00031339425434216375,0.00030953108941720963,0.00031233815872544273,0.0003315783887516689,0.0002919783528278446,0.000323573607110063,0.0003034592170835189,0.000291436405600485,0.0003239873661245094,0.00029044892102881003,0.00029406138648214097,0.00028359170257852376,0.0003449804389147439,0.00035064705786358864,0.0003090193569872289,0.0003157962679868118,0.0002903092696425923,0.0003264596464184387,0.0003655781772429878,0.00028694700361329105,0.0002833577175833557,0.00032523663332422305,0.00028700680043574055,0.0003634472535068286,0.00032826783145174353,0.0003092276441637784,0.00031189615818947615,0.00030467531620026705,0.0003099999752241457,0.00031245039241533697,0.0003115122629589227,0.0002985349962368268,0.0003698272370264767,0.00036659326630575725,0.00031072609052653353,0.0003043395946582611,0.00035464902480085957,0.00032739475799442943,0.00035208166942316617,0.0002980244233805797,0.000325543715009881,0.00032992511250148096,0.0003331678395183324,0.00038121248035594623,0.0003110763526555688,0.0003152978040915551,0.0003091511959332158,0.00032073163626338897,0.00032747479638032065,0.00031010239724753704,0.0003127673326871307,0.00027414302724388507,0.000340985254596037,0.0002979705252558034,0.0003124721108224266,0.0002782554378549217,0.00028093415432981763,0.0003107379108996454,0.0002947263622892991,0.000365108321710079,0.00034599579479275405,0.0003330213737785251,0.0003229112755937863
acled_fatalities_political_violence,0.0002437342445798645,0.0002608123738987126,0.00023835010857438944,0.0002521277853468365,0.0002638959166612489,0.0002782498249331627,0.0002450665129313928,0.0002361624358637095,0.0002456873440324458,0.00024040723222727568,0.000268824340671486,0.0002414679378586043,0.00025724830339534825,0.0002529275644727416,0.0002491942723683391,0.00025754527124885424,0.00025714041668088727,0.0002541719415862039,0.0002574484685745689,0.0002647912774262005,0.00025305347724414697,0.0002455507465197947,0.00021777434871976151,0.00025803801279677,0.00024448774978030007,0.0002859795144376691,0.0002524283742069365,0.00024850722031154925,0.0002852500179490708,0.00023425680252911718,0.0002553762112512125,0.0002559765547821189,0.00023924404335207595,0.000245332627109232,0.00022063959323080594,0.00023105233180445277,0.00023014031641771458,0.00024251115451816898,0.00023547238528887884,0.00021900339476286007,0.00025098907486185317,0.00021256496745763955,0.00022254166107501364,0.000278042117021258,0.00024113480637673985,0.0002763944075766146,0.0002691241151867261,0.0002462235514782858,0.0002697450415731978,0.0002607716053172823,0.0002642399411304006,0.0002625063504397694,0.00023686641787376133,0.00024070659282137148,0.0002710291390481429,0.00028172335476570184,0.00026938699761417154,0.00024324537599054366,0.0002445004126982567,0.00024331555386209505,0.00024852326176443576,0.00024258572218735272,0.00023684666069125496,0.0002770537896637128,0.000268756450292718,0.0002521411403293771,0.00030556086023717996,0.00022374763872713528,0.00025890388184087576,0.0002155530080392062,0.00028572138374783175,0.00024711213653407134,0.00024386412663972732,0.00023143515495353315,0.00028740607678962217,0.0002221858486908522,0.00021772986746170116,0.00020423092560558544,0.0002440655728695391,0.00030130186714964687,0.00023216551383140993,0.00029492895877319134,0.0002313030711256271,0.0002258331247356645,0.00025774079226818656,0.0002783859902870725,0.00021561474037685112,0.0002602999394417601,0.0002515983974768056,0.00026301350812520894,0.00024927709885700007,0.0002475600962651144,0.00027636081745797925,0.0002084658752736077,0.0002376849632459552,0.00025085077329883913,0.0002296571939569185,0.00024163084346646787,0.00023197682773317752,0.00027396055920212803
acled_fatalities_political_violence_lag1,0.0008985298337688666,0.0009558288939040105,0.0008482718846668779,0.0008355755142975545,0.0009126556745432755,0.0009036186391267902,0.0010139604469952786,0.0008951146727629659,0.0010502449171894003,0.0008760317329322473,0.0008485133070665816,0.0008048836711930398,0.0009550833621488472,0.0009439812784820405,0.0009545091925422855,0.0008583610044731877,0.000839957642498162,0.0008666695968432415,0.0009721304571835788,0.0009145973241592971,0.0008592640030152165,0.0008913012575923759,0.0008514233015791312,0.0009358954006739172,0.0009038587791100916,0.0009157525229584644,0.0006670317276116792,0.0009865321608946715,0.0008306818652070231,0.0009163211595030531,0.0008771181803291793,0.00084583735571669,0.000880331212521021,0.000944630686049732,0.0009294727031755974,0.0007611840341196462,0.0009359818850460754,0.0008909634203284341,0.0007924868823578639,0.0007114867582400455,0.0007161031270835464,0.0008073296118977565,0.0009405932746238858,0.0007947436238210353,0.0007903678596580209,0.0010553523149338774,0.0008650341820295738,0.0008391201586267808,0.0009844920329950117,0.001024558225915278,0.000947589736163174,0.0010075847526049412,0.0008005408185815054,0.0008458569329334815,0.0008925597109170495,0.000922191938548622,0.0007527849893744461,0.0007007517812521633,0.000810171152192526,0.0009338104740052572,0.0009371274063496074,0.0009321717045985271,0.0007919893946962687,0.0009445149814317952,0.0008863782279741011,0.0008505734790494477,0.0008076479228816315,0.0008460712947563273,0.0008528775921486076,0.0007690780179406689,0.0007249867539400372,0.0008166524666130769,0.0008944872737167373,0.000851812330412044,0.0008457022478220389,0.0009065503852276082,0.0008828625655967647,0.0009828547359327865,0.0008763240321216047,0.0008261313443724516,0.0010005734042053062,0.0008922580390489866,0.0008040542657737119,0.000877132100677227,0.0009291575912429885,0.0008852288841666477,0.0010030824727050348,0.0009702176499656762,0.0010557614629696141,0.0008468488632207075,0.0009421433572476798,0.0008689226719870227,0.0009805372179588052,0.0008169253797992149,0.0008788203817051164,0.0008588548426068368,0.0008426061473090107,0.0009344636643880026,0.0009588513033576386,0.0009772340280856755
acled_fatalities_political_violence_lag12,8.713973337736847e-05,0.00010158476889585938,9.58870505056684e-05,9.027527345715925e-05,8.499712842015911e-05,9.169496256495608e-05,7.582084244288108e-05,8.157610487041184e-05,8.412564573121779e-05,0.00010414696520283109,9.98770832254444e-05,9.645932862436139e-05,8.27099312947815e-05,8.950012127352716e-05,8.299534149298263e-05,9.668153100708092e-05,9.145244719490172e-05,9.416545348549153e-05,8.729918557171002e-05,0.00010175330036051772,8.305832178038182e-05,8.666859470498077e-05,0.00010587046728864714,8.999192258092433e-05,9.430670857511774e-05,8.939382580948995e-05,9.209799578347808e-05,9.253312460178339e-05,8.501661870708295e-05,8.168100945656673e-05,8.775187904378971e-05,8.074290603090764e-05,8.768129006305837e-05,9.797570816889724e-05,0.00011354269623098249,8.824577180988794e-05,8.883706716276845e-05,9.587797123535161e-05,8.864855693281726e-05,8.752163990643042e-05,9.18968365347081e-05,9.373988341758628e-05,8.102663097873567e-05,8.660940912322721e-05,8.967528318931022e-05,9.202771788633964e-05,8.766056701098745e-05,9.547363840727415e-05,7.971950399826279e-05,8.392947024728118e-05,9.590673875487863e-05,8.650247220996333e-05,9.762712100647992e-05,9.715730379662735e-05,9.094940188673137e-05,9.542173629509654e-05,8.734285553790027e-05,9.554035555419632e-05,8.855413406408598e-05,0.000103269579638441,8.821820106236501e-05,9.044390775936895e-05,9.261136083992865e-05,8.837541268355605e-05,9.360983376465147e-05,8.868600779808826e-05,8.524478566778208e-05,8.644998906562047e-05,8.801084456565547e-05,0.00010017601013430404,7.81416096014348e-05,8.40662686145248e-05,9.12300134276916e-05,8.751449269661005e-05,0.00010376335928323271,9.711985036041754e-05,8.80653150456786e-05,8.010507540056178e-05,8.729017957314859e-05,9.635665304213248e-05,8.504668455069603e-05,8.111856260778494e-05,9.130737811758898e-05,7.889751959373574e-05,8.875083787594276e-05,8.620863318895783e-05,9.333674607604352e-05,8.663181485473245e-05,9.348242060943996e-05,9.162122932609153e-05,8.701839920691245e-05,8.9857272233035e-05,9.260513659713184e-05,9.357063337553773e-05,0.00010561049395877793,8.87062513700759e-05,8.8426076888709e-05,9.345543217955169e-05,9.705727628134629e-05,0.00010508175725933599
acled_fatalities_political_violence_lag3,0.0001660063054963427,0.00018226930493517188,0.00018406328802229033,0.00018625130463620357,0.00017529869217681394,0.00017371326328234025,0.0001804807117810438,0.0001956620403861767,0.00019662772661063426,0.00019079707132291186,0.00018489683928126258,0.00019510618825648764,0.00017668193647990825,0.0001833322400123066,0.0001849325331107291,0.00017785449222911578,0.00019456926880120264,0.00019217913321510543,0.00020290662182155633,0.00019390228750110908,0.0001725566782249463,0.00017842815134364512,0.00018197496723238406,0.00017863964315521831,0.00019578068820679954,0.00018867004661627366,0.00018791433964779482,0.000184853255240667,0.00017372164600901562,0.0001736696586340635,0.00019076664639145824,0.00017720494281791093,0.00018009501416171888,0.00019328198615404385,0.00019246939047650428,0.00017414804148886885,0.00019365449881424075,0.0001949790874904239,0.00017973305643044458,0.00018689261027194013,0.0001974196316339487,0.00019837276998996024,0.0001760620956723382,0.0001816895723393029,0.0001795162571567767,0.00020312475697911912,0.00018242539655098408,0.0002041405538133017,0.00018371041839893487,0.0001713420084698204,0.00017732749107403692,0.0002061496534143119,0.00019463154489240045,0.00018171977809822512,0.0001790004440042106,0.00017604912610967523,0.0001962333323088204,0.00017920784685816012,0.00018001497923052665,0.00017477060833513951,0.00020185653955031,0.00016844160050594648,0.00017517001367784045,0.00020809454643029368,0.0001975064225905569,0.00019586100847202592,0.00017004666438299245,0.0001929939530559753,0.00017855018497013416,0.0001768296161246164,0.00018735249950039523,0.00019948118143914856,0.00019624223000658554,0.00018382767325278765,0.00018053290710075558,0.00019236794769959337,0.00019478593723818897,0.00018599462982079462,0.0001870664109358933,0.00018886399494414652,0.00019696350310645673,0.00017707527334254885,0.00017716691843243644,0.00018668521860559144,0.00020015713266431873,0.00018151583801762164,0.00019633372999911547,0.00017847987184310018,0.00019626481534226742,0.00018211861353610521,0.0001708945512367969,0.00019305236558857315,0.00019536935676112924,0.00017638195478315597,0.00019880271684012026,0.00020637194899356237,0.00018813603250258406,0.0001839536656831244,0.00017490694481716218,0.00018199382784016033
acled_fatalities_political_violence_lag6,2.5311096399775697e-05,3.312599991131355e-05,2.9761823674495504e-05,2.99036398715114e-05,2.8935574403892638e-05,3.245181556382288e-05,2.3811366254807013e-05,3.4317395439676125e-05,2.9941651522804738e-05,3.465195138231074e-05,2.838064980062639e-05,2.8932293243269165e-05,3.257672333918908e-05,2.7559311344468898e-05,3.192987642652664e-05,2.7869721994143342e-05,3.0808271281035546e-05,3.1656093941712234e-05,2.9778857750778284e-05,3.187704042083564e-05,3.308252501510356e-05,4.121102007032675e-05,2.9792406919538933e-05,2.9334243132460932e-05,3.7181799816130937e-05,2.570255460915605e-05,2.5874480034377018e-05,3.379672152562911e-05,3.563672634519076e-05,2.9073851382304586e-05,3.4069622499807854e-05,2.9388552286075346e-05,2.9177598724639195e-05,2.8380562388707722e-05,3.7877678387818295e-05,3.4231763896117794e-05,2.8222810227637293e-05,2.9963116612082272e-05,3.370389649535229e-05,3.361336859887925e-05,2.758977311265477e-05,3.559282338767318e-05,3.0030276603210045e-05,2.8225645973116386e-05,3.318512507600567e-05,2.7057158152056696e-05,3.387622877163588e-05,3.067555942098958e-05,3.2013042439790824e-05,3.297607915114748e-05,3.15844045991812e-05,2.8270099111533808e-05,3.088986870027395e-05,3.7591372217450824e-05,3.313736892398511e-05,3.178878555561527e-05,2.8905791363545825e-05,3.494849406681528e-05,3.157937680702114e-05,3.2822706905663466e-05,3.3886589654936634e-05,2.7491687298890555e-05,3.1198956923311215e-05,2.800768756759504e-05,4.419682096250309e-05,3.43958029666179e-05,3.748554016512949e-05,3.777460398871048e-05,3.538912822915983e-05,3.080700380821488e-05,3.60773296562699e-05,3.77683919578729e-05,2.9188101652307786e-05,3.469902880649225e-05,3.635584009750865e-05,4.2058537753390147e-05,3.0882306605207254e-05,3.606109996245926e-05,2.7184494179104673e-05,3.585827731629583e-05,4.340892110027635e-05,3.236127031351304e-05,3.456730772198028e-05,2.8194491658295492e-05,3.090378904832158e-05,2.5884042319817902e-05,2.6973394074157818e-05,2.6894648468765905e-05,4.081670361975294e-05,3.15670800068158e-05,2.5769477109813625e-05,3.177690042698277e-05,2.4998956472401458e-05,3.1204648660412325e-05,3.73158710600591e-05,3.3111934305224606e-05,3.270291240617191e-05,4.090439191433872e-05,3.485145591060567e-05,3.0037991990501753e-05
acled_fatalities_strategic_developments,0.0,0.0,0.0,0.0,0.0,0.0,0.0,0.0,0.0,0.0,0.0,0.0,0.0,0.0,0.0,0.0,0.0,0.0,0.0,0.0,0.0,0.0,0.0,0.0,0.0,0.0,0.0,0.0,0.0,0.0,0.0,0.0,0.0,0.0,0.0,0.0,0.0,0.0,0.0,0.0,0.0,0.0,0.0,0.0,0.0,0.0,0.0,0.0,0.0,0.0,0.0,0.0,0.0,0.0,0.0,0.0,0.0,0.0,0.0,0.0,0.0,0.0,0.0,0.0,0.0,0.0,0.0,0.0,0.0,0.0,0.0,0.0,0.0,0.0,0.0,0.0,0.0,0.0,0.0,0.0,0.0,0.0,0.0,0.0,0.0,0.0,0.0,0.0,0.0,0.0,0.0,0.0,0.0,0.0,0.0,0.0,0.0,0.0,0.0,0.0
acled_fatalities_strategic_developments_lag1,0.0,0.0,0.0,0.0,0.0,0.0,0.0,0.0,0.0,0.0,0.0,0.0,0.0,0.0,0.0,0.0,0.0,0.0,0.0,0.0,0.0,0.0,0.0,0.0,0.0,0.0,0.0,0.0,0.0,0.0,0.0,0.0,0.0,0.0,0.0,0.0,0.0,0.0,0.0,0.0,0.0,0.0,0.0,0.0,0.0,0.0,0.0,0.0,0.0,0.0,0.0,0.0,0.0,0.0,0.0,0.0,0.0,0.0,0.0,0.0,0.0,0.0,0.0,0.0,0.0,0.0,0.0,0.0,0.0,0.0,0.0,0.0,0.0,0.0,0.0,0.0,0.0,0.0,0.0,0.0,0.0,0.0,0.0,0.0,0.0,0.0,0.0,0.0,0.0,0.0,0.0,0.0,0.0,0.0,0.0,0.0,0.0,0.0,0.0,0.0
acled_fatalities_strategic_developments_lag12,0.0,0.0,0.0,0.0,0.0,0.0,0.0,0.0,0.0,0.0,0.0,0.0,0.0,0.0,0.0,0.0,0.0,0.0,0.0,0.0,0.0,0.0,0.0,0.0,0.0,0.0,0.0,0.0,0.0,0.0,0.0,0.0,0.0,0.0,0.0,0.0,0.0,0.0,0.0,0.0,0.0,0.0,0.0,0.0,0.0,0.0,0.0,0.0,0.0,0.0,0.0,0.0,0.0,0.0,0.0,0.0,0.0,0.0,0.0,0.0,0.0,0.0,0.0,0.0,0.0,0.0,0.0,0.0,0.0,0.0,0.0,0.0,0.0,0.0,0.0,0.0,0.0,0.0,0.0,0.0,0.0,0.0,0.0,0.0,0.0,0.0,0.0,0.0,0.0,0.0,0.0,0.0,0.0,0.0,0.0,0.0,0.0,0.0,0.0,0.0
acled_fatalities_strategic_developments_lag3,0.0,0.0,0.0,0.0,0.0,0.0,0.0,0.0,0.0,0.0,0.0,0.0,0.0,0.0,0.0,0.0,0.0,0.0,0.0,0.0,0.0,0.0,0.0,0.0,0.0,0.0,0.0,0.0,0.0,0.0,0.0,0.0,0.0,0.0,0.0,0.0,0.0,0.0,0.0,0.0,0.0,0.0,0.0,0.0,0.0,0.0,0.0,0.0,0.0,0.0,0.0,0.0,0.0,0.0,0.0,0.0,0.0,0.0,0.0,0.0,0.0,0.0,0.0,0.0,0.0,0.0,0.0,0.0,0.0,0.0,0.0,0.0,0.0,0.0,0.0,0.0,0.0,0.0,0.0,0.0,0.0,0.0,0.0,0.0,0.0,0.0,0.0,0.0,0.0,0.0,0.0,0.0,0.0,0.0,0.0,0.0,0.0,0.0,0.0,0.0
acled_fatalities_strategic_developments_lag6,0.0,0.0,0.0,0.0,0.0,0.0,0.0,0.0,0.0,0.0,0.0,0.0,0.0,0.0,0.0,0.0,0.0,0.0,0.0,0.0,0.0,0.0,0.0,0.0,0.0,0.0,0.0,0.0,0.0,0.0,0.0,0.0,0.0,0.0,0.0,0.0,0.0,0.0,0.0,0.0,0.0,0.0,0.0,0.0,0.0,0.0,0.0,0.0,0.0,0.0,0.0,0.0,0.0,0.0,0.0,0.0,0.0,0.0,0.0,0.0,0.0,0.0,0.0,0.0,0.0,0.0,0.0,0.0,0.0,0.0,0.0,0.0,0.0,0.0,0.0,0.0,0.0,0.0,0.0,0.0,0.0,0.0,0.0,0.0,0.0,0.0,0.0,0.0,0.0,0.0,0.0,0.0,0.0,0.0,0.0,0.0,0.0,0.0,0.0,0.0
agss_surveyed_flag,0.00020934188490369715,0.00019696033474577243,0.00019295279794996715,0.00018949146547452453,0.00021080081935186554,0.00021027380714978407,0.00019385380917640108,0.00020066496903742642,0.00017934339590983825,0.0002004688676889199,0.00019814348579567565,0.00019813394241065193,0.00018357260487240974,0.00018192785269027388,0.00021535486671103073,0.00020251267799642258,0.00019363835661269062,0.00019965153531778122,0.00020217123868656033,0.0001857688234237796,0.00020000813768314052,0.00019485523265508808,0.0001861786837702433,0.00019015591815589646,0.00020875468409219802,0.00019487877634837271,0.0002092247568694341,0.00019666860266935704,0.00020204574574142427,0.000202349688109972,0.00019886935481016208,0.00020007051854009378,0.00019908939431028747,0.00018284040857672053,0.00020499080157224307,0.00019882941447272947,0.0002017068265139635,0.00020827956199118955,0.00018810193741541765,0.00020511243214382127,0.00020597918723787653,0.00020039738878174546,0.00017913503994059082,0.00019407496054729432,0.00020841893748353891,0.00019854390400791575,0.00018272265849578445,0.00019726696738081787,0.00020274542381918203,0.00020916260203415383,0.0002051823253642441,0.00021360914283634528,0.0002011583518337142,0.0001907563261209561,0.000200345424002935,0.000202074223066236,0.00018528240417587275,0.00018604005597920006,0.00021197507804673578,0.0001868431503708385,0.00020225244656840198,0.00020574250797920438,0.0002027259533967774,0.0002018252563270116,0.00018916906555311135,0.0001824824051501511,0.00020312527885960686,0.0002088771188855647,0.00018691851635668568,0.00019710072134014058,0.0001908220579555892,0.00019854671211580292,0.00019572364694867578,0.00019208922700376718,0.00019293693009570493,0.00020792609494593408,0.00020482031589282677,0.00019355124181822287,0.00020469845263120315,0.00020332624611147184,0.00019578171105881197,0.00020355622317375882,0.00020258657609673668,0.00019920497327359114,0.0001868166783381076,0.00018865303015493863,0.00020748305145241037,0.00021102610465172572,0.00018640815560288826,0.00021151104872307777,0.00019695194263918758,0.00017603467116704413,0.00018981573770219284,0.00020038273101614685,0.0001915600194810749,0.00020997997889458475,0.00018904762966988968,0.00020101207359166903,0.0001888819034609833,0.00019288926089363747
exchange_rate,0.0002451742246613328,0.00022486672885176065,0.00022689637190066508,0.00022055904893236706,0.0002236239987459571,0.0002362380527972846,0.00020485834634410998,0.000225402409656859,0.00021687437946669722,0.00023422556305194905,0.00023911365811128793,0.00024135288408988915,0.00021693157771277049,0.00022831781310324344,0.0002443413227652582,0.00022086381829961404,0.00022133964764981372,0.00024098046818134947,0.00022186051984751448,0.00022004714416914598,0.00022905559026429866,0.00021282778352272764,0.0002193030322149262,0.000217188877266304,0.00025488139021552953,0.0002486471927437476,0.00022182329265391768,0.00021502464043016348,0.0002192639128103842,0.00019097788898265303,0.00021548673068349982,0.0002433428112764536,0.00023084327712233433,0.00021924690347938723,0.0002338550599218649,0.00023155791583433078,0.0002275470045206874,0.000245289567258952,0.00023530605663670763,0.00022037673852129424,0.00022638251322396792,0.0002308222159918133,0.00023717866674466656,0.00020693755709277588,0.0002050692455944643,0.00023826150502559643,0.00021609840843906232,0.00021348059629883908,0.0002043565813634542,0.00022665558805788196,0.00024459518754457586,0.00023558184638197788,0.00022850429871890197,0.00022216716085819642,0.00022784990224449943,0.0002362369215842195,0.00021842272220766898,0.00021076210619582234,0.00023663780292697905,0.00021853105128428457,0.00023125343441222766,0.00022747022600483287,0.00020912086001094083,0.0002493743776370115,0.00021169875061372134,0.0002119198513491718,0.00022561923235017237,0.00024504991462923395,0.00022424326591281087,0.0002479569470989367,0.000249556585210533,0.0002215151502149857,0.00023137363094227162,0.00022808708677298452,0.00025199685860206704,0.00024632053427896966,0.0002278139296690294,0.00020362215670657373,0.0002476572784742378,0.00023059955212558197,0.0002499075697733667,0.00023656528188575128,0.0002279717647428756,0.0002272878538912292,0.00023386178549772465,0.0002535745306126902,0.00023037871876776506,0.0002138954224135647,0.00023426924844377201,0.00023577655900174622,0.00022769846366634856,0.00022159772876873766,0.0002155681780241867,0.00020473658668328516,0.00024891191716849023,0.00021531316146429364,0.0002350751863338768,0.0002204971612939512,0.00022959495265373615,0.0002475568267540573
exchange_rate_lag1,3.864344664488767e-05,4.173158889725095e-05,4.279609124277113e-05,3.3161528999843296e-05,3.753852142886181e-05,3.915498119292381e-05,3.699315332642418e-05,3.743708246818816e-05,3.9528705709304706e-05,3.544428868487919e-05,3.4217269585986565e-05,3.756024586158921e-05,3.36355509800776e-05,3.92743858738222e-05,4.235367895488989e-05,4.27570875304744e-05,3.805810558623162e-05,4.434476563484608e-05,3.784456341080702e-05,4.080473718518138e-05,4.616719615961289e-05,3.714472045151426e-05,4.02230879946196e-05,3.978394079899442e-05,3.6702228464530696e-05,3.846483838566424e-05,3.9719055445956065e-05,3.727578433979948e-05,3.5311450848832796e-05,3.767725956941819e-05,3.3524453002391315e-05,4.1828742102971156e-05,3.5388496742320936e-05,3.904921791321496e-05,3.79798770609027e-05,4.324260417801335e-05,3.9395245706072504e-05,3.9714129527245334e-05,3.710389908549702e-05,3.983976102187931e-05,3.7024102287509676e-05,3.886677124238656e-05,3.6658825875974014e-05,4.217963925388618e-05,3.3679909957862045e-05,3.8873517385756585e-05,4.217333788292584e-05,3.918319981702037e-05,3.684522922159146e-05,4.6107015624549815e-05,4.4328167654054586e-05,3.410157219881514e-05,3.769496048294815e-05,4.168686227522035e-05,3.918976599467549e-05,3.5688386467755294e-05,4.1630440452659926e-05,3.869940055658934e-05,4.2368269032490836e-05,3.67678439641838e-05,4.0695032656316185e-05,4.047044058599663e-05,4.5679262829616694e-05,3.615919991638679e-05,3.985536662030006e-05,3.879030895200246e-05,4.361094771951869e-05,4.3137421930469754e-05,3.777041239439001e-05,3.921905927118389e-05,3.2194087306247075e-05,3.5398703369294634e-05,3.331798090862356e-05,3.9619441851819274e-05,3.565486142600792e-05,4.145046445400325e-05,3.7984263082468734e-05,3.907120972357593e-05,3.7808485426846825e-05,4.0595236525525714e-05,4.002169350495085e-05,4.032863274453178e-05,4.129384800514079e-05,4.147770869230056e-05,3.862068869476898e-05,3.866026058453704e-05,4.1195478745375606e-05,4.159409509106617e-05,3.839465175685264e-05,4.027312874711736e-05,4.402046227471593e-05,4.056472976591112e-05,3.885785008480501e-05,3.861297330747727e-05,3.8427891424394956e-05,4.136402435019725e-05,3.532645998945559e-05,3.950295518644108e-05,3.468556094367065e-05,3.906698567115331e-05
exchange_rate_lag12,0.0006260681843412095,0.0005658859216072709,0.0006112021524549106,0.000602546891646191,0.0006282152678737811,0.0006058943362134008,0.0006306523121662022,0.0005958550465032921,0.0005939254026893421,0.0006522541213973462,0.0006350232783147102,0.0006062672251746768,0.0006342784464976309,0.0006373006775923809,0.0005493080969758491,0.0006029023804937748,0.0006392680833551948,0.0005695590732671871,0.0006092241338567951,0.0006303939842371549,0.0005607006877269969,0.0005951602348712002,0.0005773764548423456,0.0005911965054261265,0.0006294615355913519,0.0006114114885744841,0.0006262834850387626,0.0006280544299434349,0.0006128629377745529,0.0006040995329968102,0.0006298768347588139,0.000596591075425974,0.0006150576145258996,0.0006179597313606468,0.0006486715490526787,0.0006165701492314836,0.0005783028566401279,0.000607016540708996,0.0006285560715190289,0.0005955084839551674,0.0006149219100931088,0.000623600453323459,0.0006212176661231421,0.0005850544709678845,0.0006544588350937069,0.0005886737357508815,0.0006194181735142088,0.0005611899476614058,0.0006333074954725941,0.000588243710246063,0.0005959134993674921,0.0006171639743881278,0.0006140095353373336,0.0006007851609861217,0.0006050622158827166,0.0006097063597026902,0.0006177963019240059,0.000613437264931457,0.0005772472497428014,0.000620268722334099,0.0006242446277452552,0.0005651989667641039,0.0006034345442546162,0.0005954327132473163,0.000592893201618708,0.0005753492387596536,0.0005945561670944393,0.0005959057248486084,0.0006345613731689664,0.0006373399204019846,0.0006271543134237833,0.0005759862968228947,0.0006601084833559783,0.00060144373266511,0.000634918795362516,0.0005797237836549494,0.000637194425834303,0.0006148745636844569,0.0005998099319189478,0.0005860212673558458,0.0005868674969985783,0.0005925419496782407,0.0005905181478022542,0.000605268466875749,0.0006032955078851609,0.0006401215938965644,0.0005934981332309004,0.0005892242045958672,0.0005791068406167567,0.0005976688952343969,0.0005791717105441623,0.0006283410587666198,0.0006177761868989575,0.0006260892454717305,0.0006079017252161883,0.0006216869755725847,0.0006347062918463602,0.0006102067672276678,0.0006649724938607857,0.0005993540736212246
exchange_rate_lag3,0.0011398547114977926,0.0011644307292581345,0.0011040458521240739,0.0011248386781881232,0.0010625157939762474,0.0010782063477836534,0.0011082389697257694,0.0010985804103402289,0.001122298003209715,0.001082892666568914,0.001068119918625465,0.0010318191821016552,0.001032298650615704,0.0011809125884575545,0.0011114809788079654,0.0011176218794822035,0.0011130616009708434,0.0010541144467946823,0.0010952690309022853,0.0010537568112132137,0.001093697304187601,0.0010399056946906325,0.0011283723422788273,0.0010190519965089873,0.0011296323208129348,0.0010629427035032592,0.0011250550188304145,0.0011845042953477225,0.0010877915184361266,0.0010465432865978358,0.0010071594172958837,0.0010647306178893773,0.0010910924482933813,0.0011393157874534177,0.0011796239812346143,0.0011065759194090583,0.0010871048695346747,0.0011696358994832115,0.0011068733410332595,0.0011281610098252879,0.0011225766479825052,0.001053481485522394,0.001091891781441749,0.001056985650661487,0.0010730521065704243,0.0010678431056465585,0.0011085015872661782,0.001117076990859849,0.0010642821587534754,0.0011208277167411736,0.0011374936988635092,0.0010514525777619817,0.0010435864743259218,0.0011205276046295344,0.00109080638250579,0.0011392742873595615,0.0010607156239249445,0.001089206365180723,0.001112241378944853,0.0011001695268848504,0.0010626603771461299,0.0011086126299686807,0.0011128027344301209,0.0011166287772486011,0.0010800026601413104,0.0011286598233682193,0.0011150820130640428,0.0011528458130038797,0.0010680662824150773,0.0011503240485656993,0.0011184033690299388,0.0010834425518107956,0.0011292960728712129,0.001148373542868984,0.0010406272248040403,0.0011649126105982325,0.0010234351771876596,0.0011559485954671502,0.0010695530691687365,0.0010945977664985188,0.0010370241440806906,0.0011091174093750612,0.0011304016691022613,0.0010336443326796558,0.001128707893496139,0.001163238096465482,0.001146255399108838,0.0011027986717232349,0.0010766227369044385,0.0011813811381945864,0.0011817318129592966,0.0010995547460061752,0.0010819426198471324,0.0010949469963956323,0.001121785728231309,0.001096315856758194,0.0009904600014001275,0.0010464395260794397,0.0011024769483001747,0.0010845095659635083
exchange_rate_lag6,0.0,0.0,0.0,0.0,0.0,0.0,0.0,0.0,0.0,0.0,0.0,0.0,0.0,0.0,0.0,0.0,0.0,0.0,0.0,0.0,0.0,0.0,0.0,0.0,0.0,0.0,0.0,0.0,0.0,0.0,0.0,0.0,0.0,0.0,0.0,0.0,0.0,0.0,0.0,0.0,0.0,0.0,0.0,0.0,0.0,0.0,0.0,0.0,0.0,0.0,0.0,0.0,0.0,0.0,0.0,0.0,0.0,0.0,0.0,0.0,0.0,0.0,0.0,0.0,0.0,0.0,0.0,0.0,0.0,0.0,0.0,0.0,0.0,0.0,0.0,0.0,0.0,0.0,0.0,0.0,0.0,0.0,0.0,0.0,0.0,0.0,0.0,0.0,0.0,0.0,0.0,0.0,0.0,0.0,0.0,0.0,0.0,0.0,0.0,0.0
exchange_rate_yoy_change,0.00874346228823544,0.0086621215147287,0.008938727522377513,0.009039320832994439,0.008802120249880396,0.008880796294024355,0.008915467036558922,0.008813891624434085,0.008948256690993524,0.008721375044626797,0.008923176282199243,0.008970316943762022,0.00887942583759086,0.008917385897534245,0.008816147063074029,0.008999327924925245,0.009065976699337291,0.00874522854157854,0.008885026080765246,0.008924659340288245,0.008924364590994226,0.008804454817838345,0.00891633826625142,0.008832009166467541,0.008994533066005363,0.009008349131553687,0.00875825836455605,0.00897818392702154,0.008941256610215163,0.009254364089351314,0.009010085852603314,0.0087909038990718,0.009042471986867518,0.008978390961267142,0.008920995053626967,0.008982281144027096,0.00894811577012594,0.009103295341547992,0.008855571088029536,0.00907452964618239,0.009090912484790773,0.009026159804405643,0.008892197756522854,0.00862426101752307,0.00901414572728542,0.008828568442456625,0.008762923042142726,0.009019951359706296,0.008893236078114973,0.00906627236967013,0.008820015753589164,0.008864108121004586,0.009090757407289799,0.0089968214736412,0.008827906491278605,0.009079647240993163,0.008796858604164412,0.008742341486347635,0.008922097159246222,0.009055034185967327,0.008969657226569124,0.008965359525909305,0.008744054367242599,0.008697932623191804,0.00888850366850329,0.008739514534362947,0.008714932356633277,0.008747060466178527,0.008900357911644763,0.00867476492295565,0.00885115105117587,0.008918969897107267,0.008867553749563285,0.008989908279667258,0.008709491807883869,0.009000133026456827,0.008836658251471174,0.008899382735281833,0.008757315369115936,0.00899373238206969,0.008755672345126884,0.008872124702451793,0.008869681151273992,0.00877889395328952,0.008770245225798645,0.009120408680034175,0.008845751780535822,0.008923545627764139,0.00889759399064317,0.00899814644357957,0.00891080083279871,0.008969549612856224,0.008733895030679287,0.008731049656311373,0.008916883615794893,0.00925343185320967,0.008818877225480151,0.00896824272111665,0.008767458254161623,0.008681243478196491
exchange_rate_yoy_change_lag1,0.008582705707052109,0.008506055751955554,0.00856563617463119,0.008444533530067399,0.008726094614809509,0.008816794729473427,0.008586041018716462,0.008528987112216616,0.008347610509816205,0.008630291312313371,0.008523617340849547,0.008420947400385128,0.008572924879923966,0.008556401528664874,0.008518423409483365,0.0082818891710407,0.00852763714439771,0.008706467349231346,0.00827277223614936,0.008744810048421347,0.008542062797608706,0.008726490378377251,0.008740565056666434,0.008655971397560287,0.008462989923600147,0.008635537832553754,0.008600684030018773,0.008432205512237865,0.008661983896553352,0.008486653870618224,0.00825161078727558,0.008443800631262686,0.008387732949735195,0.008532806637705278,0.008560286677366006,0.00837252359082723,0.00855775258720456,0.008610229645171212,0.008552673188268913,0.008423415563481277,0.008366015322925491,0.008679353077352828,0.008504570766465882,0.008739145307462943,0.008503802970380846,0.00851070141262941,0.008503317622129797,0.008668492379771214,0.008361206807419813,0.008446745786255417,0.008549097352747961,0.008461793677031666,0.00857261741910518,0.008558850394133826,0.00853811034687208,0.008590592362572811,0.008410916016472463,0.008410740584608108,0.008584334224519069,0.008270437520041064,0.008559384205223694,0.008655369765748025,0.008507246343101444,0.00856220057064486,0.008508049082743703,0.008368129636308216,0.008678396029000635,0.008510359291056669,0.008399991974494246,0.008579890106806596,0.008393989087598561,0.00853393999107691,0.008496821429927527,0.008569501882857336,0.008645001874389506,0.008360660700172474,0.008343052254633668,0.008750253032412177,0.008391807580802504,0.00852124989636916,0.008589651861746735,0.008382476477712146,0.008434369083522228,0.008609560326004004,0.008441902558255639,0.008467692656222707,0.008432120688933188,0.008397403281770795,0.008505687629836152,0.008336749085623018,0.008591224066013299,0.00835126659815541,0.008548566106812266,0.008592794447162898,0.008363831203412895,0.008546664490408841,0.008609874841800182,0.008517950903071544,0.008225744165636964,0.008510746129931789
exchange_rate_yoy_change_lag12,0.01564018039599709,0.015497618362248416,0.01609756802822533,0.015941604764282375,0.016189619235493877,0.016202421239631865,0.015994456091161697,0.015717824848704272,0.016425942253318837,0.015620827018633598,0.016149971175236977,0.016325545304739595,0.016522228714590283,0.01610438637673248,0.01558939531622898,0.01596480569583052,0.016440178885968534,0.01579894591058592,0.01602662206011046,0.015835249751196948,0.01581671147069298,0.015711423847760062,0.01558654656356716,0.016204525901710395,0.016086177222669803,0.016532056474848667,0.015467812002201362,0.016041947764924902,0.01584740974917864,0.016700806968387157,0.01604317566714127,0.015916588522103058,0.015863008514365465,0.01640828038704645,0.01572324682137652,0.016593331290316416,0.015809617820276196,0.01595675712419202,0.015915510545788734,0.01614211571227381,0.016441968297926494,0.016412917517506107,0.0159139429463949,0.015215107913368772,0.016148565413225943,0.015866736254447223,0.015826513655573707,0.01578097109566523,0.016155049155335784,0.016211841461422877,0.01612744313774642,0.015747053678204698,0.016163493068908064,0.01615066549485566,0.01580251825252243,0.016551933831550063,0.01589816674497557,0.015482672766555457,0.01626731303030094,0.01621784528671122,0.015921769290905396,0.015651296575960566,0.015905993826702762,0.015308198606462993,0.015974023983556084,0.015471371597744745,0.01585728085642903,0.01570986126539258,0.016132695244958146,0.015519810414354377,0.015651338402402966,0.015926555286272796,0.01550534443693265,0.016386308460486724,0.015589373298066497,0.01621981957455579,0.016040933860261494,0.01586249615759907,0.015938942211379956,0.01618596772712143,0.01561377100386831,0.016495178274622636,0.016076415596597973,0.01605599132505309,0.016062125605720644,0.015966229333739607,0.01631777260575914,0.016020752862352928,0.015808156355662725,0.01627181024400529,0.015660682557506796,0.01599303997437334,0.015429552163886327,0.016065924936163788,0.016073506316806405,0.01658410897537593,0.01549266445854765,0.01599357453119614,0.0157292220763042,0.01563238693315091
exchange_rate_yoy_change_lag3,0.0035820160208307234,0.003752829881064887,0.003757388089247449,0.0037827853966964533,0.0037027705119976745,0.0037139513230322763,0.003767222641444051,0.0036380159026853805,0.0037448044894925164,0.0037453689941367697,0.0037323789731480484,0.0037082169816191027,0.0037082724898746347,0.003666339934307997,0.0036740962785425718,0.00373449137865317,0.0036716366914153007,0.003719778019636664,0.0037932216800881705,0.0037443373614042905,0.0036584002028005372,0.003663709732813772,0.0037913468625882397,0.0037162386634874913,0.0037370966091010336,0.003641395152255949,0.0037303050243076554,0.0038209638177186477,0.003748227156273856,0.0037625574906439544,0.003654878912075809,0.0036635525944643367,0.0037721585158742013,0.0037971393722948266,0.003664925256923993,0.0036753646390200218,0.003730079850241069,0.0037806223359844646,0.0038596656047491635,0.0037898197212546366,0.003593643981348942,0.003821544681527582,0.0036987752903200138,0.003670495592046136,0.003802738539129624,0.0037593073852738175,0.003657804013022946,0.00359921836264668,0.0037432601776621914,0.0036335072997623888,0.0037127180000718265,0.003797806719391304,0.0038524318829993797,0.0037028443998945756,0.0037421780455860086,0.003804990634183336,0.003813259548291029,0.003687718112799072,0.003849297271751567,0.003648980102406042,0.0037203418470795726,0.0037456018621393776,0.003682828489356797,0.0037747233108378912,0.00375367549625325,0.003712430902614706,0.003611605766189482,0.0037816946198386088,0.0037867136240478548,0.003645472988641189,0.0036501128005899945,0.0035896711197686225,0.0037951209267287718,0.003814833614720691,0.003657981752947595,0.003553108250246023,0.00373213319364984,0.003830087250175714,0.003752922878589088,0.0036712982333499842,0.0037511658214136774,0.003668084827889968,0.0037492942541427626,0.003628266032713191,0.003735198749240881,0.0038333100819827833,0.0037605733483106803,0.0038150107260508073,0.0038043089022826507,0.0037035239036750946,0.0037953288751037943,0.0038148703395367812,0.0038977865832057583,0.003763602225121504,0.00378526420082789,0.003774850000113151,0.0037312648781164556,0.0036209109550203135,0.0037588009264820183,0.003845480920006492
exchange_rate_yoy_change_lag6,0.0052367204165869,0.0051541324027443115,0.0053014378906970005,0.005317801448630311,0.005362633423233151,0.005172754867996036,0.005109474771695302,0.005190715052668209,0.005161229864256476,0.005060019790567072,0.005255313627447565,0.005234531700557125,0.005299299615361388,0.005116717330083055,0.005237032759136387,0.005215571074424539,0.005359184813992299,0.005073916107889206,0.005146405320894809,0.005128439174376279,0.005093789314291985,0.005257725271186165,0.005304124108448193,0.00520512674760981,0.005222041020394811,0.005317221569049052,0.00519256894602045,0.005355141003178452,0.005146679586716114,0.005228729117751698,0.005308274045847537,0.0053600037436395,0.00528507628378486,0.005223845297360139,0.005212863756336009,0.005325785287404581,0.005262017243633688,0.005318073716992866,0.00519564938943594,0.005294155964166379,0.005235018837056782,0.005237111260984645,0.00517405923796603,0.005156629718679438,0.00530021355437273,0.005176745278643813,0.005128702758428987,0.005169186994511817,0.005314295829143285,0.005300673411444364,0.005246237457040222,0.005255041949276146,0.005310858267226389,0.005254426818267745,0.005208145939533549,0.005223451878488568,0.00517822496623207,0.005216568365681523,0.00531220826284357,0.005225270486509413,0.005356094651785471,0.005452197768646398,0.005302715731310363,0.0051632628488830655,0.005367252903394633,0.005217546178381492,0.0051823930321242,0.0050760069878076465,0.005262404076242145,0.005112372020618146,0.005205213468588678,0.005217209906979953,0.005278748401946512,0.005204856572312793,0.005115595548185523,0.005215507393234954,0.005245122931456724,0.005265202262876536,0.005172933620388515,0.005302556206487001,0.005277457507873524,0.005226692125513594,0.0050681395388065,0.005253736698438251,0.005352140894529889,0.005244328759789333,0.005102503474022784,0.005172842740916163,0.005198847402524771,0.005118770594114092,0.005219549649112888,0.0053856447962510575,0.005239557035703127,0.0052938218836867355,0.005179837093000178,0.005272523593703855,0.005181433405923825,0.005355795819679978,0.005254484462732381,0.0051757623317790925
food_cpi,0.0019300221020434234,0.0020914317299582943,0.002082288386544445,0.001927548311483642,0.0020178254943448997,0.001930303711590683,0.002009492339707752,0.002015271563284752,0.002015180762868768,0.0020054458269979252,0.0018924417549755817,0.0020273453334257716,0.0019589603365655394,0.0020250280445867092,0.001965089517133278,0.0020440627756194976,0.002031474023944267,0.0019800891376500905,0.0020235793800347113,0.0020544209520430854,0.0019646523164596804,0.0020499757982422825,0.0020477605032046204,0.0020356802256961703,0.001931735546777399,0.0019562112394362957,0.001994698437276567,0.0020246187300826863,0.0021059208876068342,0.002078165505704868,0.001956102938640007,0.0020888491859563144,0.0019827466450048014,0.00199763487068084,0.0019055551489695567,0.00203939976560799,0.002004475146242828,0.0019130348280943761,0.001963495219343588,0.0019192611635550137,0.0019388464832224667,0.0019564016989198963,0.002002249615655131,0.0020523284990314763,0.00204983425070837,0.0020157691953206283,0.0020283392838281473,0.002130099269673948,0.002032362085171275,0.0020216854915519043,0.0019556932293361964,0.001963251023543671,0.0020765054010412685,0.00209854729216497,0.0020413950716805427,0.001868467682360667,0.0021288407390604273,0.002002190219256397,0.0020450574085257786,0.0019990334703777887,0.001966654849119788,0.002115568510861521,0.0021134511674667554,0.0020089925752388373,0.0020365770522175965,0.002087160804179761,0.0020489114347274568,0.0019814647480927722,0.0020749700662864435,0.0019657251762844534,0.0019107988512200053,0.0021495864881020043,0.001968104082974043,0.001932290265866246,0.001981622054517331,0.0019418628328126966,0.002071829873932239,0.0020758697799721244,0.0019289978316762043,0.002076733129335538,0.0018920849980124427,0.001981046858704485,0.0019850599991827382,0.0022025129656912212,0.0020209577770452505,0.00205688929510495,0.0020768690575203447,0.002096614511162968,0.002000484677909612,0.0019303998785200121,0.002154313429085868,0.0020041418560054936,0.002127053697186659,0.0021049793044155304,0.001929196978844008,0.002075115669797656,0.0019259420965892682,0.002076232782548989,0.0019849248383428165,0.0019428004136950478
food_cpi_chainlinked,0.0,0.0,0.0,0.0,0.0,0.0,0.0,0.0,0.0,0.0,0.0,0.0,0.0,0.0,0.0,0.0,0.0,0.0,0.0,0.0,0.0,0.0,0.0,0.0,0.0,0.0,0.0,0.0,0.0,0.0,0.0,0.0,0.0,0.0,0.0,0.0,0.0,0.0,0.0,0.0,0.0,0.0,0.0,0.0,0.0,0.0,0.0,0.0,0.0,0.0,0.0,0.0,0.0,0.0,0.0,0.0,0.0,0.0,0.0,0.0,0.0,0.0,0.0,0.0,0.0,0.0,0.0,0.0,0.0,0.0,0.0,0.0,0.0,0.0,0.0,0.0,0.0,0.0,0.0,0.0,0.0,0.0,0.0,0.0,0.0,0.0,0.0,0.0,0.0,0.0,0.0,0.0,0.0,0.0,0.0,0.0,0.0,0.0,0.0,0.0
food_cpi_chainlinked_lag1,0.0,0.0,0.0,0.0,0.0,0.0,0.0,0.0,0.0,0.0,0.0,0.0,0.0,0.0,0.0,0.0,0.0,0.0,0.0,0.0,0.0,0.0,0.0,0.0,0.0,0.0,0.0,0.0,0.0,0.0,0.0,0.0,0.0,0.0,0.0,0.0,0.0,0.0,0.0,0.0,0.0,0.0,0.0,0.0,0.0,0.0,0.0,0.0,0.0,0.0,0.0,0.0,0.0,0.0,0.0,0.0,0.0,0.0,0.0,0.0,0.0,0.0,0.0,0.0,0.0,0.0,0.0,0.0,0.0,0.0,0.0,0.0,0.0,0.0,0.0,0.0,0.0,0.0,0.0,0.0,0.0,0.0,0.0,0.0,0.0,0.0,0.0,0.0,0.0,0.0,0.0,0.0,0.0,0.0,0.0,0.0,0.0,0.0,0.0,0.0
food_cpi_chainlinked_lag12,0.0,0.0,0.0,0.0,0.0,0.0,0.0,0.0,0.0,0.0,0.0,0.0,0.0,0.0,0.0,0.0,0.0,0.0,0.0,0.0,0.0,0.0,0.0,0.0,0.0,0.0,0.0,0.0,0.0,0.0,0.0,0.0,0.0,0.0,0.0,0.0,0.0,0.0,0.0,0.0,0.0,0.0,0.0,0.0,0.0,0.0,0.0,0.0,0.0,0.0,0.0,0.0,0.0,0.0,0.0,0.0,0.0,0.0,0.0,0.0,0.0,0.0,0.0,0.0,0.0,0.0,0.0,0.0,0.0,0.0,0.0,0.0,0.0,0.0,0.0,0.0,0.0,0.0,0.0,0.0,0.0,0.0,0.0,0.0,0.0,0.0,0.0,0.0,0.0,0.0,0.0,0.0,0.0,0.0,0.0,0.0,0.0,0.0,0.0,0.0
food_cpi_chainlinked_lag3,0.0,0.0,0.0,0.0,0.0,0.0,0.0,0.0,0.0,0.0,0.0,0.0,0.0,0.0,0.0,0.0,0.0,0.0,0.0,0.0,0.0,0.0,0.0,0.0,0.0,0.0,0.0,0.0,0.0,0.0,0.0,0.0,0.0,0.0,0.0,0.0,0.0,0.0,0.0,0.0,0.0,0.0,0.0,0.0,0.0,0.0,0.0,0.0,0.0,0.0,0.0,0.0,0.0,0.0,0.0,0.0,0.0,0.0,0.0,0.0,0.0,0.0,0.0,0.0,0.0,0.0,0.0,0.0,0.0,0.0,0.0,0.0,0.0,0.0,0.0,0.0,0.0,0.0,0.0,0.0,0.0,0.0,0.0,0.0,0.0,0.0,0.0,0.0,0.0,0.0,0.0,0.0,0.0,0.0,0.0,0.0,0.0,0.0,0.0,0.0
food_cpi_chainlinked_lag6,0.0,0.0,0.0,0.0,0.0,0.0,0.0,0.0,0.0,0.0,0.0,0.0,0.0,0.0,0.0,0.0,0.0,0.0,0.0,0.0,0.0,0.0,0.0,0.0,0.0,0.0,0.0,0.0,0.0,0.0,0.0,0.0,0.0,0.0,0.0,0.0,0.0,0.0,0.0,0.0,0.0,0.0,0.0,0.0,0.0,0.0,0.0,0.0,0.0,0.0,0.0,0.0,0.0,0.0,0.0,0.0,0.0,0.0,0.0,0.0,0.0,0.0,0.0,0.0,0.0,0.0,0.0,0.0,0.0,0.0,0.0,0.0,0.0,0.0,0.0,0.0,0.0,0.0,0.0,0.0,0.0,0.0,0.0,0.0,0.0,0.0,0.0,0.0,0.0,0.0,0.0,0.0,0.0,0.0,0.0,0.0,0.0,0.0,0.0,0.0
food_cpi_lag1,0.0008513976217570841,0.0008397208445745965,0.0009014282858910603,0.0008500967691527143,0.0009433561370414318,0.0008982284267074985,0.00087546299322874,0.0008528309972574992,0.0008384514519053956,0.0009168029057081812,0.0008858964965518711,0.0009569803682162977,0.0009320599275716344,0.0008341188772643863,0.0008954016865842338,0.0008514606566769325,0.0008844916597574311,0.0009036364793530656,0.00088080530118498,0.000905121708760556,0.0008372567456506136,0.0009248591618827082,0.0009259974880926851,0.0009203277877933655,0.0008728325050748406,0.0009700628852354732,0.0008693809503415603,0.000833561502877826,0.0008978133036493432,0.0008924781358328419,0.0009085054318449512,0.0009041975944555571,0.0009053727904986397,0.0008951610042935325,0.0008444057673400974,0.0008693337822917867,0.0008359264840774902,0.0008770689815591334,0.000888708775144474,0.0009067082974296179,0.0008885532285275131,0.000912841584911381,0.000854109828485712,0.0009048726259273772,0.0008896861226652062,0.0009812631279877994,0.0008582801418603906,0.0008694926717719018,0.000939310779004487,0.0008650221260941959,0.0008748979079540308,0.0008627016854448678,0.0008631398614683671,0.0008793436668895499,0.0008915776883048218,0.0008919935739676939,0.0009181467710825145,0.0008842375025338268,0.0008327502678897235,0.000907322159519045,0.0008740067293030628,0.0008465682900028035,0.0009317311578481011,0.0009113880526081622,0.0008903735351354768,0.000828170587146093,0.0008899147472530089,0.0008365638011628138,0.0009067768258029137,0.0008358480068138338,0.0009235816373341326,0.0008979782396561117,0.0008531689278786556,0.0008701763833757924,0.0009132664653249573,0.0008472841936166818,0.0009243227335771583,0.0008505043220816192,0.000890558650119396,0.0009182519825744868,0.0009234533294922241,0.0008839542464609596,0.0008426860612453964,0.000921885565236941,0.0008339541485395573,0.000846790142416481,0.0008629286691309914,0.0008667722059024294,0.0009244789296775296,0.0008825884008454898,0.0008689298412105065,0.000837284222558871,0.0009149113866668311,0.0009120782802564017,0.0008868785913110685,0.0008581773801517124,0.0009295713848044249,0.0009098921910833292,0.0009079250163836386,0.0009146788034760351
food_cpi_lag12,8.559666138227188e-05,9.040421375000863e-05,8.695314942330143e-05,8.932245092490898e-05,8.952981593785326e-05,9.38913266555637e-05,8.600645673218948e-05,9.571996117698438e-05,9.028891469766512e-05,9.064726017960563e-05,8.999906545228552e-05,9.859944740342448e-05,8.514223051796686e-05,8.460924791312262e-05,9.296124367515143e-05,9.16019201296683e-05,8.773998234593267e-05,8.656123615775625e-05,9.048682990374032e-05,8.845374959002308e-05,9.014234403141866e-05,9.248157599368862e-05,9.406374313009247e-05,8.938242891820094e-05,8.927700588617183e-05,9.497243212375294e-05,8.921380208778209e-05,8.652735423756888e-05,8.72371909983091e-05,8.626018019021586e-05,9.158213699674857e-05,8.695488665484309e-05,8.6755815972468e-05,8.535441435395314e-05,9.142967156957889e-05,8.791757869971897e-05,8.97207719340067e-05,8.751440801631384e-05,8.853577868595174e-05,9.598907901474202e-05,8.668768440750527e-05,9.047706612097222e-05,8.524708906824915e-05,9.37680101306213e-05,9.243467684804344e-05,8.900418509314642e-05,9.194187648990304e-05,9.56723669137654e-05,9.036482351313405e-05,8.897492652431161e-05,8.977103828638278e-05,8.943756944914474e-05,8.835624247851085e-05,9.3351191457996e-05,9.678919927208711e-05,9.398711123809044e-05,9.293406242485434e-05,8.324565797506879e-05,8.978156595933718e-05,8.559849438128326e-05,9.008325727012464e-05,8.983150861445195e-05,8.923919999032308e-05,8.515509421017415e-05,8.84769576151127e-05,9.244546555162628e-05,8.946968400960157e-05,8.873639056578617e-05,9.319009145257738e-05,9.331672786290868e-05,9.271146427824569e-05,9.839314973178488e-05,9.471767779961588e-05,9.601493213413151e-05,8.767395404992101e-05,9.096967165015787e-05,8.712024244770995e-05,9.604763905495262e-05,8.721229699976983e-05,8.916741520168968e-05,8.375023684822398e-05,8.780519645776808e-05,8.213821749715167e-05,8.711879042968967e-05,8.905019983584981e-05,9.15977306242356e-05,9.036613420986303e-05,9.710636361726426e-05,9.651281612200869e-05,8.520364783526886e-05,8.67530637824994e-05,8.277248544907718e-05,9.328720143438929e-05,8.229571312673652e-05,8.297726273179322e-05,8.789830477336219e-05,9.312895018982735e-05,9.322482587999727e-05,9.483960336633413e-05,9.419269121610003e-05
food_cpi_lag3,0.00011536727971612656,0.00011793068002586769,0.00011956405469918272,0.00012236828243715356,0.0001197416647412095,0.00011462649182507124,0.00011530778295035282,0.00011344851366468571,0.00011528214556888117,0.00011582189429208464,0.00012174001533754705,0.00011807415572369794,0.00011754947604599946,0.00011974517016602825,0.00011734678645596086,0.00011752411359429405,0.00011868304370939757,0.00011214580568610295,0.00011510440152671299,0.00011586042741211382,0.00011842235804871599,0.0001194002801943519,0.00011596700401232417,0.0001182099847867635,0.00011781200350312358,0.0001152094323901502,0.00011866747510839277,0.00011504428199118965,0.00011737337607901295,0.00011938894833977996,0.00011909743713311725,0.00011515450426293801,0.00012096347701620102,0.00011847499611220606,0.00011817984832267568,0.00011892335028149794,0.00011568958112840483,0.00011876139842162425,0.00012097227073154361,0.00011797589112926093,0.00011351963272077219,0.00011692993073570597,0.0001145461475376356,0.00011483194245272326,0.00011960454758759934,0.00011648949606214271,0.00011416893179685564,0.00011955861055553782,0.00011963837529713219,0.00011800843676384423,0.00011414929142133754,0.00011604922918250606,0.00011802858918801778,0.00011361283411238448,0.00011951733798976393,0.00011973196030093076,0.00011695557717571974,0.0001172385084064545,0.0001166984495738029,0.00012165513554251489,0.00011674711355845347,0.00011482321467794339,0.00011586364612704447,0.00011618775984026836,0.00012041726098601559,0.00011488874244431047,0.00011524079223947563,0.00011747996794417233,0.00011971515059931328,0.00011417436924199989,0.00011762674490817077,0.00011880073046088064,0.00011706896099918172,0.00011697402558970124,0.0001159891353664133,0.00011665674868561044,0.00011651720756856407,0.00012307443492210311,0.00011811283768702291,0.00011660756481897531,0.00011822442811999915,0.00011723982092091753,0.00011603028948823397,0.00011596000433020202,0.00011447092084444833,0.00011625506370354076,0.0001162031131653209,0.00011852938582859754,0.00012021764883982999,0.00011606138829688823,0.00011773312581575162,0.0001183632854677562,0.00011936649888222991,0.00011507215699324933,0.0001170703349851928,0.00012153715037132097,0.00011425038955185314,0.00011853400522311461,0.00011901632563135181,0.00012184022368221775
food_cpi_lag6,0.00043151559988827316,0.0004199357996415154,0.00040539032895326246,0.00041487871131263903,0.0004065478904451725,0.00040928404964635175,0.00041636441875405976,0.0003995876420248143,0.0004276498314057489,0.0004274485818527541,0.00041364242976404123,0.00038331707526869903,0.00040295002230020786,0.00041036143512680377,0.00042660165275398864,0.00042839871020184213,0.0004152343536131315,0.00039057740318191057,0.00040130561627087674,0.00042679699509307544,0.00042591884949490726,0.0003786514263492132,0.00041433894641059815,0.00041973185831561347,0.00041914882322836324,0.0003978793626282238,0.0004041496904668436,0.0004268559778920324,0.00042070934916618285,0.00042026829947585726,0.00041311742574634677,0.0004006444413556857,0.00042559097542217304,0.00040169845780600673,0.0004219735919236314,0.0004201886572555643,0.000413702391126573,0.00041102193243894146,0.00041669467383747557,0.0004170617123061805,0.0004149333783087955,0.0004093638512648493,0.00042556111991348927,0.0004199397103607737,0.0004087061246213027,0.0004175993931409694,0.000389933451789054,0.0004127832109351521,0.0003892480322783922,0.00040749417266983915,0.00040257413996276853,0.00040127145363631083,0.00040250842307171713,0.0004265798180922609,0.00040894215045981445,0.0004160895183929252,0.00041462939355992875,0.0003935467883085818,0.0004076860749321489,0.0004030556019184773,0.0004085826813169415,0.00040544107269683405,0.00040229503868766044,0.000419506038300657,0.00040991561007837005,0.00039960453293194355,0.0004120994496800062,0.0004132800479082094,0.00042733429494687327,0.00040791408088780665,0.0003894069845858239,0.0004210052267809606,0.00041429250706128616,0.0004131963333208821,0.0004070419765137306,0.00043059709521101785,0.0004113670628134796,0.00039411819005851666,0.00040985812436920393,0.00038364206105239275,0.0003911318809238794,0.0004086679897256314,0.0003940125932470941,0.00039988231001289405,0.00038101998051105285,0.0004224702066711675,0.0004142879553748522,0.0003944662095255137,0.00041407859338520725,0.00043277018877058664,0.0004012059249058417,0.00038771984617954046,0.0004387809004791446,0.0003955243169821753,0.00041865189241604034,0.00040238435454718034,0.00039452439453002914,0.00040940384816293515,0.0004423722077490154,0.00040708682252373095
food_cpi_yoy_change,0.009776231205031266,0.009504964838311073,0.00994109960344091,0.009825013505791111,0.010305220554544211,0.00971789802849618,0.00999773052543385,0.00950690579803174,0.009918241248119962,0.009722625587871164,0.009557414994697363,0.009559126615229759,0.009714240485889383,0.009972195852564916,0.009766855017355823,0.00954267668425799,0.01030325200828885,0.009648853902464952,0.00975291998207722,0.009799228174023181,0.009983309660174544,0.009784376661895291,0.009848280610009549,0.010052103233137061,0.010054490997253071,0.010039448305176156,0.01002399676604411,0.009972640113237272,0.010054478244994992,0.00991496901339424,0.010089583531439206,0.00955586337264363,0.009809809493029837,0.009655152890165037,0.009935594706724928,0.009836872625119696,0.010015165792536146,0.009889369326143278,0.009593442273819516,0.010014800708021087,0.010169270499725103,0.009804605093363318,0.009801557732567164,0.010041568977936647,0.009874271033759171,0.010127506252754867,0.009764093607860142,0.010025215845461389,0.009870806705657993,0.010003207005985245,0.009731569933312,0.010002987021700048,0.010259060011431865,0.00967796365899584,0.01006898558442304,0.010111437094749097,0.010219118254700467,0.010127889376523017,0.009678104366334907,0.00985788047944213,0.01015307444897837,0.009820133214474999,0.009564419474572925,0.009651725565967407,0.009898394107642013,0.009737710013655912,0.00979047126873937,0.00980145057523607,0.009886238627281815,0.009832383178944491,0.009919314881415685,0.010101829486891204,0.00983566452656359,0.009987311826379658,0.009900908684558856,0.009776173310060783,0.009841650077217342,0.010288692670760212,0.009548719563653045,0.009809965021971593,0.009755579386744585,0.00986181297889037,0.010042215726008765,0.009847353967005487,0.010003262795919258,0.009882502463699901,0.009432103853015386,0.009940835769846458,0.009783606495545294,0.010128163176803548,0.009975171408507063,0.009713210695355056,0.010104434942798349,0.010011153263298588,0.009762528388392375,0.010025582419935898,0.009791333019561336,0.009848401063131335,0.009984465523039165,0.009749897608757333
food_cpi_yoy_change_lag1,0.004443538004160153,0.004604989406134544,0.0047134236953468075,0.004799111816229323,0.004557700558974336,0.004748549818446451,0.004895476177869862,0.004573723852878348,0.004668519908398084,0.004598321585711593,0.004512264781923652,0.004603422612408652,0.004498629176212614,0.004779670318412505,0.004685045823967759,0.004752505766222217,0.004614466748460986,0.004743860042310919,0.004619154573635605,0.004688864719877701,0.0048514890806160395,0.004764952892914004,0.00456833874537938,0.004799748713669147,0.00461796962957684,0.00478135045159308,0.004901819511070388,0.005034593550857604,0.004924709524590075,0.0049163319214743356,0.004541988189988098,0.004839198560732095,0.004647646006755113,0.004787255974385721,0.004564190772418293,0.004693238164571881,0.004454011679707343,0.004726314807499986,0.004820286234987134,0.004750807944902465,0.0047344822296414785,0.004639421524917045,0.004653948996081245,0.004447247141672027,0.0047536857863507325,0.004857441457944521,0.004695343994298497,0.004743229009744855,0.004771245220135203,0.004647335591124245,0.004688819991026184,0.004731358594916378,0.004834996368640422,0.0047221126685745235,0.004740678043459176,0.004862516918724173,0.004751537594000383,0.0049757446855592,0.004879573811486099,0.004557656654389897,0.004799345355487979,0.004644133933870285,0.004500606442208571,0.00459049371737756,0.004396188017082921,0.004654624064610737,0.00477902774299412,0.00477610708189758,0.004779507281706849,0.004769298177814398,0.004768127611670527,0.004860974411913814,0.004750985565860939,0.004843601775049534,0.0045074683133952366,0.0048066908649300345,0.004771903154281629,0.004875604396550501,0.00469739454420151,0.0048777302445906804,0.004675694785336016,0.0046202450738965905,0.004614265820857818,0.0047336025170762065,0.004533491680632218,0.004679543112790768,0.004765542735244592,0.004613744015549936,0.004731180173331412,0.004690588350590798,0.004687784554951312,0.004739854084131783,0.004734912497718388,0.004617023292860322,0.004651570996792449,0.004739806418545098,0.004768600772024731,0.004618198416716264,0.004616843535873513,0.004801447328404711
food_cpi_yoy_change_lag12,0.0024335874518375713,0.002430144370918524,0.0023899968273891426,0.0024363200486816976,0.0024290638464825,0.002368439017204353,0.002455960753520988,0.0024120909611137263,0.0024608094078084368,0.002416943345833351,0.002413491300050763,0.0024119935276756786,0.0024804001798746584,0.002475631903417362,0.0024208411049892195,0.002424280941383521,0.0024635469459969063,0.0024174841633741407,0.002435014001495514,0.002418058917306883,0.0024351246289914027,0.0024522186518538156,0.0024070948634869974,0.0024409198823717236,0.002466433917431275,0.0023736020561701023,0.0023688511386914775,0.0024975360627623572,0.002387653882027166,0.002434620146528452,0.002373098267860623,0.002364627549037841,0.0024391596659945982,0.0023695285707773877,0.002439679173023804,0.002463921865999822,0.002398687034968757,0.0024256028409782486,0.0024281302486270605,0.0024348519706495716,0.0024213871852417006,0.0024332449539436647,0.0024202341191969386,0.0023964145101910217,0.0023968127563215274,0.0024088639367482348,0.002414302017316068,0.0024767119985066094,0.0024415727491375492,0.0023933744522067414,0.002418571012319574,0.0024214026674350595,0.00240660807422476,0.0023590188069825668,0.0024192182821516665,0.002423248408661784,0.0024033421361298293,0.0024287346737643122,0.0024297659081619636,0.0023897507756927903,0.002474188382992504,0.0023634776272512125,0.002423712977300108,0.0023631381039334793,0.0023848727767100575,0.0024609286530911305,0.002395645555255329,0.0024099112086620224,0.002425768399152203,0.0024560199416736803,0.0024190187413088613,0.0024649724210024375,0.0024322032532542222,0.002462871017910185,0.002459437164090435,0.002374411783623975,0.0024395750448611623,0.0024505073835802047,0.0025010864443825065,0.002432355064618497,0.0024258391436747305,0.002422813236137519,0.002381831335560711,0.002389216765997902,0.0024336520543873433,0.002368805684493771,0.002379412997418885,0.0023458034180624063,0.002416004377286791,0.002420636237161253,0.0024402396633881715,0.0023910994387602623,0.0024587793328418165,0.002420768997869136,0.0024395504409769966,0.0024355955992673003,0.0023726090901962553,0.00240039385808921,0.00244116074334267,0.002398605579915254
food_cpi_yoy_change_lag3,0.0010330094472203709,0.00101619379257406,0.001040990114018573,0.001051213119278313,0.0010340342173138163,0.0010414964637965422,0.0010288812340529003,0.0010351567759562291,0.0010320853022448757,0.0010306069233448015,0.0010474439053543957,0.0010282750949631538,0.0010347412745281925,0.001025413912776414,0.0010136297255475845,0.0010410595004125597,0.0010289099954664475,0.0010409612153209117,0.0010238381048972643,0.0010425302321255192,0.0010384069102895982,0.0010348552104607585,0.0010225203328443277,0.001027700416973533,0.0010403879923420445,0.0010217683973024472,0.0010548225549606284,0.0010521137841109165,0.001064568957559902,0.0010456463636662053,0.0010414580045709177,0.0010339850906907401,0.0010105438842653478,0.0010150444858443644,0.0010398471070730865,0.001042380859095827,0.0010276678222902581,0.0010088087090127508,0.0010543260803895123,0.0010386796571681335,0.001057670467869482,0.0010230928201731642,0.0010082714623653344,0.0010495310137658962,0.0010219120600762448,0.0010624346222884032,0.0010430398325141283,0.0010277933263426531,0.0010281705896960144,0.0010226375732266069,0.0010346320098507996,0.0010322984493192314,0.0010455028420329297,0.0010268243576921883,0.0010585185026727793,0.001049168727898474,0.0010285230416422447,0.0010131639543124729,0.0010262858124796604,0.0010310179580679823,0.001045968467969829,0.00101836241776168,0.0010005231440492943,0.0010685216388374302,0.0010437707827983102,0.001039902905242137,0.0010575588498390848,0.0010182550989033228,0.0010343797300753279,0.0010175414513083133,0.0010470143049583225,0.001018871161354811,0.0010114241579982656,0.0010217900493873504,0.0010417379677331677,0.0010074830681798702,0.001009307237141306,0.0010248006144456573,0.001041798147263958,0.0010417952549578256,0.0010462784783363862,0.0010485858638188239,0.0010053653030507163,0.001029620424929005,0.0010284732521889702,0.001027616632247782,0.001008253198335869,0.0010532183409194488,0.001035976407188521,0.0010311347199041523,0.001041969300503698,0.001041923728725713,0.0010552020842751605,0.0010343377354975502,0.00101654080407237,0.001054720971505161,0.0010292782204234015,0.0010349716476958214,0.0010145594347175145,0.0010267025599493328
food_cpi_yoy_change_lag6,0.004910383982811409,0.0049132966776131,0.004991091421777684,0.004791646231553312,0.004829796025814878,0.0048562739196434624,0.004920267070636534,0.004953337878437444,0.004832584267093949,0.0047650686376827745,0.004851342603728803,0.00487543621680232,0.0047248961814352055,0.004842538826695912,0.005056350948764661,0.004946441359893824,0.004907291107942795,0.0050587858979026555,0.004932922893284137,0.004861124418097438,0.005119066927267085,0.004853812499155642,0.004820664797146631,0.004929236707125268,0.004805798998412344,0.005000592390971298,0.0049215642585283504,0.00485361091425582,0.004872970523253557,0.00484395129082299,0.004819421034648223,0.0051065389472821545,0.004838700954827401,0.004828219522938667,0.004834183756894515,0.005048331733551352,0.004948055335006235,0.004976283815117994,0.004896621645464876,0.00501844434956509,0.005017379378665977,0.004931151677948841,0.00470497155320375,0.00494116638241409,0.004769750360754274,0.005013154290797763,0.004880266977516514,0.004928816935809791,0.004852063342796483,0.005014088667165604,0.005084130121170035,0.00478076609156851,0.004912954203339694,0.0048734354404147695,0.004872199683177,0.0049081714168252655,0.004933022444050957,0.0048261921858611685,0.0050583634262980365,0.0047474328386407725,0.004873749386748007,0.005076965397793293,0.0049354425922943715,0.004872496829871435,0.004872109121215588,0.004793812435800357,0.004925711069184081,0.0050696070057586135,0.004897952595567543,0.004907961181037802,0.004807126506027978,0.004955313176178908,0.004675239770627581,0.004854019524322616,0.004803540489268074,0.005096189656023005,0.00480510703297017,0.004947669894079079,0.004900633218795257,0.004952308843638607,0.004974636201199795,0.004920078473476715,0.004922133015425011,0.00496456561047067,0.004859844858329448,0.004870989011874418,0.005083015385412291,0.004868601841544842,0.004872031520481374,0.004960047427707547,0.0050326598786637755,0.004729293894023988,0.004884457855509161,0.004776653130374864,0.004896202004463859,0.004989948646718825,0.004824574253109866,0.004970479406463979,0.004780987306550052,0.004868075136208407
fuel_diesel_n_markets,0.0,0.0,0.0,0.0,0.0,0.0,0.0,0.0,0.0,0.0,0.0,0.0,0.0,0.0,0.0,0.0,0.0,0.0,0.0,0.0,0.0,0.0,0.0,0.0,0.0,0.0,0.0,0.0,0.0,0.0,0.0,0.0,0.0,0.0,0.0,0.0,0.0,0.0,0.0,0.0,0.0,0.0,0.0,0.0,0.0,0.0,0.0,0.0,0.0,0.0,0.0,0.0,0.0,0.0,0.0,0.0,0.0,0.0,0.0,0.0,0.0,0.0,0.0,0.0,0.0,0.0,0.0,0.0,0.0,0.0,0.0,0.0,0.0,0.0,0.0,0.0,0.0,0.0,0.0,0.0,0.0,0.0,0.0,0.0,0.0,0.0,0.0,0.0,0.0,0.0,0.0,0.0,0.0,0.0,0.0,0.0,0.0,0.0,0.0,0.0
fuel_diesel_price_etb,0.0,0.0,0.0,0.0,0.0,0.0,0.0,0.0,0.0,0.0,0.0,0.0,0.0,0.0,0.0,0.0,0.0,0.0,0.0,0.0,0.0,0.0,0.0,0.0,0.0,0.0,0.0,0.0,0.0,0.0,0.0,0.0,0.0,0.0,0.0,0.0,0.0,0.0,0.0,0.0,0.0,0.0,0.0,0.0,0.0,0.0,0.0,0.0,0.0,0.0,0.0,0.0,0.0,0.0,0.0,0.0,0.0,0.0,0.0,0.0,0.0,0.0,0.0,0.0,0.0,0.0,0.0,0.0,0.0,0.0,0.0,0.0,0.0,0.0,0.0,0.0,0.0,0.0,0.0,0.0,0.0,0.0,0.0,0.0,0.0,0.0,0.0,0.0,0.0,0.0,0.0,0.0,0.0,0.0,0.0,0.0,0.0,0.0,0.0,0.0
fuel_diesel_price_etb_lag1,0.0,0.0,0.0,0.0,0.0,0.0,0.0,0.0,0.0,0.0,0.0,0.0,0.0,0.0,0.0,0.0,0.0,0.0,0.0,0.0,0.0,0.0,0.0,0.0,0.0,0.0,0.0,0.0,0.0,0.0,0.0,0.0,0.0,0.0,0.0,0.0,0.0,0.0,0.0,0.0,0.0,0.0,0.0,0.0,0.0,0.0,0.0,0.0,0.0,0.0,0.0,0.0,0.0,0.0,0.0,0.0,0.0,0.0,0.0,0.0,0.0,0.0,0.0,0.0,0.0,0.0,0.0,0.0,0.0,0.0,0.0,0.0,0.0,0.0,0.0,0.0,0.0,0.0,0.0,0.0,0.0,0.0,0.0,0.0,0.0,0.0,0.0,0.0,0.0,0.0,0.0,0.0,0.0,0.0,0.0,0.0,0.0,0.0,0.0,0.0
fuel_diesel_price_etb_lag12,0.0,0.0,0.0,0.0,0.0,0.0,0.0,0.0,0.0,0.0,0.0,0.0,0.0,0.0,0.0,0.0,0.0,0.0,0.0,0.0,0.0,0.0,0.0,0.0,0.0,0.0,0.0,0.0,0.0,0.0,0.0,0.0,0.0,0.0,0.0,0.0,0.0,0.0,0.0,0.0,0.0,0.0,0.0,0.0,0.0,0.0,0.0,0.0,0.0,0.0,0.0,0.0,0.0,0.0,0.0,0.0,0.0,0.0,0.0,0.0,0.0,0.0,0.0,0.0,0.0,0.0,0.0,0.0,0.0,0.0,0.0,0.0,0.0,0.0,0.0,0.0,0.0,0.0,0.0,0.0,0.0,0.0,0.0,0.0,0.0,0.0,0.0,0.0,0.0,0.0,0.0,0.0,0.0,0.0,0.0,0.0,0.0,0.0,0.0,0.0
fuel_diesel_price_etb_lag3,0.0,0.0,0.0,0.0,0.0,0.0,0.0,0.0,0.0,0.0,0.0,0.0,0.0,0.0,0.0,0.0,0.0,0.0,0.0,0.0,0.0,0.0,0.0,0.0,0.0,0.0,0.0,0.0,0.0,0.0,0.0,0.0,0.0,0.0,0.0,0.0,0.0,0.0,0.0,0.0,0.0,0.0,0.0,0.0,0.0,0.0,0.0,0.0,0.0,0.0,0.0,0.0,0.0,0.0,0.0,0.0,0.0,0.0,0.0,0.0,0.0,0.0,0.0,0.0,0.0,0.0,0.0,0.0,0.0,0.0,0.0,0.0,0.0,0.0,0.0,0.0,0.0,0.0,0.0,0.0,0.0,0.0,0.0,0.0,0.0,0.0,0.0,0.0,0.0,0.0,0.0,0.0,0.0,0.0,0.0,0.0,0.0,0.0,0.0,0.0
fuel_diesel_price_etb_lag6,0.0,0.0,0.0,0.0,0.0,0.0,0.0,0.0,0.0,0.0,0.0,0.0,0.0,0.0,0.0,0.0,0.0,0.0,0.0,0.0,0.0,0.0,0.0,0.0,0.0,0.0,0.0,0.0,0.0,0.0,0.0,0.0,0.0,0.0,0.0,0.0,0.0,0.0,0.0,0.0,0.0,0.0,0.0,0.0,0.0,0.0,0.0,0.0,0.0,0.0,0.0,0.0,0.0,0.0,0.0,0.0,0.0,0.0,0.0,0.0,0.0,0.0,0.0,0.0,0.0,0.0,0.0,0.0,0.0,0.0,0.0,0.0,0.0,0.0,0.0,0.0,0.0,0.0,0.0,0.0,0.0,0.0,0.0,0.0,0.0,0.0,0.0,0.0,0.0,0.0,0.0,0.0,0.0,0.0,0.0,0.0,0.0,0.0,0.0,0.0
fuel_diesel_price_index,0.0,0.0,0.0,0.0,0.0,0.0,0.0,0.0,0.0,0.0,0.0,0.0,0.0,0.0,0.0,0.0,0.0,0.0,0.0,0.0,0.0,0.0,0.0,0.0,0.0,0.0,0.0,0.0,0.0,0.0,0.0,0.0,0.0,0.0,0.0,0.0,0.0,0.0,0.0,0.0,0.0,0.0,0.0,0.0,0.0,0.0,0.0,0.0,0.0,0.0,0.0,0.0,0.0,0.0,0.0,0.0,0.0,0.0,0.0,0.0,0.0,0.0,0.0,0.0,0.0,0.0,0.0,0.0,0.0,0.0,0.0,0.0,0.0,0.0,0.0,0.0,0.0,0.0,0.0,0.0,0.0,0.0,0.0,0.0,0.0,0.0,0.0,0.0,0.0,0.0,0.0,0.0,0.0,0.0,0.0,0.0,0.0,0.0,0.0,0.0
fuel_diesel_price_index_lag1,0.0,0.0,0.0,0.0,0.0,0.0,0.0,0.0,0.0,0.0,0.0,0.0,0.0,0.0,0.0,0.0,0.0,0.0,0.0,0.0,0.0,0.0,0.0,0.0,0.0,0.0,0.0,0.0,0.0,0.0,0.0,0.0,0.0,0.0,0.0,0.0,0.0,0.0,0.0,0.0,0.0,0.0,0.0,0.0,0.0,0.0,0.0,0.0,0.0,0.0,0.0,0.0,0.0,0.0,0.0,0.0,0.0,0.0,0.0,0.0,0.0,0.0,0.0,0.0,0.0,0.0,0.0,0.0,0.0,0.0,0.0,0.0,0.0,0.0,0.0,0.0,0.0,0.0,0.0,0.0,0.0,0.0,0.0,0.0,0.0,0.0,0.0,0.0,0.0,0.0,0.0,0.0,0.0,0.0,0.0,0.0,0.0,0.0,0.0,0.0
fuel_diesel_price_index_lag12,0.0,0.0,0.0,0.0,0.0,0.0,0.0,0.0,0.0,0.0,0.0,0.0,0.0,0.0,0.0,0.0,0.0,0.0,0.0,0.0,0.0,0.0,0.0,0.0,0.0,0.0,0.0,0.0,0.0,0.0,0.0,0.0,0.0,0.0,0.0,0.0,0.0,0.0,0.0,0.0,0.0,0.0,0.0,0.0,0.0,0.0,0.0,0.0,0.0,0.0,0.0,0.0,0.0,0.0,0.0,0.0,0.0,0.0,0.0,0.0,0.0,0.0,0.0,0.0,0.0,0.0,0.0,0.0,0.0,0.0,0.0,0.0,0.0,0.0,0.0,0.0,0.0,0.0,0.0,0.0,0.0,0.0,0.0,0.0,0.0,0.0,0.0,0.0,0.0,0.0,0.0,0.0,0.0,0.0,0.0,0.0,0.0,0.0,0.0,0.0
fuel_diesel_price_index_lag3,0.0,0.0,0.0,0.0,0.0,0.0,0.0,0.0,0.0,0.0,0.0,0.0,0.0,0.0,0.0,0.0,0.0,0.0,0.0,0.0,0.0,0.0,0.0,0.0,0.0,0.0,0.0,0.0,0.0,0.0,0.0,0.0,0.0,0.0,0.0,0.0,0.0,0.0,0.0,0.0,0.0,0.0,0.0,0.0,0.0,0.0,0.0,0.0,0.0,0.0,0.0,0.0,0.0,0.0,0.0,0.0,0.0,0.0,0.0,0.0,0.0,0.0,0.0,0.0,0.0,0.0,0.0,0.0,0.0,0.0,0.0,0.0,0.0,0.0,0.0,0.0,0.0,0.0,0.0,0.0,0.0,0.0,0.0,0.0,0.0,0.0,0.0,0.0,0.0,0.0,0.0,0.0,0.0,0.0,0.0,0.0,0.0,0.0,0.0,0.0
fuel_diesel_price_index_lag6,0.0,0.0,0.0,0.0,0.0,0.0,0.0,0.0,0.0,0.0,0.0,0.0,0.0,0.0,0.0,0.0,0.0,0.0,0.0,0.0,0.0,0.0,0.0,0.0,0.0,0.0,0.0,0.0,0.0,0.0,0.0,0.0,0.0,0.0,0.0,0.0,0.0,0.0,0.0,0.0,0.0,0.0,0.0,0.0,0.0,0.0,0.0,0.0,0.0,0.0,0.0,0.0,0.0,0.0,0.0,0.0,0.0,0.0,0.0,0.0,0.0,0.0,0.0,0.0,0.0,0.0,0.0,0.0,0.0,0.0,0.0,0.0,0.0,0.0,0.0,0.0,0.0,0.0,0.0,0.0,0.0,0.0,0.0,0.0,0.0,0.0,0.0,0.0,0.0,0.0,0.0,0.0,0.0,0.0,0.0,0.0,0.0,0.0,0.0,0.0
fuel_petrol_n_markets,0.0,0.0,0.0,0.0,0.0,0.0,0.0,0.0,0.0,0.0,0.0,0.0,0.0,0.0,0.0,0.0,0.0,0.0,0.0,0.0,0.0,0.0,0.0,0.0,0.0,0.0,0.0,0.0,0.0,0.0,0.0,0.0,0.0,0.0,0.0,0.0,0.0,0.0,0.0,0.0,0.0,0.0,0.0,0.0,0.0,0.0,0.0,0.0,0.0,0.0,0.0,0.0,0.0,0.0,0.0,0.0,0.0,0.0,0.0,0.0,0.0,0.0,0.0,0.0,0.0,0.0,0.0,0.0,0.0,0.0,0.0,0.0,0.0,0.0,0.0,0.0,0.0,0.0,0.0,0.0,0.0,0.0,0.0,0.0,0.0,0.0,0.0,0.0,0.0,0.0,0.0,0.0,0.0,0.0,0.0,0.0,0.0,0.0,0.0,0.0
fuel_petrol_price_etb,0.0,0.0,0.0,0.0,0.0,0.0,0.0,0.0,0.0,0.0,0.0,0.0,0.0,0.0,0.0,0.0,0.0,0.0,0.0,0.0,0.0,0.0,0.0,0.0,0.0,0.0,0.0,0.0,0.0,0.0,0.0,0.0,0.0,0.0,0.0,0.0,0.0,0.0,0.0,0.0,0.0,0.0,0.0,0.0,0.0,0.0,0.0,0.0,0.0,0.0,0.0,0.0,0.0,0.0,0.0,0.0,0.0,0.0,0.0,0.0,0.0,0.0,0.0,0.0,0.0,0.0,0.0,0.0,0.0,0.0,0.0,0.0,0.0,0.0,0.0,0.0,0.0,0.0,0.0,0.0,0.0,0.0,0.0,0.0,0.0,0.0,0.0,0.0,0.0,0.0,0.0,0.0,0.0,0.0,0.0,0.0,0.0,0.0,0.0,0.0
fuel_petrol_price_etb_lag1,0.0,0.0,0.0,0.0,0.0,0.0,0.0,0.0,0.0,0.0,0.0,0.0,0.0,0.0,0.0,0.0,0.0,0.0,0.0,0.0,0.0,0.0,0.0,0.0,0.0,0.0,0.0,0.0,0.0,0.0,0.0,0.0,0.0,0.0,0.0,0.0,0.0,0.0,0.0,0.0,0.0,0.0,0.0,0.0,0.0,0.0,0.0,0.0,0.0,0.0,0.0,0.0,0.0,0.0,0.0,0.0,0.0,0.0,0.0,0.0,0.0,0.0,0.0,0.0,0.0,0.0,0.0,0.0,0.0,0.0,0.0,0.0,0.0,0.0,0.0,0.0,0.0,0.0,0.0,0.0,0.0,0.0,0.0,0.0,0.0,0.0,0.0,0.0,0.0,0.0,0.0,0.0,0.0,0.0,0.0,0.0,0.0,0.0,0.0,0.0
fuel_petrol_price_etb_lag12,0.0,0.0,0.0,0.0,0.0,0.0,0.0,0.0,0.0,0.0,0.0,0.0,0.0,0.0,0.0,0.0,0.0,0.0,0.0,0.0,0.0,0.0,0.0,0.0,0.0,0.0,0.0,0.0,0.0,0.0,0.0,0.0,0.0,0.0,0.0,0.0,0.0,0.0,0.0,0.0,0.0,0.0,0.0,0.0,0.0,0.0,0.0,0.0,0.0,0.0,0.0,0.0,0.0,0.0,0.0,0.0,0.0,0.0,0.0,0.0,0.0,0.0,0.0,0.0,0.0,0.0,0.0,0.0,0.0,0.0,0.0,0.0,0.0,0.0,0.0,0.0,0.0,0.0,0.0,0.0,0.0,0.0,0.0,0.0,0.0,0.0,0.0,0.0,0.0,0.0,0.0,0.0,0.0,0.0,0.0,0.0,0.0,0.0,0.0,0.0
fuel_petrol_price_etb_lag3,0.0,0.0,0.0,0.0,0.0,0.0,0.0,0.0,0.0,0.0,0.0,0.0,0.0,0.0,0.0,0.0,0.0,0.0,0.0,0.0,0.0,0.0,0.0,0.0,0.0,0.0,0.0,0.0,0.0,0.0,0.0,0.0,0.0,0.0,0.0,0.0,0.0,0.0,0.0,0.0,0.0,0.0,0.0,0.0,0.0,0.0,0.0,0.0,0.0,0.0,0.0,0.0,0.0,0.0,0.0,0.0,0.0,0.0,0.0,0.0,0.0,0.0,0.0,0.0,0.0,0.0,0.0,0.0,0.0,0.0,0.0,0.0,0.0,0.0,0.0,0.0,0.0,0.0,0.0,0.0,0.0,0.0,0.0,0.0,0.0,0.0,0.0,0.0,0.0,0.0,0.0,0.0,0.0,0.0,0.0,0.0,0.0,0.0,0.0,0.0
fuel_petrol_price_etb_lag6,0.0,0.0,0.0,0.0,0.0,0.0,0.0,0.0,0.0,0.0,0.0,0.0,0.0,0.0,0.0,0.0,0.0,0.0,0.0,0.0,0.0,0.0,0.0,0.0,0.0,0.0,0.0,0.0,0.0,0.0,0.0,0.0,0.0,0.0,0.0,0.0,0.0,0.0,0.0,0.0,0.0,0.0,0.0,0.0,0.0,0.0,0.0,0.0,0.0,0.0,0.0,0.0,0.0,0.0,0.0,0.0,0.0,0.0,0.0,0.0,0.0,0.0,0.0,0.0,0.0,0.0,0.0,0.0,0.0,0.0,0.0,0.0,0.0,0.0,0.0,0.0,0.0,0.0,0.0,0.0,0.0,0.0,0.0,0.0,0.0,0.0,0.0,0.0,0.0,0.0,0.0,0.0,0.0,0.0,0.0,0.0,0.0,0.0,0.0,0.0
fuel_petrol_price_index,0.0,0.0,0.0,0.0,0.0,0.0,0.0,0.0,0.0,0.0,0.0,0.0,0.0,0.0,0.0,0.0,0.0,0.0,0.0,0.0,0.0,0.0,0.0,0.0,0.0,0.0,0.0,0.0,0.0,0.0,0.0,0.0,0.0,0.0,0.0,0.0,0.0,0.0,0.0,0.0,0.0,0.0,0.0,0.0,0.0,0.0,0.0,0.0,0.0,0.0,0.0,0.0,0.0,0.0,0.0,0.0,0.0,0.0,0.0,0.0,0.0,0.0,0.0,0.0,0.0,0.0,0.0,0.0,0.0,0.0,0.0,0.0,0.0,0.0,0.0,0.0,0.0,0.0,0.0,0.0,0.0,0.0,0.0,0.0,0.0,0.0,0.0,0.0,0.0,0.0,0.0,0.0,0.0,0.0,0.0,0.0,0.0,0.0,0.0,0.0
fuel_petrol_price_index_lag1,0.0,0.0,0.0,0.0,0.0,0.0,0.0,0.0,0.0,0.0,0.0,0.0,0.0,0.0,0.0,0.0,0.0,0.0,0.0,0.0,0.0,0.0,0.0,0.0,0.0,0.0,0.0,0.0,0.0,0.0,0.0,0.0,0.0,0.0,0.0,0.0,0.0,0.0,0.0,0.0,0.0,0.0,0.0,0.0,0.0,0.0,0.0,0.0,0.0,0.0,0.0,0.0,0.0,0.0,0.0,0.0,0.0,0.0,0.0,0.0,0.0,0.0,0.0,0.0,0.0,0.0,0.0,0.0,0.0,0.0,0.0,0.0,0.0,0.0,0.0,0.0,0.0,0.0,0.0,0.0,0.0,0.0,0.0,0.0,0.0,0.0,0.0,0.0,0.0,0.0,0.0,0.0,0.0,0.0,0.0,0.0,0.0,0.0,0.0,0.0
fuel_petrol_price_index_lag12,0.0,0.0,0.0,0.0,0.0,0.0,0.0,0.0,0.0,0.0,0.0,0.0,0.0,0.0,0.0,0.0,0.0,0.0,0.0,0.0,0.0,0.0,0.0,0.0,0.0,0.0,0.0,0.0,0.0,0.0,0.0,0.0,0.0,0.0,0.0,0.0,0.0,0.0,0.0,0.0,0.0,0.0,0.0,0.0,0.0,0.0,0.0,0.0,0.0,0.0,0.0,0.0,0.0,0.0,0.0,0.0,0.0,0.0,0.0,0.0,0.0,0.0,0.0,0.0,0.0,0.0,0.0,0.0,0.0,0.0,0.0,0.0,0.0,0.0,0.0,0.0,0.0,0.0,0.0,0.0,0.0,0.0,0.0,0.0,0.0,0.0,0.0,0.0,0.0,0.0,0.0,0.0,0.0,0.0,0.0,0.0,0.0,0.0,0.0,0.0
fuel_petrol_price_index_lag3,0.0,0.0,0.0,0.0,0.0,0.0,0.0,0.0,0.0,0.0,0.0,0.0,0.0,0.0,0.0,0.0,0.0,0.0,0.0,0.0,0.0,0.0,0.0,0.0,0.0,0.0,0.0,0.0,0.0,0.0,0.0,0.0,0.0,0.0,0.0,0.0,0.0,0.0,0.0,0.0,0.0,0.0,0.0,0.0,0.0,0.0,0.0,0.0,0.0,0.0,0.0,0.0,0.0,0.0,0.0,0.0,0.0,0.0,0.0,0.0,0.0,0.0,0.0,0.0,0.0,0.0,0.0,0.0,0.0,0.0,0.0,0.0,0.0,0.0,0.0,0.0,0.0,0.0,0.0,0.0,0.0,0.0,0.0,0.0,0.0,0.0,0.0,0.0,0.0,0.0,0.0,0.0,0.0,0.0,0.0,0.0,0.0,0.0,0.0,0.0
fuel_petrol_price_index_lag6,0.0,0.0,0.0,0.0,0.0,0.0,0.0,0.0,0.0,0.0,0.0,0.0,0.0,0.0,0.0,0.0,0.0,0.0,0.0,0.0,0.0,0.0,0.0,0.0,0.0,0.0,0.0,0.0,0.0,0.0,0.0,0.0,0.0,0.0,0.0,0.0,0.0,0.0,0.0,0.0,0.0,0.0,0.0,0.0,0.0,0.0,0.0,0.0,0.0,0.0,0.0,0.0,0.0,0.0,0.0,0.0,0.0,0.0,0.0,0.0,0.0,0.0,0.0,0.0,0.0,0.0,0.0,0.0,0.0,0.0,0.0,0.0,0.0,0.0,0.0,0.0,0.0,0.0,0.0,0.0,0.0,0.0,0.0,0.0,0.0,0.0,0.0,0.0,0.0,0.0,0.0,0.0,0.0,0.0,0.0,0.0,0.0,0.0,0.0,0.0
gdp_per_capita,0.0,0.0,0.0,0.0,0.0,0.0,0.0,0.0,0.0,0.0,0.0,0.0,0.0,0.0,0.0,0.0,0.0,0.0,0.0,0.0,0.0,0.0,0.0,0.0,0.0,0.0,0.0,0.0,0.0,0.0,0.0,0.0,0.0,0.0,0.0,0.0,0.0,0.0,0.0,0.0,0.0,0.0,0.0,0.0,0.0,0.0,0.0,0.0,0.0,0.0,0.0,0.0,0.0,0.0,0.0,0.0,0.0,0.0,0.0,0.0,0.0,0.0,0.0,0.0,0.0,0.0,0.0,0.0,0.0,0.0,0.0,0.0,0.0,0.0,0.0,0.0,0.0,0.0,0.0,0.0,0.0,0.0,0.0,0.0,0.0,0.0,0.0,0.0,0.0,0.0,0.0,0.0,0.0,0.0,0.0,0.0,0.0,0.0,0.0,0.0
gdp_per_capita_yoy_change,0.002056494495639252,0.0020883877485607456,0.0021270933734404735,0.002102235406045876,0.0021012901031882024,0.002055141152258065,0.002040462844055133,0.00206953228049281,0.002079357902694229,0.0020212337498092254,0.0021332767981652808,0.002082500696999167,0.002020641788904567,0.002060753602249801,0.0020501443842590485,0.0021033209626125193,0.002071113446087874,0.0020164646796549217,0.0020272279669369363,0.0021182938897146685,0.0020810644479926092,0.002101848226119658,0.002013788736740923,0.0021428022828670393,0.0020137881277497984,0.002073750343351137,0.002056449263506383,0.0020433482174903638,0.002158492884156471,0.002046663536490285,0.0020988261776419036,0.0021635724278681076,0.001980567363034895,0.0021091249909282778,0.0021155522748207054,0.0019991184693097224,0.0020413058470090074,0.002088511335154773,0.0020542577183191592,0.002052536312191187,0.002033722263312879,0.002083141283997257,0.002083898614433236,0.0020246836998749954,0.002091391001226415,0.0020508698511224697,0.002079761305967252,0.002140661738316411,0.0021233021906237044,0.002007420344700493,0.0020783348355263606,0.00208899138176851,0.0020160327937545253,0.00207525106121865,0.002059448146941931,0.002101436875994511,0.002073590130319599,0.0020665460125735354,0.0020553947489366725,0.0021652431258439423,0.0019999237485574476,0.0020546062338166584,0.0020040108330112035,0.002001903417055528,0.0020887591533672663,0.0020801127067811434,0.002059827952130246,0.00211344803710776,0.0020148496159106194,0.0020323179914018947,0.002053183810194097,0.0020674176712111,0.0020521988669150682,0.0020183840062111885,0.0020690474583201107,0.002095689374749119,0.002092493828476051,0.0020242789562591053,0.002014203798739282,0.0019776122519210384,0.00210916524307238,0.0019551434388173404,0.002020001816360847,0.0019268175827922894,0.001954536227023472,0.002024202529158446,0.002030410054265126,0.0020517616647149754,0.002054291521825714,0.0019515355742999896,0.002010776961332841,0.0020328235913394566,0.0021078978678670483,0.0020214415240031457,0.0019777415605008682,0.0020154231882559648,0.0020360920522484115,0.002121464821900157,0.00211050333395752,0.0020645024185261727
goat_maize_tot,0.0,0.0,0.0,0.0,0.0,0.0,0.0,0.0,0.0,0.0,0.0,0.0,0.0,0.0,0.0,0.0,0.0,0.0,0.0,0.0,0.0,0.0,0.0,0.0,0.0,0.0,0.0,0.0,0.0,0.0,0.0,0.0,0.0,0.0,0.0,0.0,0.0,0.0,0.0,0.0,0.0,0.0,0.0,0.0,0.0,0.0,0.0,0.0,0.0,0.0,0.0,0.0,0.0,0.0,0.0,0.0,0.0,0.0,0.0,0.0,0.0,0.0,0.0,0.0,0.0,0.0,0.0,0.0,0.0,0.0,0.0,0.0,0.0,0.0,0.0,0.0,0.0,0.0,0.0,0.0,0.0,0.0,0.0,0.0,0.0,0.0,0.0,0.0,0.0,0.0,0.0,0.0,0.0,0.0,0.0,0.0,0.0,0.0,0.0,0.0
goat_maize_tot_lag1,0.0,0.0,0.0,0.0,0.0,0.0,0.0,0.0,0.0,0.0,0.0,0.0,0.0,0.0,0.0,0.0,0.0,0.0,0.0,0.0,0.0,0.0,0.0,0.0,0.0,0.0,0.0,0.0,0.0,0.0,0.0,0.0,0.0,0.0,0.0,0.0,0.0,0.0,0.0,0.0,0.0,0.0,0.0,0.0,0.0,0.0,0.0,0.0,0.0,0.0,0.0,0.0,0.0,0.0,0.0,0.0,0.0,0.0,0.0,0.0,0.0,0.0,0.0,0.0,0.0,0.0,0.0,0.0,0.0,0.0,0.0,0.0,0.0,0.0,0.0,0.0,0.0,0.0,0.0,0.0,0.0,0.0,0.0,0.0,0.0,0.0,0.0,0.0,0.0,0.0,0.0,0.0,0.0,0.0,0.0,0.0,0.0,0.0,0.0,0.0
goat_maize_tot_lag12,0.0,0.0,0.0,0.0,0.0,0.0,0.0,0.0,0.0,0.0,0.0,0.0,0.0,0.0,0.0,0.0,0.0,0.0,0.0,0.0,0.0,0.0,0.0,0.0,0.0,0.0,0.0,0.0,0.0,0.0,0.0,0.0,0.0,0.0,0.0,0.0,0.0,0.0,0.0,0.0,0.0,0.0,0.0,0.0,0.0,0.0,0.0,0.0,0.0,0.0,0.0,0.0,0.0,0.0,0.0,0.0,0.0,0.0,0.0,0.0,0.0,0.0,0.0,0.0,0.0,0.0,0.0,0.0,0.0,0.0,0.0,0.0,0.0,0.0,0.0,0.0,0.0,0.0,0.0,0.0,0.0,0.0,0.0,0.0,0.0,0.0,0.0,0.0,0.0,0.0,0.0,0.0,0.0,0.0,0.0,0.0,0.0,0.0,0.0,0.0
goat_maize_tot_lag3,0.0,0.0,0.0,0.0,0.0,0.0,0.0,0.0,0.0,0.0,0.0,0.0,0.0,0.0,0.0,0.0,0.0,0.0,0.0,0.0,0.0,0.0,0.0,0.0,0.0,0.0,0.0,0.0,0.0,0.0,0.0,0.0,0.0,0.0,0.0,0.0,0.0,0.0,0.0,0.0,0.0,0.0,0.0,0.0,0.0,0.0,0.0,0.0,0.0,0.0,0.0,0.0,0.0,0.0,0.0,0.0,0.0,0.0,0.0,0.0,0.0,0.0,0.0,0.0,0.0,0.0,0.0,0.0,0.0,0.0,0.0,0.0,0.0,0.0,0.0,0.0,0.0,0.0,0.0,0.0,0.0,0.0,0.0,0.0,0.0,0.0,0.0,0.0,0.0,0.0,0.0,0.0,0.0,0.0,0.0,0.0,0.0,0.0,0.0,0.0
goat_maize_tot_lag6,1.6508069920325953e-05,3.4827656730279334e-05,3.627098690566727e-05,3.594014564820863e-05,3.266397007503865e-05,3.15537358704232e-05,3.201561016490165e-05,3.053390358628036e-05,3.3478080979538756e-05,2.5835466681059844e-05,2.5079207041084233e-05,3.0707794172834574e-05,1.9721350047076628e-05,2.3372697575163068e-05,3.432023825523687e-05,3.096512971951108e-05,4.639019938976375e-05,3.12836201870499e-05,2.113840651355833e-05,2.8543544482000127e-05,3.29115154868245e-05,3.354205364930868e-05,3.326316078092577e-05,4.398867518758675e-05,5.159208266960497e-05,3.161736403439603e-05,3.274640465621869e-05,3.540618480115697e-05,2.134766807590706e-05,3.105467037549094e-05,2.898482812775506e-05,3.1593032669741336e-05,2.9232828595705738e-05,3.0016386463693128e-05,2.9542552161990073e-05,3.488062578205243e-05,1.6938113421715894e-05,3.2757215453806704e-05,2.5911926400505156e-05,3.4673855459385694e-05,2.6899981881273954e-05,2.9714918181845202e-05,3.596713279262751e-05,3.222093304903282e-05,4.071114987155501e-05,2.5509227404025114e-05,3.084828055176429e-05,3.122609543175102e-05,3.067104003197411e-05,3.100664009712251e-05,3.2608435226358815e-05,2.4939607636035105e-05,3.946018761976412e-05,2.6383354303506098e-05,2.9705441701486243e-05,2.7276377603051743e-05,1.7290605840146583e-05,3.324089388011487e-05,2.924639543967053e-05,4.193043558658445e-05,4.1877911307221036e-05,4.647049494987525e-05,3.371613705627173e-05,2.8581812905804546e-05,3.408067560837629e-05,3.0151946923912105e-05,4.059893353549755e-05,2.932777850688779e-05,4.195990625786896e-05,3.019116659506672e-05,3.497079374709567e-05,2.5232990315406382e-05,4.0315328136322994e-05,2.6613820968947796e-05,2.5304907186019824e-05,3.554369917485202e-05,2.992802329767647e-05,2.9987815620983115e-05,3.892624219834517e-05,3.147172292320378e-05,2.994710223439482e-05,3.2082876207254276e-05,3.254181963151862e-05,3.8216141193303016e-05,2.946719537528323e-05,2.93938027858076e-05,3.679817075808349e-05,2.8746144741958713e-05,2.1532292331885766e-05,1.9690223691215016e-05,3.9137313701598045e-05,2.363826526782692e-05,3.286959890088515e-05,3.687110314951673e-05,3.3603838450173165e-05,4.201353346997084e-05,2.8974428680372535e-05,2.5365699604513564e-05,3.431043269471352e-05,3.3580018702336555e-05
ha_share_lag1,0.01767645645153942,0.0174809043199914,0.017539078191056427,0.01767569296756146,0.018304894405132412,0.016674011309417137,0.017472861770455636,0.017350188421125328,0.01712635852874683,0.017300362317592133,0.017672662868108563,0.01757017608148382,0.01844204425698646,0.017497588321823677,0.01744807333144918,0.017592171893511005,0.017218922964812065,0.01676858831749775,0.017082273852134098,0.01810522048153739,0.017242340382581912,0.0164110225138786,0.017835653184548668,0.017065419129682787,0.017223938512876166,0.01761285015083001,0.017540331600841938,0.017588262445581954,0.017939095608401578,0.01763557914960705,0.017567351492593582,0.017667844111268236,0.01774358796694922,0.017646124559468117,0.01766821698094747,0.017851295364857377,0.01765572616227583,0.01728679684522318,0.017998511857353794,0.01776324871868368,0.016849095990342712,0.017689571704964872,0.017729170787552456,0.016961288308690054,0.01722236782867716,0.017046976271500005,0.017788534316833964,0.017212834044663637,0.016797412343688305,0.017518840876733787,0.01715028046240183,0.016961861310528015,0.01768273878469806,0.01776512014744527,0.01766669475637361,0.017368310135631747,0.017866959079349345,0.01762285007689639,0.01741097165622573,0.017327626865020367,0.0178835261343182,0.016904279144880605,0.01729468545208642,0.01748782329986308,0.017323884390567073,0.017044854604268255,0.017393595457406107,0.016689270193604375,0.017358524119385033,0.017532680240209715,0.017391257869880557,0.017346995677657583,0.01779840702770742,0.017056248686163896,0.01751907591195745,0.01772822627349094,0.01740630794756161,0.01752917020176097,0.017860829004898326,0.01772632357568639,0.01715160043507794,0.01710876453798997,0.016660646180023893,0.01722471089487326,0.016988852759983887,0.01736491991578504,0.016507892160476528,0.01700806574287951,0.01826937684597765,0.01724306369049949,0.017003577673040313,0.017555069402014494,0.01811795720793281,0.0179330166943469,0.017428588857417934,0.016998909480658953,0.01754364036563514,0.017112467255445907,0.017380618093711414,0.0173385373610435
ha_share_lag4,0.0034459737715040756,0.0033737398655744482,0.0033743617409586987,0.003440972764669738,0.0035407252299931645,0.0032279640712548404,0.003380500384348684,0.0035255188006699453,0.003352163671249147,0.003412007141454702,0.00342772232871207,0.0034800508066631336,0.003443669727659579,0.003436613518788413,0.0034115985929297527,0.0033422470545258665,0.0034086564600755626,0.0034098488364170715,0.003293771037717496,0.003364044707589844,0.003419507789156246,0.0032830680903687486,0.0034215630908169528,0.0034358463519406452,0.00337408014281998,0.003440190902335879,0.003367390156465822,0.003347936269536028,0.003484934614039315,0.0034914806483890616,0.0033122832180509246,0.0033078459229672506,0.0035026821309766167,0.003373814521137602,0.003425175680157396,0.0034685346559512773,0.003398478743951225,0.0033264488195184185,0.0034240648983428195,0.00337285434491701,0.00335713760802629,0.0034096022795312483,0.00347881436828727,0.0032601449600041035,0.0034510251841642185,0.0034499496100708236,0.003295369096629944,0.0034508418646596725,0.003236551538978757,0.0034349869455939084,0.0034449741101629,0.0033698628416826103,0.003337929170550438,0.003459423732236182,0.0034331553740962937,0.0035020693316490095,0.003448993546709552,0.003320557974134954,0.0034072745065645074,0.0035069804436805496,0.0032967286829735758,0.0034682369200298093,0.003281918466168284,0.0034093098763795537,0.0033634197695747666,0.003337611626188372,0.003400539498573093,0.0032856041588675902,0.0035424148040425784,0.003380872340059182,0.003354051199229402,0.003370030403260612,0.003464617612183588,0.003464573194074211,0.0034125458900325046,0.003441833392855132,0.0034240068683980495,0.003499321724378791,0.0033414925739755296,0.003393706170169751,0.003426910069526229,0.00336200247979559,0.003282629028014103,0.0033881621958470657,0.0034236263392494414,0.0034346553941146103,0.0033288614733145926,0.003428666890335955,0.003424927602561282,0.0034343027924312814,0.0033689836725294383,0.003346828989340076,0.003424465183870516,0.003416997057901859,0.0034584505406379945,0.0034749236997805685,0.0033547074454942597,0.0034559758892957716,0.003343839350679029,0.0033987718232598198
ha_share_lag8,0.003878192077574029,0.003870294719235168,0.0038398744357175216,0.003815772493927128,0.00389784481440683,0.0039797629068398,0.003972009091726084,0.003910000012445812,0.00402703756316108,0.0039022543266405314,0.003778003636950703,0.004034513002165109,0.003989573604098841,0.0038244293461469556,0.003948068604891344,0.0038448291155204354,0.0038223248167931416,0.0038347828045765067,0.0038266488478832035,0.003863877607181699,0.00387187015195811,0.0039668600142434025,0.003737870123034267,0.00399523463390711,0.0038316989146568925,0.003956933510332292,0.003997253484154998,0.003994872216379503,0.0039104610588980016,0.003954245727522115,0.0037719633011179515,0.003944609126524731,0.003979859288763885,0.0037783121316082484,0.00391283974030908,0.0038933375422258555,0.0038842135092938992,0.003902450224463079,0.003813062415935814,0.003920082546631742,0.003879212537167235,0.003789493913091899,0.004022001561993479,0.003820875120973324,0.003858265715726414,0.0039489314890755215,0.0038177491087926676,0.004002086576549986,0.003847798058767003,0.003848872243267985,0.003912830885995907,0.0037767669536929198,0.003835900270831922,0.0037626265345708184,0.003806737698280375,0.003907717763092125,0.003942312661165036,0.0037555970878869276,0.003995264173993742,0.0038596433532739854,0.0038494717964762406,0.0038878361445776424,0.003926737867732802,0.0040038648229208055,0.0038248473113779366,0.003941982389370518,0.0038643495222775996,0.003953126942375103,0.004086119088738272,0.0038676621177695884,0.003783871509067925,0.003938055711009735,0.003942557365689465,0.003916724287410536,0.003904782189345508,0.003876405770024651,0.004070268377013828,0.003878572095748554,0.0038259673280046265,0.003855432325227249,0.0038541511287353545,0.0037773975484160574,0.003920956336738242,0.003901357030440726,0.003915910677839099,0.003897666201005729,0.00391442778220129,0.003945323123787501,0.0038062327144843615,0.0038592035144958273,0.003926701506945575,0.0037816382682348136,0.00394714908035481,0.003957804644659028,0.0037549945639589067,0.0039007276710536745,0.003938511237656354,0.003929867003604081,0.00388993047244636,0.00386806210571112
ha_share_mean12,0.015727471064048607,0.015166512739975095,0.015361572742421023,0.015763114106869022,0.01605887126159553,0.014948999158282211,0.015923291971820894,0.015707739502232677,0.01555411751704063,0.015863641287959224,0.01563100282326495,0.015939113072757888,0.01557297356879201,0.015552757563695487,0.015783350143435085,0.015616828047402404,0.015222583730943536,0.015872868810175533,0.015807280523909464,0.01582571755505949,0.015583345921050687,0.01546195331187064,0.015552455749622373,0.01582702107758379,0.015490661267887895,0.015697866281027872,0.016069821055703447,0.015305451498597635,0.015640107612720104,0.015506910326009458,0.015750723612656094,0.015464715626196173,0.015760512896566,0.015815153432620487,0.015544371035405074,0.015597449326367111,0.015987762863817832,0.015542766878868564,0.015671543013420164,0.01632644637925531,0.015536595191202384,0.015568784850066575,0.015536947179716813,0.0155046700356622,0.01567142732117487,0.015574831866483757,0.015749941873727295,0.01578239618888635,0.01536511466950898,0.015471552922200794,0.015670446454038943,0.015772330953262033,0.015615395738841584,0.015439299374222344,0.015923477056274914,0.015791156994444982,0.015576351161472875,0.015320975468426512,0.01616760544617724,0.016003685119626767,0.01580549359804931,0.015400774118775249,0.015503645015223591,0.01618412215188094,0.015595530533200301,0.01528930585905961,0.015747316870671293,0.015503027205779028,0.015535415873301695,0.015440735519909298,0.015819831759642536,0.015641485153857472,0.015680134765613564,0.015319435397681078,0.015558329075986225,0.01588509202754193,0.015550299134334257,0.015549468534713864,0.015201022966750084,0.01574724788981277,0.015800435506090203,0.014961846283359968,0.015477031047711132,0.015296569067066994,0.015651969788011144,0.015714087787683954,0.01568515260824053,0.01560251944132144,0.015375697104744948,0.01525522438517474,0.015452722194196439,0.015622008598317682,0.015998867994047098,0.015879055048069763,0.015217928546226955,0.015455206586182981,0.015398844611221055,0.015453436508970148,0.015674916365337504,0.015675987446715372
headline_cpi,0.01680426838954948,0.016921222389896136,0.016617238022813802,0.016816779377235882,0.01682631150042295,0.017193091520364735,0.017237457912736634,0.017078217612598746,0.016474869865808428,0.016666667184967926,0.016427124737973375,0.016875536368068454,0.0166435571962015,0.01637531183222971,0.016595712508762024,0.01634138654930333,0.016845030487714924,0.016964879539956547,0.01668123688273713,0.01675226661235896,0.016674106270897545,0.01662575677962777,0.016908650203582908,0.016650434729969032,0.01674946373119035,0.017021192154179285,0.01680363758143842,0.0166085392848593,0.01690339134315773,0.016725731580379998,0.01690624289219753,0.016584728177947945,0.016608653406260998,0.01671666233929541,0.016857822389027593,0.01663977656901664,0.016810833600531618,0.01677510209427857,0.01652117315204165,0.016683591921795148,0.01645082812512061,0.0166487220682466,0.016556800111069032,0.01683883006980783,0.01671686661066558,0.01699390029695381,0.01655513682679689,0.01679128871458082,0.01645716844066165,0.016909525636519294,0.016570033851350235,0.01657520495278001,0.016855615826826247,0.016781044125125027,0.01708057676772976,0.016774102063364948,0.016826611675522588,0.016837465099275646,0.01699473149688841,0.016355063169783277,0.016731495566002823,0.016990789530440146,0.016925003050503193,0.01689627504373436,0.016787888743163306,0.016783375436989007,0.01666916816850791,0.01717724789671852,0.016764282889720733,0.01706246491277358,0.016551203745513065,0.01702116405124743,0.016621229181604767,0.016861852965452,0.016674728823724165,0.01651810230192355,0.01653426905658181,0.017022114095398274,0.0163763966501335,0.016600425792838724,0.01668721629246257,0.016470248418236043,0.016631322365904613,0.017005567818756676,0.016618753059042826,0.016347074005791367,0.01678925740556358,0.01661331143057947,0.016635567554014973,0.016330383244961028,0.016398736179965047,0.016743097297482197,0.016815151949846965,0.01710394454452809,0.016777097798364584,0.01654404356530652,0.016927202416646882,0.016603120334646962,0.016387813981028572,0.01645615215627303
headline_cpi_chainlinked,0.0,0.0,0.0,0.0,0.0,0.0,0.0,0.0,0.0,0.0,0.0,0.0,0.0,0.0,0.0,0.0,0.0,0.0,0.0,0.0,0.0,0.0,0.0,0.0,0.0,0.0,0.0,0.0,0.0,0.0,0.0,0.0,0.0,0.0,0.0,0.0,0.0,0.0,0.0,0.0,0.0,0.0,0.0,0.0,0.0,0.0,0.0,0.0,0.0,0.0,0.0,0.0,0.0,0.0,0.0,0.0,0.0,0.0,0.0,0.0,0.0,0.0,0.0,0.0,0.0,0.0,0.0,0.0,0.0,0.0,0.0,0.0,0.0,0.0,0.0,0.0,0.0,0.0,0.0,0.0,0.0,0.0,0.0,0.0,0.0,0.0,0.0,0.0,0.0,0.0,0.0,0.0,0.0,0.0,0.0,0.0,0.0,0.0,0.0,0.0
headline_cpi_chainlinked_lag1,0.0,0.0,0.0,0.0,0.0,0.0,0.0,0.0,0.0,0.0,0.0,0.0,0.0,0.0,0.0,0.0,0.0,0.0,0.0,0.0,0.0,0.0,0.0,0.0,0.0,0.0,0.0,0.0,0.0,0.0,0.0,0.0,0.0,0.0,0.0,0.0,0.0,0.0,0.0,0.0,0.0,0.0,0.0,0.0,0.0,0.0,0.0,0.0,0.0,0.0,0.0,0.0,0.0,0.0,0.0,0.0,0.0,0.0,0.0,0.0,0.0,0.0,0.0,0.0,0.0,0.0,0.0,0.0,0.0,0.0,0.0,0.0,0.0,0.0,0.0,0.0,0.0,0.0,0.0,0.0,0.0,0.0,0.0,0.0,0.0,0.0,0.0,0.0,0.0,0.0,0.0,0.0,0.0,0.0,0.0,0.0,0.0,0.0,0.0,0.0
headline_cpi_chainlinked_lag12,0.0,0.0,0.0,0.0,0.0,0.0,0.0,0.0,0.0,0.0,0.0,0.0,0.0,0.0,0.0,0.0,0.0,0.0,0.0,0.0,0.0,0.0,0.0,0.0,0.0,0.0,0.0,0.0,0.0,0.0,0.0,0.0,0.0,0.0,0.0,0.0,0.0,0.0,0.0,0.0,0.0,0.0,0.0,0.0,0.0,0.0,0.0,0.0,0.0,0.0,0.0,0.0,0.0,0.0,0.0,0.0,0.0,0.0,0.0,0.0,0.0,0.0,0.0,0.0,0.0,0.0,0.0,0.0,0.0,0.0,0.0,0.0,0.0,0.0,0.0,0.0,0.0,0.0,0.0,0.0,0.0,0.0,0.0,0.0,0.0,0.0,0.0,0.0,0.0,0.0,0.0,0.0,0.0,0.0,0.0,0.0,0.0,0.0,0.0,0.0
headline_cpi_chainlinked_lag3,0.0,0.0,0.0,0.0,0.0,0.0,0.0,0.0,0.0,0.0,0.0,0.0,0.0,0.0,0.0,0.0,0.0,0.0,0.0,0.0,0.0,0.0,0.0,0.0,0.0,0.0,0.0,0.0,0.0,0.0,0.0,0.0,0.0,0.0,0.0,0.0,0.0,0.0,0.0,0.0,0.0,0.0,0.0,0.0,0.0,0.0,0.0,0.0,0.0,0.0,0.0,0.0,0.0,0.0,0.0,0.0,0.0,0.0,0.0,0.0,0.0,0.0,0.0,0.0,0.0,0.0,0.0,0.0,0.0,0.0,0.0,0.0,0.0,0.0,0.0,0.0,0.0,0.0,0.0,0.0,0.0,0.0,0.0,0.0,0.0,0.0,0.0,0.0,0.0,0.0,0.0,0.0,0.0,0.0,0.0,0.0,0.0,0.0,0.0,0.0
headline_cpi_chainlinked_lag6,0.0,0.0,0.0,0.0,0.0,0.0,0.0,0.0,0.0,0.0,0.0,0.0,0.0,0.0,0.0,0.0,0.0,0.0,0.0,0.0,0.0,0.0,0.0,0.0,0.0,0.0,0.0,0.0,0.0,0.0,0.0,0.0,0.0,0.0,0.0,0.0,0.0,0.0,0.0,0.0,0.0,0.0,0.0,0.0,0.0,0.0,0.0,0.0,0.0,0.0,0.0,0.0,0.0,0.0,0.0,0.0,0.0,0.0,0.0,0.0,0.0,0.0,0.0,0.0,0.0,0.0,0.0,0.0,0.0,0.0,0.0,0.0,0.0,0.0,0.0,0.0,0.0,0.0,0.0,0.0,0.0,0.0,0.0,0.0,0.0,0.0,0.0,0.0,0.0,0.0,0.0,0.0,0.0,0.0,0.0,0.0,0.0,0.0,0.0,0.0
headline_cpi_lag1,0.0021577827257070153,0.002062635879649982,0.0021002954726921765,0.002131772476323643,0.002048998555326622,0.002135855972309249,0.002179551303060179,0.002185446774205251,0.002109193169171848,0.002146083825596289,0.0020801226661159426,0.002112353513990397,0.0021152575673847834,0.0021548442442286334,0.0021295564414983456,0.0021781915990960977,0.002154501166588031,0.0020298587455265765,0.0021733038951408214,0.0021524679801427473,0.002117057328978187,0.002233700249909717,0.002137630725738363,0.0020876012837644114,0.0020860231467352357,0.002099086546253611,0.0021150103089540395,0.0021605507658345896,0.002098445394934458,0.0021593824293775505,0.002144205992947557,0.0020999077127782373,0.0021093117190156005,0.0021715217043071717,0.0021435489120916963,0.0021338355563596417,0.0020837455523875846,0.0021278484055375214,0.0021249967244157428,0.0020734493972912296,0.0021285254680509813,0.0021106841031711334,0.002086804481544593,0.0020816449793871926,0.002112913378973905,0.0021456392157984815,0.0020877951158376463,0.002163381750577787,0.0020960679385757103,0.002108736528987367,0.0020611476673107667,0.002077824391458078,0.002089392678880276,0.0021872210391559958,0.002126292018650461,0.002025740325587157,0.0021344243572591665,0.0021920168269078553,0.0021757814844233403,0.0021723429036112677,0.002147000651289834,0.0021305463104550593,0.002161672778795245,0.0021104744350790897,0.0021165548576321004,0.0021918627881464914,0.002162288740377557,0.002116405239599976,0.0021195806228035768,0.002106760014067073,0.002143386600692059,0.0021365833117802076,0.0020995026549454226,0.002143746079315269,0.00209474754555111,0.00212020087399725,0.0020379752988925136,0.0021410436180514703,0.0020261795090972924,0.0021644706366708397,0.002094407818486478,0.0021259476172977515,0.0021034322050448285,0.002138280358905933,0.002106563779130177,0.00206981153883621,0.0021222329417627957,0.00212062181926765,0.002136941601022862,0.002143672961816243,0.002230882568810626,0.002140612962345282,0.002138348046260879,0.002191177409610167,0.0021249715938104936,0.0021575559550874434,0.0021324873496338034,0.002198729488299356,0.002146160731052246,0.002125648017445665
headline_cpi_lag12,0.004982301031462359,0.004939958890880734,0.0050633776713782256,0.005128949199301198,0.004993579307670035,0.005190369590160516,0.00507028033446554,0.005042882386808399,0.005121530336054688,0.00500779817159769,0.005053218979558158,0.005135494572919677,0.005117860868550051,0.005054135937333683,0.004971327656382544,0.0050224245563175165,0.005132827351192428,0.0049663496388828166,0.0049832493804004415,0.0050027878608572595,0.005038557316737701,0.005041820159100968,0.004984315446519477,0.005118943965853062,0.005089026679759852,0.00513980357751528,0.005001049418082066,0.005163786746432981,0.004993245149580177,0.005248805969822419,0.005037759959677156,0.0050489745646576335,0.005026960082794363,0.0050352681424980375,0.005058131524566702,0.005024280398762724,0.005008236874020906,0.005080321400051614,0.0051158459592299515,0.005057479911133534,0.005100278948672152,0.005010094671343692,0.005060362279944744,0.00498677149294182,0.005031842099511681,0.005047949311549064,0.004949987209430948,0.005056513274786512,0.005041498550727419,0.004982661820621615,0.005047059580015264,0.005084364047676346,0.0050276423006828195,0.005002590248861277,0.004976136711142633,0.005251347802687383,0.0050173732754179865,0.004967791574002546,0.005107151502531261,0.005032913925176328,0.005001071417605243,0.0050263143044281325,0.005052227577036459,0.004897640549479434,0.004994119477012883,0.004954008902940486,0.005033633796391486,0.005033032126015141,0.005112107305834423,0.004974493850086828,0.0049948546742368686,0.005047419888408966,0.005012941776837169,0.005091698865969893,0.004973046602764835,0.005038944359038352,0.005080964396340712,0.005024592828563446,0.004996233209042075,0.005121802800612009,0.005044663400152085,0.0050682027395519,0.005020984273668689,0.0050019454757321115,0.005046070053636143,0.004985544889049541,0.005170094347420728,0.005028450096076196,0.005002384575365369,0.005017185424633833,0.005048214788616136,0.0050697612603181515,0.005016831455211071,0.00503666718407509,0.00500839763707266,0.005129748161591646,0.004992966966933634,0.005082235388133837,0.005022077067267327,0.005085158397702615
headline_cpi_lag3,0.0008981972999097567,0.000900671639164114,0.0009375355011842029,0.0009404788556360248,0.0009542965571450043,0.0009567658648311351,0.0009166820456349054,0.0009126068882080498,0.0009067978172368911,0.0009264209021070523,0.0009580312493666004,0.0009516171547115039,0.0009394812974432873,0.0009065288781195498,0.0009157789989681162,0.0009169405751817926,0.0009389731894745996,0.0009370726362347032,0.0009182848242285685,0.0009490046552555948,0.0009450529013638911,0.0009427820860194216,0.000909009526377342,0.0009677209840763522,0.0009358026604444492,0.0009369785742213329,0.0009361309883682208,0.0009008009264131865,0.0009354536026797217,0.0009313118484178449,0.0009607074429069596,0.0009325420851671388,0.0009232682212971902,0.000941571885439663,0.0009100495946009979,0.000931699022197912,0.0009047793509024712,0.0009332499821545663,0.0009150519272765008,0.0009496399807471208,0.0009056695386172215,0.0009298329096155086,0.0009172570814068118,0.0009093907395161797,0.000950906388154684,0.0009274603431421577,0.0009196056590127592,0.0009211086071294965,0.000944187993208156,0.0009303530459221532,0.0009541398387825215,0.0009314260710502561,0.0009356362224872089,0.0008997322814416956,0.000918953916751455,0.0009522647555921358,0.0009521961347453856,0.0009316932045249815,0.0009172683129546003,0.0009574136398928697,0.0009281325184215012,0.000934296385050874,0.0009044633855386987,0.0009313492646959551,0.0009252195234225357,0.0009168854237645299,0.0009330364130646263,0.0009255163823726816,0.0009366095251178149,0.000931238567342839,0.0009380366151549534,0.000921912462559186,0.0009142910119877541,0.000943719489306142,0.0009487413319121478,0.0009472535845914855,0.0009387992034017721,0.0009113638886357249,0.0009237951613924729,0.0009184181632369942,0.0009588342369839375,0.0009086297644129353,0.0009454616045870473,0.0009195760787953799,0.0009081692144732982,0.0009148000299482586,0.0009018883504053184,0.0009044740720474649,0.0009562215641905149,0.0009065519852352922,0.0009232007248746199,0.0009148607363608158,0.0009231672240961074,0.0009246109627695655,0.0009002109356510554,0.000940521067598728,0.0009427873954097203,0.0009655210507192937,0.0009352063104652352,0.0009627771153120521
headline_cpi_lag6,0.006651900018458663,0.006453480913563779,0.006507068805527032,0.0065252487226729996,0.006480544612907179,0.006450204106343086,0.006535144907302172,0.006486803548393824,0.0065735061683488295,0.0065067552643576785,0.006446521831144501,0.0064752400792322745,0.006378115565108561,0.006530592130910698,0.006722364557678493,0.006397250499645424,0.0063857293526354076,0.006480894314973269,0.0065606009596177834,0.006547892566815628,0.006604004727873831,0.006511591074154619,0.00635828423592422,0.006474599228110396,0.00647218512225603,0.0065064890400713515,0.006543473533833216,0.00658943895283499,0.006492122141609008,0.006397777689925188,0.006507718781151682,0.006609484213009075,0.006536785043203037,0.006590975466244735,0.006651986222156614,0.0066311870575233335,0.006554990526648036,0.006447483766650468,0.006444935321491636,0.006526502233367861,0.0065725266161677474,0.006401630536869382,0.006510798410624022,0.00651650528091355,0.006673178411102702,0.006583822429913827,0.006538960509819446,0.006443331709672781,0.00663506773540209,0.0065841159503794485,0.006457370330465172,0.006651777216643699,0.006526593580911755,0.006551035133753168,0.006562569376964667,0.00650495249356077,0.0065193665244412825,0.006571839490999886,0.006629718671862314,0.006355574293750781,0.006233505401091895,0.006505643868972493,0.006504109875444294,0.006658337685087371,0.0064856086361024,0.006404144809150064,0.006521591797252195,0.006499999561715033,0.0066473326133049924,0.006543904432975169,0.006490267082456541,0.006550785069865817,0.006602051597650325,0.0064999705777144265,0.006309015267840962,0.0066800454882596375,0.006640022678806571,0.006484898725788709,0.006467103027650897,0.006546036172060462,0.006429521790274989,0.00649469774580362,0.006622482596177048,0.006482523287817761,0.00641545343842342,0.00649998742600021,0.006430139108228364,0.006543925538534726,0.006447567780711994,0.006630122504843653,0.0064230716425820724,0.006581889901546732,0.006586442345122147,0.006573609259218014,0.006535551611499911,0.006549702297425022,0.0065162784060102735,0.0064434819013054504,0.006475872579221906,0.006567053119873717
headline_cpi_yoy_change,0.019599033076138722,0.01909169172668885,0.019302072673213325,0.019275479913374898,0.019306075979690043,0.01946563843388324,0.019206624660638383,0.019201914965592228,0.019376995511162766,0.019446664710263697,0.019403357966304893,0.01944268365269122,0.018994166179617328,0.01934580296648215,0.01931596880944496,0.01908440467579518,0.019226664426595774,0.019346217593349122,0.019195647378052984,0.019556918846709386,0.019567046459735962,0.01946172758350708,0.019405209449723394,0.01923826154195456,0.019485312756318072,0.019205133558563976,0.019360502501801838,0.019584445267391254,0.019270739403056472,0.019527543035353194,0.01948744599277435,0.019339533860803556,0.019608431150577577,0.01932898409834313,0.01945205836758028,0.019455870874406058,0.01924876162230845,0.019576616181617282,0.019041827622109483,0.01941748864928182,0.019118739756080017,0.01927116219265408,0.019183389994195613,0.0192419098801988,0.01951529867458623,0.019309366701634856,0.01906043147247894,0.01895540380005881,0.018857469981480995,0.01915914051908308,0.01949177990141122,0.019364462689778737,0.019404548244117623,0.019539660042096535,0.01933119866901879,0.019497881357457163,0.019007393426992633,0.019306721061653234,0.01941379503809106,0.019049123549169305,0.0193903957094465,0.01956333013558651,0.01931321134390997,0.01941964315897107,0.019029658227346535,0.018991386313492713,0.019385342498414677,0.019308629626340088,0.019161021023258576,0.019229853002571747,0.019127062442818536,0.019293413162642794,0.019055267698224698,0.0195535755799177,0.01945056017999858,0.01887746875124853,0.019141775830356395,0.019249262667426246,0.019043189961285817,0.01937074918657274,0.019686152496528758,0.019419412719300484,0.0192720519328648,0.019032241333098637,0.01943326687595818,0.019218529976282227,0.0192680117051362,0.019221319192911198,0.01926288544859164,0.019393149130894776,0.019259948175454487,0.018836091043076653,0.019513939864023378,0.019319859954860803,0.019256385050976252,0.01954288462792659,0.019198302084450232,0.01923333588933599,0.019011487972230397,0.0193973479212729
headline_cpi_yoy_change_lag1,0.006850825135243878,0.0065905172691157945,0.006708358330192563,0.006623080757744173,0.0066174879063401575,0.006757698713170636,0.006636737278222992,0.006605443858340373,0.0066737701783433625,0.00659006640880341,0.0067059469756042345,0.006758971452318374,0.0066702091378520395,0.006875685650278127,0.006693351548807818,0.006607089544616876,0.006641714643347003,0.006656202907594316,0.006620658596134324,0.006665910397970559,0.0066145964484569265,0.006592849785143225,0.0067181428726486156,0.006640872962659083,0.006697678505224507,0.006790611983162497,0.006632721346026586,0.006896623665530535,0.006579729507701681,0.006771779269268614,0.00680294212828319,0.006720419547323258,0.006535238233745854,0.006531521657082009,0.006725708123864034,0.006557868063701169,0.006620751683721724,0.006689893742033465,0.006615382751284117,0.006709030836440103,0.006784233379272874,0.006581394844707757,0.006569545766341277,0.006439215305028001,0.006837107576420203,0.006663185425566765,0.006592232508847093,0.006522715584281125,0.0067215451679537635,0.006690590812315621,0.006722839840583688,0.0066978470658532515,0.006604859606234975,0.006729925101545168,0.0066889916338396735,0.006681362457918562,0.006512921135515885,0.006732572552672824,0.006750974383412779,0.0065181258657087205,0.006546529872648886,0.006677350648624207,0.006632406536822019,0.006661210609876324,0.006694411315002046,0.006490836969401309,0.006690600069944815,0.006703700590685905,0.006737111938932205,0.006628658302983795,0.006727380514963742,0.006711213653932889,0.006653134132545182,0.0067644072156669436,0.006738191369273092,0.006653465721785143,0.00662737256018837,0.006740046085004378,0.006498728091124731,0.006698007170021601,0.006705870501101891,0.006701653680328365,0.006606041452894984,0.0066851017217513685,0.006621145993905634,0.006706533531752833,0.006581219122246977,0.006608796040424685,0.006689614362293549,0.006630217666375233,0.0065541776869120815,0.006551604785376696,0.006784440431113338,0.00662893863790781,0.006487337951522688,0.0065883929371863366,0.006623086614503408,0.006665041274600003,0.006757396069005661,0.006627538270047712
headline_cpi_yoy_change_lag12,0.023137956032409923,0.023030853188185957,0.02315564531758376,0.02325518440334364,0.023104557938477842,0.023129228083448958,0.022985191096656483,0.023344668719770992,0.02305732032167163,0.02306343713007852,0.023619890025334163,0.02341610031026326,0.02336649119781987,0.022810081854267233,0.023003179798503016,0.02272205651731965,0.023138736515435125,0.02295966568262187,0.022894563344921057,0.023014399190250143,0.022769728702479515,0.023174133102921803,0.022862779858391642,0.023087695582909285,0.02284626757341718,0.0231839638097974,0.022793981902882343,0.023464345565390964,0.023350816427005663,0.023408554849170503,0.02300230016979454,0.02323729933346856,0.023441092056537844,0.023028071683087868,0.02300012480593534,0.022871486187042905,0.022634490560855924,0.023453997390240615,0.023033593459282357,0.023057837370883356,0.023016709942316662,0.023198804583495613,0.02278564274928091,0.022816702165609395,0.022954936852078344,0.023151738922644518,0.022846968051398353,0.0228672000567324,0.02277258721362154,0.022733067989534474,0.022839000930635577,0.02269088669202507,0.022681769384668975,0.02300179037063018,0.022877561958124917,0.02309889378754989,0.023536795466171618,0.022810793515832116,0.02289500277234901,0.023345437085961703,0.02310803956805302,0.023056659266465773,0.022551174422763314,0.023389096202790286,0.023058327710612055,0.022856057890844477,0.02294090371694624,0.022814985909714543,0.023229973170883166,0.022862679806452443,0.022762084437638337,0.02305261251883642,0.022861378525786766,0.02335556537128877,0.023140935598775548,0.023256267514144082,0.02278035762157417,0.023271698039346436,0.022550841725288054,0.023055436042072528,0.02333996148768419,0.02315455524468109,0.02283044182807927,0.022998915045548504,0.022752851669421436,0.023477925590558904,0.023045047588024246,0.02272315045948519,0.02293899708817629,0.022988053721300562,0.023147139124947633,0.022943633800697704,0.023089762561131214,0.02318900220193807,0.02296754494412263,0.02356566948426683,0.022830104652028647,0.02321482443342627,0.023178214411681237,0.0229945541420544
headline_cpi_yoy_change_lag3,0.008499276380165845,0.008632320454993316,0.008696313394687355,0.008719183534789982,0.008810731181277127,0.008816125634941996,0.0088719053501154,0.008602450867206003,0.008908370224369485,0.008545432874150034,0.00869774812507251,0.008923784515378884,0.008836339923936882,0.008847573149262872,0.008613022649114382,0.008658500617078208,0.008598973512459286,0.008705298056385079,0.008692936346402778,0.008780529773990148,0.008611631010234192,0.008728065821062581,0.008570276021448352,0.00874802239401185,0.00871925927079016,0.008819021328928926,0.008703676420035776,0.008683559301600446,0.0086466588640394,0.008892375140934874,0.008682969192735816,0.008795713411941044,0.008566057819196938,0.00877351750567648,0.008827572066935898,0.008627595008447961,0.00872703667812363,0.008660711205369691,0.008522677829192169,0.008735951892980178,0.00869069562349507,0.008525926147358141,0.008543907897386203,0.008801007814309448,0.008769803395105321,0.008719374074776104,0.008603408054067523,0.008608734311010198,0.008783165070442309,0.008690452685205586,0.00869977432949079,0.00873606087700345,0.008791855344866333,0.00875326349632011,0.008948502437390897,0.008774458608744965,0.008731063099268225,0.008812406764920414,0.008612050177379054,0.008799228216910296,0.008865455624417982,0.008732040267465976,0.008488544800914592,0.00870175426215283,0.008867086500078543,0.008640572183178654,0.008607585767889493,0.008635012541555017,0.008827581067149847,0.008658341576876807,0.008513921052937346,0.008653122871301764,0.00854229995321413,0.008745256394888302,0.008759989329273738,0.008840484997120045,0.008570652162004455,0.008780262475412949,0.008524256669051735,0.008585189885650733,0.008601330645546945,0.008834715281517403,0.008854678452138328,0.00872113302946502,0.00899687178787731,0.008613715126976793,0.008596270980173305,0.008736591130556774,0.008763788800154413,0.008695391619293915,0.008508339453568287,0.008732198165527822,0.00885555725878913,0.008812679904027796,0.008468673879433657,0.00877385039340121,0.00866433379501927,0.008753162732230868,0.008803322528835368,0.008620967632166018
headline_cpi_yoy_change_lag6,0.01069520288799408,0.010558503068690469,0.010679599505722564,0.01067779285754826,0.010485427434189185,0.010638579898472075,0.010874103396112875,0.01060990539551028,0.010708325298270371,0.010640550922831228,0.01074075254979958,0.010661447314022326,0.010623692237920519,0.010771937425369802,0.010591760764941007,0.010682521895695095,0.010702202943705788,0.010538384678283176,0.010576546447977599,0.01068721182150747,0.010733130686190763,0.010568543015275435,0.010560229922637724,0.010586479085505914,0.010639614149223656,0.010660383771279707,0.010940725428583788,0.010928306837866353,0.010635513586703664,0.010791893318305762,0.010871374525201781,0.010667901422527637,0.010838785571906795,0.010341917210900636,0.010697570169219853,0.010579587882699597,0.010762723360732558,0.010662852323069665,0.010867928333446806,0.010744611017298008,0.010665778220445432,0.010664742852620951,0.010641159516102984,0.010495146525042933,0.010597793096155854,0.010739101554614827,0.010557897160764272,0.010626690277124044,0.01056861721513969,0.010539180216083162,0.01080328160851906,0.010727895374922114,0.010653873550107225,0.01058524683518933,0.01072439776696239,0.010664233678837452,0.010617634212100728,0.0106273711112047,0.010706053490141821,0.010474196789442999,0.010498139432652643,0.010666685531094537,0.010680050249137575,0.010600707377387459,0.010412006622233048,0.010569610377147619,0.010673631328428673,0.010607008601161552,0.01071833266527633,0.010650669838371896,0.01066654855854619,0.010781876776904752,0.010558625322614274,0.01067462826778841,0.01070793902564452,0.010597838002100865,0.010542687443853083,0.01055725006189961,0.010553190834290658,0.010854970814185853,0.010841061528245073,0.010622884548578368,0.01057542474931421,0.010696964866749741,0.010533550368548673,0.010697812188398723,0.010634840233412136,0.010678650228354214,0.010727736595670999,0.010524148188320582,0.010606767956149463,0.0106774740277168,0.010852022822804909,0.010688162225589742,0.01071581910727475,0.010486641698218033,0.010506114065698544,0.010687829763998114,0.010722917915316103,0.010574300617899995
idps_ethiopia,0.0020829419894021818,0.002075590608478251,0.00208368257402839,0.002104994835135359,0.0020740083621247954,0.0021024446046202243,0.00209046858751708,0.0020696113947868923,0.0020296670055547773,0.002099858127724639,0.0020879092410957508,0.00212797689270241,0.0021909640033731304,0.0021468978381623803,0.0021557789745826074,0.0020812156091503968,0.0020815985543387277,0.0021102421321206213,0.002078726062431592,0.002132397929169212,0.002048084595265719,0.0020929694238708213,0.0020845564033417064,0.0020596826644427944,0.0020718871370945164,0.0021779215563631125,0.002117396078443346,0.002077739634355074,0.002140194723952055,0.0020845833371391453,0.0021174617344352853,0.0021488335770294535,0.0020637450588055937,0.0020996559793071716,0.0021002956179502178,0.0020153068097306993,0.0019957363628637717,0.0020878612956583623,0.002041560501950292,0.002011664610888277,0.00213666464696369,0.0020512986601715338,0.002137240714003416,0.0020877671298835097,0.002144852741843178,0.002023906619888984,0.002064569808897518,0.0021394560212530376,0.0020892688370804033,0.0021462735615213053,0.0021144513894332698,0.002036785187548074,0.0021087285497574824,0.0021564819643709724,0.002056110640659959,0.0020554909158660016,0.0020480062921831655,0.0021506041626454305,0.0020877641707329688,0.0021253771394789426,0.002064426373009068,0.00204471805247975,0.002169787872832055,0.002122906694835305,0.002009916864849725,0.002045361944741015,0.002079790132216662,0.0021016298799040895,0.0021200416792181544,0.002088294778433111,0.002095277217429535,0.002064064267207788,0.0021034356758121873,0.0021135707182091132,0.0020376576896142433,0.002100625262435672,0.002048568778238764,0.0021717788721000927,0.0021224088717465405,0.002092875437418949,0.002055879815991292,0.002124265221952158,0.002008108330891822,0.0021816467528223086,0.0020364714719565925,0.002140415212804075,0.0019875724566618355,0.0020533361529392813,0.0020385654199691046,0.0021318476210079,0.0021726445946006877,0.0021057732295941657,0.0020573844161370525,0.002079924814701286,0.0020833285467595046,0.002152847676949924,0.0020392622215078156,0.002155289100836564,0.0020413353474871138,0.0020362167446273125
idps_ethiopia_yoy_change,0.0,0.0,0.0,0.0,0.0,0.0,0.0,0.0,0.0,0.0,0.0,0.0,0.0,0.0,0.0,0.0,0.0,0.0,0.0,0.0,0.0,0.0,0.0,0.0,0.0,0.0,0.0,0.0,0.0,0.0,0.0,0.0,0.0,0.0,0.0,0.0,0.0,0.0,0.0,0.0,0.0,0.0,0.0,0.0,0.0,0.0,0.0,0.0,0.0,0.0,0.0,0.0,0.0,0.0,0.0,0.0,0.0,0.0,0.0,0.0,0.0,0.0,0.0,0.0,0.0,0.0,0.0,0.0,0.0,0.0,0.0,0.0,0.0,0.0,0.0,0.0,0.0,0.0,0.0,0.0,0.0,0.0,0.0,0.0,0.0,0.0,0.0,0.0,0.0,0.0,0.0,0.0,0.0,0.0,0.0,0.0,0.0,0.0,0.0,0.0
ipc_lag1,0.19887282183616223,0.19765253450394993,0.19744537335745296,0.1986585486091524,0.19818032931425886,0.19890347055273272,0.20086747025357518,0.19488561647032113,0.19556741865854416,0.1980841779313966,0.19572244231827593,0.19559595805353094,0.19324228770161925,0.2001644267634411,0.1963917839683443,0.19751513983316468,0.19694769522335875,0.19799106905919425,0.19773854528154647,0.19913403596279125,0.20274325532696016,0.19732309967341136,0.19923049947818944,0.1972397166009275,0.19930147770933648,0.19996528168066852,0.19994017130099467,0.19926939165287794,0.1982381346309654,0.20054744867886898,0.19770561398268569,0.19867260255346306,0.19789923051869648,0.19795645418621244,0.19991442958102545,0.19590892850982478,0.19945652572100042,0.19835166712314034,0.19256488432795366,0.1996709458823036,0.1999803550330584,0.19586691994597946,0.1962007068616921,0.19991943793431738,0.19668253213475703,0.20199394703240456,0.19734187164003886,0.19664297266776518,0.19659831624264715,0.20101475690956194,0.19952597438754338,0.1986336418478303,0.19760113242908212,0.19975414557486587,0.19836580827369454,0.2000104400353073,0.19679993699549642,0.19918212633942473,0.1982375547094457,0.1946270175437585,0.19951048376150507,0.20043969680886173,0.19957406394147642,0.19670908618911206,0.1951206312087423,0.19545110107866792,0.1986006330505908,0.2001468449152281,0.1970219838364195,0.20162690607245992,0.19756602541671447,0.20339238775278307,0.19915144726520903,0.20026592940112653,0.19719178920124547,0.1972696534348324,0.19829367949602272,0.1997422254686112,0.1966548474432272,0.19474490541190917,0.19698751203103917,0.19550876003697135,0.19887414449161295,0.1993774668441467,0.19868502376653804,0.1979189378134212,0.19497997609395828,0.19842153989174516,0.1972763637084645,0.1972152888980547,0.1972850753653864,0.19617317149028685,0.1982555988330196,0.19608191245995857,0.19705758874707588,0.19872765527913452,0.19606659460100656,0.19761351744333902,0.19657862902181242,0.19741375615795864
ipc_lag4,0.011305762646402302,0.010884384375921688,0.01112900137531091,0.011135181490514425,0.011491050795903282,0.011057776179784245,0.011469865252512583,0.011102506673648656,0.011372419921302071,0.011139727403905328,0.01126653074786283,0.010901854660817062,0.011052435877160255,0.011316558691943573,0.011344528408030793,0.010947015169902536,0.011544060499360432,0.01126095365663493,0.01109218860162053,0.01121206540971727,0.011386550181359567,0.011018644162216542,0.011060975456007437,0.011178715803690661,0.011388934783642666,0.01116185140165483,0.011165301457530799,0.011352107026521053,0.011372681041270639,0.011084626596536695,0.011347641382980873,0.011136213809848243,0.011077402772740547,0.011156409793758985,0.011321625883740503,0.01145668444529001,0.01122187868819885,0.010874186109640912,0.011041721710877389,0.011318566302047094,0.011304523448766389,0.011188078484015271,0.011130404511429343,0.011258710821058275,0.011000344510465922,0.01118260528956552,0.011335323120578557,0.01125067452918751,0.011276754204201813,0.011219832961356912,0.011333627756132267,0.011267761456258877,0.011224876279416292,0.011049432917822634,0.011211878600163325,0.011256286189258304,0.011106682284442698,0.011121545010101722,0.011066822722050304,0.011270548194502863,0.011159011671220622,0.011284590024549934,0.011363840950530838,0.011143208928072017,0.011067446159279865,0.01119093079148201,0.011225763824045288,0.011222811265391593,0.01122894258931886,0.011299143327442508,0.011363233648513086,0.011118104302159171,0.011492691841554938,0.011286963597505648,0.011175240578323994,0.011153228041054546,0.011156696916202417,0.011506852083900536,0.01096965682103438,0.011016348812644279,0.011065674864727518,0.011054604376612901,0.011329583067824875,0.0111258088195217,0.01145136121369955,0.01115634240431157,0.011099516908368873,0.011138073997179997,0.011018621908170425,0.011292538349179254,0.011187078455672583,0.011045832194650149,0.011531358894559742,0.011121459541812775,0.011227068714309018,0.011257382327005565,0.01126358223586678,0.010900889293871063,0.011140995498893178,0.0111118108702578
ipc_lag8,0.020360695443702944,0.019941796571160283,0.020233816264764122,0.020068505705636973,0.020020730407835287,0.019951318197204294,0.020149275760781443,0.020105127535703843,0.020197712707675845,0.020045110918555778,0.019938835363868517,0.02002135031259496,0.0200182041751055,0.020168009654376488,0.020129560755811286,0.020626430255100595,0.02009105597017879,0.02026929665971329,0.020643764267385706,0.019937254884392745,0.020387567263520777,0.020851432860638043,0.01981439969256222,0.019505906713839807,0.020385093493367822,0.02011092237259208,0.019579635312159855,0.020572560611184176,0.02018685733258025,0.02012042889951261,0.01993849235692873,0.020378591907978715,0.020351117007624618,0.020198779097090433,0.019982867966116175,0.019406381084373526,0.019871989803695943,0.020680563942142977,0.019704791784718418,0.020234299128202834,0.020022575328932538,0.019863226938815343,0.020556651017248753,0.019678709032290388,0.019933893011717076,0.0201799192172112,0.020143993191158796,0.02007779054821895,0.02033138637134665,0.020352831576983626,0.020346965501952616,0.020418485219084535,0.01974772181930091,0.019926022216317733,0.019983676012176082,0.02003095368163762,0.019673368642254482,0.020011512448225785,0.02022991923318393,0.020202267747899433,0.02058640345314028,0.01997774460701962,0.02006200640581245,0.020301394591338062,0.020070261546276287,0.02006024732064839,0.020547033276658293,0.019953598707317895,0.01968399539404774,0.020071724574984642,0.01997053991357897,0.020059285596722647,0.019485218770508933,0.020409120109222773,0.019862522036248522,0.0203743918321312,0.02008115633129251,0.020015958881711367,0.019749670004725373,0.01981622360137679,0.020444986186124607,0.02027378380144358,0.019874532469866438,0.01997836012061585,0.019816020885424585,0.01942436592209907,0.020101423509640066,0.02012182995059969,0.020204745420737462,0.01968442015684087,0.019895979806811667,0.020076353174908725,0.020055391480587038,0.020164249877505175,0.020426519636740924,0.020106446157351618,0.02029247486319848,0.020102702515692114,0.020179723823292656,0.02051056989869058
ipc_mean12,0.03611937559899418,0.03647803306178524,0.03616692427882579,0.03579475612651487,0.03613506601268542,0.035195979395761745,0.03597624694287078,0.03606876829900028,0.036223299747359924,0.03591305614957487,0.03642585191790855,0.03612559054527635,0.03659497218925102,0.035985469157383966,0.035866014998768674,0.03590926794840436,0.035964999250229515,0.036037217586553864,0.036199611683007844,0.035888057608309085,0.036098840022350365,0.03557461443607193,0.03587468069758886,0.03570460526335643,0.03664537772196914,0.03571750593337624,0.03584789934396497,0.03638681582463783,0.035580900890445445,0.03622955974420241,0.03599395750513399,0.03635527802858787,0.03640817367491679,0.03640822391620251,0.03620997560258731,0.03628413514166638,0.03622160160115787,0.036351765768848014,0.03612770536609811,0.036300204110667984,0.036508409515938485,0.036005328055226944,0.03610493954890674,0.03605190846552266,0.03613057952397358,0.03597180514221689,0.036272935312192466,0.03578403222408683,0.03673621413880911,0.03608730585000036,0.0362483156090403,0.03631371582342149,0.03595691274535335,0.03600811787345559,0.036576820698131604,0.03611280779907669,0.036249528166608536,0.03583047458011171,0.03560474414180442,0.03635969458519384,0.036088228439095926,0.03594351404078505,0.03622400213040674,0.03665394514922523,0.036066679298116716,0.036236622246731715,0.03551068394255276,0.03579989988601068,0.03595966072155329,0.03578763434842095,0.03713339009547826,0.036389529098306055,0.03610711168109589,0.03640305632667512,0.03593918144332696,0.03619029932109712,0.03581776664180333,0.03563945312657136,0.035904451561969586,0.03600755830348731,0.03564123787998824,0.03637286343240919,0.035858571197737325,0.035947251697299065,0.03583980943259492,0.03631269664158485,0.03578074830484604,0.03602715817667683,0.036292968974741185,0.0364418508236864,0.03540525045515834,0.03613117752947669,0.03586962926564667,0.03581393885203194,0.03664509708600426,0.03655002956208564,0.03590834539530193,0.03573369928439623,0.03612212771954744,0.035666533912293574
is_dry_season,0.00041804046429574655,0.0004350736969936306,0.00042448937152576345,0.00040930246692159466,0.0004612818822346961,0.00040800821397231926,0.00041482337738382946,0.0004525547144901334,0.0004470944894097246,0.00042938337775396275,0.0004267501903811,0.00040382715572115753,0.0004210775388016013,0.00044896537786680925,0.00043049135904102995,0.00041272575337073577,0.0004378377223172135,0.00042911795645479635,0.00043713525600550283,0.0004368658014180737,0.00044447236338737294,0.0004410047069410623,0.0004538991883044964,0.0004495176001353551,0.0004095792870446479,0.0004402818689052296,0.0004437885084015484,0.0004416390218753877,0.0004312019997643307,0.0004332620405496046,0.00042764882715663776,0.0004470811690469837,0.0004523781680660693,0.0004132991066533921,0.0004444876388925689,0.0004339241606482202,0.0004380856603407267,0.0004427884987942009,0.00042115590577788384,0.0004354057802160043,0.00045301957437828737,0.00045000869529010165,0.0004381642775830869,0.000420766045048558,0.0004179320672034892,0.0004159004140476427,0.00040472570057810176,0.00041902259401933477,0.0004011936146094631,0.0004272826885102306,0.00042439537407521887,0.0003977346983137136,0.00044805127376617356,0.000431178504286191,0.0004055576435617128,0.00039900214741533295,0.00044515751966679317,0.0004400706834019314,0.00043810795037308223,0.0004210308509154442,0.0004539365362845131,0.00043482214694611735,0.00042877478514942056,0.00041944704655048963,0.0004324955320234767,0.00043924347308541256,0.0004467189201091891,0.0004304064264733366,0.0004164082044714963,0.0003977297928237979,0.0004378279825164837,0.0004301670557781888,0.0004330515126341996,0.00040666937391398546,0.0004420166596857317,0.00042002653425439674,0.0004230613551692127,0.00043385651367760077,0.00040714480132778333,0.0004407859555634927,0.00042614033366240254,0.0004473463286219457,0.00042092110331205633,0.00039755694989856435,0.00042607916221309023,0.0004391879018801685,0.0004149314107711013,0.00042165528457836294,0.0004265157361004746,0.0004716194900288727,0.00041920608075164814,0.00041742838056158356,0.00045261417664991616,0.0004067651826298192,0.0003912798039679488,0.00044675553367317565,0.0004034562566897244,0.0004359206416096687,0.0004068147641985903,0.0004047909075721525
is_harvest_season,0.001215107692694812,0.0011725000037025631,0.0011909531443550145,0.0011521974171005997,0.0011814290669208728,0.001182162553185097,0.001220036983834496,0.001179916047593328,0.0011980552232732356,0.00121663179726766,0.0011838555208737065,0.0011872994463461445,0.0011980741228869735,0.0011979387738864696,0.00119230756311169,0.0012090099015221092,0.001177032122078684,0.001174701832805608,0.0011841037469415355,0.0012076548554563703,0.0011938548215592293,0.0012069206422592048,0.0011672663577595112,0.0011933245930725578,0.001204235528083486,0.0011754713809854248,0.001172722933018224,0.0011756115363559861,0.001239433248956052,0.00117362029092056,0.0012018756376639822,0.0012292153561285976,0.0011905820505517446,0.0011893039706803914,0.0012130783967226435,0.0012086981520560629,0.0011908421260764304,0.0011693548945886172,0.0011614899911382348,0.0012204746418138304,0.0012255693516540396,0.0012020244551700424,0.0012054237337195519,0.0011614261444444654,0.0011882541284705542,0.001214339191529815,0.001213308963011963,0.0012077884979962562,0.0012514933711078515,0.001259345171125985,0.0011927459711624146,0.001198898101054528,0.0011913031943816,0.0011967172199606978,0.0011852924346286236,0.0011614475905730693,0.001214033897691056,0.0011681737866718,0.0012001611505750133,0.001204667988910068,0.001190187932706192,0.0011943182641263664,0.0012312542661263501,0.0012009644950306193,0.0011624706628828151,0.0011546660170956592,0.0011677660004302006,0.0011825795600986465,0.0011966848447713216,0.0012036705276497568,0.0012212525474729005,0.0012027549790700524,0.001192825977491913,0.001193533177192537,0.0011605670639642195,0.001198757761219109,0.0012037265484058667,0.001219673958279866,0.0012075323476523593,0.0011907110609026758,0.0012185020697495295,0.0011898346979291872,0.001210954211899089,0.0011808260030957071,0.001195569120969667,0.0012281580678373061,0.0011993282679609795,0.0012022852974772206,0.0011603390229795209,0.0011808619435344423,0.0012111940123577872,0.001189450146546851,0.0012080390430508686,0.0011939240813646093,0.0012128744396497416,0.0011618431828520149,0.0011948717557526277,0.0011992814164580436,0.0011667463275442623,0.001186657292039498
is_lean_season,0.002635628819591613,0.0026481751687734744,0.002631003590650327,0.0026776943223395374,0.0026282423496917355,0.002707701942866078,0.002630378241767095,0.002624437553754103,0.002631542440458844,0.0025713979814515247,0.002531987806143248,0.0026042624412064637,0.002615288679286827,0.0026428482724704604,0.0025951966482328395,0.002652951807530534,0.0026090802617430215,0.0025764558428295566,0.0026186535000258617,0.0026903211102506635,0.0026366271479010294,0.0026059656502297208,0.0026429838944725267,0.002560400524227433,0.0026090938300331393,0.0025697886904288954,0.0026300006561827114,0.0026044175602441683,0.0025777559497009955,0.0025677575944782105,0.0025468615743057164,0.0025897574861031966,0.0026934269667533016,0.0025482302037658383,0.0026036713780414923,0.0026229382799507687,0.002561438198505372,0.0025980392616535256,0.002657587523491805,0.002597200979585994,0.0025591339387020175,0.002523843625308451,0.0026194204620019453,0.002617779825129556,0.0026710280413264403,0.0026136314307755337,0.002614705806972139,0.0025780537664463516,0.0026488666706432486,0.00259005119689863,0.002532594129597425,0.002627142859600983,0.0025499518006253316,0.0026330729257803874,0.0025249421161074345,0.0026191304462882797,0.0026117177696845877,0.0025862904755286796,0.002654368809043199,0.0026071279073806367,0.0026544683779672743,0.0026157971375459243,0.0026218720607001918,0.002640454036879737,0.0026000214819690334,0.002640889790275483,0.0026645640027307595,0.002588235683323979,0.002607267687554819,0.0026181642519820447,0.0026161264741614595,0.0026005485451480103,0.0025242877329697765,0.0026450322431899745,0.002585171078498237,0.002582861105426169,0.0025068341692995725,0.0026335918848782655,0.0026449440858597444,0.0026035514959693983,0.0026247473025477245,0.002594670121817675,0.0025669041260359634,0.0026580669470144254,0.0025498724065006312,0.0025609115040954268,0.002616229844459553,0.002557428713098652,0.0026596416341651196,0.002622189969653514,0.0025976140129529684,0.0025877580682961096,0.0025872343510332766,0.0026570005452271946,0.002492725643637192,0.002639149675265294,0.002667633853557091,0.0026238717394575653,0.0025610164994678574,0.0026227431493124225
livestock_goat_n_markets,0.0,0.0,0.0,0.0,0.0,0.0,0.0,0.0,0.0,0.0,0.0,0.0,0.0,0.0,0.0,0.0,0.0,0.0,0.0,0.0,0.0,0.0,0.0,0.0,0.0,0.0,0.0,0.0,0.0,0.0,0.0,0.0,0.0,0.0,0.0,0.0,0.0,0.0,0.0,0.0,0.0,0.0,0.0,0.0,0.0,0.0,0.0,0.0,0.0,0.0,0.0,0.0,0.0,0.0,0.0,0.0,0.0,0.0,0.0,0.0,0.0,0.0,0.0,0.0,0.0,0.0,0.0,0.0,0.0,0.0,0.0,0.0,0.0,0.0,0.0,0.0,0.0,0.0,0.0,0.0,0.0,0.0,0.0,0.0,0.0,0.0,0.0,0.0,0.0,0.0,0.0,0.0,0.0,0.0,0.0,0.0,0.0,0.0,0.0,0.0
livestock_goat_price_etb,1.641098066670801e-05,1.423379401191092e-05,1.4457884427800189e-05,1.4109770960853872e-05,1.1974972016528362e-05,1.5311426784537266e-05,1.5865596174535626e-05,1.1293684165176644e-05,1.4239831540278519e-05,1.7437817473568695e-05,1.6540673280519154e-05,1.4591718823992852e-05,1.372994978451334e-05,1.7671864814002238e-05,1.831264366839901e-05,1.3910485283722953e-05,2.0827460465882054e-05,1.6998114955166113e-05,1.631188350989952e-05,1.7149752138338063e-05,1.483156845189523e-05,1.2410181176670673e-05,1.540759660617247e-05,1.6802652906742156e-05,1.6667697581239533e-05,1.6873567111229714e-05,1.4573306081786989e-05,1.7226067563844104e-05,1.6707338564987428e-05,1.7522680627797865e-05,1.587957436870591e-05,1.886044034388577e-05,1.4803735789983663e-05,1.6636595006561675e-05,1.7563253898222418e-05,1.7546155227102684e-05,1.506263446744102e-05,1.2835455265248374e-05,1.721068242342411e-05,1.3565705681645187e-05,1.560076152079265e-05,1.5236717553036718e-05,1.2401611916335226e-05,1.535376211213111e-05,1.5506239349550837e-05,1.586280092134239e-05,1.4501558571765964e-05,1.4587169869181368e-05,1.4712328632446386e-05,1.2363582268470398e-05,1.6498030404373233e-05,1.578700932461365e-05,1.3859427724935994e-05,1.5112307897059979e-05,1.9135490301520845e-05,1.5009021716869806e-05,1.2960637488329797e-05,1.548071314109614e-05,1.3777474552043312e-05,1.2382214825942321e-05,1.3589701217421176e-05,1.7451609596044463e-05,1.3519366438262128e-05,1.667062459504547e-05,1.3770540730142034e-05,1.4086900210796018e-05,1.5812630336436015e-05,1.5839985767835746e-05,1.0603543607488512e-05,1.2900753253961613e-05,1.533181175815804e-05,1.4479895520202038e-05,1.9346357415140376e-05,1.611914633521958e-05,1.3898691744784637e-05,1.5243489405794585e-05,1.4816998941804559e-05,1.2223666316583455e-05,1.443780121811922e-05,1.5794544746190452e-05,1.7431930666487326e-05,1.427448265321342e-05,1.9052647583808795e-05,1.4074162494589166e-05,1.721952516737274e-05,1.9293663132449854e-05,1.3511568459561975e-05,1.9700330694310824e-05,1.2177373992833209e-05,1.7561914439115795e-05,1.4554279527946371e-05,1.6591589437672975e-05,1.211318343600131e-05,1.2425577886315195e-05,1.8501204353023843e-05,1.476041997061095e-05,1.4442914815361208e-05,1.529389201792624e-05,1.4004062313594187e-05,1.7425872891976802e-05
livestock_goat_price_etb_lag1,7.25769832488625e-07,7.391828218355436e-07,7.296969414816551e-07,7.155513952648829e-07,7.32345169113166e-07,7.24299255504001e-07,7.312850585738242e-07,7.358238903138455e-07,7.346056670392687e-07,7.369788042208587e-07,7.198019604937137e-07,7.382821898426657e-07,7.275139734282668e-07,7.270969992941868e-07,7.200772116273086e-07,7.112475633981147e-07,7.289783640914411e-07,7.33973296440166e-07,7.234028012866477e-07,7.306893238523979e-07,7.237715703185218e-07,7.148633477727325e-07,7.221028703638321e-07,7.194247555689536e-07,7.253691677474581e-07,7.179277461199533e-07,7.223103129869909e-07,7.287413556722627e-07,7.110686421270944e-07,7.239099993036894e-07,7.331957481415869e-07,7.195059008243333e-07,7.382053830464846e-07,7.210279769264804e-07,7.147871033694104e-07,7.121564706002045e-07,7.315832874728039e-07,7.325315621750284e-07,7.235209037870518e-07,7.246689886379192e-07,7.226140854727242e-07,7.343352364158943e-07,7.477901642017319e-07,7.057619031089351e-07,7.263952936897449e-07,7.135072579058472e-07,7.423601004637629e-07,7.357643570126213e-07,7.141549737958187e-07,7.435440981157736e-07,7.244229819329958e-07,7.279487834501628e-07,7.259818545964934e-07,7.195413315744545e-07,7.228963263461391e-07,7.026422295778516e-07,7.156663644336436e-07,7.409109747496204e-07,7.399104778533396e-07,7.300340558297474e-07,7.306681136074273e-07,7.167331433454573e-07,7.252336310684229e-07,7.001007762477265e-07,7.208954128954146e-07,7.295183415779827e-07,7.259064136115414e-07,7.534775628436426e-07,7.268176507269044e-07,7.208632761606107e-07,7.367777889446607e-07,7.268558934413211e-07,7.408115918972395e-07,7.367761821079204e-07,7.14916694752507e-07,7.46513371727975e-07,7.29871122584292e-07,7.502257269906784e-07,7.245431733211622e-07,7.02937646512536e-07,7.268089738085074e-07,7.073378082418788e-07,7.149260144056e-07,7.460170198589296e-07,7.05685658705613e-07,7.237387105071849e-07,7.350199095508903e-07,7.03997917735552e-07,7.220456669758813e-07,7.46597087922139e-07,7.124446567695581e-07,7.110456643617095e-07,7.310210552974106e-07,7.387653656504415e-07,7.587232420656746e-07,7.201812543062361e-07,7.423759278056538e-07,7.279886330013196e-07,7.425551704440222e-07,7.3729069123213e-07
livestock_goat_price_etb_lag12,0.0,0.0,0.0,0.0,0.0,0.0,0.0,0.0,0.0,0.0,0.0,0.0,0.0,0.0,0.0,0.0,0.0,0.0,0.0,0.0,0.0,0.0,0.0,0.0,0.0,0.0,0.0,0.0,0.0,0.0,0.0,0.0,0.0,0.0,0.0,0.0,0.0,0.0,0.0,0.0,0.0,0.0,0.0,0.0,0.0,0.0,0.0,0.0,0.0,0.0,0.0,0.0,0.0,0.0,0.0,0.0,0.0,0.0,0.0,0.0,0.0,0.0,0.0,0.0,0.0,0.0,0.0,0.0,0.0,0.0,0.0,0.0,0.0,0.0,0.0,0.0,0.0,0.0,0.0,0.0,0.0,0.0,0.0,0.0,0.0,0.0,0.0,0.0,0.0,0.0,0.0,0.0,0.0,0.0,0.0,0.0,0.0,0.0,0.0,0.0
livestock_goat_price_etb_lag3,9.478443913454841e-07,1.0455180514858377e-06,1.1204028299002502e-06,9.593309441245861e-07,9.435800073206877e-07,9.51769411450752e-07,9.187517284040948e-07,8.662045516171399e-07,9.365540333323597e-07,7.974709049278576e-07,1.1028925675495153e-06,1.0095346298678075e-06,9.60859447573694e-07,9.81217988730094e-07,1.0329353146825765e-06,9.654356382679248e-07,7.740899842049929e-07,9.96056242265563e-07,1.1362770110821213e-06,9.066924186689513e-07,1.0843281399553772e-06,1.2423441436185436e-06,1.1731888629686348e-06,9.819884669470163e-07,9.994689224762206e-07,9.856171863573924e-07,9.115663562111397e-07,1.1018380005969272e-06,1.0173160581495369e-06,8.415842777165649e-07,1.162071962981614e-06,9.564125268952117e-07,1.086323831186696e-06,1.1444795109316183e-06,1.1242224415153615e-06,9.443931470530621e-07,1.1940873816115762e-06,1.1152071233008384e-06,1.0678233556948176e-06,8.169516311730904e-07,7.155495474026316e-07,1.1852273641679927e-06,9.959670628264825e-07,8.594266732214976e-07,1.0694470642207818e-06,1.0076547915654564e-06,9.184202379845931e-07,9.336843032562133e-07,9.355910560739624e-07,8.757249789609425e-07,1.0325772311150247e-06,1.0944655926074137e-06,1.0600546214233357e-06,9.150885423456413e-07,1.2732136466272375e-06,8.693146644696192e-07,8.219509823228508e-07,1.1958520097196554e-06,1.0174627623439164e-06,8.76614523780313e-07,9.023735628786624e-07,8.475671736349971e-07,8.661067756014992e-07,8.511576503309568e-07,9.002719811061648e-07,1.1310010429875369e-06,1.1451947139646778e-06,1.3856698030681755e-06,9.95436324651197e-07,9.261785278172638e-07,1.2842727004916114e-06,1.3961635717673496e-06,1.146040472482878e-06,9.175948059511563e-07,1.1281180565082838e-06,8.330796925599119e-07,9.65354251987034e-07,1.2861610550286853e-06,1.092221082706876e-06,9.042616763902254e-07,9.458964231653489e-07,9.952417367219596e-07,8.680456651540524e-07,9.821481061771543e-07,1.1773960436054802e-06,8.31467633600314e-07,8.82153370365593e-07,1.026858017105658e-06,9.668351127267952e-07,9.620144418225442e-07,1.063665263920385e-06,9.821952668354789e-07,1.0654822749061943e-06,8.297968447578619e-07,9.394406351942782e-07,9.472264019352062e-07,8.281578712828658e-07,1.2718265448112665e-06,1.176860404578137e-06,1.2655216388101e-06
livestock_goat_price_etb_lag6,0.00013417904339139424,0.0001416680852325313,0.0001339319041879363,0.00015767802033776494,0.0001972166113066953,0.00011725496472450188,0.00015154964270634516,0.00014207515739588346,0.00011878899247832262,0.00014049613821333733,0.00013399332905737098,0.000117926864150148,0.00014323455823381,0.00010309390482037045,0.00017225431770682747,0.00012731123291434215,9.441949565958532e-05,9.569784869318423e-05,0.00011283769082661083,0.00013640230898202246,0.00016615650339567555,0.0001084479054062016,0.0001493696820085998,0.00019633911904834566,0.00013567520635879968,0.00014208923585666634,0.0001190085506505025,0.00020683599472704059,0.00011170310468983041,0.00013365644352283042,0.00014994861628780536,0.00012707605371810882,0.00015833727074459226,0.00012718995659000877,9.417036140763077e-05,0.00013347915158426458,0.00013365507578339718,0.00011109359680660187,7.966834360192446e-05,0.00015747725058622077,0.00015722915499353506,0.00016545380412339342,0.00015840104031019823,0.0001453590894913657,0.00017272189948540709,0.00014151479557845574,8.817351300441618e-05,0.00019149285830490502,0.00014471693068557643,9.552904085260659e-05,0.00013800405526342188,0.0001056017836181767,0.0001493408977779707,0.0001184280018217404,0.00014113337110041585,0.00015916223358170093,0.0001434593097023342,0.00015586659857287253,0.00014335924876484894,0.00014930934721720969,0.00014319973743891535,0.0001356583307166195,0.00015246779693250741,0.00014796329622354236,0.00014930964544610865,0.00015044971282437722,0.00014947455574348929,0.0001356046906498237,0.00014088342443180544,0.00015085837896977564,0.0001573970167286401,0.00016446218275053078,0.0001266718404386848,0.00012544548207105974,0.00015031801905608983,0.00011255083576081292,0.0001504050710433265,0.00010415525005306352,0.00014896534532411417,0.0001669345928768687,8.88329793701014e-05,0.00019121581394150803,0.00010359062047725385,0.00012578883608758162,0.00011097547759509563,0.00011219535719698425,7.126003174719274e-05,0.00015740840084557702,0.00011999456737681535,0.0001730694904090455,9.493462952191949e-05,0.00017397993181885482,0.00015737291160659842,0.00010407853323973977,0.00014201752723209441,0.00019399004199736853,0.00010194396503717015,0.00014452473758581674,0.0001577202762876238,0.00014214145676525318
livestock_goat_price_index,0.0,0.0,0.0,0.0,0.0,0.0,0.0,0.0,0.0,0.0,0.0,0.0,0.0,0.0,0.0,0.0,0.0,0.0,0.0,0.0,0.0,0.0,0.0,0.0,0.0,0.0,0.0,0.0,0.0,0.0,0.0,0.0,0.0,0.0,0.0,0.0,0.0,0.0,0.0,0.0,0.0,0.0,0.0,0.0,0.0,0.0,0.0,0.0,0.0,0.0,0.0,0.0,0.0,0.0,0.0,0.0,0.0,0.0,0.0,0.0,0.0,0.0,0.0,0.0,0.0,0.0,0.0,0.0,0.0,0.0,0.0,0.0,0.0,0.0,0.0,0.0,0.0,0.0,0.0,0.0,0.0,0.0,0.0,0.0,0.0,0.0,0.0,0.0,0.0,0.0,0.0,0.0,0.0,0.0,0.0,0.0,0.0,0.0,0.0,0.0
livestock_goat_price_index_lag1,0.0,0.0,0.0,0.0,0.0,0.0,0.0,0.0,0.0,0.0,0.0,0.0,0.0,0.0,0.0,0.0,0.0,0.0,0.0,0.0,0.0,0.0,0.0,0.0,0.0,0.0,0.0,0.0,0.0,0.0,0.0,0.0,0.0,0.0,0.0,0.0,0.0,0.0,0.0,0.0,0.0,0.0,0.0,0.0,0.0,0.0,0.0,0.0,0.0,0.0,0.0,0.0,0.0,0.0,0.0,0.0,0.0,0.0,0.0,0.0,0.0,0.0,0.0,0.0,0.0,0.0,0.0,0.0,0.0,0.0,0.0,0.0,0.0,0.0,0.0,0.0,0.0,0.0,0.0,0.0,0.0,0.0,0.0,0.0,0.0,0.0,0.0,0.0,0.0,0.0,0.0,0.0,0.0,0.0,0.0,0.0,0.0,0.0,0.0,0.0
livestock_goat_price_index_lag12,0.0,0.0,0.0,0.0,0.0,0.0,0.0,0.0,0.0,0.0,0.0,0.0,0.0,0.0,0.0,0.0,0.0,0.0,0.0,0.0,0.0,0.0,0.0,0.0,0.0,0.0,0.0,0.0,0.0,0.0,0.0,0.0,0.0,0.0,0.0,0.0,0.0,0.0,0.0,0.0,0.0,0.0,0.0,0.0,0.0,0.0,0.0,0.0,0.0,0.0,0.0,0.0,0.0,0.0,0.0,0.0,0.0,0.0,0.0,0.0,0.0,0.0,0.0,0.0,0.0,0.0,0.0,0.0,0.0,0.0,0.0,0.0,0.0,0.0,0.0,0.0,0.0,0.0,0.0,0.0,0.0,0.0,0.0,0.0,0.0,0.0,0.0,0.0,0.0,0.0,0.0,0.0,0.0,0.0,0.0,0.0,0.0,0.0,0.0,0.0
livestock_goat_price_index_lag3,0.0,0.0,0.0,0.0,0.0,0.0,0.0,0.0,0.0,0.0,0.0,0.0,0.0,0.0,0.0,0.0,0.0,0.0,0.0,0.0,0.0,0.0,0.0,0.0,0.0,0.0,0.0,0.0,0.0,0.0,0.0,0.0,0.0,0.0,0.0,0.0,0.0,0.0,0.0,0.0,0.0,0.0,0.0,0.0,0.0,0.0,0.0,0.0,0.0,0.0,0.0,0.0,0.0,0.0,0.0,0.0,0.0,0.0,0.0,0.0,0.0,0.0,0.0,0.0,0.0,0.0,0.0,0.0,0.0,0.0,0.0,0.0,0.0,0.0,0.0,0.0,0.0,0.0,0.0,0.0,0.0,0.0,0.0,0.0,0.0,0.0,0.0,0.0,0.0,0.0,0.0,0.0,0.0,0.0,0.0,0.0,0.0,0.0,0.0,0.0
livestock_goat_price_index_lag6,0.0,0.0,0.0,0.0,0.0,0.0,0.0,0.0,0.0,0.0,0.0,0.0,0.0,0.0,0.0,0.0,0.0,0.0,0.0,0.0,0.0,0.0,0.0,0.0,0.0,0.0,0.0,0.0,0.0,0.0,0.0,0.0,0.0,0.0,0.0,0.0,0.0,0.0,0.0,0.0,0.0,0.0,0.0,0.0,0.0,0.0,0.0,0.0,0.0,0.0,0.0,0.0,0.0,0.0,0.0,0.0,0.0,0.0,0.0,0.0,0.0,0.0,0.0,0.0,0.0,0.0,0.0,0.0,0.0,0.0,0.0,0.0,0.0,0.0,0.0,0.0,0.0,0.0,0.0,0.0,0.0,0.0,0.0,0.0,0.0,0.0,0.0,0.0,0.0,0.0,0.0,0.0,0.0,0.0,0.0,0.0,0.0,0.0,0.0,0.0
livestock_sheep_n_markets,0.0,0.0,0.0,0.0,0.0,0.0,0.0,0.0,0.0,0.0,0.0,0.0,0.0,0.0,0.0,0.0,0.0,0.0,0.0,0.0,0.0,0.0,0.0,0.0,0.0,0.0,0.0,0.0,0.0,0.0,0.0,0.0,0.0,0.0,0.0,0.0,0.0,0.0,0.0,0.0,0.0,0.0,0.0,0.0,0.0,0.0,0.0,0.0,0.0,0.0,0.0,0.0,0.0,0.0,0.0,0.0,0.0,0.0,0.0,0.0,0.0,0.0,0.0,0.0,0.0,0.0,0.0,0.0,0.0,0.0,0.0,0.0,0.0,0.0,0.0,0.0,0.0,0.0,0.0,0.0,0.0,0.0,0.0,0.0,0.0,0.0,0.0,0.0,0.0,0.0,0.0,0.0,0.0,0.0,0.0,0.0,0.0,0.0,0.0,0.0
livestock_sheep_price_etb,0.00034017294254526755,0.0002657958686228371,0.0002764236359369187,0.00023420649696992462,0.0003631757488737771,0.0002866757582433476,0.0002822707734328455,0.0002839274041154123,0.0003080665859540962,0.0003290081164028992,0.00030656933290864615,0.00036738011818906205,0.00033780531360002284,0.00035255600288870253,0.000280503859760187,0.0003287358231343756,0.0003908374870621475,0.0002525141726204903,0.0003253390371100174,0.00032924468390607605,0.0002631601421811648,0.0003640654582332298,0.0002535659333933955,0.0002736436901132019,0.0003607324109232121,0.0003044359679054276,0.00026029807028892204,0.00027779254771825607,0.00029878068414534103,0.00024083345161790762,0.00030288353222991123,0.0003034044661301428,0.0003235759078592494,0.0003070679921952505,0.0003849209547865547,0.0003437362431328078,0.00030064037785684756,0.00033938339696085146,0.00028841500861468685,0.0003331854600096835,0.00028814779552120104,0.0003489096301271637,0.00031266934794339747,0.00034909173486313383,0.00033093393465993815,0.0003212515940906427,0.000305686554800156,0.0002790361827945117,0.00034393977921448387,0.0002803066584716755,0.00032368981073114937,0.0003048537146066122,0.0003100628890688457,0.0003243652272010524,0.0003265047213223328,0.000301263367743061,0.00031123764355319214,0.0003617310869520989,0.00031544810085151835,0.0003232405546042243,0.0002775489255590551,0.0002838714399199555,0.00026030002420239815,0.00030472950741206473,0.0002395999768917276,0.0002977908932808928,0.00032768249923068954,0.0003005736979885378,0.00030339395613239255,0.00032997886175283324,0.00034768940087760047,0.0003649156779729555,0.00039398805942101017,0.0002923072248265363,0.0003755520013713113,0.0002949026595155809,0.00030953825301676476,0.0002869009519133426,0.0003108790695790672,0.00031178054355439686,0.00029796069864571875,0.00034098165704925937,0.00026990208977909234,0.000301730003416168,0.00027282343723594607,0.0002608103246998178,0.00033082947227525416,0.0003082074939669865,0.00029929832724392866,0.0002995186258464784,0.00027900448826117874,0.0003316863764558191,0.00026011131729563,0.00032915453650854306,0.00035391078479048133,0.00036726255430033326,0.0003768524027759244,0.00033027966159059725,0.00032563251491412367,0.0003123093342435533
livestock_sheep_price_etb_lag1,9.54482516722485e-05,0.00011751487635184026,9.488448593187037e-05,9.142619276803637e-05,9.494549945109956e-05,9.767377968900692e-05,0.00010027252574720573,0.00011566219616133727,0.0001053966124194338,0.00010803474525980821,9.952595597550818e-05,9.237744011823023e-05,0.00010503209443483951,0.00011007026033289602,9.90400999640497e-05,0.00011287188431244212,9.24029232634603e-05,0.0001361029797212431,0.00010030666781426134,0.00011986282218975227,0.00011645829249777573,0.00011694440560311264,0.00013229048317921747,0.00011707918449794118,0.00011911998542116953,0.00010216292675155207,0.00013445150120000005,0.0001235141414375121,0.00014645287997151673,9.660894826332235e-05,0.0001239705859092781,0.00011781531625817446,0.0001312440493914734,0.00011014288421167514,0.00011694428219805099,0.00011874914292716585,0.0001324068952873709,0.00012285129171638674,0.00013494824770814883,8.703214987300032e-05,0.00011325610597187934,0.00010708138973981121,0.0001121691336213843,8.314035015323394e-05,0.00010681805362201214,0.00010827286561001079,0.00012556093778998543,0.00011854955580746247,0.00013265174121343326,0.00012069229959536619,0.00011763148385134132,8.756823174454905e-05,0.0001247070878846963,9.669105376433799e-05,0.00010247619050054241,0.0001225060660564299,8.931149278039189e-05,0.00012232834220014826,8.462224441038649e-05,0.0001330103666063339,0.00011680024792359893,0.0001142921223156694,0.00011913915434074533,8.91470658195027e-05,0.00011474510116195415,0.00011380677020821265,0.00010662329986722327,0.00013523703611991256,0.00011813358819591662,0.00010792182962840142,0.0001319102619005286,0.00011801810162572552,0.0001299343514722162,9.513116236634711e-05,0.00010079587632989455,0.00011574546372668343,9.832144030379459e-05,0.00012270085066248417,0.00010301831922011182,0.00010842869535160526,0.00012541579286997855,0.000124223792528267,9.988612393167942e-05,9.197846127017109e-05,8.436852874551829e-05,8.154287163021649e-05,0.0001235222964553359,0.00011740747281318701,0.00010077118503381007,0.00012563836418241366,0.00012252470022073854,0.00011394676296689578,0.00013502959221128432,0.00010812751501490117,0.00010994549781557113,0.00010480969794624175,0.0001002059178651819,0.00011269146611231454,0.00011145213992946143,0.00013660763443709242
livestock_sheep_price_etb_lag12,3.5499959793314595e-06,3.094209667894246e-06,1.9935579948626033e-06,2.90414594818264e-06,2.1695371478117277e-06,2.9008197961304414e-06,2.8302481692358904e-06,3.033298343481731e-06,3.0334011810331037e-06,1.7260629015288902e-06,1.8594218347301311e-06,3.5458934037664006e-06,3.1566764102712674e-06,1.6808932746090176e-06,2.5743912337277162e-06,3.164108030194657e-06,1.9252150505266986e-06,2.8728679069327517e-06,1.746686651089259e-06,2.895160517131484e-06,1.8074951379504016e-06,2.03550430728165e-06,3.2283458280267183e-06,1.7466864904055848e-06,2.127590514025333e-06,2.436928118124676e-06,2.9008191533957454e-06,1.6767890922072182e-06,2.4451363222446006e-06,1.6322935332998562e-06,4.572541567993789e-06,1.8807193309356625e-06,2.1381307203062985e-06,3.3994437323264866e-06,2.3102235779155937e-06,2.9568501932609485e-06,3.484204049004284e-06,3.095764764491404e-06,2.314327117582697e-06,2.692784892949176e-06,2.7585781087457434e-06,3.5335802138263065e-06,2.331520913437451e-06,1.7622223521118086e-06,3.02264276632282e-06,2.965057915329851e-06,3.614910898165838e-06,2.7775442455249296e-06,1.157644886736873e-06,2.595585410330853e-06,2.5701838924071967e-06,2.0593510499754964e-06,2.6564975381617385e-06,2.6424131320829305e-06,2.334847547540671e-06,2.6393040636743326e-06,3.359830707537873e-06,3.106521893732296e-06,3.0177621604081594e-06,3.2324503317958657e-06,1.6207585343930374e-06,2.8260405065480226e-06,1.7622223521118086e-06,4.12584577473054e-06,2.692785375000198e-06,3.2332270766760744e-06,4.058383055560913e-06,1.8068210699378909e-06,3.408428520642946e-06,2.9601763453131465e-06,2.8967152923612944e-06,3.091659939354909e-06,3.7236426480685207e-06,1.936750049433517e-06,1.7918562780091316e-06,1.1098226937262907e-06,2.83014501031717e-06,2.586599979279698e-06,3.6642857775184678e-06,1.5045935577302246e-06,1.889704922670492e-06,3.561427658635884e-06,2.6352000419562073e-06,2.194161117436805e-06,1.6857746839420478e-06,2.6564976988454124e-06,1.7664296934323281e-06,3.1566767316386156e-06,2.9576275808758536e-06,2.961731763277653e-06,2.1406804488456357e-06,3.622339304415747e-06,1.9408540711516425e-06,2.436151212560793e-06,2.431829303780698e-06,2.27060894629024e-06,3.0965427948410054e-06,2.2639555174001254e-06,1.6248630381621846e-06,3.1533496154843733e-06
livestock_sheep_price_etb_lag3,0.0,0.0,0.0,0.0,0.0,0.0,0.0,0.0,0.0,0.0,0.0,0.0,0.0,0.0,0.0,0.0,0.0,0.0,0.0,0.0,0.0,0.0,0.0,0.0,0.0,0.0,0.0,0.0,0.0,0.0,0.0,0.0,0.0,0.0,0.0,0.0,0.0,0.0,0.0,0.0,0.0,0.0,0.0,0.0,0.0,0.0,0.0,0.0,0.0,0.0,0.0,0.0,0.0,0.0,0.0,0.0,0.0,0.0,0.0,0.0,0.0,0.0,0.0,0.0,0.0,0.0,0.0,0.0,0.0,0.0,0.0,0.0,0.0,0.0,0.0,0.0,0.0,0.0,0.0,0.0,0.0,0.0,0.0,0.0,0.0,0.0,0.0,0.0,0.0,0.0,0.0,0.0,0.0,0.0,0.0,0.0,0.0,0.0,0.0,0.0
livestock_sheep_price_etb_lag6,0.0,0.0,0.0,0.0,0.0,0.0,0.0,0.0,0.0,0.0,0.0,0.0,0.0,0.0,0.0,0.0,0.0,0.0,0.0,0.0,0.0,0.0,0.0,0.0,0.0,0.0,0.0,0.0,0.0,0.0,0.0,0.0,0.0,0.0,0.0,0.0,0.0,0.0,0.0,0.0,0.0,0.0,0.0,0.0,0.0,0.0,0.0,0.0,0.0,0.0,0.0,0.0,0.0,0.0,0.0,0.0,0.0,0.0,0.0,0.0,0.0,0.0,0.0,0.0,0.0,0.0,0.0,0.0,0.0,0.0,0.0,0.0,0.0,0.0,0.0,0.0,0.0,0.0,0.0,0.0,0.0,0.0,0.0,0.0,0.0,0.0,0.0,0.0,0.0,0.0,0.0,0.0,0.0,0.0,0.0,0.0,0.0,0.0,0.0,0.0
livestock_sheep_price_index,0.0,0.0,0.0,0.0,0.0,0.0,0.0,0.0,0.0,0.0,0.0,0.0,0.0,0.0,0.0,0.0,0.0,0.0,0.0,0.0,0.0,0.0,0.0,0.0,0.0,0.0,0.0,0.0,0.0,0.0,0.0,0.0,0.0,0.0,0.0,0.0,0.0,0.0,0.0,0.0,0.0,0.0,0.0,0.0,0.0,0.0,0.0,0.0,0.0,0.0,0.0,0.0,0.0,0.0,0.0,0.0,0.0,0.0,0.0,0.0,0.0,0.0,0.0,0.0,0.0,0.0,0.0,0.0,0.0,0.0,0.0,0.0,0.0,0.0,0.0,0.0,0.0,0.0,0.0,0.0,0.0,0.0,0.0,0.0,0.0,0.0,0.0,0.0,0.0,0.0,0.0,0.0,0.0,0.0,0.0,0.0,0.0,0.0,0.0,0.0
livestock_sheep_price_index_lag1,0.0,0.0,0.0,0.0,0.0,0.0,0.0,0.0,0.0,0.0,0.0,0.0,0.0,0.0,0.0,0.0,0.0,0.0,0.0,0.0,0.0,0.0,0.0,0.0,0.0,0.0,0.0,0.0,0.0,0.0,0.0,0.0,0.0,0.0,0.0,0.0,0.0,0.0,0.0,0.0,0.0,0.0,0.0,0.0,0.0,0.0,0.0,0.0,0.0,0.0,0.0,0.0,0.0,0.0,0.0,0.0,0.0,0.0,0.0,0.0,0.0,0.0,0.0,0.0,0.0,0.0,0.0,0.0,0.0,0.0,0.0,0.0,0.0,0.0,0.0,0.0,0.0,0.0,0.0,0.0,0.0,0.0,0.0,0.0,0.0,0.0,0.0,0.0,0.0,0.0,0.0,0.0,0.0,0.0,0.0,0.0,0.0,0.0,0.0,0.0
livestock_sheep_price_index_lag12,0.0,0.0,0.0,0.0,0.0,0.0,0.0,0.0,0.0,0.0,0.0,0.0,0.0,0.0,0.0,0.0,0.0,0.0,0.0,0.0,0.0,0.0,0.0,0.0,0.0,0.0,0.0,0.0,0.0,0.0,0.0,0.0,0.0,0.0,0.0,0.0,0.0,0.0,0.0,0.0,0.0,0.0,0.0,0.0,0.0,0.0,0.0,0.0,0.0,0.0,0.0,0.0,0.0,0.0,0.0,0.0,0.0,0.0,0.0,0.0,0.0,0.0,0.0,0.0,0.0,0.0,0.0,0.0,0.0,0.0,0.0,0.0,0.0,0.0,0.0,0.0,0.0,0.0,0.0,0.0,0.0,0.0,0.0,0.0,0.0,0.0,0.0,0.0,0.0,0.0,0.0,0.0,0.0,0.0,0.0,0.0,0.0,0.0,0.0,0.0
livestock_sheep_price_index_lag3,0.0,0.0,0.0,0.0,0.0,0.0,0.0,0.0,0.0,0.0,0.0,0.0,0.0,0.0,0.0,0.0,0.0,0.0,0.0,0.0,0.0,0.0,0.0,0.0,0.0,0.0,0.0,0.0,0.0,0.0,0.0,0.0,0.0,0.0,0.0,0.0,0.0,0.0,0.0,0.0,0.0,0.0,0.0,0.0,0.0,0.0,0.0,0.0,0.0,0.0,0.0,0.0,0.0,0.0,0.0,0.0,0.0,0.0,0.0,0.0,0.0,0.0,0.0,0.0,0.0,0.0,0.0,0.0,0.0,0.0,0.0,0.0,0.0,0.0,0.0,0.0,0.0,0.0,0.0,0.0,0.0,0.0,0.0,0.0,0.0,0.0,0.0,0.0,0.0,0.0,0.0,0.0,0.0,0.0,0.0,0.0,0.0,0.0,0.0,0.0
livestock_sheep_price_index_lag6,0.0,0.0,0.0,0.0,0.0,0.0,0.0,0.0,0.0,0.0,0.0,0.0,0.0,0.0,0.0,0.0,0.0,0.0,0.0,0.0,0.0,0.0,0.0,0.0,0.0,0.0,0.0,0.0,0.0,0.0,0.0,0.0,0.0,0.0,0.0,0.0,0.0,0.0,0.0,0.0,0.0,0.0,0.0,0.0,0.0,0.0,0.0,0.0,0.0,0.0,0.0,0.0,0.0,0.0,0.0,0.0,0.0,0.0,0.0,0.0,0.0,0.0,0.0,0.0,0.0,0.0,0.0,0.0,0.0,0.0,0.0,0.0,0.0,0.0,0.0,0.0,0.0,0.0,0.0,0.0,0.0,0.0,0.0,0.0,0.0,0.0,0.0,0.0,0.0,0.0,0.0,0.0,0.0,0.0,0.0,0.0,0.0,0.0,0.0,0.0
maize_n_markets,1.8012377943167447e-06,1.8183187902323371e-06,2.000456627039271e-06,1.7998991386284904e-06,2.06373964248031e-06,1.7331341079714546e-06,1.902227162070485e-06,1.860672275081349e-06,1.8658795509052901e-06,2.067459469533855e-06,1.7314093294145321e-06,2.0890148630361874e-06,1.642827312233861e-06,1.9877549039753985e-06,1.6613506048074503e-06,1.7592654511425065e-06,1.865484911801899e-06,1.9159566179133844e-06,1.8892183725055618e-06,1.8330229532418372e-06,1.7135494997309683e-06,1.7510588538593223e-06,2.1758324127924534e-06,1.8176805546791328e-06,2.1408816248055075e-06,1.8528987202996465e-06,1.8264752542092275e-06,1.8731164222157685e-06,1.8363714403247241e-06,2.0035780680907687e-06,2.101043803556941e-06,2.0759361760730657e-06,1.9630004592070176e-06,1.8004493195283322e-06,1.971200950510589e-06,1.6793724036344255e-06,2.0914787864935984e-06,1.8760077642460706e-06,1.9165774996297946e-06,1.7698394009950163e-06,2.14364425921292e-06,2.0213053337432665e-06,2.0642621857882203e-06,2.091587890708257e-06,1.8589415512284877e-06,1.8443686667806613e-06,2.0429775442766105e-06,1.9101353697710156e-06,1.9402664509557542e-06,1.851818283275541e-06,1.8596893730473731e-06,1.917407591489778e-06,2.308748019737075e-06,1.8184719217736775e-06,2.015796293979517e-06,1.9238667538180033e-06,1.7446909598579401e-06,2.0606604612350792e-06,1.8150162586802199e-06,1.993160302769406e-06,2.366576467179857e-06,1.8358222235269264e-06,1.8466010450638105e-06,1.8150463065272615e-06,2.0922423553125374e-06,1.8707334833300633e-06,1.6569910960476345e-06,1.8421319500383136e-06,2.055076060828215e-06,2.024719058397805e-06,1.7027489858980916e-06,2.000657481631795e-06,2.0433818244004432e-06,1.8424226268046144e-06,1.761106564679419e-06,1.797272763976646e-06,2.07456827595614e-06,1.896889732470588e-06,1.8759518463275118e-06,1.635090875380857e-06,1.948353017534446e-06,1.9619998819688997e-06,1.8739243397287372e-06,2.1610101472825492e-06,1.7837950994509348e-06,2.4544479411540155e-06,1.8412197488209063e-06,1.8743019463626824e-06,1.818851456611711e-06,2.223658944262234e-06,1.7053816272132227e-06,1.785953402560361e-06,2.112430812799988e-06,1.9848987516697067e-06,2.1836871128295356e-06,1.8990869210291272e-06,1.7200780774063698e-06,1.9496436288041686e-06,2.1494997329778553e-06,2.2232275085974924e-06
maize_price_etb,0.00048395395253221274,0.00046539628200793445,0.0004851293637307349,0.0004728361809969442,0.0004659763004198886,0.000467876543138585,0.0004769082509271744,0.00046478931228402076,0.000483688037762813,0.00046591907067981527,0.0005025767683957139,0.0004875945930643646,0.00046314479184791376,0.0004988749337358834,0.00047920548612235165,0.0004721848140525316,0.00044920000702713465,0.0004783021605890463,0.00047469943224499357,0.00048342408381628734,0.00047525872230231556,0.0004869251400476554,0.0004899677610972201,0.00048472498928558587,0.00047111003662879256,0.0004646645076675733,0.00048619054313787637,0.0004907199067530897,0.0004889353839172792,0.0004796902382369696,0.0004933045632633322,0.0004601713423883919,0.00048282303512507755,0.00048549135978506546,0.00047884079459938945,0.00047981789884503915,0.00046251409958978615,0.0004659848814101323,0.0004883168835329179,0.0004997726080243735,0.0004974314550887806,0.00047631905683469906,0.0004770090296386315,0.0004583702601358716,0.0004979928758116201,0.0004919473768910554,0.0004954344369316817,0.0004919229635777269,0.00046376635904087744,0.00047495553020601277,0.00048589886659775586,0.000476407564776706,0.0004888438729580885,0.0004615238358332853,0.0004887928330745057,0.0004739818597704769,0.00047224628294929296,0.00046646574658667573,0.0004781899045641213,0.0004684702667431473,0.0005067032270179772,0.0004629900921945987,0.00048627031824356775,0.0004964444858296482,0.00047198653393383267,0.0004929733305804436,0.0004821600266484823,0.00048026355758587025,0.0004998802122569355,0.0004969554027096414,0.0004908914029922174,0.00047093892490569685,0.00048144055810661217,0.000500129882870994,0.00046513841475898066,0.00046520223188695415,0.0005009761080145836,0.0004919849710861636,0.00048729910237587385,0.0004758656659954741,0.0004767381728821536,0.0004866675102891718,0.00045879033450075803,0.00048256878325878916,0.0004705051079089062,0.0004683778279964228,0.0004925849857779311,0.0004641076485935555,0.00046467455120061785,0.00047998812054126446,0.0004725822811885856,0.00047373425233479283,0.0004852051588625045,0.0004944019541825669,0.00046349024423253464,0.0004982267746803389,0.0004884862859030894,0.0004715381769927474,0.0004917776081621071,0.00046119296099293884
maize_price_etb_lag1,0.0013042279703967116,0.0012821316624814201,0.0013281528652108,0.0013093017213413874,0.0013107317942299085,0.001305904292662675,0.0012741830487620841,0.0013220601809468813,0.0013192642680467334,0.0013193458721142588,0.0012346186874660273,0.0013312001335535847,0.0012544294896524649,0.001262576529351105,0.0013222514882979734,0.001334434381895522,0.00131596103515055,0.001265589649380256,0.0012980864263651283,0.0013326806834909493,0.0012923215712628566,0.0013129187671230172,0.0012860960971269682,0.0013395498353753978,0.0012741906979677876,0.0013215102970708108,0.0013001189845372467,0.0013650534170982797,0.001286252131519307,0.0012944919183768982,0.0013041570621576055,0.0013965925043419882,0.0013052990972078897,0.0013037847502716594,0.001312436091503433,0.0013255389528030888,0.0012774111774662964,0.001346796110798325,0.0013576962518834512,0.0012733646158082058,0.0012726779337255754,0.0012863994379761822,0.0013101768096916318,0.0013480940834692055,0.0013089454576369565,0.0013361617959258092,0.0012926635749540385,0.0012828833952605893,0.0012776392800330132,0.0012849222387152153,0.0012918043262580715,0.001368951240848985,0.0013514944123074648,0.0013512417396804957,0.0013288618454673014,0.0012721757287729347,0.0013278299215559195,0.0013668457514303045,0.0013447041198727915,0.0013588834382828872,0.0013081410941656606,0.00129448308527397,0.0013882564464923035,0.0013249527401760993,0.001361700363767001,0.0012833010802391577,0.0012924539103769499,0.0013021464602244997,0.0013291369097458688,0.0014074049034240104,0.001265498648752414,0.0013159916629652275,0.0013061275260922742,0.0013573683992820728,0.0012669409531433126,0.0012719121187898988,0.0013190356265469741,0.0012705648427439006,0.0012942391334521263,0.001289010994620634,0.0013438066893213495,0.0013589441197693895,0.0012717630541322622,0.0013078293164996296,0.0013553574533453063,0.001260746578529112,0.0013559864610359663,0.0013417796331389985,0.0013206006981857606,0.001315065531577983,0.001242655929780724,0.0013292258094949295,0.001304337008148586,0.0013041880480156797,0.0012087280862394904,0.0013501097026094343,0.001268001750525019,0.0012735436698039409,0.0013269460762467228,0.0012728709389607945
maize_price_etb_lag12,0.0013371906583914063,0.0013635061145229864,0.0013419424411516155,0.001320610933354172,0.0013634843224424322,0.0013456086736118448,0.0012751952708063145,0.0013162860523278164,0.0014308986952689042,0.0013978924998998118,0.0013636583864066706,0.0013882716974015993,0.0013626726749793384,0.0013961454430335375,0.0013583590623375036,0.001287586029343888,0.0013238390017618355,0.001287413628696701,0.0014774888638841481,0.0013633760866426892,0.001306922404767831,0.0013972289034816531,0.0012859518232731582,0.001365383757564983,0.0014413701082091955,0.00140345633359982,0.0013003725575551834,0.001338383761344489,0.0013961694069146297,0.001340509229468206,0.0013268813450696697,0.001368542404680174,0.0014206616236398279,0.0013703527756541802,0.0013822910649537413,0.0014017040725910535,0.0014326005929526972,0.00139020075431843,0.0014312399375002401,0.001362193154484121,0.0014062948937748293,0.0014046043755481467,0.001429884144335759,0.0013330155139817266,0.0013597141159152042,0.0013617104163786732,0.0013837189747989845,0.0015049575471458732,0.0013154815748916248,0.0014156388422394567,0.0014119343840972803,0.001346912118284902,0.0013821273965001354,0.0013112741083181813,0.001413722817652349,0.0013867325885889806,0.0013380619781471024,0.001382329210534877,0.0013350278808040516,0.001385160990099868,0.0014372498401664993,0.0013703876637755344,0.001436912769202999,0.001305142878872915,0.0014354470394824274,0.0013571340768110183,0.0013437338973272765,0.0013504831019623155,0.0013554700035016967,0.0013969811298187083,0.0014016503329807217,0.001405837687823132,0.001396153170793472,0.0014367356376267398,0.0012793489834685792,0.0014193472593059934,0.001358605808468524,0.0013962946304334155,0.0014163294904772127,0.0013799555396424635,0.0014209234574456167,0.0014168618690721265,0.0014050197348113025,0.0014088847455096202,0.001374253092532601,0.0013597572987688368,0.001446965041430892,0.0013477627705047364,0.0013829596637760394,0.0013940942531073656,0.0013431004339988486,0.0013811546843820312,0.001361941658824893,0.001390579522454313,0.0013240440383076595,0.0013919045097465204,0.001371650032398951,0.0013941280040703585,0.0013891653232649226,0.001305853144177014
maize_price_etb_lag3,0.0010937044205461559,0.00117163547218936,0.0012234653589836971,0.0011311188658983482,0.001131736531048972,0.0011961540198268522,0.0011698568973811105,0.0011045236553125252,0.0011792548799089023,0.00116621491642575,0.0011325957116351468,0.0011556234751912214,0.001133709715318071,0.001190640205990464,0.0011916013426173753,0.0011208684600149251,0.001176658692898896,0.0011256790264870193,0.0011885477743497834,0.001161114115388826,0.001185624896702302,0.0011048100453597705,0.0011367953316230787,0.0011758499729316591,0.0010868904169255532,0.0011931326329641255,0.0011284686490029528,0.0012121059625872955,0.001132068395861434,0.0012007041996906674,0.0011955348310736314,0.0011553597836411354,0.0012104109927801078,0.0011095063605977595,0.001132471653394365,0.0011523037443800044,0.0011638964605411633,0.0011779983782481333,0.0011426044902471816,0.001178808950737448,0.001109239906895317,0.0011841023367816124,0.001122746057101391,0.0011358765876878327,0.0011270964473840735,0.0011583338973669656,0.0011116873914487737,0.0011884877381086597,0.001148147415626843,0.0011300719751262353,0.0011495662531111675,0.0011382705729333922,0.0011689599852152863,0.0011515455854590017,0.0011458140968237769,0.0011651893098130976,0.0011803471140069868,0.001131094732978031,0.0011261360484559097,0.001124483467644663,0.0011626436740476214,0.0011349982518401947,0.0011469149426026868,0.00112097124518342,0.001194927405650818,0.0011681388505060274,0.001148166692847215,0.0011751690871108598,0.001187978779319918,0.001184483137806997,0.0011719348567253232,0.0011927843600989746,0.0011857597850227126,0.0011751246432920954,0.0010968506134714832,0.0011545107346426584,0.0011720540570165881,0.0012794821050719938,0.0011785122555641365,0.001154131408372034,0.0011499685581112789,0.0011874454930229299,0.001198336832820495,0.001153598046553719,0.0011626077374652943,0.0011932387931325092,0.0011714090974943609,0.0011657476373752123,0.0010915518411498818,0.0011813082170510102,0.0011269539543874228,0.00116037295133729,0.001217774190060059,0.0012036362576784965,0.0011266089212265075,0.001173362327100718,0.0012069948957918058,0.001160541832931674,0.0011163862605930773,0.0011584737818248524
maize_price_etb_lag6,0.0022094150890420742,0.0020675490568684424,0.0021383479261498327,0.002106245809759793,0.002101843691706719,0.0020652831615777293,0.0020985309425207966,0.0021663973505786777,0.002104529736803303,0.0021720999012089974,0.0020731950879805277,0.0020482422617020494,0.0020255303015004333,0.0021260065941514127,0.0021401725844733977,0.0020984075542505934,0.002042267404064752,0.0020167255787637787,0.0021944984752206636,0.00212058092519227,0.002106988948452999,0.0021816977796905138,0.0020391004586822418,0.00208778618005785,0.002059746313013594,0.002021060039509754,0.002069135386033371,0.0021662541965293916,0.0020027315349969176,0.002075347609852047,0.002120406229500167,0.002028821698638043,0.00212551832290365,0.0020520394298249923,0.0020375803980354178,0.0020885872046429127,0.002066430451767487,0.0021325678629202935,0.0020910560400395546,0.00205186698740005,0.001999542379434933,0.0020503697212588805,0.001995484948349799,0.0020711076642072317,0.0021158493219716043,0.0021384224154857253,0.0020495246701505553,0.0021459701422986296,0.002025564355191468,0.0019430245645279984,0.0020985873128442395,0.0021075642193051206,0.002094461028563762,0.002155832982615017,0.002108334428778598,0.002075346936346427,0.0020262014841965514,0.0021879515121996226,0.0021432498662769177,0.002165318499341751,0.0020750815564126363,0.0020211166366382025,0.0020741620947837603,0.0020854114484925045,0.0022096518169878996,0.002114959250511492,0.0021537572472131944,0.0021014404225242218,0.002096944722942134,0.0021312223987434036,0.002102381258375758,0.002080740634315976,0.0020633137122399495,0.0020932473195363235,0.002040316133192381,0.002052550795936367,0.00200506830126821,0.0020165870909683863,0.0020082993722913478,0.0021311078585197108,0.0021219370677634003,0.002148991582829703,0.002033338620034326,0.0020578843686862073,0.00205877943210602,0.002108510656669875,0.0021224287615734198,0.0020150577164530815,0.0020300519986565335,0.002097158816342902,0.002094802051060174,0.002063459883044873,0.002161014141878685,0.0020945953545716558,0.0020602115038191042,0.002163037353001144,0.00208451344030334,0.002160395168762955,0.0020234027916496123,0.002131263122494089
maize_price_index,0.0009176915460391506,0.0009556505171096195,0.0010204411290452306,0.0009687644482691167,0.0009190264483174634,0.0008297409968170433,0.0009487867524064537,0.0009385271632903769,0.0009145299637956279,0.0009116666832407891,0.0010363168834006122,0.0010626010095097737,0.0009057855487751644,0.0009702242964048265,0.0009208174737001942,0.0008171372595413481,0.000876595147418114,0.000942449260238247,0.0009777782333203642,0.0009427984613729827,0.0008907883267032125,0.0009956875710097047,0.0009113549710533552,0.0009470380509427759,0.0009470589544426128,0.0009605743386573817,0.0008329071345230663,0.0009705609037155855,0.000905790725681774,0.0008876620364594585,0.000939091426427068,0.0008642781554612673,0.0009286050672538121,0.0009725010799426583,0.0009176369754531986,0.000841137645393353,0.0008428988966536808,0.0009218725656063455,0.000888794165823205,0.0009399648613423068,0.0009786750965580097,0.0008440644326353069,0.0008321988679631887,0.0009013349506097767,0.0009462468819712013,0.0009126823684399892,0.0009544669455103705,0.001004896322239558,0.0008998434939868414,0.0009304396081857224,0.0009826698249367917,0.0009111523981096211,0.0010547763250223145,0.0008480130039859921,0.000999792983686054,0.0008550143435602562,0.0008386915627246102,0.0008509642400523664,0.000911816682012879,0.0009606989129337825,0.0009807877757877699,0.0008699562705235699,0.0008928612102108466,0.0010231725157806078,0.000946488559215212,0.0008799810024534961,0.0009997893871837203,0.0008822831889554046,0.0009855275503356522,0.0009369036315164539,0.0010062689501522243,0.000865420987643173,0.0009023180404026254,0.0010056091874858443,0.0008708861114340272,0.0009381960378638407,0.0009437504807278884,0.0008871402314930301,0.0008525322040374563,0.000946691634456111,0.0009351116560111587,0.0009816325024757573,0.0008269650481604014,0.0009168959089366525,0.0009724511143097782,0.000899451730157113,0.000986821500049728,0.0009940953388086439,0.0009124014091795584,0.000856011733477016,0.0009077956478687979,0.0008720828953287143,0.0009453743650417922,0.0009626869700034068,0.0009241083876619962,0.001021621423099239,0.0009943500823669748,0.0009448682305096469,0.0008930480642741697,0.0009311540932841265
maize_price_index_lag1,0.0008447959258595804,0.0008104891336141854,0.0008962608546772529,0.0007590045057011549,0.0008030686850223775,0.0008319253461474644,0.0008458713996863627,0.0008242473420732011,0.0008235365946779093,0.0009001042415709939,0.0008315029999564528,0.0008775733043426832,0.0007775178497459218,0.0008751434418874143,0.0008432892262611058,0.0008482707486333026,0.0008982354328772239,0.0008538167172010662,0.0009056035968493683,0.0009109567950211023,0.0007977079078034492,0.0009697135294427011,0.0008202316816732303,0.0007986462539417979,0.0008535516452175367,0.0008940230715577024,0.0009027830640971147,0.0008996267884720973,0.0008414837254485754,0.0008099516848869637,0.0009600782452881968,0.0008802443382499278,0.0008908769543947275,0.0009192976922010829,0.0008752232499332588,0.0008697998840532158,0.0008905846437566584,0.0008613153572002743,0.0008440394612274077,0.000870308521193413,0.0007849006095401084,0.0008516841385837482,0.0008607594776539333,0.0008022837569243599,0.0008279082281457156,0.0008533620843172119,0.0007973047848029243,0.0008381461819281623,0.0008061814085426795,0.0008118317005840909,0.0009161684469845637,0.0008736597022184365,0.0008420594313115735,0.000845318363196608,0.0008250484742359834,0.0008475851696842653,0.0008813559561418312,0.0008691697686093071,0.0008644317757621732,0.0007867104305340694,0.0009129749018258015,0.0008340388117229542,0.0008088968794396324,0.0007828599950902837,0.0009121951797984802,0.0008353253312230887,0.000843602098142786,0.000912205255789627,0.0009369785436512639,0.000854490096483179,0.0008961440623111848,0.0009099719652249185,0.0008827412621168904,0.0009133919620461597,0.0008692076530794724,0.0008760095777869317,0.000818318379429099,0.0008137260086923128,0.0008525683815649526,0.000792535159767723,0.0008016695819034776,0.0008495715508231697,0.0008870310943382178,0.0008712024267266708,0.0008480396131622387,0.000915111539875118,0.0008328495616028362,0.0008181699337450603,0.0008104617790665459,0.000940665570145577,0.0008200732990697649,0.0008468509156332757,0.0008699913603029348,0.0008868368728480991,0.0007419350241767878,0.0009198858001924347,0.0008408632806712456,0.0008946182753802698,0.0008033793523240503,0.0008477900541429919
maize_price_index_lag12,0.0019820960462890343,0.0019053895324674288,0.002056179125648663,0.0018175605011575588,0.0019150569249558975,0.001863047046737271,0.0019402545912151421,0.001990123533658565,0.0019591398671490517,0.0020418131150037894,0.0018332041076945592,0.0020312776241459213,0.0019667999895406517,0.002054652789179583,0.002131388387710288,0.001955954969543745,0.002034289644114555,0.0019512857246843185,0.002223756436189139,0.0018139186937405662,0.0017751977940297604,0.002066142150066572,0.001848136666156943,0.001899099104708026,0.0019835878537647718,0.0018657478311062477,0.0018779806396811481,0.0017839665711054603,0.0019764135886701,0.0019496702907248313,0.0019072912006109974,0.0018991479094817032,0.0020490643260467046,0.0019473056074326988,0.0018679152825799706,0.0020761822634411935,0.0017996542637793668,0.0018415808346022237,0.0020271754049772514,0.002070839710281667,0.0019434080831963617,0.001992185504013111,0.0019300409127990898,0.0019545395825806364,0.001920491595816168,0.002006342845054291,0.002100320262005302,0.002076583106541239,0.001700005454208581,0.0018932601910025355,0.0020074817776844535,0.001999039046744012,0.001903448340317827,0.0018191604519595846,0.001831705214711532,0.0018650628015748627,0.0019079421192479595,0.002028650368304809,0.00189380356727015,0.0019642307048340843,0.0019773054865411927,0.0019051846781368911,0.0019506908544410584,0.0019260243659876312,0.002033000571551695,0.0018506690183637715,0.001930551996790104,0.0019381092167141275,0.001971242813106814,0.0019358704589677524,0.0019310570609279549,0.0018689308342510376,0.0020063185262229623,0.001886269837371064,0.0019002402560583595,0.0019092871078011742,0.001951816855249136,0.0020600943739369788,0.001956031280148741,0.001963697506913117,0.0020455731981381866,0.0019759766213091963,0.0018480695810444072,0.0020624071493323217,0.002052624895654521,0.0018782837385809199,0.002157648583440903,0.001895438013321947,0.001888485221748849,0.0019582968000823914,0.0018699270399291199,0.0019691744716445934,0.001989630307729714,0.002055488169782013,0.0018354386687047363,0.0017945598251731993,0.0018666732749079654,0.001968431015922498,0.0019285305376820848,0.0019073049133557381
maize_price_index_lag3,0.0005425899560300388,0.0005071451790073887,0.0005245788576511384,0.0005196228887835354,0.0004998186943114827,0.0005337420000855054,0.0005216401519186042,0.0005443236009514099,0.0005184336664416076,0.0005445788543992095,0.0005294386328556661,0.0005338470560557667,0.0005054245801341095,0.0005077121889109744,0.0005421592635674603,0.0005088340388781284,0.0004903937837106077,0.00048743830362686424,0.0005522622636111558,0.0005125191560285995,0.0005306930393820951,0.000523691896263708,0.0004967379558004254,0.0004933879918738906,0.0005136280201437829,0.0005336344535785533,0.0005187454236807267,0.0005596827323085084,0.0005274278571230814,0.0004924260014743629,0.0005047679489715959,0.0004896087180071088,0.0005437520734263292,0.0005498402499307135,0.0005381826010148322,0.0005432902851779582,0.0005171281328205318,0.0005447447018640333,0.0005316956897208041,0.0005218535644825602,0.0005204601107606133,0.0005264433183451167,0.0005241583554860555,0.0005291820703782308,0.000517618518384248,0.000530245513677741,0.0005208069360265451,0.000578678773343788,0.0004967970120318214,0.0005219129083377326,0.0005152388673677097,0.0005077563667580874,0.0005328021353257536,0.0005574895092623606,0.0005494494048701477,0.0005013389961645868,0.0005173339960637732,0.0005517004362180228,0.0004978134580481325,0.0005349895405382871,0.0005487901716163026,0.0005308595397448575,0.000530379233807756,0.0005190237510630898,0.000545698883438713,0.0005213630726265935,0.0005482177343605159,0.0005264506404992872,0.0005172505554421101,0.0005529735294121508,0.0005424302072538059,0.0005145293569956824,0.0005434416079634365,0.0005424510854660495,0.0005323586701580983,0.0005038719745958642,0.0005136398314181818,0.0005454924446466366,0.0005058535437407827,0.000503622703120052,0.0005321398277513444,0.0005404856131697142,0.0005320297922341962,0.0005465818069659282,0.0005075442123472989,0.0005140654592317824,0.00048583804989594186,0.000483371623087317,0.0005068854248299655,0.0005281372477255153,0.0005601731003175333,0.0005339481516755999,0.0005342151814490991,0.00056199396708887,0.0005152387042135242,0.0005296324164225167,0.0005102264466497847,0.0005062183491282134,0.0005602243092001704,0.0005183755262477517
maize_price_index_lag6,0.0011570489199731575,0.0011340646052072172,0.0012283409079320677,0.0010932608866360163,0.0012657204541460315,0.0011618230014445235,0.0011461575886968483,0.0011440824161297652,0.0011226647046444138,0.0011706901247620523,0.001139959862251336,0.0012359086571509463,0.0011306290081202447,0.0012009009223225996,0.0011875191613104406,0.0011725391542496098,0.0012126936584099593,0.001104281533336276,0.001253929604791308,0.0011367017455748362,0.0011410214528078284,0.00116435021937613,0.001174933673532381,0.0011609884880167327,0.001206883933672166,0.0011718147485512145,0.001152522497838302,0.0011837404303134515,0.0011860932583590935,0.0011226626418777911,0.0011573757947591443,0.0011714658786759155,0.0011568553634573595,0.0011402479268333618,0.0011119245486811197,0.001123852420777752,0.0011838412048722398,0.00121721661170566,0.0011659138550753065,0.0011864437683125678,0.00121849937208154,0.0011740258628005333,0.0011395529795641638,0.00119528216075649,0.0012037556428714782,0.0011768192061076225,0.0011177072618053835,0.0011139165788353533,0.0011954746538727545,0.001113529822481343,0.0012171312798471964,0.0012039695965929415,0.0011733247021246435,0.0011624900455819765,0.0010867499027182198,0.001197137258382655,0.0011127653398242212,0.0011061244345995744,0.001180305233313763,0.001105114711266817,0.0011778887741766926,0.001109956400976505,0.0010967001882750506,0.001024063429213129,0.0012093224965357766,0.001137986260596351,0.001187882059247084,0.0012358957946086316,0.0012262743490493344,0.0011536825832087654,0.0011546433483651506,0.0011179330980092199,0.0011561770404557976,0.0011843199775657238,0.001173496157891571,0.0012411418256576105,0.0011416180699336932,0.0011541340766047829,0.0011413071296103728,0.0011795504716573812,0.0011955458243476168,0.0011240654252553898,0.00114340714203564,0.001210978820312526,0.0011184783858602051,0.0011807593766245906,0.0010954801189961276,0.0011254672029540438,0.0011624478721331414,0.0011286345105878547,0.0011790903190432777,0.001102295683297085,0.001109586544201521,0.0011957298288265792,0.001156688015643879,0.001186694648342427,0.0012230961125204564,0.001197736913725471,0.0012291777056239043,0.0012148099393893793
maize_yield,0.003834191507295422,0.003933716973507092,0.0039741992821892514,0.004038809661112669,0.004173209557786656,0.003937144453326861,0.004105977516099451,0.004034884711065483,0.003799862427581706,0.004137521276084656,0.004085761158784313,0.0038566222970982597,0.003847224450187489,0.004114834576320697,0.003987752615870732,0.004064842573321425,0.003886596653854707,0.003965867459619761,0.004044290557452281,0.004083369975540661,0.004232606238038315,0.004064354364900979,0.003912528294856545,0.004019127962011728,0.003920243425697109,0.003959081079129559,0.004078325192688908,0.003855410181088765,0.00393454595472152,0.003962460045334468,0.003910564366288437,0.003956633637960694,0.004171739154983135,0.004171379631689864,0.003885602214732937,0.0038641533692893777,0.004048671862631111,0.003957249031365535,0.003958442750379824,0.0037825327498993847,0.004212006772280233,0.004030599064091471,0.00399763426011373,0.004230359771653362,0.00394952134020354,0.0038787423542413404,0.003950019273842672,0.0038304096094240723,0.003870136643135811,0.004005641724047906,0.003927864372766248,0.004005406535210652,0.004154255726163226,0.004007551541424686,0.003934522156826663,0.003926489511189829,0.003957120828289382,0.004094149874300896,0.003999138996519246,0.00394083227604895,0.004060181096232168,0.0039967237306492666,0.003788236630187107,0.0037923998014938428,0.004070982041340026,0.0038091288493872924,0.004127123951012098,0.0038739727306121214,0.003951782040591072,0.0038782208740166173,0.003895515786821962,0.004131287560021161,0.0040438374359188945,0.004097188233537374,0.00410154818578413,0.004029408232241437,0.004071449609621177,0.004083915587882283,0.003994221306740826,0.004016981645904384,0.004120821524038654,0.0038767429608581724,0.004075384487991213,0.003919693649720125,0.0038973247629813363,0.00413779804214393,0.004080502099754113,0.003852210406746183,0.004068885258224769,0.003953785868200908,0.003904165797773684,0.003949831183961213,0.003944160673173441,0.0038903627571636352,0.00391601265155504,0.004028127979926811,0.0038982414170647176,0.004031008600499648,0.004054981518441681,0.004004516805283689
maize_yield_anomaly,0.005895275095885194,0.005874786290081103,0.006283266430147367,0.0062316153468429175,0.006035822285470997,0.0059588170384447005,0.00620984602713118,0.00567124977287193,0.005909071136712693,0.006090160444577458,0.005853425064480885,0.0058319787300410994,0.0057459982422008865,0.006253603690212594,0.005868604922910742,0.0058784535518809486,0.006021573998514766,0.005995157831560581,0.00590086318277725,0.005974802813795444,0.0062811933081851614,0.006109677518996249,0.006198742270908011,0.006378333763896859,0.006036032299354307,0.0060780025863399105,0.00624412595443209,0.006228144332915004,0.0059838572954418355,0.006297178227252605,0.005952742011167412,0.0059029538634479345,0.005920600253070549,0.006126399947445405,0.005774948677916422,0.006056151844996874,0.005909462957826152,0.005930877770146187,0.005836670779368568,0.006016758950735687,0.006256413293743391,0.005910480860540395,0.005843628440781775,0.006078187554860661,0.006184705613589774,0.006182692555666967,0.0060611054771422335,0.005948739498869752,0.0060437468940737924,0.006084276707598707,0.005986528419854159,0.005958662349396508,0.006266345412183098,0.0060923830694419355,0.006096247318740664,0.0063252925060225396,0.006124325694511159,0.006386188914892672,0.005975775924087692,0.006068782420222197,0.00628800352899071,0.006041680716859977,0.005773743580569808,0.005905112817165557,0.005904756808907997,0.005875044397230782,0.006113395003281827,0.006021653023629408,0.006120665843924411,0.005993654056846854,0.006096796041195139,0.006159310916768422,0.006221363744830226,0.006167895449846058,0.0059459903497593395,0.006088676249490777,0.006043705076710022,0.006367544917305552,0.0059278279666167355,0.006006425462555194,0.006108371955548266,0.005919872712102263,0.006101984394266893,0.00599734214799102,0.00603680768380619,0.0060462808200968665,0.005890715644894755,0.006131484829149035,0.006031602371215378,0.006184011069094291,0.006069299920312314,0.005972328869381044,0.0061274146746485405,0.005965446384146095,0.005869129328301409,0.006111466970643076,0.006108235389850982,0.006087141830070501,0.006238248168132181,0.006077731577737361
months_since_assessment,0.0,0.0,0.0,0.0,0.0,0.0,0.0,0.0,0.0,0.0,0.0,0.0,0.0,0.0,0.0,0.0,0.0,0.0,0.0,0.0,0.0,0.0,0.0,0.0,0.0,0.0,0.0,0.0,0.0,0.0,0.0,0.0,0.0,0.0,0.0,0.0,0.0,0.0,0.0,0.0,0.0,0.0,0.0,0.0,0.0,0.0,0.0,0.0,0.0,0.0,0.0,0.0,0.0,0.0,0.0,0.0,0.0,0.0,0.0,0.0,0.0,0.0,0.0,0.0,0.0,0.0,0.0,0.0,0.0,0.0,0.0,0.0,0.0,0.0,0.0,0.0,0.0,0.0,0.0,0.0,0.0,0.0,0.0,0.0,0.0,0.0,0.0,0.0,0.0,0.0,0.0,0.0,0.0,0.0,0.0,0.0,0.0,0.0,0.0,0.0
months_since_harvest_start,0.0019519738033491015,0.0019200670261648172,0.0018563521003592926,0.0018885001320690122,0.0019529045315949778,0.0020017010287373353,0.001897184827194335,0.0018926664259817563,0.0019222288298885947,0.001984212216572467,0.0019297966681111648,0.0019035100256554972,0.0019303245219341597,0.00192382386264541,0.0018567149490413685,0.00194984860356712,0.0019073886923370478,0.0018319104037863338,0.001940074529210549,0.0019342989020555404,0.0019515968444310462,0.0018950014278257949,0.001955545017466989,0.0018966468189665605,0.0019339487016089504,0.0019419741424107815,0.0019595949903189664,0.0019220207238025459,0.0019765875524882385,0.0019048388537293939,0.0019112093917404611,0.0020012279858027267,0.001932377486812366,0.0019401384384504386,0.001926369625451416,0.001833460976374821,0.0019842177863506594,0.001955603985442877,0.001866403777414857,0.0018993705969684346,0.0019312320715198878,0.0018786068482220357,0.0019055933423942563,0.0019422559769955265,0.0019980620117931967,0.0018794328090654439,0.0019451136685704736,0.001997185556065057,0.0019085258771305463,0.0018866083782688144,0.0018905878942421257,0.0019227752850562582,0.0019240091189907914,0.0019300953543560516,0.0018734301844055155,0.0018852309228963584,0.0019224009473709771,0.001944850609230303,0.0019041035952849289,0.0019490278422063779,0.0019385269314392609,0.0018598404448248672,0.001910737462705252,0.0019271142874459374,0.0019823260143128647,0.001977450448844204,0.001963720293866639,0.0019520793018622865,0.001931453736295205,0.0018915461587688768,0.001967050209773217,0.001926001462598702,0.0018882413737286586,0.0019671059731542523,0.001971442703476781,0.0019292075376092534,0.0019771987682380672,0.0019337877342679901,0.001936722318685226,0.0018799178274730806,0.0019092158787370273,0.0018659211147102233,0.001878389434694853,0.0018942208927591685,0.0019524365926165907,0.0018274747957205534,0.0018853537831198376,0.001987333911383657,0.0018562586368122663,0.0018520810396064733,0.0019206813716710776,0.001935527594674898,0.001911347176866147,0.001971268859126954,0.001923589721345198,0.0018369963782594596,0.001971249558406595,0.00196279926026938,0.001973633467861862,0.0019391444496848357
months_since_lean_start,0.06044789341331721,0.059576481013842254,0.059981945738854535,0.06041491093349259,0.0604366279824838,0.05991924767433219,0.06117753003864678,0.06026923198193785,0.06039490417131911,0.0601287375662535,0.05952593701807403,0.06021541047499376,0.06000575061959489,0.060478627249171725,0.05968607307699033,0.060320288208978515,0.06057119377669567,0.060473505565041795,0.05959117163378897,0.06009576657016969,0.06072376708367041,0.060187339372650105,0.05970644244886909,0.0598085989874805,0.05967192833676287,0.06046569330477669,0.060682965346128055,0.061273077838996964,0.060155342297025634,0.060895422918964985,0.06074282853029221,0.0600287458345839,0.06078796931706353,0.059917612349662065,0.06017160372521916,0.05976156162623807,0.05963182976704638,0.06073514745989139,0.0603770330481442,0.060308137033815996,0.059997937452431135,0.059612926964058684,0.060082395510263405,0.05900503166811766,0.060388562283006264,0.060523243266202155,0.059686957665039723,0.05944294194460142,0.06000158103572409,0.05961418444428302,0.06027279960363075,0.060516572608808515,0.06052734123978679,0.0602580699311239,0.060325058732436314,0.060583858273208675,0.06055961932544773,0.06021296721417135,0.060281313059168944,0.059971655449676385,0.060418780794106244,0.05977268015170114,0.059954432564934754,0.059803334494771175,0.0592007715887473,0.06026094021459462,0.06047937809827103,0.06036253446639818,0.060393489564314555,0.06003977646479181,0.06001137819249129,0.06065252965690248,0.05952001925303329,0.06094461970296068,0.06065312181544806,0.059925289170301065,0.05969675916219432,0.060131728668421446,0.05963388536950693,0.06019069285442432,0.060564158558896936,0.06063856424608257,0.0598598148537513,0.06000254551441074,0.06050145731412332,0.059212548201267395,0.059544560622251635,0.06036553511060543,0.060727871312991843,0.06002654175076755,0.06067308817917495,0.06038387142522858,0.061043661177091514,0.06145711626158224,0.060429553536658374,0.060691687522045984,0.059786729691993626,0.06096809454521922,0.05978992920088678,0.05986114056797646
pct_agropastoral,0.003122669278937755,0.003192030862320839,0.0030005586025381578,0.003179965847672533,0.003022978291027325,0.0032409608207920695,0.003327268989161531,0.0031316657675966217,0.003150991381070814,0.0032893555200921615,0.0032531805518047924,0.0031428998898588804,0.0030886806847156122,0.003297783877395911,0.0031162541502028746,0.0029696192026133165,0.00326671023252809,0.003172434642756701,0.0032653727927331967,0.0033494467355999927,0.003213716196211208,0.003076215763753081,0.0032185842096677025,0.003360288360672235,0.003218652514369324,0.0031945121306167583,0.003163258505733189,0.0033674409074401592,0.003348655457202836,0.0034687218153135807,0.003289341006821357,0.003211206241541017,0.003232536797287692,0.003221117618851739,0.0033217867906414245,0.0030632735446308856,0.0029893983905881724,0.0033431532860234165,0.0031777579448872945,0.0033530385551294164,0.0030634613732406914,0.003509237298104344,0.0032572225987939503,0.003196011581814869,0.002921756297983666,0.0032182163840096785,0.0029849155224008733,0.0030979388338829256,0.003157660118133868,0.003152314372189739,0.003032549786535037,0.0030993640881090885,0.003167077569256288,0.0031014863787934936,0.0032937046474011667,0.0032594515104875164,0.0031152306046797087,0.003109137718536839,0.0032364926938857085,0.003188002763317321,0.0031942693035203764,0.003362186553388618,0.0030690661849732993,0.00295658506359198,0.0030066892273307587,0.0030789638710708926,0.0030876238456958734,0.0031291429000650196,0.0034443244855115645,0.0031459203711084204,0.0031147320789212374,0.0033094370700714605,0.003193875859421469,0.003143808084428876,0.003175487808833057,0.003430905465384993,0.0031330249829216506,0.0031451640642274447,0.002962768409822812,0.003181445804245261,0.003128763616214885,0.0031872756598906797,0.00319933620544396,0.00333101809310185,0.0030609675002746476,0.0032914314932254796,0.0030147303867920604,0.003072801377081805,0.003122059781820333,0.00315640598125473,0.003084936104502768,0.003041613242203939,0.003221032552432662,0.0030693509542043247,0.003343770222634262,0.0028799390860590915,0.0032873646823112167,0.003049201800586274,0.0034430632473781368,0.003241998525117855
pct_crop_farming,0.0037489945505693647,0.00387020747563265,0.0037448639710535975,0.003966557683170567,0.0039396480672585915,0.003708998350172032,0.0037861535024123487,0.003681755847700282,0.0039422719610750214,0.003948059768494401,0.003927376748591641,0.003840189466986926,0.0037913311972154924,0.003917538106915194,0.0038516735099272106,0.003903390701307116,0.003878710319862037,0.0037778049731997322,0.0038685290053473327,0.0038025241348862886,0.003893164049090369,0.003839624335354977,0.0037651517279986024,0.003910965475159279,0.003753876262951804,0.0037545042186062794,0.0038217030603951516,0.004054753843976443,0.0038831872641243263,0.003983720762011119,0.003918013075723977,0.003916682166876843,0.0040551556064683004,0.0038065300273257157,0.003933074077886315,0.003777554644907396,0.00380337232732027,0.003815804701121723,0.004001248446649893,0.003792250143330971,0.0037901064272461557,0.003737201937289524,0.00390790142943238,0.0038372976701816558,0.00393316167603736,0.0037962882660632713,0.003797109441345158,0.003841386493353277,0.0038682633007923496,0.003992421624123449,0.0037644410397750733,0.003930327605645399,0.003863427815656772,0.003777393004844149,0.0038828480165397777,0.0038588330488050393,0.0039288355262527145,0.0038362693178063817,0.0037417127239438167,0.004146487346681296,0.0038361879128861846,0.0036832713305897462,0.0037102362253009667,0.0038366852019829298,0.0039477173494158364,0.0037348197694042577,0.0038616811567637878,0.0036260800540101443,0.0038155206764185013,0.0036775320906544283,0.0037123147518585485,0.0038041219920202127,0.003988987211767247,0.0037798302622834637,0.003693021179231178,0.00394118810936216,0.003838824020107993,0.0038729227300083524,0.003993379579374298,0.003747923486625674,0.003884212450589342,0.003911714366086989,0.0037798065350090814,0.003675430169678695,0.0037753509026241866,0.003924544435114972,0.003854504529659278,0.003928563972209433,0.003994147185129522,0.003897160707280076,0.003738781548792264,0.003905649718975043,0.0038151538991812793,0.0038672727837983784,0.003956988447357363,0.003843671194780001,0.0037426359009407745,0.0038482102299455534,0.004036417086227887,0.003966271708329935
pct_pastoral,0.005164984638080916,0.0052737160293376386,0.005361773778110476,0.005279324965498791,0.005529784860334946,0.005175348622576585,0.005187072077080906,0.004876720884222257,0.005687577678231308,0.005270534419320303,0.005329979727593597,0.005416799087290767,0.00503860248588257,0.005533515169105915,0.005358886771968433,0.005628414547843428,0.005401221087897869,0.005301222928881316,0.005153932016705381,0.005572365548042612,0.005241128479775229,0.005108515076400947,0.005288111175146285,0.005264533375144992,0.005235267067784437,0.005183213813972111,0.005395214145988987,0.005306622461435752,0.005107285544852127,0.005444278125570839,0.005486916251264621,0.0057234728562319745,0.005376600523481211,0.005176052098915114,0.005600029706127114,0.00524286450169019,0.005234914828603477,0.005410490953475957,0.005327050594048635,0.005455930749426183,0.0053074651971726765,0.005020117411599479,0.0054961276363409165,0.005557882467129257,0.005192706315136104,0.005364234162670649,0.005637814225262613,0.005296353764929715,0.005188952491916279,0.005469033555651509,0.0053294403433511795,0.005265542233376934,0.0054996776413185336,0.0051353676778086305,0.005452242926704094,0.005428406776920774,0.005515325697507835,0.005177101710383196,0.004756351971447344,0.005707774285594705,0.005123301476672076,0.00527272038187464,0.005329000184491143,0.005343715255993905,0.005020545981952945,0.005547939257257926,0.005395136492068476,0.005142732858246487,0.005028057451378567,0.005360278611381848,0.00539769625112548,0.0053020432036115514,0.0052099067375855745,0.005236290615075123,0.005401261548046986,0.005451342022191705,0.0049908038028217,0.005004531793872227,0.005404449346313977,0.004924374394082793,0.005498699172225757,0.005426606772695022,0.005463324632467362,0.005297545958734571,0.005454773691356224,0.005469827644727492,0.005414109341568828,0.0053251630172205435,0.005212200466823668,0.005626417805740881,0.005175431431229358,0.005214784287296755,0.005063677590990823,0.005185615463507554,0.0053095184337268045,0.004941691165009682,0.005055167483457662,0.005182106543417179,0.005486760276907719,0.005175591214432068
season_benishangul_meher_only,1.0885537426157094e-05,1.5957998074335218e-05,1.1423582842609268e-05,1.2970996592118825e-05,1.1442136041532335e-05,1.0930896652617518e-05,1.1547593264409192e-05,1.6334297405094705e-05,1.2626031709773595e-05,1.4359738216160655e-05,1.1580701660584624e-05,1.4778734086616658e-05,1.4527969360633982e-05,1.1631334189469428e-05,1.5552897245447322e-05,1.2796622822562034e-05,1.1478379294646914e-05,1.533468754984592e-05,1.2406647325381089e-05,9.124851027700861e-06,1.125030874415219e-05,1.7129296065788928e-05,1.2897900236186696e-05,1.7124990932864055e-05,1.278973796361432e-05,1.5142707569399763e-05,1.64890474291442e-05,1.0428921507309184e-05,1.3707455859255435e-05,7.82325877959173e-06,1.5839690762203302e-05,1.1498093943944957e-05,1.0022901932341994e-05,1.560989303968439e-05,1.2607493514388806e-05,1.2184859727180786e-05,1.3948164684347167e-05,1.9584362101876828e-05,1.4944722643397878e-05,1.4075275543204305e-05,1.428535508618087e-05,1.2635428337541358e-05,1.3205003248405412e-05,8.86213642475984e-06,1.4959279605772394e-05,1.2696012625110232e-05,1.3754706414100034e-05,1.6031711340458918e-05,1.7708111391110434e-05,1.070099743557496e-05,9.66247722764231e-06,1.3624409509761388e-05,1.064308024757537e-05,1.2951186626224659e-05,1.238580035022355e-05,6.815693960091537e-06,1.2347588103350179e-05,1.2614577832139518e-05,1.4058062071993407e-05,1.0109895977525457e-05,1.2686927541402019e-05,1.1797739315078146e-05,1.5610297252656837e-05,1.2870725298119902e-05,1.3341141824500874e-05,1.5108116470617978e-05,1.4083786962213632e-05,1.3896878177705632e-05,1.4212953305814933e-05,1.0583156115690754e-05,1.4708175976336836e-05,1.371123233809626e-05,1.7109962682875377e-05,8.545244045094895e-06,1.522753227946036e-05,1.3705622779902223e-05,8.641590589992358e-06,1.28962339608767e-05,1.3324580565924555e-05,1.2858103792183322e-05,1.424953016701594e-05,1.1850688566785377e-05,1.1545000299970224e-05,1.5033502992197564e-05,1.243687062940166e-05,1.4366170321276786e-05,1.5179033783255412e-05,8.086649424316363e-06,1.6054211352510325e-05,1.0322752057644632e-05,1.1999559851512895e-05,1.6783905789005448e-05,1.709898538822191e-05,9.091736453597903e-06,1.562308203239233e-05,1.182063030168587e-05,1.438943727890255e-05,1.6565906142939947e-05,1.07452702293518e-05,1.4492149736835505e-05
season_national_belg_meher,0.003323631008908286,0.0033512991680162705,0.003391229391375684,0.003274292593823169,0.0033892202284251352,0.0034734330919691412,0.003415108090838619,0.003347468416523407,0.0033177397476754737,0.003250176284984114,0.0032533488594370928,0.003386409314358292,0.003384356241058777,0.0033686500726546643,0.003357642383576262,0.0033165964074921327,0.0033918435218068467,0.0033697016534618546,0.003328714608436539,0.003174923245940972,0.0032996208650581255,0.0033637519149409237,0.003332420693822282,0.003321901801909308,0.003361331881264969,0.003395162358252734,0.0033288858509561456,0.003365403099089676,0.003372247944656037,0.003470755365386019,0.003360225634586408,0.003451505943289537,0.003327614380968407,0.003300854704857613,0.0032510190734252836,0.0032923961491462196,0.003352148732166606,0.003319696271939883,0.003292407326302584,0.0032804896701525785,0.003334029620735706,0.00333885144856241,0.0033479373390465626,0.003386339111661113,0.003311600261017567,0.0033238469202038004,0.0033421862839603522,0.003304755540141737,0.003383938156279142,0.0033674836904324687,0.0032832874081581524,0.0034023185355075893,0.0033293683403232657,0.003391992775087031,0.003310702332366821,0.0032587680178954733,0.0033511700940346044,0.0033607502590692643,0.0033405656779147658,0.003404137868051121,0.0033759048209879793,0.0034687220021886937,0.0034232633606144443,0.003272498086907273,0.0033087813905379212,0.003424580300868257,0.0033278126112751666,0.003371462432231839,0.003305117266086811,0.00330807121304745,0.0034077630999830365,0.003394149007305266,0.0033543370214205435,0.0033914636006852606,0.003365936422343909,0.0032397787555219224,0.0032975206998728983,0.0034705361954255956,0.003322989522402989,0.00340046764469048,0.0033141632993069904,0.0032742733368489397,0.003355510899214764,0.0034352401277889786,0.0033402419755115768,0.003322776142196708,0.00342097029789223,0.003333106881240222,0.0033214757240809926,0.003282006188527809,0.003520457923741403,0.0033460675903934705,0.003358447185111424,0.003361007694239819,0.0033250086336011637,0.0032995881922825853,0.003307466602802606,0.0033696009227948158,0.0033906360765503882,0.003328900650565257
season_somali_gu_deyr,0.0,0.0,0.0,0.0,0.0,0.0,0.0,0.0,0.0,0.0,0.0,0.0,0.0,0.0,0.0,0.0,0.0,0.0,0.0,0.0,0.0,0.0,0.0,0.0,0.0,0.0,0.0,0.0,0.0,0.0,0.0,0.0,0.0,0.0,0.0,0.0,0.0,0.0,0.0,0.0,0.0,0.0,0.0,0.0,0.0,0.0,0.0,0.0,0.0,0.0,0.0,0.0,0.0,0.0,0.0,0.0,0.0,0.0,0.0,0.0,0.0,0.0,0.0,0.0,0.0,0.0,0.0,0.0,0.0,0.0,0.0,0.0,0.0,0.0,0.0,0.0,0.0,0.0,0.0,0.0,0.0,0.0,0.0,0.0,0.0,0.0,0.0,0.0,0.0,0.0,0.0,0.0,0.0,0.0,0.0,0.0,0.0,0.0,0.0,0.0
sheep_maize_tot,3.725660256552976e-05,4.8227212279315156e-05,4.804956040931949e-05,4.677475527124293e-05,4.092992133646689e-05,5.006622021736319e-05,4.018994602275109e-05,3.597992064214066e-05,5.13391331444945e-05,4.9145772713805334e-05,4.769331570573311e-05,4.018806923743854e-05,4.787003175401128e-05,5.0984775509975795e-05,5.44548281478092e-05,3.7077071339282766e-05,5.572775650057322e-05,4.475621867788669e-05,3.5978977107606814e-05,5.0243866945481285e-05,4.549995013316637e-05,4.2739561440781776e-05,3.395949440877795e-05,4.9144831750210274e-05,4.256285053438117e-05,5.463153905420981e-05,4.36609473369959e-05,4.822815324291021e-05,5.11614864163764e-05,4.146663565895654e-05,4.932247847832837e-05,4.019088955728493e-05,4.4755277714291634e-05,5.024480790907634e-05,3.9448093923722734e-05,5.4454833289686775e-05,4.567760200316203e-05,3.1413645416066267e-05,4.567572007597192e-05,4.787190853932383e-05,3.8352817440954385e-05,5.0421518815476946e-05,5.5196693101531475e-05,4.146663565895654e-05,4.256285053438117e-05,4.475904156867186e-05,4.036759789274675e-05,4.58552538731577e-05,4.6772873344052816e-05,3.9447155531066464e-05,4.493575247507247e-05,4.036948239087565e-05,4.274049983343805e-05,3.7253784816622156e-05,4.585431290956264e-05,4.677475527124293e-05,3.7254720638339644e-05,4.493575247507247e-05,3.8175168141897506e-05,5.463248001780487e-05,4.9144831750210274e-05,3.5979915500263085e-05,4.822438938852998e-05,3.5978036144011754e-05,3.6158508333853806e-05,4.383954017058663e-05,4.273862047718672e-05,5.445577425328183e-05,3.8175168141897506e-05,4.146757405161282e-05,4.019183052087998e-05,5.371297861971964e-05,4.256379149797622e-05,5.427717627781354e-05,4.054713168993253e-05,4.019183052087998e-05,4.8226271315720096e-05,4.549900916957131e-05,4.220566743813851e-05,3.8350938084703054e-05,3.8175168141897506e-05,3.615850576291502e-05,5.042057785188189e-05,4.146569469536149e-05,4.383859920699157e-05,3.707519712490901e-05,3.68994194692871e-05,5.134196631903481e-05,5.700349746036727e-05,4.585619483675275e-05,4.348329546700024e-05,4.274144336797189e-05,4.383953502870906e-05,3.7820810507378796e-05,4.6031023815963253e-05,3.286609985319971e-05,4.4581389698676193e-05,4.146381791004895e-05,5.042057785188189e-05,5.2258644826334865e-05
sheep_maize_tot_lag1,0.0,0.0,0.0,0.0,0.0,0.0,0.0,0.0,0.0,0.0,0.0,0.0,0.0,0.0,0.0,0.0,0.0,0.0,0.0,0.0,0.0,0.0,0.0,0.0,0.0,0.0,0.0,0.0,0.0,0.0,0.0,0.0,0.0,0.0,0.0,0.0,0.0,0.0,0.0,0.0,0.0,0.0,0.0,0.0,0.0,0.0,0.0,0.0,0.0,0.0,0.0,0.0,0.0,0.0,0.0,0.0,0.0,0.0,0.0,0.0,0.0,0.0,0.0,0.0,0.0,0.0,0.0,0.0,0.0,0.0,0.0,0.0,0.0,0.0,0.0,0.0,0.0,0.0,0.0,0.0,0.0,0.0,0.0,0.0,0.0,0.0,0.0,0.0,0.0,0.0,0.0,0.0,0.0,0.0,0.0,0.0,0.0,0.0,0.0,0.0
sheep_maize_tot_lag12,0.00010448444333876142,7.253772662046287e-05,0.00019532637484243116,5.938001671192809e-05,9.276990934928751e-05,0.00010643721531801507,5.779674005475515e-05,0.00010644855829993143,8.750900759871372e-05,0.00010785202349852989,0.00010546162631941137,9.282086535599249e-05,6.037435813802452e-05,7.60386253818304e-05,0.00010685946630394977,0.00010441744467404235,6.288412400489843e-05,7.949374600720454e-05,0.00010573499938222438,0.00010599165105918426,4.930796295795217e-05,7.795062227196492e-05,0.00014984922379440404,0.0001479612600400252,9.20897520682662e-05,8.76749771228735e-05,3.269185447709325e-05,6.016775749731755e-05,0.00013622438973439325,7.238636002859797e-05,0.00015269599345900256,0.00010519603805923725,7.619079924847357e-05,6.186636132647697e-05,7.271945085749287e-05,4.682355683124666e-05,9.467641471417877e-05,0.00012405103572571665,3.1522540099214404e-05,4.363130955469041e-05,7.519690002384804e-05,7.50199834423447e-05,7.297680182980207e-05,0.00012262339341879055,7.423551803296644e-05,7.544351475579398e-05,9.134705927225538e-05,7.431450755617551e-05,0.00012223678592816149,9.282547247829398e-05,0.00018182943984506212,0.00015078509693066772,5.9165816376174703e-05,9.285479146419022e-05,8.777070859944599e-05,4.690894285015109e-05,0.0001339315956752822,0.00012268145550029536,0.00012480837258904289,0.00010252687912961382,9.311388039111762e-05,5.92655276659853e-05,9.135790863392515e-05,7.389706936764504e-05,0.000151474992927804,0.00012063689072268679,0.0001518930378578876,6.1271471801176e-05,0.00012443392049698603,7.715985292068755e-05,0.00015150984457396407,0.0001193084660853247,4.351857388899851e-05,2.9379369535472495e-05,0.00010357435157662675,9.249748239194714e-05,0.00012064914895881036,0.00011979439408306914,0.00011935382772923503,0.00013550413609209186,7.354202272153213e-05,7.417410858916446e-05,6.100715872663889e-05,0.00015071963054546413,4.410737543125824e-05,0.00015422133143973236,9.034981268533268e-05,0.00010521214241978215,0.00012050971152290465,6.116972432784824e-05,9.097294654411805e-05,9.311270804303197e-05,7.26617435655403e-05,6.262850070345229e-05,0.00010726452285129502,7.43800922045632e-05,7.776985956604025e-05,0.00013944995123571656,8.967657637151872e-05,4.6093955255525533e-05
sheep_maize_tot_lag3,8.173541951952843e-05,0.0001178061842836126,0.00010466753531522468,6.121426841322515e-05,5.531312063531764e-05,0.00013734297434818011,7.524140811608198e-05,6.167672373986885e-05,0.00012533361538267696,0.00012507530802113997,9.347102492327852e-05,6.714334172820781e-05,9.521007990327023e-05,0.0001196598105795882,0.00010677393631247343,5.565444875207747e-05,8.844181617594653e-05,7.486282709633753e-05,0.00010683425053635327,0.00010592742900835226,0.00010065269560711889,9.991231665601395e-05,0.0001456919335101373,0.00013296905676194763,8.713904950765185e-05,9.428929303579285e-05,8.805785161038775e-05,0.00012632225446654978,9.482692775436728e-05,8.919232462586166e-05,5.5446336399365325e-05,7.450785757838815e-05,6.766672316216206e-05,8.765153016116061e-05,8.789785694796271e-05,0.00013314727423847586,8.104150771601106e-05,0.00011815875254473743,0.00011333311073034694,3.0080156029299097e-05,0.00012671076445187922,6.127110672786863e-05,0.00010844418268684193,8.047571607587089e-05,0.00011366492637360482,9.300972651908775e-05,0.00015735140827460647,9.341869089338515e-05,9.347408948230941e-05,0.00010052524902970318,0.0001325749421300684,9.259895220388618e-05,0.00012518998217467525,0.00014578062061444078,9.94873199074576e-05,0.0001261753407406593,0.00011856989707512391,8.24847556213579e-05,0.00013228443633119677,0.00013933410473409565,9.667956680984971e-05,6.881270884151209e-05,9.381353567187913e-05,7.526544639371525e-05,0.00014329897567598964,0.00010044306125864643,0.0001262560167997109,9.505642003400972e-05,6.821613792224619e-05,0.00014648463620738048,0.00011994602805256761,3.147723244501855e-05,0.00011986553710110851,9.364107709822777e-05,7.556234354640468e-05,9.411716354230587e-05,8.792436846870648e-05,0.00016381524199860273,0.00013856396459562356,0.00010685504428924077,7.987312915984971e-05,0.00015042198782052723,0.00016869959377107166,0.00013357624051651517,0.00011457745538570702,0.00010124932822891562,9.852504837175663e-05,8.766761395419525e-05,8.131580117490886e-05,7.475094498232202e-05,0.00011327930612346894,8.66866259841445e-05,0.00010561239645347833,0.00014384911544081095,6.875671379478987e-05,9.458303821753271e-05,6.303634414843974e-05,6.801864354671323e-05,0.00013216339653323154,9.470252516847219e-05
sheep_maize_tot_lag6,0.0003639868672055323,0.00027401710868786745,0.00037622216284233917,0.0003218700077058201,0.0004035247100312764,0.0002680756177385566,0.0003041525013369474,0.0003823067830956501,0.00022160386302867702,0.00024048780175305138,0.0002371438459497719,0.00030598203793651406,0.00020561313540710098,0.0001919933275324135,0.0003124244403148043,0.0002664125134321309,0.00022203188320124372,0.0001763592739612008,0.0002485292534979563,0.00022279322044531832,0.0002507638106517252,0.00035030681195137337,0.00039792201225308406,0.0004459058131901785,0.00028512694244963945,0.0002905552431663371,0.0002970285379450596,0.0002983096058900147,0.00022336541629397022,0.00022724670858692515,0.00024377293961882343,0.0003307512488918028,0.0002864555264852062,0.00023348997633073804,0.00022365333829936363,0.0003869903651165748,0.00023272177468010934,0.00019896282378026252,0.00019670778138626026,0.0002385651637472886,0.00034786642543853277,0.000338903441253903,0.000272777047216522,0.00022726168173440494,0.0004560291314635135,0.0002927678367900717,0.00019913436195782911,0.0003732950924757516,0.0002659190731512587,0.000240696718809603,0.0001376476125975491,0.00012888373219613127,0.00022438141787932444,0.0002593966220229802,0.00023892807746608147,0.0001664990552792967,0.00028083765759724763,0.0003091071271501466,0.0003345513020901124,0.00027255746847683186,0.0002928717875579376,0.0002757940798730501,0.00025214679575196787,0.0003349716145882037,0.00031179529045926365,0.00033213698489654466,0.0002283938871818711,0.0003116099874754459,0.00020665112880281615,0.00024042733584378324,0.00034793195352626717,0.0003519029227349575,0.00030641085510010386,0.0002401925654268166,0.00025203973157723414,0.00020550617149897983,0.0003432847245797525,0.00021400882138146294,0.00026645231156451196,0.00021947515656653562,0.000194547987132339,0.0003109046092849505,0.00019236075067783406,0.0002971381267816795,0.000180992455298198,0.0001360839907673822,0.00019582184616494293,0.00036450174654492683,0.00020065407215356004,0.00024301007780804974,0.00020487942290026373,0.00030757249522571156,0.00045627396196394317,0.00015981052150555196,0.0002931802359385849,0.0004029949526691371,0.00023109756353561264,0.00029181584643856915,0.0003066245566737331,0.00018623626544773372
sorghum_n_markets,5.508530396502786e-07,5.369282728016089e-07,5.404008076808385e-07,5.37318292249372e-07,5.296652903941025e-07,5.42314028016467e-07,5.385582881617784e-07,5.389659426427653e-07,5.270611302601913e-07,5.44227288523014e-07,5.358126862238118e-07,5.40542410168568e-07,5.378675090471697e-07,5.402592453640276e-07,5.302852883503057e-07,5.334209900778726e-07,5.353343309262566e-07,5.326767836416525e-07,5.358299597187689e-07,5.336868010456188e-07,5.329254014562787e-07,5.362200193374506e-07,5.416941505730194e-07,5.360958510283522e-07,5.382924370231136e-07,5.316667260667675e-07,5.237129645446525e-07,5.401882633510295e-07,5.264412126458251e-07,5.39727462744861e-07,5.497720402333143e-07,5.345727706532424e-07,5.350683191039177e-07,5.337042753951684e-07,5.288326677662534e-07,5.347851944702958e-07,5.386998906495079e-07,5.409671372899193e-07,5.35546674401473e-07,5.359542083697043e-07,5.372473504072926e-07,5.349975781164308e-07,5.431997565985796e-07,5.374600554207755e-07,5.349441106239008e-07,5.391782861179817e-07,5.310291332482592e-07,5.267952389506079e-07,5.289037301210883e-07,5.422431665162245e-07,5.249528399443034e-07,5.352809036046452e-07,5.319686506902497e-07,5.417647710477508e-07,5.488329245005088e-07,5.47168040783077e-07,5.41357196908601e-07,5.47238781770564e-07,5.356172948762044e-07,5.346436723244034e-07,5.473803842582934e-07,5.367867506557164e-07,5.505869474861028e-07,5.375135229133054e-07,5.292576760840342e-07,5.347315662940919e-07,5.526247780109332e-07,5.32393377811601e-07,5.410913859408546e-07,5.316320987350164e-07,5.358301605733614e-07,5.548919443095076e-07,5.4149908059276e-07,5.308344248062664e-07,5.352100822753212e-07,5.477705242188122e-07,5.403834538440445e-07,5.39160731426595e-07,5.269902687599488e-07,5.400465805214631e-07,5.494180139285314e-07,5.371767299325611e-07,5.365206183206221e-07,5.461407498841536e-07,5.294701400720061e-07,5.245987332976836e-07,5.455915330863559e-07,5.341289623456013e-07,5.381505935098732e-07,5.367158088136369e-07,5.418355923770748e-07,5.368576523268774e-07,5.3260592214141e-07,5.313835210913086e-07,5.356710033942453e-07,5.484078760118094e-07,5.345900843191179e-07,5.327475246291395e-07,5.345192228188755e-07,5.374602161044496e-07
sorghum_price_etb,0.0013833858698700974,0.0014344878330681502,0.0014546421837184405,0.0013438115630580371,0.0014405505860409474,0.0014941086858048845,0.001492582681750155,0.0014594340330732793,0.0014798672755073378,0.0014134620589408523,0.0014108115524131344,0.0014032709712032139,0.001394866500813077,0.0014395634578254904,0.0014646345064743937,0.0013940695097095998,0.0015197473289647503,0.0013001190137415044,0.0013847928738454196,0.0014536680515583674,0.0012294233594574368,0.001428300316573755,0.0014653442237668223,0.0014691528056528396,0.0014821708818905318,0.0013608403348915402,0.0013985745424823803,0.0014144060921966464,0.00156231243485518,0.0013550194356737695,0.0013146643201307007,0.0015426395809486138,0.00146329103557848,0.0014913496829288464,0.0014275654449350643,0.0015185015341794032,0.0014966623251839927,0.0014237183561304995,0.0015071391797572466,0.0013667348143572323,0.0015245148383985288,0.001455121307445496,0.001401944270661503,0.0013790938088456986,0.0015209252565499495,0.001465682486521133,0.0014222204606717207,0.0015140522557090302,0.0013556658026242978,0.0013392536552736035,0.0014388888328030237,0.0014778716471836773,0.001478517098036409,0.0014356597246916476,0.0014994661429777402,0.001549167233969813,0.0014064807122318734,0.0014132601528343653,0.0013668282897747652,0.0014559510448372945,0.0013187454432603215,0.0013516859016729887,0.0013873539800743468,0.0014014497436367725,0.0015639711333759478,0.0014147119450539072,0.0014179299199960746,0.0014580602904577951,0.0014528678764677185,0.0014586751684697514,0.0013748567896924677,0.0015338178177886715,0.0014932649708214794,0.0014726915244100483,0.0013918622538368324,0.0013989041146200106,0.001454997867957372,0.00146885925160433,0.001475696061701521,0.0013224181850161854,0.0014408477367123034,0.0014937066352072,0.001363974267049976,0.0014546766395605406,0.0014126320408346753,0.0013541376984339487,0.0015101837184057772,0.001411664790354651,0.0014111671239726395,0.001475103392222031,0.0015749205422849286,0.0013710845185808832,0.0014941862370886983,0.0014058232352505853,0.0013329688993867826,0.001425492256449817,0.0014491521000889115,0.001389006777266246,0.0013867410532040735,0.0014919200863912855
sorghum_price_etb_lag1,0.0015017480112299235,0.0016269364879994278,0.0016326159816473116,0.0014932829426878547,0.001502726847725921,0.0016517926665428535,0.0015536217785262348,0.0015023617369792532,0.0015936290773047614,0.0015520081915452388,0.0015191016194514746,0.0016678585438700516,0.0016144479287410988,0.0015020589564741814,0.0015363648560012544,0.001483189130155016,0.0016964555326659616,0.001524689909447694,0.001473878316029783,0.0015244782107157197,0.0013779421835309286,0.001474502120381369,0.0015650623163216079,0.0016330276770816744,0.0016534550633590624,0.0015427472149076556,0.0015806903577524735,0.001525479092810938,0.0016361624181217252,0.0014659944259554527,0.0015197836483357599,0.0015747432608711435,0.0016010748959204928,0.001531834472526762,0.0015776452981674717,0.001588534550884966,0.001644163717828457,0.001517173664663964,0.0015188509296208718,0.0014800101669995003,0.0016190461584063487,0.0015556872731959737,0.0015848735706919896,0.0014965862765737273,0.00159258010306796,0.0015263022312456118,0.0016087897922030636,0.0016280633598737024,0.0014729967063326283,0.0015162596364330122,0.0015829299505719025,0.0015684727582890281,0.0016410456556734277,0.0015580285440733833,0.0015569998514504294,0.0016245559746739528,0.001648162611891317,0.0015674926239509957,0.0015671552127398155,0.0015402065378001886,0.0014885491505940108,0.0015290275048911238,0.00156509398502504,0.0015961974772066778,0.0016836939206275525,0.0015168761197953845,0.001526632025207054,0.0015651526546916874,0.001631452051779349,0.0016003178452347901,0.0015183797482467977,0.0016185988355450476,0.0016047607881085801,0.0016170565355948339,0.0014763837945348667,0.0015250095042539536,0.0015082311422195801,0.0016475129498810276,0.001555417370659494,0.0015131367625250225,0.001573093733531754,0.0016509776189730465,0.0014989402138639635,0.0016377422083047103,0.001483268437229336,0.0015025906718874014,0.001573202830837015,0.0014817785205585615,0.001507309035215208,0.001649632183317509,0.0015552964774452104,0.001535994113492667,0.0016451751425402114,0.0015076143441180615,0.0014656202371837667,0.0016265650761228252,0.001552626779261177,0.001532047172719735,0.0014506948110679636,0.001647210672998761
sorghum_price_etb_lag12,0.002938197381129865,0.00263196807528227,0.002782448232199629,0.0025842486401239577,0.003157810103649555,0.0029551547600420447,0.002744908528781661,0.0028727749298957193,0.002762320727492979,0.002775827452946606,0.0027004391732037562,0.002791202057338094,0.0026998680110331794,0.0026662020283327627,0.002842239650535822,0.002873927783195297,0.002895170689693519,0.0027625732140884244,0.0027521997966576724,0.0028853524470505137,0.002570596070294291,0.0025402764329240705,0.0027828963150143666,0.0029278026525447953,0.0026551842788495304,0.002860364477485007,0.002476225138864923,0.0029690393114628322,0.003035366169631409,0.002579797325711093,0.002781618221484901,0.003069985817649946,0.002684279139622213,0.0026996250950787255,0.003081701879098425,0.0030350129048065575,0.002598133894535819,0.0029672394123242034,0.003072359004643475,0.0028449550659567363,0.0027862861551655477,0.0028615887860110024,0.002502295217850214,0.0031600534064943333,0.0029795358427964136,0.003039136083232299,0.0027639193033248063,0.0027616253878543343,0.0026412285292962035,0.0029385433284202017,0.0028650039502305766,0.0028301660524870176,0.0028123116129372986,0.002718977715622112,0.00282482231669565,0.0027845088889651396,0.002954104721316074,0.0028237825401932043,0.0028165671585566056,0.0028622646265251215,0.002816943557010006,0.0026917573600606396,0.0027697745704505362,0.0028759556097152665,0.0032032768178109038,0.00286726259338503,0.0028042269181627255,0.0029001742745367225,0.0029680365947215947,0.0030184687687928634,0.0027741847217232093,0.002792825350978812,0.002871388433857199,0.0029564133878691883,0.002842052442486365,0.0028236069171152767,0.003043424771305526,0.0026492140742097234,0.0027363030591836934,0.002716771876979349,0.00301055181218765,0.002986454065847985,0.002606326731993946,0.002544837841363026,0.0028210616830589854,0.002881364159516121,0.0029229442564882415,0.0029454908326970062,0.002911172902984114,0.0028769027106232523,0.0027430464138885544,0.002721291393738335,0.002993577427800881,0.0029555191383925264,0.002481123330000868,0.0027873522050555323,0.002834232987931128,0.002672150559476567,0.002690872111119294,0.0026636144951027044
sorghum_price_etb_lag3,0.00237730820823957,0.0024239347448728058,0.002478772096574985,0.002347176120773323,0.0025034589027960862,0.00251873633104426,0.0024295845108358682,0.002321377016044446,0.0024026244007220674,0.002413045983405474,0.002464382641860705,0.0023755162488026424,0.002358354202234183,0.0025837417306546237,0.0024208347893174124,0.002413029971638896,0.0022788881905906524,0.002286013843410689,0.0023220027072240745,0.002472427777680546,0.0023299327341607,0.002263717581354097,0.002370820077215858,0.0024501465131953524,0.0024551772391982764,0.002281176241548903,0.002384716360191856,0.0023288573981201685,0.002482691597437076,0.002396202175312382,0.0024290650371485245,0.0023605748142142766,0.0023524186182979257,0.002302493733833393,0.002450587033995365,0.0022737752425910493,0.002400930831032073,0.0024025371308477685,0.0024546622479427026,0.002421246158162208,0.00247682587341955,0.002421058706114592,0.002291863507456535,0.0023519886926178396,0.002444769128876834,0.0024739933655558064,0.0023960025160457087,0.002463725865179039,0.0023789302150852556,0.002294730602079402,0.0024071302549097894,0.0024747152596980774,0.0024188644630083102,0.0024156202977520637,0.0023828944300762216,0.00239901372636948,0.0024422124829856723,0.002387427538344116,0.002444630946942815,0.0024400890051702834,0.0024006510262436693,0.0024125491789708606,0.002242519941977614,0.002352442941869422,0.002489537805520651,0.0022919667572017023,0.0024857508360708403,0.0023852428184369715,0.0024798486223174395,0.0024758114093359307,0.0023630500935886397,0.0022887845346983714,0.002463520445241969,0.0023466478406967118,0.0024043145560045014,0.0023278186070103536,0.002336680231371019,0.002474750608941405,0.002274018587811938,0.0023650335642239856,0.0023741849068728365,0.002407980828756162,0.0023019779568748244,0.0023478494500426424,0.0024306943040843113,0.0024282258630054054,0.0022931641339388044,0.002374050614528173,0.002276442214776553,0.0023110762330975955,0.0024102614670953332,0.0022860248894491756,0.0025367461482922273,0.002405374036864696,0.0022940316279769055,0.0024200675346158457,0.002405248099106979,0.0023772569132304838,0.0023468376834362005,0.0022265591567544184
sorghum_price_etb_lag6,0.0019029947031505299,0.0018738129746144428,0.001959327508321352,0.0018884342019507255,0.0018850087636973763,0.0019514119057974593,0.0019257271833000532,0.0019417550443563021,0.0019295220474601358,0.0018786447841913187,0.001783721221355738,0.001989527359065581,0.0018468773549823046,0.0018385524026441516,0.0019035670526931158,0.0018358807462081827,0.0018594924502236688,0.0017766858873827147,0.0018793420944545416,0.0018516340517304617,0.0017759503648546316,0.00185947729518227,0.0019276995726670168,0.0019642628419705974,0.001920250560021384,0.0018727262516450099,0.001862220426448065,0.0019728860928239322,0.0020021316261956915,0.001847600312810327,0.0018849319557764095,0.0019320577076617615,0.0018643386631637163,0.0018917275174103775,0.001880025452715033,0.0018581308163683205,0.0019506002498984728,0.0019363991149236482,0.0020422238155651845,0.001903224303971994,0.0019489841777034324,0.0018667995047082597,0.0018756553476703339,0.0018901060315413341,0.002043840404358237,0.0019916844278833655,0.0018700108235300851,0.001995204881285468,0.0018472075639896768,0.0018916687272711456,0.001964247715370209,0.001917749536712188,0.0019491314588325436,0.0019531253542271593,0.0019668441162501854,0.0020116207816845656,0.0019760797317817888,0.00192476001026956,0.001899517784820673,0.0018230008536318587,0.0019492470738693322,0.0018512977916571222,0.0018716973352700399,0.0018530585216596117,0.0019459156555704017,0.0018944834520316601,0.001967328346946281,0.0020180703182572984,0.0019627241024894036,0.0019031676625751932,0.0018522799880487434,0.00200368577419678,0.0018181456612863978,0.0019546408410132023,0.0018798586691673807,0.0018142102748345843,0.0019695442708998435,0.0019165442103109972,0.0018901891083751591,0.0018321686342205618,0.0019182047279316385,0.0019280752618626798,0.0018079784684965556,0.0018874213913824536,0.0018630465624366777,0.0018925640296275819,0.0020882827769694986,0.0019565891537794765,0.0019408715067764266,0.0018707229519613843,0.0018563565822688412,0.0019258759752574092,0.001882298774323108,0.0018905866626821063,0.0018157550045228038,0.0019373746290838306,0.0018702022357071893,0.0018327485909299852,0.0017804345745095834,0.0019513892220831982
sorghum_price_index,0.0009963966369708605,0.0010181166161895518,0.0010393611971723409,0.0009782878393429448,0.0009817850888173916,0.000971180347473797,0.0010230072359107768,0.0010130260685385507,0.001034728030939609,0.0009753534593153424,0.0010808805905840391,0.0010130931761468008,0.0010264870470288172,0.0010383860010453202,0.0010106368715057934,0.0010169512544693702,0.0009544709873475067,0.0009792373315453673,0.0010047186661917868,0.0009913074493464763,0.0010510021095981037,0.0009893636999162025,0.0010231082174050306,0.0010122425450568697,0.0009783484236760807,0.0010136801380216766,0.0009289537590213012,0.001042591354226741,0.0010312658315556596,0.0010395289199160679,0.0010507996962132579,0.000991363025169493,0.001018896054288821,0.0009775733958616122,0.0010576404583254114,0.0010069596092361285,0.001036310611997157,0.0010150155834108077,0.0010162395835848327,0.0010175194499372736,0.0010336878397126006,0.001018954213905316,0.001081068093488038,0.0009945947842401233,0.001075948158078528,0.0009965670633780865,0.0010287255025292015,0.0010087561843115927,0.0009835728245232642,0.0010382835486527145,0.0010623660763202452,0.0010088249230198177,0.0010388087964275424,0.0009934954582074024,0.0010944600723197927,0.0009900557034404074,0.0009789765197680872,0.0010353650853071256,0.0010311822880964452,0.0010093269611627194,0.001046583480494106,0.0010389486273777657,0.0009796379106421361,0.0009816951496659002,0.0010536031831593206,0.0010409210890523826,0.0009960712957548799,0.0010110664806792125,0.0010697418925711684,0.0009727759464798794,0.001050983775590898,0.001059253210474379,0.0010566672108093054,0.0010777032314532992,0.0010390933292928834,0.0010087865660593088,0.0011244926438072351,0.0010315969999650785,0.0009895483328490997,0.0010121438558759095,0.0010216578823855575,0.0010891917079373463,0.0009585006232903673,0.0009926367664209639,0.0010223935960468708,0.0010182209763794192,0.0010499463045778072,0.001055993133316458,0.0010061632942092098,0.001033331757299525,0.000992447724649419,0.0010184994702702394,0.0010680571149294235,0.0010060044988897277,0.000989435990376358,0.000989998745737794,0.0010297508160548325,0.001094139237959501,0.0010371989953949317,0.001016021725445924
sorghum_price_index_lag1,0.001020823725469647,0.0010716809521270486,0.0010508459635506968,0.0010611632332048946,0.0010537603607959146,0.0010714829560167435,0.0010727050555439305,0.0010366804806677544,0.0010962992754081629,0.001072163039222591,0.0010951109846900915,0.00109410779192347,0.0010807608297477773,0.0010221408448054142,0.0010946018803219412,0.0010074106108698044,0.0010388679633699896,0.0010321257124816276,0.0010671383357241113,0.0010458584897364107,0.001029344191154487,0.0010746534246298322,0.0010525496871634198,0.0010456281443068012,0.001086677393115661,0.0010713511694536344,0.001069356994594147,0.001060134522746053,0.0010300639029714395,0.0011516823524125872,0.0010697173777860997,0.0010650961260871127,0.0010131488075663688,0.0010349802567454517,0.001104436887574708,0.0011180120621845794,0.0010616458607599745,0.0010687661656256305,0.0010692471725251744,0.0010757790844671536,0.0010783953022236214,0.0010939954464780804,0.0010876883377447684,0.0011474351127734156,0.0010629254258305266,0.001089204505909931,0.0010334771744980175,0.0011137835976292988,0.001062679375339302,0.0010150371724675397,0.0010837233022627922,0.0010304834714237783,0.001111730289490594,0.0010171449037649257,0.0010255742268578977,0.00104248999584893,0.0011227656548856927,0.0010982710667908336,0.0010398114697841878,0.000967421162802163,0.0010859830516439994,0.0010789735866980493,0.0010425748050937864,0.0010972835188294491,0.001065887537691035,0.0010623440869201393,0.001121845815569841,0.0010414871623710034,0.0010965420743849017,0.0010378104818565804,0.0010564204088808792,0.0011071865991583213,0.0010810445821725135,0.0010461772177747617,0.0010512190319152948,0.0011024670841704523,0.0010311108055538025,0.001085138529827696,0.001090548655292658,0.0010352654950924634,0.0010764928583796166,0.0010609583939786222,0.0010899239841731633,0.001059899773619673,0.0011244105026344438,0.0010476591129156743,0.0010477495163626418,0.0011412828949873327,0.0010959240864207769,0.001028773635243412,0.0010665428467683644,0.0010684206835948717,0.0010727784677368143,0.0010513916762392734,0.001086610599965361,0.0011118117982124444,0.001118176946451205,0.0011167626106806917,0.0011067109482473417,0.001056918864340243
sorghum_price_index_lag12,0.0008542997239495315,0.0008351594150659941,0.0009034111607916849,0.000863241582790427,0.0008855845040517677,0.0009047599380449929,0.0008839257935600662,0.000897505869182679,0.0008700771455805983,0.0008969100679181262,0.0008316359763620826,0.0008440124469073625,0.0008267434684871751,0.0008745278135429569,0.000903865230499347,0.0008908288908548385,0.0008849798378689193,0.0008217216776012268,0.0009489501994178715,0.0008551359982143,0.0008862021995515205,0.0009334616860685892,0.0008441998447844948,0.0008272034449266942,0.0008882287098713453,0.0008611377423276946,0.0008643543946624555,0.0008975399058412444,0.0008256728788816901,0.0008902734284834863,0.0008477495290174132,0.0008855028876718558,0.0008431291233782262,0.0008279619271432489,0.0008889012592222819,0.0009296770178299305,0.0008109889025621571,0.0008353419498718177,0.000865159121861333,0.0008462138960738599,0.0008600866586757918,0.0008621089475743892,0.0008491940029793637,0.00090869053718785,0.0008384783881733463,0.0008728502621874856,0.0008659210865148983,0.0009177943015414219,0.0008328335395725887,0.0008335317350823427,0.0008527763848335356,0.0008040900782680716,0.000892552528577761,0.0009075242859630198,0.000841866757747543,0.0007942492767419342,0.0008486267523917198,0.0009120476899412766,0.0008646516134034331,0.0009029806175038124,0.0008675735320104061,0.0008889439986894014,0.000883569573179971,0.0008993092925561588,0.0008885906002761602,0.0008771539078620465,0.0008866808193344031,0.0009095669183989356,0.0008389736529972515,0.0008498463724894748,0.0009249451709726441,0.0008744152977527874,0.0008237251326860506,0.0009020249859598293,0.000849152114151529,0.000923747925192736,0.0008274575563956225,0.0008261744044637571,0.0008179494078755391,0.0008759116776431528,0.0008950139251036287,0.0009198538201643839,0.0008292495698423502,0.0008532633623567823,0.0008453268543646778,0.0008371955174981668,0.0009016301484321861,0.0008093961098964414,0.0008494598901312569,0.00085774518061687,0.0009161646923694948,0.0008564351382721575,0.0008706064271985498,0.0008960836610168391,0.0008467210592225443,0.0009001575320102005,0.0008887819200601516,0.0008942143035481515,0.0008453141885745005,0.000869393860672204
sorghum_price_index_lag3,0.0008931548538806753,0.0008564383448956417,0.0008982744280130295,0.0009173063955276502,0.0008865614457457956,0.0009140606533419122,0.0009195415235704275,0.0009345713962234873,0.0009067840343537266,0.0009305083013802967,0.0009729361072490525,0.0008734213130846182,0.0008992791187532023,0.0009454844602529253,0.0009566755509452304,0.0008677611289344396,0.0008280883730229137,0.0008698833148530894,0.0009069513716173195,0.0009576983659602432,0.0008850147617423908,0.000894076952991462,0.0008746083977512033,0.0008586640832875004,0.0009050954122345682,0.0008540923352558307,0.0009094654232391469,0.0008890265644286304,0.0009317185494621664,0.00089974168031184,0.0009050140302519656,0.0009256719319221195,0.0009222441965751376,0.0008859534386480825,0.000957913297828508,0.000912013087957375,0.0008946558837155413,0.0008874025443370221,0.0009062040567955965,0.0009830846140541014,0.0009390641581665614,0.0009283844869326109,0.0008876855301198642,0.0009048060624141329,0.0009715951281752993,0.0009318004820876342,0.0009323816838946767,0.0009572028805176536,0.0008828897998325033,0.0008580518049164499,0.0009704205648040976,0.0009237660342628835,0.0008526250671698494,0.000871406187785576,0.0009422152801841019,0.0009098226642216831,0.0008665505571151378,0.0009306161921118496,0.000902534990678776,0.0008851599077871834,0.0008490099368982976,0.0009125895789208043,0.0008800250500865767,0.0009163792756947852,0.0010102568503987915,0.0009203257867794874,0.0009486147376611954,0.0009122590061055086,0.0009570016084890299,0.0008851201488415334,0.0009009673383798427,0.0009116389062959415,0.0009344198286766025,0.0009153665949990928,0.0008717561725143336,0.0009183253090024596,0.000870487169844495,0.0008826772972001077,0.0009123662419506626,0.0008792993484040513,0.0009110658771618416,0.0009321533032849475,0.0008516967568718143,0.00084437358452925,0.0008682366531262568,0.000911507216544746,0.0008918370235397361,0.0009059034464038841,0.0008475283730670352,0.0008776660862293936,0.0009315415437213094,0.0008759169020719589,0.0009473911369266985,0.0008960212198231663,0.0008393701260838416,0.0008779817972309101,0.0009101396736677985,0.0008748680397111658,0.0008981631836726018,0.0008526932716048582
sorghum_price_index_lag6,0.00145069708381802,0.0013201366438356204,0.0014029465987892749,0.0012589485003382194,0.0014804104472246353,0.0014233701782695707,0.0013760337345764873,0.0014193789760940153,0.0013131003054289508,0.0014189412258822519,0.001449727887137336,0.0013840346654338455,0.0013890511191111338,0.0014317724744489146,0.0013555599186309787,0.0013507626178816444,0.001385188247915936,0.0013386372472317034,0.001427065077179296,0.0013961659598481129,0.0013524989749827494,0.001361065446813716,0.001381430004609606,0.0013033139768131772,0.001376236142980139,0.0013432881005591693,0.0013311253642063045,0.0013993129569952285,0.001329262372301705,0.0014078893083012088,0.0013690988335236546,0.0014082059184483942,0.001375558327502983,0.0013482506647885997,0.0014099934459082253,0.0014101891917240176,0.001427140218007145,0.0013687427041909463,0.0013855446584450737,0.0013757870941351535,0.001410391538746506,0.0014053530016691624,0.0013811751140257135,0.0013707871661310035,0.0013823908177802817,0.0013675375483554754,0.0014162788526241824,0.00135603631005267,0.0013773257987479903,0.0013376179754122156,0.0013544816498723706,0.0013953796925320141,0.0013622350581350246,0.0013586682710331256,0.0014096663453666979,0.0013499438571129856,0.0014370434436744002,0.001331415268726868,0.00139094062703562,0.001301522549881945,0.0013514178875111316,0.0013373182206610674,0.0013488900983992776,0.001359238655655404,0.0014396955373551083,0.001371424547811164,0.0014042513264411272,0.0013368041081041652,0.0014236620878010186,0.0013584916176514802,0.0014531424287076735,0.0014008599830941755,0.0013939708559995605,0.001366679786766826,0.001389007342450984,0.0014230310868695532,0.0014082895616921703,0.001455020105171874,0.0013956581910826611,0.0013674116787276366,0.0013877449481985214,0.0013889681610225438,0.0013587665644501966,0.0013955645719536671,0.0013439367773375114,0.0013452963174042454,0.0014250969470544796,0.0013827494030022637,0.001382581926586609,0.0014918436903025752,0.0013594794687426157,0.0013670872709231183,0.0013928682860848286,0.001372423572202256,0.0013438338366272204,0.0014170220936728889,0.0013933748693261334,0.0013744879100700549,0.001443647494792856,0.0013665870546117128
sorghum_yield,0.002997635769882105,0.0028143778908997774,0.0030263648464828423,0.00298864072673357,0.002938374866692258,0.003016779963132778,0.0030213997590376783,0.002843891262103147,0.0029561931114409855,0.002898653467996284,0.0029223044182760723,0.0029091405879263944,0.0030450169207544946,0.0029646761376690956,0.002989873925405198,0.0029858340728729756,0.002955218187351425,0.002908509526899235,0.0029285964719935726,0.002970921572071569,0.0030765050334124484,0.0029699480573385133,0.0028392867367712073,0.0029067552103445686,0.002890847848626747,0.002969850539380853,0.0030599346196727556,0.00299569081548496,0.002847913949762576,0.0030910859595961082,0.0030126238670495765,0.0029377724706684417,0.0030072118271993226,0.002840403239245946,0.002985460978718648,0.0029881457297492634,0.0029288363188898527,0.0030542202428847118,0.0029643633505078825,0.002963644350680289,0.0029954406266660526,0.002915954149827577,0.0029580084669029016,0.0029173018407588213,0.003010607001887798,0.0029477942182204904,0.0029036880143338993,0.002932723106082408,0.003114172973810824,0.0029732452524251327,0.003048536081858149,0.002963139890231002,0.002900960890857761,0.003010827466315899,0.0030177081798526584,0.002982075831012799,0.002919964104751993,0.0030000006243023503,0.0029954899396821906,0.0028833643632270576,0.002944216306345104,0.002862004213082669,0.003005853494188348,0.0029530920249938946,0.0029996025779016515,0.0029003238400252852,0.0029944304977476163,0.002972858771392555,0.003001211890455893,0.003095394539986811,0.0030319994970130315,0.0030437458111802367,0.002948729540372436,0.0030207839946142347,0.0029570857071612748,0.0029346255244580505,0.0030038764586529498,0.0029940218452603304,0.0028468545700125834,0.0030282262882720384,0.003053382307893916,0.0030057023432339736,0.003023108598416873,0.0029879450801891076,0.002952274193619606,0.002982078265049093,0.0029456413251696843,0.002988080962338042,0.002879099567048637,0.002894263342247853,0.002852137985634775,0.0029910649224380486,0.0028871468389168988,0.0030280939260596672,0.002867765723212813,0.002962696742333261,0.00298485275710823,0.0030272032021434964,0.0030136614259566375,0.0030499482549870937
sorghum_yield_anomaly,0.0009420911724929196,0.000994977961656534,0.0009377190917621066,0.000977580007070867,0.000887195308353068,0.0010029506019436805,0.0009350453623862303,0.0009349945254461278,0.0009300726094058849,0.0009453941681396583,0.0009075541673819461,0.0009384756452523511,0.0009581399470113932,0.000981942835113508,0.0009440113251641254,0.0008931443436820706,0.0009407012653006838,0.0009344283526643129,0.0009572476796883629,0.0009618972214755105,0.0009737826382138447,0.0009915810025356879,0.0009465889491525198,0.0009385875001706548,0.0009960291537699168,0.0009270235152145123,0.000893578011885779,0.0009475688936829624,0.0009112205549420916,0.0008998302551384262,0.0009309309300933781,0.0008811871380576693,0.0009301719525693983,0.0009401269403933512,0.00093467132999993,0.0009359226077139439,0.0008912238203537997,0.0009162667085460964,0.0009303674160639754,0.0009330797056652081,0.0009309345433068139,0.0009158619856985712,0.000929442823323337,0.0009175941555036439,0.0009007293146406991,0.0009744481078822749,0.0009480991597294427,0.0008883197838311991,0.0009298275008423574,0.000979021141222653,0.0009298345935000704,0.0009144513002192515,0.0009162029847351665,0.0009336766833150239,0.0009153359043771842,0.0009393601239163344,0.0009234770067136418,0.0009697116730642152,0.000976841411065809,0.0009564137513851497,0.00092118223841457,0.0009414070930037573,0.0009193343808231754,0.0009223884333913607,0.000918483932189556,0.0009479421443030177,0.0009563567023338677,0.0009395264598796128,0.0009670885749935096,0.0009304565804791325,0.0009357063517519488,0.0008715735492923183,0.0009638471935015735,0.0009927008255385505,0.0009549920144040984,0.0009512408940845251,0.0009754806086279611,0.000983579960766424,0.0009219830789766548,0.0008981988064798843,0.0009542279717691752,0.0010194978814924314,0.0009613106040260899,0.0009487008848989201,0.0008968370736032221,0.0009261611714497019,0.0009307954472433737,0.0009357914432376788,0.0008989500403764168,0.0009526539411719726,0.0009342521624935288,0.0009100812371933333,0.0009324156203268005,0.0009688581119677446,0.0009879903778902354,0.0009012561376779254,0.0009612044845910176,0.0009563895030136125,0.0009852161064899537,0.0008901886549907473
teff_n_markets,0.0,0.0,0.0,0.0,0.0,0.0,0.0,0.0,0.0,0.0,0.0,0.0,0.0,0.0,0.0,0.0,0.0,0.0,0.0,0.0,0.0,0.0,0.0,0.0,0.0,0.0,0.0,0.0,0.0,0.0,0.0,0.0,0.0,0.0,0.0,0.0,0.0,0.0,0.0,0.0,0.0,0.0,0.0,0.0,0.0,0.0,0.0,0.0,0.0,0.0,0.0,0.0,0.0,0.0,0.0,0.0,0.0,0.0,0.0,0.0,0.0,0.0,0.0,0.0,0.0,0.0,0.0,0.0,0.0,0.0,0.0,0.0,0.0,0.0,0.0,0.0,0.0,0.0,0.0,0.0,0.0,0.0,0.0,0.0,0.0,0.0,0.0,0.0,0.0,0.0,0.0,0.0,0.0,0.0,0.0,0.0,0.0,0.0,0.0,0.0
teff_price_etb,0.0,0.0,0.0,0.0,0.0,0.0,0.0,0.0,0.0,0.0,0.0,0.0,0.0,0.0,0.0,0.0,0.0,0.0,0.0,0.0,0.0,0.0,0.0,0.0,0.0,0.0,0.0,0.0,0.0,0.0,0.0,0.0,0.0,0.0,0.0,0.0,0.0,0.0,0.0,0.0,0.0,0.0,0.0,0.0,0.0,0.0,0.0,0.0,0.0,0.0,0.0,0.0,0.0,0.0,0.0,0.0,0.0,0.0,0.0,0.0,0.0,0.0,0.0,0.0,0.0,0.0,0.0,0.0,0.0,0.0,0.0,0.0,0.0,0.0,0.0,0.0,0.0,0.0,0.0,0.0,0.0,0.0,0.0,0.0,0.0,0.0,0.0,0.0,0.0,0.0,0.0,0.0,0.0,0.0,0.0,0.0,0.0,0.0,0.0,0.0
teff_price_etb_lag1,0.0,0.0,0.0,0.0,0.0,0.0,0.0,0.0,0.0,0.0,0.0,0.0,0.0,0.0,0.0,0.0,0.0,0.0,0.0,0.0,0.0,0.0,0.0,0.0,0.0,0.0,0.0,0.0,0.0,0.0,0.0,0.0,0.0,0.0,0.0,0.0,0.0,0.0,0.0,0.0,0.0,0.0,0.0,0.0,0.0,0.0,0.0,0.0,0.0,0.0,0.0,0.0,0.0,0.0,0.0,0.0,0.0,0.0,0.0,0.0,0.0,0.0,0.0,0.0,0.0,0.0,0.0,0.0,0.0,0.0,0.0,0.0,0.0,0.0,0.0,0.0,0.0,0.0,0.0,0.0,0.0,0.0,0.0,0.0,0.0,0.0,0.0,0.0,0.0,0.0,0.0,0.0,0.0,0.0,0.0,0.0,0.0,0.0,0.0,0.0
teff_price_etb_lag12,0.0,0.0,0.0,0.0,0.0,0.0,0.0,0.0,0.0,0.0,0.0,0.0,0.0,0.0,0.0,0.0,0.0,0.0,0.0,0.0,0.0,0.0,0.0,0.0,0.0,0.0,0.0,0.0,0.0,0.0,0.0,0.0,0.0,0.0,0.0,0.0,0.0,0.0,0.0,0.0,0.0,0.0,0.0,0.0,0.0,0.0,0.0,0.0,0.0,0.0,0.0,0.0,0.0,0.0,0.0,0.0,0.0,0.0,0.0,0.0,0.0,0.0,0.0,0.0,0.0,0.0,0.0,0.0,0.0,0.0,0.0,0.0,0.0,0.0,0.0,0.0,0.0,0.0,0.0,0.0,0.0,0.0,0.0,0.0,0.0,0.0,0.0,0.0,0.0,0.0,0.0,0.0,0.0,0.0,0.0,0.0,0.0,0.0,0.0,0.0
teff_price_etb_lag3,0.0,0.0,0.0,0.0,0.0,0.0,0.0,0.0,0.0,0.0,0.0,0.0,0.0,0.0,0.0,0.0,0.0,0.0,0.0,0.0,0.0,0.0,0.0,0.0,0.0,0.0,0.0,0.0,0.0,0.0,0.0,0.0,0.0,0.0,0.0,0.0,0.0,0.0,0.0,0.0,0.0,0.0,0.0,0.0,0.0,0.0,0.0,0.0,0.0,0.0,0.0,0.0,0.0,0.0,0.0,0.0,0.0,0.0,0.0,0.0,0.0,0.0,0.0,0.0,0.0,0.0,0.0,0.0,0.0,0.0,0.0,0.0,0.0,0.0,0.0,0.0,0.0,0.0,0.0,0.0,0.0,0.0,0.0,0.0,0.0,0.0,0.0,0.0,0.0,0.0,0.0,0.0,0.0,0.0,0.0,0.0,0.0,0.0,0.0,0.0
teff_price_etb_lag6,0.0,0.0,0.0,0.0,0.0,0.0,0.0,0.0,0.0,0.0,0.0,0.0,0.0,0.0,0.0,0.0,0.0,0.0,0.0,0.0,0.0,0.0,0.0,0.0,0.0,0.0,0.0,0.0,0.0,0.0,0.0,0.0,0.0,0.0,0.0,0.0,0.0,0.0,0.0,0.0,0.0,0.0,0.0,0.0,0.0,0.0,0.0,0.0,0.0,0.0,0.0,0.0,0.0,0.0,0.0,0.0,0.0,0.0,0.0,0.0,0.0,0.0,0.0,0.0,0.0,0.0,0.0,0.0,0.0,0.0,0.0,0.0,0.0,0.0,0.0,0.0,0.0,0.0,0.0,0.0,0.0,0.0,0.0,0.0,0.0,0.0,0.0,0.0,0.0,0.0,0.0,0.0,0.0,0.0,0.0,0.0,0.0,0.0,0.0,0.0
teff_price_index,0.0,0.0,0.0,0.0,0.0,0.0,0.0,0.0,0.0,0.0,0.0,0.0,0.0,0.0,0.0,0.0,0.0,0.0,0.0,0.0,0.0,0.0,0.0,0.0,0.0,0.0,0.0,0.0,0.0,0.0,0.0,0.0,0.0,0.0,0.0,0.0,0.0,0.0,0.0,0.0,0.0,0.0,0.0,0.0,0.0,0.0,0.0,0.0,0.0,0.0,0.0,0.0,0.0,0.0,0.0,0.0,0.0,0.0,0.0,0.0,0.0,0.0,0.0,0.0,0.0,0.0,0.0,0.0,0.0,0.0,0.0,0.0,0.0,0.0,0.0,0.0,0.0,0.0,0.0,0.0,0.0,0.0,0.0,0.0,0.0,0.0,0.0,0.0,0.0,0.0,0.0,0.0,0.0,0.0,0.0,0.0,0.0,0.0,0.0,0.0
teff_price_index_lag1,0.0,0.0,0.0,0.0,0.0,0.0,0.0,0.0,0.0,0.0,0.0,0.0,0.0,0.0,0.0,0.0,0.0,0.0,0.0,0.0,0.0,0.0,0.0,0.0,0.0,0.0,0.0,0.0,0.0,0.0,0.0,0.0,0.0,0.0,0.0,0.0,0.0,0.0,0.0,0.0,0.0,0.0,0.0,0.0,0.0,0.0,0.0,0.0,0.0,0.0,0.0,0.0,0.0,0.0,0.0,0.0,0.0,0.0,0.0,0.0,0.0,0.0,0.0,0.0,0.0,0.0,0.0,0.0,0.0,0.0,0.0,0.0,0.0,0.0,0.0,0.0,0.0,0.0,0.0,0.0,0.0,0.0,0.0,0.0,0.0,0.0,0.0,0.0,0.0,0.0,0.0,0.0,0.0,0.0,0.0,0.0,0.0,0.0,0.0,0.0
teff_price_index_lag12,0.0,0.0,0.0,0.0,0.0,0.0,0.0,0.0,0.0,0.0,0.0,0.0,0.0,0.0,0.0,0.0,0.0,0.0,0.0,0.0,0.0,0.0,0.0,0.0,0.0,0.0,0.0,0.0,0.0,0.0,0.0,0.0,0.0,0.0,0.0,0.0,0.0,0.0,0.0,0.0,0.0,0.0,0.0,0.0,0.0,0.0,0.0,0.0,0.0,0.0,0.0,0.0,0.0,0.0,0.0,0.0,0.0,0.0,0.0,0.0,0.0,0.0,0.0,0.0,0.0,0.0,0.0,0.0,0.0,0.0,0.0,0.0,0.0,0.0,0.0,0.0,0.0,0.0,0.0,0.0,0.0,0.0,0.0,0.0,0.0,0.0,0.0,0.0,0.0,0.0,0.0,0.0,0.0,0.0,0.0,0.0,0.0,0.0,0.0,0.0
teff_price_index_lag3,0.0,0.0,0.0,0.0,0.0,0.0,0.0,0.0,0.0,0.0,0.0,0.0,0.0,0.0,0.0,0.0,0.0,0.0,0.0,0.0,0.0,0.0,0.0,0.0,0.0,0.0,0.0,0.0,0.0,0.0,0.0,0.0,0.0,0.0,0.0,0.0,0.0,0.0,0.0,0.0,0.0,0.0,0.0,0.0,0.0,0.0,0.0,0.0,0.0,0.0,0.0,0.0,0.0,0.0,0.0,0.0,0.0,0.0,0.0,0.0,0.0,0.0,0.0,0.0,0.0,0.0,0.0,0.0,0.0,0.0,0.0,0.0,0.0,0.0,0.0,0.0,0.0,0.0,0.0,0.0,0.0,0.0,0.0,0.0,0.0,0.0,0.0,0.0,0.0,0.0,0.0,0.0,0.0,0.0,0.0,0.0,0.0,0.0,0.0,0.0
teff_price_index_lag6,0.0,0.0,0.0,0.0,0.0,0.0,0.0,0.0,0.0,0.0,0.0,0.0,0.0,0.0,0.0,0.0,0.0,0.0,0.0,0.0,0.0,0.0,0.0,0.0,0.0,0.0,0.0,0.0,0.0,0.0,0.0,0.0,0.0,0.0,0.0,0.0,0.0,0.0,0.0,0.0,0.0,0.0,0.0,0.0,0.0,0.0,0.0,0.0,0.0,0.0,0.0,0.0,0.0,0.0,0.0,0.0,0.0,0.0,0.0,0.0,0.0,0.0,0.0,0.0,0.0,0.0,0.0,0.0,0.0,0.0,0.0,0.0,0.0,0.0,0.0,0.0,0.0,0.0,0.0,0.0,0.0,0.0,0.0,0.0,0.0,0.0,0.0,0.0,0.0,0.0,0.0,0.0,0.0,0.0,0.0,0.0,0.0,0.0,0.0,0.0
teff_yield,0.0016117313281174047,0.0016068132855579786,0.0016494670442869183,0.0015969079491499813,0.00167826573909797,0.001667637120803151,0.0016197085662071997,0.0015518918449156825,0.0016315300436577972,0.0015952083444623875,0.0016409828360295314,0.0015585967489412816,0.0016497419622429153,0.0016404873097130323,0.001520269438025032,0.0016110345020744336,0.0016033419720353553,0.001572459597822492,0.0015405039123039027,0.0016680519596118867,0.0016848882932628565,0.001705489641430179,0.0016195615126061709,0.0016545736381309744,0.0016242374724765058,0.0016469540251380383,0.0016572942531952381,0.0017169634208614695,0.001556864690449824,0.0016672802450546057,0.0016515047528930112,0.0015124555771898547,0.0015886534016088982,0.001589618322818384,0.0016433759051772943,0.001608909812543459,0.0015853617648919306,0.0015855947329201257,0.0016076418348546914,0.0015649516131035377,0.001604925203379732,0.0016038684683625012,0.0016650893740559074,0.0016547909248385674,0.0015597866635285627,0.001586067316540452,0.001585373279363498,0.0016274518277778903,0.001544430281750323,0.0016624704995555732,0.0016175674999166817,0.0016601111242879282,0.0016604378252895002,0.0016174158933437498,0.0015653944536535812,0.0016657174173633268,0.0014997837251004699,0.0017032785656646001,0.0016882932580058803,0.0015919666399962665,0.0016753993677524907,0.00162904697751242,0.00155316259323287,0.0015733067409117404,0.0016023938562894553,0.0015669433032310315,0.00161320816409267,0.0014886382071502516,0.0016105663116662676,0.0016090876181475598,0.0015778733804077039,0.0016392993948742454,0.0016239898679732989,0.001649674908945747,0.0016460969865054094,0.0015438962240913578,0.0016891852247700985,0.0016060687048091399,0.0016383978274211884,0.0016613004590481715,0.0017639689985518084,0.0015729047308465128,0.0015117561411217956,0.0016366772983850508,0.0015863953902626512,0.0015716008401557473,0.0016784897884591808,0.0016113230823204974,0.001558022911025994,0.0016326724874672627,0.0016455921314170185,0.0016233924962467726,0.0015663830209921934,0.0016074028613946925,0.0015518019188599105,0.0016392615698570395,0.0015815259491317128,0.001661066449147034,0.0017016910159464841,0.0017016737051327438
teff_yield_anomaly,0.0014341149925530018,0.0014728166054827569,0.0014913040835936114,0.0015003927670813855,0.001480478489529817,0.001446299577065023,0.0015224874947731705,0.0015036562093571496,0.001513550329241282,0.0015149380129731785,0.0014779010368703902,0.0014587830876021436,0.001414368321169155,0.0014969172029935332,0.0015032825011501616,0.00145600536323022,0.0014676141146579443,0.001521900623443545,0.0015316319106702017,0.001508159295326707,0.0015615441726669773,0.001520657275830382,0.0015129999628321386,0.0015558653375811315,0.0014455823865355995,0.0015151513030359186,0.001483166989551573,0.001487167350053813,0.0015286943285383434,0.0015134461076410837,0.0015136579889097116,0.0014266448485580824,0.001499241070141868,0.0015125301466667298,0.0014453639831166429,0.0014958254955361903,0.0014449981159515798,0.0015012064187519454,0.0015298849931166727,0.0015210272566581837,0.0015885153730072754,0.0014454400971251635,0.0015301637921457901,0.0014509706946926704,0.0014655201134591359,0.0014562010847024357,0.0015018410243806117,0.0015129721724300332,0.0015057728833437296,0.0014828536499598885,0.0014853005137923125,0.001497248833850566,0.0015662856309387378,0.0014866351605835836,0.0015488845719444887,0.0014830013887964452,0.0016092435418891035,0.0014523880804000002,0.0014580945286538588,0.0015109432371927128,0.0015086367449307335,0.0015234477424979972,0.0014260501161010729,0.0015524737679915666,0.0014677758858390691,0.0014676109138391578,0.0015118453094737027,0.0014692614602344078,0.0015387939892740107,0.00147444568156651,0.0014883329745721435,0.0014510044102249134,0.0015614771910347277,0.0014965558344892916,0.0015085290832537578,0.0015025118541350398,0.0014640661619322115,0.0014881513975213588,0.0014472969926911708,0.0015044641799760727,0.0014928759938893934,0.001465596462869239,0.0015346083192802641,0.00152465162660253,0.0014738179462093519,0.0015197242003575668,0.0014648625110240693,0.0014412431827289347,0.0015207786734708893,0.001441812350895459,0.0014382959177185381,0.0014022792757953483,0.0015369151467283875,0.0013923853090427574,0.001523925259026774,0.0014490753538704756,0.0015398228158268067,0.001432566868261485,0.0015194361100360247,0.0014339181041959454
total_asylum_seekers_hosted,0.0038266382016256977,0.003813222281408565,0.003817305208573965,0.003902346491582275,0.00388904153951042,0.003918689051533749,0.003886976999181192,0.0038980405624721936,0.0038009173191153158,0.0038093092875121953,0.0038125131772850365,0.0039025683732403812,0.0038849097323713838,0.0038602429084104452,0.003851287261685106,0.0037786324905055486,0.003912990032248534,0.003768822390989775,0.003761256044875802,0.003869422347644142,0.0038947661293527846,0.0038263994886741054,0.003917375735018153,0.0038811394718544414,0.0038267586783880692,0.003832456349858627,0.0038898624569753517,0.003951867262712629,0.0038589790618989367,0.003934293469893595,0.003908356742289372,0.0038281670380113783,0.003906110720034095,0.003870368205021175,0.003825545399671509,0.0038633108842189845,0.003904972941434079,0.003892054977351793,0.003926798630585499,0.003875039636785405,0.0038206927051537606,0.0038974946544726116,0.0037967034668923245,0.0038339053136036264,0.0038248772197515494,0.0038908794380883827,0.003800382905140303,0.0038985837099262564,0.0037821444488028316,0.003899638711367499,0.0038534455731500834,0.0038031356832111517,0.003862331323119959,0.0038571487083835713,0.003910274460803771,0.003859218805154247,0.003818767808578276,0.0038743632857792536,0.0039017447376504203,0.0038423813581261,0.0038641117862827454,0.003927245606289723,0.0039014394528099467,0.0038252314417690472,0.003845931983342699,0.0038011444988355217,0.0038719617088728317,0.003900030260845206,0.0037836443961921274,0.00380940561737477,0.003768744163107181,0.00393241824064175,0.0038137950441492186,0.003907928197002559,0.003905906062380374,0.003818417653785935,0.0037722434486044615,0.0038658387430675527,0.0038449251220874577,0.0038941830725732385,0.003910623057607209,0.003806871984197692,0.0037318074052511948,0.0038442983252836393,0.003793676752080335,0.00373484170047619,0.0038779931004095524,0.0038578647713956543,0.003986106873756651,0.003793412091929062,0.003833207493330422,0.003800885422763288,0.003938301980593148,0.003939185197689436,0.003807116936817714,0.003972638836111218,0.003934706543913539,0.003863024094069391,0.003778103055153492,0.003792038963808118
total_asylum_seekers_hosted_yoy_change,0.0010018254827265805,0.0010738800854400942,0.0010459750110291207,0.0010303656109129872,0.0010129668591756134,0.0010505957653317948,0.0010598093977299556,0.0010001386391748387,0.0010586054916921013,0.0010502825319520187,0.0010316320051444892,0.0010187790019365683,0.0009956788940913076,0.0010688492868884914,0.0010162519965593345,0.0010530233545951273,0.0010124121708576898,0.0009642367073983272,0.0010632836543347526,0.001040554914579793,0.0010556288346650787,0.0010317082986366737,0.0010545255650532882,0.0010291388098618403,0.001035420484860152,0.001056099614691506,0.0010472529757706212,0.0010840701877047599,0.0011030744897488317,0.0010324955687795818,0.0010463568233172078,0.001045765837200058,0.0010956962146359869,0.0010527770804322283,0.0010860627050318075,0.001053918794175421,0.0010722317538282649,0.0010920926305710281,0.0010552055693634518,0.0010564353635497366,0.0010707356569821913,0.0010200759761994404,0.0010906291403791632,0.000997697465633363,0.0010649871220587243,0.0010555787191946725,0.0010808851392174832,0.00108055959321016,0.0010187844548173882,0.0010403779503555804,0.0010763000098511504,0.0010277541710855664,0.0010458981205970872,0.001057444078692867,0.0010467706422666648,0.0010422916902618688,0.001089212639074775,0.0010234842956158684,0.0010604317837669222,0.0010136399474997638,0.0010330996881358022,0.001031576846536632,0.001010632932265183,0.001027249846655009,0.0010253282008709334,0.0010117150671533298,0.0010336296776858505,0.0010380898796734088,0.0010648415330090425,0.001083292470206272,0.001030407051553884,0.0010056316401369824,0.0010559436429055436,0.0010476846903822211,0.0010102995882791599,0.0010634284909027888,0.001020499549692354,0.0010349323792772573,0.0010436602001733374,0.0010356084567997952,0.0010606053928356794,0.0010373289725795296,0.001044786675158937,0.0010375073469636655,0.0010156356002473427,0.0010662666358711844,0.00103545910244958,0.0010071181257694363,0.0010280431822049024,0.001083178247413177,0.0010208310218742587,0.001006627006242868,0.0010526979239586821,0.0010576860421948428,0.0010456001754654757,0.0010618417607517522,0.001016931359098904,0.001022579330707379,0.0010724339281961456,0.001045914689815501
total_refugees_hosted,0.0,0.0,0.0,0.0,0.0,0.0,0.0,0.0,0.0,0.0,0.0,0.0,0.0,0.0,0.0,0.0,0.0,0.0,0.0,0.0,0.0,0.0,0.0,0.0,0.0,0.0,0.0,0.0,0.0,0.0,0.0,0.0,0.0,0.0,0.0,0.0,0.0,0.0,0.0,0.0,0.0,0.0,0.0,0.0,0.0,0.0,0.0,0.0,0.0,0.0,0.0,0.0,0.0,0.0,0.0,0.0,0.0,0.0,0.0,0.0,0.0,0.0,0.0,0.0,0.0,0.0,0.0,0.0,0.0,0.0,0.0,0.0,0.0,0.0,0.0,0.0,0.0,0.0,0.0,0.0,0.0,0.0,0.0,0.0,0.0,0.0,0.0,0.0,0.0,0.0,0.0,0.0,0.0,0.0,0.0,0.0,0.0,0.0,0.0,0.0
total_refugees_hosted_yoy_change,0.0017346721068615951,0.001680605219557542,0.0017411259164952714,0.0017235394913685206,0.0017488902483554524,0.0017194412060575579,0.0017104601028604784,0.0017092621379407873,0.001749755715369006,0.0017143350989243505,0.0017328468952237984,0.0017443299405996639,0.0017491830808539239,0.001802995825074536,0.0017326678878263287,0.001729966903888229,0.0017307017871363152,0.001748871738881675,0.001736836374549001,0.0017345340165976124,0.0017741759924065088,0.0017596794927995357,0.0017382366762074253,0.0017198781875586247,0.0017298698049935906,0.0017090381272240002,0.0017215357807363989,0.001759205507455179,0.001716436503302072,0.0017225662094661085,0.0017680534405223743,0.0017219297555734817,0.0017554155210890467,0.001712157042970877,0.0017754675108962547,0.0017607300458739468,0.0017351201009789445,0.0017522065636744945,0.0017559008314187482,0.0017509108786570812,0.0017730987735550268,0.0017567247019282409,0.001726226145215204,0.0017486697775000043,0.001801498080015676,0.001722031438130605,0.00175591575828933,0.0017445260646648246,0.0017493504759636396,0.001760823318247572,0.0017332076072548899,0.0017354780878149245,0.0017705645619167222,0.0017136518218091145,0.001722079029421176,0.001720633870022843,0.001738968196024847,0.0017487782769013143,0.0017346197149855792,0.0017645796153532422,0.0017486959740807468,0.0017406100100658326,0.0017132036856473973,0.0017147142686890766,0.001748132069188307,0.0017474658990997418,0.001700827859604334,0.001685926187436403,0.001752092032529429,0.0017058968446310675,0.0017641621328160176,0.00175466943593931,0.001746319996975902,0.001760991341309086,0.001756612671663878,0.0017711604791748022,0.0017238060694401266,0.0017328015856413984,0.0017253616670489804,0.0017256372996456175,0.0017443696828141264,0.0017497655173944885,0.0017147649778856582,0.0017267238908544378,0.00175088143787296,0.001769884406563905,0.00176425379867427,0.0017679785320431178,0.001729069399121015,0.001745678640624381,0.0017454396030917672,0.0017223479447975045,0.0017559120484246641,0.001704833021656121,0.0017257254995570214,0.0017504856338129322,0.0017481174723619917,0.0017534734644612786,0.0017905501132024987,0.001743448342873443
wheat_n_markets,2.7601974788125094e-06,2.8998521590454977e-06,2.6730503668408297e-06,2.7893024340549613e-06,2.394838957919426e-06,2.7432459939381764e-06,2.3787127443948557e-06,2.8103764192699315e-06,2.976478025409746e-06,2.625875086301849e-06,2.823153020925897e-06,2.618890006308559e-06,2.6283862507594218e-06,3.588389415034267e-06,3.0200952873549187e-06,2.257451524326849e-06,2.7553297275917707e-06,2.378678679455964e-06,2.7338987032531293e-06,3.2733722857930397e-06,2.3946917716740244e-06,2.335455895930508e-06,2.9749081459145778e-06,2.8724864438906302e-06,2.5816835409057313e-06,2.7015877873466456e-06,2.5170305364600046e-06,2.8154620575526406e-06,2.5615424851021164e-06,2.6800065237727967e-06,2.9402939902247026e-06,2.615617201236135e-06,2.7009440885485247e-06,3.0006101423086506e-06,2.7917946378389993e-06,2.558882527562402e-06,2.311579587440642e-06,2.3768613471028062e-06,3.249989276182413e-06,3.0004096090834744e-06,2.5765039026737213e-06,2.8603834281961535e-06,2.446058646533471e-06,2.371588190972517e-06,2.3950732347161463e-06,2.3676631708672493e-06,2.8760314471068425e-06,2.6543668726442436e-06,2.5209820693714855e-06,2.8922061871009665e-06,2.583828025219192e-06,2.6728973959831637e-06,2.616567645167959e-06,3.0268841725822313e-06,2.790519130834635e-06,2.827881620084935e-06,2.543521168326163e-06,2.5521108354882096e-06,2.4254262200547056e-06,2.9488732129479375e-06,2.476065197870845e-06,2.7594898279121288e-06,2.611987357040041e-06,2.495930520489843e-06,2.7037419126805474e-06,2.671272884038829e-06,2.63417070234044e-06,2.4782823112049624e-06,3.169413805110772e-06,2.7012211072025337e-06,2.4894795530289926e-06,2.578198472699928e-06,2.6523888566170665e-06,2.848847947238313e-06,2.9000009521276396e-06,2.3094620979844167e-06,2.752599711970184e-06,3.0549459694129505e-06,2.3000119697479975e-06,2.9581967224492295e-06,2.7911878962859026e-06,2.3419356257690076e-06,2.2713342723947627e-06,2.650954112091749e-06,2.5419935486372626e-06,2.535081419031977e-06,2.3205528065325724e-06,2.3580655350180803e-06,2.3601311236475978e-06,2.66787313886393e-06,2.5433906931828597e-06,2.746285486315924e-06,3.2129031628514257e-06,2.7299561686273934e-06,2.928317271898005e-06,2.6446029291924645e-06,2.9909585167450113e-06,2.294167743840244e-06,2.868015581344719e-06,2.853830747969649e-06
wheat_price_etb,0.001363826935546533,0.0016194824997838291,0.001582364729579745,0.0014379043370681983,0.0015263313690204946,0.0014596779606118027,0.0013421705599875543,0.001468274162718615,0.0016512014617352233,0.0013958254242232332,0.0013722800617565814,0.0016337110044105587,0.0014848526169086715,0.0016198978642692045,0.0015329502572275291,0.0014100472965911468,0.0015589947816436972,0.0014073463313325242,0.0016330509578562976,0.0016783533609900276,0.0013710924555509615,0.0015709516830537326,0.001485715326248926,0.0015774551693708723,0.0013315628031336203,0.001425961390713884,0.001553599452373319,0.001544949242856747,0.001382451960770381,0.0014476613685108844,0.0016467022286789728,0.0014194675448146218,0.0014313905404027734,0.001466418219544829,0.0014338764195970604,0.0016585728829261238,0.0014434968476621415,0.001361882193010812,0.0016526847647864878,0.001553367901012736,0.0014967178303061928,0.0015179946926390923,0.0015894017434804947,0.001482717985818529,0.0016394725102424144,0.0013793763118745274,0.0015559038138090973,0.0015192943540150447,0.0013471603455578586,0.0014189965140011503,0.0014607696050409744,0.0016671254728927829,0.0015838000335453594,0.0015661020178651197,0.0015207784285086283,0.0015102777967285403,0.0014119442922141585,0.0015521437550584476,0.0016363034242319985,0.0015481443907548157,0.0015025698227388174,0.0015184189733811972,0.00142575090389835,0.0016015712926604542,0.0015581317723070234,0.0015515010624614933,0.0013876011544675293,0.0013961939787825734,0.0016303310374677273,0.0014901989152230157,0.0014425924987345163,0.0014750941314193337,0.001511980989482575,0.0014053933999952368,0.001603138032276119,0.0014360782325915668,0.0015253157567716826,0.0015583738039187918,0.0014915604683348178,0.0014822861541087017,0.0015017465267136302,0.001656834553031211,0.0013314354915706617,0.001404267387015371,0.001545094650374048,0.0013150810648486651,0.001462329213595528,0.0014273293920213535,0.0015756846589146836,0.0015268223728548177,0.0012301082371427498,0.0014687568849364645,0.0014457137801467837,0.0013240459045280204,0.0013713670852002762,0.0015219642753887014,0.0014295946538970235,0.0013821889510011241,0.0016998218292845419,0.0014120585344901489
wheat_price_etb_lag1,0.0029332897680957965,0.0029412230074103906,0.00293934592880997,0.0029379121052431297,0.002763317429824212,0.0026020913454069287,0.0029201529273108354,0.0028061854096673128,0.0029776117054111178,0.002834076003747635,0.0028064697708321054,0.0028402160465618655,0.002984869082730194,0.0028861938497958496,0.0029760832460094216,0.0025465929720014414,0.0028138029844380578,0.0026411977642174975,0.0030375622758046345,0.0026346450633933545,0.0027167576456079653,0.002899358292149471,0.002565506175059177,0.0029229854959632214,0.00292863452843544,0.002814460320640362,0.0028874081598806566,0.002872533999087631,0.0030979196433313103,0.002726710838715792,0.0025641811765191127,0.0028329987418128427,0.0029172414029290253,0.003037765372948727,0.002728298869340059,0.0031055564669617585,0.00284679374426227,0.0024910075581277284,0.002591832152838074,0.0026236312747727297,0.002938349281954775,0.0028993908245276514,0.003066668177373499,0.002612053921999438,0.0031326453033477977,0.0027490051359123323,0.0029257566193996026,0.003100241974805687,0.002742643399188826,0.0028748460783812125,0.0030694048290902244,0.00310132710473709,0.002839456583813361,0.002461696048441126,0.0030194346721411354,0.003310197701934292,0.0026522735478534034,0.002745953212613725,0.0026380473722662297,0.002942246278706781,0.0031343847210310127,0.0026445134319009913,0.0027805707898917124,0.002709608021897011,0.002824959011642864,0.0028563254633801106,0.002610892538244632,0.0030174300565385614,0.0027948269404458386,0.0029174531416712346,0.002760743963224601,0.0028136805365088008,0.0029962846460044215,0.0030455215571323197,0.002747938023963519,0.00302538570320154,0.0030733512234784087,0.0031003270596130015,0.0028636676989425213,0.002825883287957177,0.002738648182653042,0.002861539144999315,0.0026703378929555086,0.003073411947465743,0.0026278091426702567,0.002889977805954764,0.0032106575564856674,0.0025631811139508027,0.0030259646829743107,0.0028760372251812904,0.002685441585245036,0.002922676749383803,0.0029326946762898358,0.003024922394584331,0.00280681032612065,0.002967952168767557,0.002972014630115363,0.002981686088352707,0.0027460515869249832,0.0028329377029156356
wheat_price_etb_lag12,0.0007064380926279938,0.000629694916737273,0.0007275975139951752,0.0005911530637914371,0.0006256476169988112,0.000665190032881918,0.0006274989615866158,0.0006300148904758066,0.0007080651631384698,0.0006281987433254287,0.0006476274379474426,0.000690094178113148,0.0006162435374896924,0.0006597978602824868,0.0006425825072667099,0.0006517542505558398,0.0006268392316997051,0.0006749937264216592,0.0006726163759534527,0.0007176738954807989,0.0006720583848629514,0.0006647757370233166,0.0006462238771420581,0.000684190644825416,0.0006757055525266257,0.0006763505454710573,0.0006293310673574462,0.0006288169932039422,0.0006410988946583474,0.0006888445304144942,0.0006974808702385471,0.0006196362288119856,0.0006632651526961679,0.000635541300948136,0.000677506395681839,0.0006430481182600277,0.0006082307435173652,0.0006113899980971861,0.0006526797931780171,0.0006615730398447042,0.0006418862120422559,0.0006457206870578975,0.0006328293489031313,0.0006478300372432992,0.000655880942812165,0.0006610242576962446,0.0006875003753274967,0.0006710656677881157,0.000620358115000415,0.0006777320023088763,0.0006992940620947925,0.0006513154803241139,0.0006562227785286511,0.0006315974344154261,0.0006132676249101316,0.0006102342737017211,0.0006523785087182922,0.0006605073338177819,0.0006423878066982171,0.0006738219331767413,0.000651282360687276,0.0006522906322631242,0.0006183185159910683,0.0006684621789905945,0.00064575034701455,0.000660540024911261,0.0006393814996769298,0.0006185969139537353,0.0007187562909175232,0.0006724409818497606,0.000608034941944338,0.0006224672325158567,0.0006219450293752842,0.0006315780927609007,0.0006677935475495106,0.0006231016066796908,0.0006874476987200103,0.0006639730492818862,0.0006290312176422467,0.0006778332964935596,0.0006320683572896396,0.0006976025812122186,0.0006012980007676419,0.0006838152284706314,0.0006447569719400691,0.0006854152885375556,0.0006541707154473944,0.0006584900100647972,0.0006250328539560238,0.0006937026738763123,0.0006023593384482023,0.0006862920215655455,0.0006457050353432623,0.0006590485600131166,0.0006371566744905615,0.0006689757987306684,0.000573107695240422,0.0006567535348611918,0.0007273845091459565,0.0006611406845872961
wheat_price_etb_lag3,0.0026462568869021143,0.0026145217296833865,0.002594973502315586,0.0026271515896253345,0.002776034086125757,0.0027037731464132743,0.0028004564992116805,0.002739940322546727,0.0026266280562649664,0.0025238128995771596,0.0026766096115314122,0.0028564712710198456,0.0027223006924443987,0.002892955610454031,0.002911826535809356,0.0027515404547816635,0.0025420710688689565,0.0026247124690989905,0.002730080327576668,0.002796055304527339,0.0026248144021619618,0.0026596796610010203,0.0026246346808469286,0.0027409674199021647,0.0027437644633525574,0.0024993551212598828,0.0024724978809547017,0.002755749484967939,0.002624121698900528,0.002794786221977629,0.0026044518182444945,0.0025023501231402592,0.0028441946575446394,0.0025143388564681686,0.0025158917567203575,0.0027803463890751358,0.0026430874420047125,0.002495633952296805,0.00285590157930574,0.0026142931841519512,0.00259344501164083,0.002931023468293977,0.0026718715757817375,0.0025463363551325824,0.0027619415960111384,0.002841383148626835,0.0026644436786982203,0.0027938718107973115,0.0027902366728775763,0.0025441624463845643,0.002622519938478965,0.002780264335876656,0.0026227458974049573,0.0026803614078472022,0.0025532014826743295,0.0027212309981281746,0.0027988047604632273,0.0027186086978117393,0.0027965256413881937,0.002659921270275837,0.0027446882922030095,0.0026387820184858115,0.0026485966872025393,0.002724171210450922,0.002534441080973069,0.0026034717477782226,0.0028880737265015986,0.002595558990399804,0.002776474274953299,0.0026953365570840503,0.0025680894457129023,0.002613913525426805,0.0027898402093717504,0.002645198211388494,0.0027037334019090697,0.002560194292757467,0.0027641122804002117,0.0026976868649317997,0.0026619662878600387,0.0026326453764511566,0.002820399576339169,0.002792316188403001,0.002591334143958811,0.0026928237793623906,0.0027852718371433882,0.0024930751777085007,0.0027582284039078604,0.0025821628948924915,0.0026060448669596448,0.0027578281607604834,0.0025554248709871137,0.0027174937863062277,0.002666220140837524,0.0027520066766139684,0.0025222356530167343,0.0026627653247880538,0.002797869199736197,0.002575585788377452,0.0029003398883473987,0.002430157228665435
wheat_price_etb_lag6,0.006521038474805757,0.006171917409869554,0.00667776476023889,0.006350157247961346,0.006281773634035198,0.006612071816397643,0.006653286738691079,0.006350425485674365,0.006118500315844309,0.0063982346821274275,0.006321795524237051,0.0065527188837625604,0.006096701732190876,0.0066837630649684565,0.006713674986215416,0.006685455999877596,0.006442758137849658,0.006056643746932423,0.006622040859835169,0.006209326349566382,0.006259228748570179,0.006621126363482461,0.006127806651805932,0.006555238228937302,0.006107363943014586,0.006090204631794437,0.006354018881118965,0.006545143592358326,0.006521129543734203,0.006536808292895412,0.006586457412972567,0.006122609150008343,0.006863233686144077,0.0058100051216254415,0.006418032638316947,0.0065254158070405755,0.006479774944987897,0.006562656239023801,0.006623846441953639,0.006253367366446465,0.006145968697080983,0.006366201684793912,0.006315471646535432,0.006093773772128828,0.006167013908951644,0.006484168912532333,0.006257102055896267,0.006164940699627732,0.006171017546818355,0.006241482376423713,0.00646034534862919,0.006068817184747678,0.006136871063331797,0.006330830070321973,0.0062833511008628115,0.00650794505778947,0.006580264405575578,0.006091881467735979,0.006311669160104247,0.006479941601746087,0.006568940280310152,0.0059838113545634085,0.006181403918155155,0.006220089142886697,0.006160364507577733,0.00608083559720381,0.00681089534479641,0.006044604930833234,0.006755344717471884,0.006705048776050856,0.0062289872467999104,0.006559074580547444,0.006440908381429159,0.00638343226283887,0.0063130875573253475,0.006485532200636147,0.006426616379455053,0.006962390068102675,0.006415406721653745,0.006427514195386202,0.006668513896338802,0.0063792595796511534,0.006142846818829294,0.006272968912152175,0.0063170955325666436,0.006474204544357029,0.00629199699773,0.006432674124731192,0.005881646495520377,0.006211846887716976,0.0060981804466085044,0.00616922624176569,0.006299828057663594,0.0065996755121743855,0.005879451091595063,0.006022789936365362,0.006247707394981214,0.006199717430720521,0.005951543829143992,0.005725928212066015
wheat_price_index,0.00033257004852792964,0.00033317566541582087,0.0003165510809514993,0.00033454565281367215,0.00033145030000195,0.0003160793722136071,0.0003457365982881069,0.0003261614772536148,0.00034319949233512414,0.0003259969803953275,0.00034967927037872596,0.00035419557555311913,0.00032622081142759596,0.00034142248375081634,0.00034275599780252743,0.000316053847170109,0.0003146609104077124,0.000321617494718081,0.00034917254621783894,0.00034130713319935525,0.00033393065027186866,0.00034349096328048376,0.0003177418768887323,0.0003299868047485492,0.00033439997836061755,0.00030571576014252376,0.0003345308083738152,0.000353195332697727,0.00033609304004917636,0.0003290775771030425,0.0003116588317773069,0.00032958022761142575,0.0003325966594315258,0.00033606496174209814,0.0003219980010496076,0.0003527235232513421,0.00033369716705164366,0.00030525003482277196,0.00033247184633901453,0.00033183939825021005,0.0003641144319657902,0.00033977610227639685,0.0003428890738922915,0.0003096334356782486,0.00037038975517863885,0.0003309465223377644,0.000341255900816731,0.00035165791556282836,0.00032495814148211956,0.00031940966845844186,0.0003428200897397544,0.0003335935936493862,0.0003456803657910854,0.00030597695555207574,0.0003404804564700086,0.00035792234787727743,0.00032851562491895115,0.00033363172039036106,0.0003195379834507738,0.00032963985282371145,0.00035150123520203455,0.00031983487702825147,0.00032491148468762575,0.000333008549895698,0.00031714478888940334,0.00033551178614045263,0.00032176056505117266,0.0003351686700161102,0.0003481705380514331,0.0003273717932845932,0.0003198008272739666,0.00033922762076709137,0.00033413287344741526,0.0003486851510576379,0.000313297800351451,0.00034275560561385006,0.0003501292297377504,0.00035462775674993734,0.0003406184704494171,0.000345999204379804,0.0003320803167860829,0.0003556528376457792,0.00031805250466222123,0.0003554740090088969,0.00032772107014151033,0.0003364791140298367,0.0003539906061328999,0.00032246501436951943,0.00032870454983329405,0.00034392987756512347,0.00032655448119976835,0.00033886119406130433,0.0003365593936420936,0.00034597334226212876,0.00032147292878152256,0.00033790058146402485,0.00034066656825509955,0.00034324489957302694,0.0003398209783744152,0.00031769958896282226
wheat_price_index_lag1,0.0006016374232563698,0.0006266223350919017,0.0006173659430809057,0.0006353016937115558,0.000613423115046781,0.0006213351479025135,0.0006417024532285454,0.0006045396998910306,0.0006243917914146006,0.0006090492907374213,0.0006105668872197623,0.0006615432384060767,0.0006073550501529172,0.0006507495039780904,0.0006275821274391962,0.0006198160986790756,0.0006057522801960015,0.0006210272233506434,0.0006440326428777436,0.0006356016804899292,0.0006138606015766352,0.0006386780547520584,0.0006224085540517784,0.0006227390783606901,0.0006124608432700545,0.0006101510777209517,0.0006242906551819688,0.0006460776082397515,0.0006350793406878918,0.0006435076553301258,0.0005908252977784735,0.0005978181318838209,0.0006461923145300216,0.0006115016484250018,0.0005853112798738194,0.0006389535460274042,0.0006282729359589173,0.0006428640334191427,0.0006547181214205278,0.0006240618711156196,0.0006296940496078261,0.0006346319885018203,0.0006095776856626886,0.000614037502652164,0.0006489083437625707,0.0006123777592054641,0.000630242317970238,0.0006263087470832572,0.0005858791316393442,0.0006087949386848621,0.0006287483485760084,0.0006111812877601811,0.000606191862924725,0.0006265255403714583,0.000617357214261682,0.0006308657012904272,0.0006501297860131892,0.0006179051563558937,0.0006400899554418337,0.0006330412132196318,0.0006368712266120388,0.0005990675804954025,0.0006085973927298698,0.0006427658389832148,0.0006057593576691073,0.0006049771184516908,0.000638777215941311,0.0005981171507840839,0.0006159616583152279,0.0006215813684774071,0.0006184034145760477,0.0006472671918990058,0.0006283552367709387,0.0006439184720658173,0.0006381304201260569,0.0006047118043982063,0.000621586116840658,0.0006718737316839114,0.0006404316213156763,0.0006179139027699797,0.0006273669450851691,0.0006383979503287734,0.000617090873680546,0.0006320154734002137,0.0006255519153290603,0.0006254843849620639,0.0006309381783846701,0.0006072225324389202,0.0006011341958132548,0.0006229161400395511,0.0006013886985871003,0.0006401601400620994,0.0006432771017348164,0.0006413759374149077,0.0005983491185564083,0.0006299012373866779,0.0006337970223025855,0.0006011606330981413,0.0006344446161533066,0.0005851018883183784
wheat_price_index_lag12,0.0005853104506657196,0.0006042366291109018,0.0005746921595106296,0.0006157028814359955,0.0006254696165255847,0.0006131987157968703,0.0006015262753864026,0.0005575785291425529,0.0006240804868816476,0.0006146573463520402,0.0005913723536218813,0.0005692251639156567,0.0006130966260673168,0.0006603470402033814,0.0006429820894016232,0.0006455558558168845,0.0006421107816972028,0.000594977526366325,0.0006098934073898404,0.000600019811390365,0.0005903211570093556,0.000633250004862576,0.0006046777802729674,0.000577837110190473,0.0006399358074155715,0.0005872171291672696,0.0006768126599876283,0.0006598410404044968,0.0006020933569950779,0.0005586115402195878,0.0006225787718915956,0.0005480431585384339,0.0006057846036452345,0.0006298661410192824,0.0006027876803898262,0.0006312584685896998,0.0005862123503724435,0.000598000139004459,0.0006422713736208443,0.0006345951423695564,0.0006621643109343499,0.0005814962713639178,0.0006176328527232731,0.000588707032059419,0.0006736646231367999,0.0006062508287715543,0.0006574349556782837,0.000594067204585511,0.0006096979310405695,0.0006072548570932809,0.0006217866008966297,0.0006256355968155507,0.0006008397760814514,0.0005541769811771733,0.0006228796445190639,0.0005892726531338392,0.0006111957538703275,0.0006004098141270261,0.0006305642255367885,0.0006134585790584227,0.0006324627198564278,0.0005887942773491155,0.0006189798734429131,0.0006011450243663889,0.000635722287245393,0.0005876904040487615,0.0006244583472351141,0.0006346580594279299,0.0006341940558337452,0.0005999069805195963,0.0006336692592586739,0.0006504275948047031,0.000619339257825148,0.000618662529132021,0.0005815891040266691,0.0005741852532951399,0.0006154797621922319,0.0006225068525303851,0.000640878889142819,0.000592236646841196,0.0005912405706741548,0.0005979832487400644,0.0006141482724334462,0.0006131675597948708,0.0006256285623253276,0.0006463833461278437,0.0006255444626595756,0.0005854783044469828,0.0005815956985649927,0.0005885334817205444,0.0006081388949617754,0.0006057807255447621,0.0005956099524012953,0.00060772231289586,0.0005576586169386739,0.0006553576737764407,0.0005742945049370698,0.0006005676738658163,0.0006270881381022099,0.0005321248082265391
wheat_price_index_lag3,0.0017268500405539205,0.0016935981702916915,0.0016768641111966714,0.00174758010148601,0.0015721681703822373,0.0017633637009423773,0.0018041571389319434,0.0017637241453548097,0.001639784837727807,0.0016703329063833706,0.0016157321977056948,0.001870056904635146,0.0015455000408622387,0.0016400577311498532,0.0016764440313283692,0.0016689391322581776,0.001678892714662376,0.0016534165026114841,0.0016564889974876715,0.0016822018387442708,0.0016866805191133158,0.0018682116865944645,0.0017061391620388354,0.0016273558565211052,0.0016518026724357474,0.001670289154789874,0.0016601774269513134,0.0017622035048809482,0.001738654945451918,0.0017938570942462335,0.0017413955220079796,0.0016572212362038505,0.001793326773527133,0.001653645069433506,0.0016465247515524725,0.0017695472930995728,0.0016863617652048935,0.0016993738562569249,0.0017528406309726822,0.001742322374844835,0.0017124200392427055,0.0016749719059958622,0.0016274653195022374,0.0016698223439715622,0.00167234044329548,0.0016761249043124556,0.0016882875317217893,0.001631150735905966,0.0015178487388374704,0.0016128544924167557,0.0016329534815558797,0.0015823957955386307,0.0016346275079333378,0.0017654637440883544,0.0016802619850896736,0.001521102823217427,0.0017299288266779966,0.0016338419003844044,0.001680915313017644,0.0017484336026273848,0.0016345781730642199,0.0016353852862750584,0.0017141583402948987,0.0017038676183956133,0.0014779736849320623,0.0016348407358918377,0.0018151072017833067,0.0016842061561179458,0.0016378238479837549,0.001794339232117817,0.001650968541630934,0.001661644517582262,0.0016177521496008518,0.001748540808444777,0.0016591281978300342,0.0017022051281418479,0.0015588213438637365,0.0016492986450649238,0.0016723472736772662,0.0016396895786612363,0.0017132752214566779,0.0017364662125503568,0.001701036948030024,0.0016689633860929598,0.001686251113365428,0.0017106370241018083,0.0016818401037205686,0.001753465254730664,0.0015819242414989456,0.0017003025036893935,0.0017300237763481533,0.0017381322606620324,0.0016244532888481397,0.0016763795329819595,0.001652026765663601,0.0017156664402114216,0.001713091688162504,0.001631634380428019,0.0016229312030246303,0.0015327504468378608
wheat_price_index_lag6,0.0006979721636248507,0.0006765928262429475,0.0006276944078880397,0.0007045210771046687,0.0006763158470367804,0.0007963151125631985,0.0007052402367321755,0.000585209611537201,0.0006511366423675784,0.0006972042046869116,0.000710053106845762,0.000635352548567888,0.000632789668712567,0.0007063964307256779,0.0007162046448595621,0.0007744896890218913,0.00063085052576186,0.0006751127375078981,0.0006915908464307082,0.0006247950943406694,0.0006240666581232942,0.0007521180937990927,0.0006587181162067256,0.0006358738419174983,0.0006606494547513856,0.0006896898496235297,0.0006901764157764855,0.0007917528004392601,0.0007132268891579184,0.0006981141552080968,0.0006641088295573712,0.0006187497454986562,0.0006889855377298951,0.0006180725310587828,0.0006463425837327347,0.0007191164095438065,0.0006849142120061012,0.0007874594839531453,0.0007315172047853686,0.0006162264993963178,0.0006967343188651302,0.0006670037643942825,0.0006210917190457723,0.0006221052111538475,0.0007267496228832533,0.0006808272315146822,0.0007171064579577859,0.0006420043358332468,0.0006521599127199524,0.0006686424841497574,0.000737319686038714,0.0006260451746801155,0.0005959313490741042,0.0006393926692008201,0.0006809440040363165,0.0007189718670268935,0.0007050268141054044,0.000663344339378245,0.0007554679233137341,0.0006068767761211299,0.0007231735459350826,0.0006556845378719419,0.0007207847017636735,0.000674641507808209,0.0006337580207595183,0.000640524775667143,0.0007150869853016866,0.0007052398104383884,0.0006452154633611585,0.000711714366985661,0.0006651901650442397,0.0007805242865996177,0.0006976769970353304,0.0006756246214625834,0.0006983509940256572,0.0006567184038664644,0.0006898688333201575,0.0007204923211076934,0.0006901579843146316,0.0007509448314233432,0.0007139973170808507,0.0006913549791869827,0.0006506875429875774,0.0006735904897152452,0.0006363414187148841,0.0007519567199886936,0.0007306104854521842,0.0006611456897230581,0.0005848009554345323,0.000676121823990999,0.0006655906781000185,0.0006688635175587485,0.0006662468104401515,0.0007641646326368506,0.0006258689790862574,0.0006940371411215589,0.0006830066040298388,0.0006775570520938338,0.0006264838411905298,0.0006335098282745773
wheat_yield,0.0011386952282291412,0.0011025204135553643,0.0010489689543254524,0.0010351506461954328,0.0010789622902340566,0.0010831323093969279,0.0010876380701872648,0.0011095111936413066,0.001034631335521676,0.0011029392206081136,0.0011303794009159811,0.001037238738252129,0.0010608518128190124,0.0011138560546380823,0.0010216450371719728,0.0010883947768492214,0.001020763297883435,0.0010620248576290673,0.0010241541275246811,0.0011161541470806606,0.0010769157204455636,0.0010164515533098236,0.001038947458564721,0.0010435165094405804,0.001090681262145923,0.0010040691859950746,0.0010455173791853456,0.001068509342740216,0.0009991028224001718,0.0010279617519770269,0.0011296676222126985,0.0009890597519638972,0.0010900228056771291,0.0011170886381766441,0.0010605198888749584,0.0009578138469667621,0.0010584103204811274,0.0010122840825900219,0.001070302137571565,0.001047537733111055,0.0009898703937078752,0.0010624514416109558,0.0011038511011009075,0.0011007459583551493,0.0010665553097154886,0.0011577852309107514,0.0009801844706960675,0.0010307917494797312,0.001071348162258675,0.0010849141799880151,0.00114181113903063,0.0010386924487535423,0.0010989959966494162,0.0010553486378486812,0.001085804694211991,0.001034109342555349,0.001031763525133383,0.0010669752555334357,0.001083322346282466,0.0011107358352645583,0.0010138151634052613,0.0009833010023792728,0.0010292183484411634,0.0010732992788747189,0.001091594089547608,0.0010968703926676527,0.001095319392058029,0.0009865927869252208,0.001064337935752452,0.001043844971294194,0.0011312182588738005,0.0010859007629635952,0.0010768944737253989,0.0011431809749037768,0.0010369610517967705,0.0010649283452562376,0.0010521747033690855,0.001147690942071332,0.0010805490902021497,0.0010008080518599458,0.0010747003784882686,0.001061818893617077,0.0010242990918362383,0.001010968278691152,0.000976893743288011,0.0011165335686367038,0.0011423101990623175,0.0009759730051076868,0.0010114287111710235,0.0010112474664140767,0.0010776775169235786,0.0010735760333647681,0.001033489438599095,0.0010694141751650163,0.0010129140128861674,0.001053083551118216,0.0011340822949632745,0.0010398103057916532,0.0010328472335164077,0.0010659042975606282
wheat_yield_anomaly,0.0007176203813900036,0.0006896219932293587,0.0006989902341731916,0.000703198693530715,0.0007269286278704679,0.0007231018581190465,0.0007483208879154867,0.0006927218081865375,0.0007227278013088277,0.0007243188158490067,0.0007051920784692607,0.0007266687022636499,0.0007280584646798953,0.0007655662966518052,0.0006980381406627704,0.0007227093774794483,0.0007267337179311478,0.0006875135489785111,0.0007067954010575023,0.0007384411725193118,0.0007734691735107665,0.0007113609038771556,0.0006967075517770029,0.0007546176469330133,0.0007107999552429504,0.0007127114278222566,0.0007134741538553258,0.0007492754602929471,0.000731533287212592,0.0007514585495018255,0.0007013893383185542,0.0007026004836379741,0.0007221532225212901,0.0007152644833170644,0.0007171611098496769,0.0007074906229150139,0.0007240463122455538,0.0007034414165040762,0.0006867449232836667,0.000696907708359647,0.000729348891002709,0.000727900031220047,0.000734344822000468,0.000717052671508163,0.0007450554427980677,0.0007385341143666197,0.0007296040338599699,0.000725256755055951,0.0007083160623398997,0.0007483441023679233,0.0007118503571140244,0.0007501459110713338,0.0006872352739388549,0.0006971473142304158,0.0007753232823398152,0.0007304065585074711,0.0007050415151350823,0.0006934895706886852,0.0007108975210843455,0.0007017738378000637,0.0007508261968992944,0.0007122752298147843,0.000751138956262232,0.0006903441578825952,0.000713775694926878,0.0007182833140239048,0.0007372450030789942,0.0007278412585953357,0.0007442423358451629,0.0007076644688315067,0.0007279787572220307,0.000755366915869067,0.000729693099695693,0.0007463087992366015,0.0007200909081429984,0.0007161529141165229,0.0007821233730038193,0.0007420419210798169,0.000703459996839354,0.0006949541988423296,0.0007423300434577519,0.0007276849672095458,0.0007020931827833811,0.0007254433271194262,0.0006872460839330245,0.000687022105031605,0.0007889334120761328,0.000714768817567307,0.000734078209381872,0.0007395516385904689,0.0007021806483703946,0.000709133485577656,0.0007053929202070909,0.0007264692395131102,0.0007075961745743241,0.0007568386536325522,0.000705550607451957,0.0007466690634422935,0.0007034528756602889,0.000737685252082572
