lhz,lead,zone_code,n,mae,rmse,r2,mae_baseline,rmse_baseline,r2_baseline,mae_baseline2,rmse_baseline2,r2_baseline2
agropastoral,0,ET0410,9,0.5020323634288157,0.5698362156842385,-0.39198780023209,0.47078595267357115,0.6178881294897649,-0.6366470741235912,0.3838988812546704,0.46247937433031616,0.08310401219606922
agropastoral,0,ET0502,9,0.22640096476777474,0.2874537631836185,-0.20674964947759955,0.23186193341477818,0.4058041647488971,-1.4049950340096635,0.281419007249883,0.34298949542952734,-0.718077786947604
agropastoral,0,ET0707,9,0.3476625583747647,0.43201642986251465,-0.42763379999937046,0.28454692502762835,0.32448189997039745,0.19462666429746267,0.6560875104387858,0.7382675958471164,-3.169115316504117
agropastoral,0,ET0712,9,0.5927321077203346,0.7656750014183316,-1.756370052479161,0.553350763830526,0.7095363986036284,-1.3669982960889788,0.7419042139902897,0.8631931647245066,-2.5031970952440945
agropastoral,0,ET1201,9,0.20349263037647025,0.24872135360167902,-0.24278166356931585,0.15771750826377223,0.2732253817325206,-0.499722042117031,0.14548333434829566,0.23533204620653717,-0.11257893700421295
agropastoral,1,ET0410,9,0.46445921818078834,0.5279201170080634,-0.1947354711631364,0.47078595267357115,0.6178881294897649,-0.6366470741235912,0.3838988812546704,0.46247937433031616,0.08310401219606922
agropastoral,1,ET0502,9,0.19550963997734197,0.251114406703181,0.07907461787617298,0.23186193341477818,0.4058041647488971,-1.4049950340096635,0.281419007249883,0.34298949542952734,-0.718077786947604
agropastoral,1,ET0707,9,0.3149204819248406,0.37058701454761483,-0.05050152995991586,0.28454692502762835,0.32448189997039745,0.19462666429746267,0.6560875104387858,0.7382675958471164,-3.169115316504117
agropastoral,1,ET0712,9,0.5314998709079107,0.6788774754549783,-1.1668626588654343,0.553350763830526,0.7095363986036284,-1.3669982960889788,0.7419042139902897,0.8631931647245066,-2.5031970952440945
agropastoral,1,ET1201,9,0.27434819399068705,0.30965443402105597,-0.9262972208996427,0.15771750826377223,0.2732253817325206,-0.499722042117031,0.14548333434829566,0.23533204620653717,-0.11257893700421295
agropastoral,2,ET0410,9,0.40603279141665616,0.47467776190715505,0.03409790798121015,0.47078595267357115,0.6178881294897649,-0.6366470741235912,0.3838988812546704,0.46247937433031616,0.08310401219606922
agropastoral,2,ET0502,9,0.20549964880571078,0.2816451159572839,-0.15847224469507193,0.23186193341477818,0.4058041647488971,-1.4049950340096635,0.281419007249883,0.34298949542952734,-0.718077786947604
agropastoral,2,ET0707,9,0.42033211220468597,0.4597870137272534,-0.6170732612731094,0.28454692502762835,0.32448189997039745,0.19462666429746267,0.6560875104387858,0.7382675958471164,-3.169115316504117
agropastoral,2,ET0712,9,0.6173656610133508,0.7565639216893738,-1.6911619960023474,0.553350763830526,0.7095363986036284,-1.3669982960889788,0.7419042139902897,0.8631931647245066,-2.5031970952440945
agropastoral,2,ET1201,9,0.39773990265599773,0.4451562594090536,-2.981013594363272,0.15771750826377223,0.2732253817325206,-0.499722042117031,0.14548333434829566,0.23533204620653717,-0.11257893700421295
agropastoral,3,ET0410,9,0.4648720604152433,0.5452987537723221,-0.27468931380304884,0.47078595267357115,0.6178881294897649,-0.6366470741235912,0.3838988812546704,0.46247937433031616,0.08310401219606922
agropastoral,3,ET0502,9,0.23677780839656049,0.3011825359939014,-0.3247708267488352,0.23186193341477818,0.4058041647488971,-1.4049950340096635,0.281419007249883,0.34298949542952734,-0.718077786947604
agropastoral,3,ET0707,9,0.38425242838368434,0.520953018132254,-1.0759333752627067,0.28454692502762835,0.32448189997039745,0.19462666429746267,0.6560875104387858,0.7382675958471164,-3.169115316504117
agropastoral,3,ET0712,9,0.5153154805138046,0.6855100868835023,-1.2094098499116708,0.553350763830526,0.7095363986036284,-1.3669982960889788,0.7419042139902897,0.8631931647245066,-2.5031970952440945
agropastoral,3,ET1201,9,0.3606281028067067,0.4068199737868861,-2.3248589553558325,0.15771750826377223,0.2732253817325206,-0.499722042117031,0.14548333434829566,0.23533204620653717,-0.11257893700421295
agropastoral,4,ET0410,9,0.4228353104273612,0.5310760128535121,-0.2090623757730421,0.5438027780105721,0.6679881776311061,-0.9128146400340305,0.3838988812546704,0.46247937433031616,0.08310401219606922
agropastoral,4,ET0502,9,0.19068144635588183,0.31912258923760684,-0.4872921244300019,0.17208766580666246,0.29226875783706635,-0.24751556175364375,0.281419007249883,0.34298949542952734,-0.718077786947604
agropastoral,4,ET0707,9,0.48570160008575136,0.5540293347147949,-1.347911997330164,0.35993684319734626,0.4426034627891626,-0.4984626040792324,0.6560875104387858,0.7382675958471164,-3.169115316504117
agropastoral,4,ET0712,9,0.7572278358162075,0.8464998081266295,-2.3690101136076915,0.486977432787138,0.6593487929927393,-1.043991181237112,0.7419042139902897,0.8631931647245066,-2.5031970952440945
agropastoral,4,ET1201,9,0.35410698472200386,0.3757952195056028,-1.8370774640988423,0.2614308096838708,0.3507935706857162,-1.472133625581702,0.14548333434829566,0.23533204620653717,-0.11257893700421295
agropastoral,8,ET0410,9,0.5145241959026471,0.5972923997491425,-0.5293585376162839,0.5131563320000415,0.6026206169901004,-0.5567658861568165,0.3838988812546704,0.46247937433031616,0.08310401219606922
agropastoral,8,ET0502,9,0.31841286418065917,0.3424296816519679,-0.712474007705947,0.2914860878864886,0.43383269727134727,-1.7486898971976257,0.281419007249883,0.34298949542952734,-0.718077786947604
agropastoral,8,ET0707,9,0.44338728323665116,0.5676429785099694,-1.4647157180982417,0.4246623487116286,0.5565204330009416,-1.3690734356486125,0.6560875104387858,0.7382675958471164,-3.169115316504117
agropastoral,8,ET0712,9,0.7102727536645825,0.8151736512634746,-2.124272123967962,0.6528235359623087,0.8979779854588763,-2.791228550656869,0.7419042139902897,0.8631931647245066,-2.5031970952440945
agropastoral,8,ET1201,9,0.4821574949678976,0.5137930560561023,-4.303287268880158,0.2614308096838708,0.3507935706857162,-1.472133625581702,0.14548333434829566,0.23533204620653717,-0.11257893700421295
agropastoral,12,ET0410,9,0.5020383661444439,0.6000308332828166,-0.543414123356011,0.7367069842554301,0.8286254383364767,-1.9434174360643897,0.3838988812546704,0.46247937433031616,0.08310401219606922
agropastoral,12,ET0502,9,0.3108358422639518,0.33209695279322565,-0.6106863031932481,0.3056110799401711,0.44633940195922517,-1.9094549609765132,0.281419007249883,0.34298949542952734,-0.718077786947604
agropastoral,12,ET0707,9,0.5251784221047989,0.6154286684211377,-1.8971550634408096,0.46779406053944267,0.5906269817892351,-1.6683504074062947,0.6560875104387858,0.7382675958471164,-3.169115316504117
agropastoral,12,ET0712,9,0.6684091664970546,0.7803003831096148,-1.8626761977014987,0.5902134400306696,0.8897148694674853,-2.7217764573308005,0.7419042139902897,0.8631931647245066,-2.5031970952440945
agropastoral,12,ET1201,9,0.4236531245170373,0.5270455624047667,-4.580395936547525,0.2614308096838708,0.3507935706857162,-1.472133625581702,0.14548333434829566,0.23533204620653717,-0.11257893700421295
crop_farming,0,ET0101,9,1.2042777207999622,1.4301878526992668,-0.2543416753300116,0.4225214915966362,0.7902979390161585,0.6169888822374492,1.686951236566287,1.9893291481745046,-1.4268502229125777
crop_farming,0,ET0102,9,1.2469915403902716,1.3987944065434215,-0.24827608750666608,0.5292166354902843,0.9185656607706947,0.46170135214316854,1.6122786466978276,1.846034282464246,-1.1741144425948744
crop_farming,0,ET0103,9,1.261610605470615,1.3513313264774327,-0.5120155201301351,0.6204403255058286,0.9139340532475596,0.3083883844104768,1.4509079855522349,1.6464866692322606,-1.2446518844260703
crop_farming,0,ET0104,9,1.0651601267593191,1.1719090776475256,-0.4612767890146341,0.583600359492785,0.760148491578458,0.3851891468745011,1.3130454207252698,1.5194418354633314,-1.4564776043796317
crop_farming,0,ET0105,9,0.7113300243390595,0.9191306306956495,0.23307871960205828,0.3323628658814024,0.5742461941027708,0.700640833696573,1.3195428086921845,1.6726593576141606,-1.5398690073841377
crop_farming,0,ET0106,9,1.3660922607836978,1.4457096935167075,-0.4348034705695063,0.7375060679223817,1.103513370563227,0.16404012623445452,1.5473477357388743,1.707261508410689,-1.0009227882062048
crop_farming,0,ET0107,9,0.7858401652320811,0.85861856276581,-0.07906789199746922,0.5964927706682717,0.9446502264089013,-0.3061416829896497,1.0404628628073747,1.1536133990368667,-0.9479096391488848
crop_farming,0,ET0301,9,0.48883476307021845,0.5546645132658056,-0.010993452632008793,0.6443601062551703,0.7654896317148029,-0.925600571412005,0.40357119430163885,0.4971651382556202,0.1877515029424578
crop_farming,0,ET0302,9,0.21458659930286195,0.27815418180723506,-0.11964720684749874,0.1756684325698628,0.24400093910137213,0.13842515703702385,0.2197487714862469,0.2698065131211377,-0.05345229235431703
crop_farming,0,ET0303,9,0.5595640693207433,0.7785565538026423,0.15978951568364708,0.7433272304525297,0.8322030440483732,0.04001075685541988,0.6795380700839253,0.8958253724698553,-0.11238336151039818
crop_farming,0,ET0304,9,0.5205353381625644,0.6278698842763324,-0.023241140360829027,0.5560177647525875,0.6404141109833164,-0.06453629473642719,0.5098726432303168,0.5925589057110673,0.08861527180652995
crop_farming,0,ET0305,9,0.2920077836104291,0.4041820299899439,0.06580602872126295,0.3248427432512396,0.43355073034554087,-0.07488722915263124,0.3353282540550806,0.4229224034731326,-0.02283231846305611
crop_farming,0,ET0306,9,0.12032907783262127,0.13684890759766055,-1.3758258176344071,0.11862931697695021,0.14479991654951696,-1.6599198507915567,0.09499726415761864,0.09813605129421389,-0.22176895614667513
crop_farming,0,ET0307,9,0.017295651534898857,0.018116524656847387,-112515.11460308745,1.9227112677963928e-05,4.891085108097435e-05,0.1798838057344626,0.0005614464993271254,0.000691231801710919,-162.7994236091647
crop_farming,0,ET0308,9,0.7280580117063508,0.8963449502528535,-0.1992498943086427,0.5675532429475068,0.6918606103971913,0.28550935317327697,0.7135126582683375,0.9830975261901767,-0.4426219741892299
crop_farming,0,ET0309,9,0.03715384848092213,0.04504874294105988,-392.43065990175506,0.0015184397779480897,0.0027320042434063685,-0.4469901904898852,0.001521113616683451,0.0027293527970052816,-0.4441829070104437
crop_farming,0,ET0310,9,0.5563057573220964,0.6870407519125469,0.13420817017470998,0.6783285269594508,0.8163796703832267,-0.22245491136332318,0.6007611519946394,0.7782044679109592,-0.11080014272863603
crop_farming,0,ET0311,9,0.1116642137742257,0.1377191614113139,-0.8723296645389242,0.15170490091364142,0.19726445246643934,-2.8414151230334554,0.09138785400643543,0.11211267734254247,-0.24080354909877721
crop_farming,0,ET0312,9,0.020657412879226535,0.02209871860865989,-455.0309204201028,0.0006254384743958279,0.0010040401730347626,0.05862581151150603,0.00113229941748447,0.0014393687010417272,-0.9346580553816723
crop_farming,0,ET0401,9,0.034476415235791036,0.040632962837897635,0.7268014041624414,0.02191605552025671,0.06292117966094996,0.3448885448629688,0.04313782336941638,0.08858020558060706,-0.29835916720069644
crop_farming,0,ET0402,9,0.05844724119462927,0.07231415216806977,-0.7656462614906148,0.015507296840387244,0.0441614665174872,0.34151774530128054,0.07842627154225368,0.10435078003911596,-2.676617934260363
crop_farming,0,ET0403,9,0.022817932127267532,0.02326471353444193,-1479.6587257478357,0.00021377573203677316,0.0005094173591400412,0.2900838895492204,0.0005786705399768196,0.000694903061208957,-0.32101576780079855
crop_farming,0,ET0404,9,0.02112718370414996,0.021987779548346024,-534.5040447955497,0.0007852004808180072,0.0010296501136303857,-0.17430078435313945,0.0008928865053588167,0.0010917916153935128,-0.3203209575524044
crop_farming,0,ET0405,9,0.06693032489553441,0.09040302089715342,-806.5808335480613,0.0022689691479202225,0.004034395666163386,-0.608337152903615,0.0019342256028700433,0.0034393258104507443,-0.16887146039257228
crop_farming,0,ET0406,9,0.14985685593027553,0.172382844338952,0.5418341498857215,0.09745876539934274,0.1868950720939936,0.4614446661168159,0.313227774040634,0.323349925994168,-0.612056141660841
crop_farming,0,ET0407,9,0.22342301234751005,0.25457716597552077,-0.493442464036953,0.253582385736178,0.30986274222040183,-1.212525683145071,0.1365722754414559,0.20399334689585294,0.04108169809324291
crop_farming,0,ET0408,9,0.1888741338496396,0.22102925794435382,0.3093270766717031,0.3278557092897205,0.36747471733715925,-0.9090962663865689,0.21639640120945736,0.2536339278743519,0.09053164139642556
crop_farming,0,ET0409,9,0.45625940120555275,0.5149047808567362,-0.5574892656032024,0.3213166744030395,0.41586902337116044,-0.015978128208884224,0.3523299288247268,0.4353115267175427,-0.11319577113219936
crop_farming,0,ET0413,9,0.08002757132566846,0.10035914288310968,-3.1352621365647435,0.05398056340970303,0.0803803484595931,-1.6527048227828276,0.027494673380741914,0.05365306650613197,-0.18189325851788585
crop_farming,0,ET0416,9,0.03185531083755041,0.03486104154177701,-380.03883069149964,0.0008418786259998997,0.0017858942561416271,5.850875339774575e-14,0.0018742366193367469,0.0018781481207707747,-0.10598235736533623
crop_farming,0,ET0417,9,0.1481547354245762,0.1870924508072361,0.39011592436460063,0.27402752439668593,0.34182675852729666,-1.0358551699206786,0.2342412913574402,0.28256902753355856,-0.3911817754699365
crop_farming,0,ET0418,9,0.06632904015962168,0.09726760864888502,-0.2005688629296738,0.04462465193911188,0.09485279164655414,-0.14169692853551297,0.08297694914877847,0.0965717949286635,-0.18345351819778855
crop_farming,0,ET0419,9,0.049716121146986855,0.06108793054997728,-6017.586445646659,0.0002104476806637439,0.0006313430419912317,0.3571428571428571,0.000830130245336279,0.0011400033527189956,-1.096022469304097
crop_farming,0,ET0420,9,0.06319415878684453,0.09275590811517695,-0.11532321698391046,0.04738716224316435,0.09968129332859356,-0.2880861415107827,0.04790437938332778,0.09939403963871184,-0.2806730280672376
crop_farming,0,ET0602,9,0.3067884497037353,0.4050369113222139,-0.0920179285706606,0.2661852187628876,0.4701915798470439,-0.4716016242006127,0.26674589217030276,0.46951788029246844,-0.4673875670364569
crop_farming,0,ET0603,9,0.029664693040301355,0.03697606170213891,-75.27716648888722,0.001131512508135726,0.0033945375244071783,0.3571428571428572,0.004725009908627638,0.007612127103710265,-2.2326992959711864
crop_farming,0,ET0604,9,0.261445292429187,0.35402268583776475,-0.5941660801443527,0.14376485686555537,0.28798267795722854,-0.05488255631286765,0.2887898603033231,0.29146543510663525,-0.08055156662164542
crop_farming,0,ET0605,9,0.025326132774353027,0.026252671556010097,0.0,0.0,0.0,1.0,0.0,0.0,1.0
crop_farming,0,ET0701,9,0.14282211627627014,0.19492745700659092,0.35805590746029037,0.13091860228633662,0.19936133028684733,0.32852009810043203,0.21601124258844318,0.25184611184830724,-0.07157277996881839
crop_farming,0,ET0702,9,0.3291776897267902,0.40443957129167163,-0.4669839941908911,0.46513320383177426,0.5759476779545638,-1.974980723451989,0.27212846260519274,0.32865320508854384,0.03128988038584313
crop_farming,0,ET0703,9,0.5074535133924176,0.583308169112186,-0.896135535788501,0.5790632102274154,0.7271817793770037,-1.9468581899672426,0.539542827432755,0.6152023771415612,-1.109158754601589
crop_farming,0,ET0705,9,0.36615257217342007,0.46736380744089506,-0.412485084654554,0.5367287764781364,0.6196795787029965,-1.4831793265480933,0.2603490991752394,0.29426520973938897,0.4400470277178514
crop_farming,0,ET0706,9,0.36114862793696223,0.45139016171388424,-0.7528594060121989,0.42362858247069796,0.5479174989143726,-1.5826957427501624,0.24124042168002052,0.2671233400226852,0.3861438972401652
crop_farming,0,ET0710,9,0.543079804906622,0.687582646795673,-0.7075785102767918,0.6428766570799779,0.7990972923351417,-1.3063763918520914,0.3715725373726235,0.46441985100226163,0.2209731697696723
crop_farming,0,ET0713,9,0.5193958006736548,0.6459135323669496,-0.9637656532864312,0.3976161235432188,0.585889014474505,-0.6157404696998727,0.6627884797918622,0.7907577560397462,-1.9432544793284618
crop_farming,0,ET0714,9,0.2870200581972762,0.3406959044974538,-0.9847728866665353,0.1874970154996306,0.2519723385254834,-0.08563222460650421,0.28657691355831405,0.3737135557823426,-1.3881120248203427
crop_farming,0,ET0715,9,0.49401547960466263,0.5479648950535474,-2.0655993676345226,0.4459251910498138,0.5361666049495606,-1.9350090559347999,0.32125449931453015,0.3898515962532527,-0.5517028511237874
crop_farming,0,ET0716,9,0.24693199187260634,0.34850332230875425,-0.31896350956009756,0.21967954023592745,0.4561112202307362,-1.2592300040442654,0.3167453884615188,0.35763627830757533,-0.38899943443251717
crop_farming,0,ET0720,9,0.36257716138668716,0.38991820100868746,-0.4056862936605621,0.46356558050649493,0.5194104677244236,-1.4943809983253402,0.21564023360815499,0.254072285753783,0.4031626637173632
crop_farming,0,ET0721,9,0.573341424045195,0.7203935828491432,-1.4044528455948977,0.5507039870881304,0.7362066131959506,-1.5111694656633876,0.5493284954237372,0.6892372096744389,-1.2009695005424645
crop_farming,0,ET0722,9,0.6367939608367974,0.7587636747123075,-1.4989964378581364,0.7540591518106283,0.8550555191485218,-2.1735197388447984,0.6304421805509752,0.7722225380247919,-1.5884365297830687
crop_farming,0,ET0723,9,0.6057195847985971,0.77409688047079,-1.4508824240685119,0.6622589046997889,0.806487782554584,-1.6602804820273036,0.6144522062643077,0.7498349201202202,-1.2996575389623062
crop_farming,0,ET0724,9,0.06893209818215823,0.08196174817367176,-28.20898801850648,0.018251212333075386,0.024564142585574555,-1.6235980770626255,0.04405823582961599,0.063062483832663,-16.291641747498367
crop_farming,0,ET1101,9,0.03785431385040283,0.04440784634593624,0.0,0.0,0.0,1.0,0.0,0.0,1.0
crop_farming,0,ET1102,9,0.026274888313191136,0.026433443173356885,-19889.991372971625,5.0091207956675594e-05,0.0001502736238700268,0.3571428571428571,0.0004355537198740884,0.0004695205069793224,-5.275640909913101
crop_farming,0,ET1103,9,0.04605849989493807,0.05437145564359275,-2619.351227340724,0.0005677500541993021,0.0012043797400300691,-0.2857142857142858,0.0005677500541993021,0.0012043797400300691,-0.2857142857142858
crop_farming,0,ET1104,9,0.5693821423485341,0.6328106742810159,-0.4002243215614698,0.5954776178200668,0.728243142737505,-0.8543974965718781,0.6116535864381474,0.7432462088665004,-0.9315921410982722
crop_farming,0,ET1105,9,0.042803185933222694,0.05336697893994124,0.32266570075626033,0.017929931118717473,0.05207739276014568,0.3550050744595463,0.036489142374518786,0.07425287192653827,-0.31124650284767563
crop_farming,0,ET1106,9,0.044296656888611965,0.051949428946956124,-4.912606697655871,0.026804214145411183,0.032909655328240084,-1.3728162219253917,0.021209727536286114,0.02503244530009677,-0.37285284098256555
crop_farming,0,ET1202,9,0.1951044348707598,0.24472791188768644,-11.579527005226328,0.04802533162502417,0.08319455055500229,-0.45374107760756277,0.04754271165829733,0.08092077612803945,-0.3753631417614378
crop_farming,0,ET1203,9,0.08544432769392116,0.09716007644000937,-39898.22966283923,0.0002599989357177337,0.0005515410316418843,-0.2857142857142856,0.0002599989357177337,0.0005515410316418843,-0.2857142857142856
crop_farming,0,ET1204,9,0.052007746714718465,0.06554543720782367,-68.84020322178765,0.005832017774349237,0.009421071113674523,-0.44284981824876635,0.005498224264748799,0.007975922240497542,-0.03414726466624285
crop_farming,0,ET1301,9,0.17430685434956955,0.18963396438613583,-52.119443503968675,0.027076568189023337,0.03803100534138808,-1.1364703995977385,0.2286948060382908,0.2583191149499834,-97.56763948318051
crop_farming,0,ET1401,9,0.0508629359818173,0.058385633647491185,-419702.4107369772,4.817267093335273e-05,0.00010218966685452542,-0.2857142857142856,4.817267093335273e-05,0.00010218966685452542,-0.2857142857142856
crop_farming,0,ET1501,9,0.2555764587089355,0.3135274622194751,-0.7063319086403104,0.15025149057266451,0.3193105379228987,-0.7698597011852157,0.7857195197306025,0.8594214612521028,-11.821083452660309
crop_farming,0,ET1502,9,0.2279539831438562,0.3392322138184825,0.18127782946101023,0.12020658207099776,0.21454310064548396,0.6725300272563164,0.3757683432560246,0.42608053541668306,-0.2915932525353018
crop_farming,0,ET1600,9,0.4280468698381139,0.48612377518569755,-0.6744047066109531,0.5233294524142474,0.5948764562159248,-1.5073806736994513,0.2769600701848969,0.3251642003946487,0.25084417221793964
crop_farming,1,ET0101,9,1.2104724712678983,1.4547793702656544,-0.2978483505186158,0.4225214915966362,0.7902979390161585,0.6169888822374492,1.686951236566287,1.9893291481745046,-1.4268502229125777
crop_farming,1,ET0102,9,1.2628613035526728,1.4368042713284948,-0.3170373697840192,0.5292166354902843,0.9185656607706947,0.46170135214316854,1.6122786466978276,1.846034282464246,-1.1741144425948744
crop_farming,1,ET0103,9,1.2392132197674224,1.3349670995703016,-0.47561711872607804,0.6204403255058286,0.9139340532475596,0.3083883844104768,1.4509079855522349,1.6464866692322606,-1.2446518844260703
crop_farming,1,ET0104,9,1.0621238793999375,1.2283470123536164,-0.6054130800231567,0.583600359492785,0.760148491578458,0.3851891468745011,1.3130454207252698,1.5194418354633314,-1.4564776043796317
crop_farming,1,ET0105,9,0.7893028205672563,1.0286052836225252,0.03950786880430657,0.3323628658814024,0.5742461941027708,0.700640833696573,1.3195428086921845,1.6726593576141606,-1.5398690073841377
crop_farming,1,ET0106,9,1.3735623122312484,1.4843171938784345,-0.5124592033880357,0.7375060679223817,1.103513370563227,0.16404012623445452,1.5473477357388743,1.707261508410689,-1.0009227882062048
crop_farming,1,ET0107,9,0.8008392899709862,0.8635924429345087,-0.09160593923079996,0.5964927706682717,0.9446502264089013,-0.3061416829896497,1.0404628628073747,1.1536133990368667,-0.9479096391488848
crop_farming,1,ET0301,9,0.507856189324603,0.5665431004850902,-0.05475960921842438,0.6443601062551703,0.7654896317148029,-0.925600571412005,0.40357119430163885,0.4971651382556202,0.1877515029424578
crop_farming,1,ET0302,9,0.21268873963219995,0.2618973694437903,0.0074045354078488,0.1756684325698628,0.24400093910137213,0.13842515703702385,0.2197487714862469,0.2698065131211377,-0.05345229235431703
crop_farming,1,ET0303,9,0.57788127000214,0.8420288025543698,0.017207890006979643,0.7433272304525297,0.8322030440483732,0.04001075685541988,0.6795380700839253,0.8958253724698553,-0.11238336151039818
crop_farming,1,ET0304,9,0.5226424089640366,0.6440082548353748,-0.0765186447752908,0.5560177647525875,0.6404141109833164,-0.06453629473642719,0.5098726432303168,0.5925589057110673,0.08861527180652995
crop_farming,1,ET0305,9,0.27098017935409957,0.36923233776817804,0.2203808133226426,0.3248427432512396,0.43355073034554087,-0.07488722915263124,0.3353282540550806,0.4229224034731326,-0.02283231846305611
crop_farming,1,ET0306,9,0.10679751216642254,0.1275650976046509,-1.064408596168989,0.11862931697695021,0.14479991654951696,-1.6599198507915567,0.09499726415761864,0.09813605129421389,-0.22176895614667513
crop_farming,1,ET0307,9,0.03095323466562938,0.03240399248706315,-359965.42386366584,1.9227112677963928e-05,4.891085108097435e-05,0.1798838057344626,0.0005614464993271254,0.000691231801710919,-162.7994236091647
crop_farming,1,ET0308,9,0.7553416537334638,0.9795626912077681,-0.43226641392365095,0.5675532429475068,0.6918606103971913,0.28550935317327697,0.7135126582683375,0.9830975261901767,-0.4426219741892299
crop_farming,1,ET0309,9,0.0329435883016144,0.0341127233664332,-224.59820126040174,0.0015184397779480897,0.0027320042434063685,-0.4469901904898852,0.001521113616683451,0.0027293527970052816,-0.4441829070104437
crop_farming,1,ET0310,9,0.5137564518301192,0.6428367697744356,0.24203368173095308,0.6783285269594508,0.8163796703832267,-0.22245491136332318,0.6007611519946394,0.7782044679109592,-0.11080014272863603
crop_farming,1,ET0311,9,0.12837017457398003,0.16336714149585876,-1.6346504224834657,0.15170490091364142,0.19726445246643934,-2.8414151230334554,0.09138785400643543,0.11211267734254247,-0.24080354909877721
crop_farming,1,ET0312,9,0.029668191412314374,0.03171664123017656,-938.3652400795193,0.0006254384743958279,0.0010040401730347626,0.05862581151150603,0.00113229941748447,0.0014393687010417272,-0.9346580553816723
crop_farming,1,ET0401,9,0.06413408377335478,0.07963903444355518,-0.04947827497994495,0.02191605552025671,0.06292117966094996,0.3448885448629688,0.04313782336941638,0.08858020558060706,-0.29835916720069644
crop_farming,1,ET0402,9,0.0672121222063275,0.07366372588638478,-0.832164503101473,0.015507296840387244,0.0441614665174872,0.34151774530128054,0.07842627154225368,0.10435078003911596,-2.676617934260363
crop_farming,1,ET0403,9,0.03444266573424182,0.03625838333735518,-3595.4698519164435,0.00021377573203677316,0.0005094173591400412,0.2900838895492204,0.0005786705399768196,0.000694903061208957,-0.32101576780079855
crop_farming,1,ET0404,9,0.03425820615745807,0.03560059706161649,-1402.8301668519152,0.0007852004808180072,0.0010296501136303857,-0.17430078435313945,0.0008928865053588167,0.0010917916153935128,-0.3203209575524044
crop_farming,1,ET0405,9,0.04029081039629396,0.041411484935720375,-168.45786272041545,0.0022689691479202225,0.004034395666163386,-0.608337152903615,0.0019342256028700433,0.0034393258104507443,-0.16887146039257228
crop_farming,1,ET0406,9,0.16649781047773377,0.19497696661345734,0.41386014877894484,0.09745876539934274,0.1868950720939936,0.4614446661168159,0.313227774040634,0.323349925994168,-0.612056141660841
crop_farming,1,ET0407,9,0.1952829178023576,0.2345942140920911,-0.26818961989696954,0.253582385736178,0.30986274222040183,-1.212525683145071,0.1365722754414559,0.20399334689585294,0.04108169809324291
crop_farming,1,ET0408,9,0.21431865469399317,0.23853539251554523,0.19558797929583205,0.3278557092897205,0.36747471733715925,-0.9090962663865689,0.21639640120945736,0.2536339278743519,0.09053164139642556
crop_farming,1,ET0409,9,0.4502056620816785,0.516608688302951,-0.5678143145155135,0.3213166744030395,0.41586902337116044,-0.015978128208884224,0.3523299288247268,0.4353115267175427,-0.11319577113219936
crop_farming,1,ET0413,9,0.0771467066524778,0.08997170412998788,-2.3235410758766797,0.05398056340970303,0.0803803484595931,-1.6527048227828276,0.027494673380741914,0.05365306650613197,-0.18189325851788585
crop_farming,1,ET0416,9,0.05322599991174881,0.06341793757326672,-1259.993207903019,0.0008418786259998997,0.0017858942561416271,5.850875339774575e-14,0.0018742366193367469,0.0018781481207707747,-0.10598235736533623
crop_farming,1,ET0417,9,0.15266379874034344,0.21084644746098816,0.22541810465424772,0.27402752439668593,0.34182675852729666,-1.0358551699206786,0.2342412913574402,0.28256902753355856,-0.3911817754699365
crop_farming,1,ET0418,9,0.09160172743582612,0.1157171059540655,-0.6992047960719576,0.04462465193911188,0.09485279164655414,-0.14169692853551297,0.08297694914877847,0.0965717949286635,-0.18345351819778855
crop_farming,1,ET0419,9,0.03782597467956607,0.03884179747577934,-2432.22525662537,0.0002104476806637439,0.0006313430419912317,0.3571428571428571,0.000830130245336279,0.0011400033527189956,-1.096022469304097
crop_farming,1,ET0420,9,0.07992057314943406,0.09670584507192524,-0.21233607411238187,0.04738716224316435,0.09968129332859356,-0.2880861415107827,0.04790437938332778,0.09939403963871184,-0.2806730280672376
crop_farming,1,ET0602,9,0.31237788189028587,0.405866811627024,-0.09649749294224508,0.2661852187628876,0.4701915798470439,-0.4716016242006127,0.26674589217030276,0.46951788029246844,-0.4673875670364569
crop_farming,1,ET0603,9,0.060421802364438726,0.0671255238863275,-250.3787847705235,0.001131512508135726,0.0033945375244071783,0.3571428571428572,0.004725009908627638,0.007612127103710265,-2.2326992959711864
crop_farming,1,ET0604,9,0.24543312686639643,0.31273750376619924,-0.24403130667921813,0.14376485686555537,0.28798267795722854,-0.05488255631286765,0.2887898603033231,0.29146543510663525,-0.08055156662164542
crop_farming,1,ET0605,9,0.03900278939141168,0.039391283842576216,0.0,0.0,0.0,1.0,0.0,0.0,1.0
crop_farming,1,ET0701,9,0.15264120001989537,0.19419557638317422,0.36286738386740547,0.13091860228633662,0.19936133028684733,0.32852009810043203,0.21601124258844318,0.25184611184830724,-0.07157277996881839
crop_farming,1,ET0702,9,0.3172093923884508,0.3829637196946657,-0.31532585865368445,0.46513320383177426,0.5759476779545638,-1.974980723451989,0.27212846260519274,0.32865320508854384,0.03128988038584313
crop_farming,1,ET0703,9,0.41594773423202397,0.4993072851103285,-0.3893416824217204,0.5790632102274154,0.7271817793770037,-1.9468581899672426,0.539542827432755,0.6152023771415612,-1.109158754601589
crop_farming,1,ET0705,9,0.31720623672319215,0.4066820555913534,-0.06950725574724403,0.5367287764781364,0.6196795787029965,-1.4831793265480933,0.2603490991752394,0.29426520973938897,0.4400470277178514
crop_farming,1,ET0706,9,0.337085188239852,0.37831030817719197,-0.23123018811597662,0.42362858247069796,0.5479174989143726,-1.5826957427501624,0.24124042168002052,0.2671233400226852,0.3861438972401652
crop_farming,1,ET0710,9,0.4931767056846968,0.6467348370769399,-0.5107179046445451,0.6428766570799779,0.7990972923351417,-1.3063763918520914,0.3715725373726235,0.46441985100226163,0.2209731697696723
crop_farming,1,ET0713,9,0.5332863464150116,0.6881821616584655,-1.2291932286949443,0.3976161235432188,0.585889014474505,-0.6157404696998727,0.6627884797918622,0.7907577560397462,-1.9432544793284618
crop_farming,1,ET0714,9,0.2703791187798773,0.32331564805178953,-0.7874357564505936,0.1874970154996306,0.2519723385254834,-0.08563222460650421,0.28657691355831405,0.3737135557823426,-1.3881120248203427
crop_farming,1,ET0715,9,0.44865415942694864,0.53578470387397,-1.9308294449208638,0.4459251910498138,0.5361666049495606,-1.9350090559347999,0.32125449931453015,0.3898515962532527,-0.5517028511237874
crop_farming,1,ET0716,9,0.24616314493691027,0.3395615232869607,-0.25214862703140817,0.21967954023592745,0.4561112202307362,-1.2592300040442654,0.3167453884615188,0.35763627830757533,-0.38899943443251717
crop_farming,1,ET0720,9,0.27510788740626946,0.3278213123400433,0.006390436258304266,0.46356558050649493,0.5194104677244236,-1.4943809983253402,0.21564023360815499,0.254072285753783,0.4031626637173632
crop_farming,1,ET0721,9,0.6053025016910802,0.7783997307337498,-1.8072555389054195,0.5507039870881304,0.7362066131959506,-1.5111694656633876,0.5493284954237372,0.6892372096744389,-1.2009695005424645
crop_farming,1,ET0722,9,0.7512264546824192,0.8544541691210161,-2.1690575137290184,0.7540591518106283,0.8550555191485218,-2.1735197388447984,0.6304421805509752,0.7722225380247919,-1.5884365297830687
crop_farming,1,ET0723,9,0.7017573130855046,0.8483404095390857,-1.9435549787231303,0.6622589046997889,0.806487782554584,-1.6602804820273036,0.6144522062643077,0.7498349201202202,-1.2996575389623062
crop_farming,1,ET0724,9,0.0627315461954639,0.07332174899770066,-22.375435809819304,0.018251212333075386,0.024564142585574555,-1.6235980770626255,0.04405823582961599,0.063062483832663,-16.291641747498367
crop_farming,1,ET1101,9,0.033514685100979276,0.034354038769447835,0.0,0.0,0.0,1.0,0.0,0.0,1.0
crop_farming,1,ET1102,9,0.0317677079932991,0.032666464002068345,-30376.582410871444,5.0091207956675594e-05,0.0001502736238700268,0.3571428571428571,0.0004355537198740884,0.0004695205069793224,-5.275640909913101
crop_farming,1,ET1103,9,0.06629284628470858,0.07906791900566165,-5540.383463854005,0.0005677500541993021,0.0012043797400300691,-0.2857142857142858,0.0005677500541993021,0.0012043797400300691,-0.2857142857142858
crop_farming,1,ET1104,9,0.5735708124009565,0.6396784375118458,-0.4307819336626444,0.5954776178200668,0.728243142737505,-0.8543974965718781,0.6116535864381474,0.7432462088665004,-0.9315921410982722
crop_farming,1,ET1105,9,0.05618004443253774,0.06470900057686191,0.004165390462674945,0.017929931118717473,0.05207739276014568,0.3550050744595463,0.036489142374518786,0.07425287192653827,-0.31124650284767563
crop_farming,1,ET1106,9,0.037755824015640815,0.04620523598008256,-3.6773494780810205,0.026804214145411183,0.032909655328240084,-1.3728162219253917,0.021209727536286114,0.02503244530009677,-0.37285284098256555
crop_farming,1,ET1202,9,0.21497466310833574,0.2663243025384092,-13.89768884066255,0.04802533162502417,0.08319455055500229,-0.45374107760756277,0.04754271165829733,0.08092077612803945,-0.3753631417614378
crop_farming,1,ET1203,9,0.09436555355960313,0.10454496303343287,-46194.007501768174,0.0002599989357177337,0.0005515410316418843,-0.2857142857142856,0.0002599989357177337,0.0005515410316418843,-0.2857142857142856
crop_farming,1,ET1204,9,0.09048716758857236,0.11889631706322108,-228.8038864708751,0.005832017774349237,0.009421071113674523,-0.44284981824876635,0.005498224264748799,0.007975922240497542,-0.03414726466624285
crop_farming,1,ET1301,9,0.21344618211483632,0.27044005516270564,-107.03470732624126,0.027076568189023337,0.03803100534138808,-1.1364703995977385,0.2286948060382908,0.2583191149499834,-97.56763948318051
crop_farming,1,ET1401,9,0.0341191435539066,0.035405500533223694,-154336.6842756389,4.817267093335273e-05,0.00010218966685452542,-0.2857142857142856,4.817267093335273e-05,0.00010218966685452542,-0.2857142857142856
crop_farming,1,ET1501,9,0.3327156111298272,0.38144546601172347,-1.5256737589554241,0.15025149057266451,0.3193105379228987,-0.7698597011852157,0.7857195197306025,0.8594214612521028,-11.821083452660309
crop_farming,1,ET1502,9,0.30729460515808327,0.39935149059229325,-0.13462669554455675,0.12020658207099776,0.21454310064548396,0.6725300272563164,0.3757683432560246,0.42608053541668306,-0.2915932525353018
crop_farming,1,ET1600,9,0.39839431405452425,0.45617537887331033,-0.4744511722617746,0.5233294524142474,0.5948764562159248,-1.5073806736994513,0.2769600701848969,0.3251642003946487,0.25084417221793964
crop_farming,2,ET0101,9,1.1055264123785102,1.3128411851897515,-0.056949084357923896,0.4225214915966362,0.7902979390161585,0.6169888822374492,1.686951236566287,1.9893291481745046,-1.4268502229125777
crop_farming,2,ET0102,9,1.1471676151600336,1.2945832725633812,-0.06920962444878387,0.5292166354902843,0.9185656607706947,0.46170135214316854,1.6122786466978276,1.846034282464246,-1.1741144425948744
crop_farming,2,ET0103,9,1.1158013656592476,1.188494766063046,-0.16957238814577913,0.6204403255058286,0.9139340532475596,0.3083883844104768,1.4509079855522349,1.6464866692322606,-1.2446518844260703
crop_farming,2,ET0104,9,0.9584937737455389,1.0780470656522745,-0.23657394898569128,0.583600359492785,0.760148491578458,0.3851891468745011,1.3130454207252698,1.5194418354633314,-1.4564776043796317
crop_farming,2,ET0105,9,0.6086201349271332,0.7940988373100525,0.4275396260818414,0.3323628658814024,0.5742461941027708,0.700640833696573,1.3195428086921845,1.6726593576141606,-1.5398690073841377
crop_farming,2,ET0106,9,1.2530630457127616,1.3322096310659801,-0.21835926591608623,0.7375060679223817,1.103513370563227,0.16404012623445452,1.5473477357388743,1.707261508410689,-1.0009227882062048
crop_farming,2,ET0107,9,0.6993304871331906,0.7815137145703285,0.10603311664792892,0.5964927706682717,0.9446502264089013,-0.3061416829896497,1.0404628628073747,1.1536133990368667,-0.9479096391488848
crop_farming,2,ET0301,9,0.41362070822080566,0.5215066595790502,0.10626802056473283,0.6443601062551703,0.7654896317148029,-0.925600571412005,0.40357119430163885,0.4971651382556202,0.1877515029424578
crop_farming,2,ET0302,9,0.20426571842160487,0.2436399012305492,0.1409729424348224,0.1756684325698628,0.24400093910137213,0.13842515703702385,0.2197487714862469,0.2698065131211377,-0.05345229235431703
crop_farming,2,ET0303,9,0.5123048842714744,0.7253207066812984,0.27076430481302605,0.7433272304525297,0.8322030440483732,0.04001075685541988,0.6795380700839253,0.8958253724698553,-0.11238336151039818
crop_farming,2,ET0304,9,0.41646389227637165,0.5582131815862285,0.19120424527769497,0.5560177647525875,0.6404141109833164,-0.06453629473642719,0.5098726432303168,0.5925589057110673,0.08861527180652995
crop_farming,2,ET0305,9,0.23587676614410244,0.32321592269873933,0.40259541207156524,0.3248427432512396,0.43355073034554087,-0.07488722915263124,0.3353282540550806,0.4229224034731326,-0.02283231846305611
crop_farming,2,ET0306,9,0.11473155265985786,0.14121820604602606,-1.5299579784345911,0.11862931697695021,0.14479991654951696,-1.6599198507915567,0.09499726415761864,0.09813605129421389,-0.22176895614667513
crop_farming,2,ET0307,9,0.02357839170400015,0.02393644734360183,-196418.37884967972,1.9227112677963928e-05,4.891085108097435e-05,0.1798838057344626,0.0005614464993271254,0.000691231801710919,-162.7994236091647
crop_farming,2,ET0308,9,0.6324399209219878,0.8957719221541324,-0.19771703751301972,0.5675532429475068,0.6918606103971913,0.28550935317327697,0.7135126582683375,0.9830975261901767,-0.4426219741892299
crop_farming,2,ET0309,9,0.02627425240649993,0.02681038425927127,-138.3506262808407,0.0015184397779480897,0.0027320042434063685,-0.4469901904898852,0.001521113616683451,0.0027293527970052816,-0.4441829070104437
crop_farming,2,ET0310,9,0.5529572478514747,0.6359693140806533,0.2581419571675555,0.6783285269594508,0.8163796703832267,-0.22245491136332318,0.6007611519946394,0.7782044679109592,-0.11080014272863603
crop_farming,2,ET0311,9,0.13058459379132747,0.17314866525069927,-1.9595922073126428,0.15170490091364142,0.19726445246643934,-2.8414151230334554,0.09138785400643543,0.11211267734254247,-0.24080354909877721
crop_farming,2,ET0312,9,0.022855989806411594,0.02446742990955109,-558.0321851777511,0.0006254384743958279,0.0010040401730347626,0.05862581151150603,0.00113229941748447,0.0014393687010417272,-0.9346580553816723
crop_farming,2,ET0401,9,0.06664837988117678,0.08344796144871494,-0.1522665229952871,0.02191605552025671,0.06292117966094996,0.3448885448629688,0.04313782336941638,0.08858020558060706,-0.29835916720069644
crop_farming,2,ET0402,9,0.06596613346646613,0.08589595276111749,-1.491165060741611,0.015507296840387244,0.0441614665174872,0.34151774530128054,0.07842627154225368,0.10435078003911596,-2.676617934260363
crop_farming,2,ET0403,9,0.02541786024141684,0.0257339151675395,-1810.6374160460362,0.00021377573203677316,0.0005094173591400412,0.2900838895492204,0.0005786705399768196,0.000694903061208957,-0.32101576780079855
crop_farming,2,ET0404,9,0.024652838179044165,0.025115030780995678,-697.6625054902803,0.0007852004808180072,0.0010296501136303857,-0.17430078435313945,0.0008928865053588167,0.0010917916153935128,-0.3203209575524044
crop_farming,2,ET0405,9,0.02732380667993111,0.02834248627197964,-78.37724235536463,0.0022689691479202225,0.004034395666163386,-0.608337152903615,0.0019342256028700433,0.0034393258104507443,-0.16887146039257228
crop_farming,2,ET0406,9,0.17843264718325946,0.20102149255481966,0.37695471004346437,0.09745876539934274,0.1868950720939936,0.4614446661168159,0.313227774040634,0.323349925994168,-0.612056141660841
crop_farming,2,ET0407,9,0.16961381004194515,0.23233946288968496,-0.24392891439822773,0.253582385736178,0.30986274222040183,-1.212525683145071,0.1365722754414559,0.20399334689585294,0.04108169809324291
crop_farming,2,ET0408,9,0.219200787492671,0.27043672106805366,-0.03396115398823096,0.3278557092897205,0.36747471733715925,-0.9090962663865689,0.21639640120945736,0.2536339278743519,0.09053164139642556
crop_farming,2,ET0409,9,0.2930373262317987,0.3683293470852485,0.20302653855373554,0.3213166744030395,0.41586902337116044,-0.015978128208884224,0.3523299288247268,0.4353115267175427,-0.11319577113219936
crop_farming,2,ET0413,9,0.07739992042896028,0.08954055538363809,-2.291764258443559,0.05398056340970303,0.0803803484595931,-1.6527048227828276,0.027494673380741914,0.05365306650613197,-0.18189325851788585
crop_farming,2,ET0416,9,0.05298566073853782,0.06723017504676794,-1416.1538569124493,0.0008418786259998997,0.0017858942561416271,5.850875339774575e-14,0.0018742366193367469,0.0018781481207707747,-0.10598235736533623
crop_farming,2,ET0417,9,0.23394043551678698,0.26864914236950654,-0.2574933085245614,0.27402752439668593,0.34182675852729666,-1.0358551699206786,0.2342412913574402,0.28256902753355856,-0.3911817754699365
crop_farming,2,ET0418,9,0.09416762792054698,0.13066272451618283,-1.166476673839897,0.04462465193911188,0.09485279164655414,-0.14169692853551297,0.08297694914877847,0.0965717949286635,-0.18345351819778855
crop_farming,2,ET0419,9,0.026744385086738376,0.02696592238212915,-1171.7737510170305,0.0002104476806637439,0.0006313430419912317,0.3571428571428571,0.000830130245336279,0.0011400033527189956,-1.096022469304097
crop_farming,2,ET0420,9,0.07178679086861808,0.09128121598386008,-0.08014090460414369,0.04738716224316435,0.09968129332859356,-0.2880861415107827,0.04790437938332778,0.09939403963871184,-0.2806730280672376
crop_farming,2,ET0602,9,0.2736498301748589,0.4008268124232458,-0.06943426125052743,0.2661852187628876,0.4701915798470439,-0.4716016242006127,0.26674589217030276,0.46951788029246844,-0.4673875670364569
crop_farming,2,ET0603,9,0.02946210347544811,0.03439467604802445,-64.99874733614783,0.001131512508135726,0.0033945375244071783,0.3571428571428572,0.004725009908627638,0.007612127103710265,-2.2326992959711864
crop_farming,2,ET0604,9,0.26806793284768254,0.3501432102058032,-0.5594189136734824,0.14376485686555537,0.28798267795722854,-0.05488255631286765,0.2887898603033231,0.29146543510663525,-0.08055156662164542
crop_farming,2,ET0605,9,0.025504443380567763,0.025653287156685658,0.0,0.0,0.0,1.0,0.0,0.0,1.0
crop_farming,2,ET0701,9,0.16832482506040836,0.21550131845491075,0.21539506473624248,0.13091860228633662,0.19936133028684733,0.32852009810043203,0.21601124258844318,0.25184611184830724,-0.07157277996881839
crop_farming,2,ET0702,9,0.353540031988281,0.46137433332975103,-0.9090836315335009,0.46513320383177426,0.5759476779545638,-1.974980723451989,0.27212846260519274,0.32865320508854384,0.03128988038584313
crop_farming,2,ET0703,9,0.4726038332322149,0.5807651722524547,-0.8796387464901123,0.5790632102274154,0.7271817793770037,-1.9468581899672426,0.539542827432755,0.6152023771415612,-1.109158754601589
crop_farming,2,ET0705,9,0.3467961839637189,0.43524289914669073,-0.22500286407986203,0.5367287764781364,0.6196795787029965,-1.4831793265480933,0.2603490991752394,0.29426520973938897,0.4400470277178514
crop_farming,2,ET0706,9,0.36607876586933163,0.43249412859042036,-0.609175223402507,0.42362858247069796,0.5479174989143726,-1.5826957427501624,0.24124042168002052,0.2671233400226852,0.3861438972401652
crop_farming,2,ET0710,9,0.5482767411913582,0.6728135180610092,-0.635009509918703,0.6428766570799779,0.7990972923351417,-1.3063763918520914,0.3715725373726235,0.46441985100226163,0.2209731697696723
crop_farming,2,ET0713,9,0.5208020564281443,0.6520475043426303,-1.0012408858022064,0.3976161235432188,0.585889014474505,-0.6157404696998727,0.6627884797918622,0.7907577560397462,-1.9432544793284618
crop_farming,2,ET0714,9,0.17750540857754768,0.21342095862386573,0.22115484027631016,0.1874970154996306,0.2519723385254834,-0.08563222460650421,0.28657691355831405,0.3737135557823426,-1.3881120248203427
crop_farming,2,ET0715,9,0.488813968124284,0.5203101949394199,-1.7639780870026218,0.4459251910498138,0.5361666049495606,-1.9350090559347999,0.32125449931453015,0.3898515962532527,-0.5517028511237874
crop_farming,2,ET0716,9,0.2528914894303524,0.3718473501760682,-0.5015794542318266,0.21967954023592745,0.4561112202307362,-1.2592300040442654,0.3167453884615188,0.35763627830757533,-0.38899943443251717
crop_farming,2,ET0720,9,0.27770854485870594,0.3447499001298673,-0.09887853981330386,0.46356558050649493,0.5194104677244236,-1.4943809983253402,0.21564023360815499,0.254072285753783,0.4031626637173632
crop_farming,2,ET0721,9,0.48066492861488563,0.5957911357197866,-0.6446165949736438,0.5507039870881304,0.7362066131959506,-1.5111694656633876,0.5493284954237372,0.6892372096744389,-1.2009695005424645
crop_farming,2,ET0722,9,0.6411256423002509,0.6923543138039893,-1.080699580895513,0.7540591518106283,0.8550555191485218,-2.1735197388447984,0.6304421805509752,0.7722225380247919,-1.5884365297830687
crop_farming,2,ET0723,9,0.647218444522006,0.7627783812386825,-1.3797349790780364,0.6622589046997889,0.806487782554584,-1.6602804820273036,0.6144522062643077,0.7498349201202202,-1.2996575389623062
crop_farming,2,ET0724,9,0.0590533170754213,0.0694620833923628,-19.979237271540505,0.018251212333075386,0.024564142585574555,-1.6235980770626255,0.04405823582961599,0.063062483832663,-16.291641747498367
crop_farming,2,ET1101,9,0.030623568428887263,0.030890770261014947,0.0,0.0,0.0,1.0,0.0,0.0,1.0
crop_farming,2,ET1102,9,0.023996149761521486,0.024451855007273395,-17019.510361472705,5.0091207956675594e-05,0.0001502736238700268,0.3571428571428571,0.0004355537198740884,0.0004695205069793224,-5.275640909913101
crop_farming,2,ET1103,9,0.053253853402933676,0.06780128186741755,-4073.6789581867156,0.0005677500541993021,0.0012043797400300691,-0.2857142857142858,0.0005677500541993021,0.0012043797400300691,-0.2857142857142858
crop_farming,2,ET1104,9,0.5167843017214996,0.5964600920621044,-0.2439783066537815,0.5954776178200668,0.728243142737505,-0.8543974965718781,0.6116535864381474,0.7432462088665004,-0.9315921410982722
crop_farming,2,ET1105,9,0.0628012992475334,0.07316119937379907,-0.27297379737437377,0.017929931118717473,0.05207739276014568,0.3550050744595463,0.036489142374518786,0.07425287192653827,-0.31124650284767563
crop_farming,2,ET1106,9,0.04599957077491704,0.058551998281862874,-6.511053889552157,0.026804214145411183,0.032909655328240084,-1.3728162219253917,0.021209727536286114,0.02503244530009677,-0.37285284098256555
crop_farming,2,ET1202,9,0.2041165379515093,0.25179246065911776,-12.316274729042455,0.04802533162502417,0.08319455055500229,-0.45374107760756277,0.04754271165829733,0.08092077612803945,-0.3753631417614378
crop_farming,2,ET1203,9,0.06235335585316867,0.07308514925840809,-22575.004951877458,0.0002599989357177337,0.0005515410316418843,-0.2857142857142856,0.0002599989357177337,0.0005515410316418843,-0.2857142857142856
crop_farming,2,ET1204,9,0.09608296072088786,0.12586737151395297,-256.54130434888845,0.005832017774349237,0.009421071113674523,-0.44284981824876635,0.005498224264748799,0.007975922240497542,-0.03414726466624285
crop_farming,2,ET1301,9,0.1816480164079798,0.20499295509729928,-61.07248614875586,0.027076568189023337,0.03803100534138808,-1.1364703995977385,0.2286948060382908,0.2583191149499834,-97.56763948318051
crop_farming,2,ET1401,9,0.03861668487555509,0.03935104876678423,-190651.77271845678,4.817267093335273e-05,0.00010218966685452542,-0.2857142857142856,4.817267093335273e-05,0.00010218966685452542,-0.2857142857142856
crop_farming,2,ET1501,9,0.36531206680982664,0.4175179352376054,-2.025956009825817,0.15025149057266451,0.3193105379228987,-0.7698597011852157,0.7857195197306025,0.8594214612521028,-11.821083452660309
crop_farming,2,ET1502,9,0.3029918751165558,0.3693837990911762,0.02927086344454255,0.12020658207099776,0.21454310064548396,0.6725300272563164,0.3757683432560246,0.42608053541668306,-0.2915932525353018
crop_farming,2,ET1600,9,0.43843336724434034,0.5118776189028769,-0.8565172736194506,0.5233294524142474,0.5948764562159248,-1.5073806736994513,0.2769600701848969,0.3251642003946487,0.25084417221793964
crop_farming,3,ET0101,9,1.2147536855778034,1.4158644215312397,-0.22934284897972712,0.4225214915966362,0.7902979390161585,0.6169888822374492,1.686951236566287,1.9893291481745046,-1.4268502229125777
crop_farming,3,ET0102,9,1.2248798066357958,1.4067555409415817,-0.26252546321843506,0.5292166354902843,0.9185656607706947,0.46170135214316854,1.6122786466978276,1.846034282464246,-1.1741144425948744
crop_farming,3,ET0103,9,1.2586988655914308,1.363207068302495,-0.53870802287349,0.6204403255058286,0.9139340532475596,0.3083883844104768,1.4509079855522349,1.6464866692322606,-1.2446518844260703
crop_farming,3,ET0104,9,1.1093528250260904,1.2328183815980072,-0.6171222466029092,0.583600359492785,0.760148491578458,0.3851891468745011,1.3130454207252698,1.5194418354633314,-1.4564776043796317
crop_farming,3,ET0105,9,0.7377523924946447,0.9328772681488176,0.20996682101490038,0.3323628658814024,0.5742461941027708,0.700640833696573,1.3195428086921845,1.6726593576141606,-1.5398690073841377
crop_farming,3,ET0106,9,1.3778412369613373,1.4545994915640152,-0.4525031917696971,0.7375060679223817,1.103513370563227,0.16404012623445452,1.5473477357388743,1.707261508410689,-1.0009227882062048
crop_farming,3,ET0107,9,0.734120923559989,0.8254235038296546,0.0027549581330866824,0.5964927706682717,0.9446502264089013,-0.3061416829896497,1.0404628628073747,1.1536133990368667,-0.9479096391488848
crop_farming,3,ET0301,9,0.3591498957053307,0.47732383404211054,0.25128967633120325,0.6443601062551703,0.7654896317148029,-0.925600571412005,0.40357119430163885,0.4971651382556202,0.1877515029424578
crop_farming,3,ET0302,9,0.1714215306549107,0.2017579257898317,0.4109241444274099,0.1756684325698628,0.24400093910137213,0.13842515703702385,0.2197487714862469,0.2698065131211377,-0.05345229235431703
crop_farming,3,ET0303,9,0.6208683604101191,0.8073008824411604,0.09660304777180817,0.7433272304525297,0.8322030440483732,0.04001075685541988,0.6795380700839253,0.8958253724698553,-0.11238336151039818
crop_farming,3,ET0304,9,0.4735021927193489,0.5774412418264395,0.13452548288951494,0.5560177647525875,0.6404141109833164,-0.06453629473642719,0.5098726432303168,0.5925589057110673,0.08861527180652995
crop_farming,3,ET0305,9,0.21074094272767988,0.2885187786838759,0.5239733917577263,0.3248427432512396,0.43355073034554087,-0.07488722915263124,0.3353282540550806,0.4229224034731326,-0.02283231846305611
crop_farming,3,ET0306,9,0.13602965056304936,0.14948559456645433,-1.8348534574005786,0.11862931697695021,0.14479991654951696,-1.6599198507915567,0.09499726415761864,0.09813605129421389,-0.22176895614667513
crop_farming,3,ET0307,9,0.05039127624667729,0.06974428896953719,-1667561.9986493618,1.9227112677963928e-05,4.891085108097435e-05,0.1798838057344626,0.0005614464993271254,0.000691231801710919,-162.7994236091647
crop_farming,3,ET0308,9,0.7501286930488978,0.9710089554833968,-0.4073619572250602,0.5675532429475068,0.6918606103971913,0.28550935317327697,0.7135126582683375,0.9830975261901767,-0.4426219741892299
crop_farming,3,ET0309,9,0.056176220514783076,0.07647127311514185,-1132.7035036879904,0.0015184397779480897,0.0027320042434063685,-0.4469901904898852,0.001521113616683451,0.0027293527970052816,-0.4441829070104437
crop_farming,3,ET0310,9,0.5210261654438413,0.6106379146021508,0.3160631252812117,0.6783285269594508,0.8163796703832267,-0.22245491136332318,0.6007611519946394,0.7782044679109592,-0.11080014272863603
crop_farming,3,ET0311,9,0.14530821191647542,0.17433348723821276,-2.0002345924677014,0.15170490091364142,0.19726445246643934,-2.8414151230334554,0.09138785400643543,0.11211267734254247,-0.24080354909877721
crop_farming,3,ET0312,9,0.06362286475554896,0.07480149310547811,-5223.9319700123015,0.0006254384743958279,0.0010040401730347626,0.05862581151150603,0.00113229941748447,0.0014393687010417272,-0.9346580553816723
crop_farming,3,ET0401,9,0.10426900951446513,0.11359918842711061,-1.135364106362732,0.02191605552025671,0.06292117966094996,0.3448885448629688,0.04313782336941638,0.08858020558060706,-0.29835916720069644
crop_farming,3,ET0402,9,0.11451760868984819,0.12487246409469328,-4.264904101068314,0.015507296840387244,0.0441614665174872,0.34151774530128054,0.07842627154225368,0.10435078003911596,-2.676617934260363
crop_farming,3,ET0403,9,0.060139155280275886,0.07571078356937565,-15680.046173460783,0.00021377573203677316,0.0005094173591400412,0.2900838895492204,0.0005786705399768196,0.000694903061208957,-0.32101576780079855
crop_farming,3,ET0404,9,0.058656638995050296,0.08044029265398586,-7166.163161463275,0.0007852004808180072,0.0010296501136303857,-0.17430078435313945,0.0008928865053588167,0.0010917916153935128,-0.3203209575524044
crop_farming,3,ET0405,9,0.06722935477563424,0.08702166450631048,-747.2985248895075,0.0022689691479202225,0.004034395666163386,-0.608337152903615,0.0019342256028700433,0.0034393258104507443,-0.16887146039257228
crop_farming,3,ET0406,9,0.1472290674331143,0.15876133949828852,0.6113809017550866,0.09745876539934274,0.1868950720939936,0.4614446661168159,0.313227774040634,0.323349925994168,-0.612056141660841
crop_farming,3,ET0407,9,0.21602740472870222,0.26927324420768345,-0.670844395653651,0.253582385736178,0.30986274222040183,-1.212525683145071,0.1365722754414559,0.20399334689585294,0.04108169809324291
crop_farming,3,ET0408,9,0.24888766641015486,0.27593007782247736,-0.07639330072163708,0.3278557092897205,0.36747471733715925,-0.9090962663865689,0.21639640120945736,0.2536339278743519,0.09053164139642556
crop_farming,3,ET0409,9,0.3501976842903476,0.4336706185755072,-0.10481919891920621,0.3213166744030395,0.41586902337116044,-0.015978128208884224,0.3523299288247268,0.4353115267175427,-0.11319577113219936
crop_farming,3,ET0413,9,0.11923632787847065,0.1565757812686646,-9.065569052453197,0.05398056340970303,0.0803803484595931,-1.6527048227828276,0.027494673380741914,0.05365306650613197,-0.18189325851788585
crop_farming,3,ET0416,9,0.10283693257979894,0.11632382124700155,-4241.5389653189,0.0008418786259998997,0.0017858942561416271,5.850875339774575e-14,0.0018742366193367469,0.0018781481207707747,-0.10598235736533623
crop_farming,3,ET0417,9,0.24730954912858755,0.301093044648834,-0.5795603091465511,0.27402752439668593,0.34182675852729666,-1.0358551699206786,0.2342412913574402,0.28256902753355856,-0.3911817754699365
crop_farming,3,ET0418,9,0.09198926554785834,0.10557268889919232,-0.4143398046166793,0.04462465193911188,0.09485279164655414,-0.14169692853551297,0.08297694914877847,0.0965717949286635,-0.18345351819778855
crop_farming,3,ET0419,9,0.06806927872026296,0.08868295739252734,-12683.227179070685,0.0002104476806637439,0.0006313430419912317,0.3571428571428571,0.000830130245336279,0.0011400033527189956,-1.096022469304097
crop_farming,3,ET0420,9,0.10485025034183557,0.14244622193686515,-1.6303857885800879,0.04738716224316435,0.09968129332859356,-0.2880861415107827,0.04790437938332778,0.09939403963871184,-0.2806730280672376
crop_farming,3,ET0602,9,0.3069905359404771,0.4183864382738381,-0.1651873494830005,0.2661852187628876,0.4701915798470439,-0.4716016242006127,0.26674589217030276,0.46951788029246844,-0.4673875670364569
crop_farming,3,ET0603,9,0.08375965664385089,0.10124142252065033,-570.8336700596255,0.001131512508135726,0.0033945375244071783,0.3571428571428572,0.004725009908627638,0.007612127103710265,-2.2326992959711864
crop_farming,3,ET0604,9,0.32225252859149767,0.3667883934526653,-0.7112069997815522,0.14376485686555537,0.28798267795722854,-0.05488255631286765,0.2887898603033231,0.29146543510663525,-0.08055156662164542
crop_farming,3,ET0605,9,0.0690770149230957,0.08954410185962319,0.0,0.0,0.0,1.0,0.0,0.0,1.0
crop_farming,3,ET0701,9,0.18637483472065808,0.23571629214348072,0.06129231282154479,0.13091860228633662,0.19936133028684733,0.32852009810043203,0.21601124258844318,0.25184611184830724,-0.07157277996881839
crop_farming,3,ET0702,9,0.34430668971160183,0.43023559726471833,-0.6600867144333762,0.46513320383177426,0.5759476779545638,-1.974980723451989,0.27212846260519274,0.32865320508854384,0.03128988038584313
crop_farming,3,ET0703,9,0.4564255696739331,0.5723635357036444,-0.8256485466862642,0.5790632102274154,0.7271817793770037,-1.9468581899672426,0.539542827432755,0.6152023771415612,-1.109158754601589
crop_farming,3,ET0705,9,0.46974730778454066,0.542677860552789,-0.9043989068189229,0.5367287764781364,0.6196795787029965,-1.4831793265480933,0.2603490991752394,0.29426520973938897,0.4400470277178514
crop_farming,3,ET0706,9,0.34615961909336207,0.39937761251725534,-0.3721776396005756,0.42362858247069796,0.5479174989143726,-1.5826957427501624,0.24124042168002052,0.2671233400226852,0.3861438972401652
crop_farming,3,ET0710,9,0.5438367176678863,0.6377043071669871,-0.46882334463519393,0.6428766570799779,0.7990972923351417,-1.3063763918520914,0.3715725373726235,0.46441985100226163,0.2209731697696723
crop_farming,3,ET0713,9,0.5086665377492918,0.6272553842875919,-0.8519518408285571,0.3976161235432188,0.585889014474505,-0.6157404696998727,0.6627884797918622,0.7907577560397462,-1.9432544793284618
crop_farming,3,ET0714,9,0.16760253193482433,0.21837875999815876,0.18454916092528484,0.1874970154996306,0.2519723385254834,-0.08563222460650421,0.28657691355831405,0.3737135557823426,-1.3881120248203427
crop_farming,3,ET0715,9,0.5002055018699437,0.5422482391441359,-2.0019691532023023,0.4459251910498138,0.5361666049495606,-1.9350090559347999,0.32125449931453015,0.3898515962532527,-0.5517028511237874
crop_farming,3,ET0716,9,0.3062355007371151,0.4005740192473154,-0.7425469625442087,0.21967954023592745,0.4561112202307362,-1.2592300040442654,0.3167453884615188,0.35763627830757533,-0.38899943443251717
crop_farming,3,ET0720,9,0.2987856958458648,0.35579879867572517,-0.17044321599531465,0.46356558050649493,0.5194104677244236,-1.4943809983253402,0.21564023360815499,0.254072285753783,0.4031626637173632
crop_farming,3,ET0721,9,0.49435182398536903,0.5628539506296769,-0.46780387795373257,0.5507039870881304,0.7362066131959506,-1.5111694656633876,0.5493284954237372,0.6892372096744389,-1.2009695005424645
crop_farming,3,ET0722,9,0.5589084920359348,0.6299101689955633,-0.722304013684143,0.7540591518106283,0.8550555191485218,-2.1735197388447984,0.6304421805509752,0.7722225380247919,-1.5884365297830687
crop_farming,3,ET0723,9,0.6129884639472922,0.7378497770589648,-1.2267309398621506,0.6622589046997889,0.806487782554584,-1.6602804820273036,0.6144522062643077,0.7498349201202202,-1.2996575389623062
crop_farming,3,ET0724,9,0.09080652597756839,0.11233870740907516,-53.87227035733168,0.018251212333075386,0.024564142585574555,-1.6235980770626255,0.04405823582961599,0.063062483832663,-16.291641747498367
crop_farming,3,ET1101,9,0.07422067059410943,0.09334556391060289,0.0,0.0,0.0,1.0,0.0,0.0,1.0
crop_farming,3,ET1102,9,0.058649800151298774,0.07989401816017415,-181708.4368588838,5.0091207956675594e-05,0.0001502736238700268,0.3571428571428571,0.0004355537198740884,0.0004695205069793224,-5.275640909913101
crop_farming,3,ET1103,9,0.10022962498903393,0.11590923452546528,-11907.406809336731,0.0005677500541993021,0.0012043797400300691,-0.2857142857142858,0.0005677500541993021,0.0012043797400300691,-0.2857142857142858
crop_farming,3,ET1104,9,0.5358352111989289,0.6065579287472563,-0.28645498031554606,0.5954776178200668,0.728243142737505,-0.8543974965718781,0.6116535864381474,0.7432462088665004,-0.9315921410982722
crop_farming,3,ET1105,9,0.0795337138110303,0.09492868106053705,-1.143150771801532,0.017929931118717473,0.05207739276014568,0.3550050744595463,0.036489142374518786,0.07425287192653827,-0.31124650284767563
crop_farming,3,ET1106,9,0.07145421575539822,0.09920833709378771,-20.563228022966875,0.026804214145411183,0.032909655328240084,-1.3728162219253917,0.021209727536286114,0.02503244530009677,-0.37285284098256555
crop_farming,3,ET1202,9,0.28770655884145424,0.3465359500096577,-24.222834682084496,0.04802533162502417,0.08319455055500229,-0.45374107760756277,0.04754271165829733,0.08092077612803945,-0.3753631417614378
crop_farming,3,ET1203,9,0.10729603949693359,0.12809054396377242,-69345.24588293872,0.0002599989357177337,0.0005515410316418843,-0.2857142857142856,0.0002599989357177337,0.0005515410316418843,-0.2857142857142856
crop_farming,3,ET1204,9,0.16218172710971765,0.18413321526540455,-550.1690702886665,0.005832017774349237,0.009421071113674523,-0.44284981824876635,0.005498224264748799,0.007975922240497542,-0.03414726466624285
crop_farming,3,ET1301,9,0.16236130807670476,0.18785453917639408,-51.127230906204616,0.027076568189023337,0.03803100534138808,-1.1364703995977385,0.2286948060382908,0.2583191149499834,-97.56763948318051
crop_farming,3,ET1401,9,0.07027198321455114,0.0899966784989887,-997201.7449561424,4.817267093335273e-05,0.00010218966685452542,-0.2857142857142856,4.817267093335273e-05,0.00010218966685452542,-0.2857142857142856
crop_farming,3,ET1501,9,0.44103119817358943,0.46040502688360735,-2.67953087494751,0.15025149057266451,0.3193105379228987,-0.7698597011852157,0.7857195197306025,0.8594214612521028,-11.821083452660309
crop_farming,3,ET1502,9,0.23449620477582261,0.3249003840788236,0.24899500186793722,0.12020658207099776,0.21454310064548396,0.6725300272563164,0.3757683432560246,0.42608053541668306,-0.2915932525353018
crop_farming,3,ET1600,9,0.44217682640142775,0.5046094701740382,-0.8041702028152617,0.5233294524142474,0.5948764562159248,-1.5073806736994513,0.2769600701848969,0.3251642003946487,0.25084417221793964
crop_farming,4,ET0101,9,1.3844101212264037,1.6490273486266274,-0.6675750878027198,0.6632959702749764,1.1911825643446583,0.12986560166028904,1.686951236566287,1.9893291481745046,-1.4268502229125777
crop_farming,4,ET0102,9,1.383959455711362,1.5828316287778599,-0.5983515882388117,0.6675120482492041,1.1801852196655358,0.11140632059832345,1.6122786466978276,1.846034282464246,-1.1741144425948744
crop_farming,4,ET0103,9,1.2382172658896553,1.3885439971210944,-0.5964372408354435,0.6330114049751889,1.1015004964183277,-0.004620310547398754,1.4509079855522349,1.6464866692322606,-1.2446518844260703
crop_farming,4,ET0104,9,1.0548175950252765,1.1927273228497484,-0.513655298954216,0.5703470580407137,0.7480739521851318,0.40456588283239825,1.3130454207252698,1.5194418354633314,-1.4564776043796317
crop_farming,4,ET0105,9,0.971001877987351,1.2135136675602467,-0.33685915265933764,0.5870437164600015,0.8839375281938079,0.29068449252144624,1.3195428086921845,1.6726593576141606,-1.5398690073841377
crop_farming,4,ET0106,9,1.3955813144039304,1.5011941212645104,-0.547048548209804,0.6564639180059766,1.1179545675257236,0.1420172786356979,1.5473477357388743,1.707261508410689,-1.0009227882062048
crop_farming,4,ET0107,9,0.8477844115241954,0.8813414432384706,-0.13693754433065375,0.4863158804907304,0.8148808537092628,0.02806672464954396,1.0404628628073747,1.1536133990368667,-0.9479096391488848
crop_farming,4,ET0301,9,0.4888168789275521,0.5484725268634044,0.011452965146878324,0.5672573619516136,0.663011879670319,-0.44454209100088327,0.40357119430163885,0.4971651382556202,0.1877515029424578
crop_farming,4,ET0302,9,0.24275701528709112,0.2731895002543577,-0.08003547657505616,0.3104268075876457,0.3509605487092685,-0.7824879994933756,0.2197487714862469,0.2698065131211377,-0.05345229235431703
crop_farming,4,ET0303,9,0.6376456281204536,0.8737402028842786,-0.05821132454476752,0.7692723419218237,1.0013288594354777,-0.3898285637996115,0.6795380700839253,0.8958253724698553,-0.11238336151039818
crop_farming,4,ET0304,9,0.593158708586938,0.7282146665287665,-0.3764407792535802,0.6438755403289644,0.7099806812146918,-0.30837353504854925,0.5098726432303168,0.5925589057110673,0.08861527180652995
crop_farming,4,ET0305,9,0.24638851082290053,0.3522611066915155,0.2904018916898805,0.39416062586967937,0.5401344106922866,-0.6683484061753424,0.3353282540550806,0.4229224034731326,-0.02283231846305611
crop_farming,4,ET0306,9,0.11650398382932184,0.1276355045658068,-1.0666880417181193,0.12130940230331046,0.1482450025953319,-1.7879953911462048,0.09499726415761864,0.09813605129421389,-0.22176895614667513
crop_farming,4,ET0307,9,0.022160039576924955,0.024034217024738163,-198026.22644312517,2.2478004590888014e-05,5.850001232004766e-05,-0.17321299020395164,0.0005614464993271254,0.000691231801710919,-162.7994236091647
crop_farming,4,ET0308,9,0.7932786896284693,1.0692657391789135,-0.7065956717144106,0.967267439394086,1.0781720719996577,-0.7351438797289662,0.7135126582683375,0.9830975261901767,-0.4426219741892299
crop_farming,4,ET0309,9,0.032384549715527705,0.03565774194187159,-245.4963671549414,0.0027320010005291964,0.0037538161875985453,-1.7317997024538796,0.001521113616683451,0.0027293527970052816,-0.4441829070104437
crop_farming,4,ET0310,9,0.5639730074255171,0.755033908958977,-0.04563810173487193,0.7753601442575114,0.9526362714924815,-0.6645724923242149,0.6007611519946394,0.7782044679109592,-0.11080014272863603
crop_farming,4,ET0311,9,0.1140867319745702,0.13132612075960215,-0.7025340668923712,0.11894754429348839,0.15457330051475393,-1.3586447799274222,0.09138785400643543,0.11211267734254247,-0.24080354909877721
crop_farming,4,ET0312,9,0.03783091505953795,0.04654098502333193,-2021.6989449787213,0.0009755691016584874,0.0013150342113509037,-0.6148575162358896,0.00113229941748447,0.0014393687010417272,-0.9346580553816723
crop_farming,4,ET0401,9,0.08972988120614829,0.10431477550609378,-0.800582962455636,0.04356969984435705,0.08897402862204862,-0.30992970742063997,0.04313782336941638,0.08858020558060706,-0.29835916720069644
crop_farming,4,ET0402,9,0.10493717345042744,0.11483563094111447,-3.4525665918797017,0.0317492586680965,0.0625348036856828,-0.32038530802510157,0.07842627154225368,0.10435078003911596,-2.676617934260363
crop_farming,4,ET0403,9,0.031030538239429806,0.03275044955715576,-2933.2295290912616,0.0006250605940186906,0.0010274437202751762,-1.88785667906786,0.0005786705399768196,0.000694903061208957,-0.32101576780079855
crop_farming,4,ET0404,9,0.03261412461788016,0.034280524221885725,-1300.6520797423514,0.001083664496674075,0.0012396922343489705,-0.7022673482209001,0.0008928865053588167,0.0010917916153935128,-0.3203209575524044
crop_farming,4,ET0405,9,0.03988006816640843,0.046254848783536,-210.41444048321046,0.0033734666424806038,0.005114984186471027,-1.5852866756019264,0.0019342256028700433,0.0034393258104507443,-0.16887146039257228
crop_farming,4,ET0406,9,0.21601432938845966,0.25446750961308773,0.0016120979254419243,0.19358442546607382,0.26384597870748583,-0.07333573727726095,0.313227774040634,0.323349925994168,-0.612056141660841
crop_farming,4,ET0407,9,0.22844425696158258,0.25872418420577203,-0.5424946032242173,0.24834839847206572,0.31830993946822284,-1.3348016996222785,0.1365722754414559,0.20399334689585294,0.04108169809324291
crop_farming,4,ET0408,9,0.20223246192716782,0.22631955957178299,0.2758691036157094,0.33536090339382585,0.41343413122502914,-1.4164930673275498,0.21639640120945736,0.2536339278743519,0.09053164139642556
crop_farming,4,ET0409,9,0.38633637827634604,0.4938836071421851,-0.4329150247482738,0.40782508478726437,0.4468145756324327,-0.17280518525920363,0.3523299288247268,0.4353115267175427,-0.11319577113219936
crop_farming,4,ET0413,9,0.06662247347020649,0.07447351875177685,-1.2771566408641486,0.05245954939206121,0.07832745087001015,-1.5189360594046608,0.027494673380741914,0.05365306650613197,-0.18189325851788585
crop_farming,4,ET0416,9,0.054939302312125876,0.07007266887381054,-1538.5217780469022,0.0016837572519997994,0.002525635877999699,-0.9999999999998828,0.0018742366193367469,0.0018781481207707747,-0.10598235736533623
crop_farming,4,ET0417,9,0.18108441118911786,0.22071272185397783,0.15123102017854784,0.3205517057282587,0.356892914810485,-1.2192724316249515,0.2342412913574402,0.28256902753355856,-0.3911817754699365
crop_farming,4,ET0418,9,0.13390334251507008,0.16070586386092117,-2.2772837562857777,0.09897319412301663,0.1500103811880705,-1.8555727396955763,0.08297694914877847,0.0965717949286635,-0.18345351819778855
crop_farming,4,ET0419,9,0.03705604161478742,0.04170585750971418,-2804.290151198649,0.0004208953613274878,0.0008928538924938864,-0.2857142857142858,0.000830130245336279,0.0011400033527189956,-1.096022469304097
crop_farming,4,ET0420,9,0.10663362131351525,0.12735859295151886,-1.1026843585931845,0.09405404079137886,0.14097038003735057,-1.5761628934723682,0.04790437938332778,0.09939403963871184,-0.2806730280672376
crop_farming,4,ET0602,9,0.38140137184237327,0.48811669883658826,-0.5859441682127218,0.46882272729705715,0.6370364512649963,-1.7012770584329626,0.26674589217030276,0.46951788029246844,-0.4673875670364569
crop_farming,4,ET0603,9,0.08491441054077607,0.1012168753529379,-570.5564081455168,0.002263025016271452,0.004800601005001022,-0.2857142857142856,0.004725009908627638,0.007612127103710265,-2.2326992959711864
crop_farming,4,ET0604,9,0.3996258181188738,0.5201512851515228,-2.4413649466502325,0.28174341208802745,0.4005964474027708,-1.0412000302218996,0.2887898603033231,0.29146543510663525,-0.08055156662164542
crop_farming,4,ET0605,9,0.07011202971140544,0.07209866280247047,0.0,0.0,0.0,1.0,0.0,0.0,1.0
crop_farming,4,ET0701,9,0.14357599582338929,0.1848681426772273,0.4226019292376294,0.18918681972940057,0.2611098040942524,-0.15185425329656144,0.21601124258844318,0.25184611184830724,-0.07157277996881839
crop_farming,4,ET0702,9,0.3688554686065916,0.4186172553332882,-0.5716373617451842,0.4838694198898293,0.5462372943854351,-1.6759672210568284,0.27212846260519274,0.32865320508854384,0.03128988038584313
crop_farming,4,ET0703,9,0.41801530959305044,0.5074532113364276,-0.4350441762769799,0.6024255276992488,0.6768602954253844,-1.5531206511192615,0.539542827432755,0.6152023771415612,-1.109158754601589
crop_farming,4,ET0705,9,0.4319344125395185,0.47590180441706725,-0.46456421382881197,0.5876061833129583,0.6752054739645956,-1.9481231710681217,0.2603490991752394,0.29426520973938897,0.4400470277178514
crop_farming,4,ET0706,9,0.259248568756752,0.3054170204715706,0.19752894363882312,0.41814397690661825,0.5057968106183939,-1.2008734841086177,0.24124042168002052,0.2671233400226852,0.3861438972401652
crop_farming,4,ET0710,9,0.5323502800822676,0.6843475288843787,-0.6915477917592507,0.7832987583137118,0.9198435287760702,-2.0560382137295004,0.3715725373726235,0.46441985100226163,0.2209731697696723
crop_farming,4,ET0713,9,0.5868800849283657,0.7490817294052577,-1.6411879179396358,0.656670964337381,0.7733271497817858,-1.8149287590607441,0.6627884797918622,0.7907577560397462,-1.9432544793284618
crop_farming,4,ET0714,9,0.21949135831565447,0.25156828348450505,-0.0821532437894954,0.23997323336770002,0.35792743801751936,-1.1906196364570736,0.28657691355831405,0.3737135557823426,-1.3881120248203427
crop_farming,4,ET0715,9,0.3942797166992827,0.4725182741311977,-1.279539607767271,0.27263012960232014,0.3496013639882105,-0.2478321224740545,0.32125449931453015,0.3898515962532527,-0.5517028511237874
crop_farming,4,ET0716,9,0.2827271109462622,0.4010648757471643,-0.746820153123172,0.2412230420734229,0.4607644539010898,-1.3055623454394434,0.3167453884615188,0.35763627830757533,-0.38899943443251717
crop_farming,4,ET0720,9,0.22557292823163377,0.26980164727668604,0.3269759435462962,0.40487041695696135,0.5000731989166057,-1.312110323853989,0.21564023360815499,0.254072285753783,0.4031626637173632
crop_farming,4,ET0721,9,0.5082796901193232,0.6344419912334419,-0.8649209699578739,0.22345189052658843,0.4591487699402165,0.02324994646002665,0.5493284954237372,0.6892372096744389,-1.2009695005424645
crop_farming,4,ET0722,9,0.5808753444488389,0.711197615059465,-1.1954985667642748,0.5335211501915358,0.7098948844320361,-1.1874627588749216,0.6304421805509752,0.7722225380247919,-1.5884365297830687
crop_farming,4,ET0723,9,0.5749720171839652,0.7510995246715281,-1.3074208736144373,0.6722721965763703,0.810956977115478,-1.6898463451206238,0.6144522062643077,0.7498349201202202,-1.2996575389623062
crop_farming,4,ET0724,9,0.06313842074617732,0.0741026022272919,-22.87596881568674,0.021208629049740167,0.026117310805067816,-1.9658624074700293,0.04405823582961599,0.063062483832663,-16.291641747498367
crop_farming,4,ET1101,9,0.05059952206081814,0.05362788766592584,0.0,0.0,0.0,1.0,0.0,0.0,1.0
crop_farming,4,ET1102,9,0.033509501413878796,0.03801854100130373,-41146.1582903577,0.00013052312420391843,0.00023119115743950984,-0.5215680944574634,0.0004355537198740884,0.0004695205069793224,-5.275640909913101
crop_farming,4,ET1103,9,0.06996045253250453,0.07731878102353475,-5297.9226977987955,0.0011355001083986041,0.0017032501625979062,-1.5714285714285716,0.0005677500541993021,0.0012043797400300691,-0.2857142857142858
crop_farming,4,ET1104,9,0.5979656359103682,0.6865391675810442,-0.6480890074022185,0.7303452864979886,0.8560770116657578,-1.562569746327085,0.6116535864381474,0.7432462088665004,-0.9315921410982722
crop_farming,4,ET1105,9,0.05408325449484858,0.06347222393671845,0.04186818325022801,0.03566343189162686,0.0737375885378153,-0.29311066203801595,0.036489142374518786,0.07425287192653827,-0.31124650284767563
crop_farming,4,ET1106,9,0.03596753085024007,0.042575508893775094,-2.9713405519946865,0.0286061041757169,0.03428953190059419,-1.5759684999728432,0.021209727536286114,0.02503244530009677,-0.37285284098256555
crop_farming,4,ET1202,9,0.2828087566444768,0.33613364131353385,-22.731285431288256,0.0848627851128149,0.11353253272565193,-1.707309799218819,0.04754271165829733,0.08092077612803945,-0.3753631417614378
crop_farming,4,ET1203,9,0.08434537698998236,0.09055607881712156,-34658.638825436305,0.0005199978714354674,0.0007799968071532012,-1.5714285714285712,0.0002599989357177337,0.0005515410316418843,-0.2857142857142856
crop_farming,4,ET1204,9,0.09612405831784075,0.11376039925740243,-209.37919077053763,0.009650569221476482,0.01222131682312078,-1.4280441011607854,0.005498224264748799,0.007975922240497542,-0.03414726466624285
crop_farming,4,ET1301,9,0.13094658732949882,0.15355565436835494,-33.82995346153658,0.05724524734853779,0.07739725462960372,-7.84855551776506,0.2286948060382908,0.2583191149499834,-97.56763948318051
crop_farming,4,ET1401,9,0.06775946200059578,0.07914408774314421,-771199.7759759361,9.634534186670546e-05,0.0001445180128000582,-1.5714285714285712,4.817267093335273e-05,0.00010218966685452542,-0.2857142857142856
crop_farming,4,ET1501,9,0.3966248371235135,0.4469683128974656,-2.4678939583515476,0.2588720192155353,0.417746605324876,-2.029271484692985,0.7857195197306025,0.8594214612521028,-11.821083452660309
crop_farming,4,ET1502,9,0.31054618165451864,0.41598836687893115,-0.23113236730811604,0.24506551515804922,0.3570722953667794,0.09290099925993789,0.3757683432560246,0.42608053541668306,-0.2915932525353018
crop_farming,4,ET1600,9,0.37051289328437426,0.4430887024384632,-0.3910670572111419,0.4240812587320335,0.5546531241566268,-1.1797648213788472,0.2769600701848969,0.3251642003946487,0.25084417221793964
crop_farming,8,ET0101,9,1.5160041982110204,1.8123271796304312,-1.0142013796421505,0.9736756714026191,1.5007239141480713,-0.38111959831923925,1.686951236566287,1.9893291481745046,-1.4268502229125777
crop_farming,8,ET0102,9,1.549899660967506,1.776739069697757,-1.0139569450997379,0.9975778909742556,1.4948201054506358,-0.4255443662177447,1.6122786466978276,1.846034282464246,-1.1741144425948744
crop_farming,8,ET0103,9,1.4802267466839263,1.6309478816203216,-1.2024838150121293,1.0625472793104251,1.3830173155302659,-0.5837542553786264,1.4509079855522349,1.6464866692322606,-1.2446518844260703
crop_farming,8,ET0104,9,1.3058678686026488,1.4601404084142258,-1.2684744347194137,0.9640943271465959,1.1803241815174772,-0.4823380571198632,1.3130454207252698,1.5194418354633314,-1.4564776043796317
crop_farming,8,ET0105,9,1.0625299161711992,1.3014143800193625,-0.5375438552251741,0.8081653624631827,1.1055729161168577,-0.1096118640360273,1.3195428086921845,1.6726593576141606,-1.5398690073841377
crop_farming,8,ET0106,9,1.6068997808023815,1.723039769888559,-1.0380781630115057,0.9900067570142456,1.4432882975985812,-0.4300012370106856,1.5473477357388743,1.707261508410689,-1.0009227882062048
crop_farming,8,ET0107,9,0.9624010439857433,1.0239047798956808,-0.5345016656987918,0.6389228943698391,1.0075251543161905,-0.4857988532605282,1.0404628628073747,1.1536133990368667,-0.9479096391488848
crop_farming,8,ET0301,9,0.4986048802701093,0.5937797248955229,-0.1586127650817506,0.49180697125910977,0.6080451553202931,-0.21495235106974064,0.40357119430163885,0.4971651382556202,0.1877515029424578
crop_farming,8,ET0302,9,0.27069445839183764,0.3425350587977821,-0.6979311308703167,0.3546117826201632,0.37444604905033696,-1.0290302364175212,0.2197487714862469,0.2698065131211377,-0.05345229235431703
crop_farming,8,ET0303,9,0.7885413342119385,1.1081658126729144,-0.7022261674815173,0.8895686710129669,1.1774134189769903,-0.9216121187581257,0.6795380700839253,0.8958253724698553,-0.11238336151039818
crop_farming,8,ET0304,9,0.607212622868995,0.7430956507039344,-0.43327038235434534,0.6217188168581106,0.7175159833011419,-0.33629347356049655,0.5098726432303168,0.5925589057110673,0.08861527180652995
crop_farming,8,ET0305,9,0.3872573132672625,0.4476897656995884,-0.1461392662563228,0.29821784161267195,0.45143225014638266,-0.1653817750969595,0.3353282540550806,0.4229224034731326,-0.02283231846305611
crop_farming,8,ET0306,9,0.0983728866715256,0.1124555131836535,-0.6043289892451995,0.05700890702877978,0.09505220477490296,-0.14618921416966213,0.09499726415761864,0.09813605129421389,-0.22176895614667513
crop_farming,8,ET0307,9,0.0464255805476213,0.047903163582689125,-786670.3599958366,2.57288965038121e-05,5.9307386770210714e-05,-0.20582011589715,0.0005614464993271254,0.000691231801710919,-162.7994236091647
crop_farming,8,ET0308,9,0.9090351074069568,1.2131032819640122,-1.1966197899180457,1.0553600975577242,1.2946399921669376,-1.5018275669171013,0.7135126582683375,0.9830975261901767,-0.4426219741892299
crop_farming,8,ET0309,9,0.05729623152654252,0.05791429261566204,-649.2410152240094,0.0027320010005291964,0.0037538161875985453,-1.7317997024538796,0.001521113616683451,0.0027293527970052816,-0.4441829070104437
crop_farming,8,ET0310,9,0.5620784804140696,0.750975867432334,-0.03442843334768586,0.4920855928262301,0.7473656362786977,-0.024506545671330038,0.6007611519946394,0.7782044679109592,-0.11080014272863603
crop_farming,8,ET0311,9,0.10364332269061431,0.11911131495244308,-0.4005532231555744,0.08920572862682787,0.12543355009336282,-0.5531772020357435,0.09138785400643543,0.11211267734254247,-0.24080354909877721
crop_farming,8,ET0312,9,0.04943742289068758,0.04967776268629555,-2303.5395376273837,0.0011021768018466055,0.0013687879911606518,-0.7495746567007167,0.00113229941748447,0.0014393687010417272,-0.9346580553816723
crop_farming,8,ET0401,9,0.11396270584960126,0.12910185489986065,-1.7579503605371096,0.04426049280544459,0.08898713644757203,-0.31031569859361063,0.04313782336941638,0.08858020558060706,-0.29835916720069644
crop_farming,8,ET0402,9,0.13729589931610942,0.1495462240813199,-6.551061466844197,0.09741599272658363,0.20555085102322454,-13.265784525646591,0.07842627154225368,0.10435078003911596,-2.676617934260363
crop_farming,8,ET0403,9,0.04915245628193062,0.04957637763586277,-6722.712487424168,0.0008747585347609209,0.0012715274880359796,-3.4229401048277976,0.0005786705399768196,0.000694903061208957,-0.32101576780079855
crop_farming,8,ET0404,9,0.04998581886480805,0.051692609896073875,-2958.762932570482,0.0010814480812319073,0.0013261001203785045,-0.9478371131051768,0.0008928865053588167,0.0010917916153935128,-0.3203209575524044
crop_farming,8,ET0405,9,0.05764868961111058,0.05817061535864165,-333.37009849917763,0.00323213395068716,0.004979388691293441,-1.4500343561176665,0.0019342256028700433,0.0034393258104507443,-0.16887146039257228
crop_farming,8,ET0406,9,0.2961149797984979,0.3295008092399351,-0.6739697352054355,0.23346250895510975,0.30561237317822054,-0.44004643848095837,0.313227774040634,0.323349925994168,-0.612056141660841
crop_farming,8,ET0407,9,0.2342938894196771,0.3302874018547367,-1.51381676463981,0.17285387664620824,0.21798928737348083,-0.09501458566731791,0.1365722754414559,0.20399334689585294,0.04108169809324291
crop_farming,8,ET0408,9,0.23991934170606863,0.30327317194782943,-0.3002919876629888,0.25115214332204777,0.2973782744282111,-0.25023419606201003,0.21639640120945736,0.2536339278743519,0.09053164139642556
crop_farming,8,ET0409,9,0.4395209997159186,0.6000014369637946,-1.114831617460959,0.42649653645279195,0.5188209011500031,-0.5812703986961507,0.3523299288247268,0.4353115267175427,-0.11319577113219936
crop_farming,8,ET0413,9,0.05497881207714686,0.05740797939161611,-0.35311179581816954,0.035681615595508566,0.059227144593090635,-0.4402263368836019,0.027494673380741914,0.05365306650613197,-0.18189325851788585
crop_farming,8,ET0416,9,0.09794933846274029,0.11608748530655479,-4224.317284234905,0.002539216790902928,0.0031101151386676478,-2.0327838131495417,0.0018742366193367469,0.0018781481207707747,-0.10598235736533623
crop_farming,8,ET0417,9,0.2985282973802729,0.32921237657657804,-0.8883699189116565,0.3129451804933412,0.37208684834126327,-1.4122560567445408,0.2342412913574402,0.28256902753355856,-0.3911817754699365
crop_farming,8,ET0418,9,0.1380780915715683,0.15175684358410851,-1.9224505285833837,0.12959649255148864,0.17590677111454106,-2.926591407998497,0.08297694914877847,0.0965717949286635,-0.18345351819778855
crop_farming,8,ET0419,9,0.058352463301595686,0.059608050240342436,-5729.513099814837,0.0009665418733392093,0.0018646069607229576,-4.6073579315266135,0.000830130245336279,0.0011400033527189956,-1.096022469304097
crop_farming,8,ET0420,9,0.0968735726591709,0.11277442173514864,-0.6486892154962509,0.09453839532577546,0.1409470563255888,-1.5753105057560228,0.04790437938332778,0.09939403963871184,-0.2806730280672376
crop_farming,8,ET0602,9,0.32483157040584304,0.4419647979833507,-0.3002172474389879,0.46887044376394155,0.6370364593068245,-1.7012771266337885,0.26674589217030276,0.46951788029246844,-0.4673875670364569
crop_farming,8,ET0603,9,0.08993920130463105,0.12714417365866934,-900.8746359336586,0.002263025016271452,0.004800601005001022,-0.2857142857142856,0.004725009908627638,0.007612127103710265,-2.2326992959711864
crop_farming,8,ET0604,9,0.3147421977770878,0.3539883845912988,-0.5938571777109938,0.42107731157718675,0.5015976000223616,-2.200238007348104,0.2887898603033231,0.29146543510663525,-0.08055156662164542
crop_farming,8,ET0605,9,0.05985025564829508,0.06011007067851922,0.0,0.0,0.0,1.0,0.0,0.0,1.0
crop_farming,8,ET0701,9,0.18661316259111968,0.22624954904372188,0.13517822310390937,0.22701952290630315,0.2878865541373396,-0.40021245156244545,0.21601124258844318,0.25184611184830724,-0.07157277996881839
crop_farming,8,ET0702,9,0.3672749250388734,0.421169285389064,-0.5908582205071375,0.40625582448919506,0.5517760761559294,-1.73051034085517,0.27212846260519274,0.32865320508854384,0.03128988038584313
crop_farming,8,ET0703,9,0.4895645635873622,0.5610677090823392,-0.7542997819749024,0.5742358507011796,0.7168644713193958,-1.8638309193507823,0.539542827432755,0.6152023771415612,-1.109158754601589
crop_farming,8,ET0705,9,0.4633588608951378,0.5359704409536845,-0.8576136460297479,0.592591763066578,0.7086675679012527,-2.2475723168037702,0.2603490991752394,0.29426520973938897,0.4400470277178514
crop_farming,8,ET0706,9,0.3909897216260825,0.42620947278817317,-0.5627485371421184,0.4583339220724658,0.5551181102566828,-1.6510242303862719,0.24124042168002052,0.2671233400226852,0.3861438972401652
crop_farming,8,ET0710,9,0.5502051295797448,0.6874534538193362,-0.7069368814466641,0.6482836069364134,0.8646525789555128,-1.7003132539133512,0.3715725373726235,0.46441985100226163,0.2209731697696723
crop_farming,8,ET0713,9,0.7464545403705579,0.8696144018411863,-2.5595437905417704,0.7084738729243765,0.8128924698560135,-2.1103344745013337,0.6627884797918622,0.7907577560397462,-1.9432544793284618
crop_farming,8,ET0714,9,0.35369824070383205,0.4568556932994615,-2.5689057214646116,0.39523398151991546,0.5209388545443744,-3.640347388347414,0.28657691355831405,0.3737135557823426,-1.3881120248203427
crop_farming,8,ET0715,9,0.5367663419468142,0.5968073274768899,-2.636455001756369,0.5619536151787111,0.6451651174441847,-3.249635493872783,0.32125449931453015,0.3898515962532527,-0.5517028511237874
crop_farming,8,ET0716,9,0.30973797562792993,0.3999531926030787,-0.7371498014391415,0.2452733728916424,0.460677515362548,-1.3046923854888135,0.3167453884615188,0.35763627830757533,-0.38899943443251717
crop_farming,8,ET0720,9,0.2703502502655796,0.30616870343407043,0.13331159961738492,0.2803815147610646,0.33152791267555326,-0.01620562038575346,0.21564023360815499,0.254072285753783,0.4031626637173632
crop_farming,8,ET0721,9,0.5306129014883079,0.7247527333611499,-1.43363990069879,0.5486914066076477,0.7297079891180233,-1.4670320724706358,0.5493284954237372,0.6892372096744389,-1.2009695005424645
crop_farming,8,ET0722,9,0.6337287962836236,0.7602432896682803,-1.5087521966121704,0.6488081441039774,0.7858669117654586,-1.6807146137746405,0.6304421805509752,0.7722225380247919,-1.5884365297830687
crop_farming,8,ET0723,9,0.7094810708753432,0.8556409376309322,-1.9944354301234095,0.6595270888942406,0.9248071938941469,-2.4981162791622866,0.6144522062643077,0.7498349201202202,-1.2996575389623062
crop_farming,8,ET0724,9,0.07712041008833095,0.07884241374186834,-26.027999854847916,0.011968596926333008,0.018695146254104126,-0.5196788481403452,0.04405823582961599,0.063062483832663,-16.291641747498367
crop_farming,8,ET1101,9,0.07773616578843859,0.07792438584750841,0.0,0.0,0.0,1.0,0.0,0.0,1.0
crop_farming,8,ET1102,9,0.04933642870490121,0.04970276968680575,-70324.06390380798,0.00016086383249448567,0.00024846403863412487,-0.7574219032006415,0.0004355537198740884,0.0004695205069793224,-5.275640909913101
crop_farming,8,ET1103,9,0.10988567016098354,0.13663003676933055,-16545.645302507834,0.0011355001083986041,0.0017032501625979062,-1.5714285714285716,0.0005677500541993021,0.0012043797400300691,-0.2857142857142858
crop_farming,8,ET1104,9,0.5963880523204259,0.7192210784927857,-0.808734566318912,0.6366316161414098,0.7594444068743595,-1.0167032604490944,0.6116535864381474,0.7432462088665004,-0.9315921410982722
crop_farming,8,ET1105,9,0.09262251843205697,0.1031732479260466,-1.5315822167076578,0.035766281448039755,0.07382917362408628,-0.2963248490249881,0.036489142374518786,0.07425287192653827,-0.31124650284767563
crop_farming,8,ET1106,9,0.026198765609105983,0.03289520678473885,-1.3707331729142176,0.02819076762491589,0.03585564474730504,-1.8166475565314264,0.021209727536286114,0.02503244530009677,-0.37285284098256555
crop_farming,8,ET1202,9,0.351670956427802,0.4066225647339297,-33.72803840393665,0.08396228817748118,0.11224429393859438,-1.6462193894573565,0.04754271165829733,0.08092077612803945,-0.3753631417614378
crop_farming,8,ET1203,9,0.12398761825602105,0.1381067409281807,-80614.503132746,0.0005199978714354674,0.0007799968071532012,-1.5714285714285712,0.0002599989357177337,0.0005515410316418843,-0.2857142857142856
crop_farming,8,ET1204,9,0.1385009209497445,0.1678408215745679,-456.94756957239605,0.009233806806842666,0.011721030402055754,-1.2333261437260163,0.005498224264748799,0.007975922240497542,-0.03414726466624285
crop_farming,8,ET1301,9,0.11496504700443978,0.12866106289199983,-23.45206478471402,0.05342584018573667,0.0737803870268804,-7.040871581085213,0.2286948060382908,0.2583191149499834,-97.56763948318051
crop_farming,8,ET1401,9,0.07495341148807001,0.07618495916844002,-714608.8218813887,9.634534186670546e-05,0.0001445180128000582,-1.5714285714285712,4.817267093335273e-05,0.00010218966685452542,-0.2857142857142856
crop_farming,8,ET1501,9,0.4645454159741536,0.5090133945310624,-3.497495728069529,0.291216035722821,0.42589283774408393,-2.1485675201069716,0.7857195197306025,0.8594214612521028,-11.821083452660309
crop_farming,8,ET1502,9,0.3763282359930112,0.5152681406660845,-0.8888999672778641,0.377619554989037,0.47884315140806055,-0.631281603711197,0.3757683432560246,0.42608053541668306,-0.2915932525353018
crop_farming,8,ET1600,9,0.4094266365814619,0.4679694722180178,-0.5516785557816961,0.5077201238629567,0.554771010242137,-1.1806914951449055,0.2769600701848969,0.3251642003946487,0.25084417221793964
crop_farming,12,ET0101,9,1.535706485162934,1.818937419131963,-1.028921276693315,1.2845899409493682,1.744168101981361,-0.8655477138188608,1.686951236566287,1.9893291481745046,-1.4268502229125777
crop_farming,12,ET0102,9,1.5462089281175373,1.7516934304535177,-0.9575780174058557,1.3918962700769855,1.7420064973331049,-0.9359869168864823,1.6122786466978276,1.846034282464246,-1.1741144425948744
crop_farming,12,ET0103,9,1.4756502490761652,1.706214556220681,-1.4104595342913009,1.2022675441624673,1.5083050040414558,-0.8836963812518199,1.4509079855522349,1.6464866692322606,-1.2446518844260703
crop_farming,12,ET0104,9,1.3341237021224783,1.5458261545244958,-1.5425292122456162,1.1370195861709291,1.2981142473101195,-0.7929595109285339,1.3130454207252698,1.5194418354633314,-1.4564776043796317
crop_farming,12,ET0105,9,1.1722379736807274,1.4451309370818992,-0.8958793946368537,1.0307429179463283,1.2900985211760316,-0.5109220681140778,1.3195428086921845,1.6726593576141606,-1.5398690073841377
crop_farming,12,ET0106,9,1.585769430901394,1.7525143995149264,-1.1084020149345402,1.420157316106211,1.7029436185456492,-0.9908143910650071,1.5473477357388743,1.707261508410689,-1.0009227882062048
crop_farming,12,ET0107,9,0.9653386522807601,1.0029373081254525,-0.47229825414168625,1.0468539044067615,1.2567975647729828,-1.3119523792516943,1.0404628628073747,1.1536133990368667,-0.9479096391488848
crop_farming,12,ET0301,9,0.5031800485976571,0.5796897247958763,-0.10427892946573092,0.773342521153611,0.8720291737285195,-1.4989042156894787,0.40357119430163885,0.4971651382556202,0.1877515029424578
crop_farming,12,ET0302,9,0.22595036998544998,0.2838540868537657,-0.1660047424004576,0.33141137544010746,0.3897256591629364,-1.1980016515436565,0.2197487714862469,0.2698065131211377,-0.05345229235431703
crop_farming,12,ET0303,9,0.8281879332397841,1.057573524916564,-0.5503469782777781,1.0296186607252475,1.1731685705572081,-0.9077813806632018,0.6795380700839253,0.8958253724698553,-0.11238336151039818
crop_farming,12,ET0304,9,0.5308551664470416,0.6710194083735838,-0.16871562744009605,0.8080151451692958,0.9097139205253486,-1.148069696704448,0.5098726432303168,0.5925589057110673,0.08861527180652995
crop_farming,12,ET0305,9,0.31403456180264366,0.3678127505996051,0.2263640913011017,0.3598498400528478,0.4667577559924314,-0.24585111490343814,0.3353282540550806,0.4229224034731326,-0.02283231846305611
crop_farming,12,ET0306,9,0.17313797943400464,0.19753651008175968,-3.950244853180429,0.13217489895074713,0.15573951621397153,-2.0770146926945174,0.09499726415761864,0.09813605129421389,-0.22176895614667513
crop_farming,12,ET0307,9,0.04735794289215119,0.04911252436907074,-826892.2800105467,0.00046073822539617463,0.0013063749125484475,-584.0602753941264,0.0005614464993271254,0.000691231801710919,-162.7994236091647
crop_farming,12,ET0308,9,1.0028321098160964,1.317550078333778,-1.5911562298372255,1.0979770129191901,1.3054728255780623,-1.543870556810429,0.7135126582683375,0.9830975261901767,-0.4426219741892299
crop_farming,12,ET0309,9,0.06616252840069481,0.07661756223263753,-1137.0451894454168,0.0021222438897952303,0.0032804324164304346,-1.0862436964763376,0.001521113616683451,0.0027293527970052816,-0.4441829070104437
crop_farming,12,ET0310,9,0.6112193352612921,0.7345246223117865,0.010396542036047896,0.7230750761185019,0.8843185504092258,-0.43438573585501206,0.6007611519946394,0.7782044679109592,-0.11080014272863603
crop_farming,12,ET0311,9,0.2301009715998725,0.24671119567255695,-5.008572353399549,0.19406437920392097,0.21932963635758415,-3.748847422335051,0.09138785400643543,0.11211267734254247,-0.24080354909877721
crop_farming,12,ET0312,9,0.060457725663209554,0.06358313520186161,-3774.234939164109,0.0010213307439298368,0.0012389122482384738,-0.4333135268098878,0.00113229941748447,0.0014393687010417272,-0.9346580553816723
crop_farming,12,ET0401,9,0.1124029450141656,0.1372972146832699,-2.1192122997511667,0.04495128576653213,0.08902312006447162,-0.3113756142841466,0.04313782336941638,0.08858020558060706,-0.29835916720069644
crop_farming,12,ET0402,9,0.17797924353770112,0.20352141714641822,-12.98547875018801,0.09894827421715514,0.2055894197355612,-13.271138573627693,0.07842627154225368,0.10435078003911596,-2.676617934260363
crop_farming,12,ET0403,9,0.053463289365189355,0.05534839409056622,-8379.493639454273,0.0008747585347609209,0.0012715274880359794,-3.4229401048277968,0.0005786705399768196,0.000694903061208957,-0.32101576780079855
crop_farming,12,ET0404,9,0.05574921714124306,0.05683510270348024,-3576.942078246168,0.0011552455522758137,0.001380333921222232,-1.1104172544538446,0.0008928865053588167,0.0010917916153935128,-0.3203209575524044
crop_farming,12,ET0405,9,0.06364669176938152,0.06496580931876418,-416.05163034461236,0.003103828844636188,0.004919772614225458,-1.3917191368635047,0.0019342256028700433,0.0034393258104507443,-0.16887146039257228
crop_farming,12,ET0406,9,0.299081781123978,0.32084285274233487,-0.5871551004922662,0.25439449016616933,0.33559794723681063,-0.7364937404930045,0.313227774040634,0.323349925994168,-0.612056141660841
crop_farming,12,ET0407,9,0.11296713555302013,0.14055377844309858,0.5447660417588173,0.27240379516766516,0.30205136433617547,-1.1023799409332837,0.1365722754414559,0.20399334689585294,0.04108169809324291
crop_farming,12,ET0408,9,0.13809300305892916,0.17633595230481755,0.560403086567187,0.24766112491637043,0.29217999144668433,-0.20690710322201533,0.21639640120945736,0.2536339278743519,0.09053164139642556
crop_farming,12,ET0409,9,0.6710053471804084,0.7736667587442928,-2.5162446832557963,0.59491587416307,0.6597317460493973,-1.55685428905581,0.3523299288247268,0.4353115267175427,-0.11319577113219936
crop_farming,12,ET0413,9,0.06318978875458628,0.07214109003222813,-1.1367541592614518,0.05389566885927345,0.07983045588733674,-1.6165339646682302,0.027494673380741914,0.05365306650613197,-0.18189325851788585
crop_farming,12,ET0416,9,0.11206415544628115,0.13426409674691206,-5651.080101408863,0.0033810954169028276,0.004006451392942262,-4.0327838131494245,0.0018742366193367469,0.0018781481207707747,-0.10598235736533623
crop_farming,12,ET0417,9,0.21654691801123882,0.24338684965857804,-0.03211712611974882,0.43760410295527974,0.49823639699731664,-3.325194742104058,0.2342412913574402,0.28256902753355856,-0.3911817754699365
crop_farming,12,ET0418,9,0.19031488699698335,0.22323458741516772,-5.3237335996907005,0.12959649255148864,0.17590677111454106,-2.926591407998497,0.08297694914877847,0.0965717949286635,-0.18345351819778855
crop_farming,12,ET0419,9,0.0863593083519836,0.11903628451891904,-22851.956993140335,0.0009665418733392093,0.0018646069607229576,-4.6073579315266135,0.000830130245336279,0.0011400033527189956,-1.096022469304097
crop_farming,12,ET0420,9,0.1260650534017314,0.15714830907785374,-2.201378353397158,0.09488952920679429,0.14098001696798362,-1.5765151256459284,0.04790437938332778,0.09939403963871184,-0.2806730280672376
crop_farming,12,ET0602,9,0.3405028633466186,0.45870812658923116,-0.40059777450182765,0.3417750233065054,0.5384028350193678,-0.9295464574483365,0.26674589217030276,0.46951788029246844,-0.4673875670364569
crop_farming,12,ET0603,9,0.08546135600671168,0.11118210723545746,-688.6409603234704,0.002263025016271452,0.004800601005001022,-0.2857142857142856,0.004725009908627638,0.007612127103710265,-2.2326992959711864
crop_farming,12,ET0604,9,0.29085339316129055,0.325905720125335,-0.35099998780418273,0.5504606993362611,0.6426176801558636,-4.252628902239041,0.2887898603033231,0.29146543510663525,-0.08055156662164542
crop_farming,12,ET0605,9,0.052096419864230685,0.05602768385465582,0.0,0.0,0.0,1.0,0.0,0.0,1.0
crop_farming,12,ET0701,9,0.22685048594347781,0.24335028748633633,-0.0004949473914206415,0.22018084322880555,0.2877841643368582,-0.3992166288924941,0.21601124258844318,0.25184611184830724,-0.07157277996881839
crop_farming,12,ET0702,9,0.3560974196702424,0.40197143801547525,-0.44913379164982525,0.5768621379785628,0.701385934675016,-3.4119664128178284,0.27212846260519274,0.32865320508854384,0.03128988038584313
crop_farming,12,ET0703,9,0.47396690870186586,0.5570750025206295,-0.7294204972150484,0.62962097156489,0.798356562379185,-2.5519517617495238,0.539542827432755,0.6152023771415612,-1.109158754601589
crop_farming,12,ET0705,9,0.4266143917782812,0.5075790153623679,-0.6660231546894664,0.6864852272076506,0.8109765820871527,-3.2529506410434976,0.2603490991752394,0.29426520973938897,0.4400470277178514
crop_farming,12,ET0706,9,0.34311756061857573,0.3793385522195218,-0.23793222913127998,0.6164211416077126,0.7024538732046668,-3.245008146606226,0.24124042168002052,0.2671233400226852,0.3861438972401652
crop_farming,12,ET0710,9,0.44756668626868934,0.6006707995186776,-0.30317849858623225,0.7002088970171426,0.9407284880039958,-2.1963877501024607,0.3715725373726235,0.46441985100226163,0.2209731697696723
crop_farming,12,ET0713,9,0.8059140974475232,0.8993052631261924,-2.806757071753678,0.8199061215804002,0.9930923931680422,-3.642161053356502,0.6627884797918622,0.7907577560397462,-1.9432544793284618
crop_farming,12,ET0714,9,0.470178005396194,0.5134402011030252,-3.507717930737911,0.5064668228853618,0.6365788610909757,-5.929173222760894,0.28657691355831405,0.3737135557823426,-1.3881120248203427
crop_farming,12,ET0715,9,0.42425754299330376,0.45472907075572666,-1.1111318772871757,0.4688518198423883,0.5731878620864518,-2.3543153901645923,0.32125449931453015,0.3898515962532527,-0.5517028511237874
crop_farming,12,ET0716,9,0.42386388967178035,0.4891535295361037,-1.5984198091079036,0.2169416676697401,0.42385050856968154,-0.9509419736467737,0.3167453884615188,0.35763627830757533,-0.38899943443251717
crop_farming,12,ET0720,9,0.26247140451027945,0.31114665061255947,0.10489979908979286,0.45333644850510624,0.5461766895172834,-1.7580854394464467,0.21564023360815499,0.254072285753783,0.4031626637173632
crop_farming,12,ET0721,9,0.5995186143955447,0.8077124354992584,-2.0226657982427634,0.4338587112299965,0.6441108646834116,-0.9221967689203061,0.5493284954237372,0.6892372096744389,-1.2009695005424645
crop_farming,12,ET0722,9,0.7870059020388998,0.9373421811392142,-2.813720812318155,0.34642200660980804,0.5564999678826389,-0.3442587187388466,0.6304421805509752,0.7722225380247919,-1.5884365297830687
crop_farming,12,ET0723,9,0.6543820827442421,0.8167704241572306,-1.7285495775283897,0.7696513535220113,1.086492599446172,-3.828201512963182,0.6144522062643077,0.7498349201202202,-1.2996575389623062
crop_farming,12,ET0724,9,0.08043685226006353,0.0832805283951922,-29.156506477753016,0.02249293814302342,0.027409502392531024,-2.2666032289926608,0.04405823582961599,0.063062483832663,-16.291641747498367
crop_farming,12,ET1101,9,0.0659211211734348,0.06656212699259419,0.0,0.0,0.0,1.0,0.0,0.0,1.0
crop_farming,12,ET1102,9,0.05685846864817242,0.05720858971912169,-93168.00088277743,0.0001912045407850529,0.0002646118019109117,-0.9932757119438196,0.0004355537198740884,0.0004695205069793224,-5.275640909913101
crop_farming,12,ET1103,9,0.11884940076112865,0.1537848710452547,-20961.58383912869,0.0011355001083986041,0.0017032501625979062,-1.5714285714285716,0.0005677500541993021,0.0012043797400300691,-0.2857142857142858
crop_farming,12,ET1104,9,0.557665087769541,0.6676198989609652,-0.5585063276324738,0.6559670269048521,0.7964564630453781,-1.2180641683430626,0.6116535864381474,0.7432462088665004,-0.9315921410982722
crop_farming,12,ET1105,9,0.08522359519393848,0.08900970295834741,-0.8842240151908258,0.035869131004452645,0.07383151667833221,-0.29640713106851035,0.036489142374518786,0.07425287192653827,-0.31124650284767563
crop_farming,12,ET1106,9,0.049620635946698216,0.05308275968862989,-5.173400051579424,0.02882835465092801,0.035223084255925206,-1.7181423577784032,0.021209727536286114,0.02503244530009677,-0.37285284098256555
crop_farming,12,ET1202,9,0.2595941557075363,0.3176338040023043,-20.190964991888805,0.08386466113445598,0.11217227587134825,-1.6428247497693729,0.04754271165829733,0.08092077612803945,-0.3753631417614378
crop_farming,12,ET1203,9,0.12264847407911403,0.13927016461214617,-81978.4486240356,0.0005199978714354674,0.0007799968071532012,-1.5714285714285712,0.0002599989357177337,0.0005515410316418843,-0.2857142857142856
crop_farming,12,ET1204,9,0.13654798138641713,0.1633128453022516,-432.5720278754049,0.008817044392208798,0.01142855760746706,-1.1232611264197958,0.005498224264748799,0.007975922240497542,-0.03414726466624285
crop_farming,12,ET1301,9,0.09917313742454555,0.12110079824549688,-20.662834396088595,0.06190488753283262,0.08065953668481622,-8.610206377056778,0.2286948060382908,0.2583191149499834,-97.56763948318051
crop_farming,12,ET1401,9,0.1354121113502323,0.14650252541698847,-2642533.859295734,9.634534186670546e-05,0.0001445180128000582,-1.5714285714285712,4.817267093335273e-05,0.00010218966685452542,-0.2857142857142856
crop_farming,12,ET1501,9,0.5153977014652492,0.5397705915267289,-4.057440429728594,0.3391965234891929,0.4675971840107567,-2.795387404617645,0.7857195197306025,0.8594214612521028,-11.821083452660309
crop_farming,12,ET1502,9,0.3724301460902359,0.47757879294502537,-0.6226783618987641,0.442535059466709,0.5317198550749095,-1.0114448673448204,0.3757683432560246,0.42608053541668306,-0.2915932525353018
crop_farming,12,ET1600,9,0.2891175486162384,0.3430566327355293,0.16612999299974718,0.5679216448826269,0.6610681059418458,-2.0964147059879834,0.2769600701848969,0.3251642003946487,0.25084417221793964
pastoral,0,ET0201,9,0.18300092600663453,0.23521935358269644,0.6859508633732923,0.260410606180529,0.3145421759147645,0.43842305091565315,0.4777336811431254,0.595122494361105,-1.010315547712072
pastoral,0,ET0202,9,0.45797254650167407,0.549355248476273,-0.392353779809939,0.3005374752851057,0.420161103679156,0.1855306747905875,0.7400512415579339,0.8704380455968146,-2.4955761884054786
pastoral,0,ET0203,9,0.3868065029438932,0.4916667035558654,0.31571692310184485,0.40915369112594346,0.5563606674321124,0.12379234703328978,0.50417184246259,0.673110546573692,-0.2825284088591704
pastoral,0,ET0204,9,0.7127498376908081,0.831539594794891,-0.46268434306634254,0.4257905846846547,0.5847980192200324,0.27656997190757204,0.9777081881932881,1.156470226428918,-1.829134912445849
pastoral,0,ET0205,9,0.3617922256987006,0.49546792244213467,-0.40667786013719986,0.45742271470233375,0.6605253675138774,-1.5000147415230418,0.35610686877347747,0.5022909935611047,-0.44568724322276787
pastoral,0,ET0411,9,0.21651443846455862,0.2514761278362331,0.49659984917667355,0.36319371302929254,0.4203831071956298,-0.4067286220808657,0.2994621595432143,0.39244054270500484,-0.2259352914814341
pastoral,0,ET0412,9,0.5317751513284146,0.6156729548634183,0.23485544138604353,0.3059003014955986,0.3743839046671166,0.7170708595284798,0.7648078746051374,0.9974386860642294,-1.0082406711672025
pastoral,0,ET0414,9,0.3217673739558825,0.3835146217355109,0.193443553390646,0.3647992575730059,0.42684634651814163,0.0008882853346132702,0.5361315660668383,0.64870922087999,-1.3076559300687056
pastoral,0,ET0415,9,0.3394089208889881,0.42734562778540064,-0.11686740652826755,0.35939213127978015,0.481349711035175,-0.4169826022007934,0.5372170210737802,0.6574734046842197,-1.643622667573747
pastoral,0,ET0421,9,0.2634534888000746,0.35386693289913607,0.4660683253346123,0.28941486437572117,0.3757325539389116,0.3980459084747989,0.7270266271711008,0.837174234058473,-1.9883910609450393
pastoral,0,ET0501,9,0.2527687641534394,0.3299207176825036,-0.04189813316493063,0.3375770383046086,0.43803419328192034,-0.8366318424109653,0.3832104215183645,0.4256105704541339,-0.7339273393663053
pastoral,0,ET0503,9,0.415387559569616,0.5157164190898333,-0.4519697383307453,0.42641509882171424,0.6152281853307086,-1.0663700335095125,0.42209887884724245,0.44625350597865143,-0.08717368154564675
pastoral,0,ET0504,9,0.1669481682848013,0.2034276372480619,-1.3427029697397712,0.13920422560442608,0.21168292999330787,-1.5366993318533253,0.4144783508827026,0.4422831689169043,-10.073837427858253
pastoral,0,ET0505,9,0.4591009411812256,0.5242810180653192,-0.2561706375567925,0.5118612828871035,0.634921029446034,-0.8422976284432697,0.44337422347179495,0.49484663933818207,-0.11908125168035033
pastoral,0,ET0506,9,0.22185823320598783,0.29336579953466396,0.11339080496155174,0.1894150603912507,0.2883152309312585,0.14365564909029427,0.586255253608991,0.6622438713127438,-3.518030533051501
pastoral,0,ET0507,9,0.5598691358805018,0.6311480654743232,-0.3810233985206595,0.6365519688914341,0.7760778349604897,-1.0880893872787643,0.4925118974840953,0.5719793826542149,-0.13422515623350884
pastoral,0,ET0508,9,0.488277417502031,0.5697903551753155,0.34947358943176443,0.32499518580297126,0.5403083288478997,0.41505090930774213,0.8411827859273726,0.9913363281167008,-0.9691408811890698
pastoral,0,ET0509,9,0.5447433539302861,0.6023312512125737,0.06293451310401832,0.30653516273004733,0.49131818811632866,0.3765166895786697,0.7807403938834607,0.9760038446475016,-1.4603801035459427
pastoral,0,ET0510,9,0.26218952615521407,0.3166807261487932,-0.8036603507213693,0.16900865697278888,0.3486069688386219,-1.1856651294250118,0.5144939151041462,0.5261986736168028,-3.979789581787431
pastoral,0,ET0511,9,0.468294105121234,0.5470078775642276,-0.14851750521468965,0.18819376623954748,0.37012422994585853,0.474169841411862,0.6672122159710222,0.8409180299456431,-1.71429961963368
pastoral,1,ET0201,9,0.2392852986167139,0.29512685789519105,0.5056108082712635,0.260410606180529,0.3145421759147645,0.43842305091565315,0.4777336811431254,0.595122494361105,-1.010315547712072
pastoral,1,ET0202,9,0.44563409363268264,0.5490727061746442,-0.3909219279180274,0.3005374752851057,0.420161103679156,0.1855306747905875,0.7400512415579339,0.8704380455968146,-2.4955761884054786
pastoral,1,ET0203,9,0.39369958052380016,0.49246440435704236,0.3134947023888357,0.40915369112594346,0.5563606674321124,0.12379234703328978,0.50417184246259,0.673110546573692,-0.2825284088591704
pastoral,1,ET0204,9,0.7202912557663697,0.8398422892278662,-0.4920391677430984,0.4257905846846547,0.5847980192200324,0.27656997190757204,0.9777081881932881,1.156470226428918,-1.829134912445849
pastoral,1,ET0205,9,0.38525480678547874,0.5311258281896107,-0.6164356100450636,0.45742271470233375,0.6605253675138774,-1.5000147415230418,0.35610686877347747,0.5022909935611047,-0.44568724322276787
pastoral,1,ET0411,9,0.22955263661773648,0.2615110170197541,0.45562297038157784,0.36319371302929254,0.4203831071956298,-0.4067286220808657,0.2994621595432143,0.39244054270500484,-0.2259352914814341
pastoral,1,ET0412,9,0.5472892368200779,0.6587815068400031,0.12395555573451389,0.3059003014955986,0.3743839046671166,0.7170708595284798,0.7648078746051374,0.9974386860642294,-1.0082406711672025
pastoral,1,ET0414,9,0.36607473831372483,0.40695617566644476,0.09183198803393777,0.3647992575730059,0.42684634651814163,0.0008882853346132702,0.5361315660668383,0.64870922087999,-1.3076559300687056
pastoral,1,ET0415,9,0.3398434122584475,0.4420392573679656,-0.19499136848803267,0.35939213127978015,0.481349711035175,-0.4169826022007934,0.5372170210737802,0.6574734046842197,-1.643622667573747
pastoral,1,ET0421,9,0.35045924935650297,0.39561757765611477,0.33264505844713643,0.28941486437572117,0.3757325539389116,0.3980459084747989,0.7270266271711008,0.837174234058473,-1.9883910609450393
pastoral,1,ET0501,9,0.24352385393114404,0.27375014044863877,0.2826769530707799,0.3375770383046086,0.43803419328192034,-0.8366318424109653,0.3832104215183645,0.4256105704541339,-0.7339273393663053
pastoral,1,ET0503,9,0.444169953766868,0.5243035140816594,-0.5007252342633233,0.42641509882171424,0.6152281853307086,-1.0663700335095125,0.42209887884724245,0.44625350597865143,-0.08717368154564675
pastoral,1,ET0504,9,0.27500158760988813,0.2875756857235856,-3.6816791444242103,0.13920422560442608,0.21168292999330787,-1.5366993318533253,0.4144783508827026,0.4422831689169043,-10.073837427858253
pastoral,1,ET0505,9,0.423262565644143,0.48574085820364965,-0.07827526074787783,0.5118612828871035,0.634921029446034,-0.8422976284432697,0.44337422347179495,0.49484663933818207,-0.11908125168035033
pastoral,1,ET0506,9,0.2559044463860039,0.33289293111665813,-0.14162221757612548,0.1894150603912507,0.2883152309312585,0.14365564909029427,0.586255253608991,0.6622438713127438,-3.518030533051501
pastoral,1,ET0507,9,0.46639109200639695,0.5546066644774393,-0.06637190395242709,0.6365519688914341,0.7760778349604897,-1.0880893872787643,0.4925118974840953,0.5719793826542149,-0.13422515623350884
pastoral,1,ET0508,9,0.5032839981422723,0.5921418530270637,0.2974354011569279,0.32499518580297126,0.5403083288478997,0.41505090930774213,0.8411827859273726,0.9913363281167008,-0.9691408811890698
pastoral,1,ET0509,9,0.5564653888084871,0.6319198538730851,-0.03139055556521719,0.30653516273004733,0.49131818811632866,0.3765166895786697,0.7807403938834607,0.9760038446475016,-1.4603801035459427
pastoral,1,ET0510,9,0.2999570953792538,0.33749947430328264,-1.0486024870277726,0.16900865697278888,0.3486069688386219,-1.1856651294250118,0.5144939151041462,0.5261986736168028,-3.979789581787431
pastoral,1,ET0511,9,0.5732539427533498,0.670567309089707,-0.7259778261122625,0.18819376623954748,0.37012422994585853,0.474169841411862,0.6672122159710222,0.8409180299456431,-1.71429961963368
pastoral,2,ET0201,9,0.19687834226193687,0.2637457838999527,0.6051587197187537,0.260410606180529,0.3145421759147645,0.43842305091565315,0.4777336811431254,0.595122494361105,-1.010315547712072
pastoral,2,ET0202,9,0.4568370117913198,0.5731123240963815,-0.5153834402624531,0.3005374752851057,0.420161103679156,0.1855306747905875,0.7400512415579339,0.8704380455968146,-2.4955761884054786
pastoral,2,ET0203,9,0.385183556762785,0.48423154554276426,0.3362563794696142,0.40915369112594346,0.5563606674321124,0.12379234703328978,0.50417184246259,0.673110546573692,-0.2825284088591704
pastoral,2,ET0204,9,0.6825167194216295,0.8234350041840702,-0.43431121879794565,0.4257905846846547,0.5847980192200324,0.27656997190757204,0.9777081881932881,1.156470226428918,-1.829134912445849
pastoral,2,ET0205,9,0.27510191318925337,0.37911243512716086,0.17643169138224768,0.45742271470233375,0.6605253675138774,-1.5000147415230418,0.35610686877347747,0.5022909935611047,-0.44568724322276787
pastoral,2,ET0411,9,0.30638861013072116,0.3393132827260091,0.08352307702601247,0.36319371302929254,0.4203831071956298,-0.4067286220808657,0.2994621595432143,0.39244054270500484,-0.2259352914814341
pastoral,2,ET0412,9,0.5087895371215237,0.6020048202303087,0.26845123995286324,0.3059003014955986,0.3743839046671166,0.7170708595284798,0.7648078746051374,0.9974386860642294,-1.0082406711672025
pastoral,2,ET0414,9,0.32749510410442056,0.37377281408297663,0.23389846120987634,0.3647992575730059,0.42684634651814163,0.0008882853346132702,0.5361315660668383,0.64870922087999,-1.3076559300687056
pastoral,2,ET0415,9,0.34130719637031814,0.4514832789129277,-0.24659800646693064,0.35939213127978015,0.481349711035175,-0.4169826022007934,0.5372170210737802,0.6574734046842197,-1.643622667573747
pastoral,2,ET0421,9,0.27062304575942586,0.3387668927836154,0.510663464120513,0.28941486437572117,0.3757325539389116,0.3980459084747989,0.7270266271711008,0.837174234058473,-1.9883910609450393
pastoral,2,ET0501,9,0.19533906173041973,0.29914813568290893,0.14339878815465257,0.3375770383046086,0.43803419328192034,-0.8366318424109653,0.3832104215183645,0.4256105704541339,-0.7339273393663053
pastoral,2,ET0503,9,0.4336252298322706,0.539022424609516,-0.586168476855478,0.42641509882171424,0.6152281853307086,-1.0663700335095125,0.42209887884724245,0.44625350597865143,-0.08717368154564675
pastoral,2,ET0504,9,0.2295091239681916,0.2780392230657281,-3.376323832671109,0.13920422560442608,0.21168292999330787,-1.5366993318533253,0.4144783508827026,0.4422831689169043,-10.073837427858253
pastoral,2,ET0505,9,0.476170069005797,0.5414704650035589,-0.3398923723884737,0.5118612828871035,0.634921029446034,-0.8422976284432697,0.44337422347179495,0.49484663933818207,-0.11908125168035033
pastoral,2,ET0506,9,0.2640476434331176,0.3276812240419384,-0.10615600261636304,0.1894150603912507,0.2883152309312585,0.14365564909029427,0.586255253608991,0.6622438713127438,-3.518030533051501
pastoral,2,ET0507,9,0.595157231354745,0.6826509751679998,-0.6156078547243602,0.6365519688914341,0.7760778349604897,-1.0880893872787643,0.4925118974840953,0.5719793826542149,-0.13422515623350884
pastoral,2,ET0508,9,0.47290400208488964,0.5590335933113576,0.37380361215350344,0.32499518580297126,0.5403083288478997,0.41505090930774213,0.8411827859273726,0.9913363281167008,-0.9691408811890698
pastoral,2,ET0509,9,0.5902475000823586,0.6668657222294654,-0.14861884903919065,0.30653516273004733,0.49131818811632866,0.3765166895786697,0.7807403938834607,0.9760038446475016,-1.4603801035459427
pastoral,2,ET0510,9,0.2697678461286299,0.3343391705847386,-1.0104163877172256,0.16900865697278888,0.3486069688386219,-1.1856651294250118,0.5144939151041462,0.5261986736168028,-3.979789581787431
pastoral,2,ET0511,9,0.5197115936797277,0.605399847671066,-0.4068087865203407,0.18819376623954748,0.37012422994585853,0.474169841411862,0.6672122159710222,0.8409180299456431,-1.71429961963368
pastoral,3,ET0201,9,0.23799207008259238,0.34357640232004866,0.3299639726174972,0.260410606180529,0.3145421759147645,0.43842305091565315,0.4777336811431254,0.595122494361105,-1.010315547712072
pastoral,3,ET0202,9,0.5372854954471544,0.6608259142388894,-1.014731482941027,0.3005374752851057,0.420161103679156,0.1855306747905875,0.7400512415579339,0.8704380455968146,-2.4955761884054786
pastoral,3,ET0203,9,0.5088066576129808,0.588186590487377,0.020680411093662254,0.40915369112594346,0.5563606674321124,0.12379234703328978,0.50417184246259,0.673110546573692,-0.2825284088591704
pastoral,3,ET0204,9,0.705398313967667,0.8681468900816778,-0.5943041377846416,0.4257905846846547,0.5847980192200324,0.27656997190757204,0.9777081881932881,1.156470226428918,-1.829134912445849
pastoral,3,ET0205,9,0.3546823772112148,0.5152871166100645,-0.521465591952784,0.45742271470233375,0.6605253675138774,-1.5000147415230418,0.35610686877347747,0.5022909935611047,-0.44568724322276787
pastoral,3,ET0411,9,0.2581814742666783,0.3086774832501558,0.24154518377701406,0.36319371302929254,0.4203831071956298,-0.4067286220808657,0.2994621595432143,0.39244054270500484,-0.2259352914814341
pastoral,3,ET0412,9,0.5867840691768487,0.7047715817657275,-0.002628646752183661,0.3059003014955986,0.3743839046671166,0.7170708595284798,0.7648078746051374,0.9974386860642294,-1.0082406711672025
pastoral,3,ET0414,9,0.27546793159194227,0.31594401652911785,0.4526171531663584,0.3647992575730059,0.42684634651814163,0.0008882853346132702,0.5361315660668383,0.64870922087999,-1.3076559300687056
pastoral,3,ET0415,9,0.40346853173870323,0.558237948218476,-0.905819643097699,0.35939213127978015,0.481349711035175,-0.4169826022007934,0.5372170210737802,0.6574734046842197,-1.643622667573747
pastoral,3,ET0421,9,0.4289659972380744,0.4792501975305536,0.020667149064124923,0.28941486437572117,0.3757325539389116,0.3980459084747989,0.7270266271711008,0.837174234058473,-1.9883910609450393
pastoral,3,ET0501,9,0.3370873333183086,0.4516606867518963,-0.9526781394513277,0.3375770383046086,0.43803419328192034,-0.8366318424109653,0.3832104215183645,0.4256105704541339,-0.7339273393663053
pastoral,3,ET0503,9,0.5300923017610194,0.6388780309695326,-1.2282892072841274,0.42641509882171424,0.6152281853307086,-1.0663700335095125,0.42209887884724245,0.44625350597865143,-0.08717368154564675
pastoral,3,ET0504,9,0.2974912942850997,0.3569906527946898,-6.214579247246181,0.13920422560442608,0.21168292999330787,-1.5366993318533253,0.4144783508827026,0.4422831689169043,-10.073837427858253
pastoral,3,ET0505,9,0.4795200366177404,0.5563871808154478,-0.41473337831215384,0.5118612828871035,0.634921029446034,-0.8422976284432697,0.44337422347179495,0.49484663933818207,-0.11908125168035033
pastoral,3,ET0506,9,0.41729394020978317,0.4708327219815275,-1.2837393844166147,0.1894150603912507,0.2883152309312585,0.14365564909029427,0.586255253608991,0.6622438713127438,-3.518030533051501
pastoral,3,ET0507,9,0.6042720150038919,0.7200259825259551,-0.797359133677797,0.6365519688914341,0.7760778349604897,-1.0880893872787643,0.4925118974840953,0.5719793826542149,-0.13422515623350884
pastoral,3,ET0508,9,0.637553023732957,0.7100348954750086,-0.010169221495369918,0.32499518580297126,0.5403083288478997,0.41505090930774213,0.8411827859273726,0.9913363281167008,-0.9691408811890698
pastoral,3,ET0509,9,0.6399559724402145,0.716047698918296,-0.3242898680747157,0.30653516273004733,0.49131818811632866,0.3765166895786697,0.7807403938834607,0.9760038446475016,-1.4603801035459427
pastoral,3,ET0510,9,0.2922376688042988,0.3706523038423626,-1.4708415847547065,0.16900865697278888,0.3486069688386219,-1.1856651294250118,0.5144939151041462,0.5261986736168028,-3.979789581787431
pastoral,3,ET0511,9,0.564746341296771,0.6489949802902936,-0.6167137534389338,0.18819376623954748,0.37012422994585853,0.474169841411862,0.6672122159710222,0.8409180299456431,-1.71429961963368
pastoral,4,ET0201,9,0.30921691769909476,0.40779921101728467,0.05606027828060978,0.2779246997284173,0.3972083568908893,0.10445326748550543,0.4777336811431254,0.595122494361105,-1.010315547712072
pastoral,4,ET0202,9,0.5665968583128586,0.6609774195871533,-1.015655410345743,0.4406134783966463,0.5099076910774665,-0.19957157777684342,0.7400512415579339,0.8704380455968146,-2.4955761884054786
pastoral,4,ET0203,9,0.5248957040629827,0.606655893222471,-0.041787266347113494,0.47380227453617363,0.6085124790979081,-0.048173513215311825,0.50417184246259,0.673110546573692,-0.2825284088591704
pastoral,4,ET0204,9,0.6923617185171597,0.8497049874153567,-0.5272884953850498,0.5124755060130403,0.6361882629739599,0.14383779785183037,0.9777081881932881,1.156470226428918,-1.829134912445849
pastoral,4,ET0205,9,0.3156068082931826,0.464991155007881,-0.23894763370961547,0.3658127052782008,0.5865244266454361,-0.9712230737562266,0.35610686877347747,0.5022909935611047,-0.44568724322276787
pastoral,4,ET0411,9,0.216200825996172,0.29089326010711564,0.3264231850158483,0.38132785960599563,0.4564718433717297,-0.6586234462151235,0.2994621595432143,0.39244054270500484,-0.2259352914814341
pastoral,4,ET0412,9,0.6367478613419691,0.736714159862396,-0.09557313862043038,0.48361043292473016,0.5773952278327196,0.327039270998982,0.7648078746051374,0.9974386860642294,-1.0082406711672025
pastoral,4,ET0414,9,0.3323144795290738,0.3888032117604025,0.17104567518271963,0.3732282030956188,0.44556404762433366,-0.08865731517427933,0.5361315660668383,0.64870922087999,-1.3076559300687056
pastoral,4,ET0415,9,0.4090390682232757,0.5067714272588236,-0.5706062748921843,0.41741365870104896,0.49801822378719834,-0.5168182912171853,0.5372170210737802,0.6574734046842197,-1.643622667573747
pastoral,4,ET0421,9,0.5189009953264873,0.5568644504684086,-0.3222230067019016,0.3251965395955469,0.405802649048573,0.2978409832383999,0.7270266271711008,0.837174234058473,-1.9883910609450393
pastoral,4,ET0501,9,0.2805691089516013,0.38015993557209654,-0.3833713399958949,0.36484975671056774,0.4791118024501739,-1.1972517651400771,0.3832104215183645,0.4256105704541339,-0.7339273393663053
pastoral,4,ET0503,9,0.4831714989028787,0.5270694693119233,-0.5166011069457137,0.6148863237631859,0.7463971837876419,-2.041414641388145,0.42209887884724245,0.44625350597865143,-0.08717368154564675
pastoral,4,ET0504,9,0.33076780799580857,0.3435122274808549,-5.68008085888685,0.09632814627676077,0.18174947722760537,-0.8700088373723416,0.4144783508827026,0.4422831689169043,-10.073837427858253
pastoral,4,ET0505,9,0.4581572539541884,0.5070703965099274,-0.17505144985184828,0.6125199386289333,0.7515412391234353,-1.5812258311384557,0.44337422347179495,0.49484663933818207,-0.11908125168035033
pastoral,4,ET0506,9,0.36524357521563205,0.4407477723337013,-1.0012139323013978,0.24761701304326517,0.35148771303759324,-0.2727220309423404,0.586255253608991,0.6622438713127438,-3.518030533051501
pastoral,4,ET0507,9,0.5299064521410719,0.6047463741231075,-0.26790020577551976,0.5490594420470676,0.7266113802960176,-0.8303869770134971,0.4925118974840953,0.5719793826542149,-0.13422515623350884
pastoral,4,ET0508,9,0.6103541792471443,0.6837659019414651,0.06319408350691147,0.6278095738306799,0.7623763653650758,-0.16459144111561308,0.8411827859273726,0.9913363281167008,-0.9691408811890698
pastoral,4,ET0509,9,0.6850964507862973,0.7824426678265602,-0.5812633308128567,0.4853518975779749,0.6412013908390933,-0.06191085663919904,0.7807403938834607,0.9760038446475016,-1.4603801035459427
pastoral,4,ET0510,9,0.36327232366622636,0.4148062696515068,-2.0945828770542456,0.17598730578831834,0.3558392760422432,-1.277294819545327,0.5144939151041462,0.5261986736168028,-3.979789581787431
pastoral,4,ET0511,9,0.590069949519775,0.6816915898426416,-0.7837185529628594,0.3014705652904599,0.4986647619924337,0.04551783574151169,0.6672122159710222,0.8409180299456431,-1.71429961963368
pastoral,8,ET0201,9,0.46043432654325744,0.524010670666137,-0.558589553876006,0.3622327445397151,0.45054683777012905,-0.1522093397644,0.4777336811431254,0.595122494361105,-1.010315547712072
pastoral,8,ET0202,9,0.6916801757400465,0.8503971901929186,-2.3364657814066843,0.5469642033320904,0.6032056696508622,-0.6787030202534561,0.7400512415579339,0.8704380455968146,-2.4955761884054786
pastoral,8,ET0203,9,0.586233229011347,0.6841607923441898,-0.32498379730832205,0.5462716477924485,0.7825407103887893,-0.7334370854266299,0.50417184246259,0.673110546573692,-0.2825284088591704
pastoral,8,ET0204,9,0.9181122708005527,1.0864123184612824,-1.496744536150533,0.75890953427653,0.904076305670788,-0.7289997086782352,0.9777081881932881,1.156470226428918,-1.829134912445849
pastoral,8,ET0205,9,0.27752393285801835,0.474306941984609,-0.28908789100829435,0.13611818317637223,0.31806091717123036,0.42032552054417227,0.35610686877347747,0.5022909935611047,-0.44568724322276787
pastoral,8,ET0411,9,0.2856369761910684,0.34168079828286096,0.07068925563877526,0.2743947243638656,0.3925900801206556,-0.2268697419393384,0.2994621595432143,0.39244054270500484,-0.2259352914814341
pastoral,8,ET0412,9,0.7906316364172459,0.9893906307084713,-0.9759635453059734,0.6239348893708477,0.7196248331333236,-0.0453353201772666,0.7648078746051374,0.9974386860642294,-1.0082406711672025
pastoral,8,ET0414,9,0.41118851301217174,0.4677209187186827,-0.19962222226049797,0.35523257746635095,0.4278556900456171,-0.0038424064669768665,0.5361315660668383,0.64870922087999,-1.3076559300687056
pastoral,8,ET0415,9,0.49431745209321004,0.647498646792737,-1.5640165101931713,0.42065607621167894,0.5159348038021183,-0.6279187972130711,0.5372170210737802,0.6574734046842197,-1.643622667573747
pastoral,8,ET0421,9,0.7384978846104091,0.8053179694127145,-1.76528884235619,0.43347507914993677,0.5305064559317776,-0.20001608794876513,0.7270266271711008,0.837174234058473,-1.9883910609450393
pastoral,8,ET0501,9,0.315914566539947,0.38267145710003414,-0.40171016665583936,0.32192909890767935,0.3898591470368144,-0.45486112635812925,0.3832104215183645,0.4256105704541339,-0.7339273393663053
pastoral,8,ET0503,9,0.514543419305725,0.5453474847229052,-0.6236120911657435,0.44371472855459465,0.6324163031375174,-1.1834425145468899,0.42209887884724245,0.44625350597865143,-0.08717368154564675
pastoral,8,ET0504,9,0.3474165129989052,0.3982033106655319,-7.976500328308026,0.1396851957509043,0.21215534906979794,-1.5480344205313008,0.4144783508827026,0.4422831689169043,-10.073837427858253
pastoral,8,ET0505,9,0.43790135066800867,0.5113817225389147,-0.1951179601268611,0.5202195903297839,0.6955528034315542,-1.210958446294137,0.44337422347179495,0.49484663933818207,-0.11908125168035033
pastoral,8,ET0506,9,0.5004737584691283,0.5612183603950254,-2.244718367097455,0.3119007810977861,0.38586065746552584,-0.5338195388460198,0.586255253608991,0.6622438713127438,-3.518030533051501
pastoral,8,ET0507,9,0.423440503188503,0.5357439871252883,0.004931136587886686,0.5405809056180281,0.8435107145090084,-1.4667193068310738,0.4925118974840953,0.5719793826542149,-0.13422515623350884
pastoral,8,ET0508,9,0.7962854114876092,0.8815904882512148,-0.557286566586114,0.6397036654043712,0.7729061321705843,-0.19698374200902746,0.8411827859273726,0.9913363281167008,-0.9691408811890698
pastoral,8,ET0509,9,0.9005570558778161,0.9999268214588147,-1.5824717836894764,0.5016771179126285,0.6620810595932151,-0.13219563849170402,0.7807403938834607,0.9760038446475016,-1.4603801035459427
pastoral,8,ET0510,9,0.6077074707764412,0.6209917945724249,-5.935586899746927,0.1572144145368892,0.3204483746036866,-0.8468330606249315,0.5144939151041462,0.5261986736168028,-3.979789581787431
pastoral,8,ET0511,9,0.873462956337868,0.9782701089778911,-2.6733983381454522,0.4117778710676442,0.5992367266576762,-0.37831125796917364,0.6672122159710222,0.8409180299456431,-1.71429961963368
pastoral,12,ET0201,9,0.3785664197608953,0.4554393588469667,-0.17736905872924513,0.37887605874986263,0.5166328277597285,-0.5150099901217995,0.4777336811431254,0.595122494361105,-1.010315547712072
pastoral,12,ET0202,9,0.7265222050725392,0.856501370970473,-2.384536226263489,0.47472115466742715,0.5868010393940077,-0.5886374302900736,0.7400512415579339,0.8704380455968146,-2.4955761884054786
pastoral,12,ET0203,9,0.5641862391465737,0.6590434270533975,-0.22948226665970162,0.6697572030920644,0.8586445858409512,-1.086993396183416,0.50417184246259,0.673110546573692,-0.2825284088591704
pastoral,12,ET0204,9,0.8880195208929158,1.0420946974696874,-1.2972016402753397,0.7218679106978154,0.9098268719763632,-0.7510649896785571,0.9777081881932881,1.156470226428918,-1.829134912445849
pastoral,12,ET0205,9,0.3016113860572063,0.45542715030999414,-0.18850606378853918,0.34264731252946595,0.5666014059629293,-0.8395807760280487,0.35610686877347747,0.5022909935611047,-0.44568724322276787
pastoral,12,ET0411,9,0.27269787322327255,0.31087836111660316,0.23069102392768437,0.4000460178400348,0.4583648749213294,-0.6724089058696585,0.2994621595432143,0.39244054270500484,-0.2259352914814341
pastoral,12,ET0412,9,0.722285172891421,0.9203781392560825,-0.7099205463658065,0.7299428303286626,0.8857276135697928,-0.5835934991821967,0.7648078746051374,0.9974386860642294,-1.0082406711672025
pastoral,12,ET0414,9,0.42670380072935515,0.4905375518172136,-0.31951834523924294,0.5094221681318495,0.5857662828492413,-0.8815668526553921,0.5361315660668383,0.64870922087999,-1.3076559300687056
pastoral,12,ET0415,9,0.5366081731673705,0.6454346196074345,-1.547695966971876,0.6107428092906342,0.6556947284896695,-1.6293383231017362,0.5372170210737802,0.6574734046842197,-1.643622667573747
pastoral,12,ET0421,9,0.7780440034526399,0.8650103174426335,-2.1904232154050383,0.537586284803282,0.6329953805141252,-0.7084678197703838,0.7270266271711008,0.837174234058473,-1.9883910609450393
pastoral,12,ET0501,9,0.3032106133446631,0.36348023778605615,-0.264642259557722,0.4566081900002364,0.5530200649818451,-1.927439045285582,0.3832104215183645,0.4256105704541339,-0.7339273393663053
pastoral,12,ET0503,9,0.4373809680914645,0.4636195129126472,-0.17343506219903482,0.42324560618629525,0.6111585633936919,-1.039123129420438,0.42209887884724245,0.44625350597865143,-0.08717368154564675
pastoral,12,ET0504,9,0.3159829364463393,0.3372564383947235,-5.438990982481068,0.11964446967762339,0.18962524633544012,-1.0355868384497526,0.4144783508827026,0.4422831689169043,-10.073837427858253
pastoral,12,ET0505,9,0.4376334420573291,0.5031459945441743,-0.15693353288682332,0.3571534138926697,0.4897312736426843,-0.09606433501603173,0.44337422347179495,0.49484663933818207,-0.11908125168035033
pastoral,12,ET0506,9,0.4280246306360798,0.5215195025546526,-1.8019112402607806,0.40402709825505795,0.4843349208680391,-1.4166003390603672,0.586255253608991,0.6622438713127438,-3.518030533051501
pastoral,12,ET0507,9,0.5662596958629279,0.6160744848653886,-0.315845716929414,0.3267545208747564,0.552789667324957,-0.059396074514898034,0.4925118974840953,0.5719793826542149,-0.13422515623350884
pastoral,12,ET0508,9,0.7496652809486688,0.8821572002857373,-0.5592893483974339,0.564198311300943,0.7267057780020441,-0.058161539159147235,0.8411827859273726,0.9913363281167008,-0.9691408811890698
pastoral,12,ET0509,9,0.8063610674346535,0.9377590492193183,-1.2713375297911869,0.528745966172425,0.6800096002236458,-0.19434346478214004,0.7807403938834607,0.9760038446475016,-1.4603801035459427
pastoral,12,ET0510,9,0.748620718838575,0.7608398821603455,-9.411133933843974,0.16816329632949628,0.32166559911031695,-0.860890114292042,0.5144939151041462,0.5261986736168028,-3.979789581787431
pastoral,12,ET0511,9,0.8942767976643063,1.017373136690595,-2.9729306991301656,0.41091138563815194,0.5996924739169678,-0.38040859420805506,0.6672122159710222,0.8409180299456431,-1.71429961963368
