{
"type": "FeatureCollection",
"name": "admin2_boundaries",
"crs": { "type": "name", "properties": { "name": "urn:ogc:def:crs:OGC:1.3:CRS84" } },
"features": [
{ "type": "Feature", "properties": { "ADM2_PCODE": "ET0508", "ADM2_EN": "Afder", "ADM1_EN": "Somali" }, "geometry": { "type": "Polygon", "coordinates": [ [ [ 42.02878180700003, 6.614781853000068 ], [ 42.046268466000072, 6.613638403000039 ], [ 42.043087029000048, 6.594059514000037 ], [ 42.058681419000038, 6.597027381000032 ], [ 42.067398100000048, 6.564736352000068 ], [ 42.117900792000057, 6.535993609000059 ], [ 42.110034989000042, 6.522786099000029 ], [ 42.144119251000063, 6.50094563600004 ], [ 42.130111705000047, 6.483058864000043 ], [ 42.145877896000059, 6.456145830000025 ], [ 42.180419916000062, 6.451319148000039 ], [ 42.180492492000042, 6.428792993000059 ], [ 42.217731541000035, 6.428598323000074 ], [ 42.247814105000032, 6.396355111000048 ], [ 42.237419105000072, 6.383113392000041 ], [ 42.26451490200003, 6.384851436000076 ], [ 42.267902349000053, 6.35501154800005 ], [ 42.298015532000079, 6.337248382000041 ], [ 42.289886452000076, 6.326565724000034 ], [ 42.346015864000037, 6.339718423000022 ], [ 42.345638241000074, 6.316034266000031 ], [ 42.392120336000062, 6.32882692000004 ], [ 42.414150178000057, 6.29646974000002 ], [ 42.421138831000064, 6.306676308000021 ], [ 42.432102154000063, 6.294404916000076 ], [ 42.433277168000075, 6.309822969000038 ], [ 42.47858425000004, 6.289720550000027 ], [ 42.510108883000044, 6.304152024000075 ], [ 42.554748606000032, 6.281968526000071 ], [ 42.614299863000042, 6.279514361000054 ], [ 42.630733414000076, 6.252595846000077 ], [ 42.678527925000026, 6.270448219000059 ], [ 42.73745718300006, 6.262688635000075 ], [ 42.754337339000074, 6.218530107000049 ], [ 42.811744769000029, 6.185456806000047 ], [ 42.80100257600003, 6.180953502000023 ], [ 42.806642373000045, 6.142815657000028 ], [ 42.855011030000071, 6.143464028000039 ], [ 42.890785140000048, 6.130805563000024 ], [ 42.893760756000063, 6.113367478000043 ], [ 42.911552461000042, 6.123705778000044 ], [ 42.915744859000029, 6.100995537000074 ], [ 42.866258728000048, 5.994924167000022 ], [ 42.811396053000067, 5.942925498000022 ], [ 42.812884999000062, 5.826853018000065 ], [ 42.856667453000057, 5.820513618000064 ], [ 43.071282773000064, 5.643471900000065 ], [ 43.124710268000058, 5.633820252000021 ], [ 43.224076559000025, 5.549159029000066 ], [ 43.303958, 5.224968 ], [ 43.508545760000061, 4.829276613000047 ], [ 43.1936, 4.68778 ], [ 43.08083, 4.60417 ], [ 42.96888, 4.50431 ], [ 42.93361, 4.38875 ], [ 42.87666, 4.31833 ], [ 42.76861, 4.27833 ], [ 42.563789384000074, 4.246906929000033 ], [ 42.585087331000068, 4.214725171000055 ], [ 42.554531097000051, 4.206250191000038 ], [ 42.08454637300008, 4.17779770900006 ], [ 42.055798271000072, 4.214615019000064 ], [ 42.059083136000027, 4.27860266600004 ], [ 41.999361658000055, 4.298511655000027 ], [ 41.982883533000063, 4.287438778000023 ], [ 41.973834969000052, 4.312562549000063 ], [ 41.949680390000026, 4.298650258000066 ], [ 41.934978457000057, 4.340136138000048 ], [ 41.918395974000077, 4.325955468000075 ], [ 41.885250098000029, 4.349126868000042 ], [ 41.88246537200007, 4.388711975000035 ], [ 41.85170751000004, 4.384952010000063 ], [ 41.852542891000041, 4.415086737000024 ], [ 41.823295518000066, 4.438696429000061 ], [ 41.81110766300003, 4.432313900000054 ], [ 41.771247939000034, 4.491862699000023 ], [ 41.788238473000035, 4.495001800000068 ], [ 41.721992458000045, 4.554674583000065 ], [ 41.721988678000059, 4.602066903000036 ], [ 41.698314726000035, 4.593436784000062 ], [ 41.713646029000074, 4.584621824000067 ], [ 41.704410544000041, 4.572472525000023 ], [ 41.673282620000066, 4.588723691000041 ], [ 41.62385949600008, 4.667862341000045 ], [ 41.597076493000031, 4.681559550000031 ], [ 41.618003897000051, 4.691354664000073 ], [ 41.597961392000059, 4.724574628000028 ], [ 41.590442593000034, 4.786722179000037 ], [ 41.570350570000073, 4.808668670000031 ], [ 41.581241695000074, 4.83162347800004 ], [ 41.556045537000045, 4.843010350000043 ], [ 41.55415345800003, 4.880975726000031 ], [ 41.489246319000074, 4.943378993000067 ], [ 41.484756435000065, 4.965941814000075 ], [ 41.418350148000059, 5.00327063800006 ], [ 41.346580419000077, 5.129175640000028 ], [ 41.348068227000056, 5.154471968000053 ], [ 41.339279160000046, 5.13978817900005 ], [ 41.323966946000041, 5.156415077000077 ], [ 41.318546237000078, 5.284555004000026 ], [ 41.294944672000042, 5.35135705600004 ], [ 41.251205534000064, 5.381439621000027 ], [ 41.253444617000071, 5.422139639000022 ], [ 41.204410644000063, 5.450171553000075 ], [ 41.177326187000062, 5.510999126000058 ], [ 41.183113178000042, 5.537105509000071 ], [ 41.14310830200003, 5.569552463000036 ], [ 41.155849549000038, 5.595487989000048 ], [ 41.137081092000074, 5.612581717000069 ], [ 41.228632580000067, 5.712569685000062 ], [ 41.408508845000028, 5.665572687000065 ], [ 41.545900169000049, 5.761479971000028 ], [ 41.619870877000039, 5.877786746000027 ], [ 41.623534664000033, 5.936955201000046 ], [ 41.566291, 6.041727 ], [ 41.481531, 6.446528 ], [ 41.519907782000075, 6.472032806000072 ], [ 41.619688883000038, 6.361716810000075 ], [ 41.633348992000037, 6.391386771000043 ], [ 41.690329268000028, 6.429416634000063 ], [ 41.757879747000061, 6.540536444000054 ], [ 41.819660021000061, 6.570476295000049 ], [ 41.853665850000027, 6.568909076000068 ], [ 41.860730083000078, 6.535341221000067 ], [ 41.936410376000026, 6.553176036000025 ], [ 41.999540669000055, 6.589845874000048 ], [ 42.01017130300005, 6.654691985000056 ], [ 42.033111609000059, 6.634376618000033 ], [ 42.02878180700003, 6.614781853000068 ] ] ] } },
{ "type": "Feature", "properties": { "ADM2_PCODE": "ET1202", "ADM2_EN": "Agnewak", "ADM1_EN": "Gambela" }, "geometry": { "type": "Polygon", "coordinates": [ [ [ 34.826427111000044, 8.261935566000034 ], [ 35.073245997000072, 8.220184827000026 ], [ 35.138131458000032, 8.181827079000072 ], [ 35.157659299000045, 8.13671 ], [ 35.143271224000046, 8.142853244000037 ], [ 35.089087727000049, 8.113922156000058 ], [ 35.117936250000071, 8.082588241000053 ], [ 35.141024095000034, 7.989027562000047 ], [ 35.108557973000075, 7.957113076000041 ], [ 35.048340566000036, 7.95443646700005 ], [ 35.008480071000065, 7.923502092000035 ], [ 35.000615269000036, 7.862321638000026 ], [ 34.950686634000078, 7.890286446000061 ], [ 34.944275153000035, 7.879393290000053 ], [ 34.931977556000049, 7.728168627000059 ], [ 35.000382965000028, 7.747008853000068 ], [ 34.998476021000045, 7.64355994400006 ], [ 34.909815193000043, 7.626328680000029 ], [ 34.864331866000043, 7.54525452200005 ], [ 34.921131598000045, 7.463518069000031 ], [ 34.925002200000051, 7.386278501000049 ], [ 34.988717622000024, 7.35442504100007 ], [ 34.965213232000053, 7.266741659000047 ], [ 34.981786882000051, 7.223678287000041 ], [ 34.970159702000046, 7.234028107000029 ], [ 34.942449190000048, 7.19290841000003 ], [ 34.898093041000038, 7.184790768000028 ], [ 34.89267251800004, 7.091504588000021 ], [ 34.877082333000033, 7.069790269000066 ], [ 34.911325456000043, 6.988154524000038 ], [ 34.997882971000024, 6.892863830000067 ], [ 34.992364608000059, 6.864031074000025 ], [ 34.968994400000042, 6.859264409000048 ], [ 34.93366099800005, 6.796293009000067 ], [ 35.079861794000067, 6.81079876900003 ], [ 35.179559546000064, 6.727364908000027 ], [ 35.197662145000038, 6.680216192000046 ], [ 35.173851643000035, 6.466523021000057 ], [ 35.199465521000036, 6.41090398800003 ], [ 35.178499831000067, 6.379267700000071 ], [ 35.131504261000032, 6.395495062000066 ], [ 35.106107879000035, 6.318904831000054 ], [ 35.038268534000053, 6.304626489000043 ], [ 35.011289767000051, 6.28025950600005 ], [ 34.852922775000025, 6.332049399000027 ], [ 34.75699, 6.61378 ], [ 34.65472, 6.71667 ], [ 34.52882, 6.74722 ], [ 34.4718, 6.91431 ], [ 34.36097, 6.95903 ], [ 34.29957, 6.96432 ], [ 34.23569, 7.01972 ], [ 34.16333, 7.17167 ], [ 34.02708, 7.24812 ], [ 34.02771, 7.37868 ], [ 33.88555, 7.52542 ], [ 33.71249, 7.65847 ], [ 33.453941863000068, 7.744200262000049 ], [ 33.475962769000034, 7.790827379000064 ], [ 33.482765123000036, 7.883940990000042 ], [ 33.45544361900005, 7.877461933000063 ], [ 33.440401695000048, 7.906962919000023 ], [ 33.464802180000049, 7.961215250000066 ], [ 33.503758660000074, 7.975816337000026 ], [ 33.477065728000071, 8.040536970000062 ], [ 33.488340556000026, 8.131681406000041 ], [ 33.460840825000048, 8.242775145000053 ], [ 33.50584256500008, 8.293701164000026 ], [ 33.567943809000042, 8.271828377000077 ], [ 33.555136640000057, 8.214136279000058 ], [ 33.614422981000075, 8.127017672000022 ], [ 33.78288787300005, 8.175837204000061 ], [ 33.822152784000025, 8.170081804000063 ], [ 33.852504090000025, 8.136068911000052 ], [ 33.858882029000029, 8.209495640000057 ], [ 33.889783453000064, 8.269661876000043 ], [ 33.93105835700004, 8.230227360000072 ], [ 33.944058988000052, 8.181763225000054 ], [ 34.033531312000036, 8.181957113000067 ], [ 34.072951388000035, 8.153306473000043 ], [ 34.098161118000064, 8.15433613600004 ], [ 34.137544320000075, 8.091999073000068 ], [ 34.248894860000064, 8.071551696000029 ], [ 34.30595938700003, 8.027939028000048 ], [ 34.351302691000058, 8.066735121000022 ], [ 34.383589963000077, 8.059022696000056 ], [ 34.439694, 8.093785808000064 ], [ 34.436572352000042, 8.15166838500005 ], [ 34.452035106000039, 8.178122768000037 ], [ 34.375140766000072, 8.178064672000062 ], [ 34.357541484000024, 8.209741656000062 ], [ 34.38410662900003, 8.210642361000055 ], [ 34.359073668000065, 8.273202111000046 ], [ 34.354252510000038, 8.346951620000027 ], [ 34.383758692000072, 8.395130791000042 ], [ 34.522687101000031, 8.475544933000037 ], [ 34.55652675400006, 8.455134120000025 ], [ 34.574273499000071, 8.403479557000026 ], [ 34.728751828000043, 8.390022244000022 ], [ 34.785250433000044, 8.355242661000034 ], [ 34.785803330000078, 8.303639340000075 ], [ 34.826427111000044, 8.261935566000034 ] ] ] } },
{ "type": "Feature", "properties": { "ADM2_PCODE": "ET0712", "ADM2_EN": "Alle", "ADM1_EN": "SNNP" }, "geometry": { "type": "Polygon", "coordinates": [ [ [ 37.126045877000024, 5.727740727000025 ], [ 37.229858064000041, 5.70419041100007 ], [ 37.268177318000028, 5.652574311000023 ], [ 37.258072576000075, 5.626227107000034 ], [ 37.268195151000043, 5.589092103000041 ], [ 37.322357136000051, 5.594542844000046 ], [ 37.313554142000044, 5.579009808000023 ], [ 37.335380468000039, 5.523624549000033 ], [ 37.361688590000028, 5.511843620000036 ], [ 37.340455791000068, 5.479872219000072 ], [ 37.30869602000007, 5.477927442000066 ], [ 37.302502909000054, 5.492896528000074 ], [ 37.274886667000033, 5.465064578000067 ], [ 37.246901341000068, 5.48297473100007 ], [ 37.229248139000049, 5.470027563000031 ], [ 37.225763821000044, 5.511515186000054 ], [ 37.183413629000029, 5.508287991000032 ], [ 37.145008592000067, 5.443170343000077 ], [ 37.068006980000064, 5.387979185000063 ], [ 37.05424251900007, 5.394467402000032 ], [ 37.071385019000047, 5.436344040000051 ], [ 37.055104580000034, 5.493865951000032 ], [ 37.017779734000044, 5.529840604000071 ], [ 37.010043807000045, 5.564963186000057 ], [ 37.030027907000033, 5.631517956000039 ], [ 37.051593478000029, 5.651935936000029 ], [ 37.053052515000047, 5.70280450100006 ], [ 37.096472249000044, 5.70221710900006 ], [ 37.126045877000024, 5.727740727000025 ] ] ] } },
{ "type": "Feature", "properties": { "ADM2_PCODE": "ET0721", "ADM2_EN": "Amaro", "ADM1_EN": "SNNP" }, "geometry": { "type": "Polygon", "coordinates": [ [ [ 37.827095533000033, 6.009990222000056 ], [ 37.903975012000046, 5.960507907000022 ], [ 37.968574602000047, 5.956017667000026 ], [ 38.019874167000069, 5.79004003700004 ], [ 38.088883692000024, 5.745607964000044 ], [ 38.075163846000066, 5.688940437000042 ], [ 38.008014704000061, 5.650154599000075 ], [ 37.943519996000077, 5.639464151000027 ], [ 37.918780708000043, 5.649543162000043 ], [ 37.883761837000065, 5.624311831000057 ], [ 37.845599040000025, 5.620915229000047 ], [ 37.800895977000039, 5.648072863000039 ], [ 37.734227020000048, 5.624177276000069 ], [ 37.728556798000056, 5.663835974000051 ], [ 37.694081203000053, 5.706615849000059 ], [ 37.604689797000049, 5.688068561000023 ], [ 37.586131463000072, 5.657778120000046 ], [ 37.599534745000028, 5.606556015000024 ], [ 37.574376808000068, 5.601334718000032 ], [ 37.538821584000061, 5.651560460000042 ], [ 37.557504512000037, 5.705346234000046 ], [ 37.542669811000053, 5.816648351000026 ], [ 37.643092925000076, 5.865475342000025 ], [ 37.674602819000029, 5.856395250000048 ], [ 37.681478791000075, 5.885122114000069 ], [ 37.719207206000078, 5.922386581000069 ], [ 37.782084355000052, 5.953785423000056 ], [ 37.783175819000064, 6.010600270000054 ], [ 37.803736092000065, 5.993178830000033 ], [ 37.827095533000033, 6.009990222000056 ] ] ] } },
{ "type": "Feature", "properties": { "ADM2_PCODE": "ET0408", "ADM2_EN": "Arsi", "ADM1_EN": "Oromia" }, "geometry": { "type": "Polygon", "coordinates": [ [ [ 39.904861202000063, 8.716222080000023 ], [ 39.943149083000037, 8.704728127000067 ], [ 39.951593569000067, 8.67728680700003 ], [ 39.976264068000035, 8.662186499000029 ], [ 40.022912088000055, 8.683983806000072 ], [ 40.04284092000006, 8.633388935000028 ], [ 40.079023134000067, 8.639574824000022 ], [ 40.117941807000079, 8.61843535600002 ], [ 40.142875210000057, 8.627474824000046 ], [ 40.176310289000071, 8.61482432300005 ], [ 40.164708735000033, 8.578629557000056 ], [ 40.182756488000052, 8.539058296000064 ], [ 40.227482144000078, 8.569621005000045 ], [ 40.258013061000042, 8.571573190000038 ], [ 40.258241539000039, 8.606609333000051 ], [ 40.27879928200008, 8.61822716100005 ], [ 40.291123853000045, 8.606612833000042 ], [ 40.307005977000074, 8.396479169000031 ], [ 40.389574794000055, 8.180790907000073 ], [ 40.35741911000008, 8.127986941000074 ], [ 40.393831694000028, 8.054645210000047 ], [ 40.385290004000069, 8.037316419000035 ], [ 40.468518522000068, 7.949216386000046 ], [ 40.541975752000042, 7.913033650000045 ], [ 40.595742805000043, 7.863616832000048 ], [ 40.652166330000057, 7.900970914000027 ], [ 40.663860840000041, 7.889218659000051 ], [ 40.728889300000048, 7.906272609000041 ], [ 40.709379733000048, 7.825477711000076 ], [ 40.625383126000031, 7.79142168900006 ], [ 40.562191813000027, 7.700359002000027 ], [ 40.550399285000026, 7.64954190900005 ], [ 40.509756767000056, 7.658202731000074 ], [ 40.462901663000025, 7.632096017000038 ], [ 40.429181415000073, 7.632387286000039 ], [ 40.311942941000041, 7.548147928000049 ], [ 40.290405167000074, 7.513974535000045 ], [ 40.159522730000049, 7.438362537000046 ], [ 40.101625181000031, 7.438628527000049 ], [ 40.069663826000067, 7.466176809000046 ], [ 39.957508096000026, 7.490553804000058 ], [ 39.87643044400005, 7.47946502700006 ], [ 39.858005019000075, 7.461961168000073 ], [ 39.826319774000069, 7.468817466000075 ], [ 39.772722464000026, 7.437781962000031 ], [ 39.659665681000035, 7.481613303000074 ], [ 39.603432965000025, 7.445809593000035 ], [ 39.566312803000073, 7.445405672000049 ], [ 39.498272825000072, 7.35545204400006 ], [ 39.501127741000062, 7.29114518800003 ], [ 39.445162058000051, 7.213810943000055 ], [ 39.44689461400003, 7.180583854000076 ], [ 39.411320964000026, 7.17773442500004 ], [ 39.331716394000068, 7.273840207000035 ], [ 39.305220450000036, 7.26864487000006 ], [ 39.272049770000081, 7.305235130000028 ], [ 39.220963322000046, 7.294311293000021 ], [ 39.209199329000057, 7.278151157000025 ], [ 39.209437576000028, 7.328933790000065 ], [ 39.163255442000036, 7.364165167000067 ], [ 39.123611001000029, 7.347369288000039 ], [ 39.127185175000079, 7.361876005000056 ], [ 39.069083420000027, 7.343628102000025 ], [ 39.054994013000055, 7.353025432000038 ], [ 39.026610453000046, 7.330294980000076 ], [ 38.971281539000074, 7.321086674000071 ], [ 38.944159457000069, 7.336569163000036 ], [ 38.906291998000029, 7.326582519000056 ], [ 38.879433455000026, 7.350782627000058 ], [ 38.849780126000041, 7.352260449000028 ], [ 38.859998834000066, 7.388655751000044 ], [ 38.841688907000048, 7.413294744000041 ], [ 38.861460412000042, 7.455055368000046 ], [ 38.849409147000074, 7.472865428000034 ], [ 38.872973672000057, 7.493979512000067 ], [ 38.886303042000065, 7.574985716000072 ], [ 38.871864376000076, 7.578733874000022 ], [ 38.891751727000042, 7.601720893000049 ], [ 38.896253554000054, 7.667485307000049 ], [ 38.877084188000026, 7.672866144000068 ], [ 38.875774869000054, 7.692640415000028 ], [ 38.892449760000034, 7.724149487000034 ], [ 38.863604532000068, 7.764961853000045 ], [ 38.870151391000036, 7.785174659000063 ], [ 38.852163656000073, 7.79257754200006 ], [ 38.839135742000053, 7.856254489000037 ], [ 38.803860818000032, 7.860712888000023 ], [ 38.777283581000063, 7.887557855000068 ], [ 38.914661638000041, 8.026982279000038 ], [ 38.946476079000035, 8.16241049000007 ], [ 38.989196039000035, 8.199663903000044 ], [ 38.982124787000032, 8.244691236000051 ], [ 39.00260985400007, 8.292885643000034 ], [ 39.072991818000048, 8.335292471000059 ], [ 39.159413350000079, 8.327233703000047 ], [ 39.191247601000043, 8.270023474000027 ], [ 39.182755255000075, 8.234889726000063 ], [ 39.241481809000049, 8.239624657000036 ], [ 39.263813095000046, 8.364219313000035 ], [ 39.292487822000055, 8.389022271000044 ], [ 39.341954403000045, 8.399259215000029 ], [ 39.356192209000028, 8.375477319000026 ], [ 39.387704454000072, 8.376638119000063 ], [ 39.396554402000049, 8.421660671000041 ], [ 39.429845476000025, 8.407162663000065 ], [ 39.487615444000028, 8.428735515000028 ], [ 39.573525891000031, 8.523900088000062 ], [ 39.62623287100007, 8.528396073000067 ], [ 39.651588193000066, 8.567636490000041 ], [ 39.687155775000065, 8.581924697000034 ], [ 39.718091340000058, 8.633863055000063 ], [ 39.83640422600007, 8.67342906600004 ], [ 39.85507896200005, 8.667438154000024 ], [ 39.904861202000063, 8.716222080000023 ] ] ] } },
{ "type": "Feature", "properties": { "ADM2_PCODE": "ET0603", "ADM2_EN": "Asosa", "ADM1_EN": "Benishangul Gumz" }, "geometry": { "type": "Polygon", "coordinates": [ [ [ 35.077737690000049, 10.865785215000074 ], [ 35.100109401000054, 10.724221509000074 ], [ 35.075542017000032, 10.632855816000074 ], [ 35.026248922000036, 10.551608234000071 ], [ 35.069290354000032, 10.545875089000049 ], [ 35.051324879000049, 10.501633939000044 ], [ 35.101406686000075, 10.462870159000033 ], [ 35.12472819900006, 10.413217248000024 ], [ 35.147509983000077, 10.404869440000027 ], [ 35.167088268000043, 10.417091666000033 ], [ 35.207605368000031, 10.399556123000025 ], [ 35.205343516000028, 10.347390650000023 ], [ 35.234402966000061, 10.290661919000058 ], [ 35.209459094000067, 10.259583082000063 ], [ 35.211349587000029, 10.237981930000046 ], [ 35.25735267500005, 10.114332648000072 ], [ 35.242639250000025, 10.060577598000066 ], [ 35.341348756000059, 10.033613477000074 ], [ 35.357411435000074, 9.911142136000024 ], [ 35.325098575000027, 9.884493793000047 ], [ 35.297454005000077, 9.922483253000053 ], [ 35.230743591000078, 9.893252214000029 ], [ 35.220798401000025, 9.925425696000048 ], [ 35.159583687000065, 9.948402073000068 ], [ 35.088341497000044, 9.950488895000035 ], [ 35.081020609000063, 9.921920612000065 ], [ 35.048513532000072, 9.917741245000059 ], [ 35.01965436100005, 9.928791940000053 ], [ 35.01501748700008, 9.995190863000062 ], [ 34.988182213000073, 9.996766925000031 ], [ 34.942995980000035, 9.93356731700004 ], [ 34.904420085000027, 9.955878686000062 ], [ 34.887781453000059, 9.908213968000041 ], [ 34.866795099000058, 9.902260916000046 ], [ 34.897683516000029, 9.881757181000069 ], [ 34.892152899000052, 9.864603877000036 ], [ 34.869726977000028, 9.820667072000049 ], [ 34.831665465000071, 9.803115600000069 ], [ 34.796142518000067, 9.73623946500004 ], [ 34.810854103000054, 9.63011872900006 ], [ 34.782986711000035, 9.553331130000061 ], [ 34.735137544000054, 9.545301779000056 ], [ 34.632014748000074, 9.588021403000027 ], [ 34.546063465000032, 9.648680286000058 ], [ 34.509742223000046, 9.652583426000035 ], [ 34.492469418000042, 9.622654246000025 ], [ 34.433939944000031, 9.627596930000038 ], [ 34.419497300000046, 9.666098905000069 ], [ 34.387493040000038, 9.659284206000052 ], [ 34.338557312000034, 9.684568648000038 ], [ 34.313332807000052, 9.732519826000043 ], [ 34.270836176000046, 9.748803601000077 ], [ 34.128827866000051, 9.715770372000065 ], [ 34.20722, 9.905 ], [ 34.23055, 10.02764 ], [ 34.32305, 10.11722 ], [ 34.34833, 10.23847 ], [ 34.28611, 10.55416 ], [ 34.35278, 10.63167 ], [ 34.43972, 10.78444 ], [ 34.59444, 10.88778 ], [ 34.80055, 10.72333 ], [ 34.86062, 10.73201 ], [ 34.97527, 10.86444 ], [ 34.978182982000078, 10.907940540000027 ], [ 35.077737690000049, 10.865785215000074 ] ] ] } },
{ "type": "Feature", "properties": { "ADM2_PCODE": "ET0309", "ADM2_EN": "Awi", "ADM1_EN": "Amhara" }, "geometry": { "type": "Polygon", "coordinates": [ [ [ 36.343668542000046, 12.054061683000043 ], [ 36.408621860000039, 12.018403142000068 ], [ 36.566359170000055, 11.970441741000059 ], [ 36.545916025000054, 11.948650903000043 ], [ 36.55640380400007, 11.932532698000045 ], [ 36.520050414000025, 11.93082787000003 ], [ 36.608577463000074, 11.857763657000021 ], [ 36.618063316000075, 11.816289545000075 ], [ 36.574347236000051, 11.775753045000044 ], [ 36.610711758000036, 11.762766981000027 ], [ 36.636198419000038, 11.730357148000053 ], [ 36.662836644000038, 11.727764450000052 ], [ 36.654869940000026, 11.641566427000043 ], [ 36.553230288000066, 11.540412616000026 ], [ 36.552001055000062, 11.52279363100007 ], [ 36.623107398000059, 11.533595978000051 ], [ 36.651616309000076, 11.508788964000075 ], [ 36.663264466000044, 11.464373268000031 ], [ 36.650484643000027, 11.40403817300006 ], [ 36.71915481800005, 11.419094310000048 ], [ 36.746181619000026, 11.442629944000032 ], [ 36.865821554000036, 11.347633641000073 ], [ 36.882272691000026, 11.315109757000073 ], [ 36.941807751000056, 11.304840149000029 ], [ 36.926626125000041, 11.25777791400003 ], [ 36.981154010000068, 11.254046478000021 ], [ 36.993279620000067, 11.215799342000025 ], [ 37.010302827000032, 11.210372780000057 ], [ 37.006544308000059, 11.182322370000065 ], [ 37.071350197000072, 11.179344506000064 ], [ 37.075030364000042, 11.112941555000077 ], [ 37.088925818000064, 11.098751665000066 ], [ 37.073590514000045, 11.059786221000024 ], [ 37.095764595000048, 11.011173113000041 ], [ 37.094581700000049, 11.02803913200006 ], [ 37.113470621000033, 11.034782285000063 ], [ 37.107255140000063, 11.010220125000046 ], [ 37.13388739700008, 10.960927974000072 ], [ 37.102084070000046, 10.966507691000061 ], [ 37.081206259000055, 10.944241620000071 ], [ 37.113039651000065, 10.910784862000071 ], [ 37.115074353000068, 10.864053416000047 ], [ 37.129595937000033, 10.853643001000023 ], [ 37.124116507000053, 10.828339577000065 ], [ 37.091705931000035, 10.826994893000062 ], [ 37.100656622000031, 10.796339948000025 ], [ 37.074645206000071, 10.782211413000027 ], [ 37.060441264000076, 10.794320493000043 ], [ 37.065162315000066, 10.763401232000035 ], [ 37.024753989000033, 10.758411034000062 ], [ 37.027800509000031, 10.741431153000065 ], [ 37.01228074800008, 10.735180199000069 ], [ 37.015482330000054, 10.76337434900006 ], [ 36.97910741100003, 10.723151820000055 ], [ 36.966439629000035, 10.733400989000074 ], [ 36.976743828000053, 10.711274096000068 ], [ 36.932898877000071, 10.722922694000033 ], [ 36.918878696000036, 10.667359030000057 ], [ 36.859742661000041, 10.680622191000054 ], [ 36.824529131000077, 10.664019903000053 ], [ 36.82476506900008, 10.622390835000033 ], [ 36.778607137000051, 10.579617284000051 ], [ 36.752061354000034, 10.583386801000074 ], [ 36.744750536000026, 10.529510298000048 ], [ 36.72865070000006, 10.523326868000026 ], [ 36.689472587000068, 10.556338143000062 ], [ 36.654795809000063, 10.550512901000047 ], [ 36.537912082000048, 10.503010925000069 ], [ 36.518622389000029, 10.478874608000069 ], [ 36.462711566000053, 10.479181219000054 ], [ 36.435302188000037, 10.452525116000061 ], [ 36.390855295000051, 10.467986198000062 ], [ 36.359132568000064, 10.530315904000076 ], [ 36.326111695000066, 10.523311638000052 ], [ 36.302023956000028, 10.55395975700003 ], [ 36.305875852000042, 10.57794774100006 ], [ 36.281647513000053, 10.60455902800004 ], [ 36.324195132000057, 10.661657177000052 ], [ 36.311269252000045, 10.678806275000056 ], [ 36.317596673000025, 10.703604919000043 ], [ 36.373958822000077, 10.758410501000071 ], [ 36.377216858000054, 10.785756431000038 ], [ 36.341603238000062, 10.788837210000054 ], [ 36.310784277000039, 10.747258692000059 ], [ 36.285242190000076, 10.744582874000059 ], [ 36.282253897000032, 10.80386724300007 ], [ 36.310128110000051, 10.82715027100005 ], [ 36.309142279000071, 10.862546867000049 ], [ 36.35403261600004, 10.937042992000045 ], [ 36.41766966800003, 11.000727715000039 ], [ 36.422564846000057, 11.031367313000032 ], [ 36.489671203000057, 11.06873481100007 ], [ 36.525083926000036, 11.112711628000056 ], [ 36.546418847000041, 11.094625260000043 ], [ 36.574988364000035, 11.100708862000033 ], [ 36.549339458000077, 11.137815229000068 ], [ 36.502904681000075, 11.137539042000071 ], [ 36.467607841000074, 11.155408725000029 ], [ 36.46019195000008, 11.226432700000032 ], [ 36.475830751000046, 11.244666323000047 ], [ 36.467142416000058, 11.264992662000054 ], [ 36.494965963000027, 11.288952256000073 ], [ 36.556879116000061, 11.302116365000074 ], [ 36.556418424000071, 11.329487098000072 ], [ 36.534543144000054, 11.335293242000034 ], [ 36.56388981300006, 11.371349055000053 ], [ 36.533094912000024, 11.394058938000057 ], [ 36.512222444000031, 11.458277112000076 ], [ 36.409947647000024, 11.41391171600003 ], [ 36.409544390000065, 11.458302047000075 ], [ 36.444303773000058, 11.492808237000077 ], [ 36.375154938000037, 11.607679311000027 ], [ 36.34842141200005, 11.605359639000028 ], [ 36.332418123000025, 11.66604200300003 ], [ 36.347556373000032, 11.696597154000074 ], [ 36.332064212000034, 11.704052347000072 ], [ 36.341274615000032, 11.780808515000047 ], [ 36.329066074000025, 11.796687280000071 ], [ 36.308797963000075, 11.80322932100006 ], [ 36.176215872000057, 11.684244685000067 ], [ 36.144827013000054, 11.68561741700006 ], [ 36.118357558000071, 11.705810793000069 ], [ 36.105230449000032, 11.81589069100005 ], [ 36.05449561100005, 11.849317632000066 ], [ 36.056373833000066, 11.874303791000045 ], [ 35.96902416100005, 11.95841593800003 ], [ 35.965816198000027, 11.984583926000028 ], [ 35.940509, 11.970821025000077 ], [ 35.934410713000034, 12.001979086000063 ], [ 36.059782434000056, 12.024481770000023 ], [ 36.064694743000075, 12.052943924000033 ], [ 36.08662053200004, 12.027193045000047 ], [ 36.101859023000031, 12.034516836000023 ], [ 36.13061532100005, 12.011760528000025 ], [ 36.226741683000057, 12.001078746000076 ], [ 36.295513974000073, 12.045248109000056 ], [ 36.343668542000046, 12.054061683000043 ] ] ] } },
{ "type": "Feature", "properties": { "ADM2_PCODE": "ET0201", "ADM2_EN": "Awsi-Zone 1", "ADM1_EN": "Afar" }, "geometry": { "type": "Polygon", "coordinates": [ [ [ 42.120944032000068, 12.75791444500004 ], [ 42.280262185000026, 12.556435585000031 ], [ 42.39972, 12.46972 ], [ 42.33944, 12.39694 ], [ 42.30833, 12.30833 ], [ 42.25556, 12.26333 ], [ 42.12722, 12.09028 ], [ 41.94861, 11.81667 ], [ 41.82902, 11.74097 ], [ 41.75986, 11.50792 ], [ 41.81194, 11.25792 ], [ 41.78972, 11.00805 ], [ 41.81170458500003, 10.983851437000055 ], [ 41.763363201000061, 10.990871113000026 ], [ 41.717612896000048, 10.964781335000055 ], [ 41.268160800000032, 10.957852979000052 ], [ 41.240750538000043, 10.921363138000061 ], [ 41.220060127000067, 10.834463355000025 ], [ 41.166758040000047, 10.779937909000068 ], [ 41.093004897000071, 10.980418305000057 ], [ 41.042403796000031, 11.015345529000058 ], [ 41.010583458000042, 11.09071902900007 ], [ 40.908321219000072, 11.160763469000074 ], [ 40.810202684000046, 11.198493724000059 ], [ 40.805924203000075, 11.171158479000042 ], [ 40.761648343000047, 11.170936409000035 ], [ 40.74304959300008, 11.156554020000044 ], [ 40.746140534000062, 11.131581612000048 ], [ 40.722618548000071, 11.136974450000025 ], [ 40.69896140000003, 11.119249441000022 ], [ 40.66183236300003, 11.026555266000059 ], [ 40.567576002000067, 11.027129311000067 ], [ 40.459108510000078, 11.073909750000041 ], [ 40.343511423000052, 11.164695216000041 ], [ 40.219754615000056, 11.134033503000069 ], [ 40.219404342000075, 11.15829519600004 ], [ 40.201289775000077, 11.145618703000025 ], [ 40.172875988000044, 11.239979554000058 ], [ 40.102577586000052, 11.316914857000029 ], [ 40.071234377000053, 11.325645610000038 ], [ 40.060914350000076, 11.474131536000073 ], [ 39.993314070000054, 11.58379725900005 ], [ 40.015285541000026, 11.645552542000075 ], [ 39.99411318600005, 11.681157761000065 ], [ 39.969655659000068, 11.664480790000027 ], [ 39.927039541000056, 11.698613494000028 ], [ 39.960931311000024, 11.70397407400003 ], [ 39.998768089000066, 11.687911002000021 ], [ 40.123549660000037, 11.727593313000057 ], [ 40.186450107000041, 11.710545328000023 ], [ 40.262451508000026, 11.75285016600003 ], [ 40.298107607000077, 11.714845467000032 ], [ 40.314550485000041, 11.721947040000032 ], [ 40.329706112000054, 11.769242194000071 ], [ 40.354338017000032, 11.697361414000056 ], [ 40.454557867000062, 11.665199431000076 ], [ 40.452936488000034, 11.819017473000031 ], [ 40.467645881000067, 11.827122591000034 ], [ 40.449741276000054, 11.866970554000034 ], [ 40.500149004000036, 11.915035057000068 ], [ 40.601561901000025, 11.89425992300005 ], [ 40.645883695000066, 11.914155869000069 ], [ 40.628355552000073, 11.999495933000048 ], [ 40.650849939000068, 12.015863917000047 ], [ 40.644817129000046, 12.032504587000062 ], [ 40.673852134000072, 12.079197689000068 ], [ 40.59614421100008, 12.283182712000041 ], [ 40.659128898000063, 12.314887976000023 ], [ 40.819169687000056, 12.478663734000065 ], [ 40.915060478000044, 12.718258780000042 ], [ 40.89516563400008, 12.741761126000029 ], [ 40.891008055000043, 12.803245506000053 ], [ 41.028266646000077, 12.745385665000072 ], [ 41.134739979000074, 12.753224390000071 ], [ 41.182021128000031, 12.730355866000025 ], [ 41.184610543000076, 12.687920987000041 ], [ 41.287332738000032, 12.651514927000051 ], [ 41.413010392000047, 12.582082307000064 ], [ 41.468290831000047, 12.629311363000056 ], [ 41.448618516000067, 12.743202794000069 ], [ 41.624729525000078, 12.853311266000048 ], [ 41.709203785000057, 12.842071139000041 ], [ 42.120944032000068, 12.75791444500004 ] ] ] } },
{ "type": "Feature", "properties": { "ADM2_PCODE": "ET0411", "ADM2_EN": "Bale", "ADM1_EN": "Oromia" }, "geometry": { "type": "Polygon", "coordinates": [ [ [ 40.341634826000075, 7.570190646000071 ], [ 40.384715232000076, 7.489153490000035 ], [ 40.337892219000025, 7.444782967000037 ], [ 40.339614593000078, 7.426187868000056 ], [ 40.357942600000058, 7.437965549000069 ], [ 40.347095246000038, 7.414106961000073 ], [ 40.360236634000046, 7.41225343800005 ], [ 40.330452884000067, 7.400103320000028 ], [ 40.36893910100008, 7.397067919000051 ], [ 40.370656293000025, 7.368173463000062 ], [ 40.322449491000043, 7.35092150600002 ], [ 40.336808024000049, 7.313043979000042 ], [ 40.275522487000046, 7.251731798000037 ], [ 40.294985530000076, 7.194219979000025 ], [ 40.360556617000043, 7.170794511000054 ], [ 40.391612276000046, 7.115247379000039 ], [ 40.434039061000078, 7.121054676000028 ], [ 40.46078912400003, 7.095561261000057 ], [ 40.469952052000053, 7.125425305000022 ], [ 40.433716046000029, 7.13863695200007 ], [ 40.466733747000035, 7.142818962000035 ], [ 40.507056119000026, 7.120510402000036 ], [ 40.533026893000056, 7.15317764100007 ], [ 40.567522207000025, 7.111100337000039 ], [ 40.613430091000055, 7.101899991000039 ], [ 40.616583539000032, 7.030647313000031 ], [ 40.646346849000054, 7.020148049000056 ], [ 40.654942977000076, 6.990900851000049 ], [ 40.706808986000055, 6.972975722000058 ], [ 40.721824095000045, 6.943867971000032 ], [ 40.701480331000027, 6.919110578000073 ], [ 40.725666574000059, 6.891156452000075 ], [ 40.76476619400006, 6.889155201000051 ], [ 40.754586187000029, 6.869376547000059 ], [ 40.767716363000034, 6.817733647000068 ], [ 40.748214249000057, 6.802726586000063 ], [ 40.753550507000057, 6.777321487000052 ], [ 40.692054754000026, 6.730303928000069 ], [ 40.643307237000045, 6.72264442200003 ], [ 40.663013384000067, 6.668849512000065 ], [ 40.645387027000027, 6.648175068000057 ], [ 40.661739958000055, 6.605357824000066 ], [ 40.640372168000056, 6.549419311000065 ], [ 40.673130213000036, 6.477522660000034 ], [ 40.763904361000073, 6.407695390000072 ], [ 40.805196343000034, 6.327686340000071 ], [ 40.824316741000075, 6.350110562000054 ], [ 40.863962389000051, 6.351030137000066 ], [ 40.881621045000031, 6.244343346000051 ], [ 40.866428984000038, 6.133653443000071 ], [ 40.874795190000043, 5.807898320000049 ], [ 40.922295132000045, 5.683378211000047 ], [ 40.832204765000029, 5.65589836700002 ], [ 40.694374115000073, 5.567168583000068 ], [ 40.679584018000071, 5.540638594000029 ], [ 40.63305383200003, 5.530068672000027 ], [ 40.532893277000028, 5.410648792000075 ], [ 40.174431875000039, 5.353379345000064 ], [ 40.097951608000074, 5.364879467000037 ], [ 40.03368142100004, 5.396789590000026 ], [ 39.975293051000051, 5.393323532000068 ], [ 39.93260280800007, 5.416093685000021 ], [ 39.902796911000053, 5.472756118000063 ], [ 39.850284695000028, 5.507943870000076 ], [ 39.691571036000028, 5.51617314300006 ], [ 39.66536852400003, 5.572942337000029 ], [ 39.703364091000026, 5.595312837000051 ], [ 39.697819784000046, 5.617432439000027 ], [ 39.730511589000059, 5.647091925000041 ], [ 39.716451661000065, 5.676257877000069 ], [ 39.620555058000036, 5.728923017000056 ], [ 39.609571764000066, 5.714360293000027 ], [ 39.573594563000029, 5.722534219000067 ], [ 39.562412910000035, 5.699307240000053 ], [ 39.526055315000065, 5.709632440000064 ], [ 39.505943697000077, 5.745620702000053 ], [ 39.46304585200005, 5.770355305000066 ], [ 39.44350894300004, 5.845853739000063 ], [ 39.466226830000039, 5.889368207000075 ], [ 39.40650301200003, 5.934120750000034 ], [ 39.376211268000077, 5.988111417000027 ], [ 39.373904649000053, 6.032156067000074 ], [ 39.340069730000039, 6.058243243000049 ], [ 39.338297128000079, 6.079700482000021 ], [ 39.357840019000037, 6.095274301000075 ], [ 39.329687894000074, 6.125407641000038 ], [ 39.336567134000063, 6.154361302000041 ], [ 39.317303786000025, 6.167333597000038 ], [ 39.310199744000045, 6.218146466000064 ], [ 39.274721294000074, 6.273183282000048 ], [ 39.220066476000056, 6.278881092000063 ], [ 39.206147848000057, 6.301085384000032 ], [ 39.250596432000066, 6.370796436000035 ], [ 39.279351423000037, 6.369287796000037 ], [ 39.296518551000077, 6.429959131000032 ], [ 39.337699153000074, 6.474031223000054 ], [ 39.340745140000024, 6.51994327500006 ], [ 39.401198178000072, 6.555539637000038 ], [ 39.426917435000064, 6.544691001000047 ], [ 39.427625014000057, 6.619503116000033 ], [ 39.469533278000029, 6.66481471000003 ], [ 39.509485808000079, 6.674403498000061 ], [ 39.520206506000079, 6.714169634000029 ], [ 39.579674191000038, 6.671067503000074 ], [ 39.598323465000078, 6.690689525000039 ], [ 39.641357217000063, 6.690209968000033 ], [ 39.644106837000038, 6.713081387000045 ], [ 39.615607613000066, 6.761300577000043 ], [ 39.685175817000072, 6.836078164000071 ], [ 39.740438630000028, 6.870785240000032 ], [ 39.770714578000025, 6.915122841000027 ], [ 39.729220352000027, 6.951585210000076 ], [ 39.731334813000046, 6.971432024000023 ], [ 39.709953848000055, 6.992750594000029 ], [ 39.719429469000033, 7.018378594000069 ], [ 39.674829673000033, 7.013197489000049 ], [ 39.68009765000005, 7.035862077000047 ], [ 39.655752326000027, 7.081491523000068 ], [ 39.623233846000062, 7.090641156000061 ], [ 39.61663242700007, 7.127239277000058 ], [ 39.593524076000051, 7.141170204000048 ], [ 39.628216788000032, 7.147867869000038 ], [ 39.664595731000077, 7.191015889000028 ], [ 39.692932585000051, 7.191420782000023 ], [ 39.688882493000051, 7.219768022000039 ], [ 39.634700675000033, 7.252590632000022 ], [ 39.63338307500004, 7.27719195700007 ], [ 39.586550637000073, 7.326763454000059 ], [ 39.57748379700007, 7.36313208200005 ], [ 39.535660905000043, 7.351827038000067 ], [ 39.524124518000065, 7.398292703000038 ], [ 39.543217053000035, 7.403853043000026 ], [ 39.545580036000047, 7.42817490300007 ], [ 39.566312803000073, 7.445405672000049 ], [ 39.603432965000025, 7.445809593000035 ], [ 39.641916344000037, 7.479992888000027 ], [ 39.707944116000078, 7.47172714200002 ], [ 39.772722464000026, 7.437781962000031 ], [ 39.826319774000069, 7.468817466000075 ], [ 39.858005019000075, 7.461961168000073 ], [ 39.87643044400005, 7.47946502700006 ], [ 39.957508096000026, 7.490553804000058 ], [ 40.069663826000067, 7.466176809000046 ], [ 40.093289173000073, 7.440899583000032 ], [ 40.152493697000068, 7.437063627000043 ], [ 40.290405167000074, 7.513974535000045 ], [ 40.341634826000075, 7.570190646000071 ] ] ] } },
{ "type": "Feature", "properties": { "ADM2_PCODE": "ET0716", "ADM2_EN": "Basketo", "ADM1_EN": "SNNP" }, "geometry": { "type": "Polygon", "coordinates": [ [ [ 36.588058347000072, 6.372555807000026 ], [ 36.652754187000028, 6.39080234100004 ], [ 36.655634679000059, 6.352270326000053 ], [ 36.69560193500007, 6.346153399000059 ], [ 36.678579045000049, 6.27302172900005 ], [ 36.635291893000044, 6.240199915000062 ], [ 36.603951995000045, 6.245549635000032 ], [ 36.544864953000058, 6.178255573000058 ], [ 36.497066873000051, 6.200169953000056 ], [ 36.397028790000036, 6.133225303000074 ], [ 36.527526001000069, 6.370563648000029 ], [ 36.581635829000049, 6.383368488000031 ], [ 36.588058347000072, 6.372555807000026 ] ] ] } },
{ "type": "Feature", "properties": { "ADM2_PCODE": "ET1103", "ADM2_EN": "Bench Sheko", "ADM1_EN": "South West Ethiopia" }, "geometry": { "type": "Polygon", "coordinates": [ [ [ 35.114266403000045, 7.102144963000057 ], [ 35.204563868000037, 7.099613933000057 ], [ 35.234459906000041, 7.137931503000061 ], [ 35.29988931500003, 7.115772707000076 ], [ 35.330781491000039, 7.127092152000046 ], [ 35.389191836000066, 7.111401690000037 ], [ 35.400942474000033, 7.127409786000044 ], [ 35.444642782000074, 7.12571083000006 ], [ 35.447182913000063, 7.142164880000053 ], [ 35.427685392000058, 7.15626043900005 ], [ 35.43819175200008, 7.163276873000029 ], [ 35.476114386000063, 7.173361133000071 ], [ 35.525988274000042, 7.154101482000044 ], [ 35.558375709000074, 7.182659859000069 ], [ 35.635278709000033, 7.20635403700004 ], [ 35.692958935000036, 7.204926563000072 ], [ 35.724723759000028, 7.102977993000025 ], [ 35.70885805100005, 7.075199052000073 ], [ 35.75406090000007, 7.077844929000037 ], [ 35.709805237000069, 7.030321024000045 ], [ 35.712500707000061, 7.004425939000043 ], [ 35.766245674000061, 7.032528754000055 ], [ 35.788209834000043, 7.007193118000032 ], [ 35.806861874000049, 7.07025341800005 ], [ 35.845415446000061, 7.081051997000031 ], [ 35.820668771000044, 7.03935806100003 ], [ 35.853255187000059, 7.011409359000027 ], [ 35.837987635000047, 7.009978776000025 ], [ 35.844119125000077, 6.991982403000065 ], [ 35.869001816000036, 6.982208873000047 ], [ 35.845567437000057, 6.918612465000024 ], [ 35.868311452000057, 6.907680810000045 ], [ 35.865809570000067, 6.878774698000029 ], [ 35.884258191000072, 6.849319788000059 ], [ 35.871863878000056, 6.835185520000039 ], [ 35.843760821000046, 6.846563287000038 ], [ 35.776772034000032, 6.789983936000056 ], [ 35.739971116000049, 6.786785749000046 ], [ 35.725190502000032, 6.809253863000038 ], [ 35.701668914000038, 6.804242312000042 ], [ 35.693852247000052, 6.768391459000043 ], [ 35.656222359000026, 6.741272994000042 ], [ 35.603942586000073, 6.797945671000036 ], [ 35.543260154000052, 6.748771806000036 ], [ 35.49561254300005, 6.75575793400003 ], [ 35.420837888000051, 6.733960817000025 ], [ 35.377510435000033, 6.676410006000026 ], [ 35.365914565000026, 6.633658170000047 ], [ 35.313726986000063, 6.595448102000034 ], [ 35.308964573000026, 6.570596177000027 ], [ 35.323024388000078, 6.554239786000039 ], [ 35.276943049000067, 6.523071412000036 ], [ 35.256461741000066, 6.525986483000054 ], [ 35.254406212000049, 6.501319260000059 ], [ 35.21363853400004, 6.488550822000036 ], [ 35.185887290000039, 6.507163482000067 ], [ 35.197662145000038, 6.680216192000046 ], [ 35.179559546000064, 6.727364908000027 ], [ 35.079861794000067, 6.81079876900003 ], [ 34.93366099800005, 6.796293009000067 ], [ 34.968994400000042, 6.859264409000048 ], [ 34.992364608000059, 6.864031074000025 ], [ 34.997882971000024, 6.892863830000067 ], [ 34.911325456000043, 6.988154524000038 ], [ 34.877082333000033, 7.069790269000066 ], [ 34.89267251800004, 7.091504588000021 ], [ 34.898093041000038, 7.184790768000028 ], [ 34.942449190000048, 7.19290841000003 ], [ 34.970159702000046, 7.234028107000029 ], [ 35.020813335000071, 7.18578179800005 ], [ 35.053913519000048, 7.18426348600002 ], [ 35.083710156000052, 7.124841251000021 ], [ 35.114266403000045, 7.102144963000057 ] ] ] } },
{ "type": "Feature", "properties": { "ADM2_PCODE": "ET0412", "ADM2_EN": "Borena", "ADM1_EN": "Oromia" }, "geometry": { "type": "Polygon", "coordinates": [ [ [ 38.136199176000048, 5.289681640000026 ], [ 38.17210738600005, 5.323494121000067 ], [ 38.218694853000045, 5.313669337000022 ], [ 38.230694372000073, 5.292099083000039 ], [ 38.302558228000066, 5.279050921000021 ], [ 38.311568016000081, 5.290558202000057 ], [ 38.33758269100008, 5.259811081000066 ], [ 38.397267037000063, 5.237608286000068 ], [ 38.392172089000042, 5.214898277000032 ], [ 38.440152039000054, 5.174749607000024 ], [ 38.459401852000042, 5.127389852000022 ], [ 38.522696926000037, 5.122895662000076 ], [ 38.529877504000069, 5.144089970000039 ], [ 38.588779232000036, 5.147663048000027 ], [ 38.631964328000038, 5.107709617000069 ], [ 38.663516116000039, 5.12026796400005 ], [ 38.69474802600007, 5.105349200000035 ], [ 38.713340902000027, 5.058544014000063 ], [ 38.731163972000047, 5.056920425000044 ], [ 38.739305454000032, 5.073633065000024 ], [ 38.771961933000057, 5.069528844000047 ], [ 38.792765803000066, 5.104670293000027 ], [ 38.812678691000031, 5.091704413000059 ], [ 38.804030118000071, 5.11520458900003 ], [ 38.842786258000046, 5.165954441000054 ], [ 38.861073937000072, 5.165767238000058 ], [ 38.904725731000042, 5.100292858000046 ], [ 38.916420451000079, 5.119345679000048 ], [ 38.984810136000078, 5.141738789000044 ], [ 39.065521059000048, 5.047450973000025 ], [ 39.119046902000036, 5.042120006000061 ], [ 39.160200897000038, 4.937904527000057 ], [ 39.209978687000046, 4.892219571000055 ], [ 39.273403494000036, 4.860487646000024 ], [ 39.291606992000027, 4.875172965000047 ], [ 39.363241622000032, 4.852088116000061 ], [ 39.379830057000049, 4.772098061000065 ], [ 39.412209859000029, 4.755938425000068 ], [ 39.432849266000062, 4.722648295000056 ], [ 39.587042261000079, 4.708657104000054 ], [ 39.605393416000027, 4.68351044800005 ], [ 39.630743561000031, 4.685811068000021 ], [ 39.672025809000047, 4.651862855000047 ], [ 39.708500362000052, 4.654994810000062 ], [ 39.744347800000071, 4.704307050000068 ], [ 39.745899293000036, 4.666579411000043 ], [ 39.61881844100003, 4.36846924200006 ], [ 39.539687995000065, 4.235169173000031 ], [ 39.528787869000041, 4.16673909800005 ], [ 39.478277542000058, 4.040328985000031 ], [ 39.499677537000025, 3.96572886000007 ], [ 39.284696387000054, 3.623078557000042 ], [ 39.091117958000041, 3.531103962000032 ], [ 38.91361, 3.51389 ], [ 38.51694, 3.62694 ], [ 38.44805, 3.59944 ], [ 38.297931941000058, 3.615881598000044 ], [ 38.12111, 3.61167 ], [ 38.05611, 3.65194 ], [ 37.99805, 3.72861 ], [ 37.13027, 4.28639 ], [ 37.09916, 4.33167 ], [ 37.03972, 4.37555 ], [ 36.88777, 4.43472 ], [ 36.714253964000079, 4.433850543000062 ], [ 36.657532315000026, 4.580373676000022 ], [ 36.680841202000067, 4.604300630000068 ], [ 36.646409141000049, 4.710757126000033 ], [ 36.828479986000048, 4.709174806000021 ], [ 36.85473946500008, 4.736059609000051 ], [ 36.860708967000051, 4.978767301000062 ], [ 36.892970983000055, 5.109787746000052 ], [ 36.94896665400006, 5.19468654700006 ], [ 37.112230264000061, 5.18627232800003 ], [ 37.216908441000044, 5.212684750000051 ], [ 37.36717585100007, 5.155099544000052 ], [ 37.629734811000048, 5.266009696000026 ], [ 37.646706038000048, 5.299287273000061 ], [ 37.67423051600008, 5.307643461000055 ], [ 37.810078172000033, 5.268299910000053 ], [ 37.852657442000066, 5.234646854000061 ], [ 37.907689131000041, 5.243269793000024 ], [ 37.918572512000026, 5.265062258000057 ], [ 37.963158231000079, 5.260780430000068 ], [ 37.961316520000025, 5.243625956000074 ], [ 38.012275625000029, 5.213997646000053 ], [ 38.035333557000058, 5.237933486000031 ], [ 38.100384923000036, 5.244959816000062 ], [ 38.101713196000048, 5.296699214000057 ], [ 38.121559167000044, 5.324501127000076 ], [ 38.136199176000048, 5.289681640000026 ] ] ] } },
{ "type": "Feature", "properties": { "ADM2_PCODE": "ET0416", "ADM2_EN": "Buno Bedele", "ADM1_EN": "Oromia" }, "geometry": { "type": "Polygon", "coordinates": [ [ [ 36.108553458000074, 9.080031575000021 ], [ 36.131429031000039, 9.020788201000073 ], [ 36.156882181000071, 9.020672450000063 ], [ 36.156622319000064, 8.99451429800007 ], [ 36.222134713000059, 8.950194146000058 ], [ 36.238617036000051, 8.965110055000025 ], [ 36.293108632000042, 8.893225480000069 ], [ 36.323287637000078, 8.882064863000039 ], [ 36.334315116000028, 8.846334031000026 ], [ 36.352418120000038, 8.839219136000054 ], [ 36.352757631000031, 8.805084525000041 ], [ 36.377096627000071, 8.792393678000053 ], [ 36.40838006000007, 8.733055261000061 ], [ 36.419877640000038, 8.654288984000061 ], [ 36.440726808000079, 8.626696656000036 ], [ 36.524516031000076, 8.591765856000052 ], [ 36.536498065000046, 8.559182983000028 ], [ 36.556594455000038, 8.575042119000045 ], [ 36.598709687000053, 8.571983725000052 ], [ 36.627096581000046, 8.546503227000073 ], [ 36.613735004000034, 8.529736984000067 ], [ 36.660639924000066, 8.531342964000032 ], [ 36.699867890000064, 8.470168805000071 ], [ 36.722414750000041, 8.463382262000039 ], [ 36.751766187000044, 8.290034694000042 ], [ 36.743696940000063, 8.270223627000064 ], [ 36.760412626000061, 8.255265843000075 ], [ 36.794273969000074, 8.257725569000058 ], [ 36.789614031000042, 8.229843684000059 ], [ 36.825619927000048, 8.126837627000043 ], [ 36.790714649000051, 8.093777256000067 ], [ 36.78884140200006, 8.116398364000077 ], [ 36.75644735700007, 8.103317803000039 ], [ 36.74102939800008, 8.057981301000041 ], [ 36.692143613000042, 8.072075994000045 ], [ 36.664135982000062, 8.05930276600003 ], [ 36.639353008000057, 7.99488369200003 ], [ 36.588050622000026, 7.995099776000075 ], [ 36.602098321000028, 8.031826974000069 ], [ 36.567684936000035, 8.066194704000054 ], [ 36.479339498000058, 8.044704513000056 ], [ 36.409491853000077, 8.055544833000056 ], [ 36.391604175000055, 8.076214518000029 ], [ 36.396796443000028, 8.092676510000047 ], [ 36.367346976000078, 8.114062344000047 ], [ 36.372866887000043, 8.130090554000049 ], [ 36.327025800000058, 8.118259895000051 ], [ 36.288081581000029, 8.152976866000074 ], [ 36.286163970000075, 8.177498723000042 ], [ 36.267212997000058, 8.177766186000042 ], [ 36.282425942000032, 8.22710670400005 ], [ 36.24685794100003, 8.257721114000049 ], [ 36.234039185000029, 8.235884987000077 ], [ 36.15962869100008, 8.216660025000067 ], [ 36.09596541600007, 8.240480379000076 ], [ 36.08274513300006, 8.265151117000073 ], [ 36.087263387000064, 8.315991054000051 ], [ 36.045021561000055, 8.337214456000027 ], [ 36.000664287000063, 8.402845966000029 ], [ 35.980624716000079, 8.632841620000022 ], [ 35.947475303000033, 8.628334272000075 ], [ 35.907593564000024, 8.673751166000045 ], [ 35.879101614000035, 8.666378641000051 ], [ 35.856660643000055, 8.68024514800004 ], [ 35.875292198000068, 8.708077895000031 ], [ 35.868000598000037, 8.725365860000068 ], [ 35.923601505000079, 8.753980123000076 ], [ 35.922574221000048, 8.77929836800007 ], [ 35.890245303000029, 8.787195842000074 ], [ 35.887545761000069, 8.817092631000037 ], [ 35.868113870000059, 8.820536890000028 ], [ 35.887395624000078, 8.83956435500005 ], [ 35.920496336000042, 8.829863390000071 ], [ 35.946873983000046, 8.865028444000075 ], [ 35.935965597000063, 8.876410193000027 ], [ 35.956942471000048, 8.880650593000041 ], [ 35.977708388000053, 8.91421331600003 ], [ 36.017314079000073, 8.907835591000037 ], [ 36.044694826000068, 9.012169516000029 ], [ 36.086545823000051, 9.012616791000028 ], [ 36.096974614000032, 9.032414896000034 ], [ 36.075537254000039, 9.062637626000026 ], [ 36.108553458000074, 9.080031575000021 ] ] ] } },
{ "type": "Feature", "properties": { "ADM2_PCODE": "ET0722", "ADM2_EN": "Burji", "ADM1_EN": "SNNP" }, "geometry": { "type": "Polygon", "coordinates": [ [ [ 37.943519996000077, 5.639464151000027 ], [ 37.930174644000033, 5.616672147000031 ], [ 37.946814455000037, 5.47428560000003 ], [ 37.896374714000046, 5.349879911000073 ], [ 37.900819335000051, 5.244854087000022 ], [ 37.852657442000066, 5.234646854000061 ], [ 37.810078172000033, 5.268299910000053 ], [ 37.772828817000061, 5.28335127400004 ], [ 37.747129259000076, 5.276610653000034 ], [ 37.700880053000049, 5.305883307000045 ], [ 37.64547815700007, 5.29718594700006 ], [ 37.691310384000076, 5.460033527000064 ], [ 37.599862414000029, 5.528645784000048 ], [ 37.576847547000057, 5.583311096000045 ], [ 37.547937622000063, 5.601996622000058 ], [ 37.562052441000048, 5.619816982000032 ], [ 37.574376808000068, 5.601334718000032 ], [ 37.599534745000028, 5.606556015000024 ], [ 37.586131463000072, 5.657778120000046 ], [ 37.603355458000067, 5.686677487000054 ], [ 37.698837420000075, 5.705703479000022 ], [ 37.728556798000056, 5.663835974000051 ], [ 37.734227020000048, 5.624177276000069 ], [ 37.800895977000039, 5.648072863000039 ], [ 37.845599040000025, 5.620915229000047 ], [ 37.883761837000065, 5.624311831000057 ], [ 37.918780708000043, 5.649543162000043 ], [ 37.943519996000077, 5.639464151000027 ] ] ] } },
{ "type": "Feature", "properties": { "ADM2_PCODE": "ET0102", "ADM2_EN": "Central Tigray", "ADM1_EN": "Tigray" }, "geometry": { "type": "Polygon", "coordinates": [ [ [ 39.080736947000048, 14.636514033000026 ], [ 39.124664419000055, 14.613430921000031 ], [ 39.200322892000031, 14.611037689000057 ], [ 39.23863151300003, 14.565882257000055 ], [ 39.231452883000031, 14.51916675800004 ], [ 39.20848612900005, 14.49305225300003 ], [ 39.24664974600006, 14.405436267000027 ], [ 39.232890525000073, 14.371838726000021 ], [ 39.248011162000068, 14.362830325000061 ], [ 39.24716260100007, 14.33964387900005 ], [ 39.239219141000035, 14.308549758000026 ], [ 39.219268643000078, 14.304503617000023 ], [ 39.242305328000043, 14.297367704000067 ], [ 39.229231386000038, 14.266643328000043 ], [ 39.260030004000043, 14.236277862000065 ], [ 39.255906601000049, 14.205707632000042 ], [ 39.324229029000037, 14.136631820000048 ], [ 39.344776075000027, 14.087610408000046 ], [ 39.306644994000067, 13.992819660000066 ], [ 39.193786234000072, 13.894690260000061 ], [ 39.22852589300004, 13.843326360000049 ], [ 39.225040498000055, 13.776207998000075 ], [ 39.19001253700003, 13.765030947000071 ], [ 39.192145900000071, 13.747574587000031 ], [ 39.166545943000074, 13.74471440800005 ], [ 39.165505877000044, 13.723245630000065 ], [ 39.138416527000061, 13.714841762000049 ], [ 39.137524919000043, 13.700483263000024 ], [ 39.068320988000039, 13.706282111000064 ], [ 39.060519327000065, 13.637076012000023 ], [ 39.02020436600003, 13.618395578000047 ], [ 39.049731293000036, 13.599691991000043 ], [ 39.068082872000048, 13.618797376000032 ], [ 39.101654839000048, 13.59551450400005 ], [ 39.088837636000051, 13.586290618000021 ], [ 39.158975338000062, 13.561134053000046 ], [ 39.127162750000025, 13.50910695500005 ], [ 39.125836845000038, 13.478501536000067 ], [ 39.095582255000068, 13.485355420000076 ], [ 39.046762627000078, 13.449656365000067 ], [ 39.043318955000075, 13.454330769000023 ], [ 39.020765035000068, 13.46073113500006 ], [ 39.028359015000035, 13.376087684000026 ], [ 39.065984723000042, 13.327740786000049 ], [ 39.041870859000028, 13.28917513500005 ], [ 39.071982346000027, 13.29634588700003 ], [ 39.098050757000067, 13.281375225000033 ], [ 39.101327491000063, 13.237307470000076 ], [ 39.068778763000068, 13.199274007000042 ], [ 39.05077072000006, 13.200766844000043 ], [ 39.036024372000043, 13.169948423000051 ], [ 38.997367780000047, 13.203404457000033 ], [ 38.955824074000077, 13.21201319000005 ], [ 38.951741918000039, 13.237514728000065 ], [ 38.863105412000039, 13.209497662000047 ], [ 38.800690766000059, 13.247309866000023 ], [ 38.731588079000062, 13.262275644000056 ], [ 38.741812589000062, 13.33983243800003 ], [ 38.730584078000049, 13.409000114000037 ], [ 38.67560861700008, 13.485616229000073 ], [ 38.668223753000063, 13.540428044000066 ], [ 38.635167271000057, 13.602870737000046 ], [ 38.598886932000028, 13.649251717000027 ], [ 38.530445576000034, 13.687272523000047 ], [ 38.492874049000079, 13.775493510000047 ], [ 38.565846558000032, 13.883451929000046 ], [ 38.560523646000036, 13.907859899000073 ], [ 38.496322570000075, 13.968677102000072 ], [ 38.489098222000052, 14.029645882000068 ], [ 38.52272561400008, 14.045130601000039 ], [ 38.495502176000059, 14.09184093600004 ], [ 38.501889585000072, 14.116519747000041 ], [ 38.54952012800004, 14.139805442000068 ], [ 38.538136073000032, 14.166775337000047 ], [ 38.55705706100008, 14.166666349000025 ], [ 38.577701467000054, 14.204043290000072 ], [ 38.542595009000024, 14.222482372000059 ], [ 38.510891011000069, 14.206408164000038 ], [ 38.45334538000003, 14.234633152000072 ], [ 38.462859506000029, 14.294727239000053 ], [ 38.42982816500006, 14.409412071000077 ], [ 38.43266742600008, 14.427906379000035 ], [ 38.447411378000027, 14.410416756000075 ], [ 38.483698459000038, 14.418195981000054 ], [ 38.515858538000032, 14.405079012000044 ], [ 38.594375083000045, 14.438576193000074 ], [ 38.615774358000067, 14.433529122000039 ], [ 38.70294283800007, 14.465288096000052 ], [ 38.794040337000069, 14.463219068000058 ], [ 38.848394168000027, 14.495687701000065 ], [ 38.904877260000035, 14.501192779000064 ], [ 38.937267095000038, 14.532087065000042 ], [ 38.974733216000061, 14.54159684900003 ], [ 39.023519015000034, 14.632369865000044 ], [ 39.080736947000048, 14.636514033000026 ] ] ] } },
{ "type": "Feature", "properties": { "ADM2_PCODE": "ET0311", "ADM2_EN": "Central Gondar", "ADM1_EN": "Amhara" }, "geometry": { "type": "Polygon", "coordinates": [ [ [ 36.51934241400005, 12.391676364000034 ], [ 36.655280658000038, 12.383269614000028 ], [ 36.671759962000067, 12.400857396000049 ], [ 36.711075225000059, 12.387877442000047 ], [ 36.74476672000003, 12.407619429000022 ], [ 36.84219528400007, 12.369710335000036 ], [ 36.869140663000053, 12.378768128000047 ], [ 36.875211238000077, 12.431551760000048 ], [ 36.860257235000063, 12.442458293000072 ], [ 36.871746277000057, 12.488331554000069 ], [ 36.887689573000046, 12.484774191000042 ], [ 36.91500028400003, 12.535697231000029 ], [ 36.850225584000043, 12.567490330000055 ], [ 36.856698065000046, 12.589421572000049 ], [ 36.937688042000048, 12.591391535000071 ], [ 36.922568394000052, 12.710407873000065 ], [ 36.98594891700003, 12.672488981000072 ], [ 36.98735118500008, 12.695482255000059 ], [ 37.028982129000042, 12.703973937000058 ], [ 37.055169314000068, 12.738654384000029 ], [ 37.00924811200008, 12.772579722000046 ], [ 37.007994390000079, 12.801922599000022 ], [ 36.909821020000038, 12.795646875000045 ], [ 36.880302292000067, 12.823706328000071 ], [ 36.838313717000062, 12.803953654000054 ], [ 36.800792975000036, 12.817653026000073 ], [ 36.785598832000062, 12.93306035300003 ], [ 36.828677237000079, 12.917450853000048 ], [ 36.755712229000039, 13.034954820000053 ], [ 36.764610705000052, 13.052338615000053 ], [ 36.807311265000067, 13.062958293000065 ], [ 36.82660465400005, 13.033151039000074 ], [ 36.832219864000024, 13.112408083000048 ], [ 36.81537540100004, 13.153081242000042 ], [ 36.749660164000034, 13.221346076000032 ], [ 36.687273452000056, 13.23619870400006 ], [ 36.676409233000072, 13.280288650000045 ], [ 36.551306777000036, 13.319874550000065 ], [ 36.515465103000054, 13.349374118000071 ], [ 36.481774005000034, 13.484864950000031 ], [ 36.497179119000066, 13.560438455000053 ], [ 36.52144529800006, 13.592429388000028 ], [ 36.554692386000056, 13.571281353000074 ], [ 36.564711750000072, 13.533001045000049 ], [ 36.601122891000045, 13.498425464000036 ], [ 36.574310318000073, 13.477864165000028 ], [ 36.566421944000069, 13.446200746000045 ], [ 36.609496445000048, 13.375213016000032 ], [ 36.734659853000039, 13.363072466000062 ], [ 36.766943716000071, 13.378128107000066 ], [ 36.824789940000073, 13.448246112000049 ], [ 36.919192014000032, 13.376823804000026 ], [ 37.034955552000042, 13.353264047000039 ], [ 37.078374032000056, 13.311815582000065 ], [ 37.15774619900003, 13.297806598000022 ], [ 37.204709118000039, 13.255712392000078 ], [ 37.250517199000058, 13.294993971000054 ], [ 37.280647187000056, 13.284943967000061 ], [ 37.321827248000034, 13.297177615000066 ], [ 37.36524188900006, 13.359850854000058 ], [ 37.395817855000075, 13.357776970000032 ], [ 37.415816650000068, 13.373968391000062 ], [ 37.440505834000078, 13.354094306000036 ], [ 37.523677372000066, 13.369931853000026 ], [ 37.54923494600007, 13.312705727000036 ], [ 37.529274075000046, 13.294564094000066 ], [ 37.542845318000047, 13.197029312000041 ], [ 37.511110898000027, 13.18743244500007 ], [ 37.455083089000027, 13.102201301000036 ], [ 37.523957340000038, 13.095344924000074 ], [ 37.537813428000049, 12.992314983000028 ], [ 37.563191443000051, 12.952056682000034 ], [ 37.63586355800004, 12.956920309000054 ], [ 37.627818904000037, 12.920615244000032 ], [ 37.649973335000027, 12.927237016000049 ], [ 37.651132229000041, 12.902126678000059 ], [ 37.71446056800005, 12.877232996000032 ], [ 37.772298557000056, 12.921119059000034 ], [ 37.847552534000044, 12.926796545000059 ], [ 37.912674285000037, 12.905313637000063 ], [ 37.893778277000024, 12.99930303900004 ], [ 37.919683160000034, 13.029602839000063 ], [ 37.905022032000034, 13.041908885000055 ], [ 37.948372514000027, 13.055912772000056 ], [ 37.954863444000068, 13.07892593400004 ], [ 37.99344960500008, 13.106617151000023 ], [ 38.043786429000079, 13.074125489000039 ], [ 38.001133418000052, 13.026924604000044 ], [ 38.036641881000037, 12.948519375000046 ], [ 38.053798657000073, 12.934960836000073 ], [ 38.089799309000057, 12.98142873200004 ], [ 38.126632929000039, 12.967870682000068 ], [ 38.124099132000026, 12.876018794000061 ], [ 38.152024417000064, 12.89611110900006 ], [ 38.157370365000077, 12.938162799000054 ], [ 38.19231840100008, 12.939228540000045 ], [ 38.186834017000081, 12.904717294000022 ], [ 38.202268830000037, 12.882323878000022 ], [ 38.224291918000063, 12.87329875000006 ], [ 38.247638839000047, 12.902243680000026 ], [ 38.264647418000038, 12.898583744000064 ], [ 38.261777456000061, 12.825162596000041 ], [ 38.295812201000047, 12.816236247000063 ], [ 38.312173415000075, 12.754366177000065 ], [ 38.358538949000035, 12.763145467000072 ], [ 38.465525961000026, 12.74280721100007 ], [ 38.452155404000052, 12.674998603000063 ], [ 38.481632511000043, 12.629742021000027 ], [ 38.465765427000065, 12.586285154000052 ], [ 38.432635800000071, 12.554323788000033 ], [ 38.373722569000051, 12.533879837000029 ], [ 38.289855027000044, 12.416891218000046 ], [ 38.17182845800005, 12.33872830200005 ], [ 38.113698062000026, 12.338186696000037 ], [ 38.113057798000057, 12.318733788000031 ], [ 38.075650138000071, 12.310652282000035 ], [ 38.058772463000025, 12.333122076000052 ], [ 37.963504876000059, 12.288024691000032 ], [ 37.960022862000073, 12.305009366000036 ], [ 37.949237224000058, 12.300877164000042 ], [ 37.964814304000072, 12.218076064000059 ], [ 37.939557801000035, 12.220922534000067 ], [ 37.91890937800008, 12.274670322000077 ], [ 37.904557941000064, 12.268584610000062 ], [ 37.882419498000047, 12.292251087000068 ], [ 37.863604953000049, 12.254781693000041 ], [ 37.830141733000062, 12.251474870000038 ], [ 37.81254997700006, 12.300423975000058 ], [ 37.788461236000046, 12.304509809000024 ], [ 37.794386018000068, 12.344303668000066 ], [ 37.767145012000071, 12.367687018000026 ], [ 37.729165028000068, 12.324593331000074 ], [ 37.684501251000029, 12.332053561000066 ], [ 37.646054530000072, 12.29224731000005 ], [ 37.682226386000025, 12.275946360000034 ], [ 37.734191744000043, 12.199130320000052 ], [ 37.761924862000058, 12.216057564000039 ], [ 37.758562347000066, 12.191330528000037 ], [ 37.734124876000067, 12.171970968000039 ], [ 37.695241976000034, 12.171326519000047 ], [ 37.693752310000036, 12.152402843000061 ], [ 37.647077037000031, 12.142077925000024 ], [ 37.633619140000064, 12.154283525000039 ], [ 37.603452581000056, 12.12997243500007 ], [ 37.561574459000042, 12.196353554000041 ], [ 37.562427385000035, 12.227550571000052 ], [ 37.492393950000064, 12.304034963000049 ], [ 37.428026729000067, 12.27753191000005 ], [ 37.416134001000046, 12.289633435000042 ], [ 37.35775876200006, 12.252177446000076 ], [ 37.360111957000072, 12.272771011000032 ], [ 37.31803650300003, 12.273735793000071 ], [ 37.296470072000034, 12.24864671000006 ], [ 37.292698407000046, 12.206590099000039 ], [ 37.257814946000053, 12.195924489000049 ], [ 37.231792814000073, 12.213266134000037 ], [ 37.20431398900007, 12.203846782000028 ], [ 37.211243540000055, 12.192899655000076 ], [ 37.18391028800005, 12.196825038000043 ], [ 37.15972328600003, 12.268786400000067 ], [ 37.106084616000032, 12.251069149000045 ], [ 37.054094654000039, 12.191206013000055 ], [ 37.032209619000071, 12.106394116000047 ], [ 37.043732846000069, 12.097450447000028 ], [ 37.019076566000024, 12.043850649000035 ], [ 37.002848690000064, 12.038985771000057 ], [ 37.023404602000028, 12.01206060100003 ], [ 37.01912597300003, 11.925793378000037 ], [ 36.948017789000062, 11.867938197000058 ], [ 36.870907724000062, 11.843168143000071 ], [ 36.860470752000026, 11.786702938000076 ], [ 36.882282566000072, 11.740091740000025 ], [ 36.846105471000044, 11.742690766000067 ], [ 36.789217415000053, 11.676641528000061 ], [ 36.714979577000065, 11.689067785000077 ], [ 36.654869940000026, 11.641566427000043 ], [ 36.662836644000038, 11.727764450000052 ], [ 36.636198419000038, 11.730357148000053 ], [ 36.610711758000036, 11.762766981000027 ], [ 36.574347236000051, 11.775753045000044 ], [ 36.618063316000075, 11.816289545000075 ], [ 36.608577463000074, 11.857763657000021 ], [ 36.520105921000038, 11.930063321000034 ], [ 36.55640380400007, 11.932532698000045 ], [ 36.545916025000054, 11.948650903000043 ], [ 36.566359170000055, 11.970441741000059 ], [ 36.416101695000066, 12.017099878000067 ], [ 36.464582863000032, 12.057467690000067 ], [ 36.493124227000067, 12.106782768000073 ], [ 36.406097779000049, 12.165462435000052 ], [ 36.485780591000037, 12.224231896000049 ], [ 36.471970691000024, 12.259112973000072 ], [ 36.498515886000064, 12.293260332000045 ], [ 36.474715537000066, 12.323392511000065 ], [ 36.530676945000039, 12.35518163200004 ], [ 36.528747517000056, 12.374736974000029 ], [ 36.50986731200004, 12.374692665000055 ], [ 36.51934241400005, 12.391676364000034 ] ] ] } },
{ "type": "Feature", "properties": { "ADM2_PCODE": "ET0511", "ADM2_EN": "Daawa", "ADM1_EN": "Somali" }, "geometry": { "type": "Polygon", "coordinates": [ [ [ 40.302833545000055, 4.821522750000042 ], [ 40.413539921000051, 4.775632414000029 ], [ 40.577243790000068, 4.660765580000032 ], [ 40.650032041000031, 4.541810109000039 ], [ 40.67982108800004, 4.531124049000027 ], [ 40.714458552000053, 4.464515153000036 ], [ 40.77415458300004, 4.414149298000041 ], [ 40.764762795000024, 4.354596529000048 ], [ 40.744731818000048, 4.333961886000054 ], [ 40.77338413700005, 4.282452356000022 ], [ 40.39889, 4.12306 ], [ 40.38861, 4.09889 ], [ 40.1825, 4.0225 ], [ 39.86666, 3.86944 ], [ 39.78278, 3.67833 ], [ 39.59499, 3.50083 ], [ 39.56027, 3.40667 ], [ 39.51902, 3.40931 ], [ 39.49958, 3.45014 ], [ 39.33138, 3.46917 ], [ 39.32864, 3.49965 ], [ 39.295, 3.47528 ], [ 39.24889, 3.47139 ], [ 39.19694, 3.47861 ], [ 39.091117958000041, 3.531103962000032 ], [ 39.284696387000054, 3.623078557000042 ], [ 39.499677537000025, 3.96572886000007 ], [ 39.478277542000058, 4.040328985000031 ], [ 39.528787869000041, 4.16673909800005 ], [ 39.539687995000065, 4.235169173000031 ], [ 39.603208347000077, 4.333769220000022 ], [ 39.745899293000036, 4.666579411000043 ], [ 39.744124614000043, 4.709734275000073 ], [ 39.775474571000075, 4.745416605000059 ], [ 39.914463898000065, 4.711506326000062 ], [ 39.942283710000027, 4.734652109000024 ], [ 39.994380996000075, 4.737046740000039 ], [ 40.049991602000034, 4.765424334000045 ], [ 40.090629628000045, 4.771064284000033 ], [ 40.105480114000045, 4.747559109000065 ], [ 40.169357392000052, 4.775444548000053 ], [ 40.19551083500005, 4.851513838000074 ], [ 40.231220307000058, 4.830948748000026 ], [ 40.302833545000055, 4.821522750000042 ] ] ] } },
{ "type": "Feature", "properties": { "ADM2_PCODE": "ET1104", "ADM2_EN": "Dawuro", "ADM1_EN": "South West Ethiopia" }, "geometry": { "type": "Polygon", "coordinates": [ [ [ 37.382065555000054, 7.246507575000066 ], [ 37.402646895000032, 7.246221451000054 ], [ 37.464332570000067, 7.199061273000041 ], [ 37.513180255000066, 7.213984946000039 ], [ 37.530421373000024, 7.189943259000074 ], [ 37.455444102000058, 7.13519806100004 ], [ 37.459723259000043, 7.098881694000056 ], [ 37.421132144000069, 6.961003138000024 ], [ 37.434974638000028, 6.894799343000045 ], [ 37.388620472000071, 6.86083908300003 ], [ 37.338039243000026, 6.874518833000025 ], [ 37.304744416000062, 6.859975918000032 ], [ 37.267747511000039, 6.777163616000053 ], [ 37.243941635000056, 6.761236353000072 ], [ 37.249416999000061, 6.742560857000058 ], [ 37.22490545900007, 6.72124048400002 ], [ 37.238903993000065, 6.654505381000035 ], [ 37.199877374000039, 6.648671170000057 ], [ 37.182033540000077, 6.66688289700005 ], [ 37.146612006000055, 6.669717504000062 ], [ 37.104424175000077, 6.63396171100004 ], [ 37.003502849000029, 6.589600115000053 ], [ 36.988052270000026, 6.603162615000031 ], [ 36.989134271000069, 6.67988138100003 ], [ 36.968465443000071, 6.693222842000068 ], [ 36.932294420000062, 6.70388351500003 ], [ 36.866842965000046, 6.668462831000056 ], [ 36.779806627000028, 6.710629277000066 ], [ 36.691057662000048, 6.707440206000058 ], [ 36.690088618000061, 6.781036588000063 ], [ 36.707799353000041, 6.830824259000053 ], [ 36.762946057000079, 6.900219316000062 ], [ 36.764719231000072, 6.932350039000028 ], [ 36.82415224600004, 6.978893367000069 ], [ 36.819388677000063, 7.076057714000058 ], [ 36.87541901700007, 7.23084542600003 ], [ 36.96464517000004, 7.224732706000054 ], [ 37.039511190000042, 7.240016542000035 ], [ 37.128590638000048, 7.228445968000074 ], [ 37.237830025000051, 7.312059669000064 ], [ 37.34947988600004, 7.357735476000073 ], [ 37.356799446000025, 7.276800879000064 ], [ 37.382065555000054, 7.246507575000066 ] ] ] } },
{ "type": "Feature", "properties": { "ADM2_PCODE": "ET0723", "ADM2_EN": "Derashe", "ADM1_EN": "SNNP" }, "geometry": { "type": "Polygon", "coordinates": [ [ [ 37.313253968000026, 5.785736947000032 ], [ 37.451932800000066, 5.705056483000021 ], [ 37.482444300000054, 5.731391768000037 ], [ 37.496361653000065, 5.702132624000058 ], [ 37.549770385000045, 5.733960191000051 ], [ 37.553495367000039, 5.682554359000051 ], [ 37.531706863000068, 5.626087587000029 ], [ 37.490804445000038, 5.603371941000034 ], [ 37.497107583000059, 5.58474237300004 ], [ 37.477515953000079, 5.551559199000053 ], [ 37.466189569000051, 5.563517365000052 ], [ 37.457592136000073, 5.554474488000039 ], [ 37.465804645000048, 5.515364329000022 ], [ 37.433154319000039, 5.521367429000065 ], [ 37.41380054900003, 5.507917257000031 ], [ 37.362013471000068, 5.523974935000069 ], [ 37.346495127000026, 5.513014639000062 ], [ 37.313554142000044, 5.579009808000023 ], [ 37.322511999000028, 5.594388572000071 ], [ 37.27582850400006, 5.587786743000038 ], [ 37.261143476000029, 5.599622009000029 ], [ 37.268177318000028, 5.652574311000023 ], [ 37.229858064000041, 5.70419041100007 ], [ 37.126045877000024, 5.727740727000025 ], [ 37.234345886000028, 5.741572205000068 ], [ 37.313253968000026, 5.785736947000032 ] ] ] } },
{ "type": "Feature", "properties": { "ADM2_PCODE": "ET1502", "ADM2_EN": "Dire Dawa rural", "ADM1_EN": "Dire Dawa" }, "geometry": { "type": "Polygon", "coordinates": [ [ [ 42.262650448000045, 9.656901718000029 ], [ 42.200530191000041, 9.653141934000075 ], [ 42.124859761000039, 9.61452225000005 ], [ 42.152599667000061, 9.556372258000067 ], [ 42.07477108300003, 9.473716646000071 ], [ 42.019098978000045, 9.508172774000059 ], [ 41.982523831000037, 9.508492896000064 ], [ 41.913378429000034, 9.47246317500003 ], [ 41.772997927000063, 9.491053607000026 ], [ 41.734617702000037, 9.471483758000034 ], [ 41.728027738000037, 9.489033754000047 ], [ 41.74860187400003, 9.636353472000053 ], [ 41.762346348000051, 9.644212965000065 ], [ 41.771418038000036, 9.615051318000042 ], [ 41.87726708100007, 9.574742652000054 ], [ 41.88935530200007, 9.599617077000062 ], [ 41.862040197000056, 9.678193904000068 ], [ 41.873238977000028, 9.683882986000071 ], [ 42.030809393000027, 9.618482565000022 ], [ 42.18577054800005, 9.773561785000027 ], [ 42.250990849000061, 9.783491543000025 ], [ 42.339772808000077, 9.719617623000033 ], [ 42.262650448000045, 9.656901718000029 ] ] ] } },
{ "type": "Feature", "properties": { "ADM2_PCODE": "ET1501", "ADM2_EN": "Dire Dawa urban", "ADM1_EN": "Dire Dawa" }, "geometry": { "type": "Polygon", "coordinates": [ [ [ 41.862040197000056, 9.678193904000068 ], [ 41.88935530200007, 9.599617077000062 ], [ 41.87726708100007, 9.574742652000054 ], [ 41.771418038000036, 9.615051318000042 ], [ 41.760679702000061, 9.643972814000051 ], [ 41.773828470000069, 9.653703360000065 ], [ 41.808678563000058, 9.64055326600004 ], [ 41.862040197000056, 9.678193904000068 ] ] ] } },
{ "type": "Feature", "properties": { "ADM2_PCODE": "ET0507", "ADM2_EN": "Doolo", "ADM1_EN": "Somali" }, "geometry": { "type": "Polygon", "coordinates": [ [ [ 46.99472, 8.00611 ], [ 47.98824, 8.00411 ], [ 46.99139, 7.05694 ], [ 45.989227500000027, 6.034448776000033 ], [ 45.542771194000068, 6.29778806500002 ], [ 45.318764983000051, 6.305394790000037 ], [ 45.25158228600003, 6.397226724000063 ], [ 44.829206361000047, 6.541897770000048 ], [ 44.807498833000068, 6.964515686000027 ], [ 44.871618237000064, 7.170733171000052 ], [ 44.863882889000081, 7.191520326000045 ], [ 44.919484941000064, 7.194611313000053 ], [ 44.918408815000078, 7.212104858000032 ], [ 44.845211362000043, 7.241712630000052 ], [ 44.795771546000026, 7.37455553500007 ], [ 44.866936644000077, 7.490198819000057 ], [ 44.955647, 7.568098 ], [ 44.952450666000061, 7.67393295100004 ], [ 44.98074911100008, 7.736721139000053 ], [ 45.354529269000068, 7.656731530000059 ], [ 45.61482120200003, 7.651511440000036 ], [ 45.681846859000075, 7.792704721000064 ], [ 45.81869894700003, 7.942152605000047 ], [ 45.917993714000033, 7.995385518000035 ], [ 46.010658489000036, 8.098775420000038 ], [ 46.021233616000075, 8.232295025000042 ], [ 46.094442396000034, 8.312013318000027 ], [ 46.99472, 8.00611 ] ] ] } },
{ "type": "Feature", "properties": { "ADM2_PCODE": "ET0421", "ADM2_EN": "East Bale", "ADM1_EN": "Oromia" }, "geometry": { "type": "Polygon", "coordinates": [ [ [ 41.338811447000069, 8.15479085000004 ], [ 41.417363900000055, 8.11315085800004 ], [ 41.47790927300008, 8.135210932000064 ], [ 41.498553713000035, 8.128916832000073 ], [ 41.527262283000027, 8.052056505000053 ], [ 41.536554599000056, 7.935294831000022 ], [ 41.558954621000055, 7.921731990000069 ], [ 41.571581997000067, 7.847960018000038 ], [ 41.58755725900005, 7.862449767000044 ], [ 41.603729864000059, 7.841168023000023 ], [ 41.603883282000027, 7.766905490000056 ], [ 41.623327546000041, 7.73357224800003 ], [ 41.673849605000044, 7.69542229800004 ], [ 41.676489378000042, 7.67039010600007 ], [ 41.705680036000047, 7.658545516000061 ], [ 41.700739847000079, 7.634004438000034 ], [ 41.846082727000066, 7.557009937000032 ], [ 41.86746099100003, 7.531233214000054 ], [ 41.896122317000049, 7.411205596000059 ], [ 42.199110096000027, 7.291440179000062 ], [ 42.204702686000076, 7.141035027000044 ], [ 42.157612300000039, 7.051325216000066 ], [ 42.162642213000026, 7.007115234000025 ], [ 42.076231629000063, 6.886735528000031 ], [ 42.055531229000053, 6.748755663000054 ], [ 41.999180790000025, 6.641615850000051 ], [ 41.999540669000055, 6.589845874000048 ], [ 41.887980171000038, 6.53534615500007 ], [ 41.860730083000078, 6.535341221000067 ], [ 41.853665850000027, 6.568909076000068 ], [ 41.819660021000061, 6.570476295000049 ], [ 41.757879747000061, 6.540536444000054 ], [ 41.690329268000028, 6.429416634000063 ], [ 41.633348992000037, 6.391386771000043 ], [ 41.619688883000038, 6.361716810000075 ], [ 41.43778865400003, 6.543967151000061 ], [ 41.228468081000074, 6.623007581000024 ], [ 41.13102787300005, 6.691257776000043 ], [ 41.072077665000052, 6.694327906000069 ], [ 40.900056653000036, 6.511638298000037 ], [ 40.860356352000053, 6.436198390000072 ], [ 40.863962389000051, 6.351030137000066 ], [ 40.824316741000075, 6.350110562000054 ], [ 40.805196343000034, 6.327686340000071 ], [ 40.763904361000073, 6.407695390000072 ], [ 40.673130213000036, 6.477522660000034 ], [ 40.640372168000056, 6.549419311000065 ], [ 40.661739958000055, 6.605357824000066 ], [ 40.645387027000027, 6.648175068000057 ], [ 40.663013384000067, 6.668849512000065 ], [ 40.643307237000045, 6.72264442200003 ], [ 40.692054754000026, 6.730303928000069 ], [ 40.753550507000057, 6.777321487000052 ], [ 40.748214249000057, 6.802726586000063 ], [ 40.767716363000034, 6.817733647000068 ], [ 40.754586187000029, 6.869376547000059 ], [ 40.76476619400006, 6.889155201000051 ], [ 40.725666574000059, 6.891156452000075 ], [ 40.701480331000027, 6.919110578000073 ], [ 40.721824095000045, 6.943867971000032 ], [ 40.706808986000055, 6.972975722000058 ], [ 40.654942977000076, 6.990900851000049 ], [ 40.646346849000054, 7.020148049000056 ], [ 40.616583539000032, 7.030647313000031 ], [ 40.613430091000055, 7.101899991000039 ], [ 40.567522207000025, 7.111100337000039 ], [ 40.533026893000056, 7.15317764100007 ], [ 40.507056119000026, 7.120510402000036 ], [ 40.466733747000035, 7.142818962000035 ], [ 40.433716046000029, 7.13863695200007 ], [ 40.469952052000053, 7.125425305000022 ], [ 40.46078912400003, 7.095561261000057 ], [ 40.434039061000078, 7.121054676000028 ], [ 40.391612276000046, 7.115247379000039 ], [ 40.360556617000043, 7.170794511000054 ], [ 40.294985530000076, 7.194219979000025 ], [ 40.275522487000046, 7.251731798000037 ], [ 40.336808024000049, 7.313043979000042 ], [ 40.322449491000043, 7.35092150600002 ], [ 40.370656293000025, 7.368173463000062 ], [ 40.36893910100008, 7.397067919000051 ], [ 40.330452884000067, 7.400103320000028 ], [ 40.360236634000046, 7.41225343800005 ], [ 40.347095246000038, 7.414106961000073 ], [ 40.357942600000058, 7.437965549000069 ], [ 40.339614593000078, 7.426187868000056 ], [ 40.337892219000025, 7.444782967000037 ], [ 40.384715232000076, 7.489153490000035 ], [ 40.341634826000075, 7.570190646000071 ], [ 40.429181415000073, 7.632387286000039 ], [ 40.462901663000025, 7.632096017000038 ], [ 40.509756767000056, 7.658202731000074 ], [ 40.550399285000026, 7.64954190900005 ], [ 40.585234344000071, 7.74374137500007 ], [ 40.604491548000055, 7.749075736000066 ], [ 40.639434231000052, 7.800969920000057 ], [ 40.709379733000048, 7.825477711000076 ], [ 40.74033440200003, 7.927017137000064 ], [ 40.781122381000046, 7.95237172700007 ], [ 40.977143655000077, 7.970917693000047 ], [ 40.98974680200007, 7.995409677000055 ], [ 41.05176479000005, 8.011399203000053 ], [ 41.086387382000055, 8.062254360000054 ], [ 41.146026977000076, 8.085375806000059 ], [ 41.195712840000056, 8.132037742000023 ], [ 41.219144221000079, 8.123334966000073 ], [ 41.338811447000069, 8.15479085000004 ] ] ] } },
{ "type": "Feature", "properties": { "ADM2_PCODE": "ET0306", "ADM2_EN": "East Gojam", "ADM1_EN": "Amhara" }, "geometry": { "type": "Polygon", "coordinates": [ [ [ 37.854185216000076, 11.239158663000069 ], [ 37.877613395000026, 11.215825352000024 ], [ 37.92743464800003, 11.209764101000076 ], [ 37.948365607000028, 11.191344139000023 ], [ 37.993063022000058, 11.201164066000047 ], [ 38.018358529000068, 11.173350504000041 ], [ 38.076442021000048, 11.157097821000036 ], [ 38.15691195900007, 11.160300519000032 ], [ 38.20004619000008, 11.13931116200007 ], [ 38.295858734000035, 11.150536068000065 ], [ 38.390144271000054, 11.085347919000071 ], [ 38.436816230000034, 11.085687519000032 ], [ 38.465455030000044, 11.051554668000051 ], [ 38.523350893000043, 10.902170197000032 ], [ 38.508099406000042, 10.842323645000022 ], [ 38.531235919000039, 10.789898127000072 ], [ 38.507320115000027, 10.748056779000024 ], [ 38.507608731000062, 10.674235562000035 ], [ 38.461687251000058, 10.593997121000029 ], [ 38.48862181700008, 10.485019728000054 ], [ 38.482978024000033, 10.412200355000039 ], [ 38.496193081000058, 10.363573172000031 ], [ 38.476676644000065, 10.363259955000046 ], [ 38.472529056000042, 10.291804716000058 ], [ 38.460067299000059, 10.289970320000066 ], [ 38.454191224000056, 10.246689368000034 ], [ 38.419384806000039, 10.219846974000063 ], [ 38.425724645000059, 10.171756064000022 ], [ 38.397499998000058, 10.144277915000032 ], [ 38.366302158000053, 10.140485495000064 ], [ 38.340049561000058, 10.156221879000043 ], [ 38.321809509000047, 10.107186793000039 ], [ 38.295274991000042, 10.089247869000076 ], [ 38.252375598000071, 10.088427973000023 ], [ 38.240426651000064, 10.102633868000055 ], [ 38.150565228000062, 10.035121651000054 ], [ 38.130939688000069, 10.047449623000034 ], [ 38.118277216000024, 10.01775053700004 ], [ 38.087563260000024, 10.020250808000071 ], [ 38.043585956000072, 9.969779790000075 ], [ 37.932837886000073, 9.941279312000063 ], [ 37.930074310000066, 9.914587167000036 ], [ 37.893029141000056, 9.927258911000024 ], [ 37.816021511000031, 9.867150363000064 ], [ 37.700652079000065, 9.836714384000061 ], [ 37.618226764000042, 9.893889540000032 ], [ 37.529236929000035, 9.996176773000059 ], [ 37.444469594000054, 10.014559267000038 ], [ 37.398275412000032, 10.046150453000052 ], [ 37.36219470900005, 10.043178533000059 ], [ 37.344751175000056, 10.005818236000039 ], [ 37.323254586000076, 10.008101796000062 ], [ 37.287711844000057, 10.062879183000064 ], [ 37.220499518000054, 10.083913319000033 ], [ 37.190737458000058, 10.111555897000073 ], [ 37.167702323000071, 10.16327334600004 ], [ 37.195997441000031, 10.230910795000057 ], [ 37.087101871000073, 10.259494065000069 ], [ 37.04587199000008, 10.288399330000061 ], [ 37.145563597000034, 10.340731610000034 ], [ 37.20569116300004, 10.321455699000069 ], [ 37.253425795000055, 10.325140052000052 ], [ 37.280355225000051, 10.361199996000039 ], [ 37.274979811000037, 10.38574301400007 ], [ 37.308417599000052, 10.439408097000069 ], [ 37.305714108000075, 10.458924950000039 ], [ 37.421879964000027, 10.491725675000055 ], [ 37.453819950000025, 10.486292756000068 ], [ 37.507425503000036, 10.534805290000065 ], [ 37.575362866000035, 10.554199173000029 ], [ 37.578558992000069, 10.584251140000049 ], [ 37.651160336000032, 10.680861224000068 ], [ 37.649066377000054, 10.700397968000061 ], [ 37.774831264000056, 10.741637430000026 ], [ 37.753189261000045, 10.762533326000039 ], [ 37.717862779000029, 10.763059236000061 ], [ 37.691922788000056, 10.842139650000036 ], [ 37.711550964000025, 10.987711835000027 ], [ 37.747222923000038, 11.01503167900006 ], [ 37.75166106100005, 11.084526419000042 ], [ 37.700116639000044, 11.042762755000069 ], [ 37.67339129000004, 11.060312130000057 ], [ 37.679008175000035, 11.073676508000062 ], [ 37.643599590000065, 11.088792369000032 ], [ 37.664588706000075, 11.106304999000031 ], [ 37.715103011000053, 11.111911677000023 ], [ 37.703714385000069, 11.137243499000022 ], [ 37.821217433000072, 11.168186758000047 ], [ 37.824935015000051, 11.228057708000051 ], [ 37.854185216000076, 11.239158663000069 ] ] ] } },
{ "type": "Feature", "properties": { "ADM2_PCODE": "ET0410", "ADM2_EN": "East Hararge", "ADM1_EN": "Oromia" }, "geometry": { "type": "Polygon", "coordinates": [ [ [ 42.727070406000053, 9.725092591000021 ], [ 42.89767600600004, 9.650087287000076 ], [ 42.935026727000036, 9.679967474000023 ], [ 42.977979742000059, 9.628610517000027 ], [ 42.968641956000056, 9.59219390800007 ], [ 42.921019829000045, 9.565115037000055 ], [ 42.86406022400007, 9.586591722000037 ], [ 42.813636848000044, 9.572585500000059 ], [ 42.776286019000054, 9.511891223000021 ], [ 42.640889819000051, 9.447462242000029 ], [ 42.537453342000049, 9.372981780000032 ], [ 42.556290423000064, 9.321051281000052 ], [ 42.551360282000076, 9.286571357000071 ], [ 42.583590165000032, 9.21538136700002 ], [ 42.634700161000069, 9.158521290000067 ], [ 42.599345568000047, 9.106174348000025 ], [ 42.644349907000048, 9.072981394000067 ], [ 42.730639804000077, 8.948021313000027 ], [ 42.865329867000071, 8.825111068000069 ], [ 42.831989324000062, 8.695231381000042 ], [ 42.838419246000058, 8.664391413000033 ], [ 42.905319211000062, 8.582221324000045 ], [ 42.89884863900005, 8.409101609000061 ], [ 42.768168047000074, 8.363172085000031 ], [ 42.701597256000071, 8.179612544000065 ], [ 42.651406933000032, 8.129672756000048 ], [ 42.615976902000057, 8.159602825000036 ], [ 42.567027021000058, 8.25561284500003 ], [ 42.520137541000054, 8.478712686000051 ], [ 42.323037013000032, 8.536773208000056 ], [ 42.263077100000032, 8.635953264000023 ], [ 42.232676985000069, 8.63503335300004 ], [ 42.069725950000077, 8.493974029000071 ], [ 42.026005586000053, 8.425834241000075 ], [ 42.027053755000054, 8.323024846000067 ], [ 41.948404642000071, 8.200894719000075 ], [ 41.91240351600004, 7.844395182000028 ], [ 41.957143487000053, 7.77478512600004 ], [ 41.86143333900003, 7.530611228000055 ], [ 41.846082727000066, 7.557009937000032 ], [ 41.700739847000079, 7.634004438000034 ], [ 41.705680036000047, 7.658545516000061 ], [ 41.676489378000042, 7.67039010600007 ], [ 41.673849605000044, 7.69542229800004 ], [ 41.603883282000027, 7.766905490000056 ], [ 41.603729864000059, 7.841168023000023 ], [ 41.58755725900005, 7.862449767000044 ], [ 41.571581997000067, 7.847960018000038 ], [ 41.558954621000055, 7.921731990000069 ], [ 41.536554599000056, 7.935294831000022 ], [ 41.537911105000035, 7.974380727000039 ], [ 41.566181193000034, 7.993272835000027 ], [ 41.577602021000075, 8.024305423000044 ], [ 41.570696836000025, 8.161028159000068 ], [ 41.535735858000066, 8.165145646000042 ], [ 41.497782629000028, 8.197682437000026 ], [ 41.487567783000031, 8.252999114000033 ], [ 41.448415161000071, 8.279779985000062 ], [ 41.443971570000031, 8.314308775000029 ], [ 41.385826146000056, 8.362219977000052 ], [ 41.358390052000061, 8.351815890000069 ], [ 41.282331273000068, 8.38972022300004 ], [ 41.246713817000057, 8.443393712000045 ], [ 41.277307653000037, 8.528855383000064 ], [ 41.268176315000062, 8.613758586000074 ], [ 41.210285257000066, 8.684793712000044 ], [ 41.173157531000072, 8.768233965000036 ], [ 41.228115225000067, 8.872798212000021 ], [ 41.289105621000033, 9.085989256000062 ], [ 41.266477759000054, 9.132702278000068 ], [ 41.273841494000067, 9.151756275000025 ], [ 41.206946971000036, 9.181586 ], [ 41.280830037000044, 9.26718145500007 ], [ 41.191843542000072, 9.459754477000047 ], [ 41.230585680000047, 9.495680310000068 ], [ 41.308696037000061, 9.50307506200005 ], [ 41.490966655000079, 9.457424547000073 ], [ 41.540606997000054, 9.499584337000044 ], [ 41.642597468000076, 9.515143991000059 ], [ 41.654157407000071, 9.481234004000044 ], [ 41.70227755600007, 9.466653867000048 ], [ 41.772997927000063, 9.491053607000026 ], [ 41.913378429000034, 9.47246317500003 ], [ 41.982523831000037, 9.508492896000064 ], [ 42.031719010000074, 9.504402737000021 ], [ 42.07477108300003, 9.473716646000071 ], [ 42.152599667000061, 9.556372258000067 ], [ 42.124859761000039, 9.61452225000005 ], [ 42.200530191000041, 9.653141934000075 ], [ 42.258635415000072, 9.651581739000051 ], [ 42.339772808000077, 9.719617623000033 ], [ 42.498958445000028, 9.72105447000007 ], [ 42.663794574000065, 9.776549058000057 ], [ 42.69411559200006, 9.768675546000054 ], [ 42.727070406000053, 9.725092591000021 ] ], [ [ 42.129149014000063, 9.388672600000064 ], [ 42.070468498000025, 9.303942921000043 ], [ 42.061332213000071, 9.226459059000035 ], [ 42.112408425000069, 9.230742892000023 ], [ 42.148558487000059, 9.206262811000045 ], [ 42.197458721000032, 9.219872631000044 ], [ 42.233718742000065, 9.185912564000034 ], [ 42.25944886800005, 9.19227247300006 ], [ 42.272038988000077, 9.215667394000036 ], [ 42.250309142000049, 9.285532357000022 ], [ 42.270312659000069, 9.361664396000037 ], [ 42.25299947600007, 9.383802192000076 ], [ 42.187439149000056, 9.361682445000042 ], [ 42.129149014000063, 9.388672600000064 ] ] ] } },
{ "type": "Feature", "properties": { "ADM2_PCODE": "ET0407", "ADM2_EN": "East Shewa", "ADM1_EN": "Oromia" }, "geometry": { "type": "Polygon", "coordinates": [ [ [ 39.323169034000045, 9.148786460000053 ], [ 39.357012271000031, 9.062080326000057 ], [ 39.296751316000041, 9.053268949000028 ], [ 39.288188397000056, 8.998978411000053 ], [ 39.258599612000069, 8.962636106000048 ], [ 39.26538144400007, 8.922385086000077 ], [ 39.241015087000051, 8.888922484000034 ], [ 39.237491156000033, 8.862024795000025 ], [ 39.265526488000035, 8.843076094000025 ], [ 39.243854955000074, 8.827681300000052 ], [ 39.27199310900005, 8.783044547000031 ], [ 39.270448014000067, 8.724513068000022 ], [ 39.298982555000066, 8.718513633000043 ], [ 39.324542076000057, 8.746886870000026 ], [ 39.361069287000078, 8.720949890000043 ], [ 39.37710117000006, 8.730897078000055 ], [ 39.378164, 8.791171490000067 ], [ 39.417751568000028, 8.814541965000046 ], [ 39.449226619000058, 8.752237944000058 ], [ 39.500750191000066, 8.714812530000074 ], [ 39.551786236000055, 8.768750596000075 ], [ 39.561986771000079, 8.81783961800005 ], [ 39.617022723000048, 8.786868969000068 ], [ 39.662137227000073, 8.813192484000069 ], [ 39.733277203000057, 8.826240115000076 ], [ 39.74801287400004, 8.910277915000052 ], [ 39.742452109000055, 9.091257814000073 ], [ 39.793804393000073, 9.112743744000056 ], [ 39.807734578000066, 9.135445119000053 ], [ 39.877658687000064, 9.144729525000059 ], [ 39.909018797000044, 9.131799454000031 ], [ 39.91874867000007, 9.068409475000067 ], [ 39.951868717000025, 9.029989418000071 ], [ 39.947628630000054, 9.003599447000056 ], [ 40.021928961000071, 9.002279258000044 ], [ 40.047459014000026, 8.977889205000054 ], [ 40.036618778000047, 8.906529287000069 ], [ 40.010408527000038, 8.856089392000058 ], [ 40.051188669000055, 8.840629298000067 ], [ 40.097906471000044, 8.863766593000037 ], [ 40.073815549000074, 8.819621468000037 ], [ 40.08997858400005, 8.781640508000066 ], [ 40.082042779000062, 8.75740244900004 ], [ 40.053981768000028, 8.708959353000068 ], [ 39.991665069000078, 8.661752074000049 ], [ 39.952601055000059, 8.67627936100007 ], [ 39.943149083000037, 8.704728127000067 ], [ 39.904861202000063, 8.716222080000023 ], [ 39.85507896200005, 8.667438154000024 ], [ 39.83640422600007, 8.67342906600004 ], [ 39.718091340000058, 8.633863055000063 ], [ 39.687155775000065, 8.581924697000034 ], [ 39.651588193000066, 8.567636490000041 ], [ 39.62623287100007, 8.528396073000067 ], [ 39.573525891000031, 8.523900088000062 ], [ 39.487615444000028, 8.428735515000028 ], [ 39.429845476000025, 8.407162663000065 ], [ 39.396554402000049, 8.421660671000041 ], [ 39.387704454000072, 8.376638119000063 ], [ 39.356192209000028, 8.375477319000026 ], [ 39.341954403000045, 8.399259215000029 ], [ 39.292487822000055, 8.389022271000044 ], [ 39.263813095000046, 8.364219313000035 ], [ 39.241481809000049, 8.239624657000036 ], [ 39.182755255000075, 8.234889726000063 ], [ 39.191247601000043, 8.270023474000027 ], [ 39.159413350000079, 8.327233703000047 ], [ 39.072991818000048, 8.335292471000059 ], [ 39.003931249000061, 8.293990524000037 ], [ 38.982124787000032, 8.244691236000051 ], [ 38.989196039000035, 8.199663903000044 ], [ 38.946476079000035, 8.16241049000007 ], [ 38.914661638000041, 8.026982279000038 ], [ 38.777283581000063, 7.887557855000068 ], [ 38.803860818000032, 7.860712888000023 ], [ 38.839135742000053, 7.856254489000037 ], [ 38.852163656000073, 7.79257754200006 ], [ 38.870151391000036, 7.785174659000063 ], [ 38.863604532000068, 7.764961853000045 ], [ 38.890918169000031, 7.72912735400007 ], [ 38.887389374000065, 7.703675218000058 ], [ 38.875950585000055, 7.692757333000031 ], [ 38.848378696000054, 7.707185998000057 ], [ 38.810406594000028, 7.699381449000043 ], [ 38.798945475000039, 7.647758089000035 ], [ 38.788045924000073, 7.667555994000054 ], [ 38.75730567800008, 7.671100697000043 ], [ 38.779368232000024, 7.688673890000075 ], [ 38.751232425000069, 7.693231359000038 ], [ 38.747943539000062, 7.674387254000067 ], [ 38.736451989000045, 7.695803265000052 ], [ 38.612507559000051, 7.667242307000038 ], [ 38.545776812000042, 7.685335377000058 ], [ 38.458697457000028, 7.610449689000063 ], [ 38.458430167000074, 7.59098037900003 ], [ 38.422818133000078, 7.566743349000035 ], [ 38.401043085000026, 7.578700777000051 ], [ 38.420263009000053, 7.624342803000047 ], [ 38.412433326000041, 7.681553431000054 ], [ 38.444847429000049, 7.759533909000027 ], [ 38.49244288400007, 7.795393342000068 ], [ 38.512908086000039, 7.848910445000058 ], [ 38.563087169000028, 7.885196245000031 ], [ 38.597367683000073, 7.990588941000055 ], [ 38.627701764000051, 8.033595279000053 ], [ 38.612682218000032, 8.043301324000026 ], [ 38.621852190000027, 8.06841243100007 ], [ 38.583944895000059, 8.108104487000048 ], [ 38.581462538000039, 8.171877069000061 ], [ 38.542552826000076, 8.225849506000031 ], [ 38.549258653000038, 8.262683371000037 ], [ 38.593544457000064, 8.260199101000069 ], [ 38.635133765000035, 8.132337731000064 ], [ 38.672843128000068, 8.089863961000049 ], [ 38.68218734900006, 8.190427868000029 ], [ 38.715921776000073, 8.231159568000066 ], [ 38.650952231000076, 8.285082027000044 ], [ 38.667231758000071, 8.350485245000073 ], [ 38.696001811000031, 8.38373443100005 ], [ 38.765506992000041, 8.393375973000047 ], [ 38.748335029000032, 8.486597627000037 ], [ 38.768911915000047, 8.568961351000041 ], [ 38.823520341000062, 8.658390761000021 ], [ 38.839828375000025, 8.717571888000066 ], [ 38.872148852000066, 8.739254281000058 ], [ 38.875119034000079, 8.779133099000035 ], [ 38.907158892000041, 8.788820452000039 ], [ 38.898969941000075, 8.806174947000045 ], [ 38.932364982000024, 8.820590217000074 ], [ 38.944634669000038, 8.857927131000054 ], [ 39.009144536000065, 8.930547432000026 ], [ 39.000822883000069, 8.943395643000031 ], [ 39.024915331000045, 8.97937421000006 ], [ 39.012385738000035, 9.001691648000076 ], [ 39.028441263000047, 9.018708876000062 ], [ 39.036305866000077, 9.001755073000027 ], [ 39.064254752000068, 9.020797388000062 ], [ 39.095952996000051, 9.014026545000036 ], [ 39.095331372000032, 9.072583724000026 ], [ 39.125208820000068, 9.099295556000072 ], [ 39.162026524000055, 9.083043634000035 ], [ 39.241943581000044, 9.145502168000064 ], [ 39.249522225000078, 9.135586015000058 ], [ 39.323169034000045, 9.148786460000053 ] ] ] } },
{ "type": "Feature", "properties": { "ADM2_PCODE": "ET0402", "ADM2_EN": "East Wellega", "ADM1_EN": "Oromia" }, "geometry": { "type": "Polygon", "coordinates": [ [ [ 36.766611903000069, 10.362340819000053 ], [ 36.776600381000037, 10.345968642000059 ], [ 36.825592049000079, 10.33424341500006 ], [ 36.865402570000072, 10.250308178000068 ], [ 36.847479651000071, 10.18321796500004 ], [ 36.886624420000032, 10.162812626000061 ], [ 36.897341701000073, 10.133319203000042 ], [ 36.886096631000044, 10.101860421000026 ], [ 36.900480854000079, 10.058682649000048 ], [ 36.89355454400004, 10.017747320000069 ], [ 36.917073609000056, 10.003571472000033 ], [ 36.894088949000036, 9.977516601000048 ], [ 36.920003077000047, 9.954536663000056 ], [ 36.896454930000061, 9.915393381000058 ], [ 36.907646802000045, 9.904008842000053 ], [ 36.919084177000059, 9.919401017000041 ], [ 36.92900170300004, 9.917054588000042 ], [ 36.906866501000025, 9.896056956000052 ], [ 36.915238890000069, 9.858979004000048 ], [ 36.904627162000054, 9.84990476300004 ], [ 36.92225423800005, 9.820832099000029 ], [ 36.875808340000049, 9.779580816000021 ], [ 36.791361623000057, 9.759769749000043 ], [ 36.775449804000061, 9.741708571000061 ], [ 36.782539419000045, 9.708445625000024 ], [ 36.763725905000058, 9.688524524000059 ], [ 36.691402792000076, 9.67353180300006 ], [ 36.673172621000049, 9.634037391000049 ], [ 36.661716436000063, 9.505996195000023 ], [ 36.733701686000074, 9.416566575000047 ], [ 36.79518437400003, 9.411922129000061 ], [ 36.831182215000069, 9.433101832000034 ], [ 36.829676092000057, 9.461327807000032 ], [ 36.883816922000051, 9.488134848000072 ], [ 36.917971735000037, 9.441272638000044 ], [ 36.955204644000048, 9.47062918000006 ], [ 36.998285459000044, 9.448975426000061 ], [ 37.031471848000024, 9.458619411000029 ], [ 37.034923255000024, 9.427589860000069 ], [ 37.062637910000035, 9.426948109000023 ], [ 37.052156169000057, 9.379059828000038 ], [ 37.073069858000054, 9.347157881000044 ], [ 37.066438867000045, 9.32363721300004 ], [ 37.077293331000078, 9.329250815000023 ], [ 37.088224440000033, 9.302439164000077 ], [ 37.113274786000034, 9.30768742500004 ], [ 37.160844328000053, 9.250965736000069 ], [ 37.118132625000044, 9.218088364000039 ], [ 37.113460117000045, 9.193779259000053 ], [ 37.048587004000069, 9.205084084000021 ], [ 37.055655676000072, 9.177140800000075 ], [ 37.035261456000057, 9.146882809000033 ], [ 37.056824216000052, 9.086046622000026 ], [ 37.030135356000073, 9.081760233000068 ], [ 37.022303173000068, 9.036692957000071 ], [ 37.05905821500005, 8.998857509000061 ], [ 37.147447889000034, 8.966784421000057 ], [ 37.151609119000057, 8.928823657000066 ], [ 37.19402244500003, 8.923387682000055 ], [ 37.185155404000056, 8.901961457000027 ], [ 37.199442785000031, 8.882465456000034 ], [ 37.147291761000076, 8.859344594000049 ], [ 37.08915595600007, 8.869671311000047 ], [ 37.059941709000043, 8.803893061000053 ], [ 37.016423266000061, 8.809661488000074 ], [ 36.990792915000043, 8.793676842000025 ], [ 36.993519953000032, 8.773936816000059 ], [ 37.012591696000072, 8.777481634000026 ], [ 37.019154668000056, 8.759531078000066 ], [ 36.997585021000077, 8.733157662000053 ], [ 36.985957446000043, 8.646089931000063 ], [ 36.951014514000065, 8.614192596000066 ], [ 36.898744792000059, 8.62715911500004 ], [ 36.886842429000069, 8.662774256000034 ], [ 36.852340714000036, 8.685015900000053 ], [ 36.793841665000059, 8.654346348000047 ], [ 36.736323562000052, 8.545541571000058 ], [ 36.723884889000033, 8.553843915000073 ], [ 36.648816340000053, 8.523933575000058 ], [ 36.613735004000034, 8.529736984000067 ], [ 36.627096581000046, 8.546503227000073 ], [ 36.587923673000034, 8.577548157000024 ], [ 36.536498065000046, 8.559182983000028 ], [ 36.524516031000076, 8.591765856000052 ], [ 36.441936061000035, 8.625509357000055 ], [ 36.419877640000038, 8.654288984000061 ], [ 36.40838006000007, 8.733055261000061 ], [ 36.377096627000071, 8.792393678000053 ], [ 36.352757631000031, 8.805084525000041 ], [ 36.352418120000038, 8.839219136000054 ], [ 36.334315116000028, 8.846334031000026 ], [ 36.323287637000078, 8.882064863000039 ], [ 36.293108632000042, 8.893225480000069 ], [ 36.239883686000042, 8.96064836000005 ], [ 36.247921821000034, 8.973530551000067 ], [ 36.221039099000052, 8.98853736500007 ], [ 36.176514305000069, 8.98268254900006 ], [ 36.148687703000064, 9.003750608000075 ], [ 36.176790550000078, 9.044525228000055 ], [ 36.225949202000038, 9.030967937000071 ], [ 36.246477824000067, 9.040962060000027 ], [ 36.184585928000047, 9.071951687000023 ], [ 36.161473421000039, 9.105351872000028 ], [ 36.203947895000056, 9.157346813000061 ], [ 36.228925168000046, 9.229031010000028 ], [ 36.226336010000068, 9.27172814000005 ], [ 36.194894704000035, 9.288973481000028 ], [ 36.205892528000049, 9.354739692000066 ], [ 36.234268717000077, 9.347006928000042 ], [ 36.214586972000063, 9.332416972000033 ], [ 36.218373047000057, 9.297118325000042 ], [ 36.253179406000072, 9.301823312000067 ], [ 36.275117402000035, 9.343833046000043 ], [ 36.295482496000034, 9.301691637000033 ], [ 36.318996195000068, 9.305850016000022 ], [ 36.333767936000072, 9.339799325000058 ], [ 36.37471653800003, 9.358019170000034 ], [ 36.484109647000025, 9.367867244000024 ], [ 36.475190875000067, 9.39463723800003 ], [ 36.514911091000045, 9.444134004000034 ], [ 36.494429858000046, 9.509365743000046 ], [ 36.461168171000054, 9.528057690000026 ], [ 36.400629507000076, 9.51098832100007 ], [ 36.380307981000044, 9.480480466000074 ], [ 36.301025209000045, 9.555515471000035 ], [ 36.231777016000024, 9.57032304300003 ], [ 36.200777372000061, 9.614928768000027 ], [ 36.191865862000043, 9.68787751800005 ], [ 36.159057226000073, 9.746936508000033 ], [ 36.105286613000033, 9.773323643000026 ], [ 36.136471135000079, 9.807447298000056 ], [ 36.128207082000074, 9.852213635000055 ], [ 36.152343448000067, 9.848931479000044 ], [ 36.120648739000046, 9.971573161000038 ], [ 36.184567068000035, 10.049661314000048 ], [ 36.25891955600008, 10.078452010000035 ], [ 36.271892158000071, 10.113087661000066 ], [ 36.369421904000035, 10.161652776000039 ], [ 36.445350893000068, 10.24584416600004 ], [ 36.515488472000072, 10.239931540000043 ], [ 36.554480933000036, 10.285072005000075 ], [ 36.575847829000054, 10.279235559000028 ], [ 36.574685618000046, 10.264173395000057 ], [ 36.610570507000034, 10.259221846000059 ], [ 36.692191505000039, 10.296289130000048 ], [ 36.680902524000032, 10.334614837000061 ], [ 36.69165352300007, 10.357319884000049 ], [ 36.766611903000069, 10.362340819000053 ] ] ] } },
{ "type": "Feature", "properties": { "ADM2_PCODE": "ET0103", "ADM2_EN": "Eastern Tigray", "ADM1_EN": "Tigray" }, "geometry": { "type": "Polygon", "coordinates": [ [ [ 39.50267493900003, 14.677010141000039 ], [ 39.591224960000034, 14.662146833000065 ], [ 39.637687754000069, 14.598433770000042 ], [ 39.680289726000069, 14.588753205000046 ], [ 39.709332679000056, 14.551368027000024 ], [ 39.766785667000079, 14.540761419000034 ], [ 39.813180874000068, 14.482371486000034 ], [ 39.856616114000076, 14.472026032000031 ], [ 39.923756024000056, 14.414994941000032 ], [ 39.949863675000074, 14.410645311000053 ], [ 39.984256322000078, 14.432340698000075 ], [ 39.990843734000066, 14.381967487000054 ], [ 39.950269412000068, 14.360418709000044 ], [ 39.853118790000053, 14.367098800000065 ], [ 39.800948107000067, 14.387177744000041 ], [ 39.77204903900008, 14.373850666000067 ], [ 39.779204078000078, 14.330532193000067 ], [ 39.726247716000046, 14.302962213000058 ], [ 39.757605709000075, 14.277177362000032 ], [ 39.757304091000037, 14.239843563000022 ], [ 39.694087480000064, 14.241311387000053 ], [ 39.649962783000035, 14.188612418000048 ], [ 39.767133017000049, 14.140043372000036 ], [ 39.837624773000073, 14.154198463000057 ], [ 39.843997023000043, 14.050258584000062 ], [ 39.885936994000076, 14.012203097000054 ], [ 39.85916443800005, 13.965772858000037 ], [ 39.829200986000046, 13.97428271800004 ], [ 39.801657988000045, 13.945601886000077 ], [ 39.833278651000057, 13.918403375000025 ], [ 39.83370132500005, 13.821384023000064 ], [ 39.853197336000051, 13.766511068000057 ], [ 39.884068764000062, 13.748246227000038 ], [ 39.863907174000076, 13.548160815000074 ], [ 39.74640621900005, 13.570825983000077 ], [ 39.685347413000045, 13.613462811000034 ], [ 39.63453359600004, 13.559646244000021 ], [ 39.609411585000032, 13.603808143000037 ], [ 39.576281259000041, 13.577083465000044 ], [ 39.544631239000068, 13.603284619000021 ], [ 39.529554918000031, 13.59424806100003 ], [ 39.507980892000035, 13.620912524000062 ], [ 39.484302330000048, 13.620170839000025 ], [ 39.477379079000059, 13.642009318000078 ], [ 39.425495109000053, 13.612819811000065 ], [ 39.403650687000038, 13.625710639000033 ], [ 39.410038092000036, 13.672349246000067 ], [ 39.317403201000047, 13.667386545000056 ], [ 39.29327145700006, 13.705232675000047 ], [ 39.248825883000052, 13.706309924000038 ], [ 39.235111877000065, 13.73896544400003 ], [ 39.238814141000034, 13.790916669000069 ], [ 39.218473590000031, 13.804424115000074 ], [ 39.22852589300004, 13.843326360000049 ], [ 39.193786234000072, 13.894690260000061 ], [ 39.306644994000067, 13.992819660000066 ], [ 39.344776075000027, 14.087610408000046 ], [ 39.324229029000037, 14.136631820000048 ], [ 39.255906601000049, 14.205707632000042 ], [ 39.260030004000043, 14.236277862000065 ], [ 39.229231386000038, 14.266643328000043 ], [ 39.244382274000031, 14.290940319000072 ], [ 39.21910975000003, 14.306190042000026 ], [ 39.238901136000038, 14.308149983000021 ], [ 39.24716260100007, 14.33964387900005 ], [ 39.238702278000062, 14.391809313000067 ], [ 39.24664974600006, 14.405436267000027 ], [ 39.25543069400004, 14.392346763000035 ], [ 39.300832483000079, 14.411389074000056 ], [ 39.297714055000029, 14.436182551000059 ], [ 39.323291592000032, 14.450034359000028 ], [ 39.324045667000064, 14.498269948000029 ], [ 39.340012122000076, 14.511309453000024 ], [ 39.371149006000053, 14.494614945000023 ], [ 39.368698579000068, 14.538313897000023 ], [ 39.453263403000051, 14.526868381000043 ], [ 39.45708247500005, 14.50724294500003 ], [ 39.488155792000043, 14.504128898000033 ], [ 39.500386525000067, 14.543799707000062 ], [ 39.477534216000038, 14.603629319000049 ], [ 39.50267493900003, 14.677010141000039 ] ] ] } },
{ "type": "Feature", "properties": { "ADM2_PCODE": "ET0504", "ADM2_EN": "Erer", "ADM1_EN": "Somali" }, "geometry": { "type": "Polygon", "coordinates": [ [ [ 42.22790658200006, 8.474354736000066 ], [ 42.374625350000031, 8.451408981000043 ], [ 42.529767504000063, 8.454832691000036 ], [ 42.578096982000034, 8.228532848000043 ], [ 42.63062689700007, 8.140432805000046 ], [ 42.686720716000025, 8.121641932000045 ], [ 42.674669820000076, 8.089228438000021 ], [ 42.702861865000045, 8.054151482000066 ], [ 42.68920907100005, 7.99165447200005 ], [ 42.710472139000046, 7.932019677000028 ], [ 42.695808384000031, 7.890747934000046 ], [ 42.739383659000055, 7.760911544000066 ], [ 42.734146091000071, 7.702762667000059 ], [ 42.704086396000037, 7.641998787000034 ], [ 42.648998185000039, 7.594459615000062 ], [ 42.552007542000069, 7.561109286000033 ], [ 42.669395, 7.459314 ], [ 42.257229451000057, 7.324594735000062 ], [ 42.223281904000032, 7.263275656000076 ], [ 42.23223441600004, 7.210369438000043 ], [ 42.270740786000033, 7.19642170000003 ], [ 42.268837218000044, 7.099339691000068 ], [ 42.162642213000026, 7.007115234000025 ], [ 42.157612300000039, 7.051325216000066 ], [ 42.204702686000076, 7.141035027000044 ], [ 42.199110096000027, 7.291440179000062 ], [ 41.896122317000049, 7.411205596000059 ], [ 41.867102525000064, 7.53277558000002 ], [ 41.957143487000053, 7.77478512600004 ], [ 41.91240351600004, 7.844395182000028 ], [ 41.926344220000033, 8.080564910000021 ], [ 41.948404642000071, 8.200894719000075 ], [ 42.027053755000054, 8.323024846000067 ], [ 42.026005586000053, 8.425834241000075 ], [ 42.069725950000077, 8.493974029000071 ], [ 42.175911634000045, 8.580140612000037 ], [ 42.22790658200006, 8.474354736000066 ] ] ] } },
{ "type": "Feature", "properties": { "ADM2_PCODE": "ET0502", "ADM2_EN": "Fafan", "ADM1_EN": "Somali" }, "geometry": { "type": "MultiPolygon", "coordinates": [ [ [ [ 42.529767504000063, 8.454832691000036 ], [ 42.22790658200006, 8.474354736000066 ], [ 42.175911634000045, 8.580140612000037 ], [ 42.239667026000063, 8.639883325000028 ], [ 42.263077100000032, 8.635953264000023 ], [ 42.323037013000032, 8.536773208000056 ], [ 42.50255751800006, 8.492082721000031 ], [ 42.529767504000063, 8.454832691000036 ] ] ], [ [ [ 43.11028, 9.90889 ], [ 43.18041, 9.90278 ], [ 43.22486, 9.86319 ], [ 43.27528, 9.64556 ], [ 43.32847, 9.61958 ], [ 43.38666, 9.55694 ], [ 43.42777, 9.48528 ], [ 43.42583, 9.43458 ], [ 43.44166, 9.41764 ], [ 43.58306, 9.33611 ], [ 43.62722, 9.35444 ], [ 44.01055, 9.00722 ], [ 44.115113215000065, 8.972570935000022 ], [ 44.105755272000067, 8.91174838400002 ], [ 44.161961078000047, 8.746558632000074 ], [ 43.978476416000035, 8.50364423700006 ], [ 43.707438972000034, 8.604722238000022 ], [ 43.634457544000043, 8.647208794000051 ], [ 43.441109711000081, 8.833951445000025 ], [ 43.42975939400003, 8.898432212000046 ], [ 43.339729895000062, 8.878589044000023 ], [ 43.325438373000054, 8.858432786000037 ], [ 43.324672188000079, 8.800621781000075 ], [ 43.232628164000062, 8.793772915000034 ], [ 43.260414809000054, 8.675381762000029 ], [ 43.209729619000029, 8.599149080000075 ], [ 43.232181, 8.539078 ], [ 43.10067699800004, 8.462797203000036 ], [ 42.957561589000079, 8.469889731000023 ], [ 42.828507537000064, 8.235353922000058 ], [ 42.814230771000041, 8.172298205000061 ], [ 42.782108047000065, 8.135416559000021 ], [ 42.70358583400008, 8.114001410000071 ], [ 42.658568725000066, 8.13011179700004 ], [ 42.701597256000071, 8.179612544000065 ], [ 42.768168047000074, 8.363172085000031 ], [ 42.89884863900005, 8.409101609000061 ], [ 42.905319211000062, 8.582221324000045 ], [ 42.838419246000058, 8.664391413000033 ], [ 42.831989324000062, 8.695231381000042 ], [ 42.865329867000071, 8.825111068000069 ], [ 42.730639804000077, 8.948021313000027 ], [ 42.644349907000048, 9.072981394000067 ], [ 42.599345568000047, 9.106174348000025 ], [ 42.634700161000069, 9.158521290000067 ], [ 42.583590165000032, 9.21538136700002 ], [ 42.551360282000076, 9.286571357000071 ], [ 42.556290423000064, 9.321051281000052 ], [ 42.537453342000049, 9.372981780000032 ], [ 42.640889819000051, 9.447462242000029 ], [ 42.776286019000054, 9.511891223000021 ], [ 42.813636848000044, 9.572585500000059 ], [ 42.86406022400007, 9.586591722000037 ], [ 42.921019829000045, 9.565115037000055 ], [ 42.979847194000058, 9.607134029000065 ], [ 42.963973362000047, 9.655689608000046 ], [ 42.935026727000036, 9.679967474000023 ], [ 42.89767600600004, 9.650087287000076 ], [ 42.727070406000053, 9.725092591000021 ], [ 42.730028, 9.753115 ], [ 42.783773891000067, 9.770363967000037 ], [ 42.79386319300005, 9.80994507500003 ], [ 42.880010309000056, 9.879017988000044 ], [ 42.884666911000068, 9.908509793000064 ], [ 42.785326091000059, 9.976806606000025 ], [ 42.733327381000038, 10.042775118000066 ], [ 42.706989, 10.119554 ], [ 42.815478743000028, 10.300489565000021 ], [ 42.86416, 10.20055 ], [ 43.01305, 10.08111 ], [ 43.05166, 9.96819 ], [ 43.11028, 9.90889 ] ] ] ] } },
{ "type": "Feature", "properties": { "ADM2_PCODE": "ET0204", "ADM2_EN": "Fanti-Zone 4", "ADM1_EN": "Afar" }, "geometry": { "type": "Polygon", "coordinates": [ [ [ 40.577482592000081, 12.890413280000075 ], [ 40.715825052000071, 12.875879956000063 ], [ 40.891008055000043, 12.803245506000053 ], [ 40.89516563400008, 12.741761126000029 ], [ 40.915060478000044, 12.718258780000042 ], [ 40.819169687000056, 12.478663734000065 ], [ 40.659128898000063, 12.314887976000023 ], [ 40.59614421100008, 12.283182712000041 ], [ 40.673852134000072, 12.079197689000068 ], [ 40.644817129000046, 12.032504587000062 ], [ 40.650849939000068, 12.015863917000047 ], [ 40.628355552000073, 11.999495933000048 ], [ 40.649269770000046, 11.943554963000054 ], [ 40.644801160000043, 11.911985607000076 ], [ 40.601561901000025, 11.89425992300005 ], [ 40.500149004000036, 11.915035057000068 ], [ 40.449741276000054, 11.866970554000034 ], [ 40.467645881000067, 11.827122591000034 ], [ 40.452936488000034, 11.819017473000031 ], [ 40.454557867000062, 11.665199431000076 ], [ 40.354338017000032, 11.697361414000056 ], [ 40.329706112000054, 11.769242194000071 ], [ 40.314550485000041, 11.721947040000032 ], [ 40.298107607000077, 11.714845467000032 ], [ 40.262451508000026, 11.75285016600003 ], [ 40.186450107000041, 11.710545328000023 ], [ 40.123549660000037, 11.727593313000057 ], [ 39.998768089000066, 11.687911002000021 ], [ 39.960931311000024, 11.70397407400003 ], [ 39.927039541000056, 11.698613494000028 ], [ 39.874871622000057, 11.778754453000033 ], [ 39.887100224000051, 11.905738230000054 ], [ 39.876546907000034, 11.974361157000033 ], [ 39.841262494000034, 12.053548152000076 ], [ 39.861724730000049, 12.088369026000066 ], [ 39.828600589000075, 12.099837122000054 ], [ 39.79986076800003, 12.194985067000061 ], [ 39.807546968000054, 12.238868969000066 ], [ 39.827579085000025, 12.240457897000056 ], [ 39.817622562000054, 12.341872429000034 ], [ 39.830876304000071, 12.357500495000068 ], [ 39.814929224000025, 12.407061931000044 ], [ 39.863112708000074, 12.463346012000045 ], [ 39.882572530000061, 12.457662647000063 ], [ 39.839179483000066, 12.573070134000034 ], [ 39.912814322000031, 12.593045421000056 ], [ 40.04178754000003, 12.568528466000032 ], [ 40.123569689000078, 12.798583312000062 ], [ 40.171089280000047, 12.808368552000047 ], [ 40.204604803000052, 12.792812173000073 ], [ 40.245241973000077, 12.744303263000063 ], [ 40.280601835000027, 12.754181111000037 ], [ 40.257838031000063, 12.88444217600005 ], [ 40.298045932000036, 12.913189370000055 ], [ 40.354211383000063, 12.910177521000037 ], [ 40.396198646000073, 12.888409852000052 ], [ 40.515626448000035, 13.052641725000058 ], [ 40.577482592000081, 12.890413280000075 ] ] ] } },
{ "type": "Feature", "properties": { "ADM2_PCODE": "ET0420", "ADM2_EN": "Finfine Special", "ADM1_EN": "Oromia" }, "geometry": { "type": "Polygon", "coordinates": [ [ [ 38.653876318000073, 9.511462750000021 ], [ 38.691148242000054, 9.483244481000042 ], [ 38.712935668000057, 9.49054585600004 ], [ 38.721473824000043, 9.454635546000077 ], [ 38.77574409500005, 9.432300774000055 ], [ 38.825980185000049, 9.46331729800005 ], [ 38.831579392000037, 9.448627596000051 ], [ 38.854164014000048, 9.447704455000064 ], [ 38.922077951000063, 9.480652521000025 ], [ 38.976102242000024, 9.464041104000046 ], [ 38.953962929000056, 9.42058959600007 ], [ 38.929108605000067, 9.420822661000045 ], [ 38.933501411000066, 9.387035489000027 ], [ 38.886788100000047, 9.345050406000041 ], [ 38.881221438000068, 9.315936866000072 ], [ 38.853972332000069, 9.309413265000046 ], [ 38.844254220000039, 9.274328833000027 ], [ 38.881268458000079, 9.270410326000047 ], [ 38.917134666000038, 9.289659623000034 ], [ 38.952643004000038, 9.262207414000045 ], [ 39.003112269000042, 9.287059313000043 ], [ 39.02206097800007, 9.24312952300005 ], [ 38.992351088000078, 9.204226627000025 ], [ 39.029416433000051, 9.167350150000061 ], [ 39.036259660000042, 9.114215221000052 ], [ 39.063618491000057, 9.116858717000071 ], [ 39.102293429000042, 9.084143312000037 ], [ 39.103942772000039, 9.021883797000044 ], [ 39.076321380000024, 9.010114919000046 ], [ 39.064254752000068, 9.020797388000062 ], [ 39.036305866000077, 9.001755073000027 ], [ 39.028441263000047, 9.018708876000062 ], [ 39.012385738000035, 9.001691648000076 ], [ 39.024915331000045, 8.97937421000006 ], [ 39.000822883000069, 8.943395643000031 ], [ 39.009144536000065, 8.930547432000026 ], [ 38.944634669000038, 8.857927131000054 ], [ 38.932364982000024, 8.820590217000074 ], [ 38.898969941000075, 8.806174947000045 ], [ 38.907158892000041, 8.788820452000039 ], [ 38.875119034000079, 8.779133099000035 ], [ 38.872148852000066, 8.739254281000058 ], [ 38.829685643000062, 8.699859271000037 ], [ 38.824316255000042, 8.660228691000043 ], [ 38.763060514000074, 8.545555221000029 ], [ 38.70049562500003, 8.56863885100006 ], [ 38.698453756000049, 8.634764267000037 ], [ 38.651325402000055, 8.647068694000041 ], [ 38.617950710000059, 8.698878038000032 ], [ 38.576796079000076, 8.71284763400007 ], [ 38.49726765500003, 8.698278401000039 ], [ 38.492622892000043, 8.724616968000021 ], [ 38.461050750000027, 8.737267036000048 ], [ 38.46462097400007, 8.761521538000068 ], [ 38.421202046000076, 8.813182158000075 ], [ 38.429689572000029, 8.836368529000026 ], [ 38.410523173000058, 8.847469815000068 ], [ 38.438766366000038, 8.877213624000035 ], [ 38.391282896000064, 8.925220311000032 ], [ 38.401012406000063, 8.946931196000037 ], [ 38.442277621000073, 8.966815313000041 ], [ 38.458210689000055, 9.016722949000041 ], [ 38.45474543000006, 9.058868543000074 ], [ 38.440704815000061, 9.064119084000026 ], [ 38.479176841000026, 9.094680643000061 ], [ 38.424983776000033, 9.115558263000025 ], [ 38.415689245000067, 9.190477037000051 ], [ 38.458058798000025, 9.216863123000053 ], [ 38.444328775000031, 9.23664631500003 ], [ 38.505843512000069, 9.229498954000064 ], [ 38.509913508000068, 9.24140847700005 ], [ 38.482400974000029, 9.260919455000021 ], [ 38.510510432000046, 9.327041970000039 ], [ 38.498616601000037, 9.342873600000075 ], [ 38.545174239000062, 9.368394149000039 ], [ 38.531021662000057, 9.416306489000021 ], [ 38.555545370000061, 9.441090200000076 ], [ 38.520831218000069, 9.465920223000069 ], [ 38.561733132000029, 9.491519714000049 ], [ 38.653876318000073, 9.511462750000021 ] ], [ [ 38.750059228000055, 9.090301069000077 ], [ 38.685408005000056, 9.073027127000046 ], [ 38.667036364000069, 9.010027781000076 ], [ 38.651942039000062, 9.010284438000042 ], [ 38.659386470000072, 8.985402486000055 ], [ 38.639405387000068, 8.974035833000073 ], [ 38.743589381000049, 8.902585569000053 ], [ 38.745517604000042, 8.863423673000057 ], [ 38.797583928000051, 8.833485285000052 ], [ 38.824393004000058, 8.841332266000052 ], [ 38.82600142900003, 8.880187270000022 ], [ 38.868717092000054, 8.873035683000069 ], [ 38.879447092000078, 8.918314232000057 ], [ 38.855555243000026, 8.938292853000064 ], [ 38.896759233000068, 8.937026941000056 ], [ 38.90500095200008, 9.009499839000057 ], [ 38.876320806000081, 9.081584122000038 ], [ 38.750059228000055, 9.090301069000077 ] ] ] } },
{ "type": "Feature", "properties": { "ADM2_PCODE": "ET0203", "ADM2_EN": "Gabi-Zone 3", "ADM1_EN": "Afar" }, "geometry": { "type": "Polygon", "coordinates": [ [ [ 40.810202684000046, 11.198493724000059 ], [ 40.972852699000043, 11.126526092000063 ], [ 41.010583458000042, 11.09071902900007 ], [ 41.042403796000031, 11.015345529000058 ], [ 41.093004897000071, 10.980418305000057 ], [ 41.118285247000074, 10.932942374000049 ], [ 41.16718852200006, 10.780947260000062 ], [ 41.077268923000076, 10.681154098000036 ], [ 41.087038686000028, 10.600564198000029 ], [ 40.936556112000062, 10.035245519000057 ], [ 40.965806035000071, 9.971685510000043 ], [ 41.019566201000032, 9.948825373000034 ], [ 40.847334932000081, 9.790326117000063 ], [ 40.751893772000074, 9.654612077000024 ], [ 40.70220239300005, 9.536092664000023 ], [ 40.696138915000063, 9.446065145000034 ], [ 40.675543034000043, 9.417517067000063 ], [ 40.635972799000058, 9.395947209000042 ], [ 40.528412291000052, 9.385457529000064 ], [ 40.471021949000033, 9.35475771800003 ], [ 40.327020742000059, 9.154658312000038 ], [ 40.245500161000052, 9.074868599000069 ], [ 40.237809910000067, 8.99733868800007 ], [ 40.169889522000062, 8.964498896000066 ], [ 40.080968830000074, 8.851349213000049 ], [ 40.024218561000055, 8.845049361000065 ], [ 40.010918567000033, 8.870779377000076 ], [ 40.036618778000047, 8.906529287000069 ], [ 40.047459014000026, 8.977889205000054 ], [ 40.021928961000071, 9.002279258000044 ], [ 39.947628630000054, 9.003599447000056 ], [ 39.951868717000025, 9.029989418000071 ], [ 39.91874867000007, 9.068409475000067 ], [ 39.909018797000044, 9.131799454000031 ], [ 39.877658687000064, 9.144729525000059 ], [ 39.817420679000065, 9.136314175000052 ], [ 39.813013316000024, 9.171110356000042 ], [ 39.873029773000042, 9.227292401000057 ], [ 39.857005402000027, 9.270074117000036 ], [ 39.885989054000049, 9.269359402000021 ], [ 39.844136254000034, 9.314182703000029 ], [ 39.778879464000056, 9.309863885000027 ], [ 39.750202223000031, 9.365679206000038 ], [ 39.791478890000064, 9.36981957200004 ], [ 39.785192559000052, 9.395607150000046 ], [ 39.821455806000074, 9.417440211000041 ], [ 39.878645855000059, 9.400410611000041 ], [ 39.872525838000058, 9.459261316000038 ], [ 39.837525826000046, 9.501899081000033 ], [ 39.857324161000065, 9.547084830000074 ], [ 39.84757856300007, 9.564292124000076 ], [ 39.877146614000026, 9.576569404000054 ], [ 39.88379554900007, 9.610633282000038 ], [ 39.839127550000057, 9.723559838000028 ], [ 39.849774058000037, 9.748358988000064 ], [ 39.875800348000041, 9.752809007000053 ], [ 39.953983276000031, 9.730397252000046 ], [ 39.924653332000048, 9.680351694000024 ], [ 40.012696563000077, 9.683704423000052 ], [ 40.072835991000034, 9.648313212000062 ], [ 40.14137856800005, 9.653069646000063 ], [ 40.301796283000044, 9.629624384000067 ], [ 40.296680614000024, 9.656263102000025 ], [ 40.254873864000047, 9.669864190000055 ], [ 40.262716222000051, 9.690794135000033 ], [ 40.241661563000036, 9.709580788000039 ], [ 40.25859799400007, 9.746927319000065 ], [ 40.25220132700008, 9.761629098000071 ], [ 40.224859867000077, 9.764264625000067 ], [ 40.228376807000075, 9.789325967000025 ], [ 40.285570952000057, 9.902423111000076 ], [ 40.337287081000056, 9.92234170200004 ], [ 40.35246408200004, 9.948609484000031 ], [ 40.337965491000034, 9.991157439000062 ], [ 40.325239528000054, 9.992491952000023 ], [ 40.334664229000055, 10.037231390000045 ], [ 40.389625436000074, 10.129079704000048 ], [ 40.392116477000059, 10.150390892000075 ], [ 40.366975617000037, 10.173198665000029 ], [ 40.390708138000036, 10.184790556000053 ], [ 40.40283553200004, 10.230250365000074 ], [ 40.432149301000038, 10.261729665000075 ], [ 40.405582729000059, 10.312457119000044 ], [ 40.433001364000063, 10.325716114000045 ], [ 40.490522273000067, 10.304530505000059 ], [ 40.56629767000004, 10.315732045000061 ], [ 40.54633298400006, 10.367810236000025 ], [ 40.562793090000071, 10.437079113000038 ], [ 40.522339973000044, 10.498199346000035 ], [ 40.526027608000049, 10.525572057000034 ], [ 40.511776627000074, 10.527936861000057 ], [ 40.514323311000055, 10.613263932000052 ], [ 40.493351024000049, 10.622991826000032 ], [ 40.438914735000026, 10.724115697000059 ], [ 40.458421495000039, 10.897142270000074 ], [ 40.449816799000075, 10.974331255000038 ], [ 40.464684026000043, 10.979690346000041 ], [ 40.479323505000025, 11.036337469000046 ], [ 40.506090735000043, 11.054009720000067 ], [ 40.567576002000067, 11.027129311000067 ], [ 40.66183236300003, 11.026555266000059 ], [ 40.712560942000039, 11.131738891000055 ], [ 40.746140534000062, 11.131581612000048 ], [ 40.74304959300008, 11.156554020000044 ], [ 40.761648343000047, 11.170936409000035 ], [ 40.805924203000075, 11.171158479000042 ], [ 40.810202684000046, 11.198493724000059 ] ] ] } },
{ "type": "Feature", "properties": { "ADM2_PCODE": "ET0710", "ADM2_EN": "Gamo", "ADM1_EN": "SNNP" }, "geometry": { "type": "Polygon", "coordinates": [ [ [ 37.27440019900007, 6.705531997000037 ], [ 37.33090367300008, 6.706787093000059 ], [ 37.357621332000065, 6.685524317000045 ], [ 37.474454922000064, 6.664282436000065 ], [ 37.530440231000057, 6.620863017000033 ], [ 37.588318055000059, 6.620202757000072 ], [ 37.622609235000027, 6.637168056000064 ], [ 37.682079969000029, 6.626753391000022 ], [ 37.698497, 6.64464735200005 ], [ 37.758306312000059, 6.585289358000068 ], [ 37.823921687000052, 6.574416552000059 ], [ 37.797455987000035, 6.429239352000025 ], [ 37.840085687000055, 6.378747021000038 ], [ 37.852155563000053, 6.304783647000022 ], [ 37.840265601000056, 6.248251081000035 ], [ 37.778095935000067, 6.149596620000068 ], [ 37.788323646000038, 5.964089017000049 ], [ 37.690477654000063, 5.895557234000023 ], [ 37.674602819000029, 5.856395250000048 ], [ 37.643092925000076, 5.865475342000025 ], [ 37.542669811000053, 5.816648351000026 ], [ 37.549770385000045, 5.733960191000051 ], [ 37.504069089000041, 5.703951666000023 ], [ 37.486580874000026, 5.732367275000058 ], [ 37.45476390500005, 5.704848752000032 ], [ 37.424965151000038, 5.714976794000052 ], [ 37.406189477000055, 5.739995496000063 ], [ 37.30266258100005, 5.786647145000074 ], [ 37.234345886000028, 5.741572205000068 ], [ 37.165129138000054, 5.741267524000023 ], [ 37.090745396000045, 5.700762805000068 ], [ 37.058695574000069, 5.707811265000032 ], [ 37.045297626000036, 5.686738748000039 ], [ 37.051593478000029, 5.651935936000029 ], [ 37.03140615500007, 5.631782409000039 ], [ 37.030867459000035, 5.669414690000053 ], [ 37.002305212000067, 5.697150954000051 ], [ 37.012810839000053, 5.864354988000059 ], [ 36.995183258000054, 5.968871448000073 ], [ 37.027334354000061, 5.976835300000062 ], [ 37.048957797000071, 6.005637996000075 ], [ 37.096412956000052, 6.205420702000026 ], [ 37.21294389500008, 6.292501866000066 ], [ 37.213823862000027, 6.409520107000048 ], [ 37.181675650000045, 6.475728248000053 ], [ 37.138298901000041, 6.496989238000026 ], [ 37.131991795000033, 6.52770203700004 ], [ 37.176579030000028, 6.589601654000035 ], [ 37.194401891000041, 6.654011448000063 ], [ 37.238903993000065, 6.654505381000035 ], [ 37.241051579000043, 6.686576065000054 ], [ 37.27440019900007, 6.705531997000037 ] ] ] } },
{ "type": "Feature", "properties": { "ADM2_PCODE": "ET0705", "ADM2_EN": "Gedeo", "ADM1_EN": "SNNP" }, "geometry": { "type": "Polygon", "coordinates": [ [ [ 38.285988954000061, 6.435242889000051 ], [ 38.309313370000041, 6.419694531000061 ], [ 38.398038439000061, 6.410328809000021 ], [ 38.394453604000034, 6.366310939000073 ], [ 38.40723209500004, 6.355092728000045 ], [ 38.424347106000027, 6.368675131000032 ], [ 38.438971759000026, 6.216879246000076 ], [ 38.434682692000024, 6.19876580500005 ], [ 38.376973710000073, 6.164516717000026 ], [ 38.313880505000043, 6.02783349200007 ], [ 38.271710141000028, 5.986579348000021 ], [ 38.282259951000071, 5.970703664000041 ], [ 38.318949083000064, 5.975062712000067 ], [ 38.327529177000031, 5.955372279000073 ], [ 38.374809066000068, 5.943043287000023 ], [ 38.396085707000054, 5.920052383000041 ], [ 38.32532922300004, 5.868814446000044 ], [ 38.270430162000025, 5.868524416000071 ], [ 38.207991238000034, 5.840191838000067 ], [ 38.203731305000076, 5.935020423000026 ], [ 38.180971692000071, 5.941651025000056 ], [ 38.150342212000055, 6.000406334000047 ], [ 38.121592709000026, 6.016677806000075 ], [ 38.079863412000066, 6.116986871000051 ], [ 38.102301546000035, 6.180448387000069 ], [ 38.141383620000056, 6.154456615000072 ], [ 38.187396841000066, 6.182210307000048 ], [ 38.197921375000078, 6.206434972000068 ], [ 38.173741781000047, 6.26681042000007 ], [ 38.197577785000078, 6.319003268000074 ], [ 38.288230414000054, 6.359842237000066 ], [ 38.285988954000061, 6.435242889000051 ] ] ] } },
{ "type": "Feature", "properties": { "ADM2_PCODE": "ET0715", "ADM2_EN": "Gofa", "ADM1_EN": "SNNP" }, "geometry": { "type": "Polygon", "coordinates": [ [ [ 36.693494505000047, 6.705677586000036 ], [ 36.779806627000028, 6.710629277000066 ], [ 36.866842965000046, 6.668462831000056 ], [ 36.932294420000062, 6.70388351500003 ], [ 36.978363780000052, 6.68900590800007 ], [ 36.99342774400003, 6.655671136000024 ], [ 36.988052270000026, 6.603162615000031 ], [ 37.003502849000029, 6.589600115000053 ], [ 37.104424175000077, 6.63396171100004 ], [ 37.146612006000055, 6.669717504000062 ], [ 37.183711543000072, 6.666027857000074 ], [ 37.196041062000063, 6.645412809000049 ], [ 37.132792236000057, 6.51477871700007 ], [ 37.140298911000059, 6.494446223000068 ], [ 37.18244160900008, 6.474663694000071 ], [ 37.221186335000027, 6.379123281000034 ], [ 37.207025938000072, 6.339386819000026 ], [ 37.21294389500008, 6.292501866000066 ], [ 37.120983054000078, 6.234366230000035 ], [ 37.09277635400008, 6.199957007000023 ], [ 37.077920778000077, 6.099868155000024 ], [ 37.030207626000049, 5.979019421000032 ], [ 36.991140131000066, 5.96769890500002 ], [ 36.942129452000074, 6.015517130000035 ], [ 36.913851932000057, 6.016382229000044 ], [ 36.885737129000063, 6.006123165000076 ], [ 36.834048358000075, 5.956174845000021 ], [ 36.828798072000041, 5.932106225000041 ], [ 36.789640616000042, 5.911665537000033 ], [ 36.746030112000028, 5.912067666000041 ], [ 36.734193489000063, 5.927179120000062 ], [ 36.73250242000006, 6.002313066000056 ], [ 36.712256712000055, 6.060032921000072 ], [ 36.722120523000058, 6.090178066000021 ], [ 36.694940121000059, 6.102171761000022 ], [ 36.725863759000049, 6.128169127000035 ], [ 36.749460831000079, 6.183622516000071 ], [ 36.677295416000049, 6.264182877000053 ], [ 36.69560193500007, 6.346153399000059 ], [ 36.655634679000059, 6.352270326000053 ], [ 36.651226713000028, 6.391612003000034 ], [ 36.612362556000051, 6.395351317000063 ], [ 36.588058347000072, 6.372555807000026 ], [ 36.581635829000049, 6.383368488000031 ], [ 36.535061528000028, 6.376424561000022 ], [ 36.47297595200007, 6.290261848000057 ], [ 36.427195180000069, 6.375678011000048 ], [ 36.411535274000073, 6.378786787000024 ], [ 36.409789831000069, 6.435482837000052 ], [ 36.388507842000024, 6.461405669000044 ], [ 36.461771067000029, 6.528785681000045 ], [ 36.570636953000076, 6.58255783900006 ], [ 36.600239802000033, 6.627329890000055 ], [ 36.671804399000052, 6.656941226000072 ], [ 36.693494505000047, 6.705677586000036 ] ] ] } },
{ "type": "Feature", "properties": { "ADM2_PCODE": "ET0414", "ADM2_EN": "Guji", "ADM1_EN": "Oromia" }, "geometry": { "type": "Polygon", "coordinates": [ [ [ 38.566545038000072, 6.440456127000061 ], [ 38.654726012000026, 6.421366567000064 ], [ 38.707162634000042, 6.392451803000029 ], [ 38.738652093000042, 6.408953289000067 ], [ 38.771491529000059, 6.399762461000023 ], [ 38.874109772000054, 6.300833539000052 ], [ 38.960598297000047, 6.159270747000051 ], [ 38.98812782400006, 6.147099653000055 ], [ 39.034487030000037, 6.137438774000032 ], [ 39.13185995300006, 6.158786172000021 ], [ 39.085967610000068, 6.252010342000062 ], [ 39.119546178000064, 6.298994291000042 ], [ 39.125266528000054, 6.356956690000061 ], [ 39.139149515000042, 6.355671409000024 ], [ 39.137831074000076, 6.324578443000064 ], [ 39.17511621400007, 6.28491979100005 ], [ 39.203311773000053, 6.30022677900007 ], [ 39.221262288000048, 6.278401937000069 ], [ 39.274721294000074, 6.273183282000048 ], [ 39.318132414000047, 6.201661021000064 ], [ 39.317303786000025, 6.167333597000038 ], [ 39.336567134000063, 6.154361302000041 ], [ 39.329687894000074, 6.125407641000038 ], [ 39.357840019000037, 6.095274301000075 ], [ 39.338297128000079, 6.079700482000021 ], [ 39.340069730000039, 6.058243243000049 ], [ 39.373904649000053, 6.032156067000074 ], [ 39.383793303000061, 5.968145016000051 ], [ 39.466226830000039, 5.889368207000075 ], [ 39.44350894300004, 5.845853739000063 ], [ 39.46304585200005, 5.770355305000066 ], [ 39.505943697000077, 5.745620702000053 ], [ 39.526055315000065, 5.709632440000064 ], [ 39.562412910000035, 5.699307240000053 ], [ 39.573594563000029, 5.722534219000067 ], [ 39.609571764000066, 5.714360293000027 ], [ 39.620555058000036, 5.728923017000056 ], [ 39.716451661000065, 5.676257877000069 ], [ 39.730511589000059, 5.647091925000041 ], [ 39.697819784000046, 5.617432439000027 ], [ 39.703364091000026, 5.595312837000051 ], [ 39.66536852400003, 5.572942337000029 ], [ 39.691571036000028, 5.51617314300006 ], [ 39.850284695000028, 5.507943870000076 ], [ 39.902796911000053, 5.472756118000063 ], [ 39.933925766000073, 5.415126417000067 ], [ 39.975397371000042, 5.393298744000049 ], [ 40.03368142100004, 5.396789590000026 ], [ 39.907300672000076, 5.219609665000064 ], [ 39.812860002000036, 5.002069636000044 ], [ 39.765069607000044, 4.846849563000035 ], [ 39.743574564000028, 4.698732907000021 ], [ 39.708500362000052, 4.654994810000062 ], [ 39.670402293000052, 4.651985078000052 ], [ 39.630743561000031, 4.685811068000021 ], [ 39.605393416000027, 4.68351044800005 ], [ 39.585659338000028, 4.70902030000002 ], [ 39.432849266000062, 4.722648295000056 ], [ 39.412209859000029, 4.755938425000068 ], [ 39.379830057000049, 4.772098061000065 ], [ 39.363241622000032, 4.852088116000061 ], [ 39.291606992000027, 4.875172965000047 ], [ 39.268170518000034, 4.861998266000057 ], [ 39.187995234000027, 4.90909141800006 ], [ 39.125357664000035, 5.002780080000036 ], [ 39.119046902000036, 5.042120006000061 ], [ 39.065521059000048, 5.047450973000025 ], [ 39.01732392100007, 5.095875472000046 ], [ 39.003049356000076, 5.133122842000034 ], [ 38.96736343300006, 5.139071643000023 ], [ 38.947741223000037, 5.119157530000052 ], [ 38.916420451000079, 5.119345679000048 ], [ 38.913939651000078, 5.10479368600005 ], [ 38.904725731000042, 5.100292858000046 ], [ 38.861073937000072, 5.165767238000058 ], [ 38.847800762000077, 5.16207842700004 ], [ 38.852951002000054, 5.19154308800006 ], [ 38.834023921000039, 5.212068429000055 ], [ 38.859531427000036, 5.241488472000071 ], [ 38.838569933000031, 5.260823273000028 ], [ 38.838679553000077, 5.296111071000041 ], [ 38.815346396000052, 5.295926035000036 ], [ 38.80863080000006, 5.317227520000074 ], [ 38.791403692000074, 5.311181917000056 ], [ 38.798227342000075, 5.324350106000054 ], [ 38.765946326000062, 5.351239181000039 ], [ 38.760656789000052, 5.380333815000029 ], [ 38.735853327000029, 5.387814458000037 ], [ 38.716203259000054, 5.447175885000036 ], [ 38.715840983000078, 5.474034198000027 ], [ 38.749610742000073, 5.499613230000023 ], [ 38.749373666000054, 5.595442753000043 ], [ 38.679994994000026, 5.63345804100004 ], [ 38.663994178000053, 5.66986651700006 ], [ 38.638956004000079, 5.670795180000027 ], [ 38.618264686000032, 5.772891664000042 ], [ 38.572463895000055, 5.819067740000037 ], [ 38.591089474000057, 5.841386643000021 ], [ 38.622027987000024, 5.82489479700007 ], [ 38.639353466000046, 5.790538834000074 ], [ 38.667079212000033, 5.793922348000024 ], [ 38.701669873000071, 5.812210303000029 ], [ 38.687211742000045, 5.862764448000064 ], [ 38.617238941000039, 5.908272598000053 ], [ 38.603732472000047, 5.943156679000026 ], [ 38.578585136000072, 5.94222865100005 ], [ 38.522407012000031, 5.999524475000044 ], [ 38.461787449000042, 6.02526855900004 ], [ 38.432146289000059, 6.070606694000048 ], [ 38.401943517000063, 6.073636159000046 ], [ 38.395184111000049, 6.098374228000068 ], [ 38.386855858000047, 6.078419343000064 ], [ 38.342172629000061, 6.082422892000068 ], [ 38.376973710000073, 6.164516717000026 ], [ 38.434682692000024, 6.19876580500005 ], [ 38.421774948000063, 6.348226496000052 ], [ 38.441037189000042, 6.405362953000065 ], [ 38.503796116000046, 6.436345751000033 ], [ 38.566545038000072, 6.440456127000061 ] ] ] } },
{ "type": "Feature", "properties": { "ADM2_PCODE": "ET0701", "ADM2_EN": "Guraghe", "ADM1_EN": "SNNP" }, "geometry": { "type": "Polygon", "coordinates": [ [ [ 38.575784188000057, 8.444891630000029 ], [ 38.590882148000048, 8.42601864300002 ], [ 38.61675172200006, 8.431138369000053 ], [ 38.654451646000041, 8.394637113000044 ], [ 38.667231758000071, 8.350485245000073 ], [ 38.650952231000076, 8.285082027000044 ], [ 38.716018428000041, 8.219447782000032 ], [ 38.68218734900006, 8.190427868000029 ], [ 38.672843128000068, 8.089863961000049 ], [ 38.635133765000035, 8.132337731000064 ], [ 38.593544457000064, 8.260199101000069 ], [ 38.549258653000038, 8.262683371000037 ], [ 38.542552826000076, 8.225849506000031 ], [ 38.581462538000039, 8.171877069000061 ], [ 38.583944895000059, 8.108104487000048 ], [ 38.621852190000027, 8.06841243100007 ], [ 38.612682218000032, 8.043301324000026 ], [ 38.627701764000051, 8.033595279000053 ], [ 38.549485231000062, 7.870874441000069 ], [ 38.434528215000057, 7.970403329000021 ], [ 38.457172601000025, 7.993907833000037 ], [ 38.431622954000034, 8.021585977000029 ], [ 38.463231513000039, 8.065809439000077 ], [ 38.460130652000032, 8.087882258000036 ], [ 38.439870087000031, 8.092735307000055 ], [ 38.427563073000044, 8.077739906000033 ], [ 38.406869026000038, 8.090657509000039 ], [ 38.338893003000067, 8.048922078000032 ], [ 38.283108346000063, 8.055404675000034 ], [ 38.264543513000035, 8.083989836000057 ], [ 38.270830040000078, 8.121548743000062 ], [ 38.220562113000028, 8.120658788000071 ], [ 38.128576789000078, 8.000452405000033 ], [ 38.129914954000071, 7.968565095000031 ], [ 38.090694961000054, 7.945395396000038 ], [ 38.006095053000024, 7.840454076000071 ], [ 38.002038735000042, 7.85492239000007 ], [ 37.979476086000034, 7.849571892000029 ], [ 37.984499252000035, 7.875803965000046 ], [ 37.949352357000066, 7.85217162500004 ], [ 37.916556960000037, 7.860369836000075 ], [ 37.939425755000059, 7.81472991000004 ], [ 37.916896240000028, 7.777377479000052 ], [ 37.890706753000075, 7.78727000300006 ], [ 37.897074616000054, 7.758261881000067 ], [ 37.874571985000046, 7.742889783000066 ], [ 37.811878381000042, 7.819293070000072 ], [ 37.769885628000054, 7.846110038000063 ], [ 37.720516331000056, 7.849815177000039 ], [ 37.704721668000047, 7.890371492000043 ], [ 37.607870558000059, 7.923843391000048 ], [ 37.592137343000047, 8.093134079000038 ], [ 37.623886783000046, 8.200043598000036 ], [ 37.617970371000069, 8.223404930000072 ], [ 37.550265319000061, 8.244460121000031 ], [ 37.529147732000069, 8.265820187000031 ], [ 37.480860937000045, 8.258579291000046 ], [ 37.464083448000054, 8.282420874000024 ], [ 37.48582305900004, 8.379839530000027 ], [ 37.51220915600004, 8.416968900000029 ], [ 37.534933501000069, 8.423591804000068 ], [ 37.576078774000052, 8.41406872500005 ], [ 37.611968519000072, 8.35408602800004 ], [ 37.666063218000033, 8.383537295000053 ], [ 37.704547954000077, 8.337035197000034 ], [ 37.747967710000069, 8.351765815000022 ], [ 37.816257282000038, 8.331804870000042 ], [ 37.862947009000038, 8.335705010000027 ], [ 37.927986659000055, 8.378166835000059 ], [ 37.988166285000034, 8.359525958000063 ], [ 38.028041075000033, 8.390282286000058 ], [ 38.066705828000067, 8.375966615000038 ], [ 38.122545523000042, 8.406587924000064 ], [ 38.164180883000029, 8.408050598000045 ], [ 38.180030170000066, 8.392867265000064 ], [ 38.238334836000035, 8.409307936000062 ], [ 38.282044566000025, 8.399557461000029 ], [ 38.311464357000034, 8.369946128000038 ], [ 38.30703432100006, 8.299693011000045 ], [ 38.347344031000034, 8.254240952000032 ], [ 38.430208726000046, 8.298750815000062 ], [ 38.477883440000028, 8.447359394000046 ], [ 38.526842520000059, 8.457619570000077 ], [ 38.575784188000057, 8.444891630000029 ] ] ] } },
{ "type": "Feature", "properties": { "ADM2_PCODE": "ET0702", "ADM2_EN": "Hadiya", "ADM1_EN": "SNNP" }, "geometry": { "type": "MultiPolygon", "coordinates": [ [ [ [ 38.066813133000039, 7.26970906400004 ], [ 38.101166033000027, 7.208161027000074 ], [ 38.078014761000077, 7.180263146000073 ], [ 38.062799043000041, 7.07642891200004 ], [ 38.037965769000039, 7.064840314000037 ], [ 37.994454268000027, 7.060349946000031 ], [ 37.995464280000078, 7.088630294000041 ], [ 37.971738730000027, 7.110923986000046 ], [ 37.92967892300004, 7.117021458000067 ], [ 37.90232633800008, 7.099277866000023 ], [ 37.870994411000027, 7.115258951000044 ], [ 37.814003015000026, 7.09366999100007 ], [ 37.742518577000055, 7.117709135000041 ], [ 37.745991590000074, 7.135543920000032 ], [ 37.718760409000026, 7.142570621000061 ], [ 37.718537683000079, 7.157569002000059 ], [ 37.743729142000063, 7.163977041000066 ], [ 37.77858016600004, 7.143079901000021 ], [ 37.804124215000058, 7.176717964000034 ], [ 37.824896571000068, 7.180674970000041 ], [ 37.811028364000038, 7.190111866000052 ], [ 37.832192948000056, 7.205879171000049 ], [ 37.84642986800003, 7.170682758000055 ], [ 37.852425230000051, 7.203589050000062 ], [ 37.877140408000059, 7.209162853000066 ], [ 37.99761688500007, 7.197004230000061 ], [ 37.996783557000072, 7.218133840000064 ], [ 38.011361331000046, 7.215024672000027 ], [ 38.00865295300008, 7.237298057000032 ], [ 38.022760392000066, 7.232709151000051 ], [ 38.033109152000065, 7.267045659000075 ], [ 38.066813133000039, 7.26970906400004 ] ] ], [ [ [ 37.602752764000059, 7.923803457000076 ], [ 37.706838020000077, 7.88889454200006 ], [ 37.720516331000056, 7.849815177000039 ], [ 37.769885628000054, 7.846110038000063 ], [ 37.811878381000042, 7.819293070000072 ], [ 37.866921915000034, 7.751760657000034 ], [ 37.855927836000035, 7.715727096000023 ], [ 37.887803706000057, 7.703084598000032 ], [ 37.886924907000036, 7.681740320000074 ], [ 37.931344368000055, 7.688899974000037 ], [ 37.933848991000048, 7.652353166000069 ], [ 37.959422572000051, 7.729920007000032 ], [ 38.002757206000069, 7.691462941000054 ], [ 38.027646001000051, 7.701771675000032 ], [ 38.023497549000069, 7.727060596000058 ], [ 38.053972005000048, 7.721283872000072 ], [ 38.041820940000036, 7.69501232500005 ], [ 38.058205529000077, 7.662513638000064 ], [ 38.045384245000037, 7.641959576000033 ], [ 38.100947033000068, 7.628086347000021 ], [ 38.117875754000067, 7.58449153600003 ], [ 38.112246503000051, 7.508161538000024 ], [ 38.089007090000052, 7.488548491000074 ], [ 38.126833676000047, 7.456395572000076 ], [ 38.106964047000076, 7.420555124000032 ], [ 38.043921493000028, 7.418829487000039 ], [ 38.026601699000025, 7.40430630000003 ], [ 37.98356014400008, 7.42242725400007 ], [ 37.926281033000066, 7.399517820000028 ], [ 37.920209027000055, 7.433298081000032 ], [ 37.830464831000029, 7.500965046000033 ], [ 37.829702427000029, 7.484622318000049 ], [ 37.808809475000032, 7.478982785000028 ], [ 37.835600483000064, 7.455989235000061 ], [ 37.754117953000048, 7.380772160000049 ], [ 37.738150142000052, 7.338731910000035 ], [ 37.773573363000025, 7.315961143000038 ], [ 37.73168391300004, 7.307318887000065 ], [ 37.708924786000068, 7.278635608000059 ], [ 37.691379546000064, 7.27947421500005 ], [ 37.690078107000033, 7.294918016000054 ], [ 37.666815112000052, 7.276083578000055 ], [ 37.659924431000036, 7.321608929000035 ], [ 37.639219882000077, 7.321110674000067 ], [ 37.600838477000025, 7.255642255000055 ], [ 37.581219511000029, 7.24875983000004 ], [ 37.581008359000066, 7.285888341000032 ], [ 37.563864563000038, 7.291619424000032 ], [ 37.584841951000044, 7.312348736000047 ], [ 37.591897127000038, 7.290184815000032 ], [ 37.59268161500006, 7.328458108000063 ], [ 37.538548981000076, 7.321598818000041 ], [ 37.467155124000044, 7.341727182000056 ], [ 37.411424645000068, 7.320952299000055 ], [ 37.35374253100008, 7.324920966000036 ], [ 37.34947988600004, 7.357735476000073 ], [ 37.390284942000051, 7.402422383000044 ], [ 37.407219633000068, 7.492180415000064 ], [ 37.445103970000048, 7.564316881000025 ], [ 37.507401197000036, 7.608198725000022 ], [ 37.535565680000047, 7.663992033000056 ], [ 37.596419595000043, 7.851054245000057 ], [ 37.602752764000059, 7.923803457000076 ] ], [ [ 37.53367528800004, 7.359682268000029 ], [ 37.517036112000028, 7.338513859000045 ], [ 37.560239723000052, 7.333109971000056 ], [ 37.564945011000077, 7.359776519000036 ], [ 37.53367528800004, 7.359682268000029 ] ] ] ] } },
{ "type": "Feature", "properties": { "ADM2_PCODE": "ET0714", "ADM2_EN": "Halaba", "ADM1_EN": "SNNP" }, "geometry": { "type": "Polygon", "coordinates": [ [ [ 38.37263116500003, 7.691054606000023 ], [ 38.412301550000052, 7.679911233000041 ], [ 38.420263009000053, 7.624342803000047 ], [ 38.401043085000026, 7.578700777000051 ], [ 38.425662915000032, 7.55386964500002 ], [ 38.426748651000025, 7.514721252000072 ], [ 38.327244892000067, 7.461681727000041 ], [ 38.318911943000046, 7.41416739500005 ], [ 38.279442839000069, 7.380599418000031 ], [ 38.265210099000058, 7.306723977000047 ], [ 38.101033662000077, 7.207848118000072 ], [ 38.070400883000048, 7.299026235000042 ], [ 38.04711244300006, 7.282219528000041 ], [ 38.035368377000054, 7.295458917000076 ], [ 38.020522715000027, 7.266997572000037 ], [ 37.971445946000074, 7.275814898000021 ], [ 37.966011578000064, 7.294204767000053 ], [ 38.004502331000026, 7.328012780000051 ], [ 38.014719221000064, 7.376109885000062 ], [ 38.055016979000072, 7.386439180000025 ], [ 38.030532351000033, 7.40526918300003 ], [ 38.039992751000057, 7.416744683000047 ], [ 38.103993799000079, 7.418346606000057 ], [ 38.118521519000069, 7.437459164000074 ], [ 38.148870260000081, 7.416275300000052 ], [ 38.168223997000041, 7.445152513000039 ], [ 38.162064817000044, 7.460531453000044 ], [ 38.191437264000058, 7.448635246000038 ], [ 38.213893246000055, 7.480656819000046 ], [ 38.19177387600007, 7.494614621000039 ], [ 38.200283769000066, 7.504467497000064 ], [ 38.219939889000045, 7.487986548000038 ], [ 38.217622508000034, 7.521440404000032 ], [ 38.249567923000029, 7.588887597000053 ], [ 38.291306544000065, 7.585272131000067 ], [ 38.34343582300005, 7.625510633000033 ], [ 38.358949125000038, 7.620399059000022 ], [ 38.320223372000044, 7.642568338000046 ], [ 38.337340385000061, 7.643600081000045 ], [ 38.320756294000034, 7.667984183000044 ], [ 38.326095460000033, 7.685027692000062 ], [ 38.363488013000051, 7.675040832000036 ], [ 38.37263116500003, 7.691054606000023 ] ] ] } },
{ "type": "Feature", "properties": { "ADM2_PCODE": "ET1301", "ADM2_EN": "Harari", "ADM1_EN": "Harari" }, "geometry": { "type": "Polygon", "coordinates": [ [ [ 42.186329519000026, 9.36175010900007 ], [ 42.238079427000059, 9.384942246000037 ], [ 42.270312659000069, 9.361664396000037 ], [ 42.249349087000041, 9.270032382000068 ], [ 42.272038988000077, 9.215667394000036 ], [ 42.246028798000054, 9.187002520000021 ], [ 42.197458721000032, 9.219872631000044 ], [ 42.148558487000059, 9.206262811000045 ], [ 42.112408425000069, 9.230742892000023 ], [ 42.061332213000071, 9.226459059000035 ], [ 42.070468498000025, 9.303942921000043 ], [ 42.129149014000063, 9.388672600000064 ], [ 42.186329519000026, 9.36175010900007 ] ] ] } },
{ "type": "Feature", "properties": { "ADM2_PCODE": "ET0205", "ADM2_EN": "Hari-Zone 5", "ADM1_EN": "Afar" }, "geometry": { "type": "Polygon", "coordinates": [ [ [ 40.33576387200003, 11.161272589000021 ], [ 40.506090735000043, 11.054009720000067 ], [ 40.479323505000025, 11.036337469000046 ], [ 40.464684026000043, 10.979690346000041 ], [ 40.449816799000075, 10.974331255000038 ], [ 40.458421495000039, 10.897142270000074 ], [ 40.438914735000026, 10.724115697000059 ], [ 40.493351024000049, 10.622991826000032 ], [ 40.514323311000055, 10.613263932000052 ], [ 40.511776627000074, 10.527936861000057 ], [ 40.526027608000049, 10.525572057000034 ], [ 40.522339973000044, 10.498199346000035 ], [ 40.562793090000071, 10.437079113000038 ], [ 40.54633298400006, 10.367810236000025 ], [ 40.56629767000004, 10.315732045000061 ], [ 40.490522273000067, 10.304530505000059 ], [ 40.433001364000063, 10.325716114000045 ], [ 40.405582729000059, 10.312457119000044 ], [ 40.432149301000038, 10.261729665000075 ], [ 40.40283553200004, 10.230250365000074 ], [ 40.390708138000036, 10.184790556000053 ], [ 40.366975617000037, 10.173198665000029 ], [ 40.392116477000059, 10.150390892000075 ], [ 40.389625436000074, 10.129079704000048 ], [ 40.334664229000055, 10.037231390000045 ], [ 40.325239528000054, 9.992491952000023 ], [ 40.337965491000034, 9.991157439000062 ], [ 40.35246408200004, 9.948609484000031 ], [ 40.337287081000056, 9.92234170200004 ], [ 40.285570952000057, 9.902423111000076 ], [ 40.228376807000075, 9.789325967000025 ], [ 40.224859867000077, 9.764264625000067 ], [ 40.25220132700008, 9.761629098000071 ], [ 40.25859799400007, 9.746927319000065 ], [ 40.241661563000036, 9.709580788000039 ], [ 40.262716222000051, 9.690794135000033 ], [ 40.254873864000047, 9.669864190000055 ], [ 40.298026232000041, 9.655061774000046 ], [ 40.298497853000072, 9.625011204000032 ], [ 40.14137856800005, 9.653069646000063 ], [ 40.072835991000034, 9.648313212000062 ], [ 40.012696563000077, 9.683704423000052 ], [ 39.924653332000048, 9.680351694000024 ], [ 39.953983276000031, 9.730397252000046 ], [ 40.013766715000031, 9.737567617000025 ], [ 39.991154010000059, 9.756725605000042 ], [ 40.011025416000052, 9.81855682500003 ], [ 40.070692852000036, 9.857416648000026 ], [ 40.058430127000065, 9.864339007000069 ], [ 40.063559106000071, 9.902413107000029 ], [ 40.088842507000038, 9.934805461000053 ], [ 40.043159375000073, 9.991030512000066 ], [ 39.947354193000081, 9.99337484800003 ], [ 39.929689071000041, 10.00583808600004 ], [ 39.943444662000047, 10.059189888000049 ], [ 39.927274822000072, 10.089962566000054 ], [ 40.132584922000035, 10.071093523000059 ], [ 40.158145752000053, 10.090278628000021 ], [ 40.128993667000032, 10.173546208000062 ], [ 40.155579610000075, 10.257410691000075 ], [ 40.163639855000042, 10.412363752000033 ], [ 40.102610933000051, 10.755046174000029 ], [ 40.166695390000029, 10.805048328000055 ], [ 40.180501636000031, 10.896861903000058 ], [ 40.149310951000075, 10.895796132000044 ], [ 40.123771523000073, 10.937639217000026 ], [ 40.186939061000032, 11.025342794000039 ], [ 40.193796443000053, 11.096367237000038 ], [ 40.21243796400006, 11.108908145000044 ], [ 40.201289775000077, 11.145618703000025 ], [ 40.219404342000075, 11.15829519600004 ], [ 40.224813288000064, 11.134195310000052 ], [ 40.33576387200003, 11.161272589000021 ] ] ] } },
{ "type": "Feature", "properties": { "ADM2_PCODE": "ET0419", "ADM2_EN": "Horo Gudru Wellega", "ADM1_EN": "Oromia" }, "geometry": { "type": "Polygon", "coordinates": [ [ [ 36.815348467000035, 10.340314186000057 ], [ 36.869241516000045, 10.340692899000032 ], [ 36.897961210000062, 10.312848153000061 ], [ 36.97992079900007, 10.314026481000042 ], [ 37.013265300000057, 10.284938673000056 ], [ 37.04587199000008, 10.288399330000061 ], [ 37.087101871000073, 10.259494065000069 ], [ 37.181811114000027, 10.241264534000038 ], [ 37.199896749000061, 10.22329651900003 ], [ 37.167702323000071, 10.16327334600004 ], [ 37.213315823000073, 10.087907831000052 ], [ 37.287711844000057, 10.062879183000064 ], [ 37.329539616000034, 10.005848452000066 ], [ 37.344751175000056, 10.005818236000039 ], [ 37.35698317400005, 10.040231712000036 ], [ 37.398275412000032, 10.046150453000052 ], [ 37.444469594000054, 10.014559267000038 ], [ 37.529236929000035, 9.996176773000059 ], [ 37.59239668400005, 9.918764587000055 ], [ 37.669121203000032, 9.860175029000061 ], [ 37.636731200000042, 9.833389896000028 ], [ 37.642132615000037, 9.751218873000028 ], [ 37.616302208000036, 9.671231728000066 ], [ 37.635325030000047, 9.454102231000036 ], [ 37.66444716500007, 9.415740160000041 ], [ 37.653640727000038, 9.372833523000054 ], [ 37.578347833000066, 9.31670660900005 ], [ 37.498203798000077, 9.329217985000071 ], [ 37.466763556000046, 9.319912895000073 ], [ 37.417862496000055, 9.244894367000029 ], [ 37.390563457000042, 9.16343192100004 ], [ 37.290105048000044, 9.172471931000075 ], [ 37.15432299400004, 9.253194414000063 ], [ 37.156460477000053, 9.267930598000021 ], [ 37.113274786000034, 9.30768742500004 ], [ 37.087224735000063, 9.302912326000069 ], [ 37.053108679000047, 9.367902951000076 ], [ 37.063257265000061, 9.425828399000068 ], [ 37.034923255000024, 9.427589860000069 ], [ 37.031471848000024, 9.458619411000029 ], [ 36.998285459000044, 9.448975426000061 ], [ 36.955204644000048, 9.47062918000006 ], [ 36.917971735000037, 9.441272638000044 ], [ 36.883816922000051, 9.488134848000072 ], [ 36.829676092000057, 9.461327807000032 ], [ 36.831182215000069, 9.433101832000034 ], [ 36.79518437400003, 9.411922129000061 ], [ 36.733701686000074, 9.416566575000047 ], [ 36.661716436000063, 9.505996195000023 ], [ 36.673172621000049, 9.634037391000049 ], [ 36.691402792000076, 9.67353180300006 ], [ 36.763725905000058, 9.688524524000059 ], [ 36.782539419000045, 9.708445625000024 ], [ 36.775449804000061, 9.741708571000061 ], [ 36.791361623000057, 9.759769749000043 ], [ 36.875808340000049, 9.779580816000021 ], [ 36.92225423800005, 9.820832099000029 ], [ 36.904627162000054, 9.84990476300004 ], [ 36.915238890000069, 9.858979004000048 ], [ 36.906866501000025, 9.896056956000052 ], [ 36.92900170300004, 9.917054588000042 ], [ 36.907646802000045, 9.904008842000053 ], [ 36.896454930000061, 9.915393381000058 ], [ 36.920003077000047, 9.954536663000056 ], [ 36.894088949000036, 9.977516601000048 ], [ 36.917073609000056, 10.003571472000033 ], [ 36.89355454400004, 10.017747320000069 ], [ 36.900480854000079, 10.058682649000048 ], [ 36.886096631000044, 10.101860421000026 ], [ 36.897341701000073, 10.133319203000042 ], [ 36.886624420000032, 10.162812626000061 ], [ 36.847479651000071, 10.18321796500004 ], [ 36.865402570000072, 10.250308178000068 ], [ 36.815348467000035, 10.340314186000057 ] ] ] } },
{ "type": "Feature", "properties": { "ADM2_PCODE": "ET0403", "ADM2_EN": "Ilu Aba Bora", "ADM1_EN": "Oromia" }, "geometry": { "type": "Polygon", "coordinates": [ [ [ 35.432312984000077, 8.822339383000042 ], [ 35.449350819000074, 8.804573654000023 ], [ 35.440040259000057, 8.785937210000043 ], [ 35.457651919000057, 8.773820484000055 ], [ 35.454928309000024, 8.756137421000062 ], [ 35.494885145000069, 8.759132927000053 ], [ 35.506538262000049, 8.733769752000057 ], [ 35.562381068000036, 8.694714694000027 ], [ 35.632624410000062, 8.680862513000022 ], [ 35.655948219000038, 8.717419525000025 ], [ 35.71219526200008, 8.716854578000039 ], [ 35.740314808000051, 8.734269810000058 ], [ 35.756561101000045, 8.68550827100006 ], [ 35.884023466000031, 8.666042732000051 ], [ 35.900946335000071, 8.676191843000026 ], [ 35.944483915000035, 8.629731499000059 ], [ 35.980624716000079, 8.632841620000022 ], [ 36.000664287000063, 8.402845966000029 ], [ 36.045021561000055, 8.337214456000027 ], [ 36.087263387000064, 8.315991054000051 ], [ 36.066931192000027, 8.238275315000067 ], [ 36.081006297000044, 8.173869909000075 ], [ 35.979246221000039, 8.034310437000045 ], [ 35.928885326000056, 8.016806244000065 ], [ 35.88400101700006, 8.01652284000005 ], [ 35.860868654000058, 8.077234741000041 ], [ 35.765769212000066, 8.081234959000028 ], [ 35.722852992000071, 8.022467005000067 ], [ 35.799721733000069, 7.932609052000032 ], [ 35.739539285000035, 7.866625353000074 ], [ 35.693729554000072, 7.864355270000033 ], [ 35.589620153000055, 7.808632804000069 ], [ 35.544400425000049, 7.83099382000006 ], [ 35.520725584000047, 7.895606731000044 ], [ 35.474310848000073, 7.873505752000028 ], [ 35.43353109800006, 7.882756181000047 ], [ 35.400578841000026, 7.829573682000046 ], [ 35.349859201000072, 7.834874142000047 ], [ 35.340877649000049, 7.776610678000054 ], [ 35.222732824000047, 7.703102542000067 ], [ 35.212324139000032, 7.651496985000051 ], [ 35.116033607000077, 7.645092153000064 ], [ 35.077095841000073, 7.731005248000031 ], [ 34.995473251000078, 7.747974243000044 ], [ 34.931977556000049, 7.728168627000059 ], [ 34.944275153000035, 7.879393290000053 ], [ 34.950686634000078, 7.890286446000061 ], [ 35.000615269000036, 7.862321638000026 ], [ 35.008480071000065, 7.923502092000035 ], [ 35.048340566000036, 7.95443646700005 ], [ 35.108557973000075, 7.957113076000041 ], [ 35.141024095000034, 7.989027562000047 ], [ 35.117936250000071, 8.082588241000053 ], [ 35.089087727000049, 8.113922156000058 ], [ 35.143271224000046, 8.142853244000037 ], [ 35.157659299000045, 8.13671 ], [ 35.118913490000068, 8.200608826000064 ], [ 35.073245997000072, 8.220184827000026 ], [ 35.018258912000078, 8.219643652000059 ], [ 34.965044641000077, 8.24721609900007 ], [ 34.982099831000028, 8.326048982000032 ], [ 34.953016802000036, 8.347718159000067 ], [ 34.964485417000049, 8.401928429000066 ], [ 35.000072202000069, 8.486667780000062 ], [ 35.030198899000027, 8.495236138000053 ], [ 35.035685561000037, 8.515384016000041 ], [ 35.059406059000025, 8.52152407400007 ], [ 35.116703415000075, 8.498278466000045 ], [ 35.188103507000051, 8.519366773000058 ], [ 35.200596801000074, 8.540435602000059 ], [ 35.120813983000062, 8.606980406000048 ], [ 35.111913875000027, 8.634359114000063 ], [ 35.16001536400006, 8.707245689000047 ], [ 35.204806444000042, 8.731573816000036 ], [ 35.214835159000074, 8.756815250000045 ], [ 35.234169948000044, 8.721741218000034 ], [ 35.254806522000024, 8.755909450000047 ], [ 35.282911588000047, 8.732928898000068 ], [ 35.30829007300008, 8.747887261000074 ], [ 35.362116360000073, 8.737703984000063 ], [ 35.372633846000042, 8.758870699000056 ], [ 35.408235194000042, 8.774282554000024 ], [ 35.400842370000078, 8.802065130000074 ], [ 35.432312984000077, 8.822339383000042 ] ] ] } },
{ "type": "Feature", "properties": { "ADM2_PCODE": "ET1204", "ADM2_EN": "Itang Special woreda", "ADM1_EN": "Gambela" }, "geometry": { "type": "Polygon", "coordinates": [ [ [ 34.284986405000041, 8.70430738500005 ], [ 34.31242902300005, 8.682099813000036 ], [ 34.345471368000062, 8.600099974000045 ], [ 34.358223376000069, 8.52204352800004 ], [ 34.313296408000042, 8.389928504000068 ], [ 34.347280143000035, 8.376647333000051 ], [ 34.383758692000072, 8.395130791000042 ], [ 34.353960764000078, 8.345947713000044 ], [ 34.359073668000065, 8.273202111000046 ], [ 34.38410662900003, 8.210642361000055 ], [ 34.357541484000024, 8.209741656000062 ], [ 34.375140766000072, 8.178064672000062 ], [ 34.452035106000039, 8.178122768000037 ], [ 34.432784096000034, 8.083300401000031 ], [ 34.383589963000077, 8.059022696000056 ], [ 34.353046537000068, 8.06754598200007 ], [ 34.30595938700003, 8.027939028000048 ], [ 34.248894860000064, 8.071551696000029 ], [ 34.137544320000075, 8.091999073000068 ], [ 34.098161118000064, 8.15433613600004 ], [ 34.072951388000035, 8.153306473000043 ], [ 34.033531312000036, 8.181957113000067 ], [ 34.040367728000035, 8.234513002000028 ], [ 34.005611090000059, 8.23681434100007 ], [ 33.996239204000062, 8.254401843000039 ], [ 34.004242171000044, 8.304045475000066 ], [ 34.042951008000045, 8.344375958000057 ], [ 34.046123088000058, 8.385988656000052 ], [ 34.060927070000048, 8.38545786100002 ], [ 34.051941169000031, 8.420671455000047 ], [ 34.07526462900006, 8.479878582000026 ], [ 34.061848477000069, 8.477690146000043 ], [ 34.049874341000077, 8.504072541000028 ], [ 34.12166, 8.57958 ], [ 34.124245703000042, 8.651479982000069 ], [ 34.189639021000062, 8.651632735000021 ], [ 34.255733657000064, 8.702638657000023 ], [ 34.284986405000041, 8.70430738500005 ] ] ] } },
{ "type": "Feature", "properties": { "ADM2_PCODE": "ET0503", "ADM2_EN": "Jarar", "ADM1_EN": "Somali" }, "geometry": { "type": "Polygon", "coordinates": [ [ [ 44.115113215000065, 8.972570935000022 ], [ 46.094442396000034, 8.312013318000027 ], [ 46.021233616000075, 8.232295025000042 ], [ 46.010658489000036, 8.098775420000038 ], [ 45.917993714000033, 7.995385518000035 ], [ 45.81869894700003, 7.942152605000047 ], [ 45.681846859000075, 7.792704721000064 ], [ 45.61482120200003, 7.651511440000036 ], [ 45.354529269000068, 7.656731530000059 ], [ 44.98074911100008, 7.736721139000053 ], [ 44.983095332000062, 7.763543063000043 ], [ 44.717668367000044, 7.750501383000028 ], [ 44.674488326000073, 7.685431221000044 ], [ 44.572841752000045, 7.608465783000042 ], [ 44.538257206000026, 7.554118639000023 ], [ 44.498732011000072, 7.487419872000032 ], [ 44.459206816000062, 7.326848766000069 ], [ 44.392508049000071, 7.299675194000031 ], [ 44.292961683000044, 7.347267544000033 ], [ 44.279992478000054, 7.382469671000024 ], [ 44.250348582000072, 7.395438876000071 ], [ 44.239232120000054, 7.441757464000034 ], [ 44.102883102000078, 7.567593746000057 ], [ 43.932918, 7.558652 ], [ 43.708389818000057, 7.333937484000046 ], [ 43.69632789700006, 7.257483577000073 ], [ 43.600124684000036, 7.296083568000029 ], [ 43.479301208000038, 7.385439549000068 ], [ 43.501668702000075, 7.456885796000051 ], [ 43.482448, 7.540479 ], [ 43.317873, 7.657317 ], [ 43.01554, 7.773364 ], [ 42.70412549100007, 7.945339448000027 ], [ 42.691596897000068, 7.967356253000048 ], [ 42.704368573000067, 8.04655840700002 ], [ 42.674669820000076, 8.089228438000021 ], [ 42.686720716000025, 8.121641932000045 ], [ 42.782108047000065, 8.135416559000021 ], [ 42.814230771000041, 8.172298205000061 ], [ 42.828507537000064, 8.235353922000058 ], [ 42.957561589000079, 8.469889731000023 ], [ 43.10067699800004, 8.462797203000036 ], [ 43.232181, 8.539078 ], [ 43.209729619000029, 8.599149080000075 ], [ 43.260414809000054, 8.675381762000029 ], [ 43.232628164000062, 8.793772915000034 ], [ 43.324672188000079, 8.800621781000075 ], [ 43.325438373000054, 8.858432786000037 ], [ 43.390115052000056, 8.899304892000032 ], [ 43.42975939400003, 8.898432212000046 ], [ 43.441109711000081, 8.833951445000025 ], [ 43.634457544000043, 8.647208794000051 ], [ 43.707438972000034, 8.604722238000022 ], [ 43.978476416000035, 8.50364423700006 ], [ 44.161961078000047, 8.746558632000074 ], [ 44.105755272000067, 8.91174838400002 ], [ 44.115113215000065, 8.972570935000022 ] ] ] } },
{ "type": "Feature", "properties": { "ADM2_PCODE": "ET0404", "ADM2_EN": "Jimma", "ADM1_EN": "Oromia" }, "geometry": { "type": "Polygon", "coordinates": [ [ [ 37.198722597000028, 8.879987096000036 ], [ 37.214656896000065, 8.867366423000021 ], [ 37.198624224000071, 8.845499652000058 ], [ 37.213081737000039, 8.830134519000069 ], [ 37.204337474000056, 8.780433105000043 ], [ 37.179324569000073, 8.748022827000057 ], [ 37.147487875000024, 8.740058874000056 ], [ 37.137882355000045, 8.689114367000059 ], [ 37.172756803000027, 8.690742197000077 ], [ 37.175257697000063, 8.645763486000021 ], [ 37.215275633000033, 8.603946923000024 ], [ 37.239209233000054, 8.597853235000059 ], [ 37.248314409000045, 8.610351331000061 ], [ 37.302962136000076, 8.563050191000059 ], [ 37.324148215000037, 8.506083715000045 ], [ 37.363330228000052, 8.468070380000029 ], [ 37.386382200000071, 8.388402229000064 ], [ 37.431146904000059, 8.335133851000023 ], [ 37.454851948000055, 8.33438072000007 ], [ 37.472023320000062, 8.26608942200005 ], [ 37.506301852000036, 8.254395118000048 ], [ 37.529147732000069, 8.265820187000031 ], [ 37.576077834000046, 8.232589763000021 ], [ 37.601768173000039, 8.234641952000061 ], [ 37.623886783000046, 8.200043598000036 ], [ 37.592137343000047, 8.093134079000038 ], [ 37.60282978400005, 7.964857662000043 ], [ 37.539278640000077, 7.95385826200004 ], [ 37.490798981000069, 8.017061117000026 ], [ 37.391790293000042, 7.992900512000062 ], [ 37.389814797000042, 7.961972350000053 ], [ 37.436714014000074, 7.91852848700006 ], [ 37.404844578000052, 7.827260347000049 ], [ 37.401194678000024, 7.682667443000071 ], [ 37.445103970000048, 7.564316881000025 ], [ 37.407219633000068, 7.492180415000064 ], [ 37.379733601000055, 7.380000817000052 ], [ 37.331224325000051, 7.343444724000051 ], [ 37.237830025000051, 7.312059669000064 ], [ 37.128590638000048, 7.228445968000074 ], [ 37.039511190000042, 7.240016542000035 ], [ 36.96464517000004, 7.224732706000054 ], [ 36.955464307000057, 7.260490995000055 ], [ 36.87915457500003, 7.329694398000072 ], [ 36.840936200000044, 7.325989875000062 ], [ 36.791112613000053, 7.252283413000043 ], [ 36.672563472000036, 7.328040718000068 ], [ 36.632953738000026, 7.377862983000057 ], [ 36.598333941000078, 7.369032600000025 ], [ 36.483919654000033, 7.41600977500002 ], [ 36.374635311000077, 7.415574806000052 ], [ 36.348665484000037, 7.445416163000061 ], [ 36.224696245000075, 7.48438797600005 ], [ 36.156556678000072, 7.54262062600003 ], [ 36.035327417000076, 7.572582032000071 ], [ 36.051907352000057, 7.653905677000068 ], [ 35.997237716000029, 7.745119799000065 ], [ 35.848618632000068, 7.838964073000056 ], [ 35.902428350000037, 7.926207959000067 ], [ 35.88400101700006, 8.01652284000005 ], [ 35.979246221000039, 8.034310437000045 ], [ 36.018269382000028, 8.075237167000068 ], [ 36.081006297000044, 8.173869909000075 ], [ 36.072600096000031, 8.255022641000039 ], [ 36.08274513300006, 8.265151117000073 ], [ 36.09596541600007, 8.240480379000076 ], [ 36.15962869100008, 8.216660025000067 ], [ 36.234039185000029, 8.235884987000077 ], [ 36.24685794100003, 8.257721114000049 ], [ 36.282425942000032, 8.22710670400005 ], [ 36.267212997000058, 8.177766186000042 ], [ 36.286163970000075, 8.177498723000042 ], [ 36.288081581000029, 8.152976866000074 ], [ 36.327025800000058, 8.118259895000051 ], [ 36.372866887000043, 8.130090554000049 ], [ 36.367346976000078, 8.114062344000047 ], [ 36.396796443000028, 8.092676510000047 ], [ 36.391604175000055, 8.076214518000029 ], [ 36.409491853000077, 8.055544833000056 ], [ 36.479339498000058, 8.044704513000056 ], [ 36.567684936000035, 8.066194704000054 ], [ 36.602098321000028, 8.031826974000069 ], [ 36.588050622000026, 7.995099776000075 ], [ 36.639353008000057, 7.99488369200003 ], [ 36.664135982000062, 8.05930276600003 ], [ 36.692143613000042, 8.072075994000045 ], [ 36.74102939800008, 8.057981301000041 ], [ 36.75644735700007, 8.103317803000039 ], [ 36.78884140200006, 8.116398364000077 ], [ 36.790714649000051, 8.093777256000067 ], [ 36.826394690000029, 8.139873807000072 ], [ 36.789614031000042, 8.229843684000059 ], [ 36.794273969000074, 8.257725569000058 ], [ 36.760412626000061, 8.255265843000075 ], [ 36.743696940000063, 8.270223627000064 ], [ 36.751766187000044, 8.290034694000042 ], [ 36.722414750000041, 8.463382262000039 ], [ 36.699867890000064, 8.470168805000071 ], [ 36.660639924000066, 8.531342964000032 ], [ 36.723884889000033, 8.553843915000073 ], [ 36.736323562000052, 8.545541571000058 ], [ 36.793841665000059, 8.654346348000047 ], [ 36.852340714000036, 8.685015900000053 ], [ 36.886842429000069, 8.662774256000034 ], [ 36.898744792000059, 8.62715911500004 ], [ 36.951014514000065, 8.614192596000066 ], [ 36.985957446000043, 8.646089931000063 ], [ 36.997585021000077, 8.733157662000053 ], [ 37.019154668000056, 8.759531078000066 ], [ 37.012591696000072, 8.777481634000026 ], [ 36.993519953000032, 8.773936816000059 ], [ 36.990792915000043, 8.793676842000025 ], [ 37.016423266000061, 8.809661488000074 ], [ 37.059941709000043, 8.803893061000053 ], [ 37.08915595600007, 8.869671311000047 ], [ 37.147291761000076, 8.859344594000049 ], [ 37.198722597000028, 8.879987096000036 ] ] ] } },
{ "type": "Feature", "properties": { "ADM2_PCODE": "ET0604", "ADM2_EN": "Kamashi", "ADM1_EN": "Benishangul Gumz" }, "geometry": { "type": "MultiPolygon", "coordinates": [ [ [ [ 36.247921821000034, 8.973530551000067 ], [ 36.222134713000059, 8.950194146000058 ], [ 36.174293211000077, 8.979422996000039 ], [ 36.221039099000052, 8.98853736500007 ], [ 36.247921821000034, 8.973530551000067 ] ] ], [ [ [ 35.021101949000069, 11.237061757000049 ], [ 35.097881447000077, 11.210813279000035 ], [ 35.129335239000056, 11.150234347000037 ], [ 35.168631556000037, 11.145754187000023 ], [ 35.19607323200006, 11.119838605000041 ], [ 35.184447102000036, 10.973941977000038 ], [ 35.216075440000054, 10.864430674000062 ], [ 35.185505837000051, 10.794161064000036 ], [ 35.197543161000056, 10.742319849000069 ], [ 35.158189375000063, 10.67351857400007 ], [ 35.153643395000074, 10.572335661000068 ], [ 35.167883699000072, 10.55483761000005 ], [ 35.193503043000078, 10.554297461000033 ], [ 35.246372962000066, 10.47435570600004 ], [ 35.292736768000054, 10.444878378000055 ], [ 35.320156731000054, 10.391595246000065 ], [ 35.331199909000077, 10.307830962000025 ], [ 35.315864511000029, 10.194584321000036 ], [ 35.355988307000075, 10.131322732000058 ], [ 35.478971913000066, 10.114029709000022 ], [ 35.595526702000029, 10.052857824000057 ], [ 35.633633747000033, 9.965417284000068 ], [ 35.669306390000031, 9.945483167000077 ], [ 35.732954771000038, 9.96779583700004 ], [ 35.740665884000066, 10.008082631000036 ], [ 35.727702112000031, 10.034189304000051 ], [ 35.744523408000077, 10.053212717000065 ], [ 35.795592380000073, 10.044559294000067 ], [ 35.819590883000046, 10.011232574000076 ], [ 35.874726291000059, 10.009814391000077 ], [ 35.900711351000041, 10.07839924600006 ], [ 35.982855341000061, 10.147672918000069 ], [ 36.011979445000065, 10.122641994000048 ], [ 36.048790020000069, 10.144333903000074 ], [ 36.153306325000074, 10.11596206400003 ], [ 36.208887010000069, 10.118602304000035 ], [ 36.243055299000048, 10.137145969000073 ], [ 36.273169894000034, 10.204872051000052 ], [ 36.317354111000043, 10.219721456000059 ], [ 36.328385103000073, 10.287122841000041 ], [ 36.351803242000074, 10.300966275000064 ], [ 36.372375068000053, 10.354129718000024 ], [ 36.414790957000037, 10.385616091000031 ], [ 36.42375743100007, 10.455785804000072 ], [ 36.445650920000048, 10.455682161000027 ], [ 36.462711566000053, 10.479181219000054 ], [ 36.537226734000058, 10.473061573000052 ], [ 36.546228503000066, 10.456896895000057 ], [ 36.520496154000057, 10.399559641000053 ], [ 36.539244943000028, 10.364979387000062 ], [ 36.605471513000055, 10.364720049000027 ], [ 36.661809687000073, 10.316538557000058 ], [ 36.685399334000067, 10.317595047000054 ], [ 36.692191505000039, 10.296289130000048 ], [ 36.610570507000034, 10.259221846000059 ], [ 36.574685618000046, 10.264173395000057 ], [ 36.575847829000054, 10.279235559000028 ], [ 36.554480933000036, 10.285072005000075 ], [ 36.515488472000072, 10.239931540000043 ], [ 36.445350893000068, 10.24584416600004 ], [ 36.369421904000035, 10.161652776000039 ], [ 36.271892158000071, 10.113087661000066 ], [ 36.25891955600008, 10.078452010000035 ], [ 36.184567068000035, 10.049661314000048 ], [ 36.120648739000046, 9.971573161000038 ], [ 36.152343448000067, 9.848931479000044 ], [ 36.128207082000074, 9.852213635000055 ], [ 36.136471135000079, 9.807447298000056 ], [ 36.105286613000033, 9.773323643000026 ], [ 36.159057226000073, 9.746936508000033 ], [ 36.191865862000043, 9.68787751800005 ], [ 36.200777372000061, 9.614928768000027 ], [ 36.231777016000024, 9.57032304300003 ], [ 36.301025209000045, 9.555515471000035 ], [ 36.380307981000044, 9.480480466000074 ], [ 36.400629507000076, 9.51098832100007 ], [ 36.461168171000054, 9.528057690000026 ], [ 36.494429858000046, 9.509365743000046 ], [ 36.514911091000045, 9.444134004000034 ], [ 36.475190875000067, 9.39463723800003 ], [ 36.484109647000025, 9.367867244000024 ], [ 36.37471653800003, 9.358019170000034 ], [ 36.333767936000072, 9.339799325000058 ], [ 36.318996195000068, 9.305850016000022 ], [ 36.295482496000034, 9.301691637000033 ], [ 36.275117402000035, 9.343833046000043 ], [ 36.253179406000072, 9.301823312000067 ], [ 36.218373047000057, 9.297118325000042 ], [ 36.214586972000063, 9.332416972000033 ], [ 36.234268717000077, 9.347006928000042 ], [ 36.205892528000049, 9.354739692000066 ], [ 36.194894704000035, 9.288973481000028 ], [ 36.226336010000068, 9.27172814000005 ], [ 36.228925168000046, 9.229031010000028 ], [ 36.203947895000056, 9.157346813000061 ], [ 36.161473421000039, 9.105351872000028 ], [ 36.184585928000047, 9.071951687000023 ], [ 36.246477824000067, 9.040962060000027 ], [ 36.225949202000038, 9.030967937000071 ], [ 36.176790550000078, 9.044525228000055 ], [ 36.159633019000069, 9.02065994000003 ], [ 36.131429031000039, 9.020788201000073 ], [ 36.108553458000074, 9.080031575000021 ], [ 36.075537254000039, 9.062637626000026 ], [ 36.096974614000032, 9.032414896000034 ], [ 36.086545823000051, 9.012616791000028 ], [ 36.04215539300003, 9.015047793000065 ], [ 36.028074519000029, 9.055977324000025 ], [ 36.034022845000038, 9.107416687000068 ], [ 36.053610656000046, 9.119437129000062 ], [ 36.031577196000057, 9.233426059000067 ], [ 35.949321024000028, 9.249153646000025 ], [ 35.911088774000063, 9.315957987000047 ], [ 35.859870325000031, 9.324971589000029 ], [ 35.79719169100008, 9.308617540000057 ], [ 35.756747976000042, 9.323638114000062 ], [ 35.750121341000067, 9.403083304000063 ], [ 35.777325831000041, 9.440139414000043 ], [ 35.764992988000074, 9.473350737000032 ], [ 35.710760712000024, 9.486771922000059 ], [ 35.647491968000054, 9.553310385000032 ], [ 35.653437895000025, 9.634928304000027 ], [ 35.578517519000059, 9.665518421000058 ], [ 35.553727423000055, 9.69611846600003 ], [ 35.468423574000042, 9.670376197000053 ], [ 35.410766331000048, 9.713677552000036 ], [ 35.368397025000036, 9.71928941300007 ], [ 35.378831148000074, 9.765406404000032 ], [ 35.419628528000032, 9.785145035000028 ], [ 35.363788997000029, 9.813043185000026 ], [ 35.349800616000039, 9.866075812000076 ], [ 35.325098575000027, 9.884493793000047 ], [ 35.359702053000035, 9.924003670000047 ], [ 35.341348756000059, 10.033613477000074 ], [ 35.242639250000025, 10.060577598000066 ], [ 35.25735267500005, 10.114332648000072 ], [ 35.211349587000029, 10.237981930000046 ], [ 35.209459094000067, 10.259583082000063 ], [ 35.234402966000061, 10.290661919000058 ], [ 35.205343516000028, 10.347390650000023 ], [ 35.207605368000031, 10.399556123000025 ], [ 35.167088268000043, 10.417091666000033 ], [ 35.147509983000077, 10.404869440000027 ], [ 35.12472819900006, 10.413217248000024 ], [ 35.101406686000075, 10.462870159000033 ], [ 35.051324879000049, 10.501633939000044 ], [ 35.069290354000032, 10.545875089000049 ], [ 35.026248922000036, 10.551608234000071 ], [ 35.061424926000029, 10.597015194000051 ], [ 35.09871167600005, 10.714297352000074 ], [ 35.086592177000057, 10.851327180000055 ], [ 34.978182982000078, 10.907940540000027 ], [ 34.93333, 10.95666 ], [ 35.00555, 11.17444 ], [ 35.0075, 11.19833 ], [ 34.974784523000039, 11.227695579000056 ], [ 35.021101949000069, 11.237061757000049 ] ] ] ] } },
{ "type": "Feature", "properties": { "ADM2_PCODE": "ET1102", "ADM2_EN": "Kefa", "ADM1_EN": "South West Ethiopia" }, "geometry": { "type": "Polygon", "coordinates": [ [ [ 35.837338794000061, 8.079494851000049 ], [ 35.872718576000068, 8.058773906000056 ], [ 35.905128344000047, 7.946018852000066 ], [ 35.848618632000068, 7.838964073000056 ], [ 35.997237716000029, 7.745119799000065 ], [ 36.051907352000057, 7.653905677000068 ], [ 36.035327417000076, 7.572582032000071 ], [ 36.156556678000072, 7.54262062600003 ], [ 36.224696245000075, 7.48438797600005 ], [ 36.348665484000037, 7.445416163000061 ], [ 36.374635311000077, 7.415574806000052 ], [ 36.483919654000033, 7.41600977500002 ], [ 36.598333941000078, 7.369032600000025 ], [ 36.632953738000026, 7.377862983000057 ], [ 36.672563472000036, 7.328040718000068 ], [ 36.791070372000036, 7.252301885000065 ], [ 36.77453851100006, 7.24612479700005 ], [ 36.755893306000075, 7.161045089000027 ], [ 36.717191572000047, 7.14965832200005 ], [ 36.693257867000057, 7.166492219000077 ], [ 36.676888241000029, 7.132523386000059 ], [ 36.591589211000041, 7.122942059000025 ], [ 36.600955679000037, 7.050218408000035 ], [ 36.568477401000052, 7.048743890000026 ], [ 36.552503677000061, 7.004589126000042 ], [ 36.512881882000045, 7.008987957000045 ], [ 36.50414238500008, 6.982569132000037 ], [ 36.479220568000073, 6.986816710000028 ], [ 36.464002655000058, 6.968306855000037 ], [ 36.457770020000055, 6.922061665000058 ], [ 36.48305447000007, 6.878453544000024 ], [ 36.490504648000069, 6.81607480100007 ], [ 36.459096203000058, 6.784905339000034 ], [ 36.415489869000055, 6.78390317800006 ], [ 36.342082438000034, 6.703720581000027 ], [ 36.358864322000045, 6.631257496000046 ], [ 36.328929564000077, 6.578467294000063 ], [ 36.338039121000065, 6.500493832000075 ], [ 36.306703766000055, 6.426370729000041 ], [ 36.248802682000075, 6.385021390000077 ], [ 36.191637244000049, 6.441845138000076 ], [ 36.132273355000052, 6.435751549000031 ], [ 36.068871604000037, 6.35493269400007 ], [ 36.039131342000076, 6.347126189000051 ], [ 36.035333184000024, 6.331596133000062 ], [ 36.059071752000079, 6.30741402600006 ], [ 36.039392145000079, 6.271332981000057 ], [ 35.968080160000056, 6.235358928000039 ], [ 35.973117396000077, 6.33695971800006 ], [ 35.992230182000071, 6.396337010000025 ], [ 36.017988479000053, 6.41360766300005 ], [ 36.041225657000041, 6.461124933000065 ], [ 36.101861881000048, 6.467157360000044 ], [ 36.137802386000033, 6.537486659000024 ], [ 36.132377483000027, 6.572860233000029 ], [ 36.077600403000076, 6.612370378000037 ], [ 36.067243809000047, 6.643154312000036 ], [ 36.085469947000036, 6.667411179000055 ], [ 36.084147887000029, 6.722460571000056 ], [ 36.064462916000025, 6.73053585100007 ], [ 36.070435043000032, 6.794932679000055 ], [ 36.00191146700007, 7.000204042000064 ], [ 36.001010591000068, 7.053942261000032 ], [ 35.935336924000069, 7.117357914000024 ], [ 35.878345297000067, 7.090443599000025 ], [ 35.88024067200007, 7.05236170400002 ], [ 35.85799181200008, 7.011919639000041 ], [ 35.820668771000044, 7.03935806100003 ], [ 35.843600668000079, 7.081127344000038 ], [ 35.806861874000049, 7.07025341800005 ], [ 35.788209834000043, 7.007193118000032 ], [ 35.766245674000061, 7.032528754000055 ], [ 35.712500707000061, 7.004425939000043 ], [ 35.709805237000069, 7.030321024000045 ], [ 35.754037038000035, 7.076562036000041 ], [ 35.70885805100005, 7.075199052000073 ], [ 35.724723759000028, 7.102977993000025 ], [ 35.693315550000079, 7.203145318000054 ], [ 35.735695436000071, 7.219600053000022 ], [ 35.731731871000079, 7.240524213000072 ], [ 35.696536975000072, 7.224853946000053 ], [ 35.668945504000078, 7.241620393000062 ], [ 35.627315966000026, 7.228707593000024 ], [ 35.568281754000054, 7.281016438000051 ], [ 35.494303924000064, 7.265204550000021 ], [ 35.497122170000068, 7.383855113000038 ], [ 35.439007662000051, 7.422875051000062 ], [ 35.528257899000039, 7.481138422000072 ], [ 35.565056621000053, 7.487345710000056 ], [ 35.556691985000043, 7.513467793000075 ], [ 35.586431550000043, 7.53877073600006 ], [ 35.563295143000062, 7.651435872000036 ], [ 35.57009221800007, 7.673847016000025 ], [ 35.602858413000035, 7.692839811000056 ], [ 35.576041198000041, 7.716399889000058 ], [ 35.576655297000059, 7.738608535000026 ], [ 35.598063625000066, 7.742901887000073 ], [ 35.591544738000039, 7.808742366000047 ], [ 35.693729554000072, 7.864355270000033 ], [ 35.716439421000075, 7.855474859000026 ], [ 35.762149159000046, 7.882606059000068 ], [ 35.799921729000062, 7.940669771000046 ], [ 35.738512741000079, 7.988824024000053 ], [ 35.728003735000073, 8.039569454000059 ], [ 35.765769212000066, 8.081234959000028 ], [ 35.837338794000061, 8.079494851000049 ] ] ] } },
{ "type": "Feature", "properties": { "ADM2_PCODE": "ET0418", "ADM2_EN": "Kellem Wollega", "ADM1_EN": "Oromia" }, "geometry": { "type": "Polygon", "coordinates": [ [ [ 34.931366922000052, 9.360126755000067 ], [ 34.976829593000048, 9.353172307000023 ], [ 35.013005400000054, 9.313444466000021 ], [ 35.055157648000034, 9.315834412000072 ], [ 35.127066610000043, 9.259166609000033 ], [ 35.137952084000062, 9.229179148000071 ], [ 35.124866806000057, 9.21550118600004 ], [ 35.188242745000025, 9.104895734000024 ], [ 35.197068422000029, 9.115842481000072 ], [ 35.220216358000073, 9.096511378000059 ], [ 35.233944879000035, 9.110459707000075 ], [ 35.263337447000026, 9.078276668000058 ], [ 35.281261223000058, 9.092775578000044 ], [ 35.278762214000039, 9.070708094000054 ], [ 35.312900303000049, 9.058430260000023 ], [ 35.343713090000051, 9.005828847000032 ], [ 35.337393148000046, 8.962223060000042 ], [ 35.35076381600004, 8.944729228000028 ], [ 35.398472846000061, 8.94764189600005 ], [ 35.411206589000074, 8.912394659000029 ], [ 35.450648386000069, 8.907895247000056 ], [ 35.443761284000061, 8.859692961000064 ], [ 35.424383049000028, 8.846099124000034 ], [ 35.440369044000079, 8.822345929000051 ], [ 35.410705233000044, 8.814243822000037 ], [ 35.40011043100003, 8.800396109000076 ], [ 35.409253666000041, 8.775662818000058 ], [ 35.362116360000073, 8.737703984000063 ], [ 35.30829007300008, 8.747887261000074 ], [ 35.282911588000047, 8.732928898000068 ], [ 35.254806522000024, 8.755909450000047 ], [ 35.234169948000044, 8.721741218000034 ], [ 35.214835159000074, 8.756815250000045 ], [ 35.204806444000042, 8.731573816000036 ], [ 35.16001536400006, 8.707245689000047 ], [ 35.143990830000064, 8.667161509000039 ], [ 35.123965435000059, 8.662498346000064 ], [ 35.113967612000067, 8.620410287000027 ], [ 35.200596801000074, 8.540435602000059 ], [ 35.177009544000043, 8.508168945000023 ], [ 35.115248302000055, 8.49825269300004 ], [ 35.050129887000026, 8.520764768000049 ], [ 35.000072202000069, 8.486667780000062 ], [ 34.952743025000075, 8.353883963000044 ], [ 34.982040321000056, 8.327666160000035 ], [ 34.965044641000077, 8.24721609900007 ], [ 34.826427111000044, 8.261935566000034 ], [ 34.785803330000078, 8.303639340000075 ], [ 34.785250433000044, 8.355242661000034 ], [ 34.728751828000043, 8.390022244000022 ], [ 34.574273499000071, 8.403479557000026 ], [ 34.55652675400006, 8.455134120000025 ], [ 34.522687101000031, 8.475544933000037 ], [ 34.347280143000035, 8.376647333000051 ], [ 34.313296408000042, 8.389928504000068 ], [ 34.358223376000069, 8.52204352800004 ], [ 34.31242902300005, 8.682099813000036 ], [ 34.279388977000053, 8.708837029000051 ], [ 34.189639021000062, 8.651632735000021 ], [ 34.124245703000042, 8.651479982000069 ], [ 34.134406861000059, 8.962560775000043 ], [ 34.430651004000026, 8.967436632000044 ], [ 34.503707991000056, 9.004134039000064 ], [ 34.458330016000048, 9.073183166000035 ], [ 34.426835009000058, 9.071795454000039 ], [ 34.379004717000043, 9.13061047900004 ], [ 34.420917418000045, 9.153892158000076 ], [ 34.486183263000044, 9.150103325000032 ], [ 34.527756572000044, 9.188731027000074 ], [ 34.590828208000062, 9.139799314000072 ], [ 34.698666013000036, 9.17488940000004 ], [ 34.777821553000024, 9.173628319000045 ], [ 34.791459, 9.249562326000046 ], [ 34.822108164000042, 9.239864680000039 ], [ 34.829920812000069, 9.256112968000025 ], [ 34.874473532000025, 9.266932478000058 ], [ 34.872678877000055, 9.29172010700006 ], [ 34.922110687000043, 9.34833092100007 ], [ 34.91182725300007, 9.381832991000067 ], [ 34.924703331000046, 9.405149754000036 ], [ 34.940778334000072, 9.398149948000025 ], [ 34.925752451000051, 9.39014846300006 ], [ 34.931366922000052, 9.360126755000067 ] ] ] } },
{ "type": "Feature", "properties": { "ADM2_PCODE": "ET0703", "ADM2_EN": "Kembata Tembaro", "ADM1_EN": "SNNP" }, "geometry": { "type": "MultiPolygon", "coordinates": [ [ [ [ 37.53468401300006, 7.364519678000022 ], [ 37.564945011000077, 7.359776519000036 ], [ 37.560239723000052, 7.333109971000056 ], [ 37.517036112000028, 7.338513859000045 ], [ 37.53468401300006, 7.364519678000022 ] ] ], [ [ [ 37.830464831000029, 7.500965046000033 ], [ 37.920209027000055, 7.433298081000032 ], [ 37.922344501000055, 7.400778647000038 ], [ 37.986293597000042, 7.422426165000047 ], [ 38.051472391000061, 7.396147479000035 ], [ 38.050092670000026, 7.379919613000027 ], [ 38.014719221000064, 7.376109885000062 ], [ 38.004502331000026, 7.328012780000051 ], [ 37.966011578000064, 7.294204767000053 ], [ 37.971445946000074, 7.275814898000021 ], [ 38.020522715000027, 7.266997572000037 ], [ 38.035368377000054, 7.295458917000076 ], [ 38.04711244300006, 7.282219528000041 ], [ 38.070400883000048, 7.299026235000042 ], [ 38.078667143000075, 7.256501600000036 ], [ 38.065944358000024, 7.270561880000059 ], [ 38.033109152000065, 7.267045659000075 ], [ 38.022760392000066, 7.232709151000051 ], [ 38.00865295300008, 7.237298057000032 ], [ 38.011361331000046, 7.215024672000027 ], [ 37.996783557000072, 7.218133840000064 ], [ 37.99761688500007, 7.197004230000061 ], [ 37.877140408000059, 7.209162853000066 ], [ 37.852425230000051, 7.203589050000062 ], [ 37.84642986800003, 7.170682758000055 ], [ 37.842981580000071, 7.201242319000073 ], [ 37.828041060000032, 7.204817001000038 ], [ 37.811028364000038, 7.190111866000052 ], [ 37.824896571000068, 7.180674970000041 ], [ 37.766269631000057, 7.143301007000048 ], [ 37.743729142000063, 7.163977041000066 ], [ 37.715551558000072, 7.156642748000024 ], [ 37.650168615000041, 7.181557291000047 ], [ 37.545330807000028, 7.170843558000058 ], [ 37.51514744900004, 7.213177856000073 ], [ 37.464332570000067, 7.199061273000041 ], [ 37.402646895000032, 7.246221451000054 ], [ 37.377167843000052, 7.249361074000035 ], [ 37.356799446000025, 7.276800879000064 ], [ 37.354973584000049, 7.326067564000027 ], [ 37.411424645000068, 7.320952299000055 ], [ 37.467155124000044, 7.341727182000056 ], [ 37.538548981000076, 7.321598818000041 ], [ 37.59268161500006, 7.328458108000063 ], [ 37.591897127000038, 7.290184815000032 ], [ 37.584841951000044, 7.312348736000047 ], [ 37.563864563000038, 7.291619424000032 ], [ 37.581008359000066, 7.285888341000032 ], [ 37.581219511000029, 7.24875983000004 ], [ 37.600838477000025, 7.255642255000055 ], [ 37.639219882000077, 7.321110674000067 ], [ 37.659924431000036, 7.321608929000035 ], [ 37.666815112000052, 7.276083578000055 ], [ 37.690078107000033, 7.294918016000054 ], [ 37.691379546000064, 7.27947421500005 ], [ 37.708924786000068, 7.278635608000059 ], [ 37.73168391300004, 7.307318887000065 ], [ 37.773573363000025, 7.315961143000038 ], [ 37.738150142000052, 7.338731910000035 ], [ 37.754117953000048, 7.380772160000049 ], [ 37.835600483000064, 7.455989235000061 ], [ 37.808809475000032, 7.478982785000028 ], [ 37.829702427000029, 7.484622318000049 ], [ 37.830464831000029, 7.500965046000033 ] ] ] ] } },
{ "type": "Feature", "properties": { "ADM2_PCODE": "ET0202", "ADM2_EN": "Kilbati-Zone 2", "ADM1_EN": "Afar" }, "geometry": { "type": "Polygon", "coordinates": [ [ [ 40.172989162000079, 14.490280210000037 ], [ 40.330949855000028, 14.424009685000044 ], [ 40.545590627000024, 14.301409044000025 ], [ 40.836741396000036, 14.084148277000054 ], [ 41.077301857000066, 13.878547704000027 ], [ 41.250372088000063, 13.71271734000004 ], [ 41.313702060000026, 13.630287251000027 ], [ 41.878682616000049, 13.089606055000047 ], [ 41.972552609000047, 12.983165899000028 ], [ 42.050232358000073, 12.843125902000054 ], [ 42.120944032000068, 12.75791444500004 ], [ 41.624729525000078, 12.853311266000048 ], [ 41.448618516000067, 12.743202794000069 ], [ 41.468290831000047, 12.629311363000056 ], [ 41.413010392000047, 12.582082307000064 ], [ 41.287332738000032, 12.651514927000051 ], [ 41.184610543000076, 12.687920987000041 ], [ 41.182021128000031, 12.730355866000025 ], [ 41.134739979000074, 12.753224390000071 ], [ 41.028266646000077, 12.745385665000072 ], [ 40.715825052000071, 12.875879956000063 ], [ 40.577482592000081, 12.890413280000075 ], [ 40.515626448000035, 13.052641725000058 ], [ 40.396198646000073, 12.888409852000052 ], [ 40.354211383000063, 12.910177521000037 ], [ 40.298045932000036, 12.913189370000055 ], [ 40.257838031000063, 12.88444217600005 ], [ 40.280601835000027, 12.754181111000037 ], [ 40.245241973000077, 12.744303263000063 ], [ 40.204604803000052, 12.792812173000073 ], [ 40.171089280000047, 12.808368552000047 ], [ 40.123569689000078, 12.798583312000062 ], [ 40.04178754000003, 12.568528466000032 ], [ 39.912814322000031, 12.593045421000056 ], [ 39.839179483000066, 12.573070134000034 ], [ 39.849187332000042, 12.547235906000026 ], [ 39.832764098000041, 12.549890953000045 ], [ 39.806736717000035, 12.596283054000025 ], [ 39.832573503000049, 12.634377556000061 ], [ 39.826104312000041, 12.693741426000031 ], [ 39.888647898000045, 12.755775692000043 ], [ 39.977982917000077, 12.792190897000069 ], [ 39.92520444400003, 12.893767369000045 ], [ 39.862363689000063, 12.962021568000068 ], [ 39.863058903000081, 13.01970368800005 ], [ 39.785749087000056, 13.262705022000034 ], [ 39.767315156000052, 13.285268958000074 ], [ 39.719723195000029, 13.294554241000071 ], [ 39.74170441900003, 13.351287595000031 ], [ 39.72952242000008, 13.378807824000035 ], [ 39.745758888000069, 13.374121329000047 ], [ 39.719517477000068, 13.475681038000062 ], [ 39.744547150000074, 13.570811598000034 ], [ 39.863907174000076, 13.548160815000074 ], [ 39.884068764000062, 13.748246227000038 ], [ 39.853197336000051, 13.766511068000057 ], [ 39.83370132500005, 13.821384023000064 ], [ 39.833278651000057, 13.918403375000025 ], [ 39.801657988000045, 13.945601886000077 ], [ 39.829200986000046, 13.97428271800004 ], [ 39.85916443800005, 13.965772858000037 ], [ 39.885936994000076, 14.012203097000054 ], [ 39.843997023000043, 14.050258584000062 ], [ 39.837624773000073, 14.154198463000057 ], [ 39.767133017000049, 14.140043372000036 ], [ 39.649962783000035, 14.188612418000048 ], [ 39.694087480000064, 14.241311387000053 ], [ 39.757304091000037, 14.239843563000022 ], [ 39.757605709000075, 14.277177362000032 ], [ 39.726247716000046, 14.302962213000058 ], [ 39.779204078000078, 14.330532193000067 ], [ 39.77204903900008, 14.373850666000067 ], [ 39.800948107000067, 14.387177744000041 ], [ 39.853118790000053, 14.367098800000065 ], [ 39.950269412000068, 14.360418709000044 ], [ 39.990843734000066, 14.381967487000054 ], [ 39.984256322000078, 14.432340698000075 ], [ 40.010217905000047, 14.439631002000056 ], [ 40.05525840200005, 14.486900711000033 ], [ 40.172989162000079, 14.490280210000037 ] ] ] } },
{ "type": "Feature", "properties": { "ADM2_PCODE": "ET0713", "ADM2_EN": "Konso", "ADM1_EN": "SNNP" }, "geometry": { "type": "Polygon", "coordinates": [ [ [ 37.552079425000045, 5.587590621000061 ], [ 37.576847547000057, 5.583311096000045 ], [ 37.599862414000029, 5.528645784000048 ], [ 37.691310384000076, 5.460033527000064 ], [ 37.629734811000048, 5.266009696000026 ], [ 37.36717585100007, 5.155099544000052 ], [ 37.216908441000044, 5.212684750000051 ], [ 37.112230264000061, 5.18627232800003 ], [ 37.003311116000077, 5.199082903000033 ], [ 37.036784629000067, 5.268366006000065 ], [ 37.036337290000063, 5.371826354000063 ], [ 37.050503021000054, 5.390530872000056 ], [ 37.084996014000069, 5.38980312700005 ], [ 37.145008592000067, 5.443170343000077 ], [ 37.179601203000061, 5.505788295000059 ], [ 37.225763821000044, 5.511515186000054 ], [ 37.229248139000049, 5.470027563000031 ], [ 37.246901341000068, 5.48297473100007 ], [ 37.274886667000033, 5.465064578000067 ], [ 37.302502909000054, 5.492896528000074 ], [ 37.30869602000007, 5.477927442000066 ], [ 37.340455791000068, 5.479872219000072 ], [ 37.362013471000068, 5.523974935000069 ], [ 37.41380054900003, 5.507917257000031 ], [ 37.433154319000039, 5.521367429000065 ], [ 37.465804645000048, 5.515364329000022 ], [ 37.457592136000073, 5.554474488000039 ], [ 37.466189569000051, 5.563517365000052 ], [ 37.477515953000079, 5.551559199000053 ], [ 37.497107583000059, 5.58474237300004 ], [ 37.490804445000038, 5.603371941000034 ], [ 37.531706863000068, 5.626087587000029 ], [ 37.534298499000045, 5.649806468000065 ], [ 37.558769663000078, 5.619431618000021 ], [ 37.552079425000045, 5.587590621000061 ] ] ] } },
{ "type": "Feature", "properties": { "ADM2_PCODE": "ET1106", "ADM2_EN": "Konta Special", "ADM1_EN": "South West Ethiopia" }, "geometry": { "type": "Polygon", "coordinates": [ [ [ 36.87915457500003, 7.329694398000072 ], [ 36.955464307000057, 7.260490995000055 ], [ 36.964664912000046, 7.225026876000072 ], [ 36.909598367000058, 7.235787181000035 ], [ 36.869644584000071, 7.226226246000067 ], [ 36.855641647000027, 7.14918308700004 ], [ 36.819388677000063, 7.076057714000058 ], [ 36.82415224600004, 6.978893367000069 ], [ 36.764719231000072, 6.932350039000028 ], [ 36.762946057000079, 6.900219316000062 ], [ 36.707799353000041, 6.830824259000053 ], [ 36.679570322000075, 6.665583809000054 ], [ 36.600239802000033, 6.627329890000055 ], [ 36.570636953000076, 6.58255783900006 ], [ 36.461771067000029, 6.528785681000045 ], [ 36.416243400000042, 6.475197627000057 ], [ 36.382164490000036, 6.458236514000021 ], [ 36.361144392000028, 6.469150391000028 ], [ 36.32543914200005, 6.458933085000069 ], [ 36.339926328000047, 6.526827974000071 ], [ 36.328139252000028, 6.57536086500005 ], [ 36.358864322000045, 6.631257496000046 ], [ 36.342082438000034, 6.703720581000027 ], [ 36.415489869000055, 6.78390317800006 ], [ 36.459096203000058, 6.784905339000034 ], [ 36.490504648000069, 6.81607480100007 ], [ 36.48305447000007, 6.878453544000024 ], [ 36.457770020000055, 6.922061665000058 ], [ 36.46702248500003, 6.973252973000058 ], [ 36.479220568000073, 6.986816710000028 ], [ 36.50414238500008, 6.982569132000037 ], [ 36.512881882000045, 7.008987957000045 ], [ 36.552503677000061, 7.004589126000042 ], [ 36.568477401000052, 7.048743890000026 ], [ 36.600955679000037, 7.050218408000035 ], [ 36.591589211000041, 7.122942059000025 ], [ 36.676888241000029, 7.132523386000059 ], [ 36.693257867000057, 7.166492219000077 ], [ 36.717191572000047, 7.14965832200005 ], [ 36.755893306000075, 7.161045089000027 ], [ 36.77453851100006, 7.24612479700005 ], [ 36.840936200000044, 7.325989875000062 ], [ 36.87915457500003, 7.329694398000072 ] ] ] } },
{ "type": "Feature", "properties": { "ADM2_PCODE": "ET0505", "ADM2_EN": "Korahe", "ADM1_EN": "Somali" }, "geometry": { "type": "Polygon", "coordinates": [ [ [ 44.795771546000026, 7.37455553500007 ], [ 44.845211362000043, 7.241712630000052 ], [ 44.918408815000078, 7.212104858000032 ], [ 44.919484941000064, 7.194611313000053 ], [ 44.863882889000081, 7.191520326000045 ], [ 44.871618237000064, 7.170733171000052 ], [ 44.807498833000068, 6.964515686000027 ], [ 44.829206361000047, 6.541897770000048 ], [ 45.25158228600003, 6.397226724000063 ], [ 45.318764983000051, 6.305394790000037 ], [ 45.542771194000068, 6.29778806500002 ], [ 45.989227500000027, 6.034448776000033 ], [ 45.379226578000043, 5.369128108000041 ], [ 44.813951025000051, 5.52420717800004 ], [ 44.769396254000071, 5.49308615800004 ], [ 44.566585689000078, 5.477280886000074 ], [ 44.440866068000048, 5.612883927000041 ], [ 44.195622277000041, 5.687602539000068 ], [ 44.152856271000076, 5.925247797000054 ], [ 44.191830524000068, 6.008474351000075 ], [ 44.19040284700003, 6.06462963000007 ], [ 44.107597604000034, 6.184554465000076 ], [ 44.031070142000033, 6.242209170000024 ], [ 43.838253333000068, 6.471928803000026 ], [ 43.725083487000063, 6.475825606000058 ], [ 43.714709443000061, 6.541767965000076 ], [ 43.761017535000065, 6.614007445000027 ], [ 43.591777, 6.81952 ], [ 43.654673, 6.993456 ], [ 43.708389818000057, 7.333937484000046 ], [ 43.932918, 7.558652 ], [ 44.102883102000078, 7.567593746000057 ], [ 44.239232120000054, 7.441757464000034 ], [ 44.250348582000072, 7.395438876000071 ], [ 44.279992478000054, 7.382469671000024 ], [ 44.292961683000044, 7.347267544000033 ], [ 44.392508049000071, 7.299675194000031 ], [ 44.459206816000062, 7.326848766000069 ], [ 44.498732011000072, 7.487419872000032 ], [ 44.538257206000026, 7.554118639000023 ], [ 44.572841752000045, 7.608465783000042 ], [ 44.674488326000073, 7.685431221000044 ], [ 44.717668367000044, 7.750501383000028 ], [ 44.983095332000062, 7.763543063000043 ], [ 44.952450666000061, 7.67393295100004 ], [ 44.955647, 7.568098 ], [ 44.866936644000077, 7.490198819000057 ], [ 44.795771546000026, 7.37455553500007 ] ] ] } },
{ "type": "Feature", "properties": { "ADM2_PCODE": "ET0509", "ADM2_EN": "Liban", "ADM1_EN": "Somali" }, "geometry": { "type": "Polygon", "coordinates": [ [ [ 41.080958852000037, 6.693001739000067 ], [ 41.13102787300005, 6.691257776000043 ], [ 41.228468081000074, 6.623007581000024 ], [ 41.43778865400003, 6.543967151000061 ], [ 41.519907782000075, 6.472032806000072 ], [ 41.481531, 6.446528 ], [ 41.566291, 6.041727 ], [ 41.623534664000033, 5.936955201000046 ], [ 41.619870877000039, 5.877786746000027 ], [ 41.545900169000049, 5.761479971000028 ], [ 41.408508845000028, 5.665572687000065 ], [ 41.228632580000067, 5.712569685000062 ], [ 41.136138927000047, 5.607526344000064 ], [ 41.155849549000038, 5.595487989000048 ], [ 41.14310830200003, 5.569552463000036 ], [ 41.183113178000042, 5.537105509000071 ], [ 41.177326187000062, 5.510999126000058 ], [ 41.204410644000063, 5.450171553000075 ], [ 41.253444617000071, 5.422139639000022 ], [ 41.251205534000064, 5.381439621000027 ], [ 41.302223251000044, 5.334536056000047 ], [ 41.329429614000048, 5.19848496700007 ], [ 41.323966946000041, 5.156415077000077 ], [ 41.339279160000046, 5.13978817900005 ], [ 41.348068227000056, 5.154471968000053 ], [ 41.346580419000077, 5.129175640000028 ], [ 41.418350148000059, 5.00327063800006 ], [ 41.484756435000065, 4.965941814000075 ], [ 41.489246319000074, 4.943378993000067 ], [ 41.55415345800003, 4.880975726000031 ], [ 41.556045537000045, 4.843010350000043 ], [ 41.581241695000074, 4.83162347800004 ], [ 41.570350570000073, 4.808668670000031 ], [ 41.590442593000034, 4.786722179000037 ], [ 41.597961392000059, 4.724574628000028 ], [ 41.618003897000051, 4.691354664000073 ], [ 41.597076493000031, 4.681559550000031 ], [ 41.62385949600008, 4.667862341000045 ], [ 41.673282620000066, 4.588723691000041 ], [ 41.704410544000041, 4.572472525000023 ], [ 41.713646029000074, 4.584621824000067 ], [ 41.698314726000035, 4.593436784000062 ], [ 41.721988678000059, 4.602066903000036 ], [ 41.721992458000045, 4.554674583000065 ], [ 41.788238473000035, 4.495001800000068 ], [ 41.771247939000034, 4.491862699000023 ], [ 41.81110766300003, 4.432313900000054 ], [ 41.823295518000066, 4.438696429000061 ], [ 41.852542891000041, 4.415086737000024 ], [ 41.85170751000004, 4.384952010000063 ], [ 41.88246537200007, 4.388711975000035 ], [ 41.885250098000029, 4.349126868000042 ], [ 41.918395974000077, 4.325955468000075 ], [ 41.934978457000057, 4.340136138000048 ], [ 41.949680390000026, 4.298650258000066 ], [ 41.973834969000052, 4.312562549000063 ], [ 41.982883533000063, 4.287438778000023 ], [ 41.999361658000055, 4.298511655000027 ], [ 42.059083136000027, 4.27860266600004 ], [ 42.055798271000072, 4.214615019000064 ], [ 42.08454637300008, 4.17779770900006 ], [ 42.0, 4.093367100000023 ], [ 41.979049683000028, 4.095186234000039 ], [ 41.946220398000037, 4.055664063000052 ], [ 41.943458557000042, 4.016658783000025 ], [ 41.906898499000079, 3.978008032000048 ], [ 41.852069855000025, 3.950186968000025 ], [ 41.824310303000061, 3.944529056000022 ], [ 41.79478836100003, 3.960262060000048 ], [ 41.79254913300008, 3.979363918000047 ], [ 41.77257919300007, 3.972290993000058 ], [ 41.720588685000052, 3.992460012000038 ], [ 41.674411774000077, 3.95992493600005 ], [ 41.627700806000064, 3.983294010000066 ], [ 41.566898346000073, 3.96666693700007 ], [ 41.545158386000026, 3.982140064000021 ], [ 41.509769440000071, 3.954627991000052 ], [ 41.505668640000067, 3.964761972000076 ], [ 41.430187226000044, 3.944943905000059 ], [ 41.391254425000056, 3.962757110000041 ], [ 41.378616333000025, 3.951745987000038 ], [ 41.354564667000034, 3.960318089000054 ], [ 41.32630920500003, 3.938761950000071 ], [ 41.235301971000069, 3.958884954000041 ], [ 41.200981140000067, 3.938106060000052 ], [ 41.169265747000054, 3.942579985000066 ], [ 41.105388641000047, 3.985281945000054 ], [ 40.965080261000026, 4.132068157000049 ], [ 40.904159546000074, 4.154615879000062 ], [ 40.882381440000074, 4.212838173000023 ], [ 40.844100952000076, 4.246257782000043 ], [ 40.768879026000036, 4.286942086000067 ], [ 40.744731818000048, 4.333961886000054 ], [ 40.764762795000024, 4.354596529000048 ], [ 40.77415458300004, 4.414149298000041 ], [ 40.714458552000053, 4.464515153000036 ], [ 40.67982108800004, 4.531124049000027 ], [ 40.650032041000031, 4.541810109000039 ], [ 40.577243790000068, 4.660765580000032 ], [ 40.328994737000073, 4.820522751000055 ], [ 40.231220307000058, 4.830948748000026 ], [ 40.19551083500005, 4.851513838000074 ], [ 40.169357392000052, 4.775444548000053 ], [ 40.112827301000038, 4.748458371000027 ], [ 40.090629628000045, 4.771064284000033 ], [ 40.049991602000034, 4.765424334000045 ], [ 39.994380996000075, 4.737046740000039 ], [ 39.942283710000027, 4.734652109000024 ], [ 39.914463898000065, 4.711506326000062 ], [ 39.775474571000075, 4.745416605000059 ], [ 39.744124614000043, 4.709734275000073 ], [ 39.765069607000044, 4.846849563000035 ], [ 39.812860002000036, 5.002069636000044 ], [ 39.942290907000029, 5.284989659000075 ], [ 40.03368142100004, 5.396789590000026 ], [ 40.097951608000074, 5.364879467000037 ], [ 40.174431875000039, 5.353379345000064 ], [ 40.532893277000028, 5.410648792000075 ], [ 40.63305383200003, 5.530068672000027 ], [ 40.679584018000071, 5.540638594000029 ], [ 40.694374115000073, 5.567168583000068 ], [ 40.832204765000029, 5.65589836700002 ], [ 40.922295132000045, 5.683378211000047 ], [ 40.874795190000043, 5.807898320000049 ], [ 40.866428984000038, 6.133653443000071 ], [ 40.881621045000031, 6.244343346000051 ], [ 40.860356352000053, 6.436198390000072 ], [ 40.900056653000036, 6.511638298000037 ], [ 41.01553735400006, 6.644558033000067 ], [ 41.080958852000037, 6.693001739000067 ] ] ] } },
{ "type": "Feature", "properties": { "ADM2_PCODE": "ET1203", "ADM2_EN": "Majang", "ADM1_EN": "Gambela" }, "geometry": { "type": "Polygon", "coordinates": [ [ [ 35.115636627000072, 7.630795768000041 ], [ 35.166305223000052, 7.61487082900004 ], [ 35.171916384000042, 7.532753644000024 ], [ 35.138082805000067, 7.512076175000061 ], [ 35.122402106000038, 7.478600811000035 ], [ 35.189252435000071, 7.455626145000053 ], [ 35.209512077000056, 7.471867610000061 ], [ 35.309554712000079, 7.479178306000051 ], [ 35.392298410000024, 7.396183099000041 ], [ 35.37491332500008, 7.289975546000051 ], [ 35.34580836400005, 7.238978042000042 ], [ 35.37285763400007, 7.231027526000048 ], [ 35.334395044000075, 7.188277099000061 ], [ 35.380350540000052, 7.122820944000068 ], [ 35.371767484000031, 7.116981183000064 ], [ 35.330781491000039, 7.127092152000046 ], [ 35.29988931500003, 7.115772707000076 ], [ 35.234459906000041, 7.137931503000061 ], [ 35.204563868000037, 7.099613933000057 ], [ 35.114266403000045, 7.102144963000057 ], [ 35.083710156000052, 7.124841251000021 ], [ 35.053913519000048, 7.18426348600002 ], [ 35.020813335000071, 7.18578179800005 ], [ 34.977894689000038, 7.213275549000059 ], [ 34.968081140000038, 7.306376888000045 ], [ 34.988717622000024, 7.35442504100007 ], [ 34.925002200000051, 7.386278501000049 ], [ 34.921131598000045, 7.463518069000031 ], [ 34.864331866000043, 7.54525452200005 ], [ 34.909815193000043, 7.626328680000029 ], [ 34.998476021000045, 7.64355994400006 ], [ 35.000382965000028, 7.747008853000068 ], [ 35.077095841000073, 7.731005248000031 ], [ 35.115636627000072, 7.630795768000041 ] ] ] } },
{ "type": "Feature", "properties": { "ADM2_PCODE": "ET0605", "ADM2_EN": "Mao Komo Special", "ADM1_EN": "Benishangul Gumz" }, "geometry": { "type": "Polygon", "coordinates": [ [ [ 34.225795933000029, 9.745343815000069 ], [ 34.313332807000052, 9.732519826000043 ], [ 34.338557312000034, 9.684568648000038 ], [ 34.387493040000038, 9.659284206000052 ], [ 34.419497300000046, 9.666098905000069 ], [ 34.433939944000031, 9.627596930000038 ], [ 34.492469418000042, 9.622654246000025 ], [ 34.509742223000046, 9.652583426000035 ], [ 34.558280370000034, 9.644480193000049 ], [ 34.567508765000071, 9.630022251000071 ], [ 34.548466703000031, 9.62966294000006 ], [ 34.523230916000045, 9.541112503000022 ], [ 34.498732266000047, 9.514231066000036 ], [ 34.512974770000028, 9.448000646000025 ], [ 34.45180644800007, 9.449110630000064 ], [ 34.466270465000036, 9.365810855000063 ], [ 34.43956002200008, 9.21557553100007 ], [ 34.340877048000038, 9.168779030000053 ], [ 34.426835009000058, 9.071795454000039 ], [ 34.458330016000048, 9.073183166000035 ], [ 34.503707991000056, 9.004134039000064 ], [ 34.430651004000026, 8.967436632000044 ], [ 34.134406861000059, 8.962560775000043 ], [ 34.08583, 9.55305 ], [ 34.128827866000051, 9.715770372000065 ], [ 34.180029554000043, 9.718639796000048 ], [ 34.225795933000029, 9.745343815000069 ] ] ] } },
{ "type": "Feature", "properties": { "ADM2_PCODE": "ET0107", "ADM2_EN": "Mekelle Tigray", "ADM1_EN": "Tigray" }, "geometry": { "type": "Polygon", "coordinates": [ [ [ 39.414559586000053, 13.623888801000021 ], [ 39.447632319000036, 13.601750824000021 ], [ 39.474450026000056, 13.609313426000028 ], [ 39.487473553000029, 13.577644646000067 ], [ 39.528978591000055, 13.556548818000067 ], [ 39.558068162000041, 13.583600016000048 ], [ 39.586002332000078, 13.578875979000031 ], [ 39.608569034000027, 13.603958263000038 ], [ 39.620012239000062, 13.595647732000032 ], [ 39.63168964700003, 13.552560137000057 ], [ 39.570988668000041, 13.54281207300005 ], [ 39.55211083100005, 13.522506198000031 ], [ 39.569701394000049, 13.485258463000036 ], [ 39.636899649000043, 13.456504289000065 ], [ 39.619765948000065, 13.428107957000066 ], [ 39.644451014000026, 13.418553179000071 ], [ 39.642892102000076, 13.398929416000044 ], [ 39.598105292000071, 13.386312843000042 ], [ 39.578316204000032, 13.432657397000071 ], [ 39.547509675000072, 13.44068999600006 ], [ 39.531899014000032, 13.401362192000022 ], [ 39.449965047000035, 13.41679259700004 ], [ 39.43813447000008, 13.399729333000039 ], [ 39.403990185000055, 13.418519494000066 ], [ 39.390178721000041, 13.448000801000035 ], [ 39.377140910000037, 13.441132757000048 ], [ 39.357474251000042, 13.467907252000032 ], [ 39.32867408900006, 13.469348109000066 ], [ 39.357121407000079, 13.532360594000068 ], [ 39.349086750000026, 13.552343851000046 ], [ 39.366047550000076, 13.557291641000063 ], [ 39.355542183000068, 13.568065855000043 ], [ 39.36888235400005, 13.569061480000073 ], [ 39.391448490000073, 13.616674497000076 ], [ 39.414559586000053, 13.623888801000021 ] ] ] } },
{ "type": "Feature", "properties": { "ADM2_PCODE": "ET0602", "ADM2_EN": "Metekel", "ADM1_EN": "Benishangul Gumz" }, "geometry": { "type": "Polygon", "coordinates": [ [ [ 35.965816198000027, 11.984583926000028 ], [ 35.995979784000042, 11.926879409000037 ], [ 36.042642449000027, 11.895065607000049 ], [ 36.05449561100005, 11.849317632000066 ], [ 36.105230449000032, 11.81589069100005 ], [ 36.118357558000071, 11.705810793000069 ], [ 36.144827013000054, 11.68561741700006 ], [ 36.164995390000058, 11.678176713000028 ], [ 36.207073445000049, 11.721434708000061 ], [ 36.231578546000037, 11.722111981000069 ], [ 36.308797963000075, 11.80322932100006 ], [ 36.341274615000032, 11.780808515000047 ], [ 36.332064212000034, 11.704052347000072 ], [ 36.347556373000032, 11.696597154000074 ], [ 36.332418123000025, 11.66604200300003 ], [ 36.34842141200005, 11.605359639000028 ], [ 36.375154938000037, 11.607679311000027 ], [ 36.444303773000058, 11.492808237000077 ], [ 36.409544390000065, 11.458302047000075 ], [ 36.409947647000024, 11.41391171600003 ], [ 36.512222444000031, 11.458277112000076 ], [ 36.533094912000024, 11.394058938000057 ], [ 36.56388981300006, 11.371349055000053 ], [ 36.534543144000054, 11.335293242000034 ], [ 36.556418424000071, 11.329487098000072 ], [ 36.556879116000061, 11.302116365000074 ], [ 36.494965963000027, 11.288952256000073 ], [ 36.467142416000058, 11.264992662000054 ], [ 36.467607841000074, 11.155408725000029 ], [ 36.502904681000075, 11.137539042000071 ], [ 36.549339458000077, 11.137815229000068 ], [ 36.560197970000047, 11.113251220000052 ], [ 36.578017499000055, 11.110522327000069 ], [ 36.554908395000041, 11.093216993000055 ], [ 36.525083926000036, 11.112711628000056 ], [ 36.489671203000057, 11.06873481100007 ], [ 36.422564846000057, 11.031367313000032 ], [ 36.41766966800003, 11.000727715000039 ], [ 36.35403261600004, 10.937042992000045 ], [ 36.309142279000071, 10.862546867000049 ], [ 36.310128110000051, 10.82715027100005 ], [ 36.282253897000032, 10.80386724300007 ], [ 36.285242190000076, 10.744582874000059 ], [ 36.310784277000039, 10.747258692000059 ], [ 36.341603238000062, 10.788837210000054 ], [ 36.377216858000054, 10.785756431000038 ], [ 36.373958822000077, 10.758410501000071 ], [ 36.317596673000025, 10.703604919000043 ], [ 36.311269252000045, 10.678806275000056 ], [ 36.324195132000057, 10.661657177000052 ], [ 36.281647513000053, 10.60455902800004 ], [ 36.305875852000042, 10.57794774100006 ], [ 36.318218325000032, 10.528003484000067 ], [ 36.359132568000064, 10.530315904000076 ], [ 36.390855295000051, 10.467986198000062 ], [ 36.42375743100007, 10.455785804000072 ], [ 36.414790957000037, 10.385616091000031 ], [ 36.372375068000053, 10.354129718000024 ], [ 36.351803242000074, 10.300966275000064 ], [ 36.328385103000073, 10.287122841000041 ], [ 36.317354111000043, 10.219721456000059 ], [ 36.273169894000034, 10.204872051000052 ], [ 36.243055299000048, 10.137145969000073 ], [ 36.208887010000069, 10.118602304000035 ], [ 36.143774339000061, 10.117432975000042 ], [ 36.048790020000069, 10.144333903000074 ], [ 36.011979445000065, 10.122641994000048 ], [ 35.990920589000041, 10.147414164000054 ], [ 35.974827663000042, 10.143937593000032 ], [ 35.900711351000041, 10.07839924600006 ], [ 35.868265052000027, 10.006647208000061 ], [ 35.819590883000046, 10.011232574000076 ], [ 35.795592380000073, 10.044559294000067 ], [ 35.744523408000077, 10.053212717000065 ], [ 35.727702112000031, 10.034189304000051 ], [ 35.740665884000066, 10.008082631000036 ], [ 35.732954771000038, 9.96779583700004 ], [ 35.673868901000048, 9.943151748000048 ], [ 35.633633747000033, 9.965417284000068 ], [ 35.595526702000029, 10.052857824000057 ], [ 35.478971913000066, 10.114029709000022 ], [ 35.355988307000075, 10.131322732000058 ], [ 35.315864511000029, 10.194584321000036 ], [ 35.331199909000077, 10.307830962000025 ], [ 35.320156731000054, 10.391595246000065 ], [ 35.292736768000054, 10.444878378000055 ], [ 35.246372962000066, 10.47435570600004 ], [ 35.193503043000078, 10.554297461000033 ], [ 35.167883699000072, 10.55483761000005 ], [ 35.153643395000074, 10.572335661000068 ], [ 35.158189375000063, 10.67351857400007 ], [ 35.197543161000056, 10.742319849000069 ], [ 35.185505837000051, 10.794161064000036 ], [ 35.216075440000054, 10.864430674000062 ], [ 35.184447102000036, 10.973941977000038 ], [ 35.19607323200006, 11.119838605000041 ], [ 35.168631556000037, 11.145754187000023 ], [ 35.129335239000056, 11.150234347000037 ], [ 35.088436798000032, 11.216733604000069 ], [ 35.009919772000046, 11.24052892800006 ], [ 34.974784523000039, 11.227695579000056 ], [ 34.96708, 11.27486 ], [ 35.08749, 11.53583 ], [ 35.0952, 11.57646 ], [ 35.0668, 11.64653 ], [ 35.05833, 11.73028 ], [ 35.08361, 11.80555 ], [ 35.13444, 11.86389 ], [ 35.23138, 11.89819 ], [ 35.261084449000066, 11.92768725600007 ], [ 35.284349649000035, 11.884517440000025 ], [ 35.295932534000031, 11.799151356000039 ], [ 35.325713089000033, 11.794483632000038 ], [ 35.363772558000051, 11.752983616000051 ], [ 35.42178871200008, 11.729397647000042 ], [ 35.473298434000071, 11.736175096000068 ], [ 35.516946098000062, 11.718011190000027 ], [ 35.576589014000035, 11.767351612000027 ], [ 35.661715636000054, 11.79337722300005 ], [ 35.666595569000037, 11.825909434000039 ], [ 35.803664669000057, 11.838016204000041 ], [ 35.822991350000052, 11.826866221000046 ], [ 35.848264760000063, 11.840246103000027 ], [ 35.874423952000029, 11.885936799000035 ], [ 35.936458851000054, 11.920757861000027 ], [ 35.935288480000054, 11.966113195000048 ], [ 35.965816198000027, 11.984583926000028 ] ] ] } },
{ "type": "Feature", "properties": { "ADM2_PCODE": "ET1105", "ADM2_EN": "Mirab Omo", "ADM1_EN": "South West Ethiopia" }, "geometry": { "type": "Polygon", "coordinates": [ [ [ 35.935336924000069, 7.117357914000024 ], [ 36.001010591000068, 7.053942261000032 ], [ 36.00191146700007, 7.000204042000064 ], [ 36.070435043000032, 6.794932679000055 ], [ 36.064462916000025, 6.73053585100007 ], [ 36.084147887000029, 6.722460571000056 ], [ 36.085469947000036, 6.667411179000055 ], [ 36.067243809000047, 6.643154312000036 ], [ 36.077600403000076, 6.612370378000037 ], [ 36.132377483000027, 6.572860233000029 ], [ 36.137802386000033, 6.537486659000024 ], [ 36.101861881000048, 6.467157360000044 ], [ 36.039871489000063, 6.459754563000047 ], [ 36.017988479000053, 6.41360766300005 ], [ 35.992230182000071, 6.396337010000025 ], [ 35.973117396000077, 6.33695971800006 ], [ 35.97956492000003, 6.266234877000045 ], [ 35.955571180000049, 6.221835531000067 ], [ 35.977742533000026, 6.166221135000058 ], [ 35.952889097000025, 6.16683968600006 ], [ 35.933328522000068, 6.134152808000067 ], [ 35.950362939000058, 6.122391318000041 ], [ 35.945089967000058, 6.102142611000033 ], [ 35.99482104100008, 6.084648611000034 ], [ 35.982138292000059, 6.052006639000069 ], [ 36.008553450000079, 5.997335860000021 ], [ 35.977710228000035, 5.948063972000057 ], [ 35.987696673000073, 5.896311113000024 ], [ 35.96089379600005, 5.834615714000051 ], [ 35.962282737000066, 5.782794836000051 ], [ 35.97850010500008, 5.759599739000066 ], [ 35.959429099000033, 5.703485127000022 ], [ 35.964752868000062, 5.66937075200002 ], [ 35.951573150000058, 5.651032429000054 ], [ 35.877416006000033, 5.673151982000036 ], [ 35.806852352000078, 5.665838864000023 ], [ 35.753842744000053, 5.60065798100004 ], [ 35.757041116000039, 5.345433896000031 ], [ 35.50471, 5.43139 ], [ 35.44371, 5.42552 ], [ 35.35284, 5.35069 ], [ 35.32625, 5.35708 ], [ 35.27041, 5.43833 ], [ 35.28999, 5.50778 ], [ 35.10388, 5.6325 ], [ 35.10541, 5.68833 ], [ 34.98638, 5.87805 ], [ 34.98138, 6.06111 ], [ 34.92243, 6.13229 ], [ 34.87055, 6.2375 ], [ 34.852922775000025, 6.332049399000027 ], [ 35.011289767000051, 6.28025950600005 ], [ 35.038268534000053, 6.304626489000043 ], [ 35.106107879000035, 6.318904831000054 ], [ 35.131504261000032, 6.395495062000066 ], [ 35.178499831000067, 6.379267700000071 ], [ 35.199465521000036, 6.41090398800003 ], [ 35.173851643000035, 6.466523021000057 ], [ 35.185887290000039, 6.507163482000067 ], [ 35.229386985000076, 6.486715120000042 ], [ 35.254406212000049, 6.501319260000059 ], [ 35.256461741000066, 6.525986483000054 ], [ 35.276943049000067, 6.523071412000036 ], [ 35.310437791000027, 6.55707986300007 ], [ 35.320885495000027, 6.55171320900007 ], [ 35.313726986000063, 6.595448102000034 ], [ 35.365914565000026, 6.633658170000047 ], [ 35.377510435000033, 6.676410006000026 ], [ 35.419393650000075, 6.733182542000065 ], [ 35.49561254300005, 6.75575793400003 ], [ 35.543260154000052, 6.748771806000036 ], [ 35.603942586000073, 6.797945671000036 ], [ 35.656222359000026, 6.741272994000042 ], [ 35.693852247000052, 6.768391459000043 ], [ 35.701668914000038, 6.804242312000042 ], [ 35.725190502000032, 6.809253863000038 ], [ 35.739971116000049, 6.786785749000046 ], [ 35.776772034000032, 6.789983936000056 ], [ 35.843760821000046, 6.846563287000038 ], [ 35.871863878000056, 6.835185520000039 ], [ 35.884258191000072, 6.849319788000059 ], [ 35.844973974000027, 6.936243164000075 ], [ 35.869001816000036, 6.982208873000047 ], [ 35.837987635000047, 7.009978776000025 ], [ 35.85799181200008, 7.011919639000041 ], [ 35.879741657000068, 7.050992578000034 ], [ 35.878345297000067, 7.090443599000025 ], [ 35.935336924000069, 7.117357914000024 ] ] ] } },
{ "type": "Feature", "properties": { "ADM2_PCODE": "ET0510", "ADM2_EN": "Nogob", "ADM1_EN": "Somali" }, "geometry": { "type": "Polygon", "coordinates": [ [ [ 42.162642213000026, 7.007115234000025 ], [ 42.268837218000044, 7.099339691000068 ], [ 42.270740786000033, 7.19642170000003 ], [ 42.23223441600004, 7.210369438000043 ], [ 42.223281904000032, 7.263275656000076 ], [ 42.257229451000057, 7.324594735000062 ], [ 42.669395, 7.459314 ], [ 42.552007542000069, 7.561109286000033 ], [ 42.648998185000039, 7.594459615000062 ], [ 42.704086396000037, 7.641998787000034 ], [ 42.734146091000071, 7.702762667000059 ], [ 42.738655064000056, 7.781794155000057 ], [ 42.711429613000064, 7.822081963000073 ], [ 42.711986596000031, 7.868228394000027 ], [ 42.695808384000031, 7.890747934000046 ], [ 42.70412549100007, 7.945339448000027 ], [ 43.01554, 7.773364 ], [ 43.317873, 7.657317 ], [ 43.482448, 7.540479 ], [ 43.501668702000075, 7.456885796000051 ], [ 43.479301208000038, 7.385439549000068 ], [ 43.600124684000036, 7.296083568000029 ], [ 43.69632789700006, 7.257483577000073 ], [ 43.654673, 6.993456 ], [ 43.591777, 6.81952 ], [ 43.517208290000042, 6.764864014000068 ], [ 43.403470054000024, 6.743210919000035 ], [ 43.193743994000044, 6.80563064200004 ], [ 43.319070181000029, 6.462825915000053 ], [ 43.39646222500005, 6.381430834000071 ], [ 43.406526603000032, 6.340416018000042 ], [ 42.945061, 6.309813 ], [ 42.92891703600003, 6.401564549000057 ], [ 42.809747325000046, 6.47984282300007 ], [ 42.844203926000034, 6.761854102000029 ], [ 42.681957991000047, 6.730361830000049 ], [ 42.604863454000053, 6.761770715000068 ], [ 42.550611743000047, 6.827443839000068 ], [ 42.515290121000078, 6.928048529000023 ], [ 42.248033, 6.945958 ], [ 42.162809, 6.927355 ], [ 42.16459267700003, 6.941781918000061 ], [ 42.136088243000074, 6.958531030000074 ], [ 42.162642213000026, 7.007115234000025 ] ] ] } },
{ "type": "Feature", "properties": { "ADM2_PCODE": "ET0301", "ADM2_EN": "North Gondar", "ADM1_EN": "Amhara" }, "geometry": { "type": "Polygon", "coordinates": [ [ [ 37.784645449000038, 13.597313897000049 ], [ 37.769024663000039, 13.562598913000045 ], [ 37.792659305000029, 13.520614519000048 ], [ 37.809005963000061, 13.51909388100006 ], [ 37.816905536000036, 13.463175524000064 ], [ 37.86640019400005, 13.475127249000025 ], [ 37.904101473000026, 13.44704897400004 ], [ 38.001179411000066, 13.501097501000061 ], [ 38.059441012000036, 13.467191867000054 ], [ 38.120990806000066, 13.506304415000045 ], [ 38.145192748000056, 13.471678589000021 ], [ 38.173720255000035, 13.493443966000029 ], [ 38.200897636000036, 13.480138399000055 ], [ 38.247957984000038, 13.501662665000026 ], [ 38.278917156000034, 13.485519139000075 ], [ 38.319856475000051, 13.502151981000054 ], [ 38.327883107000048, 13.550325213000065 ], [ 38.34119673400005, 13.537642857000037 ], [ 38.391234110000028, 13.553355668000052 ], [ 38.406508159000055, 13.539411139000038 ], [ 38.440805702000034, 13.584405289000074 ], [ 38.453622523000035, 13.556946123000046 ], [ 38.465214633000073, 13.567644900000062 ], [ 38.477619910000044, 13.552344884000036 ], [ 38.55394614100004, 13.550308131000065 ], [ 38.542458982000028, 13.525802209000062 ], [ 38.496804624000049, 13.50678939200003 ], [ 38.498256730000037, 13.484455431000072 ], [ 38.467402861000039, 13.484902024000064 ], [ 38.460991233000072, 13.459561585000074 ], [ 38.562075458000038, 13.483329712000057 ], [ 38.590112415000078, 13.506124023000041 ], [ 38.61404523200008, 13.490686866000033 ], [ 38.662150268000062, 13.531181440000069 ], [ 38.676430334000031, 13.483440266000059 ], [ 38.648180269000079, 13.481377629000065 ], [ 38.615788283000029, 13.451400938000063 ], [ 38.622371244000078, 13.411227093000036 ], [ 38.669133566000028, 13.391859999000076 ], [ 38.705685537000079, 13.389298880000069 ], [ 38.721865207000064, 13.408050578000029 ], [ 38.733132743000056, 13.39881121600007 ], [ 38.739521761000049, 13.29351865600006 ], [ 38.62832792200004, 13.309426650000034 ], [ 38.572660300000052, 13.292448088000071 ], [ 38.576744248000068, 13.247427929000025 ], [ 38.548872716000062, 13.223933632000069 ], [ 38.559710925000047, 13.199070390000031 ], [ 38.534000191000075, 13.198594246000027 ], [ 38.550165937000031, 13.171109221000052 ], [ 38.495275715000048, 13.185984174000055 ], [ 38.510815291000029, 13.155868726000051 ], [ 38.489734560000045, 13.102666216000046 ], [ 38.503588223000065, 13.08326601300007 ], [ 38.464828483000076, 13.084767641000042 ], [ 38.448562310000057, 13.057123924000052 ], [ 38.424095930000078, 13.094919852000032 ], [ 38.412152138000067, 13.067762104000053 ], [ 38.378724718000058, 13.065339294000069 ], [ 38.381330589000072, 13.008547986000053 ], [ 38.35282171800003, 13.022546229000056 ], [ 38.370481248000033, 12.986080380000033 ], [ 38.340557933000071, 12.977133233000075 ], [ 38.33574459700003, 12.952382771000032 ], [ 38.370690226000079, 12.946201159000054 ], [ 38.398265560000027, 12.920714256000053 ], [ 38.381372413000065, 12.910592586000064 ], [ 38.386598110000079, 12.891554957000039 ], [ 38.355058478000046, 12.897308243000055 ], [ 38.33007808800005, 12.760012424000024 ], [ 38.312173415000075, 12.754366177000065 ], [ 38.295812201000047, 12.816236247000063 ], [ 38.261777456000061, 12.825162596000041 ], [ 38.264647418000038, 12.898583744000064 ], [ 38.247638839000047, 12.902243680000026 ], [ 38.222974443000055, 12.873534093000046 ], [ 38.186834017000081, 12.904717294000022 ], [ 38.19231840100008, 12.939228540000045 ], [ 38.162091467000039, 12.941335967000043 ], [ 38.134086768000031, 12.871769605000054 ], [ 38.126632929000039, 12.967870682000068 ], [ 38.089799309000057, 12.98142873200004 ], [ 38.053798657000073, 12.934960836000073 ], [ 38.036641881000037, 12.948519375000046 ], [ 38.001133418000052, 13.026924604000044 ], [ 38.043786429000079, 13.074125489000039 ], [ 37.99344960500008, 13.106617151000023 ], [ 37.954863444000068, 13.07892593400004 ], [ 37.948372514000027, 13.055912772000056 ], [ 37.905022032000034, 13.041908885000055 ], [ 37.919683160000034, 13.029602839000063 ], [ 37.893778277000024, 12.99930303900004 ], [ 37.912674285000037, 12.905313637000063 ], [ 37.847552534000044, 12.926796545000059 ], [ 37.772298557000056, 12.921119059000034 ], [ 37.732413059000066, 12.880501970000068 ], [ 37.703063715000042, 12.879353626000068 ], [ 37.651132229000041, 12.902126678000059 ], [ 37.649973335000027, 12.927237016000049 ], [ 37.627818904000037, 12.920615244000032 ], [ 37.63586355800004, 12.956920309000054 ], [ 37.579031980000025, 12.945398217000047 ], [ 37.547478830000045, 12.965962350000041 ], [ 37.523957340000038, 13.095344924000074 ], [ 37.457020656000054, 13.09792944700007 ], [ 37.455885106000039, 13.114452181000047 ], [ 37.511110898000027, 13.18743244500007 ], [ 37.542845318000047, 13.197029312000041 ], [ 37.529274075000046, 13.294564094000066 ], [ 37.54923494600007, 13.312705727000036 ], [ 37.523677372000066, 13.369931853000026 ], [ 37.637097256000061, 13.413895488000037 ], [ 37.694142437000039, 13.472426752000047 ], [ 37.714425549000055, 13.542012678000049 ], [ 37.759926016000065, 13.590998004000028 ], [ 37.776066951000075, 13.633502867000061 ], [ 37.784645449000038, 13.597313897000049 ] ] ] } },
{ "type": "Feature", "properties": { "ADM2_PCODE": "ET0305", "ADM2_EN": "North Shewa (AM)", "ADM1_EN": "Amhara" }, "geometry": { "type": "Polygon", "coordinates": [ [ [ 39.656131163000055, 10.736873720000062 ], [ 39.682906965000029, 10.721693306000077 ], [ 39.712489401000028, 10.737774082000044 ], [ 39.727878104000069, 10.708576252000057 ], [ 39.812744255000041, 10.734237103000055 ], [ 39.817432387000053, 10.689765537000028 ], [ 39.880970429000058, 10.696278601000074 ], [ 39.834277561000079, 10.654033240000047 ], [ 39.839567033000037, 10.624587968000071 ], [ 39.860564193000073, 10.622563049000064 ], [ 39.86565736700004, 10.574920141000064 ], [ 39.917060577000029, 10.531758470000057 ], [ 39.938495891000059, 10.487721270000065 ], [ 39.929208888000062, 10.472367494000025 ], [ 39.947831045000044, 10.395110856000031 ], [ 39.933661620000066, 10.374462731000051 ], [ 39.981811279000055, 10.346726320000073 ], [ 39.949931795000055, 10.336816444000021 ], [ 39.923187903000041, 10.296727956000041 ], [ 39.944115386000078, 10.256997564000073 ], [ 39.92900351600008, 10.256613027000071 ], [ 39.926354695000043, 10.239196523000032 ], [ 39.952024788000074, 10.217610357000069 ], [ 39.929412243000058, 10.129349049000041 ], [ 39.94810140800007, 10.110211036000067 ], [ 39.982013325000025, 10.126079535000031 ], [ 39.99015263900003, 10.110456268000064 ], [ 39.96238925800003, 10.090816914000072 ], [ 39.930608750000033, 10.099599939000029 ], [ 39.923773936000032, 10.068631436000032 ], [ 39.943444662000047, 10.059189888000049 ], [ 39.924699313000076, 10.01409615700004 ], [ 39.947354193000081, 9.99337484800003 ], [ 40.043159375000073, 9.991030512000066 ], [ 40.088842507000038, 9.934805461000053 ], [ 40.063559106000071, 9.902413107000029 ], [ 40.058430127000065, 9.864339007000069 ], [ 40.070692852000036, 9.857416648000026 ], [ 40.011025416000052, 9.81855682500003 ], [ 39.991154010000059, 9.756725605000042 ], [ 40.009369777000074, 9.732856664000053 ], [ 39.954730654000059, 9.730248808000056 ], [ 39.862140287000045, 9.753959042000076 ], [ 39.839127550000057, 9.723559838000028 ], [ 39.88379554900007, 9.610633282000038 ], [ 39.877146614000026, 9.576569404000054 ], [ 39.84757856300007, 9.564292124000076 ], [ 39.857324161000065, 9.547084830000074 ], [ 39.837525826000046, 9.501899081000033 ], [ 39.872525838000058, 9.459261316000038 ], [ 39.878645855000059, 9.400410611000041 ], [ 39.821455806000074, 9.417440211000041 ], [ 39.785192559000052, 9.395607150000046 ], [ 39.791478890000064, 9.36981957200004 ], [ 39.749826330000076, 9.369215018000034 ], [ 39.778879464000056, 9.309863885000027 ], [ 39.844136254000034, 9.314182703000029 ], [ 39.885989054000049, 9.269359402000021 ], [ 39.857005402000027, 9.270074117000036 ], [ 39.873029773000042, 9.227292401000057 ], [ 39.813013316000024, 9.171110356000042 ], [ 39.817420679000065, 9.136314175000052 ], [ 39.742452109000055, 9.091257814000073 ], [ 39.74801287400004, 8.910277915000052 ], [ 39.733277203000057, 8.826240115000076 ], [ 39.662137227000073, 8.813192484000069 ], [ 39.617022723000048, 8.786868969000068 ], [ 39.561986771000079, 8.81783961800005 ], [ 39.551786236000055, 8.768750596000075 ], [ 39.500750191000066, 8.714812530000074 ], [ 39.449226619000058, 8.752237944000058 ], [ 39.417751568000028, 8.814541965000046 ], [ 39.378164, 8.791171490000067 ], [ 39.37710117000006, 8.730897078000055 ], [ 39.361069287000078, 8.720949890000043 ], [ 39.324542076000057, 8.746886870000026 ], [ 39.28581489000004, 8.71779125300003 ], [ 39.261952116000032, 8.746935880000024 ], [ 39.27199310900005, 8.783044547000031 ], [ 39.243985598000052, 8.836614995000048 ], [ 39.265526488000035, 8.843076094000025 ], [ 39.237491156000033, 8.862024795000025 ], [ 39.241015087000051, 8.888922484000034 ], [ 39.26538144400007, 8.922385086000077 ], [ 39.258599612000069, 8.962636106000048 ], [ 39.288188397000056, 8.998978411000053 ], [ 39.296751316000041, 9.053268949000028 ], [ 39.357012271000031, 9.062080326000057 ], [ 39.323169034000045, 9.148786460000053 ], [ 39.249522225000078, 9.135586015000058 ], [ 39.214637411000069, 9.17337924800006 ], [ 39.188588720000041, 9.209260136000069 ], [ 39.213682542000072, 9.228121866000038 ], [ 39.177743711000062, 9.271073862000037 ], [ 39.233662219000053, 9.293612357000029 ], [ 39.266168845000038, 9.244486983000058 ], [ 39.284730565000075, 9.27753737300003 ], [ 39.266205776000049, 9.288451741000074 ], [ 39.264416274000041, 9.32419096700005 ], [ 39.28543760000008, 9.315796520000049 ], [ 39.306545291000077, 9.366090151000037 ], [ 39.325117202000058, 9.380519217000028 ], [ 39.35670594100003, 9.369031534000044 ], [ 39.394851968000069, 9.391904554000064 ], [ 39.420409206000045, 9.37145171800006 ], [ 39.452242354000077, 9.393915445000061 ], [ 39.44770576600007, 9.432491261000052 ], [ 39.393927236000025, 9.455048550000072 ], [ 39.37274111000005, 9.446830610000063 ], [ 39.363082137000049, 9.473860614000046 ], [ 39.309691863000069, 9.46768075600005 ], [ 39.294095184000071, 9.491740781000033 ], [ 39.312939914000026, 9.535559985000077 ], [ 39.32969378100006, 9.526557331000049 ], [ 39.376473449000059, 9.567334510000023 ], [ 39.385858661000043, 9.630821438000055 ], [ 39.352048529000058, 9.622053937000032 ], [ 39.37011478900007, 9.699377299000048 ], [ 39.344486328000073, 9.699004271000035 ], [ 39.346716413000024, 9.725141557000029 ], [ 39.320450965000077, 9.724124522000068 ], [ 39.297855516000027, 9.748032986000055 ], [ 39.287584123000045, 9.733964614000058 ], [ 39.268117776000054, 9.739742061000072 ], [ 39.228063057000043, 9.693712076000054 ], [ 39.184172578000073, 9.720062339000037 ], [ 39.184024695000062, 9.685757296000077 ], [ 39.155690855000046, 9.688694825000027 ], [ 39.13930268200005, 9.740658277000023 ], [ 39.097686024000041, 9.73544210600005 ], [ 39.092213444000038, 9.763080850000051 ], [ 38.990104350000024, 9.745970874000022 ], [ 38.974420311000074, 9.761105070000042 ], [ 38.952088058000072, 9.73866272500004 ], [ 38.960252751000041, 9.71075713700003 ], [ 38.934733068000071, 9.727943276000076 ], [ 38.904419831000041, 9.710338782000065 ], [ 38.821505269000056, 9.784497606000059 ], [ 38.79085286600008, 9.882626782000045 ], [ 38.796867758000076, 9.967724847000056 ], [ 38.673815107000053, 10.015149482000027 ], [ 38.657235115000049, 10.051451997000072 ], [ 38.721357445000081, 10.051443836000033 ], [ 38.852601261000075, 10.118053046000057 ], [ 38.832683441000029, 10.212113422000073 ], [ 38.860843764000037, 10.277980960000036 ], [ 38.851505899000074, 10.364199048000046 ], [ 38.976066310000078, 10.333221921000074 ], [ 39.065784224000026, 10.386629151000022 ], [ 39.076902149000034, 10.313964567000028 ], [ 39.142489015000081, 10.341093740000076 ], [ 39.169910002000051, 10.324012574000051 ], [ 39.184089322000034, 10.286725241000056 ], [ 39.210573064000073, 10.282648376000054 ], [ 39.248431983000046, 10.305314918000022 ], [ 39.246239712000033, 10.280443337000065 ], [ 39.20182688400007, 10.240648675000045 ], [ 39.171326670000042, 10.185871024000051 ], [ 39.214696223000033, 10.158612785000059 ], [ 39.262867415000073, 10.186163194000073 ], [ 39.320017134000068, 10.282644229000027 ], [ 39.357557907000057, 10.299678977000042 ], [ 39.421747991000075, 10.363797400000067 ], [ 39.467383201000075, 10.470096921000049 ], [ 39.491201776000025, 10.491504832000032 ], [ 39.496025049000025, 10.529234202000055 ], [ 39.472211808000054, 10.564279512000041 ], [ 39.483484093000072, 10.67369160800007 ], [ 39.506493757000044, 10.679275461000032 ], [ 39.527466442000048, 10.633242123000059 ], [ 39.656131163000055, 10.736873720000062 ] ] ] } },
{ "type": "Feature", "properties": { "ADM2_PCODE": "ET0406", "ADM2_EN": "North Shewa (OR)", "ADM1_EN": "Oromia" }, "geometry": { "type": "Polygon", "coordinates": [ [ [ 38.752930309000078, 10.379552492000073 ], [ 38.84572870900007, 10.361023596000052 ], [ 38.860843764000037, 10.277980960000036 ], [ 38.835273492000056, 10.225733905000027 ], [ 38.833744314000057, 10.161852710000062 ], [ 38.852601261000075, 10.118053046000057 ], [ 38.721357445000081, 10.051443836000033 ], [ 38.657235115000049, 10.051451997000072 ], [ 38.673815107000053, 10.015149482000027 ], [ 38.779325189000076, 9.982384738000064 ], [ 38.800570287000028, 9.962196032000065 ], [ 38.79085286600008, 9.882626782000045 ], [ 38.82890026900003, 9.769105514000046 ], [ 38.90934218600006, 9.708731604000036 ], [ 38.934733068000071, 9.727943276000076 ], [ 38.960252751000041, 9.71075713700003 ], [ 38.952088058000072, 9.73866272500004 ], [ 38.974420311000074, 9.761105070000042 ], [ 38.990104350000024, 9.745970874000022 ], [ 39.092213444000038, 9.763080850000051 ], [ 39.097686024000041, 9.73544210600005 ], [ 39.13930268200005, 9.740658277000023 ], [ 39.155690855000046, 9.688694825000027 ], [ 39.184024695000062, 9.685757296000077 ], [ 39.184172578000073, 9.720062339000037 ], [ 39.228063057000043, 9.693712076000054 ], [ 39.268117776000054, 9.739742061000072 ], [ 39.287584123000045, 9.733964614000058 ], [ 39.297855516000027, 9.748032986000055 ], [ 39.320450965000077, 9.724124522000068 ], [ 39.346716413000024, 9.725141557000029 ], [ 39.344486328000073, 9.699004271000035 ], [ 39.37011478900007, 9.699377299000048 ], [ 39.352048529000058, 9.622053937000032 ], [ 39.385858661000043, 9.630821438000055 ], [ 39.376473449000059, 9.567334510000023 ], [ 39.32969378100006, 9.526557331000049 ], [ 39.312939914000026, 9.535559985000077 ], [ 39.294095184000071, 9.491740781000033 ], [ 39.309691863000069, 9.46768075600005 ], [ 39.363082137000049, 9.473860614000046 ], [ 39.37274111000005, 9.446830610000063 ], [ 39.393927236000025, 9.455048550000072 ], [ 39.44770576600007, 9.432491261000052 ], [ 39.452242354000077, 9.393915445000061 ], [ 39.420409206000045, 9.37145171800006 ], [ 39.394851968000069, 9.391904554000064 ], [ 39.35670594100003, 9.369031534000044 ], [ 39.325117202000058, 9.380519217000028 ], [ 39.306545291000077, 9.366090151000037 ], [ 39.28543760000008, 9.315796520000049 ], [ 39.264416274000041, 9.32419096700005 ], [ 39.266205776000049, 9.288451741000074 ], [ 39.284730565000075, 9.27753737300003 ], [ 39.266168845000038, 9.244486983000058 ], [ 39.233662219000053, 9.293612357000029 ], [ 39.177743711000062, 9.271073862000037 ], [ 39.213682542000072, 9.228121866000038 ], [ 39.188588720000041, 9.209260136000069 ], [ 39.241943581000044, 9.145502168000064 ], [ 39.162026524000055, 9.083043634000035 ], [ 39.126485145000061, 9.09970191900004 ], [ 39.10340059400005, 9.082683295000038 ], [ 39.063618491000057, 9.116858717000071 ], [ 39.036259660000042, 9.114215221000052 ], [ 39.029416433000051, 9.167350150000061 ], [ 38.992351088000078, 9.204226627000025 ], [ 39.02206097800007, 9.24312952300005 ], [ 39.000333050000052, 9.288931064000053 ], [ 38.984953138000037, 9.268596529000035 ], [ 38.952643004000038, 9.262207414000045 ], [ 38.917134666000038, 9.289659623000034 ], [ 38.881268458000079, 9.270410326000047 ], [ 38.844254220000039, 9.274328833000027 ], [ 38.853972332000069, 9.309413265000046 ], [ 38.881221438000068, 9.315936866000072 ], [ 38.886788100000047, 9.345050406000041 ], [ 38.933501411000066, 9.387035489000027 ], [ 38.929108605000067, 9.420822661000045 ], [ 38.953962929000056, 9.42058959600007 ], [ 38.976102242000024, 9.464041104000046 ], [ 38.922077951000063, 9.480652521000025 ], [ 38.854164014000048, 9.447704455000064 ], [ 38.831579392000037, 9.448627596000051 ], [ 38.825980185000049, 9.46331729800005 ], [ 38.77574409500005, 9.432300774000055 ], [ 38.721473824000043, 9.454635546000077 ], [ 38.712935668000057, 9.49054585600004 ], [ 38.691148242000054, 9.483244481000042 ], [ 38.651372261000063, 9.516515819000062 ], [ 38.566335136000077, 9.492521166000074 ], [ 38.518386484000075, 9.573908513000049 ], [ 38.467900950000057, 9.584155949000035 ], [ 38.444570411000029, 9.605642856000031 ], [ 38.396531356000025, 9.609049010000035 ], [ 38.321240096000054, 9.675057973000037 ], [ 38.246070344000032, 9.693264839000051 ], [ 38.177761500000031, 9.687997371000051 ], [ 38.150911520000079, 9.64538053900003 ], [ 38.128297274000033, 9.638447063000058 ], [ 38.055933721000031, 9.769295640000053 ], [ 38.04807753800003, 9.828049962000023 ], [ 38.00147910000004, 9.869605300000046 ], [ 37.971195701000056, 9.869917863000069 ], [ 37.93364543000007, 9.916549873000065 ], [ 37.932837886000073, 9.941279312000063 ], [ 38.043585956000072, 9.969779790000075 ], [ 38.087563260000024, 10.020250808000071 ], [ 38.118277216000024, 10.01775053700004 ], [ 38.130939688000069, 10.047449623000034 ], [ 38.150565228000062, 10.035121651000054 ], [ 38.240426651000064, 10.102633868000055 ], [ 38.252375598000071, 10.088427973000023 ], [ 38.295274991000042, 10.089247869000076 ], [ 38.321809509000047, 10.107186793000039 ], [ 38.340049561000058, 10.156221879000043 ], [ 38.366302158000053, 10.140485495000064 ], [ 38.397499998000058, 10.144277915000032 ], [ 38.425724645000059, 10.171756064000022 ], [ 38.419384806000039, 10.219846974000063 ], [ 38.454191224000056, 10.246689368000034 ], [ 38.460067299000059, 10.289970320000066 ], [ 38.472529056000042, 10.291804716000058 ], [ 38.476676644000065, 10.363259955000046 ], [ 38.752930309000078, 10.379552492000073 ] ] ] } },
{ "type": "Feature", "properties": { "ADM2_PCODE": "ET0303", "ADM2_EN": "North Wello", "ADM1_EN": "Amhara" }, "geometry": { "type": "Polygon", "coordinates": [ [ [ 39.522661952000078, 12.326414029000034 ], [ 39.555184250000025, 12.255511219000027 ], [ 39.614212959000042, 12.275731233000045 ], [ 39.632274431000042, 12.307654083000045 ], [ 39.75855376100003, 12.319953055000042 ], [ 39.761546942000052, 12.303252024000074 ], [ 39.824736882000025, 12.317740811000021 ], [ 39.827579085000025, 12.240457897000056 ], [ 39.807546968000054, 12.238868969000066 ], [ 39.79986076800003, 12.194985067000061 ], [ 39.828600589000075, 12.099837122000054 ], [ 39.861724730000049, 12.088369026000066 ], [ 39.841262494000034, 12.053548152000076 ], [ 39.876546907000034, 11.974361157000033 ], [ 39.887100224000051, 11.905738230000054 ], [ 39.874871622000057, 11.778754453000033 ], [ 39.923946133000072, 11.700796031000039 ], [ 39.969655659000068, 11.664480790000027 ], [ 39.99411318600005, 11.681157761000065 ], [ 40.015285541000026, 11.645552542000075 ], [ 39.963817887000062, 11.626814955000043 ], [ 39.863573002000066, 11.555788847000031 ], [ 39.84855079700003, 11.517386032000047 ], [ 39.793274391000068, 11.477124361000051 ], [ 39.73067472300005, 11.471217478000028 ], [ 39.704605136000055, 11.483259550000071 ], [ 39.67325657300006, 11.471572274000039 ], [ 39.662411552000037, 11.509861964000038 ], [ 39.642132248000053, 11.509365399000046 ], [ 39.626459133000026, 11.529182474000038 ], [ 39.584928719000061, 11.524218229000041 ], [ 39.606634873000075, 11.56199704200003 ], [ 39.578731150000067, 11.611222805000068 ], [ 39.591517588000045, 11.642135477000068 ], [ 39.576314893000074, 11.708903237000072 ], [ 39.548910470000067, 11.712382332000061 ], [ 39.546557277000034, 11.676184576000026 ], [ 39.511678936000067, 11.665912090000063 ], [ 39.46733067200006, 11.59408443600006 ], [ 39.334038442000065, 11.596822422000059 ], [ 39.358083088000058, 11.658765290000076 ], [ 39.409481664000054, 11.695182030000069 ], [ 39.435040883000056, 11.695144398000025 ], [ 39.430250173000047, 11.711920251000038 ], [ 39.459689212000058, 11.728786355000068 ], [ 39.463877319000062, 11.750305196000056 ], [ 39.422031735000076, 11.758356934000062 ], [ 39.441610566000065, 11.780881544000067 ], [ 39.428473601000064, 11.797292079000044 ], [ 39.43972708900003, 11.820110314000033 ], [ 39.376376340000036, 11.829109637000045 ], [ 39.349936488000026, 11.849395980000054 ], [ 39.252653370000075, 11.786663152000074 ], [ 39.248737802000051, 11.704148072000066 ], [ 39.176108852000027, 11.68083860400003 ], [ 39.149389671000051, 11.643682348000027 ], [ 39.115960933000054, 11.638923274000035 ], [ 39.047960921000026, 11.557479622000074 ], [ 38.975963666000041, 11.525483767000026 ], [ 39.01108987200007, 11.463555006000036 ], [ 38.98559442800007, 11.427512842000056 ], [ 38.995270948000041, 11.398771426000053 ], [ 38.957441331000041, 11.393978639000068 ], [ 38.929341070000078, 11.346446827000022 ], [ 38.899550702000056, 11.350924880000036 ], [ 38.891393422000078, 11.376801182000065 ], [ 38.847795873000052, 11.38580384200003 ], [ 38.798019578000037, 11.368647650000071 ], [ 38.727579777000074, 11.419114261000061 ], [ 38.706921980000061, 11.416392003000055 ], [ 38.707334476000028, 11.510503467000035 ], [ 38.72338932100007, 11.541925311000057 ], [ 38.649234895000063, 11.601581208000027 ], [ 38.630631639000057, 11.641697257000033 ], [ 38.637430031000065, 11.70101481100005 ], [ 38.602165530000036, 11.753724427000066 ], [ 38.561399994000055, 11.773644338000054 ], [ 38.557231629000057, 11.798642294000047 ], [ 38.574772357000029, 11.822945990000051 ], [ 38.548733351000067, 11.853034240000056 ], [ 38.603179883000053, 11.95516692700005 ], [ 38.63440797700008, 11.976295468000046 ], [ 38.641781165000054, 12.029534056000045 ], [ 38.608442385000046, 12.076097466000022 ], [ 38.569438180000077, 12.085521 ], [ 38.532813001000079, 12.123535781000044 ], [ 38.50478759300006, 12.114735869000071 ], [ 38.486544495000032, 12.12888007600003 ], [ 38.461912419000043, 12.213515284000039 ], [ 38.444613825000033, 12.227454032000026 ], [ 38.472989246000054, 12.306071152000072 ], [ 38.503511184000047, 12.286181243000044 ], [ 38.567676970000036, 12.296770025000058 ], [ 38.67405694100006, 12.273723640000071 ], [ 38.740598117000047, 12.297349841000027 ], [ 38.813565579000056, 12.267882954000072 ], [ 38.842012930000067, 12.281357585000023 ], [ 38.989553920000048, 12.254699874000039 ], [ 39.055814118000058, 12.209902046000025 ], [ 39.028519791000065, 12.183155159000023 ], [ 39.096857460000081, 12.167299553000021 ], [ 39.121689735000075, 12.117089509000039 ], [ 39.164679928000055, 12.152314588000024 ], [ 39.161297684000033, 12.200221690000035 ], [ 39.196011153000029, 12.201894033000031 ], [ 39.264498222000043, 12.329293716000052 ], [ 39.290874255000062, 12.296071961000052 ], [ 39.419514241000059, 12.296596726000075 ], [ 39.455564056000071, 12.325027175000059 ], [ 39.522661952000078, 12.326414029000034 ] ] ] } },
{ "type": "Feature", "properties": { "ADM2_PCODE": "ET0101", "ADM2_EN": "North Western Tigray", "ADM1_EN": "Tigray" }, "geometry": { "type": "MultiPolygon", "coordinates": [ [ [ [ 38.680130078000047, 13.486166756000046 ], [ 38.73081275100003, 13.408426170000041 ], [ 38.705685537000079, 13.389298880000069 ], [ 38.648639953000043, 13.396521310000026 ], [ 38.617852451000033, 13.42833040000005 ], [ 38.633280955000032, 13.472711336000032 ], [ 38.680130078000047, 13.486166756000046 ] ] ], [ [ [ 37.943705885000043, 14.841414523000026 ], [ 37.971047991000034, 14.830449088000023 ], [ 37.974465774000066, 14.80162709800004 ], [ 37.987922264000076, 14.807947037000076 ], [ 37.994189999000071, 14.773459063000075 ], [ 38.02053812500003, 14.760782508000034 ], [ 38.018264385000066, 14.736637359000042 ], [ 38.040369254000041, 14.716603013000054 ], [ 38.091544747000057, 14.706628799000043 ], [ 38.13926619800003, 14.667294295000033 ], [ 38.187405288000036, 14.689155056000061 ], [ 38.261083131000078, 14.667144 ], [ 38.264505869000061, 14.614130603000035 ], [ 38.307922249000057, 14.585116137000057 ], [ 38.343208163000043, 14.507703961000061 ], [ 38.420781839000028, 14.463747722000051 ], [ 38.462859506000029, 14.294727239000053 ], [ 38.45334538000003, 14.234633152000072 ], [ 38.510891011000069, 14.206408164000038 ], [ 38.542595009000024, 14.222482372000059 ], [ 38.577394404000074, 14.205636335000065 ], [ 38.55705706100008, 14.166666349000025 ], [ 38.538136073000032, 14.166775337000047 ], [ 38.54952012800004, 14.139805442000068 ], [ 38.501889585000072, 14.116519747000041 ], [ 38.495502176000059, 14.09184093600004 ], [ 38.52272561400008, 14.045130601000039 ], [ 38.489098222000052, 14.029645882000068 ], [ 38.496322570000075, 13.968677102000072 ], [ 38.560523646000036, 13.907859899000073 ], [ 38.565846558000032, 13.883451929000046 ], [ 38.492874049000079, 13.775493510000047 ], [ 38.530445576000034, 13.687272523000047 ], [ 38.600434887000063, 13.647822178000069 ], [ 38.660765268000034, 13.558190167000078 ], [ 38.669084421000036, 13.536098585000047 ], [ 38.61404523200008, 13.490686866000033 ], [ 38.590112415000078, 13.506124023000041 ], [ 38.562075458000038, 13.483329712000057 ], [ 38.460991233000072, 13.459561585000074 ], [ 38.467402861000039, 13.484902024000064 ], [ 38.498256730000037, 13.484455431000072 ], [ 38.496804624000049, 13.50678939200003 ], [ 38.542458982000028, 13.525802209000062 ], [ 38.55394614100004, 13.550308131000065 ], [ 38.477619910000044, 13.552344884000036 ], [ 38.465214633000073, 13.567644900000062 ], [ 38.453622523000035, 13.556946123000046 ], [ 38.440805702000034, 13.584405289000074 ], [ 38.406508159000055, 13.539411139000038 ], [ 38.391234110000028, 13.553355668000052 ], [ 38.34119673400005, 13.537642857000037 ], [ 38.327883107000048, 13.550325213000065 ], [ 38.319856475000051, 13.502151981000054 ], [ 38.278917156000034, 13.485519139000075 ], [ 38.247957984000038, 13.501662665000026 ], [ 38.200897636000036, 13.480138399000055 ], [ 38.173720255000035, 13.493443966000029 ], [ 38.145192748000056, 13.471678589000021 ], [ 38.120990806000066, 13.506304415000045 ], [ 38.059441012000036, 13.467191867000054 ], [ 38.001179411000066, 13.501097501000061 ], [ 37.904101473000026, 13.44704897400004 ], [ 37.86640019400005, 13.475127249000025 ], [ 37.816905536000036, 13.463175524000064 ], [ 37.809005963000061, 13.51909388100006 ], [ 37.792659305000029, 13.520614519000048 ], [ 37.769024663000039, 13.562598913000045 ], [ 37.784149450000029, 13.587719252000056 ], [ 37.777146954000045, 13.684104058000059 ], [ 37.811070785000027, 13.758288035000021 ], [ 37.803038846000049, 13.810561402000076 ], [ 37.76556968500006, 13.831073581000055 ], [ 37.767926364000061, 13.857829878000075 ], [ 37.731398028000058, 13.895127006000052 ], [ 37.686644169000033, 13.892971670000065 ], [ 37.650389018000055, 13.952672996000047 ], [ 37.629636614000049, 13.953839487000039 ], [ 37.63236210000008, 13.976111777000028 ], [ 37.609512773000063, 14.008938292000039 ], [ 37.624079851000033, 14.036817266000071 ], [ 37.591078431000028, 14.051815997000062 ], [ 37.575600302000055, 14.095933886000068 ], [ 37.559598761000075, 14.091316816000074 ], [ 37.527302342000041, 14.116462130000059 ], [ 37.515639056000055, 14.16030405500004 ], [ 37.526516148000042, 14.183004165000057 ], [ 37.495588708000071, 14.182035757000051 ], [ 37.465409387000079, 14.215550736000068 ], [ 37.469138439000062, 14.251295503000051 ], [ 37.446093159000043, 14.250233584000057 ], [ 37.392933742000025, 14.299251641000069 ], [ 37.402662792000058, 14.33585368200005 ], [ 37.379184988000077, 14.352025984000022 ], [ 37.391487636000079, 14.365260928000055 ], [ 37.347015184000043, 14.411236305000045 ], [ 37.369741702000056, 14.419258170000035 ], [ 37.403338287000054, 14.471358708000025 ], [ 37.488951343000053, 14.473108392000029 ], [ 37.548789784000064, 14.446135214000037 ], [ 37.657169517000057, 14.494745531000035 ], [ 37.723673222000059, 14.623757455000032 ], [ 37.741534948000037, 14.642437537000035 ], [ 37.77355448000003, 14.630389106000052 ], [ 37.781859922000081, 14.734886032000077 ], [ 37.832622379000043, 14.805154923000032 ], [ 37.875660503000063, 14.799868305000075 ], [ 37.943705885000043, 14.841414523000026 ] ] ] ] } },
{ "type": "Feature", "properties": { "ADM2_PCODE": "ET1201", "ADM2_EN": "Nuwer", "ADM1_EN": "Gambela" }, "geometry": { "type": "Polygon", "coordinates": [ [ [ 34.061848477000069, 8.477690146000043 ], [ 34.07526462900006, 8.479878582000026 ], [ 34.051941169000031, 8.420671455000047 ], [ 34.060927070000048, 8.38545786100002 ], [ 34.046123088000058, 8.385988656000052 ], [ 34.042951008000045, 8.344375958000057 ], [ 33.996968113000037, 8.28270360700003 ], [ 33.999567054000067, 8.240418835000071 ], [ 34.040422220000039, 8.234403720000046 ], [ 34.020991666000043, 8.174780263000059 ], [ 33.944058988000052, 8.181763225000054 ], [ 33.93105835700004, 8.230227360000072 ], [ 33.886372109000035, 8.269621591000032 ], [ 33.858882029000029, 8.209495640000057 ], [ 33.852504090000025, 8.136068911000052 ], [ 33.822152784000025, 8.170081804000063 ], [ 33.78288787300005, 8.175837204000061 ], [ 33.614422981000075, 8.127017672000022 ], [ 33.555136640000057, 8.214136279000058 ], [ 33.567459820000067, 8.272311868000031 ], [ 33.50584256500008, 8.293701164000026 ], [ 33.461252908000063, 8.243600978000075 ], [ 33.488340556000026, 8.131681406000041 ], [ 33.477065728000071, 8.040536970000062 ], [ 33.503758660000074, 7.975816337000026 ], [ 33.464802180000049, 7.961215250000066 ], [ 33.440401695000048, 7.906962919000023 ], [ 33.45544361900005, 7.877461933000063 ], [ 33.482765123000036, 7.883940990000042 ], [ 33.475962769000034, 7.790827379000064 ], [ 33.45387855000007, 7.744201289000046 ], [ 33.05222, 7.79069 ], [ 33.01497, 7.84606 ], [ 32.9918, 7.92604 ], [ 33.03194, 7.99739 ], [ 33.12138, 8.10097 ], [ 33.18592, 8.14029 ], [ 33.16083, 8.35653 ], [ 33.17125, 8.39979 ], [ 33.26354, 8.46153 ], [ 33.38083, 8.43792 ], [ 33.50861, 8.4662 ], [ 33.63437, 8.46715 ], [ 33.71527, 8.37507 ], [ 33.77133, 8.36775 ], [ 33.85249, 8.42583 ], [ 33.97076, 8.43757 ], [ 34.049874341000077, 8.504072541000028 ], [ 34.061848477000069, 8.477690146000043 ] ] ] } },
{ "type": "Feature", "properties": { "ADM2_PCODE": "ET0310", "ADM2_EN": "Oromia", "ADM1_EN": "Amhara" }, "geometry": { "type": "Polygon", "coordinates": [ [ [ 40.014429384000039, 11.424092256000051 ], [ 40.06663797200008, 11.432106121000061 ], [ 40.064956347000077, 11.337759224000024 ], [ 40.172875988000044, 11.239979554000058 ], [ 40.21243796400006, 11.108908145000044 ], [ 40.193796443000053, 11.096367237000038 ], [ 40.186939061000032, 11.025342794000039 ], [ 40.123771523000073, 10.937639217000026 ], [ 40.149310951000075, 10.895796132000044 ], [ 40.180501636000031, 10.896861903000058 ], [ 40.166695390000029, 10.805048328000055 ], [ 40.102610933000051, 10.755046174000029 ], [ 40.163639855000042, 10.412363752000033 ], [ 40.155579610000075, 10.257410691000075 ], [ 40.128993667000032, 10.173546208000062 ], [ 40.158145752000053, 10.090278628000021 ], [ 40.132584922000035, 10.071093523000059 ], [ 39.927274822000072, 10.089962566000054 ], [ 39.93354202900008, 10.071673790000034 ], [ 39.923773936000032, 10.068631436000032 ], [ 39.926462077000053, 10.091412425000044 ], [ 39.930608750000033, 10.099599939000029 ], [ 39.96238925800003, 10.090816914000072 ], [ 39.99015263900003, 10.110456268000064 ], [ 39.982013325000025, 10.126079535000031 ], [ 39.94810140800007, 10.110211036000067 ], [ 39.929412243000058, 10.129349049000041 ], [ 39.952024788000074, 10.217610357000069 ], [ 39.926354695000043, 10.239196523000032 ], [ 39.92900351600008, 10.256613027000071 ], [ 39.944115386000078, 10.256997564000073 ], [ 39.923187903000041, 10.296727956000041 ], [ 39.949931795000055, 10.336816444000021 ], [ 39.981811279000055, 10.346726320000073 ], [ 39.933661620000066, 10.374462731000051 ], [ 39.947831045000044, 10.395110856000031 ], [ 39.929208888000062, 10.472367494000025 ], [ 39.938495891000059, 10.487721270000065 ], [ 39.917060577000029, 10.531758470000057 ], [ 39.86565736700004, 10.574920141000064 ], [ 39.860564193000073, 10.622563049000064 ], [ 39.839567033000037, 10.624587968000071 ], [ 39.834277561000079, 10.654033240000047 ], [ 39.880970429000058, 10.696278601000074 ], [ 39.817432387000053, 10.689765537000028 ], [ 39.812744255000041, 10.734237103000055 ], [ 39.727878104000069, 10.708576252000057 ], [ 39.713245408000034, 10.768899186000056 ], [ 39.686878109000077, 10.787248334000026 ], [ 39.710264620000032, 10.802104063000058 ], [ 39.692727175000073, 10.826214458000038 ], [ 39.709916019000048, 10.837430088000076 ], [ 39.691892216000042, 10.842056823000064 ], [ 39.663981647000071, 10.895813357000065 ], [ 39.718186677000062, 10.874705329000051 ], [ 39.744504947000053, 10.893059673000039 ], [ 39.789861759000075, 10.879238397000051 ], [ 39.789301451000028, 10.894172849000029 ], [ 39.803734882000072, 10.89093170700005 ], [ 39.81908625300008, 10.911605859000076 ], [ 39.826667169000075, 10.876815786000066 ], [ 39.933652799000072, 10.910020747000033 ], [ 39.934092519000046, 10.885306084000035 ], [ 39.955544626000062, 10.868777676000036 ], [ 39.934603846000073, 10.845228794000036 ], [ 39.944516791000069, 10.831905994000067 ], [ 39.957562171000063, 10.847178872000029 ], [ 39.969200865000062, 10.838624578000065 ], [ 39.96305876200006, 10.85471233800007 ], [ 39.968579403000035, 10.857716028000027 ], [ 40.103613327000062, 10.875985410000055 ], [ 40.018141584000034, 10.936934696000037 ], [ 40.017102020000038, 10.958663116000025 ], [ 40.029514809000034, 10.949290302000065 ], [ 40.049950522000074, 10.981214885000043 ], [ 40.010741420000045, 11.010627940000063 ], [ 39.954922894000049, 11.116654044000029 ], [ 39.973701341000037, 11.18966929100003 ], [ 39.919718500000045, 11.223068991000048 ], [ 39.917572990000053, 11.251589853000041 ], [ 39.885930715000029, 11.241546901000049 ], [ 39.85605180400006, 11.275309820000075 ], [ 39.859409884000058, 11.30891837300004 ], [ 39.846567279000055, 11.319184031000077 ], [ 39.970761481000068, 11.372014207000063 ], [ 40.014429384000039, 11.424092256000051 ] ] ] } },
{ "type": "Feature", "properties": { "ADM2_PCODE": "ET1401", "ADM2_EN": "Region 14", "ADM1_EN": "Addis Ababa" }, "geometry": { "type": "Polygon", "coordinates": [ [ [ 38.765214224000033, 9.098150301000032 ], [ 38.876320806000081, 9.081584122000038 ], [ 38.906053758000041, 8.997532017000026 ], [ 38.896759233000068, 8.937026941000056 ], [ 38.855555243000026, 8.938292853000064 ], [ 38.879447092000078, 8.918314232000057 ], [ 38.868717092000054, 8.873035683000069 ], [ 38.82600142900003, 8.880187270000022 ], [ 38.824393004000058, 8.841332266000052 ], [ 38.797583928000051, 8.833485285000052 ], [ 38.745517604000042, 8.863423673000057 ], [ 38.743589381000049, 8.902585569000053 ], [ 38.639405387000068, 8.974035833000073 ], [ 38.659386470000072, 8.985402486000055 ], [ 38.651942039000062, 9.010284438000042 ], [ 38.667036364000069, 9.010027781000076 ], [ 38.685408005000056, 9.073027127000046 ], [ 38.765214224000033, 9.098150301000032 ] ] ] } },
{ "type": "Feature", "properties": { "ADM2_PCODE": "ET0506", "ADM2_EN": "Shabelle", "ADM1_EN": "Somali" }, "geometry": { "type": "Polygon", "coordinates": [ [ [ 42.165255461000072, 6.935840010000049 ], [ 42.27736, 6.945846 ], [ 42.515290121000078, 6.928048529000023 ], [ 42.550611743000047, 6.827443839000068 ], [ 42.604863454000053, 6.761770715000068 ], [ 42.681957991000047, 6.730361830000049 ], [ 42.844203926000034, 6.761854102000029 ], [ 42.809747325000046, 6.47984282300007 ], [ 42.92891703600003, 6.401564549000057 ], [ 42.945061, 6.309813 ], [ 43.406526603000032, 6.340416018000042 ], [ 43.39646222500005, 6.381430834000071 ], [ 43.319070181000029, 6.462825915000053 ], [ 43.193743994000044, 6.80563064200004 ], [ 43.403470054000024, 6.743210919000035 ], [ 43.517208290000042, 6.764864014000068 ], [ 43.591777, 6.81952 ], [ 43.761017535000065, 6.614007445000027 ], [ 43.714709443000061, 6.541767965000076 ], [ 43.725083487000063, 6.475825606000058 ], [ 43.838253333000068, 6.471928803000026 ], [ 44.031070142000033, 6.242209170000024 ], [ 44.107597604000034, 6.184554465000076 ], [ 44.19040284700003, 6.06462963000007 ], [ 44.191830524000068, 6.008474351000075 ], [ 44.152856271000076, 5.925247797000054 ], [ 44.195622277000041, 5.687602539000068 ], [ 44.440866068000048, 5.612883927000041 ], [ 44.566585689000078, 5.477280886000074 ], [ 44.769396254000071, 5.49308615800004 ], [ 44.813951025000051, 5.52420717800004 ], [ 45.379226578000043, 5.369128108000041 ], [ 44.95083, 4.9025 ], [ 43.98194, 4.96305 ], [ 43.823424633000059, 4.909017784000071 ], [ 43.798631920000048, 4.86921770500004 ], [ 43.539719044000037, 4.78974217800004 ], [ 43.303958, 5.224968 ], [ 43.224076559000025, 5.549159029000066 ], [ 43.124710268000058, 5.633820252000021 ], [ 43.071282773000064, 5.643471900000065 ], [ 42.856667453000057, 5.820513618000064 ], [ 42.812884999000062, 5.826853018000065 ], [ 42.811396053000067, 5.942925498000022 ], [ 42.866258728000048, 5.994924167000022 ], [ 42.915744859000029, 6.100995537000074 ], [ 42.911552461000042, 6.123705778000044 ], [ 42.893760756000063, 6.113367478000043 ], [ 42.890785140000048, 6.130805563000024 ], [ 42.855011030000071, 6.143464028000039 ], [ 42.806642373000045, 6.142815657000028 ], [ 42.80100257600003, 6.180953502000023 ], [ 42.811744769000029, 6.185456806000047 ], [ 42.754337339000074, 6.218530107000049 ], [ 42.73745718300006, 6.262688635000075 ], [ 42.678527925000026, 6.270448219000059 ], [ 42.630733414000076, 6.252595846000077 ], [ 42.614299863000042, 6.279514361000054 ], [ 42.554748606000032, 6.281968526000071 ], [ 42.510108883000044, 6.304152024000075 ], [ 42.47858425000004, 6.289720550000027 ], [ 42.433277168000075, 6.309822969000038 ], [ 42.432102154000063, 6.294404916000076 ], [ 42.421138831000064, 6.306676308000021 ], [ 42.414150178000057, 6.29646974000002 ], [ 42.392120336000062, 6.32882692000004 ], [ 42.345638241000074, 6.316034266000031 ], [ 42.346015864000037, 6.339718423000022 ], [ 42.289886452000076, 6.326565724000034 ], [ 42.298015532000079, 6.337248382000041 ], [ 42.267902349000053, 6.35501154800005 ], [ 42.26451490200003, 6.384851436000076 ], [ 42.237419105000072, 6.383113392000041 ], [ 42.247814105000032, 6.396355111000048 ], [ 42.217731541000035, 6.428598323000074 ], [ 42.180492492000042, 6.428792993000059 ], [ 42.180419916000062, 6.451319148000039 ], [ 42.145877896000059, 6.456145830000025 ], [ 42.130111705000047, 6.483058864000043 ], [ 42.144119251000063, 6.50094563600004 ], [ 42.110034989000042, 6.522786099000029 ], [ 42.117900792000057, 6.535993609000059 ], [ 42.067398100000048, 6.564736352000068 ], [ 42.058681419000038, 6.597027381000032 ], [ 42.043087029000048, 6.594059514000037 ], [ 42.046268466000072, 6.613638403000039 ], [ 42.022720387000049, 6.620905831000073 ], [ 42.033111609000059, 6.634376618000033 ], [ 42.01017130300005, 6.654691985000056 ], [ 42.014640931000031, 6.680445797000061 ], [ 42.055531229000053, 6.748755663000054 ], [ 42.076231629000063, 6.886735528000031 ], [ 42.136088243000074, 6.958531030000074 ], [ 42.165255461000072, 6.935840010000049 ] ] ] } },
{ "type": "Feature", "properties": { "ADM2_PCODE": "ET1101", "ADM2_EN": "Sheka", "ADM1_EN": "South West Ethiopia" }, "geometry": { "type": "Polygon", "coordinates": [ [ [ 35.520725584000047, 7.895606731000044 ], [ 35.544400425000049, 7.83099382000006 ], [ 35.591544738000039, 7.808742366000047 ], [ 35.602090523000072, 7.77206598500004 ], [ 35.576041198000041, 7.716399889000058 ], [ 35.602858413000035, 7.692839811000056 ], [ 35.57009221800007, 7.673847016000025 ], [ 35.563295143000062, 7.651435872000036 ], [ 35.586417072000074, 7.536332008000045 ], [ 35.556691985000043, 7.513467793000075 ], [ 35.565056621000053, 7.487345710000056 ], [ 35.528257899000039, 7.481138422000072 ], [ 35.439007662000051, 7.422875051000062 ], [ 35.497122170000068, 7.383855113000038 ], [ 35.494303924000064, 7.265204550000021 ], [ 35.568281754000054, 7.281016438000051 ], [ 35.62256566800005, 7.230351056000075 ], [ 35.668945504000078, 7.241620393000062 ], [ 35.696536975000072, 7.224853946000053 ], [ 35.729510358000027, 7.24144863600003 ], [ 35.735695436000071, 7.219600053000022 ], [ 35.558375709000074, 7.182659859000069 ], [ 35.525988274000042, 7.154101482000044 ], [ 35.476114386000063, 7.173361133000071 ], [ 35.43819175200008, 7.163276873000029 ], [ 35.427685392000058, 7.15626043900005 ], [ 35.447182913000063, 7.142164880000053 ], [ 35.444642782000074, 7.12571083000006 ], [ 35.400942474000033, 7.127409786000044 ], [ 35.389191836000066, 7.111401690000037 ], [ 35.333986430000039, 7.17993301000007 ], [ 35.37285763400007, 7.231027526000048 ], [ 35.34580836400005, 7.238978042000042 ], [ 35.37491332500008, 7.289975546000051 ], [ 35.392298410000024, 7.396183099000041 ], [ 35.309554712000079, 7.479178306000051 ], [ 35.209512077000056, 7.471867610000061 ], [ 35.189252435000071, 7.455626145000053 ], [ 35.122402106000038, 7.478600811000035 ], [ 35.138082805000067, 7.512076175000061 ], [ 35.171916384000042, 7.532753644000024 ], [ 35.166305223000052, 7.61487082900004 ], [ 35.115636627000072, 7.630795768000041 ], [ 35.116033607000077, 7.645092153000064 ], [ 35.212324139000032, 7.651496985000051 ], [ 35.222732824000047, 7.703102542000067 ], [ 35.340877649000049, 7.776610678000054 ], [ 35.34202958700007, 7.821368869000025 ], [ 35.358051522000039, 7.842994418000046 ], [ 35.400578841000026, 7.829573682000046 ], [ 35.428734945000031, 7.880825225000024 ], [ 35.474310848000073, 7.873505752000028 ], [ 35.520725584000047, 7.895606731000044 ] ] ] } },
{ "type": "Feature", "properties": { "ADM2_PCODE": "ET1600", "ADM2_EN": "Sidama", "ADM1_EN": "Sidama" }, "geometry": { "type": "Polygon", "coordinates": [ [ [ 38.394920407000029, 7.123569420000024 ], [ 38.442548328000044, 7.126812556000061 ], [ 38.463912287000028, 7.099829213000021 ], [ 38.50510201700007, 7.087838642000065 ], [ 38.546114525000064, 7.090876842000057 ], [ 38.583641554000053, 7.126290302000029 ], [ 38.630341248000036, 7.110849565000024 ], [ 38.646171139000046, 7.095543106000036 ], [ 38.636951174000046, 7.066097547000027 ], [ 38.680870877000075, 7.048356713000032 ], [ 38.677412797000045, 7.005354711000052 ], [ 38.710500658000058, 7.012985094000044 ], [ 38.714380616000028, 6.991414114000065 ], [ 38.69477071600005, 6.957492603000048 ], [ 38.714084698000079, 6.860577375000048 ], [ 38.63985344200006, 6.812686850000034 ], [ 38.635670932000039, 6.77171426700005 ], [ 38.705550464000055, 6.742042868000055 ], [ 38.742290194000077, 6.700940976000027 ], [ 38.817929714000059, 6.703611031000037 ], [ 38.837751030000049, 6.674915718000022 ], [ 38.934424959000069, 6.65561141400002 ], [ 38.949423821000039, 6.643803218000073 ], [ 38.94167884400008, 6.610336709000023 ], [ 38.959640225000044, 6.60087935100006 ], [ 39.059308084000065, 6.608786534000046 ], [ 39.04844812400006, 6.569824785000037 ], [ 39.09661776400003, 6.521612558000072 ], [ 39.127387417000079, 6.344354499000076 ], [ 39.119546178000064, 6.298994291000042 ], [ 39.085967610000068, 6.252010342000062 ], [ 39.13185995300006, 6.158786172000021 ], [ 39.034487030000037, 6.137438774000032 ], [ 38.960598297000047, 6.159270747000051 ], [ 38.874109772000054, 6.300833539000052 ], [ 38.757956764000028, 6.409068304000073 ], [ 38.707162634000042, 6.392451803000029 ], [ 38.583314749000067, 6.437015817000031 ], [ 38.503796116000046, 6.436345751000033 ], [ 38.453291701000069, 6.416769169000077 ], [ 38.402736425000057, 6.355070756000032 ], [ 38.394254145000048, 6.413866506000033 ], [ 38.30859530400005, 6.419932893000066 ], [ 38.245590529000026, 6.468228601000021 ], [ 38.155222080000044, 6.43925598200002 ], [ 38.149683719000052, 6.496589192000044 ], [ 38.05159517900006, 6.534738812000057 ], [ 38.016468570000029, 6.575178275000042 ], [ 38.019388640000045, 6.665603544000021 ], [ 38.049927407000041, 6.693215047000024 ], [ 38.118444278000027, 6.871920474000035 ], [ 38.136591922000036, 6.939727871000059 ], [ 38.130154270000048, 6.974009886000033 ], [ 38.193793906000053, 7.012345484000036 ], [ 38.237920596000038, 7.020054713000036 ], [ 38.321894933000067, 7.161742447000051 ], [ 38.342193101000078, 7.164452227000027 ], [ 38.394920407000029, 7.123569420000024 ] ] ] } },
{ "type": "Feature", "properties": { "ADM2_PCODE": "ET0720", "ADM2_EN": "Siltie", "ADM1_EN": "SNNP" }, "geometry": { "type": "Polygon", "coordinates": [ [ [ 37.934581199000036, 7.804036875000065 ], [ 37.916556960000037, 7.860369836000075 ], [ 37.949352357000066, 7.85217162500004 ], [ 37.974284604000047, 7.876864586000067 ], [ 37.979476086000034, 7.849571892000029 ], [ 38.002038735000042, 7.85492239000007 ], [ 38.008000458000026, 7.842181377000031 ], [ 38.090694961000054, 7.945395396000038 ], [ 38.129914954000071, 7.968565095000031 ], [ 38.125836410000034, 7.99360271300003 ], [ 38.164493432000029, 8.038215813000022 ], [ 38.156696331000035, 8.044880965000061 ], [ 38.229084755000031, 8.121991215000037 ], [ 38.270830040000078, 8.121548743000062 ], [ 38.264543513000035, 8.083989836000057 ], [ 38.283108346000063, 8.055404675000034 ], [ 38.338893003000067, 8.048922078000032 ], [ 38.406869026000038, 8.090657509000039 ], [ 38.427563073000044, 8.077739906000033 ], [ 38.439870087000031, 8.092735307000055 ], [ 38.460130652000032, 8.087882258000036 ], [ 38.463231513000039, 8.065809439000077 ], [ 38.431622954000034, 8.021585977000029 ], [ 38.457172601000025, 7.993907833000037 ], [ 38.434528215000057, 7.970403329000021 ], [ 38.549485231000062, 7.870874441000069 ], [ 38.512908086000039, 7.848910445000058 ], [ 38.49244288400007, 7.795393342000068 ], [ 38.444847429000049, 7.759533909000027 ], [ 38.412301550000052, 7.679911233000041 ], [ 38.326095460000033, 7.685027692000062 ], [ 38.320979350000073, 7.662932289000025 ], [ 38.333468497000069, 7.664409910000074 ], [ 38.337340385000061, 7.643600081000045 ], [ 38.320223372000044, 7.642568338000046 ], [ 38.358949125000038, 7.620399059000022 ], [ 38.34343582300005, 7.625510633000033 ], [ 38.291306544000065, 7.585272131000067 ], [ 38.249567923000029, 7.588887597000053 ], [ 38.217622508000034, 7.521440404000032 ], [ 38.219939889000045, 7.487986548000038 ], [ 38.199672293000049, 7.504466384000068 ], [ 38.19177387600007, 7.494614621000039 ], [ 38.213893246000055, 7.480656819000046 ], [ 38.191437264000058, 7.448635246000038 ], [ 38.162064817000044, 7.460531453000044 ], [ 38.168223997000041, 7.445152513000039 ], [ 38.148870260000081, 7.416275300000052 ], [ 38.126119760000051, 7.420551728000021 ], [ 38.126833676000047, 7.456395572000076 ], [ 38.089007090000052, 7.488548491000074 ], [ 38.112246503000051, 7.508161538000024 ], [ 38.117875754000067, 7.58449153600003 ], [ 38.100947033000068, 7.628086347000021 ], [ 38.045384245000037, 7.641959576000033 ], [ 38.058205529000077, 7.662513638000064 ], [ 38.041820940000036, 7.69501232500005 ], [ 38.053972005000048, 7.721283872000072 ], [ 38.023497549000069, 7.727060596000058 ], [ 38.027646001000051, 7.701771675000032 ], [ 38.002757206000069, 7.691462941000054 ], [ 37.959422572000051, 7.729920007000032 ], [ 37.933848991000048, 7.652353166000069 ], [ 37.931344368000055, 7.688899974000037 ], [ 37.886924907000036, 7.681740320000074 ], [ 37.887803706000057, 7.703084598000032 ], [ 37.855927836000035, 7.715727096000023 ], [ 37.863125798000056, 7.749758501000031 ], [ 37.897074616000054, 7.758261881000067 ], [ 37.890706753000075, 7.78727000300006 ], [ 37.916896240000028, 7.777377479000052 ], [ 37.916345675000059, 7.795508351000024 ], [ 37.934581199000036, 7.804036875000065 ] ] ] } },
{ "type": "Feature", "properties": { "ADM2_PCODE": "ET0501", "ADM2_EN": "Siti", "ADM1_EN": "Somali" }, "geometry": { "type": "Polygon", "coordinates": [ [ [ 42.862632398000073, 10.984293875000049 ], [ 42.94409, 11.00244 ], [ 42.66479, 10.63291 ], [ 42.70944, 10.53611 ], [ 42.78611, 10.45555 ], [ 42.821024679000061, 10.302458951000062 ], [ 42.706989, 10.119554 ], [ 42.733327381000038, 10.042775118000066 ], [ 42.785326091000059, 9.976806606000025 ], [ 42.884666911000068, 9.908509793000064 ], [ 42.880010309000056, 9.879017988000044 ], [ 42.79386319300005, 9.80994507500003 ], [ 42.783773891000067, 9.770363967000037 ], [ 42.730028, 9.753115 ], [ 42.727070406000053, 9.725092591000021 ], [ 42.69411559200006, 9.768675546000054 ], [ 42.663794574000065, 9.776549058000057 ], [ 42.529772729000058, 9.727590683000074 ], [ 42.376572174000046, 9.713839606000022 ], [ 42.339772808000077, 9.719617623000033 ], [ 42.250990849000061, 9.783491543000025 ], [ 42.213350694000042, 9.783741669000051 ], [ 42.18577054800005, 9.773561785000027 ], [ 42.030809393000027, 9.618482565000022 ], [ 41.873238977000028, 9.683882986000071 ], [ 41.808678563000058, 9.64055326600004 ], [ 41.773828470000069, 9.653703360000065 ], [ 41.74860187400003, 9.636353472000053 ], [ 41.734617702000037, 9.471483758000034 ], [ 41.670197435000034, 9.470633967000026 ], [ 41.642597468000076, 9.515143991000059 ], [ 41.540606997000054, 9.499584337000044 ], [ 41.490966655000079, 9.457424547000073 ], [ 41.308696037000061, 9.50307506200005 ], [ 41.239315729000054, 9.498795281000071 ], [ 41.145445100000074, 9.42462566100005 ], [ 41.056484617000081, 9.391065970000056 ], [ 41.014074331000074, 9.357206139000027 ], [ 40.844103443000051, 9.304796701000043 ], [ 40.812563326000031, 9.310926782000024 ], [ 40.788823447000027, 9.386896769000032 ], [ 40.891213899000036, 9.389536466000038 ], [ 40.927514099000064, 9.405136336000055 ], [ 40.889994069000068, 9.448646402000065 ], [ 40.842363908000038, 9.463586528000064 ], [ 40.696138915000063, 9.446065145000034 ], [ 40.70220239300005, 9.536092664000023 ], [ 40.751893772000074, 9.654612077000024 ], [ 40.847334932000081, 9.790326117000063 ], [ 41.019566201000032, 9.948825373000034 ], [ 40.965806035000071, 9.971685510000043 ], [ 40.936556112000062, 10.035245519000057 ], [ 41.087038686000028, 10.600564198000029 ], [ 41.077268923000076, 10.681154098000036 ], [ 41.220060127000067, 10.834463355000025 ], [ 41.240750538000043, 10.921363138000061 ], [ 41.268160800000032, 10.957852979000052 ], [ 41.717612896000048, 10.964781335000055 ], [ 41.768913225000063, 10.991211091000025 ], [ 42.01972, 10.94472 ], [ 42.12555, 10.99944 ], [ 42.35889, 11.01916 ], [ 42.64041, 11.09708 ], [ 42.74819, 11.07792 ], [ 42.79222, 10.99778 ], [ 42.862632398000073, 10.984293875000049 ] ] ] } },
{ "type": "Feature", "properties": { "ADM2_PCODE": "ET0106", "ADM2_EN": "South Eastern Tigray", "ADM1_EN": "Tigray" }, "geometry": { "type": "MultiPolygon", "coordinates": [ [ [ [ 39.470037263000052, 13.642781717000048 ], [ 39.529554918000031, 13.59424806100003 ], [ 39.545231823000051, 13.602910325000039 ], [ 39.557693203000042, 13.577653531000067 ], [ 39.528978591000055, 13.556548818000067 ], [ 39.487473553000029, 13.577644646000067 ], [ 39.474450026000056, 13.609313426000028 ], [ 39.462877682000055, 13.599136939000061 ], [ 39.426951908000035, 13.613577980000059 ], [ 39.470037263000052, 13.642781717000048 ] ] ], [ [ [ 39.220084065000037, 13.797959847000072 ], [ 39.248825883000052, 13.706309924000038 ], [ 39.29327145700006, 13.705232675000047 ], [ 39.324048162000054, 13.665692726000032 ], [ 39.410038092000036, 13.672349246000067 ], [ 39.414139914000032, 13.639708578000068 ], [ 39.355542183000068, 13.568065855000043 ], [ 39.366047550000076, 13.557291641000063 ], [ 39.34924671400006, 13.55270983500003 ], [ 39.357121407000079, 13.532360594000068 ], [ 39.326903967000078, 13.472561548000044 ], [ 39.357474251000042, 13.467907252000032 ], [ 39.377140910000037, 13.441132757000048 ], [ 39.390178721000041, 13.448000801000035 ], [ 39.38921759200008, 13.43382409000003 ], [ 39.43423535900007, 13.401214467000045 ], [ 39.449965047000035, 13.41679259700004 ], [ 39.531899014000032, 13.401362192000022 ], [ 39.547509675000072, 13.44068999600006 ], [ 39.578316204000032, 13.432657397000071 ], [ 39.598105292000071, 13.386312843000042 ], [ 39.63968128700003, 13.396473643000036 ], [ 39.636074542000074, 13.416410033000034 ], [ 39.646515453000063, 13.415539201000058 ], [ 39.619765948000065, 13.428107957000066 ], [ 39.636899649000043, 13.456504289000065 ], [ 39.569701394000049, 13.485258463000036 ], [ 39.553887395000061, 13.529766823000045 ], [ 39.62720106300003, 13.548197451000021 ], [ 39.685347413000045, 13.613462811000034 ], [ 39.747809218000043, 13.573943246000056 ], [ 39.720509646000039, 13.48685260700006 ], [ 39.745758888000069, 13.374121329000047 ], [ 39.72952242000008, 13.378807824000035 ], [ 39.74170441900003, 13.351287595000031 ], [ 39.719723195000029, 13.294554241000071 ], [ 39.767315156000052, 13.285268958000074 ], [ 39.808532936000063, 13.217173927000033 ], [ 39.811947079000049, 13.155157411000062 ], [ 39.863058903000081, 13.01970368800005 ], [ 39.872620706000077, 12.942546805000063 ], [ 39.855747324000049, 12.927724123000075 ], [ 39.820512295000071, 12.943848222000042 ], [ 39.749801732000037, 12.882756986000061 ], [ 39.686641379000037, 12.90765946700003 ], [ 39.623964968000053, 12.904182684000034 ], [ 39.599759879000032, 12.964829596000072 ], [ 39.582868443000052, 12.965517871000031 ], [ 39.533577512000079, 13.041495726000051 ], [ 39.469486142000051, 13.032066537000048 ], [ 39.497192530000063, 12.990025340000045 ], [ 39.472465156000055, 12.986480483000037 ], [ 39.387750701000073, 13.082185220000042 ], [ 39.346137943000031, 13.100269456000035 ], [ 39.284838461000049, 13.019781894000062 ], [ 39.275274976000048, 13.029124189000072 ], [ 39.220911672000057, 13.007987049000064 ], [ 39.21715564200008, 12.986253924000039 ], [ 39.240670352000052, 12.963490926000077 ], [ 39.233098326000061, 12.916723823000041 ], [ 39.141864794000071, 12.955839862000062 ], [ 39.082858956000052, 12.959272311000063 ], [ 39.053611421000028, 12.990669566000065 ], [ 39.000219106000031, 13.00344377600004 ], [ 38.978601888000071, 13.09896208400005 ], [ 39.036933944000054, 13.134239248000029 ], [ 39.04925413400008, 13.198630832000049 ], [ 39.068778763000068, 13.199274007000042 ], [ 39.101327491000063, 13.237307470000076 ], [ 39.098050757000067, 13.281375225000033 ], [ 39.071982346000027, 13.29634588700003 ], [ 39.041870859000028, 13.28917513500005 ], [ 39.065984723000042, 13.327740786000049 ], [ 39.028359015000035, 13.376087684000026 ], [ 39.020765035000068, 13.46073113500006 ], [ 39.046762627000078, 13.449656365000067 ], [ 39.095582255000068, 13.485355420000076 ], [ 39.125836845000038, 13.478501536000067 ], [ 39.127162750000025, 13.50910695500005 ], [ 39.158975338000062, 13.561134053000046 ], [ 39.088837636000051, 13.586290618000021 ], [ 39.101654839000048, 13.59551450400005 ], [ 39.068082872000048, 13.618797376000032 ], [ 39.049731293000036, 13.599691991000043 ], [ 39.02020436600003, 13.618395578000047 ], [ 39.060519327000065, 13.637076012000023 ], [ 39.068320988000039, 13.706282111000064 ], [ 39.137524919000043, 13.700483263000024 ], [ 39.138416527000061, 13.714841762000049 ], [ 39.165505877000044, 13.723245630000065 ], [ 39.166545943000074, 13.74471440800005 ], [ 39.192145900000071, 13.747574587000031 ], [ 39.19001253700003, 13.765030947000071 ], [ 39.21493974100008, 13.767987575000063 ], [ 39.220084065000037, 13.797959847000072 ] ] ] ] } },
{ "type": "Feature", "properties": { "ADM2_PCODE": "ET0302", "ADM2_EN": "South Gondar", "ADM1_EN": "Amhara" }, "geometry": { "type": "Polygon", "coordinates": [ [ [ 38.420813093000049, 12.552537430000029 ], [ 38.434379892000038, 12.424384169000064 ], [ 38.489113794000048, 12.346097814000075 ], [ 38.444613825000033, 12.227454032000026 ], [ 38.461912419000043, 12.213515284000039 ], [ 38.488065841000036, 12.126758186000075 ], [ 38.50478759300006, 12.114735869000071 ], [ 38.532813001000079, 12.123535781000044 ], [ 38.569438180000077, 12.085521 ], [ 38.608442385000046, 12.076097466000022 ], [ 38.641781165000054, 12.029534056000045 ], [ 38.63440797700008, 11.976295468000046 ], [ 38.603179883000053, 11.95516692700005 ], [ 38.548312242000065, 11.869068958000071 ], [ 38.574772357000029, 11.822945990000051 ], [ 38.555698240000027, 11.789397853000025 ], [ 38.635603728000035, 11.705175970000028 ], [ 38.630631639000057, 11.641697257000033 ], [ 38.649234895000063, 11.601581208000027 ], [ 38.723755114000028, 11.540059239000072 ], [ 38.707334476000028, 11.510503467000035 ], [ 38.705036488000076, 11.410288309000066 ], [ 38.653774215000055, 11.382846090000044 ], [ 38.629577726000036, 11.300929703000065 ], [ 38.574064126000053, 11.230592225000066 ], [ 38.577272295000057, 11.188728026000035 ], [ 38.484359766000068, 11.100593208000021 ], [ 38.474649687000067, 11.036711113000024 ], [ 38.436816230000034, 11.085687519000032 ], [ 38.390144271000054, 11.085347919000071 ], [ 38.295858734000035, 11.150536068000065 ], [ 38.20004619000008, 11.13931116200007 ], [ 38.15691195900007, 11.160300519000032 ], [ 38.076442021000048, 11.157097821000036 ], [ 38.018358529000068, 11.173350504000041 ], [ 37.993063022000058, 11.201164066000047 ], [ 37.948365607000028, 11.191344139000023 ], [ 37.92743464800003, 11.209764101000076 ], [ 37.877613395000026, 11.215825352000024 ], [ 37.828811722000069, 11.25714690600006 ], [ 37.789666062000038, 11.264119538000045 ], [ 37.68682327700003, 11.366319213000054 ], [ 37.632997205000038, 11.458032764000052 ], [ 37.625779226000077, 11.481275482000058 ], [ 37.644493802000056, 11.491217610000035 ], [ 37.629097336000029, 11.520283152000047 ], [ 37.617090546000043, 11.527819022000074 ], [ 37.592401116000076, 11.510234396000044 ], [ 37.573646587000042, 11.549733811000067 ], [ 37.556445033000045, 11.54545048500006 ], [ 37.542981887000053, 11.561878501000024 ], [ 37.549789646000079, 11.578559404000032 ], [ 37.519367184000032, 11.592974457000025 ], [ 37.512594212000067, 11.628942665000068 ], [ 37.543483187000049, 11.648889863000022 ], [ 37.503656677000038, 11.698261934000072 ], [ 37.50416100700005, 11.723281507000024 ], [ 37.440200938000032, 11.720001407000041 ], [ 37.425343435000059, 11.737680687000022 ], [ 37.45033305100003, 11.755281828000022 ], [ 37.461432070000058, 11.784143990000075 ], [ 37.448041762000059, 11.799062113000048 ], [ 37.473287478000032, 11.834935902000041 ], [ 37.480931265000038, 11.822669865000023 ], [ 37.517714686000033, 11.842192778000026 ], [ 37.504072854000071, 11.888918167000043 ], [ 37.495921020000026, 11.896170621000067 ], [ 37.489224314000069, 11.881734719000065 ], [ 37.492125220000048, 11.90843353300005 ], [ 37.529362423000066, 11.902494572000023 ], [ 37.559832349000033, 11.942071171000066 ], [ 37.574776685000074, 11.977571901000033 ], [ 37.556858164000062, 11.998287082000047 ], [ 37.583989109000072, 12.002810870000076 ], [ 37.619131949000064, 12.089298646000032 ], [ 37.604345153000054, 12.131189999000071 ], [ 37.633619140000064, 12.154283525000039 ], [ 37.647077037000031, 12.142077925000024 ], [ 37.693752310000036, 12.152402843000061 ], [ 37.695241976000034, 12.171326519000047 ], [ 37.734124876000067, 12.171970968000039 ], [ 37.759285614000078, 12.192673442000057 ], [ 37.761924862000058, 12.216057564000039 ], [ 37.734191744000043, 12.199130320000052 ], [ 37.682226386000025, 12.275946360000034 ], [ 37.647313583000027, 12.286194015000035 ], [ 37.666426125000044, 12.322134086000062 ], [ 37.705171261000032, 12.335700816000042 ], [ 37.72887516000003, 12.324454068000023 ], [ 37.767145012000071, 12.367687018000026 ], [ 37.794386018000068, 12.344303668000066 ], [ 37.788461236000046, 12.304509809000024 ], [ 37.81254997700006, 12.300423975000058 ], [ 37.830141733000062, 12.251474870000038 ], [ 37.863604953000049, 12.254781693000041 ], [ 37.882419498000047, 12.292251087000068 ], [ 37.904557941000064, 12.268584610000062 ], [ 37.91890937800008, 12.274670322000077 ], [ 37.939557801000035, 12.220922534000067 ], [ 37.964814304000072, 12.218076064000059 ], [ 37.949237224000058, 12.300877164000042 ], [ 37.960022862000073, 12.305009366000036 ], [ 37.963504876000059, 12.288024691000032 ], [ 38.058772463000025, 12.333122076000052 ], [ 38.075650138000071, 12.310652282000035 ], [ 38.113057798000057, 12.318733788000031 ], [ 38.113698062000026, 12.338186696000037 ], [ 38.17182845800005, 12.33872830200005 ], [ 38.289855027000044, 12.416891218000046 ], [ 38.364731959000039, 12.525771854000027 ], [ 38.420813093000049, 12.552537430000029 ] ] ] } },
{ "type": "Feature", "properties": { "ADM2_PCODE": "ET0707", "ADM2_EN": "South Omo", "ADM1_EN": "SNNP" }, "geometry": { "type": "Polygon", "coordinates": [ [ [ 36.36929486300005, 6.462642634000076 ], [ 36.409789831000069, 6.435482837000052 ], [ 36.411535274000073, 6.378786787000024 ], [ 36.427195180000069, 6.375678011000048 ], [ 36.471759047000035, 6.291560492000031 ], [ 36.485672777000048, 6.292230249000056 ], [ 36.397028790000036, 6.133225303000074 ], [ 36.497066873000051, 6.200169953000056 ], [ 36.544864953000058, 6.178255573000058 ], [ 36.603951995000045, 6.245549635000032 ], [ 36.635291893000044, 6.240199915000062 ], [ 36.677448729000048, 6.272745330000021 ], [ 36.749214807000044, 6.185620792000066 ], [ 36.725863759000049, 6.128169127000035 ], [ 36.694940121000059, 6.102171761000022 ], [ 36.722120523000058, 6.090178066000021 ], [ 36.712256712000055, 6.060032921000072 ], [ 36.746030112000028, 5.912067666000041 ], [ 36.796001232000037, 5.912151842000071 ], [ 36.805418864000046, 5.930498728000032 ], [ 36.827915592000068, 5.931373352000037 ], [ 36.845097663000047, 5.967111395000074 ], [ 36.913851932000057, 6.016382229000044 ], [ 36.942129452000074, 6.015517130000035 ], [ 36.981430098000033, 5.982120197000029 ], [ 37.004711001000032, 5.930158861000052 ], [ 37.002305212000067, 5.697150954000051 ], [ 37.030867459000035, 5.669414690000053 ], [ 37.033902386000079, 5.624336637000056 ], [ 37.010475735000057, 5.544438012000057 ], [ 37.055104580000034, 5.493865951000032 ], [ 37.069545537000067, 5.412386067000057 ], [ 37.030525381000075, 5.353244409000069 ], [ 37.036784629000067, 5.268366006000065 ], [ 37.016958834000036, 5.22144079900005 ], [ 37.003311116000077, 5.199082903000033 ], [ 36.94896665400006, 5.19468654700006 ], [ 36.892970983000055, 5.109787746000052 ], [ 36.860708967000051, 4.978767301000062 ], [ 36.85473946500008, 4.736059609000051 ], [ 36.828479986000048, 4.709174806000021 ], [ 36.646409141000049, 4.710757126000033 ], [ 36.680841202000067, 4.604300630000068 ], [ 36.657532315000026, 4.580373676000022 ], [ 36.714253964000079, 4.433850543000062 ], [ 36.6475, 4.44667 ], [ 36.0453, 4.44708 ], [ 35.95111, 4.52111 ], [ 35.9477, 4.62933 ], [ 35.77444, 4.79861 ], [ 35.77999, 5.08264 ], [ 35.82361, 5.13667 ], [ 35.83069, 5.1684 ], [ 35.79624, 5.23514 ], [ 35.82166, 5.32861 ], [ 35.757041116000039, 5.345433896000031 ], [ 35.753842744000053, 5.60065798100004 ], [ 35.806852352000078, 5.665838864000023 ], [ 35.877416006000033, 5.673151982000036 ], [ 35.951573150000058, 5.651032429000054 ], [ 35.964752868000062, 5.66937075200002 ], [ 35.959429099000033, 5.703485127000022 ], [ 35.97850010500008, 5.759599739000066 ], [ 35.962282737000066, 5.782794836000051 ], [ 35.96089379600005, 5.834615714000051 ], [ 35.987696673000073, 5.896311113000024 ], [ 35.977710228000035, 5.948063972000057 ], [ 36.008553450000079, 5.997335860000021 ], [ 35.982138292000059, 6.052006639000069 ], [ 35.99482104100008, 6.084648611000034 ], [ 35.949252841000032, 6.098887010000055 ], [ 35.950362939000058, 6.122391318000041 ], [ 35.933929069000044, 6.131447797000021 ], [ 35.952889097000025, 6.16683968600006 ], [ 35.977742533000026, 6.166221135000058 ], [ 35.956721498000036, 6.225570251000022 ], [ 35.992205013000046, 6.25771196200003 ], [ 36.039392145000079, 6.271332981000057 ], [ 36.059071752000079, 6.30741402600006 ], [ 36.035333184000024, 6.331596133000062 ], [ 36.039131342000076, 6.347126189000051 ], [ 36.068871604000037, 6.35493269400007 ], [ 36.132273355000052, 6.435751549000031 ], [ 36.191637244000049, 6.441845138000076 ], [ 36.248802682000075, 6.385021390000077 ], [ 36.306703766000055, 6.426370729000041 ], [ 36.323350726000058, 6.458356873000071 ], [ 36.36929486300005, 6.462642634000076 ] ] ] } },
{ "type": "Feature", "properties": { "ADM2_PCODE": "ET0304", "ADM2_EN": "South Wello", "ADM1_EN": "Amhara" }, "geometry": { "type": "Polygon", "coordinates": [ [ [ 39.352734874000078, 11.849430794000057 ], [ 39.376376340000036, 11.829109637000045 ], [ 39.43972708900003, 11.820110314000033 ], [ 39.428473601000064, 11.797292079000044 ], [ 39.441610566000065, 11.780881544000067 ], [ 39.422031735000076, 11.758356934000062 ], [ 39.463877319000062, 11.750305196000056 ], [ 39.459689212000058, 11.728786355000068 ], [ 39.430250173000047, 11.711920251000038 ], [ 39.435040883000056, 11.695144398000025 ], [ 39.409481664000054, 11.695182030000069 ], [ 39.358083088000058, 11.658765290000076 ], [ 39.334038442000065, 11.596822422000059 ], [ 39.46733067200006, 11.59408443600006 ], [ 39.511678936000067, 11.665912090000063 ], [ 39.546557277000034, 11.676184576000026 ], [ 39.548910470000067, 11.712382332000061 ], [ 39.576314893000074, 11.708903237000072 ], [ 39.591517588000045, 11.642135477000068 ], [ 39.578731150000067, 11.611222805000068 ], [ 39.606634873000075, 11.56199704200003 ], [ 39.584928719000061, 11.524218229000041 ], [ 39.626459133000026, 11.529182474000038 ], [ 39.642132248000053, 11.509365399000046 ], [ 39.662411552000037, 11.509861964000038 ], [ 39.67325657300006, 11.471572274000039 ], [ 39.704605136000055, 11.483259550000071 ], [ 39.73067472300005, 11.471217478000028 ], [ 39.793274391000068, 11.477124361000051 ], [ 39.84855079700003, 11.517386032000047 ], [ 39.863573002000066, 11.555788847000031 ], [ 39.963817887000062, 11.626814955000043 ], [ 40.015285541000026, 11.645552542000075 ], [ 39.993314070000054, 11.58379725900005 ], [ 40.054877989000033, 11.487684908000062 ], [ 40.06663797200008, 11.432106121000061 ], [ 40.014429384000039, 11.424092256000051 ], [ 39.970761481000068, 11.372014207000063 ], [ 39.846567279000055, 11.319184031000077 ], [ 39.859409884000058, 11.30891837300004 ], [ 39.85605180400006, 11.275309820000075 ], [ 39.885930715000029, 11.241546901000049 ], [ 39.917572990000053, 11.251589853000041 ], [ 39.919718500000045, 11.223068991000048 ], [ 39.973701341000037, 11.18966929100003 ], [ 39.954922894000049, 11.116654044000029 ], [ 40.010741420000045, 11.010627940000063 ], [ 40.049950522000074, 10.981214885000043 ], [ 40.029514809000034, 10.949290302000065 ], [ 40.017102020000038, 10.958663116000025 ], [ 40.018141584000034, 10.936934696000037 ], [ 40.103613327000062, 10.875985410000055 ], [ 39.968579403000035, 10.857716028000027 ], [ 39.969200865000062, 10.838624578000065 ], [ 39.957562171000063, 10.847178872000029 ], [ 39.944516791000069, 10.831905994000067 ], [ 39.934603846000073, 10.845228794000036 ], [ 39.955544626000062, 10.868777676000036 ], [ 39.934092519000046, 10.885306084000035 ], [ 39.933652799000072, 10.910020747000033 ], [ 39.826667169000075, 10.876815786000066 ], [ 39.81908625300008, 10.911605859000076 ], [ 39.803734882000072, 10.89093170700005 ], [ 39.789301451000028, 10.894172849000029 ], [ 39.789861759000075, 10.879238397000051 ], [ 39.744504947000053, 10.893059673000039 ], [ 39.718186677000062, 10.874705329000051 ], [ 39.664518255000075, 10.897281515000032 ], [ 39.691892216000042, 10.842056823000064 ], [ 39.709916019000048, 10.837430088000076 ], [ 39.692727175000073, 10.826214458000038 ], [ 39.710264620000032, 10.802104063000058 ], [ 39.686880715000029, 10.788396888000022 ], [ 39.713245408000034, 10.768899186000056 ], [ 39.708746025000039, 10.727147393000052 ], [ 39.67211661500005, 10.722051780000072 ], [ 39.648636368000041, 10.739772835000053 ], [ 39.526256420000038, 10.632909144000052 ], [ 39.506493757000044, 10.679275461000032 ], [ 39.483484093000072, 10.67369160800007 ], [ 39.472211808000054, 10.564279512000041 ], [ 39.49848399800004, 10.509488505000036 ], [ 39.467019481000079, 10.469379564000064 ], [ 39.452760179000052, 10.415634533000059 ], [ 39.403879432000053, 10.340324553000073 ], [ 39.321438445000069, 10.284199576000049 ], [ 39.276053587000035, 10.200209968000024 ], [ 39.220449655000039, 10.159923665000065 ], [ 39.171326670000042, 10.185871024000051 ], [ 39.20182688400007, 10.240648675000045 ], [ 39.246239712000033, 10.280443337000065 ], [ 39.248883074000048, 10.304755622000073 ], [ 39.210573064000073, 10.282648376000054 ], [ 39.184089322000034, 10.286725241000056 ], [ 39.169910002000051, 10.324012574000051 ], [ 39.142489015000081, 10.341093740000076 ], [ 39.076902149000034, 10.313964567000028 ], [ 39.065784224000026, 10.386629151000022 ], [ 38.974181316000056, 10.333126052000068 ], [ 38.939957661000051, 10.352218122000068 ], [ 38.772146040000052, 10.366160703000048 ], [ 38.738243772000033, 10.385626615000035 ], [ 38.496193081000058, 10.363573172000031 ], [ 38.482978024000033, 10.412200355000039 ], [ 38.48862181700008, 10.485019728000054 ], [ 38.461687251000058, 10.593997121000029 ], [ 38.507608731000062, 10.674235562000035 ], [ 38.507320115000027, 10.748056779000024 ], [ 38.531235919000039, 10.789898127000072 ], [ 38.508099406000042, 10.842323645000022 ], [ 38.523350893000043, 10.902170197000032 ], [ 38.470376767000062, 11.039003251000054 ], [ 38.483594289000052, 11.046632945000056 ], [ 38.472748565000074, 11.077242807000061 ], [ 38.482246256000053, 11.097000303000073 ], [ 38.57649867400005, 11.187434782000025 ], [ 38.574064126000053, 11.230592225000066 ], [ 38.629577726000036, 11.300929703000065 ], [ 38.653774215000055, 11.382846090000044 ], [ 38.682489477000047, 11.402655491000075 ], [ 38.725869455000065, 11.419543384000065 ], [ 38.798019578000037, 11.368647650000071 ], [ 38.847795873000052, 11.38580384200003 ], [ 38.891393422000078, 11.376801182000065 ], [ 38.899550702000056, 11.350924880000036 ], [ 38.924685864000026, 11.344794573000058 ], [ 38.957441331000041, 11.393978639000068 ], [ 38.995270948000041, 11.398771426000053 ], [ 38.98559442800007, 11.427512842000056 ], [ 39.01108987200007, 11.463555006000036 ], [ 38.975963666000041, 11.525483767000026 ], [ 39.047960921000026, 11.557479622000074 ], [ 39.115960933000054, 11.638923274000035 ], [ 39.149389671000051, 11.643682348000027 ], [ 39.176108852000027, 11.68083860400003 ], [ 39.248737802000051, 11.704148072000066 ], [ 39.254841961000068, 11.789771855000026 ], [ 39.352734874000078, 11.849430794000057 ] ] ] } },
{ "type": "Feature", "properties": { "ADM2_PCODE": "ET0413", "ADM2_EN": "South West Shewa", "ADM1_EN": "Oromia" }, "geometry": { "type": "Polygon", "coordinates": [ [ [ 38.12869489600007, 8.923766293000028 ], [ 38.127530353000054, 8.89070904700003 ], [ 38.19813079100004, 8.893845709000061 ], [ 38.23916459600008, 8.879380041000047 ], [ 38.252823502000069, 8.85215015600005 ], [ 38.275273372000072, 8.857986753000034 ], [ 38.294782554000051, 8.894077293000066 ], [ 38.342084900000032, 8.910414882000055 ], [ 38.346823091000033, 8.892758472000025 ], [ 38.377279550000026, 8.890638730000035 ], [ 38.429689572000029, 8.836368529000026 ], [ 38.42939750000005, 8.790567559000067 ], [ 38.46099399600007, 8.767757075000077 ], [ 38.461050750000027, 8.737267036000048 ], [ 38.482663913000067, 8.736571094000055 ], [ 38.498076815000047, 8.697513733000051 ], [ 38.587073390000057, 8.711174297000071 ], [ 38.620762095000032, 8.696813329000065 ], [ 38.62883628600008, 8.665119265000044 ], [ 38.661181953000039, 8.640300624000076 ], [ 38.698453756000049, 8.634764267000037 ], [ 38.70049562500003, 8.56863885100006 ], [ 38.763099958000055, 8.545540627000037 ], [ 38.748336753000046, 8.483948742000052 ], [ 38.765506992000041, 8.393375973000047 ], [ 38.696001811000031, 8.38373443100005 ], [ 38.667231758000071, 8.350485245000073 ], [ 38.654451646000041, 8.394637113000044 ], [ 38.61675172200006, 8.431138369000053 ], [ 38.590882148000048, 8.42601864300002 ], [ 38.575784188000057, 8.444891630000029 ], [ 38.526842520000059, 8.457619570000077 ], [ 38.477883440000028, 8.447359394000046 ], [ 38.430208726000046, 8.298750815000062 ], [ 38.347344031000034, 8.254240952000032 ], [ 38.30703432100006, 8.299693011000045 ], [ 38.311464357000034, 8.369946128000038 ], [ 38.266314665000039, 8.406637793000073 ], [ 38.180030170000066, 8.392867265000064 ], [ 38.138955429000077, 8.409418033000065 ], [ 38.066705828000067, 8.375966615000038 ], [ 38.028041075000033, 8.390282286000058 ], [ 37.988166285000034, 8.359525958000063 ], [ 37.927986659000055, 8.378166835000059 ], [ 37.862947009000038, 8.335705010000027 ], [ 37.816257282000038, 8.331804870000042 ], [ 37.747967710000069, 8.351765815000022 ], [ 37.704547954000077, 8.337035197000034 ], [ 37.666063218000033, 8.383537295000053 ], [ 37.611968519000072, 8.35408602800004 ], [ 37.576078774000052, 8.41406872500005 ], [ 37.524823120000065, 8.420645181000054 ], [ 37.529364760000078, 8.479411213000049 ], [ 37.558289527000056, 8.51788695700003 ], [ 37.571410495000066, 8.514447416000053 ], [ 37.579961571000069, 8.565205596000055 ], [ 37.60501325000007, 8.588937978000047 ], [ 37.603527977000056, 8.681633020000049 ], [ 37.624797202000025, 8.65812431300003 ], [ 37.640850802000045, 8.705899926000029 ], [ 37.669734463000054, 8.687449919000073 ], [ 37.680386854000062, 8.718736823000029 ], [ 37.759702658000037, 8.74701987800006 ], [ 37.78270315900005, 8.767442842000037 ], [ 37.784550607000028, 8.794697174000021 ], [ 37.809507718000077, 8.789861563000045 ], [ 37.795215609000024, 8.814341164000041 ], [ 37.840336232000027, 8.801850983000065 ], [ 37.847404725000047, 8.820632388000035 ], [ 37.890602288000025, 8.822569122000061 ], [ 37.927043036000043, 8.781654609000043 ], [ 38.018778087000044, 8.752384928000026 ], [ 38.035587672000077, 8.784524616000056 ], [ 38.01377317500004, 8.794801181000025 ], [ 38.051315613000043, 8.833726940000076 ], [ 38.107366906000038, 8.837731125000062 ], [ 38.144123714000045, 8.817002001000048 ], [ 38.116249727000024, 8.888966509000056 ], [ 38.080574696000042, 8.892646915000057 ], [ 38.095859424000025, 8.915788809000048 ], [ 38.12869489600007, 8.923766293000028 ] ] ] } },
{ "type": "Feature", "properties": { "ADM2_PCODE": "ET0104", "ADM2_EN": "Southern Tigray", "ADM1_EN": "Tigray" }, "geometry": { "type": "Polygon", "coordinates": [ [ [ 39.350021111000046, 13.096160052000073 ], [ 39.387750701000073, 13.082185220000042 ], [ 39.472465156000055, 12.986480483000037 ], [ 39.497192530000063, 12.990025340000045 ], [ 39.469486142000051, 13.032066537000048 ], [ 39.533577512000079, 13.041495726000051 ], [ 39.582868443000052, 12.965517871000031 ], [ 39.599759879000032, 12.964829596000072 ], [ 39.623964968000053, 12.904182684000034 ], [ 39.686641379000037, 12.90765946700003 ], [ 39.749801732000037, 12.882756986000061 ], [ 39.824836340000047, 12.944526286000041 ], [ 39.844888403000027, 12.925288798000054 ], [ 39.872620706000077, 12.942546805000063 ], [ 39.92520444400003, 12.893767369000045 ], [ 39.977982917000077, 12.792190897000069 ], [ 39.888647898000045, 12.755775692000043 ], [ 39.826104312000041, 12.693741426000031 ], [ 39.832573503000049, 12.634377556000061 ], [ 39.806736717000035, 12.596283054000025 ], [ 39.832764098000041, 12.549890953000045 ], [ 39.863195812000072, 12.53144859300005 ], [ 39.881065664000062, 12.484460752000075 ], [ 39.866285922000031, 12.472624326000073 ], [ 39.882572530000061, 12.457662647000063 ], [ 39.863112708000074, 12.463346012000045 ], [ 39.814929224000025, 12.407061931000044 ], [ 39.830876304000071, 12.357500495000068 ], [ 39.817611330000034, 12.324029795000058 ], [ 39.761546942000052, 12.303252024000074 ], [ 39.75855376100003, 12.319953055000042 ], [ 39.632274431000042, 12.307654083000045 ], [ 39.614212959000042, 12.275731233000045 ], [ 39.555184250000025, 12.255511219000027 ], [ 39.507440992000056, 12.332852040000034 ], [ 39.455564056000071, 12.325027175000059 ], [ 39.419514241000059, 12.296596726000075 ], [ 39.290874255000062, 12.296071961000052 ], [ 39.245529419000036, 12.352944384000068 ], [ 39.229773857000055, 12.501081519000024 ], [ 39.174401277000072, 12.643480483000076 ], [ 39.280482183000061, 12.688008259000071 ], [ 39.267663775000074, 12.77133496600004 ], [ 39.303601989000072, 12.793315273000076 ], [ 39.307215579000058, 12.811652772000059 ], [ 39.277685629000075, 12.826024042000029 ], [ 39.310131697000031, 12.852206846000058 ], [ 39.302989733000061, 12.870121856000026 ], [ 39.279022835000035, 12.856247515000064 ], [ 39.258728715000075, 12.914682269000025 ], [ 39.233098326000061, 12.916723823000041 ], [ 39.240670352000052, 12.963490926000077 ], [ 39.216275841000027, 12.989849118000052 ], [ 39.221271689000048, 13.008400444000074 ], [ 39.262531882000076, 13.026555743000074 ], [ 39.284838461000049, 13.019781894000062 ], [ 39.321656678000068, 13.082472685000027 ], [ 39.350021111000046, 13.096160052000073 ] ] ] } },
{ "type": "Feature", "properties": { "ADM2_PCODE": "ET0308", "ADM2_EN": "Wag Hamra", "ADM1_EN": "Amhara" }, "geometry": { "type": "Polygon", "coordinates": [ [ [ 38.62832792200004, 13.309426650000034 ], [ 38.739521761000049, 13.29351865600006 ], [ 38.731588079000062, 13.262275644000056 ], [ 38.800690766000059, 13.247309866000023 ], [ 38.863105412000039, 13.209497662000047 ], [ 38.951741918000039, 13.237514728000065 ], [ 38.955824074000077, 13.21201319000005 ], [ 38.997367780000047, 13.203404457000033 ], [ 39.041598780000072, 13.161502315000064 ], [ 39.036933944000054, 13.134239248000029 ], [ 38.978601888000071, 13.09896208400005 ], [ 39.000219106000031, 13.00344377600004 ], [ 39.053611421000028, 12.990669566000065 ], [ 39.082858956000052, 12.959272311000063 ], [ 39.141864794000071, 12.955839862000062 ], [ 39.258728715000075, 12.914682269000025 ], [ 39.279022835000035, 12.856247515000064 ], [ 39.306827890000079, 12.866310379000026 ], [ 39.310131697000031, 12.852206846000058 ], [ 39.277685629000075, 12.826024042000029 ], [ 39.307215579000058, 12.811652772000059 ], [ 39.303601989000072, 12.793315273000076 ], [ 39.267663775000074, 12.77133496600004 ], [ 39.280482183000061, 12.688008259000071 ], [ 39.174401277000072, 12.643480483000076 ], [ 39.229773857000055, 12.501081519000024 ], [ 39.245529419000036, 12.352944384000068 ], [ 39.264498222000043, 12.329293716000052 ], [ 39.196011153000029, 12.201894033000031 ], [ 39.161297684000033, 12.200221690000035 ], [ 39.164679928000055, 12.152314588000024 ], [ 39.121689735000075, 12.117089509000039 ], [ 39.096857460000081, 12.167299553000021 ], [ 39.028519791000065, 12.183155159000023 ], [ 39.055814118000058, 12.209902046000025 ], [ 38.989553920000048, 12.254699874000039 ], [ 38.842012930000067, 12.281357585000023 ], [ 38.813565579000056, 12.267882954000072 ], [ 38.738651392000065, 12.297539406000055 ], [ 38.689627004000045, 12.273369627000022 ], [ 38.567676970000036, 12.296770025000058 ], [ 38.520157621000067, 12.283626840000068 ], [ 38.472014423000076, 12.307398770000077 ], [ 38.489113794000048, 12.346097814000075 ], [ 38.44097965900005, 12.404549580000037 ], [ 38.41428508000007, 12.531420654000044 ], [ 38.481400422000036, 12.611916726000061 ], [ 38.452155404000052, 12.674998603000063 ], [ 38.465525961000026, 12.74280721100007 ], [ 38.327391384000066, 12.764191769000035 ], [ 38.355058478000046, 12.897308243000055 ], [ 38.386598110000079, 12.891554957000039 ], [ 38.381372413000065, 12.910592586000064 ], [ 38.398265560000027, 12.920714256000053 ], [ 38.370690226000079, 12.946201159000054 ], [ 38.33574459700003, 12.952382771000032 ], [ 38.338349082000036, 12.972940790000052 ], [ 38.370093567000026, 12.985026746000074 ], [ 38.35282171800003, 13.022546229000056 ], [ 38.380990915000041, 13.007781580000028 ], [ 38.388582369000062, 13.075841859000036 ], [ 38.412152138000067, 13.067762104000053 ], [ 38.424095930000078, 13.094919852000032 ], [ 38.448562310000057, 13.057123924000052 ], [ 38.464828483000076, 13.084767641000042 ], [ 38.503588223000065, 13.08326601300007 ], [ 38.489734560000045, 13.102666216000046 ], [ 38.510815291000029, 13.155868726000051 ], [ 38.495275715000048, 13.185984174000055 ], [ 38.550165937000031, 13.171109221000052 ], [ 38.534000191000075, 13.198594246000027 ], [ 38.559710925000047, 13.199070390000031 ], [ 38.548872716000062, 13.223933632000069 ], [ 38.576744248000068, 13.247427929000025 ], [ 38.572660300000052, 13.292448088000071 ], [ 38.62832792200004, 13.309426650000034 ] ] ] } },
{ "type": "Feature", "properties": { "ADM2_PCODE": "ET0417", "ADM2_EN": "West Arsi", "ADM1_EN": "Oromia" }, "geometry": { "type": "Polygon", "coordinates": [ [ [ 38.855376346000071, 7.704692637000051 ], [ 38.896253554000054, 7.667485307000049 ], [ 38.891751727000042, 7.601720893000049 ], [ 38.871864376000076, 7.578733874000022 ], [ 38.886303042000065, 7.574985716000072 ], [ 38.872973672000057, 7.493979512000067 ], [ 38.849409147000074, 7.472865428000034 ], [ 38.861460412000042, 7.455055368000046 ], [ 38.841688907000048, 7.413294744000041 ], [ 38.859998834000066, 7.388655751000044 ], [ 38.849780126000041, 7.352260449000028 ], [ 38.879433455000026, 7.350782627000058 ], [ 38.906291998000029, 7.326582519000056 ], [ 38.944159457000069, 7.336569163000036 ], [ 38.971281539000074, 7.321086674000071 ], [ 39.026610453000046, 7.330294980000076 ], [ 39.054994013000055, 7.353025432000038 ], [ 39.069083420000027, 7.343628102000025 ], [ 39.127185175000079, 7.361876005000056 ], [ 39.123611001000029, 7.347369288000039 ], [ 39.169384340000079, 7.362282048000054 ], [ 39.209437576000028, 7.328933790000065 ], [ 39.209199329000057, 7.278151157000025 ], [ 39.220963322000046, 7.294311293000021 ], [ 39.272049770000081, 7.305235130000028 ], [ 39.305220450000036, 7.26864487000006 ], [ 39.331716394000068, 7.273840207000035 ], [ 39.337494327000059, 7.25167076200006 ], [ 39.420317774000068, 7.175623742000028 ], [ 39.447796445000051, 7.181182982000053 ], [ 39.445162058000051, 7.213810943000055 ], [ 39.499425783000049, 7.287448189000031 ], [ 39.49773734300004, 7.354133983000054 ], [ 39.524124518000065, 7.398292703000038 ], [ 39.535660905000043, 7.351827038000067 ], [ 39.57748379700007, 7.36313208200005 ], [ 39.586550637000073, 7.326763454000059 ], [ 39.63338307500004, 7.27719195700007 ], [ 39.634700675000033, 7.252590632000022 ], [ 39.688882493000051, 7.219768022000039 ], [ 39.692932585000051, 7.191420782000023 ], [ 39.664595731000077, 7.191015889000028 ], [ 39.628216788000032, 7.147867869000038 ], [ 39.593524076000051, 7.141170204000048 ], [ 39.61663242700007, 7.127239277000058 ], [ 39.623233846000062, 7.090641156000061 ], [ 39.655752326000027, 7.081491523000068 ], [ 39.68009765000005, 7.035862077000047 ], [ 39.674829673000033, 7.013197489000049 ], [ 39.719429469000033, 7.018378594000069 ], [ 39.709953848000055, 6.992750594000029 ], [ 39.731334813000046, 6.971432024000023 ], [ 39.729220352000027, 6.951585210000076 ], [ 39.770714578000025, 6.915122841000027 ], [ 39.740438630000028, 6.870785240000032 ], [ 39.685175817000072, 6.836078164000071 ], [ 39.615607613000066, 6.761300577000043 ], [ 39.644106837000038, 6.713081387000045 ], [ 39.641357217000063, 6.690209968000033 ], [ 39.598323465000078, 6.690689525000039 ], [ 39.579674191000038, 6.671067503000074 ], [ 39.520206506000079, 6.714169634000029 ], [ 39.509485808000079, 6.674403498000061 ], [ 39.469533278000029, 6.66481471000003 ], [ 39.427625014000057, 6.619503116000033 ], [ 39.426917435000064, 6.544691001000047 ], [ 39.401198178000072, 6.555539637000038 ], [ 39.340745140000024, 6.51994327500006 ], [ 39.337699153000074, 6.474031223000054 ], [ 39.296518551000077, 6.429959131000032 ], [ 39.279351423000037, 6.369287796000037 ], [ 39.25218880400007, 6.372210281000037 ], [ 39.215774979000059, 6.30787325700004 ], [ 39.177650137000057, 6.284249868000074 ], [ 39.137831074000076, 6.324578443000064 ], [ 39.139149515000042, 6.355671409000024 ], [ 39.125266528000054, 6.356956690000061 ], [ 39.09661776400003, 6.521612558000072 ], [ 39.04844812400006, 6.569824785000037 ], [ 39.059308084000065, 6.608786534000046 ], [ 38.959640225000044, 6.60087935100006 ], [ 38.94167884400008, 6.610336709000023 ], [ 38.949423821000039, 6.643803218000073 ], [ 38.934424959000069, 6.65561141400002 ], [ 38.837751030000049, 6.674915718000022 ], [ 38.817929714000059, 6.703611031000037 ], [ 38.742290194000077, 6.700940976000027 ], [ 38.705550464000055, 6.742042868000055 ], [ 38.635670932000039, 6.77171426700005 ], [ 38.63985344200006, 6.812686850000034 ], [ 38.714084698000079, 6.860577375000048 ], [ 38.69477071600005, 6.957492603000048 ], [ 38.714380616000028, 6.991414114000065 ], [ 38.710500658000058, 7.012985094000044 ], [ 38.677412797000045, 7.005354711000052 ], [ 38.680870877000075, 7.048356713000032 ], [ 38.636951174000046, 7.066097547000027 ], [ 38.646171139000046, 7.095543106000036 ], [ 38.611491380000075, 7.124180187000036 ], [ 38.583641554000053, 7.126290302000029 ], [ 38.546114525000064, 7.090876842000057 ], [ 38.480022182000027, 7.090398776000029 ], [ 38.442548328000044, 7.126812556000061 ], [ 38.400632700000074, 7.121470242000044 ], [ 38.342193101000078, 7.164452227000027 ], [ 38.321894933000067, 7.161742447000051 ], [ 38.237920596000038, 7.020054713000036 ], [ 38.193793906000053, 7.012345484000036 ], [ 38.146584174000054, 6.977463948000036 ], [ 38.117114364000031, 6.980914125000027 ], [ 38.064154741000038, 7.043386989000055 ], [ 38.086965242000076, 7.194943441000021 ], [ 38.265210099000058, 7.306723977000047 ], [ 38.279442839000069, 7.380599418000031 ], [ 38.318911943000046, 7.41416739500005 ], [ 38.327244892000067, 7.461681727000041 ], [ 38.426748651000025, 7.514721252000072 ], [ 38.419043576000036, 7.569160510000074 ], [ 38.458430167000074, 7.59098037900003 ], [ 38.458697457000028, 7.610449689000063 ], [ 38.545776812000042, 7.685335377000058 ], [ 38.612507559000051, 7.667242307000038 ], [ 38.736451989000045, 7.695803265000052 ], [ 38.747943539000062, 7.674387254000067 ], [ 38.751232425000069, 7.693231359000038 ], [ 38.779368232000024, 7.688673890000075 ], [ 38.75730567800008, 7.671100697000043 ], [ 38.788045924000073, 7.667555994000054 ], [ 38.798945475000039, 7.647758089000035 ], [ 38.810406594000028, 7.699381449000043 ], [ 38.855376346000071, 7.704692637000051 ] ] ] } },
{ "type": "Feature", "properties": { "ADM2_PCODE": "ET0307", "ADM2_EN": "West Gojam", "ADM1_EN": "Amhara" }, "geometry": { "type": "MultiPolygon", "coordinates": [ [ [ [ 37.30931240700005, 11.886803728000075 ], [ 37.314544539000053, 11.896880820000035 ], [ 37.320421421000049, 11.889022707000038 ], [ 37.30931240700005, 11.886803728000075 ] ] ], [ [ [ 36.995652610000036, 11.89127559800005 ], [ 37.03295335100006, 11.886571576000051 ], [ 37.047916590000057, 11.841403605000039 ], [ 37.079752433000067, 11.829926295000064 ], [ 37.094982278000032, 11.802441818000034 ], [ 37.102290765000077, 11.803961552000032 ], [ 37.110043457000074, 11.80975311800006 ], [ 37.097192995000057, 11.844744453000033 ], [ 37.116073177000033, 11.843873925000025 ], [ 37.128567238000073, 11.872172404000025 ], [ 37.120073921000028, 11.829797167000038 ], [ 37.133294598000077, 11.806302771000048 ], [ 37.184707204000063, 11.806970706000072 ], [ 37.23575846600005, 11.833984527000041 ], [ 37.275988491000078, 11.814858199000071 ], [ 37.31282936100007, 11.777431390000061 ], [ 37.304332989000045, 11.73777158300004 ], [ 37.358643254000071, 11.697461863000058 ], [ 37.326138291000063, 11.682060489000037 ], [ 37.316034703000071, 11.69236574100006 ], [ 37.293189304000066, 11.655090192000046 ], [ 37.312587380000025, 11.657357344000047 ], [ 37.346165499000051, 11.617248076000067 ], [ 37.373795027000028, 11.609297536000042 ], [ 37.37935966100008, 11.624699488000033 ], [ 37.38649207800006, 11.596966788000032 ], [ 37.393941758000039, 11.611437220000028 ], [ 37.408742396000036, 11.603856148000034 ], [ 37.424726577000058, 11.66780615600004 ], [ 37.415875935000031, 11.681124957000065 ], [ 37.436377029000028, 11.711781901000052 ], [ 37.424385252000036, 11.737789038000074 ], [ 37.440200938000032, 11.720001407000041 ], [ 37.496972522000078, 11.731657111000061 ], [ 37.503656677000038, 11.698261934000072 ], [ 37.543483187000049, 11.648889863000022 ], [ 37.512594212000067, 11.628942665000068 ], [ 37.519367184000032, 11.592974457000025 ], [ 37.549789646000079, 11.578559404000032 ], [ 37.542981887000053, 11.561878501000024 ], [ 37.556445033000045, 11.54545048500006 ], [ 37.573646587000042, 11.549733811000067 ], [ 37.592401116000076, 11.510234396000044 ], [ 37.617090546000043, 11.527819022000074 ], [ 37.629097336000029, 11.520283152000047 ], [ 37.644493802000056, 11.491217610000035 ], [ 37.625779226000077, 11.481275482000058 ], [ 37.633732767000026, 11.456361622000031 ], [ 37.735642308000024, 11.305403152000054 ], [ 37.854185216000076, 11.239158663000069 ], [ 37.824935015000051, 11.228057708000051 ], [ 37.821217433000072, 11.168186758000047 ], [ 37.703714385000069, 11.137243499000022 ], [ 37.715103011000053, 11.111911677000023 ], [ 37.664588706000075, 11.106304999000031 ], [ 37.643599590000065, 11.088792369000032 ], [ 37.679008175000035, 11.073676508000062 ], [ 37.67339129000004, 11.060312130000057 ], [ 37.700116639000044, 11.042762755000069 ], [ 37.75166106100005, 11.084526419000042 ], [ 37.747222923000038, 11.01503167900006 ], [ 37.711550964000025, 10.987711835000027 ], [ 37.691922788000056, 10.842139650000036 ], [ 37.717862779000029, 10.763059236000061 ], [ 37.753189261000045, 10.762533326000039 ], [ 37.774831264000056, 10.741637430000026 ], [ 37.649066377000054, 10.700397968000061 ], [ 37.651160336000032, 10.680861224000068 ], [ 37.578558992000069, 10.584251140000049 ], [ 37.575362866000035, 10.554199173000029 ], [ 37.507425503000036, 10.534805290000065 ], [ 37.453819950000025, 10.486292756000068 ], [ 37.421879964000027, 10.491725675000055 ], [ 37.305714108000075, 10.458924950000039 ], [ 37.308417599000052, 10.439408097000069 ], [ 37.274979811000037, 10.38574301400007 ], [ 37.280355225000051, 10.361199996000039 ], [ 37.251988053000048, 10.324288297000066 ], [ 37.145563597000034, 10.340731610000034 ], [ 37.047992997000051, 10.288587838000069 ], [ 37.013265300000057, 10.284938673000056 ], [ 36.97992079900007, 10.314026481000042 ], [ 36.897961210000062, 10.312848153000061 ], [ 36.869241516000045, 10.340692899000032 ], [ 36.806598428000029, 10.335371293000037 ], [ 36.76175988600005, 10.36730949400004 ], [ 36.69165352300007, 10.357319884000049 ], [ 36.685399334000067, 10.317595047000054 ], [ 36.66832541000008, 10.313818870000034 ], [ 36.605471513000055, 10.364720049000027 ], [ 36.539244943000028, 10.364979387000062 ], [ 36.520496154000057, 10.399559641000053 ], [ 36.546228503000066, 10.456896895000057 ], [ 36.528550232000043, 10.495603173000063 ], [ 36.610420260000069, 10.538836223000033 ], [ 36.684429040000055, 10.557297922000032 ], [ 36.72865070000006, 10.523326868000026 ], [ 36.744750536000026, 10.529510298000048 ], [ 36.752061354000034, 10.583386801000074 ], [ 36.778607137000051, 10.579617284000051 ], [ 36.82476506900008, 10.622390835000033 ], [ 36.824529131000077, 10.664019903000053 ], [ 36.859742661000041, 10.680622191000054 ], [ 36.918878696000036, 10.667359030000057 ], [ 36.938147146000063, 10.726389380000057 ], [ 36.96177651000005, 10.705258594000043 ], [ 36.976743828000053, 10.711274096000068 ], [ 36.96509340700004, 10.732196389000023 ], [ 36.97910741100003, 10.723151820000055 ], [ 37.013550610000038, 10.762883654000063 ], [ 37.013057429000071, 10.734754666000072 ], [ 37.027800509000031, 10.741431153000065 ], [ 37.024753989000033, 10.758411034000062 ], [ 37.064635404000057, 10.762584760000038 ], [ 37.059481386000073, 10.79311861900004 ], [ 37.074645206000071, 10.782211413000027 ], [ 37.100656622000031, 10.796339948000025 ], [ 37.091705931000035, 10.826994893000062 ], [ 37.124116507000053, 10.828339577000065 ], [ 37.129595937000033, 10.853643001000023 ], [ 37.115074353000068, 10.864053416000047 ], [ 37.113039651000065, 10.910784862000071 ], [ 37.081206259000055, 10.944241620000071 ], [ 37.102084070000046, 10.966507691000061 ], [ 37.133786773000054, 10.960361155000044 ], [ 37.133016654000073, 10.97240318300004 ], [ 37.107255140000063, 11.010220125000046 ], [ 37.113470621000033, 11.034782285000063 ], [ 37.094581700000049, 11.02803913200006 ], [ 37.095764595000048, 11.011173113000041 ], [ 37.073590514000045, 11.059786221000024 ], [ 37.088925818000064, 11.098751665000066 ], [ 37.075030364000042, 11.112941555000077 ], [ 37.071350197000072, 11.179344506000064 ], [ 37.006544308000059, 11.182322370000065 ], [ 37.010302827000032, 11.210372780000057 ], [ 36.993279620000067, 11.215799342000025 ], [ 36.981154010000068, 11.254046478000021 ], [ 36.926626125000041, 11.25777791400003 ], [ 36.941807751000056, 11.304840149000029 ], [ 36.882272691000026, 11.315109757000073 ], [ 36.865821554000036, 11.347633641000073 ], [ 36.746181619000026, 11.442629944000032 ], [ 36.71915481800005, 11.419094310000048 ], [ 36.650484643000027, 11.40403817300006 ], [ 36.663264466000044, 11.464373268000031 ], [ 36.651616309000076, 11.508788964000075 ], [ 36.623107398000059, 11.533595978000051 ], [ 36.552001055000062, 11.52279363100007 ], [ 36.550369740000065, 11.534793905000072 ], [ 36.700167413000031, 11.681447896000066 ], [ 36.789217415000053, 11.676641528000061 ], [ 36.846105471000044, 11.742690766000067 ], [ 36.882282566000072, 11.740091740000025 ], [ 36.860470752000026, 11.786702938000076 ], [ 36.870907724000062, 11.843168143000071 ], [ 36.948017789000062, 11.867938197000058 ], [ 36.986039464000044, 11.907479229000046 ], [ 36.995652610000036, 11.89127559800005 ] ] ], [ [ [ 37.272709343000031, 11.945325 ], [ 37.299771709000026, 11.929225530000053 ], [ 37.300183636000042, 11.90205671800004 ], [ 37.24943975900004, 11.884668963000024 ], [ 37.240534402000037, 11.917572251000024 ], [ 37.272709343000031, 11.945325 ] ] ] ] } },
{ "type": "Feature", "properties": { "ADM2_PCODE": "ET0312", "ADM2_EN": "West Gondar", "ADM1_EN": "Amhara" }, "geometry": { "type": "Polygon", "coordinates": [ [ [ 36.531688744000064, 13.331380376000027 ], [ 36.676409233000072, 13.280288650000045 ], [ 36.698814448000064, 13.225376133000054 ], [ 36.749660164000034, 13.221346076000032 ], [ 36.81537540100004, 13.153081242000042 ], [ 36.836532343000044, 13.08778656800007 ], [ 36.82660465400005, 13.033151039000074 ], [ 36.807311265000067, 13.062958293000065 ], [ 36.764610705000052, 13.052338615000053 ], [ 36.755712229000039, 13.034954820000053 ], [ 36.828677237000079, 12.917450853000048 ], [ 36.785598832000062, 12.93306035300003 ], [ 36.800792975000036, 12.817653026000073 ], [ 36.838313717000062, 12.803953654000054 ], [ 36.880302292000067, 12.823706328000071 ], [ 36.909821020000038, 12.795646875000045 ], [ 37.007994390000079, 12.801922599000022 ], [ 37.00924811200008, 12.772579722000046 ], [ 37.055038805000038, 12.740028437000035 ], [ 37.028982129000042, 12.703973937000058 ], [ 36.98735118500008, 12.695482255000059 ], [ 36.98594891700003, 12.672488981000072 ], [ 36.922568394000052, 12.710407873000065 ], [ 36.937688042000048, 12.591391535000071 ], [ 36.856698065000046, 12.589421572000049 ], [ 36.850225584000043, 12.567490330000055 ], [ 36.91500028400003, 12.535697231000029 ], [ 36.887689573000046, 12.484774191000042 ], [ 36.871746277000057, 12.488331554000069 ], [ 36.860257235000063, 12.442458293000072 ], [ 36.875211238000077, 12.431551760000048 ], [ 36.869140663000053, 12.378768128000047 ], [ 36.84219528400007, 12.369710335000036 ], [ 36.74476672000003, 12.407619429000022 ], [ 36.711075225000059, 12.387877442000047 ], [ 36.671759962000067, 12.400857396000049 ], [ 36.655280658000038, 12.383269614000028 ], [ 36.587660408000033, 12.404069366000044 ], [ 36.520373191000033, 12.392837855000039 ], [ 36.50986731200004, 12.374692665000055 ], [ 36.528747517000056, 12.374736974000029 ], [ 36.530676945000039, 12.35518163200004 ], [ 36.474715537000066, 12.323392511000065 ], [ 36.498515886000064, 12.293260332000045 ], [ 36.471970691000024, 12.259112973000072 ], [ 36.485780591000037, 12.224231896000049 ], [ 36.406097779000049, 12.165462435000052 ], [ 36.493124227000067, 12.106782768000073 ], [ 36.418235041000059, 12.015898848000063 ], [ 36.343668542000046, 12.054061683000043 ], [ 36.295513974000073, 12.045248109000056 ], [ 36.226741683000057, 12.001078746000076 ], [ 36.190450122000072, 12.000404997000032 ], [ 36.13061532100005, 12.011760528000025 ], [ 36.101859023000031, 12.034516836000023 ], [ 36.08662053200004, 12.027193045000047 ], [ 36.062671479000073, 12.052735684000027 ], [ 36.059782434000056, 12.024481770000023 ], [ 35.936500155000033, 12.007519525000077 ], [ 35.936458851000054, 11.920757861000027 ], [ 35.874423952000029, 11.885936799000035 ], [ 35.848264760000063, 11.840246103000027 ], [ 35.822991350000052, 11.826866221000046 ], [ 35.803664669000057, 11.838016204000041 ], [ 35.666595569000037, 11.825909434000039 ], [ 35.661715636000054, 11.79337722300005 ], [ 35.576589014000035, 11.767351612000027 ], [ 35.516946098000062, 11.718011190000027 ], [ 35.473298434000071, 11.736175096000068 ], [ 35.42178871200008, 11.729397647000042 ], [ 35.363772558000051, 11.752983616000051 ], [ 35.325713089000033, 11.794483632000038 ], [ 35.295932534000031, 11.799151356000039 ], [ 35.284349649000035, 11.884517440000025 ], [ 35.261084449000066, 11.92768725600007 ], [ 35.28388, 11.98333 ], [ 35.64736, 12.59153 ], [ 35.68624, 12.60222 ], [ 35.70108, 12.66612 ], [ 35.96472, 12.71556 ], [ 36.07229, 12.7241 ], [ 36.11194, 12.69403 ], [ 36.14254, 12.71485 ], [ 36.15916, 12.88139 ], [ 36.13534, 12.92541 ], [ 36.16889, 12.99 ], [ 36.15736, 13.03306 ], [ 36.2486, 13.36806 ], [ 36.3975, 13.56778 ], [ 36.40902, 13.6575 ], [ 36.453524516000073, 13.762965645000065 ], [ 36.480674068000042, 13.734733629000061 ], [ 36.477664256000025, 13.693450618000043 ], [ 36.526074354000059, 13.606487345000062 ], [ 36.497559503000048, 13.56144626400004 ], [ 36.482089124000026, 13.492087277000053 ], [ 36.501172732000043, 13.382060577000061 ], [ 36.531688744000064, 13.331380376000027 ] ] ] } },
{ "type": "Feature", "properties": { "ADM2_PCODE": "ET0415", "ADM2_EN": "West Guji", "ADM1_EN": "Oromia" }, "geometry": { "type": "Polygon", "coordinates": [ [ [ 37.952662912000051, 6.549619914000061 ], [ 38.015926615000069, 6.575613412000052 ], [ 38.05159517900006, 6.534738812000057 ], [ 38.149683719000052, 6.496589192000044 ], [ 38.155222080000044, 6.43925598200002 ], [ 38.245590529000026, 6.468228601000021 ], [ 38.282403501000033, 6.437769978000063 ], [ 38.288230414000054, 6.359842237000066 ], [ 38.197577785000078, 6.319003268000074 ], [ 38.173741781000047, 6.26681042000007 ], [ 38.197921375000078, 6.206434972000068 ], [ 38.187396841000066, 6.182210307000048 ], [ 38.141383620000056, 6.154456615000072 ], [ 38.102301546000035, 6.180448387000069 ], [ 38.079863412000066, 6.116986871000051 ], [ 38.121592709000026, 6.016677806000075 ], [ 38.150342212000055, 6.000406334000047 ], [ 38.180971692000071, 5.941651025000056 ], [ 38.203731305000076, 5.935020423000026 ], [ 38.207991238000034, 5.840191838000067 ], [ 38.270430162000025, 5.868524416000071 ], [ 38.32532922300004, 5.868814446000044 ], [ 38.396085707000054, 5.920052383000041 ], [ 38.374809066000068, 5.943043287000023 ], [ 38.327529177000031, 5.955372279000073 ], [ 38.318949083000064, 5.975062712000067 ], [ 38.282259951000071, 5.970703664000041 ], [ 38.271710141000028, 5.986579348000021 ], [ 38.342172629000061, 6.082422892000068 ], [ 38.386855858000047, 6.078419343000064 ], [ 38.394072248000043, 6.098372980000022 ], [ 38.403487015000053, 6.072453247000055 ], [ 38.445715373000041, 6.059573745000023 ], [ 38.461787449000042, 6.02526855900004 ], [ 38.522407012000031, 5.999524475000044 ], [ 38.578585136000072, 5.94222865100005 ], [ 38.603732472000047, 5.943156679000026 ], [ 38.617238941000039, 5.908272598000053 ], [ 38.687211742000045, 5.862764448000064 ], [ 38.701669873000071, 5.812210303000029 ], [ 38.667079212000033, 5.793922348000024 ], [ 38.639353466000046, 5.790538834000074 ], [ 38.622027987000024, 5.82489479700007 ], [ 38.591089474000057, 5.841386643000021 ], [ 38.572463895000055, 5.819067740000037 ], [ 38.618264686000032, 5.772891664000042 ], [ 38.638956004000079, 5.670795180000027 ], [ 38.663994178000053, 5.66986651700006 ], [ 38.679994994000026, 5.63345804100004 ], [ 38.749563993000038, 5.59487157500007 ], [ 38.749610742000073, 5.499613230000023 ], [ 38.715461345000051, 5.473081917000059 ], [ 38.725344524000036, 5.414858044000027 ], [ 38.798227342000075, 5.324350106000054 ], [ 38.791403692000074, 5.311181917000056 ], [ 38.80863080000006, 5.317227520000074 ], [ 38.815346396000052, 5.295926035000036 ], [ 38.836363087000052, 5.299740400000076 ], [ 38.838569933000031, 5.260823273000028 ], [ 38.859471940000049, 5.242024025000035 ], [ 38.836025395000036, 5.220028057000036 ], [ 38.853471469000056, 5.187005769000052 ], [ 38.804030118000071, 5.11520458900003 ], [ 38.812678691000031, 5.091704413000059 ], [ 38.792765803000066, 5.104670293000027 ], [ 38.771961933000057, 5.069528844000047 ], [ 38.739305454000032, 5.073633065000024 ], [ 38.730480309000029, 5.056780292000042 ], [ 38.713340902000027, 5.058544014000063 ], [ 38.708222431000024, 5.089145915000074 ], [ 38.677964276000068, 5.116175775000045 ], [ 38.631964328000038, 5.107709617000069 ], [ 38.588779232000036, 5.147663048000027 ], [ 38.529877504000069, 5.144089970000039 ], [ 38.522696926000037, 5.122895662000076 ], [ 38.466997192000065, 5.124215066000033 ], [ 38.443792281000071, 5.144497670000021 ], [ 38.438393442000063, 5.176963488000069 ], [ 38.392172089000042, 5.214898277000032 ], [ 38.395706945000029, 5.239310948000025 ], [ 38.33758269100008, 5.259811081000066 ], [ 38.311568016000081, 5.290558202000057 ], [ 38.302558228000066, 5.279050921000021 ], [ 38.230694372000073, 5.292099083000039 ], [ 38.218694853000045, 5.313669337000022 ], [ 38.17210738600005, 5.323494121000067 ], [ 38.136925025000039, 5.289364558000045 ], [ 38.121559167000044, 5.324501127000076 ], [ 38.101713196000048, 5.296699214000057 ], [ 38.100384923000036, 5.244959816000062 ], [ 38.035333557000058, 5.237933486000031 ], [ 38.016294799000036, 5.214847471000041 ], [ 37.943376966000073, 5.265404733000025 ], [ 37.914566268000044, 5.263195845000041 ], [ 37.909840790000032, 5.244773100000032 ], [ 37.886762247000036, 5.235433683000053 ], [ 37.902059564000069, 5.25429742700004 ], [ 37.901212375000057, 5.373247752000054 ], [ 37.935224497000036, 5.423033255000064 ], [ 37.946814455000037, 5.47428560000003 ], [ 37.930174644000033, 5.616672147000031 ], [ 37.943519996000077, 5.639464151000027 ], [ 38.008014704000061, 5.650154599000075 ], [ 38.075163846000066, 5.688940437000042 ], [ 38.088883692000024, 5.745607964000044 ], [ 38.019874167000069, 5.79004003700004 ], [ 37.968574602000047, 5.956017667000026 ], [ 37.903975012000046, 5.960507907000022 ], [ 37.842965438000078, 6.010940249000043 ], [ 37.803736092000065, 5.993178830000033 ], [ 37.783175819000064, 6.010600270000054 ], [ 37.778095935000067, 6.149596620000068 ], [ 37.840265601000056, 6.248251081000035 ], [ 37.852155563000053, 6.304783647000022 ], [ 37.840085687000055, 6.378747021000038 ], [ 37.797455987000035, 6.429239352000025 ], [ 37.799926004000042, 6.47818157200004 ], [ 37.892775954000058, 6.596070541000074 ], [ 37.952662912000051, 6.549619914000061 ] ] ] } },
{ "type": "Feature", "properties": { "ADM2_PCODE": "ET0409", "ADM2_EN": "West Hararge", "ADM1_EN": "Oromia" }, "geometry": { "type": "Polygon", "coordinates": [ [ [ 40.889994069000068, 9.448646402000065 ], [ 40.927514099000064, 9.405136336000055 ], [ 40.891213899000036, 9.389536466000038 ], [ 40.788823447000027, 9.386896769000032 ], [ 40.812563326000031, 9.310926782000024 ], [ 40.874103588000025, 9.309446605000062 ], [ 41.014074331000074, 9.357206139000027 ], [ 41.191843542000072, 9.459754477000047 ], [ 41.25779955400003, 9.339707650000037 ], [ 41.253966945000059, 9.302998785000057 ], [ 41.280830037000044, 9.26718145500007 ], [ 41.206692887000031, 9.179193718000022 ], [ 41.272988509000072, 9.152721998000061 ], [ 41.266477759000054, 9.132702278000068 ], [ 41.289105621000033, 9.085989256000062 ], [ 41.228115225000067, 8.872798212000021 ], [ 41.173460731000034, 8.766630016000022 ], [ 41.210285257000066, 8.684793712000044 ], [ 41.266996919000064, 8.618898952000052 ], [ 41.277307653000037, 8.528855383000064 ], [ 41.245712744000059, 8.456040777000055 ], [ 41.253380689000039, 8.429175243000032 ], [ 41.313310462000061, 8.370589516000052 ], [ 41.359924720000038, 8.351471991000039 ], [ 41.385826146000056, 8.362219977000052 ], [ 41.443971570000031, 8.314308775000029 ], [ 41.448415161000071, 8.279779985000062 ], [ 41.487567783000031, 8.252999114000033 ], [ 41.497782629000028, 8.197682437000026 ], [ 41.575302144000034, 8.15322898200003 ], [ 41.576958170000069, 8.021105847000058 ], [ 41.536629190000042, 7.969208331000061 ], [ 41.522255382000026, 8.077053943000067 ], [ 41.496704874000045, 8.130505779000032 ], [ 41.417363900000055, 8.11315085800004 ], [ 41.332904717000076, 8.158140127000024 ], [ 41.302151280000032, 8.154909951000036 ], [ 41.243023863000076, 8.128421670000023 ], [ 41.19440091000007, 8.131358778000049 ], [ 41.146026977000076, 8.085375806000059 ], [ 41.086387382000055, 8.062254360000054 ], [ 41.05176479000005, 8.011399203000053 ], [ 40.98974680200007, 7.995409677000055 ], [ 40.977143655000077, 7.970917693000047 ], [ 40.91633756300007, 7.956105077000075 ], [ 40.798969835000037, 7.961077788000068 ], [ 40.74033440200003, 7.927017137000064 ], [ 40.733426983000072, 7.89965385000005 ], [ 40.663860840000041, 7.889218659000051 ], [ 40.652166330000057, 7.900970914000027 ], [ 40.595742805000043, 7.863616832000048 ], [ 40.541975752000042, 7.913033650000045 ], [ 40.468518522000068, 7.949216386000046 ], [ 40.385290004000069, 8.037316419000035 ], [ 40.393831694000028, 8.054645210000047 ], [ 40.35741911000008, 8.127986941000074 ], [ 40.389574794000055, 8.180790907000073 ], [ 40.307005977000074, 8.396479169000031 ], [ 40.291123853000045, 8.606612833000042 ], [ 40.27879928200008, 8.61822716100005 ], [ 40.258241539000039, 8.606609333000051 ], [ 40.258013061000042, 8.571573190000038 ], [ 40.227482144000078, 8.569621005000045 ], [ 40.183172986000045, 8.538967164000042 ], [ 40.164708735000033, 8.578629557000056 ], [ 40.176310289000071, 8.61482432300005 ], [ 40.142875210000057, 8.627474824000046 ], [ 40.117941807000079, 8.61843535600002 ], [ 40.079023134000067, 8.639574824000022 ], [ 40.049483219000081, 8.631842551000034 ], [ 40.029522545000077, 8.646924507000051 ], [ 40.022912088000055, 8.683983806000072 ], [ 40.053981768000028, 8.708959353000068 ], [ 40.09004152600005, 8.778482112000063 ], [ 40.073815549000074, 8.819621468000037 ], [ 40.096364537000056, 8.864795625000056 ], [ 40.169889522000062, 8.964498896000066 ], [ 40.237809910000067, 8.99733868800007 ], [ 40.245500161000052, 9.074868599000069 ], [ 40.327020742000059, 9.154658312000038 ], [ 40.471021949000033, 9.35475771800003 ], [ 40.528412291000052, 9.385457529000064 ], [ 40.659552928000039, 9.404307129000074 ], [ 40.698563231000037, 9.447646966000036 ], [ 40.842363908000038, 9.463586528000064 ], [ 40.889994069000068, 9.448646402000065 ] ] ] } },
{ "type": "Feature", "properties": { "ADM2_PCODE": "ET0405", "ADM2_EN": "West Shewa", "ADM1_EN": "Oromia" }, "geometry": { "type": "Polygon", "coordinates": [ [ [ 37.893029141000056, 9.927258911000024 ], [ 37.943295787000068, 9.909809721000045 ], [ 37.971195701000056, 9.869917863000069 ], [ 38.033318765000047, 9.848473202000037 ], [ 38.055933721000031, 9.769295640000053 ], [ 38.125674727000046, 9.639869627000053 ], [ 38.14951779300003, 9.644164439000065 ], [ 38.176868530000036, 9.687194002000069 ], [ 38.205255818000069, 9.696482377000052 ], [ 38.32045370600008, 9.675359596000021 ], [ 38.396531356000025, 9.609049010000035 ], [ 38.444570411000029, 9.605642856000031 ], [ 38.467900950000057, 9.584155949000035 ], [ 38.518386484000075, 9.573908513000049 ], [ 38.549354243000039, 9.503318336000063 ], [ 38.568040572000029, 9.492350671000054 ], [ 38.520831218000069, 9.465920223000069 ], [ 38.555631367000046, 9.440553885000043 ], [ 38.531021662000057, 9.416306489000021 ], [ 38.545174239000062, 9.368394149000039 ], [ 38.498041485000044, 9.340671374000067 ], [ 38.510510432000046, 9.327041970000039 ], [ 38.482400974000029, 9.260919455000021 ], [ 38.509913508000068, 9.24140847700005 ], [ 38.505843512000069, 9.229498954000064 ], [ 38.444328775000031, 9.23664631500003 ], [ 38.458058798000025, 9.216863123000053 ], [ 38.415689245000067, 9.190477037000051 ], [ 38.424983776000033, 9.115558263000025 ], [ 38.479176841000026, 9.094680643000061 ], [ 38.440704815000061, 9.064119084000026 ], [ 38.45474543000006, 9.058868543000074 ], [ 38.458210689000055, 9.016722949000041 ], [ 38.442277621000073, 8.966815313000041 ], [ 38.392348857000059, 8.935152758000072 ], [ 38.438766366000038, 8.877213624000035 ], [ 38.40883892800008, 8.852069497000059 ], [ 38.333658206000052, 8.913607590000026 ], [ 38.252584723000041, 8.852183592000074 ], [ 38.23916459600008, 8.879380041000047 ], [ 38.19813079100004, 8.893845709000061 ], [ 38.12461516500008, 8.892437968000024 ], [ 38.138399006000043, 8.920983793000062 ], [ 38.121601587000043, 8.931515758000046 ], [ 38.080574696000042, 8.892646915000057 ], [ 38.116249727000024, 8.888966509000056 ], [ 38.144123714000045, 8.817002001000048 ], [ 38.107366906000038, 8.837731125000062 ], [ 38.051315613000043, 8.833726940000076 ], [ 38.01377317500004, 8.794801181000025 ], [ 38.035587672000077, 8.784524616000056 ], [ 38.018778087000044, 8.752384928000026 ], [ 37.927043036000043, 8.781654609000043 ], [ 37.890602288000025, 8.822569122000061 ], [ 37.847404725000047, 8.820632388000035 ], [ 37.840336232000027, 8.801850983000065 ], [ 37.795215609000024, 8.814341164000041 ], [ 37.809507718000077, 8.789861563000045 ], [ 37.784550607000028, 8.794697174000021 ], [ 37.78270315900005, 8.767442842000037 ], [ 37.759702658000037, 8.74701987800006 ], [ 37.680386854000062, 8.718736823000029 ], [ 37.669734463000054, 8.687449919000073 ], [ 37.640850802000045, 8.705899926000029 ], [ 37.624797202000025, 8.65812431300003 ], [ 37.603527977000056, 8.681633020000049 ], [ 37.60501325000007, 8.588937978000047 ], [ 37.579961571000069, 8.565205596000055 ], [ 37.571410495000066, 8.514447416000053 ], [ 37.558289527000056, 8.51788695700003 ], [ 37.534929290000036, 8.49016344000006 ], [ 37.524823120000065, 8.420645181000054 ], [ 37.498569627000052, 8.40361894800003 ], [ 37.464180118000058, 8.317315086000065 ], [ 37.386382200000071, 8.388402229000064 ], [ 37.363330228000052, 8.468070380000029 ], [ 37.324148215000037, 8.506083715000045 ], [ 37.302962136000076, 8.563050191000059 ], [ 37.248314409000045, 8.610351331000061 ], [ 37.239209233000054, 8.597853235000059 ], [ 37.215275633000033, 8.603946923000024 ], [ 37.175257697000063, 8.645763486000021 ], [ 37.172756803000027, 8.690742197000077 ], [ 37.137882355000045, 8.689114367000059 ], [ 37.147487875000024, 8.740058874000056 ], [ 37.179324569000073, 8.748022827000057 ], [ 37.204337474000056, 8.780433105000043 ], [ 37.213081737000039, 8.830134519000069 ], [ 37.198624224000071, 8.845499652000058 ], [ 37.214656896000065, 8.867366423000021 ], [ 37.185891867000066, 8.898951332000024 ], [ 37.19402244500003, 8.923387682000055 ], [ 37.151609119000057, 8.928823657000066 ], [ 37.147447889000034, 8.966784421000057 ], [ 37.05905821500005, 8.998857509000061 ], [ 37.022303173000068, 9.036692957000071 ], [ 37.030135356000073, 9.081760233000068 ], [ 37.056824216000052, 9.086046622000026 ], [ 37.035261456000057, 9.146882809000033 ], [ 37.055655676000072, 9.177140800000075 ], [ 37.048587004000069, 9.205084084000021 ], [ 37.113460117000045, 9.193779259000053 ], [ 37.118132625000044, 9.218088364000039 ], [ 37.162697798000067, 9.250821558000041 ], [ 37.291407513000024, 9.171951860000036 ], [ 37.389508221000028, 9.163064466000037 ], [ 37.417862496000055, 9.244894367000029 ], [ 37.466763556000046, 9.319912895000073 ], [ 37.498203798000077, 9.329217985000071 ], [ 37.578347833000066, 9.31670660900005 ], [ 37.604360303000078, 9.347870572000033 ], [ 37.645503165000036, 9.360709001000032 ], [ 37.66444716500007, 9.415740160000041 ], [ 37.635325030000047, 9.454102231000036 ], [ 37.616668305000076, 9.59799276800004 ], [ 37.629131450000045, 9.622196776000067 ], [ 37.616302208000036, 9.671231728000066 ], [ 37.642132615000037, 9.751218873000028 ], [ 37.636731200000042, 9.833389896000028 ], [ 37.674494587000027, 9.861915525000029 ], [ 37.700652079000065, 9.836714384000061 ], [ 37.742891812000039, 9.840662288000033 ], [ 37.748529878000056, 9.855939269000032 ], [ 37.816021511000031, 9.867150363000064 ], [ 37.893029141000056, 9.927258911000024 ] ] ] } },
{ "type": "Feature", "properties": { "ADM2_PCODE": "ET0401", "ADM2_EN": "West Wellega", "ADM1_EN": "Oromia" }, "geometry": { "type": "Polygon", "coordinates": [ [ [ 35.01501748700008, 9.995190863000062 ], [ 35.01965436100005, 9.928791940000053 ], [ 35.048513532000072, 9.917741245000059 ], [ 35.081020609000063, 9.921920612000065 ], [ 35.088341497000044, 9.950488895000035 ], [ 35.159583687000065, 9.948402073000068 ], [ 35.220798401000025, 9.925425696000048 ], [ 35.230743591000078, 9.893252214000029 ], [ 35.297454005000077, 9.922483253000053 ], [ 35.349800616000039, 9.866075812000076 ], [ 35.363788997000029, 9.813043185000026 ], [ 35.419628528000032, 9.785145035000028 ], [ 35.378831148000074, 9.765406404000032 ], [ 35.368397025000036, 9.71928941300007 ], [ 35.410766331000048, 9.713677552000036 ], [ 35.468423574000042, 9.670376197000053 ], [ 35.553727423000055, 9.69611846600003 ], [ 35.578517519000059, 9.665518421000058 ], [ 35.653437895000025, 9.634928304000027 ], [ 35.647491968000054, 9.553310385000032 ], [ 35.710760712000024, 9.486771922000059 ], [ 35.764992988000074, 9.473350737000032 ], [ 35.777325831000041, 9.440139414000043 ], [ 35.750121341000067, 9.403083304000063 ], [ 35.756747976000042, 9.323638114000062 ], [ 35.79719169100008, 9.308617540000057 ], [ 35.859870325000031, 9.324971589000029 ], [ 35.911088774000063, 9.315957987000047 ], [ 35.949321024000028, 9.249153646000025 ], [ 36.031577196000057, 9.233426059000067 ], [ 36.053610656000046, 9.119437129000062 ], [ 36.034022845000038, 9.107416687000068 ], [ 36.028074519000029, 9.055977324000025 ], [ 36.05109232500007, 9.017041518000042 ], [ 36.044096674000059, 8.978025015000071 ], [ 36.023550838000062, 8.952766588000031 ], [ 36.017314079000073, 8.907835591000037 ], [ 35.977708388000053, 8.91421331600003 ], [ 35.956942471000048, 8.880650593000041 ], [ 35.935965597000063, 8.876410193000027 ], [ 35.946873983000046, 8.865028444000075 ], [ 35.920496336000042, 8.829863390000071 ], [ 35.887395624000078, 8.83956435500005 ], [ 35.868113870000059, 8.820536890000028 ], [ 35.887545761000069, 8.817092631000037 ], [ 35.890245303000029, 8.787195842000074 ], [ 35.922574221000048, 8.77929836800007 ], [ 35.923601505000079, 8.753980123000076 ], [ 35.868000598000037, 8.725365860000068 ], [ 35.875292198000068, 8.708077895000031 ], [ 35.855557536000049, 8.678158460000077 ], [ 35.756561101000045, 8.68550827100006 ], [ 35.740314808000051, 8.734269810000058 ], [ 35.71219526200008, 8.716854578000039 ], [ 35.655948219000038, 8.717419525000025 ], [ 35.632624410000062, 8.680862513000022 ], [ 35.584727035000071, 8.688202346000025 ], [ 35.530150281000033, 8.714108089000035 ], [ 35.494885145000069, 8.759132927000053 ], [ 35.454928309000024, 8.756137421000062 ], [ 35.457651919000057, 8.773820484000055 ], [ 35.440040259000057, 8.785937210000043 ], [ 35.449350819000074, 8.804573654000023 ], [ 35.424383049000028, 8.846099124000034 ], [ 35.443761284000061, 8.859692961000064 ], [ 35.450648386000069, 8.907895247000056 ], [ 35.411206589000074, 8.912394659000029 ], [ 35.398472846000061, 8.94764189600005 ], [ 35.35076381600004, 8.944729228000028 ], [ 35.337393148000046, 8.962223060000042 ], [ 35.343713090000051, 9.005828847000032 ], [ 35.312900303000049, 9.058430260000023 ], [ 35.278762214000039, 9.070708094000054 ], [ 35.280250967000029, 9.093275114000051 ], [ 35.263337447000026, 9.078276668000058 ], [ 35.233944879000035, 9.110459707000075 ], [ 35.220216358000073, 9.096511378000059 ], [ 35.197068422000029, 9.115842481000072 ], [ 35.188242745000025, 9.104895734000024 ], [ 35.124866806000057, 9.21550118600004 ], [ 35.137952084000062, 9.229179148000071 ], [ 35.127066610000043, 9.259166609000033 ], [ 35.055157648000034, 9.315834412000072 ], [ 35.013005400000054, 9.313444466000021 ], [ 34.976829593000048, 9.353172307000023 ], [ 34.931366922000052, 9.360126755000067 ], [ 34.930770371000051, 9.404638289000047 ], [ 34.911977792000073, 9.382932339000035 ], [ 34.922110687000043, 9.34833092100007 ], [ 34.872678877000055, 9.29172010700006 ], [ 34.873213900000053, 9.265504038000074 ], [ 34.829920812000069, 9.256112968000025 ], [ 34.822108164000042, 9.239864680000039 ], [ 34.791459, 9.249562326000046 ], [ 34.777821553000024, 9.173628319000045 ], [ 34.698666013000036, 9.17488940000004 ], [ 34.590828208000062, 9.139799314000072 ], [ 34.527756572000044, 9.188731027000074 ], [ 34.486183263000044, 9.150103325000032 ], [ 34.420917418000045, 9.153892158000076 ], [ 34.379004717000043, 9.13061047900004 ], [ 34.340877048000038, 9.168779030000053 ], [ 34.43956002200008, 9.21557553100007 ], [ 34.466270465000036, 9.365810855000063 ], [ 34.45180644800007, 9.449110630000064 ], [ 34.512974770000028, 9.448000646000025 ], [ 34.498732266000047, 9.514231066000036 ], [ 34.523230916000045, 9.541112503000022 ], [ 34.548466703000031, 9.62966294000006 ], [ 34.585394227000052, 9.630359738000038 ], [ 34.632014748000074, 9.588021403000027 ], [ 34.735137544000054, 9.545301779000056 ], [ 34.782986711000035, 9.553331130000061 ], [ 34.810854103000054, 9.63011872900006 ], [ 34.796142518000067, 9.73623946500004 ], [ 34.831665465000071, 9.803115600000069 ], [ 34.869726977000028, 9.820667072000049 ], [ 34.897683516000029, 9.881757181000069 ], [ 34.866795099000058, 9.902260916000046 ], [ 34.887781453000059, 9.908213968000041 ], [ 34.904420085000027, 9.955878686000062 ], [ 34.942995980000035, 9.93356731700004 ], [ 34.988182213000073, 9.996766925000031 ], [ 35.01501748700008, 9.995190863000062 ] ] ] } },
{ "type": "Feature", "properties": { "ADM2_PCODE": "ET0105", "ADM2_EN": "Western Tigray", "ADM1_EN": "Tigray" }, "geometry": { "type": "Polygon", "coordinates": [ [ [ 37.312536368000053, 14.434678231000078 ], [ 37.391487636000079, 14.365260928000055 ], [ 37.379702609000049, 14.342450927000073 ], [ 37.402662792000058, 14.33585368200005 ], [ 37.395470448000026, 14.295671390000052 ], [ 37.446093159000043, 14.250233584000057 ], [ 37.469138439000062, 14.251295503000051 ], [ 37.465409387000079, 14.215550736000068 ], [ 37.495588708000071, 14.182035757000051 ], [ 37.526516148000042, 14.183004165000057 ], [ 37.515639056000055, 14.16030405500004 ], [ 37.529429307000044, 14.113547544000028 ], [ 37.559598761000075, 14.091316816000074 ], [ 37.575600302000055, 14.095933886000068 ], [ 37.591078431000028, 14.051815997000062 ], [ 37.623700241000051, 14.03763884500006 ], [ 37.609512773000063, 14.008938292000039 ], [ 37.63236210000008, 13.976111777000028 ], [ 37.629636614000049, 13.953839487000039 ], [ 37.650389018000055, 13.952672996000047 ], [ 37.686644169000033, 13.892971670000065 ], [ 37.731398028000058, 13.895127006000052 ], [ 37.767926364000061, 13.857829878000075 ], [ 37.76556968500006, 13.831073581000055 ], [ 37.803038846000049, 13.810561402000076 ], [ 37.811070785000027, 13.758288035000021 ], [ 37.777146954000045, 13.684104058000059 ], [ 37.787106532000053, 13.653565874000037 ], [ 37.759926016000065, 13.590998004000028 ], [ 37.714425549000055, 13.542012678000049 ], [ 37.694142437000039, 13.472426752000047 ], [ 37.631671711000024, 13.410879924000028 ], [ 37.51778052700007, 13.366474953000022 ], [ 37.440505834000078, 13.354094306000036 ], [ 37.415816650000068, 13.373968391000062 ], [ 37.395817855000075, 13.357776970000032 ], [ 37.36524188900006, 13.359850854000058 ], [ 37.321827248000034, 13.297177615000066 ], [ 37.280647187000056, 13.284943967000061 ], [ 37.250517199000058, 13.294993971000054 ], [ 37.204709118000039, 13.255712392000078 ], [ 37.15774619900003, 13.297806598000022 ], [ 37.078374032000056, 13.311815582000065 ], [ 37.034955552000042, 13.353264047000039 ], [ 36.919192014000032, 13.376823804000026 ], [ 36.824789940000073, 13.448246112000049 ], [ 36.766943716000071, 13.378128107000066 ], [ 36.734659853000039, 13.363072466000062 ], [ 36.604807708000067, 13.377627433000043 ], [ 36.566421944000069, 13.446200746000045 ], [ 36.574310318000073, 13.477864165000028 ], [ 36.601122891000045, 13.498425464000036 ], [ 36.564711750000072, 13.533001045000049 ], [ 36.554692386000056, 13.571281353000074 ], [ 36.519556105000049, 13.585511773000064 ], [ 36.526074354000059, 13.606487345000062 ], [ 36.504391698000063, 13.665134416000058 ], [ 36.47579642900007, 13.700421448000043 ], [ 36.48383618500003, 13.727104567000026 ], [ 36.453524516000073, 13.762965645000065 ], [ 36.48694, 13.83944 ], [ 36.44639, 13.95694 ], [ 36.552737398000033, 14.278901204000022 ], [ 36.628806866000048, 14.307589914000062 ], [ 36.685778599000059, 14.295905838000067 ], [ 36.746483752000074, 14.317707394000024 ], [ 36.832208877000028, 14.306866767000031 ], [ 36.863263550000056, 14.317819457000041 ], [ 36.969233974000076, 14.287088146000031 ], [ 37.017516684000043, 14.250591909000036 ], [ 37.093755118000047, 14.271675081000069 ], [ 37.10252766800005, 14.34339938100004 ], [ 37.133841490000066, 14.40541988700005 ], [ 37.22691160200003, 14.440399415000059 ], [ 37.312536368000053, 14.434678231000078 ] ] ] } },
{ "type": "Feature", "properties": { "ADM2_PCODE": "ET0706", "ADM2_EN": "Welayta", "ADM1_EN": "SNNP" }, "geometry": { "type": "Polygon", "coordinates": [ [ [ 37.534718080000061, 7.189986808000072 ], [ 37.546769528000027, 7.170417432000022 ], [ 37.677717156000028, 7.174315598000021 ], [ 37.745991590000074, 7.135543920000032 ], [ 37.736760910000044, 7.120780221000075 ], [ 37.774503031000052, 7.117025707000039 ], [ 37.796854369000073, 7.09626285500002 ], [ 37.870994411000027, 7.115258951000044 ], [ 37.90926488000008, 7.099545488000047 ], [ 37.92967892300004, 7.117021458000067 ], [ 37.97940916500005, 7.108207726000046 ], [ 38.002610603000051, 7.057803688000035 ], [ 38.062799043000041, 7.07642891200004 ], [ 38.064154741000038, 7.043386989000055 ], [ 38.130154270000048, 6.974009886000033 ], [ 38.136591922000036, 6.939727871000059 ], [ 38.049927407000041, 6.693215047000024 ], [ 38.019388640000045, 6.665603544000021 ], [ 38.018994360000079, 6.577091720000055 ], [ 37.952662912000051, 6.549619914000061 ], [ 37.892775954000058, 6.596070541000074 ], [ 37.813052757000037, 6.508329764000052 ], [ 37.823921687000052, 6.574416552000059 ], [ 37.758306312000059, 6.585289358000068 ], [ 37.698497, 6.64464735200005 ], [ 37.682079969000029, 6.626753391000022 ], [ 37.622609235000027, 6.637168056000064 ], [ 37.588318055000059, 6.620202757000072 ], [ 37.530440231000057, 6.620863017000033 ], [ 37.475269491000063, 6.663973911000028 ], [ 37.357621332000065, 6.685524317000045 ], [ 37.315356089000034, 6.708217269000045 ], [ 37.264577340000073, 6.709569011000042 ], [ 37.232800671000064, 6.671807544000046 ], [ 37.22490545900007, 6.72124048400002 ], [ 37.249416999000061, 6.742560857000058 ], [ 37.243941635000056, 6.761236353000072 ], [ 37.267747511000039, 6.777163616000053 ], [ 37.307605569000032, 6.863191847000053 ], [ 37.338039243000026, 6.874518833000025 ], [ 37.388620472000071, 6.86083908300003 ], [ 37.434974638000028, 6.894799343000045 ], [ 37.421132144000069, 6.961003138000024 ], [ 37.459723259000043, 7.098881694000056 ], [ 37.455444102000058, 7.13519806100004 ], [ 37.534718080000061, 7.189986808000072 ] ] ] } },
{ "type": "Feature", "properties": { "ADM2_PCODE": "ET0724", "ADM2_EN": "Yem Special", "ADM1_EN": "SNNP" }, "geometry": { "type": "Polygon", "coordinates": [ [ [ 37.549438575000067, 7.949258044000032 ], [ 37.60282978400005, 7.964857662000043 ], [ 37.603425683000069, 7.984045880000053 ], [ 37.615412574000061, 7.950570368000058 ], [ 37.596419595000043, 7.851054245000057 ], [ 37.511687407000068, 7.615529930000037 ], [ 37.445103970000048, 7.564316881000025 ], [ 37.401194678000024, 7.682667443000071 ], [ 37.404844578000052, 7.827260347000049 ], [ 37.436714014000074, 7.91852848700006 ], [ 37.389814797000042, 7.961972350000053 ], [ 37.391790293000042, 7.992900512000062 ], [ 37.490798981000069, 8.017061117000026 ], [ 37.549438575000067, 7.949258044000032 ] ] ] } }
]
}
